3P,3P%,3PA,3PAr,AST,AST/TOV,Away_Score,BLK,DRB,DRB_Pct_of_TRB,FG,FG%,FG2,FG2%,FG2A,FGA,FT,FT%,FTA,FTr,Game_Date,Game_Result,Game_URL,Home/Away,Home_Score,MP,ORB,ORB_Pct_of_TRB,Opponent,Opponent_1,Opponent_10,Opponent_10_MP,Opponent_11,Opponent_11_MP,Opponent_12,Opponent_12_MP,Opponent_13,Opponent_13_MP,Opponent_14,Opponent_14_MP,Opponent_15,Opponent_15_MP,Opponent_1_MP,Opponent_2,Opponent_2_MP,Opponent_3,Opponent_3_MP,Opponent_4,Opponent_4_MP,Opponent_5,Opponent_5_MP,Opponent_6,Opponent_6_MP,Opponent_7,Opponent_7_MP,Opponent_8,Opponent_8_MP,Opponent_9,Opponent_9_MP,Opponent_Score,PF,PTS,PTS_2P,PTS_2P_Pct,PTS_3P,PTS_3P_Pct,PTS_FT,PTS_FT_Pct,Player,Point_Differential,STL,Season,Stocks,TOV,TRB,Team,Team_Score,Teammate_1,Teammate_10,Teammate_10_MP,Teammate_11,Teammate_11_MP,Teammate_12,Teammate_12_MP,Teammate_13,Teammate_13_MP,Teammate_14,Teammate_14_MP,Teammate_15,Teammate_15_MP,Teammate_1_MP,Teammate_2,Teammate_2_MP,Teammate_3,Teammate_3_MP,Teammate_4,Teammate_4_MP,Teammate_5,Teammate_5_MP,Teammate_6,Teammate_6_MP,Teammate_7,Teammate_7_MP,Teammate_8,Teammate_8_MP,Teammate_9,Teammate_9_MP
0,,0,0.000,0,,83,0,4,80.0,2,.500,2.0,50.0,4.0,4,0,,0,0.000,Logos via Sports Logos.net / About logos,L,https://www.basketball-reference.com/boxscores/201310300HOU.html,Away,96,16:35,1,20.0,HOU,Chandler Parsons,,,,,,,,,,,,,39:28,James Harden,36:51,Dwight Howard,34:41,Jeremy Lin,30:56,Francisco García,30:03,Ömer Aşık,26:09,Omri Casspi,20:24,Aaron Brooks,11:05,Patrick Beverley,10:23,96,2,4,4.0,100.0,0.0,0.0,0.0,0.0,Bismack Biyombo,13,0,2013-2014,0.0,0,5.0,CHA,83,Kemba Walker,Jeff Adrien,1:02,,,,,,,,,,,34:43,Gerald Henderson,31:35,Michael Kidd-Gilchrist,30:36,Al Jefferson,30:23,Josh McRoberts,29:47,Jeff Taylor,27:46,Ramon Sessions,19:20,Cody Zeller,15:31,Anthony Tolliver,2:42
0,,0,0.000,0,0.00,84,2,9,90.0,5,.833,5.0,83.3,6.0,6,1,.500,2,33.333,Logos via Sports Logos.net / About logos,W,https://www.basketball-reference.com/boxscores/201311010CHA.html,Home,90,36:49,1,10.0,CLE,Tristan Thompson,Andrew Bynum,10:46,Tyler Zeller,8:36,,,,,,,,,34:40,Kyrie Irving,30:53,Anderson Varejão,29:25,C.J. Miles,29:25,Jarrett Jack,27:40,Alonzo Gee,24:41,Earl Clark,16:59,Dion Waiters,14:23,Anthony Bennett,12:32,84,3,11,10.0,90.9,0.0,0.0,1.0,9.1,Bismack Biyombo,6,0,2013-2014,2.0,1,10.0,CHA,90,Kemba Walker,,,,,,,,,,,,,37:31,Michael Kidd-Gilchrist,37:06,Josh McRoberts,29:08,Gerald Henderson,28:11,Jeff Taylor,21:36,Ramon Sessions,19:36,Cody Zeller,18:52,Jeff Adrien,11:11,,
0,,0,,0,,84,1,5,83.3,0,,0.0,,0.0,0,0,.000,2,,Logos via Sports Logos.net / About logos,L,https://www.basketball-reference.com/boxscores/201311020NOP.html,Away,105,25:30,1,16.7,NOP,Anthony Davis,Lance Thomas,13:49,Jeff Withey,1:42,,,,,,,,,36:40,Jrue Holiday,32:28,Tyreke Evans,31:07,Jason Smith,27:09,Al-Farouq Aminu,22:14,Anthony Morrow,21:32,Eric Gordon,21:06,Greg Stiemsma,16:41,Brian Roberts,15:32,105,1,0,0.0,,0.0,,0.0,,Bismack Biyombo,21,0,2013-2014,1.0,0,6.0,CHA,84,Ramon Sessions,Ben Gordon,8:46,Jannero Pargo,4:42,,,,,,,,,34:16,Kemba Walker,27:09,Gerald Henderson,26:59,Jeff Taylor,24:59,Anthony Tolliver,23:32,Jeff Adrien,22:30,Michael Kidd-Gilchrist,17:09,Josh McRoberts,14:54,Cody Zeller,9:34
0,,0,0.000,0,0.00,102,1,5,83.3,0,.000,0.0,0.0,1.0,1,1,.500,2,200.000,Logos via Sports Logos.net / About logos,W,https://www.basketball-reference.com/boxscores/201311050NYK.html,Away,97,18:35,1,16.7,NYK,Carmelo Anthony,Tyson Chandler,6:35,Beno Udrih,3:36,,,,,,,,,44:37,Raymond Felton,37:18,Iman Shumpert,32:40,Metta World Peace,32:29,Andrea Bargnani,23:02,Pablo Prigioni,18:30,Kenyon Martin,18:17,Tim Hardaway Jr.,11:43,Amar'e Stoudemire,11:13,97,2,1,0.0,0.0,0.0,0.0,1.0,100.0,Bismack Biyombo,5,0,2013-2014,1.0,4,6.0,CHA,102,Gerald Henderson,,,,,,,,,,,,,35:40,Kemba Walker,35:20,Michael Kidd-Gilchrist,25:59,Ramon Sessions,22:29,Anthony Tolliver,22:11,Jeff Adrien,21:51,Josh McRoberts,21:31,Jeff Taylor,18:24,Cody Zeller,18:00
0,,0,0.000,0,,90,3,7,63.6,3,.750,3.0,75.0,4.0,4,2,.333,6,150.000,Logos via Sports Logos.net / About logos,W,https://www.basketball-reference.com/boxscores/201311060CHA.html,Home,92,39:49,4,36.4,TOR,DeMar DeRozan,D.J. Augustin,6:12,Austin Daye,3:01,,,,,,,,,37:57,Rudy Gay,36:31,Amir Johnson,36:30,Kyle Lowry,33:11,Jonas Valančiūnas,27:34,Tyler Hansbrough,21:41,Landry Fields,16:55,Terrence Ross,11:51,Julyan Stone,8:37,90,2,8,6.0,75.0,0.0,0.0,2.0,25.0,Bismack Biyombo,2,0,2013-2014,3.0,0,11.0,CHA,92,Kemba Walker,,,,,,,,,,,,,38:31,Gerald Henderson,34:14,Josh McRoberts,30:07,Michael Kidd-Gilchrist,28:37,Jeff Taylor,28:04,Cody Zeller,17:53,Ramon Sessions,14:34,Jeff Adrien,8:11,,
0,,0,0.000,1,1.00,101,1,10,90.9,0,.000,0.0,0.0,1.0,1,3,.750,4,400.000,Logos via Sports Logos.net / About logos,L,https://www.basketball-reference.com/boxscores/201311080CHA.html,Home,91,26:06,1,9.1,NYK,Carmelo Anthony,Beno Udrih,3:56,Cole Aldrich,1:29,Toure' Murry,1:29,,,,,,,39:15,Iman Shumpert,38:44,Raymond Felton,37:47,Andrea Bargnani,34:48,Metta World Peace,28:37,Pablo Prigioni,21:31,Tim Hardaway Jr.,13:50,Kenyon Martin,10:06,Amar'e Stoudemire,8:28,101,1,3,0.0,0.0,0.0,0.0,3.0,100.0,Bismack Biyombo,10,0,2013-2014,1.0,1,11.0,CHA,91,Kemba Walker,,,,,,,,,,,,,38:07,Gerald Henderson,35:46,Michael Kidd-Gilchrist,34:15,Josh McRoberts,33:01,Cody Zeller,23:08,Jeff Taylor,17:12,Ramon Sessions,14:54,Anthony Tolliver,14:46,Jeff Adrien,2:45
0,,0,0.000,0,,103,0,5,83.3,1,1.000,1.0,100.0,1.0,1,0,.000,2,200.000,Logos via Sports Logos.net / About logos,L,https://www.basketball-reference.com/boxscores/201311110CHA.html,Home,94,16:55,1,16.7,ATL,DeMarre Carroll,Shelvin Mack,8:20,John Jenkins,7:25,,,,,,,,,34:09,Kyle Korver,32:59,Jeff Teague,31:16,Al Horford,31:04,Paul Millsap,26:17,Cartier Martin,20:13,Mike Scott,19:28,Elton Brand,19:11,Dennis Schröder,9:38,103,2,2,2.0,100.0,0.0,0.0,0.0,0.0,Bismack Biyombo,9,0,2013-2014,0.0,0,6.0,CHA,94,Gerald Henderson,,,,,,,,,,,,,33:06,Michael Kidd-Gilchrist,32:58,Kemba Walker,32:21,Josh McRoberts,30:43,Al Jefferson,27:39,Jeff Taylor,25:24,Ramon Sessions,20:11,Cody Zeller,17:20,Anthony Tolliver,3:23
0,,0,0.000,0,,89,1,3,75.0,2,.667,2.0,66.7,3.0,3,0,,0,0.000,Logos via Sports Logos.net / About logos,W,https://www.basketball-reference.com/boxscores/201311130BOS.html,Away,83,15:01,1,25.0,BOS,Jordan Crawford,Kris Humphries,9:47,,,,,,,,,,,35:22,Kelly Olynyk,33:17,Gerald Wallace,32:13,Jeff Green,31:58,Brandon Bass,27:05,Avery Bradley,22:55,Vítor Luiz Faverani,22:02,Courtney Lee,14:17,Phil Pressey,11:04,83,2,4,4.0,100.0,0.0,0.0,0.0,0.0,Bismack Biyombo,6,0,2013-2014,1.0,0,4.0,CHA,89,Gerald Henderson,,,,,,,,,,,,,34:36,Kemba Walker,34:07,Al Jefferson,32:59,Jeff Taylor,29:23,Michael Kidd-Gilchrist,27:39,Anthony Tolliver,25:38,Cody Zeller,22:22,Ramon Sessions,18:15,,
0,,0,0.000,0,0.00,86,3,8,66.7,0,.000,0.0,0.0,1.0,1,0,,0,0.000,Logos via Sports Logos.net / About logos,W,https://www.basketball-reference.com/boxscores/201311150CLE.html,Away,80,31:39,4,33.3,CLE,Tristan Thompson,Anthony Bennett,7:47,Henry Sims,1:11,,,,,,,,,40:13,Kyrie Irving,38:09,C.J. Miles,33:00,Anderson Varejão,32:42,Earl Clark,24:44,Jarrett Jack,23:49,Alonzo Gee,15:48,Tyler Zeller,13:57,Sergey Karasev,8:40,80,2,0,0.0,,0.0,,0.0,,Bismack Biyombo,6,0,2013-2014,3.0,2,12.0,CHA,86,Kemba Walker,,,,,,,,,,,,,36:03,Gerald Henderson,31:10,Josh McRoberts,31:00,Michael Kidd-Gilchrist,29:12,Jeff Taylor,28:34,Cody Zeller,21:56,Ramon Sessions,19:12,Anthony Tolliver,11:14,,
0,,0,0.000,0,,97,0,6,75.0,1,.500,1.0,50.0,2.0,2,2,1.000,2,100.000,Logos via Sports Logos.net / About logos,L,https://www.basketball-reference.com/boxscores/201311160CHA.html,Home,81,20:53,2,25.0,MIA,Norris Cole,Joel Anthony,8:34,,,,,,,,,,,35:46,Rashard Lewis,33:15,LeBron James,31:55,Shane Battier,24:41,Chris Andersen,23:52,Michael Beasley,23:19,Dwyane Wade,22:58,Roger Mason,20:06,Chris Bosh,15:34,97,2,4,2.0,50.0,0.0,0.0,2.0,50.0,Bismack Biyombo,16,0,2013-2014,0.0,0,8.0,CHA,81,Josh McRoberts,,,,,,,,,,,,,36:40,Kemba Walker,33:47,Gerald Henderson,32:34,Anthony Tolliver,31:40,Jeff Taylor,30:14,Michael Kidd-Gilchrist,25:36,Ramon Sessions,21:49,Cody Zeller,6:47,,
0,,0,0.000,0,,81,1,3,75.0,2,1.000,2.0,100.0,2.0,2,2,1.000,2,100.000,Logos via Sports Logos.net / About logos,L,https://www.basketball-reference.com/boxscores/201311180CHI.html,Away,86,20:47,1,25.0,CHI,Luol Deng,,,,,,,,,,,,,39:06,Joakim Noah,35:11,Carlos Boozer,33:38,Derrick Rose,30:36,Mike Dunleavy,26:37,Kirk Hinrich,25:36,Jimmy Butler,22:12,Taj Gibson,19:51,Nazr Mohammed,7:13,86,2,6,4.0,66.7,0.0,0.0,2.0,33.3,Bismack Biyombo,5,0,2013-2014,1.0,0,4.0,CHA,81,Kemba Walker,,,,,,,,,,,,,34:46,Jeff Taylor,33:05,Gerald Henderson,31:20,Josh McRoberts,29:04,Jeff Adrien,27:13,Michael Kidd-Gilchrist,25:36,Ramon Sessions,19:13,Cody Zeller,18:56,,
0,,0,0.000,0,,91,0,5,83.3,4,.667,4.0,66.7,6.0,6,1,.333,3,50.000,Logos via Sports Logos.net / About logos,W,https://www.basketball-reference.com/boxscores/201311200CHA.html,Home,95,22:33,1,16.7,BRK,Joe Johnson,Tyshawn Taylor,8:41,Jason Terry,4:25,,,,,,,,,35:37,Paul Pierce,34:34,Andray Blatche,28:52,Alan Anderson,28:47,Shaun Livingston,26:00,Mason Plumlee,21:49,Kevin Garnett,21:05,Reggie Evans,16:50,Deron Williams,13:20,91,4,9,8.0,88.9,0.0,0.0,1.0,11.1,Bismack Biyombo,4,0,2013-2014,0.0,0,6.0,CHA,95,Kemba Walker,,,,,,,,,,,,,35:10,Gerald Henderson,30:45,Josh McRoberts,29:01,Ramon Sessions,26:44,Michael Kidd-Gilchrist,26:16,Jeff Adrien,25:26,Cody Zeller,19:00,Jeff Taylor,17:09,Anthony Tolliver,7:56
0,,0,,0,,96,0,3,100.0,0,,0.0,,0.0,0,0,,0,,Logos via Sports Logos.net / About logos,W,https://www.basketball-reference.com/boxscores/201311230MIL.html,Away,72,5:21,0,0.0,MIL,Khris Middleton,Giannis Antetokounmpo,12:00,Zaza Pachulia,11:49,Nate Wolters,9:02,Miroslav Raduljica,6:15,,,,,28:16,Brandon Knight,25:49,John Henson,25:38,O.J. Mayo,21:46,Ersan İlyasova,20:49,Caron Butler,20:28,Ekpe Udoh,19:29,Gary Neal,19:25,Luke Ridnour,19:14,72,0,0,0.0,,0.0,,0.0,,Bismack Biyombo,24,0,2013-2014,0.0,0,3.0,CHA,96,Michael Kidd-Gilchrist,Jannero Pargo,5:21,Anthony Tolliver,4:49,,,,,,,,,28:10,Kemba Walker,27:57,Jeff Taylor,27:27,Cody Zeller,26:19,Gerald Henderson,26:02,Al Jefferson,25:18,Ramon Sessions,24:14,Josh McRoberts,21:41,Jeff Adrien,17:21
0,,0,0.000,0,,99,0,2,50.0,1,1.000,1.0,100.0,1.0,1,2,.500,4,400.000,Logos via Sports Logos.net / About logos,L,https://www.basketball-reference.com/boxscores/201311270CHA.html,Home,74,10:57,2,50.0,IND,Lance Stephenson,Chris Copeland,8:44,Donald Sloan,2:27,Rasual Butler,2:27,Solomon Hill,2:27,,,,,36:36,Roy Hibbert,29:45,C.J. Watson,29:37,George Hill,28:17,Paul George,26:55,David West,24:51,Luis Scola,20:42,Ian Mahinmi,18:15,Orlando Johnson,8:57,99,0,4,2.0,50.0,0.0,0.0,2.0,50.0,Bismack Biyombo,25,0,2013-2014,0.0,0,4.0,CHA,74,Kemba Walker,Jannero Pargo,4:52,Jeff Adrien,4:35,,,,,,,,,35:47,Michael Kidd-Gilchrist,33:32,Al Jefferson,32:28,Gerald Henderson,31:07,Jeff Taylor,19:42,Cody Zeller,19:08,Josh McRoberts,17:40,Anthony Tolliver,15:38,Ramon Sessions,14:34
0,,0,0.000,0,0.00,76,1,10,71.4,3,.750,3.0,75.0,4.0,4,1,.500,2,50.000,Logos via Sports Logos.net / About logos,W,https://www.basketball-reference.com/boxscores/201311290CHA.html,Home,92,19:39,4,28.6,MIL,O.J. Mayo,Giannis Antetokounmpo,13:25,Ersan İlyasova,12:28,Miroslav Raduljica,3:31,,,,,,,31:07,Khris Middleton,30:27,Brandon Knight,30:13,Ekpe Udoh,24:46,John Henson,24:00,Nate Wolters,19:46,Gary Neal,19:35,Zaza Pachulia,16:57,Luke Ridnour,13:45,76,1,7,6.0,85.7,0.0,0.0,1.0,14.3,Bismack Biyombo,16,0,2013-2014,1.0,2,14.0,CHA,92,Gerald Henderson,Jeff Adrien,2:46,James Southerland,2:46,,,,,,,,,38:33,Kemba Walker,32:25,Josh McRoberts,28:57,Jeff Taylor,28:00,Al Jefferson,25:35,Ramon Sessions,22:15,Cody Zeller,19:03,Ben Gordon,17:15,Jannero Pargo,2:46
0,,0,0.000,0,,98,1,4,100.0,1,1.000,1.0,100.0,1.0,1,0,,0,0.000,Logos via Sports Logos.net / About logos,L,https://www.basketball-reference.com/boxscores/201312010MIA.html,Away,99,9:54,0,0.0,MIA,LeBron James,Rashard Lewis,6:11,,,,,,,,,,,38:16,Dwyane Wade,34:58,Chris Bosh,34:37,Mario Chalmers,33:04,Shane Battier,26:07,Norris Cole,22:59,Ray Allen,15:41,Michael Beasley,14:43,Chris Andersen,13:24,99,0,2,2.0,100.0,0.0,0.0,0.0,0.0,Bismack Biyombo,1,0,2013-2014,1.0,0,4.0,CHA,98,Kemba Walker,,,,,,,,,,,,,41:37,Al Jefferson,38:06,Gerald Henderson,33:22,Josh McRoberts,28:31,Michael Kidd-Gilchrist,24:23,Jeff Taylor,23:24,Cody Zeller,19:29,Ramon Sessions,14:38,Ben Gordon,6:36
0,,0,0.000,0,,82,0,2,40.0,0,.000,0.0,0.0,1.0,1,0,,0,0.000,Logos via Sports Logos.net / About logos,L,https://www.basketball-reference.com/boxscores/201312030DAL.html,Away,89,9:40,3,60.0,DAL,Monta Ellis,Shane Larkin,8:59,Gal Mekel,6:06,,,,,,,,,37:52,Dirk Nowitzki,34:59,Shawn Marion,33:13,José Calderón,32:55,Vince Carter,25:45,DeJuan Blair,20:34,Samuel Dalembert,17:09,Jae Crowder,12:11,Bernard James,10:17,89,0,0,0.0,,0.0,,0.0,,Bismack Biyombo,7,1,2013-2014,1.0,0,5.0,CHA,82,Al Jefferson,Jeff Taylor,3:14,,,,,,,,,,,38:20,Kemba Walker,34:56,Josh McRoberts,29:49,Gerald Henderson,26:22,Anthony Tolliver,26:08,Ramon Sessions,21:22,Michael Kidd-Gilchrist,18:38,Cody Zeller,18:11,Ben Gordon,13:20
0,,0,0.000,0,,88,1,2,66.7,2,1.000,2.0,100.0,2.0,2,0,,0,0.000,Logos via Sports Logos.net / About logos,W,https://www.basketball-reference.com/boxscores/201312060CHA.html,Home,105,7:23,1,33.3,PHI,Evan Turner,Elliot Williams,6:08,Daniel Orton,4:15,,,,,,,,,40:00,Tony Wroten,34:44,Hollis Thompson,31:31,Thaddeus Young,29:49,Spencer Hawes,28:45,Lavoy Allen,21:15,James Anderson,20:24,Lorenzo Brown,13:16,Brandon Davies,9:53,88,1,4,4.0,100.0,0.0,0.0,0.0,0.0,Bismack Biyombo,17,0,2013-2014,1.0,0,3.0,CHA,105,Kemba Walker,Anthony Tolliver,3:02,,,,,,,,,,,38:24,Jeff Taylor,36:52,Gerald Henderson,35:38,Josh McRoberts,32:47,Al Jefferson,32:26,Ramon Sessions,23:30,Cody Zeller,12:11,Ben Gordon,9:36,Jeff Adrien,8:11
0,,0,0.000,1,1.00,94,0,5,71.4,2,1.000,2.0,100.0,2.0,2,2,.667,3,150.000,Logos via Sports Logos.net / About logos,L,https://www.basketball-reference.com/boxscores/201312130IND.html,Away,99,17:18,2,28.6,IND,Paul George,,,,,,,,,,,,,36:36,Lance Stephenson,35:25,Roy Hibbert,34:37,George Hill,34:13,David West,32:33,Rasual Butler,23:47,Luis Scola,16:07,C.J. Watson,13:59,Ian Mahinmi,12:43,99,3,6,4.0,66.7,0.0,0.0,2.0,33.3,Bismack Biyombo,5,1,2013-2014,1.0,1,7.0,CHA,94,Jeff Taylor,,,,,,,,,,,,,36:03,Kemba Walker,34:34,Josh McRoberts,29:01,Al Jefferson,27:40,Gerald Henderson,26:16,Ben Gordon,23:48,Ramon Sessions,23:19,Cody Zeller,18:59,Jeff Adrien,3:02
0,,0,0.000,0,0.00,88,2,4,80.0,3,.750,3.0,75.0,4.0,4,0,,0,0.000,Logos via Sports Logos.net / About logos,L,https://www.basketball-reference.com/boxscores/201312140CHA.html,Home,85,14:04,1,20.0,LAL,Wesley Johnson,,,,,,,,,,,,,35:37,Nick Young,32:20,Kobe Bryant,32:14,Pau Gasol,32:14,Jordan Hill,30:59,Jodie Meeks,22:56,Xavier Henry,20:59,Shawne Williams,16:55,Robert Sacre,15:46,88,2,6,6.0,100.0,0.0,0.0,0.0,0.0,Bismack Biyombo,3,0,2013-2014,2.0,2,5.0,CHA,85,Kemba Walker,,,,,,,,,,,,,35:08,Al Jefferson,33:56,Gerald Henderson,33:33,Josh McRoberts,29:41,Jeff Taylor,27:32,Ben Gordon,24:59,Ramon Sessions,22:48,Cody Zeller,18:19,,
0,,0,0.000,0,0.00,87,2,6,66.7,0,.000,0.0,0.0,1.0,1,0,.000,2,200.000,Logos via Sports Logos.net / About logos,W,https://www.basketball-reference.com/boxscores/201312170CHA.html,Home,95,19:52,3,33.3,SAC,DeMarcus Cousins,,,,,,,,,,,,,36:04,Isaiah Thomas,35:43,Jason Thompson,30:30,Ben McLemore,30:03,Travis Outlaw,28:48,Rudy Gay,24:01,Derrick Williams,22:01,Quincy Acy,20:08,Jimmer Fredette,12:42,87,4,0,0.0,,0.0,,0.0,,Bismack Biyombo,8,0,2013-2014,2.0,1,9.0,CHA,95,Gerald Henderson,,,,,,,,,,,,,34:40,Kemba Walker,33:18,Al Jefferson,28:08,Ben Gordon,26:20,Jeff Taylor,26:05,Josh McRoberts,24:31,Ramon Sessions,23:37,Cody Zeller,23:29,,
0,,0,0.000,0,0.00,104,0,1,100.0,0,.000,0.0,0.0,1.0,1,1,.500,2,200.000,Logos via Sports Logos.net / About logos,W,https://www.basketball-reference.com/boxscores/201312180TOR.html,Away,102,13:29,0,0.0,TOR,DeMar DeRozan,,,,,,,,,,,,,40:49,Kyle Lowry,40:31,Amir Johnson,39:33,Greivis Vásquez,29:28,John Salmons,24:37,Terrence Ross,24:23,Patrick Patterson,24:09,Jonas Valančiūnas,22:41,Tyler Hansbrough,18:49,102,3,1,0.0,0.0,0.0,0.0,1.0,100.0,Bismack Biyombo,2,0,2013-2014,0.0,2,1.0,CHA,104,Josh McRoberts,,,,,,,,,,,,,44:17,Kemba Walker,43:58,Al Jefferson,39:31,Gerald Henderson,36:36,Ramon Sessions,34:27,Jeff Taylor,22:31,Anthony Tolliver,12:51,Cody Zeller,8:43,Ben Gordon,8:37
0,,0,0.000,0,,116,4,3,75.0,1,1.000,1.0,100.0,1.0,1,1,.500,2,200.000,Logos via Sports Logos.net / About logos,W,https://www.basketball-reference.com/boxscores/201312200DET.html,Away,106,14:35,1,25.0,DET,Josh Smith,,,,,,,,,,,,,40:54,Brandon Jennings,37:21,Greg Monroe,35:07,Andre Drummond,34:26,Kyle Singler,25:46,Kentavious Caldwell-Pope,22:18,Josh Harrellson,17:48,Will Bynum,13:19,Chauncey Billups,13:01,106,1,3,2.0,66.7,0.0,0.0,1.0,33.3,Bismack Biyombo,10,0,2013-2014,4.0,0,4.0,CHA,116,Kemba Walker,Jeff Taylor,0:37,,,,,,,,,,,35:19,Gerald Henderson,34:30,Al Jefferson,33:25,Josh McRoberts,28:00,Anthony Tolliver,26:58,Cody Zeller,20:00,Ramon Sessions,16:36,Chris Douglas-Roberts,16:06,Ben Gordon,13:54
0,,0,0.000,0,,88,2,8,80.0,2,.667,2.0,66.7,3.0,3,1,.500,2,66.667,Logos via Sports Logos.net / About logos,L,https://www.basketball-reference.com/boxscores/201312210CHA.html,Home,85,17:02,2,20.0,UTA,Gordon Hayward,Brandon Rush,8:00,Diante Garrett,5:13,,,,,,,,,37:05,Derrick Favors,35:32,Alec Burks,30:05,Marvin Williams,29:39,Trey Burke,26:23,Richard Jefferson,20:49,Enes Freedom,17:42,John Lucas III,16:25,Jeremy Evans,13:07,88,1,5,4.0,80.0,0.0,0.0,1.0,20.0,Bismack Biyombo,3,0,2013-2014,2.0,0,10.0,CHA,85,Kemba Walker,,,,,,,,,,,,,33:40,Al Jefferson,30:58,Gerald Henderson,29:51,Josh McRoberts,28:53,Anthony Tolliver,25:53,Ramon Sessions,24:18,Cody Zeller,19:07,Chris Douglas-Roberts,17:57,Ben Gordon,12:21
0,,0,0.000,0,,110,1,3,75.0,2,.400,2.0,40.0,5.0,5,0,,0,0.000,Logos via Sports Logos.net / About logos,W,https://www.basketball-reference.com/boxscores/201312230CHA.html,Home,111,13:46,1,25.0,MIL,Khris Middleton,Luke Ridnour,11:54,,,,,,,,,,,40:46,Brandon Knight,37:41,Giannis Antetokounmpo,35:42,John Henson,35:11,Caron Butler,29:50,O.J. Mayo,25:01,Miroslav Raduljica,19:14,Nate Wolters,15:19,Ekpe Udoh,14:22,110,0,4,4.0,100.0,0.0,0.0,0.0,0.0,Bismack Biyombo,1,0,2013-2014,1.0,0,4.0,CHA,111,Al Jefferson,,,,,,,,,,,,,39:14,Kemba Walker,38:31,Gerald Henderson,37:19,Anthony Tolliver,33:33,Josh McRoberts,30:57,Cody Zeller,22:03,Chris Douglas-Roberts,19:27,Ramon Sessions,15:56,Ben Gordon,14:14
0,,0,0.000,0,0.00,89,2,1,25.0,1,.500,1.0,50.0,2.0,2,0,,0,0.000,Logos via Sports Logos.net / About logos,L,https://www.basketball-reference.com/boxscores/201312270CHA.html,Home,85,13:28,3,75.0,OKC,Kevin Durant,Perry Jones,9:49,,,,,,,,,,,40:02,Serge Ibaka,36:20,Reggie Jackson,30:04,Kendrick Perkins,25:27,Thabo Sefolosha,24:06,Jeremy Lamb,23:54,Derek Fisher,17:55,Nick Collison,16:15,Steven Adams,16:08,89,3,2,2.0,100.0,0.0,0.0,0.0,0.0,Bismack Biyombo,4,0,2013-2014,2.0,1,4.0,CHA,85,Kemba Walker,,,,,,,,,,,,,36:26,Anthony Tolliver,35:14,Al Jefferson,34:32,Gerald Henderson,32:32,Josh McRoberts,31:36,Cody Zeller,16:24,Ramon Sessions,15:28,Chris Douglas-Roberts,12:46,Ben Gordon,11:34
0,,0,0.000,0,0.00,116,2,1,33.3,1,1.000,1.0,100.0,1.0,1,4,1.000,4,400.000,Logos via Sports Logos.net / About logos,L,https://www.basketball-reference.com/boxscores/201312280ATL.html,Away,118,14:20,2,66.7,ATL,Kyle Korver,Gustavo Ayón,4:20,,,,,,,,,,,41:43,Paul Millsap,39:36,Jeff Teague,39:11,Lou Williams,34:11,Shelvin Mack,24:06,Pero Antić,22:22,Mike Scott,21:12,DeMarre Carroll,19:17,Elton Brand,19:02,118,0,6,2.0,33.3,0.0,0.0,4.0,66.7,Bismack Biyombo,2,0,2013-2014,2.0,1,3.0,CHA,116,Gerald Henderson,,,,,,,,,,,,,38:46,Al Jefferson,38:34,Anthony Tolliver,38:02,Kemba Walker,35:04,Josh McRoberts,32:49,Chris Douglas-Roberts,23:03,Ramon Sessions,20:05,Ben Gordon,12:05,Cody Zeller,11:33
0,,0,0.000,0,,80,1,4,100.0,1,1.000,1.0,100.0,1.0,1,0,,0,0.000,Logos via Sports Logos.net / About logos,L,https://www.basketball-reference.com/boxscores/201312300UTA.html,Away,83,12:20,0,0.0,UTA,Richard Jefferson,,,,,,,,,,,,,40:09,Trey Burke,36:00,Derrick Favors,34:23,Marvin Williams,34:22,Gordon Hayward,28:26,Alec Burks,27:25,Jeremy Evans,13:38,Enes Freedom,13:37,Diante Garrett,12:00,83,1,2,2.0,100.0,0.0,0.0,0.0,0.0,Bismack Biyombo,3,0,2013-2014,1.0,0,4.0,CHA,80,Kemba Walker,,,,,,,,,,,,,41:53,Al Jefferson,35:40,Gerald Henderson,35:32,Josh McRoberts,32:08,Anthony Tolliver,26:27,Ramon Sessions,25:24,Chris Douglas-Roberts,25:18,Cody Zeller,5:18,,
0,,0,0.000,1,0.50,85,1,4,80.0,3,.600,3.0,60.0,5.0,5,2,.667,3,60.000,Logos via Sports Logos.net / About logos,L,https://www.basketball-reference.com/boxscores/201401010LAC.html,Away,112,17:36,1,20.0,LAC,Blake Griffin,Antawn Jamison,4:22,Byron Mullens,1:22,,,,,,,,,38:07,DeAndre Jordan,36:31,Jamal Crawford,35:20,Jared Dudley,32:40,Chris Paul,32:23,Matt Barnes,19:32,Darren Collison,16:08,Willie Green,12:40,Ryan Hollins,10:55,112,0,8,6.0,75.0,0.0,0.0,2.0,25.0,Bismack Biyombo,27,0,2013-2014,1.0,2,5.0,CHA,85,Anthony Tolliver,,,,,,,,,,,,,37:01,Kemba Walker,33:13,Gerald Henderson,32:19,Al Jefferson,30:00,Josh McRoberts,28:10,Ramon Sessions,21:42,Cody Zeller,19:50,Chris Douglas-Roberts,17:26,Jannero Pargo,2:43
0,,0,0.000,0,0.00,104,0,4,100.0,2,.667,2.0,66.7,3.0,3,2,.667,3,100.000,Logos via Sports Logos.net / About logos,L,https://www.basketball-reference.com/boxscores/201401020POR.html,Away,134,19:12,0,0.0,POR,Damian Lillard,Will Barton,8:47,Thomas Robinson,8:47,Allen Crabbe,7:06,Earl Watson,7:06,,,,,29:22,LaMarcus Aldridge,28:24,Nicolas Batum,27:34,Wesley Matthews,26:56,Robin Lopez,25:50,Mo Williams,21:14,Meyers Leonard,19:36,Dorell Wright,15:55,Joel Freeland,13:23,134,1,6,4.0,66.7,0.0,0.0,2.0,33.3,Bismack Biyombo,30,1,2013-2014,1.0,1,4.0,CHA,104,Anthony Tolliver,Jeff Adrien,3:48,,,,,,,,,,,30:54,Ramon Sessions,29:22,Kemba Walker,29:12,Al Jefferson,28:48,Josh McRoberts,27:25,Gerald Henderson,24:03,Chris Douglas-Roberts,23:32,Cody Zeller,16:46,Jannero Pargo,6:58
0,,0,0.000,0,0.00,113,0,1,100.0,0,.000,0.0,0.0,1.0,1,1,.500,2,200.000,Logos via Sports Logos.net / About logos,W,https://www.basketball-reference.com/boxscores/201401040SAC.html,Away,103,9:29,0,0.0,SAC,Rudy Gay,Aaron Gray,1:15,,,,,,,,,,,40:54,DeMarcus Cousins,38:03,Isaiah Thomas,34:45,Jason Thompson,31:23,Marcus Thornton,26:21,Ben McLemore,21:39,Derrick Williams,17:49,Quincy Acy,14:36,Jimmer Fredette,13:15,103,6,1,0.0,0.0,0.0,0.0,1.0,100.0,Bismack Biyombo,10,0,2013-2014,0.0,1,1.0,CHA,113,Al Jefferson,,,,,,,,,,,,,38:31,Josh McRoberts,36:41,Kemba Walker,35:33,Chris Douglas-Roberts,35:25,Gerald Henderson,34:49,Ramon Sessions,22:15,Anthony Tolliver,15:58,Cody Zeller,11:19,,
0,,0,0.000,0,,97,1,3,100.0,0,.000,0.0,0.0,1.0,1,0,.000,2,200.000,Logos via Sports Logos.net / About logos,L,https://www.basketball-reference.com/boxscores/201401070CHA.html,Home,83,13:28,0,0.0,WAS,Marcin Gortat,Otto Porter Jr.,10:42,,,,,,,,,,,37:51,John Wall,31:47,Bradley Beal,30:59,Martell Webster,30:32,Trevor Ariza,23:47,Trevor Booker,22:19,Jan Veselý,20:49,Garrett Temple,16:13,Nenê,15:01,97,2,0,0.0,,0.0,,0.0,,Bismack Biyombo,14,0,2013-2014,1.0,0,3.0,CHA,83,Kemba Walker,,,,,,,,,,,,,38:34,Gerald Henderson,35:16,Al Jefferson,34:32,Ramon Sessions,30:10,Chris Douglas-Roberts,29:35,Josh McRoberts,26:14,Anthony Tolliver,21:00,Cody Zeller,11:11,,
0,,0,0.000,0,0.00,92,4,7,100.0,0,.000,0.0,0.0,1.0,1,4,1.000,4,400.000,Logos via Sports Logos.net / About logos,L,https://www.basketball-reference.com/boxscores/201401100MIN.html,Away,119,20:07,0,0.0,MIN,Kevin Love,Ronny Turiaf,15:06,Luc Mbah a Moute,5:37,A.J. Price,5:37,Gorgui Dieng,5:37,,,,,31:53,Corey Brewer,27:39,Nikola Peković,27:17,Ricky Rubio,25:32,Kevin Martin,24:26,Alexey Shved,20:09,J.J. Barea,19:06,Dante Cunningham,16:07,Chase Budinger,15:54,119,2,4,0.0,0.0,0.0,0.0,4.0,100.0,Bismack Biyombo,27,0,2013-2014,4.0,1,7.0,CHA,92,Kemba Walker,Jeff Adrien,5:37,Jannero Pargo,5:37,,,,,,,,,30:31,Al Jefferson,27:53,Josh McRoberts,26:44,Chris Douglas-Roberts,26:37,Anthony Tolliver,26:34,Gerald Henderson,24:00,Ramon Sessions,21:08,Cody Zeller,15:39,Ben Gordon,9:33
0,,0,0.000,0,,97,1,1,50.0,0,.000,0.0,0.0,1.0,1,0,,0,0.000,Logos via Sports Logos.net / About logos,L,https://www.basketball-reference.com/boxscores/201401110CHI.html,Away,103,9:05,1,50.0,CHI,Mike Dunleavy,,,,,,,,,,,,,35:22,D.J. Augustin,35:08,Joakim Noah,33:33,Kirk Hinrich,30:38,Taj Gibson,29:29,Carlos Boozer,28:11,Cartier Martin,26:03,Tony Snell,17:01,Nazr Mohammed,4:35,103,3,0,0.0,,0.0,,0.0,,Bismack Biyombo,6,0,2013-2014,1.0,0,2.0,CHA,97,Kemba Walker,,,,,,,,,,,,,43:47,Al Jefferson,38:55,Josh McRoberts,38:55,Gerald Henderson,36:58,Chris Douglas-Roberts,29:08,Ramon Sessions,19:33,Anthony Tolliver,13:45,Cody Zeller,9:05,Jannero Pargo,0:49
0,,0,0.000,0,,98,0,0,,1,.500,1.0,50.0,2.0,2,0,,0,0.000,Logos via Sports Logos.net / About logos,W,https://www.basketball-reference.com/boxscores/201401140CHA.html,Home,108,8:35,0,,NYK,Carmelo Anthony,Toure' Murry,8:16,Jeremy Tyler,2:16,Cole Aldrich,0:49,,,,,,,38:25,Iman Shumpert,32:44,Raymond Felton,29:16,Kenyon Martin,27:41,Tim Hardaway Jr.,26:43,Andrea Bargnani,22:27,Amar'e Stoudemire,22:15,Tyson Chandler,16:25,Beno Udrih,12:43,98,0,2,2.0,100.0,0.0,0.0,0.0,0.0,Bismack Biyombo,10,0,2013-2014,0.0,0,0.0,CHA,108,Kemba Walker,Chris Douglas-Roberts,0:49,Jannero Pargo,0:49,,,,,,,,,39:41,Al Jefferson,38:36,Gerald Henderson,35:35,Josh McRoberts,32:31,Michael Kidd-Gilchrist,30:15,Ramon Sessions,19:06,Anthony Tolliver,17:45,Cody Zeller,15:29,Jeff Adrien,0:49
0,,0,,0,0.00,111,0,1,100.0,0,,0.0,,0.0,0,0,,0,,Logos via Sports Logos.net / About logos,W,https://www.basketball-reference.com/boxscores/201401170ORL.html,Away,101,3:04,0,0.0,ORL,Victor Oladipo,Doron Lamb,2:06,,,,,,,,,,,39:15,Arron Afflalo,37:44,Tobias Harris,36:14,Jameer Nelson,34:21,Glen Davis,32:34,E'Twaun Moore,17:47,Kyle O'Quinn,16:52,Maurice Harkless,12:47,Andrew Nicholson,10:20,101,1,0,0.0,,0.0,,0.0,,Bismack Biyombo,10,0,2013-2014,0.0,1,1.0,CHA,111,Kemba Walker,,,,,,,,,,,,,42:40,Al Jefferson,36:19,Josh McRoberts,35:43,Gerald Henderson,35:03,Michael Kidd-Gilchrist,28:06,Ramon Sessions,21:12,Anthony Tolliver,16:59,Cody Zeller,12:17,Jeff Adrien,8:37
0,,0,0.000,0,,104,1,2,66.7,3,1.000,3.0,100.0,3.0,3,1,.500,2,66.667,Logos via Sports Logos.net / About logos,L,https://www.basketball-reference.com/boxscores/201401180CHA.html,Home,96,9:44,1,33.3,MIA,LeBron James,Michael Beasley,6:27,Greg Oden,4:52,,,,,,,,,44:52,Ray Allen,40:16,Mario Chalmers,38:11,Chris Bosh,37:13,Udonis Haslem,30:48,Norris Cole,20:38,Shane Battier,19:22,Rashard Lewis,15:26,Roger Mason,6:55,104,1,7,6.0,85.7,0.0,0.0,1.0,14.3,Bismack Biyombo,8,0,2013-2014,1.0,0,3.0,CHA,96,Al Jefferson,,,,,,,,,,,,,43:16,Gerald Henderson,40:11,Josh McRoberts,38:12,Ramon Sessions,37:34,Anthony Tolliver,36:33,Kemba Walker,22:10,Michael Kidd-Gilchrist,16:27,Cody Zeller,14:48,Chris Douglas-Roberts,6:05
0,,0,0.000,1,1.00,95,1,1,100.0,1,1.000,1.0,100.0,1.0,1,0,,0,0.000,Logos via Sports Logos.net / About logos,W,https://www.basketball-reference.com/boxscores/201401200CHA.html,Home,100,9:58,0,0.0,TOR,DeMar DeRozan,Steve Novak,14:08,,,,,,,,,,,38:46,Kyle Lowry,37:32,Patrick Patterson,26:09,Chuck Hayes,25:34,Greivis Vásquez,23:45,Terrence Ross,21:13,Jonas Valančiūnas,18:26,John Salmons,17:16,Amir Johnson,17:11,95,2,2,2.0,100.0,0.0,0.0,0.0,0.0,Bismack Biyombo,5,0,2013-2014,1.0,1,1.0,CHA,100,Al Jefferson,,,,,,,,,,,,,37:32,Gerald Henderson,34:14,Ramon Sessions,33:52,Josh McRoberts,33:03,Michael Kidd-Gilchrist,31:02,Anthony Tolliver,17:22,Cody Zeller,15:03,Jannero Pargo,14:08,Chris Douglas-Roberts,13:46
0,,0,,0,,91,0,4,80.0,0,,0.0,,0.0,0,0,,0,,Logos via Sports Logos.net / About logos,W,https://www.basketball-reference.com/boxscores/201401220CHA.html,Home,95,12:16,1,20.0,LAC,Blake Griffin,Darius Morris,4:42,Byron Mullens,2:14,,,,,,,,,37:26,JJ Redick,35:51,DeAndre Jordan,32:14,Darren Collison,29:50,Jared Dudley,29:48,Jamal Crawford,27:33,Matt Barnes,17:29,Hedo Türkoğlu,11:51,Ryan Hollins,11:02,91,0,0,0.0,,0.0,,0.0,,Bismack Biyombo,4,0,2013-2014,0.0,0,5.0,CHA,95,Ramon Sessions,,,,,,,,,,,,,36:01,Gerald Henderson,35:45,Al Jefferson,35:44,Josh McRoberts,30:46,Michael Kidd-Gilchrist,25:17,Anthony Tolliver,22:53,Cody Zeller,17:04,Chris Douglas-Roberts,12:15,Jannero Pargo,11:59
0,,0,0.000,1,,96,3,5,62.5,3,.750,3.0,75.0,4.0,4,2,1.000,2,50.000,Logos via Sports Logos.net / About logos,L,https://www.basketball-reference.com/boxscores/201401240NYK.html,Away,125,17:15,3,37.5,NYK,Carmelo Anthony,Toure' Murry,7:18,Beno Udrih,7:18,,,,,,,,,38:39,Tim Hardaway Jr.,31:01,J.R. Smith,30:46,Raymond Felton,28:16,Pablo Prigioni,22:22,Jeremy Tyler,21:46,Iman Shumpert,19:02,Tyson Chandler,18:52,Cole Aldrich,14:40,125,1,8,6.0,75.0,0.0,0.0,2.0,25.0,Bismack Biyombo,29,0,2013-2014,3.0,0,8.0,CHA,96,Gerald Henderson,,,,,,,,,,,,,32:22,Jannero Pargo,31:58,Al Jefferson,30:45,Josh McRoberts,30:25,Ramon Sessions,29:57,Michael Kidd-Gilchrist,18:06,Anthony Tolliver,17:17,Cody Zeller,16:17,Chris Douglas-Roberts,15:38
0,,0,,0,0.00,89,0,1,50.0,0,,0.0,,0.0,0,0,,0,,Logos via Sports Logos.net / About logos,L,https://www.basketball-reference.com/boxscores/201401250CHA.html,Home,87,10:19,1,50.0,CHI,D.J. Augustin,,,,,,,,,,,,,43:51,Jimmy Butler,42:19,Joakim Noah,39:35,Mike Dunleavy,28:41,Taj Gibson,27:36,Tony Snell,25:00,Carlos Boozer,24:39,Mike James,4:10,Nazr Mohammed,4:09,89,1,0,0.0,,0.0,,0.0,,Bismack Biyombo,2,0,2013-2014,0.0,1,2.0,CHA,87,Al Jefferson,,,,,,,,,,,,,37:39,Gerald Henderson,37:16,Ramon Sessions,33:16,Josh McRoberts,27:13,Anthony Tolliver,26:03,Michael Kidd-Gilchrist,21:58,Cody Zeller,20:48,Jannero Pargo,14:44,Chris Douglas-Roberts,10:44
0,,0,0.000,0,0.00,101,1,8,88.9,1,.250,1.0,25.0,4.0,4,2,1.000,2,50.000,Logos via Sports Logos.net / About logos,W,https://www.basketball-reference.com/boxscores/201401290DEN.html,Away,98,15:45,1,11.1,DEN,Randy Foye,Nate Robinson,6:16,,,,,,,,,,,40:17,Evan Fournier,38:23,Wilson Chandler,31:39,Kenneth Faried,28:27,Timofey Mozgov,26:36,J.J. Hickson,23:52,Darrell Arthur,17:05,Jordan Hamilton,14:01,Quincy Miller,13:24,98,2,4,2.0,50.0,0.0,0.0,2.0,50.0,Bismack Biyombo,3,0,2013-2014,1.0,1,9.0,CHA,101,Ramon Sessions,,,,,,,,,,,,,35:58,Gerald Henderson,35:17,Al Jefferson,32:15,Josh McRoberts,31:54,Michael Kidd-Gilchrist,26:40,Anthony Tolliver,21:20,Cody Zeller,16:06,Chris Douglas-Roberts,12:43,Jannero Pargo,12:02
0,,0,0.000,0,,110,1,2,66.7,1,1.000,1.0,100.0,1.0,1,0,,0,0.000,Logos via Sports Logos.net / About logos,W,https://www.basketball-reference.com/boxscores/201401310LAL.html,Away,100,9:16,1,33.3,LAL,Jodie Meeks,,,,,,,,,,,,,37:10,Nick Young,35:50,Kendall Marshall,35:26,Ryan Kelly,33:21,Pau Gasol,33:10,Wesley Johnson,20:08,Manny Harris,17:47,Robert Sacre,14:49,Jordan Hill,12:19,100,0,2,2.0,100.0,0.0,0.0,0.0,0.0,Bismack Biyombo,10,0,2013-2014,1.0,0,3.0,CHA,110,Al Jefferson,,,,,,,,,,,,,38:44,Gerald Henderson,37:03,Josh McRoberts,36:04,Ramon Sessions,34:17,Michael Kidd-Gilchrist,26:43,Anthony Tolliver,21:17,Jannero Pargo,13:43,Cody Zeller,11:56,Chris Douglas-Roberts,10:57
0,,0,0.000,0,,95,3,3,75.0,1,1.000,1.0,100.0,1.0,1,2,1.000,2,200.000,Logos via Sports Logos.net / About logos,L,https://www.basketball-reference.com/boxscores/201402010PHO.html,Away,105,16:15,1,25.0,PHO,Markieff Morris,Archie Goodwin,15:11,Leandro Barbosa,8:57,Dionte Christmas,8:26,Viacheslav Kravtsov,2:59,,,,,28:12,Goran Dragić,27:03,Marcus Morris,25:22,Channing Frye,24:00,Miles Plumlee,21:54,Gerald Green,21:26,Ish Smith,20:04,Alex Len,18:55,P.J. Tucker,17:31,105,1,4,2.0,50.0,0.0,0.0,2.0,50.0,Bismack Biyombo,10,0,2013-2014,3.0,0,4.0,CHA,95,Al Jefferson,Jeff Adrien,7:06,,,,,,,,,,,27:07,Michael Kidd-Gilchrist,26:57,Ramon Sessions,26:24,Josh McRoberts,26:19,Gerald Henderson,24:26,Chris Douglas-Roberts,23:34,Jannero Pargo,21:36,Anthony Tolliver,21:03,Cody Zeller,19:13
0,,0,0.000,0,0.00,91,1,4,66.7,1,.500,1.0,50.0,2.0,2,0,,0,0.000,Logos via Sports Logos.net / About logos,W,https://www.basketball-reference.com/boxscores/201402040GSW.html,Away,75,8:37,2,33.3,GSW,Stephen Curry,Marreese Speights,9:13,MarShon Brooks,1:52,Kent Bazemore,1:52,,,,,,,38:13,Klay Thompson,33:54,Andre Iguodala,33:44,Andrew Bogut,29:51,David Lee,23:19,Harrison Barnes,22:46,Jermaine O'Neal,16:31,Jordan Crawford,16:20,Draymond Green,12:25,75,4,2,2.0,100.0,0.0,0.0,0.0,0.0,Bismack Biyombo,16,0,2013-2014,1.0,1,6.0,CHA,91,Al Jefferson,,,,,,,,,,,,,39:23,Gerald Henderson,37:13,Kemba Walker,32:54,Josh McRoberts,29:34,Ramon Sessions,29:01,Michael Kidd-Gilchrist,22:54,Anthony Tolliver,21:58,Cody Zeller,18:26,,
0,,0,0.000,0,,104,0,0,0.0,0,.000,0.0,0.0,1.0,1,0,,0,0.000,Logos via Sports Logos.net / About logos,L,https://www.basketball-reference.com/boxscores/201402080CHA.html,Home,100,9:49,2,100.0,SAS,Boris Diaw,Shannon Brown,0:09,,,,,,,,,,,33:28,Cory Joseph,32:34,Tim Duncan,31:40,Nando De Colo,27:39,Tony Parker,26:03,Patty Mills,25:24,Jeff Ayres,22:17,Danny Green,21:17,Matt Bonner,19:29,104,3,0,0.0,,0.0,,0.0,,Bismack Biyombo,4,0,2013-2014,0.0,0,2.0,CHA,100,Kemba Walker,,,,,,,,,,,,,39:50,Al Jefferson,38:11,Gerald Henderson,35:07,Josh McRoberts,29:53,Michael Kidd-Gilchrist,28:20,Ramon Sessions,20:54,Anthony Tolliver,19:40,Cody Zeller,18:07,Jannero Pargo,0:09
0,,0,0.000,0,,89,1,2,50.0,5,1.000,5.0,100.0,5.0,5,0,,0,0.000,Logos via Sports Logos.net / About logos,W,https://www.basketball-reference.com/boxscores/201402110CHA.html,Home,114,9:44,2,50.0,DAL,Monta Ellis,Jae Crowder,14:02,Brandan Wright,11:47,Shane Larkin,8:36,Bernard James,5:00,,,,,32:14,Shawn Marion,27:35,Dirk Nowitzki,24:09,José Calderón,22:35,Vince Carter,20:50,DeJuan Blair,20:28,Devin Harris,20:25,Samuel Dalembert,18:02,Wayne Ellington,14:17,89,2,10,10.0,100.0,0.0,0.0,0.0,0.0,Bismack Biyombo,25,0,2013-2014,1.0,0,4.0,CHA,114,Al Jefferson,Jannero Pargo,4:19,Chris Douglas-Roberts,4:19,,,,,,,,,33:57,Kemba Walker,32:17,Gerald Henderson,32:12,Josh McRoberts,25:56,Anthony Tolliver,25:11,Ramon Sessions,22:53,Michael Kidd-Gilchrist,22:49,Cody Zeller,22:04,Jeff Adrien,4:19
0,,0,0.000,0,0.00,89,2,4,66.7,3,1.000,3.0,100.0,3.0,3,0,.000,2,66.667,Logos via Sports Logos.net / About logos,L,https://www.basketball-reference.com/boxscores/201402120BRK.html,Away,105,19:12,2,33.3,BRK,Deron Williams,Kevin Garnett,14:36,Mason Plumlee,9:33,Marquis Teague,5:42,,,,,,,28:01,Joe Johnson,27:56,Mirza Teletović,25:33,Andray Blatche,23:51,Alan Anderson,22:48,Paul Pierce,22:27,Shaun Livingston,21:11,Jason Terry,20:04,Andrei Kirilenko,18:18,105,3,6,6.0,100.0,0.0,0.0,0.0,0.0,Bismack Biyombo,16,0,2013-2014,2.0,1,6.0,CHA,89,Kemba Walker,Ben Gordon,6:59,,,,,,,,,,,37:35,Michael Kidd-Gilchrist,30:22,Al Jefferson,28:01,Gerald Henderson,27:39,Josh McRoberts,27:22,Anthony Tolliver,26:00,Ramon Sessions,22:44,Cody Zeller,7:07,Jannero Pargo,6:59
0,,0,0.000,0,,108,1,2,66.7,1,1.000,1.0,100.0,1.0,1,1,.250,4,400.000,Logos via Sports Logos.net / About logos,W,https://www.basketball-reference.com/boxscores/201402180DET.html,Away,96,10:04,1,33.3,DET,Kyle Singler,,,,,,,,,,,,,39:33,Brandon Jennings,38:33,Josh Smith,36:48,Greg Monroe,36:39,Andre Drummond,34:12,Will Bynum,20:05,Rodney Stuckey,17:29,Kentavious Caldwell-Pope,10:20,Jonas Jerebko,6:21,96,1,3,2.0,66.7,0.0,0.0,1.0,33.3,Bismack Biyombo,12,0,2013-2014,1.0,0,3.0,CHA,108,Kemba Walker,,,,,,,,,,,,,42:43,Al Jefferson,37:56,Josh McRoberts,32:35,Gerald Henderson,32:03,Anthony Tolliver,28:03,Ramon Sessions,21:14,Michael Kidd-Gilchrist,19:57,Cody Zeller,15:25,,
0,,0,0.000,0,0.00,98,5,5,62.5,0,.000,0.0,0.0,1.0,1,1,.500,2,200.000,Logos via Sports Logos.net / About logos,W,https://www.basketball-reference.com/boxscores/201402190CHA.html,Home,116,13:16,3,37.5,DET,Josh Smith,Gigi Datome,1:13,Tony Mitchell,1:13,,,,,,,,,41:09,Brandon Jennings,35:07,Andre Drummond,33:13,Greg Monroe,31:29,Kyle Singler,28:59,Rodney Stuckey,23:24,Will Bynum,20:55,Jonas Jerebko,20:14,Kentavious Caldwell-Pope,3:04,98,2,1,0.0,0.0,0.0,0.0,1.0,100.0,Bismack Biyombo,18,0,2013-2014,5.0,1,8.0,CHA,116,Kemba Walker,Jeff Adrien,3:00,Chris Douglas-Roberts,3:00,,,,,,,,,41:09,Al Jefferson,31:44,Josh McRoberts,31:21,Ramon Sessions,28:14,Gerald Henderson,26:25,Michael Kidd-Gilchrist,24:14,Anthony Tolliver,17:58,Cody Zeller,16:39,Jannero Pargo,3:00
0,,0,0.000,0,0.00,87,1,6,75.0,0,.000,0.0,0.0,2.0,2,0,,0,0.000,Logos via Sports Logos.net / About logos,W,https://www.basketball-reference.com/boxscores/201402210CHA.html,Home,90,13:56,2,25.0,NOP,Anthony Davis,Austin Rivers,10:03,Jeff Withey,7:45,,,,,,,,,34:29,Brian Roberts,33:11,Eric Gordon,31:01,Al-Farouq Aminu,29:24,Tyreke Evans,24:45,Greg Stiemsma,19:20,Anthony Morrow,18:08,Luke Babbitt,17:58,Alexis Ajinça,13:56,87,0,0,0.0,,0.0,,0.0,,Bismack Biyombo,3,0,2013-2014,1.0,2,8.0,CHA,90,Kemba Walker,,,,,,,,,,,,,36:19,Al Jefferson,34:04,Josh McRoberts,31:56,Michael Kidd-Gilchrist,30:58,Gerald Henderson,30:11,Chris Douglas-Roberts,17:49,Anthony Tolliver,17:02,Cody Zeller,16:04,Jannero Pargo,11:41
0,,0,0.000,0,,89,2,5,71.4,3,1.000,3.0,100.0,3.0,3,0,.000,2,66.667,Logos via Sports Logos.net / About logos,W,https://www.basketball-reference.com/boxscores/201402220CHA.html,Home,92,17:03,2,28.6,MEM,Marc Gasol,Kosta Koufos,8:39,Ed Davis,6:02,,,,,,,,,37:36,Courtney Lee,34:40,Zach Randolph,33:19,Mike Conley,32:33,Tony Allen,24:33,Mike Miller,22:02,Nick Calathes,16:04,Tayshaun Prince,14:14,James Johnson,10:18,89,2,6,6.0,100.0,0.0,0.0,0.0,0.0,Bismack Biyombo,3,0,2013-2014,2.0,0,7.0,CHA,92,Kemba Walker,,,,,,,,,,,,,41:58,Al Jefferson,30:57,Josh McRoberts,30:37,Gerald Henderson,29:54,Anthony Tolliver,26:48,Ben Gordon,19:57,Michael Kidd-Gilchrist,19:21,Cody Zeller,17:23,Jannero Pargo,6:02
0,,0,0.000,0,,82,0,3,60.0,0,.000,0.0,0.0,3.0,3,0,,0,0.000,Logos via Sports Logos.net / About logos,L,https://www.basketball-reference.com/boxscores/201402280SAS.html,Away,92,13:04,2,40.0,SAS,Tim Duncan,Aron Baynes,5:14,Matt Bonner,4:53,Jeff Ayres,2:06,,,,,,,33:04,Marco Belinelli,30:55,Kawhi Leonard,30:14,Boris Diaw,29:54,Patty Mills,29:27,Danny Green,27:28,Manu Ginóbili,25:49,Tiago Splitter,14:02,Cory Joseph,6:54,92,1,0,0.0,,0.0,,0.0,,Bismack Biyombo,10,1,2013-2014,1.0,0,5.0,CHA,82,Al Jefferson,,,,,,,,,,,,,34:56,Kemba Walker,34:49,Gerald Henderson,30:51,Josh McRoberts,30:25,Gary Neal,23:15,Michael Kidd-Gilchrist,22:26,Anthony Tolliver,19:28,Cody Zeller,17:35,Luke Ridnour,13:11
0,,0,0.000,0,0.00,99,3,3,100.0,2,1.000,2.0,100.0,2.0,2,1,.500,2,100.000,Logos via Sports Logos.net / About logos,L,https://www.basketball-reference.com/boxscores/201403020OKC.html,Away,116,12:05,0,0.0,OKC,Kevin Durant,Nick Collison,13:28,Andre Roberson,6:28,,,,,,,,,38:11,Reggie Jackson,27:16,Serge Ibaka,26:50,Russell Westbrook,25:15,Jeremy Lamb,24:04,Perry Jones,22:21,Steven Adams,19:21,Derek Fisher,19:15,Hasheem Thabeet,17:31,116,1,5,4.0,80.0,0.0,0.0,1.0,20.0,Bismack Biyombo,17,0,2013-2014,3.0,1,3.0,CHA,99,Al Jefferson,Chris Douglas-Roberts,2:56,Jannero Pargo,2:56,,,,,,,,,35:55,Kemba Walker,32:58,Josh McRoberts,28:48,Gerald Henderson,28:02,Anthony Tolliver,24:41,Michael Kidd-Gilchrist,20:19,Gary Neal,20:02,Cody Zeller,19:12,Luke Ridnour,12:06
0,,0,,0,,107,0,1,100.0,0,,0.0,,0.0,0,0,,0,,Logos via Sports Logos.net / About logos,L,https://www.basketball-reference.com/boxscores/201403030MIA.html,Away,124,5:21,0,0.0,MIA,LeBron James,Udonis Haslem,5:10,Greg Oden,5:02,Rashard Lewis,1:24,DeAndre Liggins,1:23,,,,,41:12,Mario Chalmers,31:21,Chris Bosh,30:08,Ray Allen,29:33,Shane Battier,20:35,Norris Cole,20:32,Toney Douglas,18:43,Michael Beasley,17:43,Chris Andersen,17:14,124,1,0,0.0,,0.0,,0.0,,Bismack Biyombo,17,0,2013-2014,0.0,0,1.0,CHA,107,Al Jefferson,,,,,,,,,,,,,37:28,Kemba Walker,33:38,Gary Neal,32:38,Michael Kidd-Gilchrist,25:53,Josh McRoberts,25:15,Chris Douglas-Roberts,24:20,Anthony Tolliver,22:07,Cody Zeller,18:59,Luke Ridnour,14:21
0,,0,0.000,0,,87,0,0,0.0,0,.000,0.0,0.0,1.0,1,0,,0,0.000,Logos via Sports Logos.net / About logos,W,https://www.basketball-reference.com/boxscores/201403050CHA.html,Home,109,6:11,1,100.0,IND,Lance Stephenson,Donald Sloan,7:30,Rasual Butler,5:28,Lavoy Allen,2:48,,,,,,,34:34,Paul George,33:50,Evan Turner,31:20,George Hill,31:18,David West,31:08,Roy Hibbert,22:13,Luis Scola,14:04,Ian Mahinmi,13:47,Chris Copeland,12:00,87,0,0,0.0,,0.0,,0.0,,Bismack Biyombo,22,0,2013-2014,0.0,0,1.0,CHA,109,Al Jefferson,Jannero Pargo,1:29,,,,,,,,,,,35:50,Josh McRoberts,34:25,Kemba Walker,33:29,Chris Douglas-Roberts,28:36,Anthony Tolliver,26:47,Gary Neal,25:16,Cody Zeller,19:34,Michael Kidd-Gilchrist,15:21,Luke Ridnour,13:02
0,,0,,0,,92,1,1,50.0,0,,0.0,,0.0,0,0,,0,,Logos via Sports Logos.net / About logos,W,https://www.basketball-reference.com/boxscores/201403070CHA.html,Home,101,2:41,1,50.0,CLE,Spencer Hawes,,,,,,,,,,,,,36:12,Kyrie Irving,35:46,Luol Deng,33:53,Dion Waiters,32:11,Tristan Thompson,31:16,Jarrett Jack,27:05,Tyler Zeller,16:44,Matthew Dellavedova,15:09,Anthony Bennett,11:44,92,1,0,0.0,,0.0,,0.0,,Bismack Biyombo,9,0,2013-2014,1.0,0,2.0,CHA,101,Al Jefferson,,,,,,,,,,,,,38:57,Josh McRoberts,37:58,Kemba Walker,35:01,Chris Douglas-Roberts,32:41,Michael Kidd-Gilchrist,23:35,Anthony Tolliver,21:30,Gary Neal,18:14,Cody Zeller,16:24,Luke Ridnour,12:59
0,,0,0.000,0,,89,3,2,40.0,3,.600,3.0,60.0,5.0,5,0,,0,0.000,Logos via Sports Logos.net / About logos,L,https://www.basketball-reference.com/boxscores/201403080MEM.html,Away,111,17:38,3,60.0,MEM,Zach Randolph,Jon Leuer,17:20,James Johnson,5:13,Beno Udrih,3:44,Ed Davis,3:44,,,,,30:40,Mike Conley,30:15,Courtney Lee,27:05,Marc Gasol,24:48,Tony Allen,22:07,Mike Miller,19:41,Kosta Koufos,19:28,Tayshaun Prince,18:10,Nick Calathes,17:45,111,3,6,6.0,100.0,0.0,0.0,0.0,0.0,Bismack Biyombo,22,0,2013-2014,3.0,0,5.0,CHA,89,Chris Douglas-Roberts,Jannero Pargo,4:27,Justin Hamilton,3:44,,,,,,,,,30:02,Kemba Walker,28:11,Gary Neal,27:27,Al Jefferson,26:38,Cody Zeller,22:35,Anthony Tolliver,22:25,Josh McRoberts,20:58,Michael Kidd-Gilchrist,20:33,Luke Ridnour,15:22
0,,0,0.000,0,0.00,98,0,3,75.0,0,.000,0.0,0.0,2.0,2,0,,0,0.000,Logos via Sports Logos.net / About logos,W,https://www.basketball-reference.com/boxscores/201403100CHA.html,Home,105,8:46,1,25.0,DEN,Ty Lawson,Darrell Arthur,8:31,Anthony Randolph,4:14,,,,,,,,,40:22,Randy Foye,33:08,Kenneth Faried,31:11,Wilson Chandler,31:11,Aaron Brooks,24:08,Timofey Mozgov,19:44,J.J. Hickson,19:13,Evan Fournier,15:31,Jan Veselý,12:47,98,2,0,0.0,,0.0,,0.0,,Bismack Biyombo,7,0,2013-2014,0.0,1,4.0,CHA,105,Kemba Walker,,,,,,,,,,,,,41:11,Al Jefferson,39:14,Josh McRoberts,34:06,Chris Douglas-Roberts,33:43,Gary Neal,30:47,Anthony Tolliver,19:02,Michael Kidd-Gilchrist,16:13,Cody Zeller,10:09,Luke Ridnour,6:49
0,,0,0.000,0,,98,0,1,50.0,0,.000,0.0,0.0,2.0,2,0,,0,0.000,Logos via Sports Logos.net / About logos,W,https://www.basketball-reference.com/boxscores/201403120WAS.html,Away,85,11:38,1,50.0,WAS,Bradley Beal,Garrett Temple,0:16,,,,,,,,,,,36:33,Marcin Gortat,35:01,John Wall,34:25,Trevor Ariza,32:23,Martell Webster,30:35,Trevor Booker,24:27,Drew Gooden,17:52,Al Harrington,14:53,Andre Miller,13:35,85,1,0,0.0,,0.0,,0.0,,Bismack Biyombo,13,0,2013-2014,0.0,0,2.0,CHA,98,Kemba Walker,,,,,,,,,,,,,36:52,Al Jefferson,36:22,Josh McRoberts,31:01,Michael Kidd-Gilchrist,30:28,Gerald Henderson,26:38,Chris Douglas-Roberts,21:22,Anthony Tolliver,17:32,Cody Zeller,16:59,Luke Ridnour,11:08
0,,0,0.000,0,,93,1,2,66.7,1,1.000,1.0,100.0,1.0,1,0,,0,0.000,Logos via Sports Logos.net / About logos,W,https://www.basketball-reference.com/boxscores/201403140CHA.html,Home,105,9:49,1,33.3,MIN,Kevin Love,Shabazz Muhammad,9:36,Luc Mbah a Moute,7:48,Robbie Hummel,2:03,Alexey Shved,2:03,,,,,36:01,Kevin Martin,33:04,Ricky Rubio,32:10,Corey Brewer,30:35,Dante Cunningham,21:28,J.J. Barea,20:35,Nikola Peković,16:52,Chase Budinger,15:57,Gorgui Dieng,11:48,93,1,2,2.0,100.0,0.0,0.0,0.0,0.0,Bismack Biyombo,12,0,2013-2014,1.0,0,3.0,CHA,105,Al Jefferson,,,,,,,,,,,,,38:11,Kemba Walker,33:59,Josh McRoberts,27:17,Gary Neal,25:16,Michael Kidd-Gilchrist,25:15,Gerald Henderson,24:54,Cody Zeller,20:43,Chris Douglas-Roberts,20:35,Luke Ridnour,14:01
0,,0,0.000,0,0.00,101,1,2,100.0,2,.667,2.0,66.7,3.0,3,0,,0,0.000,Logos via Sports Logos.net / About logos,W,https://www.basketball-reference.com/boxscores/201403160MIL.html,Away,92,11:08,0,0.0,MIL,Zaza Pachulia,,,,,,,,,,,,,38:21,Brandon Knight,35:41,John Henson,35:33,Khris Middleton,31:51,Ramon Sessions,29:30,Nate Wolters,28:19,Giannis Antetokounmpo,21:56,Jeff Adrien,14:27,Ekpe Udoh,4:22,92,0,4,4.0,100.0,0.0,0.0,0.0,0.0,Bismack Biyombo,9,0,2013-2014,1.0,1,2.0,CHA,101,Al Jefferson,,,,,,,,,,,,,36:52,Josh McRoberts,32:18,Kemba Walker,31:18,Gerald Henderson,30:55,Michael Kidd-Gilchrist,27:23,Gary Neal,24:46,Luke Ridnour,16:42,Cody Zeller,15:42,Chris Douglas-Roberts,12:56
0,,0,0.000,0,0.00,97,1,3,75.0,2,1.000,2.0,100.0,2.0,2,0,,0,0.000,Logos via Sports Logos.net / About logos,L,https://www.basketball-reference.com/boxscores/201403170CHA.html,Home,83,7:45,1,25.0,ATL,DeMarre Carroll,Cartier Martin,4:37,Mike Muscala,3:44,,,,,,,,,38:08,Kyle Korver,36:03,Paul Millsap,34:13,Jeff Teague,28:42,Pero Antić,27:23,Shelvin Mack,24:07,Elton Brand,16:15,Mike Scott,13:47,Dennis Schröder,13:01,97,3,4,4.0,100.0,0.0,0.0,0.0,0.0,Bismack Biyombo,14,0,2013-2014,1.0,2,4.0,CHA,83,Al Jefferson,Anthony Tolliver,11:10,,,,,,,,,,,38:35,Kemba Walker,32:40,Gerald Henderson,29:25,Gary Neal,28:01,Josh McRoberts,26:40,Michael Kidd-Gilchrist,21:10,Chris Douglas-Roberts,17:24,Luke Ridnour,15:20,Cody Zeller,11:50
0,,0,0.000,0,,99,1,4,66.7,1,.500,1.0,50.0,2.0,2,0,,0,0.000,Logos via Sports Logos.net / About logos,L,https://www.basketball-reference.com/boxscores/201403190BRK.html,Away,104,10:58,2,33.3,BRK,Deron Williams,Andrei Kirilenko,11:51,Jason Collins,3:30,,,,,,,,,36:40,Joe Johnson,33:27,Shaun Livingston,31:44,Paul Pierce,27:54,Andray Blatche,25:37,Marcus Thornton,20:31,Mason Plumlee,18:53,Alan Anderson,15:17,Mirza Teletović,14:36,104,3,2,2.0,100.0,0.0,0.0,0.0,0.0,Bismack Biyombo,5,0,2013-2014,1.0,0,6.0,CHA,99,Al Jefferson,,,,,,,,,,,,,37:02,Kemba Walker,33:52,Josh McRoberts,30:57,Gerald Henderson,28:14,Gary Neal,26:39,Chris Douglas-Roberts,22:16,Michael Kidd-Gilchrist,18:51,Cody Zeller,17:03,Luke Ridnour,14:08
0,,0,,0,,94,0,3,60.0,0,,0.0,,0.0,0,0,,0,,Logos via Sports Logos.net / About logos,W,https://www.basketball-reference.com/boxscores/201403220CHA.html,Home,124,15:05,2,40.0,POR,Damian Lillard,Meyers Leonard,13:12,Allen Crabbe,10:34,Earl Watson,8:39,Will Barton,4:33,,,,,31:38,Nicolas Batum,30:00,Wesley Matthews,27:14,Robin Lopez,25:40,Dorell Wright,23:35,CJ McCollum,17:53,Thomas Robinson,16:59,Victor Claver,16:24,Mo Williams,13:39,94,2,0,0.0,,0.0,,0.0,,Bismack Biyombo,30,1,2013-2014,1.0,0,5.0,CHA,124,Chris Douglas-Roberts,Anthony Tolliver,4:05,Jannero Pargo,4:04,D.J. White,4:04,,,,,,,34:05,Kemba Walker,32:37,Josh McRoberts,31:37,Gerald Henderson,28:45,Al Jefferson,28:41,Michael Kidd-Gilchrist,18:30,Cody Zeller,16:23,Luke Ridnour,14:49,Gary Neal,7:15
0,,0,0.000,0,,100,0,2,40.0,0,.000,0.0,0.0,1.0,1,0,,0,0.000,Logos via Sports Logos.net / About logos,L,https://www.basketball-reference.com/boxscores/201403240CHA.html,Home,89,5:56,3,60.0,HOU,James Harden,,,,,,,,,,,,,39:07,Chandler Parsons,38:03,Patrick Beverley,34:06,Dwight Howard,32:34,Terrence Jones,31:35,Jeremy Lin,19:50,Donatas Motiejūnas,16:25,Ömer Aşık,15:26,Jordan Hamilton,12:54,100,1,0,0.0,,0.0,,0.0,,Bismack Biyombo,11,0,2013-2014,0.0,0,5.0,CHA,89,Al Jefferson,,,,,,,,,,,,,42:04,Kemba Walker,38:37,Josh McRoberts,34:04,Gerald Henderson,31:26,Chris Douglas-Roberts,25:41,Michael Kidd-Gilchrist,24:21,Gary Neal,14:32,Cody Zeller,13:56,Luke Ridnour,9:23
0,,0,,1,,111,0,4,80.0,0,,0.0,,0.0,0,1,.500,2,,Logos via Sports Logos.net / About logos,W,https://www.basketball-reference.com/boxscores/201403260CHA.html,Home,116,11:42,1,20.0,BRK,Deron Williams,Jason Collins,2:19,,,,,,,,,,,42:03,Joe Johnson,38:27,Paul Pierce,30:45,Andray Blatche,29:48,Mirza Teletović,27:51,Alan Anderson,27:34,Shaun Livingston,26:06,Mason Plumlee,20:45,Jorge Gutiérrez,19:22,111,4,1,0.0,0.0,0.0,0.0,1.0,100.0,Bismack Biyombo,5,0,2013-2014,0.0,0,5.0,CHA,116,Kemba Walker,,,,,,,,,,,,,44:59,Al Jefferson,41:10,Josh McRoberts,38:44,Gerald Henderson,37:25,Michael Kidd-Gilchrist,27:00,Chris Douglas-Roberts,26:41,Luke Ridnour,16:39,Cody Zeller,14:16,Anthony Tolliver,6:24
0,,0,,0,0.00,105,2,2,100.0,0,,0.0,,0.0,0,0,,0,,Logos via Sports Logos.net / About logos,L,https://www.basketball-reference.com/boxscores/201403280ORL.html,Away,110,11:24,0,0.0,ORL,Nikola Vučević,Andrew Nicholson,5:24,,,,,,,,,,,40:17,Arron Afflalo,38:54,Tobias Harris,36:29,Jameer Nelson,32:18,Maurice Harkless,31:00,Victor Oladipo,30:28,Kyle O'Quinn,23:50,E'Twaun Moore,13:26,Doron Lamb,12:54,110,2,0,0.0,,0.0,,0.0,,Bismack Biyombo,5,0,2013-2014,2.0,1,2.0,CHA,105,Kemba Walker,,,,,,,,,,,,,42:29,Al Jefferson,41:36,Gerald Henderson,39:50,Josh McRoberts,35:22,Chris Douglas-Roberts,28:05,Michael Kidd-Gilchrist,28:03,Cody Zeller,17:38,Luke Ridnour,14:42,Anthony Tolliver,5:51
0,,0,0.000,0,,94,1,0,,2,1.000,2.0,100.0,2.0,2,0,,0,0.000,Logos via Sports Logos.net / About logos,W,https://www.basketball-reference.com/boxscores/201403310CHA.html,Home,100,7:57,0,,WAS,Bradley Beal,Kevin Séraphin,0:59,,,,,,,,,,,39:52,Trevor Ariza,29:55,John Wall,29:16,Drew Gooden,27:13,Marcin Gortat,26:56,Martell Webster,26:40,Al Harrington,20:37,Trevor Booker,19:48,Andre Miller,18:44,94,0,4,4.0,100.0,0.0,0.0,0.0,0.0,Bismack Biyombo,6,1,2013-2014,2.0,0,0.0,CHA,100,Al Jefferson,,,,,,,,,,,,,40:03,Kemba Walker,38:12,Chris Douglas-Roberts,27:37,Josh McRoberts,27:13,Gerald Henderson,27:05,Gary Neal,20:55,Michael Kidd-Gilchrist,20:50,Cody Zeller,20:20,Luke Ridnour,9:48
0,,0,0.000,0,0.00,123,2,3,42.9,1,.333,1.0,33.3,3.0,3,0,,0,0.000,Logos via Sports Logos.net / About logos,W,https://www.basketball-reference.com/boxscores/201404020PHI.html,Away,93,17:25,4,57.1,PHI,Thaddeus Young,Brandon Davies,14:49,Casper Ware,7:10,,,,,,,,,34:08,Henry Sims,31:15,Michael Carter-Williams,26:34,Hollis Thompson,26:18,James Anderson,25:07,Elliot Williams,20:41,Tony Wroten,20:32,James Nunnally,17:38,Jarvis Varnado,15:48,93,3,2,2.0,100.0,0.0,0.0,0.0,0.0,Bismack Biyombo,30,0,2013-2014,2.0,1,7.0,CHA,123,Al Jefferson,Jannero Pargo,7:42,D.J. White,6:07,,,,,,,,,30:35,Cody Zeller,26:57,Gerald Henderson,26:29,Chris Douglas-Roberts,24:51,Anthony Tolliver,21:03,Kemba Walker,20:16,Luke Ridnour,20:02,Michael Kidd-Gilchrist,19:43,Gary Neal,18:50
0,,0,0.000,0,,80,2,2,66.7,1,1.000,1.0,100.0,1.0,1,0,,0,0.000,Logos via Sports Logos.net / About logos,W,https://www.basketball-reference.com/boxscores/201404040CHA.html,Home,91,11:15,1,33.3,ORL,Tobias Harris,Andrew Nicholson,13:11,,,,,,,,,,,31:28,Maurice Harkless,30:55,Victor Oladipo,30:22,Kyle O'Quinn,29:38,Arron Afflalo,23:06,Jameer Nelson,21:27,Doron Lamb,20:55,E'Twaun Moore,20:36,Dewayne Dedmon,18:22,80,0,2,2.0,100.0,0.0,0.0,0.0,0.0,Bismack Biyombo,11,0,2013-2014,2.0,0,3.0,CHA,91,Al Jefferson,,,,,,,,,,,,,36:45,Kemba Walker,34:49,Chris Douglas-Roberts,31:14,Gary Neal,25:07,Cody Zeller,24:47,Anthony Tolliver,23:13,Gerald Henderson,22:53,Michael Kidd-Gilchrist,16:46,Luke Ridnour,13:11
0,,0,0.000,0,,96,0,3,42.9,0,.000,0.0,0.0,1.0,1,0,,0,0.000,Logos via Sports Logos.net / About logos,W,https://www.basketball-reference.com/boxscores/201404050CLE.html,Away,94,11:51,4,57.1,CLE,Kyrie Irving,Alonzo Gee,7:03,,,,,,,,,,,42:35,Luol Deng,36:44,Dion Waiters,36:02,Spencer Hawes,35:36,Tristan Thompson,30:13,Jarrett Jack,27:05,Anderson Varejão,23:21,Tyler Zeller,16:46,Matthew Dellavedova,9:35,94,2,0,0.0,,0.0,,0.0,,Bismack Biyombo,2,0,2013-2014,0.0,0,7.0,CHA,96,Kemba Walker,,,,,,,,,,,,,41:52,Al Jefferson,40:56,Cody Zeller,36:43,Gerald Henderson,32:41,Chris Douglas-Roberts,31:03,Michael Kidd-Gilchrist,22:12,Gary Neal,19:06,Anthony Tolliver,16:13,Luke Ridnour,12:23
0,,0,0.000,0,0.00,94,0,2,100.0,1,1.000,1.0,100.0,1.0,1,0,,0,0.000,Logos via Sports Logos.net / About logos,W,https://www.basketball-reference.com/boxscores/201404090WAS.html,Away,88,10:12,0,0.0,WAS,Marcin Gortat,Garrett Temple,0:07,,,,,,,,,,,44:08,Bradley Beal,42:42,John Wall,42:10,Trevor Ariza,39:21,Trevor Booker,30:22,Martell Webster,24:04,Nenê,16:52,Drew Gooden,14:24,Andre Miller,10:50,88,2,2,2.0,100.0,0.0,0.0,0.0,0.0,Bismack Biyombo,6,0,2013-2014,0.0,1,2.0,CHA,94,Kemba Walker,,,,,,,,,,,,,43:36,Al Jefferson,42:48,Josh McRoberts,33:51,Gerald Henderson,33:14,Gary Neal,30:57,Michael Kidd-Gilchrist,21:01,Chris Douglas-Roberts,20:48,Cody Zeller,19:09,Luke Ridnour,9:24
0,,0,0.000,0,,103,2,3,100.0,0,.000,0.0,0.0,1.0,1,0,,0,0.000,Logos via Sports Logos.net / About logos,L,https://www.basketball-reference.com/boxscores/201404110BOS.html,Away,106,8:38,0,0.0,BOS,Phil Pressey,,,,,,,,,,,,,39:23,Avery Bradley,37:35,Brandon Bass,34:22,Jeff Green,34:06,Jared Sullinger,28:05,Kelly Olynyk,22:05,Jerryd Bayless,18:55,Chris Johnson,14:03,Kris Humphries,11:26,106,4,0,0.0,,0.0,,0.0,,Bismack Biyombo,3,0,2013-2014,2.0,0,3.0,CHA,103,Al Jefferson,,,,,,,,,,,,,39:20,Luke Ridnour,31:09,Josh McRoberts,30:24,Chris Douglas-Roberts,28:10,Gerald Henderson,24:44,Gary Neal,23:19,Michael Kidd-Gilchrist,19:48,Cody Zeller,17:36,Jannero Pargo,16:52
0,,0,,1,,105,1,0,0.0,0,,0.0,,0.0,0,2,.500,4,,Logos via Sports Logos.net / About logos,W,https://www.basketball-reference.com/boxscores/201404120CHA.html,Home,111,11:58,1,100.0,PHI,Thaddeus Young,Casper Ware,11:25,,,,,,,,,,,37:46,Michael Carter-Williams,36:35,James Anderson,30:30,Hollis Thompson,27:11,Henry Sims,25:42,Byron Mullens,20:19,Elliot Williams,20:17,Tony Wroten,18:02,Brandon Davies,12:13,105,1,2,0.0,0.0,0.0,0.0,2.0,100.0,Bismack Biyombo,6,0,2013-2014,1.0,0,1.0,CHA,111,Al Jefferson,,,,,,,,,,,,,36:02,Luke Ridnour,30:43,Gerald Henderson,28:33,Josh McRoberts,26:37,Chris Douglas-Roberts,25:53,Michael Kidd-Gilchrist,22:07,Cody Zeller,21:23,Gary Neal,19:27,Jannero Pargo,17:17
0,,0,0.000,1,,95,2,3,50.0,1,1.000,1.0,100.0,1.0,1,0,.000,1,100.000,Logos via Sports Logos.net / About logos,W,https://www.basketball-reference.com/boxscores/201404140ATL.html,Away,93,13:14,3,50.0,ATL,Cartier Martin,,,,,,,,,,,,,35:35,Mike Scott,34:36,Lou Williams,34:13,Shelvin Mack,27:44,Dennis Schröder,23:41,Jeff Teague,22:47,Mike Muscala,21:29,Elton Brand,20:46,Pero Antić,19:09,93,0,2,2.0,100.0,0.0,0.0,0.0,0.0,Bismack Biyombo,2,0,2013-2014,2.0,0,6.0,CHA,95,Al Jefferson,Cody Zeller,12:28,,,,,,,,,,,34:46,Gary Neal,25:13,Kemba Walker,24:39,Gerald Henderson,24:03,Chris Douglas-Roberts,23:23,Michael Kidd-Gilchrist,23:21,Luke Ridnour,23:21,Anthony Tolliver,20:03,Josh McRoberts,15:29
0,,0,0.000,0,,86,1,5,71.4,2,.667,2.0,66.7,3.0,3,0,.000,2,66.667,Logos via Sports Logos.net / About logos,W,https://www.basketball-reference.com/boxscores/201404160CHA.html,Home,91,11:18,2,28.6,CHI,Jimmy Butler,,,,,,,,,,,,,47:55,Joakim Noah,42:23,Mike Dunleavy,42:01,D.J. Augustin,35:49,Taj Gibson,33:37,Kirk Hinrich,30:30,Carlos Boozer,24:00,Nazr Mohammed,6:00,Tony Snell,2:45,86,1,4,4.0,100.0,0.0,0.0,0.0,0.0,Bismack Biyombo,5,1,2013-2014,2.0,0,7.0,CHA,91,Al Jefferson,,,,,,,,,,,,,41:42,Kemba Walker,39:55,Josh McRoberts,34:34,Gerald Henderson,33:19,Chris Douglas-Roberts,29:49,Michael Kidd-Gilchrist,23:11,Gary Neal,19:41,Cody Zeller,18:26,Luke Ridnour,13:05
0,,0,,0,,88,0,1,50.0,0,,0.0,,0.0,0,0,,0,,Logos via Sports Logos.net / About logos,L,https://www.basketball-reference.com/boxscores/201404200MIA.html,Away,99,7:38,1,50.0,MIA,LeBron James,Rashard Lewis,8:02,,,,,,,,,,,38:32,Dwyane Wade,34:00,Chris Bosh,33:55,Norris Cole,28:47,Mario Chalmers,25:01,Ray Allen,22:52,Chris Andersen,21:38,James Jones,14:11,Udonis Haslem,13:02,99,1,0,0.0,,0.0,,0.0,,Bismack Biyombo,11,0,2013-2014,0.0,0,2.0,CHA,88,Kemba Walker,Anthony Tolliver,5:04,,,,,,,,,,,38:02,Josh McRoberts,36:57,Al Jefferson,35:18,Gerald Henderson,32:22,Gary Neal,27:50,Chris Douglas-Roberts,21:07,Michael Kidd-Gilchrist,14:41,Cody Zeller,11:03,Luke Ridnour,9:58
0,,0,,0,,98,2,1,100.0,0,,0.0,,0.0,0,1,.500,2,,Logos via Sports Logos.net / About logos,L,https://www.basketball-reference.com/boxscores/201404260CHA.html,Home,85,7:38,0,0.0,MIA,LeBron James,Rashard Lewis,5:32,Shane Battier,2:04,Toney Douglas,2:04,,,,,,,35:59,Dwyane Wade,33:44,Chris Bosh,33:02,Norris Cole,29:08,Mario Chalmers,26:41,Chris Andersen,22:02,Ray Allen,18:45,James Jones,16:49,Udonis Haslem,14:10,98,1,1,0.0,0.0,0.0,0.0,1.0,100.0,Bismack Biyombo,13,0,2013-2014,2.0,0,1.0,CHA,85,Josh McRoberts,Jannero Pargo,2:40,D.J. White,2:38,Anthony Tolliver,2:37,,,,,,,37:13,Al Jefferson,30:17,Gary Neal,28:24,Kemba Walker,27:15,Chris Douglas-Roberts,24:52,Gerald Henderson,21:23,Michael Kidd-Gilchrist,21:21,Luke Ridnour,18:05,Cody Zeller,15:37
0,,0,0.000,1,,109,0,4,50.0,3,.600,3.0,60.0,5.0,5,1,.250,4,80.000,Logos via Sports Logos.net / About logos,L,https://www.basketball-reference.com/boxscores/201404280CHA.html,Home,98,33:00,4,50.0,MIA,LeBron James,Rashard Lewis,4:48,,,,,,,,,,,42:54,Norris Cole,31:41,Chris Bosh,30:15,Dwyane Wade,29:56,James Jones,22:00,Mario Chalmers,21:36,Ray Allen,21:00,Chris Andersen,18:11,Udonis Haslem,17:39,109,2,7,6.0,85.7,0.0,0.0,1.0,14.3,Bismack Biyombo,11,0,2013-2014,0.0,0,8.0,CHA,98,Kemba Walker,,,,,,,,,,,,,42:57,Josh McRoberts,42:17,Gerald Henderson,33:40,Gary Neal,33:27,Michael Kidd-Gilchrist,20:57,Cody Zeller,15:00,Chris Douglas-Roberts,7:56,Anthony Tolliver,5:43,Luke Ridnour,5:03
0,,0,,0,0.00,92,0,0,,0,,0.0,,0.0,0,0,,0,,Logos via Sports Logos.net / About logos,L,https://www.basketball-reference.com/boxscores/201411090LAL.html,Away,107,2:41,0,,LAL,Wesley Johnson,Xavier Henry,7:22,,,,,,,,,,,35:28,Kobe Bryant,34:17,Jeremy Lin,32:41,Carlos Boozer,30:14,Jordan Hill,29:38,Ed Davis,22:10,Wayne Ellington,19:11,Ronnie Price,17:37,Robert Sacre,11:22,107,0,0,0.0,,0.0,,0.0,,Bismack Biyombo,15,0,2014-2015,0.0,1,0.0,CHO,92,Lance Stephenson,P.J. Hairston,9:53,Gerald Henderson,2:41,Jannero Pargo,2:41,,,,,,,34:55,Kemba Walker,34:00,Al Jefferson,33:47,Marvin Williams,29:18,Gary Neal,24:18,Michael Kidd-Gilchrist,24:13,Cody Zeller,18:42,Jason Maxiell,11:32,Brian Roberts,11:19
0,,0,0.000,2,2.00,103,0,5,50.0,3,.750,3.0,75.0,4.0,4,5,.833,6,150.000,Logos via Sports Logos.net / About logos,W,https://www.basketball-reference.com/boxscores/201411140PHO.html,Away,95,14:19,5,50.0,PHO,Eric Bledsoe,Gerald Green,7:41,,,,,,,,,,,37:55,Markieff Morris,36:29,Miles Plumlee,32:54,Goran Dragić,32:01,Marcus Morris,28:00,P.J. Tucker,23:17,Isaiah Thomas,19:41,Alex Len,14:04,Anthony Tolliver,7:58,95,4,11,6.0,54.5,0.0,0.0,5.0,45.5,Bismack Biyombo,8,0,2014-2015,0.0,1,10.0,CHO,103,Lance Stephenson,,,,,,,,,,,,,38:17,Al Jefferson,32:39,Kemba Walker,32:31,Cody Zeller,25:49,Gary Neal,25:15,Marvin Williams,23:13,P.J. Hairston,17:15,Brian Roberts,15:29,Gerald Henderson,15:13
0,,0,,0,0.00,87,2,3,75.0,0,,0.0,,0.0,0,3,.750,4,,Logos via Sports Logos.net / About logos,L,https://www.basketball-reference.com/boxscores/201411150GSW.html,Away,112,18:27,1,25.0,GSW,Draymond Green,Festus Ezeli,12:00,Justin Holiday,9:48,Brandon Rush,8:15,Ognjen Kuzmić,5:57,,,,,29:17,Stephen Curry,28:18,Klay Thompson,27:12,Andre Iguodala,25:35,Harrison Barnes,23:05,Andrew Bogut,21:33,Shaun Livingston,19:42,Leandro Barbosa,14:51,Marreese Speights,14:27,112,2,3,0.0,0.0,0.0,0.0,3.0,100.0,Bismack Biyombo,25,0,2014-2015,2.0,1,4.0,CHO,87,Gerald Henderson,Jason Maxiell,14:04,Gary Neal,10:34,Noah Vonleh,5:57,,,,,,,27:44,Kemba Walker,27:25,Lance Stephenson,25:04,Al Jefferson,23:36,Brian Roberts,20:35,Cody Zeller,19:01,P.J. Hairston,17:47,Marvin Williams,14:55,Jannero Pargo,14:51
0,,0,0.000,0,,107,2,3,37.5,2,.333,2.0,33.3,6.0,6,0,.000,2,33.333,Logos via Sports Logos.net / About logos,L,https://www.basketball-reference.com/boxscores/201411170CHO.html,Home,80,16:14,5,62.5,DAL,Chandler Parsons,Devin Harris,10:14,Greg Smith,9:11,Charlie Villanueva,7:42,,,,,,,31:26,Al-Farouq Aminu,29:52,Monta Ellis,29:44,Dirk Nowitzki,25:21,Jameer Nelson,24:55,Tyson Chandler,23:20,J.J. Barea,18:52,Brandan Wright,17:08,Jae Crowder,12:16,107,0,4,4.0,100.0,0.0,0.0,0.0,0.0,Bismack Biyombo,27,0,2014-2015,2.0,0,8.0,CHO,80,Gerald Henderson,Noah Vonleh,6:30,Jason Maxiell,6:30,,,,,,,,,37:20,Lance Stephenson,30:01,Kemba Walker,29:34,Al Jefferson,25:16,Cody Zeller,22:04,Marvin Williams,19:26,Brian Roberts,19:17,Jannero Pargo,18:01,P.J. Hairston,9:47
0,,0,0.000,0,,86,1,4,57.1,2,.500,2.0,50.0,4.0,4,0,,0,0.000,Logos via Sports Logos.net / About logos,L,https://www.basketball-reference.com/boxscores/201411190IND.html,Away,88,13:06,3,42.9,IND,Solomon Hill,Damjan Rudež,5:00,,,,,,,,,,,37:30,Donald Sloan,31:05,Roy Hibbert,30:08,Luis Scola,29:30,Chris Copeland,27:29,Rodney Stuckey,26:19,Lavoy Allen,18:30,Ian Mahinmi,17:34,A.J. Price,16:55,88,3,4,4.0,100.0,0.0,0.0,0.0,0.0,Bismack Biyombo,2,0,2014-2015,1.0,0,7.0,CHO,86,Kemba Walker,,,,,,,,,,,,,42:37,Lance Stephenson,39:20,Al Jefferson,34:36,Brian Roberts,29:48,Gerald Henderson,23:35,Marvin Williams,22:38,Cody Zeller,20:47,Jason Maxiell,13:32,,
0,,0,0.000,0,0.00,105,6,4,100.0,2,.667,2.0,66.7,3.0,3,0,.000,2,66.667,Logos via Sports Logos.net / About logos,L,https://www.basketball-reference.com/boxscores/201411210CHO.html,Home,100,12:22,0,0.0,ORL,Tobias Harris,Luke Ridnour,6:57,Dewayne Dedmon,3:51,Andrew Nicholson,3:10,,,,,,,39:39,Nikola Vučević,34:54,Evan Fournier,32:57,Elfrid Payton,26:48,Victor Oladipo,24:28,Channing Frye,23:01,Willie Green,17:48,Ben Gordon,15:33,Maurice Harkless,10:54,105,3,4,4.0,100.0,0.0,0.0,0.0,0.0,Bismack Biyombo,5,1,2014-2015,7.0,2,4.0,CHO,100,Lance Stephenson,,,,,,,,,,,,,37:51,Kemba Walker,37:24,Marvin Williams,33:17,Al Jefferson,31:02,Gary Neal,28:46,Gerald Henderson,26:54,Cody Zeller,14:48,Brian Roberts,13:42,Jason Maxiell,3:53
0,,0,,0,0.00,93,0,0,,0,,0.0,,0.0,0,0,,0,,Logos via Sports Logos.net / About logos,L,https://www.basketball-reference.com/boxscores/201411230MIA.html,Away,94,13:35,0,,MIA,Luol Deng,Chris Andersen,1:35,,,,,,,,,,,37:49,Mario Chalmers,37:47,Chris Bosh,35:51,Shabazz Napier,34:08,Shawne Williams,25:24,James Ennis III,17:41,Josh McRoberts,16:54,Shannon Brown,16:35,Udonis Haslem,16:16,94,1,0,0.0,,0.0,,0.0,,Bismack Biyombo,1,1,2014-2015,1.0,2,0.0,CHO,93,Kemba Walker,,,,,,,,,,,,,35:48,Al Jefferson,34:08,Lance Stephenson,33:23,Gary Neal,31:04,Cody Zeller,30:56,Marvin Williams,24:29,Gerald Henderson,21:01,Brian Roberts,15:36,,
0,,0,0.000,0,,113,1,7,77.8,1,1.000,1.0,100.0,1.0,1,3,.750,4,400.000,Logos via Sports Logos.net / About logos,L,https://www.basketball-reference.com/boxscores/201411240CHO.html,Home,92,16:16,2,22.2,LAC,DeAndre Jordan,Spencer Hawes,8:32,,,,,,,,,,,39:28,Chris Paul,38:28,Blake Griffin,38:24,JJ Redick,35:05,Jamal Crawford,26:03,Reggie Bullock,19:19,Hedo Türkoğlu,13:31,Jordan Farmar,11:34,Glen Davis,9:36,113,0,5,2.0,40.0,0.0,0.0,3.0,60.0,Bismack Biyombo,21,0,2014-2015,1.0,0,9.0,CHO,92,Kemba Walker,,,,,,,,,,,,,40:56,Gerald Henderson,32:07,Al Jefferson,31:44,Cody Zeller,28:46,Lance Stephenson,27:40,Brian Roberts,27:24,Marvin Williams,19:14,Gary Neal,14:17,Jannero Pargo,1:36
0,,0,0.000,0,0.00,105,1,1,33.3,1,.333,1.0,33.3,3.0,3,0,,0,0.000,Logos via Sports Logos.net / About logos,L,https://www.basketball-reference.com/boxscores/201411260CHO.html,Home,97,12:29,2,66.7,POR,Nicolas Batum,,,,,,,,,,,,,36:50,Damian Lillard,35:30,LaMarcus Aldridge,35:16,Wesley Matthews,34:16,Robin Lopez,30:38,Steve Blake,20:38,Chris Kaman,17:36,Allen Crabbe,16:53,Joel Freeland,12:23,105,2,2,2.0,100.0,0.0,0.0,0.0,0.0,Bismack Biyombo,8,0,2014-2015,1.0,1,3.0,CHO,97,Kemba Walker,,,,,,,,,,,,,36:49,Al Jefferson,35:24,Brian Roberts,32:28,Gerald Henderson,31:35,Cody Zeller,29:33,Lance Stephenson,22:35,P.J. Hairston,20:40,Marvin Williams,10:46,Jason Maxiell,7:41
0,,0,0.000,0,,106,2,6,75.0,4,.500,4.0,50.0,8.0,8,0,,0,0.000,Logos via Sports Logos.net / About logos,L,https://www.basketball-reference.com/boxscores/201411280CHO.html,Home,101,13:41,2,25.0,GSW,Klay Thompson,,,,,,,,,,,,,34:30,Draymond Green,32:22,Andre Iguodala,32:21,Stephen Curry,32:20,Harrison Barnes,28:34,Andrew Bogut,24:07,Marreese Speights,23:46,Brandon Rush,17:57,Shaun Livingston,14:04,106,1,8,8.0,100.0,0.0,0.0,0.0,0.0,Bismack Biyombo,5,0,2014-2015,2.0,0,8.0,CHO,101,Kemba Walker,,,,,,,,,,,,,42:42,Lance Stephenson,37:09,Al Jefferson,34:04,Cody Zeller,32:45,Brian Roberts,29:47,P.J. Hairston,18:38,Gerald Henderson,16:03,Jason Maxiell,15:11,,
0,,0,0.000,1,1.00,75,2,5,45.5,3,.750,3.0,75.0,4.0,4,1,.250,4,100.000,Logos via Sports Logos.net / About logos,L,https://www.basketball-reference.com/boxscores/201411290ATL.html,Away,105,20:39,6,54.5,ATL,Elton Brand,Dennis Schröder,17:01,Mike Muscala,12:00,Thabo Sefolosha,5:53,,,,,,,27:44,Shelvin Mack,23:56,Paul Millsap,23:53,DeMarre Carroll,23:53,Mike Scott,22:08,Kent Bazemore,21:59,Kyle Korver,21:41,Jeff Teague,20:59,Al Horford,18:53,105,1,7,6.0,85.7,0.0,0.0,1.0,14.3,Bismack Biyombo,30,0,2014-2015,2.0,1,11.0,CHO,75,Gerald Henderson,Noah Vonleh,12:00,,,,,,,,,,,34:38,P.J. Hairston,26:58,Kemba Walker,24:51,Cody Zeller,24:29,Lance Stephenson,23:22,Al Jefferson,20:51,Jason Maxiell,18:01,Brian Roberts,17:15,Jannero Pargo,16:56
0,,0,0.000,0,,102,0,3,75.0,2,.500,2.0,50.0,4.0,4,0,,0,0.000,Logos via Sports Logos.net / About logos,L,https://www.basketball-reference.com/boxscores/201412030CHO.html,Home,95,14:50,1,25.0,CHI,Jimmy Butler,,,,,,,,,,,,,38:48,Pau Gasol,36:11,Joakim Noah,31:46,Mike Dunleavy,30:24,Nikola Mirotić,28:03,Derrick Rose,27:48,Kirk Hinrich,26:27,Aaron Brooks,14:50,Tony Snell,5:42,102,1,4,4.0,100.0,0.0,0.0,0.0,0.0,Bismack Biyombo,7,0,2014-2015,0.0,0,4.0,CHO,95,Lance Stephenson,,,,,,,,,,,,,40:27,Kemba Walker,36:26,Al Jefferson,33:10,Gerald Henderson,28:48,Marvin Williams,24:44,Cody Zeller,23:16,P.J. Hairston,19:12,Brian Roberts,18:57,Jannero Pargo,0:10
0,,0,0.000,0,0.00,102,2,0,0.0,3,1.000,3.0,100.0,3.0,3,1,.500,2,66.667,Logos via Sports Logos.net / About logos,W,https://www.basketball-reference.com/boxscores/201412050CHO.html,Home,103,13:31,3,100.0,NYK,Carmelo Anthony,Jason Smith,9:47,Shane Larkin,9:01,Travis Wear,3:59,Cole Aldrich,3:39,,,,,41:59,J.R. Smith,30:32,Amar'e Stoudemire,27:23,José Calderón,24:10,Samuel Dalembert,21:09,Pablo Prigioni,20:48,Tim Hardaway Jr.,18:01,Iman Shumpert,17:28,Quincy Acy,12:04,102,3,7,6.0,85.7,0.0,0.0,1.0,14.3,Bismack Biyombo,1,0,2014-2015,2.0,2,3.0,CHO,103,Kemba Walker,,,,,,,,,,,,,39:03,Lance Stephenson,38:03,Al Jefferson,34:29,Marvin Williams,31:19,Gerald Henderson,30:55,Gary Neal,21:37,Cody Zeller,16:41,Brian Roberts,8:57,P.J. Hairston,5:25
0,,0,,0,,87,0,1,50.0,0,,0.0,,0.0,0,2,1.000,2,,Logos via Sports Logos.net / About logos,W,https://www.basketball-reference.com/boxscores/201412100CHO.html,Home,96,10:35,1,50.0,BOS,Jeff Green,Marcus Smart,11:35,Phil Pressey,5:40,,,,,,,,,32:31,Rajon Rondo,32:04,Jared Sullinger,28:34,Tyler Zeller,26:35,Avery Bradley,24:38,Evan Turner,20:55,Kelly Olynyk,19:55,Marcus Thornton,18:47,Brandon Bass,18:46,87,2,2,0.0,0.0,0.0,0.0,2.0,100.0,Bismack Biyombo,9,0,2014-2015,0.0,0,2.0,CHO,96,Lance Stephenson,,,,,,,,,,,,,37:06,Kemba Walker,36:25,Al Jefferson,36:14,Gerald Henderson,25:54,Marvin Williams,24:10,Cody Zeller,23:57,Michael Kidd-Gilchrist,19:12,Gary Neal,14:52,Brian Roberts,11:35
0,,0,,1,0.50,107,2,4,57.1,0,,0.0,,0.0,0,1,.250,4,,Logos via Sports Logos.net / About logos,L,https://www.basketball-reference.com/boxscores/201412120MEM.html,Away,113,12:25,3,42.9,MEM,Tony Allen,Tayshaun Prince,14:41,Vince Carter,7:18,,,,,,,,,46:02,Zach Randolph,42:37,Mike Conley,41:54,Marc Gasol,36:38,Courtney Lee,29:44,Jon Leuer,18:51,Quincy Pondexter,18:27,Kosta Koufos,17:28,Beno Udrih,16:20,113,3,1,0.0,0.0,0.0,0.0,1.0,100.0,Bismack Biyombo,6,0,2014-2015,2.0,2,7.0,CHO,107,Kemba Walker,,,,,,,,,,,,,48:02,Al Jefferson,45:14,Gerald Henderson,36:45,Cody Zeller,34:18,Gary Neal,32:25,Lance Stephenson,28:11,Marvin Williams,24:08,Michael Kidd-Gilchrist,18:33,Brian Roberts,9:58
0,,0,0.000,0,,114,1,6,60.0,1,.500,1.0,50.0,2.0,2,2,.250,8,400.000,Logos via Sports Logos.net / About logos,L,https://www.basketball-reference.com/boxscores/201412130CHO.html,Home,87,24:46,4,40.0,BRK,Mason Plumlee,Jerome Jordan,7:19,Darius Morris,5:05,Markel Brown,5:05,,,,,,,38:22,Joe Johnson,31:29,Deron Williams,26:19,Alan Anderson,24:42,Cory Jefferson,23:24,Sergey Karasev,23:04,Jarrett Jack,20:14,Bojan Bogdanović,19:17,Brandon Davies,15:40,114,4,4,2.0,50.0,0.0,0.0,2.0,50.0,Bismack Biyombo,27,0,2014-2015,1.0,0,10.0,CHO,87,Michael Kidd-Gilchrist,P.J. Hairston,12:00,Jannero Pargo,7:27,,,,,,,,,27:54,Lance Stephenson,27:28,Kemba Walker,26:57,Al Jefferson,23:14,Brian Roberts,21:03,Cody Zeller,19:41,Gary Neal,17:45,Marvin Williams,16:19,Gerald Henderson,15:26
0,,0,0.000,0,,88,4,6,85.7,1,1.000,1.0,100.0,1.0,1,2,.500,4,400.000,Logos via Sports Logos.net / About logos,L,https://www.basketball-reference.com/boxscores/201412150CLE.html,Away,97,15:45,1,14.3,CLE,LeBron James,,,,,,,,,,,,,40:18,Kyrie Irving,39:57,Kevin Love,38:47,Anderson Varejão,27:04,Shawn Marion,25:35,Tristan Thompson,25:17,Dion Waiters,23:52,Matthew Dellavedova,11:33,Joe Harris,7:37,97,0,4,2.0,50.0,0.0,0.0,2.0,50.0,Bismack Biyombo,9,0,2014-2015,4.0,0,7.0,CHO,88,Kemba Walker,,,,,,,,,,,,,34:37,Al Jefferson,32:15,Marvin Williams,29:33,Gary Neal,28:46,Lance Stephenson,24:37,Gerald Henderson,21:26,Michael Kidd-Gilchrist,21:11,Cody Zeller,18:27,Brian Roberts,13:23
0,,0,,1,,111,0,2,66.7,0,,0.0,,0.0,0,0,,0,,Logos via Sports Logos.net / About logos,L,https://www.basketball-reference.com/boxscores/201412170CHO.html,Home,106,7:26,1,33.3,PHO,Eric Bledsoe,,,,,,,,,,,,,39:24,Goran Dragić,37:07,Isaiah Thomas,28:24,P.J. Tucker,27:48,Marcus Morris,24:48,Markieff Morris,23:30,Gerald Green,21:00,Miles Plumlee,19:12,Alex Len,18:47,111,1,0,0.0,,0.0,,0.0,,Bismack Biyombo,5,1,2014-2015,1.0,0,3.0,CHO,106,Kemba Walker,,,,,,,,,,,,,38:13,Al Jefferson,35:34,Michael Kidd-Gilchrist,27:19,Gary Neal,26:57,Lance Stephenson,25:00,Cody Zeller,23:47,Marvin Williams,23:05,Gerald Henderson,22:52,Brian Roberts,9:47
0,,0,0.000,0,0.00,109,0,0,0.0,2,1.000,2.0,100.0,2.0,2,0,,0,0.000,Logos via Sports Logos.net / About logos,W,https://www.basketball-reference.com/boxscores/201412190PHI.html,Away,91,8:34,3,100.0,PHI,Luc Mbah a Moute,Jerami Grant,11:08,,,,,,,,,,,32:48,Nerlens Noel,30:50,Michael Carter-Williams,29:49,K.J. McDaniels,27:27,Robert Covington,26:46,Tony Wroten,24:23,Hollis Thompson,23:26,JaKarr Sampson,19:53,Henry Sims,13:30,91,2,4,4.0,100.0,0.0,0.0,0.0,0.0,Bismack Biyombo,18,0,2014-2015,0.0,2,3.0,CHO,109,Kemba Walker,,,,,,,,,,,,,37:49,Al Jefferson,36:08,Gerald Henderson,31:52,Michael Kidd-Gilchrist,30:44,Marvin Williams,28:47,Cody Zeller,22:31,Gary Neal,18:17,P.J. Hairston,15:07,Brian Roberts,10:11
0,,0,0.000,0,,86,0,3,60.0,1,1.000,1.0,100.0,1.0,1,0,,0,0.000,Logos via Sports Logos.net / About logos,W,https://www.basketball-reference.com/boxscores/201412200CHO.html,Home,104,17:39,2,40.0,UTA,Gordon Hayward,Joe Ingles,16:22,Steve Novak,8:33,Ian Clark,2:44,,,,,,,32:03,Alec Burks,30:21,Rudy Gobert,30:00,Trey Burke,23:16,Dante Exum,22:33,Enes Freedom,19:57,Trevor Booker,18:29,Derrick Favors,18:22,Rodney Hood,17:20,86,1,2,2.0,100.0,0.0,0.0,0.0,0.0,Bismack Biyombo,18,0,2014-2015,0.0,0,5.0,CHO,104,Michael Kidd-Gilchrist,Jason Maxiell,3:23,Jannero Pargo,3:23,Jeff Taylor,3:23,,,,,,,33:04,Kemba Walker,32:51,Gerald Henderson,28:50,Marvin Williams,28:50,Al Jefferson,26:58,Gary Neal,21:56,Cody Zeller,19:10,Brian Roberts,11:46,P.J. Hairston,8:47
0,,0,0.000,0,,82,0,3,75.0,3,1.000,3.0,100.0,3.0,3,0,,0,0.000,Logos via Sports Logos.net / About logos,W,https://www.basketball-reference.com/boxscores/201412220CHO.html,Home,110,16:19,1,25.0,DEN,Arron Afflalo,Erick Green,14:55,J.J. Hickson,12:51,,,,,,,,,31:52,Ty Lawson,31:15,Alonzo Gee,29:47,Wilson Chandler,25:22,Kenneth Faried,21:22,Nate Robinson,20:53,Jusuf Nurkić,19:49,Gary Harris,16:34,Timofey Mozgov,15:20,82,1,6,6.0,100.0,0.0,0.0,0.0,0.0,Bismack Biyombo,28,0,2014-2015,0.0,0,4.0,CHO,110,Kemba Walker,Jannero Pargo,8:06,Jason Maxiell,5:34,Jeff Taylor,5:34,,,,,,,29:42,Al Jefferson,26:07,Marvin Williams,25:30,Gary Neal,23:33,Michael Kidd-Gilchrist,22:46,P.J. Hairston,20:59,Cody Zeller,18:55,Gerald Henderson,18:37,Brian Roberts,18:18
0,,0,0.000,0,,108,3,2,40.0,1,.500,1.0,50.0,2.0,2,2,.333,6,300.000,Logos via Sports Logos.net / About logos,W,https://www.basketball-reference.com/boxscores/201412230MIL.html,Away,101,16:16,3,60.0,MIL,Giannis Antetokounmpo,Kendall Marshall,13:23,Johnny O'Bryant,5:58,,,,,,,,,34:32,Brandon Knight,33:31,Jared Dudley,28:34,Larry Sanders,27:16,Jerryd Bayless,21:55,O.J. Mayo,21:22,Khris Middleton,20:07,Zaza Pachulia,16:55,Ersan İlyasova,16:27,101,2,4,2.0,50.0,0.0,0.0,2.0,50.0,Bismack Biyombo,7,0,2014-2015,3.0,0,5.0,CHO,108,Kemba Walker,,,,,,,,,,,,,35:55,Gerald Henderson,31:53,Al Jefferson,31:14,Michael Kidd-Gilchrist,27:27,Marvin Williams,27:00,Cody Zeller,21:30,Gary Neal,19:52,P.J. Hairston,16:48,Brian Roberts,12:05
0,,0,0.000,0,0.00,75,1,6,85.7,0,.000,0.0,0.0,2.0,2,0,,0,0.000,Logos via Sports Logos.net / About logos,L,https://www.basketball-reference.com/boxscores/201412260OKC.html,Away,98,18:36,1,14.3,OKC,Anthony Morrow,Reggie Jackson,14:43,Ish Smith,7:56,Grant Jerrett,7:56,Lance Thomas,4:52,,,,,28:17,Andre Roberson,26:06,Russell Westbrook,25:27,Steven Adams,25:04,Serge Ibaka,24:44,Perry Jones,20:54,Jeremy Lamb,20:43,Kendrick Perkins,17:58,Nick Collison,15:20,98,3,0,0.0,,0.0,,0.0,,Bismack Biyombo,23,0,2014-2015,1.0,3,7.0,CHO,75,Kemba Walker,Jeff Taylor,9:05,Jason Maxiell,8:07,Noah Vonleh,7:22,,,,,,,29:31,P.J. Hairston,27:14,Gerald Henderson,23:10,Marvin Williams,22:11,Al Jefferson,21:56,Michael Kidd-Gilchrist,19:23,Brian Roberts,18:35,Cody Zeller,17:42,Gary Neal,17:08
0,,0,,0,0.00,102,1,2,100.0,0,,0.0,,0.0,0,0,,0,,Logos via Sports Logos.net / About logos,L,https://www.basketball-reference.com/boxscores/201412270CHO.html,Home,94,9:57,0,0.0,ORL,Victor Oladipo,,,,,,,,,,,,,37:30,Elfrid Payton,35:18,Evan Fournier,35:01,Nikola Vučević,34:28,Tobias Harris,34:22,Channing Frye,20:38,Ben Gordon,17:21,Kyle O'Quinn,14:27,Dewayne Dedmon,10:55,102,1,0,0.0,,0.0,,0.0,,Bismack Biyombo,8,0,2014-2015,1.0,1,2.0,CHO,94,Kemba Walker,,,,,,,,,,,,,42:09,Michael Kidd-Gilchrist,35:03,Al Jefferson,32:37,Gerald Henderson,29:00,Marvin Williams,27:10,Gary Neal,26:16,Cody Zeller,18:54,P.J. Hairston,11:44,Brian Roberts,7:10
0,,0,0.000,0,0.00,104,2,2,40.0,0,.000,0.0,0.0,2.0,2,0,.000,2,100.000,Logos via Sports Logos.net / About logos,L,https://www.basketball-reference.com/boxscores/201412290CHO.html,Home,94,8:08,3,60.0,MIL,Brandon Knight,Johnny O'Bryant,9:53,,,,,,,,,,,36:18,Jared Dudley,35:21,Giannis Antetokounmpo,35:08,O.J. Mayo,33:49,Khris Middleton,30:00,Zaza Pachulia,28:14,John Henson,20:41,Kendall Marshall,18:00,Jerryd Bayless,17:36,104,1,0,0.0,,0.0,,0.0,,Bismack Biyombo,10,0,2014-2015,2.0,1,5.0,CHO,94,Kemba Walker,,,,,,,,,,,,,48:35,Gerald Henderson,39:17,Marvin Williams,35:46,Cody Zeller,32:02,Al Jefferson,27:34,Michael Kidd-Gilchrist,25:30,Brian Roberts,20:13,Gary Neal,15:27,P.J. Hairston,12:28
0,,0,0.000,0,,83,3,5,71.4,1,.500,1.0,50.0,2.0,2,7,.700,10,500.000,Logos via Sports Logos.net / About logos,L,https://www.basketball-reference.com/boxscores/201412310HOU.html,Away,102,25:42,2,28.6,HOU,Trevor Ariza,Nick Johnson,2:29,Isaiah Canaan,2:29,Kostas Papanikolaou,2:29,,,,,,,35:46,James Harden,33:11,Dwight Howard,28:42,Josh Smith,27:30,Patrick Beverley,26:30,Donatas Motiejūnas,24:25,Corey Brewer,22:05,Jason Terry,19:01,Joey Dorsey,15:23,102,3,9,2.0,22.2,0.0,0.0,7.0,77.8,Bismack Biyombo,19,0,2014-2015,3.0,0,7.0,CHO,83,Kemba Walker,Noah Vonleh,2:29,,,,,,,,,,,34:36,Gerald Henderson,31:01,Michael Kidd-Gilchrist,28:10,Cody Zeller,26:11,Gary Neal,26:10,Jason Maxiell,22:18,Marvin Williams,16:04,P.J. Hairston,13:56,Brian Roberts,13:24
0,,0,,0,0.00,91,0,6,75.0,0,,0.0,,0.0,0,2,1.000,2,,Logos via Sports Logos.net / About logos,L,https://www.basketball-reference.com/boxscores/201501020CHO.html,Home,87,26:54,2,25.0,CLE,Tristan Thompson,,,,,,,,,,,,,42:42,Kyrie Irving,41:31,Kevin Love,37:51,Dion Waiters,34:11,Matthew Dellavedova,33:45,Shawn Marion,23:30,Mike Miller,20:39,James Jones,3:07,Brendan Haywood,2:45,91,3,2,0.0,0.0,0.0,0.0,2.0,100.0,Bismack Biyombo,4,1,2014-2015,1.0,2,8.0,CHO,87,Kemba Walker,,,,,,,,,,,,,40:27,Michael Kidd-Gilchrist,29:17,Marvin Williams,28:31,Gerald Henderson,26:33,Gary Neal,24:19,Cody Zeller,20:05,Jason Maxiell,17:18,P.J. Hairston,16:56,Brian Roberts,9:40
0,,0,,0,,98,1,2,100.0,0,,0.0,,0.0,0,0,,0,,Logos via Sports Logos.net / About logos,W,https://www.basketball-reference.com/boxscores/201501030ORL.html,Away,90,17:18,0,0.0,ORL,Tobias Harris,Devyn Marble,6:42,Dewayne Dedmon,4:58,,,,,,,,,39:57,Nikola Vučević,35:23,Elfrid Payton,35:01,Victor Oladipo,32:22,Evan Fournier,28:20,Kyle O'Quinn,20:20,Luke Ridnour,12:59,Channing Frye,12:40,Ben Gordon,11:18,90,3,0,0.0,,0.0,,0.0,,Bismack Biyombo,8,1,2014-2015,2.0,0,2.0,CHO,98,Kemba Walker,,,,,,,,,,,,,38:48,Michael Kidd-Gilchrist,36:16,Gerald Henderson,29:22,Jason Maxiell,29:19,Marvin Williams,28:55,Cody Zeller,20:28,Gary Neal,19:02,Brian Roberts,14:45,P.J. Hairston,5:47
0,,0,0.000,0,0.00,104,2,7,70.0,2,.400,2.0,40.0,5.0,5,0,,0,0.000,Logos via Sports Logos.net / About logos,W,https://www.basketball-reference.com/boxscores/201501050BOS.html,Away,95,27:03,3,30.0,BOS,Jared Sullinger,Phil Pressey,14:10,Kelly Olynyk,13:32,Brandan Wright,9:43,Gerald Wallace,3:44,,,,,33:03,Jeff Green,25:42,Jae Crowder,25:31,Marcus Smart,20:46,Brandon Bass,20:36,Evan Turner,20:09,Avery Bradley,19:45,James Young,17:31,Tyler Zeller,15:48,95,2,4,4.0,100.0,0.0,0.0,0.0,0.0,Bismack Biyombo,9,1,2014-2015,3.0,1,10.0,CHO,104,Kemba Walker,,,,,,,,,,,,,38:53,Gerald Henderson,33:41,Cody Zeller,33:12,Marvin Williams,29:45,Gary Neal,21:49,Michael Kidd-Gilchrist,18:08,Jason Maxiell,15:30,P.J. Hairston,12:52,Brian Roberts,9:07
0,,0,0.000,0,0.00,94,0,5,71.4,1,1.000,1.0,100.0,1.0,1,1,.500,2,200.000,Logos via Sports Logos.net / About logos,W,https://www.basketball-reference.com/boxscores/201501070CHO.html,Home,98,28:13,2,28.6,NOP,Anthony Davis,,,,,,,,,,,,,41:31,Eric Gordon,38:59,Jrue Holiday,38:24,Tyreke Evans,35:22,Ryan Anderson,29:00,Dante Cunningham,21:22,Ömer Aşık,20:55,Jimmer Fredette,10:05,Alexis Ajinça,4:22,94,5,3,2.0,66.7,0.0,0.0,1.0,33.3,Bismack Biyombo,4,0,2014-2015,0.0,1,7.0,CHO,98,Kemba Walker,,,,,,,,,,,,,36:25,Michael Kidd-Gilchrist,35:43,Gerald Henderson,35:34,Cody Zeller,27:48,Marvin Williams,25:10,Gary Neal,17:06,Jason Maxiell,14:49,Brian Roberts,11:35,P.J. Hairston,7:37
0,,0,0.000,0,,103,2,4,66.7,2,.400,2.0,40.0,5.0,5,2,.400,5,100.000,Logos via Sports Logos.net / About logos,W,https://www.basketball-reference.com/boxscores/201501080TOR.html,Away,95,27:07,2,33.3,TOR,Kyle Lowry,Landry Fields,9:48,,,,,,,,,,,36:10,Greivis Vásquez,29:34,Patrick Patterson,28:46,Lou Williams,28:21,James Johnson,23:22,Terrence Ross,21:46,Jonas Valančiūnas,21:34,Amir Johnson,21:29,Tyler Hansbrough,19:09,95,5,6,4.0,66.7,0.0,0.0,2.0,33.3,Bismack Biyombo,8,0,2014-2015,2.0,0,6.0,CHO,103,Kemba Walker,,,,,,,,,,,,,40:58,Marvin Williams,38:06,Gerald Henderson,37:33,Michael Kidd-Gilchrist,30:17,Jason Maxiell,20:53,Gary Neal,17:57,Brian Roberts,17:15,Noah Vonleh,9:54,,
0,,0,0.000,1,0.33,110,1,5,41.7,5,.714,5.0,71.4,7.0,7,4,.800,5,71.429,Logos via Sports Logos.net / About logos,W,https://www.basketball-reference.com/boxscores/201501100NYK.html,Away,82,20:51,7,58.3,NYK,Travis Wear,Pablo Prigioni,4:16,,,,,,,,,,,30:18,Cleanthony Early,29:52,José Calderón,29:08,Shane Larkin,27:28,Cole Aldrich,26:58,Tim Hardaway Jr.,26:41,Jason Smith,23:00,Quincy Acy,21:59,Langston Galloway,20:20,82,1,14,10.0,71.4,0.0,0.0,4.0,28.6,Bismack Biyombo,28,1,2014-2015,2.0,3,12.0,CHO,110,Brian Roberts,Noah Vonleh,9:12,,,,,,,,,,,30:56,Kemba Walker,28:24,Jason Maxiell,27:09,Michael Kidd-Gilchrist,25:23,Gerald Henderson,24:40,P.J. Hairston,22:37,Marvin Williams,21:41,Cody Zeller,17:07,Jeff Taylor,12:00
0,,0,0.000,0,,98,5,8,53.3,4,.667,4.0,66.7,6.0,6,4,.444,9,150.000,Logos via Sports Logos.net / About logos,L,https://www.basketball-reference.com/boxscores/201501140CHO.html,Home,93,29:12,7,46.7,SAS,Danny Green,Austin Daye,6:20,,,,,,,,,,,36:08,Tim Duncan,30:46,Cory Joseph,29:51,Matt Bonner,29:29,Patty Mills,25:24,Manu Ginóbili,23:43,Tony Parker,23:14,Boris Diaw,17:48,Tiago Splitter,17:18,98,2,12,8.0,66.7,0.0,0.0,4.0,33.3,Bismack Biyombo,5,0,2014-2015,5.0,0,15.0,CHO,93,Kemba Walker,,,,,,,,,,,,,35:27,Cody Zeller,32:13,Gerald Henderson,29:37,Michael Kidd-Gilchrist,26:56,P.J. Hairston,21:12,Lance Stephenson,18:23,Jason Maxiell,17:31,Marvin Williams,16:56,Brian Roberts,12:33
0,,0,0.000,0,0.00,71,2,7,50.0,3,.429,3.0,42.9,7.0,7,2,.333,6,85.714,Logos via Sports Logos.net / About logos,W,https://www.basketball-reference.com/boxscores/201501170CHO.html,Home,80,36:25,7,50.0,IND,David West,Luis Scola,15:13,Chris Copeland,0:34,,,,,,,,,37:15,Solomon Hill,31:44,Roy Hibbert,31:30,C.J. Watson,28:57,Rodney Stuckey,28:33,Damjan Rudež,24:45,Donald Sloan,24:03,C.J. Miles,21:30,Ian Mahinmi,20:56,71,4,8,6.0,75.0,0.0,0.0,2.0,25.0,Bismack Biyombo,9,0,2014-2015,2.0,1,14.0,CHO,80,Brian Roberts,,,,,,,,,,,,,39:39,Michael Kidd-Gilchrist,36:16,Gerald Henderson,33:14,Marvin Williams,28:01,Cody Zeller,25:46,Lance Stephenson,19:46,P.J. Hairston,16:10,Jason Maxiell,15:48,Gary Neal,13:55
0,,0,0.000,0,,80,1,4,66.7,3,1.000,3.0,100.0,3.0,3,2,.400,5,166.667,Logos via Sports Logos.net / About logos,W,https://www.basketball-reference.com/boxscores/201501190CHO.html,Home,105,22:56,2,33.3,MIN,Gorgui Dieng,Glenn Robinson III,3:30,Miroslav Raduljica,2:35,,,,,,,,,33:13,Andrew Wiggins,31:50,Thaddeus Young,31:45,Mo Williams,29:10,Anthony Bennett,24:57,Robbie Hummel,24:10,Zach LaVine,22:40,Chase Budinger,20:45,Troy Daniels,15:25,80,2,8,6.0,75.0,0.0,0.0,2.0,25.0,Bismack Biyombo,25,0,2014-2015,1.0,0,6.0,CHO,105,Brian Roberts,Jeff Taylor,6:55,Noah Vonleh,6:03,,,,,,,,,27:17,Lance Stephenson,26:46,Al Jefferson,25:04,Marvin Williams,24:08,Michael Kidd-Gilchrist,23:30,Gerald Henderson,21:14,Gary Neal,20:43,Cody Zeller,17:49,P.J. Hairston,17:35
0,,0,0.000,0,0.00,76,2,4,33.3,5,.500,5.0,50.0,10.0,10,2,.667,3,30.000,Logos via Sports Logos.net / About logos,W,https://www.basketball-reference.com/boxscores/201501210CHO.html,Home,78,25:28,8,66.7,MIA,Chris Bosh,Norris Cole,8:25,,,,,,,,,,,34:21,Dwyane Wade,33:19,Mario Chalmers,32:00,James Ennis III,28:09,Shawne Williams,26:52,Shabazz Napier,22:16,Chris Andersen,19:51,Danny Granger,19:51,Udonis Haslem,14:56,76,2,12,10.0,83.3,0.0,0.0,2.0,16.7,Bismack Biyombo,2,1,2014-2015,3.0,2,12.0,CHO,78,Kemba Walker,,,,,,,,,,,,,34:10,Cody Zeller,31:53,Gerald Henderson,30:00,Michael Kidd-Gilchrist,28:15,Lance Stephenson,21:44,Marvin Williams,19:44,Al Jefferson,18:55,Gary Neal,16:01,Brian Roberts,13:50
0,,0,0.000,0,,90,0,2,40.0,4,.667,4.0,66.7,6.0,6,2,1.000,2,33.333,Logos via Sports Logos.net / About logos,L,https://www.basketball-reference.com/boxscores/201501230CLE.html,Away,129,24:15,3,60.0,CLE,Kevin Love,Brendan Haywood,11:02,Iman Shumpert,9:51,James Jones,9:03,Joe Harris,6:43,,,,,29:59,J.R. Smith,28:48,Kyrie Irving,27:48,LeBron James,26:37,Tristan Thompson,21:41,Timofey Mozgov,21:18,Matthew Dellavedova,19:38,Shawn Marion,15:32,Mike Miller,12:00,129,4,10,8.0,80.0,0.0,0.0,2.0,20.0,Bismack Biyombo,39,0,2014-2015,0.0,0,5.0,CHO,90,Lance Stephenson,Jason Maxiell,9:03,Jeff Taylor,6:43,P.J. Hairston,6:43,,,,,,,26:28,Kemba Walker,25:25,Al Jefferson,23:45,Michael Kidd-Gilchrist,23:09,Gerald Henderson,21:32,Marvin Williams,20:34,Cody Zeller,18:23,Gary Neal,18:08,Brian Roberts,15:52
0,,0,0.000,0,,71,1,0,0.0,0,.000,0.0,0.0,2.0,2,0,,0,0.000,Logos via Sports Logos.net / About logos,W,https://www.basketball-reference.com/boxscores/201501240CHO.html,Home,76,7:12,2,100.0,NYK,Lance Thomas,Travis Wear,9:30,Quincy Acy,8:59,,,,,,,,,41:25,Tim Hardaway Jr.,34:44,Langston Galloway,32:07,Jason Smith,31:53,Lou Amundson,22:18,Shane Larkin,18:46,Cole Aldrich,17:55,Amar'e Stoudemire,12:00,Pablo Prigioni,10:23,71,2,0,0.0,,0.0,,0.0,,Bismack Biyombo,5,0,2014-2015,1.0,0,2.0,CHO,76,Brian Roberts,Jason Maxiell,10:44,,,,,,,,,,,32:59,Cody Zeller,32:18,Al Jefferson,30:29,Michael Kidd-Gilchrist,29:54,Gerald Henderson,29:35,Lance Stephenson,28:40,Gary Neal,15:31,Marvin Williams,11:45,P.J. Hairston,10:53
0,,0,0.000,0,0.00,98,1,2,66.7,1,.333,1.0,33.3,3.0,3,1,.500,2,66.667,Logos via Sports Logos.net / About logos,W,https://www.basketball-reference.com/boxscores/201503010ORL.html,Away,83,14:00,1,33.3,ORL,Victor Oladipo,Ben Gordon,12:00,Luke Ridnour,8:12,,,,,,,,,38:07,Tobias Harris,33:55,Willie Green,32:07,Nikola Vučević,30:52,Dewayne Dedmon,20:26,Channing Frye,18:24,Andrew Nicholson,17:01,Maurice Harkless,16:19,Elfrid Payton,12:37,83,3,3,2.0,66.7,0.0,0.0,1.0,33.3,Bismack Biyombo,15,0,2014-2015,1.0,2,3.0,CHO,98,Michael Kidd-Gilchrist,,,,,,,,,,,,,38:32,Mo Williams,37:47,Al Jefferson,34:00,Gerald Henderson,33:58,Cody Zeller,25:03,Lance Stephenson,20:00,Marvin Williams,19:51,Brian Roberts,16:49,,
0,,0,0.000,0,0.00,103,0,1,100.0,0,.000,0.0,0.0,1.0,1,0,,0,0.000,Logos via Sports Logos.net / About logos,W,https://www.basketball-reference.com/boxscores/201503030CHO.html,Home,104,10:29,0,0.0,LAL,Wayne Ellington,,,,,,,,,,,,,36:37,Jordan Clarkson,33:01,Jeremy Lin,30:15,Carlos Boozer,25:26,Wesley Johnson,24:48,Ed Davis,23:16,Jordan Hill,22:34,Ryan Kelly,22:13,Robert Sacre,21:50,103,0,0,0.0,,0.0,,0.0,,Bismack Biyombo,1,0,2014-2015,0.0,1,1.0,CHO,104,Gerald Henderson,,,,,,,,,,,,,37:32,Mo Williams,37:22,Michael Kidd-Gilchrist,37:18,Al Jefferson,37:14,Marvin Williams,27:11,Cody Zeller,21:06,Brian Roberts,16:23,Lance Stephenson,9:33,Jeff Taylor,5:52
0,,0,0.000,1,1.00,115,1,4,50.0,1,1.000,1.0,100.0,1.0,1,5,.833,6,600.000,Logos via Sports Logos.net / About logos,W,https://www.basketball-reference.com/boxscores/201503040BRK.html,Away,91,18:19,4,50.0,BRK,Deron Williams,Cory Jefferson,13:46,Jerome Jordan,9:03,Sergey Karasev,6:21,Darius Morris,6:21,,,,,27:00,Bojan Bogdanović,24:20,Thaddeus Young,24:20,Markel Brown,23:38,Joe Johnson,23:33,Alan Anderson,21:46,Jarrett Jack,20:55,Mason Plumlee,20:25,Brook Lopez,18:32,91,3,7,2.0,28.6,0.0,0.0,5.0,71.4,Bismack Biyombo,24,0,2014-2015,1.0,1,8.0,CHO,115,Michael Kidd-Gilchrist,Jeff Taylor,6:21,Troy Daniels,5:00,Noah Vonleh,4:30,,,,,,,33:52,Mo Williams,31:24,Gerald Henderson,31:11,Marvin Williams,25:58,Al Jefferson,25:11,Lance Stephenson,20:44,Cody Zeller,15:41,Brian Roberts,15:28,Jason Maxiell,6:21
0,,0,0.000,0,0.00,94,1,2,100.0,1,.333,1.0,33.3,3.0,3,0,,0,0.000,Logos via Sports Logos.net / About logos,W,https://www.basketball-reference.com/boxscores/201503060CHO.html,Home,103,13:53,0,0.0,TOR,DeMar DeRozan,Tyler Hansbrough,5:13,Chuck Hayes,3:15,,,,,,,,,39:05,Kyle Lowry,38:13,Terrence Ross,32:13,Patrick Patterson,27:07,Amir Johnson,25:42,Jonas Valančiūnas,22:30,James Johnson,17:26,Lou Williams,15:41,Greivis Vásquez,13:35,94,0,2,2.0,100.0,0.0,0.0,0.0,0.0,Bismack Biyombo,9,0,2014-2015,1.0,1,2.0,CHO,103,Mo Williams,,,,,,,,,,,,,36:09,Michael Kidd-Gilchrist,34:44,Al Jefferson,34:07,Gerald Henderson,32:39,Cody Zeller,27:23,Lance Stephenson,24:00,Marvin Williams,20:37,Brian Roberts,16:28,,
0,,0,0.000,1,,108,1,0,,3,1.000,3.0,100.0,3.0,3,1,.500,2,66.667,Logos via Sports Logos.net / About logos,W,https://www.basketball-reference.com/boxscores/201503080DET.html,Away,101,12:51,0,,DET,Greg Monroe,Caron Butler,13:31,,,,,,,,,,,35:24,Reggie Jackson,33:30,Kentavious Caldwell-Pope,31:50,Tayshaun Prince,31:31,Jodie Meeks,23:50,Andre Drummond,23:35,Anthony Tolliver,17:03,Shawne Williams,15:16,John Lucas III,14:30,101,2,7,6.0,85.7,0.0,0.0,1.0,14.3,Bismack Biyombo,7,0,2014-2015,1.0,0,0.0,CHO,108,Gerald Henderson,Jeff Taylor,3:29,,,,,,,,,,,37:27,Mo Williams,37:13,Michael Kidd-Gilchrist,31:56,Al Jefferson,29:42,Marvin Williams,24:31,Lance Stephenson,22:20,Cody Zeller,20:05,Brian Roberts,14:59,Jason Maxiell,5:27
0,,0,0.000,0,0.00,95,1,7,77.8,1,.333,1.0,33.3,3.0,3,1,.333,3,100.000,Logos via Sports Logos.net / About logos,L,https://www.basketball-reference.com/boxscores/201503090CHO.html,Home,69,19:20,2,22.2,WAS,Bradley Beal,Paul Pierce,18:04,DeJuan Blair,4:40,Rasual Butler,4:34,,,,,,,31:27,John Wall,29:16,Marcin Gortat,28:06,Drew Gooden,23:39,Otto Porter Jr.,23:11,Kevin Séraphin,19:54,Nenê,19:22,Garrett Temple,19:03,Ramon Sessions,18:44,95,1,3,2.0,66.7,0.0,0.0,1.0,33.3,Bismack Biyombo,26,1,2014-2015,2.0,3,9.0,CHO,69,Mo Williams,Troy Daniels,5:44,Jeff Taylor,4:36,Noah Vonleh,4:36,,,,,,,32:39,Michael Kidd-Gilchrist,29:52,Al Jefferson,28:40,Gerald Henderson,25:12,Brian Roberts,23:40,Lance Stephenson,23:35,Marvin Williams,20:25,Jason Maxiell,14:49,Cody Zeller,6:52
0,,0,0.000,0,,113,3,3,50.0,3,1.000,3.0,100.0,3.0,3,1,.500,2,66.667,Logos via Sports Logos.net / About logos,L,https://www.basketball-reference.com/boxscores/201503110CHO.html,Home,106,23:19,3,50.0,SAC,Ben McLemore,,,,,,,,,,,,,40:48,Rudy Gay,38:46,DeMarcus Cousins,34:04,Andre Miller,25:49,Ray McCallum,25:16,Derrick Williams,23:27,Carl Landry,19:00,Omri Casspi,18:53,Jason Thompson,13:56,113,4,7,6.0,85.7,0.0,0.0,1.0,14.3,Bismack Biyombo,7,2,2014-2015,5.0,0,6.0,CHO,106,Mo Williams,,,,,,,,,,,,,38:26,Gerald Henderson,34:01,Marvin Williams,32:04,Michael Kidd-Gilchrist,31:53,Lance Stephenson,25:18,Al Jefferson,24:23,Kemba Walker,16:24,Jason Maxiell,14:12,,
0,,0,0.000,1,1.00,91,1,4,40.0,2,.500,2.0,50.0,4.0,4,6,1.000,6,150.000,Logos via Sports Logos.net / About logos,W,https://www.basketball-reference.com/boxscores/201503130CHO.html,Home,101,21:41,6,60.0,CHI,Pau Gasol,Nazr Mohammed,0:36,,,,,,,,,,,36:15,Tony Snell,36:12,Nikola Mirotić,34:55,Aaron Brooks,34:29,Mike Dunleavy,25:37,Joakim Noah,24:14,Doug McDermott,22:23,Kirk Hinrich,13:31,E'Twaun Moore,11:48,91,5,10,4.0,40.0,0.0,0.0,6.0,60.0,Bismack Biyombo,10,0,2014-2015,1.0,1,10.0,CHO,101,Marvin Williams,,,,,,,,,,,,,39:04,Michael Kidd-Gilchrist,37:06,Gerald Henderson,33:34,Mo Williams,32:13,Kemba Walker,28:29,Jason Maxiell,25:08,Lance Stephenson,21:35,Noah Vonleh,1:11,,
0,,0,,0,,66,1,3,75.0,0,,0.0,,0.0,0,1,.500,2,,Logos via Sports Logos.net / About logos,L,https://www.basketball-reference.com/boxscores/201503160UTA.html,Away,94,24:12,1,25.0,UTA,Rudy Gobert,Jack Cooley,10:04,Jeremy Evans,5:57,Bryce Cotton,3:33,,,,,,,29:53,Dante Exum,27:16,Gordon Hayward,26:57,Derrick Favors,25:28,Elijah Millsap,24:20,Joe Ingles,23:49,Trey Burke,21:56,Rodney Hood,21:44,Trevor Booker,19:03,94,3,1,0.0,0.0,0.0,0.0,1.0,100.0,Bismack Biyombo,28,0,2014-2015,1.0,0,4.0,CHO,66,Michael Kidd-Gilchrist,Brian Roberts,5:57,Noah Vonleh,5:57,Troy Daniels,3:33,,,,,,,30:04,Kemba Walker,24:46,Lance Stephenson,23:58,Al Jefferson,23:48,Mo Williams,23:39,Marvin Williams,23:10,Gerald Henderson,22:20,Jason Maxiell,16:36,Jeff Taylor,12:00
0,,0,0.000,0,,92,2,6,75.0,0,.000,0.0,0.0,1.0,1,2,1.000,2,200.000,Logos via Sports Logos.net / About logos,L,https://www.basketball-reference.com/boxscores/201503170LAC.html,Away,99,14:19,2,25.0,LAC,JJ Redick,Dahntay Jones,8:21,,,,,,,,,,,39:12,Blake Griffin,36:22,Chris Paul,35:25,DeAndre Jordan,33:58,Nate Robinson,21:24,Hedo Türkoğlu,21:20,Austin Rivers,18:17,Glen Davis,14:29,Spencer Hawes,11:11,99,1,2,0.0,0.0,0.0,0.0,2.0,100.0,Bismack Biyombo,7,0,2014-2015,2.0,0,8.0,CHO,92,Michael Kidd-Gilchrist,,,,,,,,,,,,,37:29,Gerald Henderson,36:35,Mo Williams,35:29,Al Jefferson,33:41,Marvin Williams,30:19,Kemba Walker,24:10,Jason Maxiell,17:41,Lance Stephenson,10:17,,
0,,0,0.000,0,,91,1,3,100.0,1,1.000,1.0,100.0,1.0,1,0,,0,0.000,Logos via Sports Logos.net / About logos,L,https://www.basketball-reference.com/boxscores/201503200SAC.html,Away,101,13:14,0,0.0,SAC,Rudy Gay,Carl Landry,6:33,,,,,,,,,,,37:05,Omri Casspi,33:00,Ben McLemore,26:59,Jason Thompson,26:57,Andre Miller,24:58,Derrick Williams,24:33,Ray McCallum,23:27,Reggie Evans,20:38,Nik Stauskas,15:50,101,2,2,2.0,100.0,0.0,0.0,0.0,0.0,Bismack Biyombo,10,1,2014-2015,2.0,0,3.0,CHO,91,Michael Kidd-Gilchrist,,,,,,,,,,,,,34:52,Al Jefferson,34:33,Kemba Walker,31:29,Mo Williams,31:27,Gerald Henderson,31:17,Marvin Williams,24:45,Lance Stephenson,19:14,Cody Zeller,19:09,,
0,,0,,0,,109,1,2,100.0,0,,0.0,,0.0,0,0,,0,,Logos via Sports Logos.net / About logos,W,https://www.basketball-reference.com/boxscores/201503220MIN.html,Away,98,14:38,0,0.0,MIN,Andrew Wiggins,,,,,,,,,,,,,38:20,Kevin Martin,36:40,Gorgui Dieng,35:46,Adreian Payne,35:27,Zach LaVine,30:50,Chase Budinger,24:47,Gary Neal,21:00,Lorenzo Brown,17:10,,,98,5,0,0.0,,0.0,,0.0,,Bismack Biyombo,11,0,2014-2015,1.0,0,2.0,CHO,109,Michael Kidd-Gilchrist,,,,,,,,,,,,,38:39,Marvin Williams,37:53,Kemba Walker,33:36,Al Jefferson,33:22,Gerald Henderson,32:41,Mo Williams,28:39,Lance Stephenson,20:32,,,,
0,,0,0.000,0,0.00,86,2,2,40.0,0,.000,0.0,0.0,2.0,2,1,.500,2,100.000,Logos via Sports Logos.net / About logos,L,https://www.basketball-reference.com/boxscores/201503230CHI.html,Away,98,19:25,3,60.0,CHI,Jimmy Butler,,,,,,,,,,,,,39:30,Aaron Brooks,33:22,Pau Gasol,32:51,Taj Gibson,31:36,Nikola Mirotić,31:33,Kirk Hinrich,29:30,Mike Dunleavy,25:21,Tony Snell,16:17,,,98,2,1,0.0,0.0,0.0,0.0,1.0,100.0,Bismack Biyombo,12,0,2014-2015,2.0,1,5.0,CHO,86,Marvin Williams,,,,,,,,,,,,,35:27,Kemba Walker,34:01,Gerald Henderson,33:43,Mo Williams,33:36,Michael Kidd-Gilchrist,29:35,Lance Stephenson,21:14,Al Jefferson,20:13,Jason Maxiell,11:24,Noah Vonleh,1:22
0,,0,0.000,0,,91,0,3,37.5,2,.400,2.0,40.0,5.0,5,1,1.000,1,20.000,Logos via Sports Logos.net / About logos,L,https://www.basketball-reference.com/boxscores/201503250CHO.html,Home,88,13:07,5,62.5,BRK,Brook Lopez,Cory Jefferson,6:06,,,,,,,,,,,39:14,Joe Johnson,35:13,Deron Williams,30:40,Bojan Bogdanović,25:02,Alan Anderson,24:49,Jarrett Jack,24:00,Thaddeus Young,22:46,Mason Plumlee,20:59,Markel Brown,11:11,91,2,5,4.0,80.0,0.0,0.0,1.0,20.0,Bismack Biyombo,3,0,2014-2015,0.0,0,8.0,CHO,88,Michael Kidd-Gilchrist,,,,,,,,,,,,,37:47,Gerald Henderson,36:48,Al Jefferson,34:53,Kemba Walker,32:35,Mo Williams,30:14,Marvin Williams,28:56,Lance Stephenson,13:41,Jason Maxiell,11:58,,
0,,0,0.000,0,0.00,107,4,3,60.0,0,.000,0.0,0.0,3.0,3,3,.750,4,133.333,Logos via Sports Logos.net / About logos,L,https://www.basketball-reference.com/boxscores/201503270WAS.html,Away,110,17:50,2,40.0,WAS,John Wall,Martell Webster,11:47,Will Bynum,2:55,,,,,,,,,48:29,Marcin Gortat,44:06,Bradley Beal,42:54,Drew Gooden,39:13,Rasual Butler,25:57,Paul Pierce,23:11,Nenê,19:57,Ramon Sessions,18:50,Kevin Séraphin,12:41,110,1,3,0.0,0.0,0.0,0.0,3.0,100.0,Bismack Biyombo,3,1,2014-2015,5.0,2,5.0,CHO,107,Kemba Walker,Jeff Taylor,0:33,,,,,,,,,,,46:20,Marvin Williams,43:48,Mo Williams,41:08,Gerald Henderson,40:16,Al Jefferson,40:10,Michael Kidd-Gilchrist,22:48,Jason Maxiell,14:12,Lance Stephenson,11:40,P.J. Hairston,11:15
0,,0,0.000,1,1.00,100,3,9,81.8,3,.500,3.0,50.0,6.0,6,3,1.000,3,50.000,Logos via Sports Logos.net / About logos,W,https://www.basketball-reference.com/boxscores/201503280CHO.html,Home,115,30:42,2,18.2,ATL,Mike Muscala,,,,,,,,,,,,,34:23,John Jenkins,33:31,Kent Bazemore,33:29,Elton Brand,27:57,Shelvin Mack,25:52,Dennis Schröder,25:06,Thabo Sefolosha,22:54,Pero Antić,20:41,Austin Daye,16:07,100,2,9,6.0,66.7,0.0,0.0,3.0,33.3,Bismack Biyombo,15,0,2014-2015,3.0,1,11.0,CHO,115,Marvin Williams,Brian Roberts,3:38,,,,,,,,,,,36:24,Kemba Walker,34:07,Gerald Henderson,29:38,Jeff Taylor,27:03,Mo Williams,22:08,P.J. Hairston,19:35,Al Jefferson,17:18,Jason Maxiell,11:36,Lance Stephenson,7:51
0,,0,0.000,0,,116,2,5,83.3,2,1.000,2.0,100.0,2.0,2,1,.500,2,100.000,Logos via Sports Logos.net / About logos,L,https://www.basketball-reference.com/boxscores/201503300CHO.html,Home,104,22:53,1,16.7,BOS,Avery Bradley,Gerald Wallace,14:57,,,,,,,,,,,38:57,Marcus Smart,31:22,Evan Turner,29:41,Tyler Zeller,25:38,Brandon Bass,23:10,Isaiah Thomas,21:31,Jae Crowder,20:40,Kelly Olynyk,18:09,Jonas Jerebko,15:55,116,3,5,4.0,80.0,0.0,0.0,1.0,20.0,Bismack Biyombo,12,0,2014-2015,2.0,0,6.0,CHO,104,Kemba Walker,,,,,,,,,,,,,39:35,Gerald Henderson,32:40,Marvin Williams,30:23,Jeff Taylor,25:54,Mo Williams,25:15,Al Jefferson,25:07,P.J. Hairston,18:05,Jason Maxiell,17:37,Brian Roberts,2:31
0,,0,0.000,1,1.00,78,2,4,40.0,2,.500,2.0,50.0,4.0,4,4,.667,6,150.000,Logos via Sports Logos.net / About logos,W,https://www.basketball-reference.com/boxscores/201504010CHO.html,Home,102,21:47,6,60.0,DET,Jodie Meeks,Shawne Williams,12:46,Cartier Martin,2:20,Quincy Miller,2:20,,,,,,,33:46,Anthony Tolliver,31:13,Reggie Jackson,28:41,Andre Drummond,28:04,Caron Butler,26:52,Tayshaun Prince,20:39,Joel Anthony,19:56,John Lucas III,19:19,Kentavious Caldwell-Pope,14:04,78,2,8,4.0,50.0,0.0,0.0,4.0,50.0,Bismack Biyombo,24,1,2014-2015,3.0,1,10.0,CHO,102,Kemba Walker,Noah Vonleh,2:20,Troy Daniels,2:04,,,,,,,,,33:10,Gerald Henderson,30:33,Marvin Williams,28:48,Al Jefferson,26:13,Mo Williams,24:51,P.J. Hairston,22:54,Jeff Taylor,21:33,Jason Maxiell,16:52,Brian Roberts,8:55
0,,0,0.000,0,0.00,74,3,5,55.6,3,.500,3.0,50.0,6.0,6,4,.571,7,116.667,Logos via Sports Logos.net / About logos,L,https://www.basketball-reference.com/boxscores/201504030IND.html,Away,93,24:22,4,44.4,IND,George Hill,Lavoy Allen,12:39,Damjan Rudež,12:19,Donald Sloan,5:56,Chris Copeland,3:50,,,,,28:37,C.J. Miles,28:20,Solomon Hill,26:43,Luis Scola,24:10,Rodney Stuckey,22:18,David West,20:00,C.J. Watson,19:47,Ian Mahinmi,19:36,Roy Hibbert,15:45,93,1,10,6.0,60.0,0.0,0.0,4.0,40.0,Bismack Biyombo,19,0,2014-2015,3.0,2,9.0,CHO,74,Marvin Williams,Al Jefferson,11:40,P.J. Hairston,10:06,Troy Daniels,7:56,,,,,,,29:00,Kemba Walker,27:51,Gerald Henderson,27:45,Mo Williams,25:25,Jason Maxiell,18:58,Jeff Taylor,18:39,Lance Stephenson,14:18,Brian Roberts,12:00,Noah Vonleh,12:00
0,,0,0.000,0,0.00,91,3,6,66.7,3,.750,3.0,75.0,4.0,4,3,.750,4,100.000,Logos via Sports Logos.net / About logos,W,https://www.basketball-reference.com/boxscores/201504040CHO.html,Home,92,31:59,3,33.3,PHI,Ish Smith,Nerlens Noel,10:35,,,,,,,,,,,33:15,Luc Mbah a Moute,31:29,Robert Covington,29:57,Furkan Aldemir,29:06,Jerami Grant,28:36,Hollis Thompson,23:50,Glenn Robinson III,19:17,JaKarr Sampson,17:22,Henry Sims,16:33,91,3,9,6.0,66.7,0.0,0.0,3.0,33.3,Bismack Biyombo,1,0,2014-2015,3.0,1,9.0,CHO,92,Kemba Walker,,,,,,,,,,,,,34:05,Marvin Williams,33:48,Mo Williams,30:44,Gerald Henderson,29:48,Jeff Taylor,26:02,P.J. Hairston,16:50,Jason Maxiell,15:57,Noah Vonleh,14:12,Lance Stephenson,6:35
0,,0,0.000,2,2.00,100,4,7,58.3,4,.667,4.0,66.7,6.0,6,4,.667,6,100.000,Logos via Sports Logos.net / About logos,L,https://www.basketball-reference.com/boxscores/201504070MIA.html,Away,105,41:08,5,41.7,MIA,Luol Deng,Henry Walker,6:57,,,,,,,,,,,41:03,Dwyane Wade,34:54,Goran Dragić,34:36,Udonis Haslem,27:34,James Ennis III,25:55,Tyler Johnson,24:34,Hassan Whiteside,22:42,Chris Andersen,12:38,Mario Chalmers,9:07,105,4,12,8.0,66.7,0.0,0.0,4.0,33.3,Bismack Biyombo,5,2,2014-2015,6.0,1,12.0,CHO,100,Marvin Williams,,,,,,,,,,,,,40:20,Kemba Walker,38:53,Gerald Henderson,31:00,Mo Williams,27:53,Lance Stephenson,20:20,Jeff Taylor,19:55,Jason Maxiell,10:56,P.J. Hairston,7:21,Noah Vonleh,2:14
0,,0,0.000,0,,92,3,4,57.1,2,.500,2.0,50.0,4.0,4,2,1.000,2,50.000,Logos via Sports Logos.net / About logos,L,https://www.basketball-reference.com/boxscores/201504080CHO.html,Home,74,30:02,3,42.9,TOR,Tyler Hansbrough,Bruno Caboclo,1:09,Landry Fields,1:09,Greg Stiemsma,1:09,,,,,,,37:23,Greivis Vásquez,35:34,DeMar DeRozan,33:47,Patrick Patterson,31:20,Lou Williams,25:30,James Johnson,23:27,Terrence Ross,23:24,Jonas Valančiūnas,16:52,Chuck Hayes,9:16,92,2,6,4.0,66.7,0.0,0.0,2.0,33.3,Bismack Biyombo,18,0,2014-2015,3.0,0,7.0,CHO,74,Kemba Walker,Troy Daniels,5:37,,,,,,,,,,,31:08,Gerald Henderson,27:53,Marvin Williams,24:34,P.J. Hairston,23:53,Noah Vonleh,23:26,Mo Williams,20:29,Jeff Taylor,18:08,Jason Maxiell,17:58,Brian Roberts,16:52
0,,0,0.000,2,,80,1,9,81.8,0,.000,0.0,0.0,3.0,3,1,.500,2,66.667,Logos via Sports Logos.net / About logos,L,https://www.basketball-reference.com/boxscores/201504100ATL.html,Away,104,30:53,2,18.2,ATL,Kyle Korver,Pero Antić,13:00,John Jenkins,5:03,Austin Daye,5:03,Elton Brand,5:03,,,,,30:16,Al Horford,28:44,DeMarre Carroll,28:02,Mike Muscala,25:29,Mike Scott,23:44,Jeff Teague,22:36,Dennis Schröder,19:15,Shelvin Mack,18:12,Kent Bazemore,15:33,104,1,1,0.0,0.0,0.0,0.0,1.0,100.0,Bismack Biyombo,24,0,2014-2015,1.0,0,11.0,CHO,80,Marvin Williams,Mo Williams,7:50,,,,,,,,,,,26:53,Gerald Henderson,25:50,Jeff Taylor,24:47,Kemba Walker,24:12,Brian Roberts,23:48,Noah Vonleh,21:07,Troy Daniels,19:38,P.J. Hairston,17:55,Jason Maxiell,17:07
0,,0,0.000,0,0.00,77,1,4,100.0,2,.500,2.0,50.0,4.0,4,1,.500,2,50.000,Logos via Sports Logos.net / About logos,L,https://www.basketball-reference.com/boxscores/201504120DET.html,Away,116,29:24,0,0.0,DET,Greg Monroe,Shawne Williams,8:10,Cartier Martin,3:15,Joel Anthony,3:15,,,,,,,32:56,Andre Drummond,32:15,Reggie Jackson,29:40,Kentavious Caldwell-Pope,28:06,Jodie Meeks,27:29,Quincy Miller,26:58,Anthony Tolliver,19:24,John Lucas III,18:20,Caron Butler,10:12,116,4,5,4.0,80.0,0.0,0.0,1.0,20.0,Bismack Biyombo,39,0,2014-2015,1.0,1,4.0,CHO,77,Kemba Walker,,,,,,,,,,,,,30:44,Noah Vonleh,28:49,Troy Daniels,28:14,Gerald Henderson,25:59,Jeff Taylor,25:23,Brian Roberts,19:46,Marvin Williams,19:11,Jason Maxiell,18:36,P.J. Hairston,13:54
0,,0,0.000,1,,100,3,9,69.2,3,.750,3.0,75.0,4.0,4,3,.500,6,150.000,Logos via Sports Logos.net / About logos,L,https://www.basketball-reference.com/boxscores/201504130CHO.html,Home,90,30:11,4,30.8,HOU,James Harden,,,,,,,,,,,,,36:53,Trevor Ariza,35:36,Terrence Jones,31:01,Josh Smith,30:50,Jason Terry,28:04,Corey Brewer,23:54,Pablo Prigioni,19:56,Clint Capela,16:59,Joey Dorsey,16:47,100,1,9,6.0,66.7,0.0,0.0,3.0,33.3,Bismack Biyombo,10,2,2014-2015,5.0,0,13.0,CHO,90,Jeff Taylor,,,,,,,,,,,,,29:58,Gerald Henderson,29:46,Brian Roberts,28:27,Troy Daniels,28:01,Kemba Walker,27:48,Marvin Williams,25:37,Noah Vonleh,22:23,Jason Maxiell,17:49,,
0,,0,0.000,0,0.00,87,1,4,100.0,0,.000,0.0,0.0,1.0,1,3,.750,4,400.000,Logos via Sports Logos.net / About logos,L,https://www.basketball-reference.com/boxscores/201504150TOR.html,Away,92,31:55,0,0.0,TOR,Kyle Lowry,,,,,,,,,,,,,37:02,DeMar DeRozan,34:00,Terrence Ross,33:26,Jonas Valančiūnas,27:04,Patrick Patterson,25:52,Greivis Vásquez,24:58,Tyler Hansbrough,22:08,Amir Johnson,20:56,James Johnson,14:34,92,3,3,0.0,0.0,0.0,0.0,3.0,100.0,Bismack Biyombo,5,0,2014-2015,1.0,3,4.0,CHO,87,Jeff Taylor,,,,,,,,,,,,,38:01,Kemba Walker,29:50,Troy Daniels,29:08,Gerald Henderson,28:51,Marvin Williams,24:42,Noah Vonleh,23:18,Brian Roberts,18:10,Jason Maxiell,16:05,,
0,,0,0.000,0,,99,1,2,40.0,3,.500,3.0,50.0,6.0,6,1,1.000,1,16.667,Logos via Sports Logos.net / About logos,W,https://www.basketball-reference.com/boxscores/201510280TOR.html,Home,106,15:43,3,60.0,IND,George Hill,Joe Young,2:04,,,,,,,,,,,37:41,Paul George,36:35,C.J. Miles,35:40,Monta Ellis,28:32,Ian Mahinmi,24:47,Rodney Stuckey,24:12,Jordan Hill,23:15,Chase Budinger,14:51,Lavoy Allen,12:22,99,6,7,6.0,85.7,0.0,0.0,1.0,14.3,Bismack Biyombo,7,0,2015-2016,1.0,0,5.0,TOR,106,DeMarre Carroll,,,,,,,,,,,,,41:11,Kyle Lowry,38:58,DeMar DeRozan,35:52,Jonas Valančiūnas,32:17,Cory Joseph,27:43,Patrick Patterson,19:18,Luis Scola,17:29,Terrence Ross,8:27,James Johnson,3:02
0,,0,0.000,0,0.00,113,1,4,66.7,1,.500,1.0,50.0,2.0,2,2,1.000,2,100.000,Logos via Sports Logos.net / About logos,W,https://www.basketball-reference.com/boxscores/201510300BOS.html,Away,103,15:58,2,33.3,BOS,Jae Crowder,Jared Sullinger,14:14,Jonas Jerebko,8:04,,,,,,,,,33:55,Avery Bradley,29:39,Isaiah Thomas,29:07,Marcus Smart,28:26,Evan Turner,27:30,Amir Johnson,18:58,David Lee,17:02,Kelly Olynyk,16:36,Tyler Zeller,16:29,103,5,4,2.0,50.0,0.0,0.0,2.0,50.0,Bismack Biyombo,10,0,2015-2016,1.0,1,6.0,TOR,113,DeMar DeRozan,Anthony Bennett,2:43,,,,,,,,,,,34:45,DeMarre Carroll,34:44,Kyle Lowry,34:14,Patrick Patterson,24:44,Jonas Valančiūnas,23:16,Luis Scola,22:26,Terrence Ross,21:06,Cory Joseph,18:10,James Johnson,7:54
0,,0,0.000,0,,87,1,6,60.0,1,.143,1.0,14.3,7.0,7,1,.500,2,28.571,Logos via Sports Logos.net / About logos,W,https://www.basketball-reference.com/boxscores/201511010TOR.html,Home,106,19:01,4,40.0,MIL,Giannis Antetokounmpo,Damien Inglis,3:33,Rashad Vaughn,3:33,,,,,,,,,32:41,Michael Carter-Williams,32:39,Khris Middleton,29:13,Greg Monroe,28:24,Johnny O'Bryant,27:01,Greivis Vásquez,25:27,Jerryd Bayless,22:10,Chris Copeland,20:32,Miles Plumlee,14:47,87,4,3,2.0,66.7,0.0,0.0,1.0,33.3,Bismack Biyombo,19,0,2015-2016,1.0,0,10.0,TOR,106,DeMar DeRozan,James Johnson,2:22,Norman Powell,2:22,Delon Wright,2:22,,,,,,,37:17,DeMarre Carroll,30:40,Kyle Lowry,29:18,Jonas Valančiūnas,28:59,Patrick Patterson,24:09,Luis Scola,21:29,Terrence Ross,21:02,Cory Joseph,18:36,Anthony Bennett,2:22
0,,0,0.000,0,0.00,102,1,4,66.7,2,.500,2.0,50.0,4.0,4,1,.500,2,50.000,Logos via Sports Logos.net / About logos,W,https://www.basketball-reference.com/boxscores/201511030DAL.html,Away,91,13:38,2,33.3,DAL,Deron Williams,Charlie Villanueva,4:55,Justin Anderson,0:42,Salah Mejri,0:42,,,,,,,36:12,Dirk Nowitzki,35:11,Zaza Pachulia,28:07,Wesley Matthews,27:36,Dwight Powell,25:46,Devin Harris,24:16,J.J. Barea,23:12,Raymond Felton,19:05,Chandler Parsons,14:17,91,3,5,4.0,80.0,0.0,0.0,1.0,20.0,Bismack Biyombo,11,0,2015-2016,1.0,2,6.0,TOR,102,Kyle Lowry,,,,,,,,,,,,,36:48,Jonas Valančiūnas,33:40,DeMarre Carroll,33:38,Luis Scola,31:19,DeMar DeRozan,28:23,Terrence Ross,22:50,Cory Joseph,19:58,Patrick Patterson,16:41,Norman Powell,3:04
0,,0,0.000,0,0.00,103,1,2,40.0,2,.500,2.0,50.0,4.0,4,3,.500,6,150.000,Logos via Sports Logos.net / About logos,W,https://www.basketball-reference.com/boxscores/201511040OKC.html,Away,98,19:19,3,60.0,OKC,Kevin Durant,Anthony Morrow,5:56,Kyle Singler,5:48,,,,,,,,,37:40,Russell Westbrook,35:20,Serge Ibaka,32:52,Andre Roberson,26:44,Steven Adams,26:36,Dion Waiters,23:56,Enes Freedom,17:19,Nick Collison,15:08,D.J. Augustin,12:40,98,2,7,4.0,57.1,0.0,0.0,3.0,42.9,Bismack Biyombo,5,0,2015-2016,1.0,2,5.0,TOR,103,DeMar DeRozan,,,,,,,,,,,,,38:35,DeMarre Carroll,37:26,Kyle Lowry,33:51,Jonas Valančiūnas,28:41,Cory Joseph,25:30,Patrick Patterson,23:21,Luis Scola,19:01,Terrence Ross,14:16,,
0,,0,0.000,0,,87,0,4,66.7,1,.200,1.0,20.0,5.0,5,0,.000,1,20.000,Logos via Sports Logos.net / About logos,L,https://www.basketball-reference.com/boxscores/201511060ORL.html,Away,92,16:02,2,33.3,ORL,Tobias Harris,Aaron Gordon,11:50,Jason Smith,7:31,,,,,,,,,36:07,Victor Oladipo,31:28,Dewayne Dedmon,30:10,Evan Fournier,27:46,C.J. Watson,27:22,Mario Hezonja,21:32,Shabazz Napier,16:39,Elfrid Payton,15:08,Channing Frye,14:27,92,1,2,2.0,100.0,0.0,0.0,0.0,0.0,Bismack Biyombo,5,0,2015-2016,0.0,0,6.0,TOR,87,DeMar DeRozan,,,,,,,,,,,,,41:23,DeMarre Carroll,36:06,Kyle Lowry,31:44,Cory Joseph,28:50,Jonas Valančiūnas,23:02,Patrick Patterson,21:38,Luis Scola,21:04,Terrence Ross,14:41,Anthony Bennett,5:30
0,,0,0.000,0,0.00,76,1,4,57.1,1,.500,1.0,50.0,2.0,2,3,1.000,3,150.000,Logos via Sports Logos.net / About logos,L,https://www.basketball-reference.com/boxscores/201511080MIA.html,Away,96,14:34,3,42.9,MIA,Justise Winslow,James Ennis III,3:26,Udonis Haslem,2:14,,,,,,,,,32:12,Chris Bosh,30:14,Luol Deng,28:31,Goran Dragić,26:27,Mario Chalmers,25:10,Dwyane Wade,24:56,Hassan Whiteside,24:38,Tyler Johnson,22:46,Josh McRoberts,19:26,96,2,5,2.0,40.0,0.0,0.0,3.0,60.0,Bismack Biyombo,20,2,2015-2016,3.0,2,7.0,TOR,76,Kyle Lowry,Norman Powell,4:38,Lucas Nogueira,3:26,Delon Wright,2:39,,,,,,,36:52,DeMar DeRozan,35:30,Jonas Valančiūnas,28:29,James Johnson,25:37,Cory Joseph,23:27,Luis Scola,22:17,Terrence Ross,19:50,Patrick Patterson,15:14,Anthony Bennett,7:27
0,,0,0.000,2,,111,2,1,33.3,2,.667,2.0,66.7,3.0,3,0,,0,0.000,Logos via Sports Logos.net / About logos,L,https://www.basketball-reference.com/boxscores/201511100TOR.html,Home,109,16:12,2,66.7,NYK,Carmelo Anthony,Kevin Séraphin,8:29,Derrick Williams,7:45,Cleanthony Early,5:50,Lou Amundson,5:16,,,,,33:02,José Calderón,29:12,Robin Lopez,29:00,Langston Galloway,27:49,Lance Thomas,22:14,Sasha Vujačić,20:35,Kristaps Porziņģis,20:26,Jerian Grant,18:24,Kyle O'Quinn,11:58,111,2,4,4.0,100.0,0.0,0.0,0.0,0.0,Bismack Biyombo,2,0,2015-2016,2.0,0,3.0,TOR,109,DeMar DeRozan,,,,,,,,,,,,,38:41,Kyle Lowry,36:59,Jonas Valančiūnas,31:48,James Johnson,29:29,Cory Joseph,26:48,Luis Scola,21:39,Patrick Patterson,19:25,Anthony Bennett,17:24,Norman Powell,1:35
0,,0,0.000,0,,119,3,5,50.0,3,.375,3.0,37.5,8.0,8,4,1.000,4,50.000,Logos via Sports Logos.net / About logos,W,https://www.basketball-reference.com/boxscores/201511110PHI.html,Away,103,21:04,5,50.0,PHI,Jahlil Okafor,,,,,,,,,,,,,32:39,Jerami Grant,32:21,T.J. McConnell,30:34,Nik Stauskas,29:58,Isaiah Canaan,28:43,JaKarr Sampson,26:56,Hollis Thompson,26:39,Phil Pressey,16:34,Christian Wood,15:36,103,5,10,6.0,60.0,0.0,0.0,4.0,40.0,Bismack Biyombo,16,0,2015-2016,3.0,0,10.0,TOR,119,Cory Joseph,Delon Wright,2:36,Bruno Caboclo,1:11,Lucas Nogueira,1:11,,,,,,,30:51,James Johnson,29:58,Kyle Lowry,28:57,DeMar DeRozan,27:24,Patrick Patterson,25:30,Norman Powell,24:37,Jonas Valančiūnas,22:40,Luis Scola,18:33,Anthony Bennett,5:28
0,,0,0.000,0,0.00,81,0,8,88.9,1,1.000,1.0,100.0,1.0,1,4,1.000,4,400.000,Logos via Sports Logos.net / About logos,W,https://www.basketball-reference.com/boxscores/201511130TOR.html,Home,100,20:14,1,11.1,NOP,Eric Gordon,Toney Douglas,15:29,Jimmer Fredette,2:29,,,,,,,,,36:15,Ryan Anderson,32:54,Alonzo Gee,24:38,Ömer Aşık,24:15,Alexis Ajinça,23:45,Ish Smith,23:05,Jrue Holiday,21:11,Dante Cunningham,18:50,Luke Babbitt,17:09,81,0,6,2.0,33.3,0.0,0.0,4.0,66.7,Bismack Biyombo,19,0,2015-2016,0.0,1,9.0,TOR,100,DeMar DeRozan,Delon Wright,2:29,,,,,,,,,,,34:54,Kyle Lowry,34:38,DeMarre Carroll,33:17,Cory Joseph,29:14,Jonas Valančiūnas,27:46,Patrick Patterson,22:16,Luis Scola,21:44,Norman Powell,10:59,Anthony Bennett,2:29
0,,0,0.000,1,1.00,101,0,5,83.3,1,.500,1.0,50.0,2.0,2,2,1.000,2,100.000,Logos via Sports Logos.net / About logos,L,https://www.basketball-reference.com/boxscores/201511150SAC.html,Away,107,26:46,1,16.7,SAC,Rajon Rondo,Seth Curry,4:44,,,,,,,,,,,43:16,DeMarcus Cousins,41:03,Rudy Gay,37:12,Marco Belinelli,26:18,Omri Casspi,25:39,Ben McLemore,25:22,Quincy Acy,14:38,Kosta Koufos,13:27,Willie Cauley-Stein,8:21,107,4,4,2.0,50.0,0.0,0.0,2.0,50.0,Bismack Biyombo,6,0,2015-2016,0.0,1,6.0,TOR,101,Kyle Lowry,,,,,,,,,,,,,38:55,DeMarre Carroll,36:48,DeMar DeRozan,36:32,Cory Joseph,25:31,Jonas Valančiūnas,20:20,Luis Scola,20:02,Patrick Patterson,19:05,James Johnson,11:52,Norman Powell,4:09
0,,0,,0,,110,1,2,100.0,0,,0.0,,0.0,0,0,,0,,Logos via Sports Logos.net / About logos,L,https://www.basketball-reference.com/boxscores/201511170GSW.html,Away,115,6:40,0,0.0,GSW,Stephen Curry,Marreese Speights,5:11,,,,,,,,,,,39:35,Draymond Green,35:09,Klay Thompson,34:18,Harrison Barnes,32:05,Andre Iguodala,32:00,Festus Ezeli,22:14,Andrew Bogut,17:21,Leandro Barbosa,15:47,Ian Clark,6:20,115,1,0,0.0,,0.0,,0.0,,Bismack Biyombo,5,0,2015-2016,1.0,0,2.0,TOR,110,DeMar DeRozan,,,,,,,,,,,,,39:10,DeMarre Carroll,39:08,Kyle Lowry,38:37,Jonas Valančiūnas,31:11,Cory Joseph,28:21,Luis Scola,27:48,Patrick Patterson,19:42,James Johnson,9:23,,
0,,0,0.000,0,0.00,89,0,2,100.0,1,.500,1.0,50.0,2.0,2,1,.500,2,100.000,Logos via Sports Logos.net / About logos,L,https://www.basketball-reference.com/boxscores/201511180UTA.html,Away,93,14:55,0,0.0,UTA,Rudy Gobert,Jeff Withey,7:52,Chris Johnson,4:46,,,,,,,,,38:37,Gordon Hayward,35:19,Rodney Hood,34:35,Derrick Favors,31:34,Alec Burks,26:39,Trey Burke,18:11,Raul Neto,17:41,Trevor Booker,15:17,Joe Ingles,9:29,93,1,3,2.0,66.7,0.0,0.0,1.0,33.3,Bismack Biyombo,4,0,2015-2016,0.0,1,2.0,TOR,89,Kyle Lowry,,,,,,,,,,,,,37:13,DeMarre Carroll,34:42,DeMar DeRozan,34:36,Jonas Valančiūnas,32:31,Luis Scola,29:50,Cory Joseph,21:49,Patrick Patterson,16:12,James Johnson,14:50,Norman Powell,3:22
0,,0,0.000,0,,102,1,2,50.0,0,.000,0.0,0.0,1.0,1,1,.500,2,200.000,Logos via Sports Logos.net / About logos,W,https://www.basketball-reference.com/boxscores/201511200LAL.html,Away,91,15:43,2,50.0,LAL,Kobe Bryant,Nick Young,14:24,,,,,,,,,,,37:04,D'Angelo Russell,33:36,Jordan Clarkson,32:06,Julius Randle,29:58,Roy Hibbert,26:34,Larry Nance Jr.,18:27,Metta World Peace,16:31,Lou Williams,15:54,Brandon Bass,15:26,91,1,1,0.0,0.0,0.0,0.0,1.0,100.0,Bismack Biyombo,11,0,2015-2016,1.0,0,4.0,TOR,102,Kyle Lowry,,,,,,,,,,,,,36:13,DeMarre Carroll,33:58,DeMar DeRozan,33:43,Patrick Patterson,26:05,Luis Scola,24:49,Cory Joseph,22:38,Jonas Valančiūnas,17:36,James Johnson,15:13,Terrence Ross,14:02
0,,0,0.000,0,0.00,91,0,10,71.4,3,.600,3.0,60.0,5.0,5,0,,0,0.000,Logos via Sports Logos.net / About logos,W,https://www.basketball-reference.com/boxscores/201511220LAC.html,Away,80,30:38,4,28.6,LAC,DeAndre Jordan,Lance Stephenson,5:25,Luc Mbah a Moute,4:10,,,,,,,,,39:05,Chris Paul,33:23,JJ Redick,29:21,Jamal Crawford,29:11,Blake Griffin,28:56,Paul Pierce,18:50,Austin Rivers,18:45,Wesley Johnson,18:08,Josh Smith,14:46,80,4,6,6.0,100.0,0.0,0.0,0.0,0.0,Bismack Biyombo,11,0,2015-2016,0.0,1,14.0,TOR,91,DeMar DeRozan,,,,,,,,,,,,,40:15,DeMarre Carroll,39:12,Kyle Lowry,37:36,Luis Scola,31:01,Cory Joseph,23:59,Terrence Ross,16:11,Patrick Patterson,14:18,James Johnson,6:50,,
0,,0,0.000,0,0.00,99,0,10,83.3,4,.800,4.0,80.0,5.0,5,3,.429,7,140.000,Logos via Sports Logos.net / About logos,W,https://www.basketball-reference.com/boxscores/201511250TOR.html,Home,103,32:52,2,16.7,CLE,LeBron James,,,,,,,,,,,,,39:46,Tristan Thompson,37:24,J.R. Smith,35:33,Kevin Love,35:11,Mo Williams,31:37,Jared Cunningham,20:43,Richard Jefferson,16:21,James Jones,15:18,Anderson Varejão,8:07,99,2,11,8.0,72.7,0.0,0.0,3.0,27.3,Bismack Biyombo,4,0,2015-2016,0.0,1,12.0,TOR,103,DeMarre Carroll,,,,,,,,,,,,,40:39,DeMar DeRozan,40:19,Kyle Lowry,37:35,Luis Scola,29:58,Patrick Patterson,25:47,Cory Joseph,17:21,Terrence Ross,10:00,James Johnson,5:28,,
0,,0,0.000,2,1.00,84,4,15,93.8,0,.000,0.0,0.0,1.0,1,0,,0,0.000,Logos via Sports Logos.net / About logos,W,https://www.basketball-reference.com/boxscores/201511280WAS.html,Away,82,34:41,1,6.2,WAS,Bradley Beal,,,,,,,,,,,,,40:44,John Wall,39:09,Otto Porter Jr.,38:48,Marcin Gortat,33:52,Jared Dudley,30:00,Ramon Sessions,24:51,Garrett Temple,17:12,Kris Humphries,14:05,Kelly Oubre Jr.,1:19,82,4,0,0.0,,0.0,,0.0,,Bismack Biyombo,2,1,2015-2016,5.0,2,16.0,TOR,84,DeMar DeRozan,,,,,,,,,,,,,38:22,Cory Joseph,34:20,Kyle Lowry,33:56,DeMarre Carroll,27:37,Luis Scola,25:52,Patrick Patterson,20:27,Terrence Ross,19:55,James Johnson,4:50,,
0,,0,0.000,0,0.00,107,4,6,75.0,1,.333,1.0,33.3,3.0,3,0,,0,0.000,Logos via Sports Logos.net / About logos,L,https://www.basketball-reference.com/boxscores/201511290TOR.html,Home,102,33:29,2,25.0,PHO,Eric Bledsoe,,,,,,,,,,,,,38:03,Brandon Knight,36:46,T.J. Warren,29:44,Alex Len,27:54,Jon Leuer,22:41,Markieff Morris,22:39,P.J. Tucker,22:12,Ronnie Price,21:42,Mirza Teletović,18:19,107,3,2,2.0,100.0,0.0,0.0,0.0,0.0,Bismack Biyombo,5,0,2015-2016,4.0,4,8.0,TOR,102,DeMarre Carroll,,,,,,,,,,,,,37:15,DeMar DeRozan,37:02,Kyle Lowry,33:31,Cory Joseph,32:30,Luis Scola,17:40,Patrick Patterson,16:29,Terrence Ross,14:29,James Johnson,11:36,Lucas Nogueira,5:59
0,,0,0.000,0,0.00,96,2,3,37.5,3,.750,3.0,75.0,4.0,4,1,.500,2,50.000,Logos via Sports Logos.net / About logos,W,https://www.basketball-reference.com/boxscores/201512020ATL.html,Away,86,26:49,5,62.5,ATL,Paul Millsap,Lamar Patterson,6:23,,,,,,,,,,,34:02,Jeff Teague,33:35,Thabo Sefolosha,33:19,Al Horford,31:43,Kyle Korver,30:30,Kent Bazemore,25:48,Mike Muscala,19:10,Dennis Schröder,14:25,Mike Scott,11:05,86,1,7,6.0,85.7,0.0,0.0,1.0,14.3,Bismack Biyombo,10,0,2015-2016,2.0,2,8.0,TOR,96,Kyle Lowry,,,,,,,,,,,,,37:15,DeMar DeRozan,35:36,Cory Joseph,33:30,Terrence Ross,24:41,DeMarre Carroll,23:05,Patrick Patterson,22:50,Luis Scola,19:46,Lucas Nogueira,16:28,,
0,,0,0.000,0,,106,1,5,71.4,2,.500,2.0,50.0,4.0,4,2,1.000,2,50.000,Logos via Sports Logos.net / About logos,L,https://www.basketball-reference.com/boxscores/201512030TOR.html,Home,105,25:05,2,28.6,DEN,Randy Foye,,,,,,,,,,,,,36:15,Danilo Gallinari,35:28,Emmanuel Mudiay,31:35,Will Barton,31:18,Jameer Nelson,28:10,Darrell Arthur,26:58,Joffrey Lauvergne,24:33,Nikola Jokić,13:54,Mike Miller,11:49,106,4,6,4.0,66.7,0.0,0.0,2.0,33.3,Bismack Biyombo,1,0,2015-2016,1.0,0,7.0,TOR,105,DeMar DeRozan,,,,,,,,,,,,,38:12,Kyle Lowry,36:39,DeMarre Carroll,30:59,Cory Joseph,28:14,Patrick Patterson,22:23,Luis Scola,21:31,Terrence Ross,17:01,Lucas Nogueira,15:49,James Johnson,4:08
0,,0,,0,0.00,112,0,4,80.0,0,,0.0,,0.0,0,0,,0,,Logos via Sports Logos.net / About logos,L,https://www.basketball-reference.com/boxscores/201512050TOR.html,Home,109,14:24,1,20.0,GSW,Draymond Green,Ian Clark,4:59,James Michael McAdoo,3:19,,,,,,,,,39:18,Stephen Curry,37:51,Klay Thompson,35:26,Andre Iguodala,28:47,Festus Ezeli,27:06,Shaun Livingston,26:25,Brandon Rush,13:42,Marreese Speights,11:55,Leandro Barbosa,11:12,112,4,0,0.0,,0.0,,0.0,,Bismack Biyombo,3,0,2015-2016,0.0,1,5.0,TOR,109,Kyle Lowry,,,,,,,,,,,,,38:29,DeMar DeRozan,36:47,Patrick Patterson,31:17,Cory Joseph,29:44,DeMarre Carroll,26:00,Lucas Nogueira,24:50,Luis Scola,20:26,Terrence Ross,12:34,James Johnson,5:29
0,,0,0.000,0,,93,2,8,61.5,4,.500,4.0,50.0,8.0,8,7,.636,11,137.500,Logos via Sports Logos.net / About logos,W,https://www.basketball-reference.com/boxscores/201512070TOR.html,Home,102,29:25,5,38.5,LAL,Jordan Clarkson,Marcelo Huertas,12:09,,,,,,,,,,,31:58,Kobe Bryant,31:49,Lou Williams,31:00,Roy Hibbert,29:39,Larry Nance Jr.,28:59,D'Angelo Russell,21:18,Julius Randle,20:45,Robert Sacre,16:37,Metta World Peace,15:46,93,4,15,8.0,53.3,0.0,0.0,7.0,46.7,Bismack Biyombo,9,0,2015-2016,2.0,0,13.0,TOR,102,Terrence Ross,,,,,,,,,,,,,38:46,Kyle Lowry,37:58,DeMar DeRozan,35:03,Cory Joseph,31:00,Patrick Patterson,29:29,James Johnson,16:51,Luis Scola,16:32,Norman Powell,4:56,,
0,,0,0.000,0,,94,0,5,71.4,5,.714,5.0,71.4,7.0,7,0,.000,1,14.286,Logos via Sports Logos.net / About logos,W,https://www.basketball-reference.com/boxscores/201512090TOR.html,Home,97,25:32,2,28.6,SAS,LaMarcus Aldridge,Jonathon Simmons,14:39,Kyle Anderson,12:00,Matt Bonner,0:15,,,,,,,33:36,Tony Parker,30:07,Kawhi Leonard,26:41,Manu Ginóbili,24:34,Patty Mills,21:51,Danny Green,21:20,Tim Duncan,20:09,Boris Diaw,17:53,David West,16:55,94,4,10,10.0,100.0,0.0,0.0,0.0,0.0,Bismack Biyombo,3,0,2015-2016,0.0,0,7.0,TOR,97,DeMar DeRozan,,,,,,,,,,,,,37:28,Kyle Lowry,37:12,Patrick Patterson,34:20,Luis Scola,33:27,Cory Joseph,29:33,Terrence Ross,26:54,James Johnson,15:34,,,,
0,,0,0.000,0,0.00,83,1,7,77.8,2,.667,2.0,66.7,3.0,3,0,.000,1,33.333,Logos via Sports Logos.net / About logos,W,https://www.basketball-reference.com/boxscores/201512110TOR.html,Home,90,33:53,2,22.2,MIL,Khris Middleton,,,,,,,,,,,,,42:49,Giannis Antetokounmpo,42:49,O.J. Mayo,34:39,Greg Monroe,32:59,Michael Carter-Williams,27:29,Jabari Parker,24:47,John Henson,15:01,Johnny O'Bryant,14:16,Rashad Vaughn,5:11,83,4,4,4.0,100.0,0.0,0.0,0.0,0.0,Bismack Biyombo,7,1,2015-2016,2.0,4,9.0,TOR,90,Kyle Lowry,,,,,,,,,,,,,35:17,DeMar DeRozan,34:50,Cory Joseph,32:19,Patrick Patterson,32:11,Terrence Ross,30:53,Luis Scola,29:56,James Johnson,10:41,,,,
0,,0,0.000,0,0.00,76,1,7,77.8,2,.667,2.0,66.7,3.0,3,2,.500,4,133.333,Logos via Sports Logos.net / About logos,W,https://www.basketball-reference.com/boxscores/201512130TOR.html,Home,96,26:35,2,22.2,PHI,Isaiah Canaan,Richaun Holmes,5:49,JaKarr Sampson,5:46,,,,,,,,,36:02,Jahlil Okafor,35:21,Nik Stauskas,34:37,Robert Covington,31:52,Jerami Grant,24:34,Kendall Marshall,20:07,Nerlens Noel,18:10,Hollis Thompson,15:17,T.J. McConnell,12:25,76,3,6,4.0,66.7,0.0,0.0,2.0,33.3,Bismack Biyombo,20,1,2015-2016,2.0,1,9.0,TOR,96,Kyle Lowry,Norman Powell,1:30,,,,,,,,,,,34:59,DeMar DeRozan,33:44,Cory Joseph,29:58,Terrence Ross,28:43,Luis Scola,27:09,Patrick Patterson,25:51,James Johnson,15:06,Lucas Nogueira,14:55,Anthony Bennett,1:30
0,,0,0.000,0,0.00,90,2,8,61.5,1,.333,1.0,33.3,3.0,3,7,.875,8,266.667,Logos via Sports Logos.net / About logos,L,https://www.basketball-reference.com/boxscores/201512140IND.html,Away,106,31:28,5,38.5,IND,George Hill,Glenn Robinson III,3:27,Solomon Hill,3:27,Joe Young,1:30,,,,,,,35:15,Jordan Hill,31:00,Monta Ellis,30:28,Lavoy Allen,29:41,Rodney Stuckey,26:57,Paul George,23:50,C.J. Miles,22:33,Chase Budinger,18:13,Ian Mahinmi,13:39,106,3,9,2.0,22.2,0.0,0.0,7.0,77.8,Bismack Biyombo,16,1,2015-2016,3.0,3,13.0,TOR,90,DeMar DeRozan,Anthony Bennett,3:27,,,,,,,,,,,37:33,Kyle Lowry,34:08,Terrence Ross,30:41,Cory Joseph,28:03,Patrick Patterson,22:47,James Johnson,18:58,Luis Scola,18:27,Lucas Nogueira,7:57,Norman Powell,6:31
0,,0,0.000,0,,99,7,15,83.3,2,.500,2.0,50.0,4.0,4,4,.667,6,150.000,Logos via Sports Logos.net / About logos,L,https://www.basketball-reference.com/boxscores/201512170CHO.html,Away,109,39:55,3,16.7,CHO,Jeremy Lin,Tyler Hansbrough,8:20,,,,,,,,,,,47:27,Kemba Walker,44:12,P.J. Hairston,34:06,Marvin Williams,31:57,Frank Kaminsky,27:18,Spencer Hawes,23:13,Cody Zeller,21:27,Jeremy Lamb,14:58,Troy Daniels,12:02,109,6,8,4.0,50.0,0.0,0.0,4.0,50.0,Bismack Biyombo,10,1,2015-2016,8.0,0,18.0,TOR,99,DeMar DeRozan,,,,,,,,,,,,,44:08,Kyle Lowry,42:23,Terrence Ross,37:36,Cory Joseph,33:41,Patrick Patterson,25:20,Luis Scola,20:37,James Johnson,12:32,Lucas Nogueira,5:28,Norman Powell,3:20
0,,0,0.000,0,0.00,108,1,11,73.3,2,.400,2.0,40.0,5.0,5,1,.500,2,40.000,Logos via Sports Logos.net / About logos,W,https://www.basketball-reference.com/boxscores/201512180MIA.html,Away,94,34:28,4,26.7,MIA,Luol Deng,Josh Richardson,3:26,,,,,,,,,,,34:13,Goran Dragić,33:24,Dwyane Wade,31:28,Hassan Whiteside,31:24,Gerald Green,31:09,Chris Bosh,28:55,Beno Udrih,21:44,Justise Winslow,18:21,Udonis Haslem,5:56,94,1,5,4.0,80.0,0.0,0.0,1.0,20.0,Bismack Biyombo,14,0,2015-2016,1.0,1,15.0,TOR,108,DeMar DeRozan,,,,,,,,,,,,,39:44,Kyle Lowry,37:54,James Johnson,32:11,Luis Scola,26:56,Terrence Ross,25:23,Patrick Patterson,23:54,Cory Joseph,19:30,,,,
0,,0,0.000,0,,104,1,8,61.5,0,.000,0.0,0.0,7.0,7,2,1.000,2,28.571,Logos via Sports Logos.net / About logos,L,https://www.basketball-reference.com/boxscores/201512200TOR.html,Home,94,25:55,5,38.5,SAC,Rudy Gay,,,,,,,,,,,,,40:31,Rajon Rondo,38:44,Omri Casspi,34:13,DeMarcus Cousins,31:36,Darren Collison,26:24,Marco Belinelli,25:33,Kosta Koufos,23:53,Ben McLemore,19:06,,,104,2,2,0.0,0.0,0.0,0.0,2.0,100.0,Bismack Biyombo,10,0,2015-2016,1.0,0,13.0,TOR,94,DeMar DeRozan,,,,,,,,,,,,,35:21,Patrick Patterson,33:23,Terrence Ross,32:47,James Johnson,32:29,Cory Joseph,29:35,Luis Scola,25:48,Kyle Lowry,24:42,,,,
0,,0,0.000,2,1.00,99,2,13,65.0,4,.444,4.0,44.4,9.0,9,1,.500,2,22.222,Logos via Sports Logos.net / About logos,W,https://www.basketball-reference.com/boxscores/201512220TOR.html,Home,103,38:02,7,35.0,DAL,Raymond Felton,Charlie Villanueva,11:54,John Jenkins,9:23,Jeremy Evans,5:51,Justin Anderson,5:20,,,,,31:20,Dirk Nowitzki,28:07,Wesley Matthews,27:08,Chandler Parsons,25:15,Deron Williams,23:20,J.J. Barea,22:14,Zaza Pachulia,18:24,JaVale McGee,17:09,Dwight Powell,14:35,99,2,9,8.0,88.9,0.0,0.0,1.0,11.1,Bismack Biyombo,4,0,2015-2016,2.0,2,20.0,TOR,103,DeMar DeRozan,,,,,,,,,,,,,39:55,Kyle Lowry,37:57,Terrence Ross,32:59,Luis Scola,31:44,Cory Joseph,26:45,Anthony Bennett,9:49,Patrick Patterson,8:17,Lucas Nogueira,7:54,Delon Wright,6:39
0,,0,0.000,1,,111,4,9,75.0,5,.714,5.0,71.4,7.0,7,4,.571,7,100.000,Logos via Sports Logos.net / About logos,W,https://www.basketball-reference.com/boxscores/201512260MIL.html,Away,90,27:04,3,25.0,MIL,Khris Middleton,Tyler Ennis,7:33,,,,,,,,,,,37:15,Giannis Antetokounmpo,34:48,Greg Monroe,33:04,Jabari Parker,32:53,Michael Carter-Williams,32:28,O.J. Mayo,21:56,Johnny O'Bryant,15:07,John Henson,14:56,Rashad Vaughn,9:59,90,2,14,10.0,71.4,0.0,0.0,4.0,28.6,Bismack Biyombo,21,0,2015-2016,4.0,0,12.0,TOR,111,Luis Scola,,,,,,,,,,,,,36:57,DeMar DeRozan,33:17,Kyle Lowry,31:41,Terrence Ross,29:20,Patrick Patterson,28:28,DeMarre Carroll,17:54,Cory Joseph,16:19,James Johnson,15:29,Lucas Nogueira,3:31
0,,0,0.000,0,,97,0,8,88.9,0,.000,0.0,0.0,2.0,2,0,,0,0.000,Logos via Sports Logos.net / About logos,L,https://www.basketball-reference.com/boxscores/201512280CHI.html,Away,104,18:27,1,11.1,CHI,Taj Gibson,,,,,,,,,,,,,37:51,Jimmy Butler,35:46,Pau Gasol,30:02,Derrick Rose,28:48,Tony Snell,27:26,Bobby Portis,27:01,Aaron Brooks,26:56,Nikola Mirotić,16:43,Kirk Hinrich,9:28,104,4,0,0.0,,0.0,,0.0,,Bismack Biyombo,7,0,2015-2016,0.0,0,9.0,TOR,97,Kyle Lowry,,,,,,,,,,,,,40:06,DeMar DeRozan,35:46,Terrence Ross,30:01,Luis Scola,27:52,DeMarre Carroll,24:55,Patrick Patterson,21:46,Jonas Valančiūnas,20:55,Cory Joseph,13:02,James Johnson,7:10
0,,0,0.000,0,0.00,91,2,7,58.3,3,1.000,3.0,100.0,3.0,3,6,.667,9,300.000,Logos via Sports Logos.net / About logos,W,https://www.basketball-reference.com/boxscores/201512300TOR.html,Home,94,27:07,5,41.7,WAS,John Wall,,,,,,,,,,,,,40:48,Otto Porter Jr.,36:17,Jared Dudley,36:16,Marcin Gortat,36:05,Garrett Temple,31:35,Ramon Sessions,27:38,Kelly Oubre Jr.,13:50,Kris Humphries,11:55,Jarell Eddie,5:36,91,2,12,6.0,50.0,0.0,0.0,6.0,50.0,Bismack Biyombo,3,0,2015-2016,2.0,1,12.0,TOR,94,DeMar DeRozan,,,,,,,,,,,,,36:56,Kyle Lowry,34:57,Terrence Ross,28:33,DeMarre Carroll,26:14,Cory Joseph,23:59,Luis Scola,21:02,Jonas Valančiūnas,20:53,Patrick Patterson,20:19,,
0,,0,0.000,0,0.00,94,4,9,81.8,2,.667,2.0,66.7,3.0,3,2,1.000,2,66.667,Logos via Sports Logos.net / About logos,W,https://www.basketball-reference.com/boxscores/201601010TOR.html,Home,104,23:57,2,18.2,CHO,Nicolas Batum,,,,,,,,,,,,,41:39,Kemba Walker,36:26,Cody Zeller,30:02,Jeremy Lamb,27:47,Frank Kaminsky,27:14,Marvin Williams,26:24,P.J. Hairston,20:33,Brian Roberts,16:59,Tyler Hansbrough,12:56,94,1,6,4.0,66.7,0.0,0.0,2.0,33.3,Bismack Biyombo,10,0,2015-2016,4.0,3,11.0,TOR,104,Kyle Lowry,,,,,,,,,,,,,41:17,DeMar DeRozan,36:39,DeMarre Carroll,25:08,Jonas Valančiūnas,24:03,Patrick Patterson,22:39,Terrence Ross,21:45,Luis Scola,21:18,Cory Joseph,18:04,James Johnson,5:10
0,,0,0.000,0,0.00,115,0,3,60.0,2,1.000,2.0,100.0,2.0,2,0,,0,0.000,Logos via Sports Logos.net / About logos,L,https://www.basketball-reference.com/boxscores/201601030TOR.html,Home,113,15:44,2,40.0,CHI,Jimmy Butler,Doug McDermott,10:58,,,,,,,,,,,38:42,Pau Gasol,33:31,Taj Gibson,29:05,Nikola Mirotić,28:36,Aaron Brooks,24:44,Kirk Hinrich,20:48,Tony Snell,19:25,Bobby Portis,18:02,E'Twaun Moore,16:08,115,4,4,4.0,100.0,0.0,0.0,0.0,0.0,Bismack Biyombo,2,0,2015-2016,0.0,1,5.0,TOR,113,Kyle Lowry,,,,,,,,,,,,,39:14,DeMar DeRozan,35:25,Cory Joseph,28:02,Luis Scola,27:46,Patrick Patterson,25:57,DeMarre Carroll,23:58,Jonas Valančiūnas,23:21,Terrence Ross,20:33,,
0,,0,0.000,1,0.50,100,1,4,80.0,3,.750,3.0,75.0,4.0,4,4,.800,5,125.000,Logos via Sports Logos.net / About logos,L,https://www.basketball-reference.com/boxscores/201601040CLE.html,Away,122,18:07,1,20.0,CLE,Kevin Love,Richard Jefferson,5:19,Jared Cunningham,1:46,,,,,,,,,33:07,Tristan Thompson,31:26,LeBron James,30:41,Iman Shumpert,30:11,J.R. Smith,29:51,Kyrie Irving,28:44,Matthew Dellavedova,24:46,Timofey Mozgov,16:34,James Jones,7:35,122,3,10,6.0,60.0,0.0,0.0,4.0,40.0,Bismack Biyombo,22,0,2015-2016,1.0,2,5.0,TOR,100,DeMar DeRozan,Delon Wright,2:56,Norman Powell,2:56,,,,,,,,,35:28,Kyle Lowry,35:00,Terrence Ross,27:54,Jonas Valančiūnas,26:57,Patrick Patterson,26:27,James Johnson,22:40,Cory Joseph,20:30,Luis Scola,18:09,Lucas Nogueira,2:56
0,,0,0.000,0,0.00,91,1,2,50.0,0,.000,0.0,0.0,3.0,3,0,,0,0.000,Logos via Sports Logos.net / About logos,W,https://www.basketball-reference.com/boxscores/201601060BRK.html,Away,74,16:39,2,50.0,BRK,Brook Lopez,Andrea Bargnani,5:44,Markel Brown,2:35,Sergey Karasev,2:35,,,,,,,40:17,Bojan Bogdanović,34:58,Joe Johnson,31:54,Thaddeus Young,30:39,Shane Larkin,29:43,Wayne Ellington,23:15,Donald Sloan,19:00,Thomas Robinson,11:37,Willie Reed,7:43,74,3,0,0.0,,0.0,,0.0,,Bismack Biyombo,17,0,2015-2016,1.0,1,4.0,TOR,91,DeMar DeRozan,Lucas Nogueira,1:48,Norman Powell,1:07,Bruno Caboclo,1:07,,,,,,,36:25,Kyle Lowry,35:36,Jonas Valančiūnas,29:33,James Johnson,26:18,Patrick Patterson,25:42,Cory Joseph,22:50,Luis Scola,21:11,Terrence Ross,19:25,Delon Wright,2:19
0,,0,0.000,0,0.00,97,4,6,100.0,0,.000,0.0,0.0,1.0,1,0,,0,0.000,Logos via Sports Logos.net / About logos,W,https://www.basketball-reference.com/boxscores/201601080WAS.html,Away,88,17:59,0,0.0,WAS,John Wall,Drew Gooden,9:58,,,,,,,,,,,36:34,Otto Porter Jr.,36:26,Marcin Gortat,35:17,Garrett Temple,32:27,Jared Dudley,29:15,Ramon Sessions,22:25,Gary Neal,14:59,Nenê,12:30,Kelly Oubre Jr.,10:10,88,3,0,0.0,,0.0,,0.0,,Bismack Biyombo,9,0,2015-2016,4.0,1,6.0,TOR,97,Kyle Lowry,,,,,,,,,,,,,41:09,DeMar DeRozan,39:36,Jonas Valančiūnas,30:01,Patrick Patterson,27:57,Cory Joseph,24:16,James Johnson,21:27,Luis Scola,19:50,Terrence Ross,17:46,,
0,,0,0.000,0,,108,2,3,75.0,1,1.000,1.0,100.0,1.0,1,0,,0,0.000,Logos via Sports Logos.net / About logos,W,https://www.basketball-reference.com/boxscores/201601090PHI.html,Away,95,17:46,1,25.0,PHI,Jahlil Okafor,Isaiah Canaan,9:44,Robert Covington,9:06,,,,,,,,,33:40,Ish Smith,33:09,Nerlens Noel,32:57,Hollis Thompson,30:41,Nik Stauskas,24:04,Jerami Grant,22:05,JaKarr Sampson,17:04,T.J. McConnell,14:51,Carl Landry,12:39,95,1,2,2.0,100.0,0.0,0.0,0.0,0.0,Bismack Biyombo,13,0,2015-2016,2.0,0,4.0,TOR,108,Kyle Lowry,Delon Wright,1:04,,,,,,,,,,,38:40,DeMar DeRozan,37:00,Cory Joseph,30:59,Patrick Patterson,29:36,Jonas Valančiūnas,28:52,Terrence Ross,23:47,Luis Scola,17:47,James Johnson,12:37,Norman Powell,1:52
0,,0,0.000,1,1.00,106,1,4,66.7,3,.750,3.0,75.0,4.0,4,5,.833,6,150.000,Logos via Sports Logos.net / About logos,W,https://www.basketball-reference.com/boxscores/201601140ORL.html,Away,103,20:35,2,33.3,ORL,Victor Oladipo,Andrew Nicholson,3:06,,,,,,,,,,,44:59,Tobias Harris,44:17,Nikola Vučević,39:18,Jason Smith,36:33,Evan Fournier,34:26,Channing Frye,21:58,Elfrid Payton,20:10,Mario Hezonja,13:40,Aaron Gordon,6:33,103,3,11,6.0,54.5,0.0,0.0,5.0,45.5,Bismack Biyombo,3,0,2015-2016,1.0,1,6.0,TOR,106,Kyle Lowry,,,,,,,,,,,,,46:44,DeMar DeRozan,39:45,Patrick Patterson,35:50,Cory Joseph,35:32,Jonas Valančiūnas,30:05,Luis Scola,19:30,James Johnson,17:28,Terrence Ross,16:42,Norman Powell,2:49
0,,0,0.000,0,0.00,100,2,5,100.0,3,1.000,3.0,100.0,3.0,3,1,.500,2,66.667,Logos via Sports Logos.net / About logos,W,https://www.basketball-reference.com/boxscores/201601180TOR.html,Home,112,20:28,0,0.0,BRK,Brook Lopez,Markel Brown,6:10,,,,,,,,,,,37:36,Joe Johnson,37:20,Thaddeus Young,34:40,Donald Sloan,34:28,Wayne Ellington,24:00,Bojan Bogdanović,22:33,Shane Larkin,20:30,Thomas Robinson,12:18,Willie Reed,10:24,100,4,7,6.0,85.7,0.0,0.0,1.0,14.3,Bismack Biyombo,12,0,2015-2016,2.0,1,5.0,TOR,112,Kyle Lowry,Norman Powell,0:46,,,,,,,,,,,39:34,DeMar DeRozan,33:54,Patrick Patterson,32:40,Cory Joseph,26:52,Jonas Valančiūnas,26:46,Terrence Ross,24:12,James Johnson,18:41,Luis Scola,15:20,Lucas Nogueira,0:46
0,,0,0.000,0,0.00,109,3,4,100.0,1,1.000,1.0,100.0,1.0,1,1,.250,4,400.000,Logos via Sports Logos.net / About logos,W,https://www.basketball-reference.com/boxscores/201601200TOR.html,Home,115,16:20,0,0.0,BOS,Avery Bradley,Tyler Zeller,7:23,,,,,,,,,,,35:45,Isaiah Thomas,35:17,Jae Crowder,31:56,Kelly Olynyk,31:03,Amir Johnson,24:12,Marcus Smart,24:10,Evan Turner,22:38,Jonas Jerebko,14:45,Jared Sullinger,12:51,109,1,3,2.0,66.7,0.0,0.0,1.0,33.3,Bismack Biyombo,6,1,2015-2016,4.0,2,4.0,TOR,115,DeMar DeRozan,,,,,,,,,,,,,37:58,Kyle Lowry,36:36,Jonas Valančiūnas,28:46,Terrence Ross,28:23,Patrick Patterson,26:07,Luis Scola,24:46,Cory Joseph,21:26,James Johnson,19:37,,
0,,0,0.000,1,1.00,81,2,7,87.5,1,.333,1.0,33.3,3.0,3,0,,0,0.000,Logos via Sports Logos.net / About logos,W,https://www.basketball-reference.com/boxscores/201601220TOR.html,Home,101,21:22,1,12.5,MIA,Justise Winslow,,,,,,,,,,,,,40:47,Chris Bosh,38:41,Dwyane Wade,36:37,Josh Richardson,33:28,Tyler Johnson,33:09,Gerald Green,22:06,Amar'e Stoudemire,17:49,Udonis Haslem,15:47,Jarnell Stokes,1:36,81,2,2,2.0,100.0,0.0,0.0,0.0,0.0,Bismack Biyombo,20,0,2015-2016,2.0,1,8.0,TOR,101,Kyle Lowry,Anthony Bennett,1:36,,,,,,,,,,,38:05,DeMar DeRozan,35:47,James Johnson,27:10,Jonas Valančiūnas,26:38,Patrick Patterson,23:51,Luis Scola,22:33,Terrence Ross,21:48,Cory Joseph,19:34,Delon Wright,1:36
0,,0,0.000,0,0.00,94,0,6,66.7,4,.667,4.0,66.7,6.0,6,2,.667,3,50.000,Logos via Sports Logos.net / About logos,W,https://www.basketball-reference.com/boxscores/201601240TOR.html,Home,112,22:57,3,33.3,LAC,DeAndre Jordan,Pablo Prigioni,8:19,Lance Stephenson,7:31,Jeff Ayres,4:58,C.J. Wilcox,4:58,,,,,32:22,Chris Paul,31:05,Luc Mbah a Moute,29:26,Wesley Johnson,28:24,JJ Redick,28:17,Austin Rivers,18:55,Jamal Crawford,18:53,Paul Pierce,16:12,Cole Aldrich,10:40,94,1,10,8.0,80.0,0.0,0.0,2.0,20.0,Bismack Biyombo,18,0,2015-2016,0.0,2,9.0,TOR,112,Kyle Lowry,Anthony Bennett,2:51,,,,,,,,,,,36:20,Terrence Ross,33:13,DeMar DeRozan,33:06,Patrick Patterson,27:04,Jonas Valančiūnas,25:03,Cory Joseph,22:40,Luis Scola,18:05,James Johnson,14:47,Delon Wright,3:54
0,,0,0.000,1,,89,1,6,100.0,1,.500,1.0,50.0,2.0,2,3,.750,4,200.000,Logos via Sports Logos.net / About logos,W,https://www.basketball-reference.com/boxscores/201601260TOR.html,Home,106,19:14,0,0.0,WAS,John Wall,Kelly Oubre Jr.,5:21,Jarell Eddie,3:05,DeJuan Blair,1:57,,,,,,,35:33,Otto Porter Jr.,35:33,Garrett Temple,33:34,Marcin Gortat,31:54,Nenê,26:00,Gary Neal,21:33,Jared Dudley,19:56,Ramon Sessions,14:52,Drew Gooden,10:42,89,2,5,2.0,40.0,0.0,0.0,3.0,60.0,Bismack Biyombo,17,1,2015-2016,2.0,0,6.0,TOR,106,Kyle Lowry,Delon Wright,1:57,Lucas Nogueira,1:37,Anthony Bennett,1:37,,,,,,,36:21,DeMar DeRozan,33:49,Terrence Ross,31:28,Jonas Valančiūnas,25:35,Cory Joseph,24:35,Patrick Patterson,23:30,Luis Scola,22:53,James Johnson,15:11,Norman Powell,2:13
0,,0,0.000,0,,93,1,2,100.0,2,.667,2.0,66.7,3.0,3,1,.500,2,66.667,Logos via Sports Logos.net / About logos,W,https://www.basketball-reference.com/boxscores/201601280TOR.html,Home,103,19:41,0,0.0,NYK,Arron Afflalo,Lou Amundson,9:03,,,,,,,,,,,38:19,Langston Galloway,31:27,Derrick Williams,27:30,Lance Thomas,25:18,Jerian Grant,24:58,Robin Lopez,24:54,Sasha Vujačić,24:17,Kyle O'Quinn,19:10,Kevin Séraphin,15:04,93,2,5,4.0,80.0,0.0,0.0,1.0,20.0,Bismack Biyombo,10,0,2015-2016,1.0,0,2.0,TOR,103,Kyle Lowry,,,,,,,,,,,,,41:07,DeMar DeRozan,36:17,Patrick Patterson,29:17,Jonas Valančiūnas,28:19,Cory Joseph,24:22,Terrence Ross,22:27,Luis Scola,18:43,James Johnson,16:01,Norman Powell,3:46
0,,0,0.000,0,,107,3,10,76.9,3,.500,3.0,50.0,6.0,6,6,.750,8,133.333,Logos via Sports Logos.net / About logos,W,https://www.basketball-reference.com/boxscores/201601300TOR.html,Home,111,21:10,3,23.1,DET,Anthony Tolliver,,,,,,,,,,,,,35:18,Kentavious Caldwell-Pope,34:29,Marcus Morris,34:22,Stanley Johnson,28:04,Reggie Jackson,27:59,Andre Drummond,27:43,Brandon Jennings,21:46,Aron Baynes,20:17,Darrun Hilliard,10:02,107,2,12,6.0,50.0,0.0,0.0,6.0,50.0,Bismack Biyombo,4,0,2015-2016,3.0,0,13.0,TOR,111,Kyle Lowry,,,,,,,,,,,,,39:35,DeMar DeRozan,33:38,Cory Joseph,27:45,Jonas Valančiūnas,26:50,Patrick Patterson,25:12,Luis Scola,22:42,Terrence Ross,21:44,James Johnson,21:23,,
0,,0,0.000,1,0.50,93,1,4,80.0,0,.000,0.0,0.0,1.0,1,3,.500,6,600.000,Logos via Sports Logos.net / About logos,L,https://www.basketball-reference.com/boxscores/201602010DEN.html,Away,112,15:05,1,20.0,DEN,Will Barton,Jusuf Nurkić,15:09,Joffrey Lauvergne,2:54,Mike Miller,2:28,,,,,,,33:15,Nikola Jokić,29:57,Danilo Gallinari,29:11,Randy Foye,24:08,Kenneth Faried,23:53,Emmanuel Mudiay,23:52,Gary Harris,20:13,Darrell Arthur,18:10,Sean Kilpatrick,16:50,112,3,3,0.0,0.0,0.0,0.0,3.0,100.0,Bismack Biyombo,19,0,2015-2016,1.0,2,5.0,TOR,93,Kyle Lowry,James Johnson,10:10,Anthony Bennett,7:41,Delon Wright,5:31,,,,,,,32:00,DeMar DeRozan,28:05,Cory Joseph,27:59,Terrence Ross,27:01,Patrick Patterson,23:27,Jonas Valančiūnas,18:58,Luis Scola,16:52,Lucas Nogueira,13:57,Norman Powell,13:14
0,,0,0.000,1,1.00,104,1,11,91.7,2,.667,2.0,66.7,3.0,3,3,1.000,3,100.000,Logos via Sports Logos.net / About logos,W,https://www.basketball-reference.com/boxscores/201602020PHO.html,Away,97,28:58,1,8.3,PHO,Archie Goodwin,Jordan McRae,1:38,,,,,,,,,,,44:48,Markieff Morris,41:29,P.J. Tucker,39:26,Devin Booker,37:29,Mirza Teletović,24:18,Tyson Chandler,18:16,Alex Len,16:21,Sonny Weems,12:05,Jon Leuer,4:10,97,5,7,4.0,57.1,0.0,0.0,3.0,42.9,Bismack Biyombo,7,0,2015-2016,1.0,1,12.0,TOR,104,Kyle Lowry,,,,,,,,,,,,,41:35,DeMar DeRozan,33:41,Patrick Patterson,28:31,Cory Joseph,27:16,Terrence Ross,26:34,Luis Scola,19:29,Jonas Valančiūnas,19:02,Norman Powell,14:54,,
0,,0,0.000,0,0.00,110,1,5,71.4,0,.000,0.0,0.0,1.0,1,1,.500,2,200.000,Logos via Sports Logos.net / About logos,W,https://www.basketball-reference.com/boxscores/201602040POR.html,Away,103,20:56,2,28.6,POR,Damian Lillard,,,,,,,,,,,,,36:00,Allen Crabbe,33:35,CJ McCollum,33:03,Al-Farouq Aminu,31:57,Meyers Leonard,24:29,Gerald Henderson,23:44,Ed Davis,21:23,Mason Plumlee,19:39,Maurice Harkless,16:10,103,4,1,0.0,0.0,0.0,0.0,1.0,100.0,Bismack Biyombo,7,0,2015-2016,1.0,1,7.0,TOR,110,Kyle Lowry,,,,,,,,,,,,,39:56,DeMar DeRozan,35:19,Terrence Ross,29:48,Patrick Patterson,27:52,Cory Joseph,25:37,Jonas Valančiūnas,24:44,Luis Scola,22:20,Norman Powell,13:28,,
0,,0,,0,0.00,103,0,4,100.0,0,,0.0,,0.0,0,0,,0,,Logos via Sports Logos.net / About logos,W,https://www.basketball-reference.com/boxscores/201602080DET.html,Away,89,20:53,0,0.0,DET,Marcus Morris,,,,,,,,,,,,,36:49,Stanley Johnson,33:44,Andre Drummond,30:12,Reggie Jackson,29:06,Ersan İlyasova,27:49,Darrun Hilliard,25:27,Anthony Tolliver,20:11,Brandon Jennings,18:54,Aron Baynes,17:48,89,3,0,0.0,,0.0,,0.0,,Bismack Biyombo,14,1,2015-2016,1.0,2,4.0,TOR,103,Kyle Lowry,Lucas Nogueira,1:45,Delon Wright,1:45,Bruno Caboclo,1:43,,,,,,,37:45,DeMar DeRozan,33:16,Terrence Ross,29:21,Patrick Patterson,26:06,Jonas Valančiūnas,25:22,Cory Joseph,24:20,Luis Scola,20:09,Norman Powell,15:50,Anthony Bennett,1:45
0,,0,0.000,0,,112,6,4,66.7,2,1.000,2.0,100.0,2.0,2,2,1.000,2,100.000,Logos via Sports Logos.net / About logos,L,https://www.basketball-reference.com/boxscores/201602100MIN.html,Away,117,19:42,2,33.3,MIN,Gorgui Dieng,,,,,,,,,,,,,41:01,Zach LaVine,37:36,Ricky Rubio,37:12,Andrew Wiggins,37:08,Karl-Anthony Towns,35:23,Shabazz Muhammad,21:16,Nemanja Bjelica,12:04,Andre Miller,10:48,Adreian Payne,7:32,117,3,6,4.0,66.7,0.0,0.0,2.0,33.3,Bismack Biyombo,5,1,2015-2016,7.0,0,6.0,TOR,112,Kyle Lowry,Delon Wright,3:07,,,,,,,,,,,38:41,DeMar DeRozan,37:16,Patrick Patterson,29:42,Terrence Ross,26:41,Cory Joseph,26:39,Jonas Valančiūnas,24:16,Luis Scola,18:18,Norman Powell,11:36,Lucas Nogueira,4:02
0,,0,,1,1.00,106,2,2,66.7,0,,0.0,,0.0,0,1,.250,4,,Logos via Sports Logos.net / About logos,L,https://www.basketball-reference.com/boxscores/201602190CHI.html,Away,116,15:21,1,33.3,CHI,E'Twaun Moore,Tony Snell,10:46,,,,,,,,,,,34:42,Derrick Rose,34:41,Pau Gasol,32:05,Doug McDermott,30:32,Taj Gibson,24:20,Mike Dunleavy,23:05,Bobby Portis,22:18,Cristiano Felício,14:12,Aaron Brooks,13:19,116,4,1,0.0,0.0,0.0,0.0,1.0,100.0,Bismack Biyombo,10,0,2015-2016,2.0,1,3.0,TOR,106,DeMar DeRozan,,,,,,,,,,,,,40:00,Kyle Lowry,37:01,Jonas Valančiūnas,32:30,Cory Joseph,28:14,Patrick Patterson,28:11,Terrence Ross,24:17,Luis Scola,15:11,James Johnson,14:37,Anthony Bennett,4:38
0,.000,1,25.000,0,0.00,85,1,7,77.8,2,.500,2.0,66.7,3.0,4,1,.500,2,50.000,Logos via Sports Logos.net / About logos,W,https://www.basketball-reference.com/boxscores/201602210TOR.html,Home,98,16:43,2,22.2,MEM,Zach Randolph,Chris Andersen,9:14,,,,,,,,,,,35:42,Mike Conley,34:55,Matt Barnes,31:20,Vince Carter,30:47,Lance Stephenson,22:22,Brandan Wright,20:38,JaMychal Green,20:09,Mario Chalmers,18:40,P.J. Hairston,16:14,85,4,5,4.0,80.0,0.0,0.0,1.0,20.0,Bismack Biyombo,13,1,2015-2016,2.0,2,9.0,TOR,98,Kyle Lowry,,,,,,,,,,,,,39:53,DeMar DeRozan,36:04,Jonas Valančiūnas,31:17,Patrick Patterson,30:01,Terrence Ross,27:11,Cory Joseph,25:53,Luis Scola,17:59,James Johnson,14:59,,
0,,0,0.000,1,,122,1,4,44.4,4,1.000,4.0,100.0,4.0,4,2,.400,5,125.000,Logos via Sports Logos.net / About logos,W,https://www.basketball-reference.com/boxscores/201602220NYK.html,Away,95,19:21,5,55.6,NYK,Carmelo Anthony,Kyle O'Quinn,9:03,Sasha Vujačić,6:27,Jimmer Fredette,1:49,,,,,,,37:16,Arron Afflalo,33:29,Kristaps Porziņģis,32:31,Robin Lopez,27:50,Langston Galloway,24:43,Lance Thomas,21:18,José Calderón,19:21,Derrick Williams,14:13,Jerian Grant,12:00,95,4,10,8.0,80.0,0.0,0.0,2.0,20.0,Bismack Biyombo,27,0,2015-2016,1.0,0,9.0,TOR,122,Kyle Lowry,Lucas Nogueira,3:21,Anthony Bennett,1:49,Norman Powell,1:49,,,,,,,35:16,DeMar DeRozan,31:54,James Johnson,26:32,Patrick Patterson,26:05,Jonas Valančiūnas,25:18,Cory Joseph,24:33,Terrence Ross,20:35,Luis Scola,20:06,Delon Wright,3:21
0,,0,0.000,1,1.00,105,3,9,81.8,3,.429,3.0,42.9,7.0,7,0,,0,0.000,Logos via Sports Logos.net / About logos,W,https://www.basketball-reference.com/boxscores/201602240TOR.html,Home,114,29:00,2,18.2,MIN,Gorgui Dieng,Kevin Martin,4:04,,,,,,,,,,,41:21,Karl-Anthony Towns,37:20,Ricky Rubio,36:12,Zach LaVine,32:32,Andrew Wiggins,31:54,Shabazz Muhammad,21:08,Tayshaun Prince,16:44,Tyus Jones,11:48,Adreian Payne,6:57,105,3,6,6.0,100.0,0.0,0.0,0.0,0.0,Bismack Biyombo,9,1,2015-2016,4.0,1,11.0,TOR,114,Kyle Lowry,Delon Wright,0:16,,,,,,,,,,,39:14,DeMar DeRozan,37:52,Patrick Patterson,34:36,Cory Joseph,22:26,Terrence Ross,19:25,James Johnson,19:19,Jonas Valančiūnas,19:00,Luis Scola,13:24,Norman Powell,5:28
0,,0,0.000,0,,97,0,4,100.0,5,1.000,5.0,100.0,5.0,5,1,.500,2,40.000,Logos via Sports Logos.net / About logos,W,https://www.basketball-reference.com/boxscores/201602260TOR.html,Home,99,19:36,0,0.0,CLE,LeBron James,Richard Jefferson,7:31,,,,,,,,,,,40:29,Kevin Love,35:08,J.R. Smith,32:08,Kyrie Irving,31:11,Tristan Thompson,28:52,Iman Shumpert,22:05,Matthew Dellavedova,21:08,Channing Frye,12:09,Timofey Mozgov,9:19,97,0,11,10.0,90.9,0.0,0.0,1.0,9.1,Bismack Biyombo,2,0,2015-2016,0.0,0,4.0,TOR,99,Kyle Lowry,,,,,,,,,,,,,42:49,Patrick Patterson,36:54,DeMar DeRozan,32:19,Jonas Valančiūnas,28:24,Terrence Ross,27:03,Cory Joseph,24:10,James Johnson,15:42,Luis Scola,11:06,Anthony Bennett,1:57
0,,0,0.000,0,,101,0,6,85.7,1,.500,1.0,50.0,2.0,2,0,,0,0.000,Logos via Sports Logos.net / About logos,L,https://www.basketball-reference.com/boxscores/201602280DET.html,Away,114,21:38,1,14.3,DET,Kentavious Caldwell-Pope,Darrun Hilliard,8:39,Joel Anthony,4:09,,,,,,,,,35:42,Marcus Morris,32:02,Andre Drummond,30:14,Reggie Jackson,28:27,Reggie Bullock,26:27,Tobias Harris,25:20,Steve Blake,19:33,Justin Harper,15:50,Aron Baynes,13:37,114,4,2,2.0,100.0,0.0,0.0,0.0,0.0,Bismack Biyombo,13,0,2015-2016,0.0,0,7.0,TOR,101,DeMar DeRozan,Lucas Nogueira,5:52,Anthony Bennett,2:12,,,,,,,,,35:12,Terrence Ross,35:02,Delon Wright,30:46,Patrick Patterson,25:38,Jonas Valančiūnas,20:30,Luis Scola,20:10,Cory Joseph,19:51,James Johnson,17:17,Norman Powell,5:52
0,,0,0.000,0,,94,3,4,57.1,0,.000,0.0,0.0,2.0,2,1,.500,2,100.000,Logos via Sports Logos.net / About logos,W,https://www.basketball-reference.com/boxscores/201603020TOR.html,Home,104,17:48,3,42.9,UTA,Gordon Hayward,Rodney Hood,12:51,Trevor Booker,7:24,Jeff Withey,4:33,,,,,,,37:26,Derrick Favors,35:18,Trey Lyles,25:02,Shelvin Mack,23:51,Rudy Gobert,23:16,Raul Neto,23:09,Chris Johnson,19:32,Trey Burke,13:59,Joe Ingles,13:39,94,2,1,0.0,0.0,0.0,0.0,1.0,100.0,Bismack Biyombo,10,0,2015-2016,3.0,0,7.0,TOR,104,Kyle Lowry,,,,,,,,,,,,,40:13,DeMar DeRozan,34:55,Patrick Patterson,29:08,Terrence Ross,27:07,Cory Joseph,25:35,Jonas Valančiūnas,25:15,Luis Scola,18:52,James Johnson,16:37,Lucas Nogueira,4:30
0,,0,0.000,0,0.00,115,2,4,100.0,3,.750,3.0,75.0,4.0,4,3,.750,4,100.000,Logos via Sports Logos.net / About logos,W,https://www.basketball-reference.com/boxscores/201603040TOR.html,Home,117,20:10,0,0.0,POR,Damian Lillard,Noah Vonleh,10:50,Brian Roberts,1:12,,,,,,,,,39:37,CJ McCollum,38:14,Gerald Henderson,31:56,Mason Plumlee,26:35,Allen Crabbe,23:33,Ed Davis,20:44,Maurice Harkless,18:34,Al-Farouq Aminu,17:04,Meyers Leonard,11:41,115,5,9,6.0,66.7,0.0,0.0,3.0,33.3,Bismack Biyombo,2,0,2015-2016,2.0,2,4.0,TOR,117,DeMar DeRozan,,,,,,,,,,,,,36:40,Kyle Lowry,36:39,Cory Joseph,30:34,Patrick Patterson,29:38,Jonas Valančiūnas,26:38,Terrence Ross,22:02,Norman Powell,21:30,Luis Scola,14:57,Jason Thompson,1:12
0,,0,0.000,1,1.00,113,0,6,85.7,1,.500,1.0,50.0,2.0,2,0,,0,0.000,Logos via Sports Logos.net / About logos,L,https://www.basketball-reference.com/boxscores/201603060TOR.html,Home,107,19:48,1,14.3,HOU,James Harden,,,,,,,,,,,,,42:41,Patrick Beverley,40:42,Trevor Ariza,40:36,Dwight Howard,37:30,Corey Brewer,29:11,Donatas Motiejūnas,20:04,Jason Terry,14:40,Clint Capela,10:28,Montrezl Harrell,4:07,113,2,2,2.0,100.0,0.0,0.0,0.0,0.0,Bismack Biyombo,6,0,2015-2016,0.0,1,7.0,TOR,107,Kyle Lowry,,,,,,,,,,,,,38:17,DeMar DeRozan,34:10,Jonas Valančiūnas,28:12,James Johnson,27:24,Patrick Patterson,27:20,Cory Joseph,25:05,Luis Scola,20:22,Terrence Ross,16:09,Norman Powell,3:13
0,,0,0.000,1,0.33,99,2,6,60.0,3,.750,3.0,75.0,4.0,4,0,,0,0.000,Logos via Sports Logos.net / About logos,W,https://www.basketball-reference.com/boxscores/201603080TOR.html,Home,104,26:28,4,40.0,BRK,Brook Lopez,Thomas Robinson,12:26,,,,,,,,,,,35:29,Bojan Bogdanović,31:56,Thaddeus Young,31:55,Wayne Ellington,29:27,Donald Sloan,27:56,Shane Larkin,20:04,Markel Brown,19:48,Willie Reed,16:05,Sean Kilpatrick,14:55,99,4,6,6.0,100.0,0.0,0.0,0.0,0.0,Bismack Biyombo,5,2,2015-2016,4.0,3,10.0,TOR,104,Kyle Lowry,,,,,,,,,,,,,41:57,DeMar DeRozan,37:43,Jason Thompson,24:05,Terrence Ross,24:05,Patrick Patterson,23:55,Jonas Valančiūnas,21:27,Norman Powell,20:32,Cory Joseph,19:48,,
0,,0,0.000,1,,96,2,7,77.8,1,.200,1.0,20.0,5.0,5,1,.500,2,40.000,Logos via Sports Logos.net / About logos,W,https://www.basketball-reference.com/boxscores/201603100TOR.html,Home,104,24:03,2,22.2,ATL,Al Horford,Mike Muscala,7:07,,,,,,,,,,,34:54,Paul Millsap,34:25,Kent Bazemore,31:22,Kyle Korver,25:45,Dennis Schröder,25:21,Jeff Teague,24:45,Tim Hardaway Jr.,21:12,Thabo Sefolosha,20:23,Kris Humphries,14:46,96,3,3,2.0,66.7,0.0,0.0,1.0,33.3,Bismack Biyombo,8,0,2015-2016,2.0,0,9.0,TOR,104,Kyle Lowry,,,,,,,,,,,,,37:57,DeMar DeRozan,34:35,Cory Joseph,28:59,Patrick Patterson,26:19,Terrence Ross,25:52,Jonas Valančiūnas,23:41,Luis Scola,21:57,Norman Powell,16:37,,
0,,0,,0,0.00,104,2,4,100.0,0,,0.0,,0.0,0,2,.500,4,,Logos via Sports Logos.net / About logos,W,https://www.basketball-reference.com/boxscores/201603120TOR.html,Home,112,20:32,0,0.0,MIA,Joe Johnson,,,,,,,,,,,,,43:28,Justise Winslow,42:37,Goran Dragić,41:19,Luol Deng,36:50,Hassan Whiteside,33:02,Josh Richardson,26:26,Gerald Green,21:47,Amar'e Stoudemire,19:31,,,104,2,2,0.0,0.0,0.0,0.0,2.0,100.0,Bismack Biyombo,8,1,2015-2016,3.0,1,4.0,TOR,112,Kyle Lowry,,,,,,,,,,,,,44:35,DeMar DeRozan,43:11,Patrick Patterson,36:49,Jonas Valančiūnas,32:25,Cory Joseph,30:01,James Johnson,21:20,Terrence Ross,19:52,Luis Scola,16:16,,
0,,0,0.000,0,,109,6,2,33.3,3,.600,3.0,60.0,5.0,5,0,,0,0.000,Logos via Sports Logos.net / About logos,L,https://www.basketball-reference.com/boxscores/201603140TOR.html,Home,107,25:37,4,66.7,CHI,Doug McDermott,Cristiano Felício,5:59,,,,,,,,,,,36:30,Taj Gibson,34:47,Jimmy Butler,33:57,Nikola Mirotić,32:13,E'Twaun Moore,30:56,Bobby Portis,22:54,Aaron Brooks,17:04,Justin Holiday,14:02,Tony Snell,11:38,109,2,6,6.0,100.0,0.0,0.0,0.0,0.0,Bismack Biyombo,2,0,2015-2016,6.0,0,6.0,TOR,107,Kyle Lowry,Norman Powell,3:54,,,,,,,,,,,40:36,DeMar DeRozan,38:59,Patrick Patterson,32:10,Cory Joseph,25:54,Terrence Ross,17:54,James Johnson,16:54,Luis Scola,16:00,Jason Thompson,12:26,Jonas Valančiūnas,9:35
0,,0,0.000,1,,107,2,11,84.6,6,.857,6.0,85.7,7.0,7,0,,0,0.000,Logos via Sports Logos.net / About logos,W,https://www.basketball-reference.com/boxscores/201603150MIL.html,Away,89,24:54,2,15.4,MIL,Jabari Parker,John Henson,5:45,Damien Inglis,3:31,,,,,,,,,37:15,Giannis Antetokounmpo,35:07,Khris Middleton,30:33,Greg Monroe,28:35,Jerryd Bayless,28:24,Tyler Ennis,28:21,Johnny O'Bryant,15:29,Miles Plumlee,13:40,Rashad Vaughn,13:20,89,2,12,12.0,100.0,0.0,0.0,0.0,0.0,Bismack Biyombo,18,0,2015-2016,2.0,0,13.0,TOR,107,Norman Powell,Delon Wright,2:48,,,,,,,,,,,34:30,Terrence Ross,29:43,Kyle Lowry,28:11,Cory Joseph,24:49,Luis Scola,24:32,James Johnson,23:59,Jason Thompson,23:06,Patrick Patterson,19:57,Lucas Nogueira,3:31
0,,0,0.000,0,,101,2,16,64.0,5,.833,5.0,83.3,6.0,6,6,.545,11,183.333,Logos via Sports Logos.net / About logos,W,https://www.basketball-reference.com/boxscores/201603170IND.html,Away,94,42:12,9,36.0,IND,Monta Ellis,Joe Young,4:35,Shayne Whittington,3:30,,,,,,,,,42:47,Paul George,42:13,George Hill,41:19,Jordan Hill,37:23,Solomon Hill,33:10,Myles Turner,18:12,Rodney Stuckey,17:02,Lavoy Allen,13:07,C.J. Miles,11:42,94,2,16,10.0,62.5,0.0,0.0,6.0,37.5,Bismack Biyombo,7,0,2015-2016,2.0,0,25.0,TOR,101,DeMar DeRozan,,,,,,,,,,,,,44:01,Kyle Lowry,43:24,Patrick Patterson,33:00,Cory Joseph,30:06,Terrence Ross,21:17,Norman Powell,20:13,Luis Scola,20:00,Jason Thompson,10:47,,
0,,0,0.000,2,,91,2,8,72.7,1,.250,1.0,25.0,4.0,4,2,1.000,2,50.000,Logos via Sports Logos.net / About logos,W,https://www.basketball-reference.com/boxscores/201603180TOR.html,Home,105,23:56,3,27.3,BOS,Avery Bradley,Terry Rozier,10:11,Jordan Mickey,8:37,Coty Clarke,2:30,James Young,2:30,,,,,33:15,Isaiah Thomas,33:06,Evan Turner,30:47,Kelly Olynyk,29:39,Amir Johnson,25:59,Marcus Smart,21:50,Jared Sullinger,16:48,R.J. Hunter,13:48,Tyler Zeller,11:00,91,3,4,2.0,50.0,0.0,0.0,2.0,50.0,Bismack Biyombo,14,0,2015-2016,2.0,0,11.0,TOR,105,Kyle Lowry,Bruno Caboclo,1:33,Delon Wright,1:33,,,,,,,,,36:59,DeMar DeRozan,31:53,Cory Joseph,25:35,Terrence Ross,24:53,Jason Thompson,24:27,Norman Powell,21:34,Luis Scola,20:34,Patrick Patterson,20:18,Lucas Nogueira,6:45
0,,0,0.000,1,1.00,100,6,6,54.5,5,.714,5.0,71.4,7.0,7,2,.333,6,85.714,Logos via Sports Logos.net / About logos,W,https://www.basketball-reference.com/boxscores/201603200TOR.html,Home,105,36:03,5,45.5,ORL,Victor Oladipo,Jason Smith,8:32,Mario Hezonja,5:27,,,,,,,,,41:39,Evan Fournier,37:15,Ersan İlyasova,31:56,Brandon Jennings,31:22,Andrew Nicholson,20:45,Aaron Gordon,18:15,Elfrid Payton,16:38,Dewayne Dedmon,16:12,Devyn Marble,12:00,100,4,12,10.0,83.3,0.0,0.0,2.0,16.7,Bismack Biyombo,5,0,2015-2016,6.0,1,11.0,TOR,105,Kyle Lowry,,,,,,,,,,,,,40:07,DeMar DeRozan,37:20,Luis Scola,32:16,Jason Thompson,27:41,Terrence Ross,27:38,Norman Powell,23:04,Delon Wright,15:52,,,,
0,,0,0.000,1,,79,1,8,61.5,0,.000,0.0,0.0,3.0,3,0,.000,2,66.667,Logos via Sports Logos.net / About logos,L,https://www.basketball-reference.com/boxscores/201603230BOS.html,Away,91,27:18,5,38.5,BOS,Avery Bradley,Tyler Zeller,6:31,,,,,,,,,,,36:31,Isaiah Thomas,35:34,Amir Johnson,33:38,Evan Turner,33:28,Jared Sullinger,27:15,Marcus Smart,25:16,Kelly Olynyk,18:08,Terry Rozier,13:11,Jonas Jerebko,10:28,91,3,0,0.0,,0.0,,0.0,,Bismack Biyombo,12,0,2015-2016,1.0,0,13.0,TOR,79,DeMar DeRozan,,,,,,,,,,,,,36:16,Terrence Ross,35:46,Cory Joseph,31:56,Jason Thompson,24:02,Luis Scola,23:58,Jonas Valančiūnas,20:42,Delon Wright,20:25,Norman Powell,12:14,James Johnson,7:23
0,,0,0.000,1,,109,2,4,100.0,2,.667,2.0,66.7,3.0,3,2,1.000,2,66.667,Logos via Sports Logos.net / About logos,L,https://www.basketball-reference.com/boxscores/201603250HOU.html,Away,112,18:08,0,0.0,HOU,James Harden,,,,,,,,,,,,,41:56,Trevor Ariza,36:49,Patrick Beverley,36:23,Michael Beasley,27:57,Dwight Howard,23:24,Jason Terry,23:04,Corey Brewer,19:33,Clint Capela,15:55,Donatas Motiejūnas,14:59,112,2,6,4.0,66.7,0.0,0.0,2.0,33.3,Bismack Biyombo,3,1,2015-2016,3.0,0,4.0,TOR,109,Kyle Lowry,,,,,,,,,,,,,41:37,Norman Powell,38:58,DeMar DeRozan,36:33,Jonas Valančiūnas,29:51,Luis Scola,23:26,Cory Joseph,22:21,Patrick Patterson,20:07,James Johnson,8:58,,
0,,0,0.000,0,0.00,115,2,4,80.0,1,1.000,1.0,100.0,1.0,1,5,.833,6,600.000,Logos via Sports Logos.net / About logos,W,https://www.basketball-reference.com/boxscores/201603260NOP.html,Away,91,18:51,1,20.0,NOP,Alonzo Gee,,,,,,,,,,,,,41:00,Dante Cunningham,36:01,Tim Frazier,28:42,Luke Babbitt,28:06,Jordan Hamilton,24:18,Ömer Aşık,23:42,Toney Douglas,21:34,Alexis Ajinça,20:42,Kendrick Perkins,15:55,91,3,7,2.0,28.6,0.0,0.0,5.0,71.4,Bismack Biyombo,24,0,2015-2016,2.0,1,5.0,TOR,115,Norman Powell,Delon Wright,3:17,Lucas Nogueira,2:42,Bruno Caboclo,2:04,,,,,,,33:45,DeMar DeRozan,30:28,Kyle Lowry,28:26,Jonas Valančiūnas,26:27,Cory Joseph,26:12,Luis Scola,21:28,James Johnson,19:48,Patrick Patterson,19:43,Jason Thompson,6:49
0,,0,0.000,0,,119,1,4,57.1,2,.500,2.0,50.0,4.0,4,3,.600,5,125.000,Logos via Sports Logos.net / About logos,L,https://www.basketball-reference.com/boxscores/201603280TOR.html,Home,100,17:49,3,42.9,OKC,Kevin Durant,Anthony Morrow,7:17,Cameron Payne,2:44,,,,,,,,,36:53,Russell Westbrook,34:06,Serge Ibaka,32:43,Steven Adams,28:18,Dion Waiters,27:32,Andre Roberson,24:44,Enes Freedom,19:42,Randy Foye,13:54,Kyle Singler,12:07,119,3,7,4.0,57.1,0.0,0.0,3.0,42.9,Bismack Biyombo,19,0,2015-2016,1.0,0,7.0,TOR,100,Kyle Lowry,Delon Wright,3:15,Lucas Nogueira,3:15,,,,,,,,,36:27,DeMar DeRozan,33:37,Patrick Patterson,29:24,Norman Powell,27:49,Jonas Valančiūnas,26:30,Cory Joseph,26:23,James Johnson,16:29,Luis Scola,15:21,Jason Thompson,3:41
0,,0,0.000,0,,97,1,4,66.7,1,1.000,1.0,100.0,1.0,1,5,.833,6,600.000,Logos via Sports Logos.net / About logos,W,https://www.basketball-reference.com/boxscores/201603300TOR.html,Home,105,17:02,2,33.3,ATL,Kent Bazemore,Thabo Sefolosha,12:02,Mike Muscala,12:00,Kirk Hinrich,11:48,,,,,,,24:50,Tim Hardaway Jr.,24:42,Mike Scott,24:08,Paul Millsap,23:52,Kyle Korver,23:33,Dennis Schröder,23:22,Al Horford,22:53,Jeff Teague,22:23,Kris Humphries,14:27,97,1,7,2.0,28.6,0.0,0.0,5.0,71.4,Bismack Biyombo,8,2,2015-2016,3.0,0,6.0,TOR,105,Kyle Lowry,,,,,,,,,,,,,40:02,DeMar DeRozan,37:01,Patrick Patterson,32:47,Jonas Valančiūnas,30:58,Norman Powell,25:02,Terrence Ross,22:58,Cory Joseph,18:57,Jason Thompson,15:13,,
0,,0,0.000,0,0.00,99,1,1,100.0,1,1.000,1.0,100.0,1.0,1,0,,0,0.000,Logos via Sports Logos.net / About logos,W,https://www.basketball-reference.com/boxscores/201604010MEM.html,Away,95,11:57,0,0.0,MEM,Zach Randolph,Jarell Martin,18:08,,,,,,,,,,,29:26,Lance Stephenson,28:57,JaMychal Green,27:58,Matt Barnes,26:53,Jordan Farmar,25:58,Xavier Munford,22:02,Tony Allen,21:33,Chris Andersen,20:02,Vince Carter,19:04,95,5,2,2.0,100.0,0.0,0.0,0.0,0.0,Bismack Biyombo,4,0,2015-2016,1.0,2,1.0,TOR,99,DeMar DeRozan,,,,,,,,,,,,,36:28,Kyle Lowry,36:26,Jonas Valančiūnas,36:03,Norman Powell,30:30,Patrick Patterson,26:14,Cory Joseph,23:06,Jason Thompson,21:46,Terrence Ross,17:30,,
0,,0,0.000,0,,95,1,5,83.3,1,.500,1.0,50.0,2.0,2,0,,0,0.000,Logos via Sports Logos.net / About logos,L,https://www.basketball-reference.com/boxscores/201604020SAS.html,Away,102,19:17,1,16.7,SAS,Kawhi Leonard,Boris Diaw,10:28,,,,,,,,,,,40:07,LaMarcus Aldridge,38:26,Tim Duncan,28:44,Tony Parker,27:36,Patty Mills,24:13,Manu Ginóbili,21:19,Danny Green,18:18,David West,18:09,Kyle Anderson,12:40,102,4,2,2.0,100.0,0.0,0.0,0.0,0.0,Bismack Biyombo,7,0,2015-2016,1.0,0,6.0,TOR,95,Patrick Patterson,,,,,,,,,,,,,33:56,Cory Joseph,32:42,Norman Powell,32:20,Terrence Ross,30:30,Jonas Valančiūnas,28:43,Delon Wright,22:03,James Johnson,16:52,Jason Thompson,12:44,Luis Scola,10:53
0,,0,0.000,0,,90,3,5,71.4,1,.200,1.0,20.0,5.0,5,1,.167,6,120.000,Logos via Sports Logos.net / About logos,W,https://www.basketball-reference.com/boxscores/201604050TOR.html,Home,96,19:37,2,28.6,CHO,Jeremy Lin,,,,,,,,,,,,,40:09,Courtney Lee,36:15,Kemba Walker,35:39,Marvin Williams,31:19,Frank Kaminsky,29:45,Al Jefferson,20:10,Cody Zeller,19:21,Jeremy Lamb,18:53,Spencer Hawes,8:29,90,2,3,2.0,66.7,0.0,0.0,1.0,33.3,Bismack Biyombo,6,0,2015-2016,3.0,0,7.0,TOR,96,Kyle Lowry,,,,,,,,,,,,,39:43,DeMar DeRozan,35:39,Jonas Valančiūnas,28:23,Patrick Patterson,28:12,Cory Joseph,24:50,Norman Powell,22:52,Terrence Ross,20:58,Luis Scola,15:11,Jason Thompson,4:34
0,,0,0.000,1,1.00,87,1,6,66.7,3,.375,3.0,37.5,8.0,8,4,.800,5,62.500,Logos via Sports Logos.net / About logos,L,https://www.basketball-reference.com/boxscores/201604070ATL.html,Away,95,21:44,3,33.3,ATL,Paul Millsap,Kirk Hinrich,4:45,Kris Humphries,3:14,,,,,,,,,37:04,Kyle Korver,36:22,Al Horford,32:51,Jeff Teague,30:23,Thabo Sefolosha,29:29,Tim Hardaway Jr.,27:34,Dennis Schröder,15:27,Mike Scott,14:05,Mike Muscala,8:46,95,0,10,6.0,60.0,0.0,0.0,4.0,40.0,Bismack Biyombo,8,0,2015-2016,1.0,1,9.0,TOR,87,Kyle Lowry,Lucas Nogueira,4:50,Jason Thompson,3:01,,,,,,,,,34:19,DeMar DeRozan,34:10,Norman Powell,31:02,Patrick Patterson,27:59,Jonas Valančiūnas,21:26,Terrence Ross,18:49,Cory Joseph,17:33,DeMarre Carroll,13:50,Luis Scola,11:17
0,,0,0.000,0,,98,0,4,100.0,1,1.000,1.0,100.0,1.0,1,0,,0,0.000,Logos via Sports Logos.net / About logos,W,https://www.basketball-reference.com/boxscores/201604080TOR.html,Home,111,9:34,0,0.0,IND,George Hill,Rodney Stuckey,15:57,Joe Young,2:52,Glenn Robinson III,2:52,,,,,,,31:57,Monta Ellis,28:46,Paul George,27:52,Solomon Hill,27:50,Myles Turner,23:11,C.J. Miles,22:42,Lavoy Allen,19:37,Ian Mahinmi,18:21,Ty Lawson,18:03,98,0,2,2.0,100.0,0.0,0.0,0.0,0.0,Bismack Biyombo,13,0,2015-2016,0.0,0,4.0,TOR,111,Norman Powell,,,,,,,,,,,,,41:12,Cory Joseph,34:44,James Johnson,27:52,Patrick Patterson,26:42,Delon Wright,25:56,Jason Thompson,21:33,Jonas Valančiūnas,21:23,Terrence Ross,20:11,Lucas Nogueira,10:53
0,,0,0.000,1,1.00,93,0,7,87.5,1,1.000,1.0,100.0,1.0,1,0,.000,2,200.000,Logos via Sports Logos.net / About logos,W,https://www.basketball-reference.com/boxscores/201604100NYK.html,Away,89,20:09,1,12.5,NYK,Jerian Grant,,,,,,,,,,,,,38:23,Sasha Vujačić,35:10,Robin Lopez,27:54,Langston Galloway,27:13,Carmelo Anthony,24:41,Arron Afflalo,22:57,Derrick Williams,22:42,Cleanthony Early,20:54,Kyle O'Quinn,20:06,89,3,2,2.0,100.0,0.0,0.0,0.0,0.0,Bismack Biyombo,4,0,2015-2016,0.0,1,8.0,TOR,93,DeMar DeRozan,,,,,,,,,,,,,35:00,Kyle Lowry,31:56,Patrick Patterson,28:57,Jonas Valančiūnas,27:51,Norman Powell,20:43,Terrence Ross,20:40,Jason Thompson,19:03,Cory Joseph,18:20,DeMarre Carroll,17:21
0,,0,0.000,0,,98,1,4,57.1,6,.750,6.0,75.0,8.0,8,2,1.000,2,25.000,Logos via Sports Logos.net / About logos,W,https://www.basketball-reference.com/boxscores/201604120TOR.html,Home,122,21:40,3,42.9,PHI,Nik Stauskas,,,,,,,,,,,,,36:49,Robert Covington,34:25,Nerlens Noel,34:13,Ish Smith,33:36,Hollis Thompson,30:43,T.J. McConnell,21:37,Christian Wood,19:27,Jerami Grant,14:46,Kendall Marshall,14:24,98,2,14,12.0,85.7,0.0,0.0,2.0,14.3,Bismack Biyombo,24,0,2015-2016,1.0,0,7.0,TOR,122,Norman Powell,Lucas Nogueira,9:10,,,,,,,,,,,38:22,Terrence Ross,27:05,Kyle Lowry,26:16,DeMar DeRozan,22:20,Delon Wright,21:44,Luis Scola,21:04,DeMarre Carroll,20:42,Jonas Valančiūnas,17:10,Jason Thompson,14:27
0,,0,0.000,1,,103,2,2,40.0,1,.333,1.0,33.3,3.0,3,1,.500,2,66.667,Logos via Sports Logos.net / About logos,W,https://www.basketball-reference.com/boxscores/201604130BRK.html,Away,96,12:24,3,60.0,BRK,Bojan Bogdanović,,,,,,,,,,,,,37:02,Markel Brown,31:31,Sean Kilpatrick,31:26,Shane Larkin,28:16,Donald Sloan,26:01,Rondae Hollis-Jefferson,24:12,Henry Sims,23:14,Chris McCullough,21:44,Wayne Ellington,16:34,96,1,3,2.0,66.7,0.0,0.0,1.0,33.3,Bismack Biyombo,7,0,2015-2016,2.0,0,5.0,TOR,103,Delon Wright,,,,,,,,,,,,,37:07,Norman Powell,36:35,Lucas Nogueira,35:36,Bruno Caboclo,35:03,Terrence Ross,28:36,Jason Thompson,21:48,Cory Joseph,17:42,Patrick Patterson,15:09,,
0,,0,0.000,0,0.00,100,2,7,87.5,1,.500,1.0,50.0,2.0,2,4,.667,6,300.000,Logos via Sports Logos.net / About logos,L,https://www.basketball-reference.com/boxscores/201604160TOR.html,Home,90,24:29,1,12.5,IND,Paul George,Lavoy Allen,14:22,Jordan Hill,4:48,,,,,,,,,37:33,George Hill,31:16,Monta Ellis,29:18,Myles Turner,26:04,Solomon Hill,25:33,Rodney Stuckey,19:19,C.J. Miles,18:32,Ty Lawson,16:44,Ian Mahinmi,16:31,100,1,6,2.0,33.3,0.0,0.0,4.0,66.7,Bismack Biyombo,10,0,2015-2016,2.0,2,8.0,TOR,90,Kyle Lowry,,,,,,,,,,,,,40:48,DeMar DeRozan,36:44,Patrick Patterson,27:48,Cory Joseph,24:11,Jonas Valančiūnas,21:17,DeMarre Carroll,19:17,Norman Powell,16:49,Luis Scola,14:39,Terrence Ross,13:58
0,,0,0.000,1,1.00,87,1,2,50.0,1,.500,1.0,50.0,2.0,2,4,.800,5,250.000,Logos via Sports Logos.net / About logos,W,https://www.basketball-reference.com/boxscores/201604180TOR.html,Home,98,17:01,2,50.0,IND,Paul George,Ty Lawson,13:15,Joe Young,3:16,Glenn Robinson III,3:16,Jordan Hill,3:16,,,,,33:20,George Hill,31:24,Monta Ellis,30:31,Solomon Hill,26:54,Ian Mahinmi,21:32,Lavoy Allen,20:56,C.J. Miles,19:21,Rodney Stuckey,16:55,Myles Turner,16:04,87,2,6,2.0,33.3,0.0,0.0,4.0,66.7,Bismack Biyombo,11,1,2015-2016,2.0,1,4.0,TOR,98,Kyle Lowry,Jason Thompson,2:24,Delon Wright,1:21,,,,,,,,,39:49,Patrick Patterson,31:10,Jonas Valančiūnas,30:59,DeMar DeRozan,30:34,Cory Joseph,24:16,Norman Powell,22:02,DeMarre Carroll,20:12,Luis Scola,10:32,Terrence Ross,9:40
0,,0,0.000,0,,101,1,5,62.5,3,.600,3.0,60.0,5.0,5,0,,0,0.000,Logos via Sports Logos.net / About logos,W,https://www.basketball-reference.com/boxscores/201604210IND.html,Away,85,20:39,3,37.5,IND,Paul George,Ty Lawson,6:50,Joe Young,1:24,Jordan Hill,1:24,Glenn Robinson III,1:24,,,,,41:55,Monta Ellis,36:29,George Hill,32:58,Myles Turner,31:12,Solomon Hill,28:20,Ian Mahinmi,23:52,Rodney Stuckey,16:55,Lavoy Allen,8:56,C.J. Miles,8:21,85,5,6,6.0,100.0,0.0,0.0,0.0,0.0,Bismack Biyombo,16,0,2015-2016,1.0,0,8.0,TOR,101,Kyle Lowry,Delon Wright,1:24,,,,,,,,,,,40:27,DeMar DeRozan,36:01,DeMarre Carroll,35:10,Jonas Valančiūnas,27:21,Patrick Patterson,26:13,Cory Joseph,24:14,Luis Scola,15:41,Terrence Ross,9:51,Norman Powell,2:59
0,,0,0.000,0,0.00,83,1,6,66.7,1,1.000,1.0,100.0,1.0,1,3,.375,8,800.000,Logos via Sports Logos.net / About logos,L,https://www.basketball-reference.com/boxscores/201604230IND.html,Away,100,12:51,3,33.3,IND,Paul George,Glenn Robinson III,2:31,Lavoy Allen,2:31,Jordan Hill,2:31,Joe Young,2:31,,,,,35:06,Ian Mahinmi,33:12,George Hill,31:14,Monta Ellis,29:58,Solomon Hill,28:23,Myles Turner,26:51,Rodney Stuckey,15:37,C.J. Miles,15:26,Ty Lawson,14:09,100,1,5,2.0,40.0,0.0,0.0,3.0,60.0,Bismack Biyombo,17,0,2015-2016,1.0,3,9.0,TOR,83,Kyle Lowry,James Johnson,3:19,Jason Thompson,3:19,Delon Wright,3:19,,,,,,,36:09,DeMar DeRozan,33:03,DeMarre Carroll,32:23,Jonas Valančiūnas,27:31,Patrick Patterson,26:34,Terrence Ross,19:28,Luis Scola,14:23,Cory Joseph,14:08,Norman Powell,13:33
0,,0,0.000,1,1.00,99,0,12,75.0,3,.600,3.0,60.0,5.0,5,4,1.000,4,80.000,Logos via Sports Logos.net / About logos,W,https://www.basketball-reference.com/boxscores/201604260TOR.html,Home,102,23:31,4,25.0,IND,Paul George,Lavoy Allen,0:59,,,,,,,,,,,41:05,Myles Turner,35:10,George Hill,34:04,Monta Ellis,32:56,Solomon Hill,30:23,Rodney Stuckey,21:31,Ian Mahinmi,18:54,C.J. Miles,17:29,Ty Lawson,7:29,99,1,10,6.0,60.0,0.0,0.0,4.0,40.0,Bismack Biyombo,3,0,2015-2016,0.0,1,16.0,TOR,102,DeMar DeRozan,,,,,,,,,,,,,39:38,Kyle Lowry,36:59,Norman Powell,28:09,Patrick Patterson,25:55,DeMarre Carroll,25:49,Cory Joseph,23:01,Jonas Valančiūnas,22:34,Terrence Ross,14:24,,
0,,0,0.000,0,,83,1,5,50.0,1,.333,1.0,33.3,3.0,3,0,,0,0.000,Logos via Sports Logos.net / About logos,L,https://www.basketball-reference.com/boxscores/201604290IND.html,Away,101,18:43,5,50.0,IND,Paul George,Jordan Hill,3:09,Joe Young,3:08,Lavoy Allen,3:08,Glenn Robinson III,3:08,,,,,40:26,George Hill,34:28,Myles Turner,33:05,Ian Mahinmi,29:49,Monta Ellis,28:50,Solomon Hill,24:14,Rodney Stuckey,19:43,Ty Lawson,9:51,C.J. Miles,7:01,101,2,2,2.0,100.0,0.0,0.0,0.0,0.0,Bismack Biyombo,18,1,2015-2016,2.0,0,10.0,TOR,83,Kyle Lowry,Delon Wright,3:27,,,,,,,,,,,38:30,DeMar DeRozan,37:21,DeMarre Carroll,29:39,Patrick Patterson,26:44,Jonas Valančiūnas,25:50,Cory Joseph,24:30,Norman Powell,18:57,Terrence Ross,12:52,Jason Thompson,3:27
0,,0,0.000,0,,84,0,7,63.6,1,.333,1.0,33.3,3.0,3,1,.250,4,133.333,Logos via Sports Logos.net / About logos,W,https://www.basketball-reference.com/boxscores/201605010TOR.html,Home,89,19:45,4,36.4,IND,Paul George,,,,,,,,,,,,,46:00,George Hill,39:46,Monta Ellis,37:16,Solomon Hill,34:28,Myles Turner,28:44,Ian Mahinmi,28:06,Rodney Stuckey,14:40,C.J. Miles,5:45,Ty Lawson,5:16,84,3,3,2.0,66.7,0.0,0.0,1.0,33.3,Bismack Biyombo,5,0,2015-2016,0.0,0,11.0,TOR,89,DeMar DeRozan,,,,,,,,,,,,,39:54,Kyle Lowry,37:26,DeMarre Carroll,36:44,Jonas Valančiūnas,28:15,Cory Joseph,26:50,Norman Powell,23:13,Patrick Patterson,22:47,Terrence Ross,5:06,,
0,,0,,0,0.00,102,0,2,66.7,0,,0.0,,0.0,0,0,,0,,Logos via Sports Logos.net / About logos,L,https://www.basketball-reference.com/boxscores/201605030TOR.html,Home,96,11:33,1,33.3,MIA,Joe Johnson,Udonis Haslem,5:31,,,,,,,,,,,41:46,Goran Dragić,41:05,Hassan Whiteside,39:20,Luol Deng,39:17,Dwyane Wade,36:58,Josh Richardson,24:27,Justise Winslow,21:38,Amar'e Stoudemire,7:53,Gerald Green,7:05,102,2,0,0.0,,0.0,,0.0,,Bismack Biyombo,6,0,2015-2016,0.0,1,3.0,TOR,96,Kyle Lowry,,,,,,,,,,,,,42:35,DeMar DeRozan,42:08,Jonas Valančiūnas,41:10,DeMarre Carroll,36:55,Terrence Ross,27:25,Cory Joseph,22:54,Norman Powell,21:54,Patrick Patterson,18:26,,
0,,0,,0,0.00,92,0,3,100.0,0,,0.0,,0.0,0,0,,0,,Logos via Sports Logos.net / About logos,W,https://www.basketball-reference.com/boxscores/201605050TOR.html,Home,96,13:58,0,0.0,MIA,Luol Deng,Amar'e Stoudemire,4:01,,,,,,,,,,,41:54,Joe Johnson,41:11,Hassan Whiteside,39:05,Dwyane Wade,37:34,Goran Dragić,35:02,Josh Richardson,27:12,Gerald Green,15:55,Justise Winslow,14:22,Udonis Haslem,8:44,92,2,0,0.0,,0.0,,0.0,,Bismack Biyombo,4,0,2015-2016,0.0,1,3.0,TOR,96,Kyle Lowry,,,,,,,,,,,,,46:53,DeMar DeRozan,41:52,DeMarre Carroll,39:41,Jonas Valančiūnas,37:57,Terrence Ross,28:18,Cory Joseph,25:32,Patrick Patterson,17:12,Norman Powell,8:39,James Johnson,4:58
0,,0,,0,,95,0,3,60.0,0,,0.0,,0.0,0,3,.750,4,,Logos via Sports Logos.net / About logos,W,https://www.basketball-reference.com/boxscores/201605070MIA.html,Away,91,12:10,2,40.0,MIA,Luol Deng,Amar'e Stoudemire,3:51,,,,,,,,,,,39:00,Joe Johnson,36:51,Dwyane Wade,36:07,Josh Richardson,29:55,Goran Dragić,29:25,Udonis Haslem,22:12,Gerald Green,20:58,Josh McRoberts,13:15,Hassan Whiteside,8:26,91,1,3,0.0,0.0,0.0,0.0,3.0,100.0,Bismack Biyombo,4,0,2015-2016,0.0,0,5.0,TOR,95,Kyle Lowry,,,,,,,,,,,,,41:11,DeMar DeRozan,39:55,DeMarre Carroll,37:45,Patrick Patterson,35:35,Cory Joseph,23:02,Jonas Valančiūnas,22:03,Terrence Ross,18:52,Luis Scola,5:22,Norman Powell,4:05
0,,0,0.000,1,1.00,87,2,10,76.9,4,.667,4.0,66.7,6.0,6,5,1.000,5,83.333,Logos via Sports Logos.net / About logos,L,https://www.basketball-reference.com/boxscores/201605090MIA.html,Away,94,31:12,3,23.1,MIA,Luol Deng,Tyler Johnson,4:53,,,,,,,,,,,42:47,Goran Dragić,42:42,Joe Johnson,41:11,Dwyane Wade,38:31,Justise Winslow,30:53,Josh McRoberts,20:47,Josh Richardson,20:38,Amar'e Stoudemire,12:24,Udonis Haslem,10:14,94,2,13,8.0,61.5,0.0,0.0,5.0,38.5,Bismack Biyombo,7,1,2015-2016,3.0,1,13.0,TOR,87,Patrick Patterson,,,,,,,,,,,,,40:55,DeMarre Carroll,37:37,Cory Joseph,36:30,DeMar DeRozan,33:34,Kyle Lowry,32:23,Terrence Ross,27:34,Lucas Nogueira,13:26,Norman Powell,11:49,,
0,,0,0.000,0,0.00,91,4,3,50.0,4,.800,4.0,80.0,5.0,5,2,.500,4,80.000,Logos via Sports Logos.net / About logos,W,https://www.basketball-reference.com/boxscores/201605110TOR.html,Home,99,37:54,3,50.0,MIA,Goran Dragić,Udonis Haslem,10:03,Amar'e Stoudemire,3:10,,,,,,,,,38:56,Dwyane Wade,34:15,Joe Johnson,33:07,Justise Winslow,33:01,Luol Deng,24:20,Josh Richardson,21:30,Josh McRoberts,18:13,Tyler Johnson,13:19,Gerald Green,10:06,91,3,10,8.0,80.0,0.0,0.0,2.0,20.0,Bismack Biyombo,8,2,2015-2016,6.0,4,6.0,TOR,99,Kyle Lowry,,,,,,,,,,,,,41:26,Patrick Patterson,40:15,DeMar DeRozan,33:45,DeMarre Carroll,26:22,Cory Joseph,25:16,Terrence Ross,22:00,Jason Thompson,10:06,Norman Powell,2:56,,
0,,0,0.000,2,1.00,91,2,12,92.3,1,.250,1.0,25.0,4.0,4,2,.500,4,100.000,Logos via Sports Logos.net / About logos,L,https://www.basketball-reference.com/boxscores/201605130MIA.html,Away,103,33:00,1,7.7,MIA,Luol Deng,,,,,,,,,,,,,40:34,Goran Dragić,37:52,Dwyane Wade,36:44,Josh Richardson,33:13,Joe Johnson,30:58,Justise Winslow,26:55,Josh McRoberts,18:19,Tyler Johnson,15:26,,,103,2,4,2.0,50.0,0.0,0.0,2.0,50.0,Bismack Biyombo,12,0,2015-2016,2.0,2,13.0,TOR,91,DeMar DeRozan,Norman Powell,2:34,,,,,,,,,,,42:38,Kyle Lowry,36:54,Patrick Patterson,33:20,Cory Joseph,25:34,DeMarre Carroll,25:00,Terrence Ross,23:45,Lucas Nogueira,6:28,James Johnson,6:23,Jason Thompson,4:24
0,,0,0.000,1,,89,2,10,62.5,6,.750,6.0,75.0,8.0,8,5,.417,12,150.000,Logos via Sports Logos.net / About logos,W,https://www.basketball-reference.com/boxscores/201605150TOR.html,Home,116,40:58,6,37.5,MIA,Goran Dragić,Dorell Wright,2:34,Udonis Haslem,0:24,,,,,,,,,38:02,Justise Winslow,36:24,Dwyane Wade,34:15,Joe Johnson,31:08,Luol Deng,29:41,Josh Richardson,27:41,Tyler Johnson,21:09,Josh McRoberts,15:18,Gerald Green,3:23,89,4,17,12.0,70.6,0.0,0.0,5.0,29.4,Bismack Biyombo,27,0,2015-2016,2.0,0,16.0,TOR,116,Kyle Lowry,Lucas Nogueira,1:11,James Johnson,1:11,,,,,,,,,41:35,Patrick Patterson,37:05,DeMar DeRozan,35:00,DeMarre Carroll,33:37,Cory Joseph,19:08,Terrence Ross,18:05,Jason Thompson,7:02,Norman Powell,2:34,Delon Wright,2:34
0,,0,0.000,0,0.00,84,0,2,50.0,5,1.000,5.0,100.0,5.0,5,2,1.000,2,40.000,Logos via Sports Logos.net / About logos,L,https://www.basketball-reference.com/boxscores/201605170CLE.html,Away,115,30:49,2,50.0,CLE,Kyrie Irving,Mo Williams,8:57,Timofey Mozgov,6:24,Dahntay Jones,6:24,James Jones,6:24,,,,,30:07,LeBron James,28:18,Tristan Thompson,28:09,Kevin Love,27:33,J.R. Smith,27:23,Iman Shumpert,21:45,Richard Jefferson,21:30,Matthew Dellavedova,14:15,Channing Frye,12:51,115,2,12,10.0,83.3,0.0,0.0,2.0,16.7,Bismack Biyombo,31,2,2015-2016,2.0,2,4.0,TOR,84,DeMar DeRozan,Norman Powell,6:24,Jason Thompson,5:53,Lucas Nogueira,5:39,,,,,,,34:36,Kyle Lowry,31:35,Patrick Patterson,27:47,DeMarre Carroll,19:38,James Johnson,19:38,Terrence Ross,18:54,Cory Joseph,15:06,Luis Scola,14:19,Delon Wright,9:42
0,,0,0.000,0,,89,2,3,60.0,1,.333,1.0,33.3,3.0,3,1,1.000,1,33.333,Logos via Sports Logos.net / About logos,L,https://www.basketball-reference.com/boxscores/201605190CLE.html,Away,108,28:54,2,40.0,CLE,Kyrie Irving,Dahntay Jones,3:19,Timofey Mozgov,3:19,James Jones,3:19,Mo Williams,3:19,,,,,36:57,LeBron James,33:45,Kevin Love,30:37,Tristan Thompson,30:21,J.R. Smith,27:00,Iman Shumpert,23:33,Richard Jefferson,21:14,Channing Frye,15:19,Matthew Dellavedova,7:58,108,4,3,2.0,66.7,0.0,0.0,1.0,33.3,Bismack Biyombo,19,0,2015-2016,2.0,0,5.0,TOR,89,DeMar DeRozan,Jason Thompson,4:01,Norman Powell,3:19,Lucas Nogueira,2:25,,,,,,,36:00,Kyle Lowry,33:12,Patrick Patterson,28:37,Cory Joseph,26:54,DeMarre Carroll,21:36,James Johnson,19:20,Terrence Ross,16:30,Luis Scola,14:11,Delon Wright,5:01
0,,0,0.000,1,1.00,84,4,18,69.2,3,.500,3.0,50.0,6.0,6,1,.500,2,33.333,Logos via Sports Logos.net / About logos,W,https://www.basketball-reference.com/boxscores/201605210TOR.html,Home,99,39:05,8,30.8,CLE,LeBron James,Mo Williams,1:38,Dahntay Jones,1:38,James Jones,1:38,Timofey Mozgov,1:38,,,,,38:50,Kyrie Irving,37:41,J.R. Smith,37:27,Kevin Love,29:17,Tristan Thompson,25:29,Iman Shumpert,22:21,Channing Frye,20:53,Matthew Dellavedova,12:35,Richard Jefferson,8:55,84,3,7,6.0,85.7,0.0,0.0,1.0,14.3,Bismack Biyombo,15,0,2015-2016,4.0,1,26.0,TOR,99,DeMar DeRozan,,,,,,,,,,,,,40:13,Kyle Lowry,32:36,Cory Joseph,31:17,Patrick Patterson,29:40,DeMarre Carroll,27:32,Luis Scola,16:34,Terrence Ross,12:22,James Johnson,10:41,,
0,,0,0.000,1,1.00,99,3,11,78.6,2,.500,2.0,50.0,4.0,4,1,.250,4,100.000,Logos via Sports Logos.net / About logos,W,https://www.basketball-reference.com/boxscores/201605230TOR.html,Home,105,41:42,3,21.4,CLE,LeBron James,,,,,,,,,,,,,45:48,Kyrie Irving,38:41,J.R. Smith,32:02,Kevin Love,30:39,Tristan Thompson,29:02,Channing Frye,21:22,Matthew Dellavedova,15:29,Richard Jefferson,14:49,Iman Shumpert,12:09,99,3,5,4.0,80.0,0.0,0.0,1.0,20.0,Bismack Biyombo,6,0,2015-2016,3.0,1,14.0,TOR,105,Kyle Lowry,,,,,,,,,,,,,44:15,DeMar DeRozan,39:55,DeMarre Carroll,36:16,Patrick Patterson,33:46,Cory Joseph,16:28,Luis Scola,14:14,Terrence Ross,7:19,James Johnson,6:05,,
0,,0,0.000,0,,78,1,4,100.0,2,.667,2.0,66.7,3.0,3,3,1.000,3,100.000,Logos via Sports Logos.net / About logos,L,https://www.basketball-reference.com/boxscores/201605250CLE.html,Away,116,21:07,0,0.0,CLE,LeBron James,Mo Williams,12:00,Iman Shumpert,11:13,Dahntay Jones,9:27,Matthew Dellavedova,9:16,,,,,31:30,J.R. Smith,29:07,Tristan Thompson,29:04,Kyrie Irving,27:09,Kevin Love,23:37,Richard Jefferson,20:02,Channing Frye,13:13,Timofey Mozgov,12:22,James Jones,12:00,116,3,7,4.0,57.1,0.0,0.0,3.0,42.9,Bismack Biyombo,38,0,2015-2016,1.0,0,4.0,TOR,78,DeMar DeRozan,Jason Thompson,12:00,James Johnson,11:04,Cory Joseph,10:14,,,,,,,31:09,Kyle Lowry,29:11,DeMarre Carroll,26:33,Terrence Ross,21:27,Patrick Patterson,18:33,Jonas Valančiūnas,18:27,Luis Scola,14:49,Norman Powell,13:26,Delon Wright,12:00
0,,0,0.000,0,0.00,113,1,9,100.0,1,.250,1.0,25.0,4.0,4,2,.500,4,100.000,Logos via Sports Logos.net / About logos,L,https://www.basketball-reference.com/boxscores/201605270TOR.html,Home,87,26:10,0,0.0,CLE,LeBron James,Dahntay Jones,2:38,James Jones,2:38,,,,,,,,,41:15,Kyrie Irving,39:53,Kevin Love,39:16,J.R. Smith,36:27,Tristan Thompson,24:01,Iman Shumpert,18:12,Channing Frye,14:52,Richard Jefferson,12:04,Matthew Dellavedova,8:44,113,2,4,2.0,50.0,0.0,0.0,2.0,50.0,Bismack Biyombo,26,1,2015-2016,2.0,1,9.0,TOR,87,Kyle Lowry,Norman Powell,2:38,Jason Thompson,2:38,Delon Wright,2:38,,,,,,,42:19,DeMar DeRozan,42:14,Patrick Patterson,34:37,DeMarre Carroll,28:13,Jonas Valančiūnas,17:21,James Johnson,14:55,Cory Joseph,13:17,Terrence Ross,7:27,Luis Scola,5:33
0,,0,0.000,0,0.00,82,1,2,66.7,1,.200,1.0,20.0,5.0,5,0,,0,0.000,Logos via Sports Logos.net / About logos,L,https://www.basketball-reference.com/boxscores/201610280DET.html,Away,108,22:51,1,33.3,DET,Marcus Morris,Michael Gbinije,4:57,Henry Ellenson,2:28,Boban Marjanović,2:28,Darrun Hilliard,2:28,,,,,29:04,Jon Leuer,28:13,Stanley Johnson,28:02,Andre Drummond,27:34,Tobias Harris,27:19,Ish Smith,26:00,Kentavious Caldwell-Pope,23:57,Beno Udrih,19:32,Aron Baynes,17:58,108,1,2,2.0,100.0,0.0,0.0,0.0,0.0,Bismack Biyombo,26,0,2016-2017,1.0,1,3.0,ORL,82,Aaron Gordon,C.J. Watson,8:01,Stephen Zimmerman,8:01,,,,,,,,,29:09,Elfrid Payton,27:37,Evan Fournier,27:18,Nikola Vučević,26:00,Mario Hezonja,24:22,Jeff Green,19:24,Serge Ibaka,19:19,D.J. Augustin,15:58,C.J. Wilcox,12:00
0,,0,0.000,0,0.00,99,1,2,22.2,1,.333,1.0,33.3,3.0,3,1,.250,4,133.333,Logos via Sports Logos.net / About logos,L,https://www.basketball-reference.com/boxscores/201610290CLE.html,Away,105,19:04,7,77.8,CLE,LeBron James,Kay Felder,5:06,,,,,,,,,,,39:00,Kyrie Irving,36:52,Kevin Love,32:48,J.R. Smith,28:22,Tristan Thompson,27:14,Richard Jefferson,23:07,Mike Dunleavy,19:47,Iman Shumpert,18:49,Chris Andersen,8:55,105,3,3,2.0,66.7,0.0,0.0,1.0,33.3,Bismack Biyombo,6,0,2016-2017,1.0,3,9.0,ORL,99,Evan Fournier,,,,,,,,,,,,,37:43,Elfrid Payton,34:17,Serge Ibaka,30:43,Jeff Green,27:59,Aaron Gordon,25:34,Nikola Vučević,24:41,D.J. Augustin,20:56,Mario Hezonja,10:20,C.J. Wilcox,8:44
0,,0,0.000,2,2.00,103,1,4,50.0,0,.000,0.0,0.0,1.0,1,2,1.000,2,200.000,Logos via Sports Logos.net / About logos,W,https://www.basketball-reference.com/boxscores/201611010PHI.html,Away,101,20:36,4,50.0,PHI,Sergio Rodríguez,Timothé Luwawu-Cabarrot,3:16,,,,,,,,,,,31:59,Dario Šarić,31:29,Gerald Henderson,31:29,Hollis Thompson,28:11,Robert Covington,27:49,Joel Embiid,24:52,Richaun Holmes,23:09,Nik Stauskas,21:46,T.J. McConnell,15:59,101,4,2,0.0,0.0,0.0,0.0,2.0,100.0,Bismack Biyombo,2,0,2016-2017,1.0,1,8.0,ORL,103,Elfrid Payton,C.J. Wilcox,3:52,,,,,,,,,,,38:09,Evan Fournier,37:13,Serge Ibaka,32:13,Aaron Gordon,31:38,Nikola Vučević,31:25,D.J. Augustin,12:30,Mario Hezonja,12:11,Jeff Green,11:45,C.J. Watson,8:27
0,,0,0.000,0,0.00,94,2,6,66.7,2,1.000,2.0,100.0,2.0,2,0,,0,0.000,Logos via Sports Logos.net / About logos,W,https://www.basketball-reference.com/boxscores/201611030ORL.html,Home,102,21:36,3,33.3,SAC,DeMarcus Cousins,Matt Barnes,9:16,,,,,,,,,,,36:19,Ty Lawson,35:07,Rudy Gay,31:49,Ben McLemore,27:46,Willie Cauley-Stein,24:40,Omri Casspi,23:16,Kosta Koufos,20:28,Arron Afflalo,18:26,Garrett Temple,12:53,94,5,4,4.0,100.0,0.0,0.0,0.0,0.0,Bismack Biyombo,8,1,2016-2017,3.0,1,9.0,ORL,102,Evan Fournier,,,,,,,,,,,,,35:58,Elfrid Payton,33:35,Serge Ibaka,32:37,Aaron Gordon,30:43,Nikola Vučević,28:58,Jeff Green,18:36,D.J. Augustin,14:25,C.J. Watson,12:02,Mario Hezonja,11:30
0,,0,0.000,1,1.00,86,3,9,75.0,4,.667,4.0,66.7,6.0,6,1,.250,4,66.667,Logos via Sports Logos.net / About logos,W,https://www.basketball-reference.com/boxscores/201611050ORL.html,Home,88,24:00,3,25.0,WAS,Markieff Morris,Andrew Nicholson,9:33,,,,,,,,,,,38:27,Marcin Gortat,36:55,Bradley Beal,33:14,Tomáš Satoranský,32:21,Otto Porter Jr.,28:47,Kelly Oubre Jr.,17:09,Marcus Thornton,17:01,Trey Burke,15:33,Jason Smith,11:00,86,3,9,8.0,88.9,0.0,0.0,1.0,11.1,Bismack Biyombo,2,0,2016-2017,3.0,1,12.0,ORL,88,Evan Fournier,,,,,,,,,,,,,30:19,Elfrid Payton,28:30,Jeff Green,27:10,Nikola Vučević,26:03,Mario Hezonja,25:44,Aaron Gordon,24:27,Serge Ibaka,20:57,D.J. Augustin,19:35,C.J. Watson,13:15
0,,0,0.000,1,1.00,80,2,5,71.4,1,.200,1.0,20.0,5.0,5,0,,0,0.000,Logos via Sports Logos.net / About logos,L,https://www.basketball-reference.com/boxscores/201611070CHI.html,Away,112,18:48,2,28.6,CHI,Jimmy Butler,Jerian Grant,8:08,Denzel Valentine,6:17,Cristiano Felício,6:17,Paul Zipser,6:17,,,,,30:39,Taj Gibson,27:31,Doug McDermott,25:08,Dwyane Wade,24:58,Robin Lopez,24:22,Rajon Rondo,21:44,Isaiah Canaan,20:49,Nikola Mirotić,20:39,Bobby Portis,17:11,112,2,2,2.0,100.0,0.0,0.0,0.0,0.0,Bismack Biyombo,32,0,2016-2017,2.0,1,7.0,ORL,80,Aaron Gordon,C.J. Watson,9:43,Damjan Rudež,9:43,Arinze Onuaku,6:17,,,,,,,30:26,Evan Fournier,29:48,Serge Ibaka,25:31,Nikola Vučević,22:55,D.J. Augustin,22:34,Mario Hezonja,21:25,Elfrid Payton,18:32,Jeff Green,14:35,C.J. Wilcox,9:43
0,,0,0.000,2,2.00,123,1,4,57.1,0,.000,0.0,0.0,3.0,3,3,.500,6,200.000,Logos via Sports Logos.net / About logos,L,https://www.basketball-reference.com/boxscores/201611090ORL.html,Home,107,26:07,3,42.9,MIN,Karl-Anthony Towns,John Lucas III,1:16,Adreian Payne,1:16,,,,,,,,,40:42,Andrew Wiggins,38:35,Zach LaVine,36:25,Gorgui Dieng,35:28,Tyus Jones,30:32,Shabazz Muhammad,19:11,Kris Dunn,17:28,Cole Aldrich,11:49,Nemanja Bjelica,7:18,123,1,3,0.0,0.0,0.0,0.0,3.0,100.0,Bismack Biyombo,16,0,2016-2017,1.0,1,7.0,ORL,107,Aaron Gordon,Damjan Rudež,3:12,C.J. Wilcox,3:12,Stephen Zimmerman,3:09,,,,,,,30:38,Nikola Vučević,30:27,Evan Fournier,28:22,Serge Ibaka,26:53,Elfrid Payton,26:36,Jeff Green,20:57,D.J. Augustin,19:19,Mario Hezonja,14:28,C.J. Watson,6:40
0,,0,0.000,0,0.00,87,2,8,100.0,1,.200,1.0,20.0,5.0,5,2,.500,4,80.000,Logos via Sports Logos.net / About logos,L,https://www.basketball-reference.com/boxscores/201611110ORL.html,Home,74,22:51,0,0.0,UTA,Gordon Hayward,Jeff Withey,1:51,,,,,,,,,,,39:25,Derrick Favors,36:28,Rudy Gobert,34:20,Rodney Hood,33:11,Shelvin Mack,25:32,Dante Exum,22:28,Trey Lyles,20:30,Joe Ingles,14:53,Joe Johnson,11:23,87,4,4,2.0,50.0,0.0,0.0,2.0,50.0,Bismack Biyombo,13,0,2016-2017,2.0,1,8.0,ORL,74,Evan Fournier,,,,,,,,,,,,,38:21,Serge Ibaka,30:41,Nikola Vučević,26:05,Aaron Gordon,24:34,D.J. Augustin,24:23,Elfrid Payton,23:37,Jeff Green,23:27,Damjan Rudež,16:22,C.J. Watson,9:39
0,,0,0.000,1,0.50,119,0,7,87.5,2,.500,2.0,50.0,4.0,4,1,.500,2,50.000,Logos via Sports Logos.net / About logos,W,https://www.basketball-reference.com/boxscores/201611130OKC.html,Away,117,28:32,1,12.5,OKC,Russell Westbrook,Semaj Christon,10:22,Nick Collison,4:42,Kyle Singler,0:29,,,,,,,37:38,Steven Adams,34:44,Andre Roberson,32:13,Victor Oladipo,30:43,Enes Freedom,23:37,Álex Abrines,18:55,Domantas Sabonis,18:04,Joffrey Lauvergne,14:53,Jerami Grant,13:40,117,1,5,4.0,80.0,0.0,0.0,1.0,20.0,Bismack Biyombo,2,1,2016-2017,1.0,2,8.0,ORL,119,Elfrid Payton,,,,,,,,,,,,,37:07,Serge Ibaka,36:47,Evan Fournier,36:33,Jeff Green,27:47,Aaron Gordon,21:34,Nikola Vučević,19:28,D.J. Augustin,14:33,Damjan Rudež,9:54,C.J. Watson,7:45
0,,0,0.000,0,0.00,69,3,6,66.7,4,1.000,4.0,100.0,4.0,4,1,.500,2,50.000,Logos via Sports Logos.net / About logos,L,https://www.basketball-reference.com/boxscores/201611140IND.html,Away,88,21:03,3,33.3,IND,Monta Ellis,Al Jefferson,5:00,Georges Niang,2:15,Glenn Robinson III,2:15,Joe Young,2:15,,,,,36:22,Paul George,34:10,Thaddeus Young,30:05,Jeff Teague,28:36,Myles Turner,23:54,C.J. Miles,23:13,Kevin Séraphin,19:06,Aaron Brooks,17:09,Lavoy Allen,15:40,88,1,9,8.0,88.9,0.0,0.0,1.0,11.1,Bismack Biyombo,19,0,2016-2017,3.0,3,9.0,ORL,69,Evan Fournier,Mario Hezonja,5:15,Arinze Onuaku,3:41,C.J. Wilcox,3:41,,,,,,,32:37,Elfrid Payton,29:23,Serge Ibaka,28:03,Nikola Vučević,25:02,Jeff Green,22:16,Aaron Gordon,22:03,C.J. Watson,17:11,D.J. Augustin,16:16,Damjan Rudež,13:29
0,,0,0.000,1,0.50,82,1,3,37.5,2,.500,2.0,50.0,4.0,4,1,.500,2,50.000,Logos via Sports Logos.net / About logos,W,https://www.basketball-reference.com/boxscores/201611160ORL.html,Home,89,24:32,5,62.5,NOP,Terrence Jones,Archie Goodwin,4:27,,,,,,,,,,,37:31,Dante Cunningham,32:32,E'Twaun Moore,31:49,Tim Frazier,27:40,Alexis Ajinça,25:09,Langston Galloway,20:48,Solomon Hill,20:23,Buddy Hield,20:04,Ömer Aşık,19:37,82,4,5,4.0,80.0,0.0,0.0,1.0,20.0,Bismack Biyombo,7,1,2016-2017,2.0,2,8.0,ORL,89,Evan Fournier,,,,,,,,,,,,,33:47,Elfrid Payton,29:36,Serge Ibaka,29:33,Nikola Vučević,27:07,Aaron Gordon,26:10,Jeff Green,20:25,D.J. Augustin,18:25,C.J. Watson,15:56,Damjan Rudež,14:31
0,,0,0.000,2,,87,3,7,70.0,4,.667,4.0,66.7,6.0,6,5,.714,7,116.667,Logos via Sports Logos.net / About logos,W,https://www.basketball-reference.com/boxscores/201611190ORL.html,Home,95,23:29,3,30.0,DAL,Harrison Barnes,Salah Mejri,1:39,,,,,,,,,,,38:32,Wesley Matthews,35:58,Seth Curry,35:24,Andrew Bogut,34:25,Jonathan Gibson,31:44,Justin Anderson,22:50,Dwight Powell,20:31,Dorian Finney-Smith,13:34,Nicolás Brussino,5:23,87,4,13,8.0,61.5,0.0,0.0,5.0,38.5,Bismack Biyombo,8,0,2016-2017,3.0,0,10.0,ORL,95,Evan Fournier,,,,,,,,,,,,,31:35,Serge Ibaka,31:14,D.J. Augustin,29:47,Nikola Vučević,25:40,Aaron Gordon,25:13,Jeff Green,21:40,Elfrid Payton,20:11,C.J. Watson,18:49,Damjan Rudež,12:22
0,,0,0.000,1,0.50,89,1,7,70.0,6,.750,6.0,75.0,8.0,8,1,.500,2,25.000,Logos via Sports Logos.net / About logos,L,https://www.basketball-reference.com/boxscores/201611210MIL.html,Away,93,22:12,3,30.0,MIL,Giannis Antetokounmpo,Miles Plumlee,9:40,Greg Monroe,8:26,,,,,,,,,38:50,Jabari Parker,35:24,Matthew Dellavedova,26:31,Tony Snell,25:09,John Henson,22:27,Malcolm Brogdon,21:29,Michael Beasley,19:45,Jason Terry,19:43,Mirza Teletović,12:36,93,2,13,12.0,92.3,0.0,0.0,1.0,7.7,Bismack Biyombo,4,0,2016-2017,1.0,2,10.0,ORL,89,Serge Ibaka,,,,,,,,,,,,,37:16,Evan Fournier,36:50,Elfrid Payton,35:21,Jeff Green,31:27,Nikola Vučević,28:08,Aaron Gordon,21:06,D.J. Augustin,12:43,C.J. Watson,9:55,Damjan Rudež,5:03
0,,0,0.000,1,1.00,92,2,6,85.7,0,.000,0.0,0.0,2.0,2,0,,0,0.000,Logos via Sports Logos.net / About logos,L,https://www.basketball-reference.com/boxscores/201611230ORL.html,Home,87,22:21,1,14.3,PHO,Alex Len,Dragan Bender,13:04,,,,,,,,,,,34:56,Devin Booker,33:57,Eric Bledsoe,32:29,P.J. Tucker,26:44,Jared Dudley,25:37,Brandon Knight,25:00,Marquese Chriss,17:11,Leandro Barbosa,15:31,Tyler Ulis,15:31,92,2,0,0.0,,0.0,,0.0,,Bismack Biyombo,5,0,2016-2017,2.0,1,7.0,ORL,87,Evan Fournier,Mario Hezonja,4:08,,,,,,,,,,,35:20,Serge Ibaka,31:53,Elfrid Payton,30:48,Nikola Vučević,29:22,Jeff Green,22:51,D.J. Augustin,20:27,Aaron Gordon,20:24,C.J. Watson,14:16,Damjan Rudež,8:10
0,,0,,0,0.00,94,0,6,100.0,0,,0.0,,0.0,0,3,.500,6,,Logos via Sports Logos.net / About logos,L,https://www.basketball-reference.com/boxscores/201611250ORL.html,Home,91,29:32,0,0.0,WAS,John Wall,Marcus Thornton,7:40,,,,,,,,,,,38:43,Bradley Beal,37:57,Marcin Gortat,34:12,Otto Porter Jr.,33:37,Markieff Morris,32:17,Andrew Nicholson,15:56,Kelly Oubre Jr.,14:34,Jason Smith,13:20,Tomáš Satoranský,11:44,94,0,3,0.0,0.0,0.0,0.0,3.0,100.0,Bismack Biyombo,3,0,2016-2017,0.0,1,6.0,ORL,91,Nikola Vučević,,,,,,,,,,,,,35:00,Evan Fournier,32:29,Serge Ibaka,31:24,Elfrid Payton,26:12,D.J. Augustin,26:10,Jeff Green,25:29,Aaron Gordon,24:55,Mario Hezonja,8:49,,
0,,0,0.000,2,2.00,104,2,3,75.0,1,.200,1.0,20.0,5.0,5,2,.500,4,80.000,Logos via Sports Logos.net / About logos,L,https://www.basketball-reference.com/boxscores/201611270ORL.html,Home,96,32:45,1,25.0,MIL,Tony Snell,Jason Terry,14:18,Miles Plumlee,2:48,,,,,,,,,34:48,Matthew Dellavedova,31:11,Giannis Antetokounmpo,30:44,Jabari Parker,28:49,John Henson,28:38,Malcolm Brogdon,20:18,Michael Beasley,16:48,Greg Monroe,16:34,Mirza Teletović,15:04,104,2,4,2.0,50.0,0.0,0.0,2.0,50.0,Bismack Biyombo,8,1,2016-2017,3.0,1,4.0,ORL,96,Evan Fournier,,,,,,,,,,,,,37:30,Serge Ibaka,32:43,Aaron Gordon,31:58,Nikola Vučević,29:55,Elfrid Payton,29:12,D.J. Augustin,25:20,C.J. Watson,20:38,,,,
0,,0,0.000,1,1.00,95,1,6,100.0,3,.273,3.0,27.3,11.0,11,3,.750,4,36.364,Logos via Sports Logos.net / About logos,W,https://www.basketball-reference.com/boxscores/201611290SAS.html,Away,83,34:23,0,0.0,SAS,Kawhi Leonard,David Lee,11:56,Dāvis Bertāns,6:02,Dejounte Murray,3:49,Kyle Anderson,3:26,,,,,32:02,LaMarcus Aldridge,30:51,Tony Parker,29:01,Danny Green,23:48,Manu Ginóbili,22:31,Pau Gasol,22:02,Patty Mills,19:10,Jonathon Simmons,18:13,Dewayne Dedmon,17:09,83,2,9,6.0,66.7,0.0,0.0,3.0,33.3,Bismack Biyombo,12,1,2016-2017,2.0,1,6.0,ORL,95,Serge Ibaka,Damjan Rudež,1:36,C.J. Wilcox,1:36,Mario Hezonja,1:27,,,,,,,33:38,Evan Fournier,32:42,Nikola Vučević,24:53,Jeff Green,24:43,D.J. Augustin,24:40,Elfrid Payton,23:20,Aaron Gordon,18:51,C.J. Watson,16:36,Arinze Onuaku,1:36
0,,0,0.000,0,0.00,94,1,11,78.6,1,.250,1.0,25.0,4.0,4,1,.500,2,50.000,Logos via Sports Logos.net / About logos,L,https://www.basketball-reference.com/boxscores/201612010MEM.html,Away,95,33:50,3,21.4,MEM,Troy Williams,,,,,,,,,,,,,35:21,Marc Gasol,32:21,Andrew Harrison,29:57,Troy Daniels,28:30,Jarell Martin,27:34,Tony Allen,27:11,JaMychal Green,27:00,Wade Baldwin,18:03,Deyonta Davis,14:02,95,5,3,2.0,66.7,0.0,0.0,1.0,33.3,Bismack Biyombo,1,0,2016-2017,1.0,5,14.0,ORL,94,Evan Fournier,,,,,,,,,,,,,35:57,Serge Ibaka,31:47,Nikola Vučević,30:24,Elfrid Payton,28:59,Jeff Green,27:11,Aaron Gordon,20:49,D.J. Augustin,19:01,C.J. Watson,12:03,,
0,,0,0.000,4,4.00,105,0,9,69.2,1,1.000,1.0,100.0,1.0,1,2,.333,6,600.000,Logos via Sports Logos.net / About logos,W,https://www.basketball-reference.com/boxscores/201612020PHI.html,Away,88,32:06,4,30.8,PHI,Jahlil Okafor,Dario Šarić,16:07,Richaun Holmes,7:43,Timothé Luwawu-Cabarrot,6:11,,,,,,,27:54,Joel Embiid,26:56,Nik Stauskas,25:27,Sergio Rodríguez,25:12,Hollis Thompson,24:52,Robert Covington,23:25,Gerald Henderson,21:51,Ersan İlyasova,17:20,T.J. McConnell,17:02,88,2,4,2.0,50.0,0.0,0.0,2.0,50.0,Bismack Biyombo,17,0,2016-2017,0.0,1,13.0,ORL,105,Evan Fournier,Mario Hezonja,3:16,Damjan Rudež,3:16,C.J. Wilcox,2:05,,,,,,,30:19,Nikola Vučević,27:15,Aaron Gordon,25:14,Serge Ibaka,25:04,Elfrid Payton,23:41,Jeff Green,22:49,D.J. Augustin,21:52,Jodie Meeks,16:52,C.J. Watson,6:11
0,,0,0.000,4,4.00,98,1,7,100.0,2,.667,2.0,66.7,3.0,3,1,.500,2,66.667,Logos via Sports Logos.net / About logos,W,https://www.basketball-reference.com/boxscores/201612040DET.html,Away,92,29:57,0,0.0,DET,Tobias Harris,Stanley Johnson,1:30,,,,,,,,,,,34:57,Andre Drummond,34:55,Marcus Morris,34:53,Kentavious Caldwell-Pope,34:26,Jon Leuer,26:10,Ish Smith,25:09,Reggie Jackson,22:51,Aron Baynes,13:05,Darrun Hilliard,12:04,92,4,5,4.0,80.0,0.0,0.0,1.0,20.0,Bismack Biyombo,6,1,2016-2017,2.0,1,7.0,ORL,98,Serge Ibaka,,,,,,,,,,,,,34:17,Evan Fournier,32:10,Jeff Green,29:59,Nikola Vučević,28:01,D.J. Augustin,25:10,Elfrid Payton,22:50,Aaron Gordon,22:06,Jodie Meeks,15:30,,
0,,0,0.000,2,1.00,124,3,9,69.2,4,.571,4.0,57.1,7.0,7,6,.462,13,185.714,Logos via Sports Logos.net / About logos,W,https://www.basketball-reference.com/boxscores/201612060WAS.html,Away,116,31:05,4,30.8,WAS,John Wall,Trey Burke,5:42,,,,,,,,,,,42:18,Marcin Gortat,38:09,Bradley Beal,37:13,Markieff Morris,33:06,Otto Porter Jr.,27:10,Kelly Oubre Jr.,21:06,Marcus Thornton,17:43,Jason Smith,9:35,Andrew Nicholson,7:58,116,3,14,8.0,57.1,0.0,0.0,6.0,42.9,Bismack Biyombo,8,0,2016-2017,3.0,2,13.0,ORL,124,Elfrid Payton,,,,,,,,,,,,,34:51,Serge Ibaka,31:21,Evan Fournier,28:07,Aaron Gordon,28:07,Jeff Green,25:09,Nikola Vučević,25:09,D.J. Augustin,20:10,Jodie Meeks,16:02,,
0,,0,0.000,0,0.00,117,0,3,60.0,1,.500,1.0,50.0,2.0,2,2,.500,4,200.000,Logos via Sports Logos.net / About logos,L,https://www.basketball-reference.com/boxscores/201612070ORL.html,Home,87,25:34,2,40.0,BOS,Avery Bradley,Gerald Green,8:16,Tyler Zeller,7:09,Jordan Mickey,1:47,Demetrius Jackson,1:47,,,,,32:46,Jae Crowder,30:22,Al Horford,29:23,Terry Rozier,26:00,Amir Johnson,23:15,Marcus Smart,23:01,Jaylen Brown,21:48,Kelly Olynyk,20:26,Jonas Jerebko,14:00,117,3,4,2.0,50.0,0.0,0.0,2.0,50.0,Bismack Biyombo,30,0,2016-2017,0.0,1,5.0,ORL,87,Evan Fournier,Damjan Rudež,4:51,C.J. Watson,3:53,C.J. Wilcox,3:53,,,,,,,28:43,Elfrid Payton,27:56,Nikola Vučević,26:58,Aaron Gordon,25:39,Serge Ibaka,25:06,D.J. Augustin,23:54,Jeff Green,22:21,Jodie Meeks,16:21,Mario Hezonja,4:51
0,,0,0.000,0,0.00,88,0,2,66.7,4,.800,4.0,80.0,5.0,5,1,.333,3,60.000,Logos via Sports Logos.net / About logos,L,https://www.basketball-reference.com/boxscores/201612090CHO.html,Away,109,15:33,1,33.3,CHO,Nicolas Batum,Roy Hibbert,17:52,Spencer Hawes,7:34,Brian Roberts,7:03,Treveon Graham,5:11,,,,,28:51,Frank Kaminsky,27:26,Kemba Walker,24:57,Cody Zeller,22:26,Michael Kidd-Gilchrist,20:34,Marvin Williams,20:34,Marco Belinelli,20:31,Jeremy Lamb,19:09,Ramon Sessions,17:52,109,4,9,8.0,88.9,0.0,0.0,1.0,11.1,Bismack Biyombo,21,0,2016-2017,0.0,2,3.0,ORL,88,Serge Ibaka,Mario Hezonja,8:28,C.J. Wilcox,8:28,C.J. Watson,8:28,,,,,,,29:02,Aaron Gordon,28:57,Evan Fournier,24:20,Jeff Green,23:32,Elfrid Payton,23:22,Nikola Vučević,22:42,Jodie Meeks,19:30,D.J. Augustin,19:10,Damjan Rudež,8:28
0,,0,0.000,4,,121,1,3,50.0,5,.556,5.0,55.6,9.0,9,2,.333,6,66.667,Logos via Sports Logos.net / About logos,L,https://www.basketball-reference.com/boxscores/201612100ORL.html,Home,113,34:14,3,50.0,DEN,Danilo Gallinari,Juancho Hernangómez,18:06,,,,,,,,,,,32:55,Nikola Jokić,26:20,Jameer Nelson,26:04,Will Barton,24:26,Kenneth Faried,23:41,Darrell Arthur,22:54,Emmanuel Mudiay,22:38,Jamal Murray,22:01,Jusuf Nurkić,20:56,121,1,12,10.0,83.3,0.0,0.0,2.0,16.7,Bismack Biyombo,8,1,2016-2017,2.0,0,6.0,ORL,113,Evan Fournier,Damjan Rudež,6:05,,,,,,,,,,,38:23,Serge Ibaka,35:30,Elfrid Payton,27:22,Jeff Green,25:28,D.J. Augustin,23:47,Aaron Gordon,22:28,Jodie Meeks,13:32,Stephen Zimmerman,6:40,Mario Hezonja,6:31
0,,0,0.000,2,2.00,131,3,8,88.9,3,.750,3.0,75.0,4.0,4,1,.500,2,50.000,Logos via Sports Logos.net / About logos,W,https://www.basketball-reference.com/boxscores/201612130ATL.html,Away,120,32:39,1,11.1,ATL,Paul Millsap,Taurean Prince,1:30,DeAndre' Bembry,1:30,,,,,,,,,34:22,Dennis Schröder,34:16,Tim Hardaway Jr.,30:20,Thabo Sefolosha,29:57,Dwight Howard,28:52,Kyle Korver,26:55,Mike Muscala,23:56,Kent Bazemore,14:38,Malcolm Delaney,13:45,120,2,7,6.0,85.7,0.0,0.0,1.0,14.3,Bismack Biyombo,11,0,2016-2017,3.0,1,9.0,ORL,131,Elfrid Payton,Arinze Onuaku,1:30,Stephen Zimmerman,1:30,,,,,,,,,35:17,Evan Fournier,32:54,Serge Ibaka,32:18,Jeff Green,30:50,Jodie Meeks,26:23,Aaron Gordon,18:15,D.J. Augustin,14:50,Damjan Rudež,12:05,Mario Hezonja,1:30
0,,0,0.000,1,,113,0,8,66.7,4,.571,4.0,57.1,7.0,7,1,.143,7,100.000,Logos via Sports Logos.net / About logos,L,https://www.basketball-reference.com/boxscores/201612140ORL.html,Home,108,34:21,4,33.3,LAC,Austin Rivers,Alan Anderson,9:10,,,,,,,,,,,38:05,DeAndre Jordan,34:31,Blake Griffin,33:24,Chris Paul,31:53,JJ Redick,28:56,Jamal Crawford,19:05,Raymond Felton,16:58,Wesley Johnson,14:36,Marreese Speights,13:22,113,2,9,8.0,88.9,0.0,0.0,1.0,11.1,Bismack Biyombo,5,0,2016-2017,0.0,0,12.0,ORL,108,Aaron Gordon,,,,,,,,,,,,,40:20,Evan Fournier,33:21,Serge Ibaka,30:33,D.J. Augustin,30:27,Jeff Green,27:23,Elfrid Payton,25:32,Jodie Meeks,12:54,Damjan Rudež,5:09,,
0,,0,0.000,2,,111,3,4,57.1,0,.000,0.0,0.0,2.0,2,6,.750,8,400.000,Logos via Sports Logos.net / About logos,W,https://www.basketball-reference.com/boxscores/201612160ORL.html,Home,118,25:10,3,42.9,BRK,Brook Lopez,Luis Scola,11:30,Caris LeVert,10:52,Spencer Dinwiddie,4:50,,,,,,,31:34,Bojan Bogdanović,29:45,Trevor Booker,29:35,Sean Kilpatrick,27:00,Isaiah Whitehead,23:34,Jeremy Lin,19:36,Rondae Hollis-Jefferson,19:05,Joe Harris,18:58,Anthony Bennett,13:41,111,4,6,0.0,0.0,0.0,0.0,6.0,100.0,Bismack Biyombo,7,0,2016-2017,3.0,0,7.0,ORL,118,Serge Ibaka,,,,,,,,,,,,,31:37,Evan Fournier,31:17,Nikola Vučević,30:42,Aaron Gordon,28:55,D.J. Augustin,27:10,Jeff Green,26:31,Elfrid Payton,20:50,Jodie Meeks,17:48,,
0,,0,0.000,1,0.25,109,3,10,83.3,3,.600,3.0,60.0,5.0,5,2,1.000,2,40.000,Logos via Sports Logos.net / About logos,L,https://www.basketball-reference.com/boxscores/201612180ORL.html,Home,79,26:38,2,16.7,TOR,Kyle Lowry,Norman Powell,8:01,Jakob Poeltl,5:23,Bruno Caboclo,4:15,,,,,,,34:57,DeMar DeRozan,30:17,Pascal Siakam,28:04,Jonas Valančiūnas,25:59,Terrence Ross,23:03,Fred VanVleet,22:46,DeMarre Carroll,20:42,Patrick Patterson,19:56,Lucas Nogueira,16:38,109,1,8,6.0,75.0,0.0,0.0,2.0,25.0,Bismack Biyombo,30,1,2016-2017,4.0,4,12.0,ORL,79,Evan Fournier,C.J. Watson,9:27,Mario Hezonja,6:48,Arinze Onuaku,6:48,,,,,,,25:47,Nikola Vučević,25:24,Elfrid Payton,25:18,Jeff Green,24:41,Jodie Meeks,23:59,Serge Ibaka,21:59,Aaron Gordon,20:04,D.J. Augustin,13:15,Damjan Rudež,9:52
0,,0,0.000,1,1.00,136,1,7,77.8,3,.750,3.0,75.0,4.0,4,0,.000,4,100.000,Logos via Sports Logos.net / About logos,W,https://www.basketball-reference.com/boxscores/201612200MIA.html,Away,130,30:49,2,22.2,MIA,Hassan Whiteside,,,,,,,,,,,,,46:59,Justise Winslow,46:09,Goran Dragić,45:10,Josh Richardson,43:53,Tyler Johnson,37:56,James Johnson,27:42,Josh McRoberts,16:30,Luke Babbitt,15:06,Willie Reed,10:35,130,3,6,6.0,100.0,0.0,0.0,0.0,0.0,Bismack Biyombo,6,0,2016-2017,1.0,1,9.0,ORL,136,Evan Fournier,,,,,,,,,,,,,43:51,Serge Ibaka,40:16,Nikola Vučević,40:14,Elfrid Payton,35:34,Jeff Green,32:02,Aaron Gordon,28:02,D.J. Augustin,26:24,Jodie Meeks,12:48,,
0,,0,0.000,0,,95,5,5,83.3,3,.500,3.0,50.0,6.0,6,3,.750,4,66.667,Logos via Sports Logos.net / About logos,L,https://www.basketball-reference.com/boxscores/201612220NYK.html,Away,106,27:08,1,16.7,NYK,Carmelo Anthony,Mindaugas Kuzminskas,17:45,Ron Baker,1:09,Sasha Vujačić,1:09,,,,,,,29:06,Courtney Lee,28:40,Kristaps Porziņģis,26:43,Derrick Rose,26:02,Kyle O'Quinn,24:14,Joakim Noah,22:10,Brandon Jennings,22:08,Willy Hernangómez,21:19,Justin Holiday,19:36,106,2,9,6.0,66.7,0.0,0.0,3.0,33.3,Bismack Biyombo,11,1,2016-2017,6.0,0,6.0,ORL,95,Evan Fournier,Damjan Rudež,1:09,Stephen Zimmerman,1:09,,,,,,,,,35:36,Serge Ibaka,31:36,Elfrid Payton,31:06,Jeff Green,28:36,Nikola Vučević,27:09,D.J. Augustin,19:57,Aaron Gordon,18:45,C.J. Watson,16:40,Mario Hezonja,1:09
0,,0,0.000,1,,90,3,8,88.9,4,.500,4.0,50.0,8.0,8,0,.000,3,37.500,Logos via Sports Logos.net / About logos,W,https://www.basketball-reference.com/boxscores/201612230ORL.html,Home,109,28:01,1,11.1,LAL,Luol Deng,Marcelo Huertas,16:53,Metta World Peace,0:45,,,,,,,,,30:52,D'Angelo Russell,30:18,Nick Young,27:54,Jordan Clarkson,27:21,Timofey Mozgov,24:57,Brandon Ingram,23:16,Lou Williams,21:10,Thomas Robinson,19:26,Ivica Zubac,17:08,90,1,8,8.0,100.0,0.0,0.0,0.0,0.0,Bismack Biyombo,19,0,2016-2017,3.0,0,9.0,ORL,109,Serge Ibaka,C.J. Wilcox,2:43,Stephen Zimmerman,2:43,Mario Hezonja,1:41,,,,,,,29:49,Elfrid Payton,29:46,Jodie Meeks,26:45,Nikola Vučević,25:35,Aaron Gordon,23:36,C.J. Watson,22:49,Jeff Green,20:27,D.J. Augustin,18:11,Damjan Rudež,7:55
0,,0,0.000,0,0.00,102,0,5,50.0,4,.667,4.0,66.7,6.0,6,2,.500,4,66.667,Logos via Sports Logos.net / About logos,W,https://www.basketball-reference.com/boxscores/201612260ORL.html,Home,112,23:51,5,50.0,MEM,JaMychal Green,Vince Carter,15:28,Chandler Parsons,12:25,,,,,,,,,29:33,Marc Gasol,27:51,Mike Conley,26:32,Andrew Harrison,24:07,Zach Randolph,23:09,Tony Allen,22:47,James Ennis III,22:10,Troy Daniels,19:46,Jarell Martin,16:12,102,2,10,8.0,80.0,0.0,0.0,2.0,20.0,Bismack Biyombo,10,0,2016-2017,0.0,1,10.0,ORL,112,Aaron Gordon,Damjan Rudež,2:38,C.J. Wilcox,2:38,Stephen Zimmerman,2:38,,,,,,,34:13,Jodie Meeks,28:33,Nikola Vučević,27:11,Elfrid Payton,25:28,Serge Ibaka,24:29,Jeff Green,23:53,C.J. Watson,20:03,D.J. Augustin,19:54,Mario Hezonja,4:31
0,,0,0.000,0,0.00,120,1,4,100.0,2,.667,2.0,66.7,3.0,3,1,1.000,1,33.333,Logos via Sports Logos.net / About logos,L,https://www.basketball-reference.com/boxscores/201612280ORL.html,Home,101,21:54,0,0.0,CHO,Michael Kidd-Gilchrist,Spencer Hawes,8:22,Brian Roberts,5:48,Treveon Graham,4:18,,,,,,,29:56,Nicolas Batum,29:43,Jeremy Lamb,27:44,Frank Kaminsky,26:21,Kemba Walker,24:52,Cody Zeller,23:55,Marvin Williams,21:39,Ramon Sessions,21:39,Roy Hibbert,15:43,120,2,5,4.0,80.0,0.0,0.0,1.0,20.0,Bismack Biyombo,19,0,2016-2017,1.0,2,4.0,ORL,101,Serge Ibaka,Damjan Rudež,12:00,Stephen Zimmerman,5:48,C.J. Wilcox,5:48,,,,,,,29:43,Elfrid Payton,26:39,Nikola Vučević,26:35,Aaron Gordon,25:00,Jodie Meeks,22:11,C.J. Watson,21:54,D.J. Augustin,15:33,Jeff Green,14:55,Mario Hezonja,12:00
0,,0,0.000,1,1.00,104,0,4,66.7,4,.667,4.0,66.7,6.0,6,1,1.000,1,16.667,Logos via Sports Logos.net / About logos,L,https://www.basketball-reference.com/boxscores/201701010IND.html,Away,117,22:54,2,33.3,IND,Glenn Robinson III,Al Jefferson,13:51,Lavoy Allen,2:55,Joe Young,2:55,Georges Niang,1:08,,,,,32:16,Thaddeus Young,31:57,Myles Turner,31:14,Paul George,30:54,Jeff Teague,27:12,Aaron Brooks,17:53,Kevin Séraphin,16:03,C.J. Miles,15:58,Monta Ellis,15:44,117,3,9,8.0,88.9,0.0,0.0,1.0,11.1,Bismack Biyombo,13,0,2016-2017,0.0,1,6.0,ORL,104,Serge Ibaka,C.J. Wilcox,4:24,Arinze Onuaku,4:24,,,,,,,,,31:37,Jodie Meeks,29:46,Nikola Vučević,29:32,Elfrid Payton,28:54,Aaron Gordon,27:40,Jeff Green,22:58,C.J. Watson,18:45,D.J. Augustin,14:42,Mario Hezonja,4:24
0,,0,0.000,3,,115,2,2,100.0,0,.000,0.0,0.0,1.0,1,0,,0,0.000,Logos via Sports Logos.net / About logos,W,https://www.basketball-reference.com/boxscores/201701020NYK.html,Away,103,19:02,0,0.0,NYK,Carmelo Anthony,Justin Holiday,14:10,Ron Baker,1:50,Maurice Ndour,1:50,,,,,,,34:42,Courtney Lee,33:50,Joakim Noah,32:56,Derrick Rose,28:14,Brandon Jennings,23:55,Lance Thomas,19:44,Kyle O'Quinn,17:17,Willy Hernangómez,15:48,Mindaugas Kuzminskas,15:44,103,4,0,0.0,,0.0,,0.0,,Bismack Biyombo,12,2,2016-2017,4.0,0,2.0,ORL,115,Aaron Gordon,Mario Hezonja,1:50,C.J. Wilcox,1:40,,,,,,,,,31:50,Jodie Meeks,31:41,Serge Ibaka,31:14,Nikola Vučević,31:13,Elfrid Payton,30:45,Jeff Green,27:01,C.J. Watson,18:22,D.J. Augustin,13:32,Arinze Onuaku,1:50
0,,0,0.000,0,0.00,111,0,1,50.0,0,.000,0.0,0.0,2.0,2,2,1.000,2,100.000,Logos via Sports Logos.net / About logos,L,https://www.basketball-reference.com/boxscores/201701040ORL.html,Home,92,20:38,1,50.0,ATL,Paul Millsap,Kris Humphries,14:18,DeAndre' Bembry,2:14,,,,,,,,,30:09,Dwight Howard,29:46,Dennis Schröder,29:34,Thabo Sefolosha,28:04,Kent Bazemore,26:55,Mike Muscala,21:39,Tim Hardaway Jr.,21:03,Malcolm Delaney,19:43,Kyle Korver,16:35,111,1,2,0.0,0.0,0.0,0.0,2.0,100.0,Bismack Biyombo,19,1,2016-2017,1.0,2,2.0,ORL,92,Elfrid Payton,Arinze Onuaku,2:14,Damjan Rudež,2:14,C.J. Watson,2:14,,,,,,,34:42,Serge Ibaka,32:59,Nikola Vučević,30:20,Evan Fournier,29:31,Aaron Gordon,25:02,Jodie Meeks,23:42,Jeff Green,20:52,D.J. Augustin,13:18,Mario Hezonja,2:14
0,,0,0.000,2,2.00,100,0,3,60.0,1,.333,1.0,33.3,3.0,3,0,,0,0.000,Logos via Sports Logos.net / About logos,L,https://www.basketball-reference.com/boxscores/201701060ORL.html,Home,93,19:31,2,40.0,HOU,James Harden,,,,,,,,,,,,,34:09,Ryan Anderson,33:00,Eric Gordon,31:33,Patrick Beverley,31:28,Trevor Ariza,29:20,Nenê,25:29,Montrezl Harrell,21:35,Sam Dekker,17:33,Corey Brewer,15:53,100,2,2,2.0,100.0,0.0,0.0,0.0,0.0,Bismack Biyombo,7,2,2016-2017,2.0,1,5.0,ORL,93,Aaron Gordon,,,,,,,,,,,,,35:47,Evan Fournier,35:11,Serge Ibaka,33:20,D.J. Augustin,28:47,Nikola Vučević,28:26,Elfrid Payton,25:03,Jeff Green,19:55,Jodie Meeks,14:02,,
0,,0,0.000,2,1.00,95,0,8,72.7,4,.667,4.0,66.7,6.0,6,2,.500,4,66.667,Logos via Sports Logos.net / About logos,L,https://www.basketball-reference.com/boxscores/201701080LAL.html,Away,111,26:18,3,27.3,LAL,Julius Randle,Thomas Robinson,10:00,,,,,,,,,,,34:07,Luol Deng,31:06,D'Angelo Russell,30:43,Timofey Mozgov,30:11,Jordan Clarkson,28:32,Brandon Ingram,26:46,Nick Young,19:28,Lou Williams,17:17,Tarik Black,11:50,111,2,10,8.0,80.0,0.0,0.0,2.0,20.0,Bismack Biyombo,16,0,2016-2017,0.0,2,11.0,ORL,95,Serge Ibaka,Damjan Rudež,0:53,C.J. Watson,0:53,C.J. Wilcox,0:53,,,,,,,37:53,Evan Fournier,33:45,D.J. Augustin,28:14,Nikola Vučević,26:07,Aaron Gordon,24:00,Jeff Green,23:30,Elfrid Payton,18:53,Jodie Meeks,17:49,Mario Hezonja,0:53
0,,0,0.000,0,0.00,96,1,2,100.0,2,.667,2.0,66.7,3.0,3,0,,0,0.000,Logos via Sports Logos.net / About logos,L,https://www.basketball-reference.com/boxscores/201701110LAC.html,Away,105,16:21,0,0.0,LAC,JJ Redick,Brandon Bass,8:06,,,,,,,,,,,36:01,Chris Paul,32:41,Austin Rivers,32:40,DeAndre Jordan,32:28,Jamal Crawford,24:31,Luc Mbah a Moute,23:05,Wesley Johnson,17:57,Raymond Felton,16:59,Marreese Speights,15:32,105,0,4,4.0,100.0,0.0,0.0,0.0,0.0,Bismack Biyombo,9,1,2016-2017,2.0,1,2.0,ORL,96,Aaron Gordon,,,,,,,,,,,,,39:12,Nikola Vučević,31:39,Jodie Meeks,27:46,D.J. Augustin,27:14,Evan Fournier,25:29,Jeff Green,25:28,Elfrid Payton,22:51,Mario Hezonja,12:26,C.J. Watson,11:34
0,,0,0.000,0,0.00,115,0,3,60.0,1,.333,1.0,33.3,3.0,3,0,,0,0.000,Logos via Sports Logos.net / About logos,W,https://www.basketball-reference.com/boxscores/201701130POR.html,Away,109,15:51,2,40.0,POR,Damian Lillard,,,,,,,,,,,,,37:10,CJ McCollum,36:34,Allen Crabbe,32:52,Al-Farouq Aminu,31:29,Mason Plumlee,28:10,Evan Turner,23:53,Meyers Leonard,20:25,Ed Davis,16:05,Pat Connaughton,13:22,109,2,2,2.0,100.0,0.0,0.0,0.0,0.0,Bismack Biyombo,6,0,2016-2017,0.0,2,5.0,ORL,115,Aaron Gordon,,,,,,,,,,,,,36:16,Elfrid Payton,34:30,Nikola Vučević,31:47,Evan Fournier,30:27,Serge Ibaka,28:32,Jeff Green,19:50,Jodie Meeks,18:32,D.J. Augustin,17:09,Mario Hezonja,7:06
0,,0,0.000,0,0.00,107,1,3,75.0,0,.000,0.0,0.0,2.0,2,4,1.000,4,200.000,Logos via Sports Logos.net / About logos,L,https://www.basketball-reference.com/boxscores/201701140UTA.html,Away,114,15:02,1,25.0,UTA,Gordon Hayward,Dante Exum,7:33,Raul Neto,6:50,Jeff Withey,0:01,,,,,,,38:33,Rudy Gobert,36:02,George Hill,33:37,Rodney Hood,32:36,Derrick Favors,31:49,Alec Burks,14:46,Boris Diaw,13:54,Trey Lyles,13:47,Joe Ingles,10:32,114,3,4,0.0,0.0,0.0,0.0,4.0,100.0,Bismack Biyombo,7,0,2016-2017,1.0,2,4.0,ORL,107,Elfrid Payton,,,,,,,,,,,,,39:21,Aaron Gordon,39:19,Jodie Meeks,38:07,Nikola Vučević,32:58,Serge Ibaka,32:34,Jeff Green,17:37,D.J. Augustin,12:27,C.J. Watson,8:22,Mario Hezonja,4:13
0,,0,0.000,0,0.00,112,0,6,66.7,7,.778,7.0,77.8,9.0,9,1,.250,4,44.444,Logos via Sports Logos.net / About logos,L,https://www.basketball-reference.com/boxscores/201701160DEN.html,Away,125,19:45,3,33.3,DEN,Danilo Gallinari,Juancho Hernangómez,3:05,Gary Harris,2:54,,,,,,,,,40:20,Emmanuel Mudiay,36:57,Nikola Jokić,35:51,Kenneth Faried,33:05,Jameer Nelson,32:22,Will Barton,23:47,Wilson Chandler,20:38,Jusuf Nurkić,6:26,Jamal Murray,4:35,125,1,15,14.0,93.3,0.0,0.0,1.0,6.7,Bismack Biyombo,13,0,2016-2017,0.0,1,9.0,ORL,112,Jodie Meeks,Damjan Rudež,0:26,,,,,,,,,,,34:10,Serge Ibaka,30:22,Elfrid Payton,28:47,Nikola Vučević,27:49,Aaron Gordon,27:47,Mario Hezonja,20:39,D.J. Augustin,19:13,Jeff Green,17:12,C.J. Watson,13:50
0,,0,0.000,0,,98,0,6,100.0,2,.500,2.0,50.0,4.0,4,0,,0,0.000,Logos via Sports Logos.net / About logos,L,https://www.basketball-reference.com/boxscores/201701180NOP.html,Away,118,18:33,0,0.0,NOP,Solomon Hill,Donatas Motiejūnas,3:26,Tim Frazier,3:26,,,,,,,,,31:38,Langston Galloway,31:11,Anthony Davis,28:55,Dante Cunningham,27:27,Jrue Holiday,25:50,E'Twaun Moore,25:37,Buddy Hield,24:07,Tyreke Evans,19:56,Terrence Jones,18:28,118,2,4,4.0,100.0,0.0,0.0,0.0,0.0,Bismack Biyombo,20,0,2016-2017,0.0,0,6.0,ORL,98,D.J. Augustin,Damjan Rudež,5:38,,,,,,,,,,,33:58,Aaron Gordon,30:51,Nikola Vučević,26:01,Serge Ibaka,24:49,Elfrid Payton,24:17,Jeff Green,23:15,C.J. Watson,18:55,Mario Hezonja,17:57,Jodie Meeks,15:46
0,,0,0.000,0,0.00,96,4,12,92.3,5,.833,5.0,83.3,6.0,6,3,.600,5,83.333,Logos via Sports Logos.net / About logos,W,https://www.basketball-reference.com/boxscores/201701200ORL.html,Home,112,25:00,1,7.7,MIL,Jabari Parker,Jason Terry,11:35,Rashad Vaughn,9:53,Michael Beasley,6:52,Thon Maker,4:34,,,,,37:37,Giannis Antetokounmpo,35:42,Malcolm Brogdon,35:18,Tony Snell,24:25,John Henson,16:22,Miles Plumlee,15:56,Mirza Teletović,15:00,Greg Monroe,14:04,Matthew Dellavedova,12:42,96,4,13,10.0,76.9,0.0,0.0,3.0,23.1,Bismack Biyombo,16,1,2016-2017,5.0,1,13.0,ORL,112,Elfrid Payton,,,,,,,,,,,,,37:29,Aaron Gordon,32:06,C.J. Watson,30:35,D.J. Augustin,27:57,Jeff Green,26:49,Nikola Vučević,23:00,Serge Ibaka,22:08,Mario Hezonja,13:08,Damjan Rudež,1:50
0,,0,0.000,0,,118,3,9,69.2,5,.625,5.0,62.5,8.0,8,2,.286,7,87.500,Logos via Sports Logos.net / About logos,L,https://www.basketball-reference.com/boxscores/201701220ORL.html,Home,98,23:34,4,30.8,GSW,Klay Thompson,Damian Jones,7:24,Kevon Looney,6:25,James Michael McAdoo,4:27,,,,,,,33:53,Draymond Green,33:19,Stephen Curry,29:33,Kevin Durant,29:04,Andre Iguodala,28:38,Patrick McCaw,20:17,Zaza Pachulia,20:03,Ian Clark,14:07,JaVale McGee,12:50,118,1,12,10.0,83.3,0.0,0.0,2.0,16.7,Bismack Biyombo,20,0,2016-2017,3.0,0,13.0,ORL,98,Elfrid Payton,Damjan Rudež,4:29,,,,,,,,,,,39:15,C.J. Watson,36:28,Aaron Gordon,33:48,Jeff Green,27:20,Nikola Vučević,23:43,Mario Hezonja,21:24,Serge Ibaka,20:42,D.J. Augustin,4:48,Anthony Brown,4:29
0,,0,0.000,0,0.00,100,0,4,100.0,1,.333,1.0,33.3,3.0,3,0,,0,0.000,Logos via Sports Logos.net / About logos,L,https://www.basketball-reference.com/boxscores/201701240ORL.html,Home,92,15:30,0,0.0,CHI,Jimmy Butler,Rajon Rondo,14:36,,,,,,,,,,,38:52,Dwyane Wade,33:42,Taj Gibson,28:31,Robin Lopez,27:29,Cristiano Felício,20:31,Jerian Grant,19:57,Paul Zipser,19:47,Nikola Mirotić,19:29,Doug McDermott,17:06,100,1,2,2.0,100.0,0.0,0.0,0.0,0.0,Bismack Biyombo,8,0,2016-2017,0.0,1,4.0,ORL,92,Elfrid Payton,,,,,,,,,,,,,37:39,Aaron Gordon,35:40,Serge Ibaka,35:25,Jeff Green,34:15,Nikola Vučević,32:30,C.J. Watson,23:18,Mario Hezonja,13:09,Damjan Rudež,12:35,,
0,,0,0.000,3,3.00,98,0,7,100.0,5,.714,5.0,71.4,7.0,7,0,.000,1,14.286,Logos via Sports Logos.net / About logos,L,https://www.basketball-reference.com/boxscores/201701270BOS.html,Away,128,24:52,0,0.0,BOS,Jaylen Brown,Gerald Green,14:30,James Young,8:40,Jordan Mickey,6:15,,,,,,,30:22,Jonas Jerebko,27:11,Jae Crowder,26:32,Isaiah Thomas,24:42,Marcus Smart,23:10,Amir Johnson,21:45,Terry Rozier,20:09,Tyler Zeller,19:34,Kelly Olynyk,17:10,128,2,10,10.0,100.0,0.0,0.0,0.0,0.0,Bismack Biyombo,30,0,2016-2017,0.0,1,7.0,ORL,98,C.J. Watson,Anthony Brown,12:00,,,,,,,,,,,31:30,Elfrid Payton,24:06,Damjan Rudež,24:04,Nikola Vučević,23:02,Aaron Gordon,22:46,Mario Hezonja,22:32,Serge Ibaka,21:28,D.J. Augustin,17:52,Jeff Green,15:48
0,,0,0.000,1,0.50,114,0,5,100.0,2,.667,2.0,66.7,3.0,3,0,.000,2,66.667,Logos via Sports Logos.net / About logos,W,https://www.basketball-reference.com/boxscores/201701290TOR.html,Away,113,14:41,0,0.0,TOR,Kyle Lowry,Pascal Siakam,10:32,Jared Sullinger,6:47,Fred VanVleet,2:42,,,,,,,38:23,DeMar DeRozan,36:15,Patrick Patterson,29:18,Terrence Ross,28:25,Jonas Valančiūnas,27:43,Cory Joseph,18:04,DeMarre Carroll,17:28,Norman Powell,12:47,Lucas Nogueira,11:37,113,3,4,4.0,100.0,0.0,0.0,0.0,0.0,Bismack Biyombo,1,0,2016-2017,0.0,2,5.0,ORL,114,Elfrid Payton,,,,,,,,,,,,,35:32,C.J. Watson,33:47,Nikola Vučević,33:19,Serge Ibaka,33:08,D.J. Augustin,28:52,Jeff Green,27:13,Aaron Gordon,26:09,Damjan Rudež,7:19,,
0,,0,,0,,105,0,5,83.3,0,,0.0,,0.0,0,0,.000,2,,Logos via Sports Logos.net / About logos,L,https://www.basketball-reference.com/boxscores/201701300MIN.html,Away,111,15:24,1,16.7,MIN,Karl-Anthony Towns,Tyus Jones,0:04,,,,,,,,,,,44:53,Zach LaVine,43:04,Andrew Wiggins,40:46,Ricky Rubio,35:53,Gorgui Dieng,32:50,Nemanja Bjelica,24:02,Shabazz Muhammad,22:10,Kris Dunn,17:03,Cole Aldrich,4:15,111,2,0,0.0,,0.0,,0.0,,Bismack Biyombo,6,0,2016-2017,0.0,0,6.0,ORL,105,Serge Ibaka,,,,,,,,,,,,,38:18,Nikola Vučević,37:36,C.J. Watson,34:25,Elfrid Payton,30:27,Aaron Gordon,27:56,Jeff Green,25:08,Evan Fournier,22:55,D.J. Augustin,22:33,Damjan Rudež,10:18
0,,0,0.000,0,0.00,98,0,1,50.0,1,.333,1.0,33.3,3.0,3,0,.000,2,66.667,Logos via Sports Logos.net / About logos,L,https://www.basketball-reference.com/boxscores/201702010ORL.html,Home,88,17:27,1,50.0,IND,Jeff Teague,Rodney Stuckey,13:43,,,,,,,,,,,34:17,Paul George,33:27,Myles Turner,31:34,Thaddeus Young,29:01,Glenn Robinson III,21:07,C.J. Miles,20:51,Monta Ellis,20:37,Lavoy Allen,18:57,Al Jefferson,16:26,98,5,2,2.0,100.0,0.0,0.0,0.0,0.0,Bismack Biyombo,10,1,2016-2017,1.0,1,2.0,ORL,88,Nikola Vučević,,,,,,,,,,,,,37:37,Serge Ibaka,35:39,Aaron Gordon,31:32,Elfrid Payton,31:30,Evan Fournier,29:34,D.J. Augustin,20:51,C.J. Watson,19:22,Jeff Green,16:28,,
0,,0,0.000,1,,94,1,5,71.4,2,.500,2.0,50.0,4.0,4,2,.500,4,100.000,Logos via Sports Logos.net / About logos,W,https://www.basketball-reference.com/boxscores/201702030ORL.html,Home,102,17:53,2,28.6,TOR,Kyle Lowry,Patrick Patterson,6:43,Cory Joseph,6:30,,,,,,,,,42:12,Norman Powell,37:30,Jonas Valančiūnas,34:40,Terrence Ross,28:06,Lucas Nogueira,25:07,Fred VanVleet,22:49,DeMarre Carroll,18:14,Pascal Siakam,9:31,Jared Sullinger,8:39,94,4,6,4.0,66.7,0.0,0.0,2.0,33.3,Bismack Biyombo,8,0,2016-2017,1.0,0,7.0,ORL,102,Evan Fournier,,,,,,,,,,,,,35:54,Serge Ibaka,34:40,C.J. Watson,32:05,Elfrid Payton,31:37,Nikola Vučević,29:42,Aaron Gordon,28:17,D.J. Augustin,16:23,Jeff Green,13:29,,
0,,0,0.000,1,0.50,86,3,2,100.0,1,.500,1.0,50.0,2.0,2,2,1.000,2,100.000,Logos via Sports Logos.net / About logos,L,https://www.basketball-reference.com/boxscores/201702040ATL.html,Away,113,24:30,0,0.0,ATL,Paul Millsap,Kris Humphries,12:00,Taurean Prince,5:23,Mike Scott,5:23,Lamar Patterson,4:38,,,,,28:27,Tim Hardaway Jr.,27:06,Kent Bazemore,27:04,Dennis Schröder,25:44,Dwight Howard,24:01,DeAndre' Bembry,23:17,Malcolm Delaney,20:49,Mike Muscala,19:41,Mike Dunleavy,16:28,113,3,4,2.0,50.0,0.0,0.0,2.0,50.0,Bismack Biyombo,27,0,2016-2017,3.0,2,2.0,ORL,86,Evan Fournier,Damjan Rudež,6:23,,,,,,,,,,,32:06,D.J. Augustin,28:06,Elfrid Payton,26:17,Aaron Gordon,25:38,Serge Ibaka,23:55,Nikola Vučević,23:30,C.J. Watson,19:53,Jeff Green,17:42,Mario Hezonja,12:00
0,,0,0.000,1,0.50,104,1,4,80.0,2,.333,2.0,33.3,6.0,6,0,.000,2,33.333,Logos via Sports Logos.net / About logos,L,https://www.basketball-reference.com/boxscores/201702070HOU.html,Away,128,17:59,1,20.0,HOU,James Harden,K.J. McDaniels,1:42,Bobby Brown,1:42,Tyler Ennis,1:42,,,,,,,36:00,Trevor Ariza,36:00,Eric Gordon,30:15,Patrick Beverley,28:59,Clint Capela,28:19,Ryan Anderson,27:47,Nenê,17:59,Sam Dekker,17:35,Corey Brewer,12:00,128,2,4,4.0,100.0,0.0,0.0,0.0,0.0,Bismack Biyombo,24,0,2016-2017,1.0,2,5.0,ORL,104,Serge Ibaka,,,,,,,,,,,,,40:43,Evan Fournier,36:49,Nikola Vučević,30:01,Elfrid Payton,26:45,D.J. Augustin,23:42,C.J. Watson,23:02,Aaron Gordon,19:20,Mario Hezonja,14:34,Damjan Rudež,7:05
0,,0,0.000,2,2.00,112,2,7,87.5,3,1.000,3.0,100.0,3.0,3,3,.750,4,133.333,Logos via Sports Logos.net / About logos,L,https://www.basketball-reference.com/boxscores/201702090ORL.html,Home,111,16:35,1,12.5,PHI,Robert Covington,Timothé Luwawu-Cabarrot,7:48,,,,,,,,,,,35:44,T.J. McConnell,29:49,Nik Stauskas,28:24,Dario Šarić,27:35,Ersan İlyasova,26:50,Jahlil Okafor,22:28,Nerlens Noel,22:21,Gerald Henderson,20:50,Sergio Rodríguez,18:11,112,0,9,6.0,66.7,0.0,0.0,3.0,33.3,Bismack Biyombo,1,0,2016-2017,2.0,1,8.0,ORL,111,Evan Fournier,,,,,,,,,,,,,43:10,Serge Ibaka,34:55,Nikola Vučević,31:25,C.J. Watson,28:09,Elfrid Payton,25:38,D.J. Augustin,24:02,Mario Hezonja,18:11,Jeff Green,17:56,,
0,,0,0.000,2,1.00,80,1,2,28.6,5,.714,5.0,71.4,7.0,7,5,1.000,5,71.429,Logos via Sports Logos.net / About logos,L,https://www.basketball-reference.com/boxscores/201702110DAL.html,Away,112,20:43,5,71.4,DAL,Yogi Ferrell,Dorian Finney-Smith,15:29,Nicolás Brussino,12:00,Devin Harris,12:00,,,,,,,31:43,Harrison Barnes,30:07,Seth Curry,27:17,Wesley Matthews,24:48,Salah Mejri,19:26,Dirk Nowitzki,17:55,Justin Anderson,16:54,Dwight Powell,16:32,Deron Williams,15:49,112,1,15,10.0,66.7,0.0,0.0,5.0,33.3,Bismack Biyombo,32,1,2016-2017,2.0,2,7.0,ORL,80,Mario Hezonja,,,,,,,,,,,,,34:52,C.J. Watson,29:29,Evan Fournier,29:11,Nikola Vučević,27:17,D.J. Augustin,25:35,Serge Ibaka,25:27,Elfrid Payton,20:29,Jeff Green,14:57,Damjan Rudež,12:00
0,,0,0.000,1,1.00,116,1,5,50.0,1,.500,1.0,50.0,2.0,2,0,,0,0.000,Logos via Sports Logos.net / About logos,W,https://www.basketball-reference.com/boxscores/201702130MIA.html,Away,107,16:06,5,50.0,MIA,Goran Dragić,Okaro White,7:23,,,,,,,,,,,35:41,Hassan Whiteside,35:33,Dion Waiters,34:14,Tyler Johnson,31:25,James Johnson,28:27,Rodney McGruder,22:03,Wayne Ellington,20:37,Willie Reed,12:27,Luke Babbitt,12:10,107,3,2,2.0,100.0,0.0,0.0,0.0,0.0,Bismack Biyombo,9,0,2016-2017,1.0,1,10.0,ORL,116,Evan Fournier,,,,,,,,,,,,,35:42,Nikola Vučević,31:29,Elfrid Payton,31:16,Aaron Gordon,29:26,Serge Ibaka,28:11,Jeff Green,20:14,C.J. Watson,16:44,Mario Hezonja,16:06,D.J. Augustin,14:46
0,,0,0.000,0,,107,2,2,66.7,1,.500,1.0,50.0,2.0,2,2,.667,3,150.000,Logos via Sports Logos.net / About logos,L,https://www.basketball-reference.com/boxscores/201702150ORL.html,Home,79,15:37,1,33.3,SAS,Dewayne Dedmon,Manu Ginóbili,15:45,Kyle Anderson,14:44,Dejounte Murray,6:26,Joel Anthony,5:40,,,,,28:55,LaMarcus Aldridge,28:03,Kawhi Leonard,27:07,Tony Parker,23:27,Jonathon Simmons,20:53,Patty Mills,18:07,David Lee,17:33,Danny Green,17:31,Dāvis Bertāns,15:49,107,3,4,2.0,50.0,0.0,0.0,2.0,50.0,Bismack Biyombo,28,0,2016-2017,2.0,0,3.0,ORL,79,Jeff Green,Stephen Zimmerman,3:57,,,,,,,,,,,34:40,Evan Fournier,33:50,Aaron Gordon,32:41,Elfrid Payton,30:04,Nikola Vučević,28:26,Mario Hezonja,24:42,D.J. Augustin,20:05,C.J. Watson,12:01,Damjan Rudež,3:57
0,,0,,0,0.00,112,0,3,60.0,0,,0.0,,0.0,0,2,1.000,2,,Logos via Sports Logos.net / About logos,L,https://www.basketball-reference.com/boxscores/201702230ORL.html,Home,103,15:28,2,40.0,POR,Maurice Harkless,Jake Layman,5:41,,,,,,,,,,,38:10,CJ McCollum,37:29,Jusuf Nurkić,34:29,Damian Lillard,32:22,Shabazz Napier,26:21,Allen Crabbe,24:52,Noah Vonleh,15:59,Ed Davis,13:29,Meyers Leonard,11:08,112,3,2,0.0,0.0,0.0,0.0,2.0,100.0,Bismack Biyombo,9,1,2016-2017,1.0,2,5.0,ORL,103,Evan Fournier,,,,,,,,,,,,,37:57,Terrence Ross,32:59,Nikola Vučević,32:30,Aaron Gordon,29:29,D.J. Augustin,25:40,Mario Hezonja,25:13,Elfrid Payton,22:20,Jeff Green,18:24,,
0,,0,0.000,0,0.00,86,3,4,100.0,1,.333,1.0,33.3,3.0,3,0,,0,0.000,Logos via Sports Logos.net / About logos,W,https://www.basketball-reference.com/boxscores/201702250ORL.html,Home,105,16:54,0,0.0,ATL,Tim Hardaway Jr.,DeAndre' Bembry,4:27,Mike Muscala,2:35,,,,,,,,,33:08,Dennis Schröder,31:07,Paul Millsap,29:21,Dwight Howard,28:52,Taurean Prince,27:15,Ersan İlyasova,24:34,Kent Bazemore,23:58,Thabo Sefolosha,19:23,Malcolm Delaney,15:20,86,5,2,2.0,100.0,0.0,0.0,0.0,0.0,Bismack Biyombo,19,0,2016-2017,3.0,3,4.0,ORL,105,Terrence Ross,Damjan Rudež,2:33,Stephen Zimmerman,2:15,,,,,,,,,35:18,Evan Fournier,34:24,Nikola Vučević,28:51,Elfrid Payton,27:57,Aaron Gordon,23:33,Mario Hezonja,22:55,Jeff Green,21:54,D.J. Augustin,20:53,C.J. Wilcox,2:33
0,,0,0.000,2,2.00,101,1,4,57.1,3,.500,3.0,50.0,6.0,6,2,.500,4,66.667,Logos via Sports Logos.net / About logos,L,https://www.basketball-reference.com/boxscores/201703010ORL.html,Home,90,21:11,3,42.9,NYK,Carmelo Anthony,Chasson Randle,1:30,Marshall Plumlee,0:37,,,,,,,,,38:43,Courtney Lee,35:24,Kristaps Porziņģis,32:54,Derrick Rose,32:38,Lance Thomas,31:23,Kyle O'Quinn,19:08,Ron Baker,16:42,Justin Holiday,15:52,Mindaugas Kuzminskas,15:09,101,3,8,6.0,75.0,0.0,0.0,2.0,25.0,Bismack Biyombo,11,0,2016-2017,1.0,1,7.0,ORL,90,Evan Fournier,,,,,,,,,,,,,38:18,Terrence Ross,36:45,D.J. Augustin,26:50,Nikola Vučević,26:49,Jeff Green,24:11,Aaron Gordon,23:49,Elfrid Payton,21:10,Mario Hezonja,20:57,,
0,,0,0.000,0,,99,0,1,50.0,2,.500,2.0,50.0,4.0,4,0,,0,0.000,Logos via Sports Logos.net / About logos,W,https://www.basketball-reference.com/boxscores/201703030ORL.html,Home,110,15:57,1,50.0,MIA,Hassan Whiteside,Willie Reed,8:07,Okaro White,4:53,,,,,,,,,34:38,James Johnson,34:01,Goran Dragić,33:48,Tyler Johnson,28:22,Josh Richardson,24:18,Wayne Ellington,20:19,Dion Waiters,19:57,Rodney McGruder,17:16,Luke Babbitt,14:21,99,1,4,4.0,100.0,0.0,0.0,0.0,0.0,Bismack Biyombo,11,0,2016-2017,0.0,0,2.0,ORL,110,Terrence Ross,,,,,,,,,,,,,35:22,Evan Fournier,33:39,Nikola Vučević,32:03,Aaron Gordon,32:03,Elfrid Payton,26:48,D.J. Augustin,21:12,Mario Hezonja,16:02,Jeff Green,15:57,C.J. Watson,10:57
0,,0,0.000,1,0.50,114,0,10,66.7,5,.625,5.0,62.5,8.0,8,4,.571,7,87.500,Logos via Sports Logos.net / About logos,L,https://www.basketball-reference.com/boxscores/201703050WAS.html,Away,115,34:13,5,33.3,WAS,Bradley Beal,Kelly Oubre Jr.,5:50,,,,,,,,,,,40:43,John Wall,37:18,Markieff Morris,31:26,Otto Porter Jr.,31:01,Bojan Bogdanović,27:27,Marcin Gortat,22:17,Ian Mahinmi,20:02,Brandon Jennings,16:36,Tomáš Satoranský,7:21,115,4,14,10.0,71.4,0.0,0.0,4.0,28.6,Bismack Biyombo,1,2,2016-2017,2.0,2,15.0,ORL,114,Aaron Gordon,,,,,,,,,,,,,34:32,Evan Fournier,33:59,Terrence Ross,32:03,Elfrid Payton,29:34,Jeff Green,22:03,D.J. Augustin,18:26,Mario Hezonja,16:32,C.J. Watson,13:27,Stephen Zimmerman,5:12
0,,0,0.000,0,0.00,113,1,9,64.3,3,.500,3.0,50.0,6.0,6,4,.500,8,133.333,Logos via Sports Logos.net / About logos,L,https://www.basketball-reference.com/boxscores/201703060ORL.html,Home,105,41:44,5,35.7,NYK,Courtney Lee,Kyle O'Quinn,12:20,,,,,,,,,,,40:55,Kristaps Porziņģis,30:07,Lance Thomas,27:17,Derrick Rose,27:14,Chasson Randle,25:55,Justin Holiday,24:45,Willy Hernangómez,17:49,Ron Baker,17:24,Mindaugas Kuzminskas,16:14,113,3,10,6.0,60.0,0.0,0.0,4.0,40.0,Bismack Biyombo,8,0,2016-2017,1.0,1,14.0,ORL,105,Terrence Ross,,,,,,,,,,,,,35:05,Elfrid Payton,34:40,Evan Fournier,33:34,Aaron Gordon,29:54,Jeff Green,20:11,Mario Hezonja,15:23,D.J. Augustin,13:20,C.J. Watson,11:58,Damjan Rudež,4:11
0,,0,0.000,0,0.00,91,1,4,66.7,3,.273,3.0,27.3,11.0,11,0,,0,0.000,Logos via Sports Logos.net / About logos,W,https://www.basketball-reference.com/boxscores/201703080ORL.html,Home,98,35:17,2,33.3,CHI,Jimmy Butler,Cristiano Felício,12:11,,,,,,,,,,,38:15,Robin Lopez,35:45,Joffrey Lauvergne,28:53,Rajon Rondo,28:08,Jerian Grant,24:00,Denzel Valentine,22:43,Bobby Portis,19:07,Cameron Payne,17:00,Paul Zipser,13:58,91,4,6,6.0,100.0,0.0,0.0,0.0,0.0,Bismack Biyombo,7,0,2016-2017,1.0,2,6.0,ORL,98,Elfrid Payton,,,,,,,,,,,,,35:41,Evan Fournier,33:49,Terrence Ross,31:11,Aaron Gordon,28:49,Mario Hezonja,19:22,Jeff Green,19:11,Stephen Zimmerman,12:43,D.J. Augustin,12:19,C.J. Watson,11:38
0,,0,0.000,1,,81,1,8,80.0,3,1.000,3.0,100.0,3.0,3,1,.125,8,266.667,Logos via Sports Logos.net / About logos,L,https://www.basketball-reference.com/boxscores/201703100CHO.html,Away,121,29:24,2,20.0,CHO,Marvin Williams,Treveon Graham,7:21,Briante Weber,6:43,,,,,,,,,32:42,Cody Zeller,31:21,Nicolas Batum,28:10,Jeremy Lamb,28:03,Kemba Walker,24:19,Brian Roberts,23:41,Marco Belinelli,22:16,Michael Kidd-Gilchrist,19:18,Christian Wood,16:06,121,3,7,6.0,85.7,0.0,0.0,1.0,14.3,Bismack Biyombo,40,0,2016-2017,1.0,0,10.0,ORL,81,Aaron Gordon,C.J. Wilcox,8:32,Jeff Green,5:57,,,,,,,,,28:13,Terrence Ross,27:54,Elfrid Payton,26:56,Evan Fournier,24:43,C.J. Watson,23:17,Mario Hezonja,22:29,Stephen Zimmerman,18:03,D.J. Augustin,12:32,Damjan Rudež,12:00
0,,0,0.000,0,,116,0,6,75.0,2,.500,2.0,50.0,4.0,4,2,1.000,2,50.000,Logos via Sports Logos.net / About logos,L,https://www.basketball-reference.com/boxscores/201703110ORL.html,Home,104,16:19,2,25.0,CLE,LeBron James,James Jones,1:32,DeAndre Liggins,1:32,,,,,,,,,37:34,Kyrie Irving,35:46,Iman Shumpert,30:36,Tristan Thompson,27:44,Richard Jefferson,26:42,Deron Williams,25:00,J.R. Smith,20:39,Derrick Williams,16:29,Channing Frye,16:26,116,2,6,4.0,66.7,0.0,0.0,2.0,33.3,Bismack Biyombo,12,0,2016-2017,0.0,0,8.0,ORL,104,Elfrid Payton,Damjan Rudež,1:32,C.J. Wilcox,1:32,Stephen Zimmerman,1:32,,,,,,,34:20,Terrence Ross,32:02,Evan Fournier,31:47,Aaron Gordon,30:57,Nikola Vučević,27:51,Jeff Green,17:49,C.J. Watson,17:34,Mario Hezonja,14:37,D.J. Augustin,12:08
0,,0,0.000,1,1.00,115,1,3,75.0,1,.333,1.0,33.3,3.0,3,2,1.000,2,66.667,Logos via Sports Logos.net / About logos,L,https://www.basketball-reference.com/boxscores/201703130SAC.html,Away,120,15:55,1,25.0,SAC,Willie Cauley-Stein,,,,,,,,,,,,,36:05,Garrett Temple,34:30,Darren Collison,33:12,Buddy Hield,31:23,Anthony Tolliver,27:47,Ben McLemore,22:56,Langston Galloway,22:03,Skal Labissière,20:10,Georgios Papagiannis,11:55,120,1,4,2.0,50.0,0.0,0.0,2.0,50.0,Bismack Biyombo,5,0,2016-2017,1.0,1,4.0,ORL,115,Elfrid Payton,,,,,,,,,,,,,33:41,Nikola Vučević,32:05,Evan Fournier,30:04,Terrence Ross,29:21,Aaron Gordon,29:03,Jeff Green,18:57,Mario Hezonja,18:39,C.J. Watson,17:56,D.J. Augustin,14:19
0,,0,0.000,0,0.00,92,0,7,70.0,1,.250,1.0,25.0,4.0,4,1,1.000,1,25.000,Logos via Sports Logos.net / About logos,L,https://www.basketball-reference.com/boxscores/201703160GSW.html,Away,122,17:39,3,30.0,GSW,Klay Thompson,David West,12:19,James Michael McAdoo,7:48,JaVale McGee,6:57,Kevon Looney,6:44,,,,,29:19,Stephen Curry,28:07,Draymond Green,25:22,Andre Iguodala,23:16,Zaza Pachulia,21:24,Matt Barnes,20:14,Ian Clark,19:53,Patrick McCaw,19:50,Shaun Livingston,18:47,122,1,3,2.0,66.7,0.0,0.0,1.0,33.3,Bismack Biyombo,30,0,2016-2017,0.0,2,10.0,ORL,92,Terrence Ross,C.J. Wilcox,12:00,Stephen Zimmerman,7:12,Damjan Rudež,7:12,,,,,,,25:04,Nikola Vučević,24:36,Evan Fournier,24:25,Mario Hezonja,23:39,Elfrid Payton,21:59,Aaron Gordon,21:17,D.J. Augustin,19:31,Jeff Green,18:00,C.J. Watson,17:26
0,,0,0.000,1,,109,0,3,100.0,1,1.000,1.0,100.0,1.0,1,2,1.000,2,200.000,Logos via Sports Logos.net / About logos,W,https://www.basketball-reference.com/boxscores/201703170PHO.html,Away,103,15:40,0,0.0,PHO,Tyler Ulis,,,,,,,,,,,,,40:25,T.J. Warren,36:47,Devin Booker,30:20,Alex Len,28:02,Jared Dudley,26:16,Marquese Chriss,25:35,Ronnie Price,19:47,Derrick Jones Jr.,16:32,Alan Williams,16:16,103,3,4,2.0,50.0,0.0,0.0,2.0,50.0,Bismack Biyombo,6,0,2016-2017,0.0,0,3.0,ORL,109,Evan Fournier,,,,,,,,,,,,,35:05,Aaron Gordon,34:07,Nikola Vučević,32:20,Elfrid Payton,30:53,Terrence Ross,30:33,D.J. Augustin,16:23,Mario Hezonja,16:09,C.J. Watson,14:58,Jeff Green,13:53
0,,0,0.000,0,,109,1,4,66.7,3,.600,3.0,60.0,5.0,5,1,1.000,1,20.000,Logos via Sports Logos.net / About logos,W,https://www.basketball-reference.com/boxscores/201703200ORL.html,Home,112,16:24,2,33.3,PHI,Robert Covington,,,,,,,,,,,,,44:53,Richaun Holmes,41:59,Nik Stauskas,39:01,T.J. McConnell,34:25,Justin Anderson,26:47,Dario Šarić,25:30,Timothé Luwawu-Cabarrot,22:49,Sergio Rodríguez,18:35,Shawn Long,11:01,109,3,7,6.0,85.7,0.0,0.0,1.0,14.3,Bismack Biyombo,3,0,2016-2017,1.0,0,6.0,ORL,112,Evan Fournier,C.J. Watson,4:00,,,,,,,,,,,36:56,Nikola Vučević,36:36,Terrence Ross,34:42,Aaron Gordon,31:35,Elfrid Payton,30:40,Jodie Meeks,20:25,Mario Hezonja,19:18,D.J. Augustin,18:20,Jeff Green,16:04
0,,0,0.000,2,1.00,109,0,2,40.0,2,.500,2.0,50.0,4.0,4,0,,0,0.000,Logos via Sports Logos.net / About logos,L,https://www.basketball-reference.com/boxscores/201703220ORL.html,Home,102,18:03,3,60.0,CHO,Marvin Williams,,,,,,,,,,,,,33:21,Frank Kaminsky,33:11,Kemba Walker,32:53,Nicolas Batum,31:37,Cody Zeller,29:28,Michael Kidd-Gilchrist,27:00,Marco Belinelli,21:28,Jeremy Lamb,15:55,Briante Weber,15:07,109,3,4,4.0,100.0,0.0,0.0,0.0,0.0,Bismack Biyombo,7,1,2016-2017,1.0,2,5.0,ORL,102,Elfrid Payton,,,,,,,,,,,,,33:30,Terrence Ross,31:03,Evan Fournier,30:24,Nikola Vučević,29:57,Aaron Gordon,28:39,Mario Hezonja,23:06,Jodie Meeks,15:29,C.J. Watson,15:19,D.J. Augustin,14:30
0,,0,0.000,1,1.00,87,1,4,100.0,2,.400,2.0,40.0,5.0,5,0,,0,0.000,Logos via Sports Logos.net / About logos,W,https://www.basketball-reference.com/boxscores/201703240ORL.html,Home,115,15:37,0,0.0,DET,Jon Leuer,Ish Smith,15:34,Boban Marjanović,12:00,Beno Udrih,12:00,Darrun Hilliard,8:30,,,,,27:36,Tobias Harris,25:35,Stanley Johnson,22:16,Marcus Morris,21:34,Kentavious Caldwell-Pope,21:17,Reggie Jackson,20:26,Andre Drummond,19:52,Reggie Bullock,17:12,Aron Baynes,16:08,87,4,4,4.0,100.0,0.0,0.0,0.0,0.0,Bismack Biyombo,28,0,2016-2017,1.0,1,4.0,ORL,115,Aaron Gordon,Damjan Rudež,5:54,Stephen Zimmerman,5:54,C.J. Wilcox,5:54,,,,,,,29:40,Elfrid Payton,28:44,Mario Hezonja,27:38,Nikola Vučević,26:29,Evan Fournier,23:03,Jodie Meeks,20:43,Terrence Ross,20:34,C.J. Watson,16:28,D.J. Augustin,13:22
0,,0,0.000,0,0.00,112,2,3,60.0,1,.500,1.0,50.0,2.0,2,3,.750,4,200.000,Logos via Sports Logos.net / About logos,L,https://www.basketball-reference.com/boxscores/201703270TOR.html,Away,131,17:14,2,40.0,TOR,DeMar DeRozan,Lucas Nogueira,3:19,Fred VanVleet,1:53,Pascal Siakam,1:53,,,,,,,36:25,P.J. Tucker,32:42,Serge Ibaka,31:40,Cory Joseph,28:32,Jonas Valančiūnas,26:59,Norman Powell,24:13,Patrick Patterson,21:05,Delon Wright,18:22,Jakob Poeltl,12:57,131,2,5,2.0,40.0,0.0,0.0,3.0,60.0,Bismack Biyombo,19,0,2016-2017,2.0,4,5.0,ORL,112,Aaron Gordon,C.J. Wilcox,1:53,Damjan Rudež,1:53,Stephen Zimmerman,1:53,,,,,,,36:12,Elfrid Payton,31:24,Evan Fournier,30:26,Terrence Ross,28:46,Nikola Vučević,28:39,Mario Hezonja,22:52,D.J. Augustin,14:43,Jodie Meeks,13:03,C.J. Watson,11:02
0,,0,0.000,2,,114,2,7,63.6,5,.714,5.0,71.4,7.0,7,2,1.000,2,28.571,Logos via Sports Logos.net / About logos,L,https://www.basketball-reference.com/boxscores/201703290ORL.html,Home,106,20:16,4,36.4,OKC,Victor Oladipo,Domantas Sabonis,10:38,Norris Cole,4:15,Doug McDermott,3:25,,,,,,,43:41,Russell Westbrook,41:49,Andre Roberson,35:05,Steven Adams,29:03,Taj Gibson,23:49,Álex Abrines,21:44,Enes Freedom,20:17,Jerami Grant,19:15,Semaj Christon,12:00,114,4,12,10.0,83.3,0.0,0.0,2.0,16.7,Bismack Biyombo,8,0,2016-2017,2.0,0,11.0,ORL,106,Terrence Ross,,,,,,,,,,,,,45:29,Evan Fournier,40:52,Aaron Gordon,40:31,Elfrid Payton,37:53,Nikola Vučević,32:44,Mario Hezonja,18:17,D.J. Augustin,15:03,Jodie Meeks,13:55,,
0,,0,0.000,2,,116,0,7,87.5,2,.667,2.0,66.7,3.0,3,4,1.000,4,133.333,Logos via Sports Logos.net / About logos,L,https://www.basketball-reference.com/boxscores/201703310BOS.html,Away,117,20:38,1,12.5,BOS,Isaiah Thomas,Gerald Green,8:38,,,,,,,,,,,36:29,Al Horford,35:47,Jae Crowder,33:49,Marcus Smart,30:43,Jaylen Brown,22:37,Amir Johnson,19:17,Terry Rozier,18:39,Jonas Jerebko,17:46,Kelly Olynyk,16:16,117,4,8,4.0,50.0,0.0,0.0,4.0,50.0,Bismack Biyombo,1,0,2016-2017,0.0,0,8.0,ORL,116,Terrence Ross,,,,,,,,,,,,,37:35,Aaron Gordon,36:21,Evan Fournier,34:44,Elfrid Payton,34:10,Nikola Vučević,27:22,Jodie Meeks,17:52,Mario Hezonja,17:28,C.J. Watson,13:50,,
0,,0,0.000,1,,111,0,0,,0,.000,0.0,0.0,1.0,1,0,,0,0.000,Logos via Sports Logos.net / About logos,L,https://www.basketball-reference.com/boxscores/201704010BRK.html,Away,121,15:36,0,,BRK,Jeremy Lin,Archie Goodwin,15:59,Randy Foye,10:57,,,,,,,,,28:11,Brook Lopez,28:02,Isaiah Whitehead,26:20,Rondae Hollis-Jefferson,24:36,Trevor Booker,23:55,Sean Kilpatrick,22:23,Caris LeVert,20:21,Spencer Dinwiddie,19:49,Justin Hamilton,19:27,121,1,0,0.0,,0.0,,0.0,,Bismack Biyombo,10,0,2016-2017,0.0,0,0.0,ORL,111,Evan Fournier,,,,,,,,,,,,,36:50,Aaron Gordon,35:26,Elfrid Payton,35:18,Terrence Ross,33:09,Nikola Vučević,32:24,Jodie Meeks,18:29,Mario Hezonja,17:04,D.J. Augustin,15:44,,
0,,0,0.000,1,,102,1,8,80.0,1,.333,1.0,33.3,3.0,3,2,1.000,2,66.667,Logos via Sports Logos.net / About logos,L,https://www.basketball-reference.com/boxscores/201704040CLE.html,Away,122,18:42,2,20.0,CLE,LeBron James,Channing Frye,9:58,DeAndre Liggins,4:17,Derrick Williams,4:17,,,,,,,37:06,J.R. Smith,31:27,Kyrie Irving,30:28,Kevin Love,28:26,Tristan Thompson,28:10,Deron Williams,20:11,Iman Shumpert,19:00,Richard Jefferson,14:47,Kyle Korver,11:53,122,5,4,2.0,50.0,0.0,0.0,2.0,50.0,Bismack Biyombo,20,0,2016-2017,1.0,0,10.0,ORL,102,Terrence Ross,Patricio Garino,4:17,Marcus Georges-Hunt,4:17,,,,,,,,,32:36,Aaron Gordon,32:09,Evan Fournier,29:02,C.J. Watson,25:20,Nikola Vučević,23:58,Elfrid Payton,22:40,Mario Hezonja,22:09,Jodie Meeks,20:33,Damjan Rudež,4:17
0,,0,0.000,0,0.00,107,1,1,50.0,1,1.000,1.0,100.0,1.0,1,3,.750,4,400.000,Logos via Sports Logos.net / About logos,W,https://www.basketball-reference.com/boxscores/201704060ORL.html,Home,115,5:38,1,50.0,BRK,Jeremy Lin,Randy Foye,14:37,,,,,,,,,,,31:13,Brook Lopez,31:13,Caris LeVert,26:49,Isaiah Whitehead,25:37,Rondae Hollis-Jefferson,24:59,Spencer Dinwiddie,24:23,Quincy Acy,23:01,Archie Goodwin,21:21,Justin Hamilton,16:47,107,1,5,2.0,40.0,0.0,0.0,3.0,60.0,Bismack Biyombo,8,0,2016-2017,1.0,2,2.0,ORL,115,Nikola Vučević,Stephen Zimmerman,8:34,,,,,,,,,,,33:48,Elfrid Payton,32:39,Aaron Gordon,32:39,Jodie Meeks,30:36,Terrence Ross,24:46,Mario Hezonja,21:51,Marcus Georges-Hunt,20:16,D.J. Augustin,15:21,Patricio Garino,13:52
0,,0,0.000,1,1.00,127,0,3,75.0,3,1.000,3.0,100.0,3.0,3,1,.250,4,133.333,Logos via Sports Logos.net / About logos,L,https://www.basketball-reference.com/boxscores/201704080ORL.html,Home,112,16:56,1,25.0,IND,Paul George,Lavoy Allen,4:37,Joe Young,1:24,Rakeem Christmas,1:24,,,,,,,39:30,Jeff Teague,31:25,Thaddeus Young,30:37,Myles Turner,30:29,Monta Ellis,24:58,Lance Stephenson,21:38,C.J. Miles,19:52,Kevin Séraphin,17:31,Aaron Brooks,16:35,127,2,7,6.0,85.7,0.0,0.0,1.0,14.3,Bismack Biyombo,15,1,2016-2017,1.0,1,4.0,ORL,112,Aaron Gordon,Marcus Georges-Hunt,1:24,Damjan Rudež,1:24,,,,,,,,,37:29,Evan Fournier,36:39,Terrence Ross,36:28,Elfrid Payton,33:21,Nikola Vučević,31:04,Mario Hezonja,16:54,Jodie Meeks,13:42,C.J. Watson,13:15,Patricio Garino,1:24
0,,0,0.000,0,0.00,75,2,6,85.7,2,.500,2.0,50.0,4.0,4,3,1.000,3,75.000,Logos via Sports Logos.net / About logos,L,https://www.basketball-reference.com/boxscores/201704100CHI.html,Away,122,16:43,1,14.3,CHI,Jimmy Butler,Denzel Valentine,10:08,Isaiah Canaan,7:03,Joffrey Lauvergne,7:03,Anthony Morrow,5:37,,,,,30:48,Robin Lopez,29:28,Jerian Grant,27:36,Nikola Mirotić,26:42,Paul Zipser,26:07,Dwyane Wade,21:54,Cristiano Felício,18:32,Michael Carter-Williams,14:47,Bobby Portis,14:15,122,3,7,4.0,57.1,0.0,0.0,3.0,42.9,Bismack Biyombo,47,2,2016-2017,4.0,1,7.0,ORL,75,Mario Hezonja,Patricio Garino,12:00,Damjan Rudež,5:37,,,,,,,,,31:35,Aaron Gordon,28:37,Evan Fournier,27:38,Nikola Vučević,26:36,Elfrid Payton,24:36,D.J. Augustin,23:24,Terrence Ross,17:01,Jodie Meeks,14:13,Marcus Georges-Hunt,12:00
0,,0,0.000,1,,109,0,1,33.3,1,.333,1.0,33.3,3.0,3,0,,0,0.000,Logos via Sports Logos.net / About logos,W,https://www.basketball-reference.com/boxscores/201704120ORL.html,Home,113,8:34,2,66.7,DET,Ish Smith,Darrun Hilliard,13:15,,,,,,,,,,,34:45,Tobias Harris,29:47,Reggie Bullock,29:01,Kentavious Caldwell-Pope,28:39,Andre Drummond,24:34,Boban Marjanović,20:39,Stanley Johnson,20:25,Jon Leuer,19:51,Henry Ellenson,19:04,109,1,2,2.0,100.0,0.0,0.0,0.0,0.0,Bismack Biyombo,4,0,2016-2017,0.0,0,3.0,ORL,113,Aaron Gordon,Marcus Georges-Hunt,9:34,Stephen Zimmerman,8:52,,,,,,,,,34:54,Elfrid Payton,31:08,Nikola Vučević,27:26,Evan Fournier,27:26,Mario Hezonja,23:11,Terrence Ross,22:21,Jodie Meeks,18:08,D.J. Augustin,16:52,Patricio Garino,11:34
0,,0,0.000,0,0.00,121,1,1,100.0,1,.500,1.0,50.0,2.0,2,1,1.000,1,50.000,Logos via Sports Logos.net / About logos,L,https://www.basketball-reference.com/boxscores/201710200BRK.html,Away,126,12:47,0,0.0,BRK,DeMarre Carroll,Timofey Mozgov,15:44,Jarrett Allen,14:36,,,,,,,,,27:33,Caris LeVert,27:18,D'Angelo Russell,25:26,Rondae Hollis-Jefferson,24:57,Spencer Dinwiddie,24:42,Allen Crabbe,22:52,Trevor Booker,21:40,Joe Harris,18:28,Quincy Acy,16:44,126,3,3,2.0,66.7,0.0,0.0,1.0,33.3,Bismack Biyombo,5,0,2017-2018,1.0,2,1.0,ORL,121,Evan Fournier,Shelvin Mack,10:07,Marreese Speights,3:24,,,,,,,,,35:39,Nikola Vučević,35:13,Terrence Ross,30:16,D.J. Augustin,23:09,Jonathan Isaac,22:39,Jonathon Simmons,21:46,Mario Hezonja,15:35,Arron Afflalo,14:55,Elfrid Payton,14:30
0,,0,0.000,0,0.00,114,1,1,20.0,2,.333,2.0,33.3,6.0,6,4,1.000,4,66.667,Logos via Sports Logos.net / About logos,W,https://www.basketball-reference.com/boxscores/201710210CLE.html,Away,93,14:08,4,80.0,CLE,LeBron James,Kyle Korver,13:12,Channing Frye,8:21,Cedi Osman,8:21,Ante Žižić,6:52,,,,,31:12,Iman Shumpert,29:46,Kevin Love,27:06,Tristan Thompson,25:35,Jeff Green,20:49,J.R. Smith,20:33,Jae Crowder,18:36,Dwyane Wade,16:05,José Calderón,13:32,93,4,8,4.0,50.0,0.0,0.0,4.0,50.0,Bismack Biyombo,21,0,2017-2018,1.0,1,5.0,ORL,114,Nikola Vučević,Wes Iwundu,5:24,Arron Afflalo,5:18,Khem Birch,5:09,,,,,,,28:12,D.J. Augustin,26:58,Evan Fournier,26:40,Mario Hezonja,25:02,Terrence Ross,22:13,Jonathan Isaac,21:26,Shelvin Mack,21:02,Jonathon Simmons,20:23,Marreese Speights,18:05
0,,0,0.000,0,0.00,121,1,4,80.0,2,.667,2.0,66.7,3.0,3,1,.500,2,66.667,Logos via Sports Logos.net / About logos,W,https://www.basketball-reference.com/boxscores/201710240ORL.html,Home,125,16:09,1,20.0,BRK,D'Angelo Russell,Jarrett Allen,14:53,Quincy Acy,12:55,,,,,,,,,29:54,Caris LeVert,29:17,DeMarre Carroll,26:43,Allen Crabbe,25:36,Rondae Hollis-Jefferson,24:37,Trevor Booker,23:45,Spencer Dinwiddie,18:06,Joe Harris,17:31,Timofey Mozgov,16:43,121,0,5,4.0,80.0,0.0,0.0,1.0,20.0,Bismack Biyombo,4,0,2017-2018,1.0,1,5.0,ORL,125,Aaron Gordon,,,,,,,,,,,,,36:38,Evan Fournier,36:10,Nikola Vučević,31:51,D.J. Augustin,28:58,Terrence Ross,27:43,Jonathon Simmons,25:04,Shelvin Mack,16:46,Jonathan Isaac,13:57,Mario Hezonja,6:44
0,,0,0.000,0,0.00,87,2,7,87.5,2,.400,2.0,40.0,5.0,5,1,.250,4,80.000,Logos via Sports Logos.net / About logos,W,https://www.basketball-reference.com/boxscores/201710270ORL.html,Home,114,18:54,1,12.5,SAS,LaMarcus Aldridge,Dāvis Bertāns,15:14,Manu Ginóbili,14:00,Derrick White,12:00,,,,,,,29:30,Pau Gasol,25:32,Rudy Gay,23:53,Kyle Anderson,21:52,Brandon Paul,21:26,Patty Mills,20:37,Dejounte Murray,20:15,Danny Green,18:17,Bryn Forbes,17:24,87,4,5,4.0,80.0,0.0,0.0,1.0,20.0,Bismack Biyombo,27,0,2017-2018,2.0,2,8.0,ORL,114,Evan Fournier,Wes Iwundu,7:05,Arron Afflalo,6:10,Marreese Speights,6:10,,,,,,,26:50,Aaron Gordon,25:56,D.J. Augustin,24:28,Terrence Ross,24:10,Shelvin Mack,22:59,Jonathon Simmons,22:57,Nikola Vučević,22:56,Jonathan Isaac,19:25,Mario Hezonja,12:00
0,,0,0.000,0,0.00,113,1,3,75.0,1,.333,1.0,33.3,3.0,3,0,,0,0.000,Logos via Sports Logos.net / About logos,L,https://www.basketball-reference.com/boxscores/201710290CHO.html,Away,120,15:17,1,25.0,CHO,Kemba Walker,Johnny O'Bryant,4:16,,,,,,,,,,,35:31,Dwight Howard,31:08,Jeremy Lamb,30:47,Marvin Williams,30:32,Dwayne Bacon,27:09,Michael Kidd-Gilchrist,22:36,Treveon Graham,21:31,Cody Zeller,18:33,Malik Monk,17:57,120,3,2,2.0,100.0,0.0,0.0,0.0,0.0,Bismack Biyombo,7,1,2017-2018,2.0,1,4.0,ORL,113,Evan Fournier,,,,,,,,,,,,,37:52,Aaron Gordon,36:09,Terrence Ross,33:45,Nikola Vučević,32:43,Jonathon Simmons,32:20,D.J. Augustin,23:17,Shelvin Mack,16:46,Mario Hezonja,11:51,,
0,,0,,0,,115,0,0,0.0,0,,0.0,,0.0,0,0,.000,2,,Logos via Sports Logos.net / About logos,W,https://www.basketball-reference.com/boxscores/201710300NOP.html,Away,99,8:10,1,100.0,NOP,Anthony Davis,Josh Smith,2:40,Darius Miller,1:05,,,,,,,,,41:24,DeMarcus Cousins,38:45,Jrue Holiday,34:51,E'Twaun Moore,31:56,Dante Cunningham,24:58,Jameer Nelson,24:53,Tony Allen,16:04,Ian Clark,14:27,Cheick Diallo,8:57,99,2,0,0.0,,0.0,,0.0,,Bismack Biyombo,16,0,2017-2018,0.0,0,1.0,ORL,115,Evan Fournier,Mario Hezonja,6:48,Arron Afflalo,1:05,Khem Birch,1:05,,,,,,,34:21,Nikola Vučević,31:44,Terrence Ross,30:42,Jonathon Simmons,28:26,D.J. Augustin,23:01,Marreese Speights,21:21,Shelvin Mack,19:57,Aaron Gordon,18:20,Jonathan Isaac,15:00
0,,0,,0,0.00,101,1,2,100.0,0,,0.0,,0.0,0,0,,0,,Logos via Sports Logos.net / About logos,W,https://www.basketball-reference.com/boxscores/201711010MEM.html,Away,99,12:09,0,0.0,MEM,Dillon Brooks,,,,,,,,,,,,,37:34,Marc Gasol,36:19,James Ennis III,35:08,Tyreke Evans,34:23,Mario Chalmers,26:09,Andrew Harrison,20:13,Jarell Martin,19:26,Chandler Parsons,19:07,Brandan Wright,11:41,99,4,0,0.0,,0.0,,0.0,,Bismack Biyombo,2,0,2017-2018,1.0,1,2.0,ORL,101,Evan Fournier,Mario Hezonja,5:15,Marreese Speights,4:04,,,,,,,,,37:15,Aaron Gordon,34:24,Nikola Vučević,31:47,Jonathon Simmons,26:07,Shelvin Mack,25:23,Terrence Ross,23:11,Jonathan Isaac,19:26,D.J. Augustin,13:54,Arron Afflalo,7:05
0,,0,0.000,0,,105,1,3,75.0,0,.000,0.0,0.0,1.0,1,1,.500,2,200.000,Logos via Sports Logos.net / About logos,L,https://www.basketball-reference.com/boxscores/201711030ORL.html,Home,83,11:57,1,25.0,CHI,David Nwaba,Quincy Pondexter,5:57,Kay Felder,1:56,,,,,,,,,35:27,Justin Holiday,28:49,Robin Lopez,28:49,Lauri Markkanen,28:38,Kris Dunn,24:06,Denzel Valentine,23:26,Jerian Grant,21:58,Paul Zipser,21:43,Cristiano Felício,19:11,105,1,1,0.0,0.0,0.0,0.0,1.0,100.0,Bismack Biyombo,22,1,2017-2018,2.0,0,4.0,ORL,83,Evan Fournier,Marreese Speights,7:19,Wes Iwundu,7:19,,,,,,,,,33:30,Aaron Gordon,29:17,Nikola Vučević,28:44,Terrence Ross,26:45,Jonathon Simmons,24:41,Shelvin Mack,21:10,Jonathan Isaac,21:06,Arron Afflalo,18:13,Mario Hezonja,9:59
0,,0,0.000,0,0.00,104,0,3,50.0,1,.500,1.0,50.0,2.0,2,0,,0,0.000,Logos via Sports Logos.net / About logos,L,https://www.basketball-reference.com/boxscores/201711050ORL.html,Home,88,12:33,3,50.0,BOS,Al Horford,Shane Larkin,9:59,Daniel Theis,3:01,Abdel Nader,2:05,Guerschon Yabusele,2:05,,,,,28:52,Marcus Smart,28:43,Jaylen Brown,27:58,Kyrie Irving,27:40,Jayson Tatum,27:19,Terry Rozier,26:50,Marcus Morris,23:00,Semi Ojeleye,16:46,Aron Baynes,15:41,104,3,2,2.0,100.0,0.0,0.0,0.0,0.0,Bismack Biyombo,16,0,2017-2018,0.0,2,6.0,ORL,88,Evan Fournier,Wes Iwundu,3:01,Arron Afflalo,3:01,,,,,,,,,35:43,Aaron Gordon,34:16,Nikola Vučević,32:26,Terrence Ross,29:14,Jonathan Isaac,28:43,Shelvin Mack,23:47,Jonathon Simmons,21:12,Mario Hezonja,13:03,Marreese Speights,3:01
0,,0,0.000,0,,99,1,2,100.0,2,1.000,2.0,100.0,2.0,2,3,.500,6,300.000,Logos via Sports Logos.net / About logos,W,https://www.basketball-reference.com/boxscores/201711080ORL.html,Home,112,15:26,0,0.0,NYK,Tim Hardaway Jr.,Willy Hernangómez,7:41,Damyean Dotson,1:51,Mindaugas Kuzminskas,1:51,,,,,,,37:33,Doug McDermott,30:21,Courtney Lee,29:43,Jarrett Jack,25:02,Frank Ntilikina,22:58,Lance Thomas,22:21,Enes Freedom,20:20,Michael Beasley,20:20,Kyle O'Quinn,19:59,99,2,7,4.0,57.1,0.0,0.0,3.0,42.9,Bismack Biyombo,13,0,2017-2018,1.0,0,2.0,ORL,112,Aaron Gordon,,,,,,,,,,,,,36:32,Evan Fournier,33:44,Nikola Vučević,32:34,Elfrid Payton,29:16,Terrence Ross,24:09,Jonathon Simmons,24:04,Jonathan Isaac,22:47,Shelvin Mack,19:37,Wes Iwundu,1:51
0,,0,0.000,1,1.00,128,1,4,80.0,1,.500,1.0,50.0,2.0,2,3,.750,4,200.000,Logos via Sports Logos.net / About logos,W,https://www.basketball-reference.com/boxscores/201711100PHO.html,Away,112,15:19,1,20.0,PHO,Alex Len,Troy Daniels,10:03,Derrick Jones Jr.,2:08,,,,,,,,,39:32,Devin Booker,33:39,Mike James,28:30,T.J. Warren,28:22,Josh Jackson,22:00,Marquese Chriss,21:05,Tyler Ulis,19:30,Dragan Bender,18:38,Jared Dudley,16:33,112,1,5,2.0,40.0,0.0,0.0,3.0,60.0,Bismack Biyombo,16,1,2017-2018,2.0,1,5.0,ORL,128,Shelvin Mack,Arron Afflalo,7:40,Marreese Speights,6:16,,,,,,,,,31:17,Aaron Gordon,30:43,Evan Fournier,26:55,Nikola Vučević,26:25,Jonathon Simmons,25:54,Terrence Ross,24:03,Jonathan Isaac,21:17,Elfrid Payton,16:31,Mario Hezonja,7:40
0,,0,0.000,1,,107,1,3,50.0,2,.250,2.0,25.0,8.0,8,2,1.000,2,25.000,Logos via Sports Logos.net / About logos,L,https://www.basketball-reference.com/boxscores/201711110DEN.html,Away,125,21:26,3,50.0,DEN,Wilson Chandler,Trey Lyles,1:48,Juancho Hernangómez,1:48,,,,,,,,,41:16,Will Barton,37:53,Nikola Jokić,37:36,Paul Millsap,36:02,Jamal Murray,33:39,Emmanuel Mudiay,23:05,Mason Plumlee,10:08,Kenneth Faried,8:38,Malik Beasley,8:07,125,1,6,4.0,66.7,0.0,0.0,2.0,33.3,Bismack Biyombo,18,0,2017-2018,1.0,0,6.0,ORL,107,Aaron Gordon,Mario Hezonja,5:24,,,,,,,,,,,29:59,Jonathon Simmons,27:07,Evan Fournier,26:34,Terrence Ross,25:36,Shelvin Mack,24:29,Nikola Vučević,23:54,Arron Afflalo,21:26,Marreese Speights,17:59,Jonathan Isaac,16:06
0,,0,0.000,1,0.50,100,2,6,85.7,4,1.000,4.0,100.0,4.0,4,0,.000,1,25.000,Logos via Sports Logos.net / About logos,L,https://www.basketball-reference.com/boxscores/201711130GSW.html,Away,110,19:36,1,14.3,GSW,Draymond Green,Zaza Pachulia,13:30,Patrick McCaw,9:23,JaVale McGee,7:37,Quinn Cook,5:00,,,,,31:56,Klay Thompson,31:22,Kevin Durant,30:20,Andre Iguodala,23:09,Nick Young,20:26,Shaun Livingston,20:08,Omri Casspi,18:25,Kevon Looney,14:43,David West,14:01,110,3,8,8.0,100.0,0.0,0.0,0.0,0.0,Bismack Biyombo,10,0,2017-2018,2.0,2,7.0,ORL,100,Aaron Gordon,Mario Hezonja,5:00,,,,,,,,,,,33:14,Evan Fournier,31:06,Terrence Ross,28:29,Nikola Vučević,26:45,Jonathon Simmons,26:25,Elfrid Payton,25:13,Shelvin Mack,22:47,Marreese Speights,16:25,Arron Afflalo,5:00
0,,0,0.000,0,0.00,94,2,6,100.0,0,.000,0.0,0.0,1.0,1,0,,0,0.000,Logos via Sports Logos.net / About logos,L,https://www.basketball-reference.com/boxscores/201711150POR.html,Away,99,16:53,0,0.0,POR,CJ McCollum,Caleb Swanigan,5:34,,,,,,,,,,,38:11,Damian Lillard,37:22,Jusuf Nurkić,31:51,Maurice Harkless,27:37,Shabazz Napier,26:35,Evan Turner,23:24,Noah Vonleh,21:18,Ed Davis,16:05,Pat Connaughton,12:03,99,2,0,0.0,,0.0,,0.0,,Bismack Biyombo,5,0,2017-2018,2.0,1,6.0,ORL,94,Evan Fournier,,,,,,,,,,,,,35:54,Aaron Gordon,31:33,Nikola Vučević,31:07,Elfrid Payton,30:45,Terrence Ross,27:22,Jonathon Simmons,26:29,Marreese Speights,16:27,Shelvin Mack,16:03,Mario Hezonja,7:27
0,,0,0.000,0,0.00,125,2,4,57.1,1,.500,1.0,50.0,2.0,2,1,.500,2,100.000,Logos via Sports Logos.net / About logos,L,https://www.basketball-reference.com/boxscores/201711180ORL.html,Home,85,18:53,3,42.9,UTA,Rodney Hood,Ricky Rubio,16:29,Royce O'Neale,6:20,Tony Bradley,4:38,Nate Wolters,3:36,,,,,26:27,Donovan Mitchell,25:30,Derrick Favors,24:56,Jonas Jerebko,24:38,Alec Burks,24:19,Raul Neto,24:15,Joe Ingles,22:44,Ekpe Udoh,18:26,Thabo Sefolosha,17:42,125,0,3,2.0,66.7,0.0,0.0,1.0,33.3,Bismack Biyombo,40,0,2017-2018,2.0,1,7.0,ORL,85,Aaron Gordon,Marreese Speights,12:49,Shelvin Mack,10:34,,,,,,,,,29:40,Evan Fournier,25:38,Arron Afflalo,24:39,Nikola Vučević,23:51,Elfrid Payton,23:21,Terrence Ross,20:25,Jonathon Simmons,18:15,D.J. Augustin,17:06,Mario Hezonja,14:49
0,,0,0.000,2,,105,2,3,60.0,1,.500,1.0,50.0,2.0,2,3,.500,6,300.000,Logos via Sports Logos.net / About logos,L,https://www.basketball-reference.com/boxscores/201711200ORL.html,Home,97,19:03,2,40.0,IND,Thaddeus Young,,,,,,,,,,,,,36:49,Bojan Bogdanović,34:52,Darren Collison,34:45,Victor Oladipo,33:57,Myles Turner,33:46,Lance Stephenson,23:03,Cory Joseph,22:29,Domantas Sabonis,20:19,,,105,2,5,2.0,40.0,0.0,0.0,3.0,60.0,Bismack Biyombo,8,0,2017-2018,2.0,0,5.0,ORL,97,Aaron Gordon,,,,,,,,,,,,,35:20,Evan Fournier,31:13,Jonathon Simmons,30:01,Nikola Vučević,28:57,Elfrid Payton,25:05,Terrence Ross,24:28,D.J. Augustin,22:55,Arron Afflalo,11:58,Marreese Speights,11:00
0,,0,0.000,0,0.00,118,1,2,66.7,2,.667,2.0,66.7,3.0,3,0,,0,0.000,Logos via Sports Logos.net / About logos,L,https://www.basketball-reference.com/boxscores/201711220MIN.html,Away,124,14:22,1,33.3,MIN,Andrew Wiggins,Shabazz Muhammad,7:20,,,,,,,,,,,40:40,Taj Gibson,40:05,Jeff Teague,37:20,Jimmy Butler,36:17,Karl-Anthony Towns,36:07,Gorgui Dieng,11:53,Jamal Crawford,11:47,Tyus Jones,10:40,Nemanja Bjelica,7:51,124,2,4,4.0,100.0,0.0,0.0,0.0,0.0,Bismack Biyombo,6,0,2017-2018,1.0,2,3.0,ORL,118,Aaron Gordon,,,,,,,,,,,,,36:44,Elfrid Payton,34:22,Evan Fournier,34:05,Terrence Ross,33:58,Nikola Vučević,33:34,Jonathon Simmons,17:56,D.J. Augustin,12:46,Marreese Speights,11:20,Arron Afflalo,10:52
0,.000,1,11.111,0,0.00,103,3,5,62.5,4,.444,4.0,50.0,8.0,9,0,,0,0.000,Logos via Sports Logos.net / About logos,L,https://www.basketball-reference.com/boxscores/201711240BOS.html,Away,118,27:26,3,37.5,BOS,Terry Rozier,Guerschon Yabusele,7:09,Abdel Nader,3:09,,,,,,,,,30:03,Jaylen Brown,27:34,Semi Ojeleye,26:53,Al Horford,26:02,Marcus Morris,25:58,Kyrie Irving,24:52,Marcus Smart,24:28,Aron Baynes,21:58,Jayson Tatum,21:54,118,2,8,8.0,100.0,0.0,0.0,0.0,0.0,Bismack Biyombo,15,0,2017-2018,3.0,1,8.0,ORL,103,Aaron Gordon,D.J. Augustin,12:51,Mario Hezonja,12:00,,,,,,,,,25:42,Jonathon Simmons,23:41,Elfrid Payton,23:09,Marreese Speights,21:35,Nikola Vučević,20:34,Arron Afflalo,19:36,Terrence Ross,19:20,Evan Fournier,18:48,Shelvin Mack,15:18
0,,0,0.000,1,1.00,111,2,3,100.0,1,.500,1.0,50.0,2.0,2,1,.500,2,100.000,Logos via Sports Logos.net / About logos,L,https://www.basketball-reference.com/boxscores/201711250PHI.html,Away,130,13:57,0,0.0,PHI,T.J. McConnell,Furkan Korkmaz,1:30,Jacob Pullen,1:30,,,,,,,,,36:47,Dario Šarić,33:46,JJ Redick,33:10,Robert Covington,28:43,Joel Embiid,28:34,Timothé Luwawu-Cabarrot,23:55,Jerryd Bayless,23:16,Amir Johnson,18:40,Richaun Holmes,10:09,130,2,3,2.0,66.7,0.0,0.0,1.0,33.3,Bismack Biyombo,19,0,2017-2018,2.0,1,3.0,ORL,111,Aaron Gordon,Mario Hezonja,1:30,Shelvin Mack,1:30,,,,,,,,,35:18,Nikola Vučević,32:40,Evan Fournier,32:29,Terrence Ross,30:01,Elfrid Payton,29:04,Jonathon Simmons,24:15,D.J. Augustin,17:26,Marreese Speights,14:05,Arron Afflalo,7:45
0,,0,0.000,0,,109,1,1,50.0,1,.250,1.0,25.0,4.0,4,0,,0,0.000,Logos via Sports Logos.net / About logos,L,https://www.basketball-reference.com/boxscores/201711270IND.html,Away,121,7:32,1,50.0,IND,Bojan Bogdanović,,,,,,,,,,,,,37:14,Victor Oladipo,33:07,Cory Joseph,30:53,Myles Turner,30:20,Thaddeus Young,29:46,Darren Collison,27:57,Domantas Sabonis,26:44,Lance Stephenson,23:59,,,121,1,2,2.0,100.0,0.0,0.0,0.0,0.0,Bismack Biyombo,12,0,2017-2018,1.0,0,2.0,ORL,109,Aaron Gordon,,,,,,,,,,,,,39:08,Nikola Vučević,36:44,Evan Fournier,36:23,Jonathon Simmons,34:25,Elfrid Payton,26:17,Terrence Ross,25:25,D.J. Augustin,21:47,Marreese Speights,12:19,,
0,,0,0.000,1,0.33,108,1,3,75.0,4,.800,4.0,80.0,5.0,5,0,,0,0.000,Logos via Sports Logos.net / About logos,W,https://www.basketball-reference.com/boxscores/201711290ORL.html,Home,121,17:04,1,25.0,OKC,Paul George,Dakari Johnson,6:30,,,,,,,,,,,40:37,Russell Westbrook,37:47,Carmelo Anthony,34:12,Andre Roberson,30:00,Steven Adams,28:05,Jerami Grant,20:02,Terrance Ferguson,19:32,Raymond Felton,16:08,Patrick Patterson,7:07,108,2,8,8.0,100.0,0.0,0.0,0.0,0.0,Bismack Biyombo,13,0,2017-2018,1.0,3,4.0,ORL,121,Aaron Gordon,,,,,,,,,,,,,43:57,Jonathon Simmons,33:08,Evan Fournier,32:59,Nikola Vučević,30:56,Elfrid Payton,30:55,D.J. Augustin,17:05,Arron Afflalo,16:13,Terrence Ross,13:40,Mario Hezonja,4:03
0,,0,0.000,0,0.00,133,1,4,57.1,2,.667,2.0,66.7,3.0,3,3,.750,4,133.333,Logos via Sports Logos.net / About logos,L,https://www.basketball-reference.com/boxscores/201712010ORL.html,Home,112,16:29,3,42.9,GSW,Klay Thompson,David West,11:08,Nick Young,2:26,Kevon Looney,2:26,JaVale McGee,2:26,,,,,35:18,Draymond Green,33:58,Stephen Curry,33:03,Kevin Durant,30:23,Patrick McCaw,21:56,Omri Casspi,20:04,Shaun Livingston,16:02,Jordan Bell,15:39,Zaza Pachulia,15:11,133,2,7,4.0,57.1,0.0,0.0,3.0,42.9,Bismack Biyombo,21,0,2017-2018,1.0,1,7.0,ORL,112,Jonathon Simmons,Wes Iwundu,3:29,Shelvin Mack,3:29,,,,,,,,,38:57,Aaron Gordon,36:30,Evan Fournier,33:08,Elfrid Payton,29:23,Nikola Vučević,25:45,Arron Afflalo,17:53,D.J. Augustin,17:41,Mario Hezonja,13:47,Khem Birch,3:29
0,,0,0.000,0,0.00,105,0,4,80.0,0,.000,0.0,0.0,1.0,1,2,1.000,2,200.000,Logos via Sports Logos.net / About logos,W,https://www.basketball-reference.com/boxscores/201712030NYK.html,Away,100,12:56,1,20.0,NYK,Courtney Lee,Ron Baker,8:09,Ramon Sessions,4:01,,,,,,,,,35:39,Enes Freedom,30:41,Doug McDermott,30:22,Jarrett Jack,27:41,Michael Beasley,27:35,Damyean Dotson,21:57,Lance Thomas,20:30,Kyle O'Quinn,17:10,Frank Ntilikina,16:16,100,0,2,0.0,0.0,0.0,0.0,2.0,100.0,Bismack Biyombo,5,0,2017-2018,0.0,1,5.0,ORL,105,Aaron Gordon,,,,,,,,,,,,,38:35,Jonathon Simmons,37:49,Evan Fournier,37:25,Nikola Vučević,34:55,Elfrid Payton,34:29,Arron Afflalo,18:30,D.J. Augustin,15:53,Marreese Speights,9:29,,
0,,0,0.000,0,0.00,94,0,2,66.7,2,.667,2.0,66.7,3.0,3,0,.000,1,33.333,Logos via Sports Logos.net / About logos,L,https://www.basketball-reference.com/boxscores/201712040CHO.html,Away,104,17:02,1,33.3,CHO,Nicolas Batum,Dwayne Bacon,10:49,,,,,,,,,,,37:11,Kemba Walker,34:14,Dwight Howard,29:07,Michael Kidd-Gilchrist,25:57,Marvin Williams,24:26,Frank Kaminsky,23:34,Jeremy Lamb,22:03,Cody Zeller,18:54,Michael Carter-Williams,13:46,104,2,4,4.0,100.0,0.0,0.0,0.0,0.0,Bismack Biyombo,10,0,2017-2018,0.0,1,3.0,ORL,94,Aaron Gordon,Wes Iwundu,5:59,,,,,,,,,,,35:28,Jonathon Simmons,34:17,Elfrid Payton,31:52,Evan Fournier,29:53,Nikola Vučević,27:24,Arron Afflalo,18:23,D.J. Augustin,16:09,Marreese Speights,15:25,Mario Hezonja,8:10
0,,0,0.000,0,0.00,106,0,2,100.0,1,.500,1.0,50.0,2.0,2,1,.500,2,100.000,Logos via Sports Logos.net / About logos,W,https://www.basketball-reference.com/boxscores/201712060ORL.html,Home,110,13:20,0,0.0,ATL,Dennis Schröder,Miles Plumlee,12:42,,,,,,,,,,,39:21,Kent Bazemore,36:10,Taurean Prince,35:34,Tyler Cavanaugh,29:40,Marco Belinelli,28:22,Ersan İlyasova,27:31,DeAndre' Bembry,27:09,Isaiah Taylor,15:07,Luke Babbitt,13:26,106,1,3,2.0,66.7,0.0,0.0,1.0,33.3,Bismack Biyombo,4,2,2017-2018,2.0,1,2.0,ORL,110,Aaron Gordon,Marreese Speights,0:01,,,,,,,,,,,45:10,Jonathon Simmons,40:51,Evan Fournier,40:48,Elfrid Payton,39:47,Nikola Vučević,39:40,D.J. Augustin,21:48,Arron Afflalo,12:55,Wes Iwundu,6:26,Shelvin Mack,4:14
0,,0,0.000,1,,103,1,5,83.3,1,.333,1.0,33.3,3.0,3,2,1.000,2,66.667,Logos via Sports Logos.net / About logos,L,https://www.basketball-reference.com/boxscores/201712080ORL.html,Home,89,12:39,1,16.7,DEN,Will Barton,,,,,,,,,,,,,43:23,Emmanuel Mudiay,31:22,Kenneth Faried,30:11,Malik Beasley,28:40,Wilson Chandler,25:41,Gary Harris,23:57,Trey Lyles,22:19,Mason Plumlee,17:49,Jamal Murray,16:38,103,2,4,2.0,50.0,0.0,0.0,2.0,50.0,Bismack Biyombo,14,0,2017-2018,1.0,0,6.0,ORL,89,Jonathon Simmons,Mario Hezonja,10:26,,,,,,,,,,,33:39,Nikola Vučević,32:16,Elfrid Payton,31:01,Aaron Gordon,28:33,Arron Afflalo,26:08,D.J. Augustin,24:51,Wes Iwundu,16:21,Marreese Speights,12:06,Shelvin Mack,12:00
0,,0,0.000,1,1.00,110,0,1,33.3,1,.250,1.0,25.0,4.0,4,2,1.000,2,50.000,Logos via Sports Logos.net / About logos,L,https://www.basketball-reference.com/boxscores/201712090ATL.html,Away,117,10:26,2,66.7,ATL,Dennis Schröder,Isaiah Taylor,12:18,,,,,,,,,,,35:25,Taurean Prince,33:07,Ersan İlyasova,27:55,Kent Bazemore,27:28,Tyler Cavanaugh,26:49,Marco Belinelli,23:05,DeAndre' Bembry,22:34,Miles Plumlee,15:45,Luke Babbitt,15:35,117,1,4,2.0,50.0,0.0,0.0,2.0,50.0,Bismack Biyombo,7,0,2017-2018,0.0,1,3.0,ORL,110,Nikola Vučević,,,,,,,,,,,,,37:34,Jonathon Simmons,33:03,Mario Hezonja,31:15,D.J. Augustin,26:58,Wes Iwundu,26:08,Shelvin Mack,25:47,Arron Afflalo,24:48,Elfrid Payton,24:01,,
0,,0,0.000,0,,106,1,7,87.5,3,1.000,3.0,100.0,3.0,3,0,.000,1,33.333,Logos via Sports Logos.net / About logos,L,https://www.basketball-reference.com/boxscores/201712130ORL.html,Home,95,16:28,1,12.5,LAC,DeAndre Jordan,Montrezl Harrell,11:35,Sindarius Thornwell,7:09,,,,,,,,,36:25,Lou Williams,32:28,Sam Dekker,25:49,Miloš Teodosić,25:26,Jawun Evans,25:24,C.J. Williams,22:16,Jamil Wilson,22:11,Austin Rivers,17:48,Wesley Johnson,13:30,106,1,6,6.0,100.0,0.0,0.0,0.0,0.0,Bismack Biyombo,11,0,2017-2018,1.0,0,8.0,ORL,95,Jonathon Simmons,Khem Birch,0:59,Adreian Payne,0:59,,,,,,,,,38:38,Mario Hezonja,34:59,Wes Iwundu,32:59,Elfrid Payton,31:06,Nikola Vučević,30:33,Shelvin Mack,21:21,D.J. Augustin,17:58,Marreese Speights,13:01,Jamel Artis,0:59
0,,0,0.000,1,,95,0,3,75.0,1,.333,1.0,33.3,3.0,3,1,.500,2,66.667,Logos via Sports Logos.net / About logos,L,https://www.basketball-reference.com/boxscores/201712150ORL.html,Home,88,13:28,1,25.0,POR,CJ McCollum,Noah Vonleh,8:59,,,,,,,,,,,37:14,Damian Lillard,35:48,Al-Farouq Aminu,29:59,Evan Turner,26:54,Jusuf Nurkić,24:35,Pat Connaughton,20:05,Shabazz Napier,19:57,Zach Collins,18:55,Ed Davis,17:34,95,0,3,2.0,66.7,0.0,0.0,1.0,33.3,Bismack Biyombo,7,0,2017-2018,0.0,0,4.0,ORL,88,Nikola Vučević,,,,,,,,,,,,,34:32,Jonathon Simmons,33:03,D.J. Augustin,28:07,Elfrid Payton,27:33,Aaron Gordon,24:48,Mario Hezonja,20:56,Shelvin Mack,20:27,Wes Iwundu,18:34,Marreese Speights,18:32
0,,0,0.000,0,,110,1,3,100.0,0,.000,0.0,0.0,2.0,2,0,,0,0.000,Logos via Sports Logos.net / About logos,L,https://www.basketball-reference.com/boxscores/201712170DET.html,Away,114,12:01,0,0.0,DET,Stanley Johnson,Luke Kennard,14:50,Boban Marjanović,0:00,,,,,,,,,30:54,Reggie Bullock,30:33,Andre Drummond,29:01,Reggie Jackson,25:43,Tobias Harris,24:20,Anthony Tolliver,23:54,Ish Smith,22:17,Langston Galloway,20:03,Eric Moreland,18:26,114,0,0,0.0,,0.0,,0.0,,Bismack Biyombo,4,0,2017-2018,1.0,0,3.0,ORL,110,Jonathon Simmons,,,,,,,,,,,,,36:37,Nikola Vučević,35:59,Mario Hezonja,31:29,Elfrid Payton,31:26,D.J. Augustin,29:58,Shelvin Mack,27:21,Jonathan Isaac,16:31,Wes Iwundu,13:12,Jamel Artis,5:26
0,,0,0.000,0,,94,0,0,,1,1.000,1.0,100.0,1.0,1,1,.500,2,200.000,Logos via Sports Logos.net / About logos,L,https://www.basketball-reference.com/boxscores/201712200CHI.html,Away,112,10:26,0,,CHI,Denzel Valentine,Bobby Portis,14:37,Cristiano Felício,6:24,Quincy Pondexter,6:24,,,,,,,28:32,Justin Holiday,28:18,Robin Lopez,26:59,Kris Dunn,24:03,Jerian Grant,23:57,Nikola Mirotić,21:44,Lauri Markkanen,19:52,Paul Zipser,19:42,David Nwaba,19:28,112,0,3,2.0,66.7,0.0,0.0,1.0,33.3,Bismack Biyombo,18,0,2017-2018,0.0,0,0.0,ORL,94,Jonathon Simmons,Arron Afflalo,9:29,Adreian Payne,6:24,,,,,,,,,33:16,Nikola Vučević,31:10,Elfrid Payton,30:02,D.J. Augustin,28:24,Mario Hezonja,24:03,Wes Iwundu,19:36,Shelvin Mack,17:58,Jamel Artis,15:22,Jonathan Isaac,13:50
0,,0,0.000,1,1.00,111,2,3,75.0,1,.333,1.0,33.3,3.0,3,0,,0,0.000,Logos via Sports Logos.net / About logos,L,https://www.basketball-reference.com/boxscores/201712220ORL.html,Home,97,16:07,1,25.0,NOP,DeMarcus Cousins,Cheick Diallo,6:01,Charles Cooke,5:21,,,,,,,,,32:46,Anthony Davis,30:51,Jrue Holiday,29:58,Darius Miller,26:35,Dante Cunningham,26:23,Rajon Rondo,23:08,E'Twaun Moore,20:34,Jameer Nelson,20:02,Ian Clark,18:23,111,3,2,2.0,100.0,0.0,0.0,0.0,0.0,Bismack Biyombo,14,0,2017-2018,2.0,1,4.0,ORL,97,Jonathon Simmons,Jamel Artis,12:00,Arron Afflalo,11:07,,,,,,,,,30:50,D.J. Augustin,29:34,Elfrid Payton,28:40,Nikola Vučević,27:56,Mario Hezonja,20:27,Marreese Speights,17:32,Shelvin Mack,16:42,Wes Iwundu,15:07,Adreian Payne,13:59
0,,0,0.000,1,,103,0,2,66.7,4,1.000,4.0,100.0,4.0,4,0,.000,1,25.000,Logos via Sports Logos.net / About logos,L,https://www.basketball-reference.com/boxscores/201712230WAS.html,Away,130,24:20,1,33.3,WAS,John Wall,Marcin Gortat,15:19,Chris McCullough,3:47,Jason Smith,3:47,Tim Frazier,3:21,,,,,30:50,Bradley Beal,30:25,Kelly Oubre Jr.,27:44,Markieff Morris,27:06,Otto Porter Jr.,22:20,Ian Mahinmi,22:04,Jodie Meeks,19:00,Tomáš Satoranský,17:10,Mike Scott,17:07,130,1,8,8.0,100.0,0.0,0.0,0.0,0.0,Bismack Biyombo,27,0,2017-2018,0.0,0,3.0,ORL,103,Mario Hezonja,Nikola Vučević,5:03,,,,,,,,,,,35:49,Elfrid Payton,35:34,Jonathon Simmons,24:54,Wes Iwundu,24:35,D.J. Augustin,24:00,Jamel Artis,21:28,Adreian Payne,19:40,Marreese Speights,12:46,Arron Afflalo,11:51
0,,0,0.000,0,0.00,89,5,10,83.3,1,.143,1.0,14.3,7.0,7,1,.500,2,28.571,Logos via Sports Logos.net / About logos,L,https://www.basketball-reference.com/boxscores/201712260MIA.html,Away,107,29:57,2,16.7,MIA,Tyler Johnson,Matt Williams,1:31,,,,,,,,,,,36:50,Josh Richardson,36:13,Wayne Ellington,33:52,Kelly Olynyk,31:38,Goran Dragić,29:33,Bam Adebayo,25:28,Hassan Whiteside,17:42,Jordan Mickey,15:46,Derrick Walton,11:27,107,1,3,2.0,66.7,0.0,0.0,1.0,33.3,Bismack Biyombo,18,0,2017-2018,5.0,1,12.0,ORL,89,Elfrid Payton,Khem Birch,1:31,Adreian Payne,1:31,,,,,,,,,33:38,Mario Hezonja,32:25,Jonathon Simmons,31:31,Evan Fournier,29:50,Arron Afflalo,16:52,Marreese Speights,16:32,D.J. Augustin,15:51,Jonathan Isaac,15:32,Wes Iwundu,14:50
0,,0,0.000,0,0.00,89,1,9,75.0,5,.714,5.0,71.4,7.0,7,2,1.000,2,28.571,Logos via Sports Logos.net / About logos,W,https://www.basketball-reference.com/boxscores/201712280ORL.html,Home,102,32:52,3,25.0,DET,Andre Drummond,Dwight Buycks,2:12,Henry Ellenson,1:22,,,,,,,,,37:48,Reggie Bullock,36:38,Tobias Harris,35:59,Ish Smith,32:20,Stanley Johnson,24:22,Anthony Tolliver,23:50,Luke Kennard,19:37,Langston Galloway,15:40,Eric Moreland,10:12,89,3,12,10.0,83.3,0.0,0.0,2.0,16.7,Bismack Biyombo,13,1,2017-2018,2.0,2,12.0,ORL,102,Elfrid Payton,,,,,,,,,,,,,39:04,Jonathon Simmons,36:45,Evan Fournier,32:30,Aaron Gordon,30:01,Mario Hezonja,17:59,Marreese Speights,15:08,Arron Afflalo,14:08,D.J. Augustin,13:17,Wes Iwundu,8:16
0,,0,0.000,1,1.00,117,4,3,30.0,5,.833,5.0,83.3,6.0,6,0,,0,0.000,Logos via Sports Logos.net / About logos,L,https://www.basketball-reference.com/boxscores/201712300ORL.html,Home,111,32:31,7,70.0,MIA,Josh Richardson,,,,,,,,,,,,,40:33,Tyler Johnson,38:31,Goran Dragić,38:23,Wayne Ellington,31:45,Kelly Olynyk,30:21,Hassan Whiteside,28:39,Bam Adebayo,15:52,Jordan Mickey,13:01,Derrick Walton,2:55,117,4,10,10.0,100.0,0.0,0.0,0.0,0.0,Bismack Biyombo,6,0,2017-2018,4.0,1,10.0,ORL,111,Elfrid Payton,,,,,,,,,,,,,39:57,Evan Fournier,36:42,Aaron Gordon,35:51,Jonathon Simmons,35:02,Marreese Speights,15:29,Arron Afflalo,14:33,D.J. Augustin,12:45,Mario Hezonja,12:09,Wes Iwundu,5:01
0,,0,0.000,0,0.00,95,3,8,47.1,4,.444,4.0,44.4,9.0,9,5,.833,6,66.667,Logos via Sports Logos.net / About logos,L,https://www.basketball-reference.com/boxscores/201801010BRK.html,Away,98,28:34,9,52.9,BRK,Rondae Hollis-Jefferson,Nik Stauskas,11:37,,,,,,,,,,,38:23,Spencer Dinwiddie,29:41,DeMarre Carroll,29:18,Allen Crabbe,28:00,Caris LeVert,27:06,Joe Harris,25:54,Jarrett Allen,20:00,Quincy Acy,17:26,Tyler Zeller,12:35,98,3,13,8.0,61.5,0.0,0.0,5.0,38.5,Bismack Biyombo,3,0,2017-2018,3.0,1,17.0,ORL,95,Aaron Gordon,,,,,,,,,,,,,40:36,Evan Fournier,32:30,Elfrid Payton,32:02,Jonathon Simmons,30:15,Wes Iwundu,19:03,Mario Hezonja,16:51,Marreese Speights,16:05,D.J. Augustin,15:58,Arron Afflalo,8:06
0,,0,0.000,0,0.00,116,0,5,83.3,2,.500,2.0,50.0,4.0,4,0,,0,0.000,Logos via Sports Logos.net / About logos,L,https://www.basketball-reference.com/boxscores/201801030ORL.html,Home,98,17:32,1,16.7,HOU,Trevor Ariza,Tarik Black,8:00,Bobby Brown,1:09,,,,,,,,,32:52,Chris Paul,31:32,Eric Gordon,30:23,Ryan Anderson,29:46,Gerald Green,27:42,P.J. Tucker,25:15,Clint Capela,23:17,Briante Weber,16:28,Nenê,13:36,116,4,4,4.0,100.0,0.0,0.0,0.0,0.0,Bismack Biyombo,18,0,2017-2018,0.0,3,6.0,ORL,98,Aaron Gordon,D.J. Augustin,9:23,Khem Birch,7:18,,,,,,,,,32:51,Evan Fournier,29:39,Mario Hezonja,28:20,Wes Iwundu,26:46,Elfrid Payton,22:16,Arron Afflalo,18:21,Shelvin Mack,16:21,Marreese Speights,16:05,Jonathon Simmons,15:08
0,,0,0.000,2,2.00,131,1,7,63.6,2,.333,2.0,33.3,6.0,6,4,1.000,4,66.667,Logos via Sports Logos.net / About logos,L,https://www.basketball-reference.com/boxscores/201801060ORL.html,Home,127,27:38,4,36.4,CLE,LeBron James,Cedi Osman,13:15,,,,,,,,,,,37:17,J.R. Smith,29:00,Kevin Love,28:04,Dwyane Wade,25:02,Jae Crowder,24:23,Jeff Green,21:53,Isaiah Thomas,21:24,Tristan Thompson,19:56,Kyle Korver,19:46,131,3,8,4.0,50.0,0.0,0.0,4.0,50.0,Bismack Biyombo,4,0,2017-2018,1.0,1,11.0,ORL,127,Mario Hezonja,,,,,,,,,,,,,38:49,Evan Fournier,37:58,Aaron Gordon,31:38,Elfrid Payton,26:55,D.J. Augustin,25:00,Wes Iwundu,21:34,Marreese Speights,12:59,Arron Afflalo,10:24,Shelvin Mack,7:05
0,,0,0.000,1,0.33,99,1,6,75.0,3,.500,3.0,50.0,6.0,6,0,,0,0.000,Logos via Sports Logos.net / About logos,L,https://www.basketball-reference.com/boxscores/201801090DAL.html,Away,114,21:34,2,25.0,DAL,Harrison Barnes,Maxi Kleber,4:34,Josh McRoberts,2:37,Kyle Collinsworth,1:14,,,,,,,36:25,Dennis Smith Jr.,33:32,Wesley Matthews,33:11,Yogi Ferrell,33:08,J.J. Barea,24:48,Dirk Nowitzki,24:03,Dwight Powell,22:51,Devin Harris,13:35,Salah Mejri,10:02,114,3,6,6.0,100.0,0.0,0.0,0.0,0.0,Bismack Biyombo,15,0,2017-2018,1.0,3,8.0,ORL,99,Evan Fournier,Khem Birch,1:14,Shelvin Mack,1:14,,,,,,,,,34:56,Aaron Gordon,32:40,Mario Hezonja,26:48,D.J. Augustin,23:28,Elfrid Payton,23:18,Marreese Speights,21:28,Jonathon Simmons,20:22,Wes Iwundu,16:35,Arron Afflalo,16:23
0,,0,0.000,2,,103,0,7,77.8,5,.714,5.0,71.4,7.0,7,4,1.000,4,57.143,Logos via Sports Logos.net / About logos,L,https://www.basketball-reference.com/boxscores/201801100MIL.html,Away,110,25:28,2,22.2,MIL,Malcolm Brogdon,Sean Kilpatrick,3:05,D.J. Wilson,3:05,,,,,,,,,36:32,Khris Middleton,35:47,Giannis Antetokounmpo,33:35,John Henson,29:54,Eric Bledsoe,27:22,Sterling Brown,21:02,Thon Maker,18:06,Tony Snell,16:31,Matthew Dellavedova,15:01,110,3,14,10.0,71.4,0.0,0.0,4.0,28.6,Bismack Biyombo,7,1,2017-2018,1.0,0,9.0,ORL,103,Mario Hezonja,Arron Afflalo,11:11,,,,,,,,,,,30:47,Aaron Gordon,29:33,Evan Fournier,26:52,Marreese Speights,22:32,Jonathon Simmons,21:13,Elfrid Payton,21:13,Wes Iwundu,18:24,D.J. Augustin,18:01,Shelvin Mack,14:46
0,,0,0.000,4,,119,2,6,46.2,8,.889,8.0,88.9,9.0,9,5,.833,6,66.667,Logos via Sports Logos.net / About logos,L,https://www.basketball-reference.com/boxscores/201801120WAS.html,Away,125,33:20,7,53.8,WAS,Otto Porter Jr.,,,,,,,,,,,,,39:18,Bradley Beal,36:29,John Wall,36:15,Kelly Oubre Jr.,28:58,Marcin Gortat,27:07,Markieff Morris,22:33,Ian Mahinmi,20:38,Mike Scott,16:47,Tomáš Satoranský,11:55,125,2,21,16.0,76.2,0.0,0.0,5.0,23.8,Bismack Biyombo,6,1,2017-2018,3.0,0,13.0,ORL,119,Aaron Gordon,,,,,,,,,,,,,38:25,Elfrid Payton,38:16,Jonathon Simmons,32:58,Evan Fournier,31:54,Mario Hezonja,23:04,Marreese Speights,13:01,Wes Iwundu,12:35,D.J. Augustin,9:44,Arron Afflalo,6:43
0,,0,0.000,2,1.00,102,5,10,62.5,3,.429,3.0,42.9,7.0,7,4,.800,5,71.429,Logos via Sports Logos.net / About logos,W,https://www.basketball-reference.com/boxscores/201801160ORL.html,Home,108,29:16,6,37.5,MIN,Karl-Anthony Towns,,,,,,,,,,,,,40:04,Jimmy Butler,39:08,Taj Gibson,38:18,Jeff Teague,35:26,Andrew Wiggins,34:27,Jamal Crawford,18:18,Gorgui Dieng,17:13,Tyus Jones,12:34,Nemanja Bjelica,4:32,102,1,10,6.0,60.0,0.0,0.0,4.0,40.0,Bismack Biyombo,6,1,2017-2018,6.0,2,16.0,ORL,108,Aaron Gordon,Arron Afflalo,4:34,,,,,,,,,,,38:41,Evan Fournier,35:26,Jonathon Simmons,31:59,Elfrid Payton,24:15,D.J. Augustin,23:45,Khem Birch,18:36,Mario Hezonja,17:47,Wes Iwundu,10:46,Shelvin Mack,4:55
0,,0,0.000,1,1.00,103,2,10,100.0,1,.500,1.0,50.0,2.0,2,2,1.000,2,100.000,Logos via Sports Logos.net / About logos,L,https://www.basketball-reference.com/boxscores/201801180CLE.html,Away,104,25:33,0,0.0,CLE,LeBron James,Derrick Rose,13:13,,,,,,,,,,,34:47,Kevin Love,31:01,Isaiah Thomas,29:58,J.R. Smith,29:55,Jeff Green,26:46,Jae Crowder,22:33,Dwyane Wade,18:02,Tristan Thompson,16:59,Kyle Korver,16:46,104,4,4,2.0,50.0,0.0,0.0,2.0,50.0,Bismack Biyombo,1,0,2017-2018,2.0,1,10.0,ORL,103,Aaron Gordon,Wes Iwundu,4:02,,,,,,,,,,,35:48,Jonathon Simmons,35:19,Evan Fournier,32:31,Elfrid Payton,30:28,Mario Hezonja,24:28,D.J. Augustin,17:32,Khem Birch,16:37,Shelvin Mack,11:52,Marreese Speights,5:50
0,,0,0.000,0,,103,3,0,,1,1.000,1.0,100.0,1.0,1,2,1.000,2,200.000,Logos via Sports Logos.net / About logos,W,https://www.basketball-reference.com/boxscores/201801210BOS.html,Away,95,20:53,0,,BOS,Kyrie Irving,Shane Larkin,7:12,Aron Baynes,4:53,,,,,,,,,40:06,Jaylen Brown,36:45,Al Horford,32:43,Jayson Tatum,30:45,Marcus Morris,26:29,Terry Rozier,20:39,Marcus Smart,19:43,Daniel Theis,11:13,Semi Ojeleye,9:32,95,0,4,2.0,50.0,0.0,0.0,2.0,50.0,Bismack Biyombo,8,0,2017-2018,3.0,0,0.0,ORL,103,Aaron Gordon,Marreese Speights,7:47,,,,,,,,,,,37:39,Evan Fournier,35:06,Elfrid Payton,34:33,Jonathon Simmons,25:42,Shelvin Mack,24:42,Khem Birch,17:03,D.J. Augustin,13:34,Mario Hezonja,12:38,Wes Iwundu,10:23
0,,0,0.000,3,1.50,105,4,4,66.7,2,.400,2.0,40.0,5.0,5,0,,0,0.000,Logos via Sports Logos.net / About logos,L,https://www.basketball-reference.com/boxscores/201801230ORL.html,Home,99,27:58,2,33.3,SAC,Garrett Temple,Georgios Papagiannis,3:04,,,,,,,,,,,40:09,Bogdan Bogdanović,33:01,Willie Cauley-Stein,32:43,Vince Carter,29:26,Buddy Hield,28:15,Justin Jackson,24:42,Skal Labissière,22:58,Malachi Richardson,15:11,De'Aaron Fox,10:31,105,6,4,4.0,100.0,0.0,0.0,0.0,0.0,Bismack Biyombo,6,0,2017-2018,4.0,2,6.0,ORL,99,Evan Fournier,Marreese Speights,6:35,,,,,,,,,,,38:06,Aaron Gordon,35:12,Jonathon Simmons,34:54,Elfrid Payton,33:35,D.J. Augustin,16:19,Khem Birch,13:21,Mario Hezonja,12:54,Shelvin Mack,12:04,Wes Iwundu,9:02
0,,0,0.000,0,0.00,112,1,3,75.0,4,.800,4.0,80.0,5.0,5,2,1.000,2,40.000,Logos via Sports Logos.net / About logos,L,https://www.basketball-reference.com/boxscores/201801270IND.html,Away,114,20:54,1,25.0,IND,Victor Oladipo,Joe Young,4:03,,,,,,,,,,,38:52,Thaddeus Young,36:35,Lance Stephenson,30:55,Cory Joseph,28:12,Domantas Sabonis,27:58,Darren Collison,25:51,Bojan Bogdanović,23:24,Al Jefferson,13:13,Myles Turner,10:57,114,1,10,8.0,80.0,0.0,0.0,2.0,20.0,Bismack Biyombo,2,0,2017-2018,1.0,4,4.0,ORL,112,Aaron Gordon,Marreese Speights,6:00,,,,,,,,,,,39:59,Evan Fournier,33:07,Elfrid Payton,28:41,Mario Hezonja,26:45,Jonathon Simmons,22:26,D.J. Augustin,19:51,Khem Birch,19:05,Shelvin Mack,16:24,Wes Iwundu,6:48
0,,0,0.000,1,,107,1,3,50.0,4,.571,4.0,57.1,7.0,7,0,,0,0.000,Logos via Sports Logos.net / About logos,L,https://www.basketball-reference.com/boxscores/201801300HOU.html,Away,114,21:03,3,50.0,HOU,James Harden,,,,,,,,,,,,,46:26,Luc Mbah a Moute,39:16,P.J. Tucker,35:41,Ryan Anderson,32:55,Gerald Green,32:12,Clint Capela,30:04,Nenê,13:11,Eric Gordon,10:15,,,114,3,8,8.0,100.0,0.0,0.0,0.0,0.0,Bismack Biyombo,7,2,2017-2018,3.0,0,6.0,ORL,107,Jonathon Simmons,Khem Birch,5:03,,,,,,,,,,,35:05,D.J. Augustin,28:13,Evan Fournier,27:06,Mario Hezonja,24:53,Shelvin Mack,24:48,Marreese Speights,21:02,Wes Iwundu,20:30,Elfrid Payton,17:32,Arron Afflalo,14:45
0,,0,0.000,1,1.00,105,0,6,100.0,2,.500,2.0,50.0,4.0,4,1,.250,4,100.000,Logos via Sports Logos.net / About logos,W,https://www.basketball-reference.com/boxscores/201801310ORL.html,Home,127,30:52,0,0.0,LAL,Brandon Ingram,Tyler Ennis,10:25,Brook Lopez,8:47,Thomas Bryant,7:21,,,,,,,34:44,Kentavious Caldwell-Pope,31:37,Kyle Kuzma,28:20,Julius Randle,26:43,Larry Nance Jr.,24:49,Jordan Clarkson,24:20,Alex Caruso,15:28,Josh Hart,13:53,Corey Brewer,13:33,105,5,5,4.0,80.0,0.0,0.0,1.0,20.0,Bismack Biyombo,22,0,2017-2018,0.0,1,6.0,ORL,127,Evan Fournier,Arron Afflalo,6:31,,,,,,,,,,,27:29,Mario Hezonja,25:05,Elfrid Payton,24:19,Shelvin Mack,24:18,Jonathon Simmons,23:42,Marreese Speights,23:00,Wes Iwundu,21:12,D.J. Augustin,21:02,Khem Birch,12:30
0,,0,0.000,2,2.00,115,1,4,80.0,2,1.000,2.0,100.0,2.0,2,0,,0,0.000,Logos via Sports Logos.net / About logos,L,https://www.basketball-reference.com/boxscores/201802030ORL.html,Home,98,18:12,1,20.0,WAS,Otto Porter Jr.,Jason Smith,14:30,Chris McCullough,2:54,,,,,,,,,32:51,Bradley Beal,30:41,Markieff Morris,29:15,Kelly Oubre Jr.,26:00,Tomáš Satoranský,25:02,Marcin Gortat,24:31,Tim Frazier,20:02,Ian Mahinmi,18:34,Jodie Meeks,15:40,115,2,4,4.0,100.0,0.0,0.0,0.0,0.0,Bismack Biyombo,17,0,2017-2018,1.0,1,5.0,ORL,98,Mario Hezonja,,,,,,,,,,,,,29:10,Evan Fournier,28:45,Khem Birch,27:37,Jonathon Simmons,25:42,D.J. Augustin,25:29,Elfrid Payton,23:33,Shelvin Mack,22:31,Wes Iwundu,21:29,Marreese Speights,17:32
0,,0,0.000,1,1.00,111,2,5,100.0,3,.600,3.0,60.0,5.0,5,3,.750,4,80.000,Logos via Sports Logos.net / About logos,W,https://www.basketball-reference.com/boxscores/201802050MIA.html,Away,109,23:48,0,0.0,MIA,Josh Richardson,Jordan Mickey,5:08,,,,,,,,,,,37:04,Goran Dragić,35:39,Tyler Johnson,32:12,Wayne Ellington,28:52,Justise Winslow,26:58,Bam Adebayo,26:16,Hassan Whiteside,22:44,James Johnson,18:26,Kelly Olynyk,6:41,109,1,9,6.0,66.7,0.0,0.0,3.0,33.3,Bismack Biyombo,2,1,2017-2018,3.0,1,5.0,ORL,111,Mario Hezonja,Khem Birch,7:16,,,,,,,,,,,31:34,Shelvin Mack,26:49,Jonathon Simmons,26:45,Elfrid Payton,25:10,Evan Fournier,25:08,D.J. Augustin,22:50,Wes Iwundu,17:53,Marreese Speights,16:56,Arron Afflalo,15:51
0,,0,0.000,2,1.00,98,2,5,62.5,4,.500,4.0,50.0,8.0,8,3,.600,5,62.500,Logos via Sports Logos.net / About logos,W,https://www.basketball-reference.com/boxscores/201802060ORL.html,Home,116,22:26,3,37.5,CLE,LeBron James,Channing Frye,9:58,José Calderón,2:35,Cedi Osman,2:35,,,,,,,33:05,Isaiah Thomas,29:41,Tristan Thompson,26:34,J.R. Smith,25:55,Jae Crowder,25:43,Jeff Green,23:52,Kyle Korver,22:59,Dwyane Wade,22:19,Derrick Rose,14:44,98,2,11,8.0,72.7,0.0,0.0,3.0,27.3,Bismack Biyombo,18,0,2017-2018,2.0,2,8.0,ORL,116,Evan Fournier,Arron Afflalo,5:44,,,,,,,,,,,37:11,Jonathon Simmons,35:46,Shelvin Mack,26:13,Mario Hezonja,25:46,D.J. Augustin,24:32,Elfrid Payton,23:28,Khem Birch,18:25,Wes Iwundu,13:20,Marreese Speights,7:09
0,,0,0.000,0,0.00,98,0,5,71.4,5,.556,5.0,55.6,9.0,9,0,,0,0.000,Logos via Sports Logos.net / About logos,W,https://www.basketball-reference.com/boxscores/201802080ORL.html,Home,100,28:01,2,28.6,ATL,Dennis Schröder,Isaiah Taylor,13:12,Mike Muscala,12:55,,,,,,,,,31:07,Taurean Prince,30:59,John Collins,25:39,Tyler Dorsey,24:57,Kent Bazemore,23:55,Dewayne Dedmon,23:55,Malcolm Delaney,19:50,Miles Plumlee,18:04,Ersan İlyasova,15:27,98,4,10,10.0,100.0,0.0,0.0,0.0,0.0,Bismack Biyombo,2,3,2017-2018,3.0,4,7.0,ORL,100,D.J. Augustin,,,,,,,,,,,,,35:08,Jonathon Simmons,34:11,Evan Fournier,32:23,Mario Hezonja,28:42,Shelvin Mack,21:55,Khem Birch,19:59,Marreese Speights,17:13,Wes Iwundu,16:26,Arron Afflalo,6:02
0,,0,0.000,2,,111,1,5,71.4,1,.200,1.0,20.0,5.0,5,2,1.000,2,40.000,Logos via Sports Logos.net / About logos,L,https://www.basketball-reference.com/boxscores/201802100ORL.html,Home,104,20:02,2,28.6,MIL,Giannis Antetokounmpo,,,,,,,,,,,,,37:54,Khris Middleton,35:47,Eric Bledsoe,33:27,Tony Snell,27:06,Thon Maker,26:10,Sean Kilpatrick,23:59,Tyler Zeller,21:50,Sterling Brown,19:14,Jason Terry,14:33,111,0,4,2.0,50.0,0.0,0.0,2.0,50.0,Bismack Biyombo,7,0,2017-2018,1.0,0,7.0,ORL,104,Mario Hezonja,,,,,,,,,,,,,35:20,Evan Fournier,29:27,Shelvin Mack,27:38,Jonathon Simmons,25:58,Khem Birch,24:28,D.J. Augustin,23:26,Wes Iwundu,22:13,Arron Afflalo,19:56,Marreese Speights,11:33
0,,0,0.000,2,2.00,101,1,5,100.0,5,.625,5.0,62.5,8.0,8,0,,0,0.000,Logos via Sports Logos.net / About logos,L,https://www.basketball-reference.com/boxscores/201802120CHI.html,Away,105,20:48,0,0.0,CHI,Jerian Grant,Ryan Arcidiacono,6:55,,,,,,,,,,,37:20,Justin Holiday,34:33,Zach LaVine,33:12,Lauri Markkanen,30:52,Robin Lopez,26:09,Bobby Portis,26:09,Denzel Valentine,18:19,David Nwaba,13:41,Paul Zipser,12:50,105,1,10,10.0,100.0,0.0,0.0,0.0,0.0,Bismack Biyombo,4,0,2017-2018,1.0,1,5.0,ORL,101,Evan Fournier,,,,,,,,,,,,,33:21,Jonathon Simmons,32:37,Mario Hezonja,30:06,Shelvin Mack,25:51,Khem Birch,25:50,D.J. Augustin,22:09,Wes Iwundu,20:10,Arron Afflalo,16:34,Marreese Speights,12:34
0,,0,0.000,1,,104,0,7,63.6,3,.429,3.0,42.9,7.0,7,5,.833,6,85.714,Logos via Sports Logos.net / About logos,L,https://www.basketball-reference.com/boxscores/201802140ORL.html,Home,102,25:06,4,36.4,CHO,Kemba Walker,Frank Kaminsky,9:36,,,,,,,,,,,41:35,Dwight Howard,32:21,Nicolas Batum,32:09,Marvin Williams,32:00,Jeremy Lamb,25:32,Michael Kidd-Gilchrist,23:19,Cody Zeller,15:35,Treveon Graham,13:58,Michael Carter-Williams,13:55,104,3,11,6.0,54.5,0.0,0.0,5.0,45.5,Bismack Biyombo,2,0,2017-2018,0.0,0,11.0,ORL,102,Mario Hezonja,,,,,,,,,,,,,35:21,D.J. Augustin,30:40,Evan Fournier,30:02,Jonathon Simmons,24:41,Shelvin Mack,23:33,Wes Iwundu,19:30,Marreese Speights,19:08,Khem Birch,16:32,Arron Afflalo,15:27
0,,0,0.000,0,,120,2,4,80.0,0,.000,0.0,0.0,4.0,4,2,.500,4,100.000,Logos via Sports Logos.net / About logos,L,https://www.basketball-reference.com/boxscores/201802220ORL.html,Home,113,19:40,1,20.0,NYK,Tim Hardaway Jr.,Luke Kornet,7:41,Damyean Dotson,7:23,Troy Williams,6:06,,,,,,,34:31,Frank Ntilikina,29:46,Trey Burke,29:42,Lance Thomas,25:17,Emmanuel Mudiay,22:46,Michael Beasley,22:43,Enes Freedom,21:07,Kyle O'Quinn,18:56,Courtney Lee,14:02,120,1,2,0.0,0.0,0.0,0.0,2.0,100.0,Bismack Biyombo,7,0,2017-2018,2.0,0,5.0,ORL,113,Evan Fournier,Khem Birch,3:53,Rashad Vaughn,0:24,,,,,,,,,34:59,Jonathon Simmons,29:53,Mario Hezonja,27:25,D.J. Augustin,27:07,Aaron Gordon,24:39,Nikola Vučević,24:27,Shelvin Mack,20:53,Wes Iwundu,19:30,Arron Afflalo,7:10
0,,0,0.000,1,1.00,105,0,1,50.0,2,.667,2.0,66.7,3.0,3,0,,0,0.000,Logos via Sports Logos.net / About logos,L,https://www.basketball-reference.com/boxscores/201802240PHI.html,Away,116,14:17,1,50.0,PHI,T.J. McConnell,Timothé Luwawu-Cabarrot,5:56,,,,,,,,,,,30:36,Ben Simmons,28:34,Robert Covington,27:26,Marco Belinelli,27:04,Joel Embiid,26:57,Dario Šarić,25:25,JJ Redick,24:24,Trevor Booker,22:35,Richaun Holmes,21:03,116,4,4,4.0,100.0,0.0,0.0,0.0,0.0,Bismack Biyombo,11,0,2017-2018,0.0,1,2.0,ORL,105,Evan Fournier,Khem Birch,5:31,Rashad Vaughn,0:33,,,,,,,,,35:22,Jonathon Simmons,32:25,Aaron Gordon,31:00,Nikola Vučević,29:36,Mario Hezonja,25:25,D.J. Augustin,22:43,Shelvin Mack,18:05,Arron Afflalo,13:00,Wes Iwundu,12:03
0,,0,0.000,0,0.00,105,0,0,,3,.750,3.0,75.0,4.0,4,1,.200,5,125.000,Logos via Sports Logos.net / About logos,L,https://www.basketball-reference.com/boxscores/201802260OKC.html,Away,112,15:12,0,,OKC,Paul George,Raymond Felton,12:35,,,,,,,,,,,36:36,Russell Westbrook,35:25,Steven Adams,34:10,Carmelo Anthony,32:03,Álex Abrines,21:29,Josh Huestis,21:15,Jerami Grant,16:57,Patrick Patterson,16:18,Terrance Ferguson,13:12,112,2,7,6.0,85.7,0.0,0.0,1.0,14.3,Bismack Biyombo,7,0,2017-2018,0.0,1,0.0,ORL,105,Jonathon Simmons,,,,,,,,,,,,,35:39,Evan Fournier,34:58,D.J. Augustin,33:27,Aaron Gordon,33:17,Nikola Vučević,32:48,Shelvin Mack,16:40,Mario Hezonja,15:22,Wes Iwundu,12:23,Rashad Vaughn,10:14
0,,0,0.000,3,,117,1,8,72.7,2,.667,2.0,66.7,3.0,3,2,.500,4,133.333,Logos via Sports Logos.net / About logos,L,https://www.basketball-reference.com/boxscores/201802280ORL.html,Home,104,17:59,3,27.3,TOR,DeMar DeRozan,Norman Powell,10:58,OG Anunoby,10:22,Malcolm Miller,0:19,,,,,,,34:17,Kyle Lowry,33:22,Jakob Poeltl,28:25,Fred VanVleet,26:36,Pascal Siakam,25:17,Serge Ibaka,22:43,Jonas Valančiūnas,19:35,C.J. Miles,15:24,Delon Wright,12:42,117,3,6,4.0,66.7,0.0,0.0,2.0,33.3,Bismack Biyombo,13,1,2017-2018,2.0,0,11.0,ORL,104,Aaron Gordon,Khem Birch,0:46,,,,,,,,,,,31:13,Evan Fournier,30:39,Nikola Vučević,29:15,D.J. Augustin,29:15,Jonathon Simmons,28:10,Shelvin Mack,20:46,Mario Hezonja,19:12,Wes Iwundu,19:03,Rashad Vaughn,13:42
0,,0,0.000,0,0.00,106,0,3,75.0,3,.600,3.0,60.0,5.0,5,0,,0,0.000,Logos via Sports Logos.net / About logos,W,https://www.basketball-reference.com/boxscores/201803020ORL.html,Home,115,14:35,1,25.0,DET,Reggie Bullock,Langston Galloway,12:17,,,,,,,,,,,40:43,Andre Drummond,38:30,Blake Griffin,34:06,James Ennis III,32:31,Ish Smith,31:53,Dwight Buycks,20:49,Stanley Johnson,20:37,Anthony Tolliver,20:31,Eric Moreland,13:03,106,2,6,6.0,100.0,0.0,0.0,0.0,0.0,Bismack Biyombo,9,1,2017-2018,1.0,1,4.0,ORL,115,D.J. Augustin,,,,,,,,,,,,,41:00,Nikola Vučević,38:25,Evan Fournier,36:13,Aaron Gordon,35:37,Jonathon Simmons,30:01,Mario Hezonja,23:27,Shelvin Mack,23:23,Jonathan Isaac,15:03,Wes Iwundu,7:16
0,,0,0.000,0,,100,0,6,85.7,2,.333,2.0,33.3,6.0,6,0,,0,0.000,Logos via Sports Logos.net / About logos,W,https://www.basketball-reference.com/boxscores/201803030ORL.html,Home,107,15:26,1,14.3,MEM,Ben McLemore,Myke Henry,7:52,,,,,,,,,,,38:08,JaMychal Green,37:11,Dillon Brooks,37:02,Jarell Martin,34:48,Mario Chalmers,28:07,Kobi Simmons,19:51,Ivan Rabb,15:03,Chandler Parsons,12:58,Brice Johnson,9:00,100,0,4,4.0,100.0,0.0,0.0,0.0,0.0,Bismack Biyombo,7,0,2017-2018,0.0,0,7.0,ORL,107,Aaron Gordon,Wes Iwundu,5:04,Khem Birch,3:46,Marreese Speights,0:02,,,,,,,32:33,Evan Fournier,30:04,D.J. Augustin,29:02,Jonathon Simmons,28:07,Nikola Vučević,27:48,Mario Hezonja,21:37,Shelvin Mack,18:45,Jonathan Isaac,17:36,Rashad Vaughn,10:10
0,,0,0.000,1,,80,1,4,66.7,3,.375,3.0,37.5,8.0,8,0,,0,0.000,Logos via Sports Logos.net / About logos,L,https://www.basketball-reference.com/boxscores/201803050UTA.html,Away,94,15:31,2,33.3,UTA,Donovan Mitchell,Alec Burks,5:57,,,,,,,,,,,40:31,Joe Ingles,38:06,Rudy Gobert,37:05,Ricky Rubio,35:25,Jae Crowder,27:48,Jonas Jerebko,20:29,Royce O'Neale,17:12,Ekpe Udoh,10:55,Raul Neto,6:32,94,0,6,6.0,100.0,0.0,0.0,0.0,0.0,Bismack Biyombo,14,0,2017-2018,1.0,0,6.0,ORL,80,Aaron Gordon,,,,,,,,,,,,,32:40,Nikola Vučević,32:29,Evan Fournier,32:14,D.J. Augustin,28:58,Jonathon Simmons,28:43,Shelvin Mack,20:20,Mario Hezonja,20:12,Jonathan Isaac,17:45,Wes Iwundu,11:08
0,,0,0.000,3,3.00,107,0,3,100.0,1,.500,1.0,50.0,2.0,2,0,,0,0.000,Logos via Sports Logos.net / About logos,L,https://www.basketball-reference.com/boxscores/201803070LAL.html,Away,108,13:16,0,0.0,LAL,Kyle Kuzma,Travis Wear,1:33,,,,,,,,,,,42:03,Kentavious Caldwell-Pope,38:43,Lonzo Ball,37:11,Brook Lopez,34:30,Julius Randle,30:10,Isaiah Thomas,25:55,Ivica Zubac,13:30,Alex Caruso,13:26,Thomas Bryant,2:59,108,0,2,2.0,100.0,0.0,0.0,0.0,0.0,Bismack Biyombo,1,0,2017-2018,0.0,1,3.0,ORL,107,Aaron Gordon,Wes Iwundu,6:16,,,,,,,,,,,35:49,Jonathon Simmons,34:45,Nikola Vučević,34:44,D.J. Augustin,30:48,Mario Hezonja,25:23,Shelvin Mack,19:24,Evan Fournier,19:18,Jonathan Isaac,13:35,Arron Afflalo,6:43
0,,0,0.000,3,0.75,88,0,5,71.4,2,.667,2.0,66.7,3.0,3,0,,0,0.000,Logos via Sports Logos.net / About logos,L,https://www.basketball-reference.com/boxscores/201803090SAC.html,Away,94,14:50,2,28.6,SAC,Kosta Koufos,,,,,,,,,,,,,38:14,Garrett Temple,30:04,Buddy Hield,29:36,Justin Jackson,29:31,Vince Carter,27:48,Frank Mason III,27:46,Bogdan Bogdanović,27:03,Skal Labissière,21:48,Jack Cooley,8:10,94,2,4,4.0,100.0,0.0,0.0,0.0,0.0,Bismack Biyombo,6,0,2017-2018,0.0,4,7.0,ORL,88,Jonathon Simmons,,,,,,,,,,,,,34:51,Mario Hezonja,33:24,Nikola Vučević,33:10,D.J. Augustin,28:18,Jonathan Isaac,25:42,Shelvin Mack,25:25,Wes Iwundu,22:31,Khem Birch,11:31,Rodney Purvis,10:18
0,,0,0.000,0,0.00,105,0,1,33.3,2,.400,2.0,40.0,5.0,5,0,,0,0.000,Logos via Sports Logos.net / About logos,L,https://www.basketball-reference.com/boxscores/201803100LAC.html,Away,113,18:21,2,66.7,LAC,Tobias Harris,Boban Marjanović,9:53,,,,,,,,,,,37:26,Lou Williams,34:30,DeAndre Jordan,34:29,Austin Rivers,33:56,Miloš Teodosić,31:07,Wesley Johnson,17:15,Sindarius Thornwell,14:15,Montrezl Harrell,14:12,Jawun Evans,12:57,113,1,4,4.0,100.0,0.0,0.0,0.0,0.0,Bismack Biyombo,8,0,2017-2018,0.0,2,3.0,ORL,105,Jonathon Simmons,,,,,,,,,,,,,34:57,Nikola Vučević,29:39,D.J. Augustin,29:00,Jonathan Isaac,24:56,Mario Hezonja,24:37,Wes Iwundu,24:07,Shelvin Mack,23:50,Khem Birch,17:30,Rodney Purvis,13:03
0,,0,,1,,72,0,1,50.0,0,,0.0,,0.0,0,2,1.000,2,,Logos via Sports Logos.net / About logos,L,https://www.basketball-reference.com/boxscores/201803130SAS.html,Away,108,8:25,1,50.0,SAS,LaMarcus Aldridge,Manu Ginóbili,14:18,Brandon Paul,12:00,Joffrey Lauvergne,9:05,Dāvis Bertāns,9:05,,,,,25:51,Patty Mills,25:18,Dejounte Murray,24:08,Bryn Forbes,22:42,Kyle Anderson,22:02,Danny Green,21:42,Tony Parker,19:40,Rudy Gay,19:09,Pau Gasol,15:00,108,2,2,0.0,0.0,0.0,0.0,2.0,100.0,Bismack Biyombo,36,0,2017-2018,0.0,0,2.0,ORL,72,Mario Hezonja,Marreese Speights,15:43,Rodney Purvis,14:43,,,,,,,,,28:12,D.J. Augustin,25:08,Jonathan Isaac,24:15,Jonathon Simmons,23:58,Nikola Vučević,23:52,Khem Birch,21:50,Shelvin Mack,19:50,Wes Iwundu,18:21,Arron Afflalo,15:43
0,,0,0.000,1,1.00,117,1,0,0.0,1,.500,1.0,50.0,2.0,2,0,.000,1,50.000,Logos via Sports Logos.net / About logos,W,https://www.basketball-reference.com/boxscores/201803140ORL.html,Home,126,14:39,3,100.0,MIL,Giannis Antetokounmpo,Brandon Jennings,8:31,Shabazz Muhammad,6:54,Thon Maker,3:49,,,,,,,40:27,Khris Middleton,34:23,Eric Bledsoe,31:32,John Henson,29:35,Jason Terry,24:08,Jabari Parker,22:21,Tony Snell,17:42,Tyler Zeller,11:06,Sterling Brown,9:32,117,0,2,2.0,100.0,0.0,0.0,0.0,0.0,Bismack Biyombo,9,0,2017-2018,1.0,1,3.0,ORL,126,Jonathon Simmons,,,,,,,,,,,,,37:58,D.J. Augustin,36:09,Nikola Vučević,33:21,Khem Birch,29:07,Shelvin Mack,27:19,Mario Hezonja,25:02,Jonathan Isaac,18:21,Wes Iwundu,12:23,Rodney Purvis,5:41
0,,0,0.000,3,3.00,92,2,5,71.4,1,.500,1.0,50.0,2.0,2,0,,0,0.000,Logos via Sports Logos.net / About logos,L,https://www.basketball-reference.com/boxscores/201803160ORL.html,Home,83,19:20,2,28.6,BOS,Terry Rozier,Guerschon Yabusele,2:09,,,,,,,,,,,34:12,Marcus Morris,33:04,Al Horford,31:15,Jayson Tatum,30:19,Abdel Nader,23:34,Semi Ojeleye,22:50,Aron Baynes,22:36,Greg Monroe,21:10,Shane Larkin,18:51,92,1,2,2.0,100.0,0.0,0.0,0.0,0.0,Bismack Biyombo,9,1,2017-2018,3.0,1,7.0,ORL,83,Jonathon Simmons,,,,,,,,,,,,,33:44,D.J. Augustin,30:01,Nikola Vučević,28:40,Mario Hezonja,28:17,Shelvin Mack,26:17,Jonathan Isaac,24:33,Wes Iwundu,19:59,Khem Birch,15:32,Rodney Purvis,13:37
0,,0,0.000,1,1.00,93,2,5,62.5,2,.500,2.0,50.0,4.0,4,2,1.000,2,50.000,Logos via Sports Logos.net / About logos,L,https://www.basketball-reference.com/boxscores/201803200ORL.html,Home,86,16:16,3,37.5,TOR,Kyle Lowry,OG Anunoby,14:09,Jakob Poeltl,11:04,Malcolm Miller,8:13,,,,,,,36:32,Delon Wright,28:02,Serge Ibaka,27:39,C.J. Miles,20:37,Pascal Siakam,20:21,Jonas Valančiūnas,19:22,Lorenzo Brown,18:53,Norman Powell,17:54,Lucas Nogueira,17:14,93,2,6,4.0,66.7,0.0,0.0,2.0,33.3,Bismack Biyombo,7,0,2017-2018,2.0,1,8.0,ORL,86,D.J. Augustin,,,,,,,,,,,,,35:12,Aaron Gordon,33:53,Nikola Vučević,31:44,Jonathan Isaac,27:45,Shelvin Mack,23:52,Arron Afflalo,23:29,Wes Iwundu,20:19,Mario Hezonja,18:27,Khem Birch,9:03
0,,0,0.000,0,,118,0,4,66.7,5,.714,5.0,71.4,7.0,7,3,.500,6,85.714,Logos via Sports Logos.net / About logos,L,https://www.basketball-reference.com/boxscores/201803220ORL.html,Home,98,19:08,2,33.3,PHI,Ben Simmons,Amir Johnson,14:04,Richaun Holmes,12:00,Furkan Korkmaz,12:00,Demetrius Jackson,7:11,,,,,26:32,Robert Covington,26:00,Marco Belinelli,23:33,Dario Šarić,21:46,Ersan İlyasova,21:45,T.J. McConnell,21:28,Joel Embiid,20:10,JJ Redick,17:16,Justin Anderson,16:15,118,1,13,10.0,76.9,0.0,0.0,3.0,23.1,Bismack Biyombo,20,0,2017-2018,0.0,0,6.0,ORL,98,Wes Iwundu,Jamel Artis,12:00,Marreese Speights,7:11,,,,,,,,,29:17,Aaron Gordon,27:39,D.J. Augustin,25:49,Mario Hezonja,24:41,Rodney Purvis,21:58,Nikola Vučević,21:41,Khem Birch,20:21,Arron Afflalo,15:15,Shelvin Mack,14:59
0,,0,0.000,0,0.00,99,3,2,66.7,0,.000,0.0,0.0,2.0,2,2,1.000,2,100.000,Logos via Sports Logos.net / About logos,W,https://www.basketball-reference.com/boxscores/201803240ORL.html,Home,105,12:26,1,33.3,PHO,Josh Jackson,Shaquille Harrison,4:23,,,,,,,,,,,39:45,Elfrid Payton,33:31,Dragan Bender,30:07,Troy Daniels,28:11,Alex Len,27:19,Marquese Chriss,24:25,Tyler Ulis,20:01,Davon Reed,18:10,Jared Dudley,14:08,99,1,2,0.0,0.0,0.0,0.0,2.0,100.0,Bismack Biyombo,6,0,2017-2018,3.0,3,3.0,ORL,105,Mario Hezonja,Jamel Artis,4:33,,,,,,,,,,,39:22,D.J. Augustin,36:46,Aaron Gordon,35:41,Nikola Vučević,35:34,Shelvin Mack,27:19,Rodney Purvis,16:38,Wes Iwundu,15:51,Arron Afflalo,11:14,Khem Birch,4:36
0,,0,0.000,0,0.00,111,2,4,100.0,2,.667,2.0,66.7,3.0,3,1,.500,2,66.667,Logos via Sports Logos.net / About logos,L,https://www.basketball-reference.com/boxscores/201803280ORL.html,Home,104,12:10,0,0.0,BRK,Rondae Hollis-Jefferson,,,,,,,,,,,,,33:08,Allen Crabbe,30:00,D'Angelo Russell,29:58,DeMarre Carroll,29:38,Jarrett Allen,27:51,Joe Harris,26:38,Caris LeVert,24:39,Spencer Dinwiddie,19:09,Dante Cunningham,18:59,111,0,5,4.0,80.0,0.0,0.0,1.0,20.0,Bismack Biyombo,7,0,2017-2018,2.0,1,4.0,ORL,104,Mario Hezonja,,,,,,,,,,,,,35:44,D.J. Augustin,31:54,Aaron Gordon,31:32,Nikola Vučević,31:05,Shelvin Mack,29:04,Jamel Artis,25:11,Rodney Purvis,23:43,Arron Afflalo,10:07,Khem Birch,9:30
0,,0,0.000,1,,90,0,4,80.0,1,.200,1.0,20.0,5.0,5,0,,0,0.000,Logos via Sports Logos.net / About logos,L,https://www.basketball-reference.com/boxscores/201803300ORL.html,Home,82,15:28,1,20.0,CHI,Cristiano Felício,Justin Holiday,15:15,Ryan Arcidiacono,15:12,,,,,,,,,27:19,Jerian Grant,26:12,Sean Kilpatrick,26:04,Lauri Markkanen,24:22,Noah Vonleh,23:56,Cameron Payne,21:48,David Nwaba,20:39,Bobby Portis,20:23,Denzel Valentine,18:50,90,3,2,2.0,100.0,0.0,0.0,0.0,0.0,Bismack Biyombo,8,0,2017-2018,0.0,0,5.0,ORL,82,Aaron Gordon,,,,,,,,,,,,,37:11,D.J. Augustin,31:40,Nikola Vučević,31:18,Mario Hezonja,26:55,Shelvin Mack,25:56,Rodney Purvis,22:49,Jonathan Isaac,21:05,Jamel Artis,16:49,Khem Birch,10:49
0,,0,0.000,0,,88,0,2,40.0,3,.375,3.0,37.5,8.0,8,0,,0,0.000,Logos via Sports Logos.net / About logos,L,https://www.basketball-reference.com/boxscores/201804010ATL.html,Away,94,16:45,3,60.0,ATL,Dewayne Dedmon,DeAndre' Bembry,14:02,,,,,,,,,,,33:45,John Collins,32:51,Isaiah Taylor,29:10,Taurean Prince,26:39,Mike Muscala,24:35,Damion Lee,23:03,Tyler Dorsey,21:56,Josh Magette,18:50,Miles Plumlee,15:09,94,1,6,6.0,100.0,0.0,0.0,0.0,0.0,Bismack Biyombo,6,0,2017-2018,0.0,0,5.0,ORL,88,D.J. Augustin,,,,,,,,,,,,,36:51,Aaron Gordon,36:51,Nikola Vučević,31:15,Wes Iwundu,28:18,Mario Hezonja,27:40,Shelvin Mack,24:02,Jonathan Isaac,20:20,Rodney Purvis,11:09,Khem Birch,6:49
0,,0,0.000,0,,97,0,2,66.7,1,.333,1.0,33.3,3.0,3,0,,0,0.000,Logos via Sports Logos.net / About logos,W,https://www.basketball-reference.com/boxscores/201804030NYK.html,Away,73,6:20,1,33.3,NYK,Tim Hardaway Jr.,Damyean Dotson,11:38,,,,,,,,,,,34:42,Trey Burke,31:35,Kyle O'Quinn,29:02,Frank Ntilikina,27:59,Lance Thomas,26:38,Courtney Lee,23:42,Luke Kornet,18:50,Emmanuel Mudiay,18:25,Isaiah Hicks,17:29,73,2,2,2.0,100.0,0.0,0.0,0.0,0.0,Bismack Biyombo,24,0,2017-2018,0.0,0,3.0,ORL,97,Mario Hezonja,,,,,,,,,,,,,35:34,Jamel Artis,32:01,Aaron Gordon,27:53,Shelvin Mack,27:49,Rodney Purvis,25:55,Wes Iwundu,22:37,Khem Birch,21:40,D.J. Augustin,20:11,Nikola Vučević,20:00
0,,0,0.000,5,1.67,100,1,6,50.0,4,1.000,4.0,100.0,4.0,4,4,.800,5,125.000,Logos via Sports Logos.net / About logos,W,https://www.basketball-reference.com/boxscores/201804040ORL.html,Home,105,22:23,6,50.0,DAL,Aaron Harrison,Salah Mejri,0:46,,,,,,,,,,,41:41,Johnathan Motley,41:15,Dorian Finney-Smith,35:15,Kyle Collinsworth,34:56,Jalen Jones,27:10,Doug McDermott,20:10,Yogi Ferrell,17:24,Maxi Kleber,11:40,J.J. Barea,9:43,100,2,12,8.0,66.7,0.0,0.0,4.0,33.3,Bismack Biyombo,5,1,2017-2018,2.0,3,12.0,ORL,105,Mario Hezonja,,,,,,,,,,,,,34:43,Jamel Artis,31:41,Wes Iwundu,31:40,Shelvin Mack,26:46,Aaron Gordon,25:41,Khem Birch,25:37,Rodney Purvis,23:00,D.J. Augustin,18:29,,
0,,0,0.000,2,2.00,137,1,6,75.0,3,.300,3.0,30.0,10.0,10,1,.250,4,40.000,Logos via Sports Logos.net / About logos,L,https://www.basketball-reference.com/boxscores/201804060ORL.html,Home,100,20:55,2,25.0,CHO,Dwight Howard,Willy Hernangómez,19:44,Marcus Paige,6:27,,,,,,,,,28:16,Malik Monk,26:23,Frank Kaminsky,26:19,Julyan Stone,25:24,Kemba Walker,22:59,Michael Kidd-Gilchrist,22:36,Marvin Williams,21:41,Nicolas Batum,20:19,Jeremy Lamb,19:52,137,3,7,6.0,85.7,0.0,0.0,1.0,14.3,Bismack Biyombo,37,0,2017-2018,1.0,1,8.0,ORL,100,Wes Iwundu,,,,,,,,,,,,,37:25,Jamel Artis,33:14,Khem Birch,27:05,Rodney Purvis,26:57,Marreese Speights,24:32,Mario Hezonja,22:47,Shelvin Mack,21:06,D.J. Augustin,18:18,Arron Afflalo,7:41
0,,0,0.000,0,,101,2,4,100.0,3,.500,3.0,50.0,6.0,6,1,.500,2,33.333,Logos via Sports Logos.net / About logos,L,https://www.basketball-reference.com/boxscores/201804080TOR.html,Away,112,17:53,0,0.0,TOR,OG Anunoby,Lucas Nogueira,6:11,,,,,,,,,,,34:06,Serge Ibaka,31:02,Kyle Lowry,30:50,Pascal Siakam,29:15,Delon Wright,27:28,Jakob Poeltl,24:28,Norman Powell,23:53,C.J. Miles,23:51,Fred VanVleet,8:56,112,1,7,6.0,85.7,0.0,0.0,1.0,14.3,Bismack Biyombo,11,1,2017-2018,3.0,0,4.0,ORL,101,Mario Hezonja,Terrence Ross,9:52,,,,,,,,,,,28:05,Aaron Gordon,26:59,Jamel Artis,26:49,Wes Iwundu,26:29,Nikola Vučević,23:13,Shelvin Mack,21:50,D.J. Augustin,21:04,Khem Birch,21:01,Rodney Purvis,16:45
0,,0,0.000,0,0.00,86,1,4,66.7,6,.857,6.0,85.7,7.0,7,2,.667,3,42.857,Logos via Sports Logos.net / About logos,L,https://www.basketball-reference.com/boxscores/201804090MIL.html,Away,102,16:47,2,33.3,MIL,Khris Middleton,Jason Terry,11:15,D.J. Wilson,2:07,Sterling Brown,2:07,Thon Maker,2:07,,,,,36:48,Eric Bledsoe,34:35,Jabari Parker,28:33,Tony Snell,25:18,John Henson,25:03,Shabazz Muhammad,23:56,Tyler Zeller,20:50,Malcolm Brogdon,13:56,Brandon Jennings,13:25,102,2,14,12.0,85.7,0.0,0.0,2.0,14.3,Bismack Biyombo,16,0,2017-2018,1.0,1,6.0,ORL,86,Aaron Gordon,,,,,,,,,,,,,31:43,Mario Hezonja,30:17,D.J. Augustin,29:38,Wes Iwundu,29:14,Nikola Vučević,29:07,Jamel Artis,19:38,Shelvin Mack,19:00,Rodney Purvis,18:08,Khem Birch,16:29
0,,0,0.000,1,,92,1,2,66.7,3,.750,3.0,75.0,4.0,4,0,,0,0.000,Logos via Sports Logos.net / About logos,W,https://www.basketball-reference.com/boxscores/201804110ORL.html,Home,101,11:49,1,33.3,WAS,Tomáš Satoranský,Tim Frazier,10:40,,,,,,,,,,,41:59,Bradley Beal,36:18,Markieff Morris,31:22,Kelly Oubre Jr.,26:36,Marcin Gortat,22:40,Mike Scott,20:44,Jodie Meeks,19:07,Ian Mahinmi,17:21,Devin Robinson,13:13,92,3,6,6.0,100.0,0.0,0.0,0.0,0.0,Bismack Biyombo,9,1,2017-2018,2.0,0,3.0,ORL,101,Khem Birch,D.J. Augustin,12:00,Nikola Vučević,12:00,Marreese Speights,3:21,,,,,,,32:51,Mario Hezonja,32:04,Rodney Purvis,25:12,Wes Iwundu,25:10,Jamel Artis,21:49,Shelvin Mack,20:13,Arron Afflalo,17:07,Terrence Ross,14:24,Aaron Gordon,12:00
0,,0,0.000,0,,120,0,0,,1,1.000,1.0,100.0,1.0,1,0,,0,0.000,Logos via Sports Logos.net / About logos,W,https://www.basketball-reference.com/boxscores/201810190ORL.html,Away,88,5:02,0,,ORL,Evan Fournier,Jonathan Isaac,14:25,Jarell Martin,12:00,Isaiah Briscoe,10:04,Khem Birch,10:04,,,,,25:05,Jerian Grant,24:59,Aaron Gordon,24:54,Jonathon Simmons,22:41,Nikola Vučević,22:23,D.J. Augustin,20:54,Terrence Ross,19:02,Mo Bamba,18:37,Wes Iwundu,14:52,88,1,2,2.0,100.0,0.0,0.0,0.0,0.0,Bismack Biyombo,32,0,2018-2019,0.0,0,0.0,CHO,120,Nicolas Batum,Miles Bridges,14:24,Dwayne Bacon,7:57,Frank Kaminsky,7:57,,,,,,,29:59,Kemba Walker,26:46,Jeremy Lamb,25:05,Malik Monk,23:37,Cody Zeller,22:45,Michael Kidd-Gilchrist,22:29,Marvin Williams,20:29,Willy Hernangómez,17:18,Tony Parker,16:12
0,,0,0.000,1,,106,1,1,33.3,1,.333,1.0,33.3,3.0,3,2,.500,4,133.333,Logos via Sports Logos.net / About logos,L,https://www.basketball-reference.com/boxscores/201810220TOR.html,Away,127,8:36,2,66.7,TOR,Kyle Lowry,Norman Powell,15:42,Malachi Richardson,3:53,Lorenzo Brown,3:53,Greg Monroe,3:53,,,,,31:49,Kawhi Leonard,31:04,Danny Green,26:24,OG Anunoby,24:44,Serge Ibaka,24:25,Pascal Siakam,19:46,Jonas Valančiūnas,19:42,Fred VanVleet,18:41,C.J. Miles,16:04,127,0,4,2.0,50.0,0.0,0.0,2.0,50.0,Bismack Biyombo,21,0,2018-2019,1.0,0,3.0,CHO,106,Nicolas Batum,Tony Parker,14:42,Devonte' Graham,5:36,Frank Kaminsky,4:48,,,,,,,35:57,Kemba Walker,33:34,Malik Monk,24:41,Jeremy Lamb,23:18,Marvin Williams,20:41,Miles Bridges,18:35,Willy Hernangómez,17:59,Michael Kidd-Gilchrist,16:17,Cody Zeller,15:16
0,,0,0.000,0,0.00,106,5,4,100.0,1,.500,1.0,50.0,2.0,2,0,,0,0.000,Logos via Sports Logos.net / About logos,W,https://www.basketball-reference.com/boxscores/201810260CHO.html,Home,135,12:28,0,0.0,CHI,Cristiano Felício,Shaquille Harrison,13:53,,,,,,,,,,,30:03,Justin Holiday,28:56,Chandler Hutchison,27:30,Zach LaVine,25:50,Jabari Parker,25:41,Ryan Arcidiacono,24:53,Cameron Payne,23:07,Antonio Blakeney,22:10,Wendell Carter Jr.,17:57,106,4,2,2.0,100.0,0.0,0.0,0.0,0.0,Bismack Biyombo,29,0,2018-2019,5.0,2,4.0,CHO,135,Nicolas Batum,Dwayne Bacon,12:00,Willy Hernangómez,4:34,Frank Kaminsky,4:25,,,,,,,30:31,Kemba Walker,26:13,Miles Bridges,25:35,Malik Monk,24:15,Jeremy Lamb,23:45,Cody Zeller,20:22,Michael Kidd-Gilchrist,19:23,Tony Parker,19:12,Marvin Williams,17:17
0,,0,0.000,0,,103,1,4,66.7,1,.500,1.0,50.0,2.0,2,0,.000,1,50.000,Logos via Sports Logos.net / About logos,L,https://www.basketball-reference.com/boxscores/201810270PHI.html,Away,105,18:33,2,33.3,PHI,Joel Embiid,Amir Johnson,6:13,,,,,,,,,,,36:46,Robert Covington,36:03,JJ Redick,32:18,Ben Simmons,32:11,Dario Šarić,30:33,Markelle Fultz,25:08,Mike Muscala,17:12,T.J. McConnell,14:22,Landry Shamet,9:14,105,3,2,2.0,100.0,0.0,0.0,0.0,0.0,Bismack Biyombo,2,0,2018-2019,1.0,0,6.0,CHO,103,Kemba Walker,,,,,,,,,,,,,34:55,Nicolas Batum,31:08,Miles Bridges,30:20,Jeremy Lamb,28:33,Cody Zeller,25:40,Marvin Williams,23:22,Michael Kidd-Gilchrist,22:31,Devonte' Graham,13:05,Malik Monk,11:53
0,,0,0.000,0,,94,1,1,100.0,2,1.000,2.0,100.0,2.0,2,0,,0,0.000,Logos via Sports Logos.net / About logos,W,https://www.basketball-reference.com/boxscores/201811030CHO.html,Home,126,7:14,0,0.0,CLE,Cedi Osman,Kyle Korver,14:10,David Nwaba,5:24,Ante Žižić,4:23,,,,,,,31:48,George Hill,28:00,Tristan Thompson,27:22,J.R. Smith,24:19,Sam Dekker,24:09,Rodney Hood,23:29,Jordan Clarkson,21:24,Collin Sexton,19:18,Larry Nance Jr.,16:11,94,1,4,4.0,100.0,0.0,0.0,0.0,0.0,Bismack Biyombo,32,0,2018-2019,1.0,0,1.0,CHO,126,Kemba Walker,Cody Zeller,17:38,Dwayne Bacon,7:14,Frank Kaminsky,4:35,,,,,,,29:56,Nicolas Batum,26:18,Jeremy Lamb,24:09,Miles Bridges,22:52,Marvin Williams,22:26,Malik Monk,21:05,Willy Hernangómez,20:00,Michael Kidd-Gilchrist,18:26,Tony Parker,18:06
0,,0,,1,1.00,132,0,0,0.0,0,,0.0,,0.0,0,1,.500,2,,Logos via Sports Logos.net / About logos,L,https://www.basketball-reference.com/boxscores/201811090PHI.html,Away,133,4:54,1,100.0,PHI,Ben Simmons,Amir Johnson,5:41,T.J. McConnell,3:45,,,,,,,,,41:03,Dario Šarić,40:15,Joel Embiid,39:03,JJ Redick,36:41,Robert Covington,30:02,Markelle Fultz,23:18,Landry Shamet,18:31,Wilson Chandler,15:44,Jonah Bolden,10:57,133,4,1,0.0,0.0,0.0,0.0,1.0,100.0,Bismack Biyombo,1,0,2018-2019,0.0,1,1.0,CHO,132,Kemba Walker,Marvin Williams,14:35,Tony Parker,13:47,,,,,,,,,40:16,Miles Bridges,28:25,Malik Monk,27:28,Michael Kidd-Gilchrist,26:48,Cody Zeller,24:44,Jeremy Lamb,24:23,Dwayne Bacon,22:34,Willy Hernangómez,20:22,Nicolas Batum,16:44
0,,0,,0,,89,1,2,100.0,0,,0.0,,0.0,0,0,,0,,Logos via Sports Logos.net / About logos,L,https://www.basketball-reference.com/boxscores/201811130CLE.html,Away,113,6:31,0,0.0,CLE,J.R. Smith,Channing Frye,3:01,,,,,,,,,,,39:23,Larry Nance Jr.,34:50,Collin Sexton,32:40,Rodney Hood,28:36,Tristan Thompson,28:13,Jordan Clarkson,27:32,David Nwaba,26:46,Andrew Harrison,12:48,Ante Žižić,6:11,113,1,0,0.0,,0.0,,0.0,,Bismack Biyombo,24,0,2018-2019,1.0,0,2.0,CHO,89,Kemba Walker,Willy Hernangómez,6:37,Devonte' Graham,6:35,Frank Kaminsky,4:31,,,,,,,35:51,Jeremy Lamb,31:57,Marvin Williams,29:53,Nicolas Batum,29:05,Malik Monk,23:19,Cody Zeller,17:51,Dwayne Bacon,16:23,Tony Parker,15:47,Miles Bridges,15:40
0,,0,0.000,0,,122,0,0,,1,.500,1.0,50.0,2.0,2,0,,0,0.000,Logos via Sports Logos.net / About logos,L,https://www.basketball-reference.com/boxscores/201811170CHO.html,Home,119,4:47,0,,PHI,Joel Embiid,Amir Johnson,9:46,,,,,,,,,,,40:07,Ben Simmons,39:12,Jimmy Butler,37:13,Mike Muscala,36:46,JJ Redick,29:32,Landry Shamet,23:28,Markelle Fultz,19:06,Furkan Korkmaz,15:47,Wilson Chandler,14:03,122,2,2,2.0,100.0,0.0,0.0,0.0,0.0,Bismack Biyombo,3,0,2018-2019,0.0,0,0.0,CHO,119,Kemba Walker,Malik Monk,11:07,,,,,,,,,,,45:23,Jeremy Lamb,39:45,Cody Zeller,35:28,Dwayne Bacon,28:34,Marvin Williams,26:42,Miles Bridges,26:15,Nicolas Batum,18:59,Tony Parker,15:15,Willy Hernangómez,12:45
0,,0,,0,,119,0,0,,0,,0.0,,0.0,0,0,,0,,Logos via Sports Logos.net / About logos,L,https://www.basketball-reference.com/boxscores/201812020CHO.html,Home,109,5:14,0,,NOP,Tim Frazier,Jahlil Okafor,3:44,Cheick Diallo,2:05,,,,,,,,,38:16,Anthony Davis,37:18,Jrue Holiday,31:32,Nikola Mirotić,30:13,Solomon Hill,28:21,Darius Miller,23:35,Julius Randle,20:41,Wesley Johnson,14:31,Ian Clark,9:44,119,1,0,0.0,,0.0,,0.0,,Bismack Biyombo,10,1,2018-2019,1.0,0,0.0,CHO,109,Jeremy Lamb,Marvin Williams,10:31,Malik Monk,9:30,Dwayne Bacon,5:30,,,,,,,32:53,Kemba Walker,32:30,Miles Bridges,29:10,Frank Kaminsky,25:29,Tony Parker,24:06,Michael Kidd-Gilchrist,19:43,Devonte' Graham,17:36,Willy Hernangómez,13:59,Nicolas Batum,13:49
0,,0,,0,0.00,104,0,1,100.0,0,,0.0,,0.0,0,1,.500,2,,Logos via Sports Logos.net / About logos,L,https://www.basketball-reference.com/boxscores/201812050MIN.html,Away,121,3:50,0,0.0,MIN,Karl-Anthony Towns,James Nunnally,1:31,Josh Okogie,1:31,Anthony Tolliver,1:31,,,,,,,35:45,Jeff Teague,34:23,Andrew Wiggins,34:13,Robert Covington,33:14,Derrick Rose,25:31,Taj Gibson,25:08,Dario Šarić,21:21,Tyus Jones,13:37,Gorgui Dieng,12:15,121,0,1,0.0,0.0,0.0,0.0,1.0,100.0,Bismack Biyombo,17,0,2018-2019,0.0,1,1.0,CHO,104,Nicolas Batum,Willy Hernangómez,2:24,Dwayne Bacon,2:24,Devonte' Graham,2:24,,,,,,,36:35,Cody Zeller,33:03,Kemba Walker,30:20,Jeremy Lamb,30:13,Michael Kidd-Gilchrist,23:16,Frank Kaminsky,21:33,Miles Bridges,20:55,Malik Monk,17:47,Tony Parker,15:16
0,,0,0.000,0,,100,0,1,50.0,1,.500,1.0,50.0,2.0,2,0,,0,0.000,Logos via Sports Logos.net / About logos,W,https://www.basketball-reference.com/boxscores/201812310CHO.html,Home,125,6:39,1,50.0,ORL,Aaron Gordon,Jarell Martin,7:49,Khem Birch,6:39,Troy Caupain,5:29,Amile Jefferson,3:45,,,,,33:07,Isaiah Briscoe,27:10,Jerian Grant,25:45,Evan Fournier,25:10,Nikola Vučević,23:05,Wes Iwundu,22:47,Jonathan Isaac,22:18,Terrence Ross,18:40,Mo Bamba,18:16,100,4,2,2.0,100.0,0.0,0.0,0.0,0.0,Bismack Biyombo,25,0,2018-2019,0.0,0,2.0,CHO,125,Kemba Walker,Tony Parker,12:19,Jeremy Lamb,9:08,Frank Kaminsky,7:49,,,,,,,27:01,Nicolas Batum,26:30,Malik Monk,24:22,Cody Zeller,24:09,Devonte' Graham,24:04,Marvin Williams,23:42,Miles Bridges,20:36,Michael Kidd-Gilchrist,19:55,Willy Hernangómez,13:46
0,,0,0.000,1,,122,1,6,85.7,4,.800,4.0,80.0,5.0,5,2,.500,4,80.000,Logos via Sports Logos.net / About logos,L,https://www.basketball-reference.com/boxscores/201901020CHO.html,Home,84,14:46,1,14.3,DAL,Harrison Barnes,Maxi Kleber,12:00,Jalen Brunson,12:00,Salah Mejri,9:39,Dirk Nowitzki,6:40,,,,,29:20,Luka Dončić,26:18,Wesley Matthews,25:24,DeAndre Jordan,24:15,Dwight Powell,23:45,Dennis Smith Jr.,22:17,Dorian Finney-Smith,21:42,J.J. Barea,13:43,Devin Harris,12:57,122,0,10,8.0,80.0,0.0,0.0,2.0,20.0,Bismack Biyombo,38,0,2018-2019,1.0,0,7.0,CHO,84,Devonte' Graham,Michael Kidd-Gilchrist,13:46,Tony Parker,6:03,Malik Monk,5:08,,,,,,,33:36,Nicolas Batum,28:11,Kemba Walker,26:42,Miles Bridges,24:21,Marvin Williams,22:26,Willy Hernangómez,18:00,Dwayne Bacon,16:59,Frank Kaminsky,16:14,J.P. Macura,13:48
0,,0,0.000,0,0.00,110,2,8,66.7,7,.700,7.0,70.0,10.0,10,2,.667,3,30.000,Logos via Sports Logos.net / About logos,L,https://www.basketball-reference.com/boxscores/201901050DEN.html,Away,123,30:04,4,33.3,DEN,Nikola Jokić,Trey Lyles,14:04,Brandon Goodwin,0:54,Tyler Lydon,0:54,,,,,,,34:16,Jamal Murray,31:42,Torrey Craig,28:35,Paul Millsap,27:29,Gary Harris,25:30,Malik Beasley,22:29,Juancho Hernangómez,19:45,Mason Plumlee,19:17,Monte Morris,15:05,123,4,16,14.0,87.5,0.0,0.0,2.0,12.5,Bismack Biyombo,13,2,2018-2019,4.0,2,12.0,CHO,110,Marvin Williams,,,,,,,,,,,,,34:18,Nicolas Batum,33:32,Kemba Walker,33:18,Devonte' Graham,26:28,Malik Monk,22:15,Tony Parker,16:20,Michael Kidd-Gilchrist,16:03,Willy Hernangómez,15:35,Miles Bridges,12:07
0,,0,0.000,1,1.00,119,0,3,37.5,2,.333,2.0,33.3,6.0,6,2,.667,3,50.000,Logos via Sports Logos.net / About logos,W,https://www.basketball-reference.com/boxscores/201901060PHO.html,Away,113,21:21,5,62.5,PHO,T.J. Warren,Devin Booker,12:16,,,,,,,,,,,37:19,Josh Jackson,32:18,Deandre Ayton,31:22,Mikal Bridges,30:32,De'Anthony Melton,26:28,Jamal Crawford,23:21,Kelly Oubre Jr.,17:12,Richaun Holmes,16:38,Elie Okobo,12:34,113,1,6,4.0,66.7,0.0,0.0,2.0,33.3,Bismack Biyombo,6,1,2018-2019,1.0,1,8.0,CHO,119,Nicolas Batum,,,,,,,,,,,,,35:59,Marvin Williams,34:39,Kemba Walker,32:16,Tony Parker,26:40,Willy Hernangómez,23:41,Devonte' Graham,20:39,Malik Monk,16:29,Michael Kidd-Gilchrist,15:34,Miles Bridges,12:42
0,,0,0.000,0,0.00,109,2,2,33.3,2,1.000,2.0,100.0,2.0,2,0,,0,0.000,Logos via Sports Logos.net / About logos,L,https://www.basketball-reference.com/boxscores/201901080LAC.html,Away,128,15:29,4,66.7,LAC,Tobias Harris,Marcin Gortat,12:43,Johnathan Motley,3:47,Sindarius Thornwell,2:34,,,,,,,32:12,Danilo Gallinari,30:34,Montrezl Harrell,29:31,Avery Bradley,29:15,Lou Williams,25:07,Patrick Beverley,21:34,Shai Gilgeous-Alexander,21:07,Tyrone Wallace,18:15,Mike Scott,13:21,128,1,4,4.0,100.0,0.0,0.0,0.0,0.0,Bismack Biyombo,19,0,2018-2019,2.0,1,6.0,CHO,109,Nicolas Batum,Devonte' Graham,12:44,Dwayne Bacon,3:47,,,,,,,,,37:07,Kemba Walker,31:01,Jeremy Lamb,28:42,Marvin Williams,28:39,Malik Monk,20:49,Michael Kidd-Gilchrist,19:07,Tony Parker,14:52,Willy Hernangómez,13:54,Miles Bridges,13:49
0,,0,0.000,2,,96,0,7,87.5,3,.333,3.0,33.3,9.0,9,0,,0,0.000,Logos via Sports Logos.net / About logos,L,https://www.basketball-reference.com/boxscores/201901110POR.html,Away,127,22:21,1,12.5,POR,Jusuf Nurkić,Meyers Leonard,10:38,Gary Trent Jr.,6:55,Anfernee Simons,6:55,,,,,,,30:27,CJ McCollum,28:44,Damian Lillard,28:44,Al-Farouq Aminu,28:44,Jake Layman,26:47,Evan Turner,21:13,Nik Stauskas,19:16,Zach Collins,19:16,Seth Curry,12:21,127,1,6,6.0,100.0,0.0,0.0,0.0,0.0,Bismack Biyombo,31,0,2018-2019,0.0,0,8.0,CHO,96,Kemba Walker,Dwayne Bacon,7:47,Frank Kaminsky,7:47,Devonte' Graham,6:55,,,,,,,31:50,Jeremy Lamb,27:08,Nicolas Batum,23:48,Miles Bridges,23:25,Marvin Williams,23:22,Malik Monk,23:11,Michael Kidd-Gilchrist,17:37,Willy Hernangómez,13:05,Tony Parker,11:44
0,,0,0.000,1,1.00,97,3,8,80.0,2,.667,2.0,66.7,3.0,3,0,,0,0.000,Logos via Sports Logos.net / About logos,L,https://www.basketball-reference.com/boxscores/201901120SAC.html,Away,104,24:54,2,20.0,SAC,Willie Cauley-Stein,Nemanja Bjelica,16:33,,,,,,,,,,,31:45,De'Aaron Fox,30:28,Buddy Hield,30:27,Bogdan Bogdanović,29:07,Marvin Bagley III,25:14,Iman Shumpert,21:20,Justin Jackson,21:00,Yogi Ferrell,17:32,Harry Giles,16:34,104,3,4,4.0,100.0,0.0,0.0,0.0,0.0,Bismack Biyombo,7,0,2018-2019,3.0,1,10.0,CHO,97,Kemba Walker,,,,,,,,,,,,,33:47,Marvin Williams,32:43,Nicolas Batum,27:20,Jeremy Lamb,25:47,Michael Kidd-Gilchrist,25:46,Devonte' Graham,22:58,Malik Monk,19:55,Miles Bridges,15:27,Willy Hernangómez,11:23
0,,0,0.000,1,1.00,108,1,4,66.7,2,.500,2.0,50.0,4.0,4,5,.714,7,175.000,Logos via Sports Logos.net / About logos,W,https://www.basketball-reference.com/boxscores/201901140SAS.html,Away,93,21:57,2,33.3,SAS,DeMar DeRozan,Quincy Pondexter,7:01,Drew Eubanks,1:03,,,,,,,,,39:14,LaMarcus Aldridge,36:57,Bryn Forbes,36:30,Derrick White,34:22,Dāvis Bertāns,28:37,Patty Mills,23:42,Jakob Poeltl,11:03,Dante Cunningham,10:46,Pau Gasol,10:45,93,5,9,4.0,44.4,0.0,0.0,5.0,55.6,Bismack Biyombo,15,1,2018-2019,2.0,1,6.0,CHO,108,Kemba Walker,Malik Monk,4:51,,,,,,,,,,,36:37,Jeremy Lamb,30:50,Nicolas Batum,30:21,Marvin Williams,27:15,Michael Kidd-Gilchrist,25:11,Tony Parker,19:27,Miles Bridges,18:40,Willy Hernangómez,13:54,Devonte' Graham,10:57
0,,0,,0,,95,1,1,50.0,0,,0.0,,0.0,0,0,,0,,Logos via Sports Logos.net / About logos,W,https://www.basketball-reference.com/boxscores/201901170CHO.html,Home,114,9:25,1,50.0,SAC,Buddy Hield,Harry Giles,16:14,Frank Mason III,1:46,Ben McLemore,1:46,,,,,,,32:06,De'Aaron Fox,30:30,Willie Cauley-Stein,27:24,Bogdan Bogdanović,27:20,Justin Jackson,24:07,Marvin Bagley III,22:55,Iman Shumpert,20:08,Nemanja Bjelica,19:22,Yogi Ferrell,16:22,95,0,0,0.0,,0.0,,0.0,,Bismack Biyombo,19,0,2018-2019,1.0,0,2.0,CHO,114,Michael Kidd-Gilchrist,Devonte' Graham,9:14,Dwayne Bacon,1:20,,,,,,,,,30:15,Marvin Williams,29:30,Kemba Walker,28:42,Nicolas Batum,26:43,Jeremy Lamb,26:19,Willy Hernangómez,25:30,Miles Bridges,22:20,Tony Parker,17:32,Malik Monk,13:10
0,,0,0.000,3,3.00,115,5,8,61.5,5,.714,5.0,71.4,7.0,7,1,1.000,1,14.286,Logos via Sports Logos.net / About logos,W,https://www.basketball-reference.com/boxscores/201901190CHO.html,Home,135,27:17,5,38.5,PHO,Devin Booker,Troy Daniels,10:28,Quincy Acy,9:26,Dragan Bender,2:34,,,,,,,37:32,T.J. Warren,33:59,Kelly Oubre Jr.,30:04,Josh Jackson,27:46,Mikal Bridges,26:17,Deandre Ayton,21:40,Richaun Holmes,14:20,De'Anthony Melton,13:14,Elie Okobo,12:40,115,2,11,10.0,90.9,0.0,0.0,1.0,9.1,Bismack Biyombo,20,0,2018-2019,5.0,1,13.0,CHO,135,Kemba Walker,Dwayne Bacon,2:34,Devonte' Graham,2:34,,,,,,,,,32:34,Nicolas Batum,32:26,Michael Kidd-Gilchrist,24:18,Jeremy Lamb,23:54,Marvin Williams,22:07,Malik Monk,18:38,Tony Parker,18:28,Miles Bridges,17:49,Willy Hernangómez,17:21
0,,0,0.000,0,0.00,95,1,7,63.6,3,.600,3.0,60.0,5.0,5,4,.800,5,100.000,Logos via Sports Logos.net / About logos,L,https://www.basketball-reference.com/boxscores/201901200IND.html,Away,120,24:01,4,36.4,IND,Victor Oladipo,T.J. Leaf,8:20,Aaron Holiday,2:14,Alize Johnson,2:14,Kyle O'Quinn,2:14,,,,,31:53,Darren Collison,30:19,Myles Turner,30:15,Thaddeus Young,27:56,Bojan Bogdanović,27:39,Domantas Sabonis,23:04,Cory Joseph,23:04,Tyreke Evans,15:27,Doug McDermott,15:21,120,2,10,6.0,60.0,0.0,0.0,4.0,40.0,Bismack Biyombo,25,1,2018-2019,2.0,1,11.0,CHO,95,Kemba Walker,Dwayne Bacon,2:14,Devonte' Graham,2:14,,,,,,,,,36:48,Nicolas Batum,32:14,Marvin Williams,30:58,Jeremy Lamb,29:50,Michael Kidd-Gilchrist,18:26,Willy Hernangómez,17:36,Malik Monk,15:47,Tony Parker,15:21,Miles Bridges,14:31
0,,0,0.000,1,1.00,118,0,7,70.0,2,.400,2.0,40.0,5.0,5,5,.714,7,140.000,Logos via Sports Logos.net / About logos,W,https://www.basketball-reference.com/boxscores/201901230MEM.html,Away,107,28:49,3,30.0,MEM,Justin Holiday,Ivan Rabb,1:46,,,,,,,,,,,40:23,Marc Gasol,38:48,Garrett Temple,36:32,Mike Conley,36:01,JaMychal Green,27:12,Jaren Jackson Jr.,25:33,Shelvin Mack,16:53,Omri Casspi,12:44,Jevon Carter,4:08,107,6,9,4.0,44.4,0.0,0.0,5.0,55.6,Bismack Biyombo,11,1,2018-2019,1.0,1,10.0,CHO,118,Kemba Walker,,,,,,,,,,,,,38:58,Nicolas Batum,36:37,Jeremy Lamb,29:52,Marvin Williams,29:03,Michael Kidd-Gilchrist,19:36,Willy Hernangómez,18:21,Malik Monk,17:46,Tony Parker,16:56,Miles Bridges,4:02
0,,0,0.000,1,0.50,99,0,6,85.7,3,1.000,3.0,100.0,3.0,3,0,,0,0.000,Logos via Sports Logos.net / About logos,L,https://www.basketball-reference.com/boxscores/201901250MIL.html,Away,108,16:02,1,14.3,MIL,Giannis Antetokounmpo,Pat Connaughton,12:05,Ersan İlyasova,9:09,,,,,,,,,37:54,Khris Middleton,33:12,Eric Bledsoe,30:45,Malcolm Brogdon,28:40,Brook Lopez,24:22,Sterling Brown,22:52,George Hill,14:18,Tony Snell,14:16,D.J. Wilson,12:27,108,3,6,6.0,100.0,0.0,0.0,0.0,0.0,Bismack Biyombo,9,0,2018-2019,0.0,2,7.0,CHO,99,Nicolas Batum,,,,,,,,,,,,,38:07,Kemba Walker,35:27,Marvin Williams,34:58,Jeremy Lamb,29:32,Michael Kidd-Gilchrist,25:33,Devonte' Graham,21:13,Miles Bridges,18:46,Malik Monk,12:13,Willy Hernangómez,8:09
0,,0,0.000,0,,92,0,1,100.0,2,.667,2.0,66.7,3.0,3,2,1.000,2,66.667,Logos via Sports Logos.net / About logos,W,https://www.basketball-reference.com/boxscores/201901280CHO.html,Home,101,12:39,0,0.0,NYK,Noah Vonleh,Mitchell Robinson,12:52,,,,,,,,,,,35:08,Kevin Knox,34:41,Tim Hardaway Jr.,31:20,Mario Hezonja,25:37,Trey Burke,24:41,Lance Thomas,22:23,Allonzo Trier,21:00,Kadeem Allen,18:07,Damyean Dotson,14:11,92,1,6,4.0,66.7,0.0,0.0,2.0,33.3,Bismack Biyombo,9,0,2018-2019,0.0,0,1.0,CHO,101,Marvin Williams,,,,,,,,,,,,,36:09,Kemba Walker,35:36,Nicolas Batum,31:12,Jeremy Lamb,27:12,Miles Bridges,24:24,Malik Monk,22:24,Willy Hernangómez,21:21,Tony Parker,19:05,Michael Kidd-Gilchrist,9:58
0,,0,0.000,2,2.00,94,1,4,80.0,1,.333,1.0,33.3,3.0,3,0,,0,0.000,Logos via Sports Logos.net / About logos,L,https://www.basketball-reference.com/boxscores/201901300BOS.html,Away,126,13:34,1,20.0,BOS,Jaylen Brown,Aron Baynes,8:57,Semi Ojeleye,7:45,Guerschon Yabusele,6:09,,,,,,,29:37,Marcus Smart,29:00,Jayson Tatum,27:04,Terry Rozier,27:04,Marcus Morris,26:45,Al Horford,24:11,Gordon Hayward,23:31,Brad Wanamaker,15:05,Daniel Theis,14:52,126,1,2,2.0,100.0,0.0,0.0,0.0,0.0,Bismack Biyombo,32,0,2018-2019,1.0,1,5.0,CHO,94,Marvin Williams,Frank Kaminsky,8:50,Willy Hernangómez,8:37,Joe Chealey,7:45,,,,,,,27:23,Nicolas Batum,26:38,Kemba Walker,26:31,Malik Monk,25:52,Jeremy Lamb,23:10,Miles Bridges,21:53,Devonte' Graham,18:56,Michael Kidd-Gilchrist,18:51,Dwayne Bacon,12:00
0,,0,0.000,1,,92,3,5,71.4,0,.000,0.0,0.0,3.0,3,1,.500,2,66.667,Logos via Sports Logos.net / About logos,W,https://www.basketball-reference.com/boxscores/201902010CHO.html,Home,100,32:01,2,28.6,MEM,Shelvin Mack,,,,,,,,,,,,,35:52,Justin Holiday,34:58,Jevon Carter,34:19,Ivan Rabb,27:43,Marc Gasol,26:30,Bruno Caboclo,22:58,Joakim Noah,21:30,JaMychal Green,19:51,Julian Washburn,16:19,92,5,1,0.0,0.0,0.0,0.0,1.0,100.0,Bismack Biyombo,8,0,2018-2019,3.0,0,7.0,CHO,100,Kemba Walker,,,,,,,,,,,,,37:14,Nicolas Batum,35:02,Marvin Williams,33:22,Malik Monk,25:38,Michael Kidd-Gilchrist,24:49,Tony Parker,21:37,Jeremy Lamb,13:48,Miles Bridges,11:05,Willy Hernangómez,5:24
0,,0,0.000,0,,118,0,1,50.0,2,.667,2.0,66.7,3.0,3,1,.500,2,66.667,Logos via Sports Logos.net / About logos,W,https://www.basketball-reference.com/boxscores/201902020CHO.html,Home,125,18:40,1,50.0,CHI,Wayne Selden,Cristiano Felício,12:23,,,,,,,,,,,34:42,Bobby Portis,33:52,Lauri Markkanen,33:01,Kris Dunn,31:38,Zach LaVine,31:21,Robin Lopez,16:44,Shaquille Harrison,16:39,Ryan Arcidiacono,16:22,Brandon Sampson,13:18,118,2,5,4.0,80.0,0.0,0.0,1.0,20.0,Bismack Biyombo,7,0,2018-2019,0.0,0,2.0,CHO,125,Kemba Walker,,,,,,,,,,,,,36:37,Marvin Williams,35:29,Nicolas Batum,31:05,Miles Bridges,26:33,Jeremy Lamb,26:12,Michael Kidd-Gilchrist,22:49,Malik Monk,20:01,Tony Parker,12:31,Willy Hernangómez,10:03
0,,0,0.000,1,,117,1,4,66.7,2,1.000,2.0,100.0,2.0,2,3,1.000,3,150.000,Logos via Sports Logos.net / About logos,L,https://www.basketball-reference.com/boxscores/201902050CHO.html,Home,115,14:17,2,33.3,LAC,Avery Bradley,Jerome Robinson,6:16,Boban Marjanović,0:00,,,,,,,,,39:56,Tobias Harris,36:11,Lou Williams,31:52,Patrick Beverley,29:35,Montrezl Harrell,27:57,Mike Scott,24:08,Shai Gilgeous-Alexander,17:39,Sindarius Thornwell,13:34,Marcin Gortat,12:52,117,0,7,4.0,57.1,0.0,0.0,3.0,42.9,Bismack Biyombo,2,0,2018-2019,1.0,0,6.0,CHO,115,Nicolas Batum,,,,,,,,,,,,,40:18,Kemba Walker,38:46,Marvin Williams,34:54,Jeremy Lamb,26:59,Cody Zeller,22:43,Michael Kidd-Gilchrist,19:28,Miles Bridges,18:52,Malik Monk,14:29,Tony Parker,9:14
0,,0,0.000,0,0.00,93,3,3,100.0,0,.000,0.0,0.0,1.0,1,2,.500,4,400.000,Logos via Sports Logos.net / About logos,L,https://www.basketball-reference.com/boxscores/201902060DAL.html,Away,99,23:06,0,0.0,DAL,Luka Dončić,Trey Burke,4:29,,,,,,,,,,,34:40,Dorian Finney-Smith,33:10,Jalen Brunson,30:24,Maxi Kleber,28:40,Dwight Powell,26:57,Tim Hardaway Jr.,26:27,Harrison Barnes,25:50,Devin Harris,14:50,Dirk Nowitzki,14:33,99,3,2,0.0,0.0,0.0,0.0,2.0,100.0,Bismack Biyombo,6,0,2018-2019,3.0,2,3.0,CHO,93,Kemba Walker,,,,,,,,,,,,,36:33,Nicolas Batum,35:16,Jeremy Lamb,28:33,Marvin Williams,26:04,Cody Zeller,24:41,Miles Bridges,21:09,Malik Monk,19:43,Michael Kidd-Gilchrist,13:28,Devonte' Graham,11:27
0,,0,0.000,0,,129,1,2,100.0,0,.000,0.0,0.0,1.0,1,0,,0,0.000,Logos via Sports Logos.net / About logos,W,https://www.basketball-reference.com/boxscores/201902090ATL.html,Away,120,4:23,0,0.0,ATL,John Collins,Alex Len,10:35,Vince Carter,10:27,Justin Anderson,0:18,,,,,,,35:10,Kevin Huerter,34:20,Trae Young,28:12,Dewayne Dedmon,27:38,Taurean Prince,27:00,Kent Bazemore,19:54,Jeremy Lin,19:48,DeAndre' Bembry,14:46,Omari Spellman,11:51,120,1,0,0.0,,0.0,,0.0,,Bismack Biyombo,9,0,2018-2019,1.0,0,2.0,CHO,129,Kemba Walker,,,,,,,,,,,,,36:57,Jeremy Lamb,36:24,Marvin Williams,34:51,Nicolas Batum,34:37,Michael Kidd-Gilchrist,29:00,Cody Zeller,25:59,Miles Bridges,16:28,Devonte' Graham,11:03,Malik Monk,10:17
0,,0,0.000,1,,90,0,2,50.0,1,1.000,1.0,100.0,1.0,1,1,.500,2,200.000,Logos via Sports Logos.net / About logos,L,https://www.basketball-reference.com/boxscores/201902110IND.html,Away,99,11:16,2,50.0,IND,Thaddeus Young,T.J. Leaf,5:28,Kyle O'Quinn,2:23,,,,,,,,,34:02,Myles Turner,33:12,Darren Collison,32:20,Bojan Bogdanović,30:31,Wesley Matthews,29:36,Domantas Sabonis,20:55,Cory Joseph,20:30,Tyreke Evans,20:27,Doug McDermott,10:36,99,1,3,2.0,66.7,0.0,0.0,1.0,33.3,Bismack Biyombo,9,1,2018-2019,1.0,0,4.0,CHO,90,Kemba Walker,Frank Kaminsky,4:25,,,,,,,,,,,38:36,Jeremy Lamb,38:29,Cody Zeller,34:45,Nicolas Batum,34:15,Marvin Williams,30:42,Michael Kidd-Gilchrist,14:52,Shelvin Mack,12:08,Miles Bridges,11:01,Malik Monk,9:31
0,,0,0.000,0,,110,0,0,,2,1.000,2.0,100.0,2.0,2,0,,0,0.000,Logos via Sports Logos.net / About logos,W,https://www.basketball-reference.com/boxscores/201902220CHO.html,Home,123,7:54,0,,WAS,Bradley Beal,Sam Dekker,1:13,,,,,,,,,,,41:58,Trevor Ariza,39:17,Jeff Green,31:18,Bobby Portis,31:17,Tomáš Satoranský,26:08,Jabari Parker,25:09,Thomas Bryant,17:13,Wesley Johnson,13:37,Chasson Randle,12:50,110,1,4,4.0,100.0,0.0,0.0,0.0,0.0,Bismack Biyombo,13,0,2018-2019,0.0,0,0.0,CHO,123,Nicolas Batum,,,,,,,,,,,,,36:54,Kemba Walker,35:47,Marvin Williams,34:15,Cody Zeller,30:47,Miles Bridges,29:13,Jeremy Lamb,22:57,Michael Kidd-Gilchrist,17:13,Tony Parker,13:29,Malik Monk,11:31
0,,0,0.000,1,,117,0,3,100.0,1,1.000,1.0,100.0,1.0,1,4,1.000,4,400.000,Logos via Sports Logos.net / About logos,L,https://www.basketball-reference.com/boxscores/201902230CHO.html,Home,115,10:35,0,0.0,BRK,D'Angelo Russell,Rodions Kurucs,9:48,,,,,,,,,,,35:26,Joe Harris,32:34,Jarrett Allen,31:28,Caris LeVert,29:39,DeMarre Carroll,25:56,Allen Crabbe,25:44,Treveon Graham,18:44,Ed Davis,16:11,Shabazz Napier,14:30,117,1,6,2.0,33.3,0.0,0.0,4.0,66.7,Bismack Biyombo,2,0,2018-2019,0.0,0,3.0,CHO,115,Kemba Walker,,,,,,,,,,,,,40:09,Nicolas Batum,37:51,Marvin Williams,30:29,Tony Parker,29:31,Cody Zeller,26:26,Michael Kidd-Gilchrist,26:13,Jeremy Lamb,18:55,Miles Bridges,12:23,Malik Monk,7:28
0,,0,0.000,0,,121,0,4,80.0,0,.000,0.0,0.0,1.0,1,3,.750,4,400.000,Logos via Sports Logos.net / About logos,L,https://www.basketball-reference.com/boxscores/201902250CHO.html,Home,110,10:40,1,20.0,GSW,Klay Thompson,Quinn Cook,1:14,,,,,,,,,,,37:14,Kevin Durant,35:38,Stephen Curry,35:03,Draymond Green,34:26,DeMarcus Cousins,31:24,Andre Iguodala,24:14,Alfonzo McKinnie,15:44,Shaun Livingston,14:08,Kevon Looney,10:55,121,0,3,0.0,0.0,0.0,0.0,3.0,100.0,Bismack Biyombo,11,0,2018-2019,0.0,0,5.0,CHO,110,Kemba Walker,,,,,,,,,,,,,40:43,Cody Zeller,37:20,Nicolas Batum,37:01,Jeremy Lamb,31:13,Marvin Williams,26:14,Miles Bridges,25:19,Tony Parker,13:04,Michael Kidd-Gilchrist,11:42,Malik Monk,6:44
0,,0,0.000,0,0.00,118,1,2,50.0,1,1.000,1.0,100.0,1.0,1,2,1.000,2,200.000,Logos via Sports Logos.net / About logos,L,https://www.basketball-reference.com/boxscores/201902270CHO.html,Home,113,12:04,2,50.0,HOU,Clint Capela,Terrence Jones,1:18,,,,,,,,,,,40:52,P.J. Tucker,35:57,James Harden,35:45,Eric Gordon,35:26,Chris Paul,32:13,Gerald Green,23:32,Austin Rivers,20:56,Kenneth Faried,8:16,Iman Shumpert,5:45,118,2,4,2.0,50.0,0.0,0.0,2.0,50.0,Bismack Biyombo,5,0,2018-2019,1.0,1,4.0,CHO,113,Nicolas Batum,,,,,,,,,,,,,41:09,Kemba Walker,36:57,Cody Zeller,33:53,Marvin Williams,33:27,Jeremy Lamb,31:59,Miles Bridges,23:26,Tony Parker,11:34,Michael Kidd-Gilchrist,10:04,Malik Monk,5:27
0,,0,0.000,0,0.00,123,0,1,50.0,0,.000,0.0,0.0,2.0,2,2,1.000,2,100.000,Logos via Sports Logos.net / About logos,W,https://www.basketball-reference.com/boxscores/201903010BRK.html,Away,112,4:57,1,50.0,BRK,D'Angelo Russell,Rondae Hollis-Jefferson,15:16,Ed Davis,9:44,Shabazz Napier,3:53,,,,,,,28:18,Joe Harris,28:00,DeMarre Carroll,26:10,Caris LeVert,23:46,Spencer Dinwiddie,23:16,Jarrett Allen,23:00,Allen Crabbe,22:44,Rodions Kurucs,17:59,Treveon Graham,17:53,112,1,2,0.0,0.0,0.0,0.0,2.0,100.0,Bismack Biyombo,11,0,2018-2019,0.0,1,2.0,CHO,123,Nicolas Batum,,,,,,,,,,,,,39:41,Marvin Williams,38:21,Kemba Walker,37:54,Jeremy Lamb,34:43,Frank Kaminsky,24:05,Cody Zeller,23:55,Tony Parker,18:26,Miles Bridges,17:56,,
0,,0,0.000,1,1.00,118,1,8,88.9,1,1.000,1.0,100.0,1.0,1,0,,0,0.000,Logos via Sports Logos.net / About logos,L,https://www.basketball-reference.com/boxscores/201903030CHO.html,Home,108,16:30,1,11.1,POR,Damian Lillard,Seth Curry,12:33,,,,,,,,,,,35:40,CJ McCollum,34:26,Al-Farouq Aminu,31:17,Jusuf Nurkić,28:34,Rodney Hood,24:17,Maurice Harkless,22:11,Enes Freedom,18:44,Jake Layman,17:14,Zach Collins,15:04,118,3,2,2.0,100.0,0.0,0.0,0.0,0.0,Bismack Biyombo,10,0,2018-2019,1.0,1,9.0,CHO,108,Nicolas Batum,,,,,,,,,,,,,41:46,Kemba Walker,38:40,Jeremy Lamb,34:27,Marvin Williams,28:53,Frank Kaminsky,27:44,Cody Zeller,21:20,Miles Bridges,16:46,Tony Parker,13:54,,
0,,0,0.000,0,,91,1,1,33.3,2,1.000,2.0,100.0,2.0,2,0,.000,2,100.000,Logos via Sports Logos.net / About logos,L,https://www.basketball-reference.com/boxscores/201903060CHO.html,Home,84,7:52,2,66.7,MIA,Kelly Olynyk,,,,,,,,,,,,,44:32,Josh Richardson,39:23,Dwyane Wade,29:51,Rodney McGruder,26:37,Bam Adebayo,25:23,Justise Winslow,25:07,Dion Waiters,24:26,Hassan Whiteside,20:14,Derrick Jones Jr.,4:24,91,2,4,4.0,100.0,0.0,0.0,0.0,0.0,Bismack Biyombo,7,0,2018-2019,1.0,0,3.0,CHO,84,Nicolas Batum,,,,,,,,,,,,,39:29,Kemba Walker,37:06,Marvin Williams,35:21,Cody Zeller,29:22,Jeremy Lamb,27:25,Frank Kaminsky,23:24,Tony Parker,21:41,Miles Bridges,18:17,,
0,,0,0.000,0,0.00,106,1,1,100.0,0,.000,0.0,0.0,1.0,1,0,,0,0.000,Logos via Sports Logos.net / About logos,L,https://www.basketball-reference.com/boxscores/201903110HOU.html,Away,118,6:49,0,0.0,HOU,James Harden,Gary Clark,1:29,,,,,,,,,,,35:00,Eric Gordon,33:08,P.J. Tucker,31:29,Clint Capela,30:48,Chris Paul,28:56,Austin Rivers,22:05,Kenneth Faried,19:30,Iman Shumpert,19:18,Gerald Green,18:17,118,2,0,0.0,,0.0,,0.0,,Bismack Biyombo,12,0,2018-2019,1.0,1,1.0,CHO,106,Kemba Walker,,,,,,,,,,,,,40:27,Jeremy Lamb,37:23,Dwayne Bacon,34:48,Miles Bridges,29:38,Malik Monk,26:09,Willy Hernangómez,24:25,Frank Kaminsky,21:42,Devonte' Graham,18:39,,
0,,0,0.000,0,,116,1,0,0.0,4,.667,4.0,66.7,6.0,6,3,.750,4,66.667,Logos via Sports Logos.net / About logos,W,https://www.basketball-reference.com/boxscores/201903150WAS.html,Away,110,16:32,4,100.0,WAS,Bradley Beal,Chasson Randle,7:59,,,,,,,,,,,44:41,Jabari Parker,35:28,Jeff Green,34:09,Trevor Ariza,30:44,Bobby Portis,24:00,Thomas Bryant,19:28,Troy Brown Jr.,17:16,Tomáš Satoranský,16:27,Sam Dekker,9:48,110,2,11,8.0,72.7,0.0,0.0,3.0,27.3,Bismack Biyombo,6,0,2018-2019,1.0,0,4.0,CHO,116,Kemba Walker,,,,,,,,,,,,,35:59,Nicolas Batum,31:45,Jeremy Lamb,29:56,Marvin Williams,29:30,Dwayne Bacon,29:17,Frank Kaminsky,23:08,Michael Kidd-Gilchrist,16:07,Tony Parker,14:39,Miles Bridges,13:07
0,,0,0.000,0,0.00,75,1,4,66.7,1,.333,1.0,33.3,3.0,3,0,,0,0.000,Logos via Sports Logos.net / About logos,L,https://www.basketball-reference.com/boxscores/201903170MIA.html,Away,93,17:10,2,33.3,MIA,Josh Richardson,Rodney McGruder,3:14,Duncan Robinson,0:11,,,,,,,,,38:07,Kelly Olynyk,30:54,Bam Adebayo,30:50,Dwyane Wade,28:28,Goran Dragić,27:32,Derrick Jones Jr.,24:11,Dion Waiters,22:17,Hassan Whiteside,17:10,James Johnson,17:06,93,4,2,2.0,100.0,0.0,0.0,0.0,0.0,Bismack Biyombo,18,0,2018-2019,1.0,2,6.0,CHO,75,Kemba Walker,Malik Monk,3:34,,,,,,,,,,,35:39,Nicolas Batum,35:02,Jeremy Lamb,33:17,Frank Kaminsky,30:28,Marvin Williams,27:45,Dwayne Bacon,17:42,Tony Parker,17:26,Michael Kidd-Gilchrist,12:03,Miles Bridges,9:54
0,,0,0.000,1,,118,0,0,0.0,3,.750,3.0,75.0,4.0,4,2,.500,4,100.000,Logos via Sports Logos.net / About logos,L,https://www.basketball-reference.com/boxscores/201903190CHO.html,Home,114,19:47,2,100.0,PHI,Tobias Harris,Boban Marjanović,10:30,,,,,,,,,,,38:50,Ben Simmons,38:29,Jimmy Butler,37:58,JJ Redick,37:11,James Ennis III,22:27,Amir Johnson,17:25,Mike Scott,14:36,Jonah Bolden,11:39,T.J. McConnell,10:55,118,3,8,6.0,75.0,0.0,0.0,2.0,25.0,Bismack Biyombo,4,0,2018-2019,0.0,0,2.0,CHO,114,Miles Bridges,Shelvin Mack,8:01,,,,,,,,,,,29:17,Jeremy Lamb,29:14,Kemba Walker,28:23,Dwayne Bacon,27:53,Nicolas Batum,26:40,Frank Kaminsky,25:08,Marvin Williams,23:15,Devonte' Graham,13:12,Michael Kidd-Gilchrist,9:10
0,,0,0.000,1,,106,0,3,75.0,4,.667,4.0,66.7,6.0,6,0,,0,0.000,Logos via Sports Logos.net / About logos,W,https://www.basketball-reference.com/boxscores/201903210CHO.html,Home,113,15:16,1,25.0,MIN,Andrew Wiggins,Cameron Reynolds,8:57,,,,,,,,,,,37:32,Tyus Jones,34:14,Karl-Anthony Towns,34:04,Josh Okogie,32:30,Dario Šarić,28:27,Anthony Tolliver,18:01,Jerryd Bayless,15:30,Keita Bates-Diop,15:27,Gorgui Dieng,15:18,106,3,8,8.0,100.0,0.0,0.0,0.0,0.0,Bismack Biyombo,7,0,2018-2019,0.0,0,4.0,CHO,113,Kemba Walker,Frank Kaminsky,8:15,,,,,,,,,,,35:11,Miles Bridges,30:29,Jeremy Lamb,28:28,Marvin Williams,25:03,Nicolas Batum,23:29,Willy Hernangómez,23:21,Dwayne Bacon,18:53,Malik Monk,18:46,Devonte' Graham,12:49
0,,0,0.000,0,,117,0,3,75.0,2,.667,2.0,66.7,3.0,3,0,.000,2,66.667,Logos via Sports Logos.net / About logos,W,https://www.basketball-reference.com/boxscores/201903230CHO.html,Home,124,8:48,1,25.0,BOS,Jayson Tatum,Robert Williams,9:32,,,,,,,,,,,36:52,Marcus Morris,35:29,Kyrie Irving,34:43,Jaylen Brown,30:22,Marcus Smart,25:17,Terry Rozier,22:35,Guerschon Yabusele,17:56,Daniel Theis,16:13,Semi Ojeleye,11:01,117,1,4,4.0,100.0,0.0,0.0,0.0,0.0,Bismack Biyombo,7,0,2018-2019,0.0,0,4.0,CHO,124,Kemba Walker,,,,,,,,,,,,,34:31,Miles Bridges,34:17,Dwayne Bacon,31:22,Marvin Williams,30:05,Jeremy Lamb,28:32,Devonte' Graham,20:31,Frank Kaminsky,17:46,Willy Hernangómez,17:21,Malik Monk,16:47
0,,0,0.000,1,1.00,115,0,2,50.0,3,.750,3.0,75.0,4.0,4,0,,0,0.000,Logos via Sports Logos.net / About logos,W,https://www.basketball-reference.com/boxscores/201903240TOR.html,Away,114,12:07,2,50.0,TOR,Pascal Siakam,Patrick McCaw,10:55,Jeremy Lin,6:02,,,,,,,,,36:02,Kawhi Leonard,33:39,Fred VanVleet,31:10,Kyle Lowry,28:18,Danny Green,26:57,Marc Gasol,22:49,Serge Ibaka,17:45,OG Anunoby,14:32,Norman Powell,11:51,114,1,6,6.0,100.0,0.0,0.0,0.0,0.0,Bismack Biyombo,1,0,2018-2019,0.0,1,4.0,CHO,115,Kemba Walker,,,,,,,,,,,,,35:22,Dwayne Bacon,33:16,Miles Bridges,33:13,Jeremy Lamb,25:01,Frank Kaminsky,23:44,Devonte' Graham,21:43,Marvin Williams,20:40,Willy Hernangómez,20:01,Malik Monk,14:53
0,,0,0.000,2,2.00,116,0,3,75.0,1,.333,1.0,33.3,3.0,3,0,,0,0.000,Logos via Sports Logos.net / About logos,W,https://www.basketball-reference.com/boxscores/201903260CHO.html,Home,125,13:07,1,25.0,SAS,LaMarcus Aldridge,Quincy Pondexter,0:28,Lonnie Walker IV,0:28,,,,,,,,,43:08,DeMar DeRozan,40:10,Marco Belinelli,32:48,Rudy Gay,32:01,Derrick White,29:25,Bryn Forbes,27:39,Jakob Poeltl,20:05,Dāvis Bertāns,19:43,Patty Mills,19:00,116,3,2,2.0,100.0,0.0,0.0,0.0,0.0,Bismack Biyombo,9,1,2018-2019,1.0,1,4.0,CHO,125,Kemba Walker,,,,,,,,,,,,,41:59,Dwayne Bacon,36:22,Miles Bridges,34:56,Frank Kaminsky,32:03,Marvin Williams,28:41,Willy Hernangómez,21:57,Devonte' Graham,21:47,Jeremy Lamb,20:42,Malik Monk,13:24
0,,0,0.000,0,0.00,115,0,7,77.8,2,.667,2.0,66.7,3.0,3,1,.500,2,66.667,Logos via Sports Logos.net / About logos,L,https://www.basketball-reference.com/boxscores/201903290LAL.html,Away,129,18:08,2,22.2,LAL,Rajon Rondo,Isaac Bonga,1:05,Scott Machado,1:05,,,,,,,,,35:19,Kentavious Caldwell-Pope,33:16,LeBron James,31:58,Kyle Kuzma,31:25,Lance Stephenson,29:23,JaVale McGee,26:32,Johnathan Williams,21:09,Alex Caruso,17:47,Moritz Wagner,11:01,129,2,5,4.0,80.0,0.0,0.0,1.0,20.0,Bismack Biyombo,14,0,2018-2019,0.0,3,9.0,CHO,115,Kemba Walker,Michael Kidd-Gilchrist,8:04,,,,,,,,,,,37:39,Dwayne Bacon,37:37,Miles Bridges,33:11,Marvin Williams,29:41,Devonte' Graham,22:41,Jeremy Lamb,19:38,Frank Kaminsky,16:05,Willy Hernangómez,9:11,Malik Monk,8:05
0,,0,0.000,1,,90,1,1,50.0,0,.000,0.0,0.0,1.0,1,0,,0,0.000,Logos via Sports Logos.net / About logos,L,https://www.basketball-reference.com/boxscores/201903310GSW.html,Away,137,8:25,1,50.0,GSW,Draymond Green,Jordan Bell,12:00,Andrew Bogut,11:08,DeMarcus Cousins,11:04,Andre Iguodala,8:02,,,,,29:05,Stephen Curry,27:28,Klay Thompson,27:15,Kevin Durant,27:10,Quinn Cook,23:23,Kevon Looney,18:17,Alfonzo McKinnie,17:38,Jonas Jerebko,15:19,Shaun Livingston,12:11,137,0,0,0.0,,0.0,,0.0,,Bismack Biyombo,47,0,2018-2019,1.0,0,2.0,CHO,90,Miles Bridges,Shelvin Mack,10:33,Malik Monk,8:52,Michael Kidd-Gilchrist,8:29,,,,,,,29:48,Dwayne Bacon,27:46,Kemba Walker,24:39,Nicolas Batum,23:32,Willy Hernangómez,22:45,Marvin Williams,20:34,Jeremy Lamb,20:14,Frank Kaminsky,19:38,Devonte' Graham,14:45
0,,0,0.000,2,,102,0,1,50.0,2,.667,2.0,66.7,3.0,3,0,,0,0.000,Logos via Sports Logos.net / About logos,L,https://www.basketball-reference.com/boxscores/201904010UTA.html,Away,111,10:59,1,50.0,UTA,Rudy Gobert,Ekpe Udoh,8:59,,,,,,,,,,,39:01,Donovan Mitchell,36:56,Joe Ingles,31:48,Ricky Rubio,29:58,Jae Crowder,25:16,Royce O'Neale,22:46,Thabo Sefolosha,22:44,Raul Neto,13:12,Georges Niang,9:20,111,0,4,4.0,100.0,0.0,0.0,0.0,0.0,Bismack Biyombo,9,0,2018-2019,0.0,0,2.0,CHO,102,Kemba Walker,Dwayne Bacon,5:28,,,,,,,,,,,36:33,Jeremy Lamb,30:30,Devonte' Graham,26:33,Miles Bridges,26:20,Malik Monk,24:48,Marvin Williams,24:13,Michael Kidd-Gilchrist,22:26,Willy Hernangómez,21:18,Frank Kaminsky,10:52
0,,0,0.000,0,0.00,115,0,5,55.6,3,.429,3.0,42.9,7.0,7,1,1.000,1,14.286,Logos via Sports Logos.net / About logos,W,https://www.basketball-reference.com/boxscores/201904030NOP.html,Away,109,21:54,4,44.4,NOP,Julius Randle,Cheick Diallo,13:25,,,,,,,,,,,34:08,Ian Clark,32:18,Elfrid Payton,28:31,Solomon Hill,24:19,Kenrich Williams,23:41,Jahlil Okafor,22:55,Stanley Johnson,22:41,Christian Wood,20:42,Dairis Bertāns,17:20,109,2,7,6.0,85.7,0.0,0.0,1.0,14.3,Bismack Biyombo,6,2,2018-2019,2.0,1,9.0,CHO,115,Kemba Walker,,,,,,,,,,,,,35:29,Miles Bridges,33:31,Jeremy Lamb,29:45,Frank Kaminsky,28:05,Dwayne Bacon,22:12,Michael Kidd-Gilchrist,20:11,Malik Monk,17:55,Devonte' Graham,16:12,Willy Hernangómez,14:46
0,,0,0.000,0,0.00,111,0,0,,0,.000,0.0,0.0,1.0,1,0,,0,0.000,Logos via Sports Logos.net / About logos,W,https://www.basketball-reference.com/boxscores/201904050CHO.html,Home,113,3:03,0,,TOR,Kyle Lowry,Jeremy Lin,10:05,,,,,,,,,,,36:16,Kawhi Leonard,31:42,Fred VanVleet,30:56,Pascal Siakam,28:56,Marc Gasol,26:46,Serge Ibaka,21:02,Norman Powell,19:40,Danny Green,18:55,OG Anunoby,15:42,111,1,0,0.0,,0.0,,0.0,,Bismack Biyombo,2,0,2018-2019,0.0,1,0.0,CHO,113,Frank Kaminsky,Willy Hernangómez,3:15,,,,,,,,,,,36:01,Kemba Walker,35:48,Dwayne Bacon,34:51,Miles Bridges,30:08,Jeremy Lamb,26:58,Michael Kidd-Gilchrist,25:11,Malik Monk,16:52,Nicolas Batum,15:56,Devonte' Graham,11:57
0,,0,0.000,2,2.00,104,0,6,66.7,2,.333,2.0,33.3,6.0,6,2,.500,4,66.667,Logos via Sports Logos.net / About logos,W,https://www.basketball-reference.com/boxscores/201904070DET.html,Away,91,21:47,3,33.3,DET,Andre Drummond,,,,,,,,,,,,,42:16,Blake Griffin,33:32,Wayne Ellington,32:33,Ish Smith,29:02,Bruce Brown,23:41,Reggie Jackson,21:56,Luke Kennard,20:16,Thon Maker,20:12,Langston Galloway,16:32,91,1,6,4.0,66.7,0.0,0.0,2.0,33.3,Bismack Biyombo,13,0,2018-2019,0.0,1,9.0,CHO,104,Kemba Walker,,,,,,,,,,,,,40:54,Miles Bridges,35:38,Dwayne Bacon,27:57,Frank Kaminsky,27:31,Jeremy Lamb,27:30,Nicolas Batum,26:08,Devonte' Graham,17:13,Malik Monk,15:22,,
0,,0,0.000,2,1.00,124,0,5,100.0,2,1.000,2.0,100.0,2.0,2,1,.500,2,100.000,Logos via Sports Logos.net / About logos,W,https://www.basketball-reference.com/boxscores/201904090CLE.html,Away,97,22:04,0,0.0,CLE,Collin Sexton,Channing Frye,7:14,Deng Adel,4:08,,,,,,,,,37:42,Larry Nance Jr.,36:50,Cedi Osman,36:37,Brandon Knight,31:09,Jordan Clarkson,23:01,Ante Žižić,21:22,Marquese Chriss,15:35,David Nwaba,14:59,Nik Stauskas,11:23,97,2,5,4.0,80.0,0.0,0.0,1.0,20.0,Bismack Biyombo,27,0,2018-2019,0.0,2,5.0,CHO,124,Nicolas Batum,Willy Hernangómez,3:02,,,,,,,,,,,31:39,Dwayne Bacon,29:09,Jeremy Lamb,27:44,Miles Bridges,27:35,Kemba Walker,27:21,Malik Monk,23:29,Frank Kaminsky,22:36,Devonte' Graham,22:19,J.P. Macura,3:02
0,,0,0.000,1,,122,0,3,50.0,2,.667,2.0,66.7,3.0,3,2,.500,4,133.333,Logos via Sports Logos.net / About logos,L,https://www.basketball-reference.com/boxscores/201904100CHO.html,Home,114,25:52,3,50.0,ORL,Aaron Gordon,,,,,,,,,,,,,32:56,Evan Fournier,31:43,D.J. Augustin,30:59,Terrence Ross,29:51,Amile Jefferson,24:41,Wes Iwundu,24:15,Khem Birch,23:19,Michael Carter-Williams,22:04,Jarell Martin,20:12,122,3,6,4.0,66.7,0.0,0.0,2.0,33.3,Bismack Biyombo,8,0,2018-2019,0.0,0,6.0,CHO,114,Miles Bridges,,,,,,,,,,,,,41:15,Kemba Walker,40:09,Dwayne Bacon,34:32,Jeremy Lamb,31:39,Frank Kaminsky,19:04,Malik Monk,17:46,Devonte' Graham,15:40,Nicolas Batum,12:34,Michael Kidd-Gilchrist,1:29
0,,0,0.000,2,2.00,121,1,3,75.0,3,.750,3.0,75.0,4.0,4,2,.333,6,150.000,Logos via Sports Logos.net / About logos,L,https://www.basketball-reference.com/boxscores/201910250CHO.html,Home,99,17:38,1,25.0,MIN,Andrew Wiggins,Jarrett Culver,13:43,Gorgui Dieng,6:15,Jordan Bell,4:51,Kelan Martin,4:51,,,,,32:40,Karl-Anthony Towns,27:43,Josh Okogie,26:29,Jake Layman,25:10,Treveon Graham,22:59,Jeff Teague,22:19,Shabazz Napier,20:50,Robert Covington,18:08,Noah Vonleh,14:02,121,4,8,6.0,75.0,0.0,0.0,2.0,25.0,Bismack Biyombo,22,0,2019-2020,1.0,1,4.0,CHO,99,P.J. Washington,Marvin Williams,12:17,Michael Kidd-Gilchrist,10:05,Jalen McDaniels,2:44,,,,,,,29:16,Devonte' Graham,27:56,Miles Bridges,27:16,Dwayne Bacon,20:54,Willy Hernangómez,19:41,Malik Monk,19:36,Caleb Martin,17:39,Terry Rozier,17:37,Cody Martin,17:21
0,,0,0.000,1,1.00,101,0,1,100.0,0,.000,0.0,0.0,1.0,1,0,,0,0.000,Logos via Sports Logos.net / About logos,L,https://www.basketball-reference.com/boxscores/201910270LAL.html,Away,120,5:24,0,0.0,LAL,LeBron James,Troy Daniels,12:09,Jared Dudley,6:54,Kostas Antetokounmpo,2:20,Zach Norvell,2:20,,,,,35:01,Anthony Davis,32:29,Avery Bradley,27:50,Danny Green,25:52,Quinn Cook,24:02,Dwight Howard,22:52,Kentavious Caldwell-Pope,18:35,JaVale McGee,16:20,Alex Caruso,13:16,120,0,0,0.0,,0.0,,0.0,,Bismack Biyombo,19,0,2019-2020,0.0,1,1.0,CHO,101,Miles Bridges,Cody Martin,1:44,Caleb Martin,1:12,,,,,,,,,37:15,Dwayne Bacon,36:40,P.J. Washington,35:45,Terry Rozier,32:02,Cody Zeller,28:40,Devonte' Graham,27:31,Marvin Williams,17:19,Malik Monk,14:08,Willy Hernangómez,2:20
0,,0,0.000,3,3.00,96,0,2,66.7,4,1.000,4.0,100.0,4.0,4,2,.667,3,75.000,Logos via Sports Logos.net / About logos,L,https://www.basketball-reference.com/boxscores/201910280LAC.html,Away,111,16:20,1,33.3,LAC,Landry Shamet,Terance Mann,1:12,Jerome Robinson,1:12,Derrick Walton,1:12,Mfiondu Kabengele,1:08,,,,,35:13,Patrick Beverley,31:06,Kawhi Leonard,29:44,Lou Williams,28:59,Montrezl Harrell,26:16,Patrick Patterson,23:29,JaMychal Green,21:50,Ivica Zubac,20:03,Maurice Harkless,18:36,111,2,10,8.0,80.0,0.0,0.0,2.0,20.0,Bismack Biyombo,15,0,2019-2020,0.0,1,3.0,CHO,96,Miles Bridges,,,,,,,,,,,,,35:56,Terry Rozier,34:05,Devonte' Graham,31:58,P.J. Washington,30:45,Cody Zeller,26:52,Dwayne Bacon,22:16,Malik Monk,20:49,Marvin Williams,17:15,Cody Martin,3:44
0,,0,,0,0.00,93,0,0,,0,,0.0,,0.0,0,0,,0,,Logos via Sports Logos.net / About logos,W,https://www.basketball-reference.com/boxscores/201911020GSW.html,Away,87,4:53,0,,GSW,Ky Bowman,,,,,,,,,,,,,38:42,Glenn Robinson III,36:22,Eric Paschall,34:59,Jordan Poole,30:45,Damion Lee,26:47,Alec Burks,24:47,Willie Cauley-Stein,21:13,Omari Spellman,18:54,Marquese Chriss,7:31,87,1,0,0.0,,0.0,,0.0,,Bismack Biyombo,6,0,2019-2020,0.0,1,0.0,CHO,93,Dwayne Bacon,,,,,,,,,,,,,37:21,Terry Rozier,36:33,P.J. Washington,32:47,Devonte' Graham,30:40,Miles Bridges,29:28,Marvin Williams,24:04,Malik Monk,20:07,Cody Zeller,19:39,Cody Martin,4:28
0,,0,0.000,0,0.00,120,2,1,16.7,6,.857,6.0,85.7,7.0,7,3,.375,8,114.286,Logos via Sports Logos.net / About logos,W,https://www.basketball-reference.com/boxscores/201911050CHO.html,Home,122,17:00,5,83.3,IND,T.J. Warren,T.J. McConnell,14:05,,,,,,,,,,,40:56,Malcolm Brogdon,38:55,Jeremy Lamb,37:58,Goga Bitadze,31:48,Justin Holiday,24:05,Aaron Holiday,23:16,JaKarr Sampson,20:24,Doug McDermott,19:05,T.J. Leaf,14:28,120,2,15,12.0,80.0,0.0,0.0,3.0,20.0,Bismack Biyombo,2,1,2019-2020,3.0,1,6.0,CHO,122,Terry Rozier,,,,,,,,,,,,,43:23,Miles Bridges,43:16,Devonte' Graham,41:58,Cody Martin,33:28,P.J. Washington,24:20,Cody Zeller,17:03,Marvin Williams,16:38,Malik Monk,14:33,Dwayne Bacon,13:21
0,,0,0.000,0,0.00,108,1,2,100.0,4,.800,4.0,80.0,5.0,5,0,,0,0.000,Logos via Sports Logos.net / About logos,L,https://www.basketball-reference.com/boxscores/201911070CHO.html,Home,87,14:24,0,0.0,BOS,Jaylen Brown,Javonte Green,12:52,Carsen Edwards,11:35,Vincent Poirier,5:34,Semi Ojeleye,4:08,,,,,32:07,Gordon Hayward,29:11,Kemba Walker,29:11,Jayson Tatum,28:53,Marcus Smart,22:14,Daniel Theis,19:51,Brad Wanamaker,16:03,Grant Williams,15:07,Robert Williams,13:12,108,2,8,8.0,100.0,0.0,0.0,0.0,0.0,Bismack Biyombo,21,0,2019-2020,1.0,1,2.0,CHO,87,Miles Bridges,Willy Hernangómez,6:10,Caleb Martin,6:10,,,,,,,,,33:21,Devonte' Graham,30:19,P.J. Washington,27:26,Terry Rozier,26:21,Malik Monk,21:36,Dwayne Bacon,21:09,Cody Zeller,19:02,Marvin Williams,17:35,Cody Martin,16:26
0,,0,0.000,0,0.00,115,0,1,50.0,1,.250,1.0,25.0,4.0,4,2,.500,4,100.000,Logos via Sports Logos.net / About logos,L,https://www.basketball-reference.com/boxscores/201911090CHO.html,Home,110,11:55,1,50.0,NOP,Jrue Holiday,Nickeil Alexander-Walker,8:21,Nicolò Melli,4:43,,,,,,,,,36:15,Brandon Ingram,35:35,Derrick Favors,29:16,JJ Redick,28:34,Kenrich Williams,28:20,Josh Hart,23:13,Jaxson Hayes,18:03,E'Twaun Moore,14:11,Frank Jackson,13:29,115,3,4,2.0,50.0,0.0,0.0,2.0,50.0,Bismack Biyombo,5,1,2019-2020,1.0,1,2.0,CHO,110,Terry Rozier,,,,,,,,,,,,,35:27,Devonte' Graham,31:09,Cody Zeller,27:52,Dwayne Bacon,26:58,Miles Bridges,25:02,P.J. Washington,24:57,Cody Martin,21:08,Malik Monk,19:14,Marvin Williams,16:18
0,,0,0.000,1,1.00,106,0,2,66.7,2,.400,2.0,40.0,5.0,5,3,.750,4,80.000,Logos via Sports Logos.net / About logos,L,https://www.basketball-reference.com/boxscores/201911100PHI.html,Away,114,12:59,1,33.3,PHI,Josh Richardson,Kyle O'Quinn,8:02,Jonah Bolden,2:34,Matisse Thybulle,2:34,,,,,,,32:29,Tobias Harris,29:21,Raul Neto,28:41,Furkan Korkmaz,27:57,Al Horford,26:46,Joel Embiid,25:48,Mike Scott,21:05,Trey Burke,19:19,James Ennis III,15:24,114,2,7,4.0,57.1,0.0,0.0,3.0,42.9,Bismack Biyombo,8,0,2019-2020,0.0,1,3.0,CHO,106,Miles Bridges,,,,,,,,,,,,,38:12,P.J. Washington,36:52,Devonte' Graham,33:39,Cody Zeller,26:58,Malik Monk,26:40,Terry Rozier,22:21,Dwayne Bacon,16:30,Marvin Williams,15:07,Cody Martin,10:42
0,,0,0.000,0,,119,0,0,,1,.500,1.0,50.0,2.0,2,0,,0,0.000,Logos via Sports Logos.net / About logos,L,https://www.basketball-reference.com/boxscores/201911130CHO.html,Home,117,12:06,0,,MEM,Jae Crowder,Kyle Anderson,17:24,,,,,,,,,,,31:34,Ja Morant,30:03,Jaren Jackson Jr.,29:19,Dillon Brooks,28:24,Jonas Valančiūnas,23:00,Solomon Hill,21:41,Brandon Clarke,21:02,Marko Gudurić,19:36,Tyus Jones,17:56,119,0,2,2.0,100.0,0.0,0.0,0.0,0.0,Bismack Biyombo,2,2,2019-2020,2.0,0,0.0,CHO,117,Terry Rozier,,,,,,,,,,,,,36:39,Devonte' Graham,34:16,Cody Zeller,33:34,Miles Bridges,33:18,Malik Monk,29:14,P.J. Washington,26:37,Cody Martin,21:07,Marvin Williams,13:09,,
0,,0,0.000,1,,106,1,1,33.3,3,.429,3.0,42.9,7.0,7,4,.667,6,85.714,Logos via Sports Logos.net / About logos,W,https://www.basketball-reference.com/boxscores/201911150CHO.html,Home,109,20:00,2,66.7,DET,Andre Drummond,Christian Wood,6:23,Thon Maker,3:28,,,,,,,,,38:09,Langston Galloway,37:34,Luke Kennard,37:29,Blake Griffin,29:38,Derrick Rose,26:02,Bruce Brown,22:29,Markieff Morris,18:22,Svi Mykhailiuk,11:50,Tony Snell,8:36,106,3,10,6.0,60.0,0.0,0.0,4.0,40.0,Bismack Biyombo,3,0,2019-2020,1.0,0,3.0,CHO,109,Devonte' Graham,,,,,,,,,,,,,38:27,Terry Rozier,32:40,Marvin Williams,29:08,Cody Zeller,28:00,Cody Martin,26:18,Miles Bridges,24:39,Malik Monk,21:57,P.J. Washington,18:51,,
0,,0,0.000,0,,103,0,0,0.0,2,.667,2.0,66.7,3.0,3,0,.000,1,33.333,Logos via Sports Logos.net / About logos,W,https://www.basketball-reference.com/boxscores/201911160NYK.html,Away,102,9:04,1,100.0,NYK,Frank Ntilikina,Dennis Smith Jr.,10:28,Wayne Ellington,0:02,,,,,,,,,35:46,RJ Barrett,30:44,Marcus Morris,29:59,Mitchell Robinson,26:42,Julius Randle,25:36,Damyean Dotson,22:49,Bobby Portis,22:20,Taj Gibson,21:20,Kevin Knox,14:14,102,1,4,4.0,100.0,0.0,0.0,0.0,0.0,Bismack Biyombo,1,0,2019-2020,0.0,0,1.0,CHO,103,P.J. Washington,,,,,,,,,,,,,36:58,Devonte' Graham,36:20,Terry Rozier,35:59,Nicolas Batum,29:08,Malik Monk,26:06,Cody Zeller,25:24,Marvin Williams,24:28,Miles Bridges,14:47,Cody Martin,1:46
0,,0,0.000,0,,96,2,2,100.0,5,.714,5.0,71.4,7.0,7,3,.375,8,114.286,Logos via Sports Logos.net / About logos,L,https://www.basketball-reference.com/boxscores/201911180TOR.html,Away,132,19:55,0,0.0,TOR,Pascal Siakam,Malcolm Miller,6:22,Dewan Hernandez,6:22,Oshae Brissett,5:19,,,,,,,34:42,Fred VanVleet,30:47,Marc Gasol,29:13,OG Anunoby,27:20,Norman Powell,25:15,Terence Davis,20:40,Rondae Hollis-Jefferson,20:12,Chris Boucher,18:15,Matt Thomas,15:33,132,1,13,10.0,76.9,0.0,0.0,3.0,23.1,Bismack Biyombo,36,0,2019-2020,2.0,0,2.0,CHO,96,Miles Bridges,Cody Martin,10:01,Dwayne Bacon,8:21,Michael Kidd-Gilchrist,8:21,,,,,,,27:43,Terry Rozier,26:23,Devonte' Graham,26:07,Nicolas Batum,24:54,Marvin Williams,23:30,Malik Monk,22:30,P.J. Washington,16:35,Cody Zeller,15:39,Willy Hernangómez,10:01
0,,0,0.000,1,,91,1,4,57.1,2,.500,2.0,50.0,4.0,4,6,1.000,6,150.000,Logos via Sports Logos.net / About logos,L,https://www.basketball-reference.com/boxscores/201911200BRK.html,Away,101,16:50,3,42.9,BRK,Joe Harris,,,,,,,,,,,,,37:28,Spencer Dinwiddie,36:50,Taurean Prince,32:51,Garrett Temple,30:30,Jarrett Allen,27:34,DeAndre Jordan,20:26,Džanan Musa,19:34,Iman Shumpert,19:08,Theo Pinson,15:37,101,2,10,4.0,40.0,0.0,0.0,6.0,60.0,Bismack Biyombo,10,1,2019-2020,2.0,0,7.0,CHO,91,Devonte' Graham,,,,,,,,,,,,,38:15,Miles Bridges,33:16,Terry Rozier,32:31,Malik Monk,27:51,Nicolas Batum,25:37,Marvin Williams,24:24,Cody Zeller,15:17,Dwayne Bacon,13:57,P.J. Washington,12:02
0,,0,0.000,0,,118,0,5,100.0,2,1.000,2.0,100.0,2.0,2,0,,0,0.000,Logos via Sports Logos.net / About logos,L,https://www.basketball-reference.com/boxscores/201911220WAS.html,Away,125,6:40,0,0.0,WAS,Bradley Beal,C.J. Miles,12:25,,,,,,,,,,,42:13,Thomas Bryant,34:23,Dāvis Bertāns,28:04,Ish Smith,26:40,Rui Hachimura,21:20,Isaiah Thomas,21:20,Troy Brown Jr.,20:11,Jordan McRae,19:47,Moritz Wagner,13:37,125,0,4,4.0,100.0,0.0,0.0,0.0,0.0,Bismack Biyombo,7,0,2019-2020,0.0,0,5.0,CHO,118,Devonte' Graham,,,,,,,,,,,,,35:45,Miles Bridges,34:51,Terry Rozier,34:09,P.J. Washington,29:05,Nicolas Batum,28:01,Cody Zeller,21:54,Malik Monk,21:52,Marvin Williams,21:01,Dwayne Bacon,6:39
0,,0,0.000,1,,116,2,8,66.7,5,.556,5.0,55.6,9.0,9,1,.500,2,22.222,Logos via Sports Logos.net / About logos,L,https://www.basketball-reference.com/boxscores/201911230CHO.html,Home,115,23:13,4,33.3,CHI,Zach LaVine,Thaddeus Young,13:33,,,,,,,,,,,34:44,Wendell Carter Jr.,34:24,Coby White,34:18,Tomáš Satoranský,27:33,Ryan Arcidiacono,24:03,Lauri Markkanen,23:40,Kris Dunn,20:27,Shaquille Harrison,13:42,Daniel Gafford,13:36,116,4,11,10.0,90.9,0.0,0.0,1.0,9.1,Bismack Biyombo,1,1,2019-2020,3.0,0,12.0,CHO,115,Devonte' Graham,,,,,,,,,,,,,38:45,Miles Bridges,35:10,Terry Rozier,34:23,Cody Zeller,24:47,P.J. Washington,22:11,Marvin Williams,21:37,Malik Monk,18:39,Nicolas Batum,16:13,Cody Martin,5:02
0,,0,0.000,1,1.00,100,0,3,60.0,4,.571,4.0,57.1,7.0,7,3,.750,4,57.143,Logos via Sports Logos.net / About logos,L,https://www.basketball-reference.com/boxscores/201911250MIA.html,Away,117,21:57,2,40.0,MIA,Bam Adebayo,,,,,,,,,,,,,34:07,Kelly Olynyk,31:59,Kendrick Nunn,31:12,Jimmy Butler,31:05,Tyler Herro,29:43,Goran Dragić,28:23,Duncan Robinson,22:23,Meyers Leonard,17:19,Chris Silva,13:49,117,3,11,8.0,72.7,0.0,0.0,3.0,27.3,Bismack Biyombo,17,0,2019-2020,0.0,1,5.0,CHO,100,Devonte' Graham,Cody Martin,6:10,Willy Hernangómez,3:33,,,,,,,,,34:10,Terry Rozier,32:21,Miles Bridges,30:39,P.J. Washington,23:28,Malik Monk,20:26,Nicolas Batum,18:33,Cody Zeller,16:46,Marvin Williams,16:04,Dwayne Bacon,15:53
0,,0,0.000,1,,101,2,6,66.7,8,.727,8.0,72.7,11.0,11,3,.600,5,45.455,Logos via Sports Logos.net / About logos,W,https://www.basketball-reference.com/boxscores/201911270CHO.html,Home,102,34:00,3,33.3,DET,Andre Drummond,Christian Wood,10:04,,,,,,,,,,,37:56,Luke Kennard,34:58,Blake Griffin,30:44,Langston Galloway,28:53,Derrick Rose,25:15,Bruce Brown,22:45,Tony Snell,19:31,Markieff Morris,17:16,Svi Mykhailiuk,12:38,101,4,19,16.0,84.2,0.0,0.0,3.0,15.8,Bismack Biyombo,1,0,2019-2020,2.0,0,9.0,CHO,102,Devonte' Graham,,,,,,,,,,,,,37:04,Terry Rozier,34:28,Nicolas Batum,30:57,Miles Bridges,30:22,Marvin Williams,24:20,P.J. Washington,21:00,Malik Monk,16:30,Willy Hernangómez,6:18,Cody Martin,5:01
0,,0,0.000,2,0.67,110,2,4,44.4,6,.500,6.0,50.0,12.0,12,1,.333,3,25.000,Logos via Sports Logos.net / About logos,W,https://www.basketball-reference.com/boxscores/201911290DET.html,Away,107,33:51,5,55.6,DET,Andre Drummond,Christian Wood,10:14,,,,,,,,,,,37:38,Luke Kennard,33:19,Blake Griffin,31:44,Langston Galloway,27:11,Bruce Brown,26:16,Derrick Rose,21:52,Tony Snell,20:57,Markieff Morris,16:16,Svi Mykhailiuk,14:33,107,2,13,12.0,92.3,0.0,0.0,1.0,7.7,Bismack Biyombo,3,0,2019-2020,2.0,3,9.0,CHO,110,Devonte' Graham,,,,,,,,,,,,,37:28,Terry Rozier,34:53,P.J. Washington,34:30,Miles Bridges,27:36,Nicolas Batum,26:44,Marvin Williams,22:50,Malik Monk,22:08,,,,
0,,0,0.000,2,2.00,96,0,2,100.0,0,.000,0.0,0.0,3.0,3,0,,0,0.000,Logos via Sports Logos.net / About logos,L,https://www.basketball-reference.com/boxscores/201911300MIL.html,Away,137,10:00,0,0.0,MIL,D.J. Wilson,Ersan İlyasova,15:35,George Hill,15:21,Dragan Bender,13:31,Frank Mason III,10:02,,,,,23:45,Robin Lopez,23:32,Eric Bledsoe,22:37,Wesley Matthews,21:20,Donte DiVincenzo,19:44,Giannis Antetokounmpo,19:37,Pat Connaughton,19:29,Kyle Korver,19:21,Khris Middleton,16:06,137,1,0,0.0,,0.0,,0.0,,Bismack Biyombo,41,0,2019-2020,0.0,1,2.0,CHO,96,Miles Bridges,Willy Hernangómez,8:53,,,,,,,,,,,34:21,P.J. Washington,32:31,Terry Rozier,30:18,Devonte' Graham,28:32,Malik Monk,24:01,Cody Zeller,19:58,Dwayne Bacon,19:42,Marvin Williams,18:38,Nicolas Batum,13:06
0,,0,0.000,1,,109,2,7,63.6,3,.375,3.0,37.5,8.0,8,3,.600,5,62.500,Logos via Sports Logos.net / About logos,L,https://www.basketball-reference.com/boxscores/201912020CHO.html,Home,104,25:58,4,36.4,PHO,Devin Booker,,,,,,,,,,,,,38:23,Kelly Oubre Jr.,37:41,Ricky Rubio,35:37,Frank Kaminsky,33:22,Dario Šarić,32:03,Mikal Bridges,30:15,Ty Jerome,12:23,Cameron Johnson,10:37,Jevon Carter,9:37,109,1,9,6.0,66.7,0.0,0.0,3.0,33.3,Bismack Biyombo,5,0,2019-2020,2.0,0,11.0,CHO,104,Devonte' Graham,,,,,,,,,,,,,38:49,Terry Rozier,33:49,Marvin Williams,31:12,Miles Bridges,24:37,Malik Monk,21:46,Cody Zeller,18:25,P.J. Washington,18:19,Dwayne Bacon,16:02,Nicolas Batum,11:01
0,,0,0.000,1,,91,1,4,100.0,1,.333,1.0,33.3,3.0,3,0,,0,0.000,Logos via Sports Logos.net / About logos,W,https://www.basketball-reference.com/boxscores/201912040CHO.html,Home,106,17:34,0,0.0,GSW,Eric Paschall,Kevon Looney,12:18,Jordan Poole,11:08,,,,,,,,,36:11,Glenn Robinson III,30:17,Alec Burks,30:13,D'Angelo Russell,24:47,Draymond Green,24:36,Ky Bowman,24:31,Willie Cauley-Stein,17:57,Marquese Chriss,14:48,Omari Spellman,13:11,91,5,2,2.0,100.0,0.0,0.0,0.0,0.0,Bismack Biyombo,15,0,2019-2020,1.0,0,4.0,CHO,106,Devonte' Graham,,,,,,,,,,,,,35:54,Terry Rozier,35:38,P.J. Washington,33:27,Marvin Williams,27:21,Nicolas Batum,24:47,Miles Bridges,18:35,Cody Zeller,17:38,Malik Monk,15:55,Dwayne Bacon,13:10
0,,0,0.000,1,1.00,111,0,2,50.0,1,.500,1.0,50.0,2.0,2,0,,0,0.000,Logos via Sports Logos.net / About logos,L,https://www.basketball-reference.com/boxscores/201912060CHO.html,Home,104,14:18,2,50.0,BRK,Garrett Temple,Džanan Musa,11:59,,,,,,,,,,,32:52,Spencer Dinwiddie,32:51,Taurean Prince,31:59,Joe Harris,30:29,DeAndre Jordan,25:53,Jarrett Allen,22:07,Iman Shumpert,21:31,David Nwaba,16:01,Theo Pinson,14:18,111,0,2,2.0,100.0,0.0,0.0,0.0,0.0,Bismack Biyombo,7,0,2019-2020,0.0,1,4.0,CHO,104,Terry Rozier,,,,,,,,,,,,,35:34,P.J. Washington,34:42,Devonte' Graham,33:36,Nicolas Batum,33:05,Cody Zeller,22:54,Miles Bridges,21:43,Malik Monk,16:52,Marvin Williams,15:44,Dwayne Bacon,11:32
0,,0,0.000,0,0.00,122,0,2,50.0,4,.500,4.0,50.0,8.0,8,3,.750,4,50.000,Logos via Sports Logos.net / About logos,L,https://www.basketball-reference.com/boxscores/201912080CHO.html,Home,107,14:47,2,50.0,ATL,Trae Young,DeAndre' Bembry,7:36,Bruno Fernando,5:59,,,,,,,,,35:00,Cam Reddish,29:30,De'Andre Hunter,27:51,Jabari Parker,26:38,Kevin Huerter,23:52,Allen Crabbe,22:41,Damian Jones,21:14,Vince Carter,20:25,Alex Len,19:14,122,1,11,8.0,72.7,0.0,0.0,3.0,27.3,Bismack Biyombo,15,0,2019-2020,0.0,1,4.0,CHO,107,Miles Bridges,Cody Martin,3:00,Willy Hernangómez,3:00,,,,,,,,,37:41,Terry Rozier,34:43,Devonte' Graham,34:08,P.J. Washington,32:35,Michael Kidd-Gilchrist,22:48,Cody Zeller,20:58,Malik Monk,16:48,Dwayne Bacon,16:32,Caleb Martin,3:00
0,,0,0.000,0,,107,0,10,66.7,4,.667,4.0,66.7,6.0,6,5,.833,6,100.000,Logos via Sports Logos.net / About logos,W,https://www.basketball-reference.com/boxscores/201912100CHO.html,Home,114,23:35,5,33.3,WAS,Ish Smith,Admiral Schofield,0:03,,,,,,,,,,,38:12,Bradley Beal,36:46,Rui Hachimura,32:49,Dāvis Bertāns,30:03,Troy Brown Jr.,28:10,Moritz Wagner,25:44,Ian Mahinmi,20:22,Isaac Bonga,14:19,Chris Chiozza,13:32,107,3,13,8.0,61.5,0.0,0.0,5.0,38.5,Bismack Biyombo,7,0,2019-2020,0.0,0,15.0,CHO,114,P.J. Washington,,,,,,,,,,,,,39:45,Miles Bridges,38:02,Terry Rozier,37:45,Devonte' Graham,35:31,Cody Zeller,22:23,Michael Kidd-Gilchrist,15:11,Malik Monk,15:03,Nicolas Batum,12:45,,
0,,0,0.000,1,,113,1,2,33.3,2,.500,2.0,50.0,4.0,4,0,,0,0.000,Logos via Sports Logos.net / About logos,W,https://www.basketball-reference.com/boxscores/201912110BRK.html,Away,108,24:26,4,66.7,BRK,Taurean Prince,Iman Shumpert,14:29,,,,,,,,,,,34:21,Spencer Dinwiddie,32:46,Garrett Temple,31:59,Joe Harris,29:26,Jarrett Allen,26:11,DeAndre Jordan,21:30,David Nwaba,17:58,Džanan Musa,16:00,Theo Pinson,15:18,108,4,4,4.0,100.0,0.0,0.0,0.0,0.0,Bismack Biyombo,5,0,2019-2020,1.0,0,6.0,CHO,113,P.J. Washington,,,,,,,,,,,,,37:19,Devonte' Graham,37:04,Miles Bridges,35:38,Terry Rozier,34:57,Cody Martin,23:40,Cody Zeller,20:07,Michael Kidd-Gilchrist,19:52,Dwayne Bacon,6:54,,
0,,0,0.000,1,,83,1,5,55.6,4,.667,4.0,66.7,6.0,6,4,.667,6,100.000,Logos via Sports Logos.net / About logos,W,https://www.basketball-reference.com/boxscores/201912130CHI.html,Away,73,24:01,4,44.4,CHI,Zach LaVine,Denzel Valentine,17:43,,,,,,,,,,,35:15,Thaddeus Young,26:33,Tomáš Satoranský,25:44,Lauri Markkanen,25:34,Kris Dunn,23:39,Wendell Carter Jr.,23:35,Ryan Arcidiacono,21:16,Coby White,20:23,Daniel Gafford,20:18,73,2,12,8.0,66.7,0.0,0.0,4.0,33.3,Bismack Biyombo,10,0,2019-2020,1.0,0,9.0,CHO,83,P.J. Washington,,,,,,,,,,,,,37:57,Devonte' Graham,37:02,Terry Rozier,36:12,Miles Bridges,35:46,Cody Zeller,23:59,Michael Kidd-Gilchrist,20:03,Cody Martin,15:57,Malik Monk,9:03,,
0,,0,0.000,2,1.00,85,1,9,52.9,5,.500,5.0,50.0,10.0,10,1,.500,2,20.000,Logos via Sports Logos.net / About logos,L,https://www.basketball-reference.com/boxscores/201912150IND.html,Away,107,27:42,8,47.1,IND,Domantas Sabonis,Goga Bitadze,7:58,Edmond Sumner,3:04,T.J. Leaf,3:04,Alize Johnson,2:22,,,,,34:04,T.J. Warren,26:18,Myles Turner,25:56,Malcolm Brogdon,25:20,Jeremy Lamb,24:41,T.J. McConnell,22:40,Justin Holiday,21:49,Doug McDermott,21:47,Aaron Holiday,20:57,107,4,11,10.0,90.9,0.0,0.0,1.0,9.1,Bismack Biyombo,22,0,2019-2020,1.0,2,17.0,CHO,85,Devonte' Graham,Jalen McDaniels,3:47,Dwayne Bacon,3:47,,,,,,,,,37:20,Miles Bridges,34:59,Cody Zeller,29:18,Cody Martin,27:36,Terry Rozier,25:16,Malik Monk,25:00,Michael Kidd-Gilchrist,17:41,Willy Hernangómez,3:47,Caleb Martin,3:47
0,,0,0.000,2,0.67,102,0,7,58.3,4,.571,4.0,57.1,7.0,7,2,1.000,2,28.571,Logos via Sports Logos.net / About logos,W,https://www.basketball-reference.com/boxscores/201912170CHO.html,Home,110,24:42,5,41.7,SAC,Harrison Barnes,,,,,,,,,,,,,37:23,Nemanja Bjelica,30:29,De'Aaron Fox,29:43,Buddy Hield,29:29,Bogdan Bogdanović,29:22,Marvin Bagley III,22:16,Richaun Holmes,21:33,Cory Joseph,20:47,Trevor Ariza,18:58,102,3,10,8.0,80.0,0.0,0.0,2.0,20.0,Bismack Biyombo,8,0,2019-2020,0.0,3,12.0,CHO,110,Devonte' Graham,,,,,,,,,,,,,38:00,Terry Rozier,32:57,Cody Zeller,31:25,Malik Monk,26:41,Marvin Williams,25:16,Cody Martin,25:13,Miles Bridges,21:19,Michael Kidd-Gilchrist,14:27,,
0,,0,0.000,2,2.00,98,1,2,28.6,2,.500,2.0,50.0,4.0,4,0,.000,3,75.000,Logos via Sports Logos.net / About logos,L,https://www.basketball-reference.com/boxscores/201912180CLE.html,Away,100,18:30,5,71.4,CLE,Tristan Thompson,John Henson,11:09,,,,,,,,,,,36:32,Kevin Love,32:22,Cedi Osman,32:11,Collin Sexton,30:57,Darius Garland,27:08,Jordan Clarkson,24:46,Larry Nance Jr.,15:57,Kevin Porter Jr.,15:49,Matthew Dellavedova,13:09,100,2,4,4.0,100.0,0.0,0.0,0.0,0.0,Bismack Biyombo,2,0,2019-2020,1.0,1,7.0,CHO,98,Devonte' Graham,,,,,,,,,,,,,38:09,Terry Rozier,37:30,Cody Zeller,31:03,Marvin Williams,29:18,Cody Martin,28:34,Miles Bridges,20:45,Michael Kidd-Gilchrist,12:42,Malik Monk,11:52,Dwayne Bacon,11:37
0,,0,0.000,0,,114,0,2,50.0,1,.250,1.0,25.0,4.0,4,0,,0,0.000,Logos via Sports Logos.net / About logos,L,https://www.basketball-reference.com/boxscores/201912210CHO.html,Home,107,22:20,2,50.0,UTA,Joe Ingles,Tony Bradley,2:54,,,,,,,,,,,38:52,Rudy Gobert,36:45,Bojan Bogdanović,36:26,Donovan Mitchell,35:13,Royce O'Neale,35:07,Emmanuel Mudiay,21:35,Jeff Green,14:39,Georges Niang,11:31,Ed Davis,6:58,114,3,2,2.0,100.0,0.0,0.0,0.0,0.0,Bismack Biyombo,7,0,2019-2020,0.0,0,4.0,CHO,107,Devonte' Graham,,,,,,,,,,,,,38:05,Terry Rozier,36:13,Nicolas Batum,29:35,Miles Bridges,26:30,Marvin Williams,24:56,Cody Zeller,23:02,Cody Martin,21:33,Malik Monk,17:46,,
0,,0,0.000,2,,93,2,3,100.0,8,.727,8.0,72.7,11.0,11,2,.667,3,27.273,Logos via Sports Logos.net / About logos,L,https://www.basketball-reference.com/boxscores/201912220BOS.html,Away,119,27:27,0,0.0,BOS,Jayson Tatum,Semi Ojeleye,11:01,Tacko Fall,2:36,,,,,,,,,35:51,Jaylen Brown,32:17,Kemba Walker,30:07,Brad Wanamaker,27:06,Enes Freedom,24:23,Romeo Langford,23:10,Grant Williams,22:12,Javonte Green,16:00,Daniel Theis,15:17,119,2,18,16.0,88.9,0.0,0.0,2.0,11.1,Bismack Biyombo,26,0,2019-2020,2.0,0,3.0,CHO,93,Terry Rozier,Dwayne Bacon,3:42,Willy Hernangómez,3:25,,,,,,,,,38:03,Devonte' Graham,32:07,Miles Bridges,31:38,Nicolas Batum,21:43,Cody Martin,20:49,Malik Monk,20:08,Marvin Williams,18:45,Cody Zeller,16:47,Michael Kidd-Gilchrist,5:26
0,,0,0.000,1,,104,2,5,50.0,3,.600,3.0,60.0,5.0,5,4,.667,6,120.000,Logos via Sports Logos.net / About logos,L,https://www.basketball-reference.com/boxscores/201912270CHO.html,Home,102,27:32,5,50.0,OKC,Shai Gilgeous-Alexander,Luguentz Dort,16:48,,,,,,,,,,,36:01,Dennis Schröder,35:03,Chris Paul,34:55,Steven Adams,33:39,Terrance Ferguson,29:07,Darius Bazley,21:52,Deonte Burton,21:02,Nerlens Noel,19:14,Abdel Nader,17:16,104,5,10,6.0,60.0,0.0,0.0,4.0,40.0,Bismack Biyombo,2,0,2019-2020,2.0,0,10.0,CHO,102,Devonte' Graham,,,,,,,,,,,,,46:24,P.J. Washington,37:06,Terry Rozier,36:00,Miles Bridges,28:48,Cody Zeller,23:49,Malik Monk,23:06,Cody Martin,21:41,Marvin Williams,14:21,Dwayne Bacon,6:10
0,,0,0.000,0,,104,2,4,66.7,3,.600,3.0,60.0,5.0,5,4,.667,6,120.000,Logos via Sports Logos.net / About logos,L,https://www.basketball-reference.com/boxscores/201912290MEM.html,Away,117,20:35,2,33.3,MEM,Ja Morant,Tyus Jones,19:38,Bruno Caboclo,1:28,John Konchar,1:28,,,,,,,28:22,Grayson Allen,25:42,Jaren Jackson Jr.,25:28,Brandon Clarke,25:05,Dillon Brooks,23:18,De'Anthony Melton,23:09,Jonas Valančiūnas,22:51,Kyle Anderson,22:23,Solomon Hill,21:07,117,1,10,6.0,60.0,0.0,0.0,4.0,40.0,Bismack Biyombo,13,0,2019-2020,2.0,0,6.0,CHO,104,Terry Rozier,Willy Hernangómez,2:19,Dwayne Bacon,2:19,,,,,,,,,37:08,Devonte' Graham,34:58,P.J. Washington,28:12,Miles Bridges,26:09,Malik Monk,25:59,Marvin Williams,23:23,Cody Zeller,19:12,Cody Martin,15:09,Michael Kidd-Gilchrist,4:36
0,,0,0.000,1,1.00,109,0,2,66.7,4,.800,4.0,80.0,5.0,5,0,,0,0.000,Logos via Sports Logos.net / About logos,L,https://www.basketball-reference.com/boxscores/201912310CHO.html,Home,92,16:03,1,33.3,BOS,Jayson Tatum,Grant Williams,9:10,Romeo Langford,2:20,,,,,,,,,36:15,Gordon Hayward,34:56,Kemba Walker,30:40,Marcus Smart,30:29,Enes Freedom,22:35,Daniel Theis,22:31,Brad Wanamaker,21:09,Semi Ojeleye,20:40,Javonte Green,9:15,109,1,8,8.0,100.0,0.0,0.0,0.0,0.0,Bismack Biyombo,17,1,2019-2020,1.0,1,3.0,CHO,92,Devonte' Graham,Willy Hernangómez,2:05,,,,,,,,,,,37:45,P.J. Washington,35:51,Terry Rozier,34:17,Miles Bridges,32:14,Dwayne Bacon,18:28,Cody Martin,17:58,Cody Zeller,17:44,Malik Monk,15:02,Marvin Williams,12:33
0,,0,0.000,0,,109,0,4,66.7,4,.571,4.0,57.1,7.0,7,0,,0,0.000,Logos via Sports Logos.net / About logos,W,https://www.basketball-reference.com/boxscores/202001020CLE.html,Away,106,23:35,2,33.3,CLE,Collin Sexton,Matthew Dellavedova,10:42,,,,,,,,,,,36:29,Darius Garland,34:07,Kevin Love,31:14,Tristan Thompson,30:52,Cedi Osman,26:27,Kevin Porter Jr.,24:07,Larry Nance Jr.,19:04,John Henson,14:49,Dante Exum,12:07,106,0,8,8.0,100.0,0.0,0.0,0.0,0.0,Bismack Biyombo,3,0,2019-2020,0.0,0,6.0,CHO,109,Devonte' Graham,,,,,,,,,,,,,41:23,Terry Rozier,38:36,P.J. Washington,35:15,Dwayne Bacon,28:27,Miles Bridges,22:56,Cody Zeller,19:46,Malik Monk,16:00,Marvin Williams,13:59,,
0,,0,0.000,0,0.00,123,0,9,69.2,4,.444,4.0,44.4,9.0,9,3,1.000,3,33.333,Logos via Sports Logos.net / About logos,W,https://www.basketball-reference.com/boxscores/202001040DAL.html,Away,120,36:37,4,30.8,DAL,Luka Dončić,Boban Marjanović,3:13,Josh Reaves,0:03,,,,,,,,,43:02,Dorian Finney-Smith,38:17,Dwight Powell,37:56,Maxi Kleber,34:31,J.J. Barea,32:33,Justin Jackson,28:50,Seth Curry,25:36,Jalen Brunson,14:26,Delon Wright,6:33,120,5,11,8.0,72.7,0.0,0.0,3.0,27.3,Bismack Biyombo,3,0,2019-2020,0.0,4,13.0,CHO,123,Devonte' Graham,,,,,,,,,,,,,44:09,Terry Rozier,41:37,P.J. Washington,38:44,Miles Bridges,35:09,Dwayne Bacon,24:34,Marvin Williams,15:01,Cody Zeller,14:37,Malik Monk,14:15,Cody Martin,0:17
0,,0,0.000,0,0.00,115,1,5,71.4,1,.200,1.0,20.0,5.0,5,0,,0,0.000,Logos via Sports Logos.net / About logos,L,https://www.basketball-reference.com/boxscores/202001060CHO.html,Home,104,22:52,2,28.6,IND,Domantas Sabonis,Goga Bitadze,2:41,JaKarr Sampson,1:04,,,,,,,,,37:35,Myles Turner,35:30,T.J. Warren,33:46,Jeremy Lamb,31:36,Aaron Holiday,26:38,T.J. McConnell,21:22,Doug McDermott,18:24,Edmond Sumner,16:24,Justin Holiday,15:00,115,1,2,2.0,100.0,0.0,0.0,0.0,0.0,Bismack Biyombo,11,0,2019-2020,1.0,2,7.0,CHO,104,Terry Rozier,,,,,,,,,,,,,39:37,Miles Bridges,35:10,Devonte' Graham,33:45,P.J. Washington,31:50,Cody Zeller,23:26,Dwayne Bacon,19:43,Malik Monk,17:29,Cody Martin,16:08,,
0,,0,0.000,3,0.75,112,2,3,42.9,2,.500,2.0,50.0,4.0,4,2,.500,4,100.000,Logos via Sports Logos.net / About logos,L,https://www.basketball-reference.com/boxscores/202001080CHO.html,Home,110,31:47,4,57.1,TOR,Patrick McCaw,Stanley Johnson,7:42,,,,,,,,,,,42:53,Kyle Lowry,42:33,Serge Ibaka,39:16,Terence Davis,37:23,OG Anunoby,36:02,Rondae Hollis-Jefferson,22:09,Matt Thomas,13:51,Chris Boucher,13:39,Oshae Brissett,9:32,112,4,6,4.0,66.7,0.0,0.0,2.0,33.3,Bismack Biyombo,2,0,2019-2020,2.0,4,7.0,CHO,110,Terry Rozier,,,,,,,,,,,,,45:39,Devonte' Graham,41:49,P.J. Washington,40:23,Miles Bridges,35:13,Dwayne Bacon,25:14,Malik Monk,24:04,Cody Zeller,20:51,,,,
0,,0,0.000,2,,92,0,7,77.8,2,.400,2.0,40.0,5.0,5,4,1.000,4,80.000,Logos via Sports Logos.net / About logos,L,https://www.basketball-reference.com/boxscores/202001100UTA.html,Away,109,16:37,2,22.2,UTA,Rudy Gobert,Tony Bradley,13:17,Juwan Morgan,8:21,Ed Davis,5:36,,,,,,,29:07,Emmanuel Mudiay,28:00,Jordan Clarkson,25:43,Bojan Bogdanović,25:16,Royce O'Neale,24:20,Donovan Mitchell,22:20,Joe Ingles,21:19,Georges Niang,19:54,Rayjon Tucker,16:47,109,4,8,4.0,50.0,0.0,0.0,4.0,50.0,Bismack Biyombo,17,1,2019-2020,1.0,0,9.0,CHO,92,Terry Rozier,Malik Monk,13:11,Willy Hernangómez,10:11,Michael Kidd-Gilchrist,8:21,,,,,,,31:14,Miles Bridges,29:02,P.J. Washington,27:25,Devonte' Graham,25:28,Dwayne Bacon,18:11,Cody Zeller,16:00,Marvin Williams,15:36,Cody Martin,14:57,Nicolas Batum,13:47
0,,0,0.000,0,0.00,92,1,3,42.9,1,.167,1.0,16.7,6.0,6,1,.500,2,33.333,Logos via Sports Logos.net / About logos,L,https://www.basketball-reference.com/boxscores/202001120PHO.html,Away,100,18:23,4,57.1,PHO,Kelly Oubre Jr.,Cameron Johnson,6:57,,,,,,,,,,,40:15,Devin Booker,37:59,Ricky Rubio,34:18,Mikal Bridges,26:10,Deandre Ayton,26:09,Dario Šarić,22:38,Aron Baynes,21:51,Elie Okobo,13:42,Tyler Johnson,10:01,100,1,3,2.0,66.7,0.0,0.0,1.0,33.3,Bismack Biyombo,8,1,2019-2020,2.0,1,7.0,CHO,92,Devonte' Graham,,,,,,,,,,,,,36:02,Miles Bridges,32:40,Nicolas Batum,32:10,Dwayne Bacon,31:45,Cody Zeller,29:37,Terry Rozier,28:14,P.J. Washington,23:52,Malik Monk,7:15,,
0,,0,0.000,0,0.00,86,3,5,83.3,2,.333,2.0,33.3,6.0,6,0,,0,0.000,Logos via Sports Logos.net / About logos,L,https://www.basketball-reference.com/boxscores/202001150DEN.html,Away,100,15:21,1,16.7,DEN,Will Barton,PJ Dozier,13:02,Malik Beasley,6:34,Vlatko Čančar,2:15,,,,,,,31:17,Jerami Grant,30:53,Nikola Jokić,29:02,Michael Porter Jr.,27:38,Torrey Craig,26:10,Monte Morris,23:57,Juancho Hernangómez,17:50,Mason Plumlee,16:43,Jamal Murray,14:39,100,2,4,4.0,100.0,0.0,0.0,0.0,0.0,Bismack Biyombo,14,0,2019-2020,3.0,2,6.0,CHO,86,Devonte' Graham,Cody Martin,2:15,,,,,,,,,,,36:37,Terry Rozier,36:08,P.J. Washington,31:16,Miles Bridges,31:07,Dwayne Bacon,23:54,Cody Zeller,21:31,Nicolas Batum,20:35,Willy Hernangómez,11:08,Marvin Williams,10:08
0,,0,0.000,0,0.00,106,2,1,50.0,1,1.000,1.0,100.0,1.0,1,2,1.000,2,200.000,Logos via Sports Logos.net / About logos,L,https://www.basketball-reference.com/boxscores/202001200CHO.html,Home,83,11:40,1,50.0,ORL,Aaron Gordon,Mo Bamba,14:42,Amile Jefferson,2:15,,,,,,,,,32:58,Evan Fournier,32:08,Markelle Fultz,31:15,Nikola Vučević,31:03,Terrence Ross,30:55,Wes Iwundu,18:09,Michael Carter-Williams,16:45,Gary Clark,15:02,Khem Birch,14:48,106,3,4,2.0,50.0,0.0,0.0,2.0,50.0,Bismack Biyombo,23,0,2019-2020,2.0,2,2.0,CHO,83,Devonte' Graham,Willy Hernangómez,9:15,,,,,,,,,,,36:17,P.J. Washington,34:56,Terry Rozier,30:43,Miles Bridges,27:00,Cody Zeller,22:43,Malik Monk,21:35,Nicolas Batum,16:58,Dwayne Bacon,15:31,Cody Martin,13:22
0,,0,0.000,0,0.00,116,0,2,50.0,0,.000,0.0,0.0,3.0,3,0,,0,0.000,Logos via Sports Logos.net / About logos,L,https://www.basketball-reference.com/boxscores/202001240CHO.html,Home,103,7:40,2,50.0,MIL,Khris Middleton,Pat Connaughton,9:17,Dragan Bender,5:39,Thanasis Antetokounmpo,0:31,,,,,,,34:38,Giannis Antetokounmpo,32:13,Eric Bledsoe,31:06,Donte DiVincenzo,25:36,Brook Lopez,25:21,George Hill,23:49,Kyle Korver,18:28,Wesley Matthews,17:29,Ersan İlyasova,15:49,116,1,0,0.0,,0.0,,0.0,,Bismack Biyombo,13,0,2019-2020,0.0,1,4.0,CHO,103,Terry Rozier,,,,,,,,,,,,,37:13,Malik Monk,33:35,Nicolas Batum,33:32,Devonte' Graham,31:45,Marvin Williams,28:27,P.J. Washington,20:19,Cody Zeller,20:15,Miles Bridges,19:25,Willy Hernangómez,7:47
0,,0,0.000,1,1.00,116,0,1,100.0,0,.000,0.0,0.0,1.0,1,3,.600,5,500.000,Logos via Sports Logos.net / About logos,L,https://www.basketball-reference.com/boxscores/202002080CHO.html,Home,100,17:34,0,0.0,DAL,Dorian Finney-Smith,Boban Marjanović,12:55,Justin Jackson,3:22,Antonius Cleveland,2:24,,,,,,,31:32,Seth Curry,27:31,Maxi Kleber,27:30,Jalen Brunson,27:16,Tim Hardaway Jr.,26:06,Willie Cauley-Stein,25:03,Delon Wright,24:06,Courtney Lee,16:29,Ryan Broekhoff,15:46,116,2,3,0.0,0.0,0.0,0.0,3.0,100.0,Bismack Biyombo,16,0,2019-2020,0.0,1,1.0,CHO,100,Miles Bridges,,,,,,,,,,,,,35:36,Devonte' Graham,35:13,Terry Rozier,31:33,P.J. Washington,29:10,Malik Monk,28:22,Caleb Martin,22:55,Cody Zeller,21:02,Jalen McDaniels,18:35,,
0,,0,0.000,2,2.00,115,1,3,30.0,6,.750,6.0,75.0,8.0,8,2,.500,4,50.000,Logos via Sports Logos.net / About logos,W,https://www.basketball-reference.com/boxscores/202002120MIN.html,Away,108,25:50,7,70.0,MIN,Malik Beasley,Jarred Vanderbilt,4:00,,,,,,,,,,,37:42,Juancho Hernangómez,37:40,D'Angelo Russell,35:29,James Johnson,32:16,Josh Okogie,30:03,Naz Reid,22:05,Jarrett Culver,15:41,Jordan McLaughlin,13:52,Allen Crabbe,11:10,108,0,14,12.0,85.7,0.0,0.0,2.0,14.3,Bismack Biyombo,7,0,2019-2020,1.0,1,10.0,CHO,115,Devonte' Graham,,,,,,,,,,,,,35:29,Miles Bridges,34:53,Malik Monk,31:47,P.J. Washington,30:37,Caleb Martin,25:05,Jalen McDaniels,22:42,Willy Hernangómez,19:02,Dwayne Bacon,14:34,,
0,,0,0.000,1,0.33,103,2,3,100.0,1,.333,1.0,33.3,3.0,3,1,.500,2,66.667,Logos via Sports Logos.net / About logos,W,https://www.basketball-reference.com/boxscores/202002200CHI.html,Away,93,15:00,0,0.0,CHI,Zach LaVine,,,,,,,,,,,,,38:56,Thaddeus Young,35:53,Tomáš Satoranský,33:20,Coby White,30:13,Ryan Arcidiacono,28:27,Cristiano Felício,23:49,Shaquille Harrison,18:19,Daniel Gafford,16:23,Luke Kornet,14:40,93,2,3,2.0,66.7,0.0,0.0,1.0,33.3,Bismack Biyombo,10,0,2019-2020,2.0,3,3.0,CHO,103,Miles Bridges,,,,,,,,,,,,,33:56,Devonte' Graham,32:44,Terry Rozier,32:06,P.J. Washington,30:24,Malik Monk,29:32,Cody Martin,25:12,Cody Zeller,25:02,Jalen McDaniels,16:04,,
0,,0,0.000,1,,115,0,2,50.0,2,.667,2.0,66.7,3.0,3,1,.250,4,133.333,Logos via Sports Logos.net / About logos,L,https://www.basketball-reference.com/boxscores/202002220CHO.html,Home,86,9:38,2,50.0,BRK,Caris LeVert,Theo Pinson,4:23,Chris Chiozza,3:09,Rodions Kurucs,3:09,,,,,,,29:58,Taurean Prince,29:38,Spencer Dinwiddie,28:13,Garrett Temple,26:26,Jarrett Allen,24:53,Joe Harris,24:33,Timothé Luwawu-Cabarrot,23:27,Wilson Chandler,22:13,DeAndre Jordan,19:58,115,0,5,4.0,80.0,0.0,0.0,1.0,20.0,Bismack Biyombo,29,0,2019-2020,0.0,0,4.0,CHO,86,P.J. Washington,Joe Chealey,3:09,,,,,,,,,,,37:12,Miles Bridges,34:01,Terry Rozier,33:00,Devonte' Graham,26:56,Malik Monk,26:55,Jalen McDaniels,22:58,Cody Zeller,21:29,Cody Martin,17:04,Caleb Martin,7:38
0,,0,0.000,0,0.00,80,0,2,40.0,1,1.000,1.0,100.0,1.0,1,0,.000,2,200.000,Logos via Sports Logos.net / About logos,L,https://www.basketball-reference.com/boxscores/202002250IND.html,Away,119,12:29,3,60.0,IND,Domantas Sabonis,Goga Bitadze,11:32,T.J. Leaf,4:14,Brian Bowen,4:14,,,,,,,31:15,Aaron Holiday,29:32,Myles Turner,27:27,T.J. Warren,27:20,Malcolm Brogdon,24:42,Justin Holiday,23:18,T.J. McConnell,21:29,JaKarr Sampson,19:08,Doug McDermott,15:49,119,4,2,2.0,100.0,0.0,0.0,0.0,0.0,Bismack Biyombo,39,0,2019-2020,0.0,1,5.0,CHO,80,Cody Martin,Willy Hernangómez,9:19,,,,,,,,,,,29:30,Malik Monk,26:58,Terry Rozier,26:19,Caleb Martin,26:19,Miles Bridges,25:37,P.J. Washington,25:12,Cody Zeller,23:32,Jalen McDaniels,19:06,Joe Chealey,15:39
0,,0,0.000,4,4.00,101,4,4,80.0,5,.833,5.0,83.3,6.0,6,2,.500,4,66.667,Logos via Sports Logos.net / About logos,W,https://www.basketball-reference.com/boxscores/202002260CHO.html,Home,107,27:05,1,20.0,NYK,Mitchell Robinson,Allonzo Trier,16:20,Reggie Bullock,10:18,,,,,,,,,29:53,Elfrid Payton,27:19,Julius Randle,25:14,Maurice Harkless,24:32,Kevin Knox,23:28,Bobby Portis,22:46,RJ Barrett,21:22,Dennis Smith Jr.,20:41,Taj Gibson,18:07,101,6,12,10.0,83.3,0.0,0.0,2.0,16.7,Bismack Biyombo,6,1,2019-2020,5.0,1,5.0,CHO,107,P.J. Washington,,,,,,,,,,,,,36:40,Terry Rozier,35:08,Devonte' Graham,34:10,Miles Bridges,27:12,Cody Martin,24:44,Jalen McDaniels,22:10,Willy Hernangómez,19:01,Caleb Martin,13:50,,
0,,0,0.000,1,0.50,99,2,9,81.8,5,.500,5.0,50.0,10.0,10,3,.600,5,50.000,Logos via Sports Logos.net / About logos,W,https://www.basketball-reference.com/boxscores/202002280TOR.html,Away,96,31:29,2,18.2,TOR,OG Anunoby,,,,,,,,,,,,,40:24,Pascal Siakam,39:18,Kyle Lowry,38:13,Norman Powell,36:25,Rondae Hollis-Jefferson,27:31,Patrick McCaw,19:42,Chris Boucher,16:17,Terence Davis,15:19,Matt Thomas,6:48,96,2,13,10.0,76.9,0.0,0.0,3.0,23.1,Bismack Biyombo,3,0,2019-2020,2.0,2,11.0,CHO,99,Terry Rozier,,,,,,,,,,,,,35:51,Devonte' Graham,35:00,Miles Bridges,34:03,P.J. Washington,31:26,Jalen McDaniels,23:57,Cody Martin,22:41,Willy Hernangómez,13:53,Caleb Martin,11:39,,
0,,0,0.000,2,2.00,93,2,5,55.6,2,.250,2.0,25.0,8.0,8,4,1.000,4,50.000,Logos via Sports Logos.net / About logos,L,https://www.basketball-reference.com/boxscores/202003010CHO.html,Home,85,22:07,4,44.4,MIL,Giannis Antetokounmpo,Robin Lopez,13:18,,,,,,,,,,,34:55,Donte DiVincenzo,27:35,Wesley Matthews,27:08,Brook Lopez,26:25,George Hill,25:43,Pat Connaughton,24:52,Eric Bledsoe,22:17,Marvin Williams,19:37,Sterling Brown,18:10,93,3,8,4.0,50.0,0.0,0.0,4.0,50.0,Bismack Biyombo,8,0,2019-2020,2.0,1,9.0,CHO,85,Terry Rozier,,,,,,,,,,,,,36:05,Miles Bridges,35:15,Devonte' Graham,32:21,P.J. Washington,31:52,Cody Martin,29:08,Caleb Martin,23:30,Willy Hernangómez,20:21,Jalen McDaniels,9:21,,
0,,0,0.000,2,,138,2,5,83.3,4,.800,4.0,80.0,5.0,5,2,.667,3,60.000,Logos via Sports Logos.net / About logos,L,https://www.basketball-reference.com/boxscores/202003090ATL.html,Away,143,34:27,1,16.7,ATL,Kevin Huerter,Bruno Fernando,4:31,,,,,,,,,,,46:10,John Collins,45:37,Trae Young,43:33,Cam Reddish,40:10,De'Andre Hunter,37:19,Dewayne Dedmon,27:45,Treveon Graham,15:22,Vince Carter,15:08,Jeff Teague,14:25,143,1,10,8.0,80.0,0.0,0.0,2.0,20.0,Bismack Biyombo,5,0,2019-2020,2.0,0,6.0,CHO,138,Devonte' Graham,,,,,,,,,,,,,46:05,Terry Rozier,43:49,Caleb Martin,36:31,Cody Martin,35:27,Jalen McDaniels,28:12,Miles Bridges,26:12,Cody Zeller,22:49,P.J. Washington,16:28,,
0,,0,0.000,0,,109,0,2,100.0,1,.500,1.0,50.0,2.0,2,0,,0,0.000,Logos via Sports Logos.net / About logos,W,https://www.basketball-reference.com/boxscores/202003110MIA.html,Away,98,11:11,0,0.0,MIA,Duncan Robinson,Kelly Olynyk,5:21,,,,,,,,,,,35:04,Bam Adebayo,34:14,Jae Crowder,31:10,Kendrick Nunn,30:58,Derrick Jones Jr.,29:39,Goran Dragić,26:05,Solomon Hill,23:19,Andre Iguodala,16:52,Tyler Herro,7:18,98,1,2,2.0,100.0,0.0,0.0,0.0,0.0,Bismack Biyombo,11,0,2019-2020,0.0,0,2.0,CHO,109,Devonte' Graham,,,,,,,,,,,,,36:57,P.J. Washington,36:09,Caleb Martin,35:00,Miles Bridges,34:43,Cody Martin,32:24,Jalen McDaniels,28:56,Cody Zeller,22:29,Joe Chealey,2:11,,
0,,0,0.000,0,0.00,114,1,3,75.0,5,1.000,5.0,100.0,5.0,5,1,.200,5,100.000,Logos via Sports Logos.net / About logos,L,https://www.basketball-reference.com/boxscores/202012230CLE.html,Away,121,24:21,1,25.0,CLE,Collin Sexton,Dylan Windler,9:29,Marques Bolden,0:01,,,,,,,,,37:05,Larry Nance Jr.,33:34,Isaac Okoro,33:32,Darius Garland,32:33,Andre Drummond,27:13,JaVale McGee,19:12,Cedi Osman,17:57,Dean Wade,15:52,Damyean Dotson,13:32,121,1,11,10.0,90.9,0.0,0.0,1.0,9.1,Bismack Biyombo,7,0,2020-2021,1.0,2,4.0,CHO,114,Terry Rozier,,,,,,,,,,,,,37:31,Devonte' Graham,37:07,Gordon Hayward,36:13,Miles Bridges,22:05,P.J. Washington,21:23,Cody Martin,21:01,Cody Zeller,18:57,LaMelo Ball,15:48,Jalen McDaniels,5:34
0,,0,0.000,4,,109,2,6,66.7,2,.286,2.0,28.6,7.0,7,1,.500,2,28.571,Logos via Sports Logos.net / About logos,L,https://www.basketball-reference.com/boxscores/202012260CHO.html,Home,107,30:19,3,33.3,OKC,Luguentz Dort,Aleksej Pokusevski,10:56,,,,,,,,,,,34:34,Shai Gilgeous-Alexander,34:22,Darius Bazley,32:56,Al Horford,28:33,George Hill,24:03,Théo Maledon,20:26,Hamidou Diallo,19:40,Mike Muscala,18:10,Kenrich Williams,16:20,109,2,5,4.0,80.0,0.0,0.0,1.0,20.0,Bismack Biyombo,2,0,2020-2021,2.0,0,9.0,CHO,107,Gordon Hayward,,,,,,,,,,,,,34:41,Devonte' Graham,33:50,Terry Rozier,31:18,P.J. Washington,29:09,Miles Bridges,23:07,Cody Martin,16:11,Caleb Martin,15:23,LaMelo Ball,15:19,Jalen McDaniels,10:43
0,,0,0.000,1,1.00,104,1,2,33.3,5,.833,5.0,83.3,6.0,6,2,.500,4,66.667,Logos via Sports Logos.net / About logos,W,https://www.basketball-reference.com/boxscores/202012270CHO.html,Home,106,29:38,4,66.7,BRK,Kevin Durant,Timothé Luwawu-Cabarrot,12:00,Taurean Prince,11:39,,,,,,,,,36:21,Kyrie Irving,36:21,Joe Harris,32:19,Caris LeVert,25:49,Jarrett Allen,25:21,DeAndre Jordan,18:58,Spencer Dinwiddie,15:11,Landry Shamet,13:18,Jeff Green,12:43,104,5,12,10.0,83.3,0.0,0.0,2.0,16.7,Bismack Biyombo,2,0,2020-2021,1.0,1,6.0,CHO,106,Gordon Hayward,,,,,,,,,,,,,35:35,Devonte' Graham,35:29,P.J. Washington,34:35,Terry Rozier,30:27,Miles Bridges,27:42,LaMelo Ball,20:01,Cody Martin,17:43,Caleb Martin,4:45,Jalen McDaniels,4:05
0,,0,0.000,4,2.00,118,1,2,33.3,3,.500,3.0,50.0,6.0,6,3,.600,5,83.333,Logos via Sports Logos.net / About logos,W,https://www.basketball-reference.com/boxscores/202012300DAL.html,Away,99,29:53,4,66.7,DAL,Tim Hardaway Jr.,Josh Green,12:44,Willie Cauley-Stein,9:21,Wes Iwundu,3:40,Boban Marjanović,3:40,Tyrell Terry,3:40,,,27:31,Josh Richardson,26:47,Dwight Powell,24:16,Dorian Finney-Smith,24:05,Luka Dončić,24:04,Maxi Kleber,20:55,Jalen Brunson,20:16,Trey Burke,19:46,James Johnson,19:15,99,5,9,6.0,66.7,0.0,0.0,3.0,33.3,Bismack Biyombo,19,0,2020-2021,1.0,2,6.0,CHO,118,Gordon Hayward,Vernon Carey Jr.,3:40,Nick Richards,1:07,,,,,,,,,30:59,Terry Rozier,30:11,Miles Bridges,29:43,LaMelo Ball,29:25,Devonte' Graham,29:19,P.J. Washington,17:35,Jalen McDaniels,16:11,Caleb Martin,14:21,Cody Martin,7:36
0,.000,1,10.000,2,,108,1,5,41.7,7,.700,7.0,77.8,9.0,10,2,.500,4,40.000,Logos via Sports Logos.net / About logos,L,https://www.basketball-reference.com/boxscores/202101010CHO.html,Home,93,28:22,7,58.3,MEM,Brandon Clarke,,,,,,,,,,,,,31:35,Kyle Anderson,29:10,Tyus Jones,28:59,Dillon Brooks,28:12,Desmond Bane,28:08,John Konchar,26:33,Jonas Valančiūnas,25:47,Gorgui Dieng,22:13,Sean McDermott,19:23,108,1,16,14.0,87.5,0.0,0.0,2.0,12.5,Bismack Biyombo,15,0,2020-2021,1.0,0,12.0,CHO,93,Terry Rozier,Nick Richards,3:26,,,,,,,,,,,27:35,Gordon Hayward,27:01,LaMelo Ball,26:42,Miles Bridges,25:47,Devonte' Graham,24:44,Caleb Martin,22:45,P.J. Washington,22:38,Jalen McDaniels,15:47,Cody Martin,15:13
0,,0,0.000,5,2.50,112,0,6,66.7,3,.429,3.0,42.9,7.0,7,3,.750,4,57.143,Logos via Sports Logos.net / About logos,L,https://www.basketball-reference.com/boxscores/202101020PHI.html,Away,127,30:35,3,33.3,PHI,Tobias Harris,,,,,,,,,,,,,36:52,Joel Embiid,36:44,Ben Simmons,36:32,Seth Curry,34:15,Danny Green,25:47,Shake Milton,25:14,Tyrese Maxey,17:55,Matisse Thybulle,15:25,Dwight Howard,11:16,127,3,9,6.0,66.7,0.0,0.0,3.0,33.3,Bismack Biyombo,15,1,2020-2021,1.0,2,9.0,CHO,112,Gordon Hayward,,,,,,,,,,,,,38:30,Terry Rozier,33:54,LaMelo Ball,30:41,Devonte' Graham,29:34,Miles Bridges,24:08,P.J. Washington,21:31,Caleb Martin,19:06,Jalen McDaniels,12:01,,
0,,0,0.000,4,1.33,101,1,3,75.0,2,.286,2.0,28.6,7.0,7,0,,0,0.000,Logos via Sports Logos.net / About logos,L,https://www.basketball-reference.com/boxscores/202101040PHI.html,Away,118,22:44,1,25.0,PHI,Ben Simmons,Vincent Poirier,5:35,Isaiah Joe,5:35,Dakota Mathias,4:00,Terrance Ferguson,3:45,Paul Reed,1:24,,,34:59,Tobias Harris,29:37,Shake Milton,26:43,Seth Curry,25:34,Joel Embiid,24:54,Danny Green,22:53,Tyrese Maxey,21:13,Dwight Howard,17:31,Matisse Thybulle,16:17,118,3,4,4.0,100.0,0.0,0.0,0.0,0.0,Bismack Biyombo,17,0,2020-2021,1.0,3,4.0,CHO,101,Gordon Hayward,Nick Richards,6:02,,,,,,,,,,,32:36,LaMelo Ball,30:25,Terry Rozier,29:24,P.J. Washington,26:49,Devonte' Graham,24:28,Miles Bridges,23:56,Caleb Martin,17:24,Jalen McDaniels,16:29,Malik Monk,9:43
0,,0,0.000,1,,102,2,6,75.0,1,.200,1.0,20.0,5.0,5,0,.000,2,40.000,Logos via Sports Logos.net / About logos,W,https://www.basketball-reference.com/boxscores/202101060ATL.html,Away,94,24:18,2,25.0,ATL,Trae Young,Nathan Knight,2:45,,,,,,,,,,,35:04,De'Andre Hunter,33:50,Kevin Huerter,32:57,John Collins,31:47,Cam Reddish,27:22,Clint Capela,26:23,Brandon Goodwin,20:14,Bogdan Bogdanović,18:18,Solomon Hill,11:17,94,2,2,2.0,100.0,0.0,0.0,0.0,0.0,Bismack Biyombo,8,0,2020-2021,2.0,0,8.0,CHO,102,Gordon Hayward,,,,,,,,,,,,,39:07,Devonte' Graham,39:03,P.J. Washington,37:33,Terry Rozier,28:05,LaMelo Ball,23:40,Miles Bridges,22:22,Caleb Martin,14:49,Cody Martin,11:01,,
0,,0,0.000,0,0.00,118,1,5,83.3,4,.800,4.0,80.0,5.0,5,3,.750,4,80.000,Logos via Sports Logos.net / About logos,W,https://www.basketball-reference.com/boxscores/202101080NOP.html,Away,110,27:00,1,16.7,NOP,Lonzo Ball,Nicolò Melli,1:36,,,,,,,,,,,36:30,Brandon Ingram,36:28,Steven Adams,34:49,Zion Williamson,33:42,Eric Bledsoe,33:13,Josh Hart,26:43,JJ Redick,19:06,Nickeil Alexander-Walker,14:36,Jaxson Hayes,3:17,110,2,11,8.0,72.7,0.0,0.0,3.0,27.3,Bismack Biyombo,8,0,2020-2021,1.0,1,6.0,CHO,118,Gordon Hayward,,,,,,,,,,,,,37:51,Devonte' Graham,36:50,Terry Rozier,34:45,Miles Bridges,30:28,P.J. Washington,27:35,LaMelo Ball,25:34,Caleb Martin,11:22,Cody Martin,8:35,,
0,,0,0.000,0,0.00,105,1,4,57.1,2,.500,2.0,50.0,4.0,4,0,,0,0.000,Logos via Sports Logos.net / About logos,W,https://www.basketball-reference.com/boxscores/202101090CHO.html,Home,113,21:10,3,42.9,ATL,Trae Young,Nathan Knight,2:07,,,,,,,,,,,37:08,De'Andre Hunter,33:41,Cam Reddish,33:37,Kevin Huerter,32:34,John Collins,30:16,Clint Capela,27:17,Solomon Hill,19:37,Brandon Goodwin,12:52,Bogdan Bogdanović,10:50,105,4,4,4.0,100.0,0.0,0.0,0.0,0.0,Bismack Biyombo,8,0,2020-2021,1.0,2,7.0,CHO,113,P.J. Washington,,,,,,,,,,,,,36:29,Gordon Hayward,35:52,Terry Rozier,35:28,Devonte' Graham,32:06,LaMelo Ball,31:10,Miles Bridges,25:16,Caleb Martin,17:17,Cody Martin,5:10,,
0,,0,0.000,2,2.00,88,3,3,100.0,1,.500,1.0,50.0,2.0,2,0,,0,0.000,Logos via Sports Logos.net / About logos,W,https://www.basketball-reference.com/boxscores/202101110CHO.html,Home,109,25:20,0,0.0,NYK,Austin Rivers,,,,,,,,,,,,,37:50,RJ Barrett,34:52,Mitchell Robinson,33:03,Elfrid Payton,30:41,Julius Randle,30:21,Kevin Knox,29:17,Immanuel Quickley,28:59,Nerlens Noel,14:57,,,88,3,2,2.0,100.0,0.0,0.0,0.0,0.0,Bismack Biyombo,21,0,2020-2021,3.0,1,3.0,CHO,109,Devonte' Graham,Jalen McDaniels,1:21,Nick Richards,1:21,,,,,,,,,35:11,Gordon Hayward,34:40,Terry Rozier,33:58,P.J. Washington,30:39,LaMelo Ball,29:34,Miles Bridges,25:26,Caleb Martin,14:49,Cody Martin,6:20,Vernon Carey Jr.,1:21
0,,0,0.000,0,,104,4,8,88.9,2,1.000,2.0,100.0,2.0,2,1,.250,4,200.000,Logos via Sports Logos.net / About logos,L,https://www.basketball-reference.com/boxscores/202101130CHO.html,Home,93,24:39,1,11.1,DAL,Luka Dončić,Tyler Bey,1:15,Nate Hinton,1:15,Tyrell Terry,1:15,,,,,,,34:48,Tim Hardaway Jr.,33:26,Trey Burke,32:23,Willie Cauley-Stein,29:46,Wes Iwundu,26:12,James Johnson,25:34,Kristaps Porziņģis,21:03,Josh Green,18:03,Boban Marjanović,15:00,104,1,5,4.0,80.0,0.0,0.0,1.0,20.0,Bismack Biyombo,11,0,2020-2021,4.0,0,9.0,CHO,93,Terry Rozier,Jalen McDaniels,1:15,Malik Monk,1:15,,,,,,,,,36:22,Devonte' Graham,36:01,P.J. Washington,32:19,Miles Bridges,28:44,Gordon Hayward,26:48,LaMelo Ball,25:25,Caleb Martin,14:51,Cody Martin,11:06,Vernon Carey Jr.,1:15
0,,0,0.000,1,1.00,108,1,4,50.0,5,.625,5.0,62.5,8.0,8,0,,0,0.000,Logos via Sports Logos.net / About logos,L,https://www.basketball-reference.com/boxscores/202101140TOR.html,Away,111,24:51,4,50.0,TOR,Pascal Siakam,Malachi Flynn,6:28,,,,,,,,,,,37:42,Fred VanVleet,35:30,Kyle Lowry,34:52,OG Anunoby,33:01,Chris Boucher,29:31,Stanley Johnson,20:49,Norman Powell,19:35,Yuta Watanabe,14:59,Aron Baynes,7:33,111,1,10,10.0,100.0,0.0,0.0,0.0,0.0,Bismack Biyombo,3,0,2020-2021,1.0,1,8.0,CHO,108,Devonte' Graham,,,,,,,,,,,,,37:13,Terry Rozier,37:08,P.J. Washington,33:12,Miles Bridges,28:46,LaMelo Ball,26:05,Caleb Martin,24:14,Malik Monk,22:59,Cody Martin,5:32,,
0,,0,0.000,1,0.33,113,1,7,63.6,3,.429,3.0,42.9,7.0,7,0,.000,1,14.286,Logos via Sports Logos.net / About logos,L,https://www.basketball-reference.com/boxscores/202101160TOR.html,Away,116,33:33,4,36.4,TOR,Kyle Lowry,Yuta Watanabe,3:48,,,,,,,,,,,36:42,Fred VanVleet,36:23,OG Anunoby,35:33,Pascal Siakam,32:04,Chris Boucher,30:49,Norman Powell,28:24,Malachi Flynn,18:12,Stanley Johnson,13:45,Aron Baynes,4:20,116,3,6,6.0,100.0,0.0,0.0,0.0,0.0,Bismack Biyombo,3,2,2020-2021,3.0,3,11.0,CHO,113,Devonte' Graham,,,,,,,,,,,,,38:25,Gordon Hayward,38:09,Terry Rozier,38:03,P.J. Washington,33:43,Miles Bridges,25:47,LaMelo Ball,22:59,Caleb Martin,5:29,Malik Monk,3:52,,
0,,0,0.000,2,,123,0,7,70.0,2,.667,2.0,66.7,3.0,3,2,.667,3,100.000,Logos via Sports Logos.net / About logos,L,https://www.basketball-reference.com/boxscores/202101220CHO.html,Home,110,27:49,3,30.0,CHI,Zach LaVine,Tomáš Satoranský,11:12,,,,,,,,,,,36:12,Coby White,32:45,Garrett Temple,30:38,Lauri Markkanen,29:34,Thaddeus Young,24:49,Otto Porter Jr.,22:50,Daniel Gafford,18:35,Denzel Valentine,17:21,Patrick Williams,16:04,123,4,6,4.0,66.7,0.0,0.0,2.0,33.3,Bismack Biyombo,13,0,2020-2021,0.0,0,10.0,CHO,110,Terry Rozier,,,,,,,,,,,,,38:34,Devonte' Graham,37:43,Gordon Hayward,37:05,P.J. Washington,32:41,Miles Bridges,19:23,Caleb Martin,19:15,LaMelo Ball,16:34,Cody Zeller,10:56,,
0,,0,0.000,2,1.00,107,1,4,80.0,1,1.000,1.0,100.0,1.0,1,0,.000,2,200.000,Logos via Sports Logos.net / About logos,W,https://www.basketball-reference.com/boxscores/202101240ORL.html,Away,104,24:53,1,20.0,ORL,Gary Clark,,,,,,,,,,,,,35:26,Nikola Vučević,34:55,Evan Fournier,32:47,Cole Anthony,32:37,Terrence Ross,30:03,James Ennis III,21:30,Khem Birch,19:04,Dwayne Bacon,18:15,Jordan Bone,15:23,104,4,2,2.0,100.0,0.0,0.0,0.0,0.0,Bismack Biyombo,3,2,2020-2021,3.0,2,5.0,CHO,107,Terry Rozier,,,,,,,,,,,,,38:02,Gordon Hayward,38:01,Devonte' Graham,34:55,P.J. Washington,31:42,LaMelo Ball,27:43,Miles Bridges,24:49,Cody Zeller,14:47,Caleb Martin,5:08,,
0,,0,0.000,1,1.00,108,1,3,42.9,3,.429,3.0,42.9,7.0,7,1,.500,2,28.571,Logos via Sports Logos.net / About logos,L,https://www.basketball-reference.com/boxscores/202101250ORL.html,Away,117,26:52,4,57.1,ORL,Nikola Vučević,,,,,,,,,,,,,36:17,Aaron Gordon,33:32,Terrence Ross,32:29,Evan Fournier,31:55,Cole Anthony,30:54,Khem Birch,25:49,Dwayne Bacon,18:02,Gary Clark,17:08,James Ennis III,13:54,117,3,7,6.0,85.7,0.0,0.0,1.0,14.3,Bismack Biyombo,9,0,2020-2021,1.0,1,7.0,CHO,108,Gordon Hayward,,,,,,,,,,,,,38:12,Devonte' Graham,36:12,Terry Rozier,34:57,Miles Bridges,27:30,P.J. Washington,23:07,LaMelo Ball,21:06,Cody Zeller,18:03,Caleb Martin,14:01,,
0,,0,0.000,0,,116,0,1,100.0,0,.000,0.0,0.0,4.0,4,0,,0,0.000,Logos via Sports Logos.net / About logos,L,https://www.basketball-reference.com/boxscores/202101270CHO.html,Home,106,8:57,0,0.0,IND,Justin Holiday,,,,,,,,,,,,,38:05,Domantas Sabonis,37:10,Malcolm Brogdon,37:05,Doug McDermott,28:06,Myles Turner,27:04,T.J. McConnell,26:27,Jeremy Lamb,20:35,Aaron Holiday,14:38,Goga Bitadze,10:50,116,0,0,0.0,,0.0,,0.0,,Bismack Biyombo,10,0,2020-2021,0.0,0,1.0,CHO,106,Gordon Hayward,,,,,,,,,,,,,40:22,Devonte' Graham,35:19,Terry Rozier,32:41,P.J. Washington,31:33,Cody Zeller,29:40,Miles Bridges,25:50,LaMelo Ball,21:51,Malik Monk,13:47,,
0,,0,0.000,1,,105,1,0,0.0,1,.500,1.0,50.0,2.0,2,0,,0,0.000,Logos via Sports Logos.net / About logos,W,https://www.basketball-reference.com/boxscores/202101290CHO.html,Home,108,5:40,1,100.0,IND,Domantas Sabonis,Edmond Sumner,0:45,,,,,,,,,,,37:45,Justin Holiday,37:36,Malcolm Brogdon,36:23,Myles Turner,36:04,Jeremy Lamb,30:39,T.J. McConnell,18:00,Doug McDermott,17:21,Aaron Holiday,16:14,Goga Bitadze,9:13,105,1,2,2.0,100.0,0.0,0.0,0.0,0.0,Bismack Biyombo,3,0,2020-2021,1.0,0,1.0,CHO,108,Gordon Hayward,,,,,,,,,,,,,38:06,P.J. Washington,34:57,Devonte' Graham,32:51,Terry Rozier,32:09,LaMelo Ball,29:47,Miles Bridges,26:38,Cody Zeller,25:35,Malik Monk,14:17,,
0,,0,0.000,0,,118,1,3,75.0,1,.500,1.0,50.0,2.0,2,0,,0,0.000,Logos via Sports Logos.net / About logos,L,https://www.basketball-reference.com/boxscores/202102030CHO.html,Home,111,11:52,1,25.0,PHI,Tobias Harris,Tyrese Maxey,4:35,,,,,,,,,,,37:45,Ben Simmons,34:58,Joel Embiid,33:45,Danny Green,30:58,Seth Curry,28:34,Matisse Thybulle,20:16,Shake Milton,18:54,Furkan Korkmaz,16:05,Dwight Howard,14:10,118,1,2,2.0,100.0,0.0,0.0,0.0,0.0,Bismack Biyombo,7,1,2020-2021,2.0,0,4.0,CHO,111,Devonte' Graham,,,,,,,,,,,,,39:45,LaMelo Ball,38:18,Gordon Hayward,37:33,Miles Bridges,32:18,Cody Zeller,31:01,Malik Monk,27:38,Caleb Martin,17:33,Cody Martin,4:02,,
0,,0,0.000,1,,138,0,2,50.0,6,1.000,6.0,100.0,6.0,6,1,.500,2,33.333,Logos via Sports Logos.net / About logos,L,https://www.basketball-reference.com/boxscores/202102050CHO.html,Home,121,19:14,2,50.0,UTA,Bojan Bogdanović,Miye Oni,4:25,,,,,,,,,,,37:23,Royce O'Neale,34:12,Donovan Mitchell,33:50,Joe Ingles,27:58,Rudy Gobert,26:40,Jordan Clarkson,23:36,Derrick Favors,21:00,Mike Conley,20:28,Georges Niang,10:28,138,2,13,12.0,92.3,0.0,0.0,1.0,7.7,Bismack Biyombo,17,0,2020-2021,0.0,0,4.0,CHO,121,LaMelo Ball,Nick Richards,0:48,,,,,,,,,,,39:23,Gordon Hayward,37:05,Terry Rozier,36:21,Malik Monk,26:57,Caleb Martin,26:23,Cody Zeller,22:34,Miles Bridges,15:31,Devonte' Graham,10:56,Cody Martin,4:48
0,,0,0.000,0,,97,2,1,50.0,0,.000,0.0,0.0,1.0,1,0,,0,0.000,Logos via Sports Logos.net / About logos,W,https://www.basketball-reference.com/boxscores/202102070CHO.html,Home,119,10:39,1,50.0,WAS,Bradley Beal,Deni Avdija,15:25,Isaac Bonga,8:28,Garrison Mathews,7:57,Alex Len,7:56,Anthony Gill,3:07,,,28:18,Russell Westbrook,27:40,Ish Smith,27:28,Robin Lopez,22:58,Rui Hachimura,22:55,Dāvis Bertāns,18:36,Moritz Wagner,17:06,Raul Neto,16:15,Troy Brown Jr.,15:51,97,2,0,0.0,,0.0,,0.0,,Bismack Biyombo,22,0,2020-2021,2.0,0,2.0,CHO,119,Malik Monk,Nick Richards,6:30,,,,,,,,,,,31:41,Miles Bridges,30:46,LaMelo Ball,30:30,Terry Rozier,30:23,Gordon Hayward,30:15,P.J. Washington,28:07,Cody Zeller,19:58,Caleb Martin,12:43,Cody Martin,8:28
0,,0,0.000,0,0.00,94,2,2,66.7,2,1.000,2.0,100.0,2.0,2,0,,0,0.000,Logos via Sports Logos.net / About logos,W,https://www.basketball-reference.com/boxscores/202102080CHO.html,Home,119,10:24,1,33.3,HOU,Victor Oladipo,Rodions Kurucs,4:31,,,,,,,,,,,33:55,David Nwaba,31:42,Danuel House Jr.,30:23,Jae'Sean Tate,29:14,Sterling Brown,28:12,DeMarcus Cousins,24:57,P.J. Tucker,23:23,Ben McLemore,18:27,Mason Jones,15:13,94,2,4,4.0,100.0,0.0,0.0,0.0,0.0,Bismack Biyombo,25,0,2020-2021,2.0,1,3.0,CHO,119,Gordon Hayward,Nick Richards,3:23,,,,,,,,,,,32:55,LaMelo Ball,31:51,Terry Rozier,27:10,Miles Bridges,27:02,Caleb Martin,26:35,Cody Zeller,26:13,Malik Monk,25:59,P.J. Washington,25:00,Cody Martin,3:27
0,,0,0.000,0,,114,1,2,50.0,1,1.000,1.0,100.0,1.0,1,0,,0,0.000,Logos via Sports Logos.net / About logos,L,https://www.basketball-reference.com/boxscores/202102100MEM.html,Away,130,13:25,2,50.0,MEM,Ja Morant,John Konchar,12:49,,,,,,,,,,,30:52,Dillon Brooks,29:49,Grayson Allen,29:36,Jonas Valančiūnas,28:52,Desmond Bane,25:52,Kyle Anderson,24:22,Tyus Jones,21:43,Gorgui Dieng,19:08,Xavier Tillman Sr.,16:57,130,1,2,2.0,100.0,0.0,0.0,0.0,0.0,Bismack Biyombo,16,0,2020-2021,1.0,0,4.0,CHO,114,Terry Rozier,,,,,,,,,,,,,33:03,Miles Bridges,30:59,Gordon Hayward,30:14,P.J. Washington,28:35,LaMelo Ball,28:14,Malik Monk,23:02,Cody Zeller,22:37,Caleb Martin,17:51,Cody Martin,12:00
0,,0,0.000,1,1.00,114,1,4,66.7,2,.667,2.0,66.7,3.0,3,0,,0,0.000,Logos via Sports Logos.net / About logos,W,https://www.basketball-reference.com/boxscores/202102120CHO.html,Home,120,22:43,2,33.3,MIN,Malik Beasley,Jarred Vanderbilt,7:26,,,,,,,,,,,36:31,Anthony Edwards,33:58,Karl-Anthony Towns,31:31,Ricky Rubio,28:04,Jaden McDaniels,24:20,Jordan McLaughlin,22:14,Josh Okogie,21:43,Jaylen Nowell,17:42,Naz Reid,16:29,114,2,4,4.0,100.0,0.0,0.0,0.0,0.0,Bismack Biyombo,6,0,2020-2021,1.0,1,6.0,CHO,120,Terry Rozier,,,,,,,,,,,,,40:55,LaMelo Ball,36:44,Gordon Hayward,35:12,Miles Bridges,30:52,Devonte' Graham,27:50,Cody Zeller,25:03,Malik Monk,20:39,,,,
0,,0,0.000,1,,122,2,1,50.0,5,.833,5.0,83.3,6.0,6,1,.333,3,50.000,Logos via Sports Logos.net / About logos,L,https://www.basketball-reference.com/boxscores/202102140CHO.html,Home,110,26:09,1,50.0,SAS,Jakob Poeltl,Drew Eubanks,6:39,,,,,,,,,,,36:32,DeMar DeRozan,35:02,Dejounte Murray,32:19,Keldon Johnson,31:23,Derrick White,26:51,Patty Mills,25:51,Lonnie Walker IV,19:16,Rudy Gay,19:07,Devin Vassell,7:00,122,3,11,10.0,90.9,0.0,0.0,1.0,9.1,Bismack Biyombo,12,0,2020-2021,2.0,0,2.0,CHO,110,Terry Rozier,,,,,,,,,,,,,40:27,LaMelo Ball,39:00,Miles Bridges,36:50,Malik Monk,31:19,Jalen McDaniels,24:57,Cody Zeller,21:51,Devonte' Graham,19:27,,,,
0,,0,0.000,4,2.00,100,0,3,75.0,0,.000,0.0,0.0,1.0,1,0,,0,0.000,Logos via Sports Logos.net / About logos,W,https://www.basketball-reference.com/boxscores/202102200CHO.html,Home,102,20:31,1,25.0,GSW,Kelly Oubre Jr.,,,,,,,,,,,,,36:48,Brad Wanamaker,33:37,Andrew Wiggins,33:20,Draymond Green,31:54,Eric Paschall,28:33,Damion Lee,22:38,Kent Bazemore,22:19,Mychal Mulder,16:10,Juan Toscano-Anderson,14:41,100,4,0,0.0,,0.0,,0.0,,Bismack Biyombo,2,1,2020-2021,1.0,2,4.0,CHO,102,Terry Rozier,,,,,,,,,,,,,38:54,Gordon Hayward,32:37,P.J. Washington,32:05,LaMelo Ball,31:47,Miles Bridges,22:15,Malik Monk,22:04,Cody Zeller,21:05,Jalen McDaniels,18:42,,
0,,0,0.000,1,1.00,110,0,0,,1,.500,1.0,50.0,2.0,2,0,,0,0.000,Logos via Sports Logos.net / About logos,L,https://www.basketball-reference.com/boxscores/202102220UTA.html,Away,132,13:52,0,,UTA,Donovan Mitchell,Trent Forrest,1:18,Shaquille Harrison,1:18,Juwan Morgan,1:18,Miye Oni,1:18,,,,,33:12,Joe Ingles,30:18,Rudy Gobert,29:49,Mike Conley,29:20,Royce O'Neale,28:34,Bojan Bogdanović,26:08,Jordan Clarkson,24:38,Derrick Favors,16:53,Georges Niang,15:55,132,4,2,2.0,100.0,0.0,0.0,0.0,0.0,Bismack Biyombo,22,0,2020-2021,0.0,1,0.0,CHO,110,LaMelo Ball,,,,,,,,,,,,,38:10,Terry Rozier,31:30,P.J. Washington,30:41,Miles Bridges,27:33,Gordon Hayward,25:44,Jalen McDaniels,24:51,Malik Monk,23:48,Cody Zeller,20:46,Cody Martin,3:02
0,,0,0.000,2,1.00,124,2,8,72.7,0,.000,0.0,0.0,2.0,2,3,.750,4,200.000,Logos via Sports Logos.net / About logos,W,https://www.basketball-reference.com/boxscores/202102240PHO.html,Away,121,26:02,3,27.3,PHO,Chris Paul,E'Twaun Moore,10:12,,,,,,,,,,,37:34,Mikal Bridges,34:41,Deandre Ayton,31:37,Devin Booker,31:03,Cameron Johnson,30:25,Jae Crowder,26:51,Dario Šarić,15:31,Frank Kaminsky,11:38,Cameron Payne,10:25,121,5,3,0.0,0.0,0.0,0.0,3.0,100.0,Bismack Biyombo,3,1,2020-2021,3.0,2,11.0,CHO,124,Terry Rozier,,,,,,,,,,,,,36:28,Gordon Hayward,34:36,LaMelo Ball,30:07,Malik Monk,28:10,Miles Bridges,26:38,P.J. Washington,24:01,Cody Zeller,18:19,Jalen McDaniels,15:16,Cody Martin,0:21
0,,0,0.000,0,,121,1,0,0.0,0,.000,0.0,0.0,3.0,3,1,.500,2,66.667,Logos via Sports Logos.net / About logos,L,https://www.basketball-reference.com/boxscores/202102260GSW.html,Away,130,12:05,1,100.0,GSW,Kelly Oubre Jr.,Kent Bazemore,10:58,Juan Toscano-Anderson,4:44,Mychal Mulder,0:17,,,,,,,37:37,Stephen Curry,35:53,Draymond Green,35:53,Andrew Wiggins,32:34,Kevon Looney,19:48,Damion Lee,18:25,James Wiseman,16:49,Eric Paschall,14:55,Brad Wanamaker,12:07,130,0,1,0.0,0.0,0.0,0.0,1.0,100.0,Bismack Biyombo,9,0,2020-2021,1.0,0,1.0,CHO,121,Terry Rozier,,,,,,,,,,,,,37:51,LaMelo Ball,37:10,Gordon Hayward,33:52,P.J. Washington,29:14,Malik Monk,25:32,Cody Martin,24:58,Miles Bridges,23:32,Jalen McDaniels,15:46,,
0,,0,0.000,0,0.00,127,0,1,25.0,2,.667,2.0,66.7,3.0,3,2,1.000,2,66.667,Logos via Sports Logos.net / About logos,W,https://www.basketball-reference.com/boxscores/202102280SAC.html,Away,126,19:59,3,75.0,SAC,Harrison Barnes,,,,,,,,,,,,,41:55,De'Aaron Fox,40:33,Buddy Hield,38:49,Marvin Bagley III,34:56,Richaun Holmes,33:42,Nemanja Bjelica,21:31,Cory Joseph,16:06,DaQuan Jeffries,12:28,,,126,3,6,4.0,66.7,0.0,0.0,2.0,33.3,Bismack Biyombo,1,0,2020-2021,0.0,1,4.0,CHO,127,P.J. Washington,,,,,,,,,,,,,41:32,LaMelo Ball,38:31,Miles Bridges,32:34,Malik Monk,31:14,Terry Rozier,30:04,Cody Martin,27:15,Jalen McDaniels,15:10,Caleb Martin,3:41,,
0,,0,0.000,3,,111,1,3,60.0,3,.750,3.0,75.0,4.0,4,0,.000,2,50.000,Logos via Sports Logos.net / About logos,L,https://www.basketball-reference.com/boxscores/202103010POR.html,Away,123,28:52,2,40.0,POR,Robert Covington,,,,,,,,,,,,,38:26,Damian Lillard,34:49,Carmelo Anthony,32:07,Gary Trent Jr.,28:25,Derrick Jones Jr.,24:36,Enes Freedom,24:23,Rodney Hood,24:02,Nassir Little,19:51,Anfernee Simons,13:21,123,1,6,6.0,100.0,0.0,0.0,0.0,0.0,Bismack Biyombo,12,0,2020-2021,1.0,0,5.0,CHO,111,Terry Rozier,,,,,,,,,,,,,35:14,LaMelo Ball,32:01,P.J. Washington,30:02,Miles Bridges,28:17,Malik Monk,26:56,Cody Martin,26:50,Caleb Martin,22:59,Jalen McDaniels,8:49,,
0,,0,0.000,4,4.00,135,2,4,50.0,3,1.000,3.0,100.0,3.0,3,2,.667,3,100.000,Logos via Sports Logos.net / About logos,W,https://www.basketball-reference.com/boxscores/202103030MIN.html,Away,102,29:13,4,50.0,MIN,Anthony Edwards,Jarrett Culver,14:01,,,,,,,,,,,33:09,Karl-Anthony Towns,32:00,Jaden McDaniels,29:52,Jake Layman,25:58,Ricky Rubio,24:22,Jordan McLaughlin,23:38,Jaylen Nowell,23:05,Jarred Vanderbilt,17:55,Naz Reid,16:00,102,3,8,6.0,75.0,0.0,0.0,2.0,25.0,Bismack Biyombo,33,1,2020-2021,3.0,1,8.0,CHO,135,P.J. Washington,,,,,,,,,,,,,31:36,Gordon Hayward,31:28,Miles Bridges,29:12,Terry Rozier,29:07,LaMelo Ball,26:21,Cody Martin,25:48,Malik Monk,25:33,Caleb Martin,5:59,Jalen McDaniels,5:43
0,,0,0.000,0,0.00,102,1,4,80.0,1,.500,1.0,50.0,2.0,2,0,,0,0.000,Logos via Sports Logos.net / About logos,W,https://www.basketball-reference.com/boxscores/202103110CHO.html,Home,105,13:38,1,20.0,DET,Jerami Grant,Rodney McGruder,9:32,Sekou Doumbouya,5:34,Saben Lee,4:13,,,,,,,33:51,Saddiq Bey,28:10,Svi Mykhailiuk,26:12,Mason Plumlee,25:20,Isaiah Stewart,22:40,Delon Wright,21:55,Dennis Smith Jr.,21:52,Wayne Ellington,20:51,Josh Jackson,19:50,102,2,2,2.0,100.0,0.0,0.0,0.0,0.0,Bismack Biyombo,3,2,2020-2021,3.0,2,5.0,CHO,105,Gordon Hayward,,,,,,,,,,,,,38:05,P.J. Washington,32:10,Terry Rozier,31:03,LaMelo Ball,29:22,Cody Zeller,26:17,Miles Bridges,23:24,Devonte' Graham,18:29,Malik Monk,17:28,Cody Martin,10:04
0,,0,0.000,2,1.00,104,1,0,0.0,1,.167,1.0,16.7,6.0,6,1,.500,2,33.333,Logos via Sports Logos.net / About logos,W,https://www.basketball-reference.com/boxscores/202103130CHO.html,Home,114,20:04,3,100.0,TOR,Chris Boucher,Terence Davis,13:11,Aron Baynes,12:25,Jalen Harris,5:04,,,,,,,32:03,Kyle Lowry,30:55,Norman Powell,27:36,Paul Watson,27:27,DeAndre' Bembry,25:17,Matt Thomas,20:10,Henry Ellenson,18:10,Stanley Johnson,14:12,Yuta Watanabe,13:29,104,2,3,2.0,66.7,0.0,0.0,1.0,33.3,Bismack Biyombo,10,0,2020-2021,1.0,2,3.0,CHO,114,LaMelo Ball,Caleb Martin,6:53,Nick Richards,5:04,Jalen McDaniels,5:04,Vernon Carey Jr.,4:35,Nate Darling,3:34,,,31:09,Gordon Hayward,26:14,P.J. Washington,25:52,Cody Zeller,22:52,Terry Rozier,22:07,Malik Monk,19:00,Devonte' Graham,17:13,Miles Bridges,16:23,Cody Martin,13:55
0,,0,0.000,0,,116,2,7,70.0,3,.600,3.0,60.0,5.0,5,0,.000,2,40.000,Logos via Sports Logos.net / About logos,W,https://www.basketball-reference.com/boxscores/202103150CHO.html,Home,122,20:24,3,30.0,SAC,Richaun Holmes,Jabari Parker,2:18,,,,,,,,,,,40:59,De'Aaron Fox,37:16,Buddy Hield,36:49,Harrison Barnes,36:16,Tyrese Haliburton,28:06,Cory Joseph,21:30,Nemanja Bjelica,16:54,Marvin Bagley III,15:55,Justin James,3:55,116,1,6,6.0,100.0,0.0,0.0,0.0,0.0,Bismack Biyombo,6,0,2020-2021,2.0,0,10.0,CHO,122,Gordon Hayward,,,,,,,,,,,,,36:19,Terry Rozier,33:43,Miles Bridges,27:49,P.J. Washington,25:54,LaMelo Ball,25:28,Devonte' Graham,21:34,Cody Zeller,18:48,Cody Martin,15:41,Malik Monk,14:17
0,,0,,1,,104,0,1,100.0,0,,0.0,,0.0,0,0,,0,,Logos via Sports Logos.net / About logos,L,https://www.basketball-reference.com/boxscores/202103170DEN.html,Away,129,16:19,0,0.0,DEN,Will Barton,Vlatko Čančar,7:08,Markus Howard,5:49,Bol Bol,5:20,Isaiah Hartenstein,3:36,,,,,32:48,Michael Porter Jr.,28:52,Jamal Murray,28:50,Nikola Jokić,28:37,Facundo Campazzo,24:57,PJ Dozier,22:22,Paul Millsap,20:18,Zeke Nnaji,19:23,JaMychal Green,12:00,129,1,0,0.0,,0.0,,0.0,,Bismack Biyombo,25,0,2020-2021,0.0,0,1.0,CHO,104,Terry Rozier,Caleb Martin,10:48,Jalen McDaniels,8:21,Vernon Carey Jr.,7:08,Nick Richards,5:20,,,,,27:20,Gordon Hayward,25:55,P.J. Washington,24:04,LaMelo Ball,22:28,Miles Bridges,20:09,Cody Martin,19:08,Cody Zeller,17:56,Malik Monk,17:53,Devonte' Graham,17:11
0,,0,0.000,0,0.00,105,4,1,50.0,3,.750,3.0,75.0,4.0,4,1,.500,2,50.000,Logos via Sports Logos.net / About logos,L,https://www.basketball-reference.com/boxscores/202103180LAL.html,Away,116,13:47,1,50.0,LAL,LeBron James,Wesley Matthews,11:55,,,,,,,,,,,36:30,Dennis Schröder,33:25,Kyle Kuzma,32:18,Kentavious Caldwell-Pope,29:12,Alex Caruso,23:30,Montrezl Harrell,21:43,Markieff Morris,20:10,Talen Horton-Tucker,18:54,Damian Jones,12:23,116,3,7,6.0,85.7,0.0,0.0,1.0,14.3,Bismack Biyombo,11,0,2020-2021,4.0,2,2.0,CHO,105,P.J. Washington,,,,,,,,,,,,,39:24,Terry Rozier,37:43,Gordon Hayward,36:56,LaMelo Ball,33:23,Miles Bridges,24:34,Devonte' Graham,22:17,Malik Monk,13:31,Cody Zeller,11:18,Cody Martin,7:07
0,,0,0.000,1,0.33,98,0,1,14.3,3,.750,3.0,75.0,4.0,4,0,,0,0.000,Logos via Sports Logos.net / About logos,L,https://www.basketball-reference.com/boxscores/202103200LAC.html,Away,125,26:01,6,85.7,LAC,Paul George,Amir Coffey,6:56,Luke Kennard,6:31,Mfiondu Kabengele,6:31,Daniel Oturu,6:31,,,,,32:44,Kawhi Leonard,31:09,Nicolas Batum,27:44,Ivica Zubac,24:54,Terance Mann,22:43,Marcus Morris,21:12,Reggie Jackson,20:30,Lou Williams,20:16,Patrick Patterson,12:19,125,4,6,6.0,100.0,0.0,0.0,0.0,0.0,Bismack Biyombo,27,0,2020-2021,0.0,3,7.0,CHO,98,Gordon Hayward,Jalen McDaniels,3:50,Vernon Carey Jr.,3:50,,,,,,,,,30:20,Cody Martin,29:42,P.J. Washington,29:04,Miles Bridges,27:44,Terry Rozier,26:05,LaMelo Ball,21:47,Devonte' Graham,18:21,Malik Monk,15:24,Caleb Martin,7:52
0,,0,0.000,1,,100,1,4,66.7,4,.800,4.0,80.0,5.0,5,3,.750,4,80.000,Logos via Sports Logos.net / About logos,W,https://www.basketball-reference.com/boxscores/202103220SAS.html,Away,97,23:16,2,33.3,SAS,Derrick White,Drew Eubanks,1:50,,,,,,,,,,,35:39,DeMar DeRozan,34:59,Dejounte Murray,33:44,Patty Mills,32:12,Keldon Johnson,31:52,Jakob Poeltl,25:43,Rudy Gay,25:01,Devin Vassell,10:07,Lonnie Walker IV,8:50,97,2,11,8.0,72.7,0.0,0.0,3.0,27.3,Bismack Biyombo,3,0,2020-2021,1.0,0,6.0,CHO,100,P.J. Washington,,,,,,,,,,,,,41:33,Terry Rozier,38:38,Gordon Hayward,36:52,Devonte' Graham,28:43,Miles Bridges,27:52,Malik Monk,26:47,Cody Martin,16:18,,,,
0,,0,0.000,2,1.00,122,0,1,100.0,3,1.000,3.0,100.0,3.0,3,1,.500,2,66.667,Logos via Sports Logos.net / About logos,W,https://www.basketball-reference.com/boxscores/202103240HOU.html,Away,97,20:13,0,0.0,HOU,Christian Wood,Anthony Lamb,6:28,Justin Patton,6:28,,,,,,,,,29:16,John Wall,29:03,Sterling Brown,28:00,KJ Martin,25:48,Danuel House Jr.,24:44,Jae'Sean Tate,24:27,D.J. Augustin,23:33,Ben McLemore,23:29,D.J. Wilson,18:44,97,2,7,6.0,85.7,0.0,0.0,1.0,14.3,Bismack Biyombo,25,0,2020-2021,0.0,2,1.0,CHO,122,Cody Martin,Jalen McDaniels,4:13,Nick Richards,4:08,Nate Darling,3:33,Vernon Carey Jr.,2:58,,,,,32:06,Terry Rozier,29:50,P.J. Washington,28:13,Devonte' Graham,25:31,Miles Bridges,24:34,Malik Monk,23:40,Gordon Hayward,18:54,Cody Zeller,15:39,Caleb Martin,6:28
0,,0,0.000,1,1.00,105,2,5,71.4,1,.500,1.0,50.0,2.0,2,0,,0,0.000,Logos via Sports Logos.net / About logos,W,https://www.basketball-reference.com/boxscores/202103260CHO.html,Home,110,27:53,2,28.6,MIA,Jimmy Butler,Max Strus,10:12,,,,,,,,,,,38:01,Bam Adebayo,35:00,Tyler Herro,32:55,Trevor Ariza,30:58,Duncan Robinson,28:23,Andre Iguodala,19:49,Gabe Vincent,17:46,Kendrick Nunn,15:58,Precious Achiuwa,10:58,105,3,2,2.0,100.0,0.0,0.0,0.0,0.0,Bismack Biyombo,5,1,2020-2021,3.0,1,7.0,CHO,110,Gordon Hayward,,,,,,,,,,,,,38:42,Terry Rozier,36:50,Devonte' Graham,29:40,Miles Bridges,27:52,P.J. Washington,26:03,Malik Monk,25:46,Cody Martin,15:03,Cody Zeller,12:11,,
0,,0,0.000,2,1.00,101,0,3,75.0,1,.500,1.0,50.0,2.0,2,0,,0,0.000,Logos via Sports Logos.net / About logos,L,https://www.basketball-reference.com/boxscores/202103280CHO.html,Home,97,15:11,1,25.0,PHO,Mikal Bridges,Langston Galloway,3:11,,,,,,,,,,,42:02,Devin Booker,41:56,Chris Paul,38:11,Deandre Ayton,33:54,Jae Crowder,32:56,Torrey Craig,21:14,Cameron Johnson,18:51,Dario Šarić,17:56,Cameron Payne,14:49,101,1,2,2.0,100.0,0.0,0.0,0.0,0.0,Bismack Biyombo,4,0,2020-2021,0.0,2,4.0,CHO,97,Terry Rozier,,,,,,,,,,,,,44:04,P.J. Washington,44:03,Gordon Hayward,41:05,Devonte' Graham,39:15,Miles Bridges,36:46,Cody Martin,26:15,Cody Zeller,11:24,Brad Wanamaker,3:46,Caleb Martin,3:11
0,,0,0.000,0,0.00,114,3,4,100.0,2,.500,2.0,50.0,4.0,4,2,1.000,2,50.000,Logos via Sports Logos.net / About logos,W,https://www.basketball-reference.com/boxscores/202103300WAS.html,Away,104,23:56,0,0.0,WAS,Rui Hachimura,,,,,,,,,,,,,40:19,Russell Westbrook,37:48,Jerome Robinson,36:11,Deni Avdija,32:10,Robin Lopez,26:51,Chandler Hutchison,20:41,Alex Len,20:39,Garrison Mathews,14:39,Cassius Winston,10:42,104,4,6,4.0,66.7,0.0,0.0,2.0,33.3,Bismack Biyombo,10,0,2020-2021,3.0,3,4.0,CHO,114,Gordon Hayward,,,,,,,,,,,,,39:03,Terry Rozier,38:44,Devonte' Graham,29:20,Miles Bridges,25:14,Cody Zeller,24:01,P.J. Washington,23:22,Cody Martin,20:35,Caleb Martin,15:45,,
0,,0,0.000,1,0.50,89,0,1,33.3,1,.250,1.0,25.0,4.0,4,0,.000,1,25.000,Logos via Sports Logos.net / About logos,L,https://www.basketball-reference.com/boxscores/202104010BRK.html,Away,111,10:31,2,66.7,BRK,Kyrie Irving,Chris Chiozza,4:15,Reggie Perry,4:01,Alize Johnson,4:01,,,,,,,33:31,Joe Harris,33:09,Jeff Green,30:40,LaMarcus Aldridge,29:30,Bruce Brown,29:11,Tyler Johnson,21:43,Landry Shamet,21:15,Timothé Luwawu-Cabarrot,15:06,Nic Claxton,13:38,111,1,2,2.0,100.0,0.0,0.0,0.0,0.0,Bismack Biyombo,22,0,2020-2021,0.0,2,3.0,CHO,89,Miles Bridges,Caleb Martin,11:44,Jalen McDaniels,4:52,Nick Richards,4:15,Nate Darling,2:05,,,,,29:39,Gordon Hayward,28:48,Terry Rozier,26:30,P.J. Washington,26:07,Malik Monk,21:42,Cody Zeller,20:36,Devonte' Graham,20:31,Cody Martin,18:22,Brad Wanamaker,14:18
0,,0,0.000,1,,114,0,3,60.0,3,.750,3.0,75.0,4.0,4,0,,0,0.000,Logos via Sports Logos.net / About logos,W,https://www.basketball-reference.com/boxscores/202104020IND.html,Away,97,13:39,2,40.0,IND,Caris LeVert,JaKarr Sampson,4:11,Kelan Martin,1:41,Cassius Stanley,1:41,,,,,,,34:40,T.J. McConnell,31:41,Myles Turner,31:34,Justin Holiday,29:58,Doug McDermott,28:41,Domantas Sabonis,27:29,Edmond Sumner,22:25,Aaron Holiday,15:12,Goga Bitadze,10:47,97,1,6,6.0,100.0,0.0,0.0,0.0,0.0,Bismack Biyombo,17,1,2020-2021,1.0,0,5.0,CHO,114,Terry Rozier,Vernon Carey Jr.,1:41,Caleb Martin,1:41,,,,,,,,,39:12,Miles Bridges,31:21,Brad Wanamaker,29:59,P.J. Washington,29:38,Cody Zeller,27:50,Devonte' Graham,25:08,Gordon Hayward,19:10,Cody Martin,19:00,Jalen McDaniels,1:41
0,,0,0.000,2,,86,2,2,66.7,2,1.000,2.0,100.0,2.0,2,2,.333,6,300.000,Logos via Sports Logos.net / About logos,L,https://www.basketball-reference.com/boxscores/202104040BOS.html,Away,116,21:15,1,33.3,BOS,Marcus Smart,Luke Kornet,9:08,Moritz Wagner,8:54,Grant Williams,7:57,Carsen Edwards,6:18,Tremont Waters,6:18,Tacko Fall,5:05,28:08,Jayson Tatum,27:58,Kemba Walker,26:01,Jaylen Brown,25:50,Robert Williams,25:23,Evan Fournier,21:45,Payton Pritchard,17:02,Romeo Langford,12:13,Aaron Nesmith,12:00,116,3,6,4.0,66.7,0.0,0.0,2.0,33.3,Bismack Biyombo,30,0,2020-2021,2.0,0,3.0,CHO,86,Terry Rozier,Nick Richards,8:54,Nate Darling,6:18,Grant Riller,5:22,Vernon Carey Jr.,3:07,,,,,32:18,Miles Bridges,30:42,Devonte' Graham,26:45,P.J. Washington,21:27,Caleb Martin,18:34,Brad Wanamaker,17:35,Cody Martin,17:24,Jalen McDaniels,16:50,Cody Zeller,13:29
0,,0,0.000,1,,105,0,1,100.0,1,1.000,1.0,100.0,1.0,1,0,,0,0.000,Logos via Sports Logos.net / About logos,L,https://www.basketball-reference.com/boxscores/202104110CHO.html,Home,101,7:44,0,0.0,ATL,Bogdan Bogdanović,,,,,,,,,,,,,40:32,Solomon Hill,37:41,Brandon Goodwin,37:17,Clint Capela,34:56,Kevin Huerter,32:15,Lou Williams,28:50,Onyeka Okongwu,12:27,Nathan Knight,10:19,Skylar Mays,5:43,105,1,2,2.0,100.0,0.0,0.0,0.0,0.0,Bismack Biyombo,4,0,2020-2021,0.0,0,1.0,CHO,101,Miles Bridges,,,,,,,,,,,,,40:49,Terry Rozier,36:15,Devonte' Graham,31:31,Jalen McDaniels,28:59,Brad Wanamaker,27:36,P.J. Washington,23:47,Caleb Martin,18:39,Cody Zeller,16:04,Cody Martin,8:36
0,,0,0.000,1,1.00,101,1,7,58.3,4,.667,4.0,66.7,6.0,6,2,.500,4,66.667,Logos via Sports Logos.net / About logos,L,https://www.basketball-reference.com/boxscores/202104130CHO.html,Home,93,27:46,5,41.7,LAL,Dennis Schröder,Alfonzo McKinnie,8:33,,,,,,,,,,,35:46,Kentavious Caldwell-Pope,34:23,Kyle Kuzma,34:06,Alex Caruso,24:44,Andre Drummond,24:20,Montrezl Harrell,23:40,Talen Horton-Tucker,23:27,Ben McLemore,17:07,Wesley Matthews,13:54,101,0,10,8.0,80.0,0.0,0.0,2.0,20.0,Bismack Biyombo,8,0,2020-2021,1.0,1,12.0,CHO,93,Jalen McDaniels,,,,,,,,,,,,,39:54,Miles Bridges,35:50,Caleb Martin,35:07,Devonte' Graham,31:16,Brad Wanamaker,23:00,Cody Martin,20:40,Cody Zeller,20:14,Nate Darling,6:12,,
0,,0,0.000,0,0.00,103,2,3,60.0,2,.500,2.0,50.0,4.0,4,1,.500,2,50.000,Logos via Sports Logos.net / About logos,L,https://www.basketball-reference.com/boxscores/202104140CHO.html,Home,90,22:46,2,40.0,CLE,Darius Garland,Cedi Osman,12:18,,,,,,,,,,,35:41,Isaac Okoro,31:31,Jarrett Allen,30:26,Taurean Prince,28:45,Kevin Love,26:41,Dean Wade,25:36,Larry Nance Jr.,19:34,Matthew Dellavedova,16:29,Isaiah Hartenstein,12:57,103,1,5,4.0,80.0,0.0,0.0,1.0,20.0,Bismack Biyombo,13,1,2020-2021,3.0,1,5.0,CHO,90,Terry Rozier,,,,,,,,,,,,,43:14,Miles Bridges,37:16,Devonte' Graham,33:56,Jalen McDaniels,31:29,Caleb Martin,23:17,Brad Wanamaker,20:59,Cody Zeller,19:28,Cody Martin,7:32,,
0,,0,,2,1.00,115,0,1,33.3,0,,0.0,,0.0,0,1,.500,2,,Logos via Sports Logos.net / About logos,L,https://www.basketball-reference.com/boxscores/202104160BRK.html,Away,130,8:08,2,66.7,BRK,Kyrie Irving,Timothé Luwawu-Cabarrot,10:36,Alize Johnson,2:20,Reggie Perry,2:20,,,,,,,32:55,Kevin Durant,30:17,Joe Harris,29:15,Jeff Green,28:26,Nic Claxton,23:17,Landry Shamet,21:18,Bruce Brown,21:13,Blake Griffin,20:44,DeAndre Jordan,17:19,130,2,1,0.0,0.0,0.0,0.0,1.0,100.0,Bismack Biyombo,15,1,2020-2021,1.0,2,3.0,CHO,115,Terry Rozier,,,,,,,,,,,,,40:15,Miles Bridges,38:49,Cody Martin,35:02,Vernon Carey Jr.,34:54,Jalen McDaniels,32:04,Caleb Martin,30:20,Brad Wanamaker,15:48,Grant Riller,2:20,Nick Richards,2:20
0,,0,0.000,0,0.00,91,0,4,100.0,2,.500,2.0,50.0,4.0,4,0,,0,0.000,Logos via Sports Logos.net / About logos,L,https://www.basketball-reference.com/boxscores/202104220CHI.html,Away,108,11:16,0,0.0,CHI,Nikola Vučević,Denzel Valentine,16:09,Cristiano Felício,2:43,Javonte Green,2:43,Devon Dotson,1:24,Adam Mokoka,1:24,,,28:43,Coby White,28:02,Lauri Markkanen,26:31,Daniel Theis,25:14,Garrett Temple,24:20,Patrick Williams,23:12,Tomáš Satoranský,20:46,Thaddeus Young,20:03,Ryan Arcidiacono,18:46,108,2,4,4.0,100.0,0.0,0.0,0.0,0.0,Bismack Biyombo,17,0,2020-2021,0.0,1,4.0,CHO,91,Jalen McDaniels,P.J. Washington,13:19,Grant Riller,9:28,Nick Richards,3:26,,,,,,,31:10,Terry Rozier,30:07,Devonte' Graham,28:20,Miles Bridges,26:48,Caleb Martin,25:19,Cody Martin,18:16,Vernon Carey Jr.,15:00,Cody Zeller,13:57,Brad Wanamaker,13:34
0,,0,0.000,1,,102,0,2,18.2,2,.333,2.0,33.3,6.0,6,0,.000,1,16.667,Logos via Sports Logos.net / About logos,W,https://www.basketball-reference.com/boxscores/202104230CHO.html,Home,108,27:05,9,81.8,CLE,Darius Garland,,,,,,,,,,,,,37:26,Collin Sexton,34:20,Isaac Okoro,34:08,Jarrett Allen,33:11,Kevin Love,27:19,Larry Nance Jr.,27:05,Dean Wade,17:50,Isaiah Hartenstein,14:49,Matthew Dellavedova,13:52,102,3,4,4.0,100.0,0.0,0.0,0.0,0.0,Bismack Biyombo,6,0,2020-2021,0.0,0,11.0,CHO,108,P.J. Washington,,,,,,,,,,,,,37:11,Terry Rozier,36:36,Devonte' Graham,36:08,Miles Bridges,36:01,Jalen McDaniels,24:41,Cody Martin,23:51,Brad Wanamaker,18:27,,,,
0,,0,0.000,3,1.50,104,1,4,57.1,2,.667,2.0,66.7,3.0,3,0,,0,0.000,Logos via Sports Logos.net / About logos,W,https://www.basketball-reference.com/boxscores/202104250CHO.html,Home,125,21:45,3,42.9,BOS,Jaylen Brown,Aaron Nesmith,8:01,Romeo Langford,3:25,Carsen Edwards,3:25,Luke Kornet,3:25,Tremont Waters,3:25,,,34:50,Jayson Tatum,32:15,Marcus Smart,30:21,Kemba Walker,29:29,Tristan Thompson,25:40,Evan Fournier,19:48,Grant Williams,18:49,Payton Pritchard,15:34,Jabari Parker,11:33,104,2,4,4.0,100.0,0.0,0.0,0.0,0.0,Bismack Biyombo,21,0,2020-2021,1.0,2,7.0,CHO,125,P.J. Washington,Caleb Martin,1:46,Nick Richards,1:46,,,,,,,,,38:36,Miles Bridges,33:52,Terry Rozier,32:39,Devonte' Graham,31:41,Cody Martin,31:01,Brad Wanamaker,24:17,Jalen McDaniels,19:05,Grant Riller,1:46,Vernon Carey Jr.,1:46
0,,0,0.000,0,0.00,114,3,4,66.7,1,1.000,1.0,100.0,1.0,1,1,.500,2,200.000,Logos via Sports Logos.net / About logos,L,https://www.basketball-reference.com/boxscores/202104270CHO.html,Home,104,22:40,2,33.3,MIL,Khris Middleton,Thanasis Antetokounmpo,1:12,,,,,,,,,,,37:52,Giannis Antetokounmpo,37:28,Jrue Holiday,36:07,Donte DiVincenzo,28:32,Brook Lopez,26:43,P.J. Tucker,25:35,Bryn Forbes,18:40,Pat Connaughton,14:32,Bobby Portis,13:19,114,0,3,2.0,66.7,0.0,0.0,1.0,33.3,Bismack Biyombo,10,0,2020-2021,3.0,3,6.0,CHO,104,Miles Bridges,,,,,,,,,,,,,41:02,Terry Rozier,37:12,Devonte' Graham,33:47,P.J. Washington,32:07,Cody Martin,30:30,Brad Wanamaker,27:05,Jalen McDaniels,15:37,,,,
0,,0,,1,,111,0,0,,0,,0.0,,0.0,0,0,.000,2,,Logos via Sports Logos.net / About logos,L,https://www.basketball-reference.com/boxscores/202104280BOS.html,Away,120,5:08,0,,BOS,Jayson Tatum,,,,,,,,,,,,,40:41,Jaylen Brown,36:48,Evan Fournier,31:38,Aaron Nesmith,31:23,Tristan Thompson,28:54,Payton Pritchard,28:35,Tremont Waters,24:36,Robert Williams,16:50,Grant Williams,0:35,120,0,0,0.0,,0.0,,0.0,,Bismack Biyombo,9,0,2020-2021,0.0,0,0.0,CHO,111,P.J. Washington,,,,,,,,,,,,,39:25,Devonte' Graham,38:42,Miles Bridges,38:37,Terry Rozier,35:45,Cody Martin,24:04,Brad Wanamaker,21:15,Cody Zeller,17:00,Jalen McDaniels,13:22,Caleb Martin,6:42
0,,0,0.000,0,,94,5,7,77.8,3,.750,3.0,75.0,4.0,4,0,.000,5,125.000,Logos via Sports Logos.net / About logos,W,https://www.basketball-reference.com/boxscores/202105010CHO.html,Home,107,27:59,2,22.2,DET,Saddiq Bey,,,,,,,,,,,,,40:02,Josh Jackson,34:52,Frank Jackson,34:05,Killian Hayes,31:47,Sekou Doumbouya,27:09,Isaiah Stewart,26:41,Tyler Cook,21:19,Saben Lee,16:13,Deividas Sirvydis,7:52,94,1,6,6.0,100.0,0.0,0.0,0.0,0.0,Bismack Biyombo,13,1,2020-2021,6.0,0,9.0,CHO,107,Terry Rozier,,,,,,,,,,,,,37:42,P.J. Washington,37:29,Miles Bridges,35:41,LaMelo Ball,27:53,Cody Martin,23:46,Malik Monk,22:24,Jalen McDaniels,14:49,Brad Wanamaker,12:17,,
0,,0,0.000,2,,121,0,2,66.7,3,1.000,3.0,100.0,3.0,3,1,.500,2,66.667,Logos via Sports Logos.net / About logos,L,https://www.basketball-reference.com/boxscores/202105020CHO.html,Home,111,16:27,1,33.3,MIA,Kendrick Nunn,Gabe Vincent,1:09,Precious Achiuwa,1:09,KZ Okpala,1:09,,,,,,,37:17,Bam Adebayo,33:32,Trevor Ariza,31:21,Goran Dragić,29:35,Jimmy Butler,27:52,Duncan Robinson,26:31,Max Strus,20:55,Andre Iguodala,16:11,Dewayne Dedmon,13:19,121,0,7,6.0,85.7,0.0,0.0,1.0,14.3,Bismack Biyombo,10,0,2020-2021,0.0,0,3.0,CHO,111,Miles Bridges,Cody Zeller,5:02,Vernon Carey Jr.,4:53,Caleb Martin,4:53,,,,,,,31:25,LaMelo Ball,30:17,P.J. Washington,29:33,Malik Monk,27:01,Jalen McDaniels,26:35,Terry Rozier,26:34,Devonte' Graham,23:37,Brad Wanamaker,6:54,Cody Martin,6:49
0,,0,0.000,1,0.50,102,2,5,83.3,1,.333,1.0,33.3,3.0,3,0,,0,0.000,Logos via Sports Logos.net / About logos,W,https://www.basketball-reference.com/boxscores/202105040DET.html,Away,99,24:27,1,16.7,DET,Hamidou Diallo,,,,,,,,,,,,,40:09,Saddiq Bey,38:30,Sekou Doumbouya,33:41,Killian Hayes,28:58,Frank Jackson,28:41,Isaiah Stewart,26:21,Jahlil Okafor,21:39,Saben Lee,19:02,Tyler Cook,2:59,99,3,2,2.0,100.0,0.0,0.0,0.0,0.0,Bismack Biyombo,3,0,2020-2021,2.0,2,6.0,CHO,102,Terry Rozier,,,,,,,,,,,,,39:03,Jalen McDaniels,38:47,Caleb Martin,33:56,Brad Wanamaker,30:39,LaMelo Ball,30:37,Malik Monk,18:58,Cody Zeller,17:03,Vernon Carey Jr.,6:30,,
0,,0,0.000,3,1.50,120,0,3,50.0,1,.500,1.0,50.0,2.0,2,0,,0,0.000,Logos via Sports Logos.net / About logos,L,https://www.basketball-reference.com/boxscores/202105060CHO.html,Home,99,18:19,3,50.0,CHI,Nikola Vučević,Javonte Green,7:25,Denzel Valentine,1:57,Ryan Arcidiacono,1:57,Devon Dotson,1:57,Cristiano Felício,1:57,,,30:39,Coby White,30:07,Zach LaVine,27:27,Daniel Theis,26:07,Patrick Williams,26:05,Garrett Temple,23:38,Lauri Markkanen,20:50,Tomáš Satoranský,19:57,Thaddeus Young,19:56,120,1,2,2.0,100.0,0.0,0.0,0.0,0.0,Bismack Biyombo,21,0,2020-2021,0.0,2,6.0,CHO,99,P.J. Washington,Grant Riller,1:57,Nate Darling,1:57,Nick Richards,1:57,,,,,,,33:22,Jalen McDaniels,31:54,Malik Monk,31:23,Caleb Martin,26:19,Terry Rozier,26:06,LaMelo Ball,23:42,Brad Wanamaker,20:24,Cody Zeller,18:14,Vernon Carey Jr.,4:25
0,,0,0.000,1,,112,2,7,63.6,5,1.000,5.0,100.0,5.0,5,1,.500,2,40.000,Logos via Sports Logos.net / About logos,W,https://www.basketball-reference.com/boxscores/202105070CHO.html,Home,122,31:58,4,36.4,ORL,Dwayne Bacon,,,,,,,,,,,,,33:58,Mo Bamba,33:30,Gary Harris,30:11,R.J. Hampton,29:42,Cole Anthony,29:19,Ignas Brazdeikis,24:08,Moritz Wagner,23:26,Chasson Randle,21:33,Sindarius Thornwell,14:13,112,4,11,10.0,90.9,0.0,0.0,1.0,9.1,Bismack Biyombo,10,1,2020-2021,3.0,0,11.0,CHO,122,Terry Rozier,,,,,,,,,,,,,39:03,P.J. Washington,37:39,LaMelo Ball,33:37,Jalen McDaniels,29:57,Caleb Martin,22:00,Brad Wanamaker,20:32,Cody Zeller,16:02,Malik Monk,9:11,,
0,,0,0.000,1,0.33,112,3,6,75.0,0,.000,0.0,0.0,2.0,2,0,,0,0.000,Logos via Sports Logos.net / About logos,L,https://www.basketball-reference.com/boxscores/202105090CHO.html,Home,110,25:32,2,25.0,NOP,Eric Bledsoe,Kira Lewis Jr.,14:58,,,,,,,,,,,33:02,James Johnson,30:35,Lonzo Ball,30:15,Naji Marshall,27:14,Jaxson Hayes,26:03,Willy Hernangómez,21:57,Nickeil Alexander-Walker,21:02,Wes Iwundu,17:43,Wenyen Gabriel,17:11,112,4,0,0.0,,0.0,,0.0,,Bismack Biyombo,2,0,2020-2021,3.0,3,8.0,CHO,110,Terry Rozier,,,,,,,,,,,,,41:33,P.J. Washington,36:22,LaMelo Ball,31:24,Brad Wanamaker,23:25,Caleb Martin,22:43,Cody Zeller,22:07,Malik Monk,22:03,Jalen McDaniels,14:51,,
0,,0,0.000,1,0.50,117,1,1,100.0,2,.500,2.0,50.0,4.0,4,0,,0,0.000,Logos via Sports Logos.net / About logos,L,https://www.basketball-reference.com/boxscores/202105110CHO.html,Home,112,16:18,0,0.0,DEN,Facundo Campazzo,Vlatko Čančar,7:08,Markus Howard,3:05,,,,,,,,,36:52,Michael Porter Jr.,34:54,Nikola Jokić,32:57,Austin Rivers,31:19,Aaron Gordon,28:36,JaMychal Green,21:54,Shaquille Harrison,17:54,Paul Millsap,15:03,Monte Morris,10:18,117,3,4,4.0,100.0,0.0,0.0,0.0,0.0,Bismack Biyombo,5,0,2020-2021,1.0,2,1.0,CHO,112,Terry Rozier,,,,,,,,,,,,,40:50,P.J. Washington,40:12,Devonte' Graham,33:02,LaMelo Ball,31:24,Cody Zeller,29:24,Jalen McDaniels,24:44,Malik Monk,17:33,Caleb Martin,6:33,,
0,,0,0.000,1,0.33,113,0,2,28.6,6,.667,6.0,66.7,9.0,9,1,.500,2,22.222,Logos via Sports Logos.net / About logos,L,https://www.basketball-reference.com/boxscores/202105130CHO.html,Home,90,26:14,5,71.4,LAC,Ivica Zubac,Jay Scrubb,4:09,Terance Mann,4:09,Daniel Oturu,4:09,Luke Kennard,4:09,Yogi Ferrell,3:53,,,35:08,Paul George,34:51,Kawhi Leonard,31:10,Reggie Jackson,27:36,Marcus Morris,23:52,Nicolas Batum,23:21,Rajon Rondo,20:06,Patrick Beverley,18:06,DeMarcus Cousins,5:21,113,3,13,12.0,92.3,0.0,0.0,1.0,7.7,Bismack Biyombo,23,0,2020-2021,0.0,3,7.0,CHO,90,Terry Rozier,Grant Riller,3:53,,,,,,,,,,,36:07,P.J. Washington,34:06,Jalen McDaniels,32:28,LaMelo Ball,31:23,Devonte' Graham,22:42,Cody Zeller,17:53,Caleb Martin,17:10,Malik Monk,14:11,Vernon Carey Jr.,3:53
0,,0,,0,,109,0,0,,0,,0.0,,0.0,0,0,,0,,Logos via Sports Logos.net / About logos,L,https://www.basketball-reference.com/boxscores/202105150NYK.html,Away,118,0:03,0,,NYK,Julius Randle,Obi Toppin,6:54,Frank Ntilikina,0:18,,,,,,,,,46:06,Reggie Bullock,40:26,Nerlens Noel,34:04,Alec Burks,30:00,RJ Barrett,27:15,Derrick Rose,25:04,Immanuel Quickley,23:59,Taj Gibson,18:29,Elfrid Payton,12:25,118,0,0,0.0,,0.0,,0.0,,Bismack Biyombo,9,0,2020-2021,0.0,0,0.0,CHO,109,Terry Rozier,,,,,,,,,,,,,45:45,Devonte' Graham,40:53,Jalen McDaniels,39:42,Cody Zeller,36:21,Miles Bridges,34:28,P.J. Washington,31:33,LaMelo Ball,20:47,Malik Monk,15:28,,
0,,0,0.000,0,,110,0,1,50.0,1,1.000,1.0,100.0,1.0,1,0,,0,0.000,Logos via Sports Logos.net / About logos,L,https://www.basketball-reference.com/boxscores/202105160WAS.html,Away,115,5:14,1,50.0,WAS,Russell Westbrook,Anthony Gill,6:56,Alex Len,4:40,,,,,,,,,40:11,Bradley Beal,34:37,Rui Hachimura,34:21,Ish Smith,32:03,Dāvis Bertāns,26:58,Robin Lopez,26:32,Daniel Gafford,16:25,Chandler Hutchison,9:34,Garrison Mathews,7:43,115,0,2,2.0,100.0,0.0,0.0,0.0,0.0,Bismack Biyombo,5,0,2020-2021,0.0,0,2.0,CHO,110,Miles Bridges,,,,,,,,,,,,,39:33,Terry Rozier,37:24,LaMelo Ball,33:28,Devonte' Graham,30:50,P.J. Washington,30:23,Cody Zeller,29:38,Jalen McDaniels,27:47,Malik Monk,5:43,,
0,,0,,0,,117,0,0,,0,,0.0,,0.0,0,0,,0,,Logos via Sports Logos.net / About logos,L,https://www.basketball-reference.com/boxscores/202105180IND.html,Away,144,3:20,0,,IND,Oshae Brissett,JaKarr Sampson,7:26,Edmond Sumner,6:52,Cassius Stanley,4:55,Amida Brimah,1:51,,,,,33:01,Domantas Sabonis,32:35,Justin Holiday,25:51,Doug McDermott,25:47,T.J. McConnell,25:02,Malcolm Brogdon,21:20,Kelan Martin,20:22,Goga Bitadze,18:42,Aaron Holiday,16:16,144,0,0,0.0,,0.0,,0.0,,Bismack Biyombo,27,0,2020-2021,0.0,0,0.0,CHO,117,Miles Bridges,Vernon Carey Jr.,5:45,Nick Richards,4:20,Grant Riller,4:20,Nate Darling,4:20,,,,,36:35,Terry Rozier,34:49,P.J. Washington,30:30,Cody Zeller,28:13,LaMelo Ball,27:00,Devonte' Graham,20:12,Malik Monk,19:06,Jalen McDaniels,15:45,Caleb Martin,5:45
0,,0,0.000,1,,133,1,3,50.0,5,.714,5.0,71.4,7.0,7,1,1.000,1,14.286,Logos via Sports Logos.net / About logos,W,https://www.basketball-reference.com/boxscores/202201020CHO.html,Away,99,17:55,3,50.0,CHO,Miles Bridges,Nick Richards,15:55,James Bouknight,12:00,JT Thor,6:25,Kai Jones,4:13,,,,,25:36,Ish Smith,24:50,Terry Rozier,24:34,LaMelo Ball,23:10,Cody Martin,22:35,Gordon Hayward,22:25,Kelly Oubre Jr.,20:46,Jalen McDaniels,19:36,Mason Plumlee,17:55,99,0,11,10.0,90.9,0.0,0.0,1.0,9.1,Bismack Biyombo,34,1,2021-2022,2.0,0,6.0,PHO,133,Cameron Johnson,M.J. Walker,7:44,Emanuel Terry,6:17,Paris Bass,5:27,,,,,,,29:41,Devin Booker,28:57,Chris Paul,26:19,Mikal Bridges,25:18,Jalen Smith,23:44,Landry Shamet,23:33,Cameron Payne,22:57,Elfrid Payton,13:34,Ish Wainright,8:34
0,,0,0.000,3,,123,3,4,66.7,6,1.000,6.0,100.0,6.0,6,4,.571,7,116.667,Logos via Sports Logos.net / About logos,W,https://www.basketball-reference.com/boxscores/202201040NOP.html,Away,110,29:23,2,33.3,NOP,Josh Hart,Gary Clark,7:11,,,,,,,,,,,37:10,Devonte' Graham,35:37,Jonas Valančiūnas,35:24,Herbert Jones,34:09,Brandon Ingram,33:11,Garrett Temple,19:39,Nickeil Alexander-Walker,15:02,Jaxson Hayes,12:36,Jose Alvarado,10:01,110,5,16,12.0,75.0,0.0,0.0,4.0,25.0,Bismack Biyombo,13,2,2021-2022,5.0,0,6.0,PHO,123,Mikal Bridges,,,,,,,,,,,,,41:50,Chris Paul,35:13,Cameron Johnson,35:08,Devin Booker,32:04,Cameron Payne,21:20,Jalen Smith,16:18,Elfrid Payton,12:04,Justin Jackson,8:27,Ish Wainright,8:13
0,,0,0.000,0,,89,3,2,66.7,0,.000,0.0,0.0,2.0,2,0,,0,0.000,Logos via Sports Logos.net / About logos,W,https://www.basketball-reference.com/boxscores/202201060PHO.html,Home,106,13:17,1,33.3,LAC,Eric Bledsoe,Jay Scrubb,2:06,Wenyen Gabriel,2:06,Keon Johnson,2:06,,,,,,,35:45,Marcus Morris,35:34,Terance Mann,33:06,Reggie Jackson,31:24,Amir Coffey,26:55,Brandon Boston Jr.,19:56,Serge Ibaka,19:44,Nicolas Batum,17:36,Justise Winslow,13:42,89,1,0,0.0,,0.0,,0.0,,Bismack Biyombo,17,0,2021-2022,3.0,0,3.0,PHO,106,Mikal Bridges,Paris Bass,1:56,,,,,,,,,,,39:30,Cameron Johnson,35:28,Chris Paul,34:21,Devin Booker,33:28,Jalen Smith,32:47,Cameron Payne,17:46,Elfrid Payton,14:32,Ish Wainright,11:04,Justin Jackson,5:51
0,,0,0.000,0,0.00,99,0,3,60.0,0,.000,0.0,0.0,1.0,1,0,,0,0.000,Logos via Sports Logos.net / About logos,W,https://www.basketball-reference.com/boxscores/202201110TOR.html,Away,95,4:40,2,40.0,TOR,Fred VanVleet,,,,,,,,,,,,,43:41,OG Anunoby,39:29,Pascal Siakam,39:23,Chris Boucher,37:06,Khem Birch,26:09,Precious Achiuwa,21:51,Yuta Watanabe,15:01,Justin Champagnie,10:15,Svi Mykhailiuk,7:05,95,1,0,0.0,,0.0,,0.0,,Bismack Biyombo,4,0,2021-2022,0.0,2,5.0,PHO,99,Mikal Bridges,,,,,,,,,,,,,40:52,Devin Booker,36:08,Jae Crowder,34:58,Chris Paul,33:15,Deandre Ayton,30:02,Jalen Smith,17:37,Cameron Payne,14:45,Landry Shamet,13:52,JaVale McGee,13:51
0,,0,0.000,0,0.00,135,1,3,75.0,3,.500,3.0,50.0,6.0,6,1,.500,2,33.333,Logos via Sports Logos.net / About logos,W,https://www.basketball-reference.com/boxscores/202201160DET.html,Away,108,13:58,1,25.0,DET,Saddiq Bey,Josh Jackson,14:58,Luka Garza,6:47,,,,,,,,,29:22,Hamidou Diallo,28:53,Cory Joseph,27:02,Killian Hayes,26:40,Cade Cunningham,24:35,Isaiah Stewart,22:41,Cassius Stanley,22:06,Trey Lyles,19:13,Saben Lee,17:43,108,1,7,6.0,85.7,0.0,0.0,1.0,14.3,Bismack Biyombo,27,0,2021-2022,1.0,1,4.0,PHO,135,Cameron Payne,Deandre Ayton,7:37,Elfrid Payton,6:47,,,,,,,,,31:00,Mikal Bridges,29:58,Devin Booker,29:35,Chris Paul,27:00,Landry Shamet,25:26,Jae Crowder,23:18,JaVale McGee,15:20,Ish Wainright,15:10,Jalen Smith,14:51
0,,0,0.000,1,1.00,121,0,6,42.9,8,.800,8.0,80.0,10.0,10,1,.250,4,40.000,Logos via Sports Logos.net / About logos,W,https://www.basketball-reference.com/boxscores/202201170SAS.html,Away,107,24:48,8,57.1,SAS,Keldon Johnson,Drew Eubanks,2:49,Joe Wieskamp,2:49,,,,,,,,,33:09,Dejounte Murray,31:46,Derrick White,29:53,Jakob Poeltl,29:36,Devin Vassell,27:30,Doug McDermott,26:28,Keita Bates-Diop,18:53,Lonnie Walker IV,18:43,Jock Landale,18:24,107,3,17,16.0,94.1,0.0,0.0,1.0,5.9,Bismack Biyombo,14,1,2021-2022,1.0,1,14.0,PHO,121,Devin Booker,Jalen Smith,1:58,Ish Wainright,1:58,,,,,,,,,34:51,Mikal Bridges,34:17,Chris Paul,32:22,Jae Crowder,25:36,Cameron Payne,23:22,JaVale McGee,23:12,Cameron Johnson,20:26,Landry Shamet,15:12,Elfrid Payton,1:58
0,,0,0.000,1,0.50,109,0,2,50.0,2,.667,2.0,66.7,3.0,3,5,.714,7,233.333,Logos via Sports Logos.net / About logos,W,https://www.basketball-reference.com/boxscores/202201200DAL.html,Away,101,27:54,2,50.0,DAL,Luka Dončić,Frank Ntilikina,1:42,,,,,,,,,,,38:08,Jalen Brunson,34:45,Kristaps Porziņģis,32:17,Dorian Finney-Smith,32:00,Tim Hardaway Jr.,28:17,Maxi Kleber,27:08,Reggie Bullock,20:11,Dwight Powell,14:21,Josh Green,11:11,101,3,9,4.0,44.4,0.0,0.0,5.0,55.6,Bismack Biyombo,8,2,2021-2022,2.0,2,4.0,PHO,109,Devin Booker,,,,,,,,,,,,,38:18,Mikal Bridges,37:11,Chris Paul,36:41,Jae Crowder,32:39,Cameron Johnson,20:28,Cameron Payne,18:56,JaVale McGee,17:49,Landry Shamet,10:04,,
0,,0,0.000,5,2.50,103,2,7,53.8,9,.750,9.0,75.0,12.0,12,3,1.000,3,25.000,Logos via Sports Logos.net / About logos,W,https://www.basketball-reference.com/boxscores/202201220PHO.html,Home,113,29:31,6,46.2,IND,Goga Bitadze,Isaiah Jackson,12:52,,,,,,,,,,,35:08,Chris Duarte,30:32,Torrey Craig,30:10,Jeremy Lamb,28:10,Justin Holiday,27:19,Keifer Sykes,25:45,Oshae Brissett,17:53,Lance Stephenson,17:40,Duane Washington Jr.,14:31,103,3,21,18.0,85.7,0.0,0.0,3.0,14.3,Bismack Biyombo,10,1,2021-2022,3.0,2,13.0,PHO,113,Chris Paul,,,,,,,,,,,,,40:49,Devin Booker,38:52,Mikal Bridges,34:40,Cameron Johnson,25:12,Jae Crowder,22:48,JaVale McGee,18:25,Landry Shamet,16:01,Cameron Payne,6:52,Elfrid Payton,6:50
0,,0,0.000,1,,109,1,9,69.2,7,.700,7.0,70.0,10.0,10,2,.333,6,60.000,Logos via Sports Logos.net / About logos,W,https://www.basketball-reference.com/boxscores/202201240PHO.html,Home,115,31:16,4,30.8,UTA,Danuel House Jr.,,,,,,,,,,,,,42:38,Trent Forrest,36:00,Rudy Gay,35:30,Jordan Clarkson,33:54,Hassan Whiteside,32:49,Eric Paschall,24:59,Jared Butler,17:22,Elijah Hughes,14:06,Udoka Azubuike,2:42,109,3,16,14.0,87.5,0.0,0.0,2.0,12.5,Bismack Biyombo,6,0,2021-2022,1.0,0,13.0,PHO,115,Chris Paul,,,,,,,,,,,,,40:22,Cameron Johnson,38:18,Devin Booker,38:08,Mikal Bridges,35:25,Landry Shamet,18:26,JaVale McGee,16:44,Elfrid Payton,11:39,Ish Wainright,9:42,,
0,,0,0.000,0,,105,2,4,66.7,4,.444,4.0,44.4,9.0,9,4,.667,6,66.667,Logos via Sports Logos.net / About logos,W,https://www.basketball-reference.com/boxscores/202201260UTA.html,Away,97,29:22,2,33.3,UTA,Hassan Whiteside,Danuel House Jr.,11:02,,,,,,,,,,,34:30,Bojan Bogdanović,33:14,Mike Conley,32:54,Jordan Clarkson,30:58,Royce O'Neale,27:22,Joe Ingles,25:30,Rudy Gay,17:13,Trent Forrest,14:18,Eric Paschall,12:57,97,3,12,8.0,66.7,0.0,0.0,4.0,33.3,Bismack Biyombo,8,1,2021-2022,3.0,0,6.0,PHO,105,Mikal Bridges,,,,,,,,,,,,,44:40,Devin Booker,39:34,Chris Paul,36:50,Cameron Johnson,36:25,Jalen Smith,18:37,Landry Shamet,11:46,Ish Wainright,11:35,Elfrid Payton,11:09,,
0,,0,0.000,0,0.00,124,0,8,66.7,6,.667,6.0,66.7,9.0,9,2,.400,5,55.556,Logos via Sports Logos.net / About logos,W,https://www.basketball-reference.com/boxscores/202201280PHO.html,Home,134,29:10,4,33.3,MIN,Anthony Edwards,Josh Okogie,12:36,,,,,,,,,,,37:26,Karl-Anthony Towns,30:35,Jaden McDaniels,29:29,Jarred Vanderbilt,28:44,Malik Beasley,27:39,Taurean Prince,24:13,Naz Reid,17:21,Jordan McLaughlin,17:11,Jaylen Nowell,14:46,124,5,14,12.0,85.7,0.0,0.0,2.0,14.3,Bismack Biyombo,10,0,2021-2022,0.0,2,12.0,PHO,134,Mikal Bridges,,,,,,,,,,,,,41:03,Devin Booker,37:40,Cameron Johnson,37:28,Chris Paul,37:10,Landry Shamet,20:34,Jalen Smith,15:57,Elfrid Payton,10:50,Ish Wainright,10:08,,
0,,0,0.000,2,2.00,110,1,5,45.5,4,.444,4.0,44.4,9.0,9,2,.500,4,44.444,Logos via Sports Logos.net / About logos,W,https://www.basketball-reference.com/boxscores/202201300PHO.html,Home,115,22:01,6,54.5,SAS,Keldon Johnson,,,,,,,,,,,,,39:24,Tre Jones,32:59,Devin Vassell,30:33,Doug McDermott,28:18,Joshua Primo,28:01,Lonnie Walker IV,26:39,Drew Eubanks,22:22,Jock Landale,16:50,Juancho Hernangómez,14:54,110,1,10,8.0,80.0,0.0,0.0,2.0,20.0,Bismack Biyombo,5,0,2021-2022,1.0,1,11.0,PHO,115,Mikal Bridges,,,,,,,,,,,,,39:55,Chris Paul,39:43,Devin Booker,37:37,Cameron Johnson,35:47,Ish Wainright,20:17,Landry Shamet,17:00,JaVale McGee,13:59,Elfrid Payton,13:41,,
0,,0,,0,,111,0,1,100.0,0,,0.0,,0.0,0,0,,0,,Logos via Sports Logos.net / About logos,W,https://www.basketball-reference.com/boxscores/202202010PHO.html,Home,121,5:43,0,0.0,BRK,James Harden,Bruce Brown,7:09,Jevon Carter,2:42,Day'Ron Sharpe,2:42,,,,,,,37:07,Kyrie Irving,36:34,Patty Mills,32:46,Kessler Edwards,28:40,Blake Griffin,26:37,DeAndre' Bembry,19:39,Nic Claxton,18:41,Cam Thomas,14:51,James Johnson,12:32,111,0,0,0.0,,0.0,,0.0,,Bismack Biyombo,10,0,2021-2022,0.0,0,1.0,PHO,121,Devin Booker,Justin Jackson,1:22,Jalen Smith,1:22,,,,,,,,,40:53,Mikal Bridges,40:24,Chris Paul,38:54,Deandre Ayton,28:03,Jae Crowder,25:01,Cameron Johnson,23:29,JaVale McGee,13:46,Elfrid Payton,13:27,Ish Wainright,7:36
0,,0,0.000,0,0.00,95,0,3,50.0,0,.000,0.0,0.0,4.0,4,1,.500,2,50.000,Logos via Sports Logos.net / About logos,W,https://www.basketball-reference.com/boxscores/202202050WAS.html,Away,80,9:38,3,50.0,WAS,Kentavious Caldwell-Pope,Thomas Bryant,17:28,Daniel Gafford,7:04,Dāvis Bertāns,7:04,Anthony Gill,4:09,,,,,24:03,Rui Hachimura,23:57,Kyle Kuzma,23:52,Montrezl Harrell,23:28,Spencer Dinwiddie,23:03,Raul Neto,22:21,Aaron Holiday,22:14,Deni Avdija,21:07,Corey Kispert,20:09,80,2,1,0.0,0.0,0.0,0.0,1.0,100.0,Bismack Biyombo,15,1,2021-2022,1.0,1,6.0,PHO,95,Chris Paul,Ish Wainright,12:00,Justin Jackson,8:33,,,,,,,,,30:33,Devin Booker,29:37,Mikal Bridges,25:57,Jae Crowder,24:30,Deandre Ayton,23:57,Jalen Smith,22:04,Elfrid Payton,20:42,Cameron Johnson,18:04,JaVale McGee,14:22
0,,0,0.000,0,,127,0,0,,0,.000,0.0,0.0,1.0,1,0,,0,0.000,Logos via Sports Logos.net / About logos,W,https://www.basketball-reference.com/boxscores/202202070CHI.html,Away,124,1:12,0,,CHI,Zach LaVine,Malcolm Hill,1:41,Alfonzo McKinnie,1:41,Tyler Cook,1:13,,,,,,,37:05,DeMar DeRozan,35:36,Nikola Vučević,33:49,Ayo Dosunmu,32:48,Coby White,25:37,Javonte Green,23:46,Troy Brown Jr.,21:45,Tony Bradley,12:58,Matt Thomas,12:01,124,0,0,0.0,,0.0,,0.0,,Bismack Biyombo,3,0,2021-2022,0.0,0,0.0,PHO,127,Devin Booker,Justin Jackson,1:12,Ish Wainright,1:12,,,,,,,,,37:40,Mikal Bridges,35:40,Jae Crowder,34:42,Chris Paul,33:51,Deandre Ayton,23:28,JaVale McGee,22:30,Cameron Johnson,21:32,Elfrid Payton,17:53,Jalen Smith,9:08
0,,0,0.000,0,,107,0,0,0.0,4,.800,4.0,80.0,5.0,5,1,.250,4,80.000,Logos via Sports Logos.net / About logos,W,https://www.basketball-reference.com/boxscores/202202100PHO.html,Home,131,10:41,2,100.0,MIL,Jrue Holiday,Greg Monroe,13:18,Thanasis Antetokounmpo,7:50,Sandro Mamukelashvili,5:53,,,,,,,33:49,Khris Middleton,32:36,Giannis Antetokounmpo,29:47,Bobby Portis,28:15,Grayson Allen,24:55,Lindell Wigginton,17:39,Pat Connaughton,16:38,Jordan Nwora,14:52,Wesley Matthews,14:28,107,5,9,8.0,88.9,0.0,0.0,1.0,11.1,Bismack Biyombo,24,0,2021-2022,0.0,0,2.0,PHO,131,Mikal Bridges,,,,,,,,,,,,,39:16,Chris Paul,36:51,Devin Booker,34:18,Jae Crowder,31:58,Deandre Ayton,26:35,Cameron Johnson,26:05,JaVale McGee,15:21,Ish Wainright,9:43,Elfrid Payton,9:12
0,,0,0.000,0,0.00,105,0,2,100.0,1,.500,1.0,50.0,2.0,2,0,,0,0.000,Logos via Sports Logos.net / About logos,W,https://www.basketball-reference.com/boxscores/202202120PHO.html,Home,132,7:28,0,0.0,ORL,Cole Anthony,Ignas Brazdeikis,7:28,Admiral Schofield,7:28,,,,,,,,,32:52,Franz Wagner,28:08,Gary Harris,26:35,Chuma Okeke,26:22,Wendell Carter Jr.,25:52,Jalen Suggs,25:50,Mo Bamba,23:04,Terrence Ross,21:25,Robin Lopez,14:56,105,3,2,2.0,100.0,0.0,0.0,0.0,0.0,Bismack Biyombo,27,0,2021-2022,0.0,1,2.0,PHO,132,Mikal Bridges,Aaron Holiday,8:59,Ish Wainright,4:13,,,,,,,,,29:35,Devin Booker,29:23,Chris Paul,26:21,Cameron Johnson,25:42,Deandre Ayton,25:02,Jae Crowder,24:42,Torrey Craig,22:57,Elfrid Payton,21:39,JaVale McGee,13:59
0,,0,,0,,117,0,1,100.0,0,,0.0,,0.0,0,0,,0,,Logos via Sports Logos.net / About logos,L,https://www.basketball-reference.com/boxscores/202202250PHO.html,Home,102,2:39,0,0.0,NOP,CJ McCollum,Willy Hernangómez,7:09,Gary Clark,1:51,Trey Murphy III,1:51,,,,,,,34:58,Brandon Ingram,33:35,Jonas Valančiūnas,32:40,Herbert Jones,31:57,Devonte' Graham,25:50,Tony Snell,25:22,Jaxson Hayes,17:16,Naji Marshall,16:15,Jose Alvarado,11:16,117,0,0,0.0,,0.0,,0.0,,Bismack Biyombo,15,0,2021-2022,0.0,0,1.0,PHO,102,Mikal Bridges,Ish Wainright,5:43,,,,,,,,,,,38:39,Devin Booker,36:59,Deandre Ayton,31:45,Jae Crowder,29:51,Cameron Johnson,28:56,Torrey Craig,24:34,Landry Shamet,16:36,Elfrid Payton,13:46,JaVale McGee,10:32
0,,0,0.000,1,1.00,90,1,3,75.0,1,.500,1.0,50.0,2.0,2,1,.500,2,100.000,Logos via Sports Logos.net / About logos,W,https://www.basketball-reference.com/boxscores/202203020PHO.html,Home,120,8:36,1,25.0,POR,CJ Elleby,Brandon Williams,14:51,Keljin Blevins,12:00,,,,,,,,,34:51,Trendon Watford,30:08,Anfernee Simons,28:15,Josh Hart,23:16,Elijah Hughes,22:32,Keon Johnson,19:45,Greg Brown III,19:14,Drew Eubanks,17:52,Ben McLemore,17:16,90,1,3,2.0,66.7,0.0,0.0,1.0,33.3,Bismack Biyombo,30,0,2021-2022,1.0,1,4.0,PHO,120,Mikal Bridges,JaVale McGee,13:42,Elfrid Payton,5:15,,,,,,,,,28:57,Aaron Holiday,27:53,Deandre Ayton,25:42,Jae Crowder,24:55,Cameron Johnson,24:09,Torrey Craig,23:05,Landry Shamet,22:31,Cameron Payne,20:07,Ish Wainright,15:08
0,,0,,1,1.00,114,1,2,100.0,0,,0.0,,0.0,0,0,,0,,Logos via Sports Logos.net / About logos,W,https://www.basketball-reference.com/boxscores/202203040PHO.html,Home,115,8:22,0,0.0,NYK,RJ Barrett,,,,,,,,,,,,,43:47,Mitchell Robinson,36:52,Evan Fournier,35:49,Alec Burks,35:23,Julius Randle,28:08,Immanuel Quickley,26:51,Cam Reddish,14:08,Jericho Sims,11:08,Miles McBride,7:52,114,1,0,0.0,,0.0,,0.0,,Bismack Biyombo,1,0,2021-2022,1.0,1,2.0,PHO,115,Mikal Bridges,Ish Wainright,1:51,,,,,,,,,,,38:33,Deandre Ayton,34:12,Cameron Payne,32:21,Jae Crowder,30:14,Cameron Johnson,28:13,Landry Shamet,28:02,Torrey Craig,16:16,Aaron Holiday,15:24,JaVale McGee,6:30
0,,0,,0,0.00,122,1,2,66.7,0,,0.0,,0.0,0,0,,0,,Logos via Sports Logos.net / About logos,L,https://www.basketball-reference.com/boxscores/202203060MIL.html,Away,132,12:59,1,33.3,MIL,Jrue Holiday,Lindell Wigginton,0:21,,,,,,,,,,,38:24,Khris Middleton,35:53,Bobby Portis,32:16,Grayson Allen,31:31,Giannis Antetokounmpo,31:13,Jordan Nwora,26:28,Serge Ibaka,21:38,Jevon Carter,13:46,DeAndre' Bembry,8:30,132,2,0,0.0,,0.0,,0.0,,Bismack Biyombo,10,2,2021-2022,3.0,1,3.0,PHO,122,Mikal Bridges,,,,,,,,,,,,,42:17,Cameron Payne,35:45,Jae Crowder,34:38,Landry Shamet,34:11,Deandre Ayton,32:35,Torrey Craig,20:58,Aaron Holiday,17:47,JaVale McGee,8:50,,
0,,0,0.000,0,,111,0,1,100.0,1,1.000,1.0,100.0,1.0,1,0,,0,0.000,Logos via Sports Logos.net / About logos,W,https://www.basketball-reference.com/boxscores/202203090MIA.html,Away,90,2:34,0,0.0,MIA,Kyle Lowry,Caleb Martin,9:40,Haywood Highsmith,4:50,Omer Yurtseven,4:01,,,,,,,31:36,Duncan Robinson,31:21,Tyler Herro,30:41,Bam Adebayo,29:54,Gabe Vincent,29:41,P.J. Tucker,25:18,Victor Oladipo,16:39,Dewayne Dedmon,14:05,Max Strus,12:12,90,1,2,2.0,100.0,0.0,0.0,0.0,0.0,Bismack Biyombo,21,0,2021-2022,0.0,0,1.0,PHO,111,Mikal Bridges,Elfrid Payton,2:34,Ish Wainright,2:34,,,,,,,,,34:47,Devin Booker,33:20,Cameron Payne,31:22,Jae Crowder,30:31,Deandre Ayton,29:50,Landry Shamet,25:40,Torrey Craig,15:56,JaVale McGee,15:36,Aaron Holiday,15:14
0,,0,0.000,1,0.50,117,2,1,50.0,1,1.000,1.0,100.0,1.0,1,2,1.000,2,200.000,Logos via Sports Logos.net / About logos,L,https://www.basketball-reference.com/boxscores/202203110PHO.html,Home,112,10:17,1,50.0,TOR,Pascal Siakam,,,,,,,,,,,,,40:43,Gary Trent Jr.,40:23,Fred VanVleet,37:57,Scottie Barnes,36:35,Khem Birch,26:28,Thaddeus Young,19:24,Precious Achiuwa,16:24,Chris Boucher,12:20,Dalano Banton,9:46,117,3,4,2.0,50.0,0.0,0.0,2.0,50.0,Bismack Biyombo,5,0,2021-2022,2.0,2,2.0,PHO,112,Mikal Bridges,,,,,,,,,,,,,37:49,Cameron Payne,37:27,Devin Booker,36:31,Deandre Ayton,30:02,Jae Crowder,24:04,Landry Shamet,21:15,JaVale McGee,17:58,Torrey Craig,13:39,Aaron Holiday,10:58
0,,0,0.000,0,0.00,111,1,2,66.7,1,.500,1.0,50.0,2.0,2,1,.500,2,100.000,Logos via Sports Logos.net / About logos,W,https://www.basketball-reference.com/boxscores/202203130PHO.html,Home,140,10:54,1,33.3,LAL,LeBron James,Stanley Johnson,10:52,D.J. Augustin,8:58,Wayne Ellington,8:44,Kent Bazemore,6:03,,,,,30:12,Russell Westbrook,28:32,Malik Monk,27:07,Austin Reaves,25:24,Avery Bradley,25:14,Talen Horton-Tucker,22:07,Carmelo Anthony,18:05,Dwight Howard,16:34,Wenyen Gabriel,12:08,111,4,3,2.0,66.7,0.0,0.0,1.0,33.3,Bismack Biyombo,29,0,2021-2022,1.0,1,3.0,PHO,140,Devin Booker,JaVale McGee,9:53,Elfrid Payton,7:32,,,,,,,,,31:59,Mikal Bridges,29:05,Jae Crowder,28:09,Deandre Ayton,27:07,Aaron Holiday,24:03,Cameron Payne,23:57,Torrey Craig,19:51,Landry Shamet,15:24,Ish Wainright,12:06
0,,0,,1,,131,0,0,,0,,0.0,,0.0,0,0,,0,,Logos via Sports Logos.net / About logos,W,https://www.basketball-reference.com/boxscores/202203150NOP.html,Away,115,3:30,0,,NOP,CJ McCollum,Willy Hernangómez,11:31,,,,,,,,,,,32:21,Herbert Jones,32:02,Jaxson Hayes,30:43,Jonas Valančiūnas,30:02,Devonte' Graham,28:08,Trey Murphy III,23:44,Jose Alvarado,19:20,Tyrone Wallace,16:11,Naji Marshall,15:58,115,2,0,0.0,,0.0,,0.0,,Bismack Biyombo,16,0,2021-2022,0.0,0,0.0,PHO,131,Mikal Bridges,Ish Wainright,3:30,Elfrid Payton,3:30,,,,,,,,,36:23,Devin Booker,29:57,Torrey Craig,28:16,Cameron Payne,26:54,Deandre Ayton,23:15,Jae Crowder,21:54,Aaron Holiday,21:53,JaVale McGee,21:15,Landry Shamet,19:43
0,,0,0.000,0,0.00,129,0,1,100.0,1,.333,1.0,33.3,3.0,3,0,,0,0.000,Logos via Sports Logos.net / About logos,W,https://www.basketball-reference.com/boxscores/202203160HOU.html,Away,112,5:41,0,0.0,HOU,Jalen Green,Daishen Nix,11:32,,,,,,,,,,,36:28,Kevin Porter Jr.,36:28,Dennis Schröder,27:50,Christian Wood,27:10,Alperen Sengun,25:41,Jae'Sean Tate,24:05,KJ Martin,18:59,Josh Christopher,18:03,Garrison Mathews,13:44,112,0,2,2.0,100.0,0.0,0.0,0.0,0.0,Bismack Biyombo,17,0,2021-2022,0.0,1,1.0,PHO,129,Mikal Bridges,Elfrid Payton,0:39,,,,,,,,,,,43:30,Devin Booker,36:27,Torrey Craig,34:02,Cameron Payne,31:40,Deandre Ayton,31:17,Aaron Holiday,16:20,JaVale McGee,15:46,Landry Shamet,15:29,Ish Wainright,9:09
0,,0,0.000,0,,102,0,0,0.0,3,.600,3.0,60.0,5.0,5,0,,0,0.000,Logos via Sports Logos.net / About logos,W,https://www.basketball-reference.com/boxscores/202203180PHO.html,Home,129,6:08,1,100.0,CHI,DeMar DeRozan,Troy Brown Jr.,6:25,Tony Bradley,4:58,Matt Thomas,3:53,,,,,,,33:31,Zach LaVine,29:58,Ayo Dosunmu,28:47,Nikola Vučević,26:26,Alex Caruso,25:29,Coby White,25:15,Javonte Green,21:30,Derrick Jones Jr.,18:39,Tristan Thompson,15:09,102,1,6,6.0,100.0,0.0,0.0,0.0,0.0,Bismack Biyombo,27,0,2021-2022,0.0,0,1.0,PHO,129,Mikal Bridges,Aaron Holiday,6:08,,,,,,,,,,,37:47,Devin Booker,32:12,Torrey Craig,31:20,Cameron Payne,29:31,Landry Shamet,27:20,Deandre Ayton,23:59,Elfrid Payton,18:29,JaVale McGee,17:53,Ish Wainright,9:13
0,,0,0.000,0,0.00,127,0,0,,0,.000,0.0,0.0,1.0,1,0,,0,0.000,Logos via Sports Logos.net / About logos,W,https://www.basketball-reference.com/boxscores/202203200SAC.html,Away,124,8:20,0,,SAC,Davion Mitchell,,,,,,,,,,,,,46:12,Harrison Barnes,41:08,Trey Lyles,32:55,Domantas Sabonis,31:00,Donte DiVincenzo,28:45,Justin Holiday,27:24,Damian Jones,22:00,Chimezie Metu,20:05,Jeremy Lamb,15:31,124,3,0,0.0,,0.0,,0.0,,Bismack Biyombo,3,0,2021-2022,0.0,1,0.0,PHO,127,Mikal Bridges,Ish Wainright,0:16,,,,,,,,,,,50:10,Devin Booker,37:22,Torrey Craig,31:22,Landry Shamet,30:30,Deandre Ayton,27:03,Aaron Holiday,22:48,Jae Crowder,21:43,Elfrid Payton,18:02,JaVale McGee,17:24
0,,0,0.000,0,,125,0,1,100.0,0,.000,0.0,0.0,1.0,1,0,,0,0.000,Logos via Sports Logos.net / About logos,W,https://www.basketball-reference.com/boxscores/202203230MIN.html,Away,116,4:12,0,0.0,MIN,Anthony Edwards,Jaylen Nowell,12:19,Leandro Bolmaro,1:03,Jake Layman,1:03,Josh Okogie,1:03,,,,,34:49,Patrick Beverley,30:57,Karl-Anthony Towns,30:51,D'Angelo Russell,27:01,Jarred Vanderbilt,26:22,Malik Beasley,22:54,Taurean Prince,17:36,Naz Reid,17:09,Jordan McLaughlin,16:52,116,1,0,0.0,,0.0,,0.0,,Bismack Biyombo,9,0,2021-2022,0.0,0,1.0,PHO,125,Mikal Bridges,Ish Wainright,1:03,Elfrid Payton,1:02,,,,,,,,,38:59,Devin Booker,35:13,Deandre Ayton,35:07,Cameron Payne,31:49,Torrey Craig,25:51,Landry Shamet,25:01,Jae Crowder,24:04,Aaron Holiday,9:03,JaVale McGee,8:36
0,,0,0.000,0,,140,0,1,100.0,1,.500,1.0,50.0,2.0,2,0,.000,2,100.000,Logos via Sports Logos.net / About logos,W,https://www.basketball-reference.com/boxscores/202203240DEN.html,Away,130,5:04,0,0.0,DEN,Aaron Gordon,Davon Reed,13:53,,,,,,,,,,,33:19,Nikola Jokić,32:19,Will Barton,30:44,Monte Morris,26:32,Bones Hyland,24:44,Jeff Green,23:27,JaMychal Green,20:38,Austin Rivers,18:43,DeMarcus Cousins,15:41,130,1,2,2.0,100.0,0.0,0.0,0.0,0.0,Bismack Biyombo,10,0,2021-2022,0.0,0,1.0,PHO,140,Devin Booker,,,,,,,,,,,,,38:56,Mikal Bridges,38:07,Deandre Ayton,32:38,Chris Paul,30:04,Jae Crowder,29:09,Torrey Craig,19:18,Landry Shamet,18:30,Cameron Payne,17:56,JaVale McGee,10:18
0,,0,0.000,0,0.00,104,2,5,71.4,3,.500,3.0,50.0,6.0,6,0,.000,1,16.667,Logos via Sports Logos.net / About logos,W,https://www.basketball-reference.com/boxscores/202203270PHO.html,Home,114,17:15,2,28.6,PHI,James Harden,,,,,,,,,,,,,39:11,Tobias Harris,38:19,Tyrese Maxey,37:53,Joel Embiid,37:35,Danny Green,28:34,Georges Niang,18:22,Matisse Thybulle,15:38,Shake Milton,14:03,DeAndre Jordan,10:25,104,3,6,6.0,100.0,0.0,0.0,0.0,0.0,Bismack Biyombo,10,0,2021-2022,2.0,1,7.0,PHO,114,Mikal Bridges,,,,,,,,,,,,,40:52,Chris Paul,36:09,Devin Booker,34:56,Deandre Ayton,30:45,Jae Crowder,29:30,Torrey Craig,18:30,Landry Shamet,16:34,Cameron Payne,15:29,,
0,,0,0.000,0,0.00,107,0,0,0.0,1,.250,1.0,25.0,4.0,4,0,.000,2,50.000,Logos via Sports Logos.net / About logos,W,https://www.basketball-reference.com/boxscores/202203300GSW.html,Away,103,8:40,4,100.0,GSW,Jordan Poole,Jonathan Kuminga,5:24,Moses Moody,0:40,,,,,,,,,36:30,Klay Thompson,33:35,Andrew Wiggins,32:41,Draymond Green,31:28,Otto Porter Jr.,28:47,Gary Payton II,21:18,Nemanja Bjelica,19:08,Andre Iguodala,15:59,Kevon Looney,14:30,103,0,2,2.0,100.0,0.0,0.0,0.0,0.0,Bismack Biyombo,4,0,2021-2022,0.0,2,4.0,PHO,107,Mikal Bridges,,,,,,,,,,,,,40:30,Devin Booker,37:26,Deandre Ayton,35:22,Jae Crowder,34:00,Chris Paul,32:49,Landry Shamet,18:08,Torrey Craig,17:51,Cameron Payne,15:14,,
0,,0,0.000,2,,96,1,5,83.3,2,1.000,2.0,100.0,2.0,2,3,.750,4,200.000,Logos via Sports Logos.net / About logos,L,https://www.basketball-reference.com/boxscores/202204030OKC.html,Away,117,22:20,1,16.7,OKC,Vit Krejci,,,,,,,,,,,,,37:08,Aleksej Pokusevski,35:54,Isaiah Roby,29:49,Théo Maledon,27:21,Aaron Wiggins,25:45,Jaylen Hoard,23:48,Lindy Waters III,22:48,Olivier Sarr,21:59,Jeremiah Robinson-Earl,15:28,117,2,7,4.0,57.1,0.0,0.0,3.0,42.9,Bismack Biyombo,21,0,2021-2022,1.0,0,6.0,PHO,96,Cameron Johnson,Aaron Holiday,5:27,Gabriel Lundberg,4:14,,,,,,,,,31:34,Landry Shamet,31:13,Mikal Bridges,30:28,Chris Paul,30:28,JaVale McGee,22:45,Torrey Craig,21:58,Cameron Payne,16:38,Ish Wainright,12:14,Elfrid Payton,10:41
0,,0,0.000,0,0.00,110,0,1,100.0,0,.000,0.0,0.0,1.0,1,0,,0,0.000,Logos via Sports Logos.net / About logos,W,https://www.basketball-reference.com/boxscores/202204050PHO.html,Home,121,4:47,0,0.0,LAL,Anthony Davis,Stanley Johnson,14:39,Wenyen Gabriel,5:53,,,,,,,,,35:31,Russell Westbrook,34:15,Austin Reaves,30:58,Carmelo Anthony,23:52,Talen Horton-Tucker,21:38,Dwight Howard,19:07,Malik Monk,18:20,D.J. Augustin,18:15,Avery Bradley,17:32,110,1,0,0.0,,0.0,,0.0,,Bismack Biyombo,11,0,2021-2022,0.0,1,1.0,PHO,121,Devin Booker,JaVale McGee,16:24,Aaron Holiday,1:04,Gabriel Lundberg,1:04,Ish Wainright,1:04,,,,,29:42,Mikal Bridges,26:53,Deandre Ayton,26:49,Cameron Johnson,24:59,Chris Paul,23:51,Jae Crowder,23:23,Cameron Payne,23:05,Landry Shamet,20:03,Torrey Craig,16:52
0,,0,0.000,2,,109,1,9,75.0,7,.636,7.0,63.6,11.0,11,0,,0,0.000,Logos via Sports Logos.net / About logos,L,https://www.basketball-reference.com/boxscores/202204060LAC.html,Away,113,30:00,3,25.0,LAC,Reggie Jackson,Amir Coffey,8:51,Xavier Moon,6:42,,,,,,,,,29:52,Paul George,28:06,Terance Mann,25:49,Marcus Morris,25:44,Ivica Zubac,25:13,Norman Powell,22:48,Isaiah Hartenstein,22:47,Robert Covington,22:16,Nicolas Batum,21:52,113,2,14,14.0,100.0,0.0,0.0,0.0,0.0,Bismack Biyombo,4,1,2021-2022,2.0,0,12.0,PHO,109,Cameron Johnson,Elfrid Payton,11:57,,,,,,,,,,,31:53,Landry Shamet,27:37,Ish Wainright,24:53,Torrey Craig,22:07,Mikal Bridges,21:35,Cameron Payne,21:31,Aaron Holiday,18:27,JaVale McGee,18:00,Gabriel Lundberg,12:00
0,,0,0.000,1,,116,2,7,77.8,5,.714,5.0,71.4,7.0,7,4,.800,5,71.429,Logos via Sports Logos.net / About logos,L,https://www.basketball-reference.com/boxscores/202204100PHO.html,Home,109,25:40,2,22.2,SAC,Davion Mitchell,Harrison Barnes,13:03,,,,,,,,,,,39:34,Justin Holiday,31:03,Damian Jones,29:59,Chimezie Metu,29:36,Donte DiVincenzo,27:08,Trey Lyles,18:24,Neemias Queta,18:01,Josh Jackson,17:43,Jeremy Lamb,15:29,116,3,14,10.0,71.4,0.0,0.0,4.0,28.6,Bismack Biyombo,7,0,2021-2022,2.0,0,9.0,PHO,109,Aaron Holiday,,,,,,,,,,,,,33:03,Landry Shamet,32:36,Ish Wainright,32:04,Gabriel Lundberg,26:54,Torrey Craig,26:17,Cameron Johnson,23:13,JaVale McGee,22:20,Elfrid Payton,12:02,Mikal Bridges,5:51
0,,0,,0,,114,0,0,,0,,0.0,,0.0,0,0,,0,,Logos via Sports Logos.net / About logos,W,https://www.basketball-reference.com/boxscores/202204220NOP.html,Away,111,0:19,0,,NOP,CJ McCollum,Jaxson Hayes,9:58,,,,,,,,,,,40:41,Herbert Jones,39:35,Brandon Ingram,36:42,Jonas Valančiūnas,26:02,Larry Nance Jr.,23:19,Trey Murphy III,22:41,Jose Alvarado,16:43,Devonte' Graham,12:57,Naji Marshall,11:20,111,0,0,0.0,,0.0,,0.0,,Bismack Biyombo,3,0,2021-2022,0.0,0,0.0,PHO,114,Mikal Bridges,,,,,,,,,,,,,40:20,Chris Paul,39:55,Deandre Ayton,34:48,Jae Crowder,34:07,Landry Shamet,29:29,Cameron Johnson,26:33,Cameron Payne,12:49,JaVale McGee,12:03,Torrey Craig,9:35
0,,0,,1,0.50,103,0,1,50.0,0,,0.0,,0.0,0,0,,0,,Logos via Sports Logos.net / About logos,L,https://www.basketball-reference.com/boxscores/202204240NOP.html,Away,118,2:24,1,50.0,NOP,Brandon Ingram,Naji Marshall,10:20,Willy Hernangómez,1:55,Garrett Temple,1:55,,,,,,,36:28,CJ McCollum,36:28,Herbert Jones,35:05,Jonas Valančiūnas,32:38,Larry Nance Jr.,25:08,Jose Alvarado,17:48,Trey Murphy III,15:53,Jaxson Hayes,13:24,Devonte' Graham,12:58,118,1,0,0.0,,0.0,,0.0,,Bismack Biyombo,15,0,2021-2022,0.0,2,2.0,PHO,103,Mikal Bridges,Aaron Holiday,2:24,Elfrid Payton,2:24,Ish Wainright,2:24,,,,,,,41:15,Chris Paul,34:59,Deandre Ayton,32:50,Cameron Johnson,31:51,Jae Crowder,29:29,Landry Shamet,19:41,Cameron Payne,17:35,JaVale McGee,12:46,Torrey Craig,9:58
0,,0,0.000,1,,97,0,0,,0,.000,0.0,0.0,1.0,1,0,,0,0.000,Logos via Sports Logos.net / About logos,W,https://www.basketball-reference.com/boxscores/202204260PHO.html,Home,112,7:43,0,,NOP,Brandon Ingram,Naji Marshall,6:55,,,,,,,,,,,40:32,Herbert Jones,40:20,CJ McCollum,40:13,Jonas Valančiūnas,31:52,Jose Alvarado,20:07,Larry Nance Jr.,19:36,Jaxson Hayes,15:32,Trey Murphy III,13:13,Devonte' Graham,11:40,97,3,0,0.0,,0.0,,0.0,,Bismack Biyombo,15,0,2021-2022,0.0,0,0.0,PHO,112,Mikal Bridges,,,,,,,,,,,,,46:54,Chris Paul,38:55,Cameron Johnson,36:33,Deandre Ayton,35:05,Landry Shamet,25:25,Jae Crowder,22:30,Cameron Payne,11:55,JaVale McGee,9:10,Aaron Holiday,5:50
0,,0,0.000,0,0.00,115,0,1,50.0,1,.500,1.0,50.0,2.0,2,0,,0,0.000,Logos via Sports Logos.net / About logos,W,https://www.basketball-reference.com/boxscores/202204280NOP.html,Away,109,4:57,1,50.0,NOP,Brandon Ingram,Naji Marshall,4:23,,,,,,,,,,,44:06,Herbert Jones,39:36,CJ McCollum,33:24,Jose Alvarado,30:48,Jonas Valančiūnas,27:28,Trey Murphy III,21:57,Larry Nance Jr.,21:00,Jaxson Hayes,12:11,Devonte' Graham,5:07,109,2,2,2.0,100.0,0.0,0.0,0.0,0.0,Bismack Biyombo,6,0,2021-2022,0.0,3,2.0,PHO,115,Mikal Bridges,,,,,,,,,,,,,44:06,Deandre Ayton,39:43,Chris Paul,35:47,Devin Booker,32:14,Jae Crowder,30:22,Cameron Johnson,23:58,Cameron Payne,13:42,Landry Shamet,11:54,JaVale McGee,3:17
0,,0,0.000,0,,109,1,3,100.0,4,1.000,4.0,100.0,4.0,4,1,.500,2,50.000,Logos via Sports Logos.net / About logos,W,https://www.basketball-reference.com/boxscores/202205040PHO.html,Home,129,18:23,0,0.0,DAL,Reggie Bullock,Marquese Chriss,4:41,Sterling Brown,4:41,Trey Burke,4:41,Frank Ntilikina,4:41,,,,,36:53,Luka Dončić,36:23,Spencer Dinwiddie,28:10,Maxi Kleber,28:02,Jalen Brunson,27:36,Dorian Finney-Smith,20:22,Dāvis Bertāns,18:34,Dwight Powell,13:18,Josh Green,11:58,109,2,9,8.0,88.9,0.0,0.0,1.0,11.1,Bismack Biyombo,20,0,2021-2022,1.0,0,3.0,PHO,129,Mikal Bridges,Ish Wainright,6:01,Torrey Craig,3:27,,,,,,,,,38:55,Chris Paul,36:13,Devin Booker,35:32,Jae Crowder,29:24,Deandre Ayton,18:29,Cameron Johnson,17:15,Landry Shamet,14:32,Cameron Payne,11:59,JaVale McGee,9:50
0,,0,0.000,0,,101,0,1,100.0,1,1.000,1.0,100.0,1.0,1,0,,0,0.000,Logos via Sports Logos.net / About logos,L,https://www.basketball-reference.com/boxscores/202205080DAL.html,Away,111,4:50,0,0.0,DAL,Reggie Bullock,Sterling Brown,1:07,Marquese Chriss,1:07,Josh Green,1:07,,,,,,,38:55,Dorian Finney-Smith,38:25,Jalen Brunson,37:37,Luka Dončić,36:53,Maxi Kleber,34:04,Spencer Dinwiddie,19:16,Dāvis Bertāns,12:52,Dwight Powell,9:45,Frank Ntilikina,8:52,111,0,2,2.0,100.0,0.0,0.0,0.0,0.0,Bismack Biyombo,10,0,2021-2022,0.0,0,1.0,PHO,101,Devin Booker,Aaron Holiday,1:34,Ish Wainright,1:34,,,,,,,,,43:19,Jae Crowder,35:45,Deandre Ayton,32:55,Mikal Bridges,32:13,Cameron Johnson,29:50,Chris Paul,23:01,Cameron Payne,16:03,JaVale McGee,9:39,Landry Shamet,9:17
0,,0,0.000,1,1.00,80,0,4,66.7,3,.600,3.0,60.0,5.0,5,1,.500,2,40.000,Logos via Sports Logos.net / About logos,W,https://www.basketball-reference.com/boxscores/202205100PHO.html,Home,110,21:12,2,33.3,DAL,Dorian Finney-Smith,Trey Burke,4:42,Marquese Chriss,4:42,Sterling Brown,4:42,Josh Green,4:42,,,,,36:54,Luka Dončić,35:06,Jalen Brunson,34:45,Reggie Bullock,34:44,Maxi Kleber,24:19,Dāvis Bertāns,19:28,Spencer Dinwiddie,15:36,Frank Ntilikina,12:46,Dwight Powell,7:34,80,1,7,6.0,85.7,0.0,0.0,1.0,14.3,Bismack Biyombo,30,0,2021-2022,0.0,1,6.0,PHO,110,Devin Booker,Aaron Holiday,3:58,Cameron Payne,3:58,JaVale McGee,3:22,,,,,,,35:12,Chris Paul,34:43,Mikal Bridges,33:38,Jae Crowder,26:31,Cameron Johnson,25:28,Deandre Ayton,22:14,Landry Shamet,19:03,Ish Wainright,6:43,Torrey Craig,3:58
0,,0,0.000,0,,86,0,1,33.3,2,.500,2.0,50.0,4.0,4,0,,0,0.000,Logos via Sports Logos.net / About logos,L,https://www.basketball-reference.com/boxscores/202205120DAL.html,Away,113,14:26,2,66.7,DAL,Reggie Bullock,Sterling Brown,3:06,Josh Green,3:06,Marquese Chriss,1:43,Boban Marjanović,1:43,Trey Burke,1:43,,,40:16,Jalen Brunson,35:19,Luka Dončić,35:17,Maxi Kleber,25:23,Dorian Finney-Smith,25:03,Frank Ntilikina,21:22,Spencer Dinwiddie,20:35,Dwight Powell,17:02,Dāvis Bertāns,8:22,113,2,4,4.0,100.0,0.0,0.0,0.0,0.0,Bismack Biyombo,27,0,2021-2022,0.0,0,3.0,PHO,86,Devin Booker,Ish Wainright,4:01,,,,,,,,,,,39:00,Chris Paul,35:37,Mikal Bridges,30:54,Deandre Ayton,30:21,Jae Crowder,28:36,Cameron Johnson,20:22,Landry Shamet,17:22,Torrey Craig,15:20,Cameron Payne,4:01
0,,0,,2,,123,1,0,0.0,0,,0.0,,0.0,0,1,.500,2,,Logos via Sports Logos.net / About logos,L,https://www.basketball-reference.com/boxscores/202205150PHO.html,Home,90,11:39,2,100.0,DAL,Reggie Bullock,Marquese Chriss,6:44,Trey Burke,5:17,Josh Green,5:17,Sterling Brown,4:18,Boban Marjanović,3:13,,,32:13,Luka Dončić,30:24,Jalen Brunson,29:38,Dorian Finney-Smith,29:31,Spencer Dinwiddie,25:24,Maxi Kleber,21:04,Dwight Powell,20:12,Dāvis Bertāns,13:49,Frank Ntilikina,12:56,123,2,1,0.0,0.0,0.0,0.0,1.0,100.0,Bismack Biyombo,33,1,2021-2022,2.0,0,2.0,PHO,90,Devin Booker,Aaron Holiday,5:17,Elfrid Payton,5:17,Ish Wainright,4:59,Torrey Craig,4:09,,,,,36:59,Mikal Bridges,33:18,Chris Paul,31:19,Jae Crowder,27:10,Cameron Johnson,20:00,Deandre Ayton,17:27,JaVale McGee,16:09,Landry Shamet,13:39,Cameron Payne,12:38
0,,0,0.000,1,1.00,105,0,2,100.0,0,.000,0.0,0.0,1.0,1,0,,0,0.000,Logos via Sports Logos.net / About logos,W,https://www.basketball-reference.com/boxscores/202210190PHO.html,Home,107,7:26,0,0.0,DAL,Dorian Finney-Smith,,,,,,,,,,,,,38:12,Luka Dončić,36:40,Reggie Bullock,29:53,Spencer Dinwiddie,27:31,Maxi Kleber,26:21,Tim Hardaway Jr.,25:01,Christian Wood,24:16,Josh Green,17:57,JaVale McGee,14:08,105,2,0,0.0,,0.0,,0.0,,Bismack Biyombo,2,0,2022-2023,0.0,1,2.0,PHO,107,Mikal Bridges,Josh Okogie,3:57,Dario Šarić,1:41,,,,,,,,,41:05,Devin Booker,40:37,Deandre Ayton,30:25,Chris Paul,30:17,Cameron Johnson,27:10,Damion Lee,19:46,Cameron Payne,18:48,Jock Landale,10:09,Torrey Craig,8:38
0,,0,,0,,111,0,0,,0,,0.0,,0.0,0,0,,0,,Logos via Sports Logos.net / About logos,L,https://www.basketball-reference.com/boxscores/202210210POR.html,Away,113,0:01,0,,POR,Damian Lillard,,,,,,,,,,,,,42:37,Anfernee Simons,42:00,Josh Hart,40:59,Jerami Grant,40:06,Jusuf Nurkić,35:09,Justise Winslow,23:54,Drew Eubanks,15:30,Nassir Little,12:48,Shaedon Sharpe,11:57,113,0,0,0.0,,0.0,,0.0,,Bismack Biyombo,2,0,2022-2023,0.0,0,0.0,PHO,111,Devin Booker,Torrey Craig,10:30,,,,,,,,,,,43:55,Deandre Ayton,38:29,Mikal Bridges,37:41,Chris Paul,36:09,Damion Lee,30:50,Cameron Johnson,22:31,Cameron Payne,16:50,Jock Landale,14:28,Josh Okogie,13:36
0,,0,0.000,2,,111,2,9,69.2,5,.714,5.0,71.4,7.0,7,1,.500,2,28.571,Logos via Sports Logos.net / About logos,W,https://www.basketball-reference.com/boxscores/202210280PHO.html,Home,124,23:18,4,30.8,NOP,Naji Marshall,Jaxson Hayes,7:56,Dereon Seabron,1:58,,,,,,,,,35:00,CJ McCollum,34:31,Trey Murphy III,32:36,Jonas Valančiūnas,31:17,Jose Alvarado,29:19,Devonte' Graham,28:03,Garrett Temple,17:04,Larry Nance Jr.,14:11,Willy Hernangómez,8:05,111,5,11,10.0,90.9,0.0,0.0,1.0,9.1,Bismack Biyombo,13,0,2022-2023,2.0,0,13.0,PHO,124,Devin Booker,Deandre Ayton,7:42,Duane Washington Jr.,1:38,Josh Okogie,1:38,,,,,,,32:36,Mikal Bridges,31:08,Chris Paul,30:38,Cameron Johnson,26:54,Cameron Payne,17:22,Torrey Craig,17:18,Landry Shamet,17:17,Jock Landale,17:00,Damion Lee,15:31
0,,0,0.000,0,0.00,109,5,5,100.0,1,1.000,1.0,100.0,1.0,1,3,.600,5,500.000,Logos via Sports Logos.net / About logos,W,https://www.basketball-reference.com/boxscores/202210300PHO.html,Home,124,21:59,0,0.0,HOU,Kevin Porter Jr.,Daishen Nix,12:07,Tari Eason,11:50,,,,,,,,,34:29,Jalen Green,31:06,Jae'Sean Tate,30:00,Alperen Sengun,29:11,Jabari Smith Jr.,25:03,KJ Martin,24:05,Garrison Mathews,16:54,Josh Christopher,12:48,Usman Garuba,12:27,109,3,5,2.0,40.0,0.0,0.0,3.0,60.0,Bismack Biyombo,15,0,2022-2023,5.0,2,5.0,PHO,124,Devin Booker,Josh Okogie,1:01,Duane Washington Jr.,1:01,,,,,,,,,35:23,Mikal Bridges,32:48,Cameron Johnson,31:14,Chris Paul,31:14,Jock Landale,23:26,Torrey Craig,18:19,Cameron Payne,16:46,Landry Shamet,15:12,Damion Lee,11:35
0,,0,0.000,1,1.00,107,4,3,75.0,4,.800,4.0,80.0,5.0,5,0,,0,0.000,Logos via Sports Logos.net / About logos,W,https://www.basketball-reference.com/boxscores/202211010PHO.html,Home,116,29:49,1,25.0,MIN,Anthony Edwards,Kyle Anderson,14:02,,,,,,,,,,,39:53,Karl-Anthony Towns,36:53,Rudy Gobert,32:07,D'Angelo Russell,22:38,Jaylen Nowell,22:26,Jordan McLaughlin,21:42,Taurean Prince,17:29,Jaden McDaniels,17:02,Naz Reid,15:46,107,2,8,8.0,100.0,0.0,0.0,0.0,0.0,Bismack Biyombo,9,0,2022-2023,4.0,1,4.0,PHO,116,Mikal Bridges,Dario Šarić,5:01,,,,,,,,,,,38:12,Chris Paul,33:52,Cameron Johnson,33:15,Devin Booker,30:26,Landry Shamet,16:50,Jock Landale,16:27,Cameron Payne,14:08,Torrey Craig,11:41,Damion Lee,10:17
0,,0,0.000,0,,108,2,1,100.0,1,.333,1.0,33.3,3.0,3,0,,0,0.000,Logos via Sports Logos.net / About logos,L,https://www.basketball-reference.com/boxscores/202211040PHO.html,Home,106,3:43,0,0.0,POR,Jerami Grant,,,,,,,,,,,,,38:42,Josh Hart,38:17,Justise Winslow,31:37,Shaedon Sharpe,27:34,Jusuf Nurkić,24:42,Nassir Little,23:24,Keon Johnson,23:13,Drew Eubanks,23:13,Jabari Walker,9:18,108,0,2,2.0,100.0,0.0,0.0,0.0,0.0,Bismack Biyombo,2,0,2022-2023,2.0,0,1.0,PHO,106,Devin Booker,Cameron Johnson,5:14,Josh Okogie,5:04,,,,,,,,,38:22,Mikal Bridges,37:43,Chris Paul,33:48,Deandre Ayton,29:30,Torrey Craig,23:04,Damion Lee,20:25,Landry Shamet,19:15,Jock Landale,14:43,Dario Šarić,9:09
0,,0,0.000,0,0.00,82,3,3,75.0,1,.250,1.0,25.0,4.0,4,1,1.000,1,25.000,Logos via Sports Logos.net / About logos,W,https://www.basketball-reference.com/boxscores/202211050PHO.html,Home,102,13:49,1,25.0,POR,Josh Hart,Nassir Little,14:45,Greg Brown III,8:57,John Butler,8:57,,,,,,,32:07,Keon Johnson,30:51,Shaedon Sharpe,26:55,Jerami Grant,25:59,Jusuf Nurkić,22:45,Justise Winslow,21:01,Drew Eubanks,16:18,Jabari Walker,15:53,Trendon Watford,15:32,82,3,3,2.0,66.7,0.0,0.0,1.0,33.3,Bismack Biyombo,20,0,2022-2023,3.0,2,4.0,PHO,102,Devin Booker,Deandre Ayton,15:53,Duane Washington Jr.,5:26,,,,,,,,,29:10,Damion Lee,27:55,Mikal Bridges,27:00,Chris Paul,24:21,Torrey Craig,21:38,Dario Šarić,21:00,Landry Shamet,19:19,Jock Landale,18:18,Josh Okogie,16:11
0,,0,,1,,88,0,3,75.0,0,,0.0,,0.0,0,0,,0,,Logos via Sports Logos.net / About logos,L,https://www.basketball-reference.com/boxscores/202211070PHI.html,Away,100,10:36,1,25.0,PHI,Tyrese Maxey,,,,,,,,,,,,,40:20,Tobias Harris,37:54,Joel Embiid,36:43,De'Anthony Melton,33:50,P.J. Tucker,29:51,Georges Niang,27:03,Shake Milton,12:19,Paul Reed,11:26,Matisse Thybulle,10:31,100,1,0,0.0,,0.0,,0.0,,Bismack Biyombo,12,0,2022-2023,0.0,0,4.0,PHO,88,Mikal Bridges,Dario Šarić,3:09,Josh Okogie,1:19,,,,,,,,,43:31,Devin Booker,43:24,Deandre Ayton,30:36,Cameron Payne,27:43,Damion Lee,25:30,Torrey Craig,22:30,Chris Paul,13:45,Landry Shamet,11:08,Jock Landale,6:48
0,,0,,0,,129,1,0,,0,,0.0,,0.0,0,0,,0,,Logos via Sports Logos.net / About logos,W,https://www.basketball-reference.com/boxscores/202211090MIN.html,Away,117,3:02,0,,MIN,Jaden McDaniels,Nathan Knight,5:18,,,,,,,,,,,38:04,Anthony Edwards,34:55,D'Angelo Russell,33:18,Rudy Gobert,29:54,Karl-Anthony Towns,27:40,Jaylen Nowell,22:40,Kyle Anderson,22:06,Taurean Prince,19:07,Jordan McLaughlin,6:58,117,1,0,0.0,,0.0,,0.0,,Bismack Biyombo,12,1,2022-2023,2.0,0,0.0,PHO,129,Mikal Bridges,Josh Okogie,3:14,,,,,,,,,,,42:19,Devin Booker,38:10,Cameron Payne,35:01,Deandre Ayton,32:58,Torrey Craig,26:03,Landry Shamet,18:56,Damion Lee,15:31,Dario Šarić,12:46,Jock Landale,12:00
0,,0,0.000,1,,97,1,1,50.0,3,.500,3.0,50.0,6.0,6,1,1.000,1,16.667,Logos via Sports Logos.net / About logos,L,https://www.basketball-reference.com/boxscores/202211110ORL.html,Away,114,11:01,1,50.0,ORL,Wendell Carter Jr.,Admiral Schofield,10:53,,,,,,,,,,,32:24,Jalen Suggs,31:37,Bol Bol,30:54,Franz Wagner,30:40,Chuma Okeke,30:22,Terrence Ross,24:28,Caleb Houstan,19:16,Mo Bamba,18:30,R.J. Hampton,10:56,114,2,7,6.0,85.7,0.0,0.0,1.0,14.3,Bismack Biyombo,17,1,2022-2023,2.0,0,2.0,PHO,97,Mikal Bridges,Duane Washington Jr.,7:19,,,,,,,,,,,37:38,Cameron Payne,35:00,Torrey Craig,34:58,Devin Booker,34:28,Deandre Ayton,26:23,Damion Lee,22:28,Jock Landale,13:09,Dario Šarić,9:47,Josh Okogie,7:49
0,,0,,0,0.00,112,1,1,100.0,0,,0.0,,0.0,0,0,,0,,Logos via Sports Logos.net / About logos,L,https://www.basketball-reference.com/boxscores/202211140MIA.html,Away,113,5:13,0,0.0,MIA,Kyle Lowry,,,,,,,,,,,,,38:46,Caleb Martin,36:36,Bam Adebayo,36:14,Max Strus,36:10,Jimmy Butler,34:48,Gabe Vincent,24:58,Duncan Robinson,20:42,Dewayne Dedmon,11:46,,,113,1,0,0.0,,0.0,,0.0,,Bismack Biyombo,1,0,2022-2023,1.0,1,1.0,PHO,112,Devin Booker,,,,,,,,,,,,,41:34,Mikal Bridges,40:52,Deandre Ayton,34:22,Torrey Craig,32:41,Cameron Payne,30:42,Damion Lee,20:32,Duane Washington Jr.,19:03,Jock Landale,8:25,Josh Okogie,6:36
0,,0,0.000,3,0.75,95,1,4,40.0,2,.333,2.0,33.3,6.0,6,1,.500,2,33.333,Logos via Sports Logos.net / About logos,W,https://www.basketball-reference.com/boxscores/202211200PHO.html,Home,116,21:12,6,60.0,NYK,Quentin Grimes,Miles McBride,13:54,Derrick Rose,7:51,Ryan Arcidiacono,5:56,Svi Mykhailiuk,5:06,,,,,32:11,Jalen Brunson,29:17,Immanuel Quickley,28:00,RJ Barrett,26:51,Julius Randle,26:33,Mitchell Robinson,16:38,Obi Toppin,16:21,Jericho Sims,16:00,Isaiah Hartenstein,15:22,95,5,5,4.0,80.0,0.0,0.0,1.0,20.0,Bismack Biyombo,21,0,2022-2023,1.0,4,10.0,PHO,116,Mikal Bridges,,,,,,,,,,,,,32:38,Cameron Payne,32:05,Devin Booker,29:31,Deandre Ayton,26:48,Torrey Craig,25:09,Damion Lee,22:57,Ish Wainright,20:25,Duane Washington Jr.,15:55,Josh Okogie,13:20
0,,0,0.000,1,0.50,105,2,3,100.0,1,.333,1.0,33.3,3.0,3,0,.000,2,66.667,Logos via Sports Logos.net / About logos,W,https://www.basketball-reference.com/boxscores/202211220PHO.html,Home,115,16:27,0,0.0,LAL,Anthony Davis,Wenyen Gabriel,6:49,,,,,,,,,,,38:23,Lonnie Walker IV,38:01,Austin Reaves,35:36,Russell Westbrook,31:22,Patrick Beverley,29:11,Troy Brown Jr.,20:42,Dennis Schröder,20:02,Thomas Bryant,11:09,Kendrick Nunn,8:42,105,0,2,2.0,100.0,0.0,0.0,0.0,0.0,Bismack Biyombo,10,1,2022-2023,3.0,2,3.0,PHO,115,Mikal Bridges,,,,,,,,,,,,,41:24,Devin Booker,35:27,Deandre Ayton,31:33,Torrey Craig,29:35,Cameron Payne,28:18,Damion Lee,20:30,Duane Washington Jr.,18:20,Ish Wainright,11:30,Josh Okogie,6:55
0,,0,0.000,1,0.33,102,1,5,100.0,2,.667,2.0,66.7,3.0,3,1,.500,2,66.667,Logos via Sports Logos.net / About logos,W,https://www.basketball-reference.com/boxscores/202211250PHO.html,Home,108,18:02,0,0.0,DET,Killian Hayes,Nerlens Noel,2:16,Braxton Key,2:12,,,,,,,,,37:46,Bojan Bogdanović,33:13,Marvin Bagley III,31:19,Isaiah Livers,30:08,Kevin Knox,29:19,Hamidou Diallo,21:47,Rodney McGruder,19:57,Alec Burks,17:38,Jalen Duren,14:25,102,3,5,4.0,80.0,0.0,0.0,1.0,20.0,Bismack Biyombo,6,0,2022-2023,1.0,3,5.0,PHO,108,Devin Booker,,,,,,,,,,,,,35:42,Mikal Bridges,34:40,Torrey Craig,33:08,Cameron Payne,31:31,Deandre Ayton,29:58,Damion Lee,25:24,Duane Washington Jr.,17:26,Josh Okogie,14:09,,
0,,0,0.000,2,,112,1,0,,0,.000,0.0,0.0,1.0,1,0,.000,2,200.000,Logos via Sports Logos.net / About logos,W,https://www.basketball-reference.com/boxscores/202211260PHO.html,Home,113,8:28,0,,UTA,Lauri Markkanen,,,,,,,,,,,,,35:37,Malik Beasley,35:15,Jordan Clarkson,33:30,Kelly Olynyk,33:25,Collin Sexton,29:49,Jarred Vanderbilt,22:55,Walker Kessler,16:48,Talen Horton-Tucker,16:39,Nickeil Alexander-Walker,16:02,112,1,0,0.0,,0.0,,0.0,,Bismack Biyombo,1,2,2022-2023,3.0,0,0.0,PHO,113,Mikal Bridges,Duane Washington Jr.,4:05,,,,,,,,,,,40:53,Devin Booker,39:21,Deandre Ayton,34:08,Cameron Payne,30:04,Torrey Craig,26:51,Damion Lee,18:21,Ish Wainright,17:30,Landry Shamet,14:55,Jock Landale,5:24
0,,0,0.000,2,1.00,122,2,2,66.7,2,.667,2.0,66.7,3.0,3,0,,0,0.000,Logos via Sports Logos.net / About logos,W,https://www.basketball-reference.com/boxscores/202211280SAC.html,Away,117,8:52,1,33.3,SAC,Domantas Sabonis,KZ Okpala,5:02,,,,,,,,,,,37:00,Kevin Huerter,32:26,Malik Monk,30:17,De'Aaron Fox,28:43,Harrison Barnes,28:03,Davion Mitchell,25:20,Keegan Murray,22:46,Terence Davis,19:29,Chimezie Metu,10:54,117,1,4,4.0,100.0,0.0,0.0,0.0,0.0,Bismack Biyombo,5,0,2022-2023,2.0,2,3.0,PHO,122,Devin Booker,Ish Wainright,3:03,,,,,,,,,,,40:39,Mikal Bridges,40:29,Deandre Ayton,34:45,Torrey Craig,31:32,Damion Lee,25:11,Cameron Payne,23:31,Landry Shamet,18:13,Duane Washington Jr.,9:28,Jock Landale,4:17
0,,0,0.000,0,0.00,113,0,2,100.0,0,.000,0.0,0.0,2.0,2,0,,0,0.000,Logos via Sports Logos.net / About logos,W,https://www.basketball-reference.com/boxscores/202211300PHO.html,Home,132,7:36,0,0.0,CHI,Zach LaVine,Derrick Jones Jr.,7:30,Javonte Green,6:44,Dalen Terry,3:32,Tony Bradley,3:16,,,,,34:15,DeMar DeRozan,31:47,Nikola Vučević,29:22,Patrick Williams,28:05,Ayo Dosunmu,26:47,Alex Caruso,21:13,Coby White,18:30,Andre Drummond,15:22,Goran Dragić,13:37,113,1,0,0.0,,0.0,,0.0,,Bismack Biyombo,19,0,2022-2023,0.0,1,2.0,PHO,132,Mikal Bridges,Duane Washington Jr.,4:41,Josh Okogie,3:16,,,,,,,,,38:25,Cameron Payne,32:11,Deandre Ayton,31:29,Devin Booker,30:40,Torrey Craig,29:31,Damion Lee,25:15,Landry Shamet,18:33,Ish Wainright,9:28,Jock Landale,8:55
0,,0,0.000,1,,122,1,3,75.0,2,1.000,2.0,100.0,2.0,2,0,,0,0.000,Logos via Sports Logos.net / About logos,L,https://www.basketball-reference.com/boxscores/202212020PHO.html,Home,121,11:17,1,25.0,HOU,Jalen Green,Garrison Mathews,11:31,Usman Garuba,10:35,,,,,,,,,37:21,Kevin Porter Jr.,33:20,Jabari Smith Jr.,30:26,Eric Gordon,27:52,Alperen Sengun,23:54,KJ Martin,18:18,Tari Eason,17:34,Daishen Nix,15:38,Bruno Fernando,13:31,122,3,4,4.0,100.0,0.0,0.0,0.0,0.0,Bismack Biyombo,1,1,2022-2023,2.0,0,4.0,PHO,121,Cameron Payne,,,,,,,,,,,,,36:56,Mikal Bridges,36:31,Devin Booker,33:52,Deandre Ayton,29:52,Damion Lee,25:15,Dario Šarić,21:28,Ish Wainright,19:23,Landry Shamet,18:35,Jock Landale,6:51
0,,0,0.000,0,0.00,133,0,1,50.0,1,.500,1.0,50.0,2.0,2,0,,0,0.000,Logos via Sports Logos.net / About logos,W,https://www.basketball-reference.com/boxscores/202212040SAS.html,Away,95,6:16,1,50.0,SAS,Keldon Johnson,Gorgui Dieng,13:26,Romeo Langford,7:43,,,,,,,,,32:53,Devin Vassell,30:53,Keita Bates-Diop,30:42,Tre Jones,29:10,Malaki Branham,24:52,Charles Bassey,19:55,Isaiah Roby,18:15,Zach Collins,17:23,Alize Johnson,14:48,95,1,2,2.0,100.0,0.0,0.0,0.0,0.0,Bismack Biyombo,38,0,2022-2023,0.0,2,2.0,PHO,133,Devin Booker,Landry Shamet,13:41,Duane Washington Jr.,3:10,,,,,,,,,27:48,Ish Wainright,27:46,Josh Okogie,26:13,Mikal Bridges,25:32,Deandre Ayton,25:17,Cameron Payne,24:53,Damion Lee,23:47,Dario Šarić,21:28,Jock Landale,14:09
0,,0,0.000,0,,111,1,1,50.0,3,1.000,3.0,100.0,3.0,3,0,.000,3,100.000,Logos via Sports Logos.net / About logos,L,https://www.basketball-reference.com/boxscores/202212050DAL.html,Away,130,15:00,1,50.0,DAL,Josh Green,Frank Ntilikina,4:47,Jaden Hardy,2:25,Dāvis Bertāns,2:25,Theo Pinson,2:25,,,,,31:08,Luka Dončić,29:25,Spencer Dinwiddie,28:05,Christian Wood,27:01,Maxi Kleber,24:51,Reggie Bullock,24:41,Dorian Finney-Smith,23:26,Tim Hardaway Jr.,22:31,Dwight Powell,16:50,130,1,6,6.0,100.0,0.0,0.0,0.0,0.0,Bismack Biyombo,19,0,2022-2023,1.0,0,2.0,PHO,111,Cameron Payne,Jock Landale,6:12,,,,,,,,,,,33:36,Devin Booker,30:20,Mikal Bridges,29:35,Josh Okogie,27:30,Deandre Ayton,26:48,Damion Lee,22:55,Landry Shamet,18:54,Dario Šarić,15:40,Ish Wainright,13:30
0,,0,0.000,0,0.00,125,1,1,50.0,0,.000,0.0,0.0,2.0,2,0,,0,0.000,Logos via Sports Logos.net / About logos,L,https://www.basketball-reference.com/boxscores/202212070PHO.html,Home,98,4:57,1,50.0,BOS,Jayson Tatum,Payton Pritchard,10:06,Justin Jackson,10:06,Noah Vonleh,8:18,,,,,,,29:06,Jaylen Brown,28:06,Luke Kornet,26:05,Marcus Smart,25:41,Grant Williams,22:13,Blake Griffin,21:30,Sam Hauser,21:23,Malcolm Brogdon,19:13,Derrick White,18:13,125,1,0,0.0,,0.0,,0.0,,Bismack Biyombo,27,0,2022-2023,1.0,1,2.0,PHO,98,Mikal Bridges,Damion Lee,13:51,Dario Šarić,12:00,Ish Wainright,10:06,,,,,,,27:40,Devin Booker,24:37,Deandre Ayton,24:28,Chris Paul,24:03,Torrey Craig,23:43,Josh Okogie,23:23,Landry Shamet,20:40,Cameron Payne,16:18,Jock Landale,14:14
0,,0,0.000,2,2.00,97,3,3,50.0,3,1.000,3.0,100.0,3.0,3,1,.500,2,66.667,Logos via Sports Logos.net / About logos,L,https://www.basketball-reference.com/boxscores/202212130HOU.html,Away,111,21:58,3,50.0,HOU,Jalen Green,Usman Garuba,10:09,Bruno Fernando,9:05,,,,,,,,,37:08,Kevin Porter Jr.,33:15,Jabari Smith Jr.,29:15,Alperen Sengun,28:46,Eric Gordon,22:37,KJ Martin,19:31,Tari Eason,18:45,Garrison Mathews,16:44,Daishen Nix,14:45,111,3,7,6.0,85.7,0.0,0.0,1.0,14.3,Bismack Biyombo,14,0,2022-2023,3.0,1,6.0,PHO,97,Mikal Bridges,Ish Wainright,4:17,,,,,,,,,,,38:04,Chris Paul,37:38,Landry Shamet,31:52,Torrey Craig,29:28,Damion Lee,22:16,Josh Okogie,20:02,Deandre Ayton,14:30,Jock Landale,11:32,Cameron Payne,8:23
0,,0,0.000,2,,111,1,3,60.0,2,.667,2.0,66.7,3.0,3,1,.500,2,66.667,Logos via Sports Logos.net / About logos,W,https://www.basketball-reference.com/boxscores/202212150LAC.html,Away,95,18:09,2,40.0,LAC,Amir Coffey,Nicolas Batum,10:08,,,,,,,,,,,38:01,Terance Mann,33:42,Marcus Morris,29:38,John Wall,26:05,Brandon Boston Jr.,23:51,Moses Brown,23:14,Robert Covington,23:04,Jason Preston,16:26,Moussa Diabaté,15:51,95,5,5,4.0,80.0,0.0,0.0,1.0,20.0,Bismack Biyombo,16,0,2022-2023,1.0,0,5.0,PHO,111,Mikal Bridges,,,,,,,,,,,,,39:07,Chris Paul,36:03,Devin Booker,34:53,Jock Landale,26:46,Josh Okogie,25:20,Landry Shamet,19:43,Torrey Craig,17:48,Damion Lee,15:27,Ish Wainright,6:44
0,,0,0.000,0,0.00,114,1,4,66.7,5,.833,5.0,83.3,6.0,6,1,.250,4,66.667,Logos via Sports Logos.net / About logos,W,https://www.basketball-reference.com/boxscores/202212170PHO.html,Home,118,31:12,2,33.3,NOP,Zion Williamson,Devonte' Graham,8:01,,,,,,,,,,,39:04,CJ McCollum,36:08,Herbert Jones,31:20,Jonas Valančiūnas,26:01,Dyson Daniels,22:50,Trey Murphy III,22:24,Larry Nance Jr.,21:50,Naji Marshall,17:38,Jose Alvarado,14:44,114,0,11,10.0,90.9,0.0,0.0,1.0,9.1,Bismack Biyombo,4,0,2022-2023,1.0,1,6.0,PHO,118,Devin Booker,,,,,,,,,,,,,42:27,Mikal Bridges,37:14,Chris Paul,35:22,Josh Okogie,23:20,Torrey Craig,19:43,Jock Landale,16:29,Landry Shamet,14:40,Damion Lee,13:35,Ish Wainright,5:58
0,,0,0.000,1,1.00,104,2,7,87.5,0,.000,0.0,0.0,2.0,2,0,,0,0.000,Logos via Sports Logos.net / About logos,W,https://www.basketball-reference.com/boxscores/202212190PHO.html,Home,130,17:25,1,12.5,LAL,Lonnie Walker IV,Scotty Pippen Jr.,14:30,,,,,,,,,,,30:11,Dennis Schröder,29:11,Max Christie,27:03,Wenyen Gabriel,26:59,Thomas Bryant,26:30,Patrick Beverley,23:09,Damian Jones,21:30,Troy Brown Jr.,21:01,Kendrick Nunn,19:56,104,2,0,0.0,,0.0,,0.0,,Bismack Biyombo,26,1,2022-2023,3.0,1,8.0,PHO,130,Damion Lee,,,,,,,,,,,,,37:36,Chris Paul,31:29,Torrey Craig,31:03,Mikal Bridges,30:26,Landry Shamet,29:26,Deandre Ayton,25:52,Ish Wainright,22:08,Josh Okogie,9:52,Dario Šarić,4:43
0,,0,0.000,1,1.00,113,0,4,80.0,3,.750,3.0,75.0,4.0,4,1,.500,2,50.000,Logos via Sports Logos.net / About logos,L,https://www.basketball-reference.com/boxscores/202212200PHO.html,Home,110,15:49,1,20.0,WAS,Kyle Kuzma,,,,,,,,,,,,,36:48,Monte Morris,36:23,Deni Avdija,36:12,Bradley Beal,35:17,Daniel Gafford,29:24,Taj Gibson,18:36,Corey Kispert,18:16,Will Barton,17:27,Jordan Goodwin,11:37,113,4,7,6.0,85.7,0.0,0.0,1.0,14.3,Bismack Biyombo,3,0,2022-2023,0.0,1,5.0,PHO,110,Mikal Bridges,,,,,,,,,,,,,39:28,Chris Paul,35:38,Landry Shamet,35:23,Deandre Ayton,32:08,Torrey Craig,30:04,Ish Wainright,21:29,Damion Lee,17:39,Duane Washington Jr.,12:22,,
0,,0,0.000,2,0.67,125,4,3,75.0,3,1.000,3.0,100.0,3.0,3,0,.000,3,100.000,Logos via Sports Logos.net / About logos,L,https://www.basketball-reference.com/boxscores/202212230PHO.html,Home,100,21:22,1,25.0,MEM,Ja Morant,Tyus Jones,15:20,David Roddy,4:40,Jake LaRavia,4:40,Xavier Tillman Sr.,4:33,,,,,28:00,Jaren Jackson Jr.,27:49,Dillon Brooks,25:06,Desmond Bane,24:21,Ziaire Williams,23:07,Steven Adams,22:15,Brandon Clarke,21:12,Santi Aldama,20:11,John Konchar,18:46,125,4,6,6.0,100.0,0.0,0.0,0.0,0.0,Bismack Biyombo,25,2,2022-2023,6.0,3,4.0,PHO,100,Landry Shamet,Jock Landale,10:36,Dario Šarić,3:50,,,,,,,,,31:22,Mikal Bridges,28:11,Chris Paul,24:34,Josh Okogie,24:03,Damion Lee,21:32,Deandre Ayton,21:02,Duane Washington Jr.,19:00,Torrey Craig,18:49,Ish Wainright,15:39
0,,0,0.000,2,,125,0,2,66.7,2,.500,2.0,50.0,4.0,4,1,.333,3,75.000,Logos via Sports Logos.net / About logos,L,https://www.basketball-reference.com/boxscores/202212250DEN.html,Away,128,15:25,1,33.3,DEN,Nikola Jokić,,,,,,,,,,,,,44:25,Jamal Murray,43:11,Aaron Gordon,41:26,Kentavious Caldwell-Pope,38:52,Michael Porter Jr.,34:52,Bruce Brown,26:28,Bones Hyland,14:08,Christian Braun,12:58,Zeke Nnaji,8:35,128,3,5,4.0,80.0,0.0,0.0,1.0,20.0,Bismack Biyombo,3,0,2022-2023,0.0,0,3.0,PHO,125,Chris Paul,,,,,,,,,,,,,40:39,Mikal Bridges,40:15,Landry Shamet,38:40,Deandre Ayton,37:35,Torrey Craig,35:52,Damion Lee,30:26,Ish Wainright,11:29,Josh Okogie,10:19,Devin Booker,4:20
0,,0,0.000,0,,125,1,1,33.3,2,.667,2.0,66.7,3.0,3,0,,0,0.000,Logos via Sports Logos.net / About logos,W,https://www.basketball-reference.com/boxscores/202212270MEM.html,Away,108,14:04,2,66.7,MEM,Ja Morant,Tyus Jones,12:51,Xavier Tillman Sr.,7:12,Kennedy Chandler,7:12,David Roddy,7:12,Jake LaRavia,7:12,,,31:08,Desmond Bane,27:24,Dillon Brooks,26:16,Jaren Jackson Jr.,26:04,Steven Adams,25:18,Ziaire Williams,17:53,Brandon Clarke,15:30,Santi Aldama,14:44,John Konchar,14:04,108,2,4,4.0,100.0,0.0,0.0,0.0,0.0,Bismack Biyombo,17,1,2022-2023,2.0,0,3.0,PHO,125,Deandre Ayton,Dario Šarić,3:10,,,,,,,,,,,27:21,Damion Lee,26:19,Ish Wainright,25:51,Josh Okogie,25:36,Mikal Bridges,24:47,Duane Washington Jr.,24:18,Jock Landale,23:44,Chris Paul,23:34,Torrey Craig,21:16
0,,0,0.000,0,,102,0,1,50.0,0,.000,0.0,0.0,1.0,1,0,.000,2,200.000,Logos via Sports Logos.net / About logos,L,https://www.basketball-reference.com/boxscores/202212280WAS.html,Away,127,8:06,1,50.0,WAS,Kyle Kuzma,Johnny Davis,1:58,Vernon Carey Jr.,1:58,Anthony Gill,1:58,Jordan Goodwin,1:58,,,,,35:40,Kristaps Porziņģis,33:37,Monte Morris,30:33,Rui Hachimura,27:42,Corey Kispert,27:30,Deni Avdija,27:11,Daniel Gafford,24:42,Delon Wright,15:29,Taj Gibson,9:44,127,1,0,0.0,,0.0,,0.0,,Bismack Biyombo,25,0,2022-2023,0.0,0,2.0,PHO,102,Mikal Bridges,Dario Šarić,2:45,,,,,,,,,,,40:23,Deandre Ayton,36:12,Chris Paul,31:38,Torrey Craig,29:19,Damion Lee,25:25,Josh Okogie,20:40,Duane Washington Jr.,17:01,Jock Landale,15:43,Ish Wainright,12:48
0,,0,,0,0.00,88,0,3,100.0,0,,0.0,,0.0,0,0,.000,2,,Logos via Sports Logos.net / About logos,L,https://www.basketball-reference.com/boxscores/202301040CLE.html,Away,90,9:28,0,0.0,CLE,Caris LeVert,,,,,,,,,,,,,37:51,Donovan Mitchell,36:15,Cedi Osman,33:14,Jarrett Allen,32:38,Evan Mobley,31:46,Kevin Love,22:09,Raul Neto,21:03,Isaac Okoro,19:16,Lamar Stevens,5:48,90,1,0,0.0,,0.0,,0.0,,Bismack Biyombo,2,0,2022-2023,0.0,1,3.0,PHO,88,Chris Paul,Duane Washington Jr.,2:18,,,,,,,,,,,40:08,Deandre Ayton,36:40,Landry Shamet,36:15,Mikal Bridges,36:03,Torrey Craig,23:55,Dario Šarić,18:34,Damion Lee,16:25,Ish Wainright,11:37,Cameron Payne,8:35
0,,0,0.000,0,,125,2,5,62.5,4,.571,4.0,57.1,7.0,7,0,,0,0.000,Logos via Sports Logos.net / About logos,W,https://www.basketball-reference.com/boxscores/202301100GSW.html,Away,113,17:18,3,37.5,GSW,Klay Thompson,Ty Jerome,8:59,,,,,,,,,,,34:46,Draymond Green,34:21,Jordan Poole,33:30,Stephen Curry,31:16,Andrew Wiggins,28:36,Kevon Looney,21:09,Donte DiVincenzo,17:59,Anthony Lamb,16:52,Andre Iguodala,12:32,113,0,8,8.0,100.0,0.0,0.0,0.0,0.0,Bismack Biyombo,12,0,2022-2023,2.0,0,8.0,PHO,125,Mikal Bridges,,,,,,,,,,,,,40:35,Torrey Craig,33:00,Damion Lee,30:32,Dario Šarić,30:21,Duane Washington Jr.,26:58,Josh Okogie,24:18,Jock Landale,22:40,Ish Wainright,14:18,,
0,,0,0.000,1,1.00,97,0,1,33.3,2,.333,2.0,33.3,6.0,6,0,,0,0.000,Logos via Sports Logos.net / About logos,L,https://www.basketball-reference.com/boxscores/202301110DEN.html,Away,126,15:57,2,66.7,DEN,Nikola Jokić,Christian Braun,8:38,Ish Smith,5:35,Davon Reed,5:35,Jack White,5:05,,,,,28:18,Kentavious Caldwell-Pope,26:47,Jamal Murray,25:29,Bruce Brown,25:26,Aaron Gordon,23:52,Bones Hyland,23:47,Michael Porter Jr.,22:43,Zeke Nnaji,19:42,Vlatko Čančar,19:03,126,2,4,4.0,100.0,0.0,0.0,0.0,0.0,Bismack Biyombo,29,0,2022-2023,0.0,1,3.0,PHO,97,Josh Okogie,,,,,,,,,,,,,34:00,Mikal Bridges,30:01,Damion Lee,25:51,Dario Šarić,25:45,Duane Washington Jr.,24:14,Jock Landale,23:39,Torrey Craig,23:02,Ish Wainright,22:15,Saben Lee,15:16
0,,0,0.000,1,1.00,116,0,2,100.0,0,.000,0.0,0.0,1.0,1,0,,0,0.000,Logos via Sports Logos.net / About logos,L,https://www.basketball-reference.com/boxscores/202301130MIN.html,Away,121,6:25,0,0.0,MIN,Anthony Edwards,,,,,,,,,,,,,36:46,Jaden McDaniels,36:06,D'Angelo Russell,34:18,Rudy Gobert,32:19,Kyle Anderson,31:38,Austin Rivers,21:15,Taurean Prince,19:22,Naz Reid,15:29,Jaylen Nowell,12:46,121,1,0,0.0,,0.0,,0.0,,Bismack Biyombo,5,1,2022-2023,1.0,1,2.0,PHO,116,Mikal Bridges,Jock Landale,10:28,,,,,,,,,,,40:14,Torrey Craig,31:51,Damion Lee,31:04,Deandre Ayton,30:54,Duane Washington Jr.,23:33,Josh Okogie,20:05,Dario Šarić,18:03,Ish Wainright,13:51,Saben Lee,13:28
0,,0,0.000,0,0.00,106,2,3,60.0,4,.800,4.0,80.0,5.0,5,0,,0,0.000,Logos via Sports Logos.net / About logos,L,https://www.basketball-reference.com/boxscores/202301160MEM.html,Away,136,12:08,2,40.0,MEM,Ja Morant,Ziaire Williams,17:18,Xavier Tillman Sr.,5:53,Kennedy Chandler,4:43,Jake LaRavia,3:57,,,,,27:14,Desmond Bane,26:57,Jaren Jackson Jr.,25:35,Steven Adams,24:07,Dillon Brooks,23:54,Santi Aldama,22:25,Tyus Jones,21:51,David Roddy,18:14,Brandon Clarke,17:52,136,1,8,8.0,100.0,0.0,0.0,0.0,0.0,Bismack Biyombo,30,0,2022-2023,2.0,1,5.0,PHO,106,Deandre Ayton,Josh Okogie,9:25,,,,,,,,,,,30:15,Mikal Bridges,29:57,Saben Lee,28:26,Damion Lee,25:57,Landry Shamet,25:54,Torrey Craig,25:16,Dario Šarić,23:24,Ish Wainright,15:37,Jock Landale,13:41
0,,0,,1,,112,1,5,83.3,0,,0.0,,0.0,0,1,.250,4,,Logos via Sports Logos.net / About logos,W,https://www.basketball-reference.com/boxscores/202301190PHO.html,Home,117,16:10,1,16.7,BRK,Kyrie Irving,Markieff Morris,5:52,Day'Ron Sharpe,4:04,,,,,,,,,38:31,Seth Curry,36:21,Nic Claxton,35:15,Royce O'Neale,34:00,Joe Harris,31:35,Ben Simmons,18:06,Yuta Watanabe,15:36,Cam Thomas,13:10,T.J. Warren,7:30,112,2,1,0.0,0.0,0.0,0.0,1.0,100.0,Bismack Biyombo,5,0,2022-2023,1.0,0,6.0,PHO,117,Mikal Bridges,,,,,,,,,,,,,41:33,Damion Lee,37:36,Deandre Ayton,31:33,Saben Lee,29:27,Torrey Craig,25:10,Ish Wainright,22:01,Cameron Johnson,21:50,Dario Šarić,8:18,Duane Washington Jr.,6:22
0,,0,0.000,2,2.00,107,3,14,87.5,6,.500,6.0,50.0,12.0,12,0,.000,3,25.000,Logos via Sports Logos.net / About logos,W,https://www.basketball-reference.com/boxscores/202301210PHO.html,Home,112,30:36,2,12.5,IND,T.J. McConnell,,,,,,,,,,,,,39:10,Bennedict Mathurin,37:36,Myles Turner,36:00,Buddy Hield,35:30,Aaron Nesmith,29:22,Andrew Nembhard,21:10,Chris Duarte,17:13,Jalen Smith,11:59,Oshae Brissett,11:58,107,3,12,12.0,100.0,0.0,0.0,0.0,0.0,Bismack Biyombo,5,0,2022-2023,3.0,1,16.0,PHO,112,Mikal Bridges,,,,,,,,,,,,,37:27,Josh Okogie,34:07,Saben Lee,29:07,Damion Lee,26:45,Torrey Craig,20:02,Ish Wainright,19:27,Duane Washington Jr.,17:09,Jock Landale,17:06,Dario Šarić,8:10
0,,0,0.000,0,0.00,110,1,2,66.7,2,.400,2.0,40.0,5.0,5,0,,0,0.000,Logos via Sports Logos.net / About logos,W,https://www.basketball-reference.com/boxscores/202301220PHO.html,Home,112,15:49,1,33.3,MEM,Ja Morant,John Konchar,5:59,,,,,,,,,,,36:33,Desmond Bane,34:17,Steven Adams,32:33,Dillon Brooks,30:05,Ziaire Williams,25:58,Tyus Jones,24:34,Jaren Jackson Jr.,22:43,Brandon Clarke,15:27,Santi Aldama,11:51,110,6,4,4.0,100.0,0.0,0.0,0.0,0.0,Bismack Biyombo,2,0,2022-2023,1.0,1,3.0,PHO,112,Mikal Bridges,Ish Wainright,2:55,,,,,,,,,,,40:46,Chris Paul,38:16,Torrey Craig,32:18,Cameron Johnson,29:28,Jock Landale,23:05,Dario Šarić,20:48,Damion Lee,13:34,Josh Okogie,13:22,Saben Lee,9:39
0,,0,0.000,4,1.33,97,5,8,88.9,3,.500,3.0,50.0,6.0,6,0,,0,0.000,Logos via Sports Logos.net / About logos,W,https://www.basketball-reference.com/boxscores/202301240PHO.html,Home,128,31:27,1,11.1,CHO,Terry Rozier,Mark Williams,5:49,Kai Jones,5:49,James Bouknight,5:49,,,,,,,36:20,Jalen McDaniels,34:18,P.J. Washington,32:42,Dennis Smith Jr.,27:08,Mason Plumlee,25:08,Bryce McGowens,21:41,Théo Maledon,18:44,Nick Richards,17:03,JT Thor,9:29,97,3,6,6.0,100.0,0.0,0.0,0.0,0.0,Bismack Biyombo,31,0,2022-2023,5.0,3,9.0,PHO,128,Mikal Bridges,Duane Washington Jr.,5:49,Ish Wainright,5:49,,,,,,,,,30:09,Chris Paul,27:04,Dario Šarić,24:24,Josh Okogie,24:10,Torrey Craig,21:30,Saben Lee,20:56,Cameron Johnson,17:42,Damion Lee,16:28,Jock Landale,14:32
0,,0,0.000,1,,99,1,3,100.0,2,.667,2.0,66.7,3.0,3,0,,0,0.000,Logos via Sports Logos.net / About logos,L,https://www.basketball-reference.com/boxscores/202301260PHO.html,Home,95,9:31,0,0.0,DAL,Spencer Dinwiddie,Luka Dončić,3:21,,,,,,,,,,,39:41,Tim Hardaway Jr.,39:40,Dwight Powell,36:25,Dorian Finney-Smith,34:38,Josh Green,32:00,Reggie Bullock,30:49,Dāvis Bertāns,10:08,Frank Ntilikina,8:03,Jaden Hardy,5:13,99,0,4,4.0,100.0,0.0,0.0,0.0,0.0,Bismack Biyombo,4,0,2022-2023,1.0,0,3.0,PHO,95,Mikal Bridges,Jock Landale,4:30,Saben Lee,4:23,Dario Šarić,2:46,,,,,,,42:20,Chris Paul,38:22,Cameron Johnson,32:52,Deandre Ayton,31:04,Torrey Craig,28:21,Damion Lee,18:01,Ish Wainright,13:22,Josh Okogie,9:10,Duane Washington Jr.,5:14
0,,0,0.000,3,,128,1,3,50.0,3,.750,3.0,75.0,4.0,4,2,1.000,2,50.000,Logos via Sports Logos.net / About logos,W,https://www.basketball-reference.com/boxscores/202301280SAS.html,Away,118,16:01,3,50.0,SAS,Keldon Johnson,Blake Wesley,4:05,,,,,,,,,,,40:57,Jeremy Sochan,39:33,Jakob Poeltl,33:27,Keita Bates-Diop,32:14,Tre Jones,27:59,Stanley Johnson,25:57,Malaki Branham,20:59,Doug McDermott,20:16,Zach Collins,19:33,118,2,8,6.0,75.0,0.0,0.0,2.0,25.0,Bismack Biyombo,10,2,2022-2023,3.0,0,6.0,PHO,128,Mikal Bridges,,,,,,,,,,,,,40:56,Chris Paul,39:14,Deandre Ayton,36:33,Cameron Johnson,32:18,Torrey Craig,30:44,Dario Šarić,23:03,Damion Lee,20:41,Saben Lee,13:46,Josh Okogie,11:44
0,,0,0.000,0,0.00,106,0,0,0.0,0,.000,0.0,0.0,1.0,1,0,,0,0.000,Logos via Sports Logos.net / About logos,W,https://www.basketball-reference.com/boxscores/202301300PHO.html,Home,114,7:23,1,100.0,TOR,Fred VanVleet,Christian Koloko,2:25,,,,,,,,,,,39:01,Pascal Siakam,38:20,Gary Trent Jr.,37:11,Scottie Barnes,35:43,Precious Achiuwa,34:03,Chris Boucher,24:28,Thaddeus Young,14:13,Juancho Hernangómez,7:25,Malachi Flynn,7:09,106,0,0,0.0,,0.0,,0.0,,Bismack Biyombo,8,0,2022-2023,0.0,1,1.0,PHO,114,Mikal Bridges,Saben Lee,8:11,Josh Okogie,5:50,,,,,,,,,38:56,Chris Paul,34:40,Deandre Ayton,31:07,Torrey Craig,26:09,Cameron Johnson,25:45,Ish Wainright,19:58,Damion Lee,18:36,Dario Šarić,14:26,Jock Landale,8:55
0,,0,0.000,2,2.00,132,0,0,,1,1.000,1.0,100.0,1.0,1,0,,0,0.000,Logos via Sports Logos.net / About logos,L,https://www.basketball-reference.com/boxscores/202302010PHO.html,Home,100,10:00,0,,ATL,Dejounte Murray,Aaron Holiday,7:13,Trent Forrest,7:13,Justin Holiday,5:41,Frank Kaminsky,5:41,Vit Krejci,5:41,,,29:38,Trae Young,27:10,De'Andre Hunter,25:13,Bogdan Bogdanović,24:46,John Collins,24:16,Clint Capela,22:22,Onyeka Okongwu,19:57,AJ Griffin,18:39,Jalen Johnson,16:30,132,0,2,2.0,100.0,0.0,0.0,0.0,0.0,Bismack Biyombo,32,0,2022-2023,0.0,1,0.0,PHO,100,Mikal Bridges,Cameron Johnson,15:19,Jock Landale,10:31,,,,,,,,,29:59,Deandre Ayton,26:32,Chris Paul,26:31,Torrey Craig,22:56,Dario Šarić,21:32,Saben Lee,21:29,Damion Lee,20:51,Ish Wainright,18:58,Josh Okogie,15:22
0,,0,0.000,0,0.00,107,2,4,100.0,1,1.000,1.0,100.0,1.0,1,0,.000,2,200.000,Logos via Sports Logos.net / About logos,L,https://www.basketball-reference.com/boxscores/202302090ATL.html,Away,116,14:50,0,0.0,ATL,Trae Young,,,,,,,,,,,,,38:14,Dejounte Murray,37:24,De'Andre Hunter,35:40,John Collins,31:27,Clint Capela,25:19,Onyeka Okongwu,22:41,Bogdan Bogdanović,22:05,AJ Griffin,15:15,Jalen Johnson,11:55,116,0,2,2.0,100.0,0.0,0.0,0.0,0.0,Bismack Biyombo,9,1,2022-2023,3.0,1,4.0,PHO,107,Torrey Craig,,,,,,,,,,,,,34:37,Chris Paul,32:46,Josh Okogie,32:01,Ish Wainright,32:01,Deandre Ayton,29:49,Damion Lee,24:46,Saben Lee,19:50,Jock Landale,19:20,,
0,,0,0.000,0,0.00,117,0,1,33.3,1,1.000,1.0,100.0,1.0,1,0,,0,0.000,Logos via Sports Logos.net / About logos,W,https://www.basketball-reference.com/boxscores/202302100IND.html,Away,104,4:58,2,66.7,IND,Bennedict Mathurin,Isaiah Jackson,12:00,Jalen Smith,8:22,,,,,,,,,32:45,Chris Duarte,28:59,Buddy Hield,26:33,Andrew Nembhard,26:03,Tyrese Haliburton,25:28,Aaron Nesmith,23:52,Myles Turner,21:06,T.J. McConnell,19:58,Daniel Theis,14:54,104,1,2,2.0,100.0,0.0,0.0,0.0,0.0,Bismack Biyombo,13,0,2022-2023,0.0,1,3.0,PHO,117,Torrey Craig,,,,,,,,,,,,,35:57,Josh Okogie,35:20,Chris Paul,29:56,Deandre Ayton,29:32,Devin Booker,26:14,Ish Wainright,26:13,Damion Lee,21:07,Saben Lee,17:13,Jock Landale,13:30
0,,0,0.000,2,2.00,116,0,4,100.0,2,1.000,2.0,100.0,2.0,2,0,,0,0.000,Logos via Sports Logos.net / About logos,L,https://www.basketball-reference.com/boxscores/202302160PHO.html,Home,107,12:04,0,0.0,LAC,Paul George,,,,,,,,,,,,,36:27,Terance Mann,35:27,Kawhi Leonard,35:27,Ivica Zubac,29:20,Eric Gordon,26:20,Nicolas Batum,24:01,Marcus Morris,19:19,Mason Plumlee,17:43,Bones Hyland,15:56,116,1,4,4.0,100.0,0.0,0.0,0.0,0.0,Bismack Biyombo,9,1,2022-2023,1.0,1,4.0,PHO,107,Josh Okogie,Ish Wainright,7:17,Jock Landale,4:00,,,,,,,,,41:03,Devin Booker,34:41,Chris Paul,33:24,Deandre Ayton,31:56,Torrey Craig,26:32,Terrence Ross,25:03,T.J. Warren,8:10,Damion Lee,7:56,Saben Lee,7:54
0,,0,,0,,101,0,0,,0,,0.0,,0.0,0,0,,0,,Logos via Sports Logos.net / About logos,W,https://www.basketball-reference.com/boxscores/202303080PHO.html,Home,132,6:14,0,,OKC,Lindy Waters III,Jared Butler,15:36,Olivier Sarr,10:49,Dario Šarić,5:32,,,,,,,30:42,Ousmane Dieng,28:22,Tre Mann,27:36,Jeremiah Robinson-Earl,24:24,Josh Giddey,21:36,Luguentz Dort,20:24,Isaiah Joe,19:16,Aaron Wiggins,18:03,Jaylin Williams,17:40,101,0,0,0.0,,0.0,,0.0,,Bismack Biyombo,31,0,2022-2023,0.0,0,0.0,PHO,132,Devin Booker,Damion Lee,16:09,Darius Bazley,10:10,T.J. Warren,7:26,Saben Lee,6:14,,,,,27:31,Chris Paul,24:05,Deandre Ayton,24:04,Terrence Ross,23:23,Torrey Craig,21:31,Josh Okogie,20:55,Cameron Payne,17:41,Jock Landale,17:41,Ish Wainright,16:56
0,,0,0.000,0,,128,0,2,100.0,1,1.000,1.0,100.0,1.0,1,0,,0,0.000,Logos via Sports Logos.net / About logos,L,https://www.basketball-reference.com/boxscores/202303110PHO.html,Home,119,5:29,0,0.0,SAC,Harrison Barnes,Chimezie Metu,12:37,,,,,,,,,,,36:32,Domantas Sabonis,35:23,De'Aaron Fox,33:34,Kessler Edwards,25:45,Malik Monk,24:58,Trey Lyles,21:21,Kevin Huerter,18:55,Davion Mitchell,15:40,Keegan Murray,15:15,128,0,2,2.0,100.0,0.0,0.0,0.0,0.0,Bismack Biyombo,9,0,2022-2023,0.0,0,2.0,PHO,119,Chris Paul,Damion Lee,3:53,T.J. Warren,3:41,,,,,,,,,38:44,Devin Booker,38:30,Deandre Ayton,37:06,Josh Okogie,34:57,Torrey Craig,27:50,Terrence Ross,22:42,Ish Wainright,14:45,Cameron Payne,6:58,Jock Landale,5:25
0,,0,0.000,2,2.00,112,2,1,50.0,2,.400,2.0,40.0,5.0,5,0,,0,0.000,Logos via Sports Logos.net / About logos,L,https://www.basketball-reference.com/boxscores/202303130GSW.html,Away,123,9:41,1,50.0,GSW,Klay Thompson,Patrick Baldwin Jr.,2:23,,,,,,,,,,,33:35,Stephen Curry,33:28,Donte DiVincenzo,31:00,Jordan Poole,30:51,Draymond Green,30:01,Kevon Looney,26:36,JaMychal Green,21:07,Andre Iguodala,16:02,Moses Moody,14:57,123,3,4,4.0,100.0,0.0,0.0,0.0,0.0,Bismack Biyombo,11,0,2022-2023,2.0,1,2.0,PHO,112,Devin Booker,Jock Landale,2:51,T.J. Warren,2:51,,,,,,,,,35:15,Deandre Ayton,35:05,Josh Okogie,32:03,Chris Paul,30:28,Torrey Craig,28:23,Damion Lee,17:41,Cameron Payne,17:32,Terrence Ross,15:16,Ish Wainright,12:54
0,,0,0.000,0,,116,0,1,33.3,0,.000,0.0,0.0,1.0,1,0,,0,0.000,Logos via Sports Logos.net / About logos,L,https://www.basketball-reference.com/boxscores/202303140PHO.html,Home,104,8:16,2,66.7,MIL,Giannis Antetokounmpo,A.J. Green,4:35,,,,,,,,,,,35:18,Jrue Holiday,35:01,Brook Lopez,34:07,Joe Ingles,27:11,Pat Connaughton,25:30,Jae Crowder,24:35,Jevon Carter,23:23,Bobby Portis,19:42,Wesley Matthews,10:36,116,2,0,0.0,,0.0,,0.0,,Bismack Biyombo,12,0,2022-2023,0.0,0,3.0,PHO,104,Devin Booker,T.J. Warren,5:51,,,,,,,,,,,43:08,Josh Okogie,35:02,Chris Paul,33:02,Deandre Ayton,25:25,Ish Wainright,24:58,Torrey Craig,21:37,Cameron Payne,17:08,Jock Landale,14:19,Terrence Ross,11:14
0,,0,0.000,0,,120,3,4,66.7,3,.500,3.0,50.0,6.0,6,1,.333,3,50.000,Logos via Sports Logos.net / About logos,L,https://www.basketball-reference.com/boxscores/202303190OKC.html,Away,124,20:04,2,33.3,OKC,Shai Gilgeous-Alexander,Ousmane Dieng,7:30,Tre Mann,5:59,Jeremiah Robinson-Earl,5:09,,,,,,,35:26,Luguentz Dort,32:44,Josh Giddey,32:44,Jalen Williams,27:59,Isaiah Joe,27:08,Lindy Waters III,22:32,Jaylin Williams,20:47,Aaron Wiggins,11:57,Dario Šarić,10:05,124,2,7,6.0,85.7,0.0,0.0,1.0,14.3,Bismack Biyombo,4,0,2022-2023,3.0,0,6.0,PHO,120,Devin Booker,Ish Wainright,12:33,Darius Bazley,7:09,,,,,,,,,36:22,Chris Paul,33:13,Torrey Craig,31:03,Josh Okogie,20:38,Landry Shamet,20:22,Terrence Ross,16:00,Jock Landale,14:50,Cameron Payne,14:27,Damion Lee,13:19
0,,0,0.000,2,1.00,111,2,3,37.5,3,.750,3.0,75.0,4.0,4,0,.000,2,50.000,Logos via Sports Logos.net / About logos,L,https://www.basketball-reference.com/boxscores/202303220LAL.html,Away,122,25:51,5,62.5,LAL,Austin Reaves,,,,,,,,,,,,,38:48,Anthony Davis,38:17,D'Angelo Russell,34:05,Dennis Schröder,28:54,Jarred Vanderbilt,26:11,Troy Brown Jr.,25:00,Malik Beasley,19:45,Wenyen Gabriel,16:05,Rui Hachimura,12:55,122,4,6,6.0,100.0,0.0,0.0,0.0,0.0,Bismack Biyombo,11,1,2022-2023,3.0,2,8.0,PHO,111,Devin Booker,Darius Bazley,1:37,,,,,,,,,,,40:33,Chris Paul,30:09,Landry Shamet,29:07,Torrey Craig,26:34,Jock Landale,20:32,Josh Okogie,19:53,T.J. Warren,19:40,Cameron Payne,13:38,Terrence Ross,12:26
0,,0,0.000,2,1.00,127,2,1,33.3,3,.750,3.0,75.0,4.0,4,0,.000,3,75.000,Logos via Sports Logos.net / About logos,L,https://www.basketball-reference.com/boxscores/202303240SAC.html,Away,135,16:49,2,66.7,SAC,Domantas Sabonis,Chimezie Metu,10:11,Terence Davis,4:08,,,,,,,,,37:49,Harrison Barnes,34:43,Kevin Huerter,32:15,Keegan Murray,27:44,Davion Mitchell,27:15,De'Aaron Fox,20:45,Malik Monk,18:55,Trey Lyles,15:19,Kessler Edwards,10:56,135,2,6,6.0,100.0,0.0,0.0,0.0,0.0,Bismack Biyombo,8,0,2022-2023,2.0,2,3.0,PHO,127,Devin Booker,,,,,,,,,,,,,33:10,Chris Paul,31:59,T.J. Warren,28:46,Terrence Ross,26:47,Torrey Craig,25:52,Jock Landale,24:38,Josh Okogie,20:30,Landry Shamet,15:57,Cameron Payne,15:32
0,,0,0.000,2,,105,5,5,38.5,8,.667,8.0,66.7,12.0,12,1,.500,2,16.667,Logos via Sports Logos.net / About logos,W,https://www.basketball-reference.com/boxscores/202303250PHO.html,Home,125,29:00,8,61.5,PHI,Tyrese Maxey,Paul Reed,6:18,Furkan Korkmaz,4:06,Jaden Springer,4:06,,,,,,,35:47,Tobias Harris,34:25,Joel Embiid,32:16,P.J. Tucker,28:14,Shake Milton,24:11,De'Anthony Melton,23:59,Georges Niang,23:30,Jalen McDaniels,13:46,Dewayne Dedmon,9:22,105,5,17,16.0,94.1,0.0,0.0,1.0,5.9,Bismack Biyombo,20,0,2022-2023,5.0,0,13.0,PHO,125,Devin Booker,Ish Wainright,9:24,Darius Bazley,1:35,,,,,,,,,31:39,T.J. Warren,26:48,Chris Paul,25:43,Josh Okogie,24:48,Terrence Ross,22:57,Cameron Payne,22:13,Torrey Craig,18:39,Jock Landale,13:52,Landry Shamet,13:22
0,,0,0.000,2,,117,1,2,40.0,5,.714,5.0,71.4,7.0,7,1,1.000,1,14.286,Logos via Sports Logos.net / About logos,W,https://www.basketball-reference.com/boxscores/202303270UTA.html,Away,103,17:48,3,60.0,UTA,Lauri Markkanen,Jarrell Brantley,9:36,,,,,,,,,,,35:40,Talen Horton-Tucker,34:58,Walker Kessler,29:55,Kelly Olynyk,29:07,Ochai Agbaji,24:25,Juan Toscano-Anderson,23:06,Kris Dunn,22:28,Damian Jones,18:05,Johnny Juzang,12:40,103,4,11,10.0,90.9,0.0,0.0,1.0,9.1,Bismack Biyombo,14,1,2022-2023,2.0,0,5.0,PHO,117,Devin Booker,Landry Shamet,13:43,Damion Lee,3:37,,,,,,,,,33:31,Deandre Ayton,30:12,Chris Paul,26:54,Josh Okogie,21:23,Cameron Payne,21:06,T.J. Warren,21:05,Ish Wainright,18:21,Torrey Craig,16:57,Terrence Ross,15:23
0,,0,0.000,0,0.00,100,3,2,25.0,3,.500,3.0,50.0,6.0,6,0,.000,1,16.667,Logos via Sports Logos.net / About logos,W,https://www.basketball-reference.com/boxscores/202303290PHO.html,Home,107,19:19,6,75.0,MIN,Anthony Edwards,,,,,,,,,,,,,39:53,Rudy Gobert,35:06,Karl-Anthony Towns,33:36,Mike Conley,31:32,Kyle Anderson,29:59,Jaden McDaniels,25:07,Naz Reid,23:08,Jordan McLaughlin,16:28,Nickeil Alexander-Walker,5:11,100,3,6,6.0,100.0,0.0,0.0,0.0,0.0,Bismack Biyombo,7,1,2022-2023,4.0,2,8.0,PHO,107,Devin Booker,,,,,,,,,,,,,36:21,Chris Paul,34:39,Josh Okogie,32:47,Kevin Durant,28:53,Deandre Ayton,28:41,Torrey Craig,22:34,Cameron Payne,13:21,Terrence Ross,12:51,T.J. Warren,10:34
0,,0,0.000,1,,93,3,2,25.0,3,.375,3.0,37.5,8.0,8,3,.750,4,50.000,Logos via Sports Logos.net / About logos,W,https://www.basketball-reference.com/boxscores/202303310PHO.html,Home,100,19:42,6,75.0,DEN,Bruce Brown,,,,,,,,,,,,,37:08,Aaron Gordon,36:25,Reggie Jackson,34:23,Christian Braun,29:22,Peyton Watson,26:44,Zeke Nnaji,23:13,DeAndre Jordan,21:22,Vlatko Čančar,16:24,Ish Smith,14:59,93,1,9,6.0,66.7,0.0,0.0,3.0,33.3,Bismack Biyombo,7,0,2022-2023,3.0,0,8.0,PHO,100,Devin Booker,,,,,,,,,,,,,35:04,Chris Paul,33:14,Kevin Durant,33:11,Josh Okogie,28:43,Deandre Ayton,28:18,T.J. Warren,16:23,Torrey Craig,15:30,Terrence Ross,15:09,Cameron Payne,14:46
0,,0,0.000,0,,128,1,6,100.0,1,1.000,1.0,100.0,1.0,1,1,1.000,1,100.000,Logos via Sports Logos.net / About logos,W,https://www.basketball-reference.com/boxscores/202304020OKC.html,Away,118,15:12,0,0.0,OKC,Luguentz Dort,Ousmane Dieng,5:04,,,,,,,,,,,39:15,Shai Gilgeous-Alexander,37:32,Josh Giddey,34:57,Jalen Williams,34:43,Aaron Wiggins,22:04,Isaiah Joe,21:37,Jaylin Williams,20:12,Dario Šarić,14:09,Lindy Waters III,10:27,118,2,3,2.0,66.7,0.0,0.0,1.0,33.3,Bismack Biyombo,10,0,2022-2023,1.0,0,6.0,PHO,128,Devin Booker,Cameron Payne,8:49,Ish Wainright,7:47,,,,,,,,,36:57,Kevin Durant,34:48,Chris Paul,32:12,Deandre Ayton,30:40,Josh Okogie,26:27,Landry Shamet,12:24,Torrey Craig,12:18,Terrence Ross,11:19,T.J. Warren,11:07
0,,0,0.000,1,,94,4,1,100.0,5,.714,5.0,71.4,7.0,7,0,,0,0.000,Logos via Sports Logos.net / About logos,W,https://www.basketball-reference.com/boxscores/202304040PHO.html,Home,115,16:24,0,0.0,SAS,Malaki Branham,Doug McDermott,5:59,,,,,,,,,,,29:34,Tre Jones,29:04,Sandro Mamukelashvili,28:30,Julian Champagnie,27:33,Devonte' Graham,27:04,Keita Bates-Diop,25:59,Blake Wesley,24:32,Gorgui Dieng,21:08,Dominick Barlow,20:37,94,0,10,10.0,100.0,0.0,0.0,0.0,0.0,Bismack Biyombo,21,0,2022-2023,4.0,0,1.0,PHO,115,Kevin Durant,Ish Wainright,6:08,Damion Lee,2:56,Jock Landale,2:56,Saben Lee,2:56,,,,,33:36,Devin Booker,32:53,Chris Paul,32:33,Deandre Ayton,28:40,Torrey Craig,24:50,Josh Okogie,20:14,Landry Shamet,12:31,Terrence Ross,12:11,T.J. Warren,11:12
0,,0,0.000,0,0.00,115,0,1,33.3,1,.333,1.0,33.3,3.0,3,2,1.000,2,66.667,Logos via Sports Logos.net / About logos,W,https://www.basketball-reference.com/boxscores/202304060PHO.html,Home,119,11:03,2,66.7,DEN,Bruce Brown,,,,,,,,,,,,,38:17,Christian Braun,33:24,Reggie Jackson,30:07,DeAndre Jordan,30:03,Peyton Watson,25:41,Ish Smith,22:41,Jeff Green,22:19,Vlatko Čančar,20:24,Zeke Nnaji,17:04,115,1,4,2.0,50.0,0.0,0.0,2.0,50.0,Bismack Biyombo,4,0,2022-2023,0.0,1,3.0,PHO,119,Kevin Durant,Jock Landale,5:09,Ish Wainright,3:20,,,,,,,,,40:38,Devin Booker,37:28,Chris Paul,37:08,Deandre Ayton,31:48,Torrey Craig,22:04,Josh Okogie,21:49,Terrence Ross,15:02,Cameron Payne,7:22,Landry Shamet,7:09
0,,0,0.000,1,,107,3,4,80.0,2,.667,2.0,66.7,3.0,3,0,,0,0.000,Logos via Sports Logos.net / About logos,L,https://www.basketball-reference.com/boxscores/202304070LAL.html,Away,121,11:31,1,20.0,LAL,Anthony Davis,Lonnie Walker IV,6:25,Mo Bamba,6:25,Max Christie,0:52,Davon Reed,0:52,,,,,33:58,D'Angelo Russell,33:23,Austin Reaves,31:15,LeBron James,29:21,Malik Beasley,25:24,Troy Brown Jr.,24:04,Rui Hachimura,22:47,Jarred Vanderbilt,16:45,Wenyen Gabriel,8:29,121,1,4,4.0,100.0,0.0,0.0,0.0,0.0,Bismack Biyombo,14,0,2022-2023,3.0,0,5.0,PHO,107,Jock Landale,Darius Bazley,6:57,,,,,,,,,,,29:32,Josh Okogie,29:25,Torrey Craig,28:54,Terrence Ross,28:34,Ish Wainright,25:00,Saben Lee,24:24,Landry Shamet,22:13,Damion Lee,18:04,Cameron Payne,15:26
0,,0,,0,0.00,115,1,2,100.0,0,,0.0,,0.0,0,2,.500,4,,Logos via Sports Logos.net / About logos,L,https://www.basketball-reference.com/boxscores/202304160PHO.html,Home,110,4:39,0,0.0,LAC,Kawhi Leonard,,,,,,,,,,,,,41:33,Russell Westbrook,36:28,Eric Gordon,32:30,Ivica Zubac,29:43,Terance Mann,24:16,Norman Powell,23:12,Nicolas Batum,21:21,Mason Plumlee,17:34,Bones Hyland,13:23,115,1,2,0.0,0.0,0.0,0.0,2.0,100.0,Bismack Biyombo,5,0,2022-2023,1.0,1,2.0,PHO,110,Kevin Durant,Terrence Ross,4:14,,,,,,,,,,,44:31,Devin Booker,43:20,Chris Paul,38:41,Deandre Ayton,33:09,Torrey Craig,26:55,Landry Shamet,23:40,Jock Landale,7:33,Ish Wainright,6:41,Josh Okogie,6:37
0,,0,0.000,2,2.00,109,3,2,40.0,3,.600,3.0,60.0,5.0,5,0,,0,0.000,Logos via Sports Logos.net / About logos,W,https://www.basketball-reference.com/boxscores/202304180PHO.html,Home,123,14:33,3,60.0,LAC,Kawhi Leonard,Brandon Boston Jr.,0:58,Amir Coffey,0:58,Jason Preston,0:58,,,,,,,38:50,Russell Westbrook,36:06,Eric Gordon,32:20,Ivica Zubac,29:29,Norman Powell,28:00,Terance Mann,25:37,Nicolas Batum,19:02,Bones Hyland,14:06,Mason Plumlee,13:36,109,2,6,6.0,100.0,0.0,0.0,0.0,0.0,Bismack Biyombo,14,0,2022-2023,3.0,1,5.0,PHO,123,Devin Booker,Ish Wainright,0:41,,,,,,,,,,,44:48,Kevin Durant,44:26,Chris Paul,37:39,Torrey Craig,31:38,Deandre Ayton,31:36,Josh Okogie,15:18,Landry Shamet,14:00,Damion Lee,3:12,T.J. Warren,2:09
0,,0,0.000,2,,129,1,4,100.0,1,1.000,1.0,100.0,1.0,1,2,.400,5,500.000,Logos via Sports Logos.net / About logos,W,https://www.basketball-reference.com/boxscores/202304200LAC.html,Away,124,11:08,0,0.0,LAC,Norman Powell,Robert Covington,3:39,,,,,,,,,,,40:33,Russell Westbrook,39:49,Eric Gordon,31:23,Terance Mann,25:40,Ivica Zubac,22:20,Bones Hyland,21:23,Marcus Morris,19:51,Nicolas Batum,19:06,Mason Plumlee,16:16,124,2,4,2.0,50.0,0.0,0.0,2.0,50.0,Bismack Biyombo,5,0,2022-2023,1.0,0,4.0,PHO,129,Devin Booker,,,,,,,,,,,,,44:31,Kevin Durant,41:30,Chris Paul,40:41,Deandre Ayton,35:18,Torrey Craig,27:16,Josh Okogie,20:51,Damion Lee,11:22,Landry Shamet,3:44,T.J. Warren,3:39
0,,0,0.000,0,0.00,112,1,1,50.0,1,.500,1.0,50.0,2.0,2,1,.500,2,100.000,Logos via Sports Logos.net / About logos,W,https://www.basketball-reference.com/boxscores/202304220LAC.html,Away,100,12:05,1,50.0,LAC,Russell Westbrook,Nicolas Batum,5:36,,,,,,,,,,,40:27,Norman Powell,36:42,Eric Gordon,32:03,Terance Mann,30:02,Marcus Morris,24:42,Ivica Zubac,24:25,Mason Plumlee,19:25,Bones Hyland,18:18,Robert Covington,8:20,100,1,3,2.0,66.7,0.0,0.0,1.0,33.3,Bismack Biyombo,12,0,2022-2023,1.0,1,2.0,PHO,112,Kevin Durant,,,,,,,,,,,,,44:33,Devin Booker,41:27,Chris Paul,38:02,Deandre Ayton,35:55,Torrey Craig,24:44,Josh Okogie,24:36,Damion Lee,13:47,Landry Shamet,4:51,,
0,,0,0.000,2,2.00,130,3,3,37.5,2,.500,2.0,50.0,4.0,4,4,.800,5,125.000,Logos via Sports Logos.net / About logos,W,https://www.basketball-reference.com/boxscores/202304250PHO.html,Home,136,12:23,5,62.5,LAC,Russell Westbrook,,,,,,,,,,,,,39:28,Norman Powell,38:53,Terance Mann,27:24,Nicolas Batum,26:35,Marcus Morris,23:55,Mason Plumlee,23:54,Ivica Zubac,23:52,Eric Gordon,20:50,Bones Hyland,15:09,130,5,8,4.0,50.0,0.0,0.0,4.0,50.0,Bismack Biyombo,6,0,2022-2023,3.0,1,8.0,PHO,136,Kevin Durant,,,,,,,,,,,,,44:14,Devin Booker,41:39,Chris Paul,37:27,Deandre Ayton,35:37,Josh Okogie,32:46,Torrey Craig,16:53,Landry Shamet,8:57,Damion Lee,6:48,Cameron Payne,3:16
0,,0,0.000,0,0.00,107,0,0,,0,.000,0.0,0.0,1.0,1,0,,0,0.000,Logos via Sports Logos.net / About logos,L,https://www.basketball-reference.com/boxscores/202304290DEN.html,Away,125,6:20,0,,DEN,Aaron Gordon,Vlatko Čančar,3:13,Reggie Jackson,3:13,Zeke Nnaji,3:13,Ish Smith,3:13,,,,,38:57,Jamal Murray,36:49,Nikola Jokić,32:56,Michael Porter Jr.,30:51,Kentavious Caldwell-Pope,28:05,Bruce Brown,24:40,Jeff Green,17:41,Christian Braun,13:56,Peyton Watson,3:13,125,2,0,0.0,,0.0,,0.0,,Bismack Biyombo,18,0,2022-2023,0.0,1,0.0,PHO,107,Devin Booker,Cameron Payne,5:09,Ish Wainright,5:09,Terrence Ross,5:09,,,,,,,40:06,Kevin Durant,36:04,Chris Paul,32:21,Deandre Ayton,30:21,Torrey Craig,23:59,Josh Okogie,18:46,Landry Shamet,14:00,Damion Lee,12:14,Jock Landale,10:22
0,,0,0.000,0,0.00,87,0,4,100.0,1,.500,1.0,50.0,2.0,2,0,,0,0.000,Logos via Sports Logos.net / About logos,L,https://www.basketball-reference.com/boxscores/202305010DEN.html,Away,97,9:34,0,0.0,DEN,Nikola Jokić,,,,,,,,,,,,,41:16,Kentavious Caldwell-Pope,41:06,Jamal Murray,39:11,Aaron Gordon,39:01,Bruce Brown,24:39,Michael Porter Jr.,23:17,Christian Braun,15:47,Jeff Green,15:43,,,97,3,2,2.0,100.0,0.0,0.0,0.0,0.0,Bismack Biyombo,10,0,2022-2023,0.0,1,4.0,PHO,87,Devin Booker,Ish Wainright,2:23,,,,,,,,,,,44:40,Kevin Durant,44:23,Deandre Ayton,33:01,Damion Lee,25:37,Chris Paul,25:23,Josh Okogie,21:39,Cameron Payne,16:42,Torrey Craig,11:13,Jock Landale,5:25
0,,0,0.000,0,,125,1,1,50.0,1,1.000,1.0,100.0,1.0,1,0,.000,2,200.000,Logos via Sports Logos.net / About logos,L,https://www.basketball-reference.com/boxscores/202305110PHO.html,Home,100,7:41,1,50.0,DEN,Nikola Jokić,Ish Smith,2:11,Peyton Watson,2:11,Vlatko Čančar,2:11,Zeke Nnaji,2:11,,,,,37:34,Kentavious Caldwell-Pope,35:37,Jamal Murray,34:44,Aaron Gordon,34:32,Bruce Brown,30:32,Michael Porter Jr.,23:34,Jeff Green,17:31,Christian Braun,14:26,Reggie Jackson,2:46,125,2,2,2.0,100.0,0.0,0.0,0.0,0.0,Bismack Biyombo,25,0,2022-2023,1.0,0,2.0,PHO,100,Cameron Payne,Ish Wainright,2:04,,,,,,,,,,,41:33,Kevin Durant,36:50,Landry Shamet,36:32,Devin Booker,35:32,Jock Landale,30:51,T.J. Warren,15:35,Torrey Craig,13:01,Damion Lee,11:36,Terrence Ross,8:45
0,,0,,0,,113,0,0,,0,,0.0,,0.0,0,0,,0,,Logos via Sports Logos.net / About logos,L,https://www.basketball-reference.com/boxscores/202311030POR.html,Away,115,0:00,0,,POR,Shaedon Sharpe,,,,,,,,,,,,,46:26,Malcolm Brogdon,44:21,Jerami Grant,43:44,Deandre Ayton,36:16,Toumani Camara,31:29,Robert Williams,19:45,Matisse Thybulle,18:30,Skylar Mays,15:13,Jabari Walker,9:16,115,0,0,0.0,,0.0,,0.0,,Bismack Biyombo,2,0,2023-2024,0.0,0,0.0,MEM,113,Desmond Bane,Vince Williams Jr.,9:58,,,,,,,,,,,44:47,Marcus Smart,39:29,Jaren Jackson Jr.,37:42,David Roddy,32:18,Ziaire Williams,27:03,Luke Kennard,26:39,Xavier Tillman Sr.,24:03,Jacob Gilyard,12:21,John Konchar,10:36
0,,0,0.000,4,2.00,112,3,6,54.5,3,.500,3.0,50.0,6.0,6,2,1.000,2,33.333,Logos via Sports Logos.net / About logos,W,https://www.basketball-reference.com/boxscores/202311050POR.html,Away,100,26:03,5,45.5,POR,Shaedon Sharpe,,,,,,,,,,,,,40:43,Malcolm Brogdon,39:02,Jerami Grant,37:46,Deandre Ayton,35:02,Toumani Camara,24:29,Matisse Thybulle,19:19,Skylar Mays,16:15,Jabari Walker,16:15,Robert Williams,11:09,100,5,8,6.0,75.0,0.0,0.0,2.0,25.0,Bismack Biyombo,12,0,2023-2024,3.0,2,11.0,MEM,112,Jaren Jackson Jr.,,,,,,,,,,,,,36:52,Desmond Bane,34:12,Luke Kennard,31:31,Marcus Smart,29:22,Ziaire Williams,27:35,Santi Aldama,19:51,David Roddy,13:03,Jacob Gilyard,11:24,Kenneth Lofton Jr.,10:06
0,,0,0.000,0,0.00,108,0,4,40.0,4,1.000,4.0,100.0,4.0,4,1,.500,2,50.000,Logos via Sports Logos.net / About logos,L,https://www.basketball-reference.com/boxscores/202311080MEM.html,Home,102,29:49,6,60.0,MIA,Bam Adebayo,Tyler Herro,8:10,,,,,,,,,,,36:23,Duncan Robinson,35:06,Kyle Lowry,34:43,Jimmy Butler,34:37,Haywood Highsmith,26:51,Jaime Jaquez Jr.,21:08,Josh Richardson,16:48,Dru Smith,14:35,Thomas Bryant,11:36,108,4,9,8.0,88.9,0.0,0.0,1.0,11.1,Bismack Biyombo,6,1,2023-2024,1.0,1,10.0,MEM,102,Desmond Bane,,,,,,,,,,,,,36:01,Jaren Jackson Jr.,33:02,Marcus Smart,32:06,Luke Kennard,27:25,Santi Aldama,26:02,Ziaire Williams,20:50,Jacob Gilyard,14:41,David Roddy,12:55,Kenneth Lofton Jr.,7:06
0,,0,0.000,0,,127,0,6,40.0,5,.500,5.0,50.0,10.0,10,5,.833,6,60.000,Logos via Sports Logos.net / About logos,L,https://www.basketball-reference.com/boxscores/202311100MEM.html,Home,121,33:41,9,60.0,UTA,John Collins,,,,,,,,,,,,,37:53,Lauri Markkanen,37:18,Jordan Clarkson,35:48,Ochai Agbaji,30:20,Keyonte George,29:32,Kelly Olynyk,20:48,Talen Horton-Tucker,18:28,Collin Sexton,17:40,Simone Fontecchio,12:12,127,4,15,10.0,66.7,0.0,0.0,5.0,33.3,Bismack Biyombo,6,1,2023-2024,1.0,0,15.0,MEM,121,Desmond Bane,,,,,,,,,,,,,38:03,Jacob Gilyard,34:02,Marcus Smart,24:54,Jaren Jackson Jr.,23:21,John Konchar,21:24,Luke Kennard,21:03,David Roddy,18:45,Santi Aldama,13:04,Kenneth Lofton Jr.,11:40
0,,0,0.000,3,3.00,105,2,8,66.7,5,.833,5.0,83.3,6.0,6,3,.429,7,116.667,Logos via Sports Logos.net / About logos,W,https://www.basketball-reference.com/boxscores/202311120LAC.html,Away,101,35:40,4,33.3,LAC,Paul George,,,,,,,,,,,,,37:29,Kawhi Leonard,36:51,Norman Powell,31:11,Russell Westbrook,30:41,James Harden,28:40,Terance Mann,27:03,Ivica Zubac,23:29,P.J. Tucker,13:06,Moussa Diabaté,11:30,101,3,13,10.0,76.9,0.0,0.0,3.0,23.1,Bismack Biyombo,4,1,2023-2024,3.0,1,12.0,MEM,105,Marcus Smart,,,,,,,,,,,,,36:29,Desmond Bane,34:40,Jaren Jackson Jr.,29:19,Luke Kennard,24:17,Jacob Gilyard,23:52,Santi Aldama,21:10,David Roddy,21:02,Ziaire Williams,8:36,John Konchar,4:55
0,,0,0.000,4,,107,2,2,25.0,0,.000,0.0,0.0,5.0,5,0,,0,0.000,Logos via Sports Logos.net / About logos,L,https://www.basketball-reference.com/boxscores/202311140LAL.html,Away,134,23:12,6,75.0,LAL,Taurean Prince,Max Christie,8:33,Maxwell Lewis,5:01,,,,,,,,,29:28,Austin Reaves,29:11,Anthony Davis,26:50,D'Angelo Russell,26:35,Cam Reddish,24:45,Rui Hachimura,23:50,LeBron James,22:39,Christian Wood,21:58,Jaxson Hayes,21:10,134,3,0,0.0,,0.0,,0.0,,Bismack Biyombo,27,0,2023-2024,2.0,0,8.0,MEM,107,David Roddy,Luke Kennard,5:45,Kenneth Lofton Jr.,5:01,Vince Williams Jr.,5:01,,,,,,,31:05,Desmond Bane,27:23,Ziaire Williams,25:43,Santi Aldama,25:08,Xavier Tillman Sr.,22:15,Jaren Jackson Jr.,22:06,Jacob Gilyard,20:48,John Konchar,18:08,Marcus Smart,8:25
0,,0,0.000,4,4.00,120,0,8,88.9,7,.778,7.0,77.8,9.0,9,0,.000,1,11.111,Logos via Sports Logos.net / About logos,W,https://www.basketball-reference.com/boxscores/202311180SAS.html,Away,108,31:19,1,11.1,SAS,Keldon Johnson,Sandro Mamukelashvili,11:18,Charles Bassey,3:47,Dominick Barlow,2:44,,,,,,,33:26,Jeremy Sochan,32:04,Victor Wembanyama,31:07,Zach Collins,26:12,Cedi Osman,23:35,Tre Jones,21:22,Julian Champagnie,20:00,Malaki Branham,18:21,Doug McDermott,16:04,108,4,14,14.0,100.0,0.0,0.0,0.0,0.0,Bismack Biyombo,12,0,2023-2024,0.0,1,9.0,MEM,120,Santi Aldama,,,,,,,,,,,,,35:40,Desmond Bane,34:04,Jaren Jackson Jr.,26:46,David Roddy,25:44,Ziaire Williams,24:56,John Konchar,23:06,Derrick Rose,14:15,Jacob Gilyard,12:29,Kenneth Lofton Jr.,11:41
0,,0,0.000,0,,102,1,1,50.0,1,.500,1.0,50.0,2.0,2,0,,0,0.000,Logos via Sports Logos.net / About logos,L,https://www.basketball-reference.com/boxscores/202311190MEM.html,Home,100,14:26,1,50.0,BOS,Jrue Holiday,Lamar Stevens,2:41,,,,,,,,,,,36:46,Jayson Tatum,35:15,Derrick White,34:08,Jaylen Brown,33:42,Kristaps Porziņģis,33:32,Sam Hauser,21:51,Al Horford,21:35,Payton Pritchard,15:13,Neemias Queta,5:17,102,5,2,2.0,100.0,0.0,0.0,0.0,0.0,Bismack Biyombo,2,0,2023-2024,1.0,0,2.0,MEM,100,Santi Aldama,,,,,,,,,,,,,39:11,Desmond Bane,36:50,Jaren Jackson Jr.,34:07,John Konchar,26:20,Ziaire Williams,24:20,David Roddy,20:23,Vince Williams Jr.,16:30,Jacob Gilyard,14:35,Kenneth Lofton Jr.,13:18
0,,0,0.000,2,2.00,91,2,5,100.0,2,.500,2.0,50.0,4.0,4,1,.500,2,50.000,Logos via Sports Logos.net / About logos,L,https://www.basketball-reference.com/boxscores/202311220HOU.html,Away,111,31:27,0,0.0,HOU,Fred VanVleet,Jock Landale,4:15,Reggie Bullock,4:15,Jeenathan Williams,3:16,,,,,,,39:22,Alperen Sengun,31:43,Jalen Green,29:41,Jabari Smith Jr.,27:00,Dillon Brooks,26:31,Jae'Sean Tate,26:06,Tari Eason,19:10,Aaron Holiday,16:37,Jeff Green,12:01,111,0,5,4.0,80.0,0.0,0.0,1.0,20.0,Bismack Biyombo,20,1,2023-2024,3.0,1,5.0,MEM,91,Jaren Jackson Jr.,GG Jackson II,4:15,Vince Williams Jr.,4:15,,,,,,,,,36:52,John Konchar,29:02,Desmond Bane,25:31,Jacob Gilyard,24:08,Santi Aldama,22:15,David Roddy,21:37,Ziaire Williams,20:06,Derrick Rose,16:16,Kenneth Lofton Jr.,4:15
0,,0,0.000,1,1.00,110,1,3,75.0,3,.600,3.0,60.0,5.0,5,0,,0,0.000,Logos via Sports Logos.net / About logos,L,https://www.basketball-reference.com/boxscores/202311240MEM.html,Home,89,29:18,1,25.0,PHO,Grayson Allen,,,,,,,,,,,,,36:35,Eric Gordon,34:28,Devin Booker,33:22,Jusuf Nurkić,32:32,Josh Okogie,27:56,Keita Bates-Diop,23:38,Jordan Goodwin,20:15,Nassir Little,15:46,Chimezie Metu,15:28,110,3,6,6.0,100.0,0.0,0.0,0.0,0.0,Bismack Biyombo,21,0,2023-2024,1.0,1,4.0,MEM,89,Santi Aldama,Shaquille Harrison,1:38,GG Jackson II,1:38,Jaylen Nowell,1:38,Ziaire Williams,1:38,,,,,35:45,Desmond Bane,34:00,Jaren Jackson Jr.,28:50,David Roddy,27:22,Jacob Gilyard,23:33,Derrick Rose,21:34,John Konchar,17:44,Vince Williams Jr.,13:43,Kenneth Lofton Jr.,1:38
0,,0,0.000,3,3.00,119,0,3,60.0,2,.667,2.0,66.7,3.0,3,6,.600,10,333.333,Logos via Sports Logos.net / About logos,L,https://www.basketball-reference.com/boxscores/202311260MEM.html,Home,97,30:11,2,40.0,MIN,Nickeil Alexander-Walker,Daishen Nix,2:19,Leonard Miller,2:19,Josh Minott,2:19,,,,,,,34:15,Anthony Edwards,33:59,Mike Conley,32:08,Karl-Anthony Towns,25:56,Rudy Gobert,25:25,Kyle Anderson,22:45,Naz Reid,21:52,Shake Milton,18:54,Troy Brown Jr.,17:48,119,1,10,4.0,40.0,0.0,0.0,6.0,60.0,Bismack Biyombo,22,1,2023-2024,1.0,1,5.0,MEM,97,Jaren Jackson Jr.,Shaquille Harrison,2:19,Kenneth Lofton Jr.,2:19,John Konchar,2:19,,,,,,,36:36,Desmond Bane,34:15,David Roddy,27:53,Santi Aldama,26:39,Derrick Rose,19:40,Ziaire Williams,18:08,Jacob Gilyard,16:20,Jaylen Nowell,13:29,Vince Williams Jr.,9:51
0,,0,0.000,2,0.40,91,3,6,100.0,3,1.000,3.0,100.0,3.0,3,0,,0,0.000,Logos via Sports Logos.net / About logos,W,https://www.basketball-reference.com/boxscores/202311290MEM.html,Home,105,30:15,0,0.0,UTA,John Collins,Omer Yurtseven,15:26,Luka Šamanić,5:50,,,,,,,,,29:18,Walker Kessler,27:47,Jordan Clarkson,27:11,Simone Fontecchio,25:28,Talen Horton-Tucker,24:19,Keyonte George,23:41,Collin Sexton,22:08,Ochai Agbaji,21:13,Kelly Olynyk,17:39,91,3,6,6.0,100.0,0.0,0.0,0.0,0.0,Bismack Biyombo,14,1,2023-2024,4.0,5,6.0,MEM,105,Desmond Bane,,,,,,,,,,,,,35:39,Jaren Jackson Jr.,34:40,Derrick Rose,26:58,David Roddy,24:58,Santi Aldama,24:54,Ziaire Williams,24:46,Vince Williams Jr.,19:31,Jaylen Nowell,18:18,,
0,,0,0.000,4,2.00,108,2,5,83.3,2,.667,2.0,66.7,3.0,3,0,,0,0.000,Logos via Sports Logos.net / About logos,W,https://www.basketball-reference.com/boxscores/202312010DAL.html,Away,94,23:26,1,16.7,DAL,Kyrie Irving,Olivier-Maxence Prosper,11:17,Dexter Dennis,4:18,A.J. Lawson,4:18,,,,,,,35:56,Derrick Jones Jr.,31:09,Josh Green,31:09,Grant Williams,31:04,Dereck Lively II,22:31,Jaden Hardy,20:51,Richaun Holmes,17:33,Seth Curry,16:19,Markieff Morris,13:35,94,2,4,4.0,100.0,0.0,0.0,0.0,0.0,Bismack Biyombo,14,0,2023-2024,2.0,2,6.0,MEM,108,Desmond Bane,Jacob Gilyard,2:01,Shaquille Harrison,2:01,John Konchar,2:01,Kenneth Lofton Jr.,2:01,,,,,33:46,Santi Aldama,33:13,Vince Williams Jr.,26:04,Jaylen Nowell,25:50,David Roddy,24:20,Xavier Tillman Sr.,21:44,Derrick Rose,20:24,Jaren Jackson Jr.,13:34,Ziaire Williams,9:34
0,,0,0.000,1,0.50,109,3,3,60.0,1,.200,1.0,20.0,5.0,5,0,,0,0.000,Logos via Sports Logos.net / About logos,L,https://www.basketball-reference.com/boxscores/202312020PHO.html,Away,116,17:18,2,40.0,PHO,Devin Booker,Nassir Little,14:39,,,,,,,,,,,37:07,Kevin Durant,32:54,Grayson Allen,32:40,Jusuf Nurkić,26:29,Josh Okogie,25:55,Jordan Goodwin,19:17,Drew Eubanks,17:50,Keita Bates-Diop,17:47,Yuta Watanabe,15:19,116,4,2,2.0,100.0,0.0,0.0,0.0,0.0,Bismack Biyombo,7,0,2023-2024,3.0,2,5.0,MEM,109,Jaren Jackson Jr.,,,,,,,,,,,,,35:27,Jaylen Nowell,34:18,Santi Aldama,30:54,David Roddy,30:02,Desmond Bane,29:58,Vince Williams Jr.,29:44,John Konchar,19:53,Xavier Tillman Sr.,12:24,,
0,,0,0.000,4,2.00,116,1,9,81.8,1,.333,1.0,33.3,3.0,3,0,,0,0.000,Logos via Sports Logos.net / About logos,W,https://www.basketball-reference.com/boxscores/202312060DET.html,Away,102,25:42,2,18.2,DET,Cade Cunningham,James Wiseman,7:56,Marcus Sasser,5:10,,,,,,,,,34:01,Bojan Bogdanović,32:04,Jalen Duren,30:08,Isaiah Stewart,27:57,Killian Hayes,27:06,Jaden Ivey,23:45,Isaiah Livers,18:39,Alec Burks,17:06,Ausar Thompson,16:07,102,2,2,2.0,100.0,0.0,0.0,0.0,0.0,Bismack Biyombo,14,0,2023-2024,1.0,2,11.0,MEM,116,Desmond Bane,Jacob Gilyard,0:20,Kenneth Lofton Jr.,0:20,Ziaire Williams,0:20,,,,,,,35:42,Jaren Jackson Jr.,35:00,Santi Aldama,26:05,Jaylen Nowell,25:57,Vince Williams Jr.,24:46,David Roddy,21:58,John Konchar,21:44,Derrick Rose,15:29,Xavier Tillman Sr.,6:32
0,,0,0.000,2,,127,0,3,100.0,1,.500,1.0,50.0,2.0,2,0,,0,0.000,Logos via Sports Logos.net / About logos,L,https://www.basketball-reference.com/boxscores/202312080MEM.html,Home,103,19:34,0,0.0,MIN,Rudy Gobert,Luka Garza,3:28,Wendell Moore Jr.,3:28,,,,,,,,,35:48,Nickeil Alexander-Walker,34:12,Mike Conley,32:26,Troy Brown Jr.,30:06,Karl-Anthony Towns,29:25,Naz Reid,23:30,Kyle Anderson,22:06,Shake Milton,21:48,Anthony Edwards,3:43,127,4,2,2.0,100.0,0.0,0.0,0.0,0.0,Bismack Biyombo,24,0,2023-2024,0.0,0,3.0,MEM,103,Desmond Bane,Kenneth Lofton Jr.,4:24,Ziaire Williams,4:24,Jacob Gilyard,4:24,,,,,,,36:32,Jaren Jackson Jr.,28:55,David Roddy,25:10,Santi Aldama,23:31,Derrick Rose,22:00,Jaylen Nowell,20:22,Vince Williams Jr.,17:01,Xavier Tillman Sr.,16:55,John Konchar,16:46
0,,0,0.000,1,0.50,120,1,1,50.0,1,1.000,1.0,100.0,1.0,1,0,,0,0.000,Logos via Sports Logos.net / About logos,L,https://www.basketball-reference.com/boxscores/202312110MEM.html,Home,113,11:50,1,50.0,DAL,Luka Dončić,Derrick Jones Jr.,6:26,,,,,,,,,,,43:53,Dereck Lively II,35:23,Dante Exum,35:00,Jaden Hardy,33:58,Markieff Morris,20:33,Seth Curry,20:28,Olivier-Maxence Prosper,18:27,A.J. Lawson,13:38,Dwight Powell,12:12,120,1,2,2.0,100.0,0.0,0.0,0.0,0.0,Bismack Biyombo,7,0,2023-2024,1.0,2,2.0,MEM,113,Jaren Jackson Jr.,Xavier Tillman Sr.,6:51,,,,,,,,,,,41:51,Desmond Bane,38:54,David Roddy,29:05,Vince Williams Jr.,25:44,John Konchar,25:03,Santi Aldama,19:55,Derrick Rose,17:10,Ziaire Williams,15:44,Jaylen Nowell,7:53
0,,0,0.000,1,0.50,104,0,5,83.3,1,.500,1.0,50.0,2.0,2,1,.167,6,300.000,Logos via Sports Logos.net / About logos,L,https://www.basketball-reference.com/boxscores/202312130HOU.html,Away,117,23:59,1,16.7,HOU,Fred VanVleet,Jock Landale,10:24,Reggie Bullock,6:27,,,,,,,,,39:02,Jabari Smith Jr.,30:23,Dillon Brooks,28:07,Tari Eason,26:48,Alperen Sengun,24:13,Jalen Green,23:58,Jae'Sean Tate,23:08,Aaron Holiday,14:19,Jeff Green,13:09,117,5,3,2.0,66.7,0.0,0.0,1.0,33.3,Bismack Biyombo,13,0,2023-2024,0.0,2,6.0,MEM,104,Jaren Jackson Jr.,John Konchar,7:07,,,,,,,,,,,39:59,David Roddy,32:11,Derrick Rose,30:42,Vince Williams Jr.,27:47,Ziaire Williams,25:46,Santi Aldama,15:44,Jake LaRavia,15:26,Jacob Gilyard,12:58,Jaylen Nowell,8:21
0,,0,0.000,1,0.50,103,1,8,88.9,5,.556,5.0,55.6,9.0,9,0,.000,1,11.111,Logos via Sports Logos.net / About logos,L,https://www.basketball-reference.com/boxscores/202312150MEM.html,Home,96,33:22,1,11.1,HOU,Dillon Brooks,Reggie Bullock,3:48,,,,,,,,,,,40:28,Fred VanVleet,35:52,Alperen Sengun,31:53,Jabari Smith Jr.,30:23,Jalen Green,28:13,Tari Eason,22:47,Aaron Holiday,19:29,Jeff Green,18:48,Jock Landale,8:19,103,2,10,10.0,100.0,0.0,0.0,0.0,0.0,Bismack Biyombo,7,0,2023-2024,1.0,2,9.0,MEM,96,Desmond Bane,,,,,,,,,,,,,39:44,Jaren Jackson Jr.,32:38,Vince Williams Jr.,30:18,David Roddy,28:01,Santi Aldama,26:28,Jacob Gilyard,15:54,Ziaire Williams,14:43,Jake LaRavia,10:13,Derrick Rose,8:39
0,,0,0.000,0,0.00,115,1,2,100.0,4,.800,4.0,80.0,5.0,5,0,,0,0.000,Logos via Sports Logos.net / About logos,W,https://www.basketball-reference.com/boxscores/202312190NOP.html,Away,113,21:57,0,0.0,NOP,CJ McCollum,Jose Alvarado,8:27,,,,,,,,,,,41:10,Brandon Ingram,37:21,Jonas Valančiūnas,32:56,Herbert Jones,30:21,Zion Williamson,24:34,Trey Murphy III,20:59,Naji Marshall,17:23,Dyson Daniels,13:25,Cody Zeller,13:20,113,3,8,8.0,100.0,0.0,0.0,0.0,0.0,Bismack Biyombo,2,1,2023-2024,2.0,1,2.0,MEM,115,Desmond Bane,,,,,,,,,,,,,35:20,Ja Morant,34:46,Vince Williams Jr.,34:40,Jaren Jackson Jr.,29:38,John Konchar,21:41,Xavier Tillman Sr.,19:45,Ziaire Williams,17:41,Santi Aldama,15:47,David Roddy,8:44
0,,0,0.000,1,,103,1,2,66.7,1,.250,1.0,25.0,4.0,4,0,.000,1,25.000,Logos via Sports Logos.net / About logos,W,https://www.basketball-reference.com/boxscores/202312210MEM.html,Home,116,16:56,1,33.3,IND,Tyrese Haliburton,T.J. McConnell,3:44,,,,,,,,,,,37:33,Myles Turner,35:35,Buddy Hield,32:01,Obi Toppin,28:15,Bruce Brown,27:57,Aaron Nesmith,27:55,Bennedict Mathurin,18:32,Andrew Nembhard,16:03,Isaiah Jackson,12:25,103,2,2,2.0,100.0,0.0,0.0,0.0,0.0,Bismack Biyombo,13,0,2023-2024,1.0,0,3.0,MEM,116,Desmond Bane,,,,,,,,,,,,,35:38,Vince Williams Jr.,34:39,Ja Morant,34:26,Jaren Jackson Jr.,33:20,Santi Aldama,25:03,John Konchar,20:51,Xavier Tillman Sr.,20:41,Ziaire Williams,18:26,,
0,,0,0.000,3,3.00,125,0,4,36.4,3,.500,3.0,50.0,6.0,6,2,.333,6,100.000,Logos via Sports Logos.net / About logos,W,https://www.basketball-reference.com/boxscores/202312230ATL.html,Away,119,29:04,7,63.6,ATL,Trae Young,,,,,,,,,,,,,40:56,Saddiq Bey,38:06,Dejounte Murray,35:25,Bogdan Bogdanović,34:15,Clint Capela,30:20,Onyeka Okongwu,27:34,Seth Lundy,19:09,Garrison Mathews,14:15,,,119,2,8,6.0,75.0,0.0,0.0,2.0,25.0,Bismack Biyombo,6,1,2023-2024,1.0,1,11.0,MEM,125,Desmond Bane,,,,,,,,,,,,,36:20,Ja Morant,36:07,Vince Williams Jr.,35:07,Santi Aldama,27:06,Jaren Jackson Jr.,23:52,Ziaire Williams,23:28,Xavier Tillman Sr.,15:37,John Konchar,13:19,,
0,,0,0.000,1,,116,2,7,100.0,4,.800,4.0,80.0,5.0,5,0,,0,0.000,Logos via Sports Logos.net / About logos,W,https://www.basketball-reference.com/boxscores/202312260NOP.html,Away,115,24:52,0,0.0,NOP,Brandon Ingram,Cody Zeller,0:00,,,,,,,,,,,41:51,CJ McCollum,38:56,Jonas Valančiūnas,36:01,Zion Williamson,35:58,Trey Murphy III,35:56,Herbert Jones,31:34,Dyson Daniels,18:44,Naji Marshall,14:13,Jose Alvarado,11:44,115,4,8,8.0,100.0,0.0,0.0,0.0,0.0,Bismack Biyombo,1,0,2023-2024,2.0,0,7.0,MEM,116,Desmond Bane,,,,,,,,,,,,,40:23,Ja Morant,39:39,Jaren Jackson Jr.,39:28,Marcus Smart,29:19,Xavier Tillman Sr.,27:47,Vince Williams Jr.,27:00,David Roddy,16:04,Ziaire Williams,11:32,Santi Aldama,8:54
0,,0,0.000,1,0.50,105,1,4,80.0,1,.250,1.0,25.0,4.0,4,0,,0,0.000,Logos via Sports Logos.net / About logos,L,https://www.basketball-reference.com/boxscores/202312280DEN.html,Away,142,21:56,1,20.0,DEN,Nikola Jokić,DeAndre Jordan,12:31,Braxton Key,7:01,Zeke Nnaji,5:31,Jalen Pickett,5:31,,,,,29:58,Jamal Murray,25:40,Kentavious Caldwell-Pope,25:12,Julian Strawther,24:41,Christian Braun,23:21,Peyton Watson,23:00,Michael Porter Jr.,22:46,Justin Holiday,17:59,Reggie Jackson,16:49,142,3,2,2.0,100.0,0.0,0.0,0.0,0.0,Bismack Biyombo,37,0,2023-2024,1.0,2,5.0,MEM,105,Vince Williams Jr.,,,,,,,,,,,,,29:47,David Roddy,28:53,Jaren Jackson Jr.,27:49,Desmond Bane,25:12,John Konchar,24:57,Ziaire Williams,24:25,Marcus Smart,23:03,Xavier Tillman Sr.,21:58,Jacob Gilyard,12:00
0,,0,0.000,0,0.00,106,0,2,100.0,1,.500,1.0,50.0,2.0,2,0,,0,0.000,Logos via Sports Logos.net / About logos,L,https://www.basketball-reference.com/boxscores/202312290LAC.html,Away,117,7:47,0,0.0,LAC,James Harden,,,,,,,,,,,,,43:30,Paul George,35:44,Ivica Zubac,33:25,Amir Coffey,30:52,Norman Powell,24:57,Terance Mann,22:38,Russell Westbrook,20:16,Kobe Brown,15:28,Daniel Theis,13:10,117,1,2,2.0,100.0,0.0,0.0,0.0,0.0,Bismack Biyombo,11,1,2023-2024,1.0,1,2.0,MEM,106,Ja Morant,,,,,,,,,,,,,37:12,Jaren Jackson Jr.,37:00,Desmond Bane,36:57,Marcus Smart,31:36,Santi Aldama,22:28,Vince Williams Jr.,22:13,David Roddy,22:09,Xavier Tillman Sr.,16:41,Ziaire Williams,5:57
0,,0,,0,,123,1,6,100.0,0,,0.0,,0.0,0,0,,0,,Logos via Sports Logos.net / About logos,L,https://www.basketball-reference.com/boxscores/202312310MEM.html,Home,92,21:43,0,0.0,SAC,De'Aaron Fox,Alex Len,12:22,Kessler Edwards,3:46,Keon Ellis,3:46,JaVale McGee,3:46,Sasha Vezenkov,3:25,Juan Toscano-Anderson,3:25,34:16,Domantas Sabonis,31:52,Keegan Murray,26:20,Chris Duarte,26:07,Malik Monk,21:01,Harrison Barnes,19:55,Trey Lyles,18:54,Kevin Huerter,16:46,Davion Mitchell,14:19,123,1,0,0.0,,0.0,,0.0,,Bismack Biyombo,31,0,2023-2024,1.0,0,6.0,MEM,92,Desmond Bane,Xavier Tillman Sr.,8:07,John Konchar,4:49,Ziaire Williams,4:49,,,,,,,35:28,Ja Morant,30:57,Marcus Smart,30:48,Jaren Jackson Jr.,28:32,Luke Kennard,19:51,Vince Williams Jr.,17:41,Santi Aldama,14:07,Derrick Rose,12:14,David Roddy,10:54
0,,0,0.000,1,0.50,98,3,6,75.0,2,.500,2.0,50.0,4.0,4,0,,0,0.000,Logos via Sports Logos.net / About logos,W,https://www.basketball-reference.com/boxscores/202401020MEM.html,Home,106,27:56,2,25.0,SAS,Devin Vassell,Cedi Osman,12:29,Malaki Branham,7:29,Sandro Mamukelashvili,2:03,,,,,,,34:06,Keldon Johnson,31:13,Jeremy Sochan,27:44,Victor Wembanyama,26:04,Tre Jones,25:02,Julian Champagnie,22:28,Blake Wesley,21:23,Doug McDermott,16:13,Dominick Barlow,13:46,98,4,4,4.0,100.0,0.0,0.0,0.0,0.0,Bismack Biyombo,8,1,2023-2024,4.0,2,8.0,MEM,106,Ja Morant,David Roddy,0:20,Xavier Tillman Sr.,0:20,Ziaire Williams,0:20,,,,,,,35:19,Desmond Bane,34:15,Jaren Jackson Jr.,32:01,Marcus Smart,29:43,Santi Aldama,28:08,Vince Williams Jr.,21:58,Luke Kennard,20:43,Derrick Rose,8:37,John Konchar,0:20
0,,0,0.000,1,0.50,127,0,9,90.0,3,1.000,3.0,100.0,3.0,3,0,,0,0.000,Logos via Sports Logos.net / About logos,W,https://www.basketball-reference.com/boxscores/202401050LAL.html,Away,113,31:15,1,10.0,LAL,Anthony Davis,,,,,,,,,,,,,40:58,Austin Reaves,40:00,LeBron James,38:50,Taurean Prince,34:53,Cam Reddish,32:00,Max Christie,20:16,Jarred Vanderbilt,16:44,Christian Wood,16:19,,,113,2,6,6.0,100.0,0.0,0.0,0.0,0.0,Bismack Biyombo,14,0,2023-2024,0.0,2,10.0,MEM,127,Marcus Smart,,,,,,,,,,,,,39:09,Desmond Bane,37:00,Ja Morant,34:37,Jaren Jackson Jr.,29:30,Luke Kennard,20:28,Ziaire Williams,20:19,Xavier Tillman Sr.,11:48,Santi Aldama,9:14,David Roddy,6:40
0,,0,0.000,2,1.00,121,3,5,83.3,0,.000,0.0,0.0,2.0,2,1,.500,2,100.000,Logos via Sports Logos.net / About logos,W,https://www.basketball-reference.com/boxscores/202401070PHO.html,Away,115,25:58,1,16.7,PHO,Grayson Allen,Saben Lee,4:29,,,,,,,,,,,38:57,Devin Booker,37:15,Bradley Beal,37:09,Kevin Durant,36:22,Jusuf Nurkić,32:20,Keita Bates-Diop,14:18,Josh Okogie,13:36,Drew Eubanks,13:21,Chimezie Metu,12:13,115,3,1,0.0,0.0,0.0,0.0,1.0,100.0,Bismack Biyombo,6,0,2023-2024,3.0,2,6.0,MEM,121,Marcus Smart,,,,,,,,,,,,,37:40,Vince Williams Jr.,36:58,Desmond Bane,36:32,Jaren Jackson Jr.,31:48,Ziaire Williams,27:27,Luke Kennard,21:52,Santi Aldama,15:34,Xavier Tillman Sr.,3:11,John Konchar,3:00
0,,0,0.000,4,2.00,120,0,1,50.0,1,.500,1.0,50.0,2.0,2,0,,0,0.000,Logos via Sports Logos.net / About logos,W,https://www.basketball-reference.com/boxscores/202401090DAL.html,Away,103,18:09,1,50.0,DAL,Kyrie Irving,Markieff Morris,5:41,A.J. Lawson,4:42,Brandon Williams,3:03,Richaun Holmes,2:59,,,,,40:05,Derrick Jones Jr.,36:10,Luka Dončić,35:54,Tim Hardaway Jr.,29:35,Josh Green,23:02,Dwight Powell,22:14,Jaden Hardy,19:00,Seth Curry,10:23,Grant Williams,7:12,103,2,2,2.0,100.0,0.0,0.0,0.0,0.0,Bismack Biyombo,17,0,2023-2024,0.0,2,2.0,MEM,120,Desmond Bane,Jake LaRavia,2:03,,,,,,,,,,,39:17,Vince Williams Jr.,29:37,Xavier Tillman Sr.,27:48,Ziaire Williams,26:35,David Roddy,25:11,John Konchar,25:06,Luke Kennard,23:03,Marcus Smart,21:08,GG Jackson II,2:03
0,,0,,0,0.00,106,1,1,100.0,0,,0.0,,0.0,0,0,,0,,Logos via Sports Logos.net / About logos,W,https://www.basketball-reference.com/boxscores/202402230OKC.html,Home,147,8:08,0,0.0,WAS,Bilal Coulibaly,Eugene Omoruyi,15:10,Jared Butler,9:31,Justin Champagnie,5:30,Anthony Gill,5:30,,,,,30:31,Kyle Kuzma,26:30,Corey Kispert,24:53,Tyus Jones,23:12,Jordan Poole,22:30,Johnny Davis,21:32,Marvin Bagley III,20:58,Landry Shamet,18:37,Patrick Baldwin Jr.,15:36,106,1,0,0.0,,0.0,,0.0,,Bismack Biyombo,41,0,2023-2024,1.0,1,1.0,OKC,147,Shai Gilgeous-Alexander,Gordon Hayward,14:39,Kenrich Williams,14:26,Keyontae Johnson,6:24,Adam Flagler,5:30,,,,,29:39,Luguentz Dort,23:12,Chet Holmgren,23:04,Cason Wallace,22:00,Josh Giddey,21:31,Isaiah Joe,20:06,Jalen Williams,19:47,Jaylin Williams,16:19,Aaron Wiggins,15:15
0,,0,,0,,118,0,1,100.0,0,,0.0,,0.0,0,0,,0,,Logos via Sports Logos.net / About logos,L,https://www.basketball-reference.com/boxscores/202402290SAS.html,Away,132,1:20,0,0.0,SAS,Devin Vassell,Blake Wesley,4:52,,,,,,,,,,,38:07,Tre Jones,33:11,Victor Wembanyama,32:22,Jeremy Sochan,31:59,Keldon Johnson,31:12,Malaki Branham,19:26,Julian Champagnie,18:40,Zach Collins,15:38,Cedi Osman,14:33,132,0,0,0.0,,0.0,,0.0,,Bismack Biyombo,14,0,2023-2024,0.0,0,1.0,OKC,118,Shai Gilgeous-Alexander,Jaylin Williams,11:46,Kenrich Williams,10:35,Lindy Waters III,1:06,,,,,,,34:49,Luguentz Dort,33:10,Chet Holmgren,33:08,Jalen Williams,32:54,Isaiah Joe,22:55,Josh Giddey,18:29,Cason Wallace,15:29,Gordon Hayward,12:26,Aaron Wiggins,11:50
0,,0,0.000,1,,118,0,0,0.0,1,.333,1.0,33.3,3.0,3,0,,0,0.000,Logos via Sports Logos.net / About logos,W,https://www.basketball-reference.com/boxscores/202403030PHO.html,Away,110,7:22,2,100.0,PHO,Kevin Durant,David Roddy,6:36,,,,,,,,,,,35:38,Grayson Allen,34:17,Bradley Beal,33:38,Royce O'Neale,33:19,Jusuf Nurkić,32:21,Eric Gordon,30:20,Saben Lee,15:30,Drew Eubanks,11:06,Bol Bol,7:15,110,0,2,2.0,100.0,0.0,0.0,0.0,0.0,Bismack Biyombo,8,0,2023-2024,0.0,0,2.0,OKC,118,Shai Gilgeous-Alexander,Kenrich Williams,9:03,,,,,,,,,,,38:18,Jalen Williams,32:52,Chet Holmgren,31:35,Luguentz Dort,31:27,Aaron Wiggins,21:58,Josh Giddey,19:25,Cason Wallace,17:42,Gordon Hayward,15:47,Isaiah Joe,14:31
0,,0,0.000,0,,104,0,0,,0,.000,0.0,0.0,1.0,1,0,,0,0.000,Logos via Sports Logos.net / About logos,L,https://www.basketball-reference.com/boxscores/202403040LAL.html,Away,116,6:38,0,,LAL,D'Angelo Russell,Max Christie,5:17,Jalen Hood-Schifino,5:17,Harry Giles,3:34,Maxwell Lewis,3:34,,,,,33:30,LeBron James,30:59,Anthony Davis,30:13,Austin Reaves,29:07,Spencer Dinwiddie,24:17,Taurean Prince,21:51,Rui Hachimura,21:34,Jaxson Hayes,17:47,Cam Reddish,13:00,116,4,0,0.0,,0.0,,0.0,,Bismack Biyombo,12,0,2023-2024,0.0,0,0.0,OKC,104,Shai Gilgeous-Alexander,Mike Muscala,11:29,Kenrich Williams,9:11,Lindy Waters III,5:17,Olivier Sarr,4:20,,,,,29:36,Josh Giddey,28:49,Chet Holmgren,28:10,Jalen Williams,26:09,Luguentz Dort,23:41,Cason Wallace,22:02,Aaron Wiggins,16:28,Gordon Hayward,14:29,Isaiah Joe,13:41
0,,0,,1,1.00,93,0,1,50.0,0,,0.0,,0.0,0,2,1.000,2,,Logos via Sports Logos.net / About logos,W,https://www.basketball-reference.com/boxscores/202403100OKC.html,Home,124,8:37,1,50.0,MEM,GG Jackson II,,,,,,,,,,,,,37:32,Lamar Stevens,30:18,DeJon Jarreau,28:05,Jaren Jackson Jr.,28:04,Santi Aldama,26:51,Jake LaRavia,24:13,Luke Kennard,22:55,Wenyen Gabriel,21:09,Trey Jemison,20:53,93,1,2,0.0,0.0,0.0,0.0,2.0,100.0,Bismack Biyombo,31,0,2023-2024,0.0,1,2.0,OKC,124,Shai Gilgeous-Alexander,Jaylin Williams,12:35,Ousmane Dieng,12:00,Jalen Williams,10:09,Lindy Waters III,9:09,Mike Muscala,6:41,,,27:18,Cason Wallace,26:47,Luguentz Dort,22:35,Chet Holmgren,21:34,Josh Giddey,19:17,Gordon Hayward,17:49,Kenrich Williams,16:57,Isaiah Joe,15:42,Aaron Wiggins,12:50
0,,0,,0,0.00,93,0,0,,0,,0.0,,0.0,0,0,.000,2,,Logos via Sports Logos.net / About logos,L,https://www.basketball-reference.com/boxscores/202403240MIL.html,Away,118,5:24,0,,MIL,Giannis Antetokounmpo,Danilo Gallinari,4:09,MarJon Beauchamp,4:09,Andre Jackson Jr.,3:39,Chris Livingston,3:13,Thanasis Antetokounmpo,3:13,,,33:39,Damian Lillard,33:06,Bobby Portis,27:37,Khris Middleton,27:18,Malik Beasley,25:22,Brook Lopez,22:35,Pat Connaughton,19:07,Jae Crowder,17:56,Patrick Beverley,14:57,118,0,0,0.0,,0.0,,0.0,,Bismack Biyombo,25,1,2023-2024,1.0,2,0.0,OKC,93,Shai Gilgeous-Alexander,Jaylin Williams,8:09,Isaiah Joe,8:08,Lindy Waters III,6:44,Mike Muscala,0:20,,,,,29:58,Jalen Williams,29:04,Josh Giddey,28:42,Chet Holmgren,25:28,Cason Wallace,24:22,Luguentz Dort,22:19,Kenrich Williams,18:56,Aaron Wiggins,18:02,Gordon Hayward,14:24
0,,0,,0,,103,0,0,,0,,0.0,,0.0,0,0,,0,,Logos via Sports Logos.net / About logos,W,https://www.basketball-reference.com/boxscores/202403290OKC.html,Home,128,2:11,0,,PHO,Kevin Durant,Nassir Little,7:34,Isaiah Thomas,7:34,David Roddy,7:34,Drew Eubanks,7:08,,,,,30:53,Bradley Beal,30:30,Grayson Allen,28:24,Devin Booker,27:13,Jusuf Nurkić,23:00,Royce O'Neale,21:44,Eric Gordon,21:35,Josh Okogie,13:32,Bol Bol,13:19,103,0,0,0.0,,0.0,,0.0,,Bismack Biyombo,25,0,2023-2024,0.0,0,0.0,OKC,128,Cason Wallace,Gordon Hayward,10:43,Mike Muscala,5:59,,,,,,,,,31:30,Jalen Williams,29:47,Chet Holmgren,27:41,Luguentz Dort,27:04,Aaron Wiggins,26:12,Josh Giddey,24:00,Isaiah Joe,21:52,Kenrich Williams,18:41,Jaylin Williams,14:20
0,,0,0.000,0,,100,0,0,,1,1.000,1.0,100.0,1.0,1,0,,0,0.000,Logos via Sports Logos.net / About logos,L,https://www.basketball-reference.com/boxscores/202404030BOS.html,Away,135,3:35,0,,BOS,Jaylen Brown,Svi Mykhailiuk,3:35,Oshae Brissett,3:29,,,,,,,,,32:49,Jrue Holiday,31:34,Derrick White,31:11,Kristaps Porziņģis,30:53,Jayson Tatum,28:54,Payton Pritchard,27:47,Al Horford,24:41,Sam Hauser,21:31,Luke Kornet,3:35,135,0,2,2.0,100.0,0.0,0.0,0.0,0.0,Bismack Biyombo,35,0,2023-2024,0.0,0,0.0,OKC,100,Aaron Wiggins,Lindy Waters III,10:13,Mike Muscala,6:06,,,,,,,,,28:41,Luguentz Dort,28:21,Cason Wallace,28:15,Josh Giddey,28:14,Chet Holmgren,27:28,Kenrich Williams,25:27,Isaiah Joe,20:25,Gordon Hayward,18:19,Jaylin Williams,14:52
0,,0,0.000,0,,89,1,5,83.3,3,1.000,3.0,100.0,3.0,3,0,,0,0.000,Logos via Sports Logos.net / About logos,W,https://www.basketball-reference.com/boxscores/202404100OKC.html,Home,127,12:00,1,16.7,SAS,Sidy Cissoko,RaiQuan Gray,12:33,Jamaree Bouyea,12:00,,,,,,,,,28:17,Tre Jones,27:41,Zach Collins,26:13,Sandro Mamukelashvili,25:31,Blake Wesley,25:16,Julian Champagnie,24:08,Devonte' Graham,20:33,Malaki Branham,19:48,David Duke Jr.,18:00,89,0,6,6.0,100.0,0.0,0.0,0.0,0.0,Bismack Biyombo,38,0,2023-2024,1.0,0,6.0,OKC,127,Josh Giddey,Jaylin Williams,13:19,Isaiah Joe,12:25,Lindy Waters III,8:31,Adam Flagler,8:31,,,,,28:37,Shai Gilgeous-Alexander,26:15,Cason Wallace,24:30,Jalen Williams,23:35,Gordon Hayward,19:49,Aaron Wiggins,17:13,Kenrich Williams,15:24,Mike Muscala,15:14,Chet Holmgren,14:37
0,,0,0.000,0,,86,1,5,83.3,2,.500,2.0,50.0,4.0,4,2,.500,4,100.000,Logos via Sports Logos.net / About logos,W,https://www.basketball-reference.com/boxscores/202404140OKC.html,Home,135,18:08,1,16.7,DAL,Olivier-Maxence Prosper,,,,,,,,,,,,,37:18,Josh Green,31:17,Brandon Williams,29:47,Jaden Hardy,28:50,Dwight Powell,26:59,Markieff Morris,23:41,A.J. Lawson,23:32,Tim Hardaway Jr.,19:40,Alex Fudge,18:55,86,1,6,4.0,66.7,0.0,0.0,2.0,33.3,Bismack Biyombo,49,0,2023-2024,1.0,0,6.0,OKC,135,Gordon Hayward,Jalen Williams,13:15,Luguentz Dort,12:07,Jaylin Williams,12:03,Chet Holmgren,11:32,Isaiah Joe,10:11,,,21:42,Kenrich Williams,20:30,Josh Giddey,19:30,Mike Muscala,18:14,Ousmane Dieng,18:08,Aaron Wiggins,17:46,Shai Gilgeous-Alexander,15:55,Lindy Waters III,15:30,Cason Wallace,15:26
