3P,3P%,3PA,3PAr,AST,AST/TOV,Away_Score,BLK,DRB,DRB_Pct_of_TRB,FG,FG%,FG2,FG2%,FG2A,FGA,FT,FT%,FTA,FTr,Game_Date,Game_Result,Game_URL,Home/Away,Home_Score,MP,ORB,ORB_Pct_of_TRB,Opponent,Opponent_1,Opponent_10,Opponent_10_MP,Opponent_11,Opponent_11_MP,Opponent_12,Opponent_12_MP,Opponent_13,Opponent_13_MP,Opponent_14,Opponent_14_MP,Opponent_15,Opponent_15_MP,Opponent_1_MP,Opponent_2,Opponent_2_MP,Opponent_3,Opponent_3_MP,Opponent_4,Opponent_4_MP,Opponent_5,Opponent_5_MP,Opponent_6,Opponent_6_MP,Opponent_7,Opponent_7_MP,Opponent_8,Opponent_8_MP,Opponent_9,Opponent_9_MP,Opponent_Score,PF,PTS,PTS_2P,PTS_2P_Pct,PTS_3P,PTS_3P_Pct,PTS_FT,PTS_FT_Pct,Player,Point_Differential,STL,Season,Stocks,TOV,TRB,Team,Team_Score,Teammate_1,Teammate_10,Teammate_10_MP,Teammate_11,Teammate_11_MP,Teammate_12,Teammate_12_MP,Teammate_13,Teammate_13_MP,Teammate_14,Teammate_14_MP,Teammate_15,Teammate_15_MP,Teammate_1_MP,Teammate_2,Teammate_2_MP,Teammate_3,Teammate_3_MP,Teammate_4,Teammate_4_MP,Teammate_5,Teammate_5_MP,Teammate_6,Teammate_6_MP,Teammate_7,Teammate_7_MP,Teammate_8,Teammate_8_MP,Teammate_9,Teammate_9_MP
0,,0,,0,,116,0,0,,0,,0.0,,0.0,0,0,,0,,Logos via Sports Logos.net / About logos,W,https://www.basketball-reference.com/boxscores/201710200MIL.html,Away,97,1:14,0,,MIL,Giannis Antetokounmpo,John Henson,8:15,Sterling Brown,5:43,Rashad Vaughn,1:14,D.J. Wilson,1:14,,,,,38:32,Khris Middleton,35:19,Malcolm Brogdon,33:37,Tony Snell,31:37,Matthew Dellavedova,24:14,Greg Monroe,18:08,Thon Maker,16:59,Jason Terry,16:23,Mirza Teletović,8:45,97,0,0,0.0,,0.0,,0.0,,Cedi Osman,19,0,2017-2018,0.0,0,0.0,CLE,116,LeBron James,Iman Shumpert,13:58,Channing Frye,1:14,José Calderón,1:14,,,,,,,37:25,Kevin Love,26:50,Dwyane Wade,26:15,Jae Crowder,24:58,Tristan Thompson,24:28,Derrick Rose,22:53,J.R. Smith,22:37,Kyle Korver,19:15,Jeff Green,17:39
0,,0,0.000,1,,114,0,0,,0,.000,0.0,0.0,1.0,1,0,,0,0.000,Logos via Sports Logos.net / About logos,L,https://www.basketball-reference.com/boxscores/201710210CLE.html,Home,93,8:21,0,,ORL,Nikola Vučević,Bismack Biyombo,14:08,Wes Iwundu,5:24,Arron Afflalo,5:18,Khem Birch,5:09,,,,,28:12,D.J. Augustin,26:58,Evan Fournier,26:40,Mario Hezonja,25:02,Terrence Ross,22:13,Jonathan Isaac,21:26,Shelvin Mack,21:02,Jonathon Simmons,20:23,Marreese Speights,18:05,114,2,0,0.0,,0.0,,0.0,,Cedi Osman,21,0,2017-2018,0.0,0,0.0,CLE,93,LeBron James,Kyle Korver,13:12,Channing Frye,8:21,Ante Žižić,6:52,,,,,,,31:12,Iman Shumpert,29:46,Kevin Love,27:06,Tristan Thompson,25:35,Jeff Green,20:49,J.R. Smith,20:33,Jae Crowder,18:36,Dwyane Wade,16:05,José Calderón,13:32
0,.000,1,33.333,0,,101,0,3,100.0,2,.667,2.0,100.0,2.0,3,0,,0,0.000,Logos via Sports Logos.net / About logos,L,https://www.basketball-reference.com/boxscores/201710280NOP.html,Away,123,5:36,0,0.0,NOP,Jrue Holiday,Tony Allen,5:41,Darius Miller,4:04,Charles Cooke,2:56,Jalen Jones,2:56,,,,,36:52,Anthony Davis,36:23,E'Twaun Moore,33:12,DeMarcus Cousins,32:29,Dante Cunningham,31:27,Ian Clark,21:26,Jameer Nelson,18:51,Josh Smith,6:56,Cheick Diallo,6:47,123,0,4,4.0,100.0,0.0,0.0,0.0,0.0,Cedi Osman,22,0,2017-2018,0.0,0,3.0,CLE,101,LeBron James,Channing Frye,16:15,José Calderón,5:36,Ante Žižić,5:32,,,,,,,30:46,Kevin Love,27:27,Dwyane Wade,23:20,J.R. Smith,22:39,Kyle Korver,22:32,Tristan Thompson,22:22,Jae Crowder,20:51,Iman Shumpert,20:49,Jeff Green,16:15
0,,0,0.000,0,,114,0,0,,0,.000,0.0,0.0,1.0,1,0,,0,0.000,Logos via Sports Logos.net / About logos,L,https://www.basketball-reference.com/boxscores/201710290CLE.html,Home,95,1:44,0,,NYK,Tim Hardaway Jr.,,,,,,,,,,,,,41:29,Courtney Lee,38:24,Kristaps Porziņģis,35:48,Jarrett Jack,33:31,Enes Freedom,32:40,Frank Ntilikina,16:13,Lance Thomas,16:10,Doug McDermott,13:37,Kyle O'Quinn,12:08,114,0,0,0.0,,0.0,,0.0,,Cedi Osman,19,0,2017-2018,0.0,0,0.0,CLE,95,LeBron James,José Calderón,1:44,Channing Frye,1:44,,,,,,,,,39:28,Kevin Love,34:33,Derrick Rose,31:00,J.R. Smith,28:41,Dwyane Wade,23:57,Kyle Korver,23:40,Jae Crowder,20:04,Tristan Thompson,19:21,Jeff Green,14:04
0,,0,,0,,124,0,0,,0,,0.0,,0.0,0,0,,0,,Logos via Sports Logos.net / About logos,L,https://www.basketball-reference.com/boxscores/201711010CLE.html,Home,107,0:43,0,,IND,Thaddeus Young,Al Jefferson,4:43,,,,,,,,,,,37:50,Domantas Sabonis,35:15,Victor Oladipo,34:01,Bojan Bogdanović,32:26,Darren Collison,30:01,Cory Joseph,23:23,Lance Stephenson,17:13,T.J. Leaf,12:48,Damien Wilkins,12:20,124,0,0,0.0,,0.0,,0.0,,Cedi Osman,17,0,2017-2018,0.0,0,0.0,CLE,107,LeBron James,José Calderón,0:43,Channing Frye,0:43,Ante Žižić,0:43,,,,,,,37:28,Kevin Love,36:00,Jae Crowder,33:33,J.R. Smith,33:19,Derrick Rose,28:51,Jeff Green,20:06,Dwyane Wade,16:42,Kyle Korver,16:15,Tristan Thompson,14:54
0,.000,1,100.000,0,,117,0,2,100.0,0,.000,0.0,,0.0,1,0,,0,0.000,Logos via Sports Logos.net / About logos,L,https://www.basketball-reference.com/boxscores/201711050CLE.html,Home,115,10:00,0,0.0,ATL,Luke Babbitt,,,,,,,,,,,,,41:37,Taurean Prince,36:27,Kent Bazemore,35:24,Dennis Schröder,30:59,Isaiah Taylor,26:22,John Collins,24:09,Dewayne Dedmon,22:42,Marco Belinelli,19:21,Tyler Cavanaugh,3:00,117,0,0,0.0,,0.0,,0.0,,Cedi Osman,2,0,2017-2018,0.0,0,2.0,CLE,115,LeBron James,Ante Žižić,1:43,,,,,,,,,,,40:35,J.R. Smith,33:52,Dwyane Wade,32:13,Jeff Green,26:05,Kyle Korver,23:39,Jae Crowder,23:21,Derrick Rose,19:43,Kevin Love,18:29,Channing Frye,10:20
1,1.000,1,100.000,0,,104,0,0,,1,1.000,0.0,,0.0,1,0,,0,0.000,Logos via Sports Logos.net / About logos,W,https://www.basketball-reference.com/boxscores/201711130NYK.html,Away,101,5:54,0,,NYK,Tim Hardaway Jr.,Damyean Dotson,0:58,,,,,,,,,,,44:03,Courtney Lee,36:46,Kristaps Porziņģis,34:13,Enes Freedom,30:35,Frank Ntilikina,24:18,Jarrett Jack,23:42,Doug McDermott,20:23,Lance Thomas,17:05,Kyle O'Quinn,7:57,101,0,3,0.0,0.0,3.0,100.0,0.0,0.0,Cedi Osman,3,0,2017-2018,0.0,0,0.0,CLE,104,LeBron James,,,,,,,,,,,,,36:16,J.R. Smith,33:29,Kyle Korver,28:35,Dwyane Wade,27:33,Channing Frye,24:33,Kevin Love,23:06,Jae Crowder,22:26,Iman Shumpert,20:27,Jeff Green,17:41
0,,0,,0,,113,0,0,,0,,0.0,,0.0,0,0,,0,,Logos via Sports Logos.net / About logos,W,https://www.basketball-reference.com/boxscores/201711170CLE.html,Home,118,0:09,0,,LAC,Wesley Johnson,,,,,,,,,,,,,42:40,Blake Griffin,42:02,DeAndre Jordan,40:09,Lou Williams,37:08,Austin Rivers,34:53,Sindarius Thornwell,31:18,Sam Dekker,18:18,Montrezl Harrell,12:51,Jawun Evans,5:41,113,0,0,0.0,,0.0,,0.0,,Cedi Osman,5,0,2017-2018,0.0,0,0.0,CLE,118,LeBron James,José Calderón,10:23,,,,,,,,,,,46:08,Kevin Love,42:17,Dwyane Wade,36:49,J.R. Smith,35:33,Kyle Korver,28:27,Jae Crowder,27:33,Jeff Green,15:38,Iman Shumpert,11:20,Channing Frye,10:43
1,.500,2,66.667,1,0.50,116,1,3,75.0,2,.667,1.0,100.0,1.0,3,2,1.000,2,66.667,Logos via Sports Logos.net / About logos,W,https://www.basketball-reference.com/boxscores/201711200DET.html,Away,88,13:48,1,25.0,DET,Stanley Johnson,Anthony Tolliver,13:10,Henry Ellenson,12:00,Reggie Bullock,6:46,,,,,,,28:23,Tobias Harris,27:50,Avery Bradley,27:21,Andre Drummond,24:56,Reggie Jackson,24:17,Eric Moreland,21:07,Langston Galloway,20:39,Ish Smith,16:57,Luke Kennard,16:34,88,3,7,2.0,28.6,3.0,42.9,2.0,28.6,Cedi Osman,28,0,2017-2018,1.0,2,4.0,CLE,116,José Calderón,John Holland,10:20,,,,,,,,,,,28:28,LeBron James,27:16,J.R. Smith,26:56,Kevin Love,25:51,Jae Crowder,25:43,Jeff Green,22:25,Channing Frye,22:17,Dwyane Wade,19:32,Kyle Korver,17:24
0,.000,1,50.000,0,,109,0,1,100.0,1,.500,1.0,100.0,1.0,2,0,,0,0.000,Logos via Sports Logos.net / About logos,W,https://www.basketball-reference.com/boxscores/201711220CLE.html,Home,119,7:26,0,0.0,BRK,DeMarre Carroll,Sean Kilpatrick,12:19,,,,,,,,,,,34:53,Allen Crabbe,30:12,Joe Harris,28:43,Spencer Dinwiddie,27:05,Rondae Hollis-Jefferson,24:42,Caris LeVert,22:43,Tyler Zeller,21:29,Quincy Acy,19:19,Jarrett Allen,18:35,109,1,2,2.0,100.0,0.0,0.0,0.0,0.0,Cedi Osman,10,1,2017-2018,1.0,0,1.0,CLE,119,LeBron James,John Holland,0:28,Ante Žižić,0:28,,,,,,,,,33:26,J.R. Smith,33:03,Kevin Love,31:15,Dwyane Wade,28:17,Kyle Korver,27:40,Jae Crowder,26:21,José Calderón,19:50,Channing Frye,16:13,Jeff Green,15:33
0,,0,,0,,99,0,0,,0,,0.0,,0.0,0,0,,0,,Logos via Sports Logos.net / About logos,W,https://www.basketball-reference.com/boxscores/201711240CLE.html,Home,100,0:13,0,,CHO,Kemba Walker,Malik Monk,3:24,,,,,,,,,,,37:48,Michael Kidd-Gilchrist,36:44,Jeremy Lamb,35:24,Dwight Howard,30:11,Marvin Williams,29:03,Cody Zeller,23:30,Michael Carter-Williams,19:42,Frank Kaminsky,14:23,Dwayne Bacon,9:51,99,0,0,0.0,,0.0,,0.0,,Cedi Osman,1,0,2017-2018,0.0,0,0.0,CLE,100,LeBron James,,,,,,,,,,,,,39:34,J.R. Smith,35:58,Kevin Love,31:08,Jae Crowder,27:44,Kyle Korver,25:22,Dwyane Wade,24:33,José Calderón,20:27,Channing Frye,19:07,Jeff Green,15:54
0,,0,0.000,0,,113,0,5,100.0,1,.500,1.0,50.0,2.0,2,0,,0,0.000,Logos via Sports Logos.net / About logos,W,https://www.basketball-reference.com/boxscores/201711270PHI.html,Away,91,4:39,0,0.0,PHI,JJ Redick,Richaun Holmes,4:39,Furkan Korkmaz,4:38,,,,,,,,,36:32,Ben Simmons,35:09,Joel Embiid,32:49,Dario Šarić,30:15,T.J. McConnell,27:34,Robert Covington,27:23,Jerryd Bayless,21:08,Timothé Luwawu-Cabarrot,11:27,Amir Johnson,8:26,91,1,2,2.0,100.0,0.0,0.0,0.0,0.0,Cedi Osman,22,0,2017-2018,0.0,0,5.0,CLE,113,LeBron James,Iman Shumpert,6:55,John Holland,4:39,Ante Žižić,4:38,,,,,,,31:03,J.R. Smith,27:49,Jeff Green,27:27,Kevin Love,24:47,Dwyane Wade,24:37,José Calderón,22:57,Kyle Korver,21:21,Jae Crowder,20:33,Channing Frye,18:35
0,,0,,0,,97,0,0,,0,,0.0,,0.0,0,0,,0,,Logos via Sports Logos.net / About logos,W,https://www.basketball-reference.com/boxscores/201711280CLE.html,Home,108,2:27,0,,MIA,Dion Waiters,Kelly Olynyk,11:17,Udonis Haslem,5:09,Derrick Walton,3:13,,,,,,,34:03,James Johnson,31:45,Josh Richardson,27:11,Tyler Johnson,23:52,Wayne Ellington,23:46,Goran Dragić,23:12,Justise Winslow,19:23,Hassan Whiteside,18:42,Bam Adebayo,18:27,97,0,0,0.0,,0.0,,0.0,,Cedi Osman,11,0,2017-2018,0.0,0,0.0,CLE,108,J.R. Smith,John Holland,1:31,Ante Žižić,1:31,,,,,,,,,41:50,LeBron James,28:26,Dwyane Wade,27:43,Jeff Green,26:39,Kyle Korver,26:32,Kevin Love,25:28,Channing Frye,21:01,Jae Crowder,19:58,José Calderón,16:54
1,1.000,1,33.333,1,1.00,121,0,2,50.0,2,.667,1.0,50.0,2.0,3,0,,0,0.000,Logos via Sports Logos.net / About logos,W,https://www.basketball-reference.com/boxscores/201711300ATL.html,Away,114,11:18,2,50.0,ATL,Dennis Schröder,Tyler Cavanaugh,5:02,Miles Plumlee,3:30,,,,,,,,,32:58,Kent Bazemore,31:49,Ersan İlyasova,30:26,Marco Belinelli,28:11,Taurean Prince,28:05,John Collins,25:52,DeAndre' Bembry,20:37,Luke Babbitt,18:28,Isaiah Taylor,15:02,114,2,5,2.0,40.0,3.0,60.0,0.0,0.0,Cedi Osman,7,1,2017-2018,1.0,1,4.0,CLE,121,LeBron James,,,,,,,,,,,,,37:34,J.R. Smith,35:00,Kevin Love,33:25,Jae Crowder,28:36,Dwyane Wade,22:34,Kyle Korver,21:28,Jeff Green,19:20,José Calderón,18:13,Channing Frye,12:32
0,,0,0.000,0,,111,0,1,100.0,0,.000,0.0,0.0,1.0,1,0,,0,0.000,Logos via Sports Logos.net / About logos,W,https://www.basketball-reference.com/boxscores/201712020CLE.html,Home,116,6:03,0,0.0,MEM,Marc Gasol,,,,,,,,,,,,,40:47,Tyreke Evans,39:02,JaMychal Green,31:45,Dillon Brooks,27:47,Ben McLemore,25:38,Jarell Martin,20:41,James Ennis III,20:13,Andrew Harrison,18:16,Mario Chalmers,15:52,111,1,0,0.0,,0.0,,0.0,,Cedi Osman,5,0,2017-2018,0.0,0,1.0,CLE,116,LeBron James,,,,,,,,,,,,,39:09,J.R. Smith,33:46,Kyle Korver,32:28,Kevin Love,30:04,Dwyane Wade,24:42,Jeff Green,24:20,Jae Crowder,22:06,José Calderón,13:41,Channing Frye,13:41
0,.000,2,100.000,1,,113,0,1,100.0,0,.000,0.0,,0.0,2,0,,0,0.000,Logos via Sports Logos.net / About logos,W,https://www.basketball-reference.com/boxscores/201712040CHI.html,Away,91,5:55,0,0.0,CHI,Lauri Markkanen,Cristiano Felício,11:54,Kay Felder,4:14,Quincy Pondexter,4:14,,,,,,,31:55,Kris Dunn,30:45,Justin Holiday,30:39,Denzel Valentine,30:07,Bobby Portis,26:40,Robin Lopez,25:31,David Nwaba,16:22,Paul Zipser,14:38,Jerian Grant,13:01,91,0,0,0.0,,0.0,,0.0,,Cedi Osman,22,0,2017-2018,0.0,0,1.0,CLE,113,LeBron James,Ante Žižić,4:14,,,,,,,,,,,34:16,José Calderón,27:07,Dwyane Wade,25:58,J.R. Smith,25:37,Jeff Green,25:07,Channing Frye,25:07,Kevin Love,22:53,Kyle Korver,22:37,Jae Crowder,21:09
0,.000,1,100.000,0,,95,0,0,,0,.000,0.0,,0.0,1,0,,0,0.000,Logos via Sports Logos.net / About logos,W,https://www.basketball-reference.com/boxscores/201712060CLE.html,Home,101,3:51,0,,SAC,JaKarr Sampson,Kosta Koufos,16:06,,,,,,,,,,,32:57,Zach Randolph,31:55,George Hill,30:02,De'Aaron Fox,28:50,Buddy Hield,25:43,Frank Mason III,19:10,Garrett Temple,19:04,Vince Carter,18:32,Bogdan Bogdanović,17:41,95,2,0,0.0,,0.0,,0.0,,Cedi Osman,6,0,2017-2018,0.0,0,0.0,CLE,101,LeBron James,,,,,,,,,,,,,41:03,J.R. Smith,33:36,Kevin Love,29:52,Kyle Korver,25:52,Dwyane Wade,24:45,Jeff Green,24:03,Jae Crowder,23:52,Channing Frye,17:52,José Calderón,15:14
0,,0,0.000,0,0.00,102,0,5,100.0,1,.500,1.0,50.0,2.0,2,0,,0,0.000,Logos via Sports Logos.net / About logos,L,https://www.basketball-reference.com/boxscores/201712080IND.html,Away,106,14:29,0,0.0,IND,Thaddeus Young,T.J. Leaf,3:29,,,,,,,,,,,38:38,Victor Oladipo,36:15,Bojan Bogdanović,35:29,Myles Turner,31:59,Cory Joseph,22:28,Lance Stephenson,22:01,Darren Collison,21:30,Domantas Sabonis,20:09,Damien Wilkins,8:02,106,2,2,2.0,100.0,0.0,0.0,0.0,0.0,Cedi Osman,4,0,2017-2018,0.0,2,5.0,CLE,102,LeBron James,,,,,,,,,,,,,39:25,J.R. Smith,33:57,Kevin Love,26:03,Dwyane Wade,25:34,Jae Crowder,23:48,Jeff Green,23:44,Kyle Korver,22:26,José Calderón,22:01,Channing Frye,8:36
1,1.000,1,100.000,0,0.00,98,0,3,100.0,1,1.000,0.0,,0.0,1,0,,0,0.000,Logos via Sports Logos.net / About logos,W,https://www.basketball-reference.com/boxscores/201712090CLE.html,Home,105,11:07,0,0.0,PHI,JJ Redick,,,,,,,,,,,,,36:19,Robert Covington,35:58,Ben Simmons,35:32,Dario Šarić,34:13,Amir Johnson,21:09,Richaun Holmes,20:03,Trevor Booker,19:50,Jerryd Bayless,18:53,Timothé Luwawu-Cabarrot,18:03,98,3,3,0.0,0.0,3.0,100.0,0.0,0.0,Cedi Osman,7,1,2017-2018,1.0,1,3.0,CLE,105,LeBron James,,,,,,,,,,,,,38:44,Jae Crowder,33:26,Jeff Green,30:22,Kyle Korver,28:09,José Calderón,27:33,Dwyane Wade,23:48,J.R. Smith,22:48,Channing Frye,19:25,Ante Žižić,4:38
1,.200,5,62.500,0,0.00,114,0,4,100.0,3,.375,2.0,66.7,3.0,8,0,,0,0.000,Logos via Sports Logos.net / About logos,W,https://www.basketball-reference.com/boxscores/201712120CLE.html,Home,123,17:37,0,0.0,ATL,Taurean Prince,Miles Plumlee,14:33,Malcolm Delaney,5:17,Tyler Dorsey,2:40,,,,,,,29:54,Tyler Cavanaugh,28:31,Kent Bazemore,27:48,Dennis Schröder,27:17,Ersan İlyasova,22:35,Luke Babbitt,21:34,DeAndre' Bembry,21:31,Marco Belinelli,20:14,Isaiah Taylor,18:06,114,3,7,4.0,57.1,3.0,42.9,0.0,0.0,Cedi Osman,9,0,2017-2018,0.0,1,4.0,CLE,123,LeBron James,Ante Žižić,2:34,London Perrantes,2:34,,,,,,,,,35:01,José Calderón,31:37,Kevin Love,28:27,Jae Crowder,26:43,J.R. Smith,25:48,Jeff Green,25:39,Kyle Korver,23:02,Channing Frye,15:09,Tristan Thompson,5:49
0,,0,0.000,0,,112,0,0,,2,1.000,2.0,100.0,2.0,2,0,,0,0.000,Logos via Sports Logos.net / About logos,W,https://www.basketball-reference.com/boxscores/201712140CLE.html,Home,121,10:08,0,,LAL,Brandon Ingram,,,,,,,,,,,,,39:41,Lonzo Ball,37:53,Josh Hart,32:45,Kyle Kuzma,30:54,Jordan Clarkson,25:22,Brook Lopez,22:12,Julius Randle,21:37,Larry Nance Jr.,21:17,Corey Brewer,8:19,112,3,4,4.0,100.0,0.0,0.0,0.0,0.0,Cedi Osman,9,1,2017-2018,1.0,0,0.0,CLE,121,LeBron James,,,,,,,,,,,,,38:43,Kevin Love,34:34,J.R. Smith,31:57,Jae Crowder,24:49,Jeff Green,24:44,José Calderón,23:19,Dwyane Wade,22:55,Kyle Korver,21:44,Channing Frye,7:09
2,1.000,2,40.000,0,0.00,100,0,1,25.0,4,.800,2.0,66.7,3.0,5,0,,0,0.000,Logos via Sports Logos.net / About logos,W,https://www.basketball-reference.com/boxscores/201712160CLE.html,Home,109,22:58,3,75.0,UTA,Donovan Mitchell,Alec Burks,10:15,,,,,,,,,,,36:23,Joe Ingles,33:56,Ekpe Udoh,32:43,Joe Johnson,29:30,Rodney Hood,26:22,Ricky Rubio,25:13,Thabo Sefolosha,18:30,Jonas Jerebko,15:17,Royce O'Neale,11:51,100,4,10,4.0,40.0,6.0,60.0,0.0,0.0,Cedi Osman,9,1,2017-2018,1.0,1,4.0,CLE,109,LeBron James,Channing Frye,5:21,,,,,,,,,,,36:48,J.R. Smith,34:34,Kevin Love,28:14,Kyle Korver,25:26,José Calderón,22:34,Jae Crowder,20:14,Dwyane Wade,19:32,Jeff Green,17:08,Tristan Thompson,7:11
1,1.000,1,33.333,0,,106,0,1,100.0,2,.667,1.0,50.0,2.0,3,0,,0,0.000,Logos via Sports Logos.net / About logos,W,https://www.basketball-reference.com/boxscores/201712170WAS.html,Away,99,17:00,0,0.0,WAS,Bradley Beal,,,,,,,,,,,,,43:28,Mike Scott,32:56,John Wall,32:01,Kelly Oubre Jr.,29:13,Markieff Morris,26:42,Tomáš Satoranský,24:44,Marcin Gortat,23:37,Jodie Meeks,14:34,Ian Mahinmi,12:45,99,3,5,2.0,40.0,3.0,60.0,0.0,0.0,Cedi Osman,7,1,2017-2018,1.0,0,1.0,CLE,106,LeBron James,,,,,,,,,,,,,41:21,Kevin Love,31:51,J.R. Smith,29:24,Jeff Green,29:05,Kyle Korver,23:39,Jae Crowder,22:46,José Calderón,20:22,Tristan Thompson,15:14,Channing Frye,9:18
0,,0,0.000,0,0.00,116,0,1,100.0,0,.000,0.0,0.0,1.0,1,0,,0,0.000,Logos via Sports Logos.net / About logos,L,https://www.basketball-reference.com/boxscores/201712190MIL.html,Away,119,5:24,0,0.0,MIL,Giannis Antetokounmpo,Sterling Brown,5:46,,,,,,,,,,,40:05,Khris Middleton,39:54,Eric Bledsoe,31:43,Malcolm Brogdon,30:00,John Henson,28:30,Tony Snell,23:06,DeAndre Liggins,16:01,Thon Maker,14:20,Matthew Dellavedova,10:35,119,0,0,0.0,,0.0,,0.0,,Cedi Osman,3,0,2017-2018,0.0,1,1.0,CLE,116,Jae Crowder,,,,,,,,,,,,,36:14,LeBron James,34:14,Kevin Love,29:54,Dwyane Wade,26:26,Jeff Green,25:01,José Calderón,23:36,Kyle Korver,23:19,Tristan Thompson,18:18,J.R. Smith,17:34
0,.000,1,50.000,1,,112,0,1,100.0,0,.000,0.0,0.0,1.0,2,0,.000,2,100.000,Logos via Sports Logos.net / About logos,W,https://www.basketball-reference.com/boxscores/201712210CLE.html,Home,115,8:28,0,0.0,CHI,Denzel Valentine,Paul Zipser,9:20,,,,,,,,,,,35:58,Kris Dunn,34:58,Justin Holiday,34:58,Lauri Markkanen,29:40,Robin Lopez,27:13,Nikola Mirotić,25:28,David Nwaba,15:45,Bobby Portis,13:39,Jerian Grant,13:02,112,0,0,0.0,,0.0,,0.0,,Cedi Osman,3,1,2017-2018,1.0,0,1.0,CLE,115,LeBron James,,,,,,,,,,,,,39:06,Kevin Love,29:14,Jae Crowder,28:51,Kyle Korver,25:09,Jeff Green,24:23,José Calderón,24:03,Dwyane Wade,24:00,Tristan Thompson,21:31,Channing Frye,15:15
0,,0,0.000,0,,92,0,0,,0,.000,0.0,0.0,2.0,2,0,,0,0.000,Logos via Sports Logos.net / About logos,L,https://www.basketball-reference.com/boxscores/201712250GSW.html,Away,99,5:44,0,,GSW,Draymond Green,Nick Young,11:13,Kevon Looney,2:50,,,,,,,,,40:22,Kevin Durant,36:55,Klay Thompson,35:43,Jordan Bell,26:27,Andre Iguodala,24:00,Patrick McCaw,23:40,Shaun Livingston,13:40,David West,13:23,Omri Casspi,11:47,99,0,0,0.0,,0.0,,0.0,,Cedi Osman,7,0,2017-2018,0.0,0,0.0,CLE,92,LeBron James,,,,,,,,,,,,,40:03,Kevin Love,35:33,J.R. Smith,30:55,Dwyane Wade,29:18,Jae Crowder,28:49,Kyle Korver,21:05,Jeff Green,19:37,José Calderón,17:14,Tristan Thompson,11:42
0,,0,0.000,0,,95,0,2,100.0,1,1.000,1.0,100.0,1.0,1,1,.500,2,200.000,Logos via Sports Logos.net / About logos,L,https://www.basketball-reference.com/boxscores/201712270SAC.html,Away,109,2:20,0,0.0,SAC,George Hill,Justin Jackson,8:37,,,,,,,,,,,37:38,Willie Cauley-Stein,35:50,Bogdan Bogdanović,30:31,Vince Carter,29:40,Garrett Temple,28:13,Buddy Hield,24:07,Zach Randolph,19:45,Malachi Richardson,15:37,Frank Mason III,10:02,109,0,3,2.0,66.7,0.0,0.0,1.0,33.3,Cedi Osman,14,0,2017-2018,0.0,0,2.0,CLE,95,LeBron James,Channing Frye,10:09,,,,,,,,,,,37:42,Kevin Love,29:40,J.R. Smith,29:30,Jae Crowder,29:17,Jeff Green,26:07,José Calderón,22:43,Kyle Korver,20:35,Dwyane Wade,18:34,Tristan Thompson,13:23
0,.000,1,50.000,1,1.00,101,0,2,100.0,0,.000,0.0,0.0,1.0,2,2,1.000,2,100.000,Logos via Sports Logos.net / About logos,L,https://www.basketball-reference.com/boxscores/201712300UTA.html,Away,104,10:26,0,0.0,UTA,Donovan Mitchell,Alec Burks,6:01,Jonas Jerebko,3:11,,,,,,,,,38:45,Joe Ingles,32:33,Ricky Rubio,31:34,Thabo Sefolosha,31:24,Derrick Favors,30:28,Rodney Hood,27:21,Joe Johnson,16:36,Ekpe Udoh,14:23,Royce O'Neale,7:45,104,3,2,0.0,0.0,0.0,0.0,2.0,100.0,Cedi Osman,3,0,2017-2018,0.0,1,2.0,CLE,101,LeBron James,,,,,,,,,,,,,37:27,J.R. Smith,33:03,Kevin Love,29:25,Jeff Green,26:39,Dwyane Wade,25:02,Jae Crowder,21:08,Tristan Thompson,19:55,José Calderón,18:51,Kyle Korver,18:04
0,,0,,1,,110,0,1,100.0,0,,0.0,,0.0,0,0,,0,,Logos via Sports Logos.net / About logos,W,https://www.basketball-reference.com/boxscores/201801020CLE.html,Home,127,5:49,0,0.0,POR,CJ McCollum,Noah Vonleh,5:49,Zach Collins,5:49,Jake Layman,5:49,,,,,,,36:22,Damian Lillard,32:50,Evan Turner,32:39,Al-Farouq Aminu,32:21,Jusuf Nurkić,28:31,Pat Connaughton,16:21,Maurice Harkless,15:40,Shabazz Napier,14:10,Ed Davis,13:40,110,0,0,0.0,,0.0,,0.0,,Cedi Osman,17,0,2017-2018,0.0,0,1.0,CLE,127,LeBron James,Tristan Thompson,17:28,Channing Frye,4:50,,,,,,,,,33:49,Kevin Love,25:42,Jeff Green,25:04,J.R. Smith,24:52,Jae Crowder,23:54,Kyle Korver,20:53,José Calderón,20:49,Isaiah Thomas,18:56,Dwyane Wade,17:54
0,,0,0.000,1,,88,0,1,100.0,1,1.000,1.0,100.0,1.0,1,0,,0,0.000,Logos via Sports Logos.net / About logos,L,https://www.basketball-reference.com/boxscores/201801030BOS.html,Away,102,8:51,0,0.0,BOS,Jayson Tatum,Daniel Theis,4:39,Abdel Nader,2:39,Shane Larkin,2:39,Guerschon Yabusele,2:39,,,,,30:00,Jaylen Brown,29:28,Al Horford,28:47,Kyrie Irving,28:15,Marcus Smart,26:56,Marcus Morris,24:46,Semi Ojeleye,22:59,Terry Rozier,19:39,Aron Baynes,16:34,102,1,2,2.0,100.0,0.0,0.0,0.0,0.0,Cedi Osman,14,0,2017-2018,0.0,0,1.0,CLE,88,LeBron James,Channing Frye,5:33,,,,,,,,,,,32:42,Tristan Thompson,29:26,Jae Crowder,27:56,Jeff Green,26:52,Kyle Korver,25:51,Dwyane Wade,22:53,J.R. Smith,20:47,Kevin Love,20:32,José Calderón,18:37
0,.000,1,16.667,1,,131,0,2,66.7,3,.500,3.0,60.0,5.0,6,0,,0,0.000,Logos via Sports Logos.net / About logos,W,https://www.basketball-reference.com/boxscores/201801060ORL.html,Away,127,13:15,1,33.3,ORL,Mario Hezonja,Shelvin Mack,7:05,,,,,,,,,,,38:49,Evan Fournier,37:58,Aaron Gordon,31:38,Bismack Biyombo,27:38,Elfrid Payton,26:55,D.J. Augustin,25:00,Wes Iwundu,21:34,Marreese Speights,12:59,Arron Afflalo,10:24,127,1,6,6.0,100.0,0.0,0.0,0.0,0.0,Cedi Osman,4,0,2017-2018,0.0,0,3.0,CLE,131,LeBron James,,,,,,,,,,,,,37:17,J.R. Smith,29:00,Kevin Love,28:04,Dwyane Wade,25:02,Jae Crowder,24:23,Jeff Green,21:53,Isaiah Thomas,21:24,Tristan Thompson,19:56,Kyle Korver,19:46
1,1.000,1,33.333,0,,99,0,2,100.0,2,.667,1.0,50.0,2.0,3,1,1.000,1,33.333,Logos via Sports Logos.net / About logos,L,https://www.basketball-reference.com/boxscores/201801080MIN.html,Away,127,16:09,0,0.0,MIN,Taj Gibson,Marcus Georges-Hunt,8:41,Shabazz Muhammad,4:07,,,,,,,,,31:15,Andrew Wiggins,30:44,Karl-Anthony Towns,30:10,Tyus Jones,28:10,Jimmy Butler,27:20,Gorgui Dieng,25:54,Jamal Crawford,19:07,Nemanja Bjelica,17:16,Aaron Brooks,17:16,127,0,6,2.0,33.3,3.0,50.0,1.0,16.7,Cedi Osman,28,0,2017-2018,0.0,0,2.0,CLE,99,Jeff Green,José Calderón,8:41,Channing Frye,6:09,,,,,,,,,26:52,LeBron James,26:35,J.R. Smith,25:21,Dwyane Wade,24:07,Tristan Thompson,22:52,Kyle Korver,22:39,Jae Crowder,21:08,Kevin Love,20:38,Isaiah Thomas,18:49
0,.000,2,66.667,2,,99,0,3,100.0,1,.333,1.0,100.0,1.0,3,3,1.000,3,100.000,Logos via Sports Logos.net / About logos,L,https://www.basketball-reference.com/boxscores/201801110TOR.html,Away,133,15:44,0,0.0,TOR,DeMar DeRozan,Delon Wright,18:08,Malcolm Miller,5:51,Lucas Nogueira,3:50,,,,,,,28:57,Norman Powell,27:08,OG Anunoby,26:41,Jakob Poeltl,25:32,Fred VanVleet,24:01,Pascal Siakam,23:30,Lorenzo Brown,19:03,C.J. Miles,18:41,Jonas Valančiūnas,18:38,133,0,5,2.0,40.0,0.0,0.0,3.0,60.0,Cedi Osman,34,0,2017-2018,0.0,0,3.0,CLE,99,LeBron James,Channing Frye,10:22,José Calderón,6:36,,,,,,,,,32:14,J.R. Smith,27:01,Isaiah Thomas,24:34,Kevin Love,23:01,Tristan Thompson,22:44,Jeff Green,22:23,Kyle Korver,18:48,Jae Crowder,18:40,Dwyane Wade,17:53
1,.333,3,50.000,0,0.00,95,0,4,80.0,3,.500,2.0,66.7,3.0,6,1,.500,2,33.333,Logos via Sports Logos.net / About logos,L,https://www.basketball-reference.com/boxscores/201801120IND.html,Away,97,17:08,1,20.0,IND,Victor Oladipo,,,,,,,,,,,,,40:02,Thaddeus Young,39:23,Darren Collison,35:04,Lance Stephenson,29:49,Bojan Bogdanović,29:06,Domantas Sabonis,28:20,Cory Joseph,16:42,Al Jefferson,15:23,T.J. Leaf,6:11,97,1,8,4.0,50.0,3.0,37.5,1.0,12.5,Cedi Osman,2,2,2017-2018,2.0,1,5.0,CLE,95,LeBron James,,,,,,,,,,,,,40:27,Kevin Love,36:10,José Calderón,33:09,J.R. Smith,30:57,Jae Crowder,23:49,Tristan Thompson,20:58,Jeff Green,19:39,Kyle Korver,17:44,,
0,,0,,0,,118,0,0,,0,,0.0,,0.0,0,0,,0,,Logos via Sports Logos.net / About logos,L,https://www.basketball-reference.com/boxscores/201801150CLE.html,Home,108,1:24,0,,GSW,Draymond Green,Nick Young,12:03,Patrick McCaw,6:51,,,,,,,,,38:07,Kevin Durant,34:49,Klay Thompson,34:41,Stephen Curry,33:24,Andre Iguodala,24:31,David West,16:24,Jordan Bell,13:43,Shaun Livingston,12:58,Kevon Looney,12:29,118,0,0,0.0,,0.0,,0.0,,Cedi Osman,10,0,2017-2018,0.0,0,0.0,CLE,108,LeBron James,Channing Frye,1:24,José Calderón,1:24,Ante Žižić,1:24,,,,,,,36:15,Isaiah Thomas,31:59,J.R. Smith,31:34,Kevin Love,26:46,Jeff Green,25:30,Dwyane Wade,25:22,Jae Crowder,21:28,Kyle Korver,20:42,Tristan Thompson,14:48
0,,0,0.000,0,,148,0,0,,1,1.000,1.0,100.0,1.0,1,0,,0,0.000,Logos via Sports Logos.net / About logos,L,https://www.basketball-reference.com/boxscores/201801200CLE.html,Home,124,4:15,0,,OKC,Russell Westbrook,Terrance Ferguson,11:09,Álex Abrines,1:40,Dakari Johnson,1:40,,,,,,,34:37,Paul George,32:05,Andre Roberson,29:57,Steven Adams,29:12,Carmelo Anthony,28:12,Jerami Grant,22:14,Patrick Patterson,19:26,Raymond Felton,16:47,Josh Huestis,13:01,148,0,2,2.0,100.0,0.0,0.0,0.0,0.0,Cedi Osman,24,0,2017-2018,0.0,0,0.0,CLE,124,LeBron James,Channing Frye,8:53,José Calderón,4:15,Kevin Love,3:04,,,,,,,38:22,Jae Crowder,26:03,J.R. Smith,25:56,Tristan Thompson,25:56,Isaiah Thomas,25:43,Jeff Green,21:39,Derrick Rose,21:10,Dwyane Wade,20:04,Kyle Korver,14:40
0,,0,,0,,102,0,1,100.0,0,,0.0,,0.0,0,0,,0,,Logos via Sports Logos.net / About logos,L,https://www.basketball-reference.com/boxscores/201801230SAS.html,Away,114,1:16,0,0.0,SAS,LaMarcus Aldridge,Brandon Paul,3:27,Darrun Hilliard,1:00,,,,,,,,,40:42,Kyle Anderson,33:42,Dejounte Murray,29:45,Danny Green,29:40,Dāvis Bertāns,29:32,Bryn Forbes,22:35,Patty Mills,19:43,Tony Parker,18:15,Joffrey Lauvergne,11:39,114,0,0,0.0,,0.0,,0.0,,Cedi Osman,12,0,2017-2018,0.0,0,1.0,CLE,102,LeBron James,Derrick Rose,12:58,Iman Shumpert,5:33,,,,,,,,,37:57,Jae Crowder,31:37,J.R. Smith,28:38,Isaiah Thomas,27:57,Kevin Love,26:31,Tristan Thompson,19:20,Dwyane Wade,17:31,Jeff Green,16:23,Kyle Korver,14:19
0,,0,,0,,108,0,0,,0,,0.0,,0.0,0,0,,0,,Logos via Sports Logos.net / About logos,W,https://www.basketball-reference.com/boxscores/201801260CLE.html,Home,115,0:06,0,,IND,Victor Oladipo,Joe Young,5:12,,,,,,,,,,,38:05,Darren Collison,36:25,Domantas Sabonis,35:38,Thaddeus Young,33:11,Bojan Bogdanović,26:54,Lance Stephenson,22:38,Cory Joseph,20:27,Al Jefferson,12:22,Alex Poythress,9:08,108,0,0,0.0,,0.0,,0.0,,Cedi Osman,7,0,2017-2018,0.0,0,0.0,CLE,115,LeBron James,Kyle Korver,11:31,,,,,,,,,,,39:55,J.R. Smith,37:18,Kevin Love,32:32,Tristan Thompson,31:19,Isaiah Thomas,29:16,Jae Crowder,16:06,Derrick Rose,15:01,Jeff Green,13:34,Channing Frye,13:22
0,,0,,0,,104,1,1,100.0,0,,0.0,,0.0,0,0,,0,,Logos via Sports Logos.net / About logos,W,https://www.basketball-reference.com/boxscores/201801280CLE.html,Home,121,0:50,0,0.0,DET,Anthony Tolliver,,,,,,,,,,,,,39:55,Andre Drummond,35:04,Reggie Bullock,30:18,Stanley Johnson,28:28,Ish Smith,27:07,Tobias Harris,26:47,Dwight Buycks,20:53,Luke Kennard,18:32,Eric Moreland,12:57,104,0,0,0.0,,0.0,,0.0,,Cedi Osman,17,0,2017-2018,1.0,0,1.0,CLE,121,LeBron James,Derrick Rose,8:36,,,,,,,,,,,37:48,J.R. Smith,29:16,Isaiah Thomas,27:24,Kevin Love,27:03,Jae Crowder,25:32,Kyle Korver,22:30,Channing Frye,20:38,Tristan Thompson,20:29,Jeff Green,19:54
0,,0,0.000,1,,120,0,3,100.0,2,1.000,2.0,100.0,2.0,2,0,,0,0.000,Logos via Sports Logos.net / About logos,L,https://www.basketball-reference.com/boxscores/201802030CLE.html,Home,88,6:38,0,0.0,HOU,P.J. Tucker,Markel Brown,5:24,,,,,,,,,,,34:53,Ryan Anderson,33:18,James Harden,31:08,Gerald Green,29:58,Luc Mbah a Moute,29:54,Chris Paul,27:25,Clint Capela,25:12,Nenê,17:24,Tarik Black,5:24,120,0,4,4.0,100.0,0.0,0.0,0.0,0.0,Cedi Osman,32,0,2017-2018,0.0,0,3.0,CLE,88,LeBron James,Kyle Korver,13:34,José Calderón,3:26,,,,,,,,,31:22,J.R. Smith,27:48,Isaiah Thomas,26:28,Tristan Thompson,25:26,Jae Crowder,24:40,Jeff Green,21:28,Derrick Rose,21:25,Dwyane Wade,20:13,Channing Frye,17:32
0,,0,,0,,98,0,0,,0,,0.0,,0.0,0,0,,0,,Logos via Sports Logos.net / About logos,L,https://www.basketball-reference.com/boxscores/201802060ORL.html,Away,116,2:35,0,,ORL,Evan Fournier,Marreese Speights,7:09,Arron Afflalo,5:44,,,,,,,,,37:11,Jonathon Simmons,35:46,Shelvin Mack,26:13,Mario Hezonja,25:46,D.J. Augustin,24:32,Elfrid Payton,23:28,Bismack Biyombo,22:26,Khem Birch,18:25,Wes Iwundu,13:20,116,1,0,0.0,,0.0,,0.0,,Cedi Osman,18,0,2017-2018,0.0,0,0.0,CLE,98,LeBron James,Channing Frye,9:58,José Calderón,2:35,,,,,,,,,33:05,Isaiah Thomas,29:41,Tristan Thompson,26:34,J.R. Smith,25:55,Jae Crowder,25:43,Jeff Green,23:52,Kyle Korver,22:59,Dwyane Wade,22:19,Derrick Rose,14:44
2,.500,4,80.000,0,0.00,138,0,3,75.0,3,.600,1.0,100.0,1.0,5,1,.500,2,40.000,Logos via Sports Logos.net / About logos,W,https://www.basketball-reference.com/boxscores/201802070CLE.html,Home,140,21:27,1,25.0,MIN,Jimmy Butler,,,,,,,,,,,,,46:28,Andrew Wiggins,39:51,Jeff Teague,38:41,Karl-Anthony Towns,36:56,Taj Gibson,35:08,Jamal Crawford,20:04,Nemanja Bjelica,17:29,Gorgui Dieng,16:04,Tyus Jones,14:19,138,3,9,2.0,22.2,6.0,66.7,1.0,11.1,Cedi Osman,2,1,2017-2018,1.0,2,4.0,CLE,140,LeBron James,,,,,,,,,,,,,48:19,J.R. Smith,36:05,Isaiah Thomas,31:17,Jeff Green,29:16,Tristan Thompson,28:56,Jae Crowder,23:37,Channing Frye,19:51,Kyle Korver,18:46,Derrick Rose,7:26
2,.400,5,55.556,5,2.50,123,0,5,83.3,6,.667,4.0,100.0,4.0,9,2,.286,7,77.778,Logos via Sports Logos.net / About logos,W,https://www.basketball-reference.com/boxscores/201802090ATL.html,Away,107,38:30,1,16.7,ATL,Dennis Schröder,Mike Muscala,13:07,Miles Plumlee,12:49,,,,,,,,,26:29,Kent Bazemore,26:24,Ersan İlyasova,26:20,Taurean Prince,24:59,Tyler Dorsey,23:24,Dewayne Dedmon,23:21,Malcolm Delaney,21:51,Isaiah Taylor,20:53,John Collins,20:23,107,4,16,8.0,50.0,6.0,37.5,2.0,12.5,Cedi Osman,16,3,2017-2018,3.0,2,6.0,CLE,123,LeBron James,,,,,,,,,,,,,40:43,Kyle Korver,32:20,Jeff Green,32:03,Tristan Thompson,30:45,J.R. Smith,28:54,José Calderón,20:29,John Holland,13:56,London Perrantes,1:10,Ante Žižić,1:10
2,.667,3,37.500,1,0.50,121,0,4,80.0,4,.500,2.0,40.0,5.0,8,2,.500,4,50.000,Logos via Sports Logos.net / About logos,W,https://www.basketball-reference.com/boxscores/201802110BOS.html,Away,99,29:27,1,20.0,BOS,Terry Rozier,Daniel Theis,11:25,Abdel Nader,10:32,,,,,,,,,33:52,Jaylen Brown,32:20,Jayson Tatum,27:26,Kyrie Irving,26:14,Marcus Morris,24:48,Semi Ojeleye,24:29,Al Horford,24:06,Aron Baynes,13:03,Greg Monroe,11:45,99,2,12,4.0,33.3,6.0,50.0,2.0,16.7,Cedi Osman,22,1,2017-2018,1.0,2,5.0,CLE,121,J.R. Smith,José Calderón,3:37,John Holland,3:37,Ante Žižić,3:21,,,,,,,28:47,LeBron James,27:54,Tristan Thompson,27:01,Jordan Clarkson,23:11,George Hill,21:12,Larry Nance Jr.,20:59,Rodney Hood,18:33,Jeff Green,16:45,Kyle Korver,15:36
1,.500,2,33.333,1,,120,0,3,100.0,2,.333,1.0,25.0,4.0,6,0,,0,0.000,Logos via Sports Logos.net / About logos,W,https://www.basketball-reference.com/boxscores/201802130OKC.html,Away,112,14:49,0,0.0,OKC,Steven Adams,,,,,,,,,,,,,42:07,Paul George,39:31,Russell Westbrook,38:58,Carmelo Anthony,36:16,Álex Abrines,23:25,Jerami Grant,21:22,Josh Huestis,14:46,Raymond Felton,14:00,Patrick Patterson,9:35,112,3,5,2.0,40.0,3.0,60.0,0.0,0.0,Cedi Osman,8,0,2017-2018,0.0,0,3.0,CLE,120,LeBron James,,,,,,,,,,,,,39:44,J.R. Smith,30:56,Jeff Green,26:35,Larry Nance Jr.,24:52,Rodney Hood,24:26,George Hill,23:42,Jordan Clarkson,23:32,Tristan Thompson,23:08,Kyle Korver,8:16
0,.000,2,28.571,0,,110,0,2,100.0,2,.286,2.0,40.0,5.0,7,0,,0,0.000,Logos via Sports Logos.net / About logos,L,https://www.basketball-reference.com/boxscores/201802220CLE.html,Home,103,17:12,0,0.0,WAS,Bradley Beal,Tim Frazier,11:39,,,,,,,,,,,35:35,Kelly Oubre Jr.,32:07,Tomáš Satoranský,31:27,Otto Porter Jr.,29:30,Markieff Morris,28:22,Ian Mahinmi,20:06,Marcin Gortat,17:36,Jodie Meeks,17:19,Mike Scott,16:19,110,0,4,4.0,100.0,0.0,0.0,0.0,0.0,Cedi Osman,7,0,2017-2018,0.0,0,2.0,CLE,103,LeBron James,,,,,,,,,,,,,36:36,J.R. Smith,32:30,George Hill,31:09,Tristan Thompson,27:37,Rodney Hood,27:10,Kyle Korver,18:33,Jordan Clarkson,16:49,Jeff Green,16:24,Larry Nance Jr.,16:00
2,.667,3,60.000,1,1.00,112,1,3,100.0,4,.800,2.0,100.0,2.0,5,0,,0,0.000,Logos via Sports Logos.net / About logos,W,https://www.basketball-reference.com/boxscores/201802230MEM.html,Away,89,21:27,0,0.0,MEM,Dillon Brooks,Ivan Rabb,4:37,,,,,,,,,,,31:18,Tyreke Evans,30:44,Marc Gasol,30:29,Andrew Harrison,28:16,Mario Chalmers,25:37,Ben McLemore,24:12,JaMychal Green,23:56,Jarell Martin,23:20,Deyonta Davis,17:31,89,1,10,4.0,40.0,6.0,60.0,0.0,0.0,Cedi Osman,23,1,2017-2018,2.0,1,3.0,CLE,112,LeBron James,John Holland,3:18,José Calderón,3:18,Ante Žižić,1:54,,,,,,,36:40,George Hill,34:21,Larry Nance Jr.,26:38,Rodney Hood,24:31,Kyle Korver,21:13,Jordan Clarkson,19:51,Tristan Thompson,16:20,J.R. Smith,15:25,Jeff Green,15:04
0,.000,2,33.333,0,,110,0,1,100.0,1,.167,1.0,25.0,4.0,6,2,.667,3,50.000,Logos via Sports Logos.net / About logos,L,https://www.basketball-reference.com/boxscores/201802250CLE.html,Home,94,15:09,0,0.0,SAS,LaMarcus Aldridge,Joffrey Lauvergne,4:44,Dāvis Bertāns,1:01,Brandon Paul,1:01,,,,,,,36:52,Patty Mills,35:23,Dejounte Murray,33:45,Kyle Anderson,29:32,Pau Gasol,25:00,Danny Green,22:40,Bryn Forbes,20:18,Rudy Gay,15:34,Tony Parker,14:10,110,4,4,2.0,50.0,0.0,0.0,2.0,50.0,Cedi Osman,16,0,2017-2018,0.0,0,1.0,CLE,94,LeBron James,José Calderón,1:01,John Holland,1:01,Ante Žižić,1:01,,,,,,,39:58,Rodney Hood,28:04,George Hill,25:28,Kyle Korver,25:01,Jordan Clarkson,23:13,Tristan Thompson,22:53,Jeff Green,21:03,J.R. Smith,20:55,Larry Nance Jr.,15:13
1,1.000,1,25.000,2,2.00,123,0,2,66.7,3,.750,2.0,66.7,3.0,4,0,,0,0.000,Logos via Sports Logos.net / About logos,W,https://www.basketball-reference.com/boxscores/201802270CLE.html,Home,129,17:41,1,33.3,BRK,D'Angelo Russell,Quincy Acy,3:15,,,,,,,,,,,32:25,Allen Crabbe,32:24,DeMarre Carroll,32:01,Spencer Dinwiddie,30:40,Jarrett Allen,27:53,Joe Harris,22:07,Rondae Hollis-Jefferson,20:43,Dante Cunningham,19:50,Caris LeVert,18:42,123,5,7,4.0,57.1,3.0,42.9,0.0,0.0,Cedi Osman,6,1,2017-2018,1.0,1,3.0,CLE,129,LeBron James,,,,,,,,,,,,,38:46,George Hill,36:32,Rodney Hood,30:31,Larry Nance Jr.,25:48,Kyle Korver,25:19,J.R. Smith,22:03,Tristan Thompson,21:42,Jordan Clarkson,21:01,John Holland,0:37
2,.500,4,100.000,1,,108,0,1,100.0,2,.500,0.0,,0.0,4,0,,0,0.000,Logos via Sports Logos.net / About logos,L,https://www.basketball-reference.com/boxscores/201803010CLE.html,Home,97,15:26,0,0.0,PHI,Robert Covington,,,,,,,,,,,,,40:47,Joel Embiid,34:03,Ben Simmons,31:49,Dario Šarić,29:37,JJ Redick,29:07,Marco Belinelli,23:22,T.J. McConnell,19:19,Ersan İlyasova,18:11,Amir Johnson,13:45,108,4,6,0.0,0.0,6.0,100.0,0.0,0.0,Cedi Osman,11,0,2017-2018,0.0,0,1.0,CLE,97,LeBron James,,,,,,,,,,,,,39:02,Rodney Hood,38:50,Kyle Korver,27:56,Larry Nance Jr.,26:17,Jordan Clarkson,26:05,George Hill,22:29,Jeff Green,22:00,Tristan Thompson,21:43,London Perrantes,0:12
1,.500,2,28.571,1,1.00,126,0,2,66.7,6,.857,5.0,100.0,5.0,7,0,,0,0.000,Logos via Sports Logos.net / About logos,L,https://www.basketball-reference.com/boxscores/201803030CLE.html,Home,117,23:39,1,33.3,DEN,Gary Harris,Malik Beasley,5:16,,,,,,,,,,,36:45,Will Barton,33:24,Nikola Jokić,32:13,Jamal Murray,31:01,Wilson Chandler,27:17,Paul Millsap,26:13,Devin Harris,16:39,Mason Plumlee,15:47,Richard Jefferson,15:25,126,3,13,10.0,76.9,3.0,23.1,0.0,0.0,Cedi Osman,9,0,2017-2018,0.0,1,3.0,CLE,117,LeBron James,London Perrantes,0:21,,,,,,,,,,,42:23,J.R. Smith,34:36,George Hill,33:39,Tristan Thompson,27:58,Rodney Hood,26:19,Jordan Clarkson,23:26,Larry Nance Jr.,20:02,Kyle Korver,7:16,John Holland,0:21
2,.333,6,54.545,2,0.40,90,0,6,100.0,5,.455,3.0,60.0,5.0,11,0,,0,0.000,Logos via Sports Logos.net / About logos,W,https://www.basketball-reference.com/boxscores/201803050CLE.html,Home,112,22:44,0,0.0,DET,Ish Smith,Langston Galloway,10:19,Henry Ellenson,5:13,Luke Kennard,4:42,,,,,,,30:04,Andre Drummond,29:47,Blake Griffin,29:00,Reggie Bullock,29:00,James Ennis III,28:27,Stanley Johnson,28:19,Anthony Tolliver,19:17,Dwight Buycks,13:09,Eric Moreland,12:43,90,1,12,6.0,50.0,6.0,50.0,0.0,0.0,Cedi Osman,22,0,2017-2018,0.0,5,6.0,CLE,112,Larry Nance Jr.,John Holland,4:42,London Perrantes,1:53,,,,,,,,,31:54,Rodney Hood,30:04,LeBron James,28:44,George Hill,23:25,Kyle Korver,23:20,J.R. Smith,21:42,Jordan Clarkson,19:53,Ante Žižić,16:06,José Calderón,15:33
0,.000,2,50.000,1,1.00,113,0,1,50.0,1,.250,1.0,50.0,2.0,4,1,1.000,1,25.000,Logos via Sports Logos.net / About logos,W,https://www.basketball-reference.com/boxscores/201803070DEN.html,Away,108,11:36,1,50.0,DEN,Gary Harris,Malik Beasley,6:40,Richard Jefferson,0:53,,,,,,,,,38:15,Wilson Chandler,36:01,Nikola Jokić,33:30,Will Barton,28:50,Jamal Murray,27:24,Paul Millsap,26:17,Devin Harris,14:53,Mason Plumlee,14:25,Trey Lyles,12:54,108,1,3,2.0,66.7,0.0,0.0,1.0,33.3,Cedi Osman,5,1,2017-2018,1.0,1,2.0,CLE,113,LeBron James,,,,,,,,,,,,,39:08,Larry Nance Jr.,37:05,George Hill,30:53,Rodney Hood,30:49,J.R. Smith,24:43,Kyle Korver,20:50,Jordan Clarkson,19:39,Jeff Green,16:44,Ante Žižić,8:35
0,,0,0.000,0,0.00,102,0,0,,1,1.000,1.0,100.0,1.0,1,1,.500,2,200.000,Logos via Sports Logos.net / About logos,L,https://www.basketball-reference.com/boxscores/201803090LAC.html,Away,116,10:50,0,,LAC,Lou Williams,,,,,,,,,,,,,41:08,Austin Rivers,37:48,Sindarius Thornwell,37:15,DeAndre Jordan,33:35,Tobias Harris,32:44,Montrezl Harrell,20:05,Miloš Teodosić,18:27,Boban Marjanović,9:36,Jawun Evans,9:22,116,2,3,2.0,66.7,0.0,0.0,1.0,33.3,Cedi Osman,14,1,2017-2018,1.0,1,0.0,CLE,102,LeBron James,José Calderón,1:48,John Holland,1:46,London Perrantes,1:46,,,,,,,38:53,J.R. Smith,34:32,George Hill,32:29,Larry Nance Jr.,29:50,Jordan Clarkson,25:22,Jeff Green,24:30,Kyle Korver,23:39,Ante Žižić,7:49,Rodney Hood,6:46
1,.500,2,100.000,0,,118,0,1,100.0,1,.500,0.0,,0.0,2,0,,0,0.000,Logos via Sports Logos.net / About logos,W,https://www.basketball-reference.com/boxscores/201803280CHO.html,Away,105,6:10,0,0.0,CHO,Marvin Williams,Treveon Graham,9:36,Willy Hernangómez,1:28,,,,,,,,,38:24,Kemba Walker,32:34,Dwight Howard,28:47,Nicolas Batum,25:55,Jeremy Lamb,24:56,Dwayne Bacon,23:42,Michael Kidd-Gilchrist,21:27,Frank Kaminsky,17:45,Malik Monk,15:26,105,0,3,0.0,0.0,3.0,100.0,0.0,0.0,Cedi Osman,13,0,2017-2018,0.0,0,1.0,CLE,118,LeBron James,John Holland,1:31,London Perrantes,1:31,Ante Žižić,1:31,,,,,,,36:53,George Hill,34:33,Jeff Green,31:37,J.R. Smith,30:52,Rodney Hood,26:35,Larry Nance Jr.,19:51,Jordan Clarkson,18:59,Tristan Thompson,15:44,José Calderón,14:13
1,.500,2,66.667,1,,87,0,0,,2,.667,1.0,100.0,1.0,3,1,.500,2,66.667,Logos via Sports Logos.net / About logos,W,https://www.basketball-reference.com/boxscores/201804010CLE.html,Home,98,7:10,0,,DAL,Harrison Barnes,Aaron Harrison,15:33,,,,,,,,,,,36:12,Dennis Smith Jr.,32:41,Dorian Finney-Smith,29:55,Maxi Kleber,26:35,Dwight Powell,22:36,Dirk Nowitzki,21:13,Doug McDermott,20:28,Yogi Ferrell,17:51,Nerlens Noel,16:56,87,1,6,2.0,33.3,3.0,50.0,1.0,16.7,Cedi Osman,11,1,2017-2018,1.0,0,0.0,CLE,98,LeBron James,London Perrantes,0:46,Ante Žižić,0:46,,,,,,,,,38:32,Kevin Love,36:09,J.R. Smith,26:14,Jordan Clarkson,25:10,Rodney Hood,24:25,José Calderón,21:56,Larry Nance Jr.,21:46,Tristan Thompson,19:40,Jeff Green,17:27
0,,0,,0,0.00,106,0,0,,0,,0.0,,0.0,0,0,,0,,Logos via Sports Logos.net / About logos,W,https://www.basketball-reference.com/boxscores/201804030CLE.html,Home,112,1:22,0,,TOR,DeMar DeRozan,Delon Wright,14:39,Norman Powell,2:07,Lucas Nogueira,2:07,,,,,,,33:21,Serge Ibaka,29:12,Kyle Lowry,28:42,Pascal Siakam,23:18,C.J. Miles,22:54,Fred VanVleet,22:37,Jonas Valančiūnas,22:29,OG Anunoby,21:21,Jakob Poeltl,17:13,106,0,0,0.0,,0.0,,0.0,,Cedi Osman,6,0,2017-2018,0.0,1,0.0,CLE,112,LeBron James,Tristan Thompson,13:54,John Holland,1:22,Ante Žižić,1:22,,,,,,,37:16,Kevin Love,29:54,Rodney Hood,29:04,José Calderón,26:04,Jeff Green,25:19,J.R. Smith,25:17,Jordan Clarkson,18:35,Larry Nance Jr.,16:14,Kyle Korver,14:17
2,.667,3,100.000,3,3.00,115,0,2,100.0,2,.667,0.0,,0.0,3,2,1.000,2,66.667,Logos via Sports Logos.net / About logos,W,https://www.basketball-reference.com/boxscores/201804050CLE.html,Home,119,15:22,0,0.0,WAS,Bradley Beal,Jodie Meeks,2:53,,,,,,,,,,,42:36,John Wall,38:17,Markieff Morris,30:11,Otto Porter Jr.,30:05,Marcin Gortat,24:45,Kelly Oubre Jr.,23:12,Mike Scott,20:44,Tomáš Satoranský,15:54,Ian Mahinmi,11:23,115,1,8,0.0,0.0,6.0,75.0,2.0,25.0,Cedi Osman,4,2,2017-2018,2.0,1,2.0,CLE,119,LeBron James,,,,,,,,,,,,,38:48,Jeff Green,31:37,Kevin Love,30:42,Rodney Hood,26:56,J.R. Smith,24:10,Kyle Korver,22:21,Jordan Clarkson,21:57,Larry Nance Jr.,17:42,Tristan Thompson,10:25
1,.125,8,72.727,3,,130,0,3,50.0,2,.182,1.0,33.3,3.0,11,2,.500,4,36.364,Logos via Sports Logos.net / About logos,L,https://www.basketball-reference.com/boxscores/201804060PHI.html,Away,132,33:15,3,50.0,PHI,Robert Covington,T.J. McConnell,5:26,,,,,,,,,,,36:09,Ben Simmons,36:08,JJ Redick,31:34,Marco Belinelli,29:55,Ersan İlyasova,29:05,Dario Šarić,25:15,Amir Johnson,19:26,Richaun Holmes,15:10,Markelle Fultz,11:52,132,2,7,2.0,28.6,3.0,42.9,2.0,28.6,Cedi Osman,2,1,2017-2018,1.0,0,6.0,CLE,130,Jeff Green,,,,,,,,,,,,,41:25,LeBron James,40:11,Kevin Love,32:51,J.R. Smith,29:58,Kyle Korver,19:15,Jordan Clarkson,18:01,Rodney Hood,12:24,Larry Nance Jr.,6:37,Tristan Thompson,6:03
0,,0,,1,,123,0,1,100.0,0,,0.0,,0.0,0,0,,0,,Logos via Sports Logos.net / About logos,W,https://www.basketball-reference.com/boxscores/201804090NYK.html,Away,109,1:05,0,0.0,NYK,Frank Ntilikina,Isaiah Hicks,4:52,,,,,,,,,,,40:02,Trey Burke,33:44,Lance Thomas,32:02,Kyle O'Quinn,28:50,Michael Beasley,26:57,Courtney Lee,26:45,Damyean Dotson,19:23,Luke Kornet,19:10,Jarrett Jack,8:15,109,0,0,0.0,,0.0,,0.0,,Cedi Osman,14,0,2017-2018,0.0,0,1.0,CLE,123,LeBron James,Tristan Thompson,9:08,Ante Žižić,1:05,John Holland,1:05,,,,,,,38:38,J.R. Smith,31:31,Kevin Love,31:29,Jeff Green,29:16,Jordan Clarkson,22:12,José Calderón,19:39,George Hill,19:35,Larry Nance Jr.,18:48,Kyle Korver,16:29
2,.250,8,44.444,6,2.00,110,0,5,71.4,7,.389,5.0,50.0,10.0,18,2,.400,5,27.778,Logos via Sports Logos.net / About logos,L,https://www.basketball-reference.com/boxscores/201804110CLE.html,Home,98,39:03,2,28.6,NYK,Trey Burke,,,,,,,,,,,,,42:17,Frank Ntilikina,37:29,Damyean Dotson,33:05,Isaiah Hicks,30:19,Luke Kornet,28:29,Michael Beasley,21:09,Jarrett Jack,19:09,Kyle O'Quinn,17:30,Lance Thomas,10:33,110,4,18,10.0,55.6,6.0,33.3,2.0,11.1,Cedi Osman,12,0,2017-2018,0.0,3,7.0,CLE,98,John Holland,José Calderón,6:27,J.R. Smith,6:19,Jordan Clarkson,6:11,,,,,,,37:27,London Perrantes,32:34,Tristan Thompson,29:39,Ante Žižić,27:10,Kendrick Perkins,14:32,LeBron James,10:33,Larry Nance Jr.,10:33,Jeff Green,10:33,George Hill,8:59
0,,0,0.000,0,,98,0,1,100.0,0,.000,0.0,0.0,1.0,1,0,,0,0.000,Logos via Sports Logos.net / About logos,L,https://www.basketball-reference.com/boxscores/201804150CLE.html,Home,80,1:59,0,0.0,IND,Bojan Bogdanović,,,,,,,,,,,,,38:46,Victor Oladipo,36:52,Myles Turner,33:32,Thaddeus Young,31:19,Darren Collison,30:44,Cory Joseph,20:46,Domantas Sabonis,18:56,Lance Stephenson,17:26,Trevor Booker,11:40,98,1,0,0.0,,0.0,,0.0,,Cedi Osman,18,0,2017-2018,0.0,0,1.0,CLE,80,LeBron James,Kyle Korver,3:38,Tristan Thompson,1:59,,,,,,,,,43:56,Kevin Love,34:06,Larry Nance Jr.,29:38,J.R. Smith,28:56,Jeff Green,26:31,Jordan Clarkson,20:36,Rodney Hood,20:34,George Hill,18:42,José Calderón,9:26
0,,0,,0,,90,0,0,,0,,0.0,,0.0,0,0,,0,,Logos via Sports Logos.net / About logos,L,https://www.basketball-reference.com/boxscores/201804200IND.html,Away,92,0:04,0,,IND,Victor Oladipo,,,,,,,,,,,,,38:58,Bojan Bogdanović,35:48,Thaddeus Young,33:23,Myles Turner,30:22,Darren Collison,29:40,Domantas Sabonis,24:14,Lance Stephenson,23:05,Cory Joseph,19:09,Trevor Booker,5:21,92,0,0,0.0,,0.0,,0.0,,Cedi Osman,2,0,2017-2018,0.0,0,0.0,CLE,90,LeBron James,,,,,,,,,,,,,41:41,Kevin Love,37:29,J.R. Smith,34:21,Rodney Hood,28:20,George Hill,23:23,Jordan Clarkson,20:26,Kyle Korver,19:59,Larry Nance Jr.,17:59,Jeff Green,16:18
0,.000,2,66.667,0,,87,0,0,,1,.333,1.0,100.0,1.0,3,0,.000,2,66.667,Logos via Sports Logos.net / About logos,L,https://www.basketball-reference.com/boxscores/201804270IND.html,Away,121,8:05,0,,IND,Victor Oladipo,Glenn Robinson III,4:09,T.J. Leaf,3:41,Joe Young,2:44,,,,,,,34:29,Thaddeus Young,29:42,Bojan Bogdanović,27:49,Myles Turner,27:40,Lance Stephenson,26:49,Darren Collison,26:21,Domantas Sabonis,22:41,Cory Joseph,21:39,Trevor Booker,12:16,121,2,2,2.0,100.0,0.0,0.0,0.0,0.0,Cedi Osman,34,1,2017-2018,1.0,0,0.0,CLE,87,LeBron James,José Calderón,13:39,Ante Žižić,4:09,,,,,,,,,31:11,J.R. Smith,27:46,Rodney Hood,24:57,Kyle Korver,24:47,Kevin Love,24:18,Jordan Clarkson,24:14,Jeff Green,24:11,Larry Nance Jr.,18:40,Tristan Thompson,14:03
0,,0,,0,,128,0,0,,0,,0.0,,0.0,0,0,,0,,Logos via Sports Logos.net / About logos,W,https://www.basketball-reference.com/boxscores/201805030TOR.html,Away,110,2:34,0,,TOR,DeMar DeRozan,Serge Ibaka,12:12,Norman Powell,3:12,Lorenzo Brown,2:34,Lucas Nogueira,2:34,,,,,35:06,Kyle Lowry,33:47,Jonas Valančiūnas,26:51,Fred VanVleet,23:55,Delon Wright,23:39,OG Anunoby,23:09,C.J. Miles,20:04,Pascal Siakam,18:15,Jakob Poeltl,14:42,110,0,0,0.0,,0.0,,0.0,,Cedi Osman,18,0,2017-2018,0.0,0,0.0,CLE,128,LeBron James,Larry Nance Jr.,2:34,,,,,,,,,,,40:30,George Hill,35:20,Kevin Love,35:14,J.R. Smith,35:05,Kyle Korver,27:47,Jeff Green,20:11,Tristan Thompson,15:10,Jordan Clarkson,13:40,Rodney Hood,11:55
1,.333,3,60.000,2,,93,0,1,50.0,2,.400,1.0,50.0,2.0,5,0,,0,0.000,Logos via Sports Logos.net / About logos,W,https://www.basketball-reference.com/boxscores/201805070CLE.html,Home,128,20:31,1,50.0,TOR,DeMar DeRozan,Norman Powell,12:24,Jakob Poeltl,12:00,Lorenzo Brown,7:38,Lucas Nogueira,1:51,,,,,33:03,Kyle Lowry,29:30,Pascal Siakam,27:35,C.J. Miles,23:02,Fred VanVleet,20:30,OG Anunoby,20:19,Serge Ibaka,18:26,Delon Wright,17:59,Jonas Valančiūnas,15:43,93,2,5,2.0,40.0,3.0,60.0,0.0,0.0,Cedi Osman,35,0,2017-2018,0.0,0,2.0,CLE,128,LeBron James,Larry Nance Jr.,5:40,Ante Žižić,3:29,,,,,,,,,38:24,Kevin Love,30:25,George Hill,29:01,J.R. Smith,28:30,Kyle Korver,27:29,Jordan Clarkson,18:59,Jeff Green,16:06,Tristan Thompson,13:48,José Calderón,7:38
0,.000,1,33.333,0,,83,0,2,100.0,0,.000,0.0,0.0,2.0,3,0,,0,0.000,Logos via Sports Logos.net / About logos,L,https://www.basketball-reference.com/boxscores/201805130BOS.html,Away,108,7:09,0,0.0,BOS,Jayson Tatum,Abdel Nader,4:35,Guerschon Yabusele,4:35,,,,,,,,,37:00,Terry Rozier,34:23,Marcus Morris,34:03,Jaylen Brown,28:02,Al Horford,27:24,Aron Baynes,25:03,Marcus Smart,24:51,Semi Ojeleye,15:29,Greg Monroe,4:35,108,0,0,0.0,,0.0,,0.0,,Cedi Osman,25,1,2017-2018,1.0,0,2.0,CLE,83,LeBron James,José Calderón,3:53,Larry Nance Jr.,3:53,Ante Žižić,2:52,,,,,,,36:07,Kevin Love,30:31,J.R. Smith,28:38,George Hill,28:18,Kyle Korver,23:27,Tristan Thompson,20:43,Jeff Green,19:45,Rodney Hood,18:55,Jordan Clarkson,15:49
0,,0,,0,,94,0,0,,0,,0.0,,0.0,0,0,,0,,Logos via Sports Logos.net / About logos,L,https://www.basketball-reference.com/boxscores/201805150BOS.html,Away,107,1:48,0,,BOS,Al Horford,Guerschon Yabusele,1:21,Abdel Nader,1:05,,,,,,,,,37:27,Terry Rozier,35:54,Jaylen Brown,35:10,Marcus Morris,34:03,Jayson Tatum,31:32,Marcus Smart,30:58,Aron Baynes,17:06,Semi Ojeleye,9:18,Greg Monroe,6:06,107,0,0,0.0,,0.0,,0.0,,Cedi Osman,13,0,2017-2018,0.0,0,0.0,CLE,94,LeBron James,José Calderón,1:48,,,,,,,,,,,38:46,Kevin Love,35:15,George Hill,33:18,Tristan Thompson,29:39,Jeff Green,27:52,J.R. Smith,27:22,Kyle Korver,21:30,Rodney Hood,11:21,Larry Nance Jr.,11:21
0,,0,0.000,1,,86,0,0,,1,1.000,1.0,100.0,1.0,1,1,.500,2,200.000,Logos via Sports Logos.net / About logos,W,https://www.basketball-reference.com/boxscores/201805190CLE.html,Home,116,6:49,0,,BOS,Jayson Tatum,Guerschon Yabusele,11:08,Abdel Nader,6:49,,,,,,,,,31:12,Al Horford,29:59,Terry Rozier,27:39,Marcus Smart,26:22,Marcus Morris,25:42,Aron Baynes,23:40,Jaylen Brown,20:45,Semi Ojeleye,20:23,Greg Monroe,16:21,86,0,3,2.0,66.7,0.0,0.0,1.0,33.3,Cedi Osman,30,1,2017-2018,1.0,0,0.0,CLE,116,LeBron James,Ante Žižić,4:33,José Calderón,4:33,,,,,,,,,37:30,George Hill,29:45,Kevin Love,29:45,J.R. Smith,26:02,Tristan Thompson,22:38,Larry Nance Jr.,21:15,Kyle Korver,20:05,Jeff Green,18:50,Jordan Clarkson,18:15
0,,0,,0,,102,0,0,,0,,0.0,,0.0,0,0,,0,,Logos via Sports Logos.net / About logos,W,https://www.basketball-reference.com/boxscores/201805210CLE.html,Home,111,0:12,0,,BOS,Al Horford,,,,,,,,,,,,,41:49,Jaylen Brown,39:43,Terry Rozier,39:16,Jayson Tatum,38:20,Marcus Smart,30:35,Marcus Morris,24:25,Aron Baynes,16:25,Semi Ojeleye,9:27,,,102,0,0,0.0,,0.0,,0.0,,Cedi Osman,9,0,2017-2018,0.0,0,0.0,CLE,111,LeBron James,,,,,,,,,,,,,41:53,Tristan Thompson,38:24,George Hill,38:11,J.R. Smith,32:51,Kevin Love,28:57,Kyle Korver,25:05,Jeff Green,20:02,Larry Nance Jr.,10:23,Jordan Clarkson,4:02
0,,0,,0,,83,0,0,,0,,0.0,,0.0,0,0,,0,,Logos via Sports Logos.net / About logos,L,https://www.basketball-reference.com/boxscores/201805230BOS.html,Away,96,3:11,0,,BOS,Jayson Tatum,,,,,,,,,,,,,40:45,Marcus Morris,37:28,Al Horford,34:59,Jaylen Brown,34:34,Terry Rozier,34:16,Aron Baynes,29:20,Marcus Smart,23:26,Abdel Nader,2:36,Guerschon Yabusele,2:36,96,0,0,0.0,,0.0,,0.0,,Cedi Osman,13,0,2017-2018,0.0,0,0.0,CLE,83,LeBron James,Rodney Hood,2:53,Ante Žižić,2:36,José Calderón,2:36,,,,,,,39:16,Kevin Love,30:39,George Hill,30:10,Tristan Thompson,26:10,J.R. Smith,26:05,Jeff Green,25:44,Kyle Korver,18:37,Larry Nance Jr.,16:49,Jordan Clarkson,15:14
0,,0,,0,,99,0,1,100.0,0,,0.0,,0.0,0,0,,0,,Logos via Sports Logos.net / About logos,W,https://www.basketball-reference.com/boxscores/201805250CLE.html,Home,109,0:57,0,0.0,BOS,Terry Rozier,Abdel Nader,0:58,Guerschon Yabusele,0:58,,,,,,,,,39:45,Jayson Tatum,39:04,Al Horford,37:20,Jaylen Brown,33:58,Marcus Smart,32:32,Marcus Morris,30:00,Aron Baynes,18:56,Greg Monroe,5:32,Semi Ojeleye,0:58,99,0,0,0.0,,0.0,,0.0,,Cedi Osman,10,0,2017-2018,0.0,0,1.0,CLE,109,LeBron James,,,,,,,,,,,,,46:06,J.R. Smith,38:08,George Hill,33:47,Jeff Green,31:21,Kyle Korver,26:10,Tristan Thompson,22:42,Larry Nance Jr.,21:34,Jordan Clarkson,14:13,Kevin Love,5:02
0,,0,,0,,114,0,0,,0,,0.0,,0.0,0,0,,0,,Logos via Sports Logos.net / About logos,L,https://www.basketball-reference.com/boxscores/201805310GSW.html,Away,124,0:03,0,,GSW,Draymond Green,David West,4:12,Patrick McCaw,3:35,Quinn Cook,0:03,,,,,,,47:06,Stephen Curry,46:26,Kevin Durant,46:17,Klay Thompson,45:25,Kevon Looney,24:32,Shaun Livingston,18:09,Jordan Bell,12:49,Nick Young,10:09,JaVale McGee,6:17,124,0,0,0.0,,0.0,,0.0,,Cedi Osman,10,0,2017-2018,0.0,0,0.0,CLE,114,LeBron James,José Calderón,0:03,Rodney Hood,0:03,Ante Žižić,0:02,,,,,,,47:32,Kevin Love,39:04,J.R. Smith,38:59,Jeff Green,35:58,George Hill,30:29,Tristan Thompson,20:16,Larry Nance Jr.,19:21,Jordan Clarkson,17:09,Kyle Korver,16:01
0,.000,1,50.000,0,,103,0,1,100.0,1,.500,1.0,100.0,1.0,2,0,,0,0.000,Logos via Sports Logos.net / About logos,L,https://www.basketball-reference.com/boxscores/201806030GSW.html,Away,122,4:17,0,0.0,GSW,Draymond Green,Jordan Bell,10:52,Zaza Pachulia,3:27,Quinn Cook,3:27,Patrick McCaw,3:27,,,,,39:21,Kevin Durant,38:10,Stephen Curry,37:53,Klay Thompson,33:42,JaVale McGee,17:48,Shaun Livingston,15:18,Nick Young,14:11,Kevon Looney,11:28,David West,10:56,122,0,2,2.0,100.0,0.0,0.0,0.0,0.0,Cedi Osman,19,0,2017-2018,0.0,0,1.0,CLE,103,LeBron James,Rodney Hood,4:09,José Calderón,3:27,Ante Žižić,3:27,,,,,,,43:51,Kevin Love,34:54,George Hill,33:55,J.R. Smith,31:07,Tristan Thompson,23:19,Jeff Green,19:47,Kyle Korver,17:21,Larry Nance Jr.,12:22,Jordan Clarkson,8:04
0,,0,0.000,0,,108,0,0,,1,.333,1.0,33.3,3.0,3,0,,0,0.000,Logos via Sports Logos.net / About logos,L,https://www.basketball-reference.com/boxscores/201806080CLE.html,Home,85,4:03,0,,GSW,Stephen Curry,David West,7:36,Kevon Looney,2:47,Zaza Pachulia,2:47,Patrick McCaw,2:47,,,,,38:44,Draymond Green,38:37,Kevin Durant,37:38,Klay Thompson,28:29,Andre Iguodala,22:41,Jordan Bell,18:24,JaVale McGee,16:28,Shaun Livingston,14:04,Nick Young,8:58,108,0,2,2.0,100.0,0.0,0.0,0.0,0.0,Cedi Osman,23,0,2017-2018,0.0,0,0.0,CLE,85,LeBron James,José Calderón,4:03,Ante Žižić,1:40,,,,,,,,,40:34,Kevin Love,27:44,J.R. Smith,26:35,Rodney Hood,26:31,George Hill,25:05,Jeff Green,23:40,Larry Nance Jr.,23:11,Kyle Korver,20:42,Tristan Thompson,16:12
2,1.000,2,20.000,4,1.33,104,0,7,70.0,5,.500,3.0,37.5,8.0,10,5,.833,6,60.000,Logos via Sports Logos.net / About logos,L,https://www.basketball-reference.com/boxscores/201810170TOR.html,Away,116,33:05,3,30.0,TOR,Kawhi Leonard,C.J. Miles,10:23,Lorenzo Brown,0:44,Malachi Richardson,0:25,,,,,,,37:15,Kyle Lowry,35:35,Danny Green,32:45,Serge Ibaka,27:11,Fred VanVleet,25:24,Jonas Valančiūnas,20:24,Pascal Siakam,19:57,OG Anunoby,17:32,Norman Powell,12:25,116,1,17,6.0,35.3,6.0,35.3,5.0,29.4,Cedi Osman,12,2,2018-2019,2.0,3,10.0,CLE,104,Kevin Love,David Nwaba,1:42,John Holland,0:44,,,,,,,,,34:05,George Hill,31:27,Tristan Thompson,27:05,Rodney Hood,26:19,Jordan Clarkson,23:09,Collin Sexton,17:43,Sam Dekker,16:16,Ante Žižić,14:24,Kyle Korver,14:01
4,.571,7,41.176,8,2.67,123,0,0,0.0,9,.529,5.0,50.0,10.0,17,0,.000,2,11.765,Logos via Sports Logos.net / About logos,L,https://www.basketball-reference.com/boxscores/201810190MIN.html,Away,131,35:06,3,100.0,MIN,Andrew Wiggins,,,,,,,,,,,,,36:32,Jimmy Butler,36:05,Karl-Anthony Towns,34:41,Jeff Teague,31:28,Taj Gibson,28:10,Derrick Rose,23:23,Anthony Tolliver,19:47,Tyus Jones,16:35,Gorgui Dieng,13:19,131,4,22,10.0,45.5,12.0,54.5,0.0,0.0,Cedi Osman,8,1,2018-2019,1.0,3,3.0,CLE,123,Kevin Love,J.R. Smith,3:40,,,,,,,,,,,39:28,Tristan Thompson,35:56,Rodney Hood,29:09,George Hill,24:57,Jordan Clarkson,23:42,Collin Sexton,23:03,Ante Žižić,10:51,Sam Dekker,8:54,Kyle Korver,5:14
2,.333,6,40.000,4,0.80,133,1,3,100.0,5,.333,3.0,33.3,9.0,15,0,,0,0.000,Logos via Sports Logos.net / About logos,L,https://www.basketball-reference.com/boxscores/201810210CLE.html,Home,111,39:12,0,0.0,ATL,Trae Young,Jeremy Lin,9:42,Jaylen Adams,0:53,,,,,,,,,37:40,Alex Len,32:21,Kent Bazemore,32:17,Taurean Prince,25:49,Kevin Huerter,25:04,Alex Poythress,23:48,Omari Spellman,23:45,DeAndre' Bembry,16:23,Vince Carter,12:18,133,2,12,6.0,50.0,6.0,50.0,0.0,0.0,Cedi Osman,22,1,2018-2019,2.0,5,3.0,CLE,111,Kevin Love,,,,,,,,,,,,,33:31,George Hill,27:33,Collin Sexton,27:33,Tristan Thompson,27:17,Rodney Hood,26:40,Jordan Clarkson,23:02,Larry Nance Jr.,17:18,Sam Dekker,14:29,Ante Žižić,3:25
0,.000,2,16.667,0,0.00,102,0,5,83.3,4,.333,4.0,40.0,10.0,12,0,,0,0.000,Logos via Sports Logos.net / About logos,L,https://www.basketball-reference.com/boxscores/201810240CLE.html,Home,86,24:16,1,16.7,BRK,Caris LeVert,Shabazz Napier,14:55,Džanan Musa,3:50,Kenneth Faried,3:50,Theo Pinson,3:50,,,,,31:41,D'Angelo Russell,27:09,Jarrett Allen,27:09,Joe Harris,26:37,Jared Dudley,24:11,Rondae Hollis-Jefferson,21:05,Spencer Dinwiddie,20:37,Allen Crabbe,18:05,Ed Davis,17:01,102,2,8,8.0,100.0,0.0,0.0,0.0,0.0,Cedi Osman,16,1,2018-2019,1.0,2,6.0,CLE,86,Kevin Love,Ante Žižić,4:02,Sam Dekker,3:50,David Nwaba,3:50,,,,,,,28:42,Collin Sexton,25:01,George Hill,24:30,Tristan Thompson,23:36,Jordan Clarkson,22:35,Rodney Hood,22:16,Larry Nance Jr.,20:22,Kyle Korver,18:54,J.R. Smith,18:06
1,.333,3,37.500,3,3.00,103,0,5,83.3,1,.125,0.0,0.0,5.0,8,0,,0,0.000,Logos via Sports Logos.net / About logos,L,https://www.basketball-reference.com/boxscores/201810250DET.html,Away,110,29:44,1,16.7,DET,Andre Drummond,Glenn Robinson III,9:38,Bruce Brown,1:55,,,,,,,,,36:38,Blake Griffin,36:03,Reggie Bullock,32:06,Langston Galloway,26:57,Ish Smith,26:23,Stanley Johnson,24:34,Reggie Jackson,22:40,Luke Kennard,12:40,Zaza Pachulia,10:26,110,6,3,0.0,0.0,3.0,100.0,0.0,0.0,Cedi Osman,7,1,2018-2019,1.0,1,6.0,CLE,103,Rodney Hood,,,,,,,,,,,,,29:51,Larry Nance Jr.,27:34,Collin Sexton,25:02,George Hill,22:58,Kyle Korver,22:13,Channing Frye,21:12,Tristan Thompson,20:42,Jordan Clarkson,20:40,J.R. Smith,20:04
2,.250,8,61.538,3,0.50,119,0,3,75.0,4,.308,2.0,40.0,5.0,13,0,,0,0.000,Logos via Sports Logos.net / About logos,L,https://www.basketball-reference.com/boxscores/201810270CLE.html,Home,107,31:49,1,25.0,IND,Victor Oladipo,Edmond Sumner,5:04,Aaron Holiday,1:47,Alize Johnson,1:28,,,,,,,36:41,Thaddeus Young,32:59,Bojan Bogdanović,31:33,Darren Collison,29:52,Cory Joseph,28:30,Myles Turner,27:34,Domantas Sabonis,21:27,Doug McDermott,17:49,T.J. Leaf,5:16,119,1,10,4.0,40.0,6.0,60.0,0.0,0.0,Cedi Osman,12,0,2018-2019,0.0,6,4.0,CLE,107,Rodney Hood,J.R. Smith,6:12,Ante Žižić,3:28,,,,,,,,,29:16,George Hill,28:34,Sam Dekker,24:05,Larry Nance Jr.,22:41,Collin Sexton,22:34,Tristan Thompson,21:51,Jordan Clarkson,19:34,Kyle Korver,15:28,David Nwaba,14:28
3,.600,5,45.455,3,0.60,114,0,4,80.0,5,.455,2.0,33.3,6.0,11,7,.778,9,81.818,Logos via Sports Logos.net / About logos,W,https://www.basketball-reference.com/boxscores/201810300CLE.html,Home,136,33:39,1,20.0,ATL,Trae Young,Kevin Huerter,15:20,Tyler Dorsey,2:42,Jaylen Adams,2:42,Miles Plumlee,1:09,,,,,31:23,Kent Bazemore,28:02,Alex Len,26:38,Taurean Prince,26:16,Vince Carter,23:43,Jeremy Lin,23:30,DeAndre' Bembry,22:29,Omari Spellman,20:23,Dewayne Dedmon,15:43,114,1,20,4.0,20.0,9.0,45.0,7.0,35.0,Cedi Osman,22,1,2018-2019,1.0,5,5.0,CLE,136,Rodney Hood,Ante Žižić,2:28,,,,,,,,,,,30:52,Tristan Thompson,29:17,Sam Dekker,28:49,Collin Sexton,27:42,Jordan Clarkson,27:15,George Hill,20:18,Larry Nance Jr.,16:15,Kyle Korver,14:49,David Nwaba,8:36
2,.333,6,46.154,0,0.00,110,1,3,100.0,5,.385,3.0,42.9,7.0,13,1,1.000,1,7.692,Logos via Sports Logos.net / About logos,L,https://www.basketball-reference.com/boxscores/201811010CLE.html,Home,91,29:47,0,0.0,DEN,Juancho Hernangómez,Torrey Craig,18:12,Tyler Lydon,3:56,DeVaughn Akoon-Purcell,2:32,,,,,,,28:59,Gary Harris,27:56,Trey Lyles,24:37,Malik Beasley,23:58,Jamal Murray,22:44,Nikola Jokić,22:21,Monte Morris,22:11,Mason Plumlee,21:43,Paul Millsap,20:51,110,1,13,6.0,46.2,6.0,46.2,1.0,7.7,Cedi Osman,19,0,2018-2019,1.0,2,3.0,CLE,91,Sam Dekker,Ante Žižić,4:46,,,,,,,,,,,34:30,Tristan Thompson,28:14,Rodney Hood,27:32,Collin Sexton,25:04,George Hill,23:49,Jordan Clarkson,19:43,Larry Nance Jr.,18:34,Kyle Korver,18:12,David Nwaba,9:49
0,.000,2,28.571,3,3.00,94,1,4,100.0,3,.429,3.0,60.0,5.0,7,3,1.000,3,42.857,Logos via Sports Logos.net / About logos,L,https://www.basketball-reference.com/boxscores/201811030CHO.html,Away,126,31:48,0,0.0,CHO,Kemba Walker,Cody Zeller,17:38,Bismack Biyombo,7:14,Dwayne Bacon,7:14,Frank Kaminsky,4:35,,,,,29:56,Nicolas Batum,26:18,Jeremy Lamb,24:09,Miles Bridges,22:52,Marvin Williams,22:26,Malik Monk,21:05,Willy Hernangómez,20:00,Michael Kidd-Gilchrist,18:26,Tony Parker,18:06,126,1,9,6.0,66.7,0.0,0.0,3.0,33.3,Cedi Osman,32,1,2018-2019,2.0,1,4.0,CLE,94,George Hill,David Nwaba,5:24,Ante Žižić,4:23,,,,,,,,,28:00,Tristan Thompson,27:22,J.R. Smith,24:19,Sam Dekker,24:09,Rodney Hood,23:29,Jordan Clarkson,21:24,Collin Sexton,19:18,Larry Nance Jr.,16:11,Kyle Korver,14:10
1,.111,9,52.941,0,0.00,100,0,9,90.0,5,.294,4.0,50.0,8.0,17,0,,0,0.000,Logos via Sports Logos.net / About logos,L,https://www.basketball-reference.com/boxscores/201811050ORL.html,Away,102,42:36,1,10.0,ORL,Aaron Gordon,Wes Iwundu,12:55,,,,,,,,,,,33:27,Evan Fournier,31:58,Terrence Ross,30:11,Nikola Vučević,26:57,D.J. Augustin,26:37,Jonathon Simmons,21:13,Jerian Grant,21:06,Mo Bamba,21:03,Jarell Martin,14:33,102,3,11,8.0,72.7,3.0,27.3,0.0,0.0,Cedi Osman,2,0,2018-2019,0.0,3,10.0,CLE,100,Tristan Thompson,,,,,,,,,,,,,34:20,George Hill,32:30,Rodney Hood,30:42,Jordan Clarkson,25:34,J.R. Smith,25:10,Collin Sexton,16:44,Sam Dekker,14:25,Larry Nance Jr.,13:37,Kyle Korver,4:22
0,.000,1,100.000,0,,95,0,1,100.0,0,.000,0.0,,0.0,1,0,,0,0.000,Logos via Sports Logos.net / About logos,L,https://www.basketball-reference.com/boxscores/201811070CLE.html,Home,86,5:51,0,0.0,OKC,Paul George,Hamidou Diallo,13:09,,,,,,,,,,,38:33,Steven Adams,34:28,Dennis Schröder,34:01,Jerami Grant,27:25,Álex Abrines,26:13,Terrance Ferguson,21:47,Patrick Patterson,16:53,Raymond Felton,13:59,Nerlens Noel,13:32,95,0,0,0.0,,0.0,,0.0,,Cedi Osman,9,0,2018-2019,0.0,0,1.0,CLE,86,Collin Sexton,,,,,,,,,,,,,41:46,Jordan Clarkson,32:55,J.R. Smith,32:16,Tristan Thompson,31:16,Rodney Hood,22:36,Larry Nance Jr.,22:20,Kyle Korver,21:11,Ante Žižić,16:44,David Nwaba,13:05
0,.000,3,50.000,3,1.50,95,1,4,100.0,2,.333,2.0,66.7,3.0,6,0,,0,0.000,Logos via Sports Logos.net / About logos,L,https://www.basketball-reference.com/boxscores/201811140WAS.html,Away,119,23:31,0,0.0,WAS,Austin Rivers,Tomáš Satoranský,16:50,Thomas Bryant,4:06,Troy Brown Jr.,4:06,Jason Smith,3:06,,,,,29:03,Bradley Beal,27:59,Otto Porter Jr.,26:14,Jeff Green,24:14,Ian Mahinmi,24:03,John Wall,21:24,Markieff Morris,20:40,Dwight Howard,19:51,Kelly Oubre Jr.,18:24,119,0,4,4.0,100.0,0.0,0.0,0.0,0.0,Cedi Osman,24,1,2018-2019,2.0,2,4.0,CLE,95,Collin Sexton,Channing Frye,6:33,,,,,,,,,,,33:53,David Nwaba,28:39,Jordan Clarkson,27:21,Larry Nance Jr.,26:23,J.R. Smith,24:29,Tristan Thompson,19:21,Andrew Harrison,18:43,Rodney Hood,16:03,Ante Žižić,15:04
1,.333,3,37.500,2,2.00,102,0,3,100.0,3,.375,2.0,40.0,5.0,8,3,.600,5,62.500,Logos via Sports Logos.net / About logos,L,https://www.basketball-reference.com/boxscores/201811190DET.html,Away,113,30:16,0,0.0,DET,Andre Drummond,Zaza Pachulia,9:20,Khyri Thomas,7:40,Jon Leuer,2:41,,,,,,,38:40,Blake Griffin,37:13,Reggie Bullock,31:14,Langston Galloway,28:42,Reggie Jackson,22:26,Glenn Robinson III,19:50,Ish Smith,16:27,Stanley Johnson,14:14,José Calderón,11:33,113,2,10,4.0,40.0,3.0,30.0,3.0,30.0,Cedi Osman,11,1,2018-2019,1.0,1,3.0,CLE,102,Tristan Thompson,J.R. Smith,5:52,,,,,,,,,,,30:23,Rodney Hood,29:32,Jordan Clarkson,25:28,Collin Sexton,23:46,David Nwaba,21:37,Larry Nance Jr.,19:52,Kyle Korver,18:26,Ante Žižić,17:37,Andrew Harrison,17:11
5,.714,7,53.846,2,,109,1,6,85.7,7,.538,2.0,33.3,6.0,13,2,1.000,2,15.385,Logos via Sports Logos.net / About logos,L,https://www.basketball-reference.com/boxscores/201811210CLE.html,Home,105,42:25,1,14.3,LAL,Lonzo Ball,,,,,,,,,,,,,36:20,Brandon Ingram,35:38,LeBron James,35:30,Kyle Kuzma,28:41,JaVale McGee,24:46,Kentavious Caldwell-Pope,24:31,Josh Hart,21:23,Tyson Chandler,19:19,Lance Stephenson,13:52,109,4,21,4.0,19.0,15.0,71.4,2.0,9.5,Cedi Osman,4,0,2018-2019,1.0,0,7.0,CLE,105,Collin Sexton,,,,,,,,,,,,,35:47,Rodney Hood,34:10,Tristan Thompson,29:54,Jordan Clarkson,26:30,David Nwaba,23:36,Larry Nance Jr.,17:58,Kyle Korver,17:35,Andrew Harrison,12:05,,
2,.333,6,42.857,2,2.00,121,0,8,100.0,7,.500,5.0,62.5,8.0,14,4,.800,5,35.714,Logos via Sports Logos.net / About logos,W,https://www.basketball-reference.com/boxscores/201811230PHI.html,Away,112,41:30,0,0.0,PHI,Ben Simmons,,,,,,,,,,,,,36:51,Jimmy Butler,33:42,Joel Embiid,32:52,Wilson Chandler,31:28,Landry Shamet,29:10,JJ Redick,26:36,Mike Muscala,23:49,Amir Johnson,13:41,T.J. McConnell,11:51,112,4,20,10.0,50.0,6.0,30.0,4.0,20.0,Cedi Osman,9,0,2018-2019,0.0,1,8.0,CLE,121,Rodney Hood,,,,,,,,,,,,,39:10,Tristan Thompson,35:15,Collin Sexton,31:30,David Nwaba,29:46,Jordan Clarkson,20:07,Larry Nance Jr.,18:34,Andrew Harrison,17:25,Kyle Korver,6:09,Ante Žižić,0:34
0,.000,3,50.000,3,3.00,108,0,3,100.0,1,.167,1.0,33.3,3.0,6,5,1.000,5,83.333,Logos via Sports Logos.net / About logos,W,https://www.basketball-reference.com/boxscores/201811240CLE.html,Home,117,23:25,0,0.0,HOU,James Harden,,,,,,,,,,,,,43:38,P.J. Tucker,41:49,Clint Capela,39:57,Eric Gordon,38:43,James Ennis III,30:04,Gary Clark,21:47,Gerald Green,16:49,Michael Carter-Williams,4:22,Isaiah Hartenstein,2:51,108,3,7,2.0,28.6,0.0,0.0,5.0,71.4,Cedi Osman,9,2,2018-2019,2.0,1,3.0,CLE,117,Tristan Thompson,,,,,,,,,,,,,39:09,David Nwaba,38:27,Collin Sexton,33:39,Jordan Clarkson,27:54,Rodney Hood,25:43,Kyle Korver,18:58,Larry Nance Jr.,18:24,Andrew Harrison,14:21,,
2,.333,6,50.000,2,2.00,102,0,6,100.0,3,.250,1.0,16.7,6.0,12,0,,0,0.000,Logos via Sports Logos.net / About logos,L,https://www.basketball-reference.com/boxscores/201811260CLE.html,Home,95,30:23,0,0.0,MIN,Robert Covington,,,,,,,,,,,,,38:43,Karl-Anthony Towns,38:04,Jeff Teague,36:12,Taj Gibson,29:40,Derrick Rose,29:11,Andrew Wiggins,28:06,Dario Šarić,18:20,Tyus Jones,11:48,Gorgui Dieng,9:56,102,4,8,2.0,25.0,6.0,75.0,0.0,0.0,Cedi Osman,7,1,2018-2019,1.0,1,6.0,CLE,95,Tristan Thompson,,,,,,,,,,,,,39:50,Collin Sexton,38:57,Larry Nance Jr.,38:29,Rodney Hood,35:22,Kyle Korver,21:44,Jordan Clarkson,21:36,Andrew Harrison,9:03,Ante Žižić,4:36,,
2,.333,6,42.857,6,6.00,83,0,10,100.0,6,.429,4.0,50.0,8.0,14,0,,0,0.000,Logos via Sports Logos.net / About logos,L,https://www.basketball-reference.com/boxscores/201811280OKC.html,Away,100,39:34,0,0.0,OKC,Russell Westbrook,Abdel Nader,6:41,Raymond Felton,5:50,Timothé Luwawu-Cabarrot,4:11,Tyler Davis,0:54,,,,,37:15,Jerami Grant,33:49,Steven Adams,32:55,Álex Abrines,26:35,Paul George,24:48,Dennis Schröder,23:15,Deonte Burton,16:19,Nerlens Noel,14:11,Patrick Patterson,13:17,100,2,14,8.0,57.1,6.0,42.9,0.0,0.0,Cedi Osman,17,0,2018-2019,0.0,1,10.0,CLE,83,Collin Sexton,,,,,,,,,,,,,37:57,Larry Nance Jr.,35:35,Rodney Hood,35:16,Tristan Thompson,34:58,Jordan Clarkson,31:39,Ante Žižić,13:02,Andrew Harrison,11:59,,,,
1,.167,6,75.000,0,,95,0,2,100.0,2,.250,1.0,50.0,2.0,8,2,1.000,2,25.000,Logos via Sports Logos.net / About logos,L,https://www.basketball-reference.com/boxscores/201811300BOS.html,Away,128,34:29,0,0.0,BOS,Marcus Smart,Semi Ojeleye,14:38,Brad Wanamaker,9:06,Robert Williams,7:50,PJ Dozier,5:47,,,,,29:15,Kyrie Irving,27:05,Marcus Morris,26:04,Gordon Hayward,23:53,Aron Baynes,22:48,Terry Rozier,20:38,Jayson Tatum,20:26,Daniel Theis,17:22,Guerschon Yabusele,15:08,128,2,7,2.0,28.6,3.0,42.9,2.0,28.6,Cedi Osman,33,1,2018-2019,1.0,0,2.0,CLE,95,Collin Sexton,,,,,,,,,,,,,33:07,Larry Nance Jr.,31:06,Tristan Thompson,28:02,Alec Burks,26:25,Jordan Clarkson,21:44,Rodney Hood,21:35,Ante Žižić,19:58,Andrew Harrison,16:29,Channing Frye,7:05
1,.143,7,53.846,3,1.50,106,0,6,100.0,3,.231,2.0,33.3,6.0,13,5,1.000,5,38.462,Logos via Sports Logos.net / About logos,L,https://www.basketball-reference.com/boxscores/201812010CLE.html,Home,95,35:08,0,0.0,TOR,Kawhi Leonard,,,,,,,,,,,,,36:50,Pascal Siakam,33:22,Fred VanVleet,33:00,Danny Green,31:37,Serge Ibaka,31:04,OG Anunoby,21:36,Delon Wright,19:34,Jonas Valančiūnas,18:17,C.J. Miles,14:40,106,4,12,4.0,33.3,3.0,25.0,5.0,41.7,Cedi Osman,11,1,2018-2019,1.0,2,6.0,CLE,95,Rodney Hood,,,,,,,,,,,,,41:32,Tristan Thompson,39:45,Jordan Clarkson,29:01,Collin Sexton,26:25,Alec Burks,23:57,Larry Nance Jr.,21:45,George Hill,18:59,Channing Frye,3:28,,
0,.000,2,33.333,1,1.00,99,1,7,100.0,2,.333,2.0,50.0,4.0,6,4,1.000,4,66.667,Logos via Sports Logos.net / About logos,W,https://www.basketball-reference.com/boxscores/201812030BRK.html,Away,97,28:21,0,0.0,BRK,D'Angelo Russell,Rodions Kurucs,13:58,,,,,,,,,,,32:41,Allen Crabbe,32:34,Jarrett Allen,32:24,Spencer Dinwiddie,32:15,DeMarre Carroll,22:56,Rondae Hollis-Jefferson,21:56,Shabazz Napier,17:53,Jared Dudley,17:47,Ed Davis,15:36,97,2,8,4.0,50.0,0.0,0.0,4.0,50.0,Cedi Osman,2,0,2018-2019,1.0,1,7.0,CLE,99,George Hill,,,,,,,,,,,,,35:22,Tristan Thompson,34:13,Rodney Hood,33:45,Collin Sexton,31:59,Alec Burks,28:57,Jordan Clarkson,28:03,Larry Nance Jr.,15:33,Jalen Jones,3:47,,
3,.500,6,50.000,1,1.00,129,0,3,100.0,6,.500,3.0,50.0,6.0,12,1,.500,2,16.667,Logos via Sports Logos.net / About logos,L,https://www.basketball-reference.com/boxscores/201812050CLE.html,Home,105,33:08,0,0.0,GSW,Kevin Durant,Alfonzo McKinnie,13:04,Marcus Derrickson,5:50,Jacob Evans,3:05,,,,,,,33:59,Stephen Curry,33:47,Klay Thompson,31:49,Kevon Looney,25:00,Jonas Jerebko,22:01,Andre Iguodala,21:51,Jordan Bell,17:30,Shaun Livingston,16:15,Quinn Cook,15:49,129,4,16,6.0,37.5,9.0,56.2,1.0,6.2,Cedi Osman,24,2,2018-2019,2.0,1,3.0,CLE,105,Collin Sexton,Channing Frye,3:05,,,,,,,,,,,35:16,Rodney Hood,30:38,Jordan Clarkson,30:02,Tristan Thompson,29:56,George Hill,25:13,Larry Nance Jr.,23:48,Alec Burks,22:44,Jalen Jones,3:05,Jaron Blossomgame,3:05
1,.167,6,46.154,3,1.50,129,0,4,66.7,4,.308,3.0,42.9,7.0,13,1,.500,2,15.385,Logos via Sports Logos.net / About logos,L,https://www.basketball-reference.com/boxscores/201812070CLE.html,Home,110,32:20,2,33.3,SAC,Buddy Hield,Frank Mason III,6:54,Troy Williams,3:44,Yogi Ferrell,2:56,,,,,,,32:44,Nemanja Bjelica,29:46,De'Aaron Fox,29:03,Willie Cauley-Stein,26:57,Marvin Bagley III,25:03,Iman Shumpert,23:07,Bogdan Bogdanović,22:56,Justin Jackson,22:36,Kosta Koufos,14:14,129,3,10,6.0,60.0,3.0,30.0,1.0,10.0,Cedi Osman,19,2,2018-2019,2.0,2,6.0,CLE,110,Alec Burks,Channing Frye,3:50,,,,,,,,,,,37:56,Collin Sexton,34:41,Larry Nance Jr.,31:05,Jordan Clarkson,29:53,Tristan Thompson,29:31,Jaron Blossomgame,16:41,Rodney Hood,14:47,Ante Žižić,4:38,Jalen Jones,4:38
2,.400,5,41.667,2,2.00,101,1,2,100.0,5,.417,3.0,42.9,7.0,12,0,,0,0.000,Logos via Sports Logos.net / About logos,W,https://www.basketball-reference.com/boxscores/201812080CLE.html,Home,116,39:25,0,0.0,WAS,Bradley Beal,Thomas Bryant,11:25,,,,,,,,,,,33:18,Markieff Morris,30:51,Otto Porter Jr.,29:21,Tomáš Satoranský,27:17,John Wall,26:04,Austin Rivers,23:52,Kelly Oubre Jr.,23:20,Jeff Green,19:39,Ian Mahinmi,14:53,101,2,12,6.0,50.0,6.0,50.0,0.0,0.0,Cedi Osman,15,0,2018-2019,1.0,1,2.0,CLE,116,Tristan Thompson,,,,,,,,,,,,,41:44,Collin Sexton,40:07,Alec Burks,34:15,Larry Nance Jr.,27:18,Jordan Clarkson,22:39,Jaron Blossomgame,20:23,Jalen Jones,14:09,,,,
1,.200,5,38.462,6,,92,0,5,100.0,3,.231,2.0,25.0,8.0,13,1,.500,2,15.385,Logos via Sports Logos.net / About logos,L,https://www.basketball-reference.com/boxscores/201812100MIL.html,Away,108,30:02,0,0.0,MIL,Sterling Brown,D.J. Wilson,13:09,George Hill,12:36,Jason Smith,4:52,,,,,,,30:38,Malcolm Brogdon,28:31,Khris Middleton,28:27,Eric Bledsoe,28:00,Brook Lopez,24:29,Ersan İlyasova,21:16,Tony Snell,19:12,Thon Maker,15:31,Donte DiVincenzo,13:19,108,3,8,4.0,50.0,3.0,37.5,1.0,12.5,Cedi Osman,16,0,2018-2019,0.0,0,5.0,CLE,92,Collin Sexton,Channing Frye,5:10,,,,,,,,,,,32:15,Alec Burks,29:04,Jaron Blossomgame,25:38,Larry Nance Jr.,25:03,Rodney Hood,20:23,Jordan Clarkson,20:16,Jalen Jones,18:37,Tristan Thompson,17:47,Matthew Dellavedova,15:45
0,.000,4,57.143,1,,106,0,4,80.0,1,.143,1.0,33.3,3.0,7,4,1.000,4,57.143,Logos via Sports Logos.net / About logos,W,https://www.basketball-reference.com/boxscores/201812120CLE.html,Home,113,32:25,1,20.0,NYK,Tim Hardaway Jr.,Luke Kornet,7:38,,,,,,,,,,,43:10,Kevin Knox,32:43,Enes Freedom,32:30,Emmanuel Mudiay,30:40,Noah Vonleh,24:20,Frank Ntilikina,23:31,Damyean Dotson,19:08,Mitchell Robinson,15:30,Mario Hezonja,10:50,106,1,6,2.0,33.3,0.0,0.0,4.0,66.7,Cedi Osman,7,0,2018-2019,0.0,0,5.0,CLE,113,Jordan Clarkson,Jalen Jones,5:36,,,,,,,,,,,34:02,Larry Nance Jr.,33:19,Collin Sexton,28:40,Alec Burks,26:08,Rodney Hood,22:31,Matthew Dellavedova,21:35,Channing Frye,14:41,Jaron Blossomgame,10:36,David Nwaba,10:27
1,.333,3,50.000,2,,114,0,4,100.0,2,.333,1.0,33.3,3.0,6,0,,0,0.000,Logos via Sports Logos.net / About logos,L,https://www.basketball-reference.com/boxscores/201812140CLE.html,Home,102,26:04,0,0.0,MIL,Giannis Antetokounmpo,Jaylen Morris,8:50,,,,,,,,,,,37:31,Brook Lopez,32:23,Eric Bledsoe,30:52,Pat Connaughton,30:26,Tony Snell,26:44,George Hill,23:49,Donte DiVincenzo,23:19,Ersan İlyasova,15:37,Thon Maker,10:29,114,1,5,2.0,40.0,3.0,60.0,0.0,0.0,Cedi Osman,12,0,2018-2019,0.0,0,4.0,CLE,102,Larry Nance Jr.,,,,,,,,,,,,,36:53,Jordan Clarkson,32:46,Rodney Hood,28:31,Alec Burks,27:18,Matthew Dellavedova,26:45,Collin Sexton,23:58,Channing Frye,13:44,David Nwaba,12:33,Jaron Blossomgame,11:28
2,.500,4,40.000,1,1.00,128,0,2,50.0,6,.600,4.0,66.7,6.0,10,4,.571,7,70.000,Logos via Sports Logos.net / About logos,L,https://www.basketball-reference.com/boxscores/201812160CLE.html,Home,105,35:23,2,50.0,PHI,Ben Simmons,Shake Milton,6:23,Jonah Bolden,2:38,Amir Johnson,2:38,,,,,,,31:58,Wilson Chandler,29:23,Joel Embiid,28:41,JJ Redick,27:40,Jimmy Butler,25:01,Mike Muscala,24:22,T.J. McConnell,24:20,Furkan Korkmaz,21:45,Landry Shamet,15:11,128,3,18,8.0,44.4,6.0,33.3,4.0,22.2,Cedi Osman,23,1,2018-2019,1.0,1,4.0,CLE,105,Collin Sexton,Channing Frye,5:23,,,,,,,,,,,30:30,Jordan Clarkson,27:37,Rodney Hood,27:01,Alec Burks,26:05,Larry Nance Jr.,25:37,Matthew Dellavedova,21:31,Ante Žižić,17:00,David Nwaba,14:34,Jaron Blossomgame,9:19
1,.167,6,42.857,1,1.00,92,0,6,85.7,6,.429,5.0,62.5,8.0,14,0,,0,0.000,Logos via Sports Logos.net / About logos,W,https://www.basketball-reference.com/boxscores/201812180IND.html,Away,91,40:20,1,14.3,IND,Bojan Bogdanović,,,,,,,,,,,,,34:28,Victor Oladipo,33:43,Thaddeus Young,31:38,Myles Turner,30:34,Darren Collison,29:20,Domantas Sabonis,24:17,Doug McDermott,20:59,Cory Joseph,20:41,Tyreke Evans,14:17,91,1,13,10.0,76.9,3.0,23.1,0.0,0.0,Cedi Osman,1,0,2018-2019,0.0,1,7.0,CLE,92,Rodney Hood,,,,,,,,,,,,,35:17,Larry Nance Jr.,33:26,Collin Sexton,32:26,Alec Burks,26:23,Jaron Blossomgame,22:52,Matthew Dellavedova,15:33,Ante Žižić,13:53,David Nwaba,13:44,Channing Frye,6:04
1,.333,3,30.000,2,,99,0,2,100.0,6,.600,5.0,71.4,7.0,10,0,,0,0.000,Logos via Sports Logos.net / About logos,L,https://www.basketball-reference.com/boxscores/201812190CHO.html,Away,110,27:43,0,0.0,CHO,Jeremy Lamb,Frank Kaminsky,3:39,,,,,,,,,,,41:52,Marvin Williams,37:50,Kemba Walker,37:45,Nicolas Batum,30:17,Cody Zeller,27:58,Tony Parker,22:48,Michael Kidd-Gilchrist,20:26,Miles Bridges,13:33,Willy Hernangómez,3:51,110,2,13,10.0,76.9,3.0,23.1,0.0,0.0,Cedi Osman,11,0,2018-2019,0.0,0,2.0,CLE,99,Rodney Hood,,,,,,,,,,,,,35:49,Jordan Clarkson,35:16,Larry Nance Jr.,34:09,Collin Sexton,27:11,Alec Burks,25:04,Jaron Blossomgame,23:06,David Nwaba,16:12,Ante Žižić,15:30,,
0,.000,3,37.500,0,0.00,110,0,3,100.0,4,.500,4.0,80.0,5.0,8,4,.800,5,62.500,Logos via Sports Logos.net / About logos,L,https://www.basketball-reference.com/boxscores/201812210TOR.html,Away,126,22:09,0,0.0,TOR,Fred VanVleet,Chris Boucher,2:01,Malachi Richardson,2:01,,,,,,,,,37:41,Pascal Siakam,37:27,Delon Wright,32:56,Kawhi Leonard,32:17,Norman Powell,26:12,OG Anunoby,22:10,C.J. Miles,16:55,Lorenzo Brown,16:19,Greg Monroe,14:01,126,3,12,8.0,66.7,0.0,0.0,4.0,33.3,Cedi Osman,16,0,2018-2019,0.0,1,3.0,CLE,110,Jordan Clarkson,,,,,,,,,,,,,32:42,Larry Nance Jr.,30:11,Jaron Blossomgame,30:04,Alec Burks,28:35,Collin Sexton,28:07,Matthew Dellavedova,18:20,Ante Žižić,17:49,Rodney Hood,17:46,David Nwaba,14:17
2,.500,4,36.364,1,1.00,112,0,6,85.7,6,.545,4.0,57.1,7.0,11,3,1.000,3,27.273,Logos via Sports Logos.net / About logos,L,https://www.basketball-reference.com/boxscores/201812230CLE.html,Home,92,37:01,1,14.3,CHI,Justin Holiday,Rawle Alkins,1:35,Cristiano Felício,1:35,,,,,,,,,34:22,Ryan Arcidiacono,33:17,Chandler Hutchison,32:27,Lauri Markkanen,32:21,Kris Dunn,28:41,Shaquille Harrison,23:11,Robin Lopez,19:50,Wendell Carter Jr.,19:08,Antonio Blakeney,13:33,112,3,17,8.0,47.1,6.0,35.3,3.0,17.6,Cedi Osman,20,0,2018-2019,0.0,1,7.0,CLE,92,Collin Sexton,Jalen Jones,1:35,,,,,,,,,,,32:51,Larry Nance Jr.,32:48,Jordan Clarkson,30:52,Alec Burks,28:11,Jaron Blossomgame,22:04,David Nwaba,20:45,Matthew Dellavedova,18:41,Ante Žižić,12:46,Channing Frye,2:26
0,.000,3,30.000,0,0.00,87,0,7,100.0,4,.400,4.0,57.1,7.0,10,2,.667,3,30.000,Logos via Sports Logos.net / About logos,L,https://www.basketball-reference.com/boxscores/201812260MEM.html,Away,95,30:45,0,0.0,MEM,Kyle Anderson,Joakim Noah,10:38,,,,,,,,,,,35:10,Marc Gasol,35:05,Mike Conley,33:11,Garrett Temple,30:59,Jaren Jackson Jr.,28:28,JaMychal Green,21:03,Shelvin Mack,18:06,Dillon Brooks,14:53,Wayne Selden,12:27,95,4,10,8.0,80.0,0.0,0.0,2.0,20.0,Cedi Osman,8,0,2018-2019,0.0,3,7.0,CLE,87,Larry Nance Jr.,,,,,,,,,,,,,30:59,Jordan Clarkson,30:52,Collin Sexton,30:08,Alec Burks,28:53,Ante Žižić,21:33,Jaron Blossomgame,18:32,Matthew Dellavedova,17:52,Channing Frye,17:10,Jalen Jones,13:16
2,.286,7,53.846,1,1.00,94,0,5,100.0,5,.385,3.0,50.0,6.0,13,0,,0,0.000,Logos via Sports Logos.net / About logos,L,https://www.basketball-reference.com/boxscores/201812280MIA.html,Away,118,28:33,0,0.0,MIA,Justise Winslow,James Johnson,8:10,,,,,,,,,,,34:13,Josh Richardson,33:00,Bam Adebayo,30:09,Rodney McGruder,28:59,Dwyane Wade,23:49,Tyler Johnson,23:36,Kelly Olynyk,21:49,Derrick Jones Jr.,18:24,Hassan Whiteside,17:51,118,2,12,6.0,50.0,6.0,50.0,0.0,0.0,Cedi Osman,24,1,2018-2019,1.0,1,5.0,CLE,94,Jaron Blossomgame,,,,,,,,,,,,,32:39,Jordan Clarkson,31:13,Alec Burks,29:30,Larry Nance Jr.,29:12,Collin Sexton,28:37,Jalen Jones,22:37,Matthew Dellavedova,19:23,Channing Frye,18:16,,
2,.500,4,33.333,3,1.00,108,0,6,75.0,8,.667,6.0,75.0,8.0,12,4,.667,6,50.000,Logos via Sports Logos.net / About logos,L,https://www.basketball-reference.com/boxscores/201812290ATL.html,Away,111,35:42,2,25.0,ATL,Trae Young,Justin Anderson,15:20,Miles Plumlee,5:37,,,,,,,,,33:42,Kevin Huerter,30:03,DeAndre' Bembry,29:12,John Collins,27:26,Alex Len,23:36,Vince Carter,23:05,Kent Bazemore,20:01,Jeremy Lin,16:08,Alex Poythress,15:48,111,5,22,12.0,54.5,6.0,27.3,4.0,18.2,Cedi Osman,3,0,2018-2019,0.0,3,8.0,CLE,108,Alec Burks,,,,,,,,,,,,,40:01,Larry Nance Jr.,36:27,Jordan Clarkson,28:50,Collin Sexton,28:03,Jaron Blossomgame,22:43,Matthew Dellavedova,19:39,Jalen Jones,17:01,Channing Frye,11:33,,
2,.400,5,83.333,3,3.00,117,0,3,100.0,2,.333,0.0,0.0,1.0,6,3,1.000,3,50.000,Logos via Sports Logos.net / About logos,L,https://www.basketball-reference.com/boxscores/201901020CLE.html,Home,92,29:21,0,0.0,MIA,Josh Richardson,Dion Waiters,10:42,,,,,,,,,,,31:57,Derrick Jones Jr.,31:29,Kelly Olynyk,27:30,Justise Winslow,27:08,Tyler Johnson,26:13,Bam Adebayo,24:34,Hassan Whiteside,23:26,Rodney McGruder,20:30,James Johnson,16:31,117,1,9,0.0,0.0,6.0,66.7,3.0,33.3,Cedi Osman,25,0,2018-2019,0.0,1,3.0,CLE,92,Collin Sexton,Jaron Blossomgame,3:18,Channing Frye,2:39,,,,,,,,,30:01,Alec Burks,27:24,Rodney Hood,26:22,Jordan Clarkson,24:41,Tristan Thompson,23:26,Larry Nance Jr.,21:55,Patrick McCaw,18:01,Matthew Dellavedova,17:59,Jalen Jones,14:53
0,.000,2,22.222,2,2.00,117,0,3,100.0,3,.333,3.0,42.9,7.0,9,2,1.000,2,22.222,Logos via Sports Logos.net / About logos,L,https://www.basketball-reference.com/boxscores/201901040CLE.html,Home,91,30:37,0,0.0,UTA,Donovan Mitchell,Royce O'Neale,10:52,Raul Neto,4:33,Ekpe Udoh,4:33,Georges Niang,3:16,,,,,31:31,Rudy Gobert,30:50,Joe Ingles,27:20,Derrick Favors,24:56,Ricky Rubio,24:47,Jae Crowder,24:21,Kyle Korver,21:44,Dante Exum,19:57,Thabo Sefolosha,11:20,117,2,8,6.0,75.0,0.0,0.0,2.0,25.0,Cedi Osman,26,0,2018-2019,0.0,1,3.0,CLE,91,Larry Nance Jr.,,,,,,,,,,,,,30:36,Collin Sexton,29:38,Alec Burks,29:36,Tristan Thompson,27:29,Rodney Hood,25:08,Jordan Clarkson,19:09,Patrick McCaw,17:57,Channing Frye,16:59,Jalen Jones,12:51
2,.500,4,33.333,5,1.67,133,0,1,100.0,5,.417,3.0,37.5,8.0,12,1,1.000,1,8.333,Logos via Sports Logos.net / About logos,L,https://www.basketball-reference.com/boxscores/201901050CLE.html,Home,98,32:54,0,0.0,NOP,Julius Randle,Cheick Diallo,8:42,Ian Clark,7:24,Solomon Hill,4:03,,,,,,,32:57,Anthony Davis,28:35,E'Twaun Moore,27:16,Jrue Holiday,26:59,Elfrid Payton,23:40,Darius Miller,22:45,Tim Frazier,19:44,Jahlil Okafor,19:25,Frank Jackson,18:30,133,5,13,6.0,46.2,6.0,46.2,1.0,7.7,Cedi Osman,35,3,2018-2019,3.0,3,1.0,CLE,98,Alec Burks,,,,,,,,,,,,,35:36,Collin Sexton,30:41,Jalen Jones,27:49,Tristan Thompson,26:10,Larry Nance Jr.,25:57,Jordan Clarkson,24:10,Channing Frye,19:49,Patrick McCaw,16:54,,
3,.375,8,72.727,3,3.00,123,0,2,100.0,5,.455,2.0,66.7,3.0,11,2,1.000,2,18.182,Logos via Sports Logos.net / About logos,L,https://www.basketball-reference.com/boxscores/201901080CLE.html,Home,115,32:08,0,0.0,IND,Thaddeus Young,T.J. Leaf,11:40,,,,,,,,,,,35:37,Domantas Sabonis,34:07,Victor Oladipo,33:42,Bojan Bogdanović,31:37,Darren Collison,26:21,Cory Joseph,26:04,Doug McDermott,14:34,Kyle O'Quinn,13:53,Tyreke Evans,12:25,123,4,15,4.0,26.7,9.0,60.0,2.0,13.3,Cedi Osman,8,0,2018-2019,0.0,1,2.0,CLE,115,Tristan Thompson,Larry Nance Jr.,5:09,,,,,,,,,,,34:53,Jordan Clarkson,32:09,Collin Sexton,29:59,Alec Burks,29:52,Cameron Payne,22:03,Matthew Dellavedova,18:01,Jalen Jones,15:28,Ante Žižić,13:07,Channing Frye,7:11
2,.400,5,55.556,1,0.33,124,0,3,75.0,3,.333,1.0,25.0,4.0,9,2,1.000,2,22.222,Logos via Sports Logos.net / About logos,L,https://www.basketball-reference.com/boxscores/201901090NOP.html,Away,140,32:52,1,25.0,NOP,Anthony Davis,Kenrich Williams,6:58,,,,,,,,,,,36:47,Darius Miller,36:29,Jrue Holiday,36:05,Elfrid Payton,28:09,Julius Randle,27:03,Nikola Mirotić,21:50,Frank Jackson,19:27,Tim Frazier,15:36,Jahlil Okafor,11:36,140,3,10,2.0,20.0,6.0,60.0,2.0,20.0,Cedi Osman,16,0,2018-2019,0.0,3,4.0,CLE,124,Jordan Clarkson,Jaron Blossomgame,5:04,,,,,,,,,,,29:51,Tristan Thompson,28:51,Alec Burks,26:38,Collin Sexton,24:56,Cameron Payne,22:17,Matthew Dellavedova,20:24,Ante Žižić,20:13,Jalen Jones,18:24,Channing Frye,10:30
0,.000,3,30.000,1,0.50,113,0,3,100.0,6,.600,6.0,85.7,7.0,10,3,1.000,3,30.000,Logos via Sports Logos.net / About logos,L,https://www.basketball-reference.com/boxscores/201901110HOU.html,Away,141,27:40,0,0.0,HOU,Danuel House Jr.,Marquese Chriss,12:00,Nenê,6:26,,,,,,,,,30:00,James Harden,29:34,Clint Capela,29:34,P.J. Tucker,25:59,Gerald Green,24:16,Austin Rivers,24:12,James Ennis III,20:03,Gary Clark,19:30,Brandon Knight,18:26,141,3,15,12.0,80.0,0.0,0.0,3.0,20.0,Cedi Osman,28,1,2018-2019,1.0,2,3.0,CLE,113,Collin Sexton,Jaron Blossomgame,4:52,,,,,,,,,,,28:12,Alec Burks,27:19,Jordan Clarkson,25:06,Tristan Thompson,24:16,Ante Žižić,23:44,Cameron Payne,20:41,Jalen Jones,20:20,Matthew Dellavedova,19:48,Rodney Hood,18:02
2,.333,6,35.294,1,0.50,101,0,8,100.0,8,.471,6.0,54.5,11.0,17,2,.500,4,23.529,Logos via Sports Logos.net / About logos,W,https://www.basketball-reference.com/boxscores/201901130LAL.html,Away,95,42:15,0,0.0,LAL,Lonzo Ball,Svi Mykhailiuk,5:02,Tyson Chandler,3:30,,,,,,,,,40:41,Brandon Ingram,39:59,Kyle Kuzma,36:15,Josh Hart,32:13,Kentavious Caldwell-Pope,26:06,JaVale McGee,23:11,Lance Stephenson,15:13,Ivica Zubac,10:43,Michael Beasley,7:05,95,3,20,12.0,60.0,6.0,30.0,2.0,10.0,Cedi Osman,6,2,2018-2019,2.0,2,8.0,CLE,101,Tristan Thompson,,,,,,,,,,,,,37:26,Collin Sexton,33:25,Alec Burks,32:52,Jordan Clarkson,27:33,Rodney Hood,24:27,Matthew Dellavedova,16:34,Ante Žižić,10:26,Jaron Blossomgame,9:09,Cameron Payne,5:50
0,.000,2,33.333,0,0.00,112,0,1,100.0,2,.333,2.0,50.0,4.0,6,0,,0,0.000,Logos via Sports Logos.net / About logos,L,https://www.basketball-reference.com/boxscores/201901160POR.html,Away,129,16:06,0,0.0,POR,Damian Lillard,Nik Stauskas,15:34,Anfernee Simons,2:13,Gary Trent Jr.,2:13,,,,,,,32:00,CJ McCollum,29:22,Al-Farouq Aminu,28:20,Jusuf Nurkić,28:20,Jake Layman,25:56,Evan Turner,21:14,Meyers Leonard,19:40,Seth Curry,18:07,Zach Collins,17:01,129,3,4,4.0,100.0,0.0,0.0,0.0,0.0,Cedi Osman,17,0,2018-2019,0.0,1,1.0,CLE,112,Collin Sexton,,,,,,,,,,,,,30:15,Jordan Clarkson,29:10,Jaron Blossomgame,28:33,Ante Žižić,26:32,Rodney Hood,24:30,Alec Burks,23:46,Tristan Thompson,21:28,Cameron Payne,20:38,Matthew Dellavedova,19:02
1,.333,3,42.857,1,1.00,99,0,2,100.0,3,.429,2.0,50.0,4.0,7,0,,0,0.000,Logos via Sports Logos.net / About logos,L,https://www.basketball-reference.com/boxscores/201901180UTA.html,Away,115,23:48,0,0.0,UTA,Royce O'Neale,Naz Mitrou-Long,8:17,Ekpe Udoh,7:32,Tyler Cavanaugh,2:40,,,,,,,35:55,Rudy Gobert,26:38,Donovan Mitchell,26:13,Joe Ingles,24:56,Grayson Allen,24:00,Derrick Favors,22:44,Kyle Korver,21:59,Jae Crowder,21:50,Georges Niang,17:16,115,1,7,4.0,57.1,3.0,42.9,0.0,0.0,Cedi Osman,16,2,2018-2019,2.0,1,2.0,CLE,99,Ante Žižić,,,,,,,,,,,,,34:24,Jordan Clarkson,31:19,Collin Sexton,30:09,Cameron Payne,24:12,Jaron Blossomgame,24:12,Alec Burks,23:48,Matthew Dellavedova,17:51,Rodney Hood,16:41,Channing Frye,13:36
1,.333,3,30.000,1,0.25,102,1,3,100.0,6,.600,5.0,71.4,7.0,10,4,.800,5,50.000,Logos via Sports Logos.net / About logos,L,https://www.basketball-reference.com/boxscores/201901190DEN.html,Away,124,30:00,0,0.0,DEN,Malik Beasley,Gary Harris,17:05,Tyler Lydon,5:45,Brandon Goodwin,3:38,,,,,,,30:55,Nikola Jokić,27:39,Torrey Craig,26:53,Jamal Murray,24:56,Paul Millsap,22:59,Will Barton,21:07,Mason Plumlee,20:11,Trey Lyles,19:26,Monte Morris,19:26,124,3,17,10.0,58.8,3.0,17.6,4.0,23.5,Cedi Osman,22,1,2018-2019,2.0,4,3.0,CLE,102,Collin Sexton,Deng Adel,5:08,,,,,,,,,,,33:11,Ante Žižić,30:46,Rodney Hood,26:57,Jordan Clarkson,23:27,Alec Burks,21:40,Cameron Payne,19:42,Jaron Blossomgame,19:01,Channing Frye,15:19,Matthew Dellavedova,14:49
1,.250,4,57.143,3,3.00,104,0,0,,3,.429,2.0,66.7,3.0,7,1,.500,2,28.571,Logos via Sports Logos.net / About logos,L,https://www.basketball-reference.com/boxscores/201901210CLE.html,Home,88,32:05,0,,CHI,Chandler Hutchison,Jabari Parker,12:09,Antonio Blakeney,2:38,Cristiano Felício,2:38,,,,,,,31:49,Lauri Markkanen,31:40,Kris Dunn,31:13,Wayne Selden,25:15,Zach LaVine,24:47,Robin Lopez,23:44,Ryan Arcidiacono,18:42,Bobby Portis,18:38,Shaquille Harrison,16:47,104,2,8,4.0,50.0,3.0,37.5,1.0,12.5,Cedi Osman,16,2,2018-2019,2.0,1,0.0,CLE,88,Collin Sexton,Deng Adel,5:40,,,,,,,,,,,29:21,Ante Žižić,28:22,Rodney Hood,26:49,Cameron Payne,25:47,Jordan Clarkson,19:51,Channing Frye,19:19,Matthew Dellavedova,18:39,Alec Burks,17:12,Jaron Blossomgame,16:55
6,.857,7,63.636,2,0.67,103,0,6,75.0,8,.727,2.0,50.0,4.0,11,3,.750,4,36.364,Logos via Sports Logos.net / About logos,L,https://www.basketball-reference.com/boxscores/201901230BOS.html,Away,123,33:10,2,25.0,BOS,Jayson Tatum,Robert Williams,13:29,Guerschon Yabusele,4:33,Semi Ojeleye,2:43,,,,,,,30:55,Terry Rozier,29:47,Marcus Morris,25:22,Gordon Hayward,25:21,Jaylen Brown,25:11,Marcus Smart,25:07,Aron Baynes,22:21,Brad Wanamaker,20:18,Daniel Theis,14:53,123,4,25,4.0,16.0,18.0,72.0,3.0,12.0,Cedi Osman,20,0,2018-2019,0.0,3,8.0,CLE,103,Ante Žižić,Deng Adel,2:43,,,,,,,,,,,32:34,Collin Sexton,31:15,Alec Burks,25:33,Rodney Hood,23:43,Jordan Clarkson,22:25,Jaron Blossomgame,21:33,Matthew Dellavedova,16:45,Channing Frye,15:26,Cameron Payne,14:53
3,.375,8,40.000,4,4.00,100,0,2,50.0,11,.550,8.0,66.7,12.0,20,4,.800,5,25.000,Logos via Sports Logos.net / About logos,L,https://www.basketball-reference.com/boxscores/201901250CLE.html,Home,94,39:09,2,50.0,MIA,Josh Richardson,Kelly Olynyk,4:30,,,,,,,,,,,36:30,Justise Winslow,35:37,Tyler Johnson,30:46,Dwyane Wade,28:00,Bam Adebayo,25:38,James Johnson,23:56,Derrick Jones Jr.,23:01,Hassan Whiteside,22:22,Rodney McGruder,9:40,100,5,29,16.0,55.2,9.0,31.0,4.0,13.8,Cedi Osman,6,2,2018-2019,2.0,1,4.0,CLE,94,Alec Burks,,,,,,,,,,,,,29:56,Rodney Hood,29:47,Jordan Clarkson,27:18,Collin Sexton,26:59,Ante Žižić,26:56,Larry Nance Jr.,21:04,Matthew Dellavedova,21:01,Deng Adel,14:36,Jaron Blossomgame,3:14
2,.250,8,47.059,2,1.00,104,0,6,75.0,6,.353,4.0,44.4,9.0,17,3,.750,4,23.529,Logos via Sports Logos.net / About logos,W,https://www.basketball-reference.com/boxscores/201901270CHI.html,Away,101,38:53,2,25.0,CHI,Lauri Markkanen,Shaquille Harrison,8:43,,,,,,,,,,,38:55,Wayne Selden,37:30,Zach LaVine,36:14,Kris Dunn,34:38,Robin Lopez,26:26,Bobby Portis,19:13,Ryan Arcidiacono,15:09,Antonio Blakeney,11:46,Jabari Parker,11:26,101,3,17,8.0,47.1,6.0,35.3,3.0,17.6,Cedi Osman,3,2,2018-2019,2.0,2,8.0,CLE,104,Ante Žižić,,,,,,,,,,,,,35:47,Alec Burks,32:20,Rodney Hood,30:49,Collin Sexton,25:44,Matthew Dellavedova,22:16,Jordan Clarkson,21:55,Larry Nance Jr.,17:18,Deng Adel,10:34,Channing Frye,4:24
4,.500,8,50.000,7,2.33,113,1,5,100.0,10,.625,6.0,75.0,8.0,16,2,.250,8,50.000,Logos via Sports Logos.net / About logos,W,https://www.basketball-reference.com/boxscores/201901290CLE.html,Home,116,35:54,0,0.0,WAS,Bradley Beal,Troy Brown Jr.,11:11,Chasson Randle,8:53,Jordan McRae,8:15,,,,,,,35:51,Tomáš Satoranský,31:01,Trevor Ariza,27:46,Otto Porter Jr.,25:30,Jeff Green,25:01,Thomas Bryant,23:21,Ian Mahinmi,16:17,Sam Dekker,14:54,Gary Payton II,12:00,113,3,26,12.0,46.2,12.0,46.2,2.0,7.7,Cedi Osman,3,2,2018-2019,3.0,3,5.0,CLE,116,Alec Burks,,,,,,,,,,,,,35:10,Collin Sexton,29:41,Rodney Hood,29:35,Jordan Clarkson,29:15,Larry Nance Jr.,24:30,Ante Žižić,23:29,Matthew Dellavedova,17:46,Deng Adel,14:40,,
0,.000,2,22.222,3,,111,0,1,50.0,5,.556,5.0,71.4,7.0,9,0,,0,0.000,Logos via Sports Logos.net / About logos,L,https://www.basketball-reference.com/boxscores/201902020CLE.html,Home,98,14:29,1,50.0,DAL,Harrison Barnes,Daryl Macon,1:29,,,,,,,,,,,36:07,Luka Dončić,32:44,Jalen Brunson,32:43,Ryan Broekhoff,29:04,Dorian Finney-Smith,27:36,Maxi Kleber,26:45,Dwight Powell,24:10,Devin Harris,20:24,Dirk Nowitzki,8:58,111,2,10,10.0,100.0,0.0,0.0,0.0,0.0,Cedi Osman,13,1,2018-2019,1.0,0,2.0,CLE,98,Alec Burks,Jaron Blossomgame,1:48,Kobi Simmons,1:48,,,,,,,,,33:37,Collin Sexton,31:04,Jordan Clarkson,30:41,Rodney Hood,30:11,Larry Nance Jr.,27:56,Ante Žižić,20:04,Matthew Dellavedova,18:47,David Nwaba,15:11,Deng Adel,14:24
2,.500,4,40.000,3,,148,0,5,100.0,5,.500,3.0,50.0,6.0,10,1,.500,2,20.000,Logos via Sports Logos.net / About logos,L,https://www.basketball-reference.com/boxscores/201902130CLE.html,Home,139,24:59,0,0.0,BRK,Joe Harris,,,,,,,,,,,,,48:22,DeMarre Carroll,45:50,D'Angelo Russell,42:41,Jarrett Allen,41:47,Allen Crabbe,33:12,Caris LeVert,30:30,Rondae Hollis-Jefferson,29:09,Shabazz Napier,22:25,Ed Davis,21:04,148,2,13,6.0,46.2,6.0,46.2,1.0,7.7,Cedi Osman,9,0,2018-2019,0.0,0,5.0,CLE,139,Jordan Clarkson,Deng Adel,0:10,,,,,,,,,,,47:32,Collin Sexton,45:09,Matthew Dellavedova,40:02,Larry Nance Jr.,32:46,Ante Žižić,30:07,Marquese Chriss,27:43,David Nwaba,27:39,Nik Stauskas,23:25,Brandon Knight,15:28
5,.625,8,66.667,5,5.00,98,0,5,100.0,7,.583,2.0,50.0,4.0,12,0,,0,0.000,Logos via Sports Logos.net / About logos,W,https://www.basketball-reference.com/boxscores/201902210CLE.html,Home,111,33:41,0,0.0,PHO,Kelly Oubre Jr.,Elie Okobo,3:16,,,,,,,,,,,40:52,Devin Booker,37:57,Deandre Ayton,34:50,Tyler Johnson,33:07,Josh Jackson,29:36,Mikal Bridges,24:14,Jamal Crawford,13:55,Richaun Holmes,13:10,Dragan Bender,9:03,98,3,19,4.0,21.1,15.0,78.9,0.0,0.0,Cedi Osman,13,0,2018-2019,0.0,1,5.0,CLE,111,Collin Sexton,,,,,,,,,,,,,30:29,Larry Nance Jr.,29:17,Ante Žižić,25:51,Jordan Clarkson,23:46,Kevin Love,22:13,Brandon Knight,21:48,Matthew Dellavedova,20:23,David Nwaba,17:07,Marquese Chriss,15:25
3,.500,6,66.667,2,2.00,107,0,4,100.0,4,.444,1.0,33.3,3.0,9,0,,0,0.000,Logos via Sports Logos.net / About logos,W,https://www.basketball-reference.com/boxscores/201902230CLE.html,Home,112,32:24,0,0.0,MEM,Delon Wright,Chandler Parsons,17:34,,,,,,,,,,,32:28,Mike Conley,30:03,Jonas Valančiūnas,29:38,Justin Holiday,26:07,Joakim Noah,23:34,Ivan Rabb,23:12,Bruno Caboclo,19:25,C.J. Miles,19:05,Avery Bradley,18:54,107,0,11,2.0,18.2,9.0,81.8,0.0,0.0,Cedi Osman,5,0,2018-2019,0.0,1,4.0,CLE,112,Collin Sexton,Nik Stauskas,5:05,,,,,,,,,,,32:21,Ante Žižić,29:40,Kevin Love,25:56,Matthew Dellavedova,23:15,Larry Nance Jr.,23:01,Jordan Clarkson,21:47,Brandon Knight,18:37,David Nwaba,16:34,Marquese Chriss,11:20
3,.600,5,31.250,3,3.00,123,0,5,71.4,10,.625,7.0,63.6,11.0,16,4,1.000,4,25.000,Logos via Sports Logos.net / About logos,L,https://www.basketball-reference.com/boxscores/201902250CLE.html,Home,110,32:10,2,28.6,POR,Damian Lillard,Zach Collins,13:02,,,,,,,,,,,37:20,CJ McCollum,35:54,Al-Farouq Aminu,29:28,Jusuf Nurkić,29:10,Maurice Harkless,26:04,Enes Freedom,18:50,Rodney Hood,18:00,Jake Layman,16:25,Seth Curry,15:47,123,4,27,14.0,51.9,9.0,33.3,4.0,14.8,Cedi Osman,13,1,2018-2019,1.0,1,7.0,CLE,110,Collin Sexton,Nik Stauskas,4:52,,,,,,,,,,,31:30,Jordan Clarkson,28:29,Kevin Love,28:00,Larry Nance Jr.,27:41,Ante Žižić,21:47,Brandon Knight,19:31,Matthew Dellavedova,16:30,David Nwaba,14:58,Marquese Chriss,14:32
3,.750,4,40.000,5,2.50,125,2,6,85.7,7,.700,4.0,66.7,6.0,10,4,1.000,4,40.000,Logos via Sports Logos.net / About logos,W,https://www.basketball-reference.com/boxscores/201902280NYK.html,Away,118,31:32,1,14.3,NYK,Allonzo Trier,John Jenkins,9:13,,,,,,,,,,,32:00,Damyean Dotson,29:24,Dennis Smith Jr.,28:55,Mitchell Robinson,28:24,Henry Ellenson,26:50,Emmanuel Mudiay,22:22,Noah Vonleh,22:11,Kevin Knox,22:06,Lance Thomas,18:35,118,1,21,8.0,38.1,9.0,42.9,4.0,19.0,Cedi Osman,7,1,2018-2019,3.0,2,7.0,CLE,125,Collin Sexton,Nik Stauskas,6:43,,,,,,,,,,,31:32,Jordan Clarkson,28:57,Kevin Love,28:21,Ante Žižić,26:28,Larry Nance Jr.,19:28,Brandon Knight,19:03,David Nwaba,18:29,Matthew Dellavedova,16:29,Marquese Chriss,12:58
2,.500,4,44.444,2,1.00,129,0,2,50.0,3,.333,1.0,20.0,5.0,9,2,1.000,2,22.222,Logos via Sports Logos.net / About logos,L,https://www.basketball-reference.com/boxscores/201903020CLE.html,Home,93,32:06,2,50.0,DET,Bruce Brown,Glenn Robinson III,14:29,Zaza Pachulia,9:13,Svi Mykhailiuk,4:46,Khyri Thomas,4:46,,,,,27:00,Blake Griffin,26:24,Andre Drummond,25:33,Luke Kennard,22:02,Ish Smith,22:02,Reggie Jackson,21:12,Wayne Ellington,21:12,Langston Galloway,21:00,Thon Maker,20:21,129,3,10,2.0,20.0,6.0,60.0,2.0,20.0,Cedi Osman,36,1,2018-2019,1.0,2,4.0,CLE,93,Collin Sexton,,,,,,,,,,,,,35:09,David Nwaba,27:48,Larry Nance Jr.,25:59,Jordan Clarkson,23:12,Marquese Chriss,20:41,Channing Frye,20:28,Brandon Knight,20:02,Matthew Dellavedova,17:37,Nik Stauskas,16:58
2,.333,6,46.154,3,,93,0,5,83.3,6,.462,4.0,57.1,7.0,13,0,,0,0.000,Logos via Sports Logos.net / About logos,W,https://www.basketball-reference.com/boxscores/201903030CLE.html,Home,107,34:05,1,16.7,ORL,Aaron Gordon,,,,,,,,,,,,,41:04,Nikola Vučević,35:45,Evan Fournier,35:02,D.J. Augustin,29:16,Terrence Ross,29:12,Jonathan Isaac,25:13,Isaiah Briscoe,18:44,Wes Iwundu,13:29,Khem Birch,12:15,93,1,14,8.0,57.1,6.0,42.9,0.0,0.0,Cedi Osman,14,3,2018-2019,3.0,0,6.0,CLE,107,Larry Nance Jr.,,,,,,,,,,,,,32:00,Collin Sexton,29:26,Kevin Love,28:46,Jordan Clarkson,26:37,David Nwaba,21:36,Matthew Dellavedova,18:58,Brandon Knight,18:39,Marquese Chriss,15:58,Nik Stauskas,13:55
1,.250,4,40.000,4,2.00,107,0,6,100.0,2,.200,1.0,16.7,6.0,10,0,,0,0.000,Logos via Sports Logos.net / About logos,L,https://www.basketball-reference.com/boxscores/201903060BRK.html,Away,113,35:01,0,0.0,BRK,D'Angelo Russell,,,,,,,,,,,,,32:16,Joe Harris,32:16,Spencer Dinwiddie,30:21,Allen Crabbe,29:03,Rodions Kurucs,28:21,Jarrett Allen,26:53,Ed Davis,21:02,Caris LeVert,20:09,DeMarre Carroll,19:39,113,2,5,2.0,40.0,3.0,60.0,0.0,0.0,Cedi Osman,6,0,2018-2019,0.0,2,6.0,CLE,107,Larry Nance Jr.,,,,,,,,,,,,,32:54,Kevin Love,31:29,Collin Sexton,30:39,Jordan Clarkson,26:06,David Nwaba,20:26,Brandon Knight,19:05,Matthew Dellavedova,17:21,Nik Stauskas,15:48,Marquese Chriss,11:11
1,.167,6,66.667,6,2.00,110,0,4,100.0,1,.111,0.0,0.0,3.0,9,2,1.000,2,22.222,Logos via Sports Logos.net / About logos,L,https://www.basketball-reference.com/boxscores/201903080MIA.html,Away,126,35:52,0,0.0,MIA,Josh Richardson,Goran Dragić,15:39,,,,,,,,,,,35:10,Justise Winslow,34:59,Kelly Olynyk,25:05,Bam Adebayo,24:47,Hassan Whiteside,23:13,Derrick Jones Jr.,22:55,Rodney McGruder,21:01,Dwyane Wade,19:49,Dion Waiters,17:22,126,4,5,0.0,0.0,3.0,60.0,2.0,40.0,Cedi Osman,16,0,2018-2019,0.0,3,4.0,CLE,110,Collin Sexton,,,,,,,,,,,,,34:42,Kevin Love,30:38,Jordan Clarkson,28:46,Brandon Knight,25:33,David Nwaba,22:59,Marquese Chriss,18:20,Larry Nance Jr.,16:49,Ante Žižić,14:50,Nik Stauskas,11:31
2,.333,6,37.500,7,3.50,101,0,7,100.0,6,.375,4.0,40.0,10.0,16,5,1.000,5,31.250,Logos via Sports Logos.net / About logos,W,https://www.basketball-reference.com/boxscores/201903110CLE.html,Home,126,35:03,0,0.0,TOR,Kawhi Leonard,Serge Ibaka,17:25,Malcolm Miller,3:48,Chris Boucher,3:48,,,,,,,30:35,Kyle Lowry,29:34,Pascal Siakam,29:03,OG Anunoby,25:38,Marc Gasol,21:40,Jeremy Lin,20:51,Danny Green,19:48,Norman Powell,18:57,Patrick McCaw,18:53,101,1,19,8.0,42.1,6.0,31.6,5.0,26.3,Cedi Osman,25,1,2018-2019,1.0,2,7.0,CLE,126,Collin Sexton,Deng Adel,2:11,,,,,,,,,,,36:15,Jordan Clarkson,30:46,Kevin Love,28:41,Ante Žižić,26:54,Nik Stauskas,23:48,Brandon Knight,23:35,David Nwaba,16:40,Marquese Chriss,13:56,Channing Frye,2:11
4,.444,9,47.368,4,2.00,99,0,7,87.5,7,.368,3.0,30.0,10.0,19,0,,0,0.000,Logos via Sports Logos.net / About logos,L,https://www.basketball-reference.com/boxscores/201903120PHI.html,Away,106,35:39,1,12.5,PHI,Tobias Harris,,,,,,,,,,,,,39:00,Ben Simmons,37:40,JJ Redick,34:50,Joel Embiid,34:22,Mike Scott,30:29,James Ennis III,22:10,Jonathon Simmons,17:31,Boban Marjanović,13:38,T.J. McConnell,10:20,106,1,18,6.0,33.3,12.0,66.7,0.0,0.0,Cedi Osman,7,2,2018-2019,2.0,2,8.0,CLE,99,Collin Sexton,,,,,,,,,,,,,35:24,Ante Žižić,34:10,David Nwaba,30:20,Jordan Clarkson,30:14,Brandon Knight,26:09,Nik Stauskas,17:22,Deng Adel,16:52,Channing Frye,13:50,,
0,.000,3,37.500,4,2.00,91,0,8,100.0,4,.500,4.0,80.0,5.0,8,0,,0,0.000,Logos via Sports Logos.net / About logos,L,https://www.basketball-reference.com/boxscores/201903140ORL.html,Away,120,34:36,0,0.0,ORL,Evan Fournier,Jarell Martin,4:07,Troy Caupain,2:53,Melvin Frazier,2:53,Amile Jefferson,2:53,,,,,29:22,Jonathan Isaac,28:57,Aaron Gordon,28:44,Nikola Vučević,26:52,Terrence Ross,26:06,D.J. Augustin,25:49,Jerian Grant,22:11,Wes Iwundu,20:58,Khem Birch,18:15,120,2,8,8.0,100.0,0.0,0.0,0.0,0.0,Cedi Osman,29,0,2018-2019,0.0,2,8.0,CLE,91,Collin Sexton,,,,,,,,,,,,,38:49,Ante Žižić,29:59,Jordan Clarkson,26:45,Brandon Knight,26:21,Kevin Love,24:13,Nik Stauskas,20:13,Marquese Chriss,18:01,David Nwaba,16:56,Deng Adel,4:07
6,.857,7,43.750,4,,116,0,2,66.7,8,.500,2.0,22.2,9.0,16,0,,0,0.000,Logos via Sports Logos.net / About logos,L,https://www.basketball-reference.com/boxscores/201903160DAL.html,Away,121,36:39,1,33.3,DAL,Tim Hardaway Jr.,,,,,,,,,,,,,36:15,Dorian Finney-Smith,34:32,Dwight Powell,29:22,Dirk Nowitzki,29:08,Jalen Brunson,26:25,Maxi Kleber,25:08,Devin Harris,21:52,Trey Burke,21:35,Justin Jackson,15:43,121,2,22,4.0,18.2,18.0,81.8,0.0,0.0,Cedi Osman,5,0,2018-2019,0.0,0,3.0,CLE,116,Collin Sexton,,,,,,,,,,,,,38:22,Kevin Love,32:27,Ante Žižić,30:49,Jordan Clarkson,30:25,Brandon Knight,20:18,Nik Stauskas,18:20,Marquese Chriss,17:06,David Nwaba,15:34,,
2,.400,5,35.714,6,,119,0,4,100.0,7,.500,5.0,55.6,9.0,14,5,1.000,5,35.714,Logos via Sports Logos.net / About logos,W,https://www.basketball-reference.com/boxscores/201903180CLE.html,Home,126,38:15,0,0.0,DET,Andre Drummond,Zaza Pachulia,5:15,,,,,,,,,,,38:22,Thon Maker,33:16,Wayne Ellington,32:26,Langston Galloway,25:40,Ish Smith,24:03,Reggie Jackson,23:57,Luke Kennard,21:02,Glenn Robinson III,19:07,Bruce Brown,16:52,119,1,21,10.0,47.6,6.0,28.6,5.0,23.8,Cedi Osman,7,1,2018-2019,1.0,0,4.0,CLE,126,David Nwaba,,,,,,,,,,,,,40:00,Collin Sexton,32:53,Brandon Knight,29:11,Jordan Clarkson,27:22,Ante Žižić,25:02,Nik Stauskas,24:19,Marquese Chriss,19:31,Channing Frye,3:27,,
1,.200,5,50.000,1,,102,0,3,100.0,3,.300,2.0,40.0,5.0,10,1,.500,2,20.000,Logos via Sports Logos.net / About logos,W,https://www.basketball-reference.com/boxscores/201903200CLE.html,Home,107,29:45,0,0.0,MIL,Khris Middleton,,,,,,,,,,,,,37:12,Brook Lopez,36:49,Eric Bledsoe,35:15,Pat Connaughton,34:20,D.J. Wilson,29:14,Tony Snell,27:39,Ersan İlyasova,24:54,Tim Frazier,14:37,,,102,2,8,4.0,50.0,3.0,37.5,1.0,12.5,Cedi Osman,5,0,2018-2019,0.0,0,3.0,CLE,107,Collin Sexton,Marquese Chriss,6:24,,,,,,,,,,,34:41,Jordan Clarkson,32:03,Brandon Knight,26:20,Ante Žižić,25:02,Larry Nance Jr.,23:19,Kevin Love,18:29,David Nwaba,16:56,Nik Stauskas,14:48,Tristan Thompson,12:13
2,.667,3,42.857,3,1.50,110,0,2,100.0,2,.286,0.0,0.0,4.0,7,5,.833,6,85.714,Logos via Sports Logos.net / About logos,L,https://www.basketball-reference.com/boxscores/201903220CLE.html,Home,108,34:38,0,0.0,LAC,Shai Gilgeous-Alexander,Wilson Chandler,9:38,Sindarius Thornwell,0:29,,,,,,,,,34:32,Danilo Gallinari,32:39,Patrick Beverley,32:24,Lou Williams,28:52,Montrezl Harrell,28:35,Landry Shamet,24:37,Ivica Zubac,17:27,JaMychal Green,17:15,Garrett Temple,13:32,110,5,11,0.0,0.0,6.0,54.5,5.0,45.5,Cedi Osman,2,0,2018-2019,0.0,2,2.0,CLE,108,Jordan Clarkson,Marquese Chriss,5:45,,,,,,,,,,,33:22,Kevin Love,32:44,Collin Sexton,30:33,Larry Nance Jr.,24:15,Brandon Knight,19:51,Tristan Thompson,19:11,David Nwaba,18:55,Ante Žižić,13:55,Nik Stauskas,6:51
0,.000,5,50.000,2,0.67,105,0,3,100.0,4,.400,4.0,80.0,5.0,10,1,.500,2,20.000,Logos via Sports Logos.net / About logos,L,https://www.basketball-reference.com/boxscores/201903240MIL.html,Away,127,33:14,0,0.0,MIL,Khris Middleton,D.J. Wilson,16:05,Bonzie Colson,1:31,Tim Frazier,1:31,,,,,,,32:45,Giannis Antetokounmpo,31:36,Eric Bledsoe,28:13,Brook Lopez,26:49,Pat Connaughton,25:12,George Hill,21:02,Ersan İlyasova,19:59,Tony Snell,18:10,Sterling Brown,17:06,127,6,9,8.0,88.9,0.0,0.0,1.0,11.1,Cedi Osman,22,1,2018-2019,1.0,3,3.0,CLE,105,Collin Sexton,,,,,,,,,,,,,36:40,Jordan Clarkson,34:31,Kevin Love,31:32,Larry Nance Jr.,30:06,Brandon Knight,21:42,David Nwaba,19:49,Tristan Thompson,15:26,Nik Stauskas,13:22,Marquese Chriss,3:37
3,.500,6,66.667,2,,116,0,7,100.0,6,.667,3.0,100.0,3.0,9,0,.000,1,11.111,Logos via Sports Logos.net / About logos,L,https://www.basketball-reference.com/boxscores/201903260CLE.html,Home,106,35:40,0,0.0,BOS,Jayson Tatum,Guerschon Yabusele,6:19,,,,,,,,,,,33:45,Marcus Smart,33:07,Gordon Hayward,30:14,Marcus Morris,29:18,Terry Rozier,29:02,Al Horford,26:31,Aron Baynes,24:50,Jaylen Brown,17:52,Daniel Theis,9:02,116,5,15,6.0,40.0,9.0,60.0,0.0,0.0,Cedi Osman,10,0,2018-2019,0.0,0,7.0,CLE,106,Collin Sexton,,,,,,,,,,,,,38:39,Larry Nance Jr.,31:15,Jordan Clarkson,29:54,Kevin Love,29:11,Tristan Thompson,18:09,David Nwaba,17:45,Brandon Knight,16:05,Marquese Chriss,12:00,Nik Stauskas,11:22
1,.200,5,38.462,2,2.00,110,0,5,100.0,4,.308,3.0,37.5,8.0,13,0,,0,0.000,Logos via Sports Logos.net / About logos,L,https://www.basketball-reference.com/boxscores/201903280SAS.html,Away,116,30:06,0,0.0,SAS,LaMarcus Aldridge,Dante Cunningham,4:10,Lonnie Walker IV,2:42,,,,,,,,,35:54,DeMar DeRozan,34:55,Bryn Forbes,34:39,Rudy Gay,27:29,Patty Mills,23:22,Marco Belinelli,22:41,Derrick White,19:44,Jakob Poeltl,18:43,Dāvis Bertāns,15:41,116,3,9,6.0,66.7,3.0,33.3,0.0,0.0,Cedi Osman,6,0,2018-2019,0.0,1,5.0,CLE,110,Collin Sexton,,,,,,,,,,,,,34:51,Kevin Love,34:34,Brandon Knight,31:53,Larry Nance Jr.,27:35,Tristan Thompson,21:31,Jordan Clarkson,21:00,David Nwaba,18:38,Marquese Chriss,11:23,Nik Stauskas,8:29
2,.333,6,46.154,3,,108,0,4,80.0,5,.385,3.0,42.9,7.0,13,7,.778,9,69.231,Logos via Sports Logos.net / About logos,L,https://www.basketball-reference.com/boxscores/201903300LAC.html,Away,132,33:29,1,20.0,LAC,Montrezl Harrell,Jerome Robinson,12:00,Tyrone Wallace,9:09,Sindarius Thornwell,3:44,Johnathan Motley,3:34,,,,,27:51,Shai Gilgeous-Alexander,27:40,Landry Shamet,27:38,Wilson Chandler,25:25,Lou Williams,23:10,Patrick Beverley,22:58,JaMychal Green,22:45,Garrett Temple,17:41,Ivica Zubac,16:25,132,1,19,6.0,31.6,6.0,31.6,7.0,36.8,Cedi Osman,24,4,2018-2019,4.0,0,5.0,CLE,108,Collin Sexton,Deng Adel,3:34,,,,,,,,,,,39:52,Larry Nance Jr.,32:09,Brandon Knight,28:48,Tristan Thompson,25:59,David Nwaba,24:13,Jordan Clarkson,24:07,Marquese Chriss,11:46,Nik Stauskas,9:15,Ante Žižić,6:48
0,.000,6,50.000,3,,113,0,0,,1,.083,1.0,16.7,6.0,12,1,1.000,1,8.333,Logos via Sports Logos.net / About logos,L,https://www.basketball-reference.com/boxscores/201904010PHO.html,Away,122,32:37,0,,PHO,Mikal Bridges,Ray Spalding,4:37,,,,,,,,,,,40:34,Devin Booker,35:05,Josh Jackson,34:16,Jamal Crawford,30:12,Dragan Bender,27:27,Troy Daniels,24:40,Richaun Holmes,24:10,Elie Okobo,13:07,Jimmer Fredette,5:52,122,6,3,2.0,66.7,0.0,0.0,1.0,33.3,Cedi Osman,9,1,2018-2019,1.0,0,0.0,CLE,113,Collin Sexton,Channing Frye,3:18,,,,,,,,,,,38:31,Jordan Clarkson,32:34,Larry Nance Jr.,30:19,Brandon Knight,25:09,Tristan Thompson,21:19,Nik Stauskas,17:10,David Nwaba,15:40,Ante Žižić,13:53,Marquese Chriss,9:30
3,.600,5,45.455,3,1.50,104,0,2,50.0,7,.636,4.0,66.7,6.0,11,0,,0,0.000,Logos via Sports Logos.net / About logos,L,https://www.basketball-reference.com/boxscores/201904040SAC.html,Away,117,29:20,2,50.0,SAC,De'Aaron Fox,Corey Brewer,10:30,,,,,,,,,,,34:14,Harrison Barnes,31:52,Willie Cauley-Stein,30:51,Buddy Hield,29:25,Bogdan Bogdanović,27:40,Nemanja Bjelica,25:38,Marvin Bagley III,20:38,Kosta Koufos,15:26,Yogi Ferrell,13:46,117,2,17,8.0,47.1,9.0,52.9,0.0,0.0,Cedi Osman,13,0,2018-2019,0.0,2,4.0,CLE,104,Collin Sexton,,,,,,,,,,,,,37:48,Jordan Clarkson,31:28,Ante Žižić,30:49,Larry Nance Jr.,29:37,Brandon Knight,27:56,David Nwaba,20:10,Marquese Chriss,16:27,Nik Stauskas,14:43,Deng Adel,1:42
1,.167,6,50.000,2,2.00,114,0,4,66.7,6,.500,5.0,83.3,6.0,12,2,1.000,2,16.667,Logos via Sports Logos.net / About logos,L,https://www.basketball-reference.com/boxscores/201904050GSW.html,Away,120,32:47,2,33.3,GSW,Kevin Durant,Alfonzo McKinnie,9:12,Shaun Livingston,7:17,Damion Lee,2:37,,,,,,,36:42,Klay Thompson,36:12,Stephen Curry,36:06,Draymond Green,36:06,Andrew Bogut,20:57,Jonas Jerebko,16:58,Quinn Cook,15:58,Jordan Bell,12:01,Kevon Looney,9:54,120,1,15,10.0,66.7,3.0,20.0,2.0,13.3,Cedi Osman,6,2,2018-2019,2.0,1,6.0,CLE,114,Jordan Clarkson,,,,,,,,,,,,,32:24,Larry Nance Jr.,32:22,Collin Sexton,31:54,Brandon Knight,31:38,David Nwaba,22:56,Tristan Thompson,21:19,Ante Žižić,16:46,Nik Stauskas,12:08,Marquese Chriss,5:46
1,.250,4,36.364,0,0.00,112,0,2,50.0,4,.364,3.0,42.9,7.0,11,3,.750,4,36.364,Logos via Sports Logos.net / About logos,L,https://www.basketball-reference.com/boxscores/201904070CLE.html,Home,90,35:24,2,50.0,SAS,DeMar DeRozan,Lonnie Walker IV,12:10,Donatas Motiejūnas,5:50,Quincy Pondexter,5:16,Dante Cunningham,5:16,,,,,31:50,Bryn Forbes,30:08,LaMarcus Aldridge,29:36,Jakob Poeltl,26:00,Derrick White,21:41,Patty Mills,21:03,Dāvis Bertāns,20:07,Rudy Gay,17:05,Marco Belinelli,13:58,112,2,12,6.0,50.0,3.0,25.0,3.0,25.0,Cedi Osman,22,2,2018-2019,2.0,1,4.0,CLE,90,Collin Sexton,Deng Adel,3:32,,,,,,,,,,,40:35,Larry Nance Jr.,33:29,Brandon Knight,26:35,Jordan Clarkson,25:18,David Nwaba,18:25,Ante Žižić,16:58,Channing Frye,16:01,Kevin Love,12:45,Marquese Chriss,10:58
2,.400,5,38.462,1,1.00,124,0,3,75.0,7,.538,5.0,62.5,8.0,13,1,.500,2,15.385,Logos via Sports Logos.net / About logos,L,https://www.basketball-reference.com/boxscores/201904090CLE.html,Home,97,36:37,1,25.0,CHO,Nicolas Batum,J.P. Macura,3:02,Willy Hernangómez,3:02,,,,,,,,,31:39,Dwayne Bacon,29:09,Jeremy Lamb,27:44,Miles Bridges,27:35,Kemba Walker,27:21,Malik Monk,23:29,Frank Kaminsky,22:36,Devonte' Graham,22:19,Bismack Biyombo,22:04,124,2,17,10.0,58.8,6.0,35.3,1.0,5.9,Cedi Osman,27,1,2018-2019,1.0,1,4.0,CLE,97,Collin Sexton,Deng Adel,4:08,,,,,,,,,,,37:42,Larry Nance Jr.,36:50,Brandon Knight,31:09,Jordan Clarkson,23:01,Ante Žižić,21:22,Marquese Chriss,15:35,David Nwaba,14:59,Nik Stauskas,11:23,Channing Frye,7:14
3,.500,6,66.667,2,1.00,85,0,3,100.0,5,.556,2.0,66.7,3.0,9,0,,0,0.000,Logos via Sports Logos.net / About logos,L,https://www.basketball-reference.com/boxscores/201910230ORL.html,Away,94,28:59,0,0.0,ORL,Nikola Vučević,Mo Bamba,13:47,,,,,,,,,,,34:13,Al-Farouq Aminu,29:06,Aaron Gordon,28:53,Evan Fournier,28:06,D.J. Augustin,24:34,Jonathan Isaac,23:59,Markelle Fultz,23:26,Terrence Ross,19:28,Michael Carter-Williams,14:28,94,1,13,4.0,30.8,9.0,69.2,0.0,0.0,Cedi Osman,9,2,2019-2020,2.0,2,3.0,CLE,85,Kevin Love,,,,,,,,,,,,,35:57,Tristan Thompson,33:15,Darius Garland,31:32,Collin Sexton,29:54,Larry Nance Jr.,26:48,Jordan Clarkson,18:19,Matthew Dellavedova,18:06,Kevin Porter Jr.,17:10,,
0,.000,1,33.333,0,0.00,99,0,1,100.0,0,.000,0.0,0.0,2.0,3,1,.500,2,66.667,Logos via Sports Logos.net / About logos,W,https://www.basketball-reference.com/boxscores/201910260CLE.html,Home,110,27:35,0,0.0,IND,Myles Turner,Goga Bitadze,4:26,,,,,,,,,,,39:47,T.J. Warren,36:36,Malcolm Brogdon,34:33,Domantas Sabonis,32:50,Justin Holiday,24:07,T.J. McConnell,20:48,T.J. Leaf,18:03,Edmond Sumner,16:32,Doug McDermott,12:17,99,3,1,0.0,0.0,0.0,0.0,1.0,100.0,Cedi Osman,11,0,2019-2020,0.0,1,1.0,CLE,110,Tristan Thompson,Tyler Cook,0:20,Alfonzo McKinnie,0:20,,,,,,,,,34:42,Kevin Love,33:06,Collin Sexton,30:23,Darius Garland,29:23,Kevin Porter Jr.,20:25,Larry Nance Jr.,19:13,Matthew Dellavedova,18:36,Jordan Clarkson,17:37,John Henson,8:17
2,.400,5,62.500,2,,112,0,1,100.0,4,.500,2.0,66.7,3.0,8,0,,0,0.000,Logos via Sports Logos.net / About logos,L,https://www.basketball-reference.com/boxscores/201910280MIL.html,Away,129,27:04,0,0.0,MIL,Giannis Antetokounmpo,Robin Lopez,17:24,Donte DiVincenzo,2:14,D.J. Wilson,2:14,,,,,,,29:12,Khris Middleton,28:41,Wesley Matthews,28:27,Brook Lopez,27:36,Eric Bledsoe,26:24,Pat Connaughton,20:55,Ersan İlyasova,19:26,George Hill,19:22,Kyle Korver,18:05,129,2,10,4.0,40.0,6.0,60.0,0.0,0.0,Cedi Osman,17,0,2019-2020,0.0,0,1.0,CLE,112,Tristan Thompson,Alfonzo McKinnie,2:15,,,,,,,,,,,33:25,Kevin Love,33:08,Collin Sexton,30:17,Jordan Clarkson,25:16,Larry Nance Jr.,25:15,Darius Garland,23:02,Matthew Dellavedova,21:37,Kevin Porter Jr.,16:26,Tyler Cook,2:15
4,.800,5,83.333,3,1.50,111,1,4,100.0,4,.667,0.0,0.0,1.0,6,0,,0,0.000,Logos via Sports Logos.net / About logos,W,https://www.basketball-reference.com/boxscores/201910300CLE.html,Home,117,30:44,0,0.0,CHI,Zach LaVine,Ryan Arcidiacono,16:06,,,,,,,,,,,31:54,Otto Porter Jr.,27:29,Lauri Markkanen,27:27,Tomáš Satoranský,27:15,Wendell Carter Jr.,27:10,Thaddeus Young,22:39,Kris Dunn,20:45,Coby White,20:31,Luke Kornet,18:44,111,4,12,0.0,0.0,12.0,100.0,0.0,0.0,Cedi Osman,6,1,2019-2020,2.0,2,4.0,CLE,117,Tristan Thompson,,,,,,,,,,,,,35:01,Kevin Love,31:12,Larry Nance Jr.,29:47,Collin Sexton,28:16,Jordan Clarkson,25:54,Darius Garland,25:17,Kevin Porter Jr.,20:17,Matthew Dellavedova,13:32,,
2,.500,4,50.000,1,1.00,95,0,4,100.0,3,.375,1.0,25.0,4.0,8,2,1.000,2,25.000,Logos via Sports Logos.net / About logos,L,https://www.basketball-reference.com/boxscores/201911010IND.html,Away,102,37:35,0,0.0,IND,Domantas Sabonis,T.J. Leaf,8:03,Aaron Holiday,6:21,,,,,,,,,37:17,Jeremy Lamb,34:51,Malcolm Brogdon,33:02,T.J. Warren,27:50,Goga Bitadze,24:55,Justin Holiday,22:57,Doug McDermott,19:24,T.J. McConnell,14:58,JaKarr Sampson,10:22,102,1,10,2.0,20.0,6.0,60.0,2.0,20.0,Cedi Osman,7,3,2019-2020,3.0,1,4.0,CLE,95,Collin Sexton,,,,,,,,,,,,,37:22,Kevin Love,34:56,Tristan Thompson,31:28,Jordan Clarkson,27:04,Larry Nance Jr.,26:06,Darius Garland,25:31,Kevin Porter Jr.,13:55,Brandon Knight,6:03,,
2,.333,6,54.545,1,,131,1,3,75.0,4,.364,2.0,40.0,5.0,11,0,,0,0.000,Logos via Sports Logos.net / About logos,L,https://www.basketball-reference.com/boxscores/201911030CLE.html,Home,111,28:21,1,25.0,DAL,Luka Dončić,Justin Jackson,5:41,Ryan Broekhoff,1:37,,,,,,,,,33:33,Kristaps Porziņģis,31:08,Jalen Brunson,30:19,Delon Wright,28:05,Dwight Powell,27:16,Dorian Finney-Smith,23:04,Seth Curry,22:02,Tim Hardaway Jr.,21:56,Boban Marjanović,15:19,131,5,10,4.0,40.0,6.0,60.0,0.0,0.0,Cedi Osman,20,0,2019-2020,1.0,0,4.0,CLE,111,Kevin Love,Alfonzo McKinnie,2:39,,,,,,,,,,,35:06,Tristan Thompson,30:56,Larry Nance Jr.,27:19,Darius Garland,26:26,Collin Sexton,25:21,Jordan Clarkson,21:42,Brandon Knight,19:52,Kevin Porter Jr.,19:39,Tyler Cook,2:39
3,.429,7,53.846,3,,119,0,4,80.0,4,.308,1.0,16.7,6.0,13,1,.500,2,15.385,Logos via Sports Logos.net / About logos,L,https://www.basketball-reference.com/boxscores/201911050CLE.html,Home,113,32:15,1,20.0,BOS,Marcus Smart,Semi Ojeleye,7:43,Javonte Green,4:56,,,,,,,,,34:41,Jayson Tatum,34:25,Kemba Walker,33:38,Gordon Hayward,33:36,Daniel Theis,30:02,Brad Wanamaker,20:41,Carsen Edwards,14:43,Robert Williams,14:41,Grant Williams,10:54,119,2,12,2.0,16.7,9.0,75.0,1.0,8.3,Cedi Osman,6,1,2019-2020,1.0,0,5.0,CLE,113,Tristan Thompson,,,,,,,,,,,,,37:04,Collin Sexton,35:26,Kevin Love,32:11,Darius Garland,28:04,Jordan Clarkson,26:24,Larry Nance Jr.,15:09,Brandon Knight,12:12,Matthew Dellavedova,12:02,Alfonzo McKinnie,9:13
1,.333,3,33.333,4,2.00,113,0,2,66.7,5,.556,4.0,66.7,6.0,9,0,,0,0.000,Logos via Sports Logos.net / About logos,W,https://www.basketball-reference.com/boxscores/201911080WAS.html,Away,100,37:07,1,33.3,WAS,Bradley Beal,Jordan McRae,9:01,,,,,,,,,,,38:59,Rui Hachimura,35:18,Thomas Bryant,33:35,Isaiah Thomas,28:46,Dāvis Bertāns,26:20,Ish Smith,19:14,Troy Brown Jr.,19:10,C.J. Miles,15:12,Moritz Wagner,14:25,100,2,11,8.0,72.7,3.0,27.3,0.0,0.0,Cedi Osman,13,2,2019-2020,2.0,2,3.0,CLE,113,Tristan Thompson,,,,,,,,,,,,,35:58,Darius Garland,31:46,Collin Sexton,31:27,Kevin Love,28:53,Jordan Clarkson,21:40,Kevin Porter Jr.,21:06,Larry Nance Jr.,20:56,Matthew Dellavedova,11:07,,
1,.167,6,75.000,5,5.00,108,0,2,100.0,2,.250,1.0,50.0,2.0,8,0,,0,0.000,Logos via Sports Logos.net / About logos,W,https://www.basketball-reference.com/boxscores/201911100NYK.html,Away,87,25:02,0,0.0,NYK,Frank Ntilikina,Wayne Ellington,8:30,Ignas Brazdeikis,4:17,,,,,,,,,34:44,Marcus Morris,31:31,Julius Randle,31:29,Bobby Portis,28:33,RJ Barrett,24:16,Kevin Knox,22:18,Damyean Dotson,21:15,Taj Gibson,17:09,Allonzo Trier,15:58,87,2,5,2.0,40.0,3.0,60.0,0.0,0.0,Cedi Osman,21,1,2019-2020,1.0,1,2.0,CLE,108,Darius Garland,Alfonzo McKinnie,2:28,,,,,,,,,,,34:07,Kevin Love,31:35,Tristan Thompson,30:46,Collin Sexton,30:27,Larry Nance Jr.,26:11,Kevin Porter Jr.,22:58,Jordan Clarkson,19:31,Matthew Dellavedova,11:55,Tyler Cook,5:00
0,.000,1,20.000,1,1.00,97,0,1,100.0,2,.400,2.0,50.0,4.0,5,0,,0,0.000,Logos via Sports Logos.net / About logos,L,https://www.basketball-reference.com/boxscores/201911120PHI.html,Away,98,31:40,0,0.0,PHI,Joel Embiid,Kyle O'Quinn,9:23,,,,,,,,,,,35:05,Ben Simmons,34:59,Josh Richardson,34:11,Tobias Harris,32:36,Furkan Korkmaz,31:21,Mike Scott,18:56,James Ennis III,17:45,Raul Neto,13:01,Matisse Thybulle,12:43,98,2,4,4.0,100.0,0.0,0.0,0.0,0.0,Cedi Osman,1,1,2019-2020,1.0,1,1.0,CLE,97,Collin Sexton,,,,,,,,,,,,,33:18,Tristan Thompson,32:33,Kevin Love,31:29,Darius Garland,28:16,Larry Nance Jr.,28:07,Jordan Clarkson,26:13,Kevin Porter Jr.,16:20,Matthew Dellavedova,12:02,,
1,.250,4,36.364,1,1.00,108,0,6,85.7,5,.455,4.0,57.1,7.0,11,1,.250,4,36.364,Logos via Sports Logos.net / About logos,L,https://www.basketball-reference.com/boxscores/201911140CLE.html,Home,97,33:51,1,14.3,MIA,Bam Adebayo,,,,,,,,,,,,,39:51,Jimmy Butler,38:49,Kendrick Nunn,37:10,Meyers Leonard,28:07,Duncan Robinson,26:27,Goran Dragić,25:03,Tyler Herro,22:26,Kelly Olynyk,13:58,Chris Silva,8:09,108,4,12,8.0,66.7,3.0,25.0,1.0,8.3,Cedi Osman,11,0,2019-2020,0.0,1,7.0,CLE,97,Kevin Love,,,,,,,,,,,,,38:44,Collin Sexton,27:13,Jordan Clarkson,26:49,Darius Garland,24:41,Kevin Porter Jr.,23:46,Tristan Thompson,22:49,Larry Nance Jr.,22:35,Matthew Dellavedova,19:32,,
1,.250,4,57.143,1,0.50,114,0,3,75.0,2,.286,1.0,33.3,3.0,7,0,,0,0.000,Logos via Sports Logos.net / About logos,L,https://www.basketball-reference.com/boxscores/201911170CLE.html,Home,95,27:59,1,25.0,PHI,Tobias Harris,Matisse Thybulle,15:30,Raul Neto,6:26,Kyle O'Quinn,6:26,Shake Milton,3:11,,,,,30:34,Al Horford,29:10,Josh Richardson,28:36,Ben Simmons,25:50,Joel Embiid,22:31,Mike Scott,21:21,Furkan Korkmaz,18:26,James Ennis III,16:15,Trey Burke,15:44,114,2,5,2.0,40.0,3.0,60.0,0.0,0.0,Cedi Osman,19,1,2019-2020,1.0,2,4.0,CLE,95,Collin Sexton,Matthew Dellavedova,5:30,Tyler Cook,3:26,,,,,,,,,28:13,Tristan Thompson,27:56,Kevin Love,25:16,Darius Garland,24:48,Jordan Clarkson,22:32,Alfonzo McKinnie,21:24,Brandon Knight,20:02,Ante Žižić,16:38,Kevin Porter Jr.,16:16
0,.000,2,40.000,2,0.67,105,0,7,87.5,2,.400,2.0,66.7,3.0,5,1,.500,2,40.000,Logos via Sports Logos.net / About logos,L,https://www.basketball-reference.com/boxscores/201911180NYK.html,Away,123,22:12,1,12.5,NYK,Marcus Morris,Taj Gibson,15:45,Wayne Ellington,9:09,,,,,,,,,33:52,Julius Randle,31:52,Frank Ntilikina,29:06,RJ Barrett,24:13,Bobby Portis,22:51,Kevin Knox,19:35,Dennis Smith Jr.,18:54,Damyean Dotson,18:01,Mitchell Robinson,16:42,123,4,5,4.0,80.0,0.0,0.0,1.0,20.0,Cedi Osman,18,0,2019-2020,0.0,3,8.0,CLE,105,Kevin Porter Jr.,Dean Wade,8:58,,,,,,,,,,,31:22,Alfonzo McKinnie,29:41,Darius Garland,29:23,Collin Sexton,25:45,Tristan Thompson,24:58,Jordan Clarkson,23:33,Ante Žižić,20:24,Brandon Knight,12:00,Matthew Dellavedova,11:44
0,.000,2,33.333,1,0.50,100,0,1,100.0,1,.167,1.0,25.0,4.0,6,1,.500,2,33.333,Logos via Sports Logos.net / About logos,L,https://www.basketball-reference.com/boxscores/201911200MIA.html,Away,124,22:09,0,0.0,MIA,Duncan Robinson,Udonis Haslem,5:49,,,,,,,,,,,34:07,Jimmy Butler,32:26,Tyler Herro,30:58,Bam Adebayo,29:54,Goran Dragić,26:22,Kendrick Nunn,25:21,Kelly Olynyk,24:29,Meyers Leonard,18:17,Chris Silva,12:17,124,1,3,2.0,66.7,0.0,0.0,1.0,33.3,Cedi Osman,24,3,2019-2020,3.0,2,1.0,CLE,100,Larry Nance Jr.,Tyler Cook,3:26,Dean Wade,3:26,,,,,,,,,34:57,Kevin Love,33:17,Collin Sexton,27:05,Darius Garland,24:31,Kevin Porter Jr.,22:58,Matthew Dellavedova,21:07,Jordan Clarkson,17:10,Alfonzo McKinnie,15:07,Ante Žižić,14:47
4,.667,6,60.000,3,3.00,101,1,3,75.0,6,.600,2.0,50.0,4.0,10,2,1.000,2,20.000,Logos via Sports Logos.net / About logos,L,https://www.basketball-reference.com/boxscores/201911220DAL.html,Away,143,26:07,1,25.0,DAL,Luka Dončić,J.J. Barea,12:00,Jalen Brunson,11:03,Courtney Lee,8:28,Ryan Broekhoff,8:28,,,,,28:29,Kristaps Porziņģis,27:34,Dwight Powell,23:49,Justin Jackson,23:28,Dorian Finney-Smith,22:57,Delon Wright,19:34,Maxi Kleber,18:39,Tim Hardaway Jr.,18:01,Boban Marjanović,17:29,143,2,18,4.0,22.2,12.0,66.7,2.0,11.1,Cedi Osman,42,0,2019-2020,1.0,1,4.0,CLE,101,Darius Garland,Brandon Knight,6:15,Dean Wade,5:55,Matthew Dellavedova,3:41,,,,,,,33:31,Collin Sexton,31:37,Tristan Thompson,26:04,Kevin Love,25:26,Kevin Porter Jr.,21:53,Larry Nance Jr.,20:30,Jordan Clarkson,15:01,Ante Žižić,12:00,Alfonzo McKinnie,12:00
1,.143,7,63.636,5,5.00,104,0,11,91.7,2,.182,1.0,25.0,4.0,11,0,,0,0.000,Logos via Sports Logos.net / About logos,W,https://www.basketball-reference.com/boxscores/201911230CLE.html,Home,110,32:37,1,8.3,POR,CJ McCollum,Gary Trent Jr.,7:25,,,,,,,,,,,38:08,Damian Lillard,36:30,Rodney Hood,35:46,Carmelo Anthony,34:39,Anthony Tolliver,29:36,Skal Labissière,18:24,Anfernee Simons,14:25,Nassir Little,12:48,Kent Bazemore,12:19,104,2,5,2.0,40.0,3.0,60.0,0.0,0.0,Cedi Osman,6,1,2019-2020,1.0,1,12.0,CLE,110,Tristan Thompson,,,,,,,,,,,,,35:53,Larry Nance Jr.,32:15,Collin Sexton,31:45,Jordan Clarkson,31:09,Darius Garland,26:36,Kevin Porter Jr.,22:35,Alfonzo McKinnie,15:26,Matthew Dellavedova,11:44,,
1,.333,3,37.500,1,,108,1,3,100.0,6,.750,5.0,100.0,5.0,8,2,.667,3,37.500,Logos via Sports Logos.net / About logos,L,https://www.basketball-reference.com/boxscores/201911250CLE.html,Home,106,30:32,0,0.0,BRK,Garrett Temple,,,,,,,,,,,,,36:29,Jarrett Allen,34:17,Spencer Dinwiddie,33:22,Taurean Prince,33:19,Joe Harris,32:59,Džanan Musa,22:48,Iman Shumpert,18:01,Theo Pinson,16:14,Nic Claxton,12:31,108,1,15,10.0,66.7,3.0,20.0,2.0,13.3,Cedi Osman,2,1,2019-2020,2.0,0,3.0,CLE,106,Larry Nance Jr.,,,,,,,,,,,,,33:29,Collin Sexton,32:59,Tristan Thompson,31:54,Kevin Porter Jr.,29:01,Jordan Clarkson,26:06,Darius Garland,22:03,Alfonzo McKinnie,17:28,Matthew Dellavedova,16:28,,
2,.333,6,54.545,1,0.50,116,0,2,66.7,3,.273,1.0,20.0,5.0,11,6,1.000,6,54.545,Logos via Sports Logos.net / About logos,L,https://www.basketball-reference.com/boxscores/201911270CLE.html,Home,104,31:44,1,33.3,ORL,Evan Fournier,,,,,,,,,,,,,39:10,D.J. Augustin,29:33,Markelle Fultz,28:23,Jonathan Isaac,27:46,Khem Birch,25:04,Wes Iwundu,23:49,Mo Bamba,22:56,Terrence Ross,22:43,Al-Farouq Aminu,20:36,116,2,14,2.0,14.3,6.0,42.9,6.0,42.9,Cedi Osman,12,1,2019-2020,1.0,2,3.0,CLE,104,Collin Sexton,,,,,,,,,,,,,32:12,Darius Garland,31:23,Tristan Thompson,31:23,Larry Nance Jr.,25:06,Kevin Love,24:07,Kevin Porter Jr.,18:44,Matthew Dellavedova,16:37,Jordan Clarkson,15:48,Alfonzo McKinnie,12:56
3,.500,6,46.154,4,2.00,119,0,2,100.0,8,.615,5.0,71.4,7.0,13,1,1.000,1,7.692,Logos via Sports Logos.net / About logos,L,https://www.basketball-reference.com/boxscores/201911290CLE.html,Home,110,38:00,0,0.0,MIL,Giannis Antetokounmpo,Robin Lopez,14:28,Frank Mason III,0:09,,,,,,,,,32:03,Wesley Matthews,27:10,Donte DiVincenzo,26:20,Brook Lopez,26:05,Eric Bledsoe,25:31,Pat Connaughton,23:47,Khris Middleton,23:17,George Hill,22:17,Ersan İlyasova,18:53,119,3,20,10.0,50.0,9.0,45.0,1.0,5.0,Cedi Osman,9,2,2019-2020,2.0,2,2.0,CLE,110,Darius Garland,Ante Žižić,2:47,,,,,,,,,,,35:15,Collin Sexton,31:43,Kevin Love,31:15,Tristan Thompson,30:46,Larry Nance Jr.,26:47,Jordan Clarkson,19:34,Kevin Porter Jr.,12:54,Matthew Dellavedova,6:38,Alfonzo McKinnie,4:21
1,.333,3,50.000,0,0.00,127,1,0,,4,.667,3.0,100.0,3.0,6,1,.500,2,33.333,Logos via Sports Logos.net / About logos,L,https://www.basketball-reference.com/boxscores/201912030CLE.html,Home,94,25:50,0,,DET,Andre Drummond,Markieff Morris,16:35,Tim Frazier,7:16,Thon Maker,4:40,Sekou Doumbouya,3:49,,,,,30:52,Svi Mykhailiuk,25:56,Blake Griffin,23:38,Langston Galloway,22:10,Luke Kennard,22:04,Tony Snell,22:01,Derrick Rose,21:45,Christian Wood,20:15,Bruce Brown,18:59,127,2,10,6.0,60.0,3.0,30.0,1.0,10.0,Cedi Osman,33,0,2019-2020,1.0,2,0.0,CLE,94,Collin Sexton,Ante Žižić,3:49,Matthew Dellavedova,3:15,Brandon Knight,2:29,,,,,,,33:23,Tristan Thompson,30:12,Darius Garland,27:49,Larry Nance Jr.,26:30,Kevin Porter Jr.,21:34,Kevin Love,21:30,Jordan Clarkson,20:16,John Henson,13:59,Alfonzo McKinnie,9:24
3,.429,7,58.333,4,2.00,93,1,5,100.0,5,.417,2.0,40.0,5.0,12,1,.500,2,16.667,Logos via Sports Logos.net / About logos,L,https://www.basketball-reference.com/boxscores/201912060CLE.html,Home,87,31:34,0,0.0,ORL,Jonathan Isaac,,,,,,,,,,,,,33:00,Aaron Gordon,31:15,Khem Birch,31:07,Evan Fournier,29:12,Markelle Fultz,26:56,Terrence Ross,26:36,D.J. Augustin,26:19,Michael Carter-Williams,18:55,Mo Bamba,16:40,93,2,14,4.0,28.6,9.0,64.3,1.0,7.1,Cedi Osman,6,4,2019-2020,5.0,2,5.0,CLE,87,Larry Nance Jr.,,,,,,,,,,,,,40:36,Tristan Thompson,31:50,Collin Sexton,30:13,Darius Garland,30:06,Jordan Clarkson,21:20,Kevin Porter Jr.,20:18,Matthew Dellavedova,14:21,John Henson,14:01,Alfonzo McKinnie,5:41
0,.000,1,50.000,1,,94,0,0,,1,.500,1.0,100.0,1.0,2,0,,0,0.000,Logos via Sports Logos.net / About logos,L,https://www.basketball-reference.com/boxscores/201912070PHI.html,Away,141,19:11,0,,PHI,Kyle O'Quinn,Shake Milton,12:00,Norvel Pelle,12:00,Matisse Thybulle,8:41,,,,,,,27:14,Trey Burke,26:35,Ben Simmons,25:39,Mike Scott,24:12,Raul Neto,22:21,Tobias Harris,22:19,Al Horford,20:46,James Ennis III,19:14,Furkan Korkmaz,18:59,141,1,2,2.0,100.0,0.0,0.0,0.0,0.0,Cedi Osman,47,0,2019-2020,0.0,0,0.0,CLE,94,Darius Garland,Alfonzo McKinnie,12:00,Ante Žižić,12:00,Matthew Dellavedova,8:28,,,,,,,30:35,Kevin Porter Jr.,27:04,Collin Sexton,24:57,Tristan Thompson,22:19,Kevin Love,20:03,Larry Nance Jr.,17:31,Brandon Knight,16:20,Jordan Clarkson,15:51,John Henson,13:41
1,.250,4,80.000,1,1.00,88,0,1,100.0,1,.200,0.0,0.0,1.0,5,1,.500,2,40.000,Logos via Sports Logos.net / About logos,L,https://www.basketball-reference.com/boxscores/201912090BOS.html,Away,110,24:18,0,0.0,BOS,Jaylen Brown,Vincent Poirier,8:40,Carsen Edwards,8:24,Javonte Green,7:31,,,,,,,32:09,Jayson Tatum,29:38,Kemba Walker,29:10,Gordon Hayward,26:10,Semi Ojeleye,23:25,Brad Wanamaker,22:08,Daniel Theis,21:27,Enes Freedom,17:53,Grant Williams,13:25,110,2,4,0.0,0.0,3.0,75.0,1.0,25.0,Cedi Osman,22,1,2019-2020,1.0,1,1.0,CLE,88,Tristan Thompson,Alfonzo McKinnie,2:33,Ante Žižić,2:33,,,,,,,,,35:30,Collin Sexton,29:35,Kevin Love,26:48,Jordan Clarkson,25:32,Darius Garland,24:11,Kevin Porter Jr.,23:42,Larry Nance Jr.,19:46,Matthew Dellavedova,16:42,John Henson,8:50
0,.000,3,75.000,7,7.00,116,1,2,100.0,0,.000,0.0,0.0,1.0,4,0,,0,0.000,Logos via Sports Logos.net / About logos,L,https://www.basketball-reference.com/boxscores/201912110CLE.html,Home,110,19:03,0,0.0,HOU,James Harden,,,,,,,,,,,,,41:16,Clint Capela,37:57,Russell Westbrook,36:31,P.J. Tucker,34:38,Ben McLemore,32:39,Danuel House Jr.,26:22,Thabo Sefolosha,11:08,Gary Clark,10:33,Chris Clemons,8:56,116,1,0,0.0,,0.0,,0.0,,Cedi Osman,6,1,2019-2020,2.0,1,2.0,CLE,110,Tristan Thompson,,,,,,,,,,,,,33:31,Kevin Love,32:01,Kevin Porter Jr.,28:57,Jordan Clarkson,28:57,Collin Sexton,28:37,Darius Garland,22:01,Larry Nance Jr.,17:35,Matthew Dellavedova,16:25,John Henson,12:53
3,.375,8,66.667,1,,117,1,2,100.0,6,.500,3.0,75.0,4.0,12,0,,0,0.000,Logos via Sports Logos.net / About logos,W,https://www.basketball-reference.com/boxscores/201912120SAS.html,Away,109,37:28,0,0.0,SAS,LaMarcus Aldridge,Bryn Forbes,16:34,Trey Lyles,5:00,,,,,,,,,39:13,DeMar DeRozan,39:08,Derrick White,31:40,Patty Mills,28:16,Lonnie Walker IV,24:02,Jakob Poeltl,22:31,Rudy Gay,21:17,Marco Belinelli,20:19,Dejounte Murray,16:58,109,2,15,6.0,40.0,9.0,60.0,0.0,0.0,Cedi Osman,8,1,2019-2020,2.0,0,2.0,CLE,117,Kevin Love,,,,,,,,,,,,,38:33,Collin Sexton,35:07,Jordan Clarkson,30:32,Larry Nance Jr.,28:52,Tristan Thompson,26:00,Darius Garland,25:05,Kevin Porter Jr.,15:32,Matthew Dellavedova,15:16,John Henson,12:34
2,.500,4,36.364,2,0.67,108,0,4,100.0,3,.273,1.0,14.3,7.0,11,0,,0,0.000,Logos via Sports Logos.net / About logos,L,https://www.basketball-reference.com/boxscores/201912140MIL.html,Away,125,23:00,0,0.0,MIL,Brook Lopez,Ersan İlyasova,17:11,Kyle Korver,14:22,D.J. Wilson,5:13,Frank Mason III,2:46,,,,,27:11,Donte DiVincenzo,25:10,Giannis Antetokounmpo,23:59,Khris Middleton,22:40,Pat Connaughton,21:57,George Hill,21:41,Robin Lopez,20:49,Sterling Brown,19:38,Wesley Matthews,17:23,125,3,8,2.0,25.0,6.0,75.0,0.0,0.0,Cedi Osman,17,0,2019-2020,0.0,3,4.0,CLE,108,Darius Garland,Brandon Knight,7:10,Ante Žižić,5:38,Alfonzo McKinnie,5:38,,,,,,,30:09,Collin Sexton,28:15,Tristan Thompson,27:26,Kevin Love,25:54,Kevin Porter Jr.,25:00,Jordan Clarkson,18:13,Larry Nance Jr.,16:28,John Henson,14:56,Matthew Dellavedova,12:13
3,.500,6,60.000,1,1.00,113,0,1,50.0,4,.400,1.0,25.0,4.0,10,1,.500,2,20.000,Logos via Sports Logos.net / About logos,L,https://www.basketball-reference.com/boxscores/201912160TOR.html,Away,133,24:39,1,50.0,TOR,Kyle Lowry,Dewan Hernandez,1:52,Malcolm Miller,1:52,,,,,,,,,36:41,Pascal Siakam,35:31,Norman Powell,35:31,OG Anunoby,27:51,Marc Gasol,27:08,Patrick McCaw,21:56,Serge Ibaka,20:05,Terence Davis,18:40,Chris Boucher,12:53,133,1,12,2.0,16.7,9.0,75.0,1.0,8.3,Cedi Osman,20,1,2019-2020,1.0,1,2.0,CLE,113,Darius Garland,,,,,,,,,,,,,37:47,Tristan Thompson,32:05,Collin Sexton,31:22,Kevin Love,25:17,Kevin Porter Jr.,23:21,Larry Nance Jr.,22:43,Jordan Clarkson,22:32,John Henson,15:55,Matthew Dellavedova,4:19
1,.250,4,33.333,1,0.33,98,1,2,66.7,8,.667,7.0,87.5,8.0,12,1,.250,4,33.333,Logos via Sports Logos.net / About logos,W,https://www.basketball-reference.com/boxscores/201912180CLE.html,Home,100,32:11,1,33.3,CHO,Devonte' Graham,Dwayne Bacon,11:37,,,,,,,,,,,38:09,Terry Rozier,37:30,Cody Zeller,31:03,Marvin Williams,29:18,Cody Martin,28:34,Miles Bridges,20:45,Bismack Biyombo,18:30,Michael Kidd-Gilchrist,12:42,Malik Monk,11:52,98,0,18,14.0,77.8,3.0,16.7,1.0,5.6,Cedi Osman,2,2,2019-2020,3.0,3,3.0,CLE,100,Tristan Thompson,,,,,,,,,,,,,36:32,Kevin Love,32:22,Collin Sexton,30:57,Darius Garland,27:08,Jordan Clarkson,24:46,Larry Nance Jr.,15:57,Kevin Porter Jr.,15:49,Matthew Dellavedova,13:09,John Henson,11:09
3,.600,5,55.556,2,2.00,107,0,2,100.0,5,.556,2.0,50.0,4.0,9,0,,0,0.000,Logos via Sports Logos.net / About logos,W,https://www.basketball-reference.com/boxscores/201912200CLE.html,Home,114,21:07,0,0.0,MEM,Jaren Jackson Jr.,Grayson Allen,10:41,Kyle Anderson,6:45,,,,,,,,,34:08,Dillon Brooks,32:44,Jonas Valančiūnas,30:13,Ja Morant,28:33,Jae Crowder,28:01,Tyus Jones,19:27,De'Anthony Melton,17:49,Brandon Clarke,17:12,Solomon Hill,14:25,107,0,13,4.0,30.8,9.0,69.2,0.0,0.0,Cedi Osman,7,0,2019-2020,0.0,1,2.0,CLE,114,Tristan Thompson,,,,,,,,,,,,,31:39,Jordan Clarkson,30:25,Darius Garland,29:00,Kevin Love,28:22,Collin Sexton,24:55,Kevin Porter Jr.,22:53,Larry Nance Jr.,19:38,John Henson,16:20,Matthew Dellavedova,15:40
3,.429,7,46.667,3,1.00,118,0,1,50.0,7,.467,4.0,50.0,8.0,15,1,1.000,1,6.667,Logos via Sports Logos.net / About logos,W,https://www.basketball-reference.com/boxscores/201912230CLE.html,Home,121,33:31,1,50.0,ATL,De'Andre Hunter,Damian Jones,8:35,Alex Len,6:28,,,,,,,,,39:20,Trae Young,36:08,John Collins,34:50,Kevin Huerter,31:44,Cam Reddish,23:03,DeAndre' Bembry,19:16,Jabari Parker,15:15,Vince Carter,15:00,Bruno Fernando,10:21,118,4,18,8.0,44.4,9.0,50.0,1.0,5.6,Cedi Osman,3,1,2019-2020,1.0,3,2.0,CLE,121,Collin Sexton,,,,,,,,,,,,,35:48,Kevin Love,34:21,Tristan Thompson,32:31,Darius Garland,26:11,Kevin Porter Jr.,23:16,John Henson,19:00,Matthew Dellavedova,18:53,Brandon Knight,11:09,Alfonzo McKinnie,5:20
0,.000,3,27.273,4,4.00,117,1,4,80.0,5,.455,5.0,62.5,8.0,11,0,,0,0.000,Logos via Sports Logos.net / About logos,L,https://www.basketball-reference.com/boxscores/201912270BOS.html,Away,129,29:10,1,20.0,BOS,Jayson Tatum,Javonte Green,9:53,Tremont Waters,4:55,Carsen Edwards,4:55,Semi Ojeleye,4:34,,,,,32:27,Kemba Walker,29:17,Jaylen Brown,29:11,Gordon Hayward,27:35,Enes Freedom,22:31,Daniel Theis,20:55,Brad Wanamaker,19:52,Grant Williams,18:44,Romeo Langford,15:11,129,2,10,10.0,100.0,0.0,0.0,0.0,0.0,Cedi Osman,12,1,2019-2020,2.0,1,5.0,CLE,117,Kevin Love,Alfonzo McKinnie,4:25,John Henson,4:13,,,,,,,,,34:40,Collin Sexton,31:14,Tristan Thompson,29:53,Darius Garland,27:43,Kevin Porter Jr.,25:12,Larry Nance Jr.,17:54,Matthew Dellavedova,15:43,Dante Exum,14:58,Ante Žižić,4:55
1,.250,4,57.143,1,0.50,94,0,6,85.7,2,.286,1.0,33.3,3.0,7,2,.500,4,57.143,Logos via Sports Logos.net / About logos,W,https://www.basketball-reference.com/boxscores/201912280MIN.html,Away,88,26:59,1,14.3,MIN,Robert Covington,Keita Bates-Diop,10:34,,,,,,,,,,,35:06,Kelan Martin,29:31,Jeff Teague,26:31,Treveon Graham,24:45,Noah Vonleh,24:19,Jarrett Culver,23:45,Gorgui Dieng,23:09,Shabazz Napier,22:32,Josh Okogie,19:48,88,2,7,2.0,28.6,3.0,42.9,2.0,28.6,Cedi Osman,6,0,2019-2020,0.0,2,7.0,CLE,94,Tristan Thompson,,,,,,,,,,,,,35:19,Collin Sexton,34:05,Larry Nance Jr.,30:46,Kevin Porter Jr.,29:54,Darius Garland,28:51,Dante Exum,16:28,Matthew Dellavedova,12:59,John Henson,12:33,Alfonzo McKinnie,12:06
4,.500,8,66.667,4,,97,1,3,75.0,5,.417,1.0,25.0,4.0,12,0,,0,0.000,Logos via Sports Logos.net / About logos,L,https://www.basketball-reference.com/boxscores/201912310TOR.html,Away,117,24:54,1,25.0,TOR,Kyle Lowry,Shamorie Ponds,1:57,Stanley Johnson,1:57,Malcolm Miller,1:57,,,,,,,35:54,Serge Ibaka,33:28,OG Anunoby,30:26,Fred VanVleet,29:43,Rondae Hollis-Jefferson,27:38,Terence Davis,24:34,Patrick McCaw,22:04,Chris Boucher,15:50,Oshae Brissett,14:32,117,3,14,2.0,14.3,12.0,85.7,0.0,0.0,Cedi Osman,20,0,2019-2020,1.0,0,4.0,CLE,97,Darius Garland,Ante Žižić,2:47,,,,,,,,,,,34:13,Tristan Thompson,31:54,Collin Sexton,31:33,Kevin Love,30:18,Kevin Porter Jr.,28:19,Larry Nance Jr.,19:54,Matthew Dellavedova,15:17,Dante Exum,14:57,John Henson,5:54
3,.750,4,50.000,2,1.00,109,0,1,100.0,7,.875,4.0,100.0,4.0,8,0,,0,0.000,Logos via Sports Logos.net / About logos,L,https://www.basketball-reference.com/boxscores/202001020CLE.html,Home,106,26:27,0,0.0,CHO,Devonte' Graham,,,,,,,,,,,,,41:23,Terry Rozier,38:36,P.J. Washington,35:15,Dwayne Bacon,28:27,Bismack Biyombo,23:35,Miles Bridges,22:56,Cody Zeller,19:46,Malik Monk,16:00,Marvin Williams,13:59,109,4,17,8.0,47.1,9.0,52.9,0.0,0.0,Cedi Osman,3,1,2019-2020,1.0,2,1.0,CLE,106,Collin Sexton,,,,,,,,,,,,,36:29,Darius Garland,34:07,Kevin Love,31:14,Tristan Thompson,30:52,Kevin Porter Jr.,24:07,Larry Nance Jr.,19:04,John Henson,14:49,Dante Exum,12:07,Matthew Dellavedova,10:42
5,.556,9,69.231,0,0.00,121,0,4,100.0,7,.538,2.0,50.0,4.0,13,3,.750,4,30.769,Logos via Sports Logos.net / About logos,L,https://www.basketball-reference.com/boxscores/202001040CLE.html,Home,106,35:09,0,0.0,OKC,Shai Gilgeous-Alexander,Mike Muscala,8:16,Abdel Nader,1:44,Deonte Burton,1:44,,,,,,,34:25,Dennis Schröder,30:42,Chris Paul,30:24,Steven Adams,30:17,Danilo Gallinari,27:54,Terrance Ferguson,26:06,Darius Bazley,20:06,Hamidou Diallo,18:55,Nerlens Noel,9:27,121,5,22,4.0,18.2,15.0,68.2,3.0,13.6,Cedi Osman,15,0,2019-2020,0.0,1,4.0,CLE,106,Collin Sexton,Ante Žižić,3:09,,,,,,,,,,,35:46,Darius Garland,34:48,Tristan Thompson,30:59,Kevin Love,29:41,Alfonzo McKinnie,28:01,Dante Exum,16:57,John Henson,13:52,Matthew Dellavedova,8:29,Dean Wade,3:09
0,.000,3,37.500,1,0.33,118,1,2,100.0,3,.375,3.0,60.0,5.0,8,1,1.000,1,12.500,Logos via Sports Logos.net / About logos,L,https://www.basketball-reference.com/boxscores/202001050CLE.html,Home,103,29:43,0,0.0,MIN,Robert Covington,Naz Reid,10:49,Noah Vonleh,7:54,Jordan Bell,0:46,,,,,,,33:51,Andrew Wiggins,30:54,Shabazz Napier,30:05,Gorgui Dieng,29:17,Jarrett Culver,28:08,Kelan Martin,19:41,Josh Okogie,17:17,Jeff Teague,17:09,Keita Bates-Diop,14:09,118,2,7,6.0,85.7,0.0,0.0,1.0,14.3,Cedi Osman,15,0,2019-2020,1.0,3,2.0,CLE,103,Collin Sexton,,,,,,,,,,,,,35:28,Darius Garland,35:19,Ante Žižić,24:35,Dante Exum,24:10,John Henson,23:25,Brandon Knight,23:00,Alfonzo McKinnie,21:05,Kevin Porter Jr.,19:27,Matthew Dellavedova,3:48
2,.286,7,43.750,2,2.00,115,0,0,0.0,7,.438,5.0,55.6,9.0,16,1,1.000,1,6.250,Logos via Sports Logos.net / About logos,L,https://www.basketball-reference.com/boxscores/202001070CLE.html,Home,113,36:00,1,100.0,DET,Andre Drummond,,,,,,,,,,,,,38:26,Svi Mykhailiuk,34:30,Sekou Doumbouya,33:22,Tony Snell,30:39,Derrick Rose,30:32,Bruce Brown,28:13,Langston Galloway,19:19,Christian Wood,13:21,Thon Maker,11:38,115,2,17,10.0,58.8,6.0,35.3,1.0,5.9,Cedi Osman,2,1,2019-2020,1.0,1,1.0,CLE,113,Kevin Love,,,,,,,,,,,,,36:22,Darius Garland,35:39,Collin Sexton,34:44,Tristan Thompson,31:44,Brandon Knight,24:10,Matthew Dellavedova,19:13,Ante Žižić,16:16,Dean Wade,5:52,,
0,.000,2,22.222,2,1.00,115,0,2,50.0,5,.556,5.0,71.4,7.0,9,1,.250,4,44.444,Logos via Sports Logos.net / About logos,W,https://www.basketball-reference.com/boxscores/202001090DET.html,Away,112,40:22,2,50.0,DET,Andre Drummond,,,,,,,,,,,,,49:00,Bruce Brown,37:50,Derrick Rose,35:42,Tony Snell,35:36,Svi Mykhailiuk,29:27,Thon Maker,25:07,Sekou Doumbouya,19:43,Langston Galloway,18:20,Christian Wood,14:15,112,2,11,10.0,90.9,0.0,0.0,1.0,9.1,Cedi Osman,3,0,2019-2020,0.0,2,4.0,CLE,115,Tristan Thompson,,,,,,,,,,,,,45:18,Darius Garland,41:28,Collin Sexton,39:31,Kevin Love,37:51,Brandon Knight,24:06,Matthew Dellavedova,15:02,Alfonzo McKinnie,14:01,Ante Žižić,7:21,,
2,.400,5,62.500,4,1.33,111,0,12,100.0,4,.500,2.0,66.7,3.0,8,1,1.000,1,12.500,Logos via Sports Logos.net / About logos,W,https://www.basketball-reference.com/boxscores/202001110DEN.html,Away,103,35:12,0,0.0,DEN,Will Barton,Michael Porter Jr.,3:17,,,,,,,,,,,38:24,Jamal Murray,35:03,Nikola Jokić,33:35,Gary Harris,32:49,Jerami Grant,27:01,Mason Plumlee,25:42,Monte Morris,23:34,Malik Beasley,12:57,Juancho Hernangómez,7:37,103,4,11,4.0,36.4,6.0,54.5,1.0,9.1,Cedi Osman,8,0,2019-2020,0.0,3,12.0,CLE,111,Tristan Thompson,,,,,,,,,,,,,38:21,Darius Garland,37:39,Kevin Love,36:49,Collin Sexton,34:18,Alfonzo McKinnie,24:03,Brandon Knight,17:59,Ante Žižić,9:33,Matthew Dellavedova,6:04,,
4,.667,6,50.000,1,1.00,99,0,4,100.0,5,.417,1.0,16.7,6.0,12,1,1.000,1,8.333,Logos via Sports Logos.net / About logos,L,https://www.basketball-reference.com/boxscores/202001130LAL.html,Away,128,34:59,0,0.0,LAL,LeBron James,Jared Dudley,16:58,Troy Daniels,3:19,,,,,,,,,32:43,Kentavious Caldwell-Pope,26:09,Kyle Kuzma,25:42,Dwight Howard,24:54,Danny Green,23:21,JaVale McGee,23:06,Alex Caruso,22:32,Avery Bradley,20:54,Quinn Cook,20:22,128,2,15,2.0,13.3,12.0,80.0,1.0,6.7,Cedi Osman,29,0,2019-2020,0.0,1,4.0,CLE,99,Collin Sexton,Tyler Cook,5:25,,,,,,,,,,,34:40,Tristan Thompson,33:34,Kevin Love,33:04,Darius Garland,29:21,Alfonzo McKinnie,22:19,Dante Exum,19:54,Brandon Knight,12:18,John Henson,9:01,Dean Wade,5:25
5,.625,8,61.538,1,0.50,103,0,3,100.0,7,.538,2.0,40.0,5.0,13,2,1.000,2,15.385,Logos via Sports Logos.net / About logos,L,https://www.basketball-reference.com/boxscores/202001140LAC.html,Away,128,24:08,0,0.0,LAC,Kawhi Leonard,Rodney McGruder,14:27,Terance Mann,12:00,Derrick Walton,4:55,Patrick Patterson,3:46,,,,,28:44,Maurice Harkless,26:55,Landry Shamet,25:44,Ivica Zubac,24:39,Patrick Beverley,22:51,JaMychal Green,21:05,Montrezl Harrell,19:35,Lou Williams,19:31,Jerome Robinson,15:48,128,3,21,4.0,19.0,15.0,71.4,2.0,9.5,Cedi Osman,25,0,2019-2020,0.0,2,3.0,CLE,103,Collin Sexton,Matthew Dellavedova,12:00,Tyler Cook,5:53,,,,,,,,,28:29,Darius Garland,27:41,Brandon Knight,26:15,Tristan Thompson,23:32,Alfonzo McKinnie,20:38,Dante Exum,20:15,Larry Nance Jr.,18:42,John Henson,18:35,Dean Wade,13:52
0,.000,5,62.500,0,0.00,109,0,1,25.0,2,.250,2.0,66.7,3.0,8,0,,0,0.000,Logos via Sports Logos.net / About logos,L,https://www.basketball-reference.com/boxscores/202001170MEM.html,Away,113,21:24,3,75.0,MEM,Ja Morant,Tyus Jones,14:22,Kyle Anderson,5:21,,,,,,,,,33:14,Jonas Valančiūnas,32:29,Jae Crowder,30:19,Dillon Brooks,28:28,Brandon Clarke,25:19,De'Anthony Melton,19:56,Jaren Jackson Jr.,19:31,Grayson Allen,16:09,Solomon Hill,14:52,113,3,4,4.0,100.0,0.0,0.0,0.0,0.0,Cedi Osman,4,0,2019-2020,0.0,1,4.0,CLE,109,Collin Sexton,,,,,,,,,,,,,37:03,Kevin Love,34:23,Darius Garland,30:40,Alfonzo McKinnie,26:36,Tristan Thompson,24:52,Larry Nance Jr.,24:05,Dante Exum,16:05,John Henson,12:40,Matthew Dellavedova,12:12
4,.800,5,100.000,2,2.00,116,0,3,100.0,4,.800,0.0,,0.0,5,4,1.000,4,80.000,Logos via Sports Logos.net / About logos,L,https://www.basketball-reference.com/boxscores/202001180CHI.html,Away,118,27:52,0,0.0,CHI,Zach LaVine,Shaquille Harrison,8:23,Ryan Arcidiacono,4:57,,,,,,,,,39:15,Lauri Markkanen,32:58,Kris Dunn,32:44,Tomáš Satoranský,28:40,Chandler Hutchison,22:17,Luke Kornet,21:56,Coby White,19:37,Thaddeus Young,15:14,Cristiano Felício,13:59,118,3,16,0.0,0.0,12.0,75.0,4.0,25.0,Cedi Osman,2,2,2019-2020,2.0,1,3.0,CLE,116,Darius Garland,,,,,,,,,,,,,37:36,Tristan Thompson,36:50,Kevin Love,34:06,Collin Sexton,33:39,Larry Nance Jr.,25:04,Alfonzo McKinnie,20:15,Dante Exum,15:19,Matthew Dellavedova,9:19,,
4,.667,6,46.154,3,,106,0,0,,5,.385,1.0,14.3,7.0,13,0,,0,0.000,Logos via Sports Logos.net / About logos,L,https://www.basketball-reference.com/boxscores/202001200CLE.html,Home,86,32:49,0,,NYK,Reggie Bullock,Kevin Knox,15:12,,,,,,,,,,,29:59,Marcus Morris,29:50,Elfrid Payton,28:27,Mitchell Robinson,27:25,Julius Randle,27:20,Damyean Dotson,20:59,Bobby Portis,20:40,Taj Gibson,20:35,Frank Ntilikina,19:33,106,2,14,2.0,14.3,12.0,85.7,0.0,0.0,Cedi Osman,20,0,2019-2020,0.0,0,0.0,CLE,86,Tristan Thompson,,,,,,,,,,,,,35:19,Darius Garland,35:18,Collin Sexton,35:07,Kevin Love,30:02,Larry Nance Jr.,27:41,Dante Exum,24:57,Matthew Dellavedova,12:51,Matt Mooney,2:58,Tyler Cook,2:58
0,.000,6,54.545,5,,124,1,2,100.0,4,.364,4.0,80.0,5.0,11,1,1.000,1,9.091,Logos via Sports Logos.net / About logos,L,https://www.basketball-reference.com/boxscores/202001230CLE.html,Home,112,30:03,0,0.0,WAS,Bradley Beal,Anžejs Pasečņiks,15:23,Gary Payton II,5:45,Johnathan Williams,4:08,,,,,,,29:26,Ian Mahinmi,28:05,Dāvis Bertāns,26:43,Ish Smith,25:30,Troy Brown Jr.,25:30,Isaac Bonga,22:29,Isaiah Thomas,22:04,Jordan McRae,17:46,Thomas Bryant,17:11,124,4,9,8.0,88.9,0.0,0.0,1.0,11.1,Cedi Osman,12,2,2019-2020,3.0,0,2.0,CLE,112,Darius Garland,,,,,,,,,,,,,38:08,Collin Sexton,36:56,Kevin Love,33:52,Larry Nance Jr.,28:19,Tristan Thompson,21:06,Alfonzo McKinnie,18:23,Dante Exum,14:37,John Henson,12:43,Matthew Dellavedova,5:53
2,.500,4,36.364,6,,118,0,0,0.0,7,.636,5.0,71.4,7.0,11,2,.667,3,27.273,Logos via Sports Logos.net / About logos,L,https://www.basketball-reference.com/boxscores/202001250CLE.html,Home,106,30:18,1,100.0,CHI,Zach LaVine,Denzel Valentine,10:52,,,,,,,,,,,39:24,Thaddeus Young,34:44,Kris Dunn,32:42,Tomáš Satoranský,30:26,Luke Kornet,25:37,Cristiano Felício,19:57,Coby White,18:44,Chandler Hutchison,15:23,Ryan Arcidiacono,12:11,118,2,18,10.0,55.6,6.0,33.3,2.0,11.1,Cedi Osman,12,2,2019-2020,2.0,0,1.0,CLE,106,Darius Garland,,,,,,,,,,,,,34:52,Collin Sexton,33:43,Kevin Love,32:38,Tristan Thompson,27:35,Larry Nance Jr.,24:04,Dante Exum,22:11,Alfonzo McKinnie,17:42,John Henson,11:43,Matthew Dellavedova,5:14
1,.333,3,42.857,4,4.00,115,0,4,80.0,3,.429,2.0,50.0,4.0,7,0,,0,0.000,Logos via Sports Logos.net / About logos,W,https://www.basketball-reference.com/boxscores/202001270DET.html,Away,100,23:18,1,20.0,DET,Sekou Doumbouya,Louis King,11:08,,,,,,,,,,,35:28,Andre Drummond,32:12,Svi Mykhailiuk,26:03,Bruce Brown,25:55,Reggie Jackson,25:04,Markieff Morris,24:09,Langston Galloway,22:49,Christian Wood,20:28,Thon Maker,16:44,100,1,7,4.0,57.1,3.0,42.9,0.0,0.0,Cedi Osman,15,1,2019-2020,1.0,1,5.0,CLE,115,Collin Sexton,Tyler Cook,1:54,Dean Wade,1:54,,,,,,,,,38:29,Tristan Thompson,26:29,Darius Garland,25:02,Alfonzo McKinnie,24:54,Kevin Love,24:18,Larry Nance Jr.,23:37,John Henson,17:36,Kevin Porter Jr.,16:26,Dante Exum,16:03
1,.333,3,27.273,4,4.00,125,1,2,50.0,4,.364,3.0,37.5,8.0,11,0,,0,0.000,Logos via Sports Logos.net / About logos,L,https://www.basketball-reference.com/boxscores/202001280CLE.html,Home,111,24:20,2,50.0,NOP,Jrue Holiday,Frank Jackson,8:36,Nickeil Alexander-Walker,0:38,,,,,,,,,33:12,Lonzo Ball,32:22,Brandon Ingram,31:34,Zion Williamson,29:45,JJ Redick,27:41,Derrick Favors,23:02,Josh Hart,21:50,Nicolò Melli,16:13,Jaxson Hayes,15:07,125,4,9,6.0,66.7,3.0,33.3,0.0,0.0,Cedi Osman,14,0,2019-2020,1.0,1,4.0,CLE,111,Collin Sexton,Tyler Cook,1:38,Matt Mooney,1:38,Dean Wade,1:38,,,,,,,31:47,Kevin Love,26:00,Kevin Porter Jr.,25:43,Larry Nance Jr.,25:39,Alfonzo McKinnie,23:40,Tristan Thompson,22:59,Matthew Dellavedova,18:43,Dante Exum,18:09,John Henson,18:06
2,.286,7,87.500,4,4.00,115,0,5,100.0,3,.375,1.0,100.0,1.0,8,0,,0,0.000,Logos via Sports Logos.net / About logos,L,https://www.basketball-reference.com/boxscores/202001300CLE.html,Home,109,22:26,0,0.0,TOR,Kyle Lowry,,,,,,,,,,,,,36:59,Fred VanVleet,36:32,Pascal Siakam,33:50,Serge Ibaka,33:13,OG Anunoby,31:28,Norman Powell,25:31,Patrick McCaw,20:26,Chris Boucher,14:47,Terence Davis,7:14,115,3,8,2.0,25.0,6.0,75.0,0.0,0.0,Cedi Osman,6,1,2019-2020,1.0,1,5.0,CLE,109,Darius Garland,,,,,,,,,,,,,35:16,Collin Sexton,32:52,Kevin Love,32:42,Kevin Porter Jr.,28:40,Tristan Thompson,26:33,Larry Nance Jr.,25:34,Alfonzo McKinnie,18:04,John Henson,11:11,Dante Exum,6:42
2,.667,3,42.857,3,1.50,131,0,0,,4,.571,2.0,50.0,4.0,7,0,,0,0.000,Logos via Sports Logos.net / About logos,L,https://www.basketball-reference.com/boxscores/202002010CLE.html,Home,112,21:43,0,,GSW,D'Angelo Russell,Jordan Poole,12:31,Kevon Looney,12:30,,,,,,,,,28:55,Damion Lee,27:04,Glenn Robinson III,25:50,Draymond Green,25:50,Marquese Chriss,24:55,Alec Burks,23:47,Omari Spellman,22:42,Eric Paschall,22:10,Jacob Evans,13:46,131,3,10,4.0,40.0,6.0,60.0,0.0,0.0,Cedi Osman,19,2,2019-2020,2.0,2,0.0,CLE,112,Collin Sexton,Marques Bolden,2:49,,,,,,,,,,,33:00,Darius Garland,32:03,Kevin Love,29:12,Tristan Thompson,26:19,Kevin Porter Jr.,23:55,Larry Nance Jr.,22:58,Alfonzo McKinnie,18:09,Dante Exum,15:10,John Henson,14:42
3,.500,6,60.000,2,0.50,139,0,4,100.0,6,.600,3.0,75.0,4.0,10,0,,0,0.000,Logos via Sports Logos.net / About logos,L,https://www.basketball-reference.com/boxscores/202002030CLE.html,Home,134,38:04,0,0.0,NYK,Julius Randle,Mitchell Robinson,14:42,Taj Gibson,13:19,,,,,,,,,38:18,Marcus Morris,36:22,Elfrid Payton,32:59,Bobby Portis,28:17,Reggie Bullock,24:43,Frank Ntilikina,22:59,Dennis Smith Jr.,20:01,Kevin Knox,17:27,Damyean Dotson,15:53,139,5,15,6.0,40.0,9.0,60.0,0.0,0.0,Cedi Osman,5,0,2019-2020,0.0,4,4.0,CLE,134,Larry Nance Jr.,,,,,,,,,,,,,42:23,Kevin Love,41:21,Collin Sexton,39:31,Darius Garland,39:19,Kevin Porter Jr.,24:23,John Henson,18:25,Dante Exum,15:44,Matthew Dellavedova,5:50,,
2,.333,6,66.667,4,2.00,103,0,5,100.0,4,.444,2.0,66.7,3.0,9,1,.333,3,33.333,Logos via Sports Logos.net / About logos,L,https://www.basketball-reference.com/boxscores/202002050OKC.html,Away,109,23:40,0,0.0,OKC,Shai Gilgeous-Alexander,Terrance Ferguson,11:23,,,,,,,,,,,39:19,Dennis Schröder,33:12,Danilo Gallinari,30:43,Chris Paul,30:07,Steven Adams,29:43,Nerlens Noel,18:17,Darius Bazley,17:17,Luguentz Dort,16:49,Abdel Nader,13:10,109,3,11,4.0,36.4,6.0,54.5,1.0,9.1,Cedi Osman,6,0,2019-2020,0.0,2,5.0,CLE,103,Darius Garland,,,,,,,,,,,,,34:46,Collin Sexton,34:38,Kevin Love,33:40,Larry Nance Jr.,31:35,John Henson,30:45,Kevin Porter Jr.,30:40,Dante Exum,14:52,Matthew Dellavedova,5:23,,
0,.000,3,37.500,1,0.50,133,0,3,75.0,3,.375,3.0,60.0,5.0,8,1,.500,2,25.000,Logos via Sports Logos.net / About logos,L,https://www.basketball-reference.com/boxscores/202002090CLE.html,Home,92,24:59,1,25.0,LAC,Landry Shamet,Terance Mann,12:00,Johnathan Motley,10:40,Mfiondu Kabengele,9:42,,,,,,,27:17,Lou Williams,26:09,Amir Coffey,24:31,JaMychal Green,24:13,Paul George,24:12,Rodney McGruder,22:05,Marcus Morris,21:51,Montrezl Harrell,20:30,Ivica Zubac,16:50,133,2,7,6.0,85.7,0.0,0.0,1.0,14.3,Cedi Osman,41,1,2019-2020,1.0,2,4.0,CLE,92,Andre Drummond,Malik Newman,3:41,Dean Wade,3:41,,,,,,,,,28:59,Darius Garland,28:27,Collin Sexton,27:51,Kevin Porter Jr.,27:35,Kevin Love,25:46,Alfonzo McKinnie,21:16,Larry Nance Jr.,20:18,Tristan Thompson,19:01,Dante Exum,8:26
1,.143,7,70.000,2,1.00,105,1,6,100.0,1,.100,0.0,0.0,3.0,10,0,,0,0.000,Logos via Sports Logos.net / About logos,W,https://www.basketball-reference.com/boxscores/202002120CLE.html,Home,127,32:27,0,0.0,ATL,Trae Young,Jeff Teague,10:19,Vince Carter,8:22,Treveon Graham,5:24,,,,,,,37:08,De'Andre Hunter,35:31,John Collins,34:06,Kevin Huerter,30:19,Cam Reddish,26:10,Dewayne Dedmon,17:41,Brandon Goodwin,14:06,Damian Jones,10:27,Bruno Fernando,10:27,105,2,3,0.0,0.0,3.0,100.0,0.0,0.0,Cedi Osman,22,0,2019-2020,1.0,2,6.0,CLE,127,Larry Nance Jr.,,,,,,,,,,,,,34:43,Collin Sexton,32:11,Kevin Porter Jr.,32:08,Darius Garland,31:50,Tristan Thompson,25:52,Andre Drummond,22:08,Dante Exum,18:44,Alfonzo McKinnie,9:20,J.P. Macura,0:37
3,.600,5,71.429,2,1.00,113,0,10,100.0,5,.714,2.0,100.0,2.0,7,3,.750,4,57.143,Logos via Sports Logos.net / About logos,W,https://www.basketball-reference.com/boxscores/202002210WAS.html,Away,108,30:03,0,0.0,WAS,Bradley Beal,Moritz Wagner,15:31,Jerome Robinson,13:47,,,,,,,,,34:19,Rui Hachimura,30:10,Ish Smith,29:42,Dāvis Bertāns,26:03,Isaac Bonga,19:51,Troy Brown Jr.,19:50,Shabazz Napier,18:18,Ian Mahinmi,16:23,Thomas Bryant,16:06,108,2,16,4.0,25.0,9.0,56.2,3.0,18.8,Cedi Osman,5,1,2019-2020,1.0,2,10.0,CLE,113,Darius Garland,,,,,,,,,,,,,36:12,Collin Sexton,34:20,Tristan Thompson,26:00,Larry Nance Jr.,25:37,Dante Exum,23:47,Kevin Love,22:32,Andre Drummond,21:51,Kevin Porter Jr.,12:54,Matthew Dellavedova,6:44
4,.364,11,73.333,7,,105,0,5,71.4,6,.400,2.0,50.0,4.0,15,3,.500,6,40.000,Logos via Sports Logos.net / About logos,L,https://www.basketball-reference.com/boxscores/202002220MIA.html,Away,124,37:48,2,28.6,MIA,Kendrick Nunn,Solomon Hill,8:12,Chris Silva,5:23,,,,,,,,,34:44,Duncan Robinson,32:15,Derrick Jones Jr.,27:00,Jae Crowder,26:48,Kelly Olynyk,26:15,Bam Adebayo,25:34,Goran Dragić,25:32,Andre Iguodala,18:29,Udonis Haslem,9:48,124,2,19,4.0,21.1,12.0,63.2,3.0,15.8,Cedi Osman,19,0,2019-2020,0.0,0,7.0,CLE,105,Collin Sexton,,,,,,,,,,,,,33:24,Darius Garland,33:16,Larry Nance Jr.,28:10,Tristan Thompson,25:59,Dante Exum,25:19,Andre Drummond,24:41,Kevin Porter Jr.,14:13,Ante Žižić,8:35,Matthew Dellavedova,8:35
1,.167,6,75.000,2,2.00,119,0,1,100.0,3,.375,2.0,100.0,2.0,8,0,,0,0.000,Logos via Sports Logos.net / About logos,W,https://www.basketball-reference.com/boxscores/202002240CLE.html,Home,125,24:01,0,0.0,MIA,Bam Adebayo,,,,,,,,,,,,,40:59,Jae Crowder,38:17,Duncan Robinson,37:09,Derrick Jones Jr.,36:40,Kendrick Nunn,34:17,Goran Dragić,34:08,Andre Iguodala,16:51,Kelly Olynyk,14:43,Chris Silva,11:56,119,2,7,4.0,57.1,3.0,42.9,0.0,0.0,Cedi Osman,6,0,2019-2020,0.0,1,1.0,CLE,125,Kevin Porter Jr.,,,,,,,,,,,,,40:41,Darius Garland,39:42,Kevin Love,37:55,Larry Nance Jr.,31:56,Tristan Thompson,29:18,Collin Sexton,27:53,Andre Drummond,23:39,Dante Exum,6:26,Matthew Dellavedova,3:29
1,.500,2,100.000,1,0.33,94,0,2,100.0,1,.500,0.0,,0.0,2,2,1.000,2,100.000,Logos via Sports Logos.net / About logos,W,https://www.basketball-reference.com/boxscores/202002260CLE.html,Home,108,16:34,0,0.0,PHI,Shake Milton,Mike Scott,8:47,Joel Embiid,7:36,,,,,,,,,37:10,Tobias Harris,36:27,Al Horford,34:00,Josh Richardson,32:12,Furkan Korkmaz,24:47,Alec Burks,17:19,Glenn Robinson III,15:12,Matisse Thybulle,14:34,Kyle O'Quinn,11:54,94,4,5,0.0,0.0,3.0,60.0,2.0,40.0,Cedi Osman,14,0,2019-2020,0.0,3,2.0,CLE,108,Collin Sexton,,,,,,,,,,,,,35:30,Darius Garland,33:31,Kevin Love,33:12,Tristan Thompson,31:44,Larry Nance Jr.,30:48,Kevin Porter Jr.,26:33,Matthew Dellavedova,24:56,Ante Žižić,7:12,,
0,.000,2,33.333,2,1.00,104,0,2,100.0,3,.500,3.0,75.0,4.0,6,0,,0,0.000,Logos via Sports Logos.net / About logos,L,https://www.basketball-reference.com/boxscores/202002280NOP.html,Away,116,32:08,0,0.0,NOP,Lonzo Ball,Frank Jackson,7:08,JJ Redick,4:15,,,,,,,,,35:05,Jrue Holiday,33:55,Brandon Ingram,32:57,Zion Williamson,30:27,Nicolò Melli,23:59,Derrick Favors,23:38,Josh Hart,19:23,E'Twaun Moore,19:13,Jaxson Hayes,9:59,116,3,6,6.0,100.0,0.0,0.0,0.0,0.0,Cedi Osman,12,2,2019-2020,2.0,2,2.0,CLE,104,Collin Sexton,,,,,,,,,,,,,37:02,Darius Garland,35:50,Tristan Thompson,31:34,Kevin Porter Jr.,30:44,Kevin Love,26:43,Matthew Dellavedova,18:44,Larry Nance Jr.,17:17,Ante Žižić,9:57,,
1,.333,3,50.000,2,,113,0,1,100.0,3,.500,2.0,66.7,3.0,6,1,.500,2,33.333,Logos via Sports Logos.net / About logos,L,https://www.basketball-reference.com/boxscores/202002290CLE.html,Home,104,22:19,0,0.0,IND,Domantas Sabonis,Goga Bitadze,3:38,JaKarr Sampson,1:55,,,,,,,,,41:54,T.J. Warren,36:11,Myles Turner,35:51,Malcolm Brogdon,35:14,Victor Oladipo,28:44,T.J. McConnell,16:59,Aaron Holiday,15:03,Justin Holiday,14:18,Doug McDermott,10:13,113,0,8,4.0,50.0,3.0,37.5,1.0,12.5,Cedi Osman,9,0,2019-2020,0.0,0,1.0,CLE,104,Kevin Love,,,,,,,,,,,,,37:19,Collin Sexton,37:03,Andre Drummond,35:36,Kevin Porter Jr.,34:20,Darius Garland,29:45,Larry Nance Jr.,25:10,Matthew Dellavedova,18:28,,,,
2,.333,6,42.857,2,1.00,126,0,1,20.0,6,.429,4.0,50.0,8.0,14,0,,0,0.000,Logos via Sports Logos.net / About logos,L,https://www.basketball-reference.com/boxscores/202003020CLE.html,Home,113,39:29,4,80.0,UTA,Donovan Mitchell,Jarrell Brantley,0:41,Miye Oni,0:41,,,,,,,,,34:15,Rudy Gobert,33:42,Bojan Bogdanović,33:31,Mike Conley,30:00,Royce O'Neale,28:44,Joe Ingles,28:33,Jordan Clarkson,24:52,Tony Bradley,14:18,Georges Niang,10:43,126,4,14,8.0,57.1,6.0,42.9,0.0,0.0,Cedi Osman,13,1,2019-2020,1.0,2,5.0,CLE,113,Kevin Porter Jr.,,,,,,,,,,,,,40:54,Collin Sexton,39:28,Larry Nance Jr.,39:25,Kevin Love,31:53,Matthew Dellavedova,29:05,Ante Žižić,17:18,Dean Wade,1:14,Matt Mooney,1:14,,
3,.333,9,64.286,2,1.00,112,0,2,40.0,3,.214,0.0,0.0,5.0,14,4,1.000,4,28.571,Logos via Sports Logos.net / About logos,L,https://www.basketball-reference.com/boxscores/202003040CLE.html,Home,106,42:51,3,60.0,BOS,Jayson Tatum,Romeo Langford,13:27,Javonte Green,5:28,,,,,,,,,39:40,Marcus Smart,32:02,Semi Ojeleye,30:10,Brad Wanamaker,29:35,Grant Williams,26:28,Daniel Theis,18:35,Tremont Waters,15:58,Enes Freedom,14:22,Robert Williams,14:15,112,3,13,0.0,0.0,9.0,69.2,4.0,30.8,Cedi Osman,6,1,2019-2020,1.0,2,5.0,CLE,106,Collin Sexton,,,,,,,,,,,,,44:50,Larry Nance Jr.,39:16,Kevin Love,37:19,Matthew Dellavedova,35:25,Dean Wade,16:21,Ante Žižić,14:12,Kevin Porter Jr.,9:46,,,,
5,.833,6,50.000,1,0.50,102,0,3,100.0,7,.583,2.0,33.3,6.0,12,1,1.000,1,8.333,Logos via Sports Logos.net / About logos,W,https://www.basketball-reference.com/boxscores/202003070CLE.html,Home,104,38:25,0,0.0,DEN,Will Barton,Torrey Craig,7:47,,,,,,,,,,,36:38,Nikola Jokić,32:18,Gary Harris,30:53,Jamal Murray,30:48,Paul Millsap,26:32,Monte Morris,22:09,Jerami Grant,21:28,Michael Porter Jr.,15:45,Mason Plumlee,15:42,102,4,20,4.0,20.0,15.0,75.0,1.0,5.0,Cedi Osman,2,2,2019-2020,2.0,2,3.0,CLE,104,Collin Sexton,,,,,,,,,,,,,40:19,Tristan Thompson,37:55,Kevin Love,36:53,Matthew Dellavedova,31:06,Larry Nance Jr.,30:46,Alfonzo McKinnie,20:26,Ante Žižić,4:10,,,,
4,.500,8,57.143,6,6.00,129,0,3,75.0,6,.429,2.0,33.3,6.0,14,3,.750,4,28.571,Logos via Sports Logos.net / About logos,W,https://www.basketball-reference.com/boxscores/202003080CLE.html,Home,132,36:56,1,25.0,SAS,DeMar DeRozan,Quinndary Weatherspoon,0:00,,,,,,,,,,,42:04,Trey Lyles,41:17,Rudy Gay,35:49,Bryn Forbes,31:43,Dejounte Murray,30:42,Derrick White,24:41,Drew Eubanks,21:59,Patty Mills,19:19,Keldon Johnson,17:22,129,2,19,4.0,21.1,12.0,63.2,3.0,15.8,Cedi Osman,3,2,2019-2020,2.0,1,4.0,CLE,132,Matthew Dellavedova,,,,,,,,,,,,,44:39,Larry Nance Jr.,43:18,Kevin Love,40:04,Collin Sexton,39:25,Andre Drummond,33:07,Alfonzo McKinnie,19:19,Tristan Thompson,8:09,,,,
0,.000,4,25.000,1,,103,1,3,50.0,4,.250,4.0,33.3,12.0,16,1,1.000,1,6.250,Logos via Sports Logos.net / About logos,L,https://www.basketball-reference.com/boxscores/202003100CHI.html,Away,108,29:52,3,50.0,CHI,Coby White,,,,,,,,,,,,,37:57,Shaquille Harrison,29:42,Tomáš Satoranský,28:33,Lauri Markkanen,27:17,Wendell Carter Jr.,26:32,Otto Porter Jr.,25:26,Denzel Valentine,22:42,Daniel Gafford,20:56,Thaddeus Young,20:55,108,3,9,8.0,88.9,0.0,0.0,1.0,11.1,Cedi Osman,5,0,2019-2020,1.0,0,6.0,CLE,103,Kevin Love,,,,,,,,,,,,,37:17,Collin Sexton,36:27,Andre Drummond,34:32,Matthew Dellavedova,34:11,Larry Nance Jr.,31:55,Alfonzo McKinnie,22:51,Matt Mooney,12:55,,,,
3,.500,6,66.667,2,2.00,114,0,3,75.0,4,.444,1.0,33.3,3.0,9,0,,0,0.000,Logos via Sports Logos.net / About logos,W,https://www.basketball-reference.com/boxscores/202012230CLE.html,Home,121,17:57,1,25.0,CHO,Terry Rozier,Jalen McDaniels,5:34,,,,,,,,,,,37:31,Devonte' Graham,37:07,Gordon Hayward,36:13,Bismack Biyombo,24:21,Miles Bridges,22:05,P.J. Washington,21:23,Cody Martin,21:01,Cody Zeller,18:57,LaMelo Ball,15:48,114,2,11,2.0,18.2,9.0,81.8,0.0,0.0,Cedi Osman,7,0,2020-2021,0.0,1,4.0,CLE,121,Collin Sexton,Marques Bolden,0:01,,,,,,,,,,,37:05,Larry Nance Jr.,33:34,Isaac Okoro,33:32,Darius Garland,32:33,Andre Drummond,27:13,JaVale McGee,19:12,Dean Wade,15:52,Damyean Dotson,13:32,Dylan Windler,9:29
4,.571,7,58.333,0,,128,0,4,100.0,7,.583,3.0,60.0,5.0,12,4,.667,6,50.000,Logos via Sports Logos.net / About logos,W,https://www.basketball-reference.com/boxscores/202012260DET.html,Away,119,25:56,0,0.0,DET,Blake Griffin,Sekou Doumbouya,8:48,Saddiq Bey,6:01,,,,,,,,,44:20,Jerami Grant,42:31,Delon Wright,42:12,Derrick Rose,33:07,Mason Plumlee,32:47,Svi Mykhailiuk,23:34,Killian Hayes,19:30,Josh Jackson,18:42,Jahlil Okafor,18:27,119,1,22,6.0,27.3,12.0,54.5,4.0,18.2,Cedi Osman,9,1,2020-2021,1.0,0,4.0,CLE,128,Collin Sexton,,,,,,,,,,,,,45:14,Darius Garland,43:59,Andre Drummond,43:40,Isaac Okoro,41:38,Kevin Love,37:32,Larry Nance Jr.,24:30,JaVale McGee,14:19,Dante Exum,13:09,,
2,.500,4,50.000,2,2.00,94,1,2,100.0,5,.625,3.0,75.0,4.0,8,2,1.000,2,25.000,Logos via Sports Logos.net / About logos,W,https://www.basketball-reference.com/boxscores/202012270CLE.html,Home,118,21:46,0,0.0,PHI,Ben Simmons,Dwight Howard,15:00,Matisse Thybulle,8:14,Dakota Mathias,7:04,Isaiah Joe,7:04,Terrance Ferguson,7:04,,,28:26,Tobias Harris,28:21,Seth Curry,24:26,Shake Milton,22:29,Tyrese Maxey,21:40,Mike Scott,18:37,Danny Green,17:30,Tony Bradley,17:25,Furkan Korkmaz,16:40,94,4,14,6.0,42.9,6.0,42.9,2.0,14.3,Cedi Osman,24,1,2020-2021,2.0,1,2.0,CLE,118,Larry Nance Jr.,Marques Bolden,5:54,Thon Maker,5:54,Lamar Stevens,4:40,,,,,,,35:22,Collin Sexton,29:20,Darius Garland,28:56,Andre Drummond,25:40,Dante Exum,23:05,Damyean Dotson,19:42,JaVale McGee,16:26,Dean Wade,14:25,Kevin Love,8:50
0,.000,5,41.667,3,3.00,95,0,0,0.0,2,.167,2.0,28.6,7.0,12,2,1.000,2,16.667,Logos via Sports Logos.net / About logos,L,https://www.basketball-reference.com/boxscores/202012290CLE.html,Home,86,28:51,1,100.0,NYK,Julius Randle,,,,,,,,,,,,,44:09,Reggie Bullock,40:59,RJ Barrett,38:45,Elfrid Payton,35:34,Mitchell Robinson,31:34,Nerlens Noel,16:26,Kevin Knox,16:21,Frank Ntilikina,16:12,,,95,2,6,4.0,66.7,0.0,0.0,2.0,33.3,Cedi Osman,9,0,2020-2021,0.0,1,1.0,CLE,86,Larry Nance Jr.,,,,,,,,,,,,,42:34,Collin Sexton,40:35,Darius Garland,37:02,Andre Drummond,33:28,Damyean Dotson,22:27,JaVale McGee,16:18,Dante Exum,16:13,Dean Wade,2:32,,
1,.200,5,62.500,1,,99,0,1,50.0,1,.125,0.0,0.0,3.0,8,0,.000,2,25.000,Logos via Sports Logos.net / About logos,L,https://www.basketball-reference.com/boxscores/202012310IND.html,Away,119,21:20,1,50.0,IND,Domantas Sabonis,Edmond Sumner,2:21,Jalen Lecque,1:36,Cassius Stanley,1:36,JaKarr Sampson,1:36,,,,,37:00,Malcolm Brogdon,36:56,Victor Oladipo,34:12,Myles Turner,33:23,Doug McDermott,25:19,Justin Holiday,23:04,Aaron Holiday,22:28,Kelan Martin,11:01,T.J. McConnell,9:28,119,1,3,0.0,0.0,3.0,100.0,0.0,0.0,Cedi Osman,20,1,2020-2021,1.0,0,2.0,CLE,99,Darius Garland,Marques Bolden,2:21,Lamar Stevens,2:21,,,,,,,,,38:11,Collin Sexton,36:36,Larry Nance Jr.,35:59,Dante Exum,28:16,Andre Drummond,25:02,Damyean Dotson,20:46,JaVale McGee,13:38,Thon Maker,9:20,Dean Wade,6:10
3,.333,9,75.000,2,,96,0,4,100.0,4,.333,1.0,33.3,3.0,12,0,,0,0.000,Logos via Sports Logos.net / About logos,W,https://www.basketball-reference.com/boxscores/202101020ATL.html,Away,91,25:50,0,0.0,ATL,John Collins,Bruno Fernando,10:26,,,,,,,,,,,34:08,Trae Young,34:06,De'Andre Hunter,30:55,Clint Capela,30:55,Kevin Huerter,27:57,Cam Reddish,23:57,Bogdan Bogdanović,23:11,Brandon Goodwin,13:54,Solomon Hill,10:31,91,1,11,2.0,18.2,9.0,81.8,0.0,0.0,Cedi Osman,5,0,2020-2021,0.0,0,4.0,CLE,96,Larry Nance Jr.,,,,,,,,,,,,,36:37,Collin Sexton,35:54,Dante Exum,34:37,Darius Garland,34:20,JaVale McGee,24:56,Andre Drummond,20:21,Damyean Dotson,13:23,Dean Wade,9:08,Thon Maker,4:54
4,.500,8,57.143,7,2.33,83,1,6,85.7,6,.429,2.0,33.3,6.0,14,2,1.000,2,14.286,Logos via Sports Logos.net / About logos,L,https://www.basketball-reference.com/boxscores/202101040ORL.html,Away,103,38:27,1,14.3,ORL,Terrence Ross,Mo Bamba,4:28,Jordan Bone,2:53,Karim Mané,2:53,,,,,,,31:28,Nikola Vučević,31:09,Markelle Fultz,31:00,Aaron Gordon,27:55,Dwayne Bacon,25:16,Khem Birch,22:53,Cole Anthony,21:29,Gary Clark,20:53,Michael Carter-Williams,17:43,103,3,18,4.0,22.2,12.0,66.7,2.0,11.1,Cedi Osman,20,2,2020-2021,3.0,3,7.0,CLE,83,Collin Sexton,Dante Exum,0:49,,,,,,,,,,,38:51,Larry Nance Jr.,34:10,Andre Drummond,32:13,Damyean Dotson,29:09,Thon Maker,17:38,Lamar Stevens,14:46,Dean Wade,14:42,JaVale McGee,13:34,Marques Bolden,5:41
0,.000,7,58.333,7,3.50,94,0,5,100.0,1,.083,1.0,20.0,5.0,12,2,1.000,2,16.667,Logos via Sports Logos.net / About logos,L,https://www.basketball-reference.com/boxscores/202101060ORL.html,Away,105,32:53,0,0.0,ORL,Nikola Vučević,Markelle Fultz,4:25,Karim Mané,3:40,Mo Bamba,3:40,,,,,,,34:08,Cole Anthony,32:06,Dwayne Bacon,31:31,Gary Clark,28:24,Aaron Gordon,27:09,Khem Birch,24:55,Terrence Ross,21:44,James Ennis III,16:06,Jordan Bone,12:10,105,4,4,2.0,50.0,0.0,0.0,2.0,50.0,Cedi Osman,11,3,2020-2021,3.0,2,5.0,CLE,94,Collin Sexton,Marques Bolden,4:38,,,,,,,,,,,35:00,Larry Nance Jr.,32:37,Isaac Okoro,28:00,Andre Drummond,26:18,Lamar Stevens,20:35,JaVale McGee,17:06,Damyean Dotson,15:31,Thon Maker,14:29,Dean Wade,12:52
4,.364,11,57.895,7,3.50,94,0,4,80.0,6,.316,2.0,25.0,8.0,19,0,.000,2,10.526,Logos via Sports Logos.net / About logos,W,https://www.basketball-reference.com/boxscores/202101070MEM.html,Away,90,38:09,1,20.0,MEM,Brandon Clarke,Grayson Allen,16:09,,,,,,,,,,,30:11,Dillon Brooks,28:22,Kyle Anderson,28:08,Jonas Valančiūnas,27:32,Tyus Jones,26:47,Desmond Bane,23:36,De'Anthony Melton,21:12,Xavier Tillman Sr.,19:52,Gorgui Dieng,18:08,90,3,16,4.0,25.0,12.0,75.0,0.0,0.0,Cedi Osman,4,1,2020-2021,1.0,2,5.0,CLE,94,Isaac Okoro,,,,,,,,,,,,,39:18,Andre Drummond,37:21,Damyean Dotson,35:15,Larry Nance Jr.,34:50,Lamar Stevens,20:32,JaVale McGee,17:20,Dean Wade,12:13,Thon Maker,5:01,,
1,.125,8,61.538,2,0.40,90,0,3,60.0,4,.308,3.0,60.0,5.0,13,0,,0,0.000,Logos via Sports Logos.net / About logos,L,https://www.basketball-reference.com/boxscores/202101090MIL.html,Away,100,30:41,2,40.0,MIL,Jrue Holiday,Pat Connaughton,10:53,,,,,,,,,,,36:16,Khris Middleton,35:28,Brook Lopez,34:44,Bobby Portis,33:27,Donte DiVincenzo,26:54,D.J. Augustin,20:13,D.J. Wilson,15:42,Bryn Forbes,13:56,Thanasis Antetokounmpo,12:24,100,4,9,6.0,66.7,3.0,33.3,0.0,0.0,Cedi Osman,10,0,2020-2021,0.0,5,5.0,CLE,90,Andre Drummond,,,,,,,,,,,,,41:17,Damyean Dotson,41:03,Larry Nance Jr.,39:41,Isaac Okoro,33:33,JaVale McGee,17:21,Dean Wade,14:35,Lamar Stevens,11:36,Thon Maker,10:11,,
3,.429,7,53.846,4,4.00,101,0,3,100.0,5,.385,2.0,33.3,6.0,13,1,1.000,1,7.692,Logos via Sports Logos.net / About logos,L,https://www.basketball-reference.com/boxscores/202101110CLE.html,Home,91,33:36,0,0.0,MEM,Dillon Brooks,Tim Frazier,10:47,,,,,,,,,,,33:22,Tyus Jones,31:37,Kyle Anderson,30:46,Jonas Valančiūnas,29:49,Brandon Clarke,29:48,Desmond Bane,20:09,De'Anthony Melton,18:12,Xavier Tillman Sr.,17:45,Grayson Allen,17:45,101,3,14,4.0,28.6,9.0,64.3,1.0,7.1,Cedi Osman,10,2,2020-2021,2.0,1,3.0,CLE,91,Isaac Okoro,,,,,,,,,,,,,39:59,Larry Nance Jr.,38:00,Damyean Dotson,37:01,Andre Drummond,34:38,Yogi Ferrell,16:47,JaVale McGee,15:33,Dean Wade,14:24,Lamar Stevens,10:02,,
0,.000,6,40.000,6,3.00,117,1,4,100.0,7,.467,7.0,77.8,9.0,15,3,1.000,3,20.000,Logos via Sports Logos.net / About logos,L,https://www.basketball-reference.com/boxscores/202101120CLE.html,Home,87,37:42,0,0.0,UTA,Donovan Mitchell,Udoka Azubuike,5:39,Jarrell Brantley,5:39,Shaquille Harrison,5:39,Elijah Hughes,4:53,,,,,30:06,Royce O'Neale,29:34,Jordan Clarkson,28:08,Bojan Bogdanović,27:49,Mike Conley,27:00,Rudy Gobert,25:21,Miye Oni,17:54,Derrick Favors,17:00,Georges Niang,15:18,117,3,17,14.0,82.4,0.0,0.0,3.0,17.6,Cedi Osman,30,0,2020-2021,1.0,2,4.0,CLE,87,Isaac Okoro,,,,,,,,,,,,,35:33,Damyean Dotson,30:50,Larry Nance Jr.,29:54,Yogi Ferrell,23:42,Lamar Stevens,23:01,JaVale McGee,20:57,Dean Wade,19:17,Marques Bolden,10:03,Thon Maker,9:01
5,.556,9,45.000,5,1.67,103,0,2,66.7,10,.500,5.0,45.5,11.0,20,0,.000,1,5.000,Logos via Sports Logos.net / About logos,W,https://www.basketball-reference.com/boxscores/202101150CLE.html,Home,106,39:34,1,33.3,NYK,Julius Randle,Obi Toppin,9:57,,,,,,,,,,,38:03,RJ Barrett,32:58,Reggie Bullock,30:52,Mitchell Robinson,28:01,Immanuel Quickley,27:33,Elfrid Payton,20:27,Kevin Knox,17:33,Nerlens Noel,17:28,Austin Rivers,17:08,103,3,25,10.0,40.0,15.0,60.0,0.0,0.0,Cedi Osman,3,2,2020-2021,2.0,3,3.0,CLE,106,Larry Nance Jr.,,,,,,,,,,,,,44:04,Isaac Okoro,41:43,Andre Drummond,39:36,Damyean Dotson,39:34,Lamar Stevens,20:41,JaVale McGee,12:55,Dean Wade,1:51,,,,
4,.444,9,52.941,7,7.00,135,0,7,100.0,9,.529,5.0,62.5,8.0,17,3,1.000,3,17.647,Logos via Sports Logos.net / About logos,W,https://www.basketball-reference.com/boxscores/202101200CLE.html,Home,147,50:22,0,0.0,BRK,James Harden,,,,,,,,,,,,,50:30,Kevin Durant,50:09,Kyrie Irving,48:22,Jeff Green,45:26,Joe Harris,41:53,DeAndre Jordan,24:25,Timothé Luwawu-Cabarrot,11:30,Reggie Perry,10:44,Bruce Brown,7:01,135,4,25,10.0,40.0,12.0,48.0,3.0,12.0,Cedi Osman,12,0,2020-2021,0.0,1,7.0,CLE,147,Larry Nance Jr.,,,,,,,,,,,,,45:05,Isaac Okoro,43:18,Collin Sexton,38:12,Taurean Prince,31:37,Jarrett Allen,31:10,Andre Drummond,25:44,Damyean Dotson,24:32,,,,
1,.200,5,62.500,2,2.00,113,0,2,100.0,2,.250,1.0,33.3,3.0,8,0,,0,0.000,Logos via Sports Logos.net / About logos,W,https://www.basketball-reference.com/boxscores/202101220CLE.html,Home,125,28:40,0,0.0,BRK,James Harden,Chris Chiozza,2:36,Tyler Johnson,2:36,,,,,,,,,37:03,Joe Harris,31:18,Kyrie Irving,30:50,Jeff Green,26:11,Timothé Luwawu-Cabarrot,26:10,DeAndre Jordan,25:54,Bruce Brown,22:59,Landry Shamet,18:56,Reggie Perry,15:27,113,0,5,2.0,40.0,3.0,60.0,0.0,0.0,Cedi Osman,12,1,2020-2021,1.0,1,2.0,CLE,125,Isaac Okoro,Dean Wade,1:14,Lamar Stevens,0:50,,,,,,,,,31:28,Larry Nance Jr.,31:03,Collin Sexton,29:34,Andre Drummond,27:28,Taurean Prince,22:22,Darius Garland,22:08,Jarrett Allen,19:18,Dylan Windler,16:18,Damyean Dotson,9:37
4,.571,7,70.000,0,0.00,103,0,1,50.0,4,.400,0.0,0.0,3.0,10,0,,0,0.000,Logos via Sports Logos.net / About logos,L,https://www.basketball-reference.com/boxscores/202101240BOS.html,Away,141,17:43,1,50.0,BOS,Marcus Smart,Jeff Teague,12:26,Tremont Waters,12:00,Grant Williams,12:00,Javonte Green,10:25,Tacko Fall,8:33,,,27:13,Daniel Theis,24:01,Kemba Walker,23:48,Tristan Thompson,22:26,Carsen Edwards,19:22,Jaylen Brown,19:14,Semi Ojeleye,17:20,Aaron Nesmith,16:39,Robert Williams,14:33,141,4,12,0.0,0.0,12.0,100.0,0.0,0.0,Cedi Osman,38,0,2020-2021,0.0,2,2.0,CLE,103,Isaac Okoro,Larry Nance Jr.,12:36,Dean Wade,7:32,,,,,,,,,29:19,Damyean Dotson,27:45,Jarrett Allen,25:48,Dylan Windler,25:44,Darius Garland,23:07,Taurean Prince,21:20,Andre Drummond,17:45,Collin Sexton,16:11,JaVale McGee,15:10
5,.625,8,72.727,2,1.00,115,0,1,50.0,6,.545,1.0,33.3,3.0,11,3,.750,4,36.364,Logos via Sports Logos.net / About logos,L,https://www.basketball-reference.com/boxscores/202101250CLE.html,Home,108,32:00,1,50.0,LAL,LeBron James,Marc Gasol,10:14,,,,,,,,,,,38:07,Anthony Davis,35:38,Dennis Schröder,29:50,Kentavious Caldwell-Pope,27:52,Montrezl Harrell,25:31,Kyle Kuzma,21:59,Alex Caruso,18:43,Wesley Matthews,16:21,Markieff Morris,15:45,115,2,20,2.0,10.0,15.0,75.0,3.0,15.0,Cedi Osman,7,3,2020-2021,3.0,2,2.0,CLE,108,Isaac Okoro,,,,,,,,,,,,,34:02,Collin Sexton,29:36,Jarrett Allen,28:52,Andre Drummond,28:02,Darius Garland,25:38,Taurean Prince,24:57,Dylan Windler,17:33,JaVale McGee,13:13,Damyean Dotson,6:07
2,.400,5,62.500,2,,107,0,1,100.0,4,.500,2.0,66.7,3.0,8,0,,0,0.000,Logos via Sports Logos.net / About logos,W,https://www.basketball-reference.com/boxscores/202101270CLE.html,Home,122,26:53,0,0.0,DET,Jerami Grant,Isaiah Stewart,14:40,Jahlil Okafor,5:02,Frank Jackson,1:54,,,,,,,32:49,Wayne Ellington,32:48,Delon Wright,30:25,Mason Plumlee,28:18,Josh Jackson,21:40,Saddiq Bey,19:30,Derrick Rose,19:07,Svi Mykhailiuk,18:36,Sekou Doumbouya,15:11,107,3,10,4.0,40.0,6.0,60.0,0.0,0.0,Cedi Osman,15,0,2020-2021,0.0,0,1.0,CLE,122,Isaac Okoro,,,,,,,,,,,,,37:19,Collin Sexton,34:46,Darius Garland,31:18,Taurean Prince,30:01,Andre Drummond,28:01,Dylan Windler,21:55,Jarrett Allen,19:59,Damyean Dotson,8:14,Dean Wade,1:34
1,.250,4,57.143,1,,81,0,0,,1,.143,0.0,0.0,3.0,7,0,,0,0.000,Logos via Sports Logos.net / About logos,L,https://www.basketball-reference.com/boxscores/202101290NYK.html,Away,102,16:38,0,,NYK,RJ Barrett,Kevin Knox,8:11,Taj Gibson,0:39,,,,,,,,,39:49,Julius Randle,35:09,Nerlens Noel,25:05,Immanuel Quickley,24:52,Austin Rivers,24:09,Alec Burks,23:51,Elfrid Payton,23:08,Mitchell Robinson,22:16,Obi Toppin,12:51,102,3,3,0.0,0.0,3.0,100.0,0.0,0.0,Cedi Osman,21,1,2020-2021,1.0,0,0.0,CLE,81,Collin Sexton,,,,,,,,,,,,,34:54,Isaac Okoro,32:25,Darius Garland,29:06,Larry Nance Jr.,29:00,Jarrett Allen,25:41,Andre Drummond,23:55,Taurean Prince,22:12,Dylan Windler,20:06,Dean Wade,6:03
1,.500,2,33.333,0,0.00,104,0,1,100.0,3,.500,2.0,50.0,4.0,6,2,1.000,2,33.333,Logos via Sports Logos.net / About logos,L,https://www.basketball-reference.com/boxscores/202101310MIN.html,Away,109,23:14,0,0.0,MIN,D'Angelo Russell,Jaylen Nowell,19:29,,,,,,,,,,,30:42,Anthony Edwards,30:17,Malik Beasley,28:13,Jarred Vanderbilt,25:25,Josh Okogie,23:03,Ed Davis,22:35,Ricky Rubio,20:27,Jaden McDaniels,20:02,Jake Layman,19:47,109,1,9,4.0,44.4,3.0,33.3,2.0,22.2,Cedi Osman,5,1,2020-2021,1.0,1,1.0,CLE,104,Andre Drummond,,,,,,,,,,,,,32:42,Isaac Okoro,32:10,Larry Nance Jr.,32:04,Collin Sexton,31:47,Darius Garland,31:19,Taurean Prince,21:02,Jarrett Allen,15:18,Dylan Windler,13:09,Damyean Dotson,7:15
2,.500,4,33.333,2,,98,0,1,14.3,4,.333,2.0,25.0,8.0,12,0,,0,0.000,Logos via Sports Logos.net / About logos,W,https://www.basketball-reference.com/boxscores/202102010CLE.html,Home,100,17:44,6,85.7,MIN,Malik Beasley,Jake Layman,14:07,Naz Reid,13:14,,,,,,,,,33:11,Anthony Edwards,31:18,D'Angelo Russell,28:56,Josh Okogie,22:14,Jaden McDaniels,21:38,Ed Davis,19:36,Ricky Rubio,19:28,Jarred Vanderbilt,19:12,Jaylen Nowell,17:06,98,1,10,4.0,40.0,6.0,60.0,0.0,0.0,Cedi Osman,2,2,2020-2021,2.0,0,7.0,CLE,100,Collin Sexton,,,,,,,,,,,,,41:28,Darius Garland,38:24,Jarrett Allen,34:46,Isaac Okoro,32:32,Taurean Prince,31:36,Lamar Stevens,14:11,JaVale McGee,13:14,Damyean Dotson,11:06,Dylan Windler,4:59
1,.500,2,22.222,1,,121,0,2,50.0,4,.444,3.0,42.9,7.0,9,0,,0,0.000,Logos via Sports Logos.net / About logos,L,https://www.basketball-reference.com/boxscores/202102030CLE.html,Home,99,18:16,2,50.0,LAC,Paul George,Terance Mann,3:56,Amir Coffey,3:56,Mfiondu Kabengele,3:56,,,,,,,34:05,Kawhi Leonard,31:34,Ivica Zubac,27:44,Nicolas Batum,23:45,Reggie Jackson,23:25,Marcus Morris,23:13,Lou Williams,22:35,Luke Kennard,21:35,Serge Ibaka,20:16,121,1,9,6.0,66.7,3.0,33.3,0.0,0.0,Cedi Osman,22,1,2020-2021,1.0,0,4.0,CLE,99,Collin Sexton,,,,,,,,,,,,,38:28,Darius Garland,34:41,Taurean Prince,28:14,Isaac Okoro,27:35,Jarrett Allen,25:45,Andre Drummond,22:15,Lamar Stevens,21:04,Dylan Windler,19:46,Dean Wade,3:56
2,.250,8,72.727,1,,123,0,3,100.0,4,.364,2.0,66.7,3.0,11,2,1.000,2,18.182,Logos via Sports Logos.net / About logos,L,https://www.basketball-reference.com/boxscores/202102050CLE.html,Home,105,22:25,0,0.0,MIL,Giannis Antetokounmpo,Torrey Craig,10:16,Jaylen Adams,1:41,,,,,,,,,33:20,Khris Middleton,30:59,Jrue Holiday,29:24,Brook Lopez,28:46,Donte DiVincenzo,28:19,Bobby Portis,23:34,D.J. Augustin,18:27,Pat Connaughton,18:07,Bryn Forbes,17:07,123,1,12,4.0,33.3,6.0,50.0,2.0,16.7,Cedi Osman,18,0,2020-2021,0.0,0,3.0,CLE,105,Collin Sexton,,,,,,,,,,,,,37:50,Taurean Prince,32:35,Isaac Okoro,31:29,Andre Drummond,29:42,Darius Garland,29:31,Jarrett Allen,21:30,Lamar Stevens,17:37,Dylan Windler,15:40,Dean Wade,1:41
1,.200,5,50.000,2,,124,0,0,,3,.300,2.0,40.0,5.0,10,0,,0,0.000,Logos via Sports Logos.net / About logos,L,https://www.basketball-reference.com/boxscores/202102060CLE.html,Home,99,15:12,0,,MIL,Giannis Antetokounmpo,Torrey Craig,14:13,Jaylen Adams,4:32,Thanasis Antetokounmpo,4:03,D.J. Wilson,4:03,,,,,31:49,Khris Middleton,29:23,Donte DiVincenzo,28:55,Brook Lopez,27:52,Jrue Holiday,25:22,Bobby Portis,20:06,Bryn Forbes,17:37,D.J. Augustin,17:29,Pat Connaughton,14:34,124,0,7,4.0,57.1,3.0,42.9,0.0,0.0,Cedi Osman,25,0,2020-2021,0.0,0,0.0,CLE,99,Darius Garland,Lamar Stevens,4:32,,,,,,,,,,,34:24,Collin Sexton,34:18,Andre Drummond,30:11,Isaac Okoro,29:12,Jarrett Allen,24:42,Larry Nance Jr.,23:22,Dylan Windler,19:49,Taurean Prince,19:08,Dean Wade,5:07
0,.000,4,66.667,1,,113,0,2,100.0,1,.167,1.0,50.0,2.0,6,0,,0,0.000,Logos via Sports Logos.net / About logos,L,https://www.basketball-reference.com/boxscores/202102080PHO.html,Away,119,15:27,0,0.0,PHO,E'Twaun Moore,,,,,,,,,,,,,39:41,Deandre Ayton,36:42,Mikal Bridges,35:31,Devin Booker,34:38,Frank Kaminsky,28:54,Cameron Johnson,28:12,Jevon Carter,18:36,Langston Galloway,15:34,Damian Jones,2:12,119,1,2,2.0,100.0,0.0,0.0,0.0,0.0,Cedi Osman,6,0,2020-2021,0.0,0,2.0,CLE,113,Darius Garland,,,,,,,,,,,,,37:07,Andre Drummond,35:54,Collin Sexton,34:13,Jarrett Allen,34:01,Taurean Prince,25:06,Isaac Okoro,25:01,Dylan Windler,14:01,Damyean Dotson,10:42,JaVale McGee,8:28
0,.000,4,80.000,1,,95,0,2,100.0,1,.200,1.0,100.0,1.0,5,0,,0,0.000,Logos via Sports Logos.net / About logos,L,https://www.basketball-reference.com/boxscores/202102100DEN.html,Away,133,21:50,0,0.0,DEN,Nikola Jokić,Facundo Campazzo,12:41,Isaiah Hartenstein,7:40,Markus Howard,6:12,Bol Bol,5:38,,,,,29:50,Michael Porter Jr.,27:38,Will Barton,26:47,Paul Millsap,26:40,Jamal Murray,25:15,Monte Morris,20:08,R.J. Hampton,19:05,Zeke Nnaji,18:46,JaMychal Green,13:40,133,0,2,2.0,100.0,0.0,0.0,0.0,0.0,Cedi Osman,38,1,2020-2021,1.0,0,2.0,CLE,95,Isaac Okoro,JaVale McGee,10:31,Dean Wade,7:40,,,,,,,,,29:57,Collin Sexton,28:54,Darius Garland,26:24,Jarrett Allen,25:45,Taurean Prince,24:24,Dylan Windler,17:01,Lamar Stevens,16:52,Andre Drummond,16:14,Damyean Dotson,14:28
0,.000,1,100.000,0,,110,0,2,100.0,0,.000,0.0,,0.0,1,0,,0,0.000,Logos via Sports Logos.net / About logos,L,https://www.basketball-reference.com/boxscores/202102120POR.html,Away,129,7:25,0,0.0,POR,Gary Trent Jr.,Rodney Hood,12:28,CJ Elleby,8:26,,,,,,,,,36:24,Anfernee Simons,30:26,Damian Lillard,29:34,Enes Freedom,27:05,Robert Covington,22:00,Carmelo Anthony,20:22,Harry Giles,20:16,Derrick Jones Jr.,19:12,Nassir Little,13:47,129,2,0,0.0,,0.0,,0.0,,Cedi Osman,19,0,2020-2021,0.0,0,2.0,CLE,110,Collin Sexton,Dean Wade,2:19,,,,,,,,,,,40:52,Darius Garland,32:46,Isaac Okoro,27:00,Lamar Stevens,25:42,Jarrett Allen,24:21,Dylan Windler,22:57,Taurean Prince,20:30,Damyean Dotson,18:59,Andre Drummond,17:09
3,.429,7,58.333,2,,111,0,1,33.3,6,.500,3.0,60.0,5.0,12,5,.833,6,50.000,Logos via Sports Logos.net / About logos,L,https://www.basketball-reference.com/boxscores/202102140LAC.html,Away,128,24:35,2,66.7,LAC,Lou Williams,Amir Coffey,4:01,Mfiondu Kabengele,4:01,,,,,,,,,32:11,Reggie Jackson,31:31,Nicolas Batum,29:48,Serge Ibaka,29:06,Luke Kennard,28:29,Marcus Morris,25:44,Terance Mann,20:10,Patrick Beverley,20:06,Ivica Zubac,14:53,128,2,20,6.0,30.0,9.0,45.0,5.0,25.0,Cedi Osman,17,0,2020-2021,0.0,0,3.0,CLE,111,Collin Sexton,Dean Wade,4:01,,,,,,,,,,,35:24,Isaac Okoro,29:56,Darius Garland,28:26,Jarrett Allen,28:12,Dylan Windler,23:57,Taurean Prince,19:06,Lamar Stevens,16:38,JaVale McGee,15:47,Damyean Dotson,13:58
3,.333,9,60.000,2,1.00,98,0,10,100.0,6,.400,3.0,50.0,6.0,15,2,1.000,2,13.333,Logos via Sports Logos.net / About logos,L,https://www.basketball-reference.com/boxscores/202102150GSW.html,Away,129,35:14,0,0.0,GSW,Andrew Wiggins,Mychal Mulder,17:01,,,,,,,,,,,29:58,Stephen Curry,29:47,Draymond Green,29:47,Juan Toscano-Anderson,28:23,Kelly Oubre Jr.,25:01,Kent Bazemore,24:00,Damion Lee,19:37,Eric Paschall,18:13,Brad Wanamaker,18:13,129,2,17,6.0,35.3,9.0,52.9,2.0,11.8,Cedi Osman,31,2,2020-2021,2.0,2,10.0,CLE,98,Collin Sexton,,,,,,,,,,,,,41:50,Darius Garland,39:38,Jarrett Allen,29:09,Isaac Okoro,26:04,Damyean Dotson,19:20,Lamar Stevens,18:57,JaVale McGee,16:41,Dean Wade,13:07,,
3,.429,7,87.500,7,7.00,120,0,4,66.7,3,.375,0.0,0.0,1.0,8,2,.667,3,37.500,Logos via Sports Logos.net / About logos,L,https://www.basketball-reference.com/boxscores/202102190CLE.html,Home,103,26:21,2,33.3,DEN,Jamal Murray,Vlatko Čančar,2:23,Markus Howard,2:23,JaMychal Green,1:15,,,,,,,38:15,Will Barton,34:19,Michael Porter Jr.,32:57,Nikola Jokić,32:48,Monte Morris,29:20,Facundo Campazzo,28:22,R.J. Hampton,20:23,Isaiah Hartenstein,11:08,Zeke Nnaji,6:27,120,2,11,0.0,0.0,9.0,81.8,2.0,18.2,Cedi Osman,17,1,2020-2021,1.0,1,6.0,CLE,103,Collin Sexton,,,,,,,,,,,,,37:49,Darius Garland,35:30,Isaac Okoro,34:13,Jarrett Allen,33:42,Dylan Windler,25:36,Damyean Dotson,18:44,JaVale McGee,14:18,Lamar Stevens,13:47,,
0,.000,8,66.667,4,4.00,117,0,5,83.3,3,.250,3.0,75.0,4.0,12,0,,0,0.000,Logos via Sports Logos.net / About logos,L,https://www.basketball-reference.com/boxscores/202102210CLE.html,Home,101,33:33,1,16.7,OKC,Shai Gilgeous-Alexander,,,,,,,,,,,,,35:50,Théo Maledon,33:15,Luguentz Dort,30:40,Darius Bazley,30:17,Al Horford,27:40,Hamidou Diallo,25:58,Isaiah Roby,20:20,Kenrich Williams,18:40,Mike Muscala,17:20,117,2,6,6.0,100.0,0.0,0.0,0.0,0.0,Cedi Osman,16,3,2020-2021,3.0,1,6.0,CLE,101,Jarrett Allen,,,,,,,,,,,,,41:51,Collin Sexton,40:17,Isaac Okoro,39:19,Darius Garland,38:22,Dylan Windler,17:01,Damyean Dotson,15:10,Lamar Stevens,8:18,JaVale McGee,6:09,,
3,.429,7,100.000,3,1.50,111,0,1,50.0,3,.429,0.0,,0.0,7,2,1.000,2,28.571,Logos via Sports Logos.net / About logos,W,https://www.basketball-reference.com/boxscores/202102230CLE.html,Home,112,19:57,1,50.0,ATL,Trae Young,Onyeka Okongwu,10:10,,,,,,,,,,,37:56,Kevin Huerter,37:07,Clint Capela,36:58,Tony Snell,32:44,Danilo Gallinari,23:13,Solomon Hill,22:24,Rajon Rondo,14:15,John Collins,13:29,Skylar Mays,11:44,111,2,11,0.0,0.0,9.0,81.8,2.0,18.2,Cedi Osman,1,0,2020-2021,0.0,2,2.0,CLE,112,Darius Garland,,,,,,,,,,,,,42:32,Isaac Okoro,37:03,Collin Sexton,33:50,Jarrett Allen,33:34,Dylan Windler,21:53,Dean Wade,20:48,Lamar Stevens,15:57,JaVale McGee,14:26,,
1,.250,4,50.000,2,2.00,96,1,8,100.0,3,.375,2.0,50.0,4.0,8,0,,0,0.000,Logos via Sports Logos.net / About logos,W,https://www.basketball-reference.com/boxscores/202102240CLE.html,Home,112,20:33,0,0.0,HOU,Danuel House Jr.,,,,,,,,,,,,,34:09,Eric Gordon,33:49,Victor Oladipo,31:56,P.J. Tucker,30:56,John Wall,30:54,Jae'Sean Tate,29:54,Sterling Brown,18:53,David Nwaba,17:06,Justin Patton,12:23,96,1,7,4.0,57.1,3.0,42.9,0.0,0.0,Cedi Osman,16,1,2020-2021,2.0,1,8.0,CLE,112,Collin Sexton,Damyean Dotson,6:49,,,,,,,,,,,38:56,Jarrett Allen,37:01,Darius Garland,35:23,Isaac Okoro,26:59,Dylan Windler,23:40,Dean Wade,20:05,Lamar Stevens,11:18,JaVale McGee,10:59,Taurean Prince,8:17
3,.500,6,85.714,1,1.00,101,0,5,100.0,3,.429,0.0,0.0,1.0,7,2,1.000,2,28.571,Logos via Sports Logos.net / About logos,W,https://www.basketball-reference.com/boxscores/202103010HOU.html,Away,90,20:00,0,0.0,HOU,Victor Oladipo,,,,,,,,,,,,,41:15,John Wall,39:50,P.J. Tucker,38:52,Justin Patton,31:38,Sterling Brown,30:42,Jae'Sean Tate,29:59,Ben McLemore,12:21,Danuel House Jr.,10:51,Mason Jones,4:32,90,2,11,0.0,0.0,9.0,81.8,2.0,18.2,Cedi Osman,11,0,2020-2021,0.0,1,5.0,CLE,101,Collin Sexton,,,,,,,,,,,,,41:39,Isaac Okoro,33:20,Jarrett Allen,31:14,Darius Garland,29:41,Dean Wade,28:23,Dylan Windler,19:23,JaVale McGee,16:46,Lamar Stevens,12:30,Damyean Dotson,7:04
0,.000,3,37.500,2,2.00,114,0,4,100.0,1,.125,1.0,20.0,5.0,8,0,,0,0.000,Logos via Sports Logos.net / About logos,L,https://www.basketball-reference.com/boxscores/202103030CLE.html,Home,111,17:19,0,0.0,IND,Domantas Sabonis,,,,,,,,,,,,,37:36,Justin Holiday,37:16,T.J. McConnell,36:27,Malcolm Brogdon,35:12,Myles Turner,28:21,Doug McDermott,23:53,Jeremy Lamb,19:10,Edmond Sumner,17:28,Aaron Holiday,4:37,114,1,2,2.0,100.0,0.0,0.0,0.0,0.0,Cedi Osman,3,0,2020-2021,0.0,1,4.0,CLE,111,Collin Sexton,,,,,,,,,,,,,43:26,Isaac Okoro,32:33,Dean Wade,30:45,Jarrett Allen,29:01,Dylan Windler,21:09,Darius Garland,19:24,Taurean Prince,19:18,JaVale McGee,18:59,Damyean Dotson,8:06
0,.000,6,66.667,1,1.00,82,1,1,100.0,1,.111,1.0,33.3,3.0,9,4,1.000,4,44.444,Logos via Sports Logos.net / About logos,L,https://www.basketball-reference.com/boxscores/202103120NOP.html,Away,116,23:45,0,0.0,NOP,Brandon Ingram,Zion Williamson,17:38,Willy Hernangómez,6:38,Sindarius Thornwell,6:38,Wenyen Gabriel,4:37,Naji Marshall,4:37,,,25:08,Lonzo Ball,25:08,Nickeil Alexander-Walker,23:08,Kira Lewis Jr.,22:52,Josh Hart,22:32,Steven Adams,21:06,Jaxson Hayes,20:16,Eric Bledsoe,20:15,Nicolò Melli,19:27,116,3,6,2.0,33.3,0.0,0.0,4.0,66.7,Cedi Osman,34,1,2020-2021,2.0,1,1.0,CLE,82,Jarrett Allen,Kevin Love,10:01,Brodric Thomas,4:37,Lamar Stevens,2:26,,,,,,,32:50,Collin Sexton,31:18,Isaac Okoro,28:43,Larry Nance Jr.,28:28,Dylan Windler,17:59,Quinn Cook,16:33,Damyean Dotson,16:23,Dean Wade,14:13,JaVale McGee,12:44
2,.500,4,36.364,2,2.00,82,1,3,75.0,4,.364,2.0,28.6,7.0,11,0,.000,1,9.091,Logos via Sports Logos.net / About logos,L,https://www.basketball-reference.com/boxscores/202103140ATL.html,Away,100,26:15,1,25.0,ATL,John Collins,Bruno Fernando,7:49,Brandon Goodwin,3:25,Skylar Mays,3:25,,,,,,,31:20,Danilo Gallinari,28:23,Trae Young,27:45,Kevin Huerter,26:54,Bogdan Bogdanović,25:23,Solomon Hill,24:59,Nathan Knight,22:55,Tony Snell,20:52,Rajon Rondo,16:50,100,1,10,4.0,40.0,6.0,60.0,0.0,0.0,Cedi Osman,18,1,2020-2021,2.0,1,4.0,CLE,82,Darius Garland,Brodric Thomas,5:30,Lamar Stevens,5:30,Kevin Love,1:41,,,,,,,29:27,Collin Sexton,28:30,Jarrett Allen,28:12,Larry Nance Jr.,25:43,Isaac Okoro,24:41,Quinn Cook,18:23,Dylan Windler,16:20,Dean Wade,15:30,JaVale McGee,14:18
1,.200,5,62.500,7,3.50,98,0,1,33.3,3,.375,2.0,66.7,3.0,8,1,.500,2,25.000,Logos via Sports Logos.net / About logos,L,https://www.basketball-reference.com/boxscores/202103160MIA.html,Away,113,21:45,2,66.7,MIA,Kelly Olynyk,Chris Silva,0:28,Gabe Vincent,0:28,,,,,,,,,34:30,Tyler Herro,31:53,Jimmy Butler,31:51,Bam Adebayo,29:43,Goran Dragić,27:04,Duncan Robinson,26:37,KZ Okpala,24:23,Kendrick Nunn,23:46,Andre Iguodala,9:17,113,0,8,4.0,50.0,3.0,37.5,1.0,12.5,Cedi Osman,15,2,2020-2021,2.0,2,3.0,CLE,98,Larry Nance Jr.,,,,,,,,,,,,,37:33,Darius Garland,33:38,Collin Sexton,33:32,Isaac Okoro,30:20,Jarrett Allen,26:46,JaVale McGee,21:14,Dean Wade,17:15,Quinn Cook,13:02,Dylan Windler,4:55
2,.500,4,80.000,3,1.00,110,0,1,100.0,2,.400,0.0,0.0,1.0,5,4,.800,5,100.000,Logos via Sports Logos.net / About logos,W,https://www.basketball-reference.com/boxscores/202103170CLE.html,Home,117,18:38,0,0.0,BOS,Jaylen Brown,Carsen Edwards,3:56,Javonte Green,3:21,,,,,,,,,39:18,Jayson Tatum,37:08,Marcus Smart,29:13,Robert Williams,26:35,Daniel Theis,25:36,Grant Williams,22:29,Semi Ojeleye,19:04,Payton Pritchard,18:47,Jeff Teague,14:33,110,1,10,0.0,0.0,6.0,60.0,4.0,40.0,Cedi Osman,7,2,2020-2021,2.0,3,1.0,CLE,117,Darius Garland,,,,,,,,,,,,,37:52,Collin Sexton,36:34,Larry Nance Jr.,36:32,Isaac Okoro,35:07,Jarrett Allen,33:21,Dean Wade,16:57,JaVale McGee,11:07,Dylan Windler,10:32,Quinn Cook,3:20
0,.000,5,83.333,1,1.00,116,0,3,75.0,0,.000,0.0,0.0,1.0,6,0,,0,0.000,Logos via Sports Logos.net / About logos,L,https://www.basketball-reference.com/boxscores/202103190CLE.html,Home,110,18:46,1,25.0,SAS,Keldon Johnson,Tre Jones,1:30,,,,,,,,,,,39:03,Dejounte Murray,36:53,DeMar DeRozan,36:27,Derrick White,34:49,Jakob Poeltl,25:30,Patty Mills,25:16,Rudy Gay,16:56,Drew Eubanks,11:51,Devin Vassell,11:45,116,0,0,0.0,,0.0,,0.0,,Cedi Osman,6,1,2020-2021,1.0,1,4.0,CLE,110,Collin Sexton,,,,,,,,,,,,,38:46,Darius Garland,36:03,Larry Nance Jr.,33:52,Jarrett Allen,32:12,Isaac Okoro,21:51,Dean Wade,19:50,Lamar Stevens,17:16,Brodric Thomas,15:45,Dylan Windler,5:39
1,.250,4,66.667,6,,105,0,6,100.0,1,.167,0.0,0.0,2.0,6,2,1.000,2,33.333,Logos via Sports Logos.net / About logos,W,https://www.basketball-reference.com/boxscores/202103210CLE.html,Home,116,23:58,0,0.0,TOR,Fred VanVleet,Patrick McCaw,9:44,Paul Watson,5:26,,,,,,,,,41:25,Kyle Lowry,40:08,Norman Powell,32:50,OG Anunoby,31:16,Pascal Siakam,24:31,Stanley Johnson,14:51,Aron Baynes,14:27,Chris Boucher,13:00,Malachi Flynn,12:22,105,3,5,0.0,0.0,3.0,60.0,2.0,40.0,Cedi Osman,11,2,2020-2021,2.0,0,6.0,CLE,116,Collin Sexton,,,,,,,,,,,,,38:45,Darius Garland,35:58,Jarrett Allen,33:42,Larry Nance Jr.,31:51,Isaac Okoro,30:23,Dean Wade,17:31,JaVale McGee,13:57,Dylan Windler,13:55,,
0,.000,2,28.571,1,,119,0,3,100.0,2,.286,2.0,40.0,5.0,7,1,.500,2,28.571,Logos via Sports Logos.net / About logos,L,https://www.basketball-reference.com/boxscores/202103220CLE.html,Home,105,18:46,0,0.0,SAC,Harrison Barnes,,,,,,,,,,,,,41:21,Buddy Hield,38:11,De'Aaron Fox,38:04,Tyrese Haliburton,36:22,Richaun Holmes,35:25,Cory Joseph,25:43,Hassan Whiteside,12:20,Nemanja Bjelica,9:06,Justin James,3:28,119,0,5,4.0,80.0,0.0,0.0,1.0,20.0,Cedi Osman,14,1,2020-2021,1.0,0,3.0,CLE,105,Collin Sexton,Dylan Windler,9:00,Brodric Thomas,2:07,,,,,,,,,28:43,Isaac Okoro,28:25,Darius Garland,27:55,Jarrett Allen,26:50,Larry Nance Jr.,25:16,Dean Wade,22:44,JaVale McGee,19:03,Quinn Cook,18:14,Lamar Stevens,12:57
0,.000,5,35.714,2,,103,0,2,100.0,4,.286,4.0,44.4,9.0,14,0,,0,0.000,Logos via Sports Logos.net / About logos,W,https://www.basketball-reference.com/boxscores/202103240CHI.html,Away,94,21:28,0,0.0,CHI,Zach LaVine,Denzel Valentine,13:10,Daniel Gafford,4:32,,,,,,,,,34:15,Patrick Williams,31:59,Lauri Markkanen,29:11,Coby White,26:27,Tomáš Satoranský,25:31,Wendell Carter Jr.,22:23,Thaddeus Young,21:05,Otto Porter Jr.,16:18,Ryan Arcidiacono,15:09,94,1,8,8.0,100.0,0.0,0.0,0.0,0.0,Cedi Osman,9,1,2020-2021,1.0,0,2.0,CLE,103,Darius Garland,Lamar Stevens,5:07,,,,,,,,,,,36:45,Jarrett Allen,34:32,Larry Nance Jr.,34:29,Isaac Okoro,29:02,Dean Wade,24:12,Damyean Dotson,20:54,Dylan Windler,11:42,Quinn Cook,11:12,Brodric Thomas,10:37
1,.200,5,62.500,0,0.00,86,0,1,100.0,2,.250,1.0,33.3,3.0,8,1,.250,4,50.000,Logos via Sports Logos.net / About logos,L,https://www.basketball-reference.com/boxscores/202103260LAL.html,Away,100,24:06,0,0.0,LAL,Talen Horton-Tucker,Alfonzo McKinnie,1:56,Kostas Antetokounmpo,1:56,Devontae Cacok,1:56,,,,,,,32:26,Dennis Schröder,31:55,Montrezl Harrell,29:43,Kentavious Caldwell-Pope,28:29,Markieff Morris,27:21,Kyle Kuzma,27:04,Alex Caruso,23:53,Wesley Matthews,18:08,Marc Gasol,15:13,100,2,6,2.0,33.3,3.0,50.0,1.0,16.7,Cedi Osman,14,2,2020-2021,2.0,2,1.0,CLE,86,Jarrett Allen,Dylan Windler,6:05,,,,,,,,,,,36:04,Darius Garland,33:26,Larry Nance Jr.,27:13,Isaac Okoro,25:30,Dean Wade,24:32,Brodric Thomas,19:59,Damyean Dotson,17:52,Quinn Cook,14:34,Lamar Stevens,10:39
1,.333,3,75.000,1,,114,1,1,100.0,2,.500,1.0,100.0,1.0,4,1,.500,2,50.000,Logos via Sports Logos.net / About logos,L,https://www.basketball-reference.com/boxscores/202104010CLE.html,Home,94,19:41,0,0.0,PHI,Shake Milton,Tobias Harris,15:05,Paul Reed,3:31,Isaiah Joe,3:31,Rayjon Tucker,3:25,,,,,27:26,Dwight Howard,26:10,Danny Green,26:05,Matisse Thybulle,25:13,Ben Simmons,24:26,Seth Curry,24:12,Tyrese Maxey,21:41,Mike Scott,19:56,Furkan Korkmaz,19:19,114,1,6,2.0,33.3,3.0,50.0,1.0,16.7,Cedi Osman,20,0,2020-2021,1.0,0,1.0,CLE,94,Dean Wade,Brodric Thomas,4:20,,,,,,,,,,,37:37,Collin Sexton,33:29,Darius Garland,33:25,Isaac Okoro,28:11,Taurean Prince,21:00,Kevin Love,20:10,Isaiah Hartenstein,19:47,Matthew Dellavedova,16:10,Lamar Stevens,6:10
0,.000,2,33.333,2,,101,0,0,,1,.167,1.0,25.0,4.0,6,0,,0,0.000,Logos via Sports Logos.net / About logos,L,https://www.basketball-reference.com/boxscores/202104030MIA.html,Away,115,10:06,0,,MIA,Trevor Ariza,Gabe Vincent,1:47,Max Strus,1:47,,,,,,,,,32:25,Jimmy Butler,32:03,Bam Adebayo,30:31,Victor Oladipo,29:35,Duncan Robinson,29:00,Goran Dragić,26:46,Nemanja Bjelica,24:11,Tyler Herro,23:02,Precious Achiuwa,8:53,115,1,2,2.0,100.0,0.0,0.0,0.0,0.0,Cedi Osman,14,0,2020-2021,0.0,0,0.0,CLE,101,Darius Garland,,,,,,,,,,,,,38:21,Isaac Okoro,35:49,Collin Sexton,35:19,Taurean Prince,32:22,Dean Wade,31:13,Kevin Love,23:00,Isaiah Hartenstein,17:12,Matthew Dellavedova,16:38,,
0,.000,2,50.000,0,0.00,135,0,2,66.7,2,.500,2.0,100.0,2.0,4,0,,0,0.000,Logos via Sports Logos.net / About logos,L,https://www.basketball-reference.com/boxscores/202104100CLE.html,Home,115,7:08,1,33.3,TOR,Malachi Flynn,Aron Baynes,12:25,,,,,,,,,,,39:11,Gary Trent Jr.,32:59,OG Anunoby,29:33,Chris Boucher,25:51,Yuta Watanabe,22:59,DeAndre' Bembry,21:39,Stanley Johnson,19:33,Freddie Gillespie,18:16,Rodney Hood,17:34,135,1,4,4.0,100.0,0.0,0.0,0.0,0.0,Cedi Osman,20,0,2020-2021,0.0,1,3.0,CLE,115,Dean Wade,Mfiondu Kabengele,3:29,Brodric Thomas,2:51,,,,,,,,,35:45,Darius Garland,35:36,Collin Sexton,35:22,Isaac Okoro,26:15,Isaiah Hartenstein,25:29,Taurean Prince,21:59,Kevin Love,20:53,Matthew Dellavedova,16:30,Lamar Stevens,8:43
0,.000,2,18.182,7,1.75,116,1,3,100.0,7,.636,7.0,77.8,9.0,11,1,1.000,1,9.091,Logos via Sports Logos.net / About logos,L,https://www.basketball-reference.com/boxscores/202104110CLE.html,Home,109,28:33,0,0.0,NOP,Zion Williamson,,,,,,,,,,,,,36:26,Brandon Ingram,35:40,James Johnson,32:40,Eric Bledsoe,32:38,Naji Marshall,31:00,Steven Adams,26:58,Kira Lewis Jr.,18:19,Jaxson Hayes,14:50,Willy Hernangómez,11:29,116,1,15,14.0,93.3,0.0,0.0,1.0,6.7,Cedi Osman,7,1,2020-2021,2.0,4,3.0,CLE,109,Matthew Dellavedova,,,,,,,,,,,,,34:23,Dean Wade,31:38,Kevin Love,31:07,Isaac Okoro,29:59,Taurean Prince,26:27,Isaiah Hartenstein,21:39,Lamar Stevens,16:51,Mfiondu Kabengele,16:28,Brodric Thomas,2:55
0,,0,,1,,103,0,1,100.0,0,,0.0,,0.0,0,1,.500,2,,Logos via Sports Logos.net / About logos,W,https://www.basketball-reference.com/boxscores/202104140CHO.html,Away,90,12:18,0,0.0,CHO,Terry Rozier,,,,,,,,,,,,,43:14,Miles Bridges,37:16,Devonte' Graham,33:56,Jalen McDaniels,31:29,Caleb Martin,23:17,Bismack Biyombo,22:46,Brad Wanamaker,20:59,Cody Zeller,19:28,Cody Martin,7:32,90,2,1,0.0,0.0,0.0,0.0,1.0,100.0,Cedi Osman,13,0,2020-2021,0.0,0,1.0,CLE,103,Darius Garland,,,,,,,,,,,,,35:41,Isaac Okoro,31:31,Jarrett Allen,30:26,Taurean Prince,28:45,Kevin Love,26:41,Dean Wade,25:36,Larry Nance Jr.,19:34,Matthew Dellavedova,16:29,Isaiah Hartenstein,12:57
3,.500,6,50.000,5,2.50,110,0,2,100.0,7,.583,4.0,66.7,6.0,12,2,1.000,2,16.667,Logos via Sports Logos.net / About logos,L,https://www.basketball-reference.com/boxscores/202104250WAS.html,Away,119,37:13,0,0.0,WAS,Bradley Beal,Alex Len,10:20,,,,,,,,,,,38:35,Russell Westbrook,35:43,Dāvis Bertāns,34:12,Raul Neto,28:18,Daniel Gafford,26:45,Garrison Mathews,22:46,Ish Smith,18:27,Anthony Gill,13:59,Robin Lopez,10:55,119,5,19,8.0,42.1,9.0,47.4,2.0,10.5,Cedi Osman,9,1,2020-2021,1.0,2,2.0,CLE,110,Darius Garland,Brodric Thomas,5:08,,,,,,,,,,,39:41,Jarrett Allen,34:20,Kevin Love,27:31,Isaac Okoro,27:28,Larry Nance Jr.,22:31,Matthew Dellavedova,17:43,Isaiah Hartenstein,13:40,Lamar Stevens,8:36,Dean Wade,6:09
2,.286,7,77.778,4,2.00,96,1,3,60.0,2,.222,0.0,0.0,2.0,9,0,,0,0.000,Logos via Sports Logos.net / About logos,L,https://www.basketball-reference.com/boxscores/202104260TOR.html,Away,112,38:07,2,40.0,TOR,Kyle Lowry,DeAndre' Bembry,7:10,Rodney Hood,6:39,,,,,,,,,33:40,OG Anunoby,32:16,Fred VanVleet,31:35,Pascal Siakam,31:20,Khem Birch,29:06,Malachi Flynn,24:07,Yuta Watanabe,19:52,Freddie Gillespie,13:39,Stanley Johnson,10:36,112,3,6,0.0,0.0,6.0,100.0,0.0,0.0,Cedi Osman,16,3,2020-2021,4.0,2,5.0,CLE,96,Darius Garland,,,,,,,,,,,,,33:45,Isaac Okoro,32:10,Dean Wade,31:57,Jarrett Allen,31:12,Kevin Love,24:02,Damyean Dotson,23:56,Brodric Thomas,16:02,Mfiondu Kabengele,8:49,,
1,.200,5,38.462,3,1.50,109,0,2,50.0,6,.462,5.0,62.5,8.0,13,6,1.000,6,46.154,Logos via Sports Logos.net / About logos,L,https://www.basketball-reference.com/boxscores/202104280CLE.html,Home,104,32:08,2,50.0,ORL,Gary Harris,Moritz Wagner,8:31,Donta Hall,2:38,,,,,,,,,34:11,Dwayne Bacon,31:14,Cole Anthony,31:08,Chuma Okeke,26:41,Mo Bamba,24:16,James Ennis III,23:02,Wendell Carter Jr.,21:06,R.J. Hampton,20:21,Chasson Randle,16:52,109,5,19,10.0,52.6,3.0,15.8,6.0,31.6,Cedi Osman,5,0,2020-2021,0.0,2,4.0,CLE,104,Darius Garland,,,,,,,,,,,,,38:58,Jarrett Allen,36:42,Isaac Okoro,36:30,Kevin Love,35:00,Damyean Dotson,18:37,Brodric Thomas,14:14,Dean Wade,13:00,Mfiondu Kabengele,11:18,Jeremiah Martin,3:33
2,.286,7,63.636,2,2.00,122,0,1,50.0,4,.364,2.0,50.0,4.0,11,4,1.000,4,36.364,Logos via Sports Logos.net / About logos,L,https://www.basketball-reference.com/boxscores/202104300CLE.html,Home,93,18:50,1,50.0,WAS,Russell Westbrook,Alex Len,13:26,Garrison Mathews,10:11,Isaac Bonga,6:22,Robin Lopez,6:18,Cassius Winston,4:20,,,31:13,Bradley Beal,26:12,Ish Smith,25:18,Rui Hachimura,22:33,Daniel Gafford,21:49,Anthony Gill,18:48,Raul Neto,18:20,Chandler Hutchison,17:56,Dāvis Bertāns,17:14,122,3,14,4.0,28.6,6.0,42.9,4.0,28.6,Cedi Osman,29,0,2020-2021,0.0,1,2.0,CLE,93,Collin Sexton,Brodric Thomas,6:22,,,,,,,,,,,31:55,Isaac Okoro,31:43,Dean Wade,26:19,Jarrett Allen,26:12,Damyean Dotson,22:51,Kevin Love,22:08,Mfiondu Kabengele,21:21,Darius Garland,20:19,Jeremiah Martin,12:00
2,.286,7,53.846,11,2.20,124,0,5,71.4,6,.462,4.0,66.7,6.0,13,1,1.000,1,7.692,Logos via Sports Logos.net / About logos,L,https://www.basketball-reference.com/boxscores/202105010CLE.html,Home,107,37:57,2,28.6,MIA,Kendrick Nunn,Precious Achiuwa,1:40,KZ Okpala,1:40,Gabe Vincent,1:40,,,,,,,36:17,Bam Adebayo,33:00,Jimmy Butler,29:30,Goran Dragić,29:24,Max Strus,25:52,Trevor Ariza,23:41,Andre Iguodala,22:42,Duncan Robinson,21:14,Dewayne Dedmon,13:20,124,0,15,8.0,53.3,6.0,40.0,1.0,6.7,Cedi Osman,17,1,2020-2021,1.0,5,7.0,CLE,107,Collin Sexton,,,,,,,,,,,,,38:50,Jarrett Allen,35:42,Dean Wade,30:28,Kevin Love,29:06,Isaac Okoro,28:33,Damyean Dotson,16:25,Mfiondu Kabengele,12:18,Brodric Thomas,10:41,,
4,.667,6,42.857,4,1.00,134,0,4,80.0,5,.357,1.0,12.5,8.0,14,2,1.000,2,14.286,Logos via Sports Logos.net / About logos,L,https://www.basketball-reference.com/boxscores/202105040CLE.html,Home,118,45:10,1,20.0,PHO,Devin Booker,Dario Šarić,12:03,Ty-Shon Alexander,0:58,Jalen Smith,0:58,,,,,,,40:15,Mikal Bridges,39:59,Deandre Ayton,36:24,Chris Paul,35:31,Cameron Johnson,30:24,Torrey Craig,21:49,Cameron Payne,17:29,Frank Kaminsky,16:25,Jevon Carter,12:45,134,2,16,2.0,12.5,12.0,75.0,2.0,12.5,Cedi Osman,16,1,2020-2021,1.0,4,5.0,CLE,118,Isaac Okoro,,,,,,,,,,,,,47:09,Collin Sexton,38:32,Jarrett Allen,37:03,Kevin Love,33:39,Dean Wade,30:57,Damyean Dotson,25:50,Mfiondu Kabengele,4:44,Jeremiah Martin,0:58,Brodric Thomas,0:58
2,.333,6,54.545,2,2.00,141,0,2,100.0,5,.455,3.0,60.0,5.0,11,2,1.000,2,18.182,Logos via Sports Logos.net / About logos,L,https://www.basketball-reference.com/boxscores/202105050CLE.html,Home,105,26:01,0,0.0,POR,Damian Lillard,Harry Giles,6:01,Rondae Hollis-Jefferson,6:01,CJ Elleby,5:55,T.J. Leaf,4:59,Keljin Blevins,4:59,,,31:19,CJ McCollum,31:17,Robert Covington,26:24,Anfernee Simons,25:03,Carmelo Anthony,21:42,Enes Freedom,21:21,Jusuf Nurkić,20:36,Derrick Jones Jr.,20:17,Nassir Little,14:06,141,4,14,6.0,42.9,6.0,42.9,2.0,14.3,Cedi Osman,36,1,2020-2021,1.0,1,2.0,CLE,105,Collin Sexton,Mfiondu Kabengele,6:37,Jeremiah Martin,6:01,,,,,,,,,34:24,Isaac Okoro,31:19,Dean Wade,28:43,Jarrett Allen,28:33,Kevin Love,25:52,Damyean Dotson,19:31,Brodric Thomas,13:32,Isaiah Hartenstein,12:50,Anderson Varejão,6:37
2,.200,10,52.632,7,1.75,90,0,5,100.0,8,.421,6.0,66.7,9.0,19,4,1.000,4,21.053,Logos via Sports Logos.net / About logos,L,https://www.basketball-reference.com/boxscores/202105070DAL.html,Away,110,36:29,0,0.0,DAL,Josh Richardson,Nate Hinton,13:08,Boban Marjanović,2:02,Tyler Bey,1:57,,,,,,,28:09,Tim Hardaway Jr.,28:06,Jalen Brunson,27:27,Dorian Finney-Smith,26:02,Josh Green,25:31,Luka Dončić,23:09,Willie Cauley-Stein,22:50,Dwight Powell,21:45,Trey Burke,19:54,110,2,22,12.0,54.5,6.0,27.3,4.0,18.2,Cedi Osman,20,1,2020-2021,1.0,4,5.0,CLE,90,Collin Sexton,Mfiondu Kabengele,3:20,,,,,,,,,,,36:25,Isaac Okoro,35:50,Jarrett Allen,30:48,Dean Wade,30:28,Brodric Thomas,24:24,Damyean Dotson,17:41,Isaiah Hartenstein,12:35,Jeremiah Martin,7:23,Anderson Varejão,4:37
2,.500,4,40.000,6,2.00,105,0,3,100.0,7,.700,5.0,83.3,6.0,10,0,,0,0.000,Logos via Sports Logos.net / About logos,L,https://www.basketball-reference.com/boxscores/202105140WAS.html,Away,120,28:16,0,0.0,WAS,Russell Westbrook,Alex Len,11:03,Cassius Winston,0:59,,,,,,,,,39:59,Rui Hachimura,34:10,Dāvis Bertāns,31:56,Ish Smith,24:24,Chandler Hutchison,22:19,Anthony Gill,21:35,Daniel Gafford,21:02,Garrison Mathews,16:38,Robin Lopez,15:55,120,4,16,10.0,62.5,6.0,37.5,0.0,0.0,Cedi Osman,15,0,2020-2021,0.0,3,3.0,CLE,105,Isaac Okoro,,,,,,,,,,,,,39:02,Dean Wade,35:12,Jarrett Allen,34:50,Collin Sexton,30:32,Brodric Thomas,23:19,Mfiondu Kabengele,20:51,Darius Garland,11:58,Jeremiah Martin,10:53,Anderson Varejão,5:07
1,.167,6,60.000,3,0.75,109,0,4,80.0,2,.200,1.0,25.0,4.0,10,0,,0,0.000,Logos via Sports Logos.net / About logos,L,https://www.basketball-reference.com/boxscores/202105160BRK.html,Away,123,31:00,1,20.0,BRK,Kevin Durant,Timothé Luwawu-Cabarrot,7:07,Alize Johnson,3:26,Reggie Perry,3:26,,,,,,,28:55,Kyrie Irving,28:55,Mike James,27:48,Bruce Brown,25:36,Landry Shamet,25:07,Tyler Johnson,22:42,Nic Claxton,22:42,Jeff Green,22:24,Blake Griffin,21:52,123,3,5,2.0,40.0,3.0,60.0,0.0,0.0,Cedi Osman,14,1,2020-2021,1.0,4,5.0,CLE,109,Dean Wade,,,,,,,,,,,,,35:15,Isaac Okoro,34:21,Brodric Thomas,31:02,Jarrett Allen,29:43,Damyean Dotson,28:19,Collin Sexton,20:03,Mfiondu Kabengele,18:17,Jeremiah Martin,12:00,,
3,1.000,3,50.000,1,0.50,121,0,1,50.0,5,.833,2.0,66.7,3.0,6,2,.667,3,50.000,Logos via Sports Logos.net / About logos,L,https://www.basketball-reference.com/boxscores/202110200MEM.html,Away,132,17:05,1,50.0,MEM,Ja Morant,Brandon Clarke,11:37,,,,,,,,,,,33:36,Steven Adams,31:45,Jaren Jackson Jr.,30:48,De'Anthony Melton,30:39,Desmond Bane,29:39,Kyle Anderson,21:50,John Konchar,18:32,Ziaire Williams,17:10,Tyus Jones,14:24,132,0,15,4.0,26.7,9.0,60.0,2.0,13.3,Cedi Osman,11,0,2021-2022,0.0,2,2.0,CLE,121,Evan Mobley,,,,,,,,,,,,,38:18,Darius Garland,31:55,Lauri Markkanen,31:28,Collin Sexton,29:23,Jarrett Allen,28:54,Ricky Rubio,24:57,Isaac Okoro,20:33,Kevin Love,17:27,,
1,.250,4,50.000,3,,123,0,0,,4,.500,3.0,75.0,4.0,8,0,,0,0.000,Logos via Sports Logos.net / About logos,L,https://www.basketball-reference.com/boxscores/202110220CLE.html,Home,112,17:00,0,,CHO,Miles Bridges,James Bouknight,1:10,Kai Jones,1:10,Jalen McDaniels,1:10,Nick Richards,1:10,JT Thor,1:10,,,34:47,Gordon Hayward,34:35,LaMelo Ball,28:53,Kelly Oubre Jr.,27:05,P.J. Washington,24:18,Terry Rozier,22:49,Mason Plumlee,22:09,Cody Martin,21:37,Ish Smith,17:57,123,0,9,6.0,66.7,3.0,33.3,0.0,0.0,Cedi Osman,11,0,2021-2022,0.0,0,0.0,CLE,112,Collin Sexton,RJ Nembhard Jr.,1:52,Tacko Fall,1:52,Lamar Stevens,1:52,Denzel Valentine,1:52,,,,,34:33,Lauri Markkanen,34:24,Evan Mobley,32:27,Ricky Rubio,28:04,Jarrett Allen,26:37,Isaac Okoro,25:23,Kevin Love,23:40,Kevin Pangos,5:24,Dean Wade,5:00
1,.167,6,66.667,1,,95,0,3,75.0,2,.222,1.0,33.3,3.0,9,0,,0,0.000,Logos via Sports Logos.net / About logos,W,https://www.basketball-reference.com/boxscores/202110230CLE.html,Home,101,20:30,1,25.0,ATL,Trae Young,Delon Wright,12:33,,,,,,,,,,,35:27,De'Andre Hunter,30:01,Cam Reddish,27:38,Clint Capela,27:18,Bogdan Bogdanović,27:13,John Collins,26:36,Kevin Huerter,21:33,Gorgui Dieng,18:46,Solomon Hill,12:54,95,1,5,2.0,40.0,3.0,60.0,0.0,0.0,Cedi Osman,6,0,2021-2022,0.0,0,4.0,CLE,101,Evan Mobley,,,,,,,,,,,,,35:09,Ricky Rubio,35:05,Isaac Okoro,33:36,Jarrett Allen,32:41,Lauri Markkanen,31:42,Collin Sexton,27:30,Kevin Love,23:45,,,,
0,.000,1,100.000,1,1.00,99,0,2,100.0,0,.000,0.0,,0.0,1,0,,0,0.000,Logos via Sports Logos.net / About logos,W,https://www.basketball-reference.com/boxscores/202110250DEN.html,Away,87,11:27,0,0.0,DEN,Nikola Jokić,JaMychal Green,10:18,PJ Dozier,9:56,Zeke Nnaji,2:44,Bol Bol,2:44,Petr Cornelie,2:44,Markus Howard,2:44,34:57,Will Barton,31:29,Aaron Gordon,28:05,Michael Porter Jr.,27:17,Monte Morris,27:09,Jeff Green,18:02,Facundo Campazzo,17:37,Austin Rivers,13:47,Bones Hyland,10:25,87,2,0,0.0,,0.0,,0.0,,Cedi Osman,12,0,2021-2022,0.0,1,2.0,CLE,99,Jarrett Allen,Lamar Stevens,1:38,Denzel Valentine,1:38,Dean Wade,1:38,Dylan Windler,1:38,,,,,36:37,Darius Garland,31:07,Isaac Okoro,28:29,Lauri Markkanen,27:29,Evan Mobley,26:13,Ricky Rubio,24:52,Collin Sexton,24:39,Kevin Love,20:54,Kevin Pangos,1:38
0,,0,,0,,92,0,0,,0,,0.0,,0.0,0,0,,0,,Logos via Sports Logos.net / About logos,W,https://www.basketball-reference.com/boxscores/202110270LAC.html,Away,79,4:21,0,,LAC,Paul George,Amir Coffey,2:42,,,,,,,,,,,34:09,Reggie Jackson,33:59,Luke Kennard,32:53,Nicolas Batum,32:14,Eric Bledsoe,26:46,Terance Mann,25:09,Ivica Zubac,24:29,Justise Winslow,14:33,Isaiah Hartenstein,13:06,79,0,0,0.0,,0.0,,0.0,,Cedi Osman,13,0,2021-2022,0.0,0,0.0,CLE,92,Collin Sexton,Kevin Pangos,0:51,Denzel Valentine,0:51,Dylan Windler,0:51,,,,,,,37:31,Evan Mobley,34:07,Jarrett Allen,31:12,Lauri Markkanen,28:35,Darius Garland,27:58,Ricky Rubio,27:56,Kevin Love,23:40,Lamar Stevens,21:16,Ed Davis,0:51
6,.500,12,80.000,2,0.67,92,0,2,66.7,7,.467,1.0,33.3,3.0,15,0,,0,0.000,Logos via Sports Logos.net / About logos,L,https://www.basketball-reference.com/boxscores/202110300PHO.html,Away,101,30:07,1,33.3,PHO,Chris Paul,Jalen Smith,8:35,,,,,,,,,,,36:44,Devin Booker,35:19,Jae Crowder,33:06,Mikal Bridges,30:28,Cameron Johnson,24:35,Deandre Ayton,24:14,JaVale McGee,18:11,Landry Shamet,17:32,Elfrid Payton,11:16,101,3,20,2.0,10.0,18.0,90.0,0.0,0.0,Cedi Osman,9,2,2021-2022,2.0,3,3.0,CLE,92,Darius Garland,Lamar Stevens,6:06,Denzel Valentine,5:22,,,,,,,,,31:31,Lauri Markkanen,25:09,Ricky Rubio,25:00,Jarrett Allen,22:29,Evan Mobley,21:20,Kevin Love,19:33,Dean Wade,18:54,Collin Sexton,18:41,Dylan Windler,15:48
4,.800,5,100.000,2,,113,0,0,,4,.800,0.0,,0.0,5,1,.500,2,40.000,Logos via Sports Logos.net / About logos,W,https://www.basketball-reference.com/boxscores/202111010CHO.html,Away,110,20:59,0,,CHO,Miles Bridges,Nick Richards,4:15,,,,,,,,,,,35:57,LaMelo Ball,34:09,Terry Rozier,33:59,Gordon Hayward,28:52,Cody Martin,27:05,Mason Plumlee,26:26,Kelly Oubre Jr.,20:47,P.J. Washington,17:05,Ish Smith,11:23,110,3,13,0.0,0.0,12.0,92.3,1.0,7.7,Cedi Osman,3,0,2021-2022,0.0,0,0.0,CLE,113,Evan Mobley,,,,,,,,,,,,,40:03,Collin Sexton,35:33,Darius Garland,35:07,Lauri Markkanen,35:03,Jarrett Allen,34:55,Ricky Rubio,24:48,Dean Wade,13:30,,,,
4,.571,7,100.000,1,1.00,104,0,3,100.0,4,.571,0.0,,0.0,7,0,,0,0.000,Logos via Sports Logos.net / About logos,W,https://www.basketball-reference.com/boxscores/202111030CLE.html,Home,107,17:00,0,0.0,POR,Damian Lillard,Tony Snell,5:01,,,,,,,,,,,39:46,CJ McCollum,35:16,Norman Powell,32:04,Robert Covington,30:28,Jusuf Nurkić,27:42,Anfernee Simons,24:06,Larry Nance Jr.,21:10,Cody Zeller,13:32,Nassir Little,10:55,104,0,12,0.0,0.0,12.0,100.0,0.0,0.0,Cedi Osman,3,0,2021-2022,0.0,1,3.0,CLE,107,Evan Mobley,,,,,,,,,,,,,39:39,Jarrett Allen,39:38,Darius Garland,36:23,Collin Sexton,32:38,Ricky Rubio,31:09,Dean Wade,22:48,Dylan Windler,20:45,,,,
5,.500,10,83.333,2,2.00,102,1,2,100.0,5,.417,0.0,0.0,2.0,12,2,.500,4,33.333,Logos via Sports Logos.net / About logos,W,https://www.basketball-reference.com/boxscores/202111050TOR.html,Away,101,26:01,0,0.0,TOR,Scottie Barnes,Chris Boucher,7:01,,,,,,,,,,,38:21,Gary Trent Jr.,37:01,Fred VanVleet,37:00,OG Anunoby,36:48,Khem Birch,29:37,Svi Mykhailiuk,19:01,Precious Achiuwa,18:13,Dalano Banton,9:31,Malachi Flynn,7:24,101,1,17,0.0,0.0,15.0,88.2,2.0,11.8,Cedi Osman,1,0,2021-2022,1.0,1,2.0,CLE,102,Jarrett Allen,,,,,,,,,,,,,38:41,Evan Mobley,38:22,Darius Garland,36:22,Collin Sexton,31:50,Dean Wade,25:46,Ricky Rubio,22:10,Dylan Windler,11:17,Lamar Stevens,9:29,,
0,.000,5,100.000,2,0.67,126,1,4,80.0,0,.000,0.0,,0.0,5,2,1.000,2,40.000,Logos via Sports Logos.net / About logos,W,https://www.basketball-reference.com/boxscores/202111070NYK.html,Away,109,31:03,1,20.0,NYK,Julius Randle,Obi Toppin,11:05,Miles McBride,1:08,Kevin Knox,1:02,Jericho Sims,0:52,,,,,36:55,Nerlens Noel,30:02,RJ Barrett,29:52,Evan Fournier,29:07,Derrick Rose,28:58,Alec Burks,21:57,Immanuel Quickley,20:06,Mitchell Robinson,16:56,Quentin Grimes,12:00,109,3,2,0.0,0.0,0.0,0.0,2.0,100.0,Cedi Osman,17,0,2021-2022,1.0,3,5.0,CLE,126,Evan Mobley,Tacko Fall,1:08,,,,,,,,,,,35:36,Darius Garland,35:17,Jarrett Allen,34:27,Ricky Rubio,31:20,Dean Wade,26:32,Dylan Windler,16:41,Lamar Stevens,14:17,Collin Sexton,12:31,Denzel Valentine,1:08
1,.250,4,66.667,1,,97,0,6,100.0,3,.500,2.0,100.0,2.0,6,2,.667,3,50.000,Logos via Sports Logos.net / About logos,L,https://www.basketball-reference.com/boxscores/202111100CLE.html,Home,94,28:33,0,0.0,WAS,Bradley Beal,Aaron Holiday,13:33,,,,,,,,,,,37:21,Kyle Kuzma,34:47,Spencer Dinwiddie,30:15,Kentavious Caldwell-Pope,28:29,Montrezl Harrell,25:41,Daniel Gafford,22:07,Raul Neto,17:48,Deni Avdija,15:33,Corey Kispert,14:26,97,3,9,4.0,44.4,3.0,33.3,2.0,22.2,Cedi Osman,3,2,2021-2022,2.0,0,6.0,CLE,94,Jarrett Allen,,,,,,,,,,,,,38:01,Darius Garland,36:13,Isaac Okoro,28:01,Ricky Rubio,27:40,Dean Wade,27:39,Evan Mobley,25:30,Lamar Stevens,15:19,Dylan Windler,13:01,Tacko Fall,0:03
1,.167,6,46.154,1,1.00,78,0,2,100.0,7,.538,6.0,85.7,7.0,13,2,1.000,2,15.385,Logos via Sports Logos.net / About logos,W,https://www.basketball-reference.com/boxscores/202111120CLE.html,Home,98,22:46,0,0.0,DET,Saddiq Bey,Luka Garza,13:59,Rodney McGruder,6:07,,,,,,,,,31:55,Cade Cunningham,31:06,Killian Hayes,27:34,Jerami Grant,24:37,Isaiah Stewart,24:13,Frank Jackson,23:20,Josh Jackson,21:27,Cory Joseph,20:23,Trey Lyles,15:18,78,2,17,12.0,70.6,3.0,17.6,2.0,11.8,Cedi Osman,20,1,2021-2022,1.0,1,2.0,CLE,98,Darius Garland,Tacko Fall,3:39,Ed Davis,3:39,Lamar Stevens,0:51,,,,,,,34:51,Evan Mobley,34:51,Dean Wade,29:55,Jarrett Allen,29:13,Ricky Rubio,27:10,Isaac Okoro,23:28,Dylan Windler,22:17,Kevin Pangos,3:39,Denzel Valentine,3:39
2,.333,6,66.667,1,1.00,89,1,3,75.0,3,.333,1.0,33.3,3.0,9,1,.500,2,22.222,Logos via Sports Logos.net / About logos,W,https://www.basketball-reference.com/boxscores/202111130CLE.html,Home,91,29:17,1,25.0,BOS,Jayson Tatum,Juancho Hernangómez,4:43,,,,,,,,,,,35:22,Dennis Schröder,35:06,Marcus Smart,34:12,Robert Williams,33:56,Romeo Langford,28:37,Grant Williams,26:54,Payton Pritchard,15:15,Jabari Parker,14:28,Aaron Nesmith,11:27,89,2,9,2.0,22.2,6.0,66.7,1.0,11.1,Cedi Osman,2,2,2021-2022,3.0,1,4.0,CLE,91,Evan Mobley,,,,,,,,,,,,,39:42,Darius Garland,35:53,Ricky Rubio,32:38,Jarrett Allen,28:13,Denzel Valentine,22:57,Dean Wade,21:38,Isaac Okoro,17:50,Dylan Windler,11:52,,
6,.500,12,70.588,5,,98,0,2,100.0,10,.588,4.0,80.0,5.0,17,0,,0,0.000,Logos via Sports Logos.net / About logos,L,https://www.basketball-reference.com/boxscores/202111150CLE.html,Home,92,31:19,0,0.0,BOS,Marcus Smart,Enes Freedom,8:02,Payton Pritchard,4:52,,,,,,,,,36:48,Jayson Tatum,35:40,Dennis Schröder,34:26,Al Horford,31:41,Josh Richardson,25:29,Grant Williams,23:31,Romeo Langford,15:28,Robert Williams,13:13,Aaron Nesmith,10:50,98,2,26,8.0,30.8,18.0,69.2,0.0,0.0,Cedi Osman,6,2,2021-2022,2.0,0,2.0,CLE,92,Ricky Rubio,,,,,,,,,,,,,37:13,Dean Wade,35:08,Darius Garland,34:43,Isaac Okoro,31:32,Evan Mobley,28:40,Denzel Valentine,22:02,Dylan Windler,11:05,Tacko Fall,8:18,,
2,.333,6,75.000,1,,99,0,3,75.0,3,.375,1.0,50.0,2.0,8,3,.750,4,50.000,Logos via Sports Logos.net / About logos,L,https://www.basketball-reference.com/boxscores/202111170BRK.html,Away,109,19:16,1,25.0,BRK,Kevin Durant,,,,,,,,,,,,,37:04,James Harden,36:57,Patty Mills,35:04,LaMarcus Aldridge,30:01,Bruce Brown,28:13,James Johnson,23:21,Blake Griffin,17:59,DeAndre' Bembry,17:54,Jevon Carter,13:27,109,2,11,2.0,18.2,6.0,54.5,3.0,27.3,Cedi Osman,10,1,2021-2022,1.0,0,4.0,CLE,99,Darius Garland,,,,,,,,,,,,,40:04,Isaac Okoro,39:01,Dean Wade,37:37,Ricky Rubio,33:15,Ed Davis,23:38,Kevin Love,21:26,Dylan Windler,12:14,Denzel Valentine,10:33,Tacko Fall,2:56
5,.714,7,46.667,2,2.00,120,0,4,100.0,9,.600,4.0,50.0,8.0,15,0,,0,0.000,Logos via Sports Logos.net / About logos,L,https://www.basketball-reference.com/boxscores/202111240CLE.html,Home,115,28:26,0,0.0,PHO,Devin Booker,,,,,,,,,,,,,38:42,Mikal Bridges,34:24,Chris Paul,32:17,Jae Crowder,28:37,Deandre Ayton,27:18,Cameron Payne,21:50,Cameron Johnson,20:33,JaVale McGee,20:21,Landry Shamet,15:58,120,3,23,8.0,34.8,15.0,65.2,0.0,0.0,Cedi Osman,5,1,2021-2022,1.0,1,4.0,CLE,115,Jarrett Allen,,,,,,,,,,,,,38:29,Lauri Markkanen,35:48,Isaac Okoro,34:13,Darius Garland,30:03,Ricky Rubio,29:10,Kevin Love,22:23,Dean Wade,15:57,Denzel Valentine,5:31,,
2,.333,6,54.545,1,,92,1,6,100.0,3,.273,1.0,20.0,5.0,11,2,1.000,2,18.182,Logos via Sports Logos.net / About logos,W,https://www.basketball-reference.com/boxscores/202111270CLE.html,Home,105,22:29,0,0.0,ORL,Franz Wagner,Terrence Ross,11:13,,,,,,,,,,,34:17,Gary Harris,31:50,Wendell Carter Jr.,31:32,Robin Lopez,31:19,Jalen Suggs,31:17,R.J. Hampton,20:41,Chuma Okeke,18:17,Moritz Wagner,16:41,Mychal Mulder,12:52,92,1,10,2.0,20.0,6.0,60.0,2.0,20.0,Cedi Osman,13,1,2021-2022,2.0,0,6.0,CLE,105,Darius Garland,,,,,,,,,,,,,36:18,Jarrett Allen,35:42,Evan Mobley,33:18,Lauri Markkanen,32:18,Ricky Rubio,26:46,Isaac Okoro,26:42,Kevin Love,18:51,Lamar Stevens,7:34,,
2,.400,5,71.429,4,1.33,109,0,5,100.0,4,.571,2.0,100.0,2.0,7,1,.500,2,28.571,Logos via Sports Logos.net / About logos,L,https://www.basketball-reference.com/boxscores/202112050CLE.html,Home,108,20:43,0,0.0,UTA,Donovan Mitchell,,,,,,,,,,,,,39:14,Rudy Gobert,38:11,Royce O'Neale,37:19,Bojan Bogdanović,32:40,Mike Conley,30:16,Jordan Clarkson,21:59,Joe Ingles,20:35,Rudy Gay,19:46,,,109,1,11,4.0,36.4,6.0,54.5,1.0,9.1,Cedi Osman,1,2,2021-2022,2.0,3,5.0,CLE,108,Evan Mobley,,,,,,,,,,,,,37:25,Lauri Markkanen,34:39,Darius Garland,34:31,Jarrett Allen,32:11,Ricky Rubio,30:42,Isaac Okoro,25:49,Kevin Love,19:02,Lamar Stevens,4:58,,
1,.125,8,72.727,2,,104,1,0,,3,.273,2.0,66.7,3.0,11,2,1.000,2,18.182,Logos via Sports Logos.net / About logos,L,https://www.basketball-reference.com/boxscores/202112060MIL.html,Away,112,25:14,0,,MIL,Jrue Holiday,Javonte Smart,9:39,,,,,,,,,,,36:49,Khris Middleton,35:55,Bobby Portis,30:47,Pat Connaughton,28:24,Giannis Antetokounmpo,27:21,Grayson Allen,25:58,DeMarcus Cousins,17:51,Wesley Matthews,14:35,Rodney Hood,12:41,112,1,9,4.0,44.4,3.0,33.3,2.0,22.2,Cedi Osman,8,3,2021-2022,4.0,0,0.0,CLE,104,Jarrett Allen,,,,,,,,,,,,,38:23,Darius Garland,34:30,Lauri Markkanen,34:25,Evan Mobley,31:20,Ricky Rubio,27:40,Kevin Love,18:59,Isaac Okoro,18:15,Lamar Stevens,11:14,,
2,.667,3,75.000,1,0.50,92,2,1,100.0,2,.500,0.0,0.0,1.0,4,0,,0,0.000,Logos via Sports Logos.net / About logos,W,https://www.basketball-reference.com/boxscores/202112080CLE.html,Home,115,21:50,0,0.0,CHI,Lonzo Ball,,,,,,,,,,,,,39:22,Zach LaVine,35:12,Ayo Dosunmu,34:05,Nikola Vučević,30:36,Derrick Jones Jr.,28:03,Troy Brown Jr.,26:38,Devon Dotson,19:21,Tony Bradley,14:50,Alize Johnson,11:53,92,3,6,0.0,0.0,6.0,100.0,0.0,0.0,Cedi Osman,23,3,2021-2022,5.0,2,1.0,CLE,115,Darius Garland,Kevin Pangos,4:43,Denzel Valentine,4:43,Dylan Windler,4:43,,,,,,,32:45,Jarrett Allen,32:11,Evan Mobley,31:35,Isaac Okoro,27:43,Lauri Markkanen,27:13,Ricky Rubio,23:10,Kevin Love,19:58,Dean Wade,4:43,Lamar Stevens,4:43
1,.333,3,30.000,4,4.00,123,0,0,0.0,5,.500,4.0,57.1,7.0,10,2,1.000,2,20.000,Logos via Sports Logos.net / About logos,W,https://www.basketball-reference.com/boxscores/202112100MIN.html,Away,106,27:42,1,100.0,MIN,Anthony Edwards,Taurean Prince,11:15,Jake Layman,4:43,Nathan Knight,3:34,Josh Okogie,3:34,,,,,32:33,Karl-Anthony Towns,30:27,Jarred Vanderbilt,30:18,Malik Beasley,29:12,Patrick Beverley,27:38,Jaden McDaniels,21:33,Leandro Bolmaro,15:39,Jaylen Nowell,15:24,Naz Reid,14:10,106,4,13,8.0,61.5,3.0,23.1,2.0,15.4,Cedi Osman,17,3,2021-2022,3.0,1,1.0,CLE,123,Darius Garland,Tacko Fall,5:22,Lamar Stevens,5:22,Denzel Valentine,5:22,,,,,,,31:22,Isaac Okoro,30:57,Jarrett Allen,26:30,Evan Mobley,24:20,Ricky Rubio,22:57,Kevin Love,22:50,Lauri Markkanen,21:39,Dean Wade,10:15,Kevin Pangos,5:22
4,.400,10,62.500,2,,103,1,1,50.0,6,.375,2.0,33.3,6.0,16,2,.667,3,18.750,Logos via Sports Logos.net / About logos,W,https://www.basketball-reference.com/boxscores/202112110CLE.html,Home,117,27:25,1,50.0,SAC,Buddy Hield,Damian Jones,16:13,Tristan Thompson,9:00,Maurice Harkless,5:42,,,,,,,27:48,Tyrese Haliburton,26:12,De'Aaron Fox,25:11,Davion Mitchell,25:00,Harrison Barnes,24:56,Alex Len,23:46,Marvin Bagley III,22:16,Terence Davis,17:43,Chimezie Metu,16:13,103,3,18,4.0,22.2,12.0,66.7,2.0,11.1,Cedi Osman,14,1,2021-2022,2.0,0,2.0,CLE,117,Jarrett Allen,,,,,,,,,,,,,38:48,Evan Mobley,37:57,Darius Garland,37:25,Isaac Okoro,29:44,Ricky Rubio,26:21,Lauri Markkanen,26:09,Kevin Love,13:35,Dean Wade,2:36,,
0,.000,1,33.333,1,,94,0,0,,0,.000,0.0,0.0,2.0,3,0,,0,0.000,Logos via Sports Logos.net / About logos,W,https://www.basketball-reference.com/boxscores/202112130CLE.html,Home,105,6:07,0,,MIA,Kyle Lowry,,,,,,,,,,,,,37:59,P.J. Tucker,35:06,Gabe Vincent,33:40,Duncan Robinson,32:22,Tyler Herro,24:42,Dewayne Dedmon,23:16,Omer Yurtseven,19:55,KZ Okpala,17:22,Max Strus,15:38,94,0,0,0.0,,0.0,,0.0,,Cedi Osman,11,0,2021-2022,0.0,0,0.0,CLE,105,Darius Garland,,,,,,,,,,,,,36:06,Isaac Okoro,35:00,Evan Mobley,34:50,Jarrett Allen,32:00,Lauri Markkanen,31:32,Ricky Rubio,27:40,Kevin Love,23:49,Lamar Stevens,12:56,,
1,.200,5,62.500,1,0.33,89,0,1,100.0,3,.375,2.0,66.7,3.0,8,1,.250,4,50.000,Logos via Sports Logos.net / About logos,W,https://www.basketball-reference.com/boxscores/202112150CLE.html,Home,124,18:01,0,0.0,HOU,Garrison Mathews,D.J. Augustin,16:53,,,,,,,,,,,28:48,Jae'Sean Tate,28:40,Alperen Sengun,27:34,Josh Christopher,27:24,David Nwaba,27:12,KJ Martin,26:01,Armoni Brooks,21:44,Daniel Theis,18:26,Usman Garuba,17:18,89,4,8,4.0,50.0,3.0,37.5,1.0,12.5,Cedi Osman,35,1,2021-2022,1.0,3,1.0,CLE,124,Dean Wade,Kevin Pangos,12:00,Dylan Windler,7:30,Denzel Valentine,7:30,,,,,,,34:28,Darius Garland,25:15,Isaac Okoro,21:34,Ricky Rubio,21:18,Lamar Stevens,20:52,Ed Davis,19:05,Lauri Markkanen,18:58,Jarrett Allen,18:09,Kevin Love,15:20
5,.556,9,75.000,4,4.00,119,0,2,40.0,8,.667,3.0,100.0,3.0,12,2,1.000,2,16.667,Logos via Sports Logos.net / About logos,W,https://www.basketball-reference.com/boxscores/202112180MIL.html,Away,90,27:05,3,60.0,MIL,Javonte Smart,,,,,,,,,,,,,44:29,Sandro Mamukelashvili,42:15,Jordan Nwora,42:04,DeMarcus Cousins,27:12,Thanasis Antetokounmpo,25:11,George Hill,21:32,Pat Connaughton,19:23,Semi Ojeleye,17:54,,,90,1,23,6.0,26.1,15.0,65.2,2.0,8.7,Cedi Osman,29,1,2021-2022,1.0,1,5.0,CLE,119,Darius Garland,Dylan Windler,6:30,RJ Nembhard Jr.,3:20,Kevin Pangos,3:20,,,,,,,32:16,Lauri Markkanen,29:10,Ricky Rubio,29:10,Jarrett Allen,29:07,Kevin Love,23:03,Dean Wade,22:27,Denzel Valentine,12:24,Lamar Stevens,11:55,Ed Davis,10:13
1,.143,7,50.000,1,1.00,101,0,6,100.0,5,.357,4.0,57.1,7.0,14,2,1.000,2,14.286,Logos via Sports Logos.net / About logos,L,https://www.basketball-reference.com/boxscores/202112220BOS.html,Away,111,30:59,0,0.0,BOS,Jayson Tatum,Justin Jackson,1:57,Joe Johnson,1:57,Bruno Fernando,1:57,C.J. Miles,1:57,,,,,36:28,Jaylen Brown,35:36,Robert Williams,34:24,Marcus Smart,31:34,Romeo Langford,30:48,Payton Pritchard,20:54,Dennis Schröder,18:26,Aaron Nesmith,12:23,Enes Freedom,11:39,111,3,13,8.0,61.5,3.0,23.1,2.0,15.4,Cedi Osman,10,1,2021-2022,1.0,1,6.0,CLE,101,Darius Garland,Luke Kornet,1:57,Tre Scott,1:57,,,,,,,,,40:13,Lauri Markkanen,32:57,Ricky Rubio,30:33,Denzel Valentine,26:24,Dean Wade,23:02,Kevin Love,22:56,Tacko Fall,19:04,Kevin Pangos,8:01,Justin Anderson,1:57
4,.571,7,77.778,0,,114,0,3,100.0,5,.556,1.0,50.0,2.0,9,0,,0,0.000,Logos via Sports Logos.net / About logos,W,https://www.basketball-reference.com/boxscores/202201070POR.html,Away,101,30:29,0,0.0,POR,Norman Powell,CJ Elleby,11:05,,,,,,,,,,,36:55,Anfernee Simons,34:15,Robert Covington,34:07,Jusuf Nurkić,31:09,Nassir Little,31:03,Ben McLemore,18:27,Dennis Smith Jr.,17:17,Trendon Watford,13:53,Cody Zeller,11:49,101,2,14,2.0,14.3,12.0,85.7,0.0,0.0,Cedi Osman,13,1,2021-2022,1.0,0,3.0,CLE,114,Darius Garland,,,,,,,,,,,,,38:47,Evan Mobley,33:59,Lauri Markkanen,33:24,Jarrett Allen,33:24,Kevin Love,26:32,Lamar Stevens,16:57,Rajon Rondo,16:45,Dylan Windler,9:43,,
0,.000,2,33.333,3,,82,0,1,50.0,1,.167,1.0,25.0,4.0,6,2,.500,4,66.667,Logos via Sports Logos.net / About logos,L,https://www.basketball-reference.com/boxscores/202201090GSW.html,Away,96,19:49,1,50.0,GSW,Stephen Curry,Nemanja Bjelica,12:49,Draymond Green,0:07,,,,,,,,,36:31,Andrew Wiggins,33:58,Kevon Looney,29:29,Andre Iguodala,24:52,Jordan Poole,24:26,Klay Thompson,19:55,Otto Porter Jr.,19:44,Gary Payton II,19:29,Juan Toscano-Anderson,18:37,96,0,4,2.0,50.0,0.0,0.0,2.0,50.0,Cedi Osman,14,2,2021-2022,2.0,0,2.0,CLE,82,Evan Mobley,,,,,,,,,,,,,35:32,Lamar Stevens,33:54,Darius Garland,32:53,Jarrett Allen,29:49,Lauri Markkanen,29:06,Rajon Rondo,28:38,Dylan Windler,16:13,Kevin Love,14:06,,
2,.333,6,66.667,1,1.00,109,0,3,100.0,5,.556,3.0,100.0,3.0,9,3,.750,4,44.444,Logos via Sports Logos.net / About logos,W,https://www.basketball-reference.com/boxscores/202201100SAC.html,Away,108,30:53,0,0.0,SAC,Tyrese Haliburton,Terence Davis,3:26,,,,,,,,,,,36:27,De'Aaron Fox,31:06,Harrison Barnes,28:27,Buddy Hield,27:16,Neemias Queta,24:06,Alex Len,23:54,Chimezie Metu,22:37,Davion Mitchell,22:15,Marvin Bagley III,20:26,108,2,15,6.0,40.0,6.0,40.0,3.0,20.0,Cedi Osman,1,0,2021-2022,0.0,1,3.0,CLE,109,Evan Mobley,,,,,,,,,,,,,42:18,Darius Garland,33:58,Lauri Markkanen,32:51,Jarrett Allen,30:32,Kevin Love,20:35,Lamar Stevens,20:10,Rajon Rondo,19:47,Dean Wade,5:25,Dylan Windler,3:31
1,.143,7,58.333,0,,111,0,1,100.0,3,.250,2.0,40.0,5.0,12,1,.500,2,16.667,Logos via Sports Logos.net / About logos,W,https://www.basketball-reference.com/boxscores/202201120UTA.html,Away,91,30:40,0,0.0,UTA,Royce O'Neale,Zylan Cheatham,5:11,,,,,,,,,,,36:09,Bojan Bogdanović,34:20,Jordan Clarkson,34:18,Eric Paschall,33:07,Donovan Mitchell,32:58,Mike Conley,27:16,Denzel Valentine,16:49,Joe Ingles,13:24,Trent Forrest,6:28,91,4,8,4.0,50.0,3.0,37.5,1.0,12.5,Cedi Osman,20,2,2021-2022,2.0,0,1.0,CLE,111,Evan Mobley,RJ Nembhard Jr.,2:02,Kevin Pangos,2:02,,,,,,,,,35:34,Lauri Markkanen,35:08,Darius Garland,34:19,Jarrett Allen,30:29,Lamar Stevens,29:56,Kevin Love,20:54,Brandon Goodwin,13:41,Dean Wade,3:13,Dylan Windler,2:02
2,.400,5,41.667,2,2.00,114,0,0,0.0,5,.417,3.0,42.9,7.0,12,2,.400,5,41.667,Logos via Sports Logos.net / About logos,W,https://www.basketball-reference.com/boxscores/202201140SAS.html,Away,109,23:51,2,100.0,SAS,Dejounte Murray,Joshua Primo,10:00,,,,,,,,,,,35:37,Jakob Poeltl,32:48,Keldon Johnson,30:24,Lonnie Walker IV,28:45,Devin Vassell,28:02,Doug McDermott,24:40,Keita Bates-Diop,17:57,Bryn Forbes,16:54,Jock Landale,14:49,109,2,14,6.0,42.9,6.0,42.9,2.0,14.3,Cedi Osman,5,1,2021-2022,1.0,1,2.0,CLE,114,Evan Mobley,,,,,,,,,,,,,39:03,Darius Garland,37:21,Lauri Markkanen,33:32,Jarrett Allen,31:30,Lamar Stevens,31:09,Isaac Okoro,16:29,Kevin Love,16:25,Brandon Goodwin,10:38,,
0,.000,2,50.000,0,,107,0,0,,1,.250,1.0,50.0,2.0,4,0,,0,0.000,Logos via Sports Logos.net / About logos,W,https://www.basketball-reference.com/boxscores/202201150OKC.html,Away,102,12:58,0,,OKC,Shai Gilgeous-Alexander,Aaron Wiggins,10:24,Mike Muscala,8:07,,,,,,,,,34:09,Josh Giddey,29:59,Luguentz Dort,29:27,Darius Bazley,28:13,Jeremiah Robinson-Earl,26:47,Tre Mann,25:10,Ty Jerome,18:09,Derrick Favors,17:04,Mamadi Diakite,12:31,102,0,2,2.0,100.0,0.0,0.0,0.0,0.0,Cedi Osman,5,0,2021-2022,0.0,0,0.0,CLE,107,Darius Garland,,,,,,,,,,,,,36:37,Jarrett Allen,33:16,Evan Mobley,33:02,Lauri Markkanen,31:51,Isaac Okoro,24:29,Kevin Love,21:08,Lamar Stevens,18:43,Dylan Windler,16:33,Brandon Goodwin,11:23
0,.000,6,60.000,3,3.00,107,0,3,75.0,3,.300,3.0,75.0,4.0,10,1,.500,2,20.000,Logos via Sports Logos.net / About logos,W,https://www.basketball-reference.com/boxscores/202201170CLE.html,Home,114,24:03,1,25.0,BRK,James Harden,,,,,,,,,,,,,40:25,Kessler Edwards,37:52,Kyrie Irving,37:34,Patty Mills,30:50,Day'Ron Sharpe,23:42,LaMarcus Aldridge,22:31,Cam Thomas,18:32,Blake Griffin,16:45,Bruce Brown,11:47,107,2,7,6.0,85.7,0.0,0.0,1.0,14.3,Cedi Osman,7,0,2021-2022,0.0,1,4.0,CLE,114,Evan Mobley,,,,,,,,,,,,,37:12,Darius Garland,36:10,Jarrett Allen,33:06,Isaac Okoro,32:14,Lauri Markkanen,29:46,Kevin Love,19:52,Dylan Windler,15:36,Brandon Goodwin,11:57,,
0,.000,4,80.000,1,0.50,104,0,1,100.0,1,.200,1.0,100.0,1.0,5,0,,0,0.000,Logos via Sports Logos.net / About logos,L,https://www.basketball-reference.com/boxscores/202201190CHI.html,Away,117,16:53,0,0.0,CHI,Ayo Dosunmu,Malcolm Hill,1:33,,,,,,,,,,,38:35,Coby White,37:50,Nikola Vučević,37:01,DeMar DeRozan,36:11,Troy Brown Jr.,26:09,Matt Thomas,23:36,Alex Caruso,22:55,Tony Bradley,10:59,Alfonzo McKinnie,5:11,117,2,2,2.0,100.0,0.0,0.0,0.0,0.0,Cedi Osman,13,1,2021-2022,1.0,2,1.0,CLE,104,Darius Garland,Kevin Pangos,1:34,Dean Wade,1:34,,,,,,,,,40:19,Jarrett Allen,35:46,Lauri Markkanen,32:33,Evan Mobley,30:55,Isaac Okoro,29:30,Kevin Love,20:58,Dylan Windler,17:06,Brandon Goodwin,11:18,Ed Davis,1:34
1,.200,5,71.429,1,,87,0,1,100.0,3,.429,2.0,100.0,2.0,7,3,.600,5,71.429,Logos via Sports Logos.net / About logos,W,https://www.basketball-reference.com/boxscores/202201220CLE.html,Home,94,18:48,0,0.0,OKC,Shai Gilgeous-Alexander,Tre Mann,9:18,,,,,,,,,,,38:32,Josh Giddey,33:51,Luguentz Dort,31:58,Jeremiah Robinson-Earl,26:19,Kenrich Williams,24:36,Aaron Wiggins,21:35,Darius Bazley,21:32,Ty Jerome,16:23,Mamadi Diakite,15:56,87,3,10,4.0,40.0,3.0,30.0,3.0,30.0,Cedi Osman,7,0,2021-2022,0.0,0,1.0,CLE,94,Darius Garland,Dylan Windler,3:43,,,,,,,,,,,38:51,Evan Mobley,38:47,Isaac Okoro,35:07,Jarrett Allen,34:23,Kevin Love,22:44,Lauri Markkanen,13:00,Lamar Stevens,12:51,Dean Wade,12:37,Brandon Goodwin,9:09
0,.000,3,60.000,2,,93,0,1,100.0,0,.000,0.0,0.0,2.0,5,0,,0,0.000,Logos via Sports Logos.net / About logos,W,https://www.basketball-reference.com/boxscores/202201240CLE.html,Home,95,10:44,0,0.0,NYK,RJ Barrett,Obi Toppin,15:06,,,,,,,,,,,34:18,Julius Randle,32:54,Nerlens Noel,29:04,Immanuel Quickley,25:50,Quentin Grimes,24:23,Evan Fournier,21:18,Kemba Walker,19:49,Taj Gibson,18:54,Alec Burks,18:23,93,0,0,0.0,,0.0,,0.0,,Cedi Osman,2,0,2021-2022,0.0,0,1.0,CLE,95,Darius Garland,,,,,,,,,,,,,38:49,Evan Mobley,38:27,Dean Wade,35:02,Isaac Okoro,32:43,Kevin Love,23:57,Rajon Rondo,18:15,Ed Davis,17:29,Lamar Stevens,15:18,Dylan Windler,9:14
6,.429,14,82.353,4,2.00,99,0,2,66.7,8,.471,2.0,66.7,3.0,17,1,1.000,1,5.882,Logos via Sports Logos.net / About logos,W,https://www.basketball-reference.com/boxscores/202201260CLE.html,Home,115,34:09,1,33.3,MIL,Khris Middleton,Rodney Hood,3:58,Thanasis Antetokounmpo,1:57,Semi Ojeleye,1:54,,,,,,,35:22,Bobby Portis,32:27,Pat Connaughton,32:18,Jrue Holiday,31:41,Giannis Antetokounmpo,29:20,Donte DiVincenzo,28:22,George Hill,22:34,Jordan Nwora,15:04,Sandro Mamukelashvili,5:03,99,2,23,4.0,17.4,18.0,78.3,1.0,4.3,Cedi Osman,16,2,2021-2022,2.0,2,3.0,CLE,115,Evan Mobley,Brandon Goodwin,1:02,Kevin Pangos,1:02,Dylan Windler,1:02,,,,,,,33:54,Jarrett Allen,33:11,Isaac Okoro,28:55,Kevin Love,26:51,Darius Garland,25:56,Rajon Rondo,20:19,Lamar Stevens,19:05,Dean Wade,13:32,Ed Davis,1:02
2,.500,4,57.143,1,1.00,105,0,0,0.0,4,.571,2.0,66.7,3.0,7,3,.600,5,71.429,Logos via Sports Logos.net / About logos,L,https://www.basketball-reference.com/boxscores/202201300DET.html,Away,115,22:26,1,100.0,DET,Cade Cunningham,,,,,,,,,,,,,37:01,Saddiq Bey,36:24,Isaiah Stewart,31:10,Cory Joseph,26:47,Frank Jackson,25:10,Killian Hayes,23:52,Rodney McGruder,20:41,Trey Lyles,19:50,Hamidou Diallo,19:05,115,4,13,4.0,30.8,6.0,46.2,3.0,23.1,Cedi Osman,10,1,2021-2022,1.0,1,1.0,CLE,105,Evan Mobley,,,,,,,,,,,,,37:21,Darius Garland,35:49,Jarrett Allen,35:02,Isaac Okoro,33:21,Dean Wade,26:11,Kevin Love,18:58,Rajon Rondo,18:50,Lamar Stevens,8:04,Dylan Windler,3:58
0,.000,7,43.750,12,12.00,90,0,2,100.0,3,.188,3.0,33.3,9.0,16,1,1.000,1,6.250,Logos via Sports Logos.net / About logos,W,https://www.basketball-reference.com/boxscores/202201310CLE.html,Home,93,37:57,0,0.0,NOP,Josh Hart,Garrett Temple,12:22,,,,,,,,,,,36:49,Jonas Valančiūnas,31:28,Herbert Jones,31:15,Jaxson Hayes,31:09,Devonte' Graham,29:29,Nickeil Alexander-Walker,19:28,Jose Alvarado,18:31,Willy Hernangómez,16:27,Gary Clark,13:02,90,4,7,6.0,85.7,0.0,0.0,1.0,14.3,Cedi Osman,3,0,2021-2022,0.0,1,2.0,CLE,93,Jarrett Allen,,,,,,,,,,,,,33:32,Kevin Love,33:01,Brandon Goodwin,26:53,Isaac Okoro,25:29,Lamar Stevens,23:10,Evan Mobley,22:56,Dean Wade,19:15,Rajon Rondo,17:47,,
3,.500,6,50.000,1,0.33,104,0,1,100.0,5,.417,2.0,33.3,6.0,12,0,.000,3,25.000,Logos via Sports Logos.net / About logos,L,https://www.basketball-reference.com/boxscores/202202020HOU.html,Away,115,35:27,0,0.0,HOU,Jalen Green,,,,,,,,,,,,,35:47,Christian Wood,34:22,Kevin Porter Jr.,32:03,Eric Gordon,30:24,Jae'Sean Tate,28:30,Alperen Sengun,24:32,Garrison Mathews,24:21,KJ Martin,17:48,Josh Christopher,12:13,115,4,13,4.0,30.8,9.0,69.2,0.0,0.0,Cedi Osman,11,1,2021-2022,1.0,3,1.0,CLE,104,Evan Mobley,Kevin Pangos,1:12,Dylan Windler,1:12,,,,,,,,,36:20,Brandon Goodwin,32:26,Isaac Okoro,32:01,Kevin Love,29:05,Jarrett Allen,23:15,Lamar Stevens,16:24,Rajon Rondo,15:25,Dean Wade,13:12,Ed Davis,4:01
1,.250,4,50.000,1,,102,0,1,100.0,2,.250,1.0,25.0,4.0,8,0,,0,0.000,Logos via Sports Logos.net / About logos,W,https://www.basketball-reference.com/boxscores/202202040CHO.html,Away,101,15:27,0,0.0,CHO,Terry Rozier,,,,,,,,,,,,,39:56,Miles Bridges,37:26,LaMelo Ball,31:49,Mason Plumlee,31:47,Gordon Hayward,29:11,Kelly Oubre Jr.,27:55,P.J. Washington,26:12,Cody Martin,15:44,,,101,2,5,2.0,40.0,3.0,60.0,0.0,0.0,Cedi Osman,1,0,2021-2022,0.0,0,1.0,CLE,102,Evan Mobley,,,,,,,,,,,,,37:30,Brandon Goodwin,36:04,Isaac Okoro,36:03,Jarrett Allen,33:53,Dean Wade,31:48,Kevin Love,25:46,Rajon Rondo,17:14,Lamar Stevens,6:15,,
4,.400,10,62.500,5,,85,0,3,75.0,8,.500,4.0,66.7,6.0,16,2,1.000,2,12.500,Logos via Sports Logos.net / About logos,W,https://www.basketball-reference.com/boxscores/202202060CLE.html,Home,98,30:41,1,25.0,IND,Chris Duarte,Terry Taylor,11:34,,,,,,,,,,,35:44,Torrey Craig,32:49,Duane Washington Jr.,31:00,Justin Holiday,30:50,Domantas Sabonis,25:32,Keifer Sykes,25:24,Oshae Brissett,17:15,Goga Bitadze,16:02,Lance Stephenson,13:50,85,2,22,8.0,36.4,12.0,54.5,2.0,9.1,Cedi Osman,13,1,2021-2022,1.0,0,4.0,CLE,98,Kevin Love,Kevin Pangos,1:37,Dylan Windler,1:37,Ed Davis,1:36,,,,,,,32:25,Rajon Rondo,31:33,Jarrett Allen,31:20,Evan Mobley,28:42,Isaac Okoro,28:05,Dean Wade,18:41,Brandon Goodwin,16:27,Lamar Stevens,15:38,RJ Nembhard Jr.,1:37
2,.667,3,75.000,0,0.00,92,0,1,100.0,2,.500,0.0,0.0,1.0,4,2,.500,4,100.000,Logos via Sports Logos.net / About logos,W,https://www.basketball-reference.com/boxscores/202202090CLE.html,Home,105,19:33,0,0.0,SAS,Dejounte Murray,Keita Bates-Diop,1:33,Drew Eubanks,1:33,Jock Landale,1:33,,,,,,,33:52,Keldon Johnson,33:28,Derrick White,32:16,Jakob Poeltl,28:32,Devin Vassell,28:12,Doug McDermott,27:41,Joshua Primo,22:08,Zach Collins,17:56,Lonnie Walker IV,11:16,92,0,8,0.0,0.0,6.0,75.0,2.0,25.0,Cedi Osman,13,0,2021-2022,0.0,1,1.0,CLE,105,Evan Mobley,Brandon Goodwin,1:33,Kevin Pangos,1:33,Lamar Stevens,1:33,Dylan Windler,1:33,,,,,33:19,Jarrett Allen,31:40,Darius Garland,30:12,Caris LeVert,28:13,Isaac Okoro,27:22,Kevin Love,24:18,Rajon Rondo,21:36,Dean Wade,16:02,Ed Davis,1:33
1,.250,4,33.333,2,1.00,120,0,0,,6,.500,5.0,62.5,8.0,12,1,.500,2,16.667,Logos via Sports Logos.net / About logos,W,https://www.basketball-reference.com/boxscores/202202110IND.html,Away,113,19:56,0,,IND,Tyrese Haliburton,Goga Bitadze,9:59,,,,,,,,,,,39:44,Buddy Hield,39:44,Oshae Brissett,38:07,Chris Duarte,37:08,Jalen Smith,20:49,Tristan Thompson,15:00,Duane Washington Jr.,14:36,Lance Stephenson,12:48,Isaiah Jackson,12:05,113,1,14,10.0,71.4,3.0,21.4,1.0,7.1,Cedi Osman,7,1,2021-2022,1.0,2,0.0,CLE,120,Caris LeVert,,,,,,,,,,,,,35:34,Jarrett Allen,33:41,Rajon Rondo,33:24,Isaac Okoro,33:09,Evan Mobley,29:03,Kevin Love,26:20,Dean Wade,21:10,Lamar Stevens,7:43,,
2,.333,6,66.667,4,4.00,93,0,3,100.0,3,.333,1.0,33.3,3.0,9,4,.800,5,55.556,Logos via Sports Logos.net / About logos,L,https://www.basketball-reference.com/boxscores/202202120PHI.html,Away,103,25:01,0,0.0,PHI,Tyrese Maxey,Isaiah Joe,2:30,,,,,,,,,,,32:53,Joel Embiid,32:46,Tobias Harris,32:31,Matisse Thybulle,31:32,Georges Niang,27:57,Danny Green,27:31,Shake Milton,20:29,Furkan Korkmaz,16:36,Paul Reed,15:14,103,1,12,2.0,16.7,6.0,50.0,4.0,33.3,Cedi Osman,10,0,2021-2022,0.0,1,3.0,CLE,93,Darius Garland,Brandon Goodwin,3:08,,,,,,,,,,,34:37,Jarrett Allen,33:10,Evan Mobley,32:21,Isaac Okoro,31:36,Caris LeVert,31:36,Dean Wade,24:55,Kevin Love,17:19,Lamar Stevens,3:08,Ed Davis,3:08
2,.400,5,100.000,0,0.00,116,0,1,50.0,2,.400,0.0,,0.0,5,0,,0,0.000,Logos via Sports Logos.net / About logos,L,https://www.basketball-reference.com/boxscores/202202150ATL.html,Away,124,14:24,1,50.0,ATL,Trae Young,,,,,,,,,,,,,35:00,De'Andre Hunter,34:56,Danilo Gallinari,32:50,Kevin Huerter,31:23,Clint Capela,30:33,Bogdan Bogdanović,29:21,Delon Wright,16:37,Onyeka Okongwu,16:20,Lou Williams,13:00,124,2,6,0.0,0.0,6.0,100.0,0.0,0.0,Cedi Osman,8,0,2021-2022,0.0,2,2.0,CLE,116,Evan Mobley,,,,,,,,,,,,,35:23,Darius Garland,35:11,Jarrett Allen,32:59,Caris LeVert,28:30,Isaac Okoro,26:25,Kevin Love,25:51,Dean Wade,22:33,Rajon Rondo,18:44,,
2,.500,4,57.143,2,2.00,103,0,1,100.0,2,.286,0.0,0.0,3.0,7,3,.750,4,57.143,Logos via Sports Logos.net / About logos,L,https://www.basketball-reference.com/boxscores/202202240DET.html,Away,106,19:59,0,0.0,DET,Jerami Grant,Rodney McGruder,16:15,,,,,,,,,,,31:57,Cade Cunningham,31:45,Marvin Bagley III,27:06,Killian Hayes,24:45,Saddiq Bey,23:46,Cory Joseph,23:15,Hamidou Diallo,21:02,Kelly Olynyk,20:39,Isaiah Stewart,19:29,106,2,9,0.0,0.0,6.0,66.7,3.0,33.3,Cedi Osman,3,0,2021-2022,0.0,1,1.0,CLE,103,Evan Mobley,,,,,,,,,,,,,35:36,Jarrett Allen,32:31,Lauri Markkanen,27:43,Isaac Okoro,27:39,Rajon Rondo,26:10,Brandon Goodwin,24:27,Dean Wade,22:39,Kevin Love,16:33,Lamar Stevens,6:43
2,.400,5,38.462,5,1.67,86,0,4,100.0,7,.538,5.0,62.5,8.0,13,3,.600,5,38.462,Logos via Sports Logos.net / About logos,W,https://www.basketball-reference.com/boxscores/202202260CLE.html,Home,92,28:51,0,0.0,WAS,Kyle Kuzma,,,,,,,,,,,,,38:54,Kentavious Caldwell-Pope,33:53,Corey Kispert,33:49,Raul Neto,25:13,Daniel Gafford,23:59,Deni Avdija,23:18,Ish Smith,22:47,Rui Hachimura,22:23,Thomas Bryant,15:44,86,1,19,10.0,52.6,6.0,31.6,3.0,15.8,Cedi Osman,6,1,2021-2022,1.0,3,4.0,CLE,92,Brandon Goodwin,,,,,,,,,,,,,37:47,Isaac Okoro,37:28,Evan Mobley,36:50,Lauri Markkanen,34:33,Jarrett Allen,34:24,Kevin Love,13:54,Dean Wade,12:06,RJ Nembhard Jr.,4:07,,
5,.556,9,100.000,5,1.67,127,0,1,100.0,5,.556,0.0,,0.0,9,6,.750,8,88.889,Logos via Sports Logos.net / About logos,L,https://www.basketball-reference.com/boxscores/202202280CLE.html,Home,122,28:26,0,0.0,MIN,D'Angelo Russell,Jordan McLaughlin,13:06,,,,,,,,,,,34:47,Karl-Anthony Towns,34:14,Anthony Edwards,32:22,Patrick Beverley,29:10,Jarred Vanderbilt,27:06,Taurean Prince,20:10,Jaden McDaniels,17:50,Malik Beasley,17:29,Naz Reid,13:46,127,3,21,0.0,0.0,15.0,71.4,6.0,28.6,Cedi Osman,5,1,2021-2022,1.0,3,1.0,CLE,122,Brandon Goodwin,,,,,,,,,,,,,35:23,Lauri Markkanen,35:04,Evan Mobley,33:49,Jarrett Allen,33:31,Isaac Okoro,28:23,Kevin Love,26:12,Dean Wade,9:56,Lamar Stevens,5:17,Tim Frazier,3:59
2,.400,5,83.333,4,2.00,119,0,1,100.0,3,.500,1.0,100.0,1.0,6,1,.500,2,33.333,Logos via Sports Logos.net / About logos,L,https://www.basketball-reference.com/boxscores/202203020CLE.html,Home,98,19:44,0,0.0,CHO,Miles Bridges,LaMelo Ball,7:58,Kai Jones,2:39,Nick Richards,2:35,,,,,,,36:25,Cody Martin,33:26,Terry Rozier,33:07,Mason Plumlee,28:28,P.J. Washington,28:14,Kelly Oubre Jr.,27:26,Montrezl Harrell,16:57,Isaiah Thomas,14:04,JT Thor,8:41,119,2,9,2.0,22.2,6.0,66.7,1.0,11.1,Cedi Osman,21,0,2021-2022,0.0,2,1.0,CLE,98,Jarrett Allen,RJ Nembhard Jr.,4:04,Ed Davis,4:04,Tim Frazier,4:04,Dylan Windler,4:04,,,,,33:12,Darius Garland,32:58,Lauri Markkanen,30:47,Evan Mobley,30:10,Isaac Okoro,28:15,Kevin Love,17:48,Brandon Goodwin,10:58,Lamar Stevens,10:55,Dean Wade,8:57
3,.375,8,61.538,1,1.00,119,0,0,,7,.538,4.0,80.0,5.0,13,3,1.000,3,23.077,Logos via Sports Logos.net / About logos,L,https://www.basketball-reference.com/boxscores/202203040PHI.html,Away,125,31:58,0,,PHI,Tobias Harris,Furkan Korkmaz,7:05,,,,,,,,,,,37:56,Tyrese Maxey,37:55,Joel Embiid,36:07,James Harden,35:40,Georges Niang,23:23,Shake Milton,20:52,Matisse Thybulle,16:50,Danny Green,15:58,Paul Millsap,8:11,125,2,20,8.0,40.0,9.0,45.0,3.0,15.0,Cedi Osman,6,1,2021-2022,1.0,1,0.0,CLE,119,Darius Garland,,,,,,,,,,,,,43:20,Jarrett Allen,35:27,Evan Mobley,32:29,Isaac Okoro,29:14,Kevin Love,26:18,Lamar Stevens,19:03,Lauri Markkanen,17:32,Brandon Goodwin,4:36,,
3,.333,9,56.250,3,1.50,96,0,1,100.0,7,.438,4.0,57.1,7.0,16,0,,0,0.000,Logos via Sports Logos.net / About logos,W,https://www.basketball-reference.com/boxscores/202203060CLE.html,Home,104,32:16,0,0.0,TOR,Scottie Barnes,Yuta Watanabe,4:11,Svi Mykhailiuk,3:22,,,,,,,,,41:43,Pascal Siakam,40:55,Gary Trent Jr.,38:14,Chris Boucher,35:59,Khem Birch,26:24,Precious Achiuwa,20:57,Thaddeus Young,14:27,Dalano Banton,9:18,Armoni Brooks,4:30,96,4,17,8.0,47.1,9.0,52.9,0.0,0.0,Cedi Osman,8,2,2021-2022,2.0,2,1.0,CLE,104,Lauri Markkanen,,,,,,,,,,,,,37:43,Evan Mobley,36:27,Darius Garland,33:46,Kevin Love,29:31,Isaac Okoro,22:05,Dean Wade,17:19,Brandon Goodwin,13:59,Jarrett Allen,10:02,Ed Davis,6:52
0,.000,4,100.000,2,2.00,127,0,0,,0,.000,0.0,,0.0,4,0,,0,0.000,Logos via Sports Logos.net / About logos,W,https://www.basketball-reference.com/boxscores/202203080IND.html,Away,124,11:31,0,,IND,Tyrese Haliburton,,,,,,,,,,,,,38:35,Buddy Hield,38:11,Malcolm Brogdon,36:51,Jalen Smith,28:19,Oshae Brissett,23:29,Isaiah Jackson,22:18,Duane Washington Jr.,18:29,Goga Bitadze,18:09,Chris Duarte,15:36,124,2,0,0.0,,0.0,,0.0,,Cedi Osman,3,1,2021-2022,1.0,1,0.0,CLE,127,Darius Garland,,,,,,,,,,,,,37:10,Dean Wade,37:07,Evan Mobley,36:19,Isaac Okoro,33:12,Lauri Markkanen,30:08,Lamar Stevens,19:10,Kevin Love,14:32,Rajon Rondo,10:49,Ed Davis,9:58
2,.400,5,62.500,2,,105,0,3,100.0,3,.375,1.0,33.3,3.0,8,0,,0,0.000,Logos via Sports Logos.net / About logos,L,https://www.basketball-reference.com/boxscores/202203110MIA.html,Away,117,16:22,0,0.0,MIA,Jimmy Butler,Haywood Highsmith,1:24,Gabe Vincent,1:24,Omer Yurtseven,1:20,,,,,,,33:51,Tyler Herro,33:34,Bam Adebayo,32:42,Kyle Lowry,32:22,P.J. Tucker,28:56,Duncan Robinson,23:58,Max Strus,18:55,Victor Oladipo,17:35,Dewayne Dedmon,13:57,117,2,8,2.0,25.0,6.0,75.0,0.0,0.0,Cedi Osman,12,0,2021-2022,0.0,0,3.0,CLE,105,Darius Garland,Moses Brown,2:29,Brandon Goodwin,2:29,RJ Nembhard Jr.,2:29,,,,,,,36:29,Evan Mobley,34:09,Lauri Markkanen,31:49,Isaac Okoro,29:51,Kevin Love,21:32,Dean Wade,19:31,Lamar Stevens,18:22,Rajon Rondo,14:08,Ed Davis,10:17
1,.125,8,57.143,3,3.00,91,0,4,100.0,5,.357,4.0,66.7,6.0,14,3,.750,4,28.571,Logos via Sports Logos.net / About logos,L,https://www.basketball-reference.com/boxscores/202203120CHI.html,Away,101,32:37,0,0.0,CHI,DeMar DeRozan,,,,,,,,,,,,,39:56,Ayo Dosunmu,36:16,Coby White,35:34,Nikola Vučević,33:34,Alex Caruso,29:12,Javonte Green,26:07,Derrick Jones Jr.,15:26,Tristan Thompson,14:26,Troy Brown Jr.,9:29,101,3,14,8.0,57.1,3.0,21.4,3.0,21.4,Cedi Osman,10,2,2021-2022,2.0,1,4.0,CLE,91,Darius Garland,,,,,,,,,,,,,42:26,Evan Mobley,38:41,Kevin Love,33:49,Isaac Okoro,33:38,Dean Wade,20:31,Rajon Rondo,16:34,Lamar Stevens,12:57,Brandon Goodwin,4:39,Ed Davis,4:07
0,,0,,1,,111,0,0,,0,,0.0,,0.0,0,0,.000,2,,Logos via Sports Logos.net / About logos,W,https://www.basketball-reference.com/boxscores/202203140CLE.html,Home,120,7:32,0,,LAC,Terance Mann,,,,,,,,,,,,,44:51,Luke Kennard,40:08,Amir Coffey,39:40,Ivica Zubac,36:11,Nicolas Batum,33:28,Brandon Boston Jr.,20:43,Isaiah Hartenstein,19:45,Semi Ojeleye,19:40,Rodney Hood,10:32,111,0,0,0.0,,0.0,,0.0,,Cedi Osman,9,0,2021-2022,0.0,0,0.0,CLE,120,Lauri Markkanen,Ed Davis,6:03,,,,,,,,,,,46:04,Darius Garland,45:40,Evan Mobley,40:25,Isaac Okoro,39:00,Caris LeVert,25:06,Kevin Love,17:37,Lamar Stevens,12:41,Brandon Goodwin,12:28,Dylan Windler,12:22
2,.500,4,36.364,2,2.00,109,0,2,50.0,7,.636,5.0,71.4,7.0,11,0,,0,0.000,Logos via Sports Logos.net / About logos,W,https://www.basketball-reference.com/boxscores/202203190CLE.html,Home,113,20:10,2,50.0,DET,Saddiq Bey,Rodney McGruder,13:04,,,,,,,,,,,36:28,Cade Cunningham,36:14,Jerami Grant,35:14,Cory Joseph,30:35,Isaiah Stewart,22:17,Isaiah Livers,18:58,Kelly Olynyk,17:06,Saben Lee,16:07,Marvin Bagley III,13:57,109,1,16,10.0,62.5,6.0,37.5,0.0,0.0,Cedi Osman,4,1,2021-2022,1.0,1,4.0,CLE,113,Darius Garland,,,,,,,,,,,,,41:11,Evan Mobley,35:28,Lauri Markkanen,32:49,Isaac Okoro,32:09,Kevin Love,24:14,Caris LeVert,24:05,Lamar Stevens,16:12,Moses Brown,6:53,Brandon Goodwin,6:49
1,.167,6,85.714,0,,131,0,1,100.0,2,.286,1.0,100.0,1.0,7,0,,0,0.000,Logos via Sports Logos.net / About logos,L,https://www.basketball-reference.com/boxscores/202203210CLE.html,Home,120,17:54,0,0.0,LAL,LeBron James,Avery Bradley,5:55,,,,,,,,,,,40:36,Russell Westbrook,35:20,Wenyen Gabriel,31:47,Austin Reaves,29:22,D.J. Augustin,25:53,Stanley Johnson,23:04,Malik Monk,22:24,Carmelo Anthony,13:57,Dwight Howard,11:40,131,1,5,2.0,40.0,3.0,60.0,0.0,0.0,Cedi Osman,11,1,2021-2022,1.0,0,1.0,CLE,120,Darius Garland,RJ Nembhard Jr.,1:35,Dylan Windler,1:35,Ed Davis,0:56,,,,,,,40:36,Lauri Markkanen,37:18,Lamar Stevens,34:22,Isaac Okoro,29:09,Evan Mobley,27:09,Kevin Love,20:29,Caris LeVert,16:19,Brandon Goodwin,7:55,Moses Brown,4:41
0,.000,3,60.000,1,1.00,104,0,0,0.0,1,.200,1.0,50.0,2.0,5,2,1.000,2,40.000,Logos via Sports Logos.net / About logos,L,https://www.basketball-reference.com/boxscores/202203240TOR.html,Away,117,11:02,1,100.0,TOR,Fred VanVleet,Dalano Banton,1:35,Svi Mykhailiuk,1:35,Yuta Watanabe,1:35,,,,,,,39:21,Scottie Barnes,35:12,Chris Boucher,33:24,Pascal Siakam,32:17,OG Anunoby,26:26,Precious Achiuwa,21:34,Armoni Brooks,18:37,Thaddeus Young,15:23,Khem Birch,13:01,117,2,4,2.0,50.0,0.0,0.0,2.0,50.0,Cedi Osman,13,0,2021-2022,0.0,1,1.0,CLE,104,Evan Mobley,Ed Davis,1:35,RJ Nembhard Jr.,1:35,Dylan Windler,1:35,,,,,,,38:46,Darius Garland,38:25,Lauri Markkanen,36:07,Kevin Love,33:11,Isaac Okoro,27:05,Lamar Stevens,23:58,Caris LeVert,23:31,Brandon Goodwin,1:35,Moses Brown,1:35
0,.000,1,100.000,0,0.00,98,0,1,100.0,0,.000,0.0,,0.0,1,0,,0,0.000,Logos via Sports Logos.net / About logos,L,https://www.basketball-reference.com/boxscores/202203260CLE.html,Home,94,5:54,0,0.0,CHI,Zach LaVine,,,,,,,,,,,,,38:45,Alex Caruso,38:03,Nikola Vučević,35:32,DeMar DeRozan,34:54,Ayo Dosunmu,31:41,Coby White,19:37,Javonte Green,14:51,Patrick Williams,14:12,Tristan Thompson,12:25,98,1,0,0.0,,0.0,,0.0,,Cedi Osman,4,0,2021-2022,0.0,1,1.0,CLE,94,Darius Garland,,,,,,,,,,,,,44:05,Caris LeVert,36:20,Isaac Okoro,34:48,Evan Mobley,32:31,Lauri Markkanen,32:22,Lamar Stevens,25:22,Kevin Love,17:01,Dylan Windler,11:37,,
3,.500,6,60.000,4,1.33,107,1,3,50.0,7,.700,4.0,100.0,4.0,10,4,.667,6,60.000,Logos via Sports Logos.net / About logos,L,https://www.basketball-reference.com/boxscores/202203310ATL.html,Away,131,27:14,3,50.0,ATL,Kevin Huerter,Kevin Knox,7:23,Gorgui Dieng,6:31,Skylar Mays,5:11,,,,,,,30:26,Trae Young,28:29,Timothé Luwawu-Cabarrot,27:14,Onyeka Okongwu,24:58,Danilo Gallinari,23:03,Clint Capela,23:02,Bogdan Bogdanović,22:01,Delon Wright,20:57,De'Andre Hunter,20:45,131,3,21,8.0,38.1,9.0,42.9,4.0,19.0,Cedi Osman,24,0,2021-2022,1.0,3,6.0,CLE,107,Darius Garland,Ed Davis,5:11,,,,,,,,,,,29:39,Lamar Stevens,26:43,Moses Brown,26:25,Isaac Okoro,25:07,Caris LeVert,24:21,Kevin Love,21:04,Lauri Markkanen,19:32,Brandon Goodwin,18:21,Dylan Windler,16:23
2,.333,6,100.000,3,3.00,119,1,3,100.0,2,.333,0.0,,0.0,6,4,.800,5,83.333,Logos via Sports Logos.net / About logos,W,https://www.basketball-reference.com/boxscores/202204020NYK.html,Away,101,18:30,0,0.0,NYK,RJ Barrett,,,,,,,,,,,,,34:19,Obi Toppin,30:42,Immanuel Quickley,29:43,Mitchell Robinson,28:33,Alec Burks,27:36,Evan Fournier,27:24,Taj Gibson,24:06,Ryan Arcidiacono,21:58,Jericho Sims,15:39,101,4,10,0.0,0.0,6.0,60.0,4.0,40.0,Cedi Osman,18,0,2021-2022,1.0,1,3.0,CLE,119,Darius Garland,Dylan Windler,2:24,,,,,,,,,,,36:18,Caris LeVert,36:01,Isaac Okoro,30:34,Moses Brown,30:02,Kevin Love,26:39,Lauri Markkanen,24:01,Lamar Stevens,23:18,Brandon Goodwin,9:49,Ed Davis,2:24
1,.500,2,100.000,2,2.00,112,0,2,100.0,1,.500,0.0,,0.0,2,0,,0,0.000,Logos via Sports Logos.net / About logos,L,https://www.basketball-reference.com/boxscores/202204030CLE.html,Home,108,7:00,0,0.0,PHI,James Harden,Furkan Korkmaz,7:00,,,,,,,,,,,40:34,Joel Embiid,38:03,Tobias Harris,36:38,Tyrese Maxey,29:01,Matisse Thybulle,24:22,Georges Niang,22:01,Danny Green,17:28,Shake Milton,14:56,DeAndre Jordan,9:57,112,1,3,0.0,0.0,3.0,100.0,0.0,0.0,Cedi Osman,4,1,2021-2022,1.0,1,2.0,CLE,108,Lauri Markkanen,,,,,,,,,,,,,38:44,Caris LeVert,37:30,Darius Garland,37:16,Isaac Okoro,31:49,Lamar Stevens,26:26,Kevin Love,20:50,Moses Brown,19:56,Rajon Rondo,14:13,Ed Davis,6:16
3,.600,5,71.429,1,1.00,115,0,1,100.0,4,.571,1.0,50.0,2.0,7,0,,0,0.000,Logos via Sports Logos.net / About logos,L,https://www.basketball-reference.com/boxscores/202204050ORL.html,Away,120,14:43,0,0.0,ORL,Ignas Brazdeikis,Franz Wagner,6:48,,,,,,,,,,,36:13,Chuma Okeke,32:50,R.J. Hampton,29:59,Mo Bamba,28:35,Devin Cannady,24:08,Markelle Fultz,23:52,Moritz Wagner,20:09,Robin Lopez,19:24,Jalen Suggs,18:01,120,0,11,2.0,18.2,9.0,81.8,0.0,0.0,Cedi Osman,5,0,2021-2022,0.0,1,1.0,CLE,115,Darius Garland,,,,,,,,,,,,,40:42,Lauri Markkanen,34:43,Caris LeVert,31:20,Isaac Okoro,29:24,Moses Brown,27:46,Kevin Love,25:17,Lamar Stevens,21:51,Rajon Rondo,14:13,,
1,.250,4,66.667,2,,107,0,2,100.0,3,.500,2.0,100.0,2.0,6,2,1.000,2,33.333,Logos via Sports Logos.net / About logos,L,https://www.basketball-reference.com/boxscores/202204080BRK.html,Away,118,25:38,0,0.0,BRK,Kevin Durant,Cam Thomas,1:24,,,,,,,,,,,41:12,Bruce Brown,39:44,Kyrie Irving,39:28,Seth Curry,29:04,Kessler Edwards,24:08,Patty Mills,24:07,Andre Drummond,23:32,Nic Claxton,15:57,David Duke Jr.,1:24,118,2,9,4.0,44.4,3.0,33.3,2.0,22.2,Cedi Osman,11,0,2021-2022,0.0,0,2.0,CLE,107,Darius Garland,Ed Davis,1:24,Brandon Goodwin,1:24,Dylan Windler,1:24,,,,,,,40:45,Evan Mobley,33:57,Caris LeVert,33:36,Isaac Okoro,27:39,Lauri Markkanen,25:01,Kevin Love,20:57,Lamar Stevens,15:27,Rajon Rondo,9:29,Moses Brown,3:19
2,.500,4,40.000,2,2.00,115,0,4,100.0,6,.600,4.0,66.7,6.0,10,1,.500,2,20.000,Logos via Sports Logos.net / About logos,W,https://www.basketball-reference.com/boxscores/202204100CLE.html,Home,133,27:24,0,0.0,MIL,Jordan Nwora,,,,,,,,,,,,,44:10,Sandro Mamukelashvili,42:35,Thanasis Antetokounmpo,40:34,Lindell Wigginton,40:01,Rayjon Tucker,39:09,Jevon Carter,33:23,Jrue Holiday,0:08,,,,,115,4,15,8.0,53.3,6.0,40.0,1.0,6.7,Cedi Osman,18,1,2021-2022,1.0,1,4.0,CLE,133,Caris LeVert,Moses Brown,9:26,Brandon Goodwin,7:57,RJ Nembhard Jr.,3:10,,,,,,,28:59,Rajon Rondo,24:35,Darius Garland,23:10,Evan Mobley,22:39,Lauri Markkanen,20:39,Lamar Stevens,20:25,Dylan Windler,18:56,Isaac Okoro,17:56,Kevin Love,14:44
0,.000,2,50.000,1,,108,0,4,100.0,0,.000,0.0,0.0,2.0,4,2,1.000,2,50.000,Logos via Sports Logos.net / About logos,L,https://www.basketball-reference.com/boxscores/202204120BRK.html,Away,115,21:16,0,0.0,BRK,Kyrie Irving,,,,,,,,,,,,,41:44,Kevin Durant,41:39,Bruce Brown,40:24,Seth Curry,33:30,Nic Claxton,28:42,Andre Drummond,18:58,Patty Mills,17:27,Goran Dragić,10:00,Kessler Edwards,7:36,115,1,2,0.0,0.0,0.0,0.0,2.0,100.0,Cedi Osman,7,0,2021-2022,0.0,0,4.0,CLE,108,Caris LeVert,,,,,,,,,,,,,40:00,Darius Garland,39:17,Evan Mobley,35:01,Kevin Love,29:26,Lauri Markkanen,28:45,Rajon Rondo,26:19,Isaac Okoro,13:25,Lamar Stevens,6:31,,
3,.500,6,50.000,1,1.00,105,0,3,100.0,6,.500,3.0,50.0,6.0,12,2,1.000,2,16.667,Logos via Sports Logos.net / About logos,L,https://www.basketball-reference.com/boxscores/202210190TOR.html,Away,108,27:40,0,0.0,TOR,Fred VanVleet,Juancho Hernangómez,7:05,,,,,,,,,,,38:41,OG Anunoby,37:33,Gary Trent Jr.,36:59,Pascal Siakam,34:03,Scottie Barnes,32:20,Precious Achiuwa,17:56,Christian Koloko,15:22,Thaddeus Young,10:47,Dalano Banton,9:12,108,3,17,6.0,35.3,9.0,52.9,2.0,11.8,Cedi Osman,3,0,2022-2023,0.0,1,3.0,CLE,105,Evan Mobley,,,,,,,,,,,,,35:35,Caris LeVert,34:41,Donovan Mitchell,34:31,Jarrett Allen,33:52,Dean Wade,21:40,Kevin Love,20:53,Darius Garland,13:18,Isaac Okoro,11:45,Raul Neto,6:02
2,.667,3,37.500,4,4.00,128,0,2,100.0,5,.625,3.0,60.0,5.0,8,3,1.000,3,37.500,Logos via Sports Logos.net / About logos,W,https://www.basketball-reference.com/boxscores/202210220CHI.html,Away,96,25:44,0,0.0,CHI,DeMar DeRozan,Andre Drummond,13:06,Goran Dragić,11:25,Tony Bradley,4:07,Dalen Terry,4:07,Marko Simonovic,1:44,,,32:31,Nikola Vučević,30:47,Zach LaVine,28:20,Ayo Dosunmu,27:30,Coby White,23:36,Derrick Jones Jr.,16:56,Alex Caruso,16:36,Patrick Williams,15:31,Javonte Green,13:44,96,5,15,6.0,40.0,6.0,40.0,3.0,20.0,Cedi Osman,32,0,2022-2023,0.0,1,2.0,CLE,128,Donovan Mitchell,Isaiah Mobley,4:07,Lamar Stevens,4:07,,,,,,,,,34:31,Caris LeVert,33:27,Jarrett Allen,28:36,Isaac Okoro,26:56,Evan Mobley,24:46,Kevin Love,22:50,Robin Lopez,15:37,Raul Neto,15:12,Dean Wade,4:07
3,.600,5,50.000,3,,107,0,0,,6,.600,3.0,60.0,5.0,10,1,1.000,1,10.000,Logos via Sports Logos.net / About logos,W,https://www.basketball-reference.com/boxscores/202210230CLE.html,Home,117,31:40,0,,WAS,Bradley Beal,Anthony Gill,10:03,,,,,,,,,,,41:35,Kristaps Porziņģis,37:56,Kyle Kuzma,37:26,Will Barton,35:26,Monte Morris,26:30,Delon Wright,26:30,Rui Hachimura,20:19,Daniel Gafford,14:48,Deni Avdija,14:27,107,3,16,6.0,37.5,9.0,56.2,1.0,6.2,Cedi Osman,10,1,2022-2023,1.0,0,0.0,CLE,117,Donovan Mitchell,,,,,,,,,,,,,44:34,Jarrett Allen,37:31,Evan Mobley,36:35,Caris LeVert,35:54,Dean Wade,21:18,Isaac Okoro,20:19,Robin Lopez,14:41,Kevin Love,14:22,Raul Neto,8:06
1,.200,5,41.667,3,3.00,92,1,5,71.4,5,.417,4.0,57.1,7.0,12,3,.600,5,41.667,Logos via Sports Logos.net / About logos,W,https://www.basketball-reference.com/boxscores/202210260CLE.html,Home,103,31:13,2,28.6,ORL,Paolo Banchero,Chuma Okeke,5:28,,,,,,,,,,,36:59,Franz Wagner,34:42,Wendell Carter Jr.,32:48,Cole Anthony,32:03,Terrence Ross,31:54,Kevon Harris,22:14,Bol Bol,21:46,Caleb Houstan,15:05,Mo Bamba,7:01,92,2,14,8.0,57.1,3.0,21.4,3.0,21.4,Cedi Osman,11,0,2022-2023,1.0,1,7.0,CLE,103,Donovan Mitchell,,,,,,,,,,,,,37:12,Evan Mobley,34:26,Caris LeVert,33:26,Dean Wade,29:43,Jarrett Allen,29:39,Kevin Love,18:59,Raul Neto,13:53,Isaac Okoro,11:29,,
1,.200,5,83.333,1,1.00,132,0,1,50.0,1,.167,0.0,0.0,1.0,6,1,.500,2,33.333,Logos via Sports Logos.net / About logos,W,https://www.basketball-reference.com/boxscores/202210280BOS.html,Away,123,22:24,1,50.0,BOS,Jaylen Brown,Noah Vonleh,7:19,,,,,,,,,,,42:48,Jayson Tatum,42:11,Al Horford,41:25,Marcus Smart,37:50,Luke Kornet,25:34,Malcolm Brogdon,22:16,Derrick White,22:12,Sam Hauser,11:43,Blake Griffin,11:42,123,4,4,0.0,0.0,3.0,75.0,1.0,25.0,Cedi Osman,9,0,2022-2023,0.0,1,2.0,CLE,132,Donovan Mitchell,,,,,,,,,,,,,45:42,Caris LeVert,42:48,Evan Mobley,41:59,Jarrett Allen,39:39,Dean Wade,38:55,Kevin Love,20:53,Raul Neto,7:18,Isaac Okoro,5:22,,
1,.167,6,85.714,0,0.00,108,0,0,,1,.143,0.0,0.0,1.0,7,0,,0,0.000,Logos via Sports Logos.net / About logos,W,https://www.basketball-reference.com/boxscores/202210300CLE.html,Home,121,15:12,0,,NYK,Jalen Brunson,Derrick Rose,14:03,,,,,,,,,,,33:57,Julius Randle,32:48,RJ Barrett,32:31,Evan Fournier,28:02,Isaiah Hartenstein,27:14,Mitchell Robinson,20:46,Immanuel Quickley,19:07,Cam Reddish,16:20,Obi Toppin,15:12,108,2,3,0.0,0.0,3.0,100.0,0.0,0.0,Cedi Osman,13,0,2022-2023,0.0,1,0.0,CLE,121,Donovan Mitchell,Mamadi Diakite,0:18,Lamar Stevens,0:18,,,,,,,,,37:10,Evan Mobley,34:15,Dean Wade,33:29,Caris LeVert,29:16,Jarrett Allen,25:49,Kevin Love,22:29,Isaac Okoro,21:33,Raul Neto,10:50,Robin Lopez,9:21
0,.000,3,100.000,0,,113,0,4,100.0,0,.000,0.0,,0.0,3,0,,0,0.000,Logos via Sports Logos.net / About logos,W,https://www.basketball-reference.com/boxscores/202211020CLE.html,Home,114,12:37,0,0.0,BOS,Jaylen Brown,,,,,,,,,,,,,44:36,Jayson Tatum,42:52,Al Horford,39:59,Marcus Smart,36:47,Derrick White,32:10,Grant Williams,31:37,Malcolm Brogdon,24:25,Sam Hauser,10:02,Luke Kornet,2:30,113,1,0,0.0,,0.0,,0.0,,Cedi Osman,1,0,2022-2023,0.0,0,4.0,CLE,114,Caris LeVert,,,,,,,,,,,,,46:08,Donovan Mitchell,43:55,Darius Garland,42:21,Jarrett Allen,36:23,Evan Mobley,32:00,Dean Wade,24:18,Kevin Love,14:34,Isaac Okoro,7:52,Robin Lopez,4:48
4,.667,6,66.667,6,1.50,112,0,4,100.0,5,.556,1.0,33.3,3.0,9,1,1.000,1,11.111,Logos via Sports Logos.net / About logos,W,https://www.basketball-reference.com/boxscores/202211040DET.html,Away,88,25:17,0,0.0,DET,Jaden Ivey,Cory Joseph,6:05,Rodney McGruder,6:05,Hamidou Diallo,3:42,,,,,,,34:11,Saddiq Bey,32:18,Cade Cunningham,31:25,Bojan Bogdanović,26:42,Isaiah Stewart,23:40,Isaiah Livers,21:18,Nerlens Noel,18:43,Killian Hayes,18:14,Kevin Knox,17:37,88,1,15,2.0,13.3,12.0,80.0,1.0,6.7,Cedi Osman,24,0,2022-2023,0.0,4,4.0,CLE,112,Jarrett Allen,Robin Lopez,5:09,,,,,,,,,,,31:31,Caris LeVert,30:13,Evan Mobley,30:12,Raul Neto,24:23,Dean Wade,23:26,Kevin Love,23:26,Isaac Okoro,22:43,Lamar Stevens,18:31,Mamadi Diakite,5:09
1,.333,3,60.000,1,,114,0,1,100.0,3,.600,2.0,100.0,2.0,5,2,1.000,2,40.000,Logos via Sports Logos.net / About logos,W,https://www.basketball-reference.com/boxscores/202211060LAL.html,Away,100,19:15,0,0.0,LAL,LeBron James,Juan Toscano-Anderson,11:42,Max Christie,4:50,,,,,,,,,33:49,Anthony Davis,32:45,Russell Westbrook,31:49,Troy Brown Jr.,29:36,Austin Reaves,25:25,Lonnie Walker IV,19:25,Kendrick Nunn,18:22,Matt Ryan,17:02,Wenyen Gabriel,15:15,100,1,9,4.0,44.4,3.0,33.3,2.0,22.2,Cedi Osman,14,0,2022-2023,0.0,0,1.0,CLE,114,Darius Garland,,,,,,,,,,,,,38:57,Donovan Mitchell,37:08,Evan Mobley,30:27,Caris LeVert,29:34,Jarrett Allen,27:45,Dean Wade,24:50,Kevin Love,20:04,Robin Lopez,6:04,Isaac Okoro,5:56
0,,0,0.000,0,,117,0,0,,1,1.000,1.0,100.0,1.0,1,0,,0,0.000,Logos via Sports Logos.net / About logos,L,https://www.basketball-reference.com/boxscores/202211070LAC.html,Away,119,3:24,0,,LAC,Paul George,,,,,,,,,,,,,39:41,Marcus Morris,37:54,Reggie Jackson,36:14,Ivica Zubac,33:02,Terance Mann,30:21,Norman Powell,27:33,Nicolas Batum,15:14,Luke Kennard,12:39,Robert Covington,7:20,119,0,2,2.0,100.0,0.0,0.0,0.0,0.0,Cedi Osman,2,0,2022-2023,0.0,0,0.0,CLE,117,Donovan Mitchell,,,,,,,,,,,,,38:36,Darius Garland,37:47,Caris LeVert,36:24,Evan Mobley,33:41,Jarrett Allen,32:52,Kevin Love,25:05,Isaac Okoro,17:33,Dean Wade,14:34,,
1,1.000,1,25.000,2,2.00,120,0,3,100.0,3,.750,2.0,66.7,3.0,4,0,,0,0.000,Logos via Sports Logos.net / About logos,L,https://www.basketball-reference.com/boxscores/202211090SAC.html,Away,127,15:14,0,0.0,SAC,Harrison Barnes,,,,,,,,,,,,,35:18,Domantas Sabonis,35:09,Keegan Murray,32:56,Kevin Huerter,29:50,De'Aaron Fox,28:31,Malik Monk,27:22,Davion Mitchell,19:42,Trey Lyles,18:34,Chimezie Metu,12:38,127,1,7,4.0,57.1,3.0,42.9,0.0,0.0,Cedi Osman,7,0,2022-2023,0.0,1,3.0,CLE,120,Donovan Mitchell,,,,,,,,,,,,,38:59,Caris LeVert,38:21,Evan Mobley,35:45,Darius Garland,33:34,Jarrett Allen,32:50,Kevin Love,21:09,Dean Wade,14:24,Isaac Okoro,6:23,Robin Lopez,3:21
0,.000,2,50.000,1,,101,0,1,100.0,0,.000,0.0,0.0,2.0,4,0,.000,2,50.000,Logos via Sports Logos.net / About logos,L,https://www.basketball-reference.com/boxscores/202211110GSW.html,Away,106,20:39,0,0.0,GSW,Andrew Wiggins,,,,,,,,,,,,,36:38,Stephen Curry,34:00,Jordan Poole,33:30,Draymond Green,32:24,Kevon Looney,30:25,Klay Thompson,29:27,Anthony Lamb,23:40,Donte DiVincenzo,15:36,Jonathan Kuminga,4:19,106,1,0,0.0,,0.0,,0.0,,Cedi Osman,5,0,2022-2023,0.0,0,1.0,CLE,101,Evan Mobley,,,,,,,,,,,,,38:45,Donovan Mitchell,37:16,Darius Garland,36:00,Caris LeVert,33:40,Jarrett Allen,33:11,Kevin Love,22:01,Isaac Okoro,18:26,,,,
2,.500,4,40.000,2,2.00,129,0,4,100.0,4,.400,2.0,33.3,6.0,10,4,.667,6,60.000,Logos via Sports Logos.net / About logos,L,https://www.basketball-reference.com/boxscores/202211130CLE.html,Home,124,27:41,0,0.0,MIN,Karl-Anthony Towns,Austin Rivers,0:26,,,,,,,,,,,36:36,D'Angelo Russell,35:09,Rudy Gobert,33:18,Anthony Edwards,31:07,Jaden McDaniels,30:56,Taurean Prince,21:46,Kyle Anderson,21:28,Jaylen Nowell,14:40,Jordan McLaughlin,14:31,129,4,14,4.0,28.6,6.0,42.9,4.0,28.6,Cedi Osman,5,0,2022-2023,0.0,1,4.0,CLE,124,Darius Garland,,,,,,,,,,,,,40:01,Evan Mobley,32:12,Lamar Stevens,30:18,Kevin Love,29:08,Isaac Okoro,28:50,Caris LeVert,27:35,Robin Lopez,16:14,Raul Neto,5:24,Mamadi Diakite,2:33
0,,0,0.000,2,2.00,98,0,2,100.0,2,1.000,2.0,100.0,2.0,2,0,,0,0.000,Logos via Sports Logos.net / About logos,L,https://www.basketball-reference.com/boxscores/202211160MIL.html,Away,113,13:12,0,0.0,MIL,Jevon Carter,Sandro Mamukelashvili,7:34,Thanasis Antetokounmpo,1:55,,,,,,,,,31:51,Giannis Antetokounmpo,31:32,Brook Lopez,30:20,Bobby Portis,29:43,Jordan Nwora,28:40,MarJon Beauchamp,26:38,George Hill,18:59,Serge Ibaka,17:33,A.J. Green,15:15,113,1,4,4.0,100.0,0.0,0.0,0.0,0.0,Cedi Osman,15,0,2022-2023,0.0,1,2.0,CLE,98,Darius Garland,Isaiah Mobley,4:57,Raul Neto,4:57,,,,,,,,,34:47,Donovan Mitchell,34:26,Lamar Stevens,33:45,Evan Mobley,31:09,Isaac Okoro,24:50,Kevin Love,19:43,Caris LeVert,19:36,Robin Lopez,13:41,Mamadi Diakite,4:57
0,,0,,1,,122,0,1,100.0,0,,0.0,,0.0,0,0,,0,,Logos via Sports Logos.net / About logos,W,https://www.basketball-reference.com/boxscores/202211180CLE.html,Home,132,7:24,0,0.0,CHO,Terry Rozier,Kai Jones,7:03,,,,,,,,,,,48:46,P.J. Washington,46:11,Gordon Hayward,42:21,Kelly Oubre Jr.,38:45,Nick Richards,29:36,Mason Plumlee,28:11,Jalen McDaniels,23:28,Théo Maledon,13:29,James Bouknight,12:08,122,1,0,0.0,,0.0,,0.0,,Cedi Osman,10,0,2022-2023,0.0,0,1.0,CLE,132,Darius Garland,,,,,,,,,,,,,48:13,Jarrett Allen,45:36,Evan Mobley,45:26,Donovan Mitchell,43:34,Caris LeVert,30:19,Lamar Stevens,28:59,Kevin Love,24:03,Isaac Okoro,16:23,,
4,.364,11,64.706,3,3.00,87,1,8,66.7,8,.471,4.0,66.7,6.0,17,0,,0,0.000,Logos via Sports Logos.net / About logos,W,https://www.basketball-reference.com/boxscores/202211200CLE.html,Home,113,37:00,4,33.3,MIA,Caleb Martin,Orlando Robinson,7:53,,,,,,,,,,,34:15,Max Strus,32:58,Nikola Jović,32:13,Kyle Lowry,31:07,Haywood Highsmith,28:38,Bam Adebayo,26:58,Duncan Robinson,20:55,Dewayne Dedmon,13:08,Jamal Cain,11:54,87,3,20,8.0,40.0,12.0,60.0,0.0,0.0,Cedi Osman,26,1,2022-2023,2.0,1,12.0,CLE,113,Evan Mobley,Mamadi Diakite,5:31,Isaiah Mobley,4:28,,,,,,,,,30:00,Isaac Okoro,29:08,Darius Garland,27:53,Jarrett Allen,27:09,Donovan Mitchell,26:47,Lamar Stevens,22:00,Caris LeVert,14:17,Raul Neto,7:53,Robin Lopez,7:53
3,.750,4,40.000,0,0.00,102,0,3,100.0,8,.800,5.0,83.3,6.0,10,4,.800,5,50.000,Logos via Sports Logos.net / About logos,W,https://www.basketball-reference.com/boxscores/202211210CLE.html,Home,114,28:56,0,0.0,ATL,Dejounte Murray,Frank Kaminsky,1:08,Vit Krejci,1:08,,,,,,,,,37:19,AJ Griffin,35:55,Trae Young,35:27,John Collins,33:55,Clint Capela,27:08,Onyeka Okongwu,19:44,Aaron Holiday,18:40,Justin Holiday,15:31,Jalen Johnson,14:05,102,4,23,10.0,43.5,9.0,39.1,4.0,17.4,Cedi Osman,12,0,2022-2023,0.0,1,3.0,CLE,114,Donovan Mitchell,,,,,,,,,,,,,38:39,Darius Garland,38:06,Evan Mobley,35:33,Jarrett Allen,33:10,Lamar Stevens,28:31,Isaac Okoro,15:06,Kevin Love,11:43,Robin Lopez,10:15,,
1,.200,5,83.333,3,3.00,96,0,4,100.0,1,.167,0.0,0.0,1.0,6,0,,0,0.000,Logos via Sports Logos.net / About logos,W,https://www.basketball-reference.com/boxscores/202211230CLE.html,Home,114,27:07,0,0.0,POR,Anfernee Simons,John Butler,2:42,Jabari Walker,2:42,,,,,,,,,38:04,Jerami Grant,36:09,Josh Hart,32:34,Jusuf Nurkić,28:15,Justise Winslow,28:02,Nassir Little,22:26,Drew Eubanks,17:03,Trendon Watford,17:00,Shaedon Sharpe,15:03,96,2,3,0.0,0.0,3.0,100.0,0.0,0.0,Cedi Osman,18,0,2022-2023,0.0,1,4.0,CLE,114,Jarrett Allen,Raul Neto,1:34,,,,,,,,,,,36:04,Darius Garland,35:35,Evan Mobley,35:06,Donovan Mitchell,31:23,Lamar Stevens,27:38,Isaac Okoro,20:43,Dean Wade,18:05,Robin Lopez,5:11,Isaiah Mobley,1:34
2,.400,5,62.500,2,2.00,102,0,4,100.0,3,.375,1.0,33.3,3.0,8,0,,0,0.000,Logos via Sports Logos.net / About logos,L,https://www.basketball-reference.com/boxscores/202211250MIL.html,Away,117,32:08,0,0.0,MIL,Giannis Antetokounmpo,Sandro Mamukelashvili,9:26,MarJon Beauchamp,3:03,Thanasis Antetokounmpo,3:03,A.J. Green,3:03,,,,,30:58,Grayson Allen,28:15,Brook Lopez,27:32,Bobby Portis,25:26,Jevon Carter,24:32,Jordan Nwora,24:22,Jrue Holiday,23:02,George Hill,20:02,Wesley Matthews,17:16,117,1,8,2.0,25.0,6.0,75.0,0.0,0.0,Cedi Osman,15,3,2022-2023,3.0,1,4.0,CLE,102,Darius Garland,Raul Neto,3:03,,,,,,,,,,,38:06,Dean Wade,36:17,Donovan Mitchell,32:21,Isaac Okoro,31:42,Evan Mobley,29:05,Robin Lopez,19:08,Jarrett Allen,12:04,Mamadi Diakite,3:03,Isaiah Mobley,3:03
1,.250,4,50.000,0,0.00,102,1,3,100.0,4,.500,3.0,75.0,4.0,8,1,1.000,1,12.500,Logos via Sports Logos.net / About logos,W,https://www.basketball-reference.com/boxscores/202211270DET.html,Away,94,26:41,0,0.0,DET,Saddiq Bey,Cory Joseph,16:48,,,,,,,,,,,34:58,Killian Hayes,32:38,Marvin Bagley III,27:44,Isaiah Livers,27:15,Alec Burks,25:15,Jalen Duren,20:16,Hamidou Diallo,19:23,Rodney McGruder,18:21,Kevin Knox,17:22,94,2,10,6.0,60.0,3.0,30.0,1.0,10.0,Cedi Osman,8,0,2022-2023,1.0,3,3.0,CLE,102,Darius Garland,,,,,,,,,,,,,40:12,Evan Mobley,39:38,Donovan Mitchell,38:39,Dean Wade,34:30,Isaac Okoro,29:58,Mamadi Diakite,13:35,Raul Neto,12:56,Robin Lopez,3:48,Isaiah Mobley,0:03
1,.125,8,66.667,0,0.00,88,0,2,100.0,4,.333,3.0,75.0,4.0,12,0,,0,0.000,Logos via Sports Logos.net / About logos,L,https://www.basketball-reference.com/boxscores/202211280TOR.html,Away,100,28:06,0,0.0,TOR,OG Anunoby,Khem Birch,4:29,Dalano Banton,4:28,Jeff Dowtin,1:52,Malachi Flynn,1:52,,,,,36:44,Fred VanVleet,32:29,Pascal Siakam,30:11,Scottie Barnes,26:31,Thaddeus Young,26:13,Gary Trent Jr.,25:52,Chris Boucher,21:45,Juancho Hernangómez,20:25,Christian Koloko,7:09,100,2,9,6.0,66.7,3.0,33.3,0.0,0.0,Cedi Osman,12,1,2022-2023,1.0,2,2.0,CLE,88,Darius Garland,,,,,,,,,,,,,33:07,Evan Mobley,32:30,Isaac Okoro,32:10,Caris LeVert,29:19,Dean Wade,28:22,Donovan Mitchell,25:28,Robin Lopez,17:48,Raul Neto,6:35,Isaiah Mobley,6:35
1,.200,5,71.429,0,0.00,85,0,5,100.0,3,.429,2.0,100.0,2.0,7,2,.667,3,42.857,Logos via Sports Logos.net / About logos,W,https://www.basketball-reference.com/boxscores/202211300CLE.html,Home,113,28:49,0,0.0,PHI,Shake Milton,Furkan Korkmaz,13:03,Montrezl Harrell,8:19,Saben Lee,6:18,,,,,,,32:13,Joel Embiid,28:31,De'Anthony Melton,27:37,Georges Niang,24:19,Tobias Harris,23:19,Danuel House Jr.,23:11,P.J. Tucker,20:29,Matisse Thybulle,18:16,Paul Reed,14:25,85,1,9,4.0,44.4,3.0,33.3,2.0,22.2,Cedi Osman,28,0,2022-2023,0.0,2,5.0,CLE,113,Caris LeVert,,,,,,,,,,,,,33:16,Darius Garland,32:02,Dean Wade,30:52,Donovan Mitchell,25:56,Evan Mobley,23:47,Mamadi Diakite,22:35,Isaac Okoro,22:17,Robin Lopez,14:08,Raul Neto,6:18
1,.250,4,80.000,2,,96,0,2,100.0,2,.400,1.0,100.0,1.0,5,0,,0,0.000,Logos via Sports Logos.net / About logos,W,https://www.basketball-reference.com/boxscores/202212020CLE.html,Home,107,20:26,0,0.0,ORL,Franz Wagner,,,,,,,,,,,,,38:19,Paolo Banchero,37:28,Moritz Wagner,35:36,Markelle Fultz,29:36,Cole Anthony,28:44,Bol Bol,23:13,Terrence Ross,21:15,Caleb Houstan,19:08,Kevon Harris,6:41,96,1,5,2.0,40.0,3.0,60.0,0.0,0.0,Cedi Osman,11,0,2022-2023,0.0,0,2.0,CLE,107,Evan Mobley,Robin Lopez,3:06,,,,,,,,,,,38:21,Donovan Mitchell,36:53,Darius Garland,36:44,Caris LeVert,24:05,Kevin Love,22:34,Isaac Okoro,20:35,Lamar Stevens,15:07,Mamadi Diakite,11:48,Dean Wade,10:21
1,.333,3,37.500,4,4.00,81,0,4,100.0,4,.500,3.0,60.0,5.0,8,1,.500,2,25.000,Logos via Sports Logos.net / About logos,L,https://www.basketball-reference.com/boxscores/202212040NYK.html,Away,92,29:36,0,0.0,NYK,Quentin Grimes,,,,,,,,,,,,,40:28,Julius Randle,35:08,Mitchell Robinson,33:33,Jalen Brunson,32:16,RJ Barrett,31:21,Immanuel Quickley,24:11,Miles McBride,15:44,Isaiah Hartenstein,14:20,Obi Toppin,12:58,92,0,10,6.0,60.0,3.0,30.0,1.0,10.0,Cedi Osman,11,3,2022-2023,3.0,1,4.0,CLE,81,Donovan Mitchell,,,,,,,,,,,,,39:41,Evan Mobley,39:00,Darius Garland,38:53,Lamar Stevens,26:59,Kevin Love,22:25,Caris LeVert,16:14,Isaac Okoro,13:07,Mamadi Diakite,11:26,Robin Lopez,2:38
0,.000,3,30.000,1,,102,0,0,,3,.300,3.0,42.9,7.0,10,0,,0,0.000,Logos via Sports Logos.net / About logos,W,https://www.basketball-reference.com/boxscores/202212060CLE.html,Home,116,22:51,0,,LAL,LeBron James,Anthony Davis,8:07,Kendrick Nunn,6:41,Juan Toscano-Anderson,3:21,,,,,,,35:37,Thomas Bryant,28:10,Dennis Schröder,26:47,Russell Westbrook,26:03,Austin Reaves,25:58,Lonnie Walker IV,24:35,Patrick Beverley,21:28,Troy Brown Jr.,21:21,Damian Jones,11:52,102,0,6,6.0,100.0,0.0,0.0,0.0,0.0,Cedi Osman,14,0,2022-2023,0.0,0,0.0,CLE,116,Donovan Mitchell,Mamadi Diakite,1:43,,,,,,,,,,,39:32,Jarrett Allen,38:25,Darius Garland,37:52,Evan Mobley,29:46,Lamar Stevens,26:23,Caris LeVert,23:11,Isaac Okoro,9:47,Kevin Love,8:47,Raul Neto,1:43
3,.375,8,57.143,1,1.00,106,1,4,100.0,7,.500,4.0,66.7,6.0,14,0,.000,2,14.286,Logos via Sports Logos.net / About logos,L,https://www.basketball-reference.com/boxscores/202212090CLE.html,Home,95,35:02,0,0.0,SAC,Domantas Sabonis,KZ Okpala,3:55,,,,,,,,,,,37:29,Harrison Barnes,36:26,Kevin Huerter,33:49,Davion Mitchell,32:37,Keegan Murray,30:29,Malik Monk,21:47,Trey Lyles,17:05,Matthew Dellavedova,15:50,Chimezie Metu,10:31,106,4,17,8.0,47.1,9.0,52.9,0.0,0.0,Cedi Osman,11,3,2022-2023,4.0,1,4.0,CLE,95,Evan Mobley,,,,,,,,,,,,,40:36,Caris LeVert,36:37,Darius Garland,34:59,Jarrett Allen,32:03,Lamar Stevens,25:40,Isaac Okoro,17:32,Raul Neto,17:29,,,,
0,.000,4,40.000,1,1.00,102,0,4,80.0,3,.300,3.0,50.0,6.0,10,2,1.000,2,20.000,Logos via Sports Logos.net / About logos,W,https://www.basketball-reference.com/boxscores/202212100CLE.html,Home,110,25:33,1,20.0,OKC,Josh Giddey,Mike Muscala,7:45,Aaron Wiggins,7:18,,,,,,,,,38:21,Aleksej Pokusevski,34:29,Shai Gilgeous-Alexander,31:24,Jalen Williams,29:15,Darius Bazley,25:35,Luguentz Dort,21:35,Isaiah Joe,19:25,Jeremiah Robinson-Earl,16:34,Tre Mann,8:19,102,1,8,6.0,75.0,0.0,0.0,2.0,25.0,Cedi Osman,8,0,2022-2023,0.0,1,5.0,CLE,110,Caris LeVert,,,,,,,,,,,,,38:00,Evan Mobley,36:50,Jarrett Allen,36:44,Darius Garland,33:59,Lamar Stevens,31:04,Isaac Okoro,18:57,Raul Neto,13:42,Robin Lopez,5:11,,
0,.000,1,50.000,1,,111,0,1,100.0,1,.500,1.0,100.0,1.0,2,0,,0,0.000,Logos via Sports Logos.net / About logos,L,https://www.basketball-reference.com/boxscores/202212120SAS.html,Away,112,7:07,0,0.0,SAS,Keldon Johnson,Isaiah Roby,14:30,,,,,,,,,,,33:35,Tre Jones,28:37,Zach Collins,27:49,Devin Vassell,27:34,Josh Richardson,27:00,Romeo Langford,24:51,Charles Bassey,20:11,Jeremy Sochan,18:17,Doug McDermott,17:36,112,1,2,2.0,100.0,0.0,0.0,0.0,0.0,Cedi Osman,1,0,2022-2023,0.0,0,1.0,CLE,111,Darius Garland,,,,,,,,,,,,,39:12,Evan Mobley,37:47,Donovan Mitchell,36:34,Jarrett Allen,36:08,Caris LeVert,29:15,Lamar Stevens,24:32,Isaac Okoro,15:44,Kevin Love,13:41,,
1,.333,3,42.857,2,,112,0,1,100.0,4,.571,3.0,75.0,4.0,7,5,1.000,5,71.429,Logos via Sports Logos.net / About logos,W,https://www.basketball-reference.com/boxscores/202212160CLE.html,Home,118,20:30,0,0.0,IND,Tyrese Haliburton,Jalen Smith,13:43,,,,,,,,,,,34:33,Myles Turner,30:04,Aaron Nesmith,29:22,Bennedict Mathurin,29:15,Andrew Nembhard,28:55,Buddy Hield,27:31,Isaiah Jackson,17:56,T.J. McConnell,14:52,Oshae Brissett,13:49,112,2,14,6.0,42.9,3.0,21.4,5.0,35.7,Cedi Osman,6,1,2022-2023,1.0,0,1.0,CLE,118,Jarrett Allen,,,,,,,,,,,,,38:48,Donovan Mitchell,37:23,Darius Garland,35:30,Evan Mobley,31:06,Caris LeVert,26:06,Lamar Stevens,21:54,Kevin Love,19:12,Isaac Okoro,9:31,,
1,.333,3,37.500,0,,99,0,1,50.0,3,.375,2.0,40.0,5.0,8,0,,0,0.000,Logos via Sports Logos.net / About logos,W,https://www.basketball-reference.com/boxscores/202212170CLE.html,Home,100,16:55,1,50.0,DAL,Reggie Bullock,,,,,,,,,,,,,45:42,Tim Hardaway Jr.,43:59,Christian Wood,43:29,Kemba Walker,41:58,Dorian Finney-Smith,39:59,Frank Ntilikina,21:40,Jaden Hardy,12:45,Theo Pinson,8:49,JaVale McGee,6:38,99,2,7,4.0,57.1,3.0,42.9,0.0,0.0,Cedi Osman,1,0,2022-2023,0.0,0,2.0,CLE,100,Darius Garland,,,,,,,,,,,,,43:50,Donovan Mitchell,42:14,Jarrett Allen,39:30,Caris LeVert,37:58,Evan Mobley,36:22,Isaac Okoro,26:19,Kevin Love,15:14,Raul Neto,6:35,,
5,.833,6,60.000,1,0.50,99,0,2,100.0,8,.800,3.0,75.0,4.0,10,1,.500,2,20.000,Logos via Sports Logos.net / About logos,W,https://www.basketball-reference.com/boxscores/202212190CLE.html,Home,122,24:15,0,0.0,UTA,Jordan Clarkson,Simone Fontecchio,10:19,Udoka Azubuike,6:15,Leandro Bolmaro,6:15,Ochai Agbaji,6:15,,,,,32:10,Lauri Markkanen,31:54,Mike Conley,28:23,Walker Kessler,25:29,Jarred Vanderbilt,23:51,Malik Beasley,23:02,Nickeil Alexander-Walker,19:07,Talen Horton-Tucker,14:31,Rudy Gay,12:29,99,0,22,6.0,27.3,15.0,68.2,1.0,4.5,Cedi Osman,23,1,2022-2023,1.0,2,2.0,CLE,122,Caris LeVert,,,,,,,,,,,,,31:13,Evan Mobley,30:39,Darius Garland,30:06,Jarrett Allen,30:05,Isaac Okoro,30:03,Kevin Love,24:05,Donovan Mitchell,22:38,Raul Neto,12:00,Robin Lopez,4:56
0,.000,2,40.000,1,,106,0,0,,3,.600,3.0,100.0,3.0,5,0,.000,2,40.000,Logos via Sports Logos.net / About logos,W,https://www.basketball-reference.com/boxscores/202212210CLE.html,Home,114,16:59,0,,MIL,Giannis Antetokounmpo,Wesley Matthews,3:36,,,,,,,,,,,39:36,Jrue Holiday,37:02,Grayson Allen,34:01,Brook Lopez,27:42,Jevon Carter,22:28,MarJon Beauchamp,20:12,Pat Connaughton,19:54,Bobby Portis,19:00,Joe Ingles,16:29,106,0,6,6.0,100.0,0.0,0.0,0.0,0.0,Cedi Osman,8,1,2022-2023,1.0,0,0.0,CLE,114,Jarrett Allen,,,,,,,,,,,,,39:46,Darius Garland,36:52,Donovan Mitchell,36:44,Caris LeVert,32:17,Kevin Love,29:09,Isaac Okoro,25:12,Evan Mobley,23:01,,,,
0,.000,3,33.333,2,,118,0,0,0.0,5,.556,5.0,83.3,6.0,9,3,.600,5,55.556,Logos via Sports Logos.net / About logos,L,https://www.basketball-reference.com/boxscores/202212230CLE.html,Home,107,21:04,1,100.0,TOR,Pascal Siakam,,,,,,,,,,,,,41:33,Scottie Barnes,40:15,Fred VanVleet,38:41,OG Anunoby,37:46,Juancho Hernangómez,23:38,Malachi Flynn,22:48,Gary Trent Jr.,19:33,Thaddeus Young,15:46,,,118,0,13,10.0,76.9,0.0,0.0,3.0,23.1,Cedi Osman,11,1,2022-2023,1.0,0,1.0,CLE,107,Donovan Mitchell,Raul Neto,9:25,,,,,,,,,,,34:39,Evan Mobley,32:17,Darius Garland,30:32,Jarrett Allen,30:32,Isaac Okoro,19:45,Kevin Love,19:24,Caris LeVert,18:02,Lamar Stevens,14:55,Robin Lopez,9:25
1,.167,6,60.000,2,,125,0,0,,5,.500,4.0,100.0,4.0,10,0,,0,0.000,Logos via Sports Logos.net / About logos,L,https://www.basketball-reference.com/boxscores/202212260CLE.html,Home,117,29:51,0,,BRK,Kyrie Irving,,,,,,,,,,,,,39:30,Kevin Durant,36:27,Royce O'Neale,36:13,Ben Simmons,34:22,Nic Claxton,30:06,T.J. Warren,27:16,Yuta Watanabe,19:36,Edmond Sumner,10:45,Patty Mills,5:45,125,5,11,8.0,72.7,3.0,27.3,0.0,0.0,Cedi Osman,8,1,2022-2023,1.0,0,0.0,CLE,117,Darius Garland,,,,,,,,,,,,,39:42,Evan Mobley,38:59,Donovan Mitchell,34:17,Jarrett Allen,31:59,Lamar Stevens,22:41,Caris LeVert,19:40,Kevin Love,13:19,Isaac Okoro,9:32,,
3,.600,5,71.429,2,1.00,103,0,3,75.0,4,.571,1.0,50.0,2.0,7,1,.500,2,28.571,Logos via Sports Logos.net / About logos,W,https://www.basketball-reference.com/boxscores/202212310CHI.html,Away,102,24:31,1,25.0,CHI,DeMar DeRozan,,,,,,,,,,,,,38:08,Zach LaVine,36:12,Nikola Vučević,34:30,Ayo Dosunmu,34:08,Alex Caruso,25:10,Coby White,21:17,Patrick Williams,21:03,Javonte Green,16:25,Andre Drummond,13:05,102,4,12,2.0,16.7,9.0,75.0,1.0,8.3,Cedi Osman,1,0,2022-2023,0.0,2,4.0,CLE,103,Caris LeVert,,,,,,,,,,,,,37:16,Donovan Mitchell,36:49,Jarrett Allen,34:52,Kevin Love,33:30,Isaac Okoro,22:56,Lamar Stevens,19:45,Raul Neto,14:42,Robin Lopez,12:43,Mamadi Diakite,2:53
4,.364,11,84.615,4,4.00,134,0,3,100.0,6,.462,2.0,100.0,2.0,13,3,.750,4,30.769,Logos via Sports Logos.net / About logos,W,https://www.basketball-reference.com/boxscores/202301020CLE.html,Home,145,36:14,0,0.0,CHI,DeMar DeRozan,Andre Drummond,6:48,,,,,,,,,,,45:55,Nikola Vučević,43:31,Zach LaVine,40:22,Ayo Dosunmu,32:45,Patrick Williams,30:07,Alex Caruso,22:20,Derrick Jones Jr.,21:53,Goran Dragić,10:56,Coby White,10:21,134,3,19,4.0,21.1,12.0,63.2,3.0,15.8,Cedi Osman,11,0,2022-2023,0.0,1,3.0,CLE,145,Donovan Mitchell,,,,,,,,,,,,,49:48,Caris LeVert,39:08,Jarrett Allen,38:35,Kevin Love,37:47,Isaac Okoro,19:34,Lamar Stevens,19:09,Raul Neto,17:27,Robin Lopez,7:15,,
2,.333,6,50.000,1,1.00,88,0,2,66.7,4,.333,2.0,33.3,6.0,12,2,.500,4,33.333,Logos via Sports Logos.net / About logos,W,https://www.basketball-reference.com/boxscores/202301040CLE.html,Home,90,33:14,1,33.3,PHO,Chris Paul,Cameron Payne,8:35,Duane Washington Jr.,2:18,,,,,,,,,40:08,Deandre Ayton,36:40,Landry Shamet,36:15,Mikal Bridges,36:03,Torrey Craig,23:55,Dario Šarić,18:34,Damion Lee,16:25,Ish Wainright,11:37,Bismack Biyombo,9:28,88,0,12,4.0,33.3,6.0,50.0,2.0,16.7,Cedi Osman,2,1,2022-2023,1.0,1,3.0,CLE,90,Caris LeVert,,,,,,,,,,,,,37:51,Donovan Mitchell,36:15,Jarrett Allen,32:38,Evan Mobley,31:46,Kevin Love,22:09,Raul Neto,21:03,Isaac Okoro,19:16,Lamar Stevens,5:48,,
3,.500,6,60.000,2,,108,0,1,100.0,6,.600,3.0,75.0,4.0,10,0,,0,0.000,Logos via Sports Logos.net / About logos,L,https://www.basketball-reference.com/boxscores/202301060DEN.html,Away,121,28:05,0,0.0,DEN,Nikola Jokić,DeAndre Jordan,5:56,Christian Braun,1:18,Davon Reed,1:18,Ish Smith,1:18,,,,,35:23,Michael Porter Jr.,32:54,Jamal Murray,32:23,Aaron Gordon,29:57,Kentavious Caldwell-Pope,29:54,Bruce Brown,28:00,Vlatko Čančar,18:03,Bones Hyland,16:55,Zeke Nnaji,6:41,121,2,15,6.0,40.0,9.0,60.0,0.0,0.0,Cedi Osman,13,2,2022-2023,2.0,0,1.0,CLE,108,Jarrett Allen,,,,,,,,,,,,,35:35,Evan Mobley,34:02,Darius Garland,33:03,Caris LeVert,32:55,Kevin Love,23:48,Raul Neto,20:20,Isaac Okoro,17:24,Lamar Stevens,13:30,Robin Lopez,1:18
1,.500,2,100.000,0,0.00,112,0,0,,1,.500,0.0,,0.0,2,0,.000,2,100.000,Logos via Sports Logos.net / About logos,W,https://www.basketball-reference.com/boxscores/202301080PHO.html,Away,98,13:44,0,,PHO,Mikal Bridges,Josh Okogie,9:20,,,,,,,,,,,38:01,Landry Shamet,33:06,Deandre Ayton,29:52,Dario Šarić,26:05,Damion Lee,25:45,Duane Washington Jr.,25:04,Torrey Craig,23:39,Jock Landale,18:08,Ish Wainright,11:00,98,4,3,0.0,0.0,3.0,100.0,0.0,0.0,Cedi Osman,14,0,2022-2023,0.0,1,0.0,CLE,112,Darius Garland,Mamadi Diakite,2:39,,,,,,,,,,,34:33,Evan Mobley,34:26,Donovan Mitchell,29:46,Jarrett Allen,28:49,Caris LeVert,28:22,Isaac Okoro,23:13,Kevin Love,17:55,Lamar Stevens,15:26,Raul Neto,11:07
0,.000,2,66.667,1,1.00,114,0,0,,0,.000,0.0,0.0,1.0,3,0,,0,0.000,Logos via Sports Logos.net / About logos,L,https://www.basketball-reference.com/boxscores/202301100UTA.html,Away,116,11:21,0,,UTA,Lauri Markkanen,Simone Fontecchio,5:08,,,,,,,,,,,39:19,Jordan Clarkson,34:20,Malik Beasley,33:37,Mike Conley,32:51,Walker Kessler,30:23,Nickeil Alexander-Walker,22:28,Ochai Agbaji,17:57,Jarred Vanderbilt,17:06,Rudy Gay,6:51,116,0,0,0.0,,0.0,,0.0,,Cedi Osman,2,0,2022-2023,0.0,1,0.0,CLE,114,Darius Garland,,,,,,,,,,,,,38:23,Evan Mobley,37:03,Caris LeVert,36:50,Donovan Mitchell,36:12,Lamar Stevens,24:56,Kevin Love,18:21,Isaac Okoro,17:37,Raul Neto,12:32,Jarrett Allen,6:45
0,,0,0.000,0,0.00,119,0,1,100.0,1,.500,1.0,50.0,2.0,2,0,,0,0.000,Logos via Sports Logos.net / About logos,W,https://www.basketball-reference.com/boxscores/202301120POR.html,Away,113,8:29,0,0.0,POR,Damian Lillard,,,,,,,,,,,,,40:12,Jerami Grant,35:55,Josh Hart,34:17,Anfernee Simons,32:22,Jusuf Nurkić,32:12,Shaedon Sharpe,20:50,Gary Payton II,20:35,Drew Eubanks,15:48,Jabari Walker,7:49,113,0,2,2.0,100.0,0.0,0.0,0.0,0.0,Cedi Osman,6,0,2022-2023,0.0,1,1.0,CLE,119,Jarrett Allen,,,,,,,,,,,,,38:45,Donovan Mitchell,35:38,Darius Garland,33:11,Caris LeVert,30:31,Isaac Okoro,29:26,Evan Mobley,24:57,Kevin Love,15:02,Lamar Stevens,13:34,Ricky Rubio,10:27
0,.000,2,50.000,1,1.00,102,0,0,,2,.500,2.0,100.0,2.0,4,2,1.000,2,50.000,Logos via Sports Logos.net / About logos,L,https://www.basketball-reference.com/boxscores/202301140MIN.html,Away,110,15:32,0,,MIN,Anthony Edwards,Luka Garza,9:41,,,,,,,,,,,35:22,Naz Reid,28:09,Kyle Anderson,28:06,Jaden McDaniels,27:31,Jaylen Nowell,26:27,Taurean Prince,25:43,Austin Rivers,25:03,D'Angelo Russell,20:33,Rudy Gobert,13:25,110,3,6,4.0,66.7,0.0,0.0,2.0,33.3,Cedi Osman,8,1,2022-2023,1.0,1,0.0,CLE,102,Donovan Mitchell,,,,,,,,,,,,,36:46,Darius Garland,34:38,Jarrett Allen,34:10,Evan Mobley,31:30,Caris LeVert,31:13,Kevin Love,20:04,Isaac Okoro,15:24,Ricky Rubio,12:46,Lamar Stevens,7:57
0,,0,0.000,0,,103,0,0,,0,.000,0.0,0.0,1.0,1,1,.500,2,200.000,Logos via Sports Logos.net / About logos,W,https://www.basketball-reference.com/boxscores/202301160CLE.html,Home,113,5:01,0,,NOP,Naji Marshall,,,,,,,,,,,,,35:49,CJ McCollum,35:30,Jonas Valančiūnas,34:59,Jose Alvarado,33:37,Trey Murphy III,33:27,Dyson Daniels,28:34,Larry Nance Jr.,14:37,Devonte' Graham,14:03,Jaxson Hayes,9:24,103,1,1,0.0,0.0,0.0,0.0,1.0,100.0,Cedi Osman,10,0,2022-2023,0.0,0,0.0,CLE,113,Darius Garland,,,,,,,,,,,,,40:26,Evan Mobley,39:43,Jarrett Allen,37:04,Isaac Okoro,28:40,Donovan Mitchell,21:49,Lamar Stevens,19:37,Ricky Rubio,16:48,Kevin Love,15:34,Caris LeVert,15:18
0,.000,1,100.000,1,,114,0,1,100.0,0,.000,0.0,,0.0,1,0,,0,0.000,Logos via Sports Logos.net / About logos,L,https://www.basketball-reference.com/boxscores/202301180MEM.html,Away,115,6:11,0,0.0,MEM,Ja Morant,John Konchar,13:22,,,,,,,,,,,32:39,Desmond Bane,32:30,Dillon Brooks,30:43,Jaren Jackson Jr.,28:29,Steven Adams,28:27,Brandon Clarke,19:33,Santi Aldama,19:31,Tyus Jones,18:07,Ziaire Williams,16:39,115,1,0,0.0,,0.0,,0.0,,Cedi Osman,1,0,2022-2023,0.0,0,1.0,CLE,114,Caris LeVert,,,,,,,,,,,,,41:30,Evan Mobley,38:51,Darius Garland,38:43,Jarrett Allen,36:13,Isaac Okoro,33:30,Lamar Stevens,16:49,Ricky Rubio,12:12,Kevin Love,9:09,Raul Neto,6:52
3,.600,5,55.556,2,2.00,120,0,3,100.0,5,.556,2.0,50.0,4.0,9,0,,0,0.000,Logos via Sports Logos.net / About logos,L,https://www.basketball-reference.com/boxscores/202301200CLE.html,Home,114,25:02,0,0.0,GSW,Ty Jerome,,,,,,,,,,,,,41:06,Jordan Poole,40:35,Donte DiVincenzo,35:24,Kevon Looney,31:45,Jonathan Kuminga,26:38,Anthony Lamb,24:34,JaMychal Green,16:15,Moses Moody,14:15,Patrick Baldwin Jr.,9:27,120,0,13,4.0,30.8,9.0,69.2,0.0,0.0,Cedi Osman,6,1,2022-2023,1.0,1,3.0,CLE,114,Darius Garland,,,,,,,,,,,,,40:07,Evan Mobley,36:49,Jarrett Allen,31:14,Caris LeVert,31:08,Isaac Okoro,21:38,Kevin Love,20:40,Raul Neto,17:04,Lamar Stevens,16:18,,
1,.333,3,42.857,3,,102,0,2,66.7,4,.571,3.0,75.0,4.0,7,4,1.000,4,57.143,Logos via Sports Logos.net / About logos,W,https://www.basketball-reference.com/boxscores/202301210CLE.html,Home,114,22:19,1,33.3,MIL,Jrue Holiday,A.J. Green,4:09,,,,,,,,,,,37:04,Pat Connaughton,35:30,Brook Lopez,34:26,Bobby Portis,30:57,Joe Ingles,28:15,Grayson Allen,27:56,George Hill,17:44,Jevon Carter,12:09,Jordan Nwora,11:50,102,0,13,6.0,46.2,3.0,23.1,4.0,30.8,Cedi Osman,12,0,2022-2023,0.0,0,3.0,CLE,114,Evan Mobley,,,,,,,,,,,,,37:58,Darius Garland,35:32,Caris LeVert,28:33,Jarrett Allen,27:20,Isaac Okoro,24:02,Ricky Rubio,18:47,Kevin Love,18:28,Lamar Stevens,16:51,Dean Wade,10:10
0,.000,1,100.000,0,,103,0,0,,0,.000,0.0,,0.0,1,0,,0,0.000,Logos via Sports Logos.net / About logos,L,https://www.basketball-reference.com/boxscores/202301240NYK.html,Away,105,2:49,0,,NYK,Julius Randle,,,,,,,,,,,,,37:38,Quentin Grimes,36:23,Jalen Brunson,35:38,RJ Barrett,32:35,Immanuel Quickley,27:17,Jericho Sims,25:12,Isaiah Hartenstein,22:48,Miles McBride,12:07,Obi Toppin,10:22,105,0,0,0.0,,0.0,,0.0,,Cedi Osman,2,0,2022-2023,0.0,0,0.0,CLE,103,Jarrett Allen,Dean Wade,4:26,,,,,,,,,,,38:47,Donovan Mitchell,38:17,Evan Mobley,37:42,Darius Garland,34:48,Isaac Okoro,30:37,Caris LeVert,20:49,Ricky Rubio,13:25,Kevin Love,12:05,Lamar Stevens,6:15
1,.167,6,60.000,1,1.00,113,0,2,100.0,4,.400,3.0,75.0,4.0,10,1,1.000,1,10.000,Logos via Sports Logos.net / About logos,W,https://www.basketball-reference.com/boxscores/202301260HOU.html,Away,95,23:56,0,0.0,HOU,Alperen Sengun,Bruno Fernando,15:00,Boban Marjanović,6:20,,,,,,,,,30:19,TyTy Washington Jr.,28:46,Jalen Green,27:59,KJ Martin,26:51,Tari Eason,25:15,Daishen Nix,21:04,Garrison Mathews,20:06,Josh Christopher,19:14,Jabari Smith Jr.,19:05,95,3,10,6.0,60.0,3.0,30.0,1.0,10.0,Cedi Osman,18,1,2022-2023,1.0,1,2.0,CLE,113,Jarrett Allen,Raul Neto,3:29,,,,,,,,,,,34:36,Evan Mobley,33:19,Darius Garland,32:53,Caris LeVert,31:49,Isaac Okoro,25:33,Dean Wade,22:53,Ricky Rubio,17:21,Lamar Stevens,10:42,Mamadi Diakite,3:29
1,.333,3,60.000,0,,100,0,0,0.0,2,.400,1.0,50.0,2.0,5,0,,0,0.000,Logos via Sports Logos.net / About logos,L,https://www.basketball-reference.com/boxscores/202301270OKC.html,Away,112,13:03,1,100.0,OKC,Shai Gilgeous-Alexander,Ousmane Dieng,10:05,Tre Mann,8:59,,,,,,,,,35:09,Jalen Williams,32:41,Aaron Wiggins,30:48,Josh Giddey,27:53,Isaiah Joe,21:05,Kenrich Williams,20:21,Mike Muscala,19:40,Jaylin Williams,18:55,Darius Bazley,14:24,112,1,5,2.0,40.0,3.0,60.0,0.0,0.0,Cedi Osman,12,0,2022-2023,0.0,0,1.0,CLE,100,Caris LeVert,,,,,,,,,,,,,37:46,Evan Mobley,37:38,Darius Garland,37:18,Jarrett Allen,35:36,Isaac Okoro,26:17,Dean Wade,25:45,Lamar Stevens,14:58,Raul Neto,11:39,,
7,1.000,7,53.846,2,,99,1,2,100.0,11,.846,4.0,66.7,6.0,13,0,,0,0.000,Logos via Sports Logos.net / About logos,W,https://www.basketball-reference.com/boxscores/202301290CLE.html,Home,122,21:58,0,0.0,LAC,Amir Coffey,Nicolas Batum,6:53,,,,,,,,,,,37:52,Jason Preston,36:36,Brandon Boston Jr.,34:27,Moussa Diabaté,29:51,Moses Brown,26:06,Ivica Zubac,21:50,Terance Mann,20:12,Norman Powell,16:19,Luke Kennard,9:53,99,0,29,8.0,27.6,21.0,72.4,0.0,0.0,Cedi Osman,23,2,2022-2023,3.0,0,2.0,CLE,122,Caris LeVert,Robin Lopez,10:11,Raul Neto,8:07,,,,,,,,,27:54,Dean Wade,27:00,Evan Mobley,26:47,Jarrett Allen,25:47,Darius Garland,22:37,Donovan Mitchell,20:26,Ricky Rubio,19:07,Isaac Okoro,18:06,Lamar Stevens,12:00
0,.000,2,100.000,0,,100,0,0,,0,.000,0.0,,0.0,2,0,,0,0.000,Logos via Sports Logos.net / About logos,L,https://www.basketball-reference.com/boxscores/202301310CLE.html,Home,97,7:02,0,,MIA,Tyler Herro,,,,,,,,,,,,,37:33,Bam Adebayo,37:13,Caleb Martin,34:20,Jimmy Butler,34:19,Victor Oladipo,27:24,Kyle Lowry,23:57,Gabe Vincent,20:53,Max Strus,13:40,Orlando Robinson,10:41,100,0,0,0.0,,0.0,,0.0,,Cedi Osman,3,0,2022-2023,0.0,0,0.0,CLE,97,Evan Mobley,,,,,,,,,,,,,38:21,Donovan Mitchell,37:10,Jarrett Allen,34:04,Darius Garland,30:50,Caris LeVert,28:56,Isaac Okoro,25:00,Dean Wade,21:21,Ricky Rubio,17:16,,
4,.500,8,72.727,4,4.00,113,1,0,,7,.636,3.0,100.0,3.0,11,3,.600,5,45.455,Logos via Sports Logos.net / About logos,W,https://www.basketball-reference.com/boxscores/202302020CLE.html,Home,128,31:50,0,,MEM,Santi Aldama,Jake LaRavia,6:59,Ziaire Williams,3:33,,,,,,,,,33:59,Desmond Bane,32:25,Ja Morant,30:21,John Konchar,28:21,Xavier Tillman Sr.,27:02,Tyus Jones,23:42,Dillon Brooks,22:06,Brandon Clarke,20:57,David Roddy,10:35,113,2,21,6.0,28.6,12.0,57.1,3.0,14.3,Cedi Osman,15,2,2022-2023,3.0,1,0.0,CLE,128,Jarrett Allen,,,,,,,,,,,,,37:57,Evan Mobley,33:24,Darius Garland,33:06,Isaac Okoro,28:49,Donovan Mitchell,22:03,Ricky Rubio,21:01,Dean Wade,17:02,Lamar Stevens,12:57,Raul Neto,1:51
3,.375,8,66.667,2,0.67,122,0,3,75.0,3,.250,0.0,0.0,4.0,12,0,,0,0.000,Logos via Sports Logos.net / About logos,W,https://www.basketball-reference.com/boxscores/202302050IND.html,Away,103,25:27,1,25.0,IND,Tyrese Haliburton,Isaiah Jackson,8:17,Jalen Smith,6:20,Terry Taylor,4:37,,,,,,,31:19,Buddy Hield,29:37,Aaron Nesmith,28:27,Andrew Nembhard,27:33,Bennedict Mathurin,27:10,Myles Turner,24:28,T.J. McConnell,19:07,Oshae Brissett,17:50,Daniel Theis,15:15,103,1,9,0.0,0.0,9.0,100.0,0.0,0.0,Cedi Osman,19,2,2022-2023,2.0,3,4.0,CLE,122,Darius Garland,Raul Neto,2:24,Lamar Stevens,2:24,,,,,,,,,34:57,Donovan Mitchell,34:51,Evan Mobley,30:56,Jarrett Allen,29:44,Isaac Okoro,29:12,Dean Wade,25:22,Ricky Rubio,19:55,Robin Lopez,2:24,Mamadi Diakite,2:24
1,.333,3,60.000,3,,114,1,1,50.0,1,.200,0.0,0.0,2.0,5,0,,0,0.000,Logos via Sports Logos.net / About logos,W,https://www.basketball-reference.com/boxscores/202302060WAS.html,Away,91,13:52,1,50.0,WAS,Deni Avdija,Taj Gibson,12:31,Jordan Goodwin,10:23,Johnny Davis,6:17,,,,,,,30:02,Will Barton,27:11,Kristaps Porziņģis,26:11,Corey Kispert,25:40,Daniel Gafford,23:57,Monte Morris,22:28,Anthony Gill,20:41,Delon Wright,19:15,Kendrick Nunn,15:24,91,1,3,0.0,0.0,3.0,100.0,0.0,0.0,Cedi Osman,23,1,2022-2023,2.0,0,2.0,CLE,114,Jarrett Allen,Robin Lopez,4:26,Mamadi Diakite,4:26,,,,,,,,,37:23,Evan Mobley,28:26,Darius Garland,28:22,Donovan Mitchell,28:06,Caris LeVert,26:24,Isaac Okoro,25:59,Dean Wade,25:44,Raul Neto,9:17,Lamar Stevens,7:35
0,.000,6,46.154,3,,85,0,4,100.0,3,.231,3.0,42.9,7.0,13,0,,0,0.000,Logos via Sports Logos.net / About logos,W,https://www.basketball-reference.com/boxscores/202302080CLE.html,Home,113,23:10,0,0.0,DET,Bojan Bogdanović,Hamidou Diallo,14:29,Kevin Knox,4:06,Nerlens Noel,3:22,,,,,,,31:34,Killian Hayes,29:25,Isaiah Stewart,28:08,Jalen Duren,27:25,Jaden Ivey,25:36,Saddiq Bey,22:58,Isaiah Livers,19:19,Cory Joseph,17:49,Alec Burks,15:49,85,0,6,6.0,100.0,0.0,0.0,0.0,0.0,Cedi Osman,28,0,2022-2023,0.0,0,4.0,CLE,113,Raul Neto,,,,,,,,,,,,,35:42,Evan Mobley,32:03,Dean Wade,30:41,Jarrett Allen,29:48,Caris LeVert,29:44,Isaac Okoro,27:05,Ricky Rubio,16:20,Lamar Stevens,11:59,Robin Lopez,3:28
1,.250,4,100.000,2,,118,0,2,100.0,1,.250,0.0,,0.0,4,1,.500,2,50.000,Logos via Sports Logos.net / About logos,W,https://www.basketball-reference.com/boxscores/202302100NOP.html,Away,107,22:33,0,0.0,NOP,Trey Murphy III,Jaxson Hayes,3:13,Garrett Temple,3:13,,,,,,,,,33:53,Brandon Ingram,33:09,CJ McCollum,32:41,Herbert Jones,28:55,Larry Nance Jr.,26:42,Naji Marshall,24:06,Jonas Valančiūnas,23:53,Jose Alvarado,20:38,Kira Lewis Jr.,9:37,107,2,4,0.0,0.0,3.0,75.0,1.0,25.0,Cedi Osman,11,0,2022-2023,0.0,0,2.0,CLE,118,Evan Mobley,Lamar Stevens,2:54,,,,,,,,,,,36:32,Donovan Mitchell,33:07,Caris LeVert,30:53,Jarrett Allen,30:39,Isaac Okoro,28:36,Dean Wade,26:00,Darius Garland,22:58,Robin Lopez,2:54,Raul Neto,2:54
0,.000,3,75.000,2,,89,0,2,100.0,1,.250,1.0,100.0,1.0,4,2,1.000,2,50.000,Logos via Sports Logos.net / About logos,W,https://www.basketball-reference.com/boxscores/202302110CLE.html,Home,97,13:45,0,0.0,CHI,DeMar DeRozan,Goran Dragić,3:31,,,,,,,,,,,39:55,Nikola Vučević,36:26,Zach LaVine,36:02,Patrick Williams,33:07,Ayo Dosunmu,26:51,Alex Caruso,21:08,Coby White,20:03,Andre Drummond,11:34,Derrick Jones Jr.,11:23,89,0,4,2.0,50.0,0.0,0.0,2.0,50.0,Cedi Osman,8,1,2022-2023,1.0,0,2.0,CLE,97,Donovan Mitchell,,,,,,,,,,,,,38:53,Darius Garland,37:13,Evan Mobley,35:39,Jarrett Allen,33:10,Isaac Okoro,27:00,Caris LeVert,26:18,Ricky Rubio,16:51,Dean Wade,11:11,,
2,.667,3,60.000,0,,109,0,1,50.0,3,.600,1.0,50.0,2.0,5,0,,0,0.000,Logos via Sports Logos.net / About logos,W,https://www.basketball-reference.com/boxscores/202302130CLE.html,Home,117,11:23,1,50.0,SAS,Keldon Johnson,Isaiah Roby,5:37,,,,,,,,,,,35:16,Keita Bates-Diop,32:50,Zach Collins,31:35,Devonte' Graham,28:59,Malaki Branham,28:51,Jeremy Sochan,27:12,Blake Wesley,19:36,Dominick Barlow,17:14,Charles Bassey,12:50,109,0,8,2.0,25.0,6.0,75.0,0.0,0.0,Cedi Osman,8,0,2022-2023,0.0,0,2.0,CLE,117,Jarrett Allen,,,,,,,,,,,,,38:50,Evan Mobley,37:42,Donovan Mitchell,36:50,Isaac Okoro,36:37,Darius Garland,29:51,Ricky Rubio,22:50,Caris LeVert,20:19,Dean Wade,5:37,,
1,.167,6,75.000,3,3.00,115,0,1,50.0,2,.250,1.0,50.0,2.0,8,0,.000,2,25.000,Logos via Sports Logos.net / About logos,L,https://www.basketball-reference.com/boxscores/202302230CLE.html,Home,109,26:40,1,50.0,DEN,Nikola Jokić,Christian Braun,7:46,,,,,,,,,,,35:51,Kentavious Caldwell-Pope,34:28,Jamal Murray,33:10,Michael Porter Jr.,28:47,Vlatko Čančar,26:12,Jeff Green,21:48,Bruce Brown,21:41,Reggie Jackson,18:20,Thomas Bryant,11:57,115,1,5,2.0,40.0,3.0,60.0,0.0,0.0,Cedi Osman,6,0,2022-2023,0.0,1,2.0,CLE,109,Evan Mobley,,,,,,,,,,,,,37:50,Darius Garland,36:48,Donovan Mitchell,35:23,Caris LeVert,31:57,Jarrett Allen,29:53,Isaac Okoro,20:09,Lamar Stevens,13:36,Dean Wade,7:43,,
2,.500,4,57.143,1,1.00,119,1,5,100.0,3,.429,1.0,33.3,3.0,7,2,.667,3,42.857,Logos via Sports Logos.net / About logos,L,https://www.basketball-reference.com/boxscores/202302240ATL.html,Away,136,16:29,0,0.0,ATL,Dejounte Murray,Bruno Fernando,2:03,Vit Krejci,2:03,Garrison Mathews,2:03,Aaron Holiday,1:42,,,,,34:35,Trae Young,32:20,De'Andre Hunter,28:49,Saddiq Bey,28:03,Onyeka Okongwu,25:01,Jalen Johnson,22:24,Bogdan Bogdanović,22:23,Clint Capela,20:56,AJ Griffin,17:38,136,3,10,2.0,20.0,6.0,60.0,2.0,20.0,Cedi Osman,17,0,2022-2023,1.0,1,5.0,CLE,119,Donovan Mitchell,Caris LeVert,9:03,Dean Wade,8:17,Robin Lopez,2:03,,,,,,,31:58,Darius Garland,31:00,Evan Mobley,29:49,Jarrett Allen,29:28,Lamar Stevens,26:17,Isaac Okoro,22:42,Ricky Rubio,11:56,Raul Neto,10:29,Danny Green,10:29
0,,0,,0,,113,0,0,,0,,0.0,,0.0,0,0,,0,,Logos via Sports Logos.net / About logos,L,https://www.basketball-reference.com/boxscores/202303010BOS.html,Away,117,5:06,0,,BOS,Jaylen Brown,,,,,,,,,,,,,37:20,Marcus Smart,36:10,Jayson Tatum,35:57,Al Horford,32:38,Robert Williams,30:41,Derrick White,24:33,Malcolm Brogdon,22:38,Mike Muscala,11:28,Sam Hauser,8:35,117,0,0,0.0,,0.0,,0.0,,Cedi Osman,4,0,2022-2023,0.0,0,0.0,CLE,113,Donovan Mitchell,,,,,,,,,,,,,43:34,Darius Garland,40:46,Jarrett Allen,39:28,Evan Mobley,39:11,Caris LeVert,33:21,Isaac Okoro,15:47,Dean Wade,15:18,Ricky Rubio,7:29,,
1,.167,6,85.714,3,,90,0,4,100.0,2,.286,1.0,100.0,1.0,7,0,,0,0.000,Logos via Sports Logos.net / About logos,W,https://www.basketball-reference.com/boxscores/202303040CLE.html,Home,114,18:35,0,0.0,DET,Marvin Bagley III,Eugene Omoruyi,12:00,Jared Rhoden,9:03,Buddy Boeheim,5:53,,,,,,,34:05,Jaden Ivey,30:22,Hamidou Diallo,26:35,Isaiah Livers,24:35,James Wiseman,23:49,Cory Joseph,23:40,Killian Hayes,17:36,R.J. Hampton,16:54,Rodney McGruder,15:28,90,3,5,2.0,40.0,3.0,60.0,0.0,0.0,Cedi Osman,24,0,2022-2023,0.0,0,4.0,CLE,114,Evan Mobley,Danny Green,8:28,Raul Neto,8:28,Sam Merrill,4:17,,,,,,,29:36,Jarrett Allen,25:47,Donovan Mitchell,24:27,Darius Garland,23:48,Lamar Stevens,22:04,Caris LeVert,21:35,Ricky Rubio,19:50,Isaac Okoro,19:23,Dean Wade,13:42
2,1.000,2,50.000,0,,114,0,1,100.0,2,.500,0.0,0.0,2.0,4,0,,0,0.000,Logos via Sports Logos.net / About logos,W,https://www.basketball-reference.com/boxscores/202303060CLE.html,Home,118,17:47,0,0.0,BOS,Jaylen Brown,Sam Hauser,6:34,,,,,,,,,,,45:06,Marcus Smart,37:15,Malcolm Brogdon,36:28,Derrick White,35:53,Mike Muscala,34:57,Luke Kornet,18:32,Blake Griffin,18:01,Payton Pritchard,16:08,Grant Williams,16:06,114,2,6,0.0,0.0,6.0,100.0,0.0,0.0,Cedi Osman,4,0,2022-2023,0.0,0,1.0,CLE,118,Donovan Mitchell,,,,,,,,,,,,,47:11,Darius Garland,42:24,Evan Mobley,41:19,Caris LeVert,32:41,Jarrett Allen,25:38,Isaac Okoro,22:56,Lamar Stevens,17:09,Dean Wade,10:56,Ricky Rubio,6:59
1,.250,4,66.667,0,0.00,115,0,1,100.0,2,.333,1.0,50.0,2.0,6,2,1.000,2,33.333,Logos via Sports Logos.net / About logos,L,https://www.basketball-reference.com/boxscores/202303100MIA.html,Away,119,12:40,0,0.0,MIA,Tyler Herro,,,,,,,,,,,,,38:29,Bam Adebayo,37:19,Jimmy Butler,35:02,Caleb Martin,27:02,Max Strus,25:54,Victor Oladipo,22:23,Gabe Vincent,22:11,Kevin Love,20:59,Cody Zeller,10:41,119,2,7,2.0,28.6,3.0,42.9,2.0,28.6,Cedi Osman,4,0,2022-2023,0.0,1,1.0,CLE,115,Donovan Mitchell,,,,,,,,,,,,,42:33,Caris LeVert,38:41,Jarrett Allen,34:11,Isaac Okoro,33:37,Evan Mobley,28:24,Ricky Rubio,25:10,Lamar Stevens,24:43,Robin Lopez,0:01,,
1,1.000,1,33.333,0,,114,0,1,25.0,1,.333,0.0,0.0,2.0,3,0,,0,0.000,Logos via Sports Logos.net / About logos,W,https://www.basketball-reference.com/boxscores/202303120CHO.html,Away,108,7:45,3,75.0,CHO,Terry Rozier,,,,,,,,,,,,,38:48,Dennis Smith Jr.,37:17,Gordon Hayward,33:03,Nick Richards,32:14,P.J. Washington,32:11,Svi Mykhailiuk,20:05,JT Thor,18:54,Bryce McGowens,14:47,Kai Jones,12:41,108,0,3,0.0,0.0,3.0,100.0,0.0,0.0,Cedi Osman,6,0,2022-2023,0.0,0,4.0,CLE,114,Evan Mobley,,,,,,,,,,,,,39:07,Darius Garland,38:31,Caris LeVert,34:27,Donovan Mitchell,33:08,Lamar Stevens,30:07,Isaac Okoro,28:20,Ricky Rubio,19:42,Robin Lopez,8:53,,
6,.600,10,71.429,3,,120,0,2,100.0,8,.571,2.0,50.0,4.0,14,2,1.000,2,14.286,Logos via Sports Logos.net / About logos,W,https://www.basketball-reference.com/boxscores/202303140CHO.html,Away,104,30:32,0,0.0,CHO,P.J. Washington,Svi Mykhailiuk,7:23,,,,,,,,,,,35:13,Terry Rozier,35:12,Kelly Oubre Jr.,33:43,Dennis Smith Jr.,31:43,Gordon Hayward,29:20,Nick Richards,22:47,Kai Jones,15:57,JT Thor,15:29,Bryce McGowens,13:13,104,3,24,4.0,16.7,18.0,75.0,2.0,8.3,Cedi Osman,16,0,2022-2023,0.0,0,2.0,CLE,120,Isaac Okoro,Dylan Windler,4:07,Danny Green,4:07,Sam Merrill,4:07,,,,,,,35:34,Evan Mobley,30:45,Darius Garland,27:48,Caris LeVert,27:25,Lamar Stevens,25:45,Ricky Rubio,20:41,Dean Wade,19:22,Raul Neto,5:40,Isaiah Mobley,4:07
3,.300,10,90.909,0,0.00,118,0,3,60.0,4,.364,1.0,100.0,1.0,11,4,1.000,4,36.364,Logos via Sports Logos.net / About logos,L,https://www.basketball-reference.com/boxscores/202303150CLE.html,Home,109,30:10,2,40.0,PHI,James Harden,Paul Reed,4:02,,,,,,,,,,,40:23,Joel Embiid,38:06,P.J. Tucker,34:59,Tyrese Maxey,34:57,Tobias Harris,30:55,Shake Milton,20:40,Georges Niang,15:59,De'Anthony Melton,15:03,Danuel House Jr.,4:56,118,2,15,2.0,13.3,9.0,60.0,4.0,26.7,Cedi Osman,9,0,2022-2023,0.0,1,5.0,CLE,109,Donovan Mitchell,,,,,,,,,,,,,39:45,Evan Mobley,39:13,Darius Garland,36:08,Caris LeVert,36:06,Isaac Okoro,24:14,Raul Neto,13:24,Lamar Stevens,11:54,Mamadi Diakite,9:06,,
1,1.000,1,33.333,4,4.00,94,0,3,100.0,2,.667,1.0,50.0,2.0,3,0,,0,0.000,Logos via Sports Logos.net / About logos,W,https://www.basketball-reference.com/boxscores/202303170CLE.html,Home,117,18:07,0,0.0,WAS,Bradley Beal,Anthony Gill,6:43,Kendrick Nunn,3:55,Taj Gibson,3:55,Jordan Goodwin,3:55,,,,,32:55,Kristaps Porziņģis,31:41,Monte Morris,28:59,Corey Kispert,27:46,Kyle Kuzma,24:52,Daniel Gafford,21:31,Johnny Davis,18:51,Deni Avdija,18:26,Delon Wright,16:31,94,3,5,2.0,40.0,3.0,60.0,0.0,0.0,Cedi Osman,23,2,2022-2023,2.0,1,3.0,CLE,117,Darius Garland,Dylan Windler,3:55,Danny Green,3:55,Dean Wade,3:55,,,,,,,37:09,Evan Mobley,35:31,Caris LeVert,26:28,Isaac Okoro,26:11,Donovan Mitchell,26:01,Ricky Rubio,21:13,Lamar Stevens,21:11,Mamadi Diakite,12:29,Raul Neto,3:55
4,1.000,4,80.000,3,,115,1,4,100.0,4,.800,0.0,0.0,1.0,5,0,,0,0.000,Logos via Sports Logos.net / About logos,W,https://www.basketball-reference.com/boxscores/202303210BRK.html,Away,109,22:59,0,0.0,BRK,Spencer Dinwiddie,Seth Curry,9:38,,,,,,,,,,,38:22,Mikal Bridges,37:03,Cameron Johnson,34:03,Nic Claxton,28:12,Royce O'Neale,24:43,Day'Ron Sharpe,19:47,Joe Harris,19:21,Dorian Finney-Smith,17:41,Yuta Watanabe,11:09,109,1,12,0.0,0.0,12.0,100.0,0.0,0.0,Cedi Osman,6,0,2022-2023,1.0,0,4.0,CLE,115,Donovan Mitchell,,,,,,,,,,,,,36:58,Evan Mobley,36:05,Jarrett Allen,35:05,Darius Garland,31:58,Caris LeVert,31:15,Isaac Okoro,20:24,Ricky Rubio,19:23,Lamar Stevens,5:51,,
1,.200,5,71.429,0,,116,1,2,100.0,3,.429,2.0,100.0,2.0,7,1,.500,2,28.571,Logos via Sports Logos.net / About logos,W,https://www.basketball-reference.com/boxscores/202303230BRK.html,Away,114,22:07,0,0.0,BRK,Spencer Dinwiddie,Seth Curry,5:53,,,,,,,,,,,42:07,Mikal Bridges,34:03,Nic Claxton,33:37,Royce O'Neale,29:45,Joe Harris,22:48,Cameron Johnson,22:27,Dorian Finney-Smith,21:32,Day'Ron Sharpe,14:23,Yuta Watanabe,13:25,114,3,8,4.0,50.0,3.0,37.5,1.0,12.5,Cedi Osman,2,0,2022-2023,1.0,0,2.0,CLE,116,Evan Mobley,,,,,,,,,,,,,39:58,Darius Garland,39:26,Donovan Mitchell,33:29,Isaac Okoro,29:48,Jarrett Allen,29:34,Caris LeVert,22:18,Ricky Rubio,19:39,Lamar Stevens,3:41,,
1,.167,6,60.000,0,,91,0,2,100.0,2,.200,1.0,25.0,4.0,10,0,,0,0.000,Logos via Sports Logos.net / About logos,W,https://www.basketball-reference.com/boxscores/202303260CLE.html,Home,108,16:32,0,0.0,HOU,Kevin Porter Jr.,Frank Kaminsky,2:21,,,,,,,,,,,36:43,Jalen Green,35:16,Alperen Sengun,33:00,Jabari Smith Jr.,32:02,KJ Martin,30:46,Tari Eason,30:07,Daishen Nix,18:17,Usman Garuba,15:00,Josh Christopher,6:28,91,2,5,2.0,40.0,3.0,60.0,0.0,0.0,Cedi Osman,17,0,2022-2023,0.0,0,2.0,CLE,108,Evan Mobley,Sam Merrill,2:21,Isaiah Mobley,2:21,Dylan Windler,2:21,,,,,,,39:46,Darius Garland,37:37,Donovan Mitchell,36:03,Jarrett Allen,35:41,Caris LeVert,30:43,Ricky Rubio,15:31,Lamar Stevens,9:53,Isaac Okoro,8:50,Mamadi Diakite,2:21
1,.500,2,66.667,0,0.00,118,0,2,100.0,1,.333,0.0,0.0,1.0,3,0,,0,0.000,Logos via Sports Logos.net / About logos,L,https://www.basketball-reference.com/boxscores/202303280ATL.html,Away,120,12:00,0,0.0,ATL,De'Andre Hunter,,,,,,,,,,,,,39:14,Trae Young,36:14,Dejounte Murray,35:14,John Collins,29:16,Clint Capela,27:28,Bogdan Bogdanović,22:13,Saddiq Bey,21:09,Onyeka Okongwu,20:26,Vit Krejci,8:46,120,2,3,0.0,0.0,3.0,100.0,0.0,0.0,Cedi Osman,2,1,2022-2023,1.0,1,2.0,CLE,118,Darius Garland,,,,,,,,,,,,,41:25,Lamar Stevens,40:40,Evan Mobley,40:11,Donovan Mitchell,40:01,Caris LeVert,33:50,Ricky Rubio,19:13,Mamadi Diakite,12:40,,,,
4,.500,8,88.889,2,2.00,130,1,0,0.0,4,.444,0.0,0.0,1.0,9,2,1.000,2,22.222,Logos via Sports Logos.net / About logos,L,https://www.basketball-reference.com/boxscores/202303310CLE.html,Home,116,20:44,1,100.0,NYK,Jalen Brunson,,,,,,,,,,,,,37:36,Quentin Grimes,35:59,Immanuel Quickley,30:04,RJ Barrett,29:57,Josh Hart,29:25,Isaiah Hartenstein,25:45,Mitchell Robinson,22:15,Obi Toppin,18:35,Miles McBride,10:23,130,3,14,0.0,0.0,12.0,85.7,2.0,14.3,Cedi Osman,14,0,2022-2023,1.0,1,1.0,CLE,116,Evan Mobley,,,,,,,,,,,,,41:04,Donovan Mitchell,39:51,Darius Garland,37:56,Caris LeVert,37:00,Lamar Stevens,24:29,Dean Wade,12:57,Raul Neto,9:41,Ricky Rubio,9:22,Robin Lopez,6:56
1,.500,2,66.667,1,,105,0,0,,1,.333,0.0,0.0,1.0,3,1,.500,2,66.667,Logos via Sports Logos.net / About logos,W,https://www.basketball-reference.com/boxscores/202304020CLE.html,Home,115,8:45,0,,IND,Jordan Nwora,,,,,,,,,,,,,35:53,Bennedict Mathurin,32:35,Aaron Nesmith,32:12,Andrew Nembhard,31:21,Jalen Smith,27:05,Buddy Hield,22:59,Isaiah Jackson,20:55,T.J. McConnell,19:16,Oshae Brissett,17:44,105,0,4,0.0,0.0,3.0,75.0,1.0,25.0,Cedi Osman,10,0,2022-2023,0.0,0,0.0,CLE,115,Donovan Mitchell,,,,,,,,,,,,,39:45,Darius Garland,39:16,Evan Mobley,39:09,Caris LeVert,33:01,Dean Wade,27:08,Jarrett Allen,26:35,Ricky Rubio,14:03,Lamar Stevens,12:18,,
0,,0,0.000,0,,117,0,2,100.0,0,.000,0.0,0.0,1.0,1,2,1.000,2,200.000,Logos via Sports Logos.net / About logos,W,https://www.basketball-reference.com/boxscores/202304040ORL.html,Away,113,5:10,0,0.0,ORL,Paolo Banchero,,,,,,,,,,,,,37:36,Markelle Fultz,36:06,Franz Wagner,33:27,Wendell Carter Jr.,31:51,Cole Anthony,26:27,Jalen Suggs,24:04,Gary Harris,23:56,Goga Bitadze,16:09,Moritz Wagner,10:24,113,0,2,0.0,0.0,0.0,0.0,2.0,100.0,Cedi Osman,4,0,2022-2023,0.0,0,2.0,CLE,117,Donovan Mitchell,,,,,,,,,,,,,40:58,Darius Garland,38:01,Caris LeVert,35:56,Evan Mobley,35:23,Jarrett Allen,33:38,Dean Wade,29:28,Ricky Rubio,11:16,Lamar Stevens,10:09,,
4,.667,6,54.545,4,4.00,118,0,5,100.0,7,.636,3.0,60.0,5.0,11,1,1.000,1,9.091,Logos via Sports Logos.net / About logos,W,https://www.basketball-reference.com/boxscores/202304060ORL.html,Away,94,22:07,0,0.0,ORL,Chuma Okeke,Michael Carter-Williams,12:10,,,,,,,,,,,31:41,Caleb Houstan,30:13,Bol Bol,29:55,Jay Scrubb,27:35,Kevon Harris,24:21,Jalen Suggs,23:49,Moritz Wagner,20:53,Goga Bitadze,20:51,Admiral Schofield,18:32,94,0,19,6.0,31.6,12.0,63.2,1.0,5.3,Cedi Osman,24,0,2022-2023,0.0,1,5.0,CLE,118,Lamar Stevens,,,,,,,,,,,,,31:22,Isaiah Mobley,28:45,Danny Green,26:02,Raul Neto,24:22,Mamadi Diakite,23:37,Dean Wade,22:34,Sam Merrill,21:47,Ricky Rubio,20:28,Robin Lopez,18:56
0,.000,1,33.333,2,1.00,106,0,1,50.0,1,.333,1.0,50.0,2.0,3,2,.667,3,100.000,Logos via Sports Logos.net / About logos,L,https://www.basketball-reference.com/boxscores/202304090CLE.html,Home,95,16:04,1,50.0,CHO,Théo Maledon,,,,,,,,,,,,,41:45,Svi Mykhailiuk,35:02,Bryce McGowens,32:32,JT Thor,31:15,Mark Williams,30:26,James Bouknight,26:33,Nick Richards,17:34,Kai Jones,16:45,Kobi Simmons,8:08,106,3,4,2.0,50.0,0.0,0.0,2.0,50.0,Cedi Osman,11,1,2022-2023,1.0,2,2.0,CLE,95,Ricky Rubio,Evan Mobley,12:00,Jarrett Allen,12:00,,,,,,,,,26:24,Sam Merrill,25:59,Danny Green,24:38,Dean Wade,23:46,Isaiah Mobley,22:58,Raul Neto,21:36,Robin Lopez,18:43,Lamar Stevens,18:43,Mamadi Diakite,17:09
2,.667,3,75.000,2,2.00,101,0,1,100.0,3,.750,1.0,100.0,1.0,4,1,.500,2,50.000,Logos via Sports Logos.net / About logos,L,https://www.basketball-reference.com/boxscores/202304150CLE.html,Home,97,18:45,0,0.0,NYK,Julius Randle,,,,,,,,,,,,,33:33,Josh Hart,32:53,RJ Barrett,31:04,Jalen Brunson,29:30,Quentin Grimes,26:57,Mitchell Robinson,26:06,Immanuel Quickley,23:36,Isaiah Hartenstein,21:54,Obi Toppin,14:27,101,3,9,2.0,22.2,6.0,66.7,1.0,11.1,Cedi Osman,4,0,2022-2023,0.0,1,1.0,CLE,97,Donovan Mitchell,,,,,,,,,,,,,43:38,Darius Garland,43:13,Jarrett Allen,42:52,Evan Mobley,37:42,Isaac Okoro,22:41,Caris LeVert,18:11,Dean Wade,7:27,Ricky Rubio,5:31,,
1,.143,7,77.778,0,0.00,90,1,5,83.3,2,.222,1.0,50.0,2.0,9,0,,0,0.000,Logos via Sports Logos.net / About logos,W,https://www.basketball-reference.com/boxscores/202304180CLE.html,Home,107,22:45,1,16.7,NYK,Jalen Brunson,Miles McBride,2:32,,,,,,,,,,,36:19,RJ Barrett,33:21,Julius Randle,33:00,Josh Hart,26:47,Isaiah Hartenstein,26:45,Immanuel Quickley,23:06,Quentin Grimes,21:55,Mitchell Robinson,21:15,Obi Toppin,15:00,90,3,5,2.0,40.0,3.0,60.0,0.0,0.0,Cedi Osman,17,1,2022-2023,2.0,3,6.0,CLE,107,Caris LeVert,,,,,,,,,,,,,39:51,Evan Mobley,39:10,Donovan Mitchell,38:55,Darius Garland,36:21,Jarrett Allen,34:49,Danny Green,19:49,Raul Neto,3:13,Isaac Okoro,2:45,Robin Lopez,2:22
0,.000,2,100.000,0,,79,0,2,100.0,0,.000,0.0,,0.0,2,0,,0,0.000,Logos via Sports Logos.net / About logos,L,https://www.basketball-reference.com/boxscores/202304210NYK.html,Away,99,16:11,0,0.0,NYK,Jalen Brunson,Miles McBride,3:54,DaQuan Jeffries,3:41,Derrick Rose,2:30,,,,,,,37:55,Julius Randle,32:56,RJ Barrett,30:45,Mitchell Robinson,30:25,Josh Hart,28:40,Immanuel Quickley,23:09,Isaiah Hartenstein,17:35,Obi Toppin,15:04,Quentin Grimes,13:26,99,1,0,0.0,,0.0,,0.0,,Cedi Osman,20,1,2022-2023,1.0,0,2.0,CLE,79,Donovan Mitchell,Lamar Stevens,3:41,Raul Neto,3:41,Dean Wade,3:41,,,,,,,37:57,Jarrett Allen,36:54,Evan Mobley,36:30,Caris LeVert,35:21,Darius Garland,32:44,Isaac Okoro,12:17,Danny Green,11:58,Ricky Rubio,5:24,Robin Lopez,3:41
1,.250,4,80.000,2,2.00,93,0,5,100.0,2,.400,1.0,100.0,1.0,5,5,.714,7,140.000,Logos via Sports Logos.net / About logos,L,https://www.basketball-reference.com/boxscores/202304230NYK.html,Away,102,21:02,0,0.0,NYK,Jalen Brunson,,,,,,,,,,,,,42:57,Josh Hart,39:57,RJ Barrett,37:30,Mitchell Robinson,27:22,Julius Randle,27:18,Isaiah Hartenstein,20:38,Obi Toppin,20:01,Immanuel Quickley,19:14,Miles McBride,5:03,102,3,10,2.0,20.0,3.0,30.0,5.0,50.0,Cedi Osman,9,0,2022-2023,0.0,1,5.0,CLE,93,Donovan Mitchell,,,,,,,,,,,,,41:59,Jarrett Allen,40:01,Caris LeVert,38:46,Darius Garland,36:09,Evan Mobley,35:19,Isaac Okoro,17:07,Ricky Rubio,6:06,Danny Green,3:31,,
2,.500,4,80.000,1,,106,0,1,100.0,2,.400,0.0,0.0,1.0,5,0,,0,0.000,Logos via Sports Logos.net / About logos,L,https://www.basketball-reference.com/boxscores/202304260CLE.html,Home,95,14:27,0,0.0,NYK,Josh Hart,,,,,,,,,,,,,46:46,Jalen Brunson,41:33,Mitchell Robinson,36:13,RJ Barrett,35:56,Immanuel Quickley,29:24,Obi Toppin,21:54,Julius Randle,16:13,Isaiah Hartenstein,11:47,Miles McBride,0:14,106,2,6,0.0,0.0,6.0,100.0,0.0,0.0,Cedi Osman,11,0,2022-2023,0.0,0,1.0,CLE,95,Donovan Mitchell,,,,,,,,,,,,,44:05,Darius Garland,40:03,Evan Mobley,38:55,Caris LeVert,37:27,Jarrett Allen,35:56,Isaac Okoro,19:44,Lamar Stevens,5:08,Danny Green,4:15,,
2,.333,6,60.000,2,,126,1,0,,5,.500,3.0,75.0,4.0,10,0,,0,0.000,Logos via Sports Logos.net / About logos,L,https://www.basketball-reference.com/boxscores/202310250SAS.html,Home,119,22:16,0,,DAL,Kyrie Irving,Seth Curry,3:46,,,,,,,,,,,36:15,Grant Williams,35:10,Luka Dončić,34:14,Dereck Lively II,30:40,Josh Green,29:52,Tim Hardaway Jr.,27:55,Maxi Kleber,23:03,Derrick Jones Jr.,11:30,Dante Exum,7:35,126,2,12,6.0,50.0,6.0,50.0,0.0,0.0,Cedi Osman,7,0,2023-2024,1.0,0,0.0,SAS,119,Devin Vassell,,,,,,,,,,,,,35:15,Zach Collins,31:55,Keldon Johnson,31:44,Jeremy Sochan,28:41,Tre Jones,25:06,Victor Wembanyama,23:19,Malaki Branham,17:45,Charles Bassey,13:03,Doug McDermott,10:56
4,.667,6,85.714,1,0.33,122,0,2,100.0,5,.714,1.0,100.0,1.0,7,0,,0,0.000,Logos via Sports Logos.net / About logos,W,https://www.basketball-reference.com/boxscores/202310270SAS.html,Home,126,23:12,0,0.0,HOU,Fred VanVleet,Boban Marjanović,7:27,,,,,,,,,,,44:32,Alperen Sengun,40:46,Dillon Brooks,39:06,Jalen Green,37:49,Jabari Smith Jr.,37:10,Jeff Green,20:37,Jae'Sean Tate,13:54,Amen Thompson,12:48,Reggie Bullock,10:51,122,1,14,2.0,14.3,12.0,85.7,0.0,0.0,Cedi Osman,4,0,2023-2024,0.0,3,2.0,SAS,126,Devin Vassell,,,,,,,,,,,,,39:39,Zach Collins,38:56,Keldon Johnson,35:14,Tre Jones,32:57,Victor Wembanyama,30:59,Jeremy Sochan,26:23,Doug McDermott,16:08,Malaki Branham,14:05,Charles Bassey,7:27
2,.500,4,57.143,1,,83,1,1,100.0,4,.571,2.0,66.7,3.0,7,2,1.000,2,28.571,Logos via Sports Logos.net / About logos,L,https://www.basketball-reference.com/boxscores/202310290LAC.html,Away,123,16:41,0,0.0,LAC,Kawhi Leonard,Nicolas Batum,14:42,Amir Coffey,5:30,Kobe Brown,4:50,Moussa Diabaté,4:50,,,,,27:48,Paul George,27:48,Russell Westbrook,26:40,Robert Covington,26:29,Ivica Zubac,22:29,Bones Hyland,21:20,Mason Plumlee,20:41,Norman Powell,19:06,KJ Martin,17:47,123,1,12,4.0,33.3,6.0,50.0,2.0,16.7,Cedi Osman,40,1,2023-2024,2.0,0,1.0,SAS,83,Devin Vassell,Julian Champagnie,6:55,Blake Wesley,6:55,Sandro Mamukelashvili,6:55,Dominick Barlow,4:50,,,,,27:49,Victor Wembanyama,26:16,Zach Collins,24:50,Keldon Johnson,24:18,Jeremy Sochan,22:29,Malaki Branham,21:02,Tre Jones,20:02,Charles Bassey,16:15,Doug McDermott,14:43
1,.500,2,28.571,1,,115,0,2,100.0,4,.571,3.0,60.0,5.0,7,0,.000,1,14.286,Logos via Sports Logos.net / About logos,W,https://www.basketball-reference.com/boxscores/202310310PHO.html,Away,114,18:59,0,0.0,PHO,Kevin Durant,,,,,,,,,,,,,37:19,Grayson Allen,37:04,Eric Gordon,36:09,Josh Okogie,30:04,Jusuf Nurkić,30:02,Yuta Watanabe,19:25,Nassir Little,17:55,Drew Eubanks,17:09,Jordan Goodwin,14:53,114,0,9,6.0,66.7,3.0,33.3,0.0,0.0,Cedi Osman,1,1,2023-2024,1.0,0,2.0,SAS,115,Devin Vassell,Julian Champagnie,3:03,,,,,,,,,,,35:52,Keldon Johnson,32:40,Jeremy Sochan,30:15,Victor Wembanyama,28:13,Zach Collins,27:27,Tre Jones,23:45,Charles Bassey,15:28,Doug McDermott,15:19,Malaki Branham,8:59
3,.500,6,75.000,1,,132,0,2,100.0,5,.625,2.0,100.0,2.0,8,0,,0,0.000,Logos via Sports Logos.net / About logos,W,https://www.basketball-reference.com/boxscores/202311020PHO.html,Away,121,22:29,0,0.0,PHO,Kevin Durant,Jordan Goodwin,9:33,,,,,,,,,,,36:38,Devin Booker,35:14,Grayson Allen,33:15,Drew Eubanks,26:38,Yuta Watanabe,26:01,Eric Gordon,24:13,Jusuf Nurkić,18:34,Keita Bates-Diop,17:45,Josh Okogie,12:09,121,1,13,4.0,30.8,9.0,69.2,0.0,0.0,Cedi Osman,11,1,2023-2024,1.0,0,2.0,SAS,132,Keldon Johnson,,,,,,,,,,,,,35:01,Zach Collins,34:49,Victor Wembanyama,34:21,Tre Jones,28:26,Jeremy Sochan,26:23,Malaki Branham,20:05,Devin Vassell,16:51,Doug McDermott,15:50,Charles Bassey,5:44
1,.500,2,33.333,3,1.50,123,0,4,100.0,3,.500,2.0,50.0,4.0,6,0,,0,0.000,Logos via Sports Logos.net / About logos,L,https://www.basketball-reference.com/boxscores/202311050SAS.html,Home,116,25:40,0,0.0,TOR,Scottie Barnes,Jalen McDaniels,4:58,,,,,,,,,,,42:11,Dennis Schröder,38:03,OG Anunoby,38:02,Pascal Siakam,35:49,Gary Trent Jr.,29:01,Jakob Poeltl,28:29,Otto Porter Jr.,19:20,Malachi Flynn,14:57,Gradey Dick,14:09,123,4,7,4.0,57.1,3.0,42.9,0.0,0.0,Cedi Osman,7,0,2023-2024,0.0,2,4.0,SAS,116,Zach Collins,,,,,,,,,,,,,38:14,Victor Wembanyama,37:54,Keldon Johnson,37:41,Tre Jones,32:01,Jeremy Sochan,28:49,Malaki Branham,25:22,Doug McDermott,24:00,Charles Bassey,8:39,Julian Champagnie,6:37
1,.500,2,33.333,2,2.00,111,0,2,66.7,2,.333,1.0,25.0,4.0,6,1,.500,2,33.333,Logos via Sports Logos.net / About logos,L,https://www.basketball-reference.com/boxscores/202311060IND.html,Away,152,18:40,1,33.3,IND,Obi Toppin,Ben Sheppard,12:00,Jalen Smith,11:51,Jordan Nwora,8:49,T.J. McConnell,8:49,Jarace Walker,8:49,,,27:20,Tyrese Haliburton,27:09,Bruce Brown,23:44,Bennedict Mathurin,21:54,Buddy Hield,21:06,Myles Turner,20:55,Aaron Nesmith,16:13,Andrew Nembhard,16:07,Isaiah Jackson,15:13,152,1,6,2.0,33.3,3.0,50.0,1.0,16.7,Cedi Osman,41,1,2023-2024,1.0,1,3.0,SAS,111,Malaki Branham,Devonte' Graham,12:00,Sandro Mamukelashvili,8:49,Dominick Barlow,7:35,Blake Wesley,7:35,,,,,28:27,Keldon Johnson,23:06,Victor Wembanyama,21:17,Jeremy Sochan,20:39,Zach Collins,19:40,Doug McDermott,19:32,Tre Jones,18:47,Charles Bassey,17:18,Julian Champagnie,16:35
0,.000,3,75.000,2,,105,0,2,66.7,1,.250,1.0,100.0,1.0,4,0,,0,0.000,Logos via Sports Logos.net / About logos,L,https://www.basketball-reference.com/boxscores/202311080NYK.html,Away,126,13:25,1,33.3,NYK,Jalen Brunson,Ryan Arcidiacono,1:32,DaQuan Jeffries,1:32,Miles McBride,1:32,Jericho Sims,1:32,Dylan Windler,1:20,,,32:45,RJ Barrett,31:44,Mitchell Robinson,31:13,Julius Randle,31:11,Immanuel Quickley,27:45,Josh Hart,24:06,Donte DiVincenzo,19:49,Quentin Grimes,18:43,Isaiah Hartenstein,15:15,126,0,2,2.0,100.0,0.0,0.0,0.0,0.0,Cedi Osman,21,0,2023-2024,0.0,0,3.0,SAS,105,Keldon Johnson,Blake Wesley,3:06,Dominick Barlow,3:06,Julian Champagnie,3:06,Sandro Mamukelashvili,3:06,,,,,33:04,Victor Wembanyama,30:11,Jeremy Sochan,29:14,Tre Jones,25:13,Zach Collins,24:30,Malaki Branham,23:34,Doug McDermott,21:38,Charles Bassey,14:52,Devin Vassell,11:55
0,.000,1,50.000,2,,117,0,0,,1,.500,1.0,100.0,1.0,2,0,,0,0.000,Logos via Sports Logos.net / About logos,L,https://www.basketball-reference.com/boxscores/202311100SAS.html,Home,110,16:05,0,,MIN,Anthony Edwards,,,,,,,,,,,,,37:07,Karl-Anthony Towns,34:17,Rudy Gobert,33:44,Mike Conley,31:05,Kyle Anderson,26:18,Jaden McDaniels,26:08,Nickeil Alexander-Walker,18:44,Naz Reid,18:14,Shake Milton,14:22,117,1,2,2.0,100.0,0.0,0.0,0.0,0.0,Cedi Osman,7,1,2023-2024,1.0,0,0.0,SAS,110,Victor Wembanyama,,,,,,,,,,,,,34:54,Devin Vassell,34:39,Keldon Johnson,33:15,Jeremy Sochan,29:42,Tre Jones,25:48,Zach Collins,24:01,Malaki Branham,16:11,Doug McDermott,14:16,Charles Bassey,11:09
1,1.000,1,33.333,0,,118,1,0,0.0,1,.333,0.0,0.0,2.0,3,0,,0,0.000,Logos via Sports Logos.net / About logos,L,https://www.basketball-reference.com/boxscores/202311120SAS.html,Home,113,20:14,1,100.0,MIA,Duncan Robinson,,,,,,,,,,,,,38:37,Jimmy Butler,36:31,Bam Adebayo,34:17,Jaime Jaquez Jr.,32:16,Dru Smith,26:50,Haywood Highsmith,26:09,Josh Richardson,26:08,Kevin Love,14:10,Thomas Bryant,5:00,118,2,3,0.0,0.0,3.0,100.0,0.0,0.0,Cedi Osman,5,0,2023-2024,1.0,0,1.0,SAS,113,Keldon Johnson,,,,,,,,,,,,,36:56,Victor Wembanyama,34:24,Jeremy Sochan,33:55,Zach Collins,33:13,Devin Vassell,33:13,Doug McDermott,21:14,Malaki Branham,20:29,Charles Bassey,6:21,,
2,.400,5,100.000,0,,87,0,0,,2,.400,0.0,,0.0,5,0,,0,0.000,Logos via Sports Logos.net / About logos,L,https://www.basketball-reference.com/boxscores/202311140OKC.html,Away,123,14:37,0,,OKC,Chet Holmgren,Isaiah Joe,13:38,Tre Mann,8:31,Lindy Waters III,5:12,Aaron Wiggins,5:12,Aleksej Pokusevski,4:40,,,29:39,Shai Gilgeous-Alexander,28:04,Josh Giddey,24:41,Luguentz Dort,23:38,Jalen Williams,23:12,Cason Wallace,21:09,Vasilije Micić,19:10,Jaylin Williams,18:21,Kenrich Williams,14:53,123,0,6,0.0,0.0,6.0,100.0,0.0,0.0,Cedi Osman,36,0,2023-2024,0.0,0,0.0,SAS,87,Zach Collins,Dominick Barlow,5:12,,,,,,,,,,,31:01,Julian Champagnie,30:44,Victor Wembanyama,28:20,Jeremy Sochan,27:42,Malaki Branham,25:43,Devin Vassell,24:41,Doug McDermott,18:07,Devonte' Graham,17:03,Charles Bassey,16:50
1,.500,2,66.667,1,,129,0,2,100.0,1,.333,0.0,0.0,1.0,3,0,,0,0.000,Logos via Sports Logos.net / About logos,L,https://www.basketball-reference.com/boxscores/202311170SAS.html,Home,120,15:06,0,0.0,SAC,De'Aaron Fox,JaVale McGee,7:32,,,,,,,,,,,40:43,Keegan Murray,38:29,Domantas Sabonis,35:17,Harrison Barnes,25:39,Malik Monk,25:31,Kevin Huerter,25:25,Sasha Vezenkov,16:56,Chris Duarte,14:50,Keon Ellis,9:37,129,1,3,0.0,0.0,3.0,100.0,0.0,0.0,Cedi Osman,9,0,2023-2024,0.0,0,2.0,SAS,120,Jeremy Sochan,Charles Bassey,2:27,,,,,,,,,,,36:48,Keldon Johnson,35:51,Zach Collins,33:55,Victor Wembanyama,30:28,Malaki Branham,27:54,Julian Champagnie,25:18,Doug McDermott,16:16,Sandro Mamukelashvili,12:09,Blake Wesley,3:45
3,.429,7,70.000,1,1.00,120,0,3,60.0,4,.400,1.0,33.3,3.0,10,2,1.000,2,20.000,Logos via Sports Logos.net / About logos,L,https://www.basketball-reference.com/boxscores/202311180SAS.html,Home,108,23:35,2,40.0,MEM,Santi Aldama,Kenneth Lofton Jr.,11:41,,,,,,,,,,,35:40,Desmond Bane,34:04,Bismack Biyombo,31:19,Jaren Jackson Jr.,26:46,David Roddy,25:44,Ziaire Williams,24:56,John Konchar,23:06,Derrick Rose,14:15,Jacob Gilyard,12:29,120,1,13,2.0,15.4,9.0,69.2,2.0,15.4,Cedi Osman,12,1,2023-2024,1.0,1,5.0,SAS,108,Keldon Johnson,Charles Bassey,3:47,Dominick Barlow,2:44,,,,,,,,,33:26,Jeremy Sochan,32:04,Victor Wembanyama,31:07,Zach Collins,26:12,Tre Jones,21:22,Julian Champagnie,20:00,Malaki Branham,18:21,Doug McDermott,16:04,Sandro Mamukelashvili,11:18
2,.500,4,40.000,1,,124,0,3,60.0,7,.700,5.0,83.3,6.0,10,1,1.000,1,10.000,Logos via Sports Logos.net / About logos,L,https://www.basketball-reference.com/boxscores/202311200SAS.html,Home,99,22:30,2,40.0,LAC,Paul George,Moussa Diabaté,4:15,Bones Hyland,4:15,Amir Coffey,4:15,,,,,,,31:52,Norman Powell,29:44,Kawhi Leonard,28:04,James Harden,28:04,Russell Westbrook,25:28,Terance Mann,24:36,Ivica Zubac,22:16,Daniel Theis,21:29,P.J. Tucker,15:40,124,4,17,10.0,58.8,6.0,35.3,1.0,5.9,Cedi Osman,25,0,2023-2024,0.0,0,5.0,SAS,99,Keldon Johnson,Sidy Cissoko,4:15,,,,,,,,,,,31:39,Jeremy Sochan,29:24,Zach Collins,27:37,Victor Wembanyama,26:33,Tre Jones,22:57,Julian Champagnie,22:49,Malaki Branham,20:37,Charles Bassey,17:53,Doug McDermott,13:45
1,.333,3,50.000,0,,109,0,1,100.0,2,.333,1.0,33.3,3.0,6,0,,0,0.000,Logos via Sports Logos.net / About logos,L,https://www.basketball-reference.com/boxscores/202311220SAS.html,Home,102,18:52,0,0.0,LAC,Paul George,Amir Coffey,10:10,,,,,,,,,,,36:02,Kawhi Leonard,35:47,James Harden,35:47,Russell Westbrook,27:01,Ivica Zubac,25:54,Terance Mann,22:33,Daniel Theis,20:21,Norman Powell,13:39,P.J. Tucker,12:45,109,3,5,2.0,40.0,3.0,60.0,0.0,0.0,Cedi Osman,7,2,2023-2024,2.0,0,1.0,SAS,102,Keldon Johnson,Charles Bassey,1:57,,,,,,,,,,,36:02,Victor Wembanyama,32:47,Jeremy Sochan,31:33,Zach Collins,28:19,Devin Vassell,26:55,Malaki Branham,21:14,Tre Jones,19:55,Doug McDermott,13:46,Dominick Barlow,8:39
1,.167,6,54.545,0,0.00,112,0,0,0.0,5,.455,4.0,80.0,5.0,11,0,,0,0.000,Logos via Sports Logos.net / About logos,L,https://www.basketball-reference.com/boxscores/202311240GSW.html,Away,118,17:52,1,100.0,GSW,Stephen Curry,Brandin Podziemski,11:46,Trayce Jackson-Davis,5:23,,,,,,,,,34:49,Chris Paul,28:58,Klay Thompson,28:49,Dario Šarić,26:17,Andrew Wiggins,24:40,Kevon Looney,23:38,Jonathan Kuminga,20:14,Gary Payton II,18:30,Moses Moody,16:54,118,3,11,8.0,72.7,3.0,27.3,0.0,0.0,Cedi Osman,6,0,2023-2024,0.0,1,1.0,SAS,112,Victor Wembanyama,,,,,,,,,,,,,35:09,Keldon Johnson,34:04,Jeremy Sochan,32:58,Zach Collins,30:30,Devin Vassell,27:21,Doug McDermott,19:16,Malaki Branham,18:50,Tre Jones,16:57,Charles Bassey,7:03
1,.333,3,60.000,3,1.00,120,0,2,66.7,1,.200,0.0,0.0,2.0,5,4,1.000,4,80.000,Logos via Sports Logos.net / About logos,L,https://www.basketball-reference.com/boxscores/202311260DEN.html,Away,132,15:51,1,33.3,DEN,Nikola Jokić,Jay Huff,1:31,Collin Gillespie,1:31,Braxton Key,1:31,Jalen Pickett,1:31,Hunter Tyson,1:23,Zeke Nnaji,1:06,34:12,Michael Porter Jr.,32:52,Kentavious Caldwell-Pope,31:28,Reggie Jackson,28:15,Justin Holiday,27:27,Christian Braun,24:34,Peyton Watson,21:36,Julian Strawther,18:45,DeAndre Jordan,12:17,132,2,7,0.0,0.0,3.0,42.9,4.0,57.1,Cedi Osman,12,0,2023-2024,0.0,3,3.0,SAS,120,Keldon Johnson,Doug McDermott,12:08,Devonte' Graham,6:32,Sandro Mamukelashvili,6:32,,,,,,,30:47,Devin Vassell,26:14,Victor Wembanyama,24:56,Malaki Branham,24:47,Tre Jones,22:20,Zach Collins,20:39,Jeremy Sochan,17:10,Julian Champagnie,16:48,Charles Bassey,15:15
1,.200,5,71.429,2,2.00,137,0,1,100.0,1,.143,0.0,0.0,2.0,7,0,,0,0.000,Logos via Sports Logos.net / About logos,L,https://www.basketball-reference.com/boxscores/202311300SAS.html,Home,135,15:27,0,0.0,ATL,Trae Young,,,,,,,,,,,,,39:57,Dejounte Murray,34:46,Saddiq Bey,33:58,Bogdan Bogdanović,31:44,Onyeka Okongwu,28:04,Clint Capela,22:54,De'Andre Hunter,21:42,Wesley Matthews,14:41,Garrison Mathews,12:14,137,3,3,0.0,0.0,3.0,100.0,0.0,0.0,Cedi Osman,2,0,2023-2024,0.0,1,1.0,SAS,135,Jeremy Sochan,,,,,,,,,,,,,35:48,Zach Collins,33:41,Keldon Johnson,32:32,Victor Wembanyama,29:17,Devin Vassell,27:02,Tre Jones,24:16,Julian Champagnie,20:07,Malaki Branham,17:26,Charles Bassey,4:24
2,.400,5,55.556,5,,106,1,2,100.0,4,.444,2.0,50.0,4.0,9,1,.500,2,22.222,Logos via Sports Logos.net / About logos,L,https://www.basketball-reference.com/boxscores/202312010NOP.html,Away,121,27:23,0,0.0,NOP,CJ McCollum,Dyson Daniels,11:32,,,,,,,,,,,38:04,Brandon Ingram,33:35,Herbert Jones,30:52,Jonas Valančiūnas,30:34,Zion Williamson,26:08,Trey Murphy III,22:14,Naji Marshall,18:32,Jordan Hawkins,15:04,Cody Zeller,13:25,121,3,11,4.0,36.4,6.0,54.5,1.0,9.1,Cedi Osman,15,0,2023-2024,1.0,0,2.0,SAS,106,Keldon Johnson,Dominick Barlow,2:48,Blake Wesley,2:48,,,,,,,,,33:12,Jeremy Sochan,31:16,Devin Vassell,26:32,Zach Collins,24:05,Tre Jones,22:41,Julian Champagnie,22:14,Malaki Branham,21:32,Charles Bassey,19:25,Sandro Mamukelashvili,6:04
0,.000,3,37.500,6,6.00,94,0,6,75.0,3,.375,3.0,60.0,5.0,8,0,.000,2,25.000,Logos via Sports Logos.net / About logos,L,https://www.basketball-reference.com/boxscores/202312060MIN.html,Away,102,32:09,2,25.0,MIN,Anthony Edwards,,,,,,,,,,,,,36:53,Mike Conley,32:55,Karl-Anthony Towns,32:04,Rudy Gobert,30:12,Naz Reid,28:59,Troy Brown Jr.,25:17,Kyle Anderson,21:59,Nickeil Alexander-Walker,19:39,Shake Milton,12:02,102,2,6,6.0,100.0,0.0,0.0,0.0,0.0,Cedi Osman,8,2,2023-2024,2.0,1,8.0,SAS,94,Victor Wembanyama,,,,,,,,,,,,,32:25,Keldon Johnson,31:51,Devin Vassell,31:16,Zach Collins,28:00,Tre Jones,26:13,Doug McDermott,22:01,Jeremy Sochan,21:57,Malaki Branham,10:21,Julian Champagnie,3:47
1,.250,4,57.143,1,,121,1,1,100.0,3,.429,2.0,66.7,3.0,7,0,,0,0.000,Logos via Sports Logos.net / About logos,L,https://www.basketball-reference.com/boxscores/202312080SAS.html,Home,112,9:59,0,0.0,CHI,Coby White,Julian Phillips,4:12,,,,,,,,,,,39:07,DeMar DeRozan,38:38,Nikola Vučević,36:00,Patrick Williams,34:23,Ayo Dosunmu,26:02,Torrey Craig,22:36,Alex Caruso,18:25,Andre Drummond,12:00,Jevon Carter,8:37,121,1,7,4.0,57.1,3.0,42.9,0.0,0.0,Cedi Osman,9,0,2023-2024,1.0,0,1.0,SAS,112,Keldon Johnson,,,,,,,,,,,,,34:47,Jeremy Sochan,33:59,Devin Vassell,33:36,Victor Wembanyama,31:49,Tre Jones,28:22,Malaki Branham,23:29,Zach Collins,23:11,Doug McDermott,14:54,Julian Champagnie,5:54
0,.000,2,28.571,1,0.50,82,0,2,100.0,4,.571,4.0,80.0,5.0,7,2,.500,4,57.143,Logos via Sports Logos.net / About logos,L,https://www.basketball-reference.com/boxscores/202312110HOU.html,Away,93,12:40,0,0.0,HOU,Fred VanVleet,Jae'Sean Tate,9:27,,,,,,,,,,,39:17,Jabari Smith Jr.,35:39,Alperen Sengun,30:25,Dillon Brooks,29:35,Tari Eason,26:34,Jalen Green,24:26,Jeff Green,18:47,Aaron Holiday,15:26,Amen Thompson,10:21,93,1,10,8.0,80.0,0.0,0.0,2.0,20.0,Cedi Osman,11,0,2023-2024,0.0,2,2.0,SAS,82,Keldon Johnson,Sandro Mamukelashvili,3:47,,,,,,,,,,,36:38,Jeremy Sochan,35:20,Malaki Branham,34:02,Victor Wembanyama,33:00,Devin Vassell,31:15,Tre Jones,16:29,Doug McDermott,14:59,Zach Collins,13:38,Julian Champagnie,8:12
1,.500,2,50.000,2,,122,0,7,100.0,2,.500,1.0,50.0,2.0,4,0,,0,0.000,Logos via Sports Logos.net / About logos,L,https://www.basketball-reference.com/boxscores/202312130SAS.html,Home,119,16:40,0,0.0,LAL,Anthony Davis,Jaxson Hayes,7:21,,,,,,,,,,,37:40,D'Angelo Russell,32:33,Taurean Prince,32:17,Austin Reaves,29:11,Cam Reddish,24:20,Rui Hachimura,24:12,Christian Wood,21:27,Jarred Vanderbilt,16:49,Max Christie,14:10,122,0,5,2.0,40.0,3.0,60.0,0.0,0.0,Cedi Osman,3,0,2023-2024,0.0,0,7.0,SAS,119,Keldon Johnson,,,,,,,,,,,,,35:41,Devin Vassell,35:03,Victor Wembanyama,32:30,Jeremy Sochan,29:17,Malaki Branham,28:24,Tre Jones,22:12,Zach Collins,18:44,Doug McDermott,15:03,Julian Champagnie,6:26
3,.500,6,54.545,6,,115,0,2,100.0,6,.545,3.0,60.0,5.0,11,0,,0,0.000,Logos via Sports Logos.net / About logos,W,https://www.basketball-reference.com/boxscores/202312150SAS.html,Home,129,24:56,0,0.0,LAL,Taurean Prince,Colin Castleton,5:29,,,,,,,,,,,35:58,LeBron James,35:56,Rui Hachimura,34:09,Austin Reaves,34:04,Christian Wood,30:21,Max Christie,23:16,Jaxson Hayes,19:50,Jarred Vanderbilt,12:53,D'Moi Hodge,8:04,115,2,15,6.0,40.0,9.0,60.0,0.0,0.0,Cedi Osman,14,0,2023-2024,0.0,0,2.0,SAS,129,Devin Vassell,Sandro Mamukelashvili,1:48,Blake Wesley,1:48,,,,,,,,,35:11,Malaki Branham,32:39,Victor Wembanyama,30:50,Keldon Johnson,30:44,Jeremy Sochan,26:57,Zach Collins,18:49,Doug McDermott,17:24,Devonte' Graham,9:43,Julian Champagnie,9:11
1,.500,2,28.571,0,0.00,146,0,3,100.0,5,.714,4.0,80.0,5.0,7,3,.750,4,57.143,Logos via Sports Logos.net / About logos,L,https://www.basketball-reference.com/boxscores/202312170SAS.html,Home,110,16:48,0,0.0,NOP,Brandon Ingram,Dyson Daniels,17:33,Jordan Hawkins,12:23,Jeremiah Robinson-Earl,4:24,,,,,,,26:54,CJ McCollum,26:20,Zion Williamson,25:53,Trey Murphy III,24:42,Jonas Valančiūnas,23:07,Jose Alvarado,21:40,Naji Marshall,19:36,Herbert Jones,19:01,Cody Zeller,18:27,146,2,14,8.0,57.1,3.0,21.4,3.0,21.4,Cedi Osman,36,0,2023-2024,0.0,1,3.0,SAS,110,Keldon Johnson,Sandro Mamukelashvili,7:57,Devonte' Graham,6:50,,,,,,,,,31:34,Victor Wembanyama,31:07,Devin Vassell,29:44,Malaki Branham,29:41,Jeremy Sochan,25:29,Zach Collins,16:11,Tre Jones,15:53,Doug McDermott,15:00,Julian Champagnie,13:46
0,.000,3,75.000,3,1.50,95,0,1,100.0,0,.000,0.0,0.0,1.0,4,2,1.000,2,50.000,Logos via Sports Logos.net / About logos,L,https://www.basketball-reference.com/boxscores/202312210CHI.html,Away,114,11:14,0,0.0,CHI,Coby White,Julian Phillips,4:12,Terry Taylor,2:24,,,,,,,,,36:13,DeMar DeRozan,35:55,Patrick Williams,30:53,Nikola Vučević,26:36,Ayo Dosunmu,26:23,Alex Caruso,21:42,Jevon Carter,19:12,Andre Drummond,19:00,Dalen Terry,17:30,114,1,2,0.0,0.0,0.0,0.0,2.0,100.0,Cedi Osman,19,0,2023-2024,0.0,2,1.0,SAS,95,Jeremy Sochan,Blake Wesley,2:48,Sidy Cissoko,2:48,Sandro Mamukelashvili,2:48,,,,,,,33:58,Keldon Johnson,32:19,Devin Vassell,31:22,Malaki Branham,29:16,Zach Collins,27:50,Victor Wembanyama,22:13,Tre Jones,21:01,Doug McDermott,11:34,Julian Champagnie,10:49
1,.500,2,66.667,2,,119,0,0,,1,.333,0.0,0.0,1.0,3,0,,0,0.000,Logos via Sports Logos.net / About logos,L,https://www.basketball-reference.com/boxscores/202312230DAL.html,Away,144,9:48,0,,DAL,Dante Exum,Dexter Dennis,5:32,Greg Brown III,4:36,,,,,,,,,31:57,Luka Dončić,31:37,A.J. Lawson,30:35,Tim Hardaway Jr.,30:21,Grant Williams,24:57,Derrick Jones Jr.,24:20,Dwight Powell,22:10,Jaden Hardy,21:55,Olivier-Maxence Prosper,12:00,144,1,3,0.0,0.0,3.0,100.0,0.0,0.0,Cedi Osman,25,1,2023-2024,1.0,0,0.0,SAS,119,Devin Vassell,Blake Wesley,11:59,Devonte' Graham,8:19,Doug McDermott,6:00,,,,,,,30:21,Jeremy Sochan,29:53,Zach Collins,28:03,Malaki Branham,24:20,Keldon Johnson,23:02,Julian Champagnie,21:28,Tre Jones,17:51,Sandro Mamukelashvili,14:33,Sidy Cissoko,14:23
0,.000,1,50.000,3,,130,0,2,100.0,0,.000,0.0,0.0,1.0,2,1,.250,4,200.000,Logos via Sports Logos.net / About logos,L,https://www.basketball-reference.com/boxscores/202312260SAS.html,Home,118,12:55,0,0.0,UTA,Lauri Markkanen,Walker Kessler,17:57,Taylor Hendricks,2:08,Luka Šamanić,2:08,Brice Sensabaugh,2:08,Omer Yurtseven,2:08,,,30:53,Collin Sexton,28:52,Jordan Clarkson,27:00,Keyonte George,24:25,Kelly Olynyk,23:23,Simone Fontecchio,22:41,Ochai Agbaji,19:28,Kris Dunn,18:46,John Collins,18:03,130,0,1,0.0,0.0,0.0,0.0,1.0,100.0,Cedi Osman,12,0,2023-2024,0.0,0,2.0,SAS,118,Devin Vassell,Blake Wesley,10:10,Sidy Cissoko,2:08,Sandro Mamukelashvili,2:08,,,,,,,33:43,Keldon Johnson,29:54,Jeremy Sochan,27:21,Tre Jones,26:57,Julian Champagnie,24:42,Victor Wembanyama,24:26,Zach Collins,17:37,Malaki Branham,17:08,Doug McDermott,10:51
0,,0,0.000,2,,118,0,2,100.0,2,.667,2.0,66.7,3.0,3,0,,0,0.000,Logos via Sports Logos.net / About logos,W,https://www.basketball-reference.com/boxscores/202312280POR.html,Away,105,15:33,0,0.0,POR,Jerami Grant,Ish Wainright,5:30,,,,,,,,,,,40:31,Malcolm Brogdon,36:47,Scoot Henderson,36:19,Jabari Walker,29:35,Matisse Thybulle,28:26,Toumani Camara,21:04,Ibou Badji,14:08,Skylar Mays,13:56,Moses Brown,13:44,105,0,4,4.0,100.0,0.0,0.0,0.0,0.0,Cedi Osman,13,0,2023-2024,0.0,0,2.0,SAS,118,Devin Vassell,Sandro Mamukelashvili,1:02,Blake Wesley,1:02,,,,,,,,,35:05,Keldon Johnson,31:04,Jeremy Sochan,30:34,Malaki Branham,28:31,Tre Jones,25:48,Victor Wembanyama,24:21,Zach Collins,16:41,Doug McDermott,15:57,Julian Champagnie,14:22
0,.000,1,25.000,2,,128,0,4,100.0,2,.500,2.0,66.7,3.0,4,0,,0,0.000,Logos via Sports Logos.net / About logos,L,https://www.basketball-reference.com/boxscores/202312290POR.html,Away,134,17:40,0,0.0,POR,Jerami Grant,,,,,,,,,,,,,39:23,Scoot Henderson,36:41,Malcolm Brogdon,36:36,Toumani Camara,36:26,Jabari Walker,29:45,Matisse Thybulle,27:27,Skylar Mays,19:41,Ibou Badji,10:20,Moses Brown,3:41,134,1,4,4.0,100.0,0.0,0.0,0.0,0.0,Cedi Osman,6,0,2023-2024,0.0,0,4.0,SAS,128,Keldon Johnson,Sandro Mamukelashvili,7:30,,,,,,,,,,,32:12,Devin Vassell,31:19,Malaki Branham,28:50,Jeremy Sochan,28:38,Tre Jones,26:57,Doug McDermott,22:34,Zach Collins,18:21,Dominick Barlow,14:15,Julian Champagnie,11:44
1,.500,2,50.000,2,,134,0,0,,2,.500,1.0,50.0,2.0,4,0,,0,0.000,Logos via Sports Logos.net / About logos,L,https://www.basketball-reference.com/boxscores/202312310SAS.html,Home,101,16:02,0,,BOS,Jayson Tatum,Dalano Banton,10:34,Svi Mykhailiuk,8:00,Lamar Stevens,7:04,Neemias Queta,5:17,,,,,30:50,Kristaps Porziņģis,29:33,Jaylen Brown,26:20,Derrick White,25:44,Oshae Brissett,21:27,Sam Hauser,20:16,Al Horford,19:39,Payton Pritchard,18:58,Luke Kornet,16:18,134,2,5,2.0,40.0,3.0,60.0,0.0,0.0,Cedi Osman,33,1,2023-2024,1.0,0,0.0,SAS,101,Devin Vassell,Dominick Barlow,12:34,Devonte' Graham,8:00,Sidy Cissoko,8:00,,,,,,,31:25,Jeremy Sochan,24:12,Victor Wembanyama,23:42,Malaki Branham,22:57,Tre Jones,22:21,Sandro Mamukelashvili,19:44,Julian Champagnie,18:44,Blake Wesley,16:35,Doug McDermott,15:44
0,.000,2,66.667,2,1.00,98,0,6,100.0,0,.000,0.0,0.0,1.0,3,0,,0,0.000,Logos via Sports Logos.net / About logos,L,https://www.basketball-reference.com/boxscores/202401020MEM.html,Away,106,12:29,0,0.0,MEM,Ja Morant,John Konchar,0:20,David Roddy,0:20,Xavier Tillman Sr.,0:20,Ziaire Williams,0:20,,,,,35:19,Desmond Bane,34:15,Jaren Jackson Jr.,32:01,Marcus Smart,29:43,Santi Aldama,28:08,Bismack Biyombo,27:56,Vince Williams Jr.,21:58,Luke Kennard,20:43,Derrick Rose,8:37,106,2,0,0.0,,0.0,,0.0,,Cedi Osman,8,0,2023-2024,0.0,2,6.0,SAS,98,Devin Vassell,Malaki Branham,7:29,Sandro Mamukelashvili,2:03,,,,,,,,,34:06,Keldon Johnson,31:13,Jeremy Sochan,27:44,Victor Wembanyama,26:04,Tre Jones,25:02,Julian Champagnie,22:28,Blake Wesley,21:23,Doug McDermott,16:13,Dominick Barlow,13:46
3,.500,6,85.714,5,5.00,125,0,2,100.0,4,.571,1.0,100.0,1.0,7,2,.667,3,42.857,Logos via Sports Logos.net / About logos,L,https://www.basketball-reference.com/boxscores/202401040SAS.html,Home,121,28:09,0,0.0,MIL,Giannis Antetokounmpo,Andre Jackson Jr.,4:58,,,,,,,,,,,39:30,Damian Lillard,38:32,Brook Lopez,33:14,Pat Connaughton,28:20,Malik Beasley,26:35,Bobby Portis,20:44,MarJon Beauchamp,17:18,Khris Middleton,15:29,Cameron Payne,15:19,125,3,13,2.0,15.4,9.0,69.2,2.0,15.4,Cedi Osman,4,3,2023-2024,3.0,1,2.0,SAS,121,Tre Jones,,,,,,,,,,,,,35:10,Devin Vassell,34:48,Jeremy Sochan,32:35,Keldon Johnson,29:58,Victor Wembanyama,26:11,Julian Champagnie,20:54,Blake Wesley,14:56,Dominick Barlow,14:47,Sandro Mamukelashvili,2:30
1,.250,4,57.143,1,,115,0,4,66.7,4,.571,3.0,100.0,3.0,7,0,,0,0.000,Logos via Sports Logos.net / About logos,L,https://www.basketball-reference.com/boxscores/202401070CLE.html,Away,117,20:55,2,33.3,CLE,Max Strus,Craig Porter Jr.,3:40,,,,,,,,,,,37:28,Donovan Mitchell,36:52,Jarrett Allen,31:09,Isaac Okoro,27:02,Georges Niang,26:55,Caris LeVert,26:28,Sam Merrill,22:37,Tristan Thompson,16:51,Dean Wade,10:58,117,1,9,6.0,66.7,3.0,33.3,0.0,0.0,Cedi Osman,2,1,2023-2024,1.0,0,6.0,SAS,115,Devin Vassell,,,,,,,,,,,,,35:05,Tre Jones,34:25,Keldon Johnson,32:58,Jeremy Sochan,27:50,Victor Wembanyama,24:37,Dominick Barlow,22:09,Julian Champagnie,15:31,Malaki Branham,15:00,Blake Wesley,11:30
1,.333,3,50.000,3,,130,0,5,83.3,4,.667,3.0,100.0,3.0,6,2,.667,3,50.000,Logos via Sports Logos.net / About logos,W,https://www.basketball-reference.com/boxscores/202401100DET.html,Away,108,20:51,1,16.7,DET,Bojan Bogdanović,Ausar Thompson,15:02,Joe Harris,5:45,,,,,,,,,32:43,Killian Hayes,31:31,Jaden Ivey,30:25,Jalen Duren,30:19,Kevin Knox,23:37,Alec Burks,19:35,James Wiseman,17:29,Isaiah Livers,17:05,Marcus Sasser,16:29,108,0,11,6.0,54.5,3.0,27.3,2.0,18.2,Cedi Osman,22,2,2023-2024,2.0,0,6.0,SAS,130,Jeremy Sochan,Blake Wesley,6:27,Mamadi Diakite,1:30,Sandro Mamukelashvili,1:30,,,,,,,28:22,Devin Vassell,27:28,Tre Jones,27:05,Keldon Johnson,24:54,Dominick Barlow,24:03,Victor Wembanyama,21:02,Julian Champagnie,20:55,Malaki Branham,20:55,Doug McDermott,14:58
2,1.000,2,50.000,1,0.33,99,0,3,75.0,4,1.000,2.0,100.0,2.0,4,1,.500,2,50.000,Logos via Sports Logos.net / About logos,W,https://www.basketball-reference.com/boxscores/202401120SAS.html,Home,135,13:44,1,25.0,CHO,Miles Bridges,Brandon Miller,9:27,Leaky Black,7:22,James Bouknight,5:47,,,,,,,32:49,Terry Rozier,28:23,LaMelo Ball,26:42,Nick Smith Jr.,24:30,Bryce McGowens,23:30,Nick Richards,22:11,Ish Smith,21:33,JT Thor,18:58,Nathan Mensah,18:47,99,2,11,4.0,36.4,6.0,54.5,1.0,9.1,Cedi Osman,36,1,2023-2024,1.0,3,4.0,SAS,135,Devin Vassell,Doug McDermott,11:37,Mamadi Diakite,9:38,Devonte' Graham,9:38,Sandro Mamukelashvili,9:38,,,,,25:38,Jeremy Sochan,25:37,Tre Jones,21:38,Julian Champagnie,20:32,Malaki Branham,20:28,Victor Wembanyama,19:41,Keldon Johnson,18:39,Dominick Barlow,16:55,Blake Wesley,16:37
3,.600,5,100.000,1,,122,0,2,100.0,3,.600,0.0,,0.0,5,0,,0,0.000,Logos via Sports Logos.net / About logos,L,https://www.basketball-reference.com/boxscores/202401130SAS.html,Home,116,22:52,0,0.0,CHI,Zach LaVine,,,,,,,,,,,,,35:44,DeMar DeRozan,34:25,Alex Caruso,33:23,Coby White,32:14,Nikola Vučević,31:09,Ayo Dosunmu,29:20,Jevon Carter,23:47,Andre Drummond,16:51,Dalen Terry,3:07,122,3,9,0.0,0.0,9.0,100.0,0.0,0.0,Cedi Osman,6,1,2023-2024,1.0,0,2.0,SAS,116,Devin Vassell,,,,,,,,,,,,,33:51,Tre Jones,32:26,Jeremy Sochan,31:10,Keldon Johnson,29:44,Dominick Barlow,22:13,Malaki Branham,21:43,Sandro Mamukelashvili,18:10,Julian Champagnie,16:42,Blake Wesley,11:09
1,.200,5,100.000,0,0.00,99,0,1,100.0,1,.200,0.0,,0.0,5,0,,0,0.000,Logos via Sports Logos.net / About logos,L,https://www.basketball-reference.com/boxscores/202401150ATL.html,Away,109,11:59,0,0.0,ATL,Trae Young,,,,,,,,,,,,,37:36,Jalen Johnson,37:36,Dejounte Murray,32:50,Saddiq Bey,32:50,Bogdan Bogdanović,25:34,Clint Capela,24:51,Onyeka Okongwu,23:09,Garrison Mathews,13:12,Trent Forrest,12:22,109,3,3,0.0,0.0,3.0,100.0,0.0,0.0,Cedi Osman,10,0,2023-2024,0.0,1,1.0,SAS,99,Jeremy Sochan,Malaki Branham,9:51,Sandro Mamukelashvili,1:24,,,,,,,,,38:05,Devin Vassell,30:27,Tre Jones,30:11,Victor Wembanyama,27:05,Keldon Johnson,26:10,Julian Champagnie,20:05,Dominick Barlow,16:48,Doug McDermott,15:16,Blake Wesley,12:38
0,,0,0.000,1,,98,0,3,60.0,1,.500,1.0,50.0,2.0,2,0,,0,0.000,Logos via Sports Logos.net / About logos,L,https://www.basketball-reference.com/boxscores/202401170BOS.html,Away,117,11:59,2,40.0,BOS,Jayson Tatum,Lamar Stevens,4:49,Dalano Banton,3:54,Svi Mykhailiuk,3:54,JD Davison,3:03,Jordan Walsh,3:03,,,31:33,Jrue Holiday,31:17,Jaylen Brown,31:17,Luke Kornet,30:25,Payton Pritchard,27:07,Al Horford,24:33,Sam Hauser,20:02,Oshae Brissett,12:58,Neemias Queta,12:05,117,2,2,2.0,100.0,0.0,0.0,0.0,0.0,Cedi Osman,19,0,2023-2024,0.0,0,5.0,SAS,98,Devin Vassell,Blake Wesley,7:25,Mamadi Diakite,4:49,Sandro Mamukelashvili,4:49,Devonte' Graham,4:46,,,,,32:00,Jeremy Sochan,30:31,Tre Jones,26:44,Victor Wembanyama,26:36,Keldon Johnson,23:13,Dominick Barlow,21:24,Julian Champagnie,17:31,Malaki Branham,16:27,Doug McDermott,11:46
1,1.000,1,25.000,1,,120,0,3,100.0,2,.500,1.0,33.3,3.0,4,0,,0,0.000,Logos via Sports Logos.net / About logos,L,https://www.basketball-reference.com/boxscores/202401190CHO.html,Away,124,12:43,0,0.0,CHO,Miles Bridges,,,,,,,,,,,,,38:43,Brandon Miller,35:06,Terry Rozier,34:24,LaMelo Ball,31:32,P.J. Washington,27:56,Cody Martin,25:11,Nathan Mensah,20:04,Nick Smith Jr.,17:47,JT Thor,9:17,124,1,5,2.0,40.0,3.0,60.0,0.0,0.0,Cedi Osman,4,0,2023-2024,0.0,0,3.0,SAS,120,Devin Vassell,Malaki Branham,7:31,,,,,,,,,,,35:51,Jeremy Sochan,34:28,Tre Jones,31:50,Keldon Johnson,29:16,Zach Collins,25:57,Dominick Barlow,19:29,Julian Champagnie,18:43,Blake Wesley,14:47,Doug McDermott,9:25
1,.333,3,100.000,4,,131,0,3,100.0,1,.333,0.0,,0.0,3,0,,0,0.000,Logos via Sports Logos.net / About logos,W,https://www.basketball-reference.com/boxscores/202401200WAS.html,Away,127,17:21,0,0.0,WAS,Marvin Bagley III,Landry Shamet,6:18,,,,,,,,,,,35:38,Deni Avdija,32:29,Kyle Kuzma,29:04,Jordan Poole,28:44,Tyus Jones,27:35,Corey Kispert,24:38,Bilal Coulibaly,23:00,Delon Wright,20:12,Patrick Baldwin Jr.,12:22,127,1,3,0.0,0.0,3.0,100.0,0.0,0.0,Cedi Osman,4,0,2023-2024,0.0,0,3.0,SAS,131,Devin Vassell,Malaki Branham,4:25,,,,,,,,,,,33:37,Tre Jones,32:13,Keldon Johnson,28:14,Jeremy Sochan,28:13,Victor Wembanyama,27:45,Julian Champagnie,22:53,Zach Collins,20:15,Blake Wesley,15:08,Doug McDermott,9:56
0,,0,0.000,1,,123,0,3,100.0,1,1.000,1.0,100.0,1.0,1,0,,0,0.000,Logos via Sports Logos.net / About logos,L,https://www.basketball-reference.com/boxscores/202401220PHI.html,Away,133,11:21,0,0.0,PHI,Tyrese Maxey,Ricky Council IV,1:04,Terquavion Smith,1:04,,,,,,,,,41:35,Joel Embiid,36:38,Tobias Harris,34:40,Nicolas Batum,32:39,Kelly Oubre Jr.,24:35,Danuel House Jr.,23:08,KJ Martin,17:20,Paul Reed,13:49,Furkan Korkmaz,13:28,133,2,2,2.0,100.0,0.0,0.0,0.0,0.0,Cedi Osman,10,0,2023-2024,0.0,0,3.0,SAS,123,Devin Vassell,,,,,,,,,,,,,37:56,Tre Jones,33:17,Jeremy Sochan,33:16,Victor Wembanyama,28:21,Doug McDermott,21:35,Keldon Johnson,20:49,Zach Collins,19:39,Blake Wesley,18:51,Julian Champagnie,14:55
1,.333,3,60.000,0,,140,1,0,,3,.600,2.0,100.0,2.0,5,2,.667,3,60.000,Logos via Sports Logos.net / About logos,L,https://www.basketball-reference.com/boxscores/202401240SAS.html,Home,114,14:03,0,,OKC,Chet Holmgren,Jaylin Williams,11:05,Kenrich Williams,10:19,Dāvis Bertāns,5:02,Aleksej Pokusevski,4:45,Keyontae Johnson,4:45,,,30:08,Shai Gilgeous-Alexander,29:28,Jalen Williams,29:17,Luguentz Dort,25:22,Cason Wallace,22:36,Josh Giddey,22:05,Aaron Wiggins,18:32,Vasilije Micić,13:47,Isaiah Joe,12:49,140,0,9,4.0,44.4,3.0,33.3,2.0,22.2,Cedi Osman,26,0,2023-2024,1.0,0,0.0,SAS,114,Devin Vassell,Devonte' Graham,4:45,Sandro Mamukelashvili,4:36,,,,,,,,,34:26,Blake Wesley,28:22,Victor Wembanyama,27:46,Malaki Branham,27:30,Jeremy Sochan,24:18,Julian Champagnie,20:45,Keldon Johnson,19:02,Zach Collins,17:24,Doug McDermott,17:03
0,.000,1,25.000,1,0.50,100,1,3,100.0,3,.750,3.0,100.0,3.0,4,1,1.000,1,25.000,Logos via Sports Logos.net / About logos,W,https://www.basketball-reference.com/boxscores/202401260SAS.html,Home,116,17:30,0,0.0,POR,Anfernee Simons,Rayan Rupert,8:25,Scoot Henderson,6:27,Taze Moore,1:15,,,,,,,40:51,Jabari Walker,36:51,Deandre Ayton,34:07,Matisse Thybulle,26:35,Toumani Camara,23:08,Justin Minaya,22:02,Kris Murray,17:20,Duop Reath,12:38,Jerami Grant,10:21,100,1,7,6.0,85.7,0.0,0.0,1.0,14.3,Cedi Osman,16,1,2023-2024,2.0,2,3.0,SAS,116,Devin Vassell,Sandro Mamukelashvili,1:15,,,,,,,,,,,32:11,Jeremy Sochan,31:48,Keldon Johnson,29:57,Victor Wembanyama,28:36,Tre Jones,24:17,Blake Wesley,23:43,Julian Champagnie,18:58,Zach Collins,18:09,Doug McDermott,13:36
0,.000,3,75.000,4,4.00,112,0,3,100.0,1,.250,1.0,100.0,1.0,4,0,,0,0.000,Logos via Sports Logos.net / About logos,W,https://www.basketball-reference.com/boxscores/202401270SAS.html,Home,113,15:41,0,0.0,MIN,Anthony Edwards,,,,,,,,,,,,,38:24,Rudy Gobert,36:50,Jaden McDaniels,33:21,Nickeil Alexander-Walker,32:39,Karl-Anthony Towns,32:14,Naz Reid,21:51,Kyle Anderson,19:20,Shake Milton,16:14,Jordan McLaughlin,9:07,112,1,2,2.0,100.0,0.0,0.0,0.0,0.0,Cedi Osman,1,1,2023-2024,1.0,1,3.0,SAS,113,Devin Vassell,,,,,,,,,,,,,36:02,Jeremy Sochan,30:40,Victor Wembanyama,29:45,Tre Jones,28:30,Keldon Johnson,27:00,Blake Wesley,19:30,Dominick Barlow,18:15,Julian Champagnie,17:49,Doug McDermott,16:48
4,.667,6,50.000,2,,118,0,1,33.3,8,.667,4.0,66.7,6.0,12,0,,0,0.000,Logos via Sports Logos.net / About logos,L,https://www.basketball-reference.com/boxscores/202401290SAS.html,Home,113,28:32,2,66.7,WAS,Jordan Poole,Delon Wright,9:00,,,,,,,,,,,33:15,Tyus Jones,32:29,Kyle Kuzma,31:38,Bilal Coulibaly,30:37,Daniel Gafford,28:15,Deni Avdija,25:09,Corey Kispert,19:51,Marvin Bagley III,19:44,Landry Shamet,10:00,118,1,20,8.0,40.0,12.0,60.0,0.0,0.0,Cedi Osman,5,2,2023-2024,2.0,0,3.0,SAS,113,Devin Vassell,,,,,,,,,,,,,34:59,Tre Jones,32:31,Victor Wembanyama,30:46,Keldon Johnson,30:41,Jeremy Sochan,26:17,Julian Champagnie,20:00,Dominick Barlow,14:17,Blake Wesley,11:59,Doug McDermott,9:56
2,.333,6,75.000,3,1.50,108,0,2,100.0,3,.375,1.0,50.0,2.0,8,0,,0,0.000,Logos via Sports Logos.net / About logos,L,https://www.basketball-reference.com/boxscores/202401310SAS.html,Home,98,27:51,0,0.0,ORL,Paolo Banchero,Joe Ingles,15:14,,,,,,,,,,,35:39,Franz Wagner,32:40,Jalen Suggs,32:31,Markelle Fultz,30:30,Wendell Carter Jr.,26:21,Jonathan Isaac,18:16,Anthony Black,16:42,Cole Anthony,16:23,Moritz Wagner,15:44,108,4,8,2.0,25.0,6.0,75.0,0.0,0.0,Cedi Osman,10,0,2023-2024,0.0,2,2.0,SAS,98,Devin Vassell,,,,,,,,,,,,,37:02,Tre Jones,34:35,Jeremy Sochan,33:01,Victor Wembanyama,30:11,Julian Champagnie,20:02,Dominick Barlow,18:16,Malaki Branham,15:25,Doug McDermott,12:00,Blake Wesley,11:37
1,.200,5,83.333,0,0.00,114,2,0,,1,.167,0.0,0.0,1.0,6,0,,0,0.000,Logos via Sports Logos.net / About logos,L,https://www.basketball-reference.com/boxscores/202402020SAS.html,Home,113,19:23,0,,NOP,CJ McCollum,Cody Zeller,8:04,,,,,,,,,,,38:31,Brandon Ingram,36:24,Zion Williamson,35:52,Jonas Valančiūnas,27:00,Trey Murphy III,26:32,Dyson Daniels,21:25,Jose Alvarado,18:46,Naji Marshall,16:34,Jordan Hawkins,10:49,114,3,3,0.0,0.0,3.0,100.0,0.0,0.0,Cedi Osman,1,2,2023-2024,4.0,2,0.0,SAS,113,Devin Vassell,,,,,,,,,,,,,36:07,Tre Jones,35:23,Jeremy Sochan,30:32,Julian Champagnie,30:18,Victor Wembanyama,28:25,Zach Collins,19:34,Malaki Branham,15:43,Blake Wesley,12:37,Doug McDermott,11:56
2,.500,4,80.000,0,0.00,117,0,1,100.0,2,.400,0.0,0.0,1.0,5,1,.500,2,40.000,Logos via Sports Logos.net / About logos,L,https://www.basketball-reference.com/boxscores/202402030SAS.html,Home,101,15:44,0,0.0,CLE,Donovan Mitchell,Dean Wade,13:41,Damian Jones,1:41,Craig Porter Jr.,0:30,,,,,,,35:28,Jarrett Allen,30:44,Max Strus,28:34,Caris LeVert,25:05,Isaac Okoro,24:54,Evan Mobley,23:57,Darius Garland,23:12,Georges Niang,17:58,Sam Merrill,14:16,117,1,7,0.0,0.0,6.0,85.7,1.0,14.3,Cedi Osman,16,0,2023-2024,0.0,1,1.0,SAS,101,Devin Vassell,Malaki Branham,9:57,,,,,,,,,,,34:04,Jeremy Sochan,29:13,Tre Jones,28:15,Victor Wembanyama,26:52,Julian Champagnie,22:42,Keldon Johnson,22:04,Zach Collins,20:14,Doug McDermott,20:06,Blake Wesley,10:49
2,.500,4,57.143,0,,104,0,5,100.0,3,.429,1.0,33.3,3.0,7,0,,0,0.000,Logos via Sports Logos.net / About logos,L,https://www.basketball-reference.com/boxscores/202402070MIA.html,Away,116,21:35,0,0.0,MIA,Jimmy Butler,Orlando Robinson,2:26,Nikola Jović,2:26,,,,,,,,,33:50,Tyler Herro,29:08,Bam Adebayo,28:47,Terry Rozier,28:12,Jaime Jaquez Jr.,27:57,Josh Richardson,26:28,Caleb Martin,25:00,Duncan Robinson,18:59,Kevin Love,16:47,116,1,8,2.0,25.0,6.0,75.0,0.0,0.0,Cedi Osman,12,0,2023-2024,0.0,0,5.0,SAS,104,Devin Vassell,Malaki Branham,8:11,Sandro Mamukelashvili,3:23,,,,,,,,,32:18,Tre Jones,31:11,Jeremy Sochan,28:48,Victor Wembanyama,27:48,Keldon Johnson,24:31,Julian Champagnie,19:27,Zach Collins,16:49,Blake Wesley,15:40,Doug McDermott,10:19
1,.500,2,100.000,0,,111,0,1,100.0,1,.500,0.0,,0.0,2,0,,0,0.000,Logos via Sports Logos.net / About logos,L,https://www.basketball-reference.com/boxscores/202402080ORL.html,Away,127,15:25,0,0.0,ORL,Paolo Banchero,Joe Ingles,15:47,Caleb Houstan,2:53,Goga Bitadze,2:53,Anthony Black,2:53,Chuma Okeke,2:53,,,31:16,Jalen Suggs,29:17,Franz Wagner,28:25,Wendell Carter Jr.,25:32,Markelle Fultz,24:38,Gary Harris,19:22,Jonathan Isaac,19:15,Cole Anthony,18:43,Moritz Wagner,16:13,127,1,3,0.0,0.0,3.0,100.0,0.0,0.0,Cedi Osman,16,1,2023-2024,1.0,0,1.0,SAS,111,Devin Vassell,,,,,,,,,,,,,35:21,Jeremy Sochan,28:10,Zach Collins,25:28,Blake Wesley,25:03,Keldon Johnson,24:03,Tre Jones,22:57,Victor Wembanyama,22:32,Julian Champagnie,21:01,Malaki Branham,20:00
2,.667,3,60.000,0,0.00,103,0,4,80.0,2,.400,0.0,0.0,2.0,5,2,1.000,2,40.000,Logos via Sports Logos.net / About logos,L,https://www.basketball-reference.com/boxscores/202402100BRK.html,Away,123,12:17,1,20.0,BRK,Cam Thomas,Lonnie Walker IV,6:07,Noah Clowney,3:40,Keita Bates-Diop,3:40,,,,,,,36:03,Mikal Bridges,33:27,Jalen Wilson,29:52,Nic Claxton,27:02,Dennis Schröder,26:47,Dennis Smith Jr.,23:43,Ben Simmons,21:30,Dorian Finney-Smith,20:29,Trendon Watford,7:40,123,0,8,0.0,0.0,6.0,75.0,2.0,25.0,Cedi Osman,20,0,2023-2024,0.0,1,5.0,SAS,103,Devin Vassell,Zach Collins,6:41,Sandro Mamukelashvili,3:40,,,,,,,,,34:08,Keldon Johnson,29:44,Jeremy Sochan,29:12,Victor Wembanyama,29:02,Tre Jones,27:58,Julian Champagnie,19:38,Malaki Branham,19:22,Blake Wesley,16:18,Dominick Barlow,12:00
1,.333,3,75.000,2,1.00,122,0,3,100.0,2,.500,1.0,100.0,1.0,4,0,,0,0.000,Logos via Sports Logos.net / About logos,W,https://www.basketball-reference.com/boxscores/202402120TOR.html,Away,99,14:43,0,0.0,TOR,Bruce Brown,Jordan Nwora,7:28,Jontay Porter,6:56,Mouhamadou Gueye,6:18,Jalen McDaniels,6:18,,,,,31:02,Scottie Barnes,30:14,Immanuel Quickley,25:32,RJ Barrett,24:05,Gary Trent Jr.,21:47,Gradey Dick,21:45,Kelly Olynyk,21:02,Jakob Poeltl,20:02,Ochai Agbaji,17:31,99,2,5,2.0,40.0,3.0,60.0,0.0,0.0,Cedi Osman,23,2,2023-2024,2.0,2,3.0,SAS,122,Jeremy Sochan,Sandro Mamukelashvili,6:18,Devonte' Graham,6:18,,,,,,,,,30:03,Victor Wembanyama,28:59,Keldon Johnson,28:07,Tre Jones,28:05,Devin Vassell,27:23,Malaki Branham,20:58,Blake Wesley,19:55,Zach Collins,19:01,Julian Champagnie,10:10
0,.000,1,100.000,3,,93,0,1,100.0,0,.000,0.0,,0.0,1,0,,0,0.000,Logos via Sports Logos.net / About logos,L,https://www.basketball-reference.com/boxscores/202402140DAL.html,Away,116,17:35,0,0.0,DAL,Kyrie Irving,Dwight Powell,7:55,Olivier-Maxence Prosper,5:26,A.J. Lawson,5:26,Brandon Williams,5:26,,,,,32:55,Luka Dončić,31:19,P.J. Washington,27:52,Tim Hardaway Jr.,26:18,Daniel Gafford,22:57,Jaden Hardy,20:13,Derrick Jones Jr.,19:00,Josh Green,18:05,Dereck Lively II,17:08,116,1,0,0.0,,0.0,,0.0,,Cedi Osman,23,0,2023-2024,0.0,0,1.0,SAS,93,Devin Vassell,Devonte' Graham,5:26,Sandro Mamukelashvili,5:26,,,,,,,,,31:17,Blake Wesley,27:50,Victor Wembanyama,27:12,Jeremy Sochan,24:59,Zach Collins,20:48,Malaki Branham,20:47,Keldon Johnson,20:18,Tre Jones,20:10,Julian Champagnie,18:12
1,.500,2,50.000,3,,122,0,2,100.0,2,.500,1.0,50.0,2.0,4,0,,0,0.000,Logos via Sports Logos.net / About logos,L,https://www.basketball-reference.com/boxscores/202402220SAC.html,Away,127,11:18,0,0.0,SAC,De'Aaron Fox,Davion Mitchell,10:39,Kessler Edwards,0:01,,,,,,,,,37:21,Keegan Murray,34:39,Domantas Sabonis,33:01,Kevin Huerter,31:24,Malik Monk,26:45,Chris Duarte,19:57,Harrison Barnes,17:14,Trey Lyles,15:01,Alex Len,13:56,127,1,5,2.0,40.0,3.0,60.0,0.0,0.0,Cedi Osman,5,0,2023-2024,0.0,0,2.0,SAS,122,Devin Vassell,,,,,,,,,,,,,36:42,Jeremy Sochan,35:57,Keldon Johnson,31:22,Victor Wembanyama,31:17,Tre Jones,29:47,Blake Wesley,16:55,Zach Collins,16:43,Julian Champagnie,16:38,Malaki Branham,13:21
0,.000,1,50.000,4,4.00,118,0,2,100.0,1,.500,1.0,100.0,1.0,2,0,,0,0.000,Logos via Sports Logos.net / About logos,L,https://www.basketball-reference.com/boxscores/202402230LAL.html,Away,123,11:09,0,0.0,LAL,D'Angelo Russell,Jalen Hood-Schifino,0:36,Maxwell Lewis,0:36,Dylan Windler,0:36,,,,,,,34:53,LeBron James,34:17,Austin Reaves,33:19,Rui Hachimura,31:37,Anthony Davis,29:03,Spencer Dinwiddie,24:20,Jaxson Hayes,18:57,Taurean Prince,18:33,Max Christie,13:13,123,0,2,2.0,100.0,0.0,0.0,0.0,0.0,Cedi Osman,5,0,2023-2024,0.0,1,2.0,SAS,118,Jeremy Sochan,Sandro Mamukelashvili,2:29,,,,,,,,,,,34:22,Victor Wembanyama,30:55,Devin Vassell,30:05,Keldon Johnson,29:28,Tre Jones,27:29,Julian Champagnie,23:38,Malaki Branham,23:21,Zach Collins,17:05,Blake Wesley,9:59
1,.500,2,100.000,0,0.00,109,0,1,100.0,1,.500,0.0,,0.0,2,0,,0,0.000,Logos via Sports Logos.net / About logos,L,https://www.basketball-reference.com/boxscores/202402250UTA.html,Away,128,14:35,0,0.0,UTA,Jordan Clarkson,Omer Yurtseven,2:32,Kira Lewis Jr.,2:32,Johnny Juzang,2:32,Luka Šamanić,2:32,,,,,32:57,Lauri Markkanen,32:28,Keyonte George,30:20,Collin Sexton,26:52,John Collins,26:48,Taylor Hendricks,25:46,Kris Dunn,20:24,Walker Kessler,18:40,Brice Sensabaugh,15:37,128,1,3,0.0,0.0,3.0,100.0,0.0,0.0,Cedi Osman,19,0,2023-2024,0.0,4,1.0,SAS,109,Devin Vassell,Keldon Johnson,3:59,,,,,,,,,,,34:19,Tre Jones,29:54,Jeremy Sochan,29:09,Malaki Branham,28:21,Victor Wembanyama,26:58,Zach Collins,21:02,Julian Champagnie,19:34,Blake Wesley,18:17,Sandro Mamukelashvili,13:52
2,.500,4,50.000,1,,105,0,1,50.0,4,.500,2.0,50.0,4.0,8,0,,0,0.000,Logos via Sports Logos.net / About logos,L,https://www.basketball-reference.com/boxscores/202402270MIN.html,Away,114,22:24,1,50.0,MIN,Rudy Gobert,Justin Jackson,0:19,Josh Minott,0:19,,,,,,,,,39:08,Anthony Edwards,33:05,Naz Reid,32:53,Nickeil Alexander-Walker,29:49,Monte Morris,26:59,Jaden McDaniels,26:27,Mike Conley,19:45,Jordan McLaughlin,15:58,Kyle Anderson,15:18,114,0,10,4.0,40.0,6.0,60.0,0.0,0.0,Cedi Osman,9,0,2023-2024,0.0,0,2.0,SAS,105,Devin Vassell,,,,,,,,,,,,,38:59,Victor Wembanyama,34:15,Keldon Johnson,33:59,Tre Jones,28:56,Malaki Branham,20:46,Julian Champagnie,18:54,Jeremy Sochan,15:59,Zach Collins,13:45,Blake Wesley,12:03
1,.333,3,75.000,3,3.00,118,0,0,,1,.250,0.0,0.0,1.0,4,0,,0,0.000,Logos via Sports Logos.net / About logos,W,https://www.basketball-reference.com/boxscores/202402290SAS.html,Home,132,14:33,0,,OKC,Shai Gilgeous-Alexander,Jaylin Williams,11:46,Kenrich Williams,10:35,Bismack Biyombo,1:20,Lindy Waters III,1:06,,,,,34:49,Luguentz Dort,33:10,Chet Holmgren,33:08,Jalen Williams,32:54,Isaiah Joe,22:55,Josh Giddey,18:29,Cason Wallace,15:29,Gordon Hayward,12:26,Aaron Wiggins,11:50,118,3,3,0.0,0.0,3.0,100.0,0.0,0.0,Cedi Osman,14,2,2023-2024,2.0,1,0.0,SAS,132,Devin Vassell,,,,,,,,,,,,,38:07,Tre Jones,33:11,Victor Wembanyama,32:22,Jeremy Sochan,31:59,Keldon Johnson,31:12,Malaki Branham,19:26,Julian Champagnie,18:40,Zach Collins,15:38,Blake Wesley,4:52
0,.000,1,100.000,2,,105,0,3,75.0,0,.000,0.0,,0.0,1,0,,0,0.000,Logos via Sports Logos.net / About logos,W,https://www.basketball-reference.com/boxscores/202403030SAS.html,Home,117,14:29,1,25.0,IND,Pascal Siakam,Kendall Brown,0:46,,,,,,,,,,,37:38,Tyrese Haliburton,36:09,Bennedict Mathurin,31:29,Myles Turner,30:19,Aaron Nesmith,27:36,T.J. McConnell,26:50,Andrew Nembhard,21:10,Obi Toppin,16:05,Jalen Smith,11:58,105,2,0,0.0,,0.0,,0.0,,Cedi Osman,12,1,2023-2024,1.0,0,4.0,SAS,117,Devin Vassell,Sidy Cissoko,0:22,Sandro Mamukelashvili,0:22,,,,,,,,,36:57,Jeremy Sochan,34:02,Victor Wembanyama,31:24,Malaki Branham,30:32,Tre Jones,29:45,Keldon Johnson,27:24,Blake Wesley,18:39,Zach Collins,15:42,Dominick Barlow,0:22
0,.000,1,25.000,0,,101,0,3,75.0,3,.750,3.0,100.0,3.0,4,0,,0,0.000,Logos via Sports Logos.net / About logos,L,https://www.basketball-reference.com/boxscores/202403050HOU.html,Away,114,15:11,1,25.0,HOU,Jalen Green,Aaron Holiday,5:21,Reggie Bullock,3:27,,,,,,,,,38:47,Fred VanVleet,37:37,Alperen Sengun,36:57,Dillon Brooks,36:16,Jabari Smith Jr.,25:14,Cam Whitmore,20:20,Amen Thompson,19:15,Jock Landale,11:02,Jeff Green,5:44,114,0,6,6.0,100.0,0.0,0.0,0.0,0.0,Cedi Osman,13,1,2023-2024,1.0,0,4.0,SAS,101,Devin Vassell,,,,,,,,,,,,,39:36,Jeremy Sochan,33:36,Keldon Johnson,33:35,Victor Wembanyama,30:30,Malaki Branham,26:19,Tre Jones,20:51,Zach Collins,17:30,Blake Wesley,12:26,Julian Champagnie,10:26
0,.000,1,50.000,0,,129,0,2,100.0,1,.500,1.0,100.0,1.0,2,0,,0,0.000,Logos via Sports Logos.net / About logos,L,https://www.basketball-reference.com/boxscores/202403070SAC.html,Away,131,6:03,0,0.0,SAC,Domantas Sabonis,Alex Len,9:29,,,,,,,,,,,37:55,De'Aaron Fox,35:04,Keegan Murray,30:54,Harrison Barnes,30:24,Malik Monk,30:24,Trey Lyles,17:43,Keon Ellis,17:25,Kevin Huerter,16:23,Davion Mitchell,14:19,131,2,2,2.0,100.0,0.0,0.0,0.0,0.0,Cedi Osman,2,0,2023-2024,0.0,0,2.0,SAS,129,Devin Vassell,Sandro Mamukelashvili,4:24,,,,,,,,,,,38:56,Jeremy Sochan,35:48,Zach Collins,30:05,Keldon Johnson,27:59,Malaki Branham,26:04,Tre Jones,23:56,Julian Champagnie,16:52,Blake Wesley,16:42,Dominick Barlow,13:11
2,.500,4,57.143,0,0.00,115,0,3,100.0,4,.571,2.0,66.7,3.0,7,0,,0,0.000,Logos via Sports Logos.net / About logos,W,https://www.basketball-reference.com/boxscores/202403170SAS.html,Home,122,14:27,0,0.0,BRK,Dennis Schröder,,,,,,,,,,,,,42:06,Mikal Bridges,39:49,Cam Thomas,39:28,Dorian Finney-Smith,37:35,Nic Claxton,32:21,Cameron Johnson,26:43,Day'Ron Sharpe,19:05,Dennis Smith Jr.,16:59,Lonnie Walker IV,10:54,115,1,10,4.0,40.0,6.0,60.0,0.0,0.0,Cedi Osman,7,0,2023-2024,0.0,1,3.0,SAS,122,Devin Vassell,,,,,,,,,,,,,44:04,Jeremy Sochan,42:22,Victor Wembanyama,36:09,Tre Jones,35:56,Keldon Johnson,33:46,Zach Collins,16:51,Malaki Branham,15:32,Julian Champagnie,15:31,Blake Wesley,10:22
1,.333,3,75.000,1,1.00,113,2,0,,2,.500,1.0,100.0,1.0,4,0,,0,0.000,Logos via Sports Logos.net / About logos,L,https://www.basketball-reference.com/boxscores/202403190SAS.html,Home,107,11:02,0,,DAL,Luka Dončić,Jaden Hardy,4:30,,,,,,,,,,,40:26,Kyrie Irving,38:25,P.J. Washington,34:01,Dante Exum,27:58,Daniel Gafford,24:11,Maxi Kleber,21:48,Tim Hardaway Jr.,17:11,Dereck Lively II,16:03,Derrick Jones Jr.,15:27,113,2,5,2.0,40.0,3.0,60.0,0.0,0.0,Cedi Osman,6,0,2023-2024,2.0,1,0.0,SAS,107,Devin Vassell,,,,,,,,,,,,,36:24,Tre Jones,33:23,Victor Wembanyama,32:07,Jeremy Sochan,29:49,Keldon Johnson,28:17,Malaki Branham,20:01,Julian Champagnie,19:38,Dominick Barlow,15:53,Blake Wesley,13:26
0,.000,2,66.667,0,,99,0,2,100.0,0,.000,0.0,0.0,1.0,3,0,,0,0.000,Logos via Sports Logos.net / About logos,L,https://www.basketball-reference.com/boxscores/202403220SAS.html,Home,97,17:08,0,0.0,MEM,GG Jackson II,,,,,,,,,,,,,36:39,Jaren Jackson Jr.,35:36,Santi Aldama,33:46,John Konchar,33:07,Jake LaRavia,27:47,Jordan Goodwin,24:32,Scotty Pippen Jr.,23:28,Mãozinha Pereira,13:21,DeJon Jarreau,11:44,99,1,0,0.0,,0.0,,0.0,,Cedi Osman,2,0,2023-2024,0.0,0,2.0,SAS,97,Devin Vassell,,,,,,,,,,,,,37:52,Victor Wembanyama,33:27,Tre Jones,32:25,Jeremy Sochan,30:55,Keldon Johnson,29:12,Malaki Branham,17:47,Julian Champagnie,16:45,Zach Collins,14:33,Blake Wesley,9:56
1,.333,3,60.000,1,,131,0,4,100.0,2,.400,1.0,50.0,2.0,5,0,,0,0.000,Logos via Sports Logos.net / About logos,L,https://www.basketball-reference.com/boxscores/202403230SAS.html,Home,106,18:36,0,0.0,PHO,Kevin Durant,Josh Okogie,9:34,Thaddeus Young,5:43,Nassir Little,5:43,David Roddy,5:43,,,,,31:02,Devin Booker,30:30,Bradley Beal,28:23,Grayson Allen,25:37,Eric Gordon,22:51,Jusuf Nurkić,21:49,Bol Bol,19:01,Drew Eubanks,18:21,Royce O'Neale,15:43,131,1,5,2.0,40.0,3.0,60.0,0.0,0.0,Cedi Osman,25,0,2023-2024,0.0,0,4.0,SAS,106,Julian Champagnie,Devonte' Graham,8:57,Dominick Barlow,8:57,Sandro Mamukelashvili,8:02,,,,,,,24:37,Keldon Johnson,24:24,Devin Vassell,23:30,Malaki Branham,21:36,Tre Jones,21:22,Jeremy Sochan,21:22,Victor Wembanyama,20:53,Zach Collins,19:05,Blake Wesley,18:39
2,.500,4,100.000,0,,102,0,2,100.0,2,.500,0.0,,0.0,4,1,.500,2,50.000,Logos via Sports Logos.net / About logos,W,https://www.basketball-reference.com/boxscores/202403250SAS.html,Home,104,15:01,0,0.0,PHO,Devin Booker,,,,,,,,,,,,,39:59,Kevin Durant,36:08,Grayson Allen,34:36,Bradley Beal,30:27,Royce O'Neale,25:45,Eric Gordon,24:24,Drew Eubanks,21:16,Jusuf Nurkić,19:20,Bol Bol,8:05,102,2,7,0.0,0.0,6.0,85.7,1.0,14.3,Cedi Osman,2,1,2023-2024,1.0,0,2.0,SAS,104,Jeremy Sochan,,,,,,,,,,,,,35:37,Devin Vassell,35:03,Keldon Johnson,30:50,Zach Collins,30:05,Tre Jones,27:03,Blake Wesley,20:57,Julian Champagnie,20:05,Dominick Barlow,17:50,Malaki Branham,7:29
3,1.000,3,60.000,6,6.00,118,0,6,85.7,3,.600,0.0,0.0,2.0,5,0,,0,0.000,Logos via Sports Logos.net / About logos,W,https://www.basketball-reference.com/boxscores/202403270UTA.html,Away,111,19:12,1,14.3,UTA,Lauri Markkanen,Micah Potter,5:51,Talen Horton-Tucker,4:02,Omer Yurtseven,3:22,,,,,,,42:09,Keyonte George,39:35,Collin Sexton,38:19,Taylor Hendricks,33:04,John Collins,22:45,Walker Kessler,21:53,Brice Sensabaugh,13:28,Luka Šamanić,9:41,Kira Lewis Jr.,5:51,111,4,9,0.0,0.0,9.0,100.0,0.0,0.0,Cedi Osman,7,1,2023-2024,1.0,1,7.0,SAS,118,Devin Vassell,,,,,,,,,,,,,38:40,Jeremy Sochan,35:38,Tre Jones,31:45,Julian Champagnie,31:11,Victor Wembanyama,30:29,Malaki Branham,20:23,Blake Wesley,15:11,Zach Collins,15:06,Dominick Barlow,2:25
0,.000,1,25.000,2,,126,0,0,,2,.500,2.0,66.7,3.0,4,0,,0,0.000,Logos via Sports Logos.net / About logos,W,https://www.basketball-reference.com/boxscores/202403290SAS.html,Home,130,20:27,0,,NYK,Donte DiVincenzo,,,,,,,,,,,,,49:00,Miles McBride,45:52,Jalen Brunson,43:19,Josh Hart,41:51,Isaiah Hartenstein,28:17,Mitchell Robinson,19:39,Precious Achiuwa,15:41,Bojan Bogdanović,15:20,Shake Milton,6:01,126,2,4,4.0,100.0,0.0,0.0,0.0,0.0,Cedi Osman,4,0,2023-2024,0.0,0,0.0,SAS,130,Devin Vassell,,,,,,,,,,,,,44:41,Victor Wembanyama,37:42,Tre Jones,35:29,Keldon Johnson,34:50,Julian Champagnie,28:23,Malaki Branham,18:43,Jeremy Sochan,16:45,Zach Collins,15:10,Blake Wesley,12:50
4,.571,7,58.333,1,0.50,117,0,1,50.0,7,.583,3.0,60.0,5.0,12,0,,0,0.000,Logos via Sports Logos.net / About logos,L,https://www.basketball-reference.com/boxscores/202403310SAS.html,Home,113,35:58,1,50.0,GSW,Stephen Curry,Kevon Looney,8:48,,,,,,,,,,,32:32,Draymond Green,31:46,Klay Thompson,29:16,Trayce Jackson-Davis,28:17,Brandin Podziemski,23:35,Chris Paul,22:05,Moses Moody,21:58,Andrew Wiggins,21:34,Gary Payton II,20:07,117,1,18,6.0,33.3,12.0,66.7,0.0,0.0,Cedi Osman,4,1,2023-2024,1.0,2,2.0,SAS,113,Julian Champagnie,,,,,,,,,,,,,38:16,Tre Jones,32:15,Victor Wembanyama,31:22,Malaki Branham,31:12,Sandro Mamukelashvili,24:37,Devonte' Graham,18:18,Zach Collins,16:25,Blake Wesley,11:36,,
2,.500,4,57.143,1,,105,0,3,100.0,4,.571,2.0,66.7,3.0,7,0,,0,0.000,Logos via Sports Logos.net / About logos,L,https://www.basketball-reference.com/boxscores/202404020DEN.html,Away,110,18:13,0,0.0,DEN,Nikola Jokić,,,,,,,,,,,,,37:35,Michael Porter Jr.,35:14,Aaron Gordon,33:03,Kentavious Caldwell-Pope,32:45,Christian Braun,27:28,Reggie Jackson,25:53,Justin Holiday,22:39,Peyton Watson,19:49,DeAndre Jordan,5:33,110,1,10,4.0,40.0,6.0,60.0,0.0,0.0,Cedi Osman,5,0,2023-2024,0.0,0,3.0,SAS,105,Julian Champagnie,,,,,,,,,,,,,37:16,Malaki Branham,37:05,Victor Wembanyama,33:57,Tre Jones,32:18,Sandro Mamukelashvili,24:07,Devonte' Graham,19:23,Zach Collins,17:36,Blake Wesley,15:04,Sidy Cissoko,5:01
