3P,3P%,3PA,3PAr,AST,AST/TOV,Away_Score,BLK,DRB,DRB_Pct_of_TRB,FG,FG%,FG2,FG2%,FG2A,FGA,FT,FT%,FTA,FTr,Game_Date,Game_Result,Game_URL,Home/Away,Home_Score,MP,ORB,ORB_Pct_of_TRB,Opponent,Opponent_1,Opponent_10,Opponent_10_MP,Opponent_11,Opponent_11_MP,Opponent_12,Opponent_12_MP,Opponent_13,Opponent_13_MP,Opponent_14,Opponent_14_MP,Opponent_15,Opponent_15_MP,Opponent_1_MP,Opponent_2,Opponent_2_MP,Opponent_3,Opponent_3_MP,Opponent_4,Opponent_4_MP,Opponent_5,Opponent_5_MP,Opponent_6,Opponent_6_MP,Opponent_7,Opponent_7_MP,Opponent_8,Opponent_8_MP,Opponent_9,Opponent_9_MP,Opponent_Score,PF,PTS,PTS_2P,PTS_2P_Pct,PTS_3P,PTS_3P_Pct,PTS_FT,PTS_FT_Pct,Player,Point_Differential,STL,Season,Stocks,TOV,TRB,Team,Team_Score,Teammate_1,Teammate_10,Teammate_10_MP,Teammate_11,Teammate_11_MP,Teammate_12,Teammate_12_MP,Teammate_13,Teammate_13_MP,Teammate_14,Teammate_14_MP,Teammate_15,Teammate_15_MP,Teammate_1_MP,Teammate_2,Teammate_2_MP,Teammate_3,Teammate_3_MP,Teammate_4,Teammate_4_MP,Teammate_5,Teammate_5_MP,Teammate_6,Teammate_6_MP,Teammate_7,Teammate_7_MP,Teammate_8,Teammate_8_MP,Teammate_9,Teammate_9_MP
0,.000,3,42.857,2,2.00,87,0,0,,2,.286,2.0,50.0,4.0,7,1,1.000,1,14.286,Logos via Sports Logos.net / About logos,W,https://www.basketball-reference.com/boxscores/201310300TOR.html,Home,93,13:15,0,,BOS,Gerald Wallace,Phil Pressey,3:40,,,,,,,,,,,39:52,Jeff Green,37:03,Brandon Bass,32:13,Avery Bradley,31:19,Vítor Luiz Faverani,26:41,Kris Humphries,20:48,Jordan Crawford,17:38,Kelly Olynyk,16:18,Courtney Lee,14:28,87,1,5,4.0,80.0,0.0,0.0,1.0,20.0,D.J. Augustin,6,0,2013-2014,0.0,1,0.0,TOR,93,DeMar DeRozan,,,,,,,,,,,,,40:24,Kyle Lowry,34:45,Rudy Gay,34:10,Jonas Valančiūnas,31:23,Tyler Hansbrough,24:40,Amir Johnson,24:18,Landry Fields,18:14,Terrence Ross,12:12,Steve Novak,6:39
0,.000,1,20.000,4,,95,0,1,100.0,2,.400,2.0,50.0,4.0,5,0,,0,0.000,Logos via Sports Logos.net / About logos,L,https://www.basketball-reference.com/boxscores/201311010ATL.html,Away,102,12:25,0,0.0,ATL,Jeff Teague,Elton Brand,7:10,,,,,,,,,,,36:17,Al Horford,35:13,Kyle Korver,34:37,DeMarre Carroll,33:27,Paul Millsap,31:05,Cartier Martin,23:42,Dennis Schröder,15:57,Pero Antić,11:35,Mike Scott,10:57,102,1,4,4.0,100.0,0.0,0.0,0.0,0.0,D.J. Augustin,7,0,2013-2014,0.0,0,1.0,TOR,95,DeMar DeRozan,Dwight Buycks,5:46,Julyan Stone,3:34,,,,,,,,,36:35,Kyle Lowry,33:37,Amir Johnson,32:59,Rudy Gay,32:10,Landry Fields,23:13,Tyler Hansbrough,20:28,Jonas Valančiūnas,17:43,Terrence Ross,13:12,Austin Daye,8:18
0,.000,3,75.000,1,0.33,97,0,1,100.0,0,.000,0.0,0.0,1.0,4,2,1.000,2,50.000,Logos via Sports Logos.net / About logos,W,https://www.basketball-reference.com/boxscores/201311020MIL.html,Away,90,13:52,0,0.0,MIL,Nate Wolters,Zaza Pachulia,14:23,,,,,,,,,,,36:28,O.J. Mayo,32:35,Gary Neal,25:56,Caron Butler,25:04,John Henson,24:30,Ersan İlyasova,23:30,Larry Sanders,21:37,Khris Middleton,19:00,Giannis Antetokounmpo,16:57,90,1,2,0.0,0.0,0.0,0.0,2.0,100.0,D.J. Augustin,7,1,2013-2014,1.0,3,1.0,TOR,97,Rudy Gay,,,,,,,,,,,,,35:21,DeMar DeRozan,34:56,Kyle Lowry,34:08,Amir Johnson,32:36,Landry Fields,28:25,Terrence Ross,22:19,Jonas Valančiūnas,16:16,Tyler Hansbrough,16:04,Aaron Gray,6:03
0,,0,,0,0.00,104,0,0,,0,,0.0,,0.0,0,0,,0,,Logos via Sports Logos.net / About logos,L,https://www.basketball-reference.com/boxscores/201311050TOR.html,Home,95,12:33,0,,MIA,LeBron James,Joel Anthony,8:54,Michael Beasley,3:59,,,,,,,,,36:01,Dwyane Wade,33:31,Ray Allen,29:34,Mario Chalmers,27:52,Udonis Haslem,21:47,Rashard Lewis,21:18,Norris Cole,20:08,Shane Battier,19:37,Chris Andersen,17:19,104,2,0,0.0,,0.0,,0.0,,D.J. Augustin,9,0,2013-2014,0.0,3,0.0,TOR,95,DeMar DeRozan,,,,,,,,,,,,,39:46,Kyle Lowry,35:27,Rudy Gay,33:34,Landry Fields,28:18,Jonas Valančiūnas,27:10,Terrence Ross,23:57,Amir Johnson,23:42,Tyler Hansbrough,15:33,,
0,,0,0.000,0,,90,0,0,,0,.000,0.0,0.0,1.0,1,3,1.000,3,300.000,Logos via Sports Logos.net / About logos,L,https://www.basketball-reference.com/boxscores/201311060CHA.html,Away,92,6:12,0,,CHA,Bismack Biyombo,,,,,,,,,,,,,39:49,Kemba Walker,38:31,Gerald Henderson,34:14,Josh McRoberts,30:07,Michael Kidd-Gilchrist,28:37,Jeff Taylor,28:04,Cody Zeller,17:53,Ramon Sessions,14:34,Jeff Adrien,8:11,92,0,3,0.0,0.0,0.0,0.0,3.0,100.0,D.J. Augustin,2,0,2013-2014,0.0,0,0.0,TOR,90,DeMar DeRozan,Austin Daye,3:01,,,,,,,,,,,37:57,Rudy Gay,36:31,Amir Johnson,36:30,Kyle Lowry,33:11,Jonas Valančiūnas,27:34,Tyler Hansbrough,21:41,Landry Fields,16:55,Terrence Ross,11:51,Julyan Stone,8:37
0,.000,1,50.000,0,,84,0,0,,0,.000,0.0,0.0,1.0,2,0,,0,0.000,Logos via Sports Logos.net / About logos,L,https://www.basketball-reference.com/boxscores/201311080IND.html,Away,91,5:46,0,,IND,Paul George,Orlando Johnson,13:34,Rasual Butler,0:11,,,,,,,,,38:47,Roy Hibbert,31:26,David West,29:19,Lance Stephenson,29:12,C.J. Watson,28:35,George Hill,19:25,Luis Scola,18:30,Ian Mahinmi,16:23,Solomon Hill,14:38,91,1,0,0.0,,0.0,,0.0,,D.J. Augustin,7,0,2013-2014,0.0,0,0.0,TOR,84,Kyle Lowry,Julyan Stone,3:37,Steve Novak,1:54,Dwight Buycks,1:52,,,,,,,36:43,DeMar DeRozan,36:06,Rudy Gay,35:13,Jonas Valančiūnas,34:19,Amir Johnson,34:06,Tyler Hansbrough,19:26,Landry Fields,13:38,Terrence Ross,11:04,Aaron Gray,6:16
0,.000,1,50.000,0,0.00,91,0,1,100.0,1,.500,1.0,100.0,1.0,2,0,,0,0.000,Logos via Sports Logos.net / About logos,W,https://www.basketball-reference.com/boxscores/201311090TOR.html,Home,115,6:39,0,0.0,UTA,Enes Freedom,Mike Harris,11:26,Ian Clark,6:39,,,,,,,,,37:32,Gordon Hayward,36:21,Derrick Favors,31:21,Alec Burks,27:31,Richard Jefferson,25:24,John Lucas III,16:24,Jamaal Tinsley,16:09,Rudy Gobert,15:55,Marvin Williams,15:18,91,0,2,2.0,100.0,0.0,0.0,0.0,0.0,D.J. Augustin,24,0,2013-2014,0.0,1,1.0,TOR,115,Tyler Hansbrough,Kyle Lowry,15:13,Julyan Stone,12:00,Steve Novak,6:50,,,,,,,27:56,Amir Johnson,26:36,DeMar DeRozan,24:00,Jonas Valančiūnas,23:28,Rudy Gay,23:19,Dwight Buycks,20:47,Landry Fields,18:02,Quincy Acy,17:49,Terrence Ross,17:21
0,,0,0.000,0,,103,0,0,,1,1.000,1.0,100.0,1.0,1,0,,0,0.000,Logos via Sports Logos.net / About logos,W,https://www.basketball-reference.com/boxscores/201311130MEM.html,Away,87,1:20,0,,MEM,Mike Conley,Nick Calathes,4:55,Jamaal Franklin,4:15,Jon Leuer,2:42,,,,,,,35:15,Tayshaun Prince,34:19,Marc Gasol,33:08,Tony Allen,30:19,Zach Randolph,30:15,Ed Davis,23:53,Mike Miller,20:46,Jerryd Bayless,12:10,Kosta Koufos,8:03,87,0,2,2.0,100.0,0.0,0.0,0.0,0.0,D.J. Augustin,16,0,2013-2014,0.0,0,0.0,TOR,103,Rudy Gay,Quincy Acy,5:16,Landry Fields,1:20,Austin Daye,0:09,,,,,,,41:47,Kyle Lowry,34:52,DeMar DeRozan,32:52,Amir Johnson,30:07,Jonas Valančiūnas,29:41,Tyler Hansbrough,23:08,Terrence Ross,20:12,Dwight Buycks,11:48,Aaron Gray,7:28
1,1.000,1,100.000,2,2.00,88,0,1,100.0,1,1.000,0.0,,0.0,1,0,,0,0.000,Logos via Sports Logos.net / About logos,W,https://www.basketball-reference.com/boxscores/201311220TOR.html,Home,96,5:26,0,0.0,WAS,Bradley Beal,Trevor Booker,3:56,Glen Rice Jr.,0:26,,,,,,,,,42:33,Martell Webster,41:30,John Wall,39:35,Nenê,36:44,Marcin Gortat,31:33,Garrett Temple,17:25,Jan Veselý,10:44,Eric Maynor,8:24,Kevin Séraphin,7:10,88,0,3,0.0,0.0,3.0,100.0,0.0,0.0,D.J. Augustin,8,0,2013-2014,0.0,1,1.0,TOR,96,Jonas Valančiūnas,,,,,,,,,,,,,36:49,DeMar DeRozan,36:41,Kyle Lowry,36:18,Rudy Gay,31:20,Amir Johnson,24:44,Terrence Ross,24:32,Steve Novak,19:02,Tyler Hansbrough,18:52,Julyan Stone,6:16
0,.000,1,100.000,1,,102,0,0,,0,.000,0.0,,0.0,1,0,,0,0.000,Logos via Sports Logos.net / About logos,L,https://www.basketball-reference.com/boxscores/201311260TOR.html,Home,100,4:25,0,,BRK,Joe Johnson,,,,,,,,,,,,,38:44,Paul Pierce,31:33,Andray Blatche,31:30,Shaun Livingston,28:50,Alan Anderson,28:19,Kevin Garnett,24:28,Mirza Teletović,21:15,Tyshawn Taylor,19:10,Mason Plumlee,16:11,102,1,0,0.0,,0.0,,0.0,,D.J. Augustin,2,0,2013-2014,0.0,0,0.0,TOR,100,DeMar DeRozan,Landry Fields,3:18,,,,,,,,,,,39:04,Kyle Lowry,37:57,Amir Johnson,32:28,Rudy Gay,32:09,Steve Novak,23:02,Jonas Valančiūnas,22:12,Terrence Ross,21:29,Tyler Hansbrough,18:18,Dwight Buycks,5:38
0,.000,2,66.667,1,,91,0,1,100.0,0,.000,0.0,0.0,1.0,3,0,,0,0.000,Logos via Sports Logos.net / About logos,W,https://www.basketball-reference.com/boxscores/201312130MIL.html,Away,90,11:47,0,0.0,MIL,John Henson,Miroslav Raduljica,2:54,,,,,,,,,,,35:45,Ekpe Udoh,32:51,Brandon Knight,29:14,O.J. Mayo,29:06,Ersan İlyasova,24:22,Giannis Antetokounmpo,23:51,Khris Middleton,23:42,Gary Neal,19:18,Nate Wolters,18:57,90,2,0,0.0,,0.0,,0.0,,D.J. Augustin,1,1,2013-2014,1.0,0,1.0,CHI,91,Mike Dunleavy,,,,,,,,,,,,,38:17,Carlos Boozer,37:17,Jimmy Butler,36:35,Kirk Hinrich,36:13,Joakim Noah,35:09,Tony Snell,21:08,Taj Gibson,18:48,Nazr Mohammed,4:46,,
1,.200,5,71.429,6,,99,0,0,,1,.143,0.0,0.0,2.0,7,2,1.000,2,28.571,Logos via Sports Logos.net / About logos,L,https://www.basketball-reference.com/boxscores/201312140CHI.html,Home,77,19:45,0,,TOR,DeMar DeRozan,Dwight Buycks,1:00,Austin Daye,1:00,Landry Fields,1:00,Steve Novak,1:00,,,,,38:42,Kyle Lowry,33:25,Jonas Valančiūnas,30:44,Amir Johnson,29:36,John Salmons,27:49,Terrence Ross,24:14,Patrick Patterson,20:36,Greivis Vásquez,16:50,Tyler Hansbrough,14:04,99,2,5,0.0,0.0,3.0,60.0,2.0,40.0,D.J. Augustin,22,0,2013-2014,0.0,0,0.0,CHI,77,Joakim Noah,Mike James,2:48,Erik Murphy,1:00,,,,,,,,,35:25,Luol Deng,35:15,Jimmy Butler,29:32,Marquis Teague,28:15,Carlos Boozer,27:05,Taj Gibson,25:42,Mike Dunleavy,23:24,Nazr Mohammed,6:48,Tony Snell,5:01
2,.286,7,46.667,8,4.00,83,0,2,100.0,5,.333,3.0,37.5,8.0,15,2,1.000,2,13.333,Logos via Sports Logos.net / About logos,L,https://www.basketball-reference.com/boxscores/201312160CHI.html,Home,82,37:07,0,0.0,ORL,Jameer Nelson,Kyle O'Quinn,4:24,,,,,,,,,,,38:46,Arron Afflalo,36:54,Nikola Vučević,36:53,Victor Oladipo,33:30,Glen Davis,32:16,Tobias Harris,20:14,Andrew Nicholson,16:25,Maurice Harkless,14:36,E'Twaun Moore,6:02,83,5,14,6.0,42.9,6.0,42.9,2.0,14.3,D.J. Augustin,1,1,2013-2014,1.0,2,2.0,CHI,82,Luol Deng,,,,,,,,,,,,,41:53,Joakim Noah,33:28,Carlos Boozer,31:50,Jimmy Butler,27:30,Mike Dunleavy,26:37,Taj Gibson,25:31,Marquis Teague,10:53,Tony Snell,5:11,,
2,.500,4,66.667,9,9.00,94,0,2,100.0,2,.333,0.0,0.0,2.0,6,2,1.000,2,33.333,Logos via Sports Logos.net / About logos,L,https://www.basketball-reference.com/boxscores/201312180HOU.html,Away,109,30:57,0,0.0,HOU,Chandler Parsons,Ronnie Brewer,2:35,,,,,,,,,,,35:41,James Harden,35:39,Dwight Howard,34:29,Patrick Beverley,33:38,Terrence Jones,26:45,Omri Casspi,21:15,Francisco García,18:49,Aaron Brooks,17:38,Greg Smith,13:31,109,3,8,0.0,0.0,6.0,75.0,2.0,25.0,D.J. Augustin,15,2,2013-2014,2.0,1,2.0,CHI,94,Jimmy Butler,Erik Murphy,0:24,,,,,,,,,,,35:11,Luol Deng,35:08,Joakim Noah,31:48,Taj Gibson,30:16,Carlos Boozer,29:27,Mike Dunleavy,19:33,Marquis Teague,17:03,Tony Snell,5:44,Nazr Mohammed,4:29
3,.429,7,70.000,5,1.00,95,0,0,,5,.500,2.0,66.7,3.0,10,2,1.000,2,20.000,Logos via Sports Logos.net / About logos,L,https://www.basketball-reference.com/boxscores/201312190OKC.html,Away,107,35:59,0,,OKC,Kevin Durant,Derek Fisher,11:36,Perry Jones,3:06,Andre Roberson,2:25,,,,,,,33:18,Russell Westbrook,27:52,Reggie Jackson,27:35,Steven Adams,27:13,Jeremy Lamb,23:02,Thabo Sefolosha,22:22,Serge Ibaka,20:54,Kendrick Perkins,20:47,Nick Collison,19:50,107,4,15,4.0,26.7,9.0,60.0,2.0,13.3,D.J. Augustin,12,1,2013-2014,1.0,5,0.0,CHI,95,Tony Snell,,,,,,,,,,,,,41:09,Mike Dunleavy,35:46,Taj Gibson,30:24,Joakim Noah,29:16,Carlos Boozer,26:51,Jimmy Butler,16:40,Marquis Teague,12:01,Nazr Mohammed,9:29,Erik Murphy,2:25
4,.667,6,50.000,10,2.00,84,0,4,80.0,7,.583,3.0,50.0,6.0,12,0,.000,1,8.333,Logos via Sports Logos.net / About logos,W,https://www.basketball-reference.com/boxscores/201312210CHI.html,Home,100,46:24,1,20.0,CLE,Kyrie Irving,Sergey Karasev,8:18,Earl Clark,5:46,Carrick Felix,2:05,Henry Sims,2:05,,,,,35:10,Jarrett Jack,30:32,Matthew Dellavedova,29:13,Andrew Bynum,26:45,Tristan Thompson,24:16,Anderson Varejão,24:09,C.J. Miles,21:46,Alonzo Gee,16:56,Tyler Zeller,12:59,84,1,18,6.0,33.3,12.0,66.7,0.0,0.0,D.J. Augustin,16,2,2013-2014,2.0,5,5.0,CHI,100,Tony Snell,,,,,,,,,,,,,44:12,Mike Dunleavy,40:55,Joakim Noah,31:02,Carlos Boozer,30:32,Taj Gibson,27:55,Marquis Teague,12:03,Nazr Mohammed,6:31,Erik Murphy,0:26,,
2,.500,4,57.143,5,1.67,95,0,1,50.0,4,.571,2.0,66.7,3.0,7,3,.750,4,57.143,Logos via Sports Logos.net / About logos,W,https://www.basketball-reference.com/boxscores/201312250BRK.html,Away,78,32:33,1,50.0,BRK,Joe Johnson,Shaun Livingston,14:38,Mason Plumlee,9:31,Tornike Shengelia,2:52,Tyshawn Taylor,2:52,,,,,33:45,Deron Williams,30:30,Andray Blatche,26:08,Jason Terry,23:32,Alan Anderson,20:19,Reggie Evans,20:15,Kevin Garnett,19:11,Mirza Teletović,18:54,Paul Pierce,17:33,78,3,13,4.0,30.8,6.0,46.2,3.0,23.1,D.J. Augustin,17,2,2013-2014,2.0,3,2.0,CHI,95,Joakim Noah,Marquis Teague,1:42,,,,,,,,,,,34:02,Jimmy Butler,33:17,Mike Dunleavy,32:36,Taj Gibson,28:05,Carlos Boozer,24:46,Tony Snell,23:34,Kirk Hinrich,20:18,Nazr Mohammed,7:25,Erik Murphy,1:42
1,1.000,1,12.500,3,1.00,105,0,2,100.0,5,.625,4.0,57.1,7.0,8,0,,0,0.000,Logos via Sports Logos.net / About logos,L,https://www.basketball-reference.com/boxscores/201312280CHI.html,Home,83,31:23,0,0.0,DAL,Monta Ellis,DeJuan Blair,11:45,Bernard James,1:03,Gal Mekel,1:03,,,,,,,36:49,José Calderón,35:42,Shawn Marion,33:12,Dirk Nowitzki,30:37,Samuel Dalembert,24:23,Vince Carter,21:56,Jae Crowder,15:56,Brandan Wright,15:32,Shane Larkin,12:02,105,3,11,8.0,72.7,3.0,27.3,0.0,0.0,D.J. Augustin,22,3,2013-2014,3.0,3,2.0,CHI,83,Jimmy Butler,,,,,,,,,,,,,45:43,Joakim Noah,36:32,Carlos Boozer,29:19,Taj Gibson,26:04,Kirk Hinrich,25:35,Tony Snell,22:06,Mike Dunleavy,18:10,Nazr Mohammed,4:05,Erik Murphy,1:03
2,.286,7,87.500,9,2.25,95,0,1,100.0,2,.250,0.0,0.0,1.0,8,4,1.000,4,50.000,Logos via Sports Logos.net / About logos,W,https://www.basketball-reference.com/boxscores/201312300MEM.html,Away,91,28:37,0,0.0,MEM,Mike Conley,Jon Leuer,3:20,,,,,,,,,,,36:33,Tony Allen,34:15,Zach Randolph,32:37,Kosta Koufos,30:05,James Johnson,24:11,Ed Davis,23:28,Jerryd Bayless,19:57,Tayshaun Prince,19:32,Mike Miller,16:02,91,3,10,0.0,0.0,6.0,60.0,4.0,40.0,D.J. Augustin,4,4,2013-2014,4.0,4,1.0,CHI,95,Jimmy Butler,,,,,,,,,,,,,40:47,Joakim Noah,32:01,Carlos Boozer,31:03,Kirk Hinrich,30:48,Taj Gibson,28:43,Mike Dunleavy,26:22,Tony Snell,17:27,Nazr Mohammed,4:12,,
0,,0,0.000,3,,85,0,1,100.0,3,.750,3.0,75.0,4.0,4,0,,0,0.000,Logos via Sports Logos.net / About logos,L,https://www.basketball-reference.com/boxscores/201312310CHI.html,Home,79,20:03,0,0.0,TOR,Jonas Valančiūnas,,,,,,,,,,,,,37:58,DeMar DeRozan,35:46,Kyle Lowry,32:15,John Salmons,31:23,Terrence Ross,28:56,Amir Johnson,27:58,Patrick Patterson,23:29,Greivis Vásquez,15:45,Tyler Hansbrough,6:30,85,2,6,6.0,100.0,0.0,0.0,0.0,0.0,D.J. Augustin,6,0,2013-2014,0.0,0,1.0,CHI,79,Jimmy Butler,,,,,,,,,,,,,37:34,Joakim Noah,34:19,Luol Deng,33:34,Taj Gibson,29:33,Kirk Hinrich,27:58,Mike Dunleavy,24:52,Carlos Boozer,24:27,Nazr Mohammed,7:40,,
0,.000,3,50.000,4,1.00,82,0,3,100.0,1,.167,1.0,33.3,3.0,6,6,1.000,6,100.000,Logos via Sports Logos.net / About logos,W,https://www.basketball-reference.com/boxscores/201401020CHI.html,Home,94,25:36,0,0.0,BOS,Jordan Crawford,Phil Pressey,8:42,Kelly Olynyk,7:41,,,,,,,,,38:04,Jared Sullinger,31:13,Jeff Green,30:24,Avery Bradley,29:38,Kris Humphries,25:33,Brandon Bass,22:27,Courtney Lee,19:35,Gerald Wallace,17:36,Vítor Luiz Faverani,9:07,82,2,8,2.0,25.0,0.0,0.0,6.0,75.0,D.J. Augustin,12,0,2013-2014,0.0,4,3.0,CHI,94,Joakim Noah,,,,,,,,,,,,,33:59,Jimmy Butler,33:29,Carlos Boozer,29:50,Luol Deng,28:38,Kirk Hinrich,28:25,Taj Gibson,27:21,Mike Dunleavy,22:32,Tony Snell,6:00,Nazr Mohammed,4:10
1,.167,6,46.154,7,3.50,84,1,2,50.0,4,.308,3.0,42.9,7.0,13,2,1.000,2,15.385,Logos via Sports Logos.net / About logos,W,https://www.basketball-reference.com/boxscores/201401040CHI.html,Home,91,28:30,2,50.0,ATL,DeMarre Carroll,,,,,,,,,,,,,38:45,Kyle Korver,36:06,Jeff Teague,32:08,Paul Millsap,30:52,Mike Scott,25:10,Pero Antić,22:35,Elton Brand,19:27,Lou Williams,19:05,Shelvin Mack,15:52,84,4,11,6.0,54.5,3.0,27.3,2.0,18.2,D.J. Augustin,7,0,2013-2014,1.0,2,4.0,CHI,91,Taj Gibson,,,,,,,,,,,,,39:13,Jimmy Butler,38:18,Joakim Noah,34:21,Luol Deng,29:42,Mike Dunleavy,28:00,Kirk Hinrich,19:30,Nazr Mohammed,13:39,Tony Snell,8:47,,
2,.500,4,44.444,9,9.00,87,0,2,100.0,4,.444,2.0,40.0,5.0,9,3,.750,4,44.444,Logos via Sports Logos.net / About logos,W,https://www.basketball-reference.com/boxscores/201401070CHI.html,Home,92,28:52,0,0.0,PHO,Gerald Green,Dionte Christmas,7:09,Alex Len,6:05,,,,,,,,,34:59,Miles Plumlee,34:49,Goran Dragić,34:15,Channing Frye,26:44,Markieff Morris,25:10,Ish Smith,23:06,P.J. Tucker,19:31,Marcus Morris,17:21,Archie Goodwin,10:51,87,4,13,4.0,30.8,6.0,46.2,3.0,23.1,D.J. Augustin,5,1,2013-2014,1.0,1,2.0,CHI,92,Taj Gibson,,,,,,,,,,,,,41:57,Jimmy Butler,40:36,Joakim Noah,35:56,Kirk Hinrich,31:25,Mike Dunleavy,28:29,Tony Snell,20:41,Nazr Mohammed,12:04,,,,
2,.333,6,75.000,1,1.00,81,0,1,100.0,2,.250,0.0,0.0,2.0,8,0,,0,0.000,Logos via Sports Logos.net / About logos,W,https://www.basketball-reference.com/boxscores/201401100MIL.html,Away,72,23:35,0,0.0,MIL,Luke Ridnour,Caron Butler,8:07,,,,,,,,,,,40:20,Brandon Knight,30:31,Ersan İlyasova,29:54,Khris Middleton,29:20,O.J. Mayo,27:07,Larry Sanders,22:55,Miroslav Raduljica,20:37,Ekpe Udoh,19:27,Giannis Antetokounmpo,11:42,72,1,6,0.0,0.0,6.0,100.0,0.0,0.0,D.J. Augustin,9,1,2013-2014,1.0,1,1.0,CHI,81,Jimmy Butler,,,,,,,,,,,,,40:17,Joakim Noah,35:01,Mike Dunleavy,34:42,Kirk Hinrich,33:16,Carlos Boozer,30:35,Taj Gibson,23:52,Tony Snell,12:20,Nazr Mohammed,6:22,,
1,.333,3,23.077,12,4.00,97,1,2,100.0,6,.462,5.0,50.0,10.0,13,7,1.000,7,53.846,Logos via Sports Logos.net / About logos,W,https://www.basketball-reference.com/boxscores/201401110CHI.html,Home,103,35:08,0,0.0,CHA,Kemba Walker,Jannero Pargo,0:49,,,,,,,,,,,43:47,Al Jefferson,38:55,Josh McRoberts,38:55,Gerald Henderson,36:58,Chris Douglas-Roberts,29:08,Ramon Sessions,19:33,Anthony Tolliver,13:45,Cody Zeller,9:05,Bismack Biyombo,9:05,97,2,20,10.0,50.0,3.0,15.0,7.0,35.0,D.J. Augustin,6,1,2013-2014,2.0,3,2.0,CHI,103,Mike Dunleavy,,,,,,,,,,,,,35:22,Joakim Noah,33:33,Kirk Hinrich,30:38,Taj Gibson,29:29,Carlos Boozer,28:11,Cartier Martin,26:03,Tony Snell,17:01,Nazr Mohammed,4:35,,
1,.200,5,45.455,7,2.33,102,0,0,0.0,2,.182,1.0,16.7,6.0,11,2,1.000,2,18.182,Logos via Sports Logos.net / About logos,L,https://www.basketball-reference.com/boxscores/201401130CHI.html,Home,88,25:47,1,100.0,WAS,Trevor Ariza,,,,,,,,,,,,,39:20,John Wall,36:21,Nenê,35:48,Marcin Gortat,35:33,Bradley Beal,29:57,Martell Webster,26:55,Trevor Booker,23:31,Garrett Temple,12:35,,,102,4,7,2.0,28.6,3.0,42.9,2.0,28.6,D.J. Augustin,14,2,2013-2014,2.0,3,1.0,CHI,88,Jimmy Butler,,,,,,,,,,,,,37:24,Joakim Noah,37:20,Carlos Boozer,32:29,Mike Dunleavy,28:54,Kirk Hinrich,27:39,Taj Gibson,25:12,Tony Snell,15:45,Cartier Martin,8:31,Nazr Mohammed,0:59
3,.375,8,44.444,9,,128,0,4,80.0,7,.389,4.0,40.0,10.0,18,2,1.000,2,11.111,Logos via Sports Logos.net / About logos,W,https://www.basketball-reference.com/boxscores/201401150ORL.html,Away,125,40:01,1,20.0,ORL,Victor Oladipo,,,,,,,,,,,,,57:11,Jameer Nelson,54:11,Glen Davis,47:17,Maurice Harkless,45:56,Tobias Harris,43:01,Kyle O'Quinn,23:58,E'Twaun Moore,19:40,Ronnie Price,12:03,Andrew Nicholson,11:43,125,2,19,8.0,42.1,9.0,47.4,2.0,10.5,D.J. Augustin,3,0,2013-2014,0.0,0,5.0,CHI,128,Jimmy Butler,,,,,,,,,,,,,60:20,Joakim Noah,48:41,Taj Gibson,42:39,Tony Snell,34:30,Mike Dunleavy,29:15,Carlos Boozer,28:01,Kirk Hinrich,25:39,Nazr Mohammed,5:54,,
4,.667,6,60.000,2,,93,0,1,100.0,5,.500,1.0,25.0,4.0,10,2,1.000,2,20.000,Logos via Sports Logos.net / About logos,L,https://www.basketball-reference.com/boxscores/201401170WAS.html,Away,96,19:31,0,0.0,WAS,Martell Webster,Kevin Séraphin,0:29,,,,,,,,,,,36:00,Nenê,34:37,Marcin Gortat,34:36,John Wall,33:47,Trevor Ariza,32:36,Trevor Booker,26:08,Bradley Beal,22:36,Garrett Temple,14:23,Otto Porter Jr.,4:48,96,1,16,2.0,12.5,12.0,75.0,2.0,12.5,D.J. Augustin,3,1,2013-2014,1.0,0,1.0,CHI,93,Jimmy Butler,,,,,,,,,,,,,38:49,Joakim Noah,33:29,Mike Dunleavy,31:44,Carlos Boozer,30:10,Kirk Hinrich,28:29,Taj Gibson,26:23,Tony Snell,25:37,Nazr Mohammed,5:48,,
2,.500,4,40.000,8,4.00,78,0,4,100.0,7,.700,5.0,83.3,6.0,10,3,1.000,3,30.000,Logos via Sports Logos.net / About logos,W,https://www.basketball-reference.com/boxscores/201401180CHI.html,Home,103,28:18,0,0.0,PHI,Michael Carter-Williams,Tony Wroten,8:16,Lorenzo Brown,4:16,Brandon Davies,4:16,,,,,,,32:57,Spencer Hawes,29:56,Thaddeus Young,29:36,Evan Turner,29:12,James Anderson,25:29,Elliot Williams,22:30,Hollis Thompson,21:19,Dewayne Dedmon,16:58,Lavoy Allen,15:15,78,1,19,10.0,52.6,6.0,31.6,3.0,15.8,D.J. Augustin,25,3,2013-2014,3.0,2,4.0,CHI,103,Jimmy Butler,Erik Murphy,4:20,,,,,,,,,,,31:59,Joakim Noah,30:53,Tony Snell,29:37,Kirk Hinrich,29:31,Carlos Boozer,27:49,Taj Gibson,24:53,Mike Dunleavy,18:23,Nazr Mohammed,8:05,Cartier Martin,6:12
5,.714,7,43.750,4,1.33,100,0,3,75.0,10,.625,5.0,55.6,9.0,16,2,.667,3,18.750,Logos via Sports Logos.net / About logos,W,https://www.basketball-reference.com/boxscores/201401200CHI.html,Home,102,37:03,1,25.0,LAL,Jodie Meeks,,,,,,,,,,,,,43:34,Nick Young,42:52,Kendall Marshall,39:42,Pau Gasol,36:41,Ryan Kelly,34:33,Manny Harris,21:23,Jordan Hill,16:19,Robert Sacre,15:33,Wesley Johnson,14:23,100,1,27,10.0,37.0,15.0,55.6,2.0,7.4,D.J. Augustin,2,1,2013-2014,1.0,3,4.0,CHI,102,Jimmy Butler,,,,,,,,,,,,,49:41,Joakim Noah,41:32,Taj Gibson,32:00,Mike Dunleavy,29:38,Carlos Boozer,28:01,Tony Snell,23:22,Kirk Hinrich,19:16,Nazr Mohammed,4:27,,
5,.625,8,57.143,7,3.50,98,0,5,100.0,8,.571,3.0,50.0,6.0,14,6,1.000,6,42.857,Logos via Sports Logos.net / About logos,W,https://www.basketball-reference.com/boxscores/201401220CLE.html,Away,87,38:42,0,0.0,CLE,Luol Deng,,,,,,,,,,,,,39:53,Kyrie Irving,37:22,Tristan Thompson,36:43,Anderson Varejão,34:05,Dion Waiters,27:43,Jarrett Jack,22:00,C.J. Miles,20:29,Tyler Zeller,15:39,Earl Clark,6:06,87,1,27,6.0,22.2,15.0,55.6,6.0,22.2,D.J. Augustin,11,0,2013-2014,0.0,2,5.0,CHI,98,Taj Gibson,,,,,,,,,,,,,42:53,Jimmy Butler,42:02,Joakim Noah,38:58,Mike Dunleavy,38:43,Tony Snell,18:29,Mike James,9:13,Nazr Mohammed,9:02,Cartier Martin,1:58,,
1,.500,2,25.000,6,,112,0,0,,3,.375,2.0,33.3,6.0,8,0,,0,0.000,Logos via Sports Logos.net / About logos,L,https://www.basketball-reference.com/boxscores/201401240CHI.html,Home,95,30:28,0,,LAC,DeAndre Jordan,Willie Green,5:41,Ryan Hollins,4:53,Reggie Bullock,0:54,,,,,,,43:07,Blake Griffin,37:06,JJ Redick,33:33,Darren Collison,28:40,Jamal Crawford,26:23,Matt Barnes,23:30,Jared Dudley,18:35,Hedo Türkoğlu,10:54,Darius Morris,6:44,112,4,7,4.0,57.1,3.0,42.9,0.0,0.0,D.J. Augustin,17,0,2013-2014,0.0,0,0.0,CHI,95,Jimmy Butler,Erik Murphy,0:54,,,,,,,,,,,41:17,Joakim Noah,34:08,Mike Dunleavy,30:05,Carlos Boozer,28:32,Taj Gibson,25:45,Tony Snell,20:44,Mike James,17:32,Nazr Mohammed,6:41,Cartier Martin,3:54
6,.500,12,63.158,3,1.50,89,0,1,100.0,9,.474,3.0,42.9,7.0,19,4,.667,6,31.579,Logos via Sports Logos.net / About logos,W,https://www.basketball-reference.com/boxscores/201401250CHA.html,Away,87,43:51,0,0.0,CHA,Al Jefferson,Bismack Biyombo,10:19,,,,,,,,,,,37:39,Gerald Henderson,37:16,Ramon Sessions,33:16,Josh McRoberts,27:13,Anthony Tolliver,26:03,Michael Kidd-Gilchrist,21:58,Cody Zeller,20:48,Jannero Pargo,14:44,Chris Douglas-Roberts,10:44,87,3,28,6.0,21.4,18.0,64.3,4.0,14.3,D.J. Augustin,2,2,2013-2014,2.0,2,1.0,CHI,89,Jimmy Butler,,,,,,,,,,,,,42:19,Joakim Noah,39:35,Mike Dunleavy,28:41,Taj Gibson,27:36,Tony Snell,25:00,Carlos Boozer,24:39,Mike James,4:10,Nazr Mohammed,4:09,,
4,.444,9,60.000,6,3.00,95,0,1,100.0,6,.400,2.0,33.3,6.0,15,3,.750,4,26.667,Logos via Sports Logos.net / About logos,L,https://www.basketball-reference.com/boxscores/201401270CHI.html,Home,86,39:25,0,0.0,MIN,Kevin Love,Alexey Shved,8:36,Nikola Peković,6:00,Luc Mbah a Moute,4:23,,,,,,,35:48,Corey Brewer,35:01,Ronny Turiaf,32:23,Ricky Rubio,30:24,Kevin Martin,28:24,Chase Budinger,19:36,J.J. Barea,17:36,Dante Cunningham,12:12,Gorgui Dieng,9:37,95,5,19,4.0,21.1,12.0,63.2,3.0,15.8,D.J. Augustin,9,0,2013-2014,0.0,2,1.0,CHI,86,Jimmy Butler,,,,,,,,,,,,,40:38,Carlos Boozer,37:16,Taj Gibson,34:56,Mike Dunleavy,31:21,Tony Snell,24:01,Nazr Mohammed,22:45,Mike James,8:35,Cartier Martin,1:03,,
2,.400,5,29.412,5,5.00,96,0,0,,6,.353,4.0,33.3,12.0,17,1,.500,2,11.765,Logos via Sports Logos.net / About logos,W,https://www.basketball-reference.com/boxscores/201401290SAS.html,Away,86,37:58,0,,SAS,Tim Duncan,Aron Baynes,8:47,Matt Bonner,7:27,,,,,,,,,35:25,Tony Parker,33:34,Marco Belinelli,31:33,Boris Diaw,28:42,Cory Joseph,26:18,Patty Mills,19:26,Nando De Colo,17:56,Jeff Ayres,15:39,Othyus Jeffers,15:13,86,2,15,8.0,53.3,6.0,40.0,1.0,6.7,D.J. Augustin,10,1,2013-2014,1.0,1,0.0,CHI,96,Jimmy Butler,,,,,,,,,,,,,41:53,Joakim Noah,39:34,Mike Dunleavy,36:00,Taj Gibson,26:37,Carlos Boozer,25:40,Kirk Hinrich,21:39,Tony Snell,6:30,Nazr Mohammed,4:09,,
1,.200,5,29.412,7,3.50,79,0,2,100.0,8,.471,7.0,58.3,12.0,17,6,1.000,6,35.294,Logos via Sports Logos.net / About logos,L,https://www.basketball-reference.com/boxscores/201402010NOP.html,Away,88,39:46,0,0.0,NOP,Anthony Davis,Jeff Withey,11:43,,,,,,,,,,,40:13,Eric Gordon,31:28,Brian Roberts,29:42,Al-Farouq Aminu,28:13,Greg Stiemsma,25:58,Tyreke Evans,23:00,Austin Rivers,18:18,Alexis Ajinça,18:06,Anthony Morrow,13:19,88,2,23,14.0,60.9,3.0,13.0,6.0,26.1,D.J. Augustin,9,0,2013-2014,0.0,2,2.0,CHI,79,Jimmy Butler,,,,,,,,,,,,,43:09,Joakim Noah,37:15,Mike Dunleavy,31:35,Taj Gibson,30:21,Carlos Boozer,21:34,Kirk Hinrich,18:28,Tony Snell,8:58,Nazr Mohammed,6:50,Tornike Shengelia,2:04
1,.200,5,45.455,7,2.33,70,0,1,100.0,2,.182,1.0,16.7,6.0,11,3,.500,6,54.545,Logos via Sports Logos.net / About logos,L,https://www.basketball-reference.com/boxscores/201402030SAC.html,Away,99,30:46,0,0.0,SAC,DeMarcus Cousins,Jimmer Fredette,10:56,Aaron Gray,8:16,Ray McCallum,6:06,Travis Outlaw,2:44,,,,,33:44,Isaiah Thomas,30:58,Rudy Gay,25:08,Derrick Williams,24:21,Marcus Thornton,23:53,Quincy Acy,23:15,Ben McLemore,20:06,Jason Thompson,19:36,Carl Landry,10:57,99,3,8,2.0,25.0,3.0,37.5,3.0,37.5,D.J. Augustin,29,2,2013-2014,2.0,3,1.0,CHI,70,Jimmy Butler,Tornike Shengelia,2:44,,,,,,,,,,,36:30,Carlos Boozer,34:57,Tony Snell,29:42,Mike Dunleavy,23:00,Taj Gibson,22:31,Kirk Hinrich,19:08,Joakim Noah,18:51,Nazr Mohammed,16:57,Erik Murphy,4:54
3,.500,6,60.000,2,0.67,101,0,3,100.0,5,.500,2.0,50.0,4.0,10,5,1.000,5,50.000,Logos via Sports Logos.net / About logos,W,https://www.basketball-reference.com/boxscores/201402040PHO.html,Away,92,28:09,0,0.0,PHO,Goran Dragić,,,,,,,,,,,,,34:42,Channing Frye,34:33,Miles Plumlee,31:19,Markieff Morris,29:39,P.J. Tucker,26:31,Gerald Green,25:33,Leandro Barbosa,22:56,Marcus Morris,20:22,Ish Smith,14:25,92,4,18,4.0,22.2,9.0,50.0,5.0,27.8,D.J. Augustin,9,1,2013-2014,1.0,3,3.0,CHI,101,Jimmy Butler,,,,,,,,,,,,,43:44,Mike Dunleavy,38:28,Joakim Noah,36:53,Carlos Boozer,31:48,Kirk Hinrich,24:45,Taj Gibson,22:36,Tony Snell,8:57,Nazr Mohammed,4:40,,
0,.000,2,16.667,1,0.50,87,0,1,100.0,5,.417,5.0,50.0,10.0,12,0,,0,0.000,Logos via Sports Logos.net / About logos,L,https://www.basketball-reference.com/boxscores/201402060GSW.html,Away,102,23:33,0,0.0,GSW,Stephen Curry,Kent Bazemore,0:34,MarShon Brooks,0:18,,,,,,,,,42:45,Andre Iguodala,40:31,Klay Thompson,40:02,Harrison Barnes,28:47,Draymond Green,27:26,Jermaine O'Neal,25:54,Jordan Crawford,20:34,Marreese Speights,12:21,Ognjen Kuzmić,0:48,102,2,10,10.0,100.0,0.0,0.0,0.0,0.0,D.J. Augustin,15,1,2013-2014,1.0,2,1.0,CHI,87,Jimmy Butler,,,,,,,,,,,,,46:30,Taj Gibson,45:39,Joakim Noah,39:07,Mike Dunleavy,35:41,Kirk Hinrich,25:01,Tony Snell,18:13,Nazr Mohammed,6:16,,,,
2,.667,3,23.077,6,2.00,92,0,0,0.0,4,.308,2.0,20.0,10.0,13,5,1.000,5,38.462,Logos via Sports Logos.net / About logos,W,https://www.basketball-reference.com/boxscores/201402090LAL.html,Away,86,30:00,1,100.0,LAL,Steve Blake,,,,,,,,,,,,,40:18,Kendall Marshall,36:59,Wesley Johnson,29:42,Chris Kaman,27:40,Jordan Hill,26:24,Shawne Williams,21:31,Steve Nash,21:14,Robert Sacre,20:20,Ryan Kelly,15:52,86,1,15,4.0,26.7,6.0,40.0,5.0,33.3,D.J. Augustin,6,2,2013-2014,2.0,3,1.0,CHI,92,Taj Gibson,,,,,,,,,,,,,45:18,Joakim Noah,41:22,Jimmy Butler,40:28,Mike Dunleavy,30:20,Kirk Hinrich,28:37,Tony Snell,17:17,Nazr Mohammed,6:38,,,,
4,.667,6,54.545,4,2.00,85,0,4,100.0,4,.364,0.0,0.0,5.0,11,1,1.000,1,9.091,Logos via Sports Logos.net / About logos,W,https://www.basketball-reference.com/boxscores/201402110CHI.html,Home,100,30:54,0,0.0,ATL,Kyle Korver,Cartier Martin,5:14,,,,,,,,,,,35:21,Paul Millsap,33:24,Jeff Teague,32:30,DeMarre Carroll,31:46,Lou Williams,29:49,Elton Brand,25:49,Gustavo Ayón,19:14,Mike Scott,17:32,Shelvin Mack,9:21,85,2,13,0.0,0.0,12.0,92.3,1.0,7.7,D.J. Augustin,15,1,2013-2014,1.0,2,4.0,CHI,100,Taj Gibson,,,,,,,,,,,,,46:01,Joakim Noah,41:08,Jimmy Butler,37:10,Mike Dunleavy,36:31,Kirk Hinrich,29:51,Tony Snell,13:31,Nazr Mohammed,4:54,,,,
1,.333,3,75.000,5,1.00,76,0,3,100.0,1,.250,0.0,0.0,1.0,4,5,1.000,5,125.000,Logos via Sports Logos.net / About logos,W,https://www.basketball-reference.com/boxscores/201402130CHI.html,Home,92,27:34,0,0.0,BRK,Deron Williams,Mason Plumlee,8:53,Mirza Teletović,2:37,,,,,,,,,41:55,Joe Johnson,38:27,Paul Pierce,27:24,Shaun Livingston,25:40,Kevin Garnett,24:34,Andray Blatche,23:26,Andrei Kirilenko,21:23,Alan Anderson,13:39,Jason Terry,12:02,76,3,8,0.0,0.0,3.0,37.5,5.0,62.5,D.J. Augustin,16,0,2013-2014,0.0,5,3.0,CHI,92,Jimmy Butler,,,,,,,,,,,,,46:02,Joakim Noah,33:23,Kirk Hinrich,32:40,Mike Dunleavy,31:36,Taj Gibson,30:56,Carlos Boozer,27:35,Tony Snell,6:08,Nazr Mohammed,4:06,,
4,.800,5,33.333,1,0.33,94,0,1,100.0,7,.467,3.0,30.0,10.0,15,1,1.000,1,6.667,Logos via Sports Logos.net / About logos,W,https://www.basketball-reference.com/boxscores/201402190TOR.html,Away,92,26:17,0,0.0,TOR,DeMar DeRozan,Julyan Stone,0:05,Steve Novak,0:02,,,,,,,,,42:22,Kyle Lowry,34:27,Amir Johnson,26:37,Terrence Ross,25:39,Tyler Hansbrough,25:26,John Salmons,24:16,Patrick Patterson,22:00,Jonas Valančiūnas,21:55,Greivis Vásquez,17:11,92,4,19,6.0,31.6,12.0,63.2,1.0,5.3,D.J. Augustin,2,0,2013-2014,0.0,3,1.0,CHI,94,Jimmy Butler,,,,,,,,,,,,,45:57,Mike Dunleavy,37:56,Joakim Noah,36:48,Carlos Boozer,28:35,Kirk Hinrich,27:39,Taj Gibson,26:29,Tony Snell,6:13,Nazr Mohammed,4:06,,
5,.714,7,70.000,8,2.67,89,0,5,100.0,5,.500,0.0,0.0,3.0,10,7,1.000,7,70.000,Logos via Sports Logos.net / About logos,W,https://www.basketball-reference.com/boxscores/201402210CHI.html,Home,117,30:40,0,0.0,DEN,Wilson Chandler,Quincy Miller,13:20,Darrell Arthur,5:21,,,,,,,,,31:09,Randy Foye,27:58,Aaron Brooks,27:49,Timofey Mozgov,27:40,Kenneth Faried,26:50,Evan Fournier,24:36,J.J. Hickson,20:20,Anthony Randolph,19:08,Jan Veselý,15:49,89,0,22,0.0,0.0,15.0,68.2,7.0,31.8,D.J. Augustin,28,2,2013-2014,2.0,3,5.0,CHI,117,Tony Snell,Tornike Shengelia,3:15,Jarvis Varnado,2:03,,,,,,,,,36:53,Mike Dunleavy,35:39,Joakim Noah,28:15,Taj Gibson,26:40,Kirk Hinrich,24:23,Carlos Boozer,24:00,Nazr Mohammed,13:24,Jimmy Butler,11:07,Erik Murphy,3:41
0,.000,5,50.000,5,,79,0,2,100.0,0,.000,0.0,0.0,5.0,10,2,1.000,2,20.000,Logos via Sports Logos.net / About logos,L,https://www.basketball-reference.com/boxscores/201402230MIA.html,Away,93,36:16,0,0.0,MIA,Mario Chalmers,Toney Douglas,0:52,,,,,,,,,,,39:35,Dwyane Wade,35:10,Chris Bosh,34:45,Ray Allen,31:22,Shane Battier,26:07,Chris Andersen,25:36,Michael Beasley,20:24,Norris Cole,13:20,Greg Oden,12:49,93,1,2,0.0,0.0,0.0,0.0,2.0,100.0,D.J. Augustin,14,0,2013-2014,0.0,0,2.0,CHI,79,Joakim Noah,,,,,,,,,,,,,39:57,Tony Snell,37:33,Mike Dunleavy,35:46,Kirk Hinrich,34:25,Taj Gibson,27:36,Carlos Boozer,24:00,Nazr Mohammed,4:27,,,,
1,.125,8,57.143,6,3.00,107,0,2,100.0,2,.143,1.0,16.7,6.0,14,5,1.000,5,35.714,Logos via Sports Logos.net / About logos,W,https://www.basketball-reference.com/boxscores/201402250ATL.html,Away,103,29:08,0,0.0,ATL,Elton Brand,,,,,,,,,,,,,41:46,Kyle Korver,38:48,Jeff Teague,34:31,DeMarre Carroll,33:57,Mike Scott,32:34,Shelvin Mack,27:29,Lou Williams,26:09,Dexter Pittman,2:26,Cartier Martin,2:20,103,1,10,2.0,20.0,3.0,30.0,5.0,50.0,D.J. Augustin,4,2,2013-2014,2.0,2,2.0,CHI,107,Mike Dunleavy,,,,,,,,,,,,,47:51,Joakim Noah,36:40,Tony Snell,34:57,Kirk Hinrich,32:13,Carlos Boozer,27:56,Taj Gibson,26:34,Nazr Mohammed,4:41,,,,
0,.000,3,50.000,4,4.00,83,0,3,100.0,2,.333,2.0,66.7,3.0,6,1,1.000,1,16.667,Logos via Sports Logos.net / About logos,W,https://www.basketball-reference.com/boxscores/201402260CHI.html,Home,103,23:02,0,0.0,GSW,Stephen Curry,Draymond Green,14:44,Marreese Speights,9:08,Hilton Armstrong,6:57,,,,,,,28:19,Steve Blake,26:55,Jordan Crawford,24:48,Harrison Barnes,24:28,Klay Thompson,23:32,Andrew Bogut,23:00,Andre Iguodala,21:05,David Lee,20:38,Jermaine O'Neal,16:26,83,2,5,4.0,80.0,0.0,0.0,1.0,20.0,D.J. Augustin,20,0,2013-2014,0.0,1,3.0,CHI,103,Jimmy Butler,Tornike Shengelia,2:08,,,,,,,,,,,36:35,Mike Dunleavy,36:14,Joakim Noah,32:35,Taj Gibson,27:26,Kirk Hinrich,24:58,Carlos Boozer,24:35,Tony Snell,18:18,Nazr Mohammed,9:17,Erik Murphy,4:52
2,.333,6,85.714,3,1.50,100,0,0,,3,.429,1.0,100.0,1.0,7,1,1.000,1,14.286,Logos via Sports Logos.net / About logos,W,https://www.basketball-reference.com/boxscores/201402280DAL.html,Away,91,24:53,0,,DAL,Monta Ellis,Brandan Wright,8:38,Jae Crowder,1:12,,,,,,,,,39:02,Dirk Nowitzki,34:16,José Calderón,32:46,Shawn Marion,29:50,Vince Carter,26:24,Samuel Dalembert,22:46,DeJuan Blair,16:24,Devin Harris,15:14,Wayne Ellington,13:28,91,1,9,2.0,22.2,6.0,66.7,1.0,11.1,D.J. Augustin,9,0,2013-2014,0.0,2,0.0,CHI,100,Jimmy Butler,,,,,,,,,,,,,44:18,Mike Dunleavy,41:33,Joakim Noah,36:59,Taj Gibson,31:27,Kirk Hinrich,29:42,Carlos Boozer,24:00,Nazr Mohammed,3:34,Tony Snell,3:34,,
4,.800,5,50.000,0,0.00,90,0,2,66.7,7,.700,3.0,60.0,5.0,10,5,.833,6,60.000,Logos via Sports Logos.net / About logos,W,https://www.basketball-reference.com/boxscores/201403020CHI.html,Home,109,26:02,1,33.3,NYK,Tyson Chandler,Shannon Brown,4:39,Earl Clark,4:39,Toure' Murry,4:24,,,,,,,40:01,Carmelo Anthony,38:25,Raymond Felton,30:31,J.R. Smith,27:49,Tim Hardaway Jr.,25:19,Amar'e Stoudemire,22:48,Iman Shumpert,19:37,Pablo Prigioni,17:09,Jeremy Tyler,4:39,90,3,23,6.0,26.1,12.0,52.2,5.0,21.7,D.J. Augustin,19,1,2013-2014,1.0,1,3.0,CHI,109,Jimmy Butler,Tornike Shengelia,3:08,,,,,,,,,,,41:42,Joakim Noah,37:27,Mike Dunleavy,30:59,Kirk Hinrich,30:50,Taj Gibson,27:30,Carlos Boozer,24:00,Tony Snell,11:19,Erik Murphy,3:55,Jimmer Fredette,3:08
1,.200,5,55.556,4,2.00,80,0,3,100.0,4,.444,3.0,75.0,4.0,9,7,1.000,7,77.778,Logos via Sports Logos.net / About logos,L,https://www.basketball-reference.com/boxscores/201403030BRK.html,Away,96,26:32,0,0.0,BRK,Deron Williams,Alan Anderson,2:57,Jason Collins,2:41,,,,,,,,,36:25,Joe Johnson,32:54,Paul Pierce,30:57,Andray Blatche,28:29,Andrei Kirilenko,24:33,Shaun Livingston,24:03,Mason Plumlee,22:28,Marcus Thornton,20:27,Mirza Teletović,14:06,96,2,16,6.0,37.5,3.0,18.8,7.0,43.8,D.J. Augustin,16,0,2013-2014,0.0,2,3.0,CHI,80,Jimmy Butler,,,,,,,,,,,,,43:16,Joakim Noah,34:39,Mike Dunleavy,32:56,Kirk Hinrich,31:48,Carlos Boozer,29:50,Taj Gibson,21:54,Nazr Mohammed,9:37,Tony Snell,6:31,Jimmer Fredette,2:57
2,.400,5,35.714,6,6.00,105,0,1,100.0,7,.500,5.0,55.6,9.0,14,10,1.000,10,71.429,Logos via Sports Logos.net / About logos,W,https://www.basketball-reference.com/boxscores/201403050DET.html,Away,94,30:46,0,0.0,DET,Greg Monroe,,,,,,,,,,,,,43:47,Josh Smith,41:20,Andre Drummond,38:29,Kyle Singler,35:43,Brandon Jennings,31:45,Rodney Stuckey,28:49,Will Bynum,16:15,Kentavious Caldwell-Pope,3:52,,,94,3,26,10.0,38.5,6.0,23.1,10.0,38.5,D.J. Augustin,11,0,2013-2014,0.0,1,1.0,CHI,105,Jimmy Butler,,,,,,,,,,,,,46:00,Mike Dunleavy,42:52,Joakim Noah,34:57,Taj Gibson,30:46,Carlos Boozer,24:00,Kirk Hinrich,22:22,Nazr Mohammed,6:17,Tony Snell,2:00,,
1,.200,5,35.714,3,3.00,85,0,1,100.0,5,.357,4.0,44.4,9.0,14,3,1.000,3,21.429,Logos via Sports Logos.net / About logos,L,https://www.basketball-reference.com/boxscores/201403070CHI.html,Home,77,30:21,0,0.0,MEM,Zach Randolph,Jon Leuer,7:02,,,,,,,,,,,36:18,Marc Gasol,33:25,Mike Conley,30:36,Courtney Lee,28:26,Tony Allen,25:07,Tayshaun Prince,22:19,Mike Miller,20:08,Kosta Koufos,19:15,Nick Calathes,17:24,85,2,14,8.0,57.1,3.0,21.4,3.0,21.4,D.J. Augustin,8,0,2013-2014,0.0,1,1.0,CHI,77,Jimmy Butler,,,,,,,,,,,,,42:36,Joakim Noah,40:19,Kirk Hinrich,32:33,Taj Gibson,28:06,Mike Dunleavy,27:54,Carlos Boozer,24:00,Tony Snell,10:36,Nazr Mohammed,3:35,,
4,.667,6,46.154,2,2.00,88,0,1,100.0,8,.615,4.0,57.1,7.0,13,2,1.000,2,15.385,Logos via Sports Logos.net / About logos,W,https://www.basketball-reference.com/boxscores/201403090CHI.html,Home,95,37:12,0,0.0,MIA,LeBron James,Greg Oden,8:37,,,,,,,,,,,45:19,Dwyane Wade,39:31,Chris Bosh,37:53,Mario Chalmers,37:15,Chris Andersen,33:04,Ray Allen,20:44,Norris Cole,18:04,Michael Beasley,15:07,Shane Battier,9:26,88,1,22,8.0,36.4,12.0,54.5,2.0,9.1,D.J. Augustin,7,0,2013-2014,0.0,1,1.0,CHI,95,Jimmy Butler,,,,,,,,,,,,,47:50,Joakim Noah,42:02,Kirk Hinrich,34:20,Taj Gibson,31:16,Carlos Boozer,28:27,Mike Dunleavy,24:53,Tony Snell,14:45,Nazr Mohammed,4:15,,
2,.500,4,40.000,4,2.00,104,0,3,100.0,7,.700,5.0,83.3,6.0,10,8,.889,9,90.000,Logos via Sports Logos.net / About logos,L,https://www.basketball-reference.com/boxscores/201403110CHI.html,Home,96,32:09,0,0.0,SAS,Kawhi Leonard,Danny Green,9:58,Cory Joseph,8:24,Jeff Ayres,7:19,Matt Bonner,5:44,,,,,28:47,Boris Diaw,27:47,Marco Belinelli,27:35,Tim Duncan,27:14,Tony Parker,24:34,Patty Mills,24:11,Manu Ginóbili,20:31,Tiago Splitter,14:02,Aron Baynes,13:54,104,3,24,10.0,41.7,6.0,25.0,8.0,33.3,D.J. Augustin,8,0,2013-2014,0.0,2,3.0,CHI,96,Jimmy Butler,,,,,,,,,,,,,36:16,Joakim Noah,30:57,Carlos Boozer,27:44,Kirk Hinrich,26:53,Taj Gibson,22:56,Mike Dunleavy,21:20,Tony Snell,19:35,Nazr Mohammed,14:23,Jimmer Fredette,7:47
3,.429,7,77.778,8,8.00,87,0,1,100.0,5,.556,2.0,100.0,2.0,9,0,.000,1,11.111,Logos via Sports Logos.net / About logos,W,https://www.basketball-reference.com/boxscores/201403130CHI.html,Home,111,29:17,0,0.0,HOU,Patrick Beverley,Francisco García,13:03,Omri Casspi,9:37,Isaiah Canaan,8:12,,,,,,,29:36,Dwight Howard,28:35,James Harden,26:36,Chandler Parsons,25:48,Jeremy Lin,23:53,Terrence Jones,19:44,Ömer Aşık,19:25,Jordan Hamilton,18:20,Donatas Motiejūnas,17:11,87,5,13,4.0,30.8,9.0,69.2,0.0,0.0,D.J. Augustin,24,1,2013-2014,1.0,1,1.0,CHI,111,Mike Dunleavy,Erik Murphy,2:17,Tornike Shengelia,1:36,,,,,,,,,36:58,Joakim Noah,35:10,Carlos Boozer,33:18,Kirk Hinrich,30:19,Jimmy Butler,27:33,Taj Gibson,18:01,Tony Snell,14:46,Nazr Mohammed,7:14,Jimmer Fredette,3:31
2,.400,5,50.000,2,2.00,87,0,0,,3,.300,1.0,20.0,5.0,10,4,.800,5,50.000,Logos via Sports Logos.net / About logos,W,https://www.basketball-reference.com/boxscores/201403150CHI.html,Home,94,27:58,0,,SAC,Isaiah Thomas,Travis Outlaw,6:36,,,,,,,,,,,42:16,DeMarcus Cousins,37:54,Ben McLemore,35:36,Rudy Gay,30:47,Reggie Evans,24:17,Jason Thompson,23:22,Derrick Williams,18:19,Ray McCallum,10:47,Quincy Acy,10:06,87,5,12,2.0,16.7,6.0,50.0,4.0,33.3,D.J. Augustin,7,0,2013-2014,0.0,1,0.0,CHI,94,Mike Dunleavy,,,,,,,,,,,,,40:59,Joakim Noah,40:50,Jimmy Butler,38:10,Kirk Hinrich,31:25,Taj Gibson,26:50,Carlos Boozer,24:00,Tony Snell,5:28,Nazr Mohammed,4:20,,
0,.000,6,54.545,3,,97,0,1,100.0,3,.273,3.0,60.0,5.0,11,4,.800,5,45.455,Logos via Sports Logos.net / About logos,L,https://www.basketball-reference.com/boxscores/201403170CHI.html,Home,85,29:38,0,0.0,OKC,Kevin Durant,Hasheem Thabeet,9:35,Jeremy Lamb,1:51,,,,,,,,,42:10,Serge Ibaka,33:55,Reggie Jackson,32:23,Caron Butler,29:17,Russell Westbrook,28:16,Steven Adams,20:43,Andre Roberson,14:16,Derek Fisher,14:01,Nick Collison,13:33,97,1,10,6.0,60.0,0.0,0.0,4.0,40.0,D.J. Augustin,12,0,2013-2014,0.0,0,1.0,CHI,85,Jimmy Butler,,,,,,,,,,,,,45:51,Joakim Noah,35:59,Kirk Hinrich,31:53,Mike Dunleavy,30:15,Taj Gibson,29:38,Carlos Boozer,24:00,Nazr Mohammed,6:23,Tony Snell,6:23,,
4,.667,6,40.000,2,1.00,102,0,1,50.0,6,.400,2.0,22.2,9.0,15,4,1.000,4,26.667,Logos via Sports Logos.net / About logos,W,https://www.basketball-reference.com/boxscores/201403190PHI.html,Away,94,33:09,1,50.0,PHI,Tony Wroten,Brandon Davies,3:27,,,,,,,,,,,42:39,Thaddeus Young,37:42,Michael Carter-Williams,37:35,Henry Sims,24:18,Elliot Williams,23:59,James Nunnally,20:31,Hollis Thompson,19:17,Jarvis Varnado,15:44,Byron Mullens,14:48,94,1,20,4.0,20.0,12.0,60.0,4.0,20.0,D.J. Augustin,8,0,2013-2014,0.0,2,2.0,CHI,102,Jimmy Butler,,,,,,,,,,,,,45:59,Joakim Noah,38:03,Mike Dunleavy,31:12,Taj Gibson,29:36,Kirk Hinrich,24:27,Carlos Boozer,24:00,Tony Snell,9:13,Nazr Mohammed,4:21,,
0,.000,1,7.143,3,3.00,79,1,4,100.0,6,.429,6.0,46.2,13.0,14,5,.714,7,50.000,Logos via Sports Logos.net / About logos,L,https://www.basketball-reference.com/boxscores/201403210IND.html,Away,91,29:36,0,0.0,IND,Paul George,Chris Copeland,9:40,Rasual Butler,1:01,,,,,,,,,36:34,George Hill,35:47,Roy Hibbert,31:57,Lance Stephenson,28:26,David West,27:16,Evan Turner,20:34,Luis Scola,20:29,Ian Mahinmi,16:03,Donald Sloan,12:13,91,2,17,12.0,70.6,0.0,0.0,5.0,29.4,D.J. Augustin,12,1,2013-2014,2.0,1,4.0,CHI,79,Jimmy Butler,,,,,,,,,,,,,45:21,Joakim Noah,38:08,Mike Dunleavy,37:56,Carlos Boozer,31:07,Kirk Hinrich,28:28,Taj Gibson,22:14,Nazr Mohammed,4:31,Tony Snell,2:39,,
3,.750,4,36.364,6,6.00,81,0,4,100.0,5,.455,2.0,28.6,7.0,11,3,.600,5,45.455,Logos via Sports Logos.net / About logos,W,https://www.basketball-reference.com/boxscores/201403220CHI.html,Home,91,31:13,0,0.0,PHI,Thaddeus Young,Darius Johnson-Odom,4:35,,,,,,,,,,,40:40,Michael Carter-Williams,38:08,James Anderson,33:23,Hollis Thompson,32:21,Henry Sims,31:13,Elliot Williams,21:04,Jarvis Varnado,14:31,James Nunnally,14:31,Byron Mullens,9:34,81,0,16,4.0,25.0,9.0,56.2,3.0,18.8,D.J. Augustin,10,1,2013-2014,1.0,1,4.0,CHI,91,Jimmy Butler,,,,,,,,,,,,,45:30,Joakim Noah,37:40,Mike Dunleavy,33:51,Kirk Hinrich,31:55,Taj Gibson,28:44,Carlos Boozer,24:00,Nazr Mohammed,5:36,Tony Snell,1:31,,
0,.000,1,12.500,3,3.00,77,0,0,0.0,2,.250,2.0,28.6,7.0,8,0,,0,0.000,Logos via Sports Logos.net / About logos,W,https://www.basketball-reference.com/boxscores/201403240CHI.html,Home,89,27:46,1,100.0,IND,Paul George,Chris Copeland,5:10,Lavoy Allen,1:03,Rasual Butler,1:03,Solomon Hill,1:03,,,,,40:36,George Hill,39:08,David West,36:01,Lance Stephenson,30:11,Roy Hibbert,26:06,Evan Turner,19:32,Ian Mahinmi,16:33,Luis Scola,14:42,Donald Sloan,8:52,77,1,4,4.0,100.0,0.0,0.0,0.0,0.0,D.J. Augustin,12,0,2013-2014,0.0,1,1.0,CHI,89,Mike Dunleavy,Tornike Shengelia,0:13,,,,,,,,,,,38:15,Joakim Noah,34:40,Taj Gibson,33:24,Jimmy Butler,32:30,Kirk Hinrich,27:34,Carlos Boozer,23:49,Tony Snell,17:55,Nazr Mohammed,3:41,Erik Murphy,0:13
1,.143,7,41.176,7,7.00,91,0,3,75.0,7,.412,6.0,60.0,10.0,17,0,,0,0.000,Logos via Sports Logos.net / About logos,L,https://www.basketball-reference.com/boxscores/201403280CHI.html,Home,74,32:36,1,25.0,POR,Damian Lillard,Victor Claver,1:59,Meyers Leonard,1:59,CJ McCollum,1:59,Earl Watson,1:59,,,,,37:02,Nicolas Batum,35:28,Robin Lopez,32:36,Wesley Matthews,30:50,LaMarcus Aldridge,29:27,Mo Williams,24:55,Dorell Wright,20:28,Thomas Robinson,11:30,Will Barton,9:48,91,0,15,12.0,80.0,3.0,20.0,0.0,0.0,D.J. Augustin,17,0,2013-2014,0.0,1,4.0,CHI,74,Jimmy Butler,,,,,,,,,,,,,44:41,Joakim Noah,38:08,Mike Dunleavy,32:24,Taj Gibson,28:58,Carlos Boozer,24:00,Kirk Hinrich,17:37,Tony Snell,12:46,Nazr Mohammed,4:54,Jimmer Fredette,3:56
3,.750,4,28.571,3,1.50,107,0,1,100.0,10,.714,7.0,70.0,10.0,14,10,1.000,10,71.429,Logos via Sports Logos.net / About logos,W,https://www.basketball-reference.com/boxscores/201403300BOS.html,Away,102,30:38,0,0.0,BOS,Rajon Rondo,,,,,,,,,,,,,37:59,Avery Bradley,33:24,Jeff Green,29:59,Brandon Bass,29:17,Jerryd Bayless,28:08,Jared Sullinger,26:52,Kris Humphries,22:17,Kelly Olynyk,17:34,Chris Johnson,14:30,102,0,33,14.0,42.4,9.0,27.3,10.0,30.3,D.J. Augustin,5,1,2013-2014,1.0,2,1.0,CHI,107,Jimmy Butler,,,,,,,,,,,,,44:29,Joakim Noah,37:25,Mike Dunleavy,33:19,Kirk Hinrich,30:21,Taj Gibson,29:24,Carlos Boozer,24:00,Tony Snell,5:13,Nazr Mohammed,5:11,,
0,.000,3,33.333,11,11.00,80,0,1,100.0,1,.111,1.0,16.7,6.0,9,2,1.000,2,22.222,Logos via Sports Logos.net / About logos,W,https://www.basketball-reference.com/boxscores/201403310CHI.html,Home,94,30:33,0,0.0,BOS,Jeff Green,Chris Babb,4:36,,,,,,,,,,,39:40,Chris Johnson,35:05,Jerryd Bayless,33:00,Brandon Bass,31:28,Kris Humphries,25:23,Jared Sullinger,19:54,Phil Pressey,18:52,Kelly Olynyk,18:18,Avery Bradley,13:44,80,2,4,2.0,50.0,0.0,0.0,2.0,50.0,D.J. Augustin,14,0,2013-2014,0.0,1,1.0,CHI,94,Jimmy Butler,,,,,,,,,,,,,42:27,Joakim Noah,38:59,Mike Dunleavy,38:49,Taj Gibson,28:25,Kirk Hinrich,27:21,Carlos Boozer,24:00,Tony Snell,4:50,Nazr Mohammed,4:36,,
4,.500,8,53.333,5,1.67,105,0,1,100.0,8,.533,4.0,57.1,7.0,15,3,.750,4,26.667,Logos via Sports Logos.net / About logos,W,https://www.basketball-reference.com/boxscores/201404020ATL.html,Away,92,28:16,0,0.0,ATL,Paul Millsap,Pero Antić,10:11,Shelvin Mack,5:01,,,,,,,,,37:19,DeMarre Carroll,36:26,Jeff Teague,35:04,Kyle Korver,33:30,Elton Brand,25:52,Lou Williams,21:03,Dennis Schröder,12:56,Mike Muscala,11:57,Mike Scott,10:41,92,3,23,8.0,34.8,12.0,52.2,3.0,13.0,D.J. Augustin,13,2,2013-2014,2.0,3,1.0,CHI,105,Jimmy Butler,,,,,,,,,,,,,40:53,Joakim Noah,37:57,Kirk Hinrich,30:51,Mike Dunleavy,30:35,Taj Gibson,28:12,Carlos Boozer,24:00,Tony Snell,13:25,Nazr Mohammed,5:51,,
2,.400,5,62.500,6,6.00,90,0,1,50.0,3,.375,1.0,33.3,3.0,8,6,1.000,6,75.000,Logos via Sports Logos.net / About logos,W,https://www.basketball-reference.com/boxscores/201404040CHI.html,Home,102,30:58,1,50.0,MIL,Zaza Pachulia,,,,,,,,,,,,,40:08,Ramon Sessions,39:39,Brandon Knight,38:10,Jeff Adrien,36:45,Khris Middleton,33:01,Giannis Antetokounmpo,32:48,John Henson,19:07,D.J. Stephens,0:22,,,90,3,14,2.0,14.3,6.0,42.9,6.0,42.9,D.J. Augustin,12,1,2013-2014,1.0,1,2.0,CHI,102,Jimmy Butler,Tornike Shengelia,0:22,,,,,,,,,,,40:56,Joakim Noah,37:46,Kirk Hinrich,31:48,Mike Dunleavy,31:36,Taj Gibson,28:31,Carlos Boozer,24:00,Tony Snell,8:20,Nazr Mohammed,5:21,Jimmer Fredette,0:22
6,.545,11,57.895,4,,96,0,4,100.0,8,.421,2.0,25.0,8.0,19,3,.750,4,21.053,Logos via Sports Logos.net / About logos,W,https://www.basketball-reference.com/boxscores/201404050WAS.html,Away,78,29:58,0,0.0,WAS,Bradley Beal,Kevin Séraphin,6:55,Al Harrington,4:53,Garrett Temple,3:16,Chris Singleton,3:16,,,,,38:24,John Wall,36:09,Marcin Gortat,35:56,Trevor Ariza,29:43,Trevor Booker,26:37,Drew Gooden,21:39,Martell Webster,17:14,Andre Miller,8:35,Otto Porter Jr.,7:23,78,0,25,4.0,16.0,18.0,72.0,3.0,12.0,D.J. Augustin,18,2,2013-2014,2.0,0,4.0,CHI,96,Jimmy Butler,Tornike Shengelia,1:50,,,,,,,,,,,41:39,Joakim Noah,36:14,Mike Dunleavy,32:17,Kirk Hinrich,28:08,Taj Gibson,27:24,Carlos Boozer,24:00,Tony Snell,8:42,Nazr Mohammed,6:32,Jimmer Fredette,3:16
4,.571,7,50.000,2,0.40,102,0,2,100.0,8,.571,4.0,57.1,7.0,14,1,1.000,1,7.143,Logos via Sports Logos.net / About logos,W,https://www.basketball-reference.com/boxscores/201404090MIN.html,Away,87,29:35,0,0.0,MIN,Kevin Love,Othyus Jeffers,11:27,,,,,,,,,,,32:36,Ricky Rubio,32:28,Corey Brewer,32:19,Robbie Hummel,31:37,Gorgui Dieng,31:22,Luc Mbah a Moute,20:37,Ronny Turiaf,16:38,Alexey Shved,15:32,Dante Cunningham,15:24,87,3,21,8.0,38.1,12.0,57.1,1.0,4.8,D.J. Augustin,15,1,2013-2014,1.0,5,2.0,CHI,102,Jimmy Butler,,,,,,,,,,,,,46:00,Joakim Noah,40:38,Mike Dunleavy,38:29,Taj Gibson,27:06,Kirk Hinrich,25:57,Carlos Boozer,23:54,Nazr Mohammed,4:22,Tony Snell,3:59,,
1,.250,4,28.571,6,3.00,98,0,3,75.0,7,.500,6.0,60.0,10.0,14,9,.900,10,71.429,Logos via Sports Logos.net / About logos,W,https://www.basketball-reference.com/boxscores/201404110CHI.html,Home,106,28:05,1,25.0,DET,Kyle Singler,,,,,,,,,,,,,42:46,Andre Drummond,41:51,Greg Monroe,36:22,Brandon Jennings,33:40,Rodney Stuckey,31:35,Kentavious Caldwell-Pope,18:48,Jonas Jerebko,17:47,Peyton Siva,17:11,,,98,5,24,12.0,50.0,3.0,12.5,9.0,37.5,D.J. Augustin,8,1,2013-2014,1.0,2,4.0,CHI,106,Jimmy Butler,,,,,,,,,,,,,44:41,Joakim Noah,39:42,Mike Dunleavy,37:20,Taj Gibson,27:33,Kirk Hinrich,26:40,Carlos Boozer,24:00,Tony Snell,7:14,Nazr Mohammed,4:45,,
2,.250,8,61.538,3,0.75,89,0,2,66.7,3,.231,1.0,20.0,5.0,13,4,.667,6,46.154,Logos via Sports Logos.net / About logos,L,https://www.basketball-reference.com/boxscores/201404130NYK.html,Away,100,30:21,1,33.3,NYK,Raymond Felton,Toure' Murry,0:50,Jeremy Tyler,0:50,,,,,,,,,35:33,Amar'e Stoudemire,34:26,Iman Shumpert,31:44,Tyson Chandler,29:39,Carmelo Anthony,28:17,Tim Hardaway Jr.,26:33,J.R. Smith,22:10,Cole Aldrich,18:21,Pablo Prigioni,11:37,100,1,12,2.0,16.7,6.0,50.0,4.0,33.3,D.J. Augustin,11,0,2013-2014,0.0,4,3.0,CHI,89,Jimmy Butler,,,,,,,,,,,,,45:06,Joakim Noah,40:26,Kirk Hinrich,32:56,Mike Dunleavy,32:43,Taj Gibson,27:15,Carlos Boozer,24:00,Nazr Mohammed,4:19,Tony Snell,2:54,,
3,.333,9,56.250,2,1.00,86,0,1,100.0,6,.375,3.0,42.9,7.0,16,2,.667,3,18.750,Logos via Sports Logos.net / About logos,L,https://www.basketball-reference.com/boxscores/201404160CHA.html,Away,91,35:49,0,0.0,CHA,Al Jefferson,Bismack Biyombo,11:18,,,,,,,,,,,41:42,Kemba Walker,39:55,Josh McRoberts,34:34,Gerald Henderson,33:19,Chris Douglas-Roberts,29:49,Michael Kidd-Gilchrist,23:11,Gary Neal,19:41,Cody Zeller,18:26,Luke Ridnour,13:05,91,3,17,6.0,35.3,9.0,52.9,2.0,11.8,D.J. Augustin,5,0,2013-2014,0.0,2,1.0,CHI,86,Jimmy Butler,,,,,,,,,,,,,47:55,Joakim Noah,42:23,Mike Dunleavy,42:01,Taj Gibson,33:37,Kirk Hinrich,30:30,Carlos Boozer,24:00,Nazr Mohammed,6:00,Tony Snell,2:45,,
0,.000,4,26.667,3,1.00,102,0,1,33.3,3,.200,3.0,27.3,11.0,15,10,1.000,10,66.667,Logos via Sports Logos.net / About logos,L,https://www.basketball-reference.com/boxscores/201404200CHI.html,Home,93,31:53,2,66.7,WAS,Bradley Beal,Al Harrington,1:43,Garrett Temple,0:08,,,,,,,,,41:36,Trevor Ariza,37:54,Marcin Gortat,36:43,Nenê,35:14,John Wall,34:33,Trevor Booker,19:28,Martell Webster,16:30,Andre Miller,13:39,Drew Gooden,2:32,102,3,16,6.0,37.5,0.0,0.0,10.0,62.5,D.J. Augustin,9,0,2013-2014,0.0,3,3.0,CHI,93,Jimmy Butler,,,,,,,,,,,,,43:46,Joakim Noah,39:47,Taj Gibson,29:45,Kirk Hinrich,29:00,Mike Dunleavy,27:21,Carlos Boozer,24:00,Tony Snell,12:00,Nazr Mohammed,2:28,,
4,.500,8,36.364,7,7.00,101,0,1,50.0,10,.455,6.0,42.9,14.0,22,1,.500,2,9.091,Logos via Sports Logos.net / About logos,L,https://www.basketball-reference.com/boxscores/201404220CHI.html,Home,99,40:50,1,50.0,WAS,John Wall,Garrett Temple,0:08,,,,,,,,,,,43:33,Trevor Ariza,42:21,Bradley Beal,42:03,Nenê,39:35,Marcin Gortat,37:07,Trevor Booker,27:12,Martell Webster,21:36,Andre Miller,9:27,Drew Gooden,1:58,101,3,25,12.0,48.0,12.0,48.0,1.0,4.0,D.J. Augustin,2,1,2013-2014,1.0,1,2.0,CHI,99,Jimmy Butler,,,,,,,,,,,,,53:00,Joakim Noah,45:49,Taj Gibson,36:03,Kirk Hinrich,31:40,Mike Dunleavy,27:21,Carlos Boozer,21:22,Tony Snell,6:17,Nazr Mohammed,2:38,,
2,.333,6,40.000,7,2.33,100,0,1,50.0,4,.267,2.0,22.2,9.0,15,3,.750,4,26.667,Logos via Sports Logos.net / About logos,W,https://www.basketball-reference.com/boxscores/201404250WAS.html,Away,97,23:51,1,50.0,WAS,Trevor Ariza,Garrett Temple,0:08,Al Harrington,0:07,,,,,,,,,39:32,Bradley Beal,39:09,Marcin Gortat,37:53,John Wall,37:29,Nenê,28:54,Trevor Booker,23:14,Martell Webster,17:31,Andre Miller,10:38,Drew Gooden,5:25,97,1,13,4.0,30.8,6.0,46.2,3.0,23.1,D.J. Augustin,3,2,2013-2014,2.0,3,2.0,CHI,100,Joakim Noah,,,,,,,,,,,,,41:22,Jimmy Butler,40:32,Mike Dunleavy,39:32,Kirk Hinrich,31:00,Taj Gibson,30:35,Carlos Boozer,23:54,Tony Snell,9:14,,,,
1,.250,4,40.000,4,2.00,89,0,1,100.0,3,.300,2.0,33.3,6.0,10,1,1.000,1,10.000,Logos via Sports Logos.net / About logos,L,https://www.basketball-reference.com/boxscores/201404270WAS.html,Away,98,21:35,0,0.0,WAS,Bradley Beal,Kevin Séraphin,1:00,,,,,,,,,,,39:48,John Wall,38:41,Trevor Ariza,37:44,Marcin Gortat,35:24,Trevor Booker,27:45,Drew Gooden,26:16,Martell Webster,18:51,Andre Miller,9:20,Al Harrington,5:11,98,5,8,4.0,50.0,3.0,37.5,1.0,12.5,D.J. Augustin,9,0,2013-2014,0.0,2,1.0,CHI,89,Joakim Noah,,,,,,,,,,,,,39:43,Jimmy Butler,37:44,Kirk Hinrich,36:01,Mike Dunleavy,35:13,Taj Gibson,32:17,Carlos Boozer,24:00,Tony Snell,13:27,,,,
0,.000,4,40.000,3,,75,0,0,,1,.100,1.0,16.7,6.0,10,2,1.000,2,20.000,Logos via Sports Logos.net / About logos,L,https://www.basketball-reference.com/boxscores/201404290CHI.html,Home,69,22:50,0,,WAS,Bradley Beal,,,,,,,,,,,,,42:49,Nenê,39:00,John Wall,38:54,Trevor Ariza,37:22,Marcin Gortat,32:59,Trevor Booker,23:30,Martell Webster,15:59,Andre Miller,9:09,Garrett Temple,0:18,75,4,4,2.0,50.0,0.0,0.0,2.0,50.0,D.J. Augustin,6,0,2013-2014,0.0,0,0.0,CHI,69,Joakim Noah,,,,,,,,,,,,,43:12,Jimmy Butler,42:34,Kirk Hinrich,39:45,Mike Dunleavy,33:28,Carlos Boozer,27:42,Taj Gibson,25:00,Tony Snell,5:29,,,,
2,.333,6,60.000,3,1.00,79,0,6,100.0,5,.500,3.0,75.0,4.0,10,3,.750,4,40.000,Logos via Sports Logos.net / About logos,L,https://www.basketball-reference.com/boxscores/201410290DEN.html,Away,89,28:12,0,0.0,DEN,Arron Afflalo,Alonzo Gee,12:00,JaVale McGee,9:03,Nate Robinson,6:07,,,,,,,39:49,Ty Lawson,33:03,Kenneth Faried,27:41,Timofey Mozgov,25:27,Wilson Chandler,23:42,Danilo Gallinari,18:18,Darrell Arthur,16:23,Randy Foye,15:29,Jusuf Nurkić,12:58,89,2,15,6.0,40.0,6.0,40.0,3.0,20.0,D.J. Augustin,10,0,2014-2015,0.0,3,6.0,DET,79,Josh Smith,,,,,,,,,,,,,35:50,Kentavious Caldwell-Pope,35:39,Kyle Singler,29:53,Andre Drummond,27:03,Caron Butler,22:48,Joel Anthony,20:57,Brandon Jennings,19:48,Jonas Jerebko,12:10,Spencer Dinwiddie,7:40
1,.200,5,27.778,6,3.00,91,0,2,66.7,6,.333,5.0,38.5,13.0,18,7,1.000,7,38.889,Logos via Sports Logos.net / About logos,L,https://www.basketball-reference.com/boxscores/201410300MIN.html,Away,97,32:30,1,33.3,MIN,Thaddeus Young,Shabazz Muhammad,12:15,Zach LaVine,4:34,,,,,,,,,34:04,Nikola Peković,30:40,Corey Brewer,29:17,Ricky Rubio,29:15,Mo Williams,24:23,Andrew Wiggins,23:48,Kevin Martin,20:28,Gorgui Dieng,17:20,Anthony Bennett,13:56,97,2,20,10.0,50.0,3.0,15.0,7.0,35.0,D.J. Augustin,6,0,2014-2015,0.0,2,3.0,DET,91,Kentavious Caldwell-Pope,,,,,,,,,,,,,41:29,Andre Drummond,31:19,Caron Butler,30:47,Josh Smith,29:56,Kyle Singler,23:44,Jonas Jerebko,18:04,Joel Anthony,16:41,Brandon Jennings,15:30,,
0,.000,2,40.000,2,,102,0,1,100.0,1,.200,1.0,33.3,3.0,5,4,1.000,4,80.000,Logos via Sports Logos.net / About logos,L,https://www.basketball-reference.com/boxscores/201411010DET.html,Home,90,18:30,0,0.0,BRK,Deron Williams,Andrei Kirilenko,7:16,Sergey Karasev,0:01,,,,,,,,,40:45,Joe Johnson,38:57,Kevin Garnett,35:02,Mirza Teletović,28:15,Bojan Bogdanović,24:47,Jarrett Jack,22:10,Mason Plumlee,20:50,Jerome Jordan,11:53,Alan Anderson,10:04,102,1,6,2.0,33.3,0.0,0.0,4.0,66.7,D.J. Augustin,12,0,2014-2015,0.0,0,1.0,DET,90,Josh Smith,,,,,,,,,,,,,43:59,Kentavious Caldwell-Pope,40:54,Brandon Jennings,36:20,Kyle Singler,32:36,Greg Monroe,30:28,Andre Drummond,21:33,Caron Butler,15:40,,,,
2,.500,4,66.667,3,1.50,95,0,1,100.0,3,.500,1.0,50.0,2.0,6,4,.800,5,83.333,Logos via Sports Logos.net / About logos,W,https://www.basketball-reference.com/boxscores/201411050DET.html,Home,98,24:42,0,0.0,NYK,Carmelo Anthony,Cleanthony Early,6:12,Pablo Prigioni,6:12,Travis Wear,5:18,,,,,,,38:38,Iman Shumpert,36:25,Shane Larkin,32:28,Tim Hardaway Jr.,26:43,Jason Smith,26:23,Amar'e Stoudemire,22:02,Samuel Dalembert,14:30,Quincy Acy,13:42,Cole Aldrich,11:27,95,1,12,2.0,16.7,6.0,50.0,4.0,33.3,D.J. Augustin,3,0,2014-2015,0.0,2,1.0,DET,98,Greg Monroe,,,,,,,,,,,,,35:31,Kentavious Caldwell-Pope,34:37,Josh Smith,33:38,Caron Butler,30:47,Andre Drummond,28:52,Brandon Jennings,23:20,Jonas Jerebko,14:55,Kyle Singler,13:21,Joel Anthony,0:18
1,.200,5,71.429,2,1.00,95,0,1,100.0,2,.286,1.0,50.0,2.0,7,4,.667,6,85.714,Logos via Sports Logos.net / About logos,W,https://www.basketball-reference.com/boxscores/201411070DET.html,Home,98,22:45,0,0.0,MIL,Brandon Knight,Zaza Pachulia,16:57,John Henson,6:25,,,,,,,,,33:50,Jabari Parker,28:02,Giannis Antetokounmpo,27:10,Larry Sanders,24:38,Jerryd Bayless,21:37,Kendall Marshall,21:16,Ersan İlyasova,20:50,Jared Dudley,19:58,O.J. Mayo,19:17,95,0,9,2.0,22.2,3.0,33.3,4.0,44.4,D.J. Augustin,3,1,2014-2015,1.0,2,1.0,DET,98,Caron Butler,,,,,,,,,,,,,35:40,Josh Smith,35:30,Brandon Jennings,30:42,Kentavious Caldwell-Pope,30:22,Andre Drummond,26:22,Greg Monroe,26:18,Kyle Singler,14:19,Jonas Jerebko,10:59,Joel Anthony,7:03
0,.000,1,11.111,3,1.50,97,0,3,100.0,2,.222,2.0,25.0,8.0,9,5,.833,6,66.667,Logos via Sports Logos.net / About logos,L,https://www.basketball-reference.com/boxscores/201411090DET.html,Home,96,16:32,0,0.0,UTA,Gordon Hayward,,,,,,,,,,,,,39:29,Alec Burks,36:00,Derrick Favors,35:22,Enes Freedom,30:40,Trey Burke,24:12,Joe Ingles,23:30,Dante Exum,20:49,Trevor Booker,17:20,Rudy Gobert,12:38,97,2,9,4.0,44.4,0.0,0.0,5.0,55.6,D.J. Augustin,1,1,2014-2015,1.0,2,3.0,DET,96,Kentavious Caldwell-Pope,,,,,,,,,,,,,33:47,Greg Monroe,32:10,Brandon Jennings,31:28,Andre Drummond,31:07,Josh Smith,29:38,Caron Butler,29:30,Kyle Singler,20:50,Jonas Jerebko,14:58,,
0,.000,1,12.500,2,1.00,91,0,1,100.0,5,.625,5.0,71.4,7.0,8,6,.667,9,112.500,Logos via Sports Logos.net / About logos,L,https://www.basketball-reference.com/boxscores/201411100CHI.html,Away,102,20:43,0,0.0,CHI,Jimmy Butler,Nikola Mirotić,5:13,,,,,,,,,,,42:47,Pau Gasol,35:18,Mike Dunleavy,35:03,Derrick Rose,32:06,Joakim Noah,31:33,Taj Gibson,23:56,Kirk Hinrich,17:37,Aaron Brooks,11:05,Doug McDermott,5:22,102,2,16,10.0,62.5,0.0,0.0,6.0,37.5,D.J. Augustin,11,1,2014-2015,1.0,2,1.0,DET,91,Josh Smith,,,,,,,,,,,,,38:35,Andre Drummond,36:27,Greg Monroe,35:44,Kentavious Caldwell-Pope,28:37,Brandon Jennings,27:17,Caron Butler,26:54,Kyle Singler,25:43,,,,
0,.000,1,14.286,0,0.00,103,0,1,100.0,3,.429,3.0,50.0,6.0,7,2,1.000,2,28.571,Logos via Sports Logos.net / About logos,L,https://www.basketball-reference.com/boxscores/201411120WAS.html,Away,107,14:06,0,0.0,WAS,John Wall,Andre Miller,11:05,,,,,,,,,,,36:58,Paul Pierce,29:18,Nenê,27:23,Rasual Butler,26:56,Marcin Gortat,26:30,Kris Humphries,24:44,Garrett Temple,21:41,Otto Porter Jr.,18:46,Kevin Séraphin,16:39,107,1,8,6.0,75.0,0.0,0.0,2.0,25.0,D.J. Augustin,4,0,2014-2015,0.0,1,1.0,DET,103,Kentavious Caldwell-Pope,,,,,,,,,,,,,35:01,Brandon Jennings,33:54,Greg Monroe,33:27,Josh Smith,26:50,Kyle Singler,26:19,Caron Butler,24:39,Andre Drummond,23:08,Jonas Jerebko,18:44,Joel Anthony,3:52
0,.000,2,66.667,5,2.50,96,0,0,0.0,0,.000,0.0,0.0,1.0,3,1,.500,2,66.667,Logos via Sports Logos.net / About logos,W,https://www.basketball-reference.com/boxscores/201411140OKC.html,Away,89,17:01,1,100.0,OKC,Jeremy Lamb,,,,,,,,,,,,,44:56,Reggie Jackson,44:20,Serge Ibaka,41:57,Anthony Morrow,35:50,Steven Adams,31:59,Lance Thomas,20:32,Kendrick Perkins,17:43,Nick Collison,16:38,Sebastian Telfair,11:05,89,2,1,0.0,0.0,0.0,0.0,1.0,100.0,D.J. Augustin,7,0,2014-2015,0.0,2,1.0,DET,96,Kentavious Caldwell-Pope,,,,,,,,,,,,,41:15,Brandon Jennings,35:59,Josh Smith,35:36,Greg Monroe,34:18,Andre Drummond,32:03,Caron Butler,25:49,Kyle Singler,25:35,Jonas Jerebko,17:24,,
1,.250,4,40.000,5,5.00,88,0,0,,3,.300,2.0,33.3,6.0,10,0,,0,0.000,Logos via Sports Logos.net / About logos,L,https://www.basketball-reference.com/boxscores/201411150MEM.html,Away,95,19:46,0,,MEM,Marc Gasol,Jon Leuer,7:22,,,,,,,,,,,37:48,Zach Randolph,37:04,Mike Conley,32:40,Courtney Lee,31:06,Tony Allen,27:23,Vince Carter,18:58,Beno Udrih,18:38,Tayshaun Prince,15:15,Kosta Koufos,13:46,95,1,7,4.0,57.1,3.0,42.9,0.0,0.0,D.J. Augustin,7,0,2014-2015,0.0,1,0.0,DET,88,Josh Smith,,,,,,,,,,,,,33:26,Brandon Jennings,33:05,Greg Monroe,32:00,Kyle Singler,26:53,Caron Butler,26:49,Kentavious Caldwell-Pope,25:45,Andre Drummond,20:18,Jonas Jerebko,18:59,Joel Anthony,2:59
0,,0,0.000,1,1.00,107,0,2,100.0,2,.667,2.0,66.7,3.0,3,3,.750,4,133.333,Logos via Sports Logos.net / About logos,L,https://www.basketball-reference.com/boxscores/201411170DET.html,Home,93,17:32,0,0.0,ORL,Tobias Harris,Ben Gordon,5:56,Andrew Nicholson,5:06,,,,,,,,,38:01,Nikola Vučević,37:45,Victor Oladipo,31:35,Evan Fournier,31:23,Channing Frye,30:40,Luke Ridnour,19:02,Maurice Harkless,18:46,Willie Green,15:48,Elfrid Payton,5:58,107,1,7,4.0,57.1,0.0,0.0,3.0,42.9,D.J. Augustin,14,1,2014-2015,1.0,1,2.0,DET,93,Kentavious Caldwell-Pope,,,,,,,,,,,,,34:28,Brandon Jennings,32:02,Greg Monroe,31:53,Josh Smith,30:11,Andre Drummond,28:20,Caron Butler,26:31,Kyle Singler,18:56,Jonas Jerebko,16:38,Joel Anthony,3:29
0,,0,0.000,2,1.00,88,0,1,100.0,2,.400,2.0,40.0,5.0,5,2,1.000,2,40.000,Logos via Sports Logos.net / About logos,L,https://www.basketball-reference.com/boxscores/201411190DET.html,Home,86,22:24,0,0.0,PHO,Eric Bledsoe,T.J. Warren,6:00,,,,,,,,,,,36:18,Goran Dragić,31:05,P.J. Tucker,30:27,Markieff Morris,29:12,Miles Plumlee,23:17,Isaiah Thomas,22:36,Marcus Morris,22:21,Gerald Green,22:21,Alex Len,16:23,88,0,6,4.0,66.7,0.0,0.0,2.0,33.3,D.J. Augustin,2,2,2014-2015,2.0,2,1.0,DET,86,Brandon Jennings,,,,,,,,,,,,,34:41,Greg Monroe,33:32,Kentavious Caldwell-Pope,27:53,Andre Drummond,25:11,Josh Smith,22:40,Caron Butler,21:39,Jonas Jerebko,21:11,Kyle Singler,16:52,Spencer Dinwiddie,13:57
1,.167,6,35.294,1,1.00,89,0,4,80.0,4,.235,3.0,27.3,11.0,17,5,1.000,5,29.412,Logos via Sports Logos.net / About logos,L,https://www.basketball-reference.com/boxscores/201411210ATL.html,Away,99,24:47,1,20.0,ATL,Paul Millsap,Mike Scott,11:05,,,,,,,,,,,36:55,Kyle Korver,35:52,Jeff Teague,33:52,Al Horford,32:00,DeMarre Carroll,31:10,Thabo Sefolosha,17:24,Pero Antić,16:00,Dennis Schröder,14:08,Shelvin Mack,11:34,99,2,14,6.0,42.9,3.0,21.4,5.0,35.7,D.J. Augustin,10,0,2014-2015,0.0,1,5.0,DET,89,Andre Drummond,,,,,,,,,,,,,38:20,Josh Smith,35:08,Kentavious Caldwell-Pope,31:37,Caron Butler,30:28,Brandon Jennings,23:13,Kyle Singler,22:42,Greg Monroe,20:53,Jonas Jerebko,12:52,,
1,1.000,1,9.091,7,1.40,86,0,2,100.0,4,.364,3.0,30.0,10.0,11,2,1.000,2,18.182,Logos via Sports Logos.net / About logos,L,https://www.basketball-reference.com/boxscores/201411250MIL.html,Away,98,37:13,0,0.0,MIL,Brandon Knight,Jerryd Bayless,16:11,John Henson,3:55,,,,,,,,,31:49,Giannis Antetokounmpo,30:30,O.J. Mayo,28:01,Jabari Parker,27:13,Larry Sanders,26:26,Ersan İlyasova,20:47,Khris Middleton,19:59,Zaza Pachulia,17:39,Jared Dudley,17:30,98,3,11,6.0,54.5,3.0,27.3,2.0,18.2,D.J. Augustin,12,1,2014-2015,1.0,5,2.0,DET,86,Josh Smith,Cartier Martin,1:42,,,,,,,,,,,34:17,Andre Drummond,32:23,Greg Monroe,31:41,Kyle Singler,30:26,Caron Butler,24:55,Kentavious Caldwell-Pope,21:11,Jonas Jerebko,13:43,Spencer Dinwiddie,10:47,Joel Anthony,1:42
2,.250,8,57.143,6,2.00,104,0,3,100.0,7,.500,5.0,83.3,6.0,14,3,1.000,3,21.429,Logos via Sports Logos.net / About logos,L,https://www.basketball-reference.com/boxscores/201411260DET.html,Home,98,35:16,0,0.0,LAC,Chris Paul,Jordan Farmar,11:40,,,,,,,,,,,36:20,Blake Griffin,33:07,DeAndre Jordan,32:42,Jamal Crawford,32:37,JJ Redick,25:20,Hedo Türkoğlu,21:51,Spencer Hawes,17:54,Reggie Bullock,16:37,Glen Davis,11:52,104,2,19,10.0,52.6,6.0,31.6,3.0,15.8,D.J. Augustin,6,0,2014-2015,0.0,3,3.0,DET,98,Kentavious Caldwell-Pope,,,,,,,,,,,,,40:55,Andre Drummond,37:33,Josh Smith,36:01,Greg Monroe,27:24,Caron Butler,19:33,Spencer Dinwiddie,17:11,Jonas Jerebko,11:15,Cartier Martin,7:41,Kyle Singler,7:11
1,.250,4,57.143,6,3.00,104,0,0,,1,.143,0.0,0.0,3.0,7,7,.778,9,128.571,Logos via Sports Logos.net / About logos,L,https://www.basketball-reference.com/boxscores/201411280DET.html,Home,88,33:58,0,,MIL,Ersan İlyasova,Larry Sanders,10:41,,,,,,,,,,,31:13,Brandon Knight,26:49,Giannis Antetokounmpo,26:46,O.J. Mayo,26:36,Jabari Parker,25:37,Kendall Marshall,24:00,Khris Middleton,23:22,Jerryd Bayless,22:33,Jared Dudley,22:23,104,0,10,0.0,0.0,3.0,30.0,7.0,70.0,D.J. Augustin,16,0,2014-2015,0.0,2,0.0,DET,88,Andre Drummond,,,,,,,,,,,,,38:27,Josh Smith,38:18,Kentavious Caldwell-Pope,34:39,Kyle Singler,26:28,Greg Monroe,23:20,Caron Butler,19:03,Spencer Dinwiddie,14:02,Jonas Jerebko,11:45,,
1,1.000,1,25.000,1,0.33,104,0,0,,2,.500,1.0,33.3,3.0,4,0,,0,0.000,Logos via Sports Logos.net / About logos,L,https://www.basketball-reference.com/boxscores/201411300DET.html,Home,93,12:51,0,,GSW,Klay Thompson,,,,,,,,,,,,,35:08,Harrison Barnes,32:54,Draymond Green,32:40,Andrew Bogut,28:43,Stephen Curry,28:22,Andre Iguodala,27:17,Shaun Livingston,23:00,Marreese Speights,19:17,Leandro Barbosa,12:39,104,3,5,2.0,40.0,3.0,60.0,0.0,0.0,D.J. Augustin,11,0,2014-2015,0.0,3,0.0,DET,93,Kentavious Caldwell-Pope,,,,,,,,,,,,,36:24,Brandon Jennings,35:09,Josh Smith,34:05,Greg Monroe,31:08,Kyle Singler,27:34,Andre Drummond,23:58,Caron Butler,18:06,Cartier Martin,13:56,Jonas Jerebko,6:49
1,.500,2,28.571,5,,106,0,0,0.0,4,.571,3.0,60.0,5.0,7,4,.667,6,85.714,Logos via Sports Logos.net / About logos,L,https://www.basketball-reference.com/boxscores/201412020DET.html,Home,96,23:39,1,100.0,LAL,Kobe Bryant,Wayne Ellington,15:52,,,,,,,,,,,33:26,Jordan Hill,30:39,Jeremy Lin,29:37,Wesley Johnson,28:34,Carlos Boozer,25:50,Nick Young,20:52,Ed Davis,19:26,Ronnie Price,18:23,Robert Sacre,17:21,106,1,13,6.0,46.2,3.0,23.1,4.0,30.8,D.J. Augustin,10,0,2014-2015,0.0,0,1.0,DET,96,Kentavious Caldwell-Pope,Cartier Martin,5:19,,,,,,,,,,,33:05,Josh Smith,32:32,Caron Butler,28:45,Greg Monroe,26:27,Andre Drummond,25:01,Brandon Jennings,24:21,Kyle Singler,16:51,Jonas Jerebko,12:00,Gigi Datome,12:00
0,.000,1,16.667,3,3.00,102,0,2,66.7,0,.000,0.0,0.0,5.0,6,1,.500,2,33.333,Logos via Sports Logos.net / About logos,L,https://www.basketball-reference.com/boxscores/201412030BOS.html,Away,109,14:14,1,33.3,BOS,Jeff Green,Gerald Wallace,8:30,Marcus Thornton,6:14,Marcus Smart,4:38,,,,,,,36:01,Rajon Rondo,33:50,Jared Sullinger,29:51,Tyler Zeller,27:29,Evan Turner,26:47,Kelly Olynyk,26:46,Avery Bradley,26:22,Brandon Bass,21:05,Phil Pressey,17:27,109,0,1,0.0,0.0,0.0,0.0,1.0,100.0,D.J. Augustin,7,0,2014-2015,0.0,1,3.0,DET,102,Andre Drummond,,,,,,,,,,,,,42:06,Kentavious Caldwell-Pope,41:00,Brandon Jennings,38:46,Greg Monroe,31:44,Caron Butler,28:54,Josh Smith,27:56,Kyle Singler,24:06,Cartier Martin,12:00,Jonas Jerebko,4:14
0,.000,4,57.143,3,,108,0,1,100.0,1,.143,1.0,33.3,3.0,7,4,.800,5,71.429,Logos via Sports Logos.net / About logos,L,https://www.basketball-reference.com/boxscores/201412060DET.html,Home,101,18:13,0,0.0,PHI,Michael Carter-Williams,Jerami Grant,8:35,,,,,,,,,,,44:40,Luc Mbah a Moute,37:44,Nerlens Noel,37:13,K.J. McDaniels,32:46,Robert Covington,29:10,Henry Sims,27:38,Hollis Thompson,25:39,Brandon Davies,12:36,JaKarr Sampson,8:59,108,2,6,2.0,33.3,0.0,0.0,4.0,66.7,D.J. Augustin,7,1,2014-2015,1.0,0,1.0,DET,101,Josh Smith,Joel Anthony,2:01,,,,,,,,,,,47:59,Kyle Singler,40:29,Brandon Jennings,34:47,Greg Monroe,33:22,Kentavious Caldwell-Pope,29:40,Cartier Martin,23:20,Andre Drummond,20:36,Caron Butler,12:31,Jonas Jerebko,2:02
1,.500,2,66.667,1,,96,0,3,100.0,2,.667,1.0,100.0,1.0,3,2,1.000,2,66.667,Logos via Sports Logos.net / About logos,L,https://www.basketball-reference.com/boxscores/201412070DET.html,Home,94,19:01,0,0.0,OKC,Russell Westbrook,Andre Roberson,15:03,,,,,,,,,,,34:40,Serge Ibaka,32:51,Kevin Durant,29:28,Reggie Jackson,28:12,Anthony Morrow,23:26,Kendrick Perkins,22:03,Jeremy Lamb,21:56,Steven Adams,17:09,Nick Collison,15:11,96,0,7,2.0,28.6,3.0,42.9,2.0,28.6,D.J. Augustin,2,0,2014-2015,0.0,0,3.0,DET,94,Kyle Singler,,,,,,,,,,,,,35:28,Kentavious Caldwell-Pope,32:30,Andre Drummond,32:26,Brandon Jennings,28:59,Greg Monroe,24:28,Josh Smith,21:41,Jonas Jerebko,17:24,Cartier Martin,15:31,Caron Butler,12:32
1,.333,3,37.500,6,,98,0,2,100.0,2,.250,1.0,20.0,5.0,8,0,,0,0.000,Logos via Sports Logos.net / About logos,L,https://www.basketball-reference.com/boxscores/201412090DET.html,Home,86,27:19,0,0.0,POR,LaMarcus Aldridge,,,,,,,,,,,,,36:58,Damian Lillard,35:20,Nicolas Batum,35:20,Wesley Matthews,35:06,Robin Lopez,27:02,Chris Kaman,20:40,Allen Crabbe,19:45,Steve Blake,18:47,Joel Freeland,11:02,98,0,5,2.0,40.0,3.0,60.0,0.0,0.0,D.J. Augustin,12,0,2014-2015,0.0,0,2.0,DET,86,Greg Monroe,Cartier Martin,9:07,,,,,,,,,,,32:45,Andre Drummond,30:24,Caron Butler,29:16,Kentavious Caldwell-Pope,24:59,Josh Smith,20:33,Brandon Jennings,20:23,Kyle Singler,19:02,Spencer Dinwiddie,14:12,Jonas Jerebko,12:00
0,.000,1,20.000,6,3.00,105,0,1,100.0,4,.800,4.0,100.0,4.0,5,3,.750,4,80.000,Logos via Sports Logos.net / About logos,W,https://www.basketball-reference.com/boxscores/201412120PHO.html,Away,103,24:00,0,0.0,PHO,P.J. Tucker,Anthony Tolliver,3:39,,,,,,,,,,,32:31,Markieff Morris,32:02,Goran Dragić,32:00,Eric Bledsoe,30:54,Isaiah Thomas,28:02,Miles Plumlee,27:20,Marcus Morris,20:50,Gerald Green,20:39,Alex Len,12:03,103,2,11,8.0,72.7,0.0,0.0,3.0,27.3,D.J. Augustin,2,2,2014-2015,2.0,2,1.0,DET,105,Josh Smith,,,,,,,,,,,,,34:07,Andre Drummond,30:27,Kentavious Caldwell-Pope,29:48,Brandon Jennings,28:40,Greg Monroe,24:51,Jodie Meeks,21:38,Caron Butler,21:06,Jonas Jerebko,13:53,Kyle Singler,11:30
0,.000,2,20.000,6,6.00,95,0,2,66.7,2,.200,2.0,25.0,8.0,10,4,1.000,4,40.000,Logos via Sports Logos.net / About logos,W,https://www.basketball-reference.com/boxscores/201412130SAC.html,Away,90,24:00,1,33.3,SAC,Rudy Gay,Reggie Evans,15:07,Eric Moreland,0:17,,,,,,,,,35:52,Darren Collison,32:29,Ben McLemore,30:39,Ryan Hollins,26:09,Carl Landry,23:38,Derrick Williams,23:31,Jason Thompson,19:09,Ray McCallum,17:14,Nik Stauskas,15:55,90,1,8,4.0,50.0,0.0,0.0,4.0,50.0,D.J. Augustin,5,0,2014-2015,0.0,1,3.0,DET,95,Josh Smith,,,,,,,,,,,,,37:40,Greg Monroe,32:06,Kentavious Caldwell-Pope,27:48,Kyle Singler,26:16,Andre Drummond,26:14,Brandon Jennings,24:00,Caron Butler,21:44,Jodie Meeks,20:12,,
0,.000,1,100.000,4,1.33,91,0,2,66.7,0,.000,0.0,,0.0,1,0,,0,0.000,Logos via Sports Logos.net / About logos,L,https://www.basketball-reference.com/boxscores/201412150LAC.html,Away,113,16:42,1,33.3,LAC,DeAndre Jordan,Hedo Türkoğlu,7:57,Ekpe Udoh,4:14,Jared Cunningham,2:22,Reggie Bullock,2:22,,,,,32:26,Blake Griffin,31:58,Jamal Crawford,27:25,Chris Paul,24:04,Matt Barnes,23:47,Jordan Farmar,23:01,Chris Douglas-Roberts,22:47,Glen Davis,19:03,JJ Redick,18:35,113,0,0,0.0,,0.0,,0.0,,D.J. Augustin,22,0,2014-2015,0.0,3,3.0,DET,91,Andre Drummond,Spencer Dinwiddie,8:46,,,,,,,,,,,36:39,Jodie Meeks,29:43,Josh Smith,27:23,Kentavious Caldwell-Pope,26:21,Brandon Jennings,24:29,Caron Butler,20:23,Greg Monroe,19:36,Kyle Singler,17:58,Jonas Jerebko,12:00
2,.667,3,42.857,2,1.00,117,0,0,,4,.571,2.0,50.0,4.0,7,0,,0,0.000,Logos via Sports Logos.net / About logos,L,https://www.basketball-reference.com/boxscores/201412170DET.html,Home,106,24:00,0,,DAL,Chandler Parsons,Richard Jefferson,7:23,Al-Farouq Aminu,4:51,,,,,,,,,35:29,Monta Ellis,35:24,Tyson Chandler,32:29,Dirk Nowitzki,31:20,Jameer Nelson,25:39,Devin Harris,21:58,Brandan Wright,20:00,Jae Crowder,13:45,J.J. Barea,11:42,117,2,10,4.0,40.0,6.0,60.0,0.0,0.0,D.J. Augustin,11,1,2014-2015,1.0,2,0.0,DET,106,Andre Drummond,,,,,,,,,,,,,41:25,Caron Butler,28:11,Kentavious Caldwell-Pope,28:02,Brandon Jennings,24:00,Greg Monroe,21:13,Kyle Singler,20:18,Jodie Meeks,19:58,Josh Smith,19:25,Jonas Jerebko,13:28
0,.000,2,50.000,4,4.00,110,0,0,,0,.000,0.0,0.0,2.0,4,0,,0,0.000,Logos via Sports Logos.net / About logos,L,https://www.basketball-reference.com/boxscores/201412190DET.html,Home,100,17:18,0,,TOR,Patrick Patterson,Chuck Hayes,12:41,Tyler Hansbrough,7:57,,,,,,,,,30:27,James Johnson,29:25,Lou Williams,28:20,Jonas Valančiūnas,27:04,Greivis Vásquez,24:43,Kyle Lowry,24:40,Terrence Ross,21:39,Amir Johnson,17:51,Landry Fields,15:13,110,1,0,0.0,,0.0,,0.0,,D.J. Augustin,10,2,2014-2015,2.0,1,0.0,DET,100,Brandon Jennings,Cartier Martin,5:26,Joel Anthony,3:07,,,,,,,,,30:42,Kentavious Caldwell-Pope,26:54,Greg Monroe,25:33,Josh Smith,25:02,Jodie Meeks,24:34,Jonas Jerebko,21:36,Kyle Singler,20:51,Andre Drummond,20:42,Caron Butler,18:15
1,.500,2,50.000,5,5.00,105,0,2,100.0,2,.500,1.0,50.0,2.0,4,0,,0,0.000,Logos via Sports Logos.net / About logos,L,https://www.basketball-reference.com/boxscores/201412210BRK.html,Away,110,19:42,0,0.0,BRK,Joe Johnson,Darius Morris,10:59,,,,,,,,,,,37:21,Jarrett Jack,37:01,Mason Plumlee,33:23,Sergey Karasev,32:30,Mirza Teletović,24:07,Alan Anderson,21:40,Kevin Garnett,18:02,Bojan Bogdanović,13:41,Jerome Jordan,11:15,110,0,5,2.0,40.0,3.0,60.0,0.0,0.0,D.J. Augustin,5,2,2014-2015,2.0,1,2.0,DET,105,Kentavious Caldwell-Pope,,,,,,,,,,,,,32:35,Brandon Jennings,28:18,Josh Smith,28:13,Andre Drummond,27:50,Jodie Meeks,23:55,Greg Monroe,21:19,Kyle Singler,20:45,Caron Butler,19:14,Jonas Jerebko,18:09
1,.333,3,37.500,8,8.00,109,0,0,0.0,6,.750,5.0,100.0,5.0,8,1,.500,2,25.000,Logos via Sports Logos.net / About logos,W,https://www.basketball-reference.com/boxscores/201412260DET.html,Home,119,24:06,1,100.0,IND,Solomon Hill,Donald Sloan,7:39,Chris Copeland,2:34,Shayne Whittington,1:24,,,,,,,37:28,C.J. Watson,32:18,David West,28:36,George Hill,26:58,Luis Scola,23:53,Roy Hibbert,22:53,Lavoy Allen,19:14,Rodney Stuckey,18:48,C.J. Miles,18:16,109,2,14,10.0,71.4,3.0,21.4,1.0,7.1,D.J. Augustin,10,1,2014-2015,1.0,1,1.0,DET,119,Kentavious Caldwell-Pope,,,,,,,,,,,,,34:01,Greg Monroe,30:55,Brandon Jennings,28:25,Jonas Jerebko,28:20,Andre Drummond,27:48,Kyle Singler,22:17,Jodie Meeks,20:34,Caron Butler,14:37,Joel Anthony,8:56
0,.000,1,25.000,3,1.50,103,0,0,0.0,0,.000,0.0,0.0,3.0,4,0,,0,0.000,Logos via Sports Logos.net / About logos,W,https://www.basketball-reference.com/boxscores/201412280CLE.html,Away,80,17:11,1,100.0,CLE,Tristan Thompson,Brendan Haywood,7:49,Joe Harris,7:27,Lou Amundson,3:28,,,,,,,37:08,Kevin Love,34:01,LeBron James,31:51,Matthew Dellavedova,26:05,Mike Miller,24:48,Dion Waiters,23:48,A.J. Price,17:39,Shawn Marion,15:26,James Jones,10:30,80,0,0,0.0,,0.0,,0.0,,D.J. Augustin,23,1,2014-2015,1.0,2,1.0,DET,103,Greg Monroe,,,,,,,,,,,,,34:13,Andre Drummond,33:37,Brandon Jennings,30:49,Jonas Jerebko,27:07,Kyle Singler,26:38,Jodie Meeks,26:24,Kentavious Caldwell-Pope,21:36,Caron Butler,21:22,Joel Anthony,1:03
1,.333,3,37.500,10,5.00,109,1,5,100.0,4,.500,3.0,60.0,5.0,8,2,1.000,2,25.000,Logos via Sports Logos.net / About logos,W,https://www.basketball-reference.com/boxscores/201412300ORL.html,Away,86,29:39,0,0.0,ORL,Victor Oladipo,Ben Gordon,9:42,Andrew Nicholson,6:35,Maurice Harkless,6:35,Willie Green,6:19,,,,,32:22,Tobias Harris,31:04,Evan Fournier,26:35,Channing Frye,24:42,Elfrid Payton,24:01,Nikola Vučević,21:30,Kyle O'Quinn,20:21,Dewayne Dedmon,18:22,Luke Ridnour,11:52,86,1,11,6.0,54.5,3.0,27.3,2.0,18.2,D.J. Augustin,23,1,2014-2015,2.0,2,5.0,DET,109,Andre Drummond,Anthony Tolliver,10:52,Spencer Dinwiddie,2:45,Cartier Martin,2:45,,,,,,,30:45,Jodie Meeks,27:25,Kentavious Caldwell-Pope,24:54,Jonas Jerebko,21:19,Greg Monroe,21:04,Kyle Singler,20:07,Brandon Jennings,18:21,Caron Butler,18:04,Joel Anthony,12:00
1,.200,5,71.429,9,1.80,97,1,1,100.0,2,.286,1.0,50.0,2.0,7,0,,0,0.000,Logos via Sports Logos.net / About logos,W,https://www.basketball-reference.com/boxscores/201501020NYK.html,Away,81,23:06,0,0.0,NYK,J.R. Smith,Andrea Bargnani,1:47,,,,,,,,,,,36:15,José Calderón,35:59,Cole Aldrich,35:54,Travis Wear,26:13,Shane Larkin,25:40,Quincy Acy,24:53,Pablo Prigioni,23:09,Jason Smith,15:13,Cleanthony Early,14:57,81,0,5,2.0,40.0,3.0,60.0,0.0,0.0,D.J. Augustin,16,0,2014-2015,1.0,5,1.0,DET,97,Andre Drummond,Joel Anthony,8:54,Cartier Martin,3:33,,,,,,,,,34:05,Kentavious Caldwell-Pope,31:53,Jodie Meeks,25:07,Brandon Jennings,24:54,Greg Monroe,22:25,Jonas Jerebko,21:06,Kyle Singler,19:20,Caron Butler,16:07,Anthony Tolliver,9:30
0,.000,1,16.667,5,2.50,95,0,3,100.0,3,.500,3.0,60.0,5.0,6,0,,0,0.000,Logos via Sports Logos.net / About logos,W,https://www.basketball-reference.com/boxscores/201501040DET.html,Home,114,17:27,0,0.0,SAC,DeMarcus Cousins,,,,,,,,,,,,,40:21,Ben McLemore,39:32,Rudy Gay,35:56,Darren Collison,28:15,Derrick Williams,23:28,Jason Thompson,22:36,Ray McCallum,19:45,Nik Stauskas,16:09,Carl Landry,13:58,95,0,6,6.0,100.0,0.0,0.0,0.0,0.0,D.J. Augustin,19,0,2014-2015,0.0,2,3.0,DET,114,Brandon Jennings,Anthony Tolliver,7:00,,,,,,,,,,,30:33,Andre Drummond,28:16,Greg Monroe,26:59,Kentavious Caldwell-Pope,26:34,Jodie Meeks,25:36,Jonas Jerebko,25:26,Caron Butler,24:17,Kyle Singler,19:42,Joel Anthony,8:09
1,.333,3,16.667,5,2.50,105,0,0,,8,.444,7.0,46.7,15.0,18,2,.667,3,16.667,Logos via Sports Logos.net / About logos,W,https://www.basketball-reference.com/boxscores/201501060SAS.html,Away,104,22:22,0,,SAS,Danny Green,Tony Parker,12:58,Matt Bonner,7:53,,,,,,,,,33:18,Tiago Splitter,27:38,Manu Ginóbili,27:38,Cory Joseph,26:54,Marco Belinelli,22:39,Boris Diaw,21:49,Tim Duncan,21:45,Patty Mills,20:33,Jeff Ayres,16:55,104,3,19,14.0,73.7,3.0,15.8,2.0,10.5,D.J. Augustin,1,0,2014-2015,0.0,2,0.0,DET,105,Kentavious Caldwell-Pope,Joel Anthony,0:00,,,,,,,,,,,36:34,Andre Drummond,34:34,Jodie Meeks,29:58,Brandon Jennings,29:09,Greg Monroe,27:47,Anthony Tolliver,22:30,Kyle Singler,15:59,Jonas Jerebko,11:09,Caron Butler,9:58
4,.800,5,31.250,2,1.00,108,0,1,100.0,9,.563,5.0,45.5,11.0,16,4,.800,5,31.250,Logos via Sports Logos.net / About logos,W,https://www.basketball-reference.com/boxscores/201501070DAL.html,Away,95,21:41,0,0.0,DAL,Monta Ellis,J.J. Barea,10:00,Al-Farouq Aminu,0:39,Dwight Powell,0:34,,,,,,,35:47,Chandler Parsons,35:47,Tyson Chandler,31:24,Dirk Nowitzki,28:48,Rajon Rondo,28:10,Devin Harris,21:29,Richard Jefferson,17:11,Greg Smith,16:02,Charlie Villanueva,14:09,95,1,26,10.0,38.5,12.0,46.2,4.0,15.4,D.J. Augustin,13,1,2014-2015,1.0,2,1.0,DET,108,Greg Monroe,Joel Anthony,1:19,,,,,,,,,,,34:08,Jodie Meeks,30:27,Andre Drummond,30:01,Caron Butler,27:49,Brandon Jennings,26:19,Jonas Jerebko,20:17,Kyle Singler,20:11,Kentavious Caldwell-Pope,17:33,Anthony Tolliver,10:15
0,,0,,5,5.00,106,0,0,,0,,0.0,,0.0,0,4,1.000,4,,Logos via Sports Logos.net / About logos,L,https://www.basketball-reference.com/boxscores/201501090DET.html,Home,103,20:21,0,,ATL,Al Horford,Elton Brand,9:36,,,,,,,,,,,35:46,Jeff Teague,34:41,Kyle Korver,32:55,DeMarre Carroll,32:12,Paul Millsap,30:35,Mike Scott,20:03,Kent Bazemore,15:45,Thabo Sefolosha,15:11,Dennis Schröder,13:16,106,1,4,0.0,0.0,0.0,0.0,4.0,100.0,D.J. Augustin,3,1,2014-2015,1.0,1,0.0,DET,103,Greg Monroe,Joel Anthony,8:59,,,,,,,,,,,36:34,Kentavious Caldwell-Pope,34:40,Brandon Jennings,27:39,Kyle Singler,26:29,Jodie Meeks,24:56,Anthony Tolliver,18:19,Andre Drummond,17:02,Jonas Jerebko,15:06,Caron Butler,9:55
1,.333,3,42.857,6,6.00,93,0,0,,2,.286,1.0,25.0,4.0,7,0,,0,0.000,Logos via Sports Logos.net / About logos,W,https://www.basketball-reference.com/boxscores/201501100DET.html,Home,98,18:39,0,,BRK,Joe Johnson,Sergey Karasev,11:14,Jerome Jordan,5:45,,,,,,,,,36:08,Jarrett Jack,29:13,Brook Lopez,26:53,Bojan Bogdanović,26:32,Mason Plumlee,25:27,Alan Anderson,23:23,Mirza Teletović,19:38,Darius Morris,19:06,Kevin Garnett,16:41,93,0,5,2.0,40.0,3.0,60.0,0.0,0.0,D.J. Augustin,5,0,2014-2015,0.0,1,0.0,DET,98,Greg Monroe,,,,,,,,,,,,,35:42,Brandon Jennings,29:21,Kyle Singler,28:20,Andre Drummond,28:18,Jonas Jerebko,26:19,Jodie Meeks,24:04,Kentavious Caldwell-Pope,23:56,Caron Butler,20:11,Anthony Tolliver,5:10
0,,0,0.000,4,1.33,114,0,2,66.7,2,.286,2.0,28.6,7.0,7,2,1.000,2,28.571,Logos via Sports Logos.net / About logos,W,https://www.basketball-reference.com/boxscores/201501120TOR.html,Away,111,14:22,1,33.3,TOR,Jonas Valančiūnas,Chuck Hayes,1:17,,,,,,,,,,,35:36,James Johnson,34:50,Kyle Lowry,33:01,Amir Johnson,29:49,Greivis Vásquez,25:23,Patrick Patterson,23:46,Lou Williams,23:38,Terrence Ross,23:12,Tyler Hansbrough,9:29,111,1,6,4.0,66.7,0.0,0.0,2.0,33.3,D.J. Augustin,3,1,2014-2015,1.0,3,3.0,DET,114,Brandon Jennings,Anthony Tolliver,3:11,,,,,,,,,,,33:38,Kentavious Caldwell-Pope,33:19,Greg Monroe,32:53,Kyle Singler,30:57,Andre Drummond,28:20,Jonas Jerebko,25:47,Jodie Meeks,22:44,Caron Butler,9:00,Joel Anthony,5:49
1,1.000,1,20.000,4,4.00,105,0,1,100.0,4,.800,3.0,75.0,4.0,5,4,1.000,4,80.000,Logos via Sports Logos.net / About logos,L,https://www.basketball-reference.com/boxscores/201501140DET.html,Home,94,19:10,0,0.0,NOP,Tyreke Evans,Luke Babbitt,0:25,Jeff Withey,0:25,,,,,,,,,39:34,Anthony Davis,34:51,Ryan Anderson,34:11,Eric Gordon,33:30,Quincy Pondexter,31:37,Ömer Aşık,26:08,Dante Cunningham,20:04,Jimmer Fredette,18:50,Alexis Ajinça,0:25,105,2,13,6.0,46.2,3.0,23.1,4.0,30.8,D.J. Augustin,11,0,2014-2015,0.0,1,1.0,DET,94,Brandon Jennings,Joel Anthony,10:49,Cartier Martin,2:41,,,,,,,,,28:50,Kentavious Caldwell-Pope,28:38,Greg Monroe,28:10,Jodie Meeks,26:20,Andre Drummond,22:09,Jonas Jerebko,21:05,Caron Butler,20:27,Kyle Singler,17:54,Anthony Tolliver,13:47
0,,0,0.000,4,1.00,98,0,4,100.0,0,.000,0.0,0.0,1.0,1,0,,0,0.000,Logos via Sports Logos.net / About logos,W,https://www.basketball-reference.com/boxscores/201501160IND.html,Away,96,14:09,0,0.0,IND,Solomon Hill,Damjan Rudež,16:02,,,,,,,,,,,30:00,David West,28:37,Ian Mahinmi,26:43,C.J. Miles,26:36,C.J. Watson,24:23,Rodney Stuckey,23:53,Donald Sloan,23:06,Roy Hibbert,21:17,Luis Scola,19:23,96,1,0,0.0,,0.0,,0.0,,D.J. Augustin,2,0,2014-2015,0.0,4,4.0,DET,98,Greg Monroe,Joel Anthony,5:09,,,,,,,,,,,34:50,Brandon Jennings,33:51,Andre Drummond,29:18,Kentavious Caldwell-Pope,27:54,Kyle Singler,24:43,Caron Butler,23:17,Anthony Tolliver,20:07,Jodie Meeks,20:06,Jonas Jerebko,6:36
0,.000,3,50.000,10,5.00,89,0,3,100.0,3,.500,3.0,100.0,3.0,6,0,,0,0.000,Logos via Sports Logos.net / About logos,W,https://www.basketball-reference.com/boxscores/201501170DET.html,Home,107,25:42,0,0.0,PHI,Robert Covington,JaKarr Sampson,15:43,Furkan Aldemir,12:00,Malcolm Thomas,6:33,,,,,,,27:33,K.J. McDaniels,26:51,Michael Carter-Williams,24:11,Nerlens Noel,23:58,Larry Drew II,23:49,Luc Mbah a Moute,22:08,Jerami Grant,20:48,Hollis Thompson,18:57,Henry Sims,17:29,89,2,6,6.0,100.0,0.0,0.0,0.0,0.0,D.J. Augustin,18,2,2014-2015,2.0,2,3.0,DET,107,Kentavious Caldwell-Pope,Joel Anthony,2:14,Cartier Martin,2:14,,,,,,,,,34:32,Greg Monroe,31:58,Andre Drummond,30:14,Kyle Singler,26:20,Jodie Meeks,26:17,Anthony Tolliver,23:48,Brandon Jennings,22:18,Jonas Jerebko,7:46,Caron Butler,6:36
0,.000,1,20.000,3,1.00,82,0,0,,4,.800,4.0,100.0,4.0,5,0,,0,0.000,Logos via Sports Logos.net / About logos,L,https://www.basketball-reference.com/boxscores/201501190ATL.html,Away,93,18:08,0,,ATL,Al Horford,Pero Antić,10:53,,,,,,,,,,,33:49,DeMarre Carroll,31:47,Kyle Korver,31:32,Paul Millsap,30:26,Jeff Teague,30:12,Mike Scott,20:52,Dennis Schröder,17:48,Thabo Sefolosha,17:19,Kent Bazemore,15:22,93,1,8,8.0,100.0,0.0,0.0,0.0,0.0,D.J. Augustin,11,0,2014-2015,0.0,3,0.0,DET,82,Kentavious Caldwell-Pope,,,,,,,,,,,,,38:52,Greg Monroe,33:38,Brandon Jennings,29:52,Andre Drummond,27:10,Jodie Meeks,26:58,Kyle Singler,22:14,Jonas Jerebko,17:54,Anthony Tolliver,17:18,Caron Butler,7:56
1,.500,2,22.222,5,2.50,118,0,1,50.0,2,.222,1.0,14.3,7.0,9,0,,0,0.000,Logos via Sports Logos.net / About logos,W,https://www.basketball-reference.com/boxscores/201501210DET.html,Home,128,15:11,1,50.0,ORL,Victor Oladipo,Willie Green,11:10,Luke Ridnour,7:01,Ben Gordon,6:17,,,,,,,34:18,Nikola Vučević,33:54,Elfrid Payton,29:49,Tobias Harris,25:06,Evan Fournier,23:14,Channing Frye,22:54,Devyn Marble,20:14,Kyle O'Quinn,14:06,Aaron Gordon,11:58,118,0,5,2.0,40.0,3.0,60.0,0.0,0.0,D.J. Augustin,10,0,2014-2015,0.0,2,2.0,DET,128,Kentavious Caldwell-Pope,,,,,,,,,,,,,36:07,Anthony Tolliver,33:04,Brandon Jennings,32:49,Andre Drummond,30:18,Greg Monroe,25:13,Jodie Meeks,24:29,Kyle Singler,21:40,Caron Butler,13:44,Joel Anthony,7:25
0,.000,1,14.286,0,0.00,86,0,0,,1,.143,1.0,16.7,6.0,7,0,,0,0.000,Logos via Sports Logos.net / About logos,L,https://www.basketball-reference.com/boxscores/201501240MIL.html,Away,101,14:50,0,,MIL,Giannis Antetokounmpo,Johnny O'Bryant,8:58,Kenyon Martin,7:02,,,,,,,,,36:17,Khris Middleton,28:28,O.J. Mayo,28:02,Brandon Knight,27:30,Jerryd Bayless,24:00,Jared Dudley,23:38,Zaza Pachulia,23:24,Ersan İlyasova,17:03,John Henson,15:38,101,0,2,2.0,100.0,0.0,0.0,0.0,0.0,D.J. Augustin,15,2,2014-2015,2.0,2,0.0,DET,86,Greg Monroe,Joel Anthony,11:35,Cartier Martin,9:36,Spencer Dinwiddie,7:02,,,,,,,28:44,Brandon Jennings,26:08,Kentavious Caldwell-Pope,24:28,Caron Butler,23:32,Kyle Singler,23:05,Andre Drummond,21:03,Anthony Tolliver,20:35,Jodie Meeks,15:19,Jonas Jerebko,14:03
5,.556,9,45.000,8,4.00,110,0,4,100.0,12,.600,7.0,63.6,11.0,20,6,1.000,6,30.000,Logos via Sports Logos.net / About logos,L,https://www.basketball-reference.com/boxscores/201501250TOR.html,Away,114,37:21,0,0.0,TOR,Kyle Lowry,Chuck Hayes,4:36,James Johnson,3:09,,,,,,,,,36:40,DeMar DeRozan,34:45,Patrick Patterson,28:46,Amir Johnson,28:21,Jonas Valančiūnas,28:12,Greivis Vásquez,24:29,Terrence Ross,22:41,Lou Williams,22:16,Tyler Hansbrough,6:05,114,1,35,14.0,40.0,15.0,42.9,6.0,17.1,D.J. Augustin,4,0,2014-2015,0.0,2,4.0,DET,110,Kentavious Caldwell-Pope,,,,,,,,,,,,,42:14,Greg Monroe,35:29,Jodie Meeks,28:08,Anthony Tolliver,27:27,Andre Drummond,27:09,Kyle Singler,25:38,Spencer Dinwiddie,10:39,Jonas Jerebko,5:55,,
3,.500,6,40.000,9,1.80,103,0,3,75.0,8,.533,5.0,55.6,9.0,15,0,,0,0.000,Logos via Sports Logos.net / About logos,L,https://www.basketball-reference.com/boxscores/201501270DET.html,Home,95,36:06,1,25.0,CLE,Kyrie Irving,,,,,,,,,,,,,41:54,LeBron James,35:56,Kevin Love,32:28,J.R. Smith,31:36,Tristan Thompson,27:25,Timofey Mozgov,20:19,Shawn Marion,19:16,Iman Shumpert,18:08,Matthew Dellavedova,12:57,103,1,19,10.0,52.6,9.0,47.4,0.0,0.0,D.J. Augustin,8,2,2014-2015,2.0,5,4.0,DET,95,Andre Drummond,,,,,,,,,,,,,34:42,Greg Monroe,31:32,Anthony Tolliver,29:46,Kentavious Caldwell-Pope,28:41,Jodie Meeks,26:45,Kyle Singler,24:06,Caron Butler,16:28,Spencer Dinwiddie,11:54,,
0,.000,4,57.143,4,1.33,69,0,1,100.0,0,.000,0.0,0.0,3.0,7,2,1.000,2,28.571,Logos via Sports Logos.net / About logos,L,https://www.basketball-reference.com/boxscores/201501280PHI.html,Away,89,34:21,0,0.0,PHI,Michael Carter-Williams,Larry Drew II,12:59,,,,,,,,,,,35:01,Luc Mbah a Moute,31:26,Nerlens Noel,28:59,Robert Covington,24:54,K.J. McDaniels,24:26,JaKarr Sampson,23:34,Jerami Grant,20:37,Hollis Thompson,20:07,Henry Sims,17:57,89,0,2,0.0,0.0,0.0,0.0,2.0,100.0,D.J. Augustin,20,2,2014-2015,2.0,3,1.0,DET,69,Jodie Meeks,Joel Anthony,6:06,,,,,,,,,,,33:40,Greg Monroe,33:02,Kentavious Caldwell-Pope,22:39,Caron Butler,20:19,Kyle Singler,19:22,Andre Drummond,19:14,Anthony Tolliver,19:06,Jonas Jerebko,18:32,Spencer Dinwiddie,13:39
1,.500,2,15.385,12,2.40,101,0,2,100.0,8,.615,7.0,63.6,11.0,13,11,.846,13,100.000,Logos via Sports Logos.net / About logos,W,https://www.basketball-reference.com/boxscores/201501310DET.html,Home,114,37:03,0,0.0,HOU,Trevor Ariza,Isaiah Canaan,7:30,Jason Terry,6:21,,,,,,,,,38:48,James Harden,36:28,Donatas Motiejūnas,29:26,Corey Brewer,28:19,Patrick Beverley,26:34,Josh Smith,22:40,Terrence Jones,19:13,Joey Dorsey,12:41,Kostas Papanikolaou,12:00,101,0,28,14.0,50.0,3.0,10.7,11.0,39.3,D.J. Augustin,13,2,2014-2015,2.0,5,2.0,DET,114,Kentavious Caldwell-Pope,,,,,,,,,,,,,40:22,Greg Monroe,37:29,Kyle Singler,36:21,Andre Drummond,33:07,Anthony Tolliver,25:24,Jodie Meeks,19:17,Spencer Dinwiddie,10:57,,,,
2,.667,3,21.429,13,,91,0,4,100.0,8,.571,6.0,54.5,11.0,14,7,1.000,7,50.000,Logos via Sports Logos.net / About logos,W,https://www.basketball-reference.com/boxscores/201502030DET.html,Home,108,35:18,0,0.0,MIA,Chris Bosh,James Ennis III,9:44,Udonis Haslem,5:32,Justin Hamilton,3:20,,,,,,,33:40,Norris Cole,33:15,Luol Deng,30:06,Mario Chalmers,27:35,Hassan Whiteside,24:20,Chris Andersen,20:58,Tyler Johnson,20:25,Danny Granger,16:20,Shabazz Napier,14:45,91,0,25,12.0,48.0,6.0,24.0,7.0,28.0,D.J. Augustin,17,1,2014-2015,1.0,0,4.0,DET,108,Andre Drummond,John Lucas III,6:10,Jonas Jerebko,4:58,,,,,,,,,33:41,Kyle Singler,30:16,Kentavious Caldwell-Pope,28:32,Greg Monroe,28:18,Anthony Tolliver,21:20,Jodie Meeks,19:28,Caron Butler,17:44,Joel Anthony,7:43,Spencer Dinwiddie,6:32
1,.333,3,21.429,6,2.00,109,0,2,100.0,4,.286,3.0,27.3,11.0,14,3,1.000,3,21.429,Logos via Sports Logos.net / About logos,L,https://www.basketball-reference.com/boxscores/201502040IND.html,Away,114,32:18,0,0.0,IND,Roy Hibbert,Shayne Whittington,7:25,Ian Mahinmi,4:25,,,,,,,,,36:10,David West,31:09,C.J. Miles,26:40,Damjan Rudež,26:29,George Hill,25:31,C.J. Watson,22:29,Rodney Stuckey,21:37,Solomon Hill,21:20,Luis Scola,16:45,114,4,12,6.0,50.0,3.0,25.0,3.0,25.0,D.J. Augustin,5,0,2014-2015,0.0,3,2.0,DET,109,Greg Monroe,Kentavious Caldwell-Pope,3:29,,,,,,,,,,,35:58,Andre Drummond,33:05,Jodie Meeks,30:25,Kyle Singler,27:34,Caron Butler,23:36,Anthony Tolliver,21:13,John Lucas III,15:42,Cartier Martin,11:02,Joel Anthony,5:38
2,.667,3,30.000,11,2.20,88,0,2,100.0,6,.600,4.0,57.1,7.0,10,8,1.000,8,80.000,Logos via Sports Logos.net / About logos,W,https://www.basketball-reference.com/boxscores/201502060DET.html,Home,98,34:15,0,0.0,DEN,Ty Lawson,Gary Harris,11:18,Erick Green,8:58,Alonzo Gee,8:48,,,,,,,39:02,Danilo Gallinari,29:39,Jusuf Nurkić,26:19,Kenneth Faried,24:49,Arron Afflalo,22:40,Wilson Chandler,22:16,Darrell Arthur,17:38,J.J. Hickson,14:31,Randy Foye,14:02,88,1,22,8.0,36.4,6.0,27.3,8.0,36.4,D.J. Augustin,10,0,2014-2015,0.0,5,2.0,DET,98,Greg Monroe,Joel Anthony,2:39,,,,,,,,,,,36:05,Andre Drummond,32:22,Kyle Singler,28:08,Jodie Meeks,25:26,Kentavious Caldwell-Pope,22:34,Caron Butler,19:52,Anthony Tolliver,15:57,John Lucas III,13:45,Jonas Jerebko,8:57
2,.400,5,31.250,8,8.00,112,0,1,50.0,7,.438,5.0,45.5,11.0,16,4,1.000,4,25.000,Logos via Sports Logos.net / About logos,L,https://www.basketball-reference.com/boxscores/201502080DET.html,Home,101,35:06,1,50.0,MIN,Kevin Martin,,,,,,,,,,,,,42:14,Thaddeus Young,40:16,Andrew Wiggins,39:29,Mo Williams,33:53,Nikola Peković,32:30,Zach LaVine,18:22,Anthony Bennett,16:38,Gorgui Dieng,15:08,Lorenzo Brown,1:31,112,3,20,10.0,50.0,6.0,30.0,4.0,20.0,D.J. Augustin,11,0,2014-2015,0.0,1,2.0,DET,101,Anthony Tolliver,,,,,,,,,,,,,34:24,Kyle Singler,32:12,Greg Monroe,31:30,Kentavious Caldwell-Pope,29:49,Andre Drummond,28:48,Jodie Meeks,18:11,Caron Butler,15:48,John Lucas III,12:54,Joel Anthony,1:18
1,.333,3,21.429,5,5.00,106,0,1,100.0,5,.357,4.0,36.4,11.0,14,7,1.000,7,50.000,Logos via Sports Logos.net / About logos,W,https://www.basketball-reference.com/boxscores/201502100CHO.html,Away,78,28:23,0,0.0,CHO,Brian Roberts,Noah Vonleh,6:37,,,,,,,,,,,33:23,Gerald Henderson,31:21,Jeff Taylor,31:21,Al Jefferson,29:03,P.J. Hairston,26:31,Cody Zeller,26:14,Marvin Williams,23:30,Lance Stephenson,19:40,Jason Maxiell,12:20,78,0,18,8.0,44.4,3.0,16.7,7.0,38.9,D.J. Augustin,28,1,2014-2015,1.0,1,1.0,DET,106,Greg Monroe,Gigi Datome,3:35,Spencer Dinwiddie,3:35,,,,,,,,,31:42,Andre Drummond,29:03,Kyle Singler,27:40,Jodie Meeks,27:37,Kentavious Caldwell-Pope,27:02,Anthony Tolliver,25:09,John Lucas III,16:02,Jonas Jerebko,15:24,Joel Anthony,4:48
2,.333,6,33.333,6,1.20,104,0,3,100.0,8,.444,6.0,50.0,12.0,18,4,1.000,4,22.222,Logos via Sports Logos.net / About logos,L,https://www.basketball-reference.com/boxscores/201502110DET.html,Home,87,33:58,0,0.0,SAS,Tony Parker,Boris Diaw,14:32,Cory Joseph,9:22,Matt Bonner,7:09,Jeff Ayres,1:53,,,,,32:05,Danny Green,31:27,Kawhi Leonard,27:53,Aron Baynes,24:05,Manu Ginóbili,21:36,Marco Belinelli,19:36,Tim Duncan,17:48,Tiago Splitter,16:39,Patty Mills,15:55,104,2,22,12.0,54.5,6.0,27.3,4.0,18.2,D.J. Augustin,17,0,2014-2015,0.0,5,3.0,DET,87,Kentavious Caldwell-Pope,Gigi Datome,1:53,Spencer Dinwiddie,1:53,,,,,,,,,36:01,Andre Drummond,34:08,Greg Monroe,29:32,Jodie Meeks,29:30,Kyle Singler,27:09,Anthony Tolliver,19:01,Jonas Jerebko,12:53,John Lucas III,12:09,Joel Anthony,1:53
2,.667,3,33.333,2,,110,0,3,100.0,3,.333,1.0,16.7,6.0,9,4,.800,5,55.556,Logos via Sports Logos.net / About logos,W,https://www.basketball-reference.com/boxscores/201502210CHO.html,Away,103,22:45,0,0.0,CHO,Mo Williams,Jeff Taylor,3:21,,,,,,,,,,,38:05,Al Jefferson,33:36,Gerald Henderson,33:15,Michael Kidd-Gilchrist,29:26,Marvin Williams,27:57,Lance Stephenson,26:58,Cody Zeller,20:07,Jason Maxiell,14:20,Brian Roberts,12:55,103,2,12,2.0,16.7,6.0,50.0,4.0,33.3,D.J. Augustin,7,0,2014-2015,0.0,0,3.0,OKC,110,Russell Westbrook,,,,,,,,,,,,,35:29,Serge Ibaka,33:09,Enes Freedom,32:26,Dion Waiters,31:42,Anthony Morrow,21:24,Kyle Singler,18:04,Nick Collison,15:34,Mitch McGary,14:51,Andre Roberson,14:36
2,.400,5,71.429,2,0.67,94,0,3,100.0,2,.286,0.0,0.0,2.0,7,2,1.000,2,28.571,Logos via Sports Logos.net / About logos,W,https://www.basketball-reference.com/boxscores/201502220OKC.html,Home,119,29:32,0,0.0,DEN,Jusuf Nurkić,Gary Harris,15:34,Jameer Nelson,14:15,J.J. Hickson,11:30,Erick Green,9:51,,,,,28:07,Will Barton,25:04,Ty Lawson,23:54,Kenneth Faried,21:00,Danilo Gallinari,19:22,Joffrey Lauvergne,18:14,Wilson Chandler,18:08,Randy Foye,17:52,Darrell Arthur,17:09,94,2,8,0.0,0.0,6.0,75.0,2.0,25.0,D.J. Augustin,25,1,2014-2015,1.0,3,3.0,OKC,119,Russell Westbrook,Perry Jones,8:33,Steve Novak,8:33,Jeremy Lamb,7:38,,,,,,,27:23,Dion Waiters,27:14,Enes Freedom,26:22,Serge Ibaka,26:06,Mitch McGary,20:40,Anthony Morrow,17:30,Kyle Singler,14:49,Nick Collison,14:19,Andre Roberson,11:21
1,.250,4,66.667,7,7.00,92,0,2,100.0,1,.167,0.0,0.0,2.0,6,0,,0,0.000,Logos via Sports Logos.net / About logos,W,https://www.basketball-reference.com/boxscores/201502240OKC.html,Home,105,24:49,0,0.0,IND,George Hill,C.J. Watson,14:01,Chris Copeland,5:02,Lavoy Allen,5:02,Donald Sloan,5:02,,,,,29:23,C.J. Miles,27:05,Rodney Stuckey,26:05,David West,25:51,Roy Hibbert,24:33,Solomon Hill,24:16,Luis Scola,19:32,Damjan Rudež,18:08,Ian Mahinmi,16:00,92,0,3,0.0,0.0,3.0,100.0,0.0,0.0,D.J. Augustin,13,1,2014-2015,1.0,1,2.0,OKC,105,Dion Waiters,Jeremy Lamb,5:02,Perry Jones,5:02,,,,,,,,,29:26,Serge Ibaka,29:01,Russell Westbrook,28:15,Enes Freedom,23:27,Anthony Morrow,20:34,Nick Collison,19:36,Mitch McGary,18:54,Kyle Singler,18:40,Andre Roberson,17:14
1,.500,2,25.000,3,3.00,113,0,4,80.0,5,.625,4.0,66.7,6.0,8,2,1.000,2,25.000,Logos via Sports Logos.net / About logos,L,https://www.basketball-reference.com/boxscores/201502260PHO.html,Away,117,26:52,1,20.0,PHO,Brandon Knight,,,,,,,,,,,,,47:32,Markieff Morris,43:35,Eric Bledsoe,42:26,Alex Len,37:30,P.J. Tucker,35:07,Marcus Morris,22:52,Gerald Green,16:02,Brandan Wright,14:22,Earl Barron,5:34,117,1,13,8.0,61.5,3.0,23.1,2.0,15.4,D.J. Augustin,4,0,2014-2015,0.0,1,5.0,OKC,113,Russell Westbrook,,,,,,,,,,,,,42:40,Serge Ibaka,42:05,Enes Freedom,36:31,Dion Waiters,34:17,Kyle Singler,22:05,Andre Roberson,18:53,Anthony Morrow,16:05,Nick Collison,15:57,Mitch McGary,9:33
0,.000,3,42.857,4,,112,0,1,100.0,2,.286,2.0,50.0,4.0,7,2,1.000,2,28.571,Logos via Sports Logos.net / About logos,L,https://www.basketball-reference.com/boxscores/201502270POR.html,Away,115,19:59,0,0.0,POR,LaMarcus Aldridge,Meyers Leonard,5:36,,,,,,,,,,,38:45,Nicolas Batum,38:38,Damian Lillard,36:41,Wesley Matthews,32:53,Arron Afflalo,30:35,Robin Lopez,25:36,Chris Kaman,13:52,Steve Blake,11:19,Dorell Wright,6:05,115,1,6,4.0,66.7,0.0,0.0,2.0,33.3,D.J. Augustin,3,2,2014-2015,2.0,0,1.0,OKC,112,Serge Ibaka,,,,,,,,,,,,,39:31,Russell Westbrook,37:26,Kyle Singler,30:38,Mitch McGary,28:07,Dion Waiters,27:52,Anthony Morrow,24:10,Andre Roberson,19:56,Nick Collison,12:19,,
4,.400,10,66.667,5,2.50,108,0,7,77.8,6,.400,2.0,40.0,5.0,15,2,1.000,2,13.333,Logos via Sports Logos.net / About logos,W,https://www.basketball-reference.com/boxscores/201503010LAL.html,Away,101,41:18,2,22.2,LAL,Wayne Ellington,,,,,,,,,,,,,35:15,Jordan Clarkson,33:50,Jeremy Lin,32:12,Jordan Hill,28:38,Ryan Kelly,26:47,Ed Davis,24:20,Wesley Johnson,21:13,Carlos Boozer,19:22,Robert Sacre,18:23,101,1,18,4.0,22.2,12.0,66.7,2.0,11.1,D.J. Augustin,7,1,2014-2015,1.0,2,9.0,OKC,108,Serge Ibaka,,,,,,,,,,,,,34:59,Enes Freedom,28:52,Dion Waiters,27:59,Nick Collison,21:52,Anthony Morrow,20:47,Kyle Singler,19:09,Andre Roberson,18:26,Jeremy Lamb,16:21,Mitch McGary,10:17
2,.400,5,38.462,2,1.00,118,0,4,100.0,6,.462,4.0,50.0,8.0,13,3,1.000,3,23.077,Logos via Sports Logos.net / About logos,W,https://www.basketball-reference.com/boxscores/201503040OKC.html,Home,123,36:50,0,0.0,PHI,Isaiah Canaan,Henry Sims,10:02,,,,,,,,,,,41:36,Nerlens Noel,40:03,Luc Mbah a Moute,39:42,Jason Richardson,35:32,Jerami Grant,28:27,Thomas Robinson,20:52,Hollis Thompson,18:50,JaKarr Sampson,15:18,Ish Smith,14:38,118,4,17,8.0,47.1,6.0,35.3,3.0,17.6,D.J. Augustin,5,2,2014-2015,2.0,2,4.0,OKC,123,Russell Westbrook,,,,,,,,,,,,,42:24,Dion Waiters,39:20,Serge Ibaka,30:43,Nick Collison,25:46,Enes Freedom,21:22,Kyle Singler,21:12,Mitch McGary,20:33,Anthony Morrow,15:11,Andre Roberson,11:40
2,.500,4,57.143,3,,105,0,1,100.0,4,.571,2.0,66.7,3.0,7,0,,0,0.000,Logos via Sports Logos.net / About logos,L,https://www.basketball-reference.com/boxscores/201503050CHI.html,Away,108,18:57,0,0.0,CHI,Mike Dunleavy,,,,,,,,,,,,,37:33,Nikola Mirotić,33:45,Pau Gasol,31:37,Joakim Noah,30:38,Tony Snell,29:05,Aaron Brooks,24:18,Kirk Hinrich,23:13,E'Twaun Moore,22:04,Doug McDermott,7:47,108,1,10,4.0,40.0,6.0,60.0,0.0,0.0,D.J. Augustin,3,1,2014-2015,1.0,0,1.0,OKC,105,Serge Ibaka,Perry Jones,0:03,,,,,,,,,,,45:31,Russell Westbrook,38:07,Enes Freedom,30:28,Dion Waiters,26:23,Andre Roberson,22:41,Anthony Morrow,22:32,Nick Collison,17:27,Kyle Singler,15:22,Mitch McGary,2:29
2,.400,5,100.000,5,5.00,104,0,3,100.0,2,.400,0.0,,0.0,5,0,.000,2,40.000,Logos via Sports Logos.net / About logos,W,https://www.basketball-reference.com/boxscores/201503080OKC.html,Home,108,24:50,0,0.0,TOR,Kyle Lowry,,,,,,,,,,,,,40:39,DeMar DeRozan,35:56,Patrick Patterson,31:34,Jonas Valančiūnas,30:09,Terrence Ross,25:44,Lou Williams,22:16,Greivis Vásquez,20:05,Amir Johnson,18:41,James Johnson,14:56,104,0,6,0.0,0.0,6.0,100.0,0.0,0.0,D.J. Augustin,4,0,2014-2015,0.0,1,3.0,OKC,108,Serge Ibaka,,,,,,,,,,,,,40:38,Russell Westbrook,40:06,Dion Waiters,33:13,Enes Freedom,28:33,Andre Roberson,21:39,Steven Adams,15:56,Kyle Singler,14:47,Anthony Morrow,11:45,Nick Collison,8:33
0,,0,0.000,3,1.50,120,0,1,100.0,0,.000,0.0,0.0,2.0,2,2,1.000,2,100.000,Logos via Sports Logos.net / About logos,L,https://www.basketball-reference.com/boxscores/201503110OKC.html,Home,108,21:52,0,0.0,LAC,Matt Barnes,Ekpe Udoh,1:36,C.J. Wilcox,1:36,Hedo Türkoğlu,0:32,,,,,,,39:44,DeAndre Jordan,38:16,Chris Paul,36:52,JJ Redick,35:13,Spencer Hawes,31:37,Austin Rivers,21:10,Glen Davis,20:36,Nate Robinson,11:08,Dahntay Jones,1:39,120,4,2,0.0,0.0,0.0,0.0,2.0,100.0,D.J. Augustin,12,0,2014-2015,0.0,2,1.0,OKC,108,Russell Westbrook,Nick Collison,6:46,Jeremy Lamb,3:15,,,,,,,,,35:57,Anthony Morrow,35:33,Enes Freedom,26:01,Serge Ibaka,25:48,Dion Waiters,24:33,Steven Adams,22:16,Kyle Singler,15:24,Mitch McGary,11:46,Andre Roberson,10:48
1,.250,4,36.364,5,5.00,99,0,2,100.0,4,.364,3.0,42.9,7.0,11,0,,0,0.000,Logos via Sports Logos.net / About logos,W,https://www.basketball-reference.com/boxscores/201503130OKC.html,Home,113,23:47,0,0.0,MIN,Gorgui Dieng,Lorenzo Brown,1:52,,,,,,,,,,,42:24,Andrew Wiggins,37:36,Justin Hamilton,33:52,Kevin Martin,26:58,Zach LaVine,25:48,Ricky Rubio,22:08,Adreian Payne,19:44,Gary Neal,19:14,Chase Budinger,10:24,99,0,9,6.0,66.7,3.0,33.3,0.0,0.0,D.J. Augustin,14,1,2014-2015,1.0,1,2.0,OKC,113,Russell Westbrook,Steve Novak,4:47,Perry Jones,2:13,Jeremy Lamb,2:13,,,,,,,35:25,Enes Freedom,32:49,Dion Waiters,24:26,Mitch McGary,22:25,Steven Adams,20:53,Anthony Morrow,19:45,Andre Roberson,18:24,Kyle Singler,17:26,Nick Collison,15:27
3,.750,4,100.000,3,0.60,100,0,0,,3,.750,0.0,,0.0,4,2,1.000,2,50.000,Logos via Sports Logos.net / About logos,W,https://www.basketball-reference.com/boxscores/201503150OKC.html,Home,109,23:28,0,,CHI,Tony Snell,,,,,,,,,,,,,37:48,Pau Gasol,35:08,Joakim Noah,31:11,Aaron Brooks,30:18,Nikola Mirotić,29:41,E'Twaun Moore,29:29,Mike Dunleavy,23:18,Kirk Hinrich,17:42,Doug McDermott,5:25,100,4,11,0.0,0.0,9.0,81.8,2.0,18.2,D.J. Augustin,9,0,2014-2015,0.0,5,0.0,OKC,109,Russell Westbrook,,,,,,,,,,,,,40:45,Enes Freedom,37:01,Steven Adams,32:33,Anthony Morrow,25:35,Dion Waiters,25:12,Andre Roberson,20:42,Nick Collison,15:36,Kyle Singler,10:27,Mitch McGary,8:41
0,.000,7,63.636,2,2.00,115,0,5,100.0,3,.273,3.0,75.0,4.0,11,0,,0,0.000,Logos via Sports Logos.net / About logos,L,https://www.basketball-reference.com/boxscores/201503160DAL.html,Away,119,24:10,0,0.0,DAL,Chandler Parsons,Devin Harris,8:20,,,,,,,,,,,38:25,Monta Ellis,37:11,Tyson Chandler,33:33,Rajon Rondo,32:49,Dirk Nowitzki,27:10,Charlie Villanueva,19:10,J.J. Barea,17:40,Amar'e Stoudemire,14:27,Richard Jefferson,11:15,119,0,6,6.0,100.0,0.0,0.0,0.0,0.0,D.J. Augustin,4,1,2014-2015,1.0,1,5.0,OKC,115,Enes Freedom,,,,,,,,,,,,,37:23,Dion Waiters,36:16,Russell Westbrook,36:02,Steven Adams,30:09,Anthony Morrow,26:14,Mitch McGary,16:44,Andre Roberson,12:27,Nick Collison,10:44,Kyle Singler,9:52
0,.000,2,40.000,2,0.67,118,0,1,100.0,3,.600,3.0,100.0,3.0,5,4,1.000,4,80.000,Logos via Sports Logos.net / About logos,W,https://www.basketball-reference.com/boxscores/201503180OKC.html,Home,122,20:52,0,0.0,BOS,Marcus Smart,Gigi Datome,3:17,,,,,,,,,,,36:32,Avery Bradley,33:45,Jae Crowder,30:42,Evan Turner,30:01,Brandon Bass,29:48,Kelly Olynyk,23:01,Tyler Zeller,20:17,Jonas Jerebko,19:14,Phil Pressey,13:24,118,0,10,6.0,60.0,0.0,0.0,4.0,40.0,D.J. Augustin,4,1,2014-2015,1.0,3,1.0,OKC,122,Russell Westbrook,,,,,,,,,,,,,40:23,Steven Adams,37:32,Dion Waiters,35:16,Enes Freedom,30:39,Anthony Morrow,27:47,Nick Collison,17:22,Andre Roberson,16:11,Steve Novak,7:57,Mitch McGary,6:02
0,.000,1,25.000,1,,115,0,2,66.7,1,.250,1.0,33.3,3.0,4,0,,0,0.000,Logos via Sports Logos.net / About logos,W,https://www.basketball-reference.com/boxscores/201503200OKC.html,Home,123,20:54,1,33.3,ATL,Paul Millsap,,,,,,,,,,,,,37:06,DeMarre Carroll,33:22,Al Horford,33:07,Jeff Teague,31:57,Dennis Schröder,31:51,Kent Bazemore,27:41,Shelvin Mack,20:35,Pero Antić,19:48,Mike Muscala,4:33,115,1,2,2.0,100.0,0.0,0.0,0.0,0.0,D.J. Augustin,8,0,2014-2015,0.0,0,3.0,OKC,123,Russell Westbrook,Kyle Singler,0:07,,,,,,,,,,,44:27,Dion Waiters,37:28,Steven Adams,35:07,Anthony Morrow,31:04,Nick Collison,23:51,Andre Roberson,17:26,Mitch McGary,17:23,Steve Novak,6:38,Perry Jones,5:34
1,.333,3,42.857,2,0.67,75,1,2,50.0,1,.143,0.0,0.0,4.0,7,0,,0,0.000,Logos via Sports Logos.net / About logos,W,https://www.basketball-reference.com/boxscores/201503220OKC.html,Home,93,24:08,2,50.0,MIA,Goran Dragić,Zoran Dragić,3:12,Tyler Johnson,3:12,,,,,,,,,34:12,Mario Chalmers,33:37,Dwyane Wade,31:20,Luol Deng,27:35,Hassan Whiteside,23:36,Udonis Haslem,21:24,Henry Walker,21:15,Chris Andersen,21:09,Michael Beasley,19:28,75,1,3,0.0,0.0,3.0,100.0,0.0,0.0,D.J. Augustin,18,0,2014-2015,1.0,3,4.0,OKC,93,Enes Freedom,Perry Jones,3:12,Andre Roberson,1:29,,,,,,,,,34:25,Russell Westbrook,33:56,Dion Waiters,32:45,Steven Adams,30:35,Anthony Morrow,29:30,Mitch McGary,25:32,Kyle Singler,15:28,Steve Novak,5:28,Jeremy Lamb,3:32
1,.500,2,40.000,5,,117,0,2,100.0,3,.600,2.0,66.7,3.0,5,0,,0,0.000,Logos via Sports Logos.net / About logos,W,https://www.basketball-reference.com/boxscores/201503240OKC.html,Home,127,22:13,0,0.0,LAL,Jordan Clarkson,,,,,,,,,,,,,36:23,Jeremy Lin,30:28,Wesley Johnson,29:51,Ryan Kelly,29:07,Tarik Black,28:01,Jabari Brown,27:18,Wayne Ellington,23:55,Robert Sacre,18:53,Ed Davis,16:04,117,1,7,4.0,57.1,3.0,42.9,0.0,0.0,D.J. Augustin,10,2,2014-2015,2.0,0,2.0,OKC,127,Dion Waiters,,,,,,,,,,,,,35:00,Steven Adams,30:22,Russell Westbrook,29:57,Anthony Morrow,29:34,Enes Freedom,27:33,Mitch McGary,25:46,Kyle Singler,25:14,Jeremy Lamb,10:59,Steve Novak,3:23
2,.500,4,57.143,5,5.00,91,0,1,100.0,2,.286,0.0,0.0,3.0,7,0,,0,0.000,Logos via Sports Logos.net / About logos,L,https://www.basketball-reference.com/boxscores/201503250SAS.html,Away,130,28:20,0,0.0,SAS,Tony Parker,Manu Ginóbili,15:05,Jeff Ayres,10:53,Cory Joseph,9:47,Reggie Williams,9:47,,,,,27:30,Tim Duncan,27:01,Boris Diaw,24:42,Kawhi Leonard,23:08,Danny Green,23:05,Patty Mills,19:07,Marco Belinelli,18:13,Tiago Splitter,16:11,Matt Bonner,15:31,130,0,6,0.0,0.0,6.0,100.0,0.0,0.0,D.J. Augustin,39,0,2014-2015,0.0,1,1.0,OKC,91,Russell Westbrook,Jeremy Lamb,12:00,,,,,,,,,,,25:52,Perry Jones,24:23,Kyle Singler,23:29,Mitch McGary,22:53,Enes Freedom,22:17,Dion Waiters,22:17,Steven Adams,21:30,Steve Novak,20:14,Anthony Morrow,16:45
1,.250,4,66.667,1,1.00,89,0,3,100.0,2,.333,1.0,50.0,2.0,6,1,.500,2,33.333,Logos via Sports Logos.net / About logos,L,https://www.basketball-reference.com/boxscores/201503280UTA.html,Away,94,28:34,0,0.0,UTA,Rudy Gobert,Elijah Millsap,5:56,Jack Cooley,4:24,,,,,,,,,41:00,Gordon Hayward,38:28,Trey Burke,33:02,Trevor Booker,32:41,Rodney Hood,28:41,Dante Exum,18:44,Joe Ingles,15:03,Chris Johnson,14:44,Jeremy Evans,7:17,94,0,6,2.0,33.3,3.0,50.0,1.0,16.7,D.J. Augustin,5,0,2014-2015,0.0,1,3.0,OKC,89,Russell Westbrook,,,,,,,,,,,,,40:48,Enes Freedom,34:29,Anthony Morrow,28:35,Kyle Singler,24:26,Dion Waiters,24:07,Steven Adams,23:04,Mitch McGary,16:02,Perry Jones,10:18,Steve Novak,9:37
4,.800,5,55.556,3,1.50,109,0,1,100.0,6,.667,2.0,50.0,4.0,9,3,1.000,3,33.333,Logos via Sports Logos.net / About logos,W,https://www.basketball-reference.com/boxscores/201503290PHO.html,Away,97,31:36,0,0.0,PHO,Eric Bledsoe,,,,,,,,,,,,,39:24,Marcus Morris,37:01,P.J. Tucker,34:55,Markieff Morris,33:12,T.J. Warren,28:57,Alex Len,24:47,Brandon Knight,22:12,Brandan Wright,16:29,Archie Goodwin,3:03,97,3,19,4.0,21.1,12.0,63.2,3.0,15.8,D.J. Augustin,12,1,2014-2015,1.0,2,1.0,OKC,109,Steven Adams,,,,,,,,,,,,,41:41,Russell Westbrook,37:48,Dion Waiters,37:41,Enes Freedom,29:47,Anthony Morrow,27:42,Kyle Singler,25:36,Mitch McGary,8:09,,,,
1,.500,2,50.000,1,,135,0,0,,1,.250,0.0,0.0,2.0,4,0,,0,0.000,Logos via Sports Logos.net / About logos,L,https://www.basketball-reference.com/boxscores/201504010OKC.html,Home,131,19:33,0,,DAL,Monta Ellis,Charlie Villanueva,3:20,,,,,,,,,,,37:28,Chandler Parsons,37:15,Dirk Nowitzki,32:04,Rajon Rondo,29:17,Tyson Chandler,28:29,Al-Farouq Aminu,23:00,Amar'e Stoudemire,19:31,Devin Harris,19:05,J.J. Barea,10:32,135,0,3,0.0,0.0,3.0,100.0,0.0,0.0,D.J. Augustin,4,0,2014-2015,0.0,0,0.0,OKC,131,Russell Westbrook,,,,,,,,,,,,,43:50,Dion Waiters,39:50,Enes Freedom,38:22,Anthony Morrow,29:21,Steven Adams,23:59,Kyle Singler,19:30,Mitch McGary,15:23,Perry Jones,6:00,Steve Novak,4:13
0,.000,1,25.000,5,,92,0,1,50.0,1,.250,1.0,33.3,3.0,4,1,.500,2,50.000,Logos via Sports Logos.net / About logos,L,https://www.basketball-reference.com/boxscores/201504030MEM.html,Away,100,17:10,1,50.0,MEM,Marc Gasol,,,,,,,,,,,,,37:42,Jeff Green,37:22,Mike Conley,35:52,Courtney Lee,31:51,Zach Randolph,30:08,Kosta Koufos,20:58,Beno Udrih,17:39,Vince Carter,15:11,Nick Calathes,13:17,100,1,3,2.0,66.7,0.0,0.0,1.0,33.3,D.J. Augustin,8,0,2014-2015,0.0,0,2.0,OKC,92,Russell Westbrook,,,,,,,,,,,,,37:40,Dion Waiters,36:04,Steven Adams,35:43,Enes Freedom,33:55,Anthony Morrow,33:35,Kyle Singler,28:30,Mitch McGary,16:27,Steve Novak,0:55,,
1,.250,4,100.000,1,0.50,115,0,1,100.0,1,.250,0.0,,0.0,4,0,,0,0.000,Logos via Sports Logos.net / About logos,L,https://www.basketball-reference.com/boxscores/201504050OKC.html,Home,112,24:29,0,0.0,HOU,James Harden,,,,,,,,,,,,,38:04,Trevor Ariza,30:59,Corey Brewer,30:13,Josh Smith,26:41,Terrence Jones,24:23,Jason Terry,24:17,Pablo Prigioni,24:00,Dwight Howard,22:55,Joey Dorsey,18:28,115,0,3,0.0,0.0,3.0,100.0,0.0,0.0,D.J. Augustin,3,1,2014-2015,1.0,2,1.0,OKC,112,Russell Westbrook,,,,,,,,,,,,,40:33,Dion Waiters,39:48,Enes Freedom,37:45,Anthony Morrow,36:28,Kyle Singler,30:08,Steven Adams,14:28,Mitch McGary,10:23,Steve Novak,5:58,,
1,.333,3,50.000,4,,113,0,2,100.0,2,.333,1.0,33.3,3.0,6,0,,0,0.000,Logos via Sports Logos.net / About logos,L,https://www.basketball-reference.com/boxscores/201504070OKC.html,Home,88,21:40,0,0.0,SAS,Boris Diaw,Cory Joseph,14:35,Jeff Ayres,12:00,Reggie Williams,11:01,Matt Bonner,10:10,,,,,26:21,Marco Belinelli,25:13,Kawhi Leonard,24:09,Tim Duncan,23:29,Aron Baynes,21:47,Patty Mills,20:09,Manu Ginóbili,17:54,Danny Green,17:04,Tony Parker,16:08,113,1,5,2.0,40.0,3.0,60.0,0.0,0.0,D.J. Augustin,25,1,2014-2015,1.0,0,2.0,OKC,88,Dion Waiters,Jeremy Lamb,13:02,Steve Novak,9:40,,,,,,,,,27:15,Steven Adams,26:21,Russell Westbrook,26:20,Enes Freedom,24:51,Anthony Morrow,24:33,Mitch McGary,18:43,Andre Roberson,18:12,Perry Jones,15:05,Kyle Singler,14:18
1,.167,6,85.714,5,5.00,103,0,0,,2,.286,1.0,100.0,1.0,7,3,1.000,3,42.857,Logos via Sports Logos.net / About logos,W,https://www.basketball-reference.com/boxscores/201504100OKC.html,Home,116,25:06,0,,SAC,Ray McCallum,Reggie Evans,6:07,Sim Bhullar,1:03,,,,,,,,,38:19,Jason Thompson,36:10,Ben McLemore,35:00,Omri Casspi,28:13,Derrick Williams,26:14,Andre Miller,23:49,Nik Stauskas,16:11,Carl Landry,14:58,Ryan Hollins,13:56,103,3,8,2.0,25.0,3.0,37.5,3.0,37.5,D.J. Augustin,13,0,2014-2015,0.0,1,0.0,OKC,116,Dion Waiters,Jeremy Lamb,1:29,Perry Jones,1:05,Steve Novak,0:24,,,,,,,40:20,Russell Westbrook,38:01,Enes Freedom,32:25,Steven Adams,31:13,Anthony Morrow,25:44,Nick Collison,20:18,Andre Roberson,16:00,Kyle Singler,6:26,Mitch McGary,1:29
0,.000,2,40.000,1,,104,0,0,,0,.000,0.0,0.0,3.0,5,0,,0,0.000,Logos via Sports Logos.net / About logos,L,https://www.basketball-reference.com/boxscores/201504120IND.html,Away,116,14:51,0,,IND,George Hill,Lavoy Allen,8:46,Donald Sloan,8:12,,,,,,,,,39:31,C.J. Miles,35:58,Rodney Stuckey,30:29,Roy Hibbert,27:05,David West,22:41,Ian Mahinmi,21:01,Luis Scola,16:08,Solomon Hill,16:00,Paul George,14:09,116,1,0,0.0,,0.0,,0.0,,D.J. Augustin,12,0,2014-2015,0.0,0,0.0,OKC,104,Russell Westbrook,,,,,,,,,,,,,40:22,Dion Waiters,39:00,Enes Freedom,32:23,Anthony Morrow,28:56,Steven Adams,24:47,Nick Collison,24:07,Andre Roberson,23:56,Mitch McGary,11:39,,
0,,0,0.000,2,,90,0,2,100.0,1,.200,1.0,20.0,5.0,5,0,,0,0.000,Logos via Sports Logos.net / About logos,W,https://www.basketball-reference.com/boxscores/201504130OKC.html,Home,101,14:06,0,0.0,POR,Allen Crabbe,Nicolas Batum,10:31,,,,,,,,,,,36:03,Meyers Leonard,32:00,Tim Frazier,26:59,Damian Lillard,26:42,Robin Lopez,25:01,Alonzo Gee,23:52,Joel Freeland,23:13,CJ McCollum,19:53,Chris Kaman,15:46,90,0,2,2.0,100.0,0.0,0.0,0.0,0.0,D.J. Augustin,11,0,2014-2015,0.0,0,2.0,OKC,101,Dion Waiters,,,,,,,,,,,,,39:24,Russell Westbrook,38:00,Enes Freedom,35:38,Steven Adams,35:14,Anthony Morrow,31:15,Nick Collison,24:30,Andre Roberson,21:14,Kyle Singler,0:38,,
1,1.000,1,33.333,4,1.33,138,0,0,,2,.667,1.0,50.0,2.0,3,0,,0,0.000,Logos via Sports Logos.net / About logos,W,https://www.basketball-reference.com/boxscores/201504150MIN.html,Away,113,23:56,0,,MIN,Zach LaVine,,,,,,,,,,,,,40:41,Andrew Wiggins,37:41,Kevin Martin,32:29,Arinze Onuaku,26:03,Robbie Hummel,25:58,Adreian Payne,23:59,Anthony Bennett,21:54,Lorenzo Brown,20:02,Justin Hamilton,11:13,113,0,5,2.0,40.0,3.0,60.0,0.0,0.0,D.J. Augustin,25,0,2014-2015,0.0,3,0.0,OKC,138,Dion Waiters,Jeremy Lamb,7:45,,,,,,,,,,,35:45,Enes Freedom,33:30,Russell Westbrook,31:57,Nick Collison,26:13,Steven Adams,21:23,Anthony Morrow,19:05,Mitch McGary,14:54,Kyle Singler,14:33,Andre Roberson,10:59
0,,0,0.000,4,4.00,106,0,1,100.0,2,.400,2.0,40.0,5.0,5,4,1.000,4,80.000,Logos via Sports Logos.net / About logos,W,https://www.basketball-reference.com/boxscores/201510280OKC.html,Home,112,12:55,0,0.0,SAS,Kawhi Leonard,Kyle Anderson,12:41,,,,,,,,,,,35:19,LaMarcus Aldridge,31:54,Danny Green,29:11,Tim Duncan,25:57,Tony Parker,25:49,Patty Mills,22:11,Boris Diaw,20:08,Manu Ginóbili,18:50,David West,18:00,106,1,8,4.0,50.0,0.0,0.0,4.0,50.0,D.J. Augustin,6,3,2015-2016,3.0,1,1.0,OKC,112,Russell Westbrook,,,,,,,,,,,,,36:59,Kevin Durant,34:30,Serge Ibaka,33:58,Steven Adams,29:34,Enes Freedom,24:05,Anthony Morrow,21:38,Dion Waiters,21:24,Andre Roberson,16:35,Nick Collison,8:22
2,.500,4,66.667,5,,139,0,1,50.0,4,.667,2.0,100.0,2.0,6,2,1.000,2,33.333,Logos via Sports Logos.net / About logos,W,https://www.basketball-reference.com/boxscores/201510300ORL.html,Away,136,28:14,1,50.0,ORL,Victor Oladipo,Shabazz Napier,0:30,,,,,,,,,,,50:40,Tobias Harris,46:17,Nikola Vučević,45:05,Evan Fournier,44:42,Elfrid Payton,36:47,C.J. Watson,20:58,Aaron Gordon,17:51,Mario Hezonja,14:16,Dewayne Dedmon,12:54,136,3,12,4.0,33.3,6.0,50.0,2.0,16.7,D.J. Augustin,3,0,2015-2016,0.0,0,2.0,OKC,139,Kevin Durant,,,,,,,,,,,,,53:32,Russell Westbrook,47:35,Steven Adams,35:54,Serge Ibaka,32:41,Dion Waiters,28:34,Andre Roberson,18:48,Enes Freedom,18:02,Anthony Morrow,14:04,Kyle Singler,12:35
4,.800,5,62.500,3,,93,0,1,50.0,5,.625,1.0,33.3,3.0,8,0,,0,0.000,Logos via Sports Logos.net / About logos,W,https://www.basketball-reference.com/boxscores/201511010OKC.html,Home,117,18:07,1,50.0,DEN,Danilo Gallinari,Kenneth Faried,14:10,Erick Green,4:27,J.J. Hickson,2:55,Mike Miller,2:45,,,,,27:19,Jameer Nelson,27:03,Emmanuel Mudiay,26:52,Gary Harris,26:41,Nikola Jokić,24:26,Will Barton,24:15,Darrell Arthur,24:08,Joffrey Lauvergne,18:50,Randy Foye,16:09,93,0,14,2.0,14.3,12.0,85.7,0.0,0.0,D.J. Augustin,24,0,2015-2016,0.0,0,2.0,OKC,117,Serge Ibaka,Nick Collison,9:52,Mitch McGary,4:27,Cameron Payne,4:27,,,,,,,30:50,Kevin Durant,27:44,Russell Westbrook,25:26,Dion Waiters,23:55,Steven Adams,21:32,Andre Roberson,20:21,Kyle Singler,19:56,Enes Freedom,17:35,Anthony Morrow,15:48
1,.333,3,33.333,0,0.00,105,0,5,100.0,4,.444,3.0,50.0,6.0,9,3,.600,5,55.556,Logos via Sports Logos.net / About logos,L,https://www.basketball-reference.com/boxscores/201511020HOU.html,Away,110,21:35,0,0.0,HOU,James Harden,,,,,,,,,,,,,38:28,Marcus Thornton,37:20,Ty Lawson,36:49,Trevor Ariza,36:02,Dwight Howard,34:38,Corey Brewer,22:25,Patrick Beverley,20:56,Clint Capela,10:43,Montrezl Harrell,2:39,110,2,12,6.0,50.0,3.0,25.0,3.0,25.0,D.J. Augustin,5,1,2015-2016,1.0,6,5.0,OKC,105,Kevin Durant,,,,,,,,,,,,,35:00,Serge Ibaka,33:52,Dion Waiters,32:23,Russell Westbrook,31:57,Andre Roberson,22:24,Enes Freedom,22:13,Steven Adams,19:12,Kyle Singler,15:58,Anthony Morrow,5:26
0,,0,,3,0.75,103,0,0,,0,,0.0,,0.0,0,0,,0,,Logos via Sports Logos.net / About logos,L,https://www.basketball-reference.com/boxscores/201511040OKC.html,Home,98,12:40,0,,TOR,DeMar DeRozan,,,,,,,,,,,,,38:35,DeMarre Carroll,37:26,Kyle Lowry,33:51,Jonas Valančiūnas,28:41,Cory Joseph,25:30,Patrick Patterson,23:21,Bismack Biyombo,19:19,Luis Scola,19:01,Terrence Ross,14:16,103,2,0,0.0,,0.0,,0.0,,D.J. Augustin,5,0,2015-2016,0.0,4,0.0,OKC,98,Kevin Durant,Kyle Singler,5:48,,,,,,,,,,,37:40,Russell Westbrook,35:20,Serge Ibaka,32:52,Andre Roberson,26:44,Steven Adams,26:36,Dion Waiters,23:56,Enes Freedom,17:19,Nick Collison,15:08,Anthony Morrow,5:56
0,.000,1,25.000,1,,98,1,3,100.0,1,.250,1.0,33.3,3.0,4,2,1.000,2,50.000,Logos via Sports Logos.net / About logos,L,https://www.basketball-reference.com/boxscores/201511050CHI.html,Away,104,13:39,0,0.0,CHI,Jimmy Butler,Tony Snell,10:44,,,,,,,,,,,37:55,Derrick Rose,37:29,Pau Gasol,31:57,Joakim Noah,25:57,Doug McDermott,23:03,Taj Gibson,22:07,E'Twaun Moore,21:47,Nikola Mirotić,15:59,Aaron Brooks,13:02,104,0,4,2.0,50.0,0.0,0.0,2.0,50.0,D.J. Augustin,6,0,2015-2016,1.0,0,3.0,OKC,98,Kevin Durant,Kyle Singler,3:50,,,,,,,,,,,40:48,Serge Ibaka,40:04,Russell Westbrook,38:34,Dion Waiters,27:17,Steven Adams,24:58,Enes Freedom,22:11,Andre Roberson,14:49,Nick Collison,8:40,Anthony Morrow,5:10
0,.000,2,100.000,4,2.00,103,0,1,100.0,0,.000,0.0,,0.0,2,2,.500,4,200.000,Logos via Sports Logos.net / About logos,W,https://www.basketball-reference.com/boxscores/201511080OKC.html,Home,124,13:57,0,0.0,PHO,Eric Bledsoe,Devin Booker,9:48,Mirza Teletović,6:21,Ronnie Price,6:11,,,,,,,37:04,Markieff Morris,33:37,Brandon Knight,32:17,Tyson Chandler,24:18,T.J. Warren,23:12,P.J. Tucker,21:26,Alex Len,20:00,Archie Goodwin,14:06,Jon Leuer,11:39,103,0,2,0.0,0.0,0.0,0.0,2.0,100.0,D.J. Augustin,21,3,2015-2016,3.0,2,1.0,OKC,124,Serge Ibaka,Cameron Payne,1:59,,,,,,,,,,,36:31,Russell Westbrook,33:58,Kevin Durant,31:31,Enes Freedom,28:29,Dion Waiters,24:45,Andre Roberson,22:36,Steven Adams,19:31,Kyle Singler,15:13,Mitch McGary,11:29
0,,0,0.000,4,,125,0,3,100.0,1,.500,1.0,50.0,2.0,2,0,.000,1,50.000,Logos via Sports Logos.net / About logos,W,https://www.basketball-reference.com/boxscores/201511100WAS.html,Away,101,16:52,0,0.0,WAS,Otto Porter Jr.,Jared Dudley,17:22,Drew Gooden,12:04,,,,,,,,,27:56,Marcin Gortat,27:12,Kelly Oubre Jr.,25:50,Gary Neal,25:46,John Wall,25:04,Ramon Sessions,22:46,Garrett Temple,21:02,Kris Humphries,17:33,DeJuan Blair,17:26,101,2,2,2.0,100.0,0.0,0.0,0.0,0.0,D.J. Augustin,24,0,2015-2016,0.0,0,3.0,OKC,125,Serge Ibaka,Mitch McGary,12:44,Nick Collison,5:28,Cameron Payne,3:22,,,,,,,30:26,Russell Westbrook,27:46,Andre Roberson,24:54,Dion Waiters,23:23,Enes Freedom,23:07,Steven Adams,20:36,Kyle Singler,18:58,Kevin Durant,16:45,Anthony Morrow,15:39
1,.333,3,42.857,1,1.00,85,0,1,100.0,3,.429,2.0,50.0,4.0,7,1,.500,2,28.571,Logos via Sports Logos.net / About logos,W,https://www.basketball-reference.com/boxscores/201511130OKC.html,Home,102,23:14,0,0.0,PHI,T.J. McConnell,Phil Pressey,9:33,,,,,,,,,,,33:34,Nerlens Noel,31:59,Jerami Grant,31:52,Jahlil Okafor,29:39,Nik Stauskas,29:04,Hollis Thompson,21:34,JaKarr Sampson,19:06,Christian Wood,18:47,Isaiah Canaan,14:52,85,1,8,4.0,50.0,3.0,37.5,1.0,12.5,D.J. Augustin,17,1,2015-2016,1.0,1,1.0,OKC,102,Russell Westbrook,Mitch McGary,1:38,Cameron Payne,1:38,Steve Novak,1:08,,,,,,,34:47,Dion Waiters,29:14,Serge Ibaka,28:51,Steven Adams,25:59,Anthony Morrow,21:07,Nick Collison,19:23,Enes Freedom,19:01,Andre Roberson,18:46,Kyle Singler,15:14
0,.000,2,40.000,4,0.80,100,0,1,100.0,1,.200,1.0,33.3,3.0,5,0,,0,0.000,Logos via Sports Logos.net / About logos,L,https://www.basketball-reference.com/boxscores/201511150OKC.html,Home,85,23:22,0,0.0,BOS,Marcus Smart,Jonas Jerebko,6:03,,,,,,,,,,,33:59,Isaiah Thomas,33:33,Jared Sullinger,31:23,Amir Johnson,29:32,Avery Bradley,26:05,Jae Crowder,24:50,Evan Turner,24:01,Kelly Olynyk,16:36,David Lee,13:58,100,0,2,2.0,100.0,0.0,0.0,0.0,0.0,D.J. Augustin,15,1,2015-2016,1.0,5,1.0,OKC,85,Serge Ibaka,Mitch McGary,0:28,Cameron Payne,0:28,,,,,,,,,34:46,Russell Westbrook,32:37,Steven Adams,29:35,Dion Waiters,29:00,Andre Roberson,25:02,Kyle Singler,18:35,Enes Freedom,16:12,Nick Collison,14:59,Anthony Morrow,14:56
1,.500,2,33.333,1,,114,0,0,0.0,2,.333,1.0,25.0,4.0,6,0,,0,0.000,Logos via Sports Logos.net / About logos,L,https://www.basketball-reference.com/boxscores/201511160MEM.html,Away,122,15:41,1,100.0,MEM,Marc Gasol,Russ Smith,0:02,,,,,,,,,,,35:04,Jeff Green,34:09,Mike Conley,31:23,JaMychal Green,30:23,Zach Randolph,29:26,Tony Allen,27:06,Mario Chalmers,22:45,Courtney Lee,17:16,Matt Barnes,12:25,122,4,5,2.0,40.0,3.0,60.0,0.0,0.0,D.J. Augustin,8,1,2015-2016,1.0,0,1.0,OKC,114,Russell Westbrook,,,,,,,,,,,,,38:32,Dion Waiters,37:43,Serge Ibaka,34:49,Anthony Morrow,28:55,Steven Adams,26:49,Enes Freedom,17:22,Nick Collison,16:53,Cameron Payne,11:45,Kyle Singler,11:31
2,1.000,2,66.667,3,1.50,103,0,1,100.0,3,1.000,1.0,100.0,1.0,3,1,.500,2,66.667,Logos via Sports Logos.net / About logos,W,https://www.basketball-reference.com/boxscores/201511180OKC.html,Home,110,15:59,0,0.0,NOP,Ryan Anderson,,,,,,,,,,,,,43:57,Eric Gordon,36:51,Ish Smith,33:55,Alonzo Gee,30:40,Dante Cunningham,26:59,Luke Babbitt,26:34,Alexis Ajinça,22:38,Toney Douglas,14:29,Jimmer Fredette,3:57,103,0,9,2.0,22.2,6.0,66.7,1.0,11.1,D.J. Augustin,7,0,2015-2016,0.0,2,1.0,OKC,110,Russell Westbrook,,,,,,,,,,,,,36:04,Serge Ibaka,33:18,Enes Freedom,31:28,Dion Waiters,30:32,Andre Roberson,29:27,Kyle Singler,20:38,Nick Collison,17:36,Anthony Morrow,13:34,Steven Adams,11:24
0,.000,2,50.000,0,0.00,93,0,0,,1,.250,1.0,50.0,2.0,4,0,,0,0.000,Logos via Sports Logos.net / About logos,L,https://www.basketball-reference.com/boxscores/201511200OKC.html,Home,90,13:04,0,,NYK,Carmelo Anthony,Kevin Séraphin,11:09,Sasha Vujačić,4:25,Kyle O'Quinn,3:55,,,,,,,34:42,Robin Lopez,32:56,José Calderón,29:48,Arron Afflalo,29:15,Kristaps Porziņģis,25:57,Lance Thomas,19:32,Langston Galloway,19:32,Derrick Williams,15:49,Jerian Grant,13:00,93,1,2,2.0,100.0,0.0,0.0,0.0,0.0,D.J. Augustin,3,0,2015-2016,0.0,1,0.0,OKC,90,Russell Westbrook,,,,,,,,,,,,,37:37,Dion Waiters,30:02,Serge Ibaka,29:35,Andre Roberson,26:17,Enes Freedom,24:48,Anthony Morrow,22:37,Steven Adams,21:17,Nick Collison,20:20,Kyle Singler,14:23
1,.500,2,40.000,2,,114,0,1,100.0,2,.400,1.0,33.3,3.0,5,0,,0,0.000,Logos via Sports Logos.net / About logos,W,https://www.basketball-reference.com/boxscores/201511220OKC.html,Home,117,12:33,0,0.0,DAL,Dirk Nowitzki,JaVale McGee,10:51,Charlie Villanueva,3:47,,,,,,,,,34:18,Zaza Pachulia,33:36,Deron Williams,33:13,Wesley Matthews,31:55,Chandler Parsons,24:17,Devin Harris,22:09,Raymond Felton,17:48,J.J. Barea,14:38,Dwight Powell,13:28,114,0,5,2.0,40.0,3.0,60.0,0.0,0.0,D.J. Augustin,3,0,2015-2016,0.0,0,1.0,OKC,117,Russell Westbrook,Kyle Singler,3:08,,,,,,,,,,,36:53,Andre Roberson,32:59,Serge Ibaka,31:45,Dion Waiters,29:13,Steven Adams,24:33,Anthony Morrow,24:03,Enes Freedom,23:09,Nick Collison,16:33,Cameron Payne,5:11
3,.500,6,85.714,2,,111,0,1,100.0,3,.429,0.0,0.0,1.0,7,0,,0,0.000,Logos via Sports Logos.net / About logos,W,https://www.basketball-reference.com/boxscores/201511230UTA.html,Away,89,20:42,0,0.0,UTA,Gordon Hayward,Joe Ingles,12:40,Trey Lyles,7:11,Chris Johnson,5:49,Elijah Millsap,3:35,,,,,30:10,Derrick Favors,29:32,Rudy Gobert,25:22,Alec Burks,24:35,Trey Burke,23:48,Raul Neto,22:57,Rodney Hood,20:26,Trevor Booker,19:41,Jeff Withey,14:14,89,1,9,0.0,0.0,9.0,100.0,0.0,0.0,D.J. Augustin,22,0,2015-2016,0.0,0,1.0,OKC,111,Kevin Durant,Cameron Payne,3:35,Kyle Singler,3:35,Mitch McGary,2:47,,,,,,,30:10,Dion Waiters,28:31,Russell Westbrook,27:18,Serge Ibaka,25:12,Steven Adams,23:14,Enes Freedom,21:11,Anthony Morrow,18:51,Nick Collison,18:26,Andre Roberson,16:28
1,1.000,1,33.333,1,,99,0,0,,1,.333,0.0,0.0,2.0,3,0,,0,0.000,Logos via Sports Logos.net / About logos,W,https://www.basketball-reference.com/boxscores/201511250OKC.html,Home,110,12:46,0,,BRK,Thaddeus Young,Wayne Ellington,6:34,Thomas Robinson,5:52,,,,,,,,,37:02,Brook Lopez,33:50,Joe Johnson,31:36,Rondae Hollis-Jefferson,28:23,Jarrett Jack,25:43,Shane Larkin,25:29,Bojan Bogdanović,21:54,Andrea Bargnani,15:58,Sergey Karasev,7:39,99,2,3,0.0,0.0,3.0,100.0,0.0,0.0,D.J. Augustin,11,0,2015-2016,0.0,0,0.0,OKC,110,Kevin Durant,,,,,,,,,,,,,37:11,Russell Westbrook,35:14,Serge Ibaka,32:57,Dion Waiters,27:23,Anthony Morrow,23:37,Andre Roberson,21:51,Steven Adams,21:44,Enes Freedom,15:03,Nick Collison,12:14
1,.333,3,60.000,3,,87,0,3,75.0,2,.400,1.0,50.0,2.0,5,1,1.000,1,20.000,Logos via Sports Logos.net / About logos,W,https://www.basketball-reference.com/boxscores/201511270OKC.html,Home,103,21:31,1,25.0,DET,Kentavious Caldwell-Pope,,,,,,,,,,,,,40:02,Marcus Morris,39:38,Andre Drummond,32:26,Ersan İlyasova,28:22,Reggie Jackson,26:51,Steve Blake,21:09,Anthony Tolliver,19:38,Stanley Johnson,16:20,Aron Baynes,15:34,87,1,6,2.0,33.3,3.0,50.0,1.0,16.7,D.J. Augustin,16,0,2015-2016,0.0,0,4.0,OKC,103,Kevin Durant,,,,,,,,,,,,,37:51,Serge Ibaka,31:47,Andre Roberson,30:56,Russell Westbrook,28:37,Steven Adams,27:55,Dion Waiters,27:04,Enes Freedom,18:24,Nick Collison,8:11,Anthony Morrow,7:44
0,.000,1,50.000,1,,100,0,0,0.0,0,.000,0.0,0.0,1.0,2,0,,0,0.000,Logos via Sports Logos.net / About logos,L,https://www.basketball-reference.com/boxscores/201511300ATL.html,Away,106,16:11,1,100.0,ATL,Thabo Sefolosha,Lamar Patterson,1:40,,,,,,,,,,,38:32,Paul Millsap,35:10,Al Horford,34:47,Kyle Korver,34:06,Jeff Teague,31:02,Kent Bazemore,22:15,Mike Muscala,16:42,Dennis Schröder,16:30,Mike Scott,9:15,106,1,0,0.0,,0.0,,0.0,,D.J. Augustin,6,0,2015-2016,0.0,0,1.0,OKC,100,Kevin Durant,,,,,,,,,,,,,39:39,Russell Westbrook,35:57,Serge Ibaka,35:02,Dion Waiters,31:18,Anthony Morrow,22:40,Andre Roberson,16:26,Enes Freedom,15:44,Steven Adams,14:05,Nick Collison,12:58
0,,0,0.000,1,1.00,95,0,0,,0,.000,0.0,0.0,2.0,2,0,,0,0.000,Logos via Sports Logos.net / About logos,L,https://www.basketball-reference.com/boxscores/201512030MIA.html,Away,97,13:33,0,,MIA,Goran Dragić,,,,,,,,,,,,,36:29,Chris Bosh,34:55,Justise Winslow,33:32,Dwyane Wade,33:08,Hassan Whiteside,28:44,Gerald Green,28:06,Josh McRoberts,18:53,Tyler Johnson,17:53,Josh Richardson,8:20,97,0,0,0.0,,0.0,,0.0,,D.J. Augustin,2,0,2015-2016,0.0,1,0.0,OKC,95,Russell Westbrook,Kyle Singler,0:16,,,,,,,,,,,34:27,Kevin Durant,34:17,Serge Ibaka,33:17,Andre Roberson,30:14,Dion Waiters,26:42,Enes Freedom,21:23,Steven Adams,20:13,Anthony Morrow,15:22,Nick Collison,10:16
0,.000,2,100.000,0,0.00,95,0,0,,0,.000,0.0,,0.0,2,0,,0,0.000,Logos via Sports Logos.net / About logos,W,https://www.basketball-reference.com/boxscores/201512060OKC.html,Home,98,10:08,0,,SAC,DeMarcus Cousins,,,,,,,,,,,,,36:27,Rudy Gay,36:12,Rajon Rondo,35:45,Darren Collison,33:15,Omri Casspi,27:31,Marco Belinelli,25:49,Ben McLemore,19:48,Kosta Koufos,15:04,James Anderson,10:09,95,1,0,0.0,,0.0,,0.0,,D.J. Augustin,3,0,2015-2016,0.0,1,0.0,OKC,98,Kevin Durant,Cameron Payne,4:29,,,,,,,,,,,38:41,Russell Westbrook,37:52,Andre Roberson,30:07,Steven Adams,28:31,Dion Waiters,26:47,Enes Freedom,19:44,Serge Ibaka,19:24,Kyle Singler,13:46,Anthony Morrow,10:31
3,.600,5,71.429,3,,125,0,1,100.0,4,.571,1.0,50.0,2.0,7,2,1.000,2,28.571,Logos via Sports Logos.net / About logos,W,https://www.basketball-reference.com/boxscores/201512080MEM.html,Away,88,23:04,0,0.0,MEM,Zach Randolph,Tony Allen,14:16,Russ Smith,8:59,,,,,,,,,31:19,Jeff Green,29:50,Courtney Lee,29:49,Marc Gasol,23:12,Mike Conley,21:48,Vince Carter,21:36,Mario Chalmers,21:14,JaMychal Green,19:01,Matt Barnes,18:56,88,3,13,2.0,15.4,9.0,69.2,2.0,15.4,D.J. Augustin,37,1,2015-2016,1.0,0,1.0,OKC,125,Kevin Durant,Kyle Singler,9:45,Cameron Payne,6:17,Steve Novak,5:11,,,,,,,30:50,Serge Ibaka,28:53,Dion Waiters,25:54,Russell Westbrook,24:56,Andre Roberson,21:57,Anthony Morrow,18:49,Nick Collison,15:11,Enes Freedom,14:48,Steven Adams,14:25
0,,0,,0,,94,0,1,100.0,0,,0.0,,0.0,0,3,.750,4,,Logos via Sports Logos.net / About logos,W,https://www.basketball-reference.com/boxscores/201512100OKC.html,Home,107,8:51,0,0.0,ATL,Thabo Sefolosha,Justin Holiday,1:40,,,,,,,,,,,34:51,Kyle Korver,34:32,Paul Millsap,33:28,Al Horford,32:38,Jeff Teague,32:20,Kent Bazemore,27:36,Mike Muscala,20:22,Dennis Schröder,18:43,Lamar Patterson,3:49,94,0,3,0.0,0.0,0.0,0.0,3.0,100.0,D.J. Augustin,13,0,2015-2016,0.0,0,1.0,OKC,107,Russell Westbrook,Cameron Payne,0:41,Kyle Singler,0:41,,,,,,,,,38:28,Kevin Durant,36:49,Serge Ibaka,36:01,Steven Adams,30:47,Dion Waiters,30:35,Andre Roberson,20:49,Anthony Morrow,14:29,Nick Collison,11:18,Enes Freedom,10:31
1,.333,3,75.000,1,1.00,94,0,1,100.0,2,.500,1.0,100.0,1.0,4,0,,0,0.000,Logos via Sports Logos.net / About logos,W,https://www.basketball-reference.com/boxscores/201512110UTA.html,Away,90,12:58,0,0.0,UTA,Derrick Favors,Elijah Millsap,7:45,Joe Ingles,0:11,,,,,,,,,36:27,Gordon Hayward,36:12,Rodney Hood,33:15,Trey Burke,29:56,Alec Burks,26:47,Trevor Booker,24:03,Trey Lyles,23:58,Jeff Withey,11:21,Raul Neto,10:05,90,1,5,2.0,40.0,3.0,60.0,0.0,0.0,D.J. Augustin,4,0,2015-2016,0.0,1,1.0,OKC,94,Kevin Durant,,,,,,,,,,,,,37:23,Russell Westbrook,35:02,Serge Ibaka,30:24,Dion Waiters,29:39,Steven Adams,24:07,Enes Freedom,23:41,Andre Roberson,22:40,Nick Collison,15:00,Anthony Morrow,9:06
0,,0,,0,,98,0,0,,0,,0.0,,0.0,0,0,,0,,Logos via Sports Logos.net / About logos,W,https://www.basketball-reference.com/boxscores/201512130OKC.html,Home,104,12:38,0,,UTA,Derrick Favors,Joe Ingles,6:33,,,,,,,,,,,41:33,Gordon Hayward,41:12,Rodney Hood,37:36,Alec Burks,37:02,Trevor Booker,30:02,Elijah Millsap,22:45,Trey Lyles,20:28,Trey Burke,17:24,Jeff Withey,10:25,98,1,0,0.0,,0.0,,0.0,,D.J. Augustin,6,0,2015-2016,0.0,0,0.0,OKC,104,Kevin Durant,,,,,,,,,,,,,42:37,Russell Westbrook,40:22,Serge Ibaka,40:00,Dion Waiters,39:17,Steven Adams,32:26,Enes Freedom,15:51,Andre Roberson,15:28,Anthony Morrow,13:21,Nick Collison,13:00
0,.000,2,100.000,0,0.00,90,0,0,,0,.000,0.0,,0.0,2,2,1.000,2,100.000,Logos via Sports Logos.net / About logos,W,https://www.basketball-reference.com/boxscores/201512160OKC.html,Home,106,18:01,0,,POR,CJ McCollum,Tim Frazier,10:51,Maurice Harkless,10:22,Pat Connaughton,3:54,,,,,,,35:41,Damian Lillard,30:12,Noah Vonleh,26:06,Mason Plumlee,25:56,Meyers Leonard,25:48,Al-Farouq Aminu,20:31,Ed Davis,18:10,Gerald Henderson,16:42,Allen Crabbe,15:47,90,1,2,0.0,0.0,0.0,0.0,2.0,100.0,D.J. Augustin,16,0,2015-2016,0.0,1,0.0,OKC,106,Kevin Durant,Cameron Payne,3:06,Kyle Singler,3:06,Steve Novak,2:56,,,,,,,29:14,Dion Waiters,27:57,Russell Westbrook,26:53,Enes Freedom,24:58,Serge Ibaka,24:07,Steven Adams,21:41,Nick Collison,21:40,Andre Roberson,21:36,Anthony Morrow,14:45
0,.000,2,40.000,3,,100,0,2,100.0,1,.200,1.0,33.3,3.0,5,0,,0,0.000,Logos via Sports Logos.net / About logos,L,https://www.basketball-reference.com/boxscores/201512170CLE.html,Away,104,14:29,0,0.0,CLE,LeBron James,,,,,,,,,,,,,39:37,Matthew Dellavedova,38:45,Tristan Thompson,34:51,Kevin Love,32:29,Richard Jefferson,31:41,J.R. Smith,24:47,Timofey Mozgov,20:51,Jared Cunningham,13:25,Anderson Varejão,3:34,104,1,2,2.0,100.0,0.0,0.0,0.0,0.0,D.J. Augustin,4,0,2015-2016,0.0,0,2.0,OKC,100,Kevin Durant,,,,,,,,,,,,,40:32,Serge Ibaka,38:13,Russell Westbrook,34:28,Steven Adams,27:16,Dion Waiters,21:00,Andre Roberson,20:58,Enes Freedom,18:27,Kyle Singler,16:44,Nick Collison,7:53
1,.500,2,66.667,3,,78,0,1,100.0,1,.333,0.0,0.0,1.0,3,0,,0,0.000,Logos via Sports Logos.net / About logos,W,https://www.basketball-reference.com/boxscores/201512190OKC.html,Home,118,16:46,0,0.0,LAL,Jordan Clarkson,Marcelo Huertas,12:00,Brandon Bass,10:24,,,,,,,,,29:49,Anthony Brown,27:23,D'Angelo Russell,27:20,Lou Williams,26:51,Julius Randle,25:54,Roy Hibbert,22:34,Larry Nance Jr.,22:06,Nick Young,20:37,Robert Sacre,15:02,78,3,3,0.0,0.0,3.0,100.0,0.0,0.0,D.J. Augustin,40,1,2015-2016,1.0,0,1.0,OKC,118,Kevin Durant,Cameron Payne,9:30,Kyle Singler,6:44,Steve Novak,6:00,,,,,,,29:42,Russell Westbrook,27:43,Serge Ibaka,26:17,Steven Adams,24:35,Enes Freedom,23:25,Anthony Morrow,18:49,Andre Roberson,17:41,Dion Waiters,17:05,Nick Collison,15:43
0,,0,0.000,1,1.00,100,1,0,,0,.000,0.0,0.0,2.0,2,1,1.000,1,50.000,Logos via Sports Logos.net / About logos,W,https://www.basketball-reference.com/boxscores/201512210LAC.html,Away,99,13:36,0,,LAC,Blake Griffin,Pablo Prigioni,12:02,,,,,,,,,,,36:20,Chris Paul,35:58,DeAndre Jordan,33:42,Luc Mbah a Moute,26:38,JJ Redick,25:29,Jamal Crawford,24:16,Lance Stephenson,19:36,Cole Aldrich,13:47,Wesley Johnson,12:12,99,1,1,0.0,0.0,0.0,0.0,1.0,100.0,D.J. Augustin,1,0,2015-2016,1.0,1,0.0,OKC,100,Kevin Durant,Anthony Morrow,5:16,,,,,,,,,,,38:28,Russell Westbrook,37:19,Serge Ibaka,35:44,Dion Waiters,34:37,Steven Adams,25:45,Andre Roberson,15:20,Enes Freedom,15:16,Kyle Singler,10:07,Nick Collison,8:33
0,.000,1,100.000,4,,120,0,0,,0,.000,0.0,,0.0,1,2,1.000,2,200.000,Logos via Sports Logos.net / About logos,W,https://www.basketball-reference.com/boxscores/201512230LAL.html,Away,85,10:10,0,,LAL,Jordan Clarkson,Ryan Kelly,12:00,Marcelo Huertas,12:00,,,,,,,,,30:39,D'Angelo Russell,28:14,Kobe Bryant,27:56,Robert Sacre,26:30,Lou Williams,25:07,Roy Hibbert,21:30,Anthony Brown,20:04,Larry Nance Jr.,19:43,Brandon Bass,16:17,85,0,2,0.0,0.0,0.0,0.0,2.0,100.0,D.J. Augustin,35,0,2015-2016,0.0,0,0.0,OKC,120,Russell Westbrook,Cameron Payne,8:34,Steve Novak,5:46,Kyle Singler,5:46,,,,,,,29:33,Kevin Durant,27:40,Andre Roberson,26:29,Serge Ibaka,26:09,Steven Adams,24:36,Enes Freedom,21:40,Anthony Morrow,19:24,Nick Collison,17:49,Dion Waiters,16:24
1,.500,2,50.000,1,0.50,105,0,1,100.0,1,.250,0.0,0.0,2.0,4,0,,0,0.000,Logos via Sports Logos.net / About logos,L,https://www.basketball-reference.com/boxscores/201512250OKC.html,Home,96,13:11,0,0.0,CHI,Jimmy Butler,Tony Snell,9:12,,,,,,,,,,,42:58,Pau Gasol,37:32,Taj Gibson,34:20,Derrick Rose,30:04,Doug McDermott,23:06,Bobby Portis,19:53,Kirk Hinrich,17:16,Nikola Mirotić,15:56,Aaron Brooks,9:43,105,1,3,0.0,0.0,3.0,100.0,0.0,0.0,D.J. Augustin,9,1,2015-2016,1.0,2,1.0,OKC,96,Kevin Durant,,,,,,,,,,,,,42:18,Russell Westbrook,39:57,Serge Ibaka,34:48,Enes Freedom,25:53,Anthony Morrow,20:47,Andre Roberson,20:13,Dion Waiters,18:50,Steven Adams,12:45,Nick Collison,11:18
0,.000,1,100.000,1,,112,0,0,,0,.000,0.0,,0.0,1,0,,0,0.000,Logos via Sports Logos.net / About logos,W,https://www.basketball-reference.com/boxscores/201512270OKC.html,Home,122,5:48,0,,DEN,Jameer Nelson,,,,,,,,,,,,,42:32,Will Barton,34:40,Gary Harris,30:47,Joffrey Lauvergne,30:39,Kenneth Faried,28:48,Randy Foye,22:41,Darrell Arthur,19:12,Nikola Jokić,17:21,Kostas Papanikolaou,13:20,112,0,0,0.0,,0.0,,0.0,,D.J. Augustin,10,0,2015-2016,0.0,0,0.0,OKC,122,Kevin Durant,Anthony Morrow,5:38,,,,,,,,,,,38:56,Russell Westbrook,38:06,Serge Ibaka,31:27,Andre Roberson,27:26,Enes Freedom,25:04,Steven Adams,21:56,Dion Waiters,18:55,Nick Collison,14:35,Cameron Payne,12:08
0,.000,1,100.000,1,,89,0,1,100.0,0,.000,0.0,,0.0,1,0,,0,0.000,Logos via Sports Logos.net / About logos,W,https://www.basketball-reference.com/boxscores/201601130OKC.html,Home,108,7:56,0,0.0,DAL,Raymond Felton,Devin Harris,9:06,,,,,,,,,,,33:07,Dwight Powell,32:00,J.J. Barea,31:18,Jeremy Evans,31:06,Justin Anderson,26:35,Salah Mejri,25:03,John Jenkins,22:59,JaVale McGee,14:42,Charlie Villanueva,14:04,89,3,0,0.0,,0.0,,0.0,,D.J. Augustin,19,0,2015-2016,0.0,0,1.0,OKC,108,Kevin Durant,Anthony Morrow,13:16,Mitch McGary,4:25,,,,,,,,,32:54,Serge Ibaka,30:48,Andre Roberson,27:15,Cameron Payne,25:10,Dion Waiters,24:40,Steven Adams,24:05,Kyle Singler,19:40,Enes Freedom,15:11,Russell Westbrook,14:40
0,,0,0.000,0,0.00,126,0,2,100.0,1,.500,1.0,50.0,2.0,2,0,,0,0.000,Logos via Sports Logos.net / About logos,W,https://www.basketball-reference.com/boxscores/201601270MIN.html,Away,123,6:10,0,0.0,MIN,Andrew Wiggins,,,,,,,,,,,,,37:18,Karl-Anthony Towns,33:48,Ricky Rubio,30:06,Zach LaVine,29:26,Gorgui Dieng,26:58,Shabazz Muhammad,24:56,Nemanja Bjelica,23:05,Tayshaun Prince,22:22,Nikola Peković,12:01,123,1,2,2.0,100.0,0.0,0.0,0.0,0.0,D.J. Augustin,3,0,2015-2016,0.0,1,2.0,OKC,126,Kevin Durant,Cameron Payne,5:10,,,,,,,,,,,36:52,Russell Westbrook,36:40,Dion Waiters,34:43,Serge Ibaka,25:29,Enes Freedom,22:58,Kyle Singler,22:39,Steven Adams,20:04,Nick Collison,15:58,Anthony Morrow,13:17
1,1.000,1,50.000,5,,108,0,5,100.0,1,.500,0.0,0.0,1.0,2,0,,0,0.000,Logos via Sports Logos.net / About logos,W,https://www.basketball-reference.com/boxscores/201601290OKC.html,Home,116,18:28,0,0.0,HOU,Trevor Ariza,Marcus Thornton,9:49,,,,,,,,,,,41:02,James Harden,39:24,Corey Brewer,30:20,Patrick Beverley,28:31,Clint Capela,22:53,Dwight Howard,21:00,Ty Lawson,17:59,Josh Smith,15:26,Terrence Jones,13:36,108,3,3,0.0,0.0,3.0,100.0,0.0,0.0,D.J. Augustin,8,0,2015-2016,0.0,0,5.0,OKC,116,Kevin Durant,,,,,,,,,,,,,39:54,Russell Westbrook,37:07,Dion Waiters,32:19,Kyle Singler,26:09,Enes Freedom,26:01,Serge Ibaka,25:40,Steven Adams,23:53,Anthony Morrow,10:29,,
2,.667,3,50.000,6,2.00,110,0,0,,2,.333,0.0,0.0,3.0,6,2,1.000,2,33.333,Logos via Sports Logos.net / About logos,L,https://www.basketball-reference.com/boxscores/201602190SAC.html,Away,116,18:56,0,,SAC,Rudy Gay,Seth Curry,1:11,,,,,,,,,,,40:30,Rajon Rondo,39:28,DeMarcus Cousins,38:43,Darren Collison,33:26,James Anderson,24:01,Ben McLemore,23:53,Quincy Acy,14:54,Willie Cauley-Stein,14:22,Kosta Koufos,9:32,116,2,8,0.0,0.0,6.0,75.0,2.0,25.0,D.J. Augustin,6,3,2015-2016,3.0,3,0.0,DEN,110,Gary Harris,,,,,,,,,,,,,39:31,Danilo Gallinari,37:26,Will Barton,31:18,Emmanuel Mudiay,30:15,Joffrey Lauvergne,24:53,Kenneth Faried,23:07,Darrell Arthur,16:48,Jusuf Nurkić,14:06,Nikola Jokić,3:40
2,.400,5,62.500,4,4.00,121,0,3,100.0,4,.500,2.0,66.7,3.0,8,3,.750,4,50.000,Logos via Sports Logos.net / About logos,L,https://www.basketball-reference.com/boxscores/201602210DEN.html,Home,101,29:51,0,0.0,BOS,Avery Bradley,Jordan Mickey,2:30,R.J. Hunter,2:30,Terry Rozier,2:30,James Young,1:36,,,,,32:10,Isaiah Thomas,32:07,Marcus Smart,31:54,Jae Crowder,30:32,Evan Turner,27:25,Jared Sullinger,23:09,Jonas Jerebko,19:52,Amir Johnson,18:23,Tyler Zeller,15:21,121,3,13,4.0,30.8,6.0,46.2,3.0,23.1,D.J. Augustin,20,0,2015-2016,0.0,1,3.0,DEN,101,Gary Harris,Joffrey Lauvergne,2:20,,,,,,,,,,,38:05,Danilo Gallinari,31:21,Will Barton,31:08,Emmanuel Mudiay,30:35,Nikola Jokić,30:12,Kenneth Faried,13:13,Jusuf Nurkić,11:57,Darrell Arthur,11:57,Mike Miller,9:21
1,.500,2,28.571,4,1.00,114,0,3,100.0,3,.429,2.0,40.0,5.0,7,3,1.000,3,42.857,Logos via Sports Logos.net / About logos,L,https://www.basketball-reference.com/boxscores/201602230DEN.html,Home,110,21:40,0,0.0,SAC,Rudy Gay,Kosta Koufos,11:54,,,,,,,,,,,36:28,DeMarcus Cousins,36:06,Darren Collison,32:20,Rajon Rondo,30:49,Willie Cauley-Stein,23:26,Omri Casspi,23:12,Marco Belinelli,19:59,Ben McLemore,12:53,Quincy Acy,12:53,114,3,10,4.0,40.0,3.0,30.0,3.0,30.0,D.J. Augustin,4,1,2015-2016,1.0,4,3.0,DEN,110,Danilo Gallinari,,,,,,,,,,,,,37:10,Will Barton,26:48,Emmanuel Mudiay,26:20,Darrell Arthur,25:00,Gary Harris,24:32,Joffrey Lauvergne,22:50,Kenneth Faried,21:56,Nikola Jokić,20:11,JaKarr Sampson,13:33
1,.200,5,83.333,2,0.67,87,0,0,,1,.167,0.0,0.0,1.0,6,0,,0,0.000,Logos via Sports Logos.net / About logos,W,https://www.basketball-reference.com/boxscores/201602240LAC.html,Away,81,17:34,0,,LAC,DeAndre Jordan,Pablo Prigioni,10:05,C.J. Wilcox,2:05,,,,,,,,,36:51,Chris Paul,35:13,JJ Redick,32:07,Jamal Crawford,27:43,Jeff Green,25:30,Wesley Johnson,22:38,Luc Mbah a Moute,19:57,Paul Pierce,16:42,Cole Aldrich,11:09,81,0,3,0.0,0.0,3.0,100.0,0.0,0.0,D.J. Augustin,6,0,2015-2016,0.0,3,0.0,DEN,87,Danilo Gallinari,,,,,,,,,,,,,35:50,Emmanuel Mudiay,30:26,Gary Harris,29:04,Nikola Jokić,26:13,Will Barton,25:36,Kenneth Faried,22:44,Joffrey Lauvergne,21:47,Darrell Arthur,18:36,JaKarr Sampson,12:10
3,.500,6,42.857,3,3.00,116,0,2,100.0,7,.500,4.0,50.0,8.0,14,3,.750,4,28.571,Logos via Sports Logos.net / About logos,L,https://www.basketball-reference.com/boxscores/201602260DAL.html,Away,122,35:39,0,0.0,DAL,Wesley Matthews,Salah Mejri,2:07,,,,,,,,,,,40:33,Dirk Nowitzki,40:10,Chandler Parsons,39:57,Raymond Felton,39:36,Deron Williams,31:16,David Lee,25:04,Devin Harris,22:22,J.J. Barea,15:43,Zaza Pachulia,8:11,122,0,20,8.0,40.0,9.0,45.0,3.0,15.0,D.J. Augustin,6,1,2015-2016,1.0,1,2.0,DEN,116,Gary Harris,Joffrey Lauvergne,3:24,,,,,,,,,,,45:39,Will Barton,43:05,Kenneth Faried,33:45,Darrell Arthur,29:36,Danilo Gallinari,27:57,Emmanuel Mudiay,26:19,Nikola Jokić,10:58,Mike Miller,5:02,JaKarr Sampson,3:36
1,.500,2,25.000,2,1.00,103,0,1,100.0,5,.625,4.0,66.7,6.0,8,0,.000,1,12.500,Logos via Sports Logos.net / About logos,L,https://www.basketball-reference.com/boxscores/201602290DEN.html,Home,96,15:28,0,0.0,MEM,Matt Barnes,Jarell Martin,11:39,,,,,,,,,,,37:48,Zach Randolph,32:53,P.J. Hairston,31:33,Mike Conley,28:37,Mario Chalmers,23:24,Chris Andersen,22:01,Lance Stephenson,20:39,Vince Carter,19:19,JaMychal Green,12:07,103,5,11,8.0,72.7,3.0,27.3,0.0,0.0,D.J. Augustin,7,0,2015-2016,0.0,2,1.0,DEN,96,Will Barton,,,,,,,,,,,,,34:02,Gary Harris,34:00,Emmanuel Mudiay,32:56,JaKarr Sampson,29:36,Kenneth Faried,28:24,Darrell Arthur,27:10,Joffrey Lauvergne,19:18,Nikola Jokić,19:06,,
3,1.000,3,27.273,5,,107,0,2,100.0,7,.636,4.0,50.0,8.0,11,9,1.000,9,81.818,Logos via Sports Logos.net / About logos,W,https://www.basketball-reference.com/boxscores/201603020DEN.html,Home,117,23:12,0,0.0,LAL,D'Angelo Russell,Kobe Bryant,10:50,,,,,,,,,,,35:59,Anthony Brown,31:16,Julius Randle,31:10,Marcelo Huertas,30:42,Brandon Bass,28:54,Jordan Clarkson,22:30,Tarik Black,18:12,Roy Hibbert,17:44,Nick Young,12:43,107,1,26,8.0,30.8,9.0,34.6,9.0,34.6,D.J. Augustin,10,1,2015-2016,1.0,0,2.0,DEN,117,Gary Harris,,,,,,,,,,,,,40:12,Emmanuel Mudiay,33:37,Nikola Jokić,28:23,Joffrey Lauvergne,25:35,Darrell Arthur,24:05,Will Barton,24:03,JaKarr Sampson,22:56,Kenneth Faried,17:57,,
3,.750,4,50.000,2,,121,0,2,66.7,4,.500,1.0,25.0,4.0,8,1,1.000,1,12.500,Logos via Sports Logos.net / About logos,L,https://www.basketball-reference.com/boxscores/201603040DEN.html,Home,120,20:04,1,33.3,BRK,Thaddeus Young,Chris McCullough,12:22,,,,,,,,,,,39:25,Brook Lopez,38:09,Shane Larkin,34:53,Markel Brown,33:22,Bojan Bogdanović,33:14,Sean Kilpatrick,19:46,Wayne Ellington,19:41,Donald Sloan,18:07,Thomas Robinson,16:01,121,0,12,2.0,16.7,9.0,75.0,1.0,8.3,D.J. Augustin,1,0,2015-2016,0.0,0,3.0,DEN,120,Gary Harris,Mike Miller,0:00,,,,,,,,,,,41:22,Nikola Jokić,33:52,Will Barton,33:30,Emmanuel Mudiay,32:56,Kenneth Faried,27:42,JaKarr Sampson,25:40,Darrell Arthur,25:18,Joffrey Lauvergne,19:08,Axel Toupane,5:28
3,.600,5,50.000,4,4.00,114,0,1,100.0,3,.300,0.0,0.0,5.0,10,3,.750,4,40.000,Logos via Sports Logos.net / About logos,W,https://www.basketball-reference.com/boxscores/201603060DEN.html,Home,116,27:05,0,0.0,DAL,Wesley Matthews,Charlie Villanueva,1:30,Salah Mejri,1:12,,,,,,,,,40:35,Deron Williams,39:31,Chandler Parsons,38:40,Dirk Nowitzki,35:27,Raymond Felton,29:47,David Lee,25:34,J.J. Barea,24:35,Devin Harris,18:33,Zaza Pachulia,9:36,114,1,12,0.0,0.0,9.0,75.0,3.0,25.0,D.J. Augustin,2,0,2015-2016,0.0,1,1.0,DEN,116,Gary Harris,Mike Miller,8:41,,,,,,,,,,,43:30,Emmanuel Mudiay,39:43,Kenneth Faried,36:09,Will Barton,30:14,JaKarr Sampson,22:52,Nikola Jokić,20:39,Joffrey Lauvergne,14:12,Axel Toupane,13:09,Darrell Arthur,8:46
1,.200,5,62.500,6,3.00,94,0,2,100.0,3,.375,2.0,66.7,3.0,8,3,1.000,3,37.500,Logos via Sports Logos.net / About logos,W,https://www.basketball-reference.com/boxscores/201603080DEN.html,Home,110,21:04,0,0.0,NYK,Carmelo Anthony,Kevin Séraphin,14:20,,,,,,,,,,,38:53,Arron Afflalo,35:44,Langston Galloway,26:41,José Calderón,25:40,Jerian Grant,22:20,Derrick Williams,21:23,Kristaps Porziņģis,20:07,Kyle O'Quinn,18:04,Robin Lopez,16:48,94,0,10,4.0,40.0,3.0,30.0,3.0,30.0,D.J. Augustin,16,1,2015-2016,1.0,2,2.0,DEN,110,Nikola Jokić,Mike Miller,3:37,,,,,,,,,,,33:52,Gary Harris,33:03,Emmanuel Mudiay,30:50,Kenneth Faried,27:50,Darrell Arthur,24:18,Will Barton,20:49,JaKarr Sampson,16:37,Axel Toupane,14:18,Joffrey Lauvergne,13:42
1,.333,3,75.000,6,3.00,98,0,6,100.0,1,.250,0.0,0.0,1.0,4,1,.500,2,50.000,Logos via Sports Logos.net / About logos,W,https://www.basketball-reference.com/boxscores/201603100DEN.html,Home,116,19:32,0,0.0,PHO,Devin Booker,Phil Pressey,0:08,,,,,,,,,,,44:05,Ronnie Price,38:20,Alex Len,32:31,Brandon Knight,24:41,Mirza Teletović,22:49,Tyson Chandler,22:06,Archie Goodwin,19:44,P.J. Tucker,18:33,Jon Leuer,17:03,98,4,4,0.0,0.0,3.0,75.0,1.0,25.0,D.J. Augustin,18,0,2015-2016,0.0,2,6.0,DEN,116,Emmanuel Mudiay,Jusuf Nurkić,4:27,,,,,,,,,,,34:19,Gary Harris,31:47,Will Barton,30:12,Darrell Arthur,28:43,Nikola Jokić,27:24,Joffrey Lauvergne,19:24,Axel Toupane,14:56,Kenneth Faried,14:38,JaKarr Sampson,14:38
1,.200,5,50.000,10,3.33,100,0,2,100.0,5,.500,4.0,80.0,5.0,10,6,.857,7,70.000,Logos via Sports Logos.net / About logos,W,https://www.basketball-reference.com/boxscores/201603120DEN.html,Home,116,30:43,0,0.0,WAS,John Wall,Marcin Gortat,8:00,Kelly Oubre Jr.,1:19,Jarell Eddie,0:12,,,,,,,40:33,Garrett Temple,34:06,Otto Porter Jr.,32:52,Markieff Morris,30:11,Nenê,25:27,Marcus Thornton,19:27,Ramon Sessions,18:03,Jared Dudley,17:49,J.J. Hickson,12:02,100,1,17,8.0,47.1,3.0,17.6,6.0,35.3,D.J. Augustin,16,1,2015-2016,1.0,3,2.0,DEN,116,Gary Harris,Joffrey Lauvergne,9:12,,,,,,,,,,,31:12,Will Barton,29:56,Darrell Arthur,28:44,Emmanuel Mudiay,22:14,Kenneth Faried,20:50,Axel Toupane,19:03,Jusuf Nurkić,17:58,Nikola Jokić,16:31,JaKarr Sampson,13:36
1,.333,3,21.429,3,1.50,119,0,0,0.0,6,.429,5.0,45.5,11.0,14,0,,0,0.000,Logos via Sports Logos.net / About logos,L,https://www.basketball-reference.com/boxscores/201603140MIA.html,Away,124,25:17,1,100.0,MIA,Justise Winslow,,,,,,,,,,,,,33:09,Luol Deng,33:04,Josh Richardson,32:45,Goran Dragić,32:39,Hassan Whiteside,31:01,Dwyane Wade,30:36,Joe Johnson,30:10,Amar'e Stoudemire,10:32,Josh McRoberts,6:04,124,3,13,10.0,76.9,3.0,23.1,0.0,0.0,D.J. Augustin,5,2,2015-2016,2.0,2,1.0,DEN,119,Gary Harris,,,,,,,,,,,,,34:12,Emmanuel Mudiay,32:52,Nikola Jokić,27:48,Darrell Arthur,26:33,Kenneth Faried,25:41,JaKarr Sampson,22:32,Will Barton,20:12,Axel Toupane,12:31,Joffrey Lauvergne,12:22
2,.500,4,44.444,8,2.67,110,0,4,100.0,2,.222,0.0,0.0,5.0,9,6,1.000,6,66.667,Logos via Sports Logos.net / About logos,L,https://www.basketball-reference.com/boxscores/201603150ORL.html,Away,116,33:00,0,0.0,ORL,Evan Fournier,,,,,,,,,,,,,42:19,Victor Oladipo,39:29,Jason Smith,27:59,Brandon Jennings,27:02,Aaron Gordon,26:43,Ersan İlyasova,21:17,C.J. Watson,20:58,Dewayne Dedmon,20:01,Mario Hezonja,14:12,116,2,12,0.0,0.0,6.0,50.0,6.0,50.0,D.J. Augustin,6,3,2015-2016,3.0,3,4.0,DEN,110,Gary Harris,,,,,,,,,,,,,36:07,Will Barton,31:37,Darrell Arthur,27:46,Emmanuel Mudiay,27:23,Nikola Jokić,25:19,Joffrey Lauvergne,22:41,Kenneth Faried,14:49,Axel Toupane,12:40,JaKarr Sampson,8:38
2,.400,5,41.667,7,3.50,98,1,1,100.0,7,.583,5.0,71.4,7.0,12,1,.500,2,16.667,Logos via Sports Logos.net / About logos,L,https://www.basketball-reference.com/boxscores/201603170ATL.html,Away,116,28:48,0,0.0,ATL,Tim Hardaway Jr.,Kirk Hinrich,14:38,Mike Muscala,2:34,,,,,,,,,29:34,Paul Millsap,29:22,Al Horford,28:43,Kyle Korver,27:24,Jeff Teague,26:32,Thabo Sefolosha,24:53,Mike Scott,20:17,Dennis Schröder,18:54,Kris Humphries,17:09,116,4,17,10.0,58.8,6.0,35.3,1.0,5.9,D.J. Augustin,18,0,2015-2016,1.0,2,1.0,DEN,98,Gary Harris,,,,,,,,,,,,,31:50,Will Barton,30:38,Joffrey Lauvergne,30:25,Jusuf Nurkić,25:54,Emmanuel Mudiay,23:13,Nikola Jokić,22:06,Darrell Arthur,17:35,Axel Toupane,16:10,JaKarr Sampson,13:21
3,.600,5,45.455,3,1.50,101,0,1,100.0,8,.727,5.0,83.3,6.0,11,5,.714,7,63.636,Logos via Sports Logos.net / About logos,W,https://www.basketball-reference.com/boxscores/201603190CHO.html,Away,93,22:35,0,0.0,CHO,Nicolas Batum,,,,,,,,,,,,,39:56,Kemba Walker,36:25,Marvin Williams,31:34,Cody Zeller,29:00,Courtney Lee,28:44,Jeremy Lin,24:32,Al Jefferson,19:00,Frank Kaminsky,16:26,Troy Daniels,14:23,93,2,24,10.0,41.7,9.0,37.5,5.0,20.8,D.J. Augustin,8,1,2015-2016,1.0,2,1.0,DEN,101,Gary Harris,,,,,,,,,,,,,36:47,Darrell Arthur,34:57,Emmanuel Mudiay,34:19,Nikola Jokić,24:45,JaKarr Sampson,23:10,Will Barton,22:37,Jusuf Nurkić,17:57,Joffrey Lauvergne,13:03,Axel Toupane,9:49
1,.500,2,20.000,5,5.00,91,0,2,100.0,3,.300,2.0,25.0,8.0,10,1,1.000,1,10.000,Logos via Sports Logos.net / About logos,L,https://www.basketball-reference.com/boxscores/201603210CLE.html,Away,124,24:43,0,0.0,CLE,LeBron James,James Jones,8:15,Sasha Kaun,5:18,Jordan McRae,5:18,,,,,,,33:26,J.R. Smith,28:47,Channing Frye,25:06,Kyrie Irving,23:56,Iman Shumpert,23:08,Matthew Dellavedova,22:31,Richard Jefferson,21:33,Tristan Thompson,21:30,Timofey Mozgov,21:12,124,0,8,4.0,50.0,3.0,37.5,1.0,12.5,D.J. Augustin,33,1,2015-2016,1.0,1,2.0,DEN,91,Gary Harris,Mike Miller,5:18,,,,,,,,,,,34:19,Darrell Arthur,26:55,Emmanuel Mudiay,26:27,Will Barton,25:42,Jusuf Nurkić,25:40,Nikola Jokić,22:36,Axel Toupane,19:36,Joffrey Lauvergne,18:35,JaKarr Sampson,10:09
0,.000,4,80.000,5,2.50,103,0,2,100.0,1,.200,1.0,100.0,1.0,5,7,.875,8,160.000,Logos via Sports Logos.net / About logos,W,https://www.basketball-reference.com/boxscores/201603230DEN.html,Home,104,26:07,0,0.0,PHI,Hollis Thompson,Sonny Weems,13:18,Elton Brand,3:05,,,,,,,,,32:51,Jerami Grant,29:07,Ish Smith,28:12,Isaiah Canaan,27:25,Robert Covington,26:45,Carl Landry,23:53,Nik Stauskas,20:36,T.J. McConnell,20:14,Richaun Holmes,14:34,103,2,9,2.0,22.2,0.0,0.0,7.0,77.8,D.J. Augustin,1,2,2015-2016,2.0,2,2.0,DEN,104,Emmanuel Mudiay,,,,,,,,,,,,,42:02,Gary Harris,35:30,Darrell Arthur,31:43,Nikola Jokić,27:00,Will Barton,25:49,JaKarr Sampson,17:15,Jusuf Nurkić,16:06,Axel Toupane,14:35,Joffrey Lauvergne,3:54
5,.714,7,77.778,8,8.00,116,0,3,100.0,6,.667,1.0,50.0,2.0,9,3,.500,6,66.667,Logos via Sports Logos.net / About logos,W,https://www.basketball-reference.com/boxscores/201603250LAL.html,Away,105,26:51,0,0.0,LAL,Jordan Clarkson,D'Angelo Russell,12:00,,,,,,,,,,,35:01,Julius Randle,33:38,Lou Williams,30:17,Kobe Bryant,28:42,Brandon Bass,27:28,Roy Hibbert,20:32,Larry Nance Jr.,19:33,Marcelo Huertas,18:42,Metta World Peace,14:07,105,2,20,2.0,10.0,15.0,75.0,3.0,15.0,D.J. Augustin,11,1,2015-2016,1.0,1,3.0,DEN,116,Will Barton,,,,,,,,,,,,,27:38,Jusuf Nurkić,26:18,Joffrey Lauvergne,24:32,Gary Harris,23:40,Darrell Arthur,23:28,Axel Toupane,22:44,JaKarr Sampson,21:58,Nikola Jokić,21:42,Emmanuel Mudiay,21:09
3,.375,8,61.538,10,5.00,90,0,2,100.0,5,.385,2.0,40.0,5.0,13,5,.833,6,46.154,Logos via Sports Logos.net / About logos,L,https://www.basketball-reference.com/boxscores/201603270LAC.html,Away,105,34:11,0,0.0,LAC,Jeff Green,Paul Pierce,14:36,Pablo Prigioni,10:17,Jeff Ayres,2:19,,,,,,,29:26,DeAndre Jordan,29:11,Wesley Johnson,27:38,Chris Paul,25:53,JJ Redick,23:05,Austin Rivers,22:14,Jamal Crawford,21:25,Luc Mbah a Moute,17:33,Cole Aldrich,16:23,105,1,18,4.0,22.2,9.0,50.0,5.0,27.8,D.J. Augustin,15,2,2015-2016,2.0,2,2.0,DEN,90,Will Barton,,,,,,,,,,,,,30:16,Gary Harris,29:03,Axel Toupane,25:25,Jusuf Nurkić,24:12,Darrell Arthur,22:46,Emmanuel Mudiay,22:35,Nikola Jokić,20:51,Joffrey Lauvergne,17:46,JaKarr Sampson,12:55
0,,0,0.000,3,1.00,97,0,2,66.7,0,.000,0.0,0.0,2.0,2,4,1.000,4,200.000,Logos via Sports Logos.net / About logos,L,https://www.basketball-reference.com/boxscores/201603280DEN.html,Home,88,16:35,1,33.3,DAL,Wesley Matthews,,,,,,,,,,,,,34:09,Dirk Nowitzki,33:00,Raymond Felton,31:32,Dwight Powell,29:51,Zaza Pachulia,28:40,Devin Harris,28:35,J.J. Barea,26:26,Justin Anderson,23:55,David Lee,3:52,97,1,4,0.0,0.0,0.0,0.0,4.0,100.0,D.J. Augustin,9,0,2015-2016,0.0,3,3.0,DEN,88,Emmanuel Mudiay,Axel Toupane,6:48,,,,,,,,,,,35:27,Will Barton,31:40,Gary Harris,30:03,Darrell Arthur,25:38,Nikola Jokić,23:55,Joffrey Lauvergne,22:36,Kenneth Faried,22:22,JaKarr Sampson,17:49,Jameer Nelson,7:07
1,.333,3,42.857,5,2.50,109,0,2,100.0,4,.571,3.0,75.0,4.0,7,2,1.000,2,28.571,Logos via Sports Logos.net / About logos,W,https://www.basketball-reference.com/boxscores/201603300MEM.html,Away,105,23:04,0,0.0,MEM,Matt Barnes,Ray McCallum,7:15,Ryan Hollins,4:51,Jarell Martin,2:48,,,,,,,40:26,Zach Randolph,33:32,JaMychal Green,25:50,Lance Stephenson,25:37,Jordan Farmar,25:12,Vince Carter,23:11,Tony Allen,22:17,Chris Andersen,17:02,Xavier Munford,11:59,105,1,11,6.0,54.5,3.0,27.3,2.0,18.2,D.J. Augustin,4,0,2015-2016,0.0,2,2.0,DEN,109,Will Barton,Mike Miller,0:01,,,,,,,,,,,32:56,Emmanuel Mudiay,30:53,Nikola Jokić,28:41,JaKarr Sampson,27:22,Kenneth Faried,24:11,Darrell Arthur,22:42,Gary Harris,20:07,Joffrey Lauvergne,16:30,Axel Toupane,13:33
1,.250,4,44.444,8,2.67,95,0,1,100.0,4,.444,3.0,60.0,5.0,9,0,,0,0.000,Logos via Sports Logos.net / About logos,L,https://www.basketball-reference.com/boxscores/201603310NOP.html,Away,101,28:51,0,0.0,NOP,Dante Cunningham,,,,,,,,,,,,,36:49,Luke Babbitt,36:27,Toney Douglas,36:22,Jordan Hamilton,32:23,James Ennis III,30:00,Tim Frazier,29:18,Alexis Ajinça,15:32,Ömer Aşık,15:01,Kendrick Perkins,8:08,101,2,9,6.0,66.7,3.0,33.3,0.0,0.0,D.J. Augustin,6,2,2015-2016,2.0,3,1.0,DEN,95,Gary Harris,,,,,,,,,,,,,37:46,Will Barton,30:16,Emmanuel Mudiay,25:52,Kenneth Faried,24:49,Nikola Jokić,23:06,Darrell Arthur,21:46,JaKarr Sampson,21:20,Axel Toupane,15:31,Joffrey Lauvergne,10:43
1,.250,4,66.667,3,1.00,115,0,1,100.0,3,.500,2.0,100.0,2.0,6,2,1.000,2,33.333,Logos via Sports Logos.net / About logos,L,https://www.basketball-reference.com/boxscores/201604020DEN.html,Home,106,18:50,0,0.0,SAC,Darren Collison,,,,,,,,,,,,,39:11,Willie Cauley-Stein,38:44,Rudy Gay,35:59,Kosta Koufos,31:08,Ben McLemore,30:52,Seth Curry,24:35,James Anderson,22:39,Quincy Acy,16:52,,,115,1,9,4.0,44.4,3.0,33.3,2.0,22.2,D.J. Augustin,9,0,2015-2016,0.0,3,1.0,DEN,106,Gary Harris,,,,,,,,,,,,,36:16,Nikola Jokić,32:14,Emmanuel Mudiay,29:10,JaKarr Sampson,26:53,Joffrey Lauvergne,24:00,Will Barton,20:51,Axel Toupane,19:13,Jusuf Nurkić,16:20,Kenneth Faried,16:13
2,.400,5,55.556,4,1.33,124,0,2,100.0,4,.444,2.0,50.0,4.0,9,5,.714,7,77.778,Logos via Sports Logos.net / About logos,L,https://www.basketball-reference.com/boxscores/201604050DEN.html,Home,102,22:23,0,0.0,OKC,Kevin Durant,Andre Roberson,13:09,Cameron Payne,6:39,Nick Collison,6:39,Nazr Mohammed,5:32,,,,,29:26,Serge Ibaka,28:54,Russell Westbrook,26:41,Dion Waiters,23:41,Anthony Morrow,23:37,Steven Adams,21:46,Enes Freedom,20:42,Randy Foye,19:11,Kyle Singler,14:03,124,0,15,4.0,26.7,6.0,40.0,5.0,33.3,D.J. Augustin,22,2,2015-2016,2.0,3,2.0,DEN,102,Will Barton,,,,,,,,,,,,,30:24,Joffrey Lauvergne,27:32,Emmanuel Mudiay,27:03,Gary Harris,26:47,Axel Toupane,23:54,JaKarr Sampson,23:36,Kenneth Faried,22:46,Nikola Jokić,19:03,Jusuf Nurkić,16:32
0,.000,1,20.000,2,2.00,98,0,0,,2,.400,2.0,50.0,4.0,5,0,,0,0.000,Logos via Sports Logos.net / About logos,W,https://www.basketball-reference.com/boxscores/201604080DEN.html,Home,102,13:58,0,,SAS,Jonathon Simmons,,,,,,,,,,,,,35:08,Kyle Anderson,34:36,Tim Duncan,34:27,David West,32:14,Andre Miller,27:30,Kevin Martin,26:16,Patty Mills,23:05,Boban Marjanović,13:33,Matt Bonner,13:11,98,1,4,4.0,100.0,0.0,0.0,0.0,0.0,D.J. Augustin,4,0,2015-2016,0.0,1,0.0,DEN,102,Emmanuel Mudiay,,,,,,,,,,,,,36:19,Jusuf Nurkić,34:41,Will Barton,32:34,Nikola Jokić,32:13,Gary Harris,29:03,JaKarr Sampson,24:37,Joffrey Lauvergne,14:37,Mike Miller,12:44,Axel Toupane,9:13
0,.000,2,100.000,1,1.00,100,0,1,100.0,0,.000,0.0,,0.0,2,2,1.000,2,100.000,Logos via Sports Logos.net / About logos,L,https://www.basketball-reference.com/boxscores/201604100DEN.html,Home,84,18:05,0,0.0,UTA,Rudy Gobert,Jeff Withey,5:46,Chris Johnson,5:27,,,,,,,,,37:32,Gordon Hayward,36:15,Shelvin Mack,35:10,Rodney Hood,34:18,Trey Lyles,32:10,Trevor Booker,20:32,Alec Burks,13:59,Joe Ingles,10:01,Raul Neto,8:50,100,0,2,0.0,0.0,0.0,0.0,2.0,100.0,D.J. Augustin,16,0,2015-2016,0.0,1,1.0,DEN,84,Emmanuel Mudiay,,,,,,,,,,,,,37:31,Nikola Jokić,36:02,Will Barton,34:29,Gary Harris,33:04,Joffrey Lauvergne,22:53,Jusuf Nurkić,21:54,JaKarr Sampson,13:31,Darrell Arthur,11:58,Axel Toupane,10:33
0,.000,2,33.333,3,3.00,99,1,1,100.0,2,.333,2.0,50.0,4.0,6,0,.000,1,16.667,Logos via Sports Logos.net / About logos,L,https://www.basketball-reference.com/boxscores/201604130POR.html,Away,107,14:40,0,0.0,POR,Pat Connaughton,Brian Roberts,16:48,Luis Montero,9:02,,,,,,,,,28:47,CJ McCollum,26:39,Noah Vonleh,25:22,Allen Crabbe,24:39,Ed Davis,24:23,Damian Lillard,23:48,Mason Plumlee,23:37,Al-Farouq Aminu,18:43,Maurice Harkless,18:12,107,2,4,4.0,100.0,0.0,0.0,0.0,0.0,D.J. Augustin,8,1,2015-2016,2.0,1,1.0,DEN,99,Jusuf Nurkić,,,,,,,,,,,,,38:50,Emmanuel Mudiay,36:53,Gary Harris,36:49,Nikola Jokić,34:56,Will Barton,25:26,Kenneth Faried,19:19,Mike Miller,18:17,JaKarr Sampson,8:33,Axel Toupane,6:17
0,.000,1,33.333,1,1.00,108,0,1,100.0,2,.667,2.0,100.0,2.0,3,3,1.000,3,100.000,Logos via Sports Logos.net / About logos,L,https://www.basketball-reference.com/boxscores/201610260ORL.html,Home,96,16:32,0,0.0,MIA,Justise Winslow,,,,,,,,,,,,,33:57,Dion Waiters,33:31,Hassan Whiteside,30:59,Goran Dragić,28:37,Tyler Johnson,28:18,James Johnson,25:12,Rodney McGruder,23:37,Luke Babbitt,18:48,Willie Reed,17:02,108,2,7,4.0,57.1,0.0,0.0,3.0,42.9,D.J. Augustin,12,0,2016-2017,0.0,1,1.0,ORL,96,Evan Fournier,,,,,,,,,,,,,39:23,Elfrid Payton,37:30,Serge Ibaka,36:16,Nikola Vučević,35:49,Aaron Gordon,35:06,Jeff Green,25:14,Mario Hezonja,14:10,,,,
1,1.000,1,20.000,4,,82,0,0,,1,.200,0.0,0.0,4.0,5,0,,0,0.000,Logos via Sports Logos.net / About logos,L,https://www.basketball-reference.com/boxscores/201610280DET.html,Away,108,15:58,0,,DET,Marcus Morris,Michael Gbinije,4:57,Henry Ellenson,2:28,Boban Marjanović,2:28,Darrun Hilliard,2:28,,,,,29:04,Jon Leuer,28:13,Stanley Johnson,28:02,Andre Drummond,27:34,Tobias Harris,27:19,Ish Smith,26:00,Kentavious Caldwell-Pope,23:57,Beno Udrih,19:32,Aron Baynes,17:58,108,1,3,0.0,0.0,3.0,100.0,0.0,0.0,D.J. Augustin,26,0,2016-2017,0.0,0,0.0,ORL,82,Aaron Gordon,C.J. Watson,8:01,Stephen Zimmerman,8:01,,,,,,,,,29:09,Elfrid Payton,27:37,Evan Fournier,27:18,Nikola Vučević,26:00,Mario Hezonja,24:22,Bismack Biyombo,22:51,Jeff Green,19:24,Serge Ibaka,19:19,C.J. Wilcox,12:00
2,.333,6,50.000,3,3.00,99,0,2,100.0,5,.417,3.0,50.0,6.0,12,1,1.000,1,8.333,Logos via Sports Logos.net / About logos,L,https://www.basketball-reference.com/boxscores/201610290CLE.html,Away,105,20:56,0,0.0,CLE,LeBron James,Kay Felder,5:06,,,,,,,,,,,39:00,Kyrie Irving,36:52,Kevin Love,32:48,J.R. Smith,28:22,Tristan Thompson,27:14,Richard Jefferson,23:07,Mike Dunleavy,19:47,Iman Shumpert,18:49,Chris Andersen,8:55,105,2,13,6.0,46.2,6.0,46.2,1.0,7.7,D.J. Augustin,6,1,2016-2017,1.0,1,2.0,ORL,99,Evan Fournier,,,,,,,,,,,,,37:43,Elfrid Payton,34:17,Serge Ibaka,30:43,Jeff Green,27:59,Aaron Gordon,25:34,Nikola Vučević,24:41,Bismack Biyombo,19:04,Mario Hezonja,10:20,C.J. Wilcox,8:44
1,.167,6,60.000,1,,103,0,0,,4,.400,3.0,75.0,4.0,10,0,,0,0.000,Logos via Sports Logos.net / About logos,W,https://www.basketball-reference.com/boxscores/201611010PHI.html,Away,101,12:30,0,,PHI,Sergio Rodríguez,Timothé Luwawu-Cabarrot,3:16,,,,,,,,,,,31:59,Dario Šarić,31:29,Gerald Henderson,31:29,Hollis Thompson,28:11,Robert Covington,27:49,Joel Embiid,24:52,Richaun Holmes,23:09,Nik Stauskas,21:46,T.J. McConnell,15:59,101,0,9,6.0,66.7,3.0,33.3,0.0,0.0,D.J. Augustin,2,0,2016-2017,0.0,0,0.0,ORL,103,Elfrid Payton,C.J. Wilcox,3:52,,,,,,,,,,,38:09,Evan Fournier,37:13,Serge Ibaka,32:13,Aaron Gordon,31:38,Nikola Vučević,31:25,Bismack Biyombo,20:36,Mario Hezonja,12:11,Jeff Green,11:45,C.J. Watson,8:27
2,.500,4,50.000,5,1.67,94,0,0,,3,.375,1.0,25.0,4.0,8,0,,0,0.000,Logos via Sports Logos.net / About logos,W,https://www.basketball-reference.com/boxscores/201611030ORL.html,Home,102,14:25,0,,SAC,DeMarcus Cousins,Matt Barnes,9:16,,,,,,,,,,,36:19,Ty Lawson,35:07,Rudy Gay,31:49,Ben McLemore,27:46,Willie Cauley-Stein,24:40,Omri Casspi,23:16,Kosta Koufos,20:28,Arron Afflalo,18:26,Garrett Temple,12:53,94,0,8,2.0,25.0,6.0,75.0,0.0,0.0,D.J. Augustin,8,0,2016-2017,0.0,3,0.0,ORL,102,Evan Fournier,,,,,,,,,,,,,35:58,Elfrid Payton,33:35,Serge Ibaka,32:37,Aaron Gordon,30:43,Nikola Vučević,28:58,Bismack Biyombo,21:36,Jeff Green,18:36,C.J. Watson,12:02,Mario Hezonja,11:30
1,.250,4,50.000,5,5.00,86,0,0,,3,.375,2.0,50.0,4.0,8,0,,0,0.000,Logos via Sports Logos.net / About logos,W,https://www.basketball-reference.com/boxscores/201611050ORL.html,Home,88,19:35,0,,WAS,Markieff Morris,Andrew Nicholson,9:33,,,,,,,,,,,38:27,Marcin Gortat,36:55,Bradley Beal,33:14,Tomáš Satoranský,32:21,Otto Porter Jr.,28:47,Kelly Oubre Jr.,17:09,Marcus Thornton,17:01,Trey Burke,15:33,Jason Smith,11:00,86,0,7,4.0,57.1,3.0,42.9,0.0,0.0,D.J. Augustin,2,2,2016-2017,2.0,1,0.0,ORL,88,Evan Fournier,,,,,,,,,,,,,30:19,Elfrid Payton,28:30,Jeff Green,27:10,Nikola Vučević,26:03,Mario Hezonja,25:44,Aaron Gordon,24:27,Bismack Biyombo,24:00,Serge Ibaka,20:57,C.J. Watson,13:15
2,.286,7,70.000,2,,80,0,0,,2,.200,0.0,0.0,3.0,10,0,,0,0.000,Logos via Sports Logos.net / About logos,L,https://www.basketball-reference.com/boxscores/201611070CHI.html,Away,112,22:34,0,,CHI,Jimmy Butler,Jerian Grant,8:08,Denzel Valentine,6:17,Cristiano Felício,6:17,Paul Zipser,6:17,,,,,30:39,Taj Gibson,27:31,Doug McDermott,25:08,Dwyane Wade,24:58,Robin Lopez,24:22,Rajon Rondo,21:44,Isaiah Canaan,20:49,Nikola Mirotić,20:39,Bobby Portis,17:11,112,1,6,0.0,0.0,6.0,100.0,0.0,0.0,D.J. Augustin,32,0,2016-2017,0.0,0,0.0,ORL,80,Aaron Gordon,C.J. Watson,9:43,Damjan Rudež,9:43,Arinze Onuaku,6:17,,,,,,,30:26,Evan Fournier,29:48,Serge Ibaka,25:31,Nikola Vučević,22:55,Mario Hezonja,21:25,Bismack Biyombo,18:48,Elfrid Payton,18:32,Jeff Green,14:35,C.J. Wilcox,9:43
1,.333,3,50.000,2,,123,0,2,100.0,2,.333,1.0,33.3,3.0,6,5,1.000,5,83.333,Logos via Sports Logos.net / About logos,L,https://www.basketball-reference.com/boxscores/201611090ORL.html,Home,107,19:19,0,0.0,MIN,Karl-Anthony Towns,John Lucas III,1:16,Adreian Payne,1:16,,,,,,,,,40:42,Andrew Wiggins,38:35,Zach LaVine,36:25,Gorgui Dieng,35:28,Tyus Jones,30:32,Shabazz Muhammad,19:11,Kris Dunn,17:28,Cole Aldrich,11:49,Nemanja Bjelica,7:18,123,2,10,2.0,20.0,3.0,30.0,5.0,50.0,D.J. Augustin,16,0,2016-2017,0.0,0,2.0,ORL,107,Aaron Gordon,Damjan Rudež,3:12,C.J. Wilcox,3:12,Stephen Zimmerman,3:09,,,,,,,30:38,Nikola Vučević,30:27,Evan Fournier,28:22,Serge Ibaka,26:53,Elfrid Payton,26:36,Bismack Biyombo,26:07,Jeff Green,20:57,Mario Hezonja,14:28,C.J. Watson,6:40
3,.500,6,60.000,3,1.00,87,0,0,,6,.600,3.0,75.0,4.0,10,4,.800,5,50.000,Logos via Sports Logos.net / About logos,L,https://www.basketball-reference.com/boxscores/201611110ORL.html,Home,74,24:23,0,,UTA,Gordon Hayward,Jeff Withey,1:51,,,,,,,,,,,39:25,Derrick Favors,36:28,Rudy Gobert,34:20,Rodney Hood,33:11,Shelvin Mack,25:32,Dante Exum,22:28,Trey Lyles,20:30,Joe Ingles,14:53,Joe Johnson,11:23,87,1,19,6.0,31.6,9.0,47.4,4.0,21.1,D.J. Augustin,13,0,2016-2017,0.0,3,0.0,ORL,74,Evan Fournier,,,,,,,,,,,,,38:21,Serge Ibaka,30:41,Nikola Vučević,26:05,Aaron Gordon,24:34,Elfrid Payton,23:37,Jeff Green,23:27,Bismack Biyombo,22:51,Damjan Rudež,16:22,C.J. Watson,9:39
1,.333,3,60.000,0,0.00,119,0,1,100.0,3,.600,2.0,100.0,2.0,5,5,.833,6,120.000,Logos via Sports Logos.net / About logos,W,https://www.basketball-reference.com/boxscores/201611130OKC.html,Away,117,14:33,0,0.0,OKC,Russell Westbrook,Semaj Christon,10:22,Nick Collison,4:42,Kyle Singler,0:29,,,,,,,37:38,Steven Adams,34:44,Andre Roberson,32:13,Victor Oladipo,30:43,Enes Freedom,23:37,Álex Abrines,18:55,Domantas Sabonis,18:04,Joffrey Lauvergne,14:53,Jerami Grant,13:40,117,1,12,4.0,33.3,3.0,25.0,5.0,41.7,D.J. Augustin,2,0,2016-2017,0.0,1,1.0,ORL,119,Elfrid Payton,,,,,,,,,,,,,37:07,Serge Ibaka,36:47,Evan Fournier,36:33,Bismack Biyombo,28:32,Jeff Green,27:47,Aaron Gordon,21:34,Nikola Vučević,19:28,Damjan Rudež,9:54,C.J. Watson,7:45
1,.333,3,60.000,1,1.00,69,0,0,,2,.400,1.0,50.0,2.0,5,1,.500,2,40.000,Logos via Sports Logos.net / About logos,L,https://www.basketball-reference.com/boxscores/201611140IND.html,Away,88,16:16,0,,IND,Monta Ellis,Al Jefferson,5:00,Georges Niang,2:15,Glenn Robinson III,2:15,Joe Young,2:15,,,,,36:22,Paul George,34:10,Thaddeus Young,30:05,Jeff Teague,28:36,Myles Turner,23:54,C.J. Miles,23:13,Kevin Séraphin,19:06,Aaron Brooks,17:09,Lavoy Allen,15:40,88,1,6,2.0,33.3,3.0,50.0,1.0,16.7,D.J. Augustin,19,0,2016-2017,0.0,1,0.0,ORL,69,Evan Fournier,Mario Hezonja,5:15,Arinze Onuaku,3:41,C.J. Wilcox,3:41,,,,,,,32:37,Elfrid Payton,29:23,Serge Ibaka,28:03,Nikola Vučević,25:02,Jeff Green,22:16,Aaron Gordon,22:03,Bismack Biyombo,21:03,C.J. Watson,17:11,Damjan Rudež,13:29
1,.250,4,40.000,1,0.50,82,0,1,100.0,4,.400,3.0,50.0,6.0,10,2,1.000,2,20.000,Logos via Sports Logos.net / About logos,W,https://www.basketball-reference.com/boxscores/201611160ORL.html,Home,89,18:25,0,0.0,NOP,Terrence Jones,Archie Goodwin,4:27,,,,,,,,,,,37:31,Dante Cunningham,32:32,E'Twaun Moore,31:49,Tim Frazier,27:40,Alexis Ajinça,25:09,Langston Galloway,20:48,Solomon Hill,20:23,Buddy Hield,20:04,Ömer Aşık,19:37,82,0,11,6.0,54.5,3.0,27.3,2.0,18.2,D.J. Augustin,7,1,2016-2017,1.0,2,1.0,ORL,89,Evan Fournier,,,,,,,,,,,,,33:47,Elfrid Payton,29:36,Serge Ibaka,29:33,Nikola Vučević,27:07,Aaron Gordon,26:10,Bismack Biyombo,24:32,Jeff Green,20:25,C.J. Watson,15:56,Damjan Rudež,14:31
2,.400,5,45.455,6,2.00,87,0,2,100.0,6,.545,4.0,66.7,6.0,11,4,1.000,4,36.364,Logos via Sports Logos.net / About logos,W,https://www.basketball-reference.com/boxscores/201611190ORL.html,Home,95,29:47,0,0.0,DAL,Harrison Barnes,Salah Mejri,1:39,,,,,,,,,,,38:32,Wesley Matthews,35:58,Seth Curry,35:24,Andrew Bogut,34:25,Jonathan Gibson,31:44,Justin Anderson,22:50,Dwight Powell,20:31,Dorian Finney-Smith,13:34,Nicolás Brussino,5:23,87,1,18,8.0,44.4,6.0,33.3,4.0,22.2,D.J. Augustin,8,0,2016-2017,0.0,3,2.0,ORL,95,Evan Fournier,,,,,,,,,,,,,31:35,Serge Ibaka,31:14,Nikola Vučević,25:40,Aaron Gordon,25:13,Bismack Biyombo,23:29,Jeff Green,21:40,Elfrid Payton,20:11,C.J. Watson,18:49,Damjan Rudež,12:22
0,.000,2,33.333,3,1.50,89,0,2,66.7,0,.000,0.0,0.0,4.0,6,2,1.000,2,33.333,Logos via Sports Logos.net / About logos,L,https://www.basketball-reference.com/boxscores/201611210MIL.html,Away,93,12:43,1,33.3,MIL,Giannis Antetokounmpo,Miles Plumlee,9:40,Greg Monroe,8:26,,,,,,,,,38:50,Jabari Parker,35:24,Matthew Dellavedova,26:31,Tony Snell,25:09,John Henson,22:27,Malcolm Brogdon,21:29,Michael Beasley,19:45,Jason Terry,19:43,Mirza Teletović,12:36,93,2,2,0.0,0.0,0.0,0.0,2.0,100.0,D.J. Augustin,4,0,2016-2017,0.0,2,3.0,ORL,89,Serge Ibaka,,,,,,,,,,,,,37:16,Evan Fournier,36:50,Elfrid Payton,35:21,Jeff Green,31:27,Nikola Vučević,28:08,Bismack Biyombo,22:12,Aaron Gordon,21:06,C.J. Watson,9:55,Damjan Rudež,5:03
2,.500,4,44.444,2,1.00,92,0,2,100.0,4,.444,2.0,40.0,5.0,9,2,.667,3,33.333,Logos via Sports Logos.net / About logos,L,https://www.basketball-reference.com/boxscores/201611230ORL.html,Home,87,20:27,0,0.0,PHO,Alex Len,Dragan Bender,13:04,,,,,,,,,,,34:56,Devin Booker,33:57,Eric Bledsoe,32:29,P.J. Tucker,26:44,Jared Dudley,25:37,Brandon Knight,25:00,Marquese Chriss,17:11,Leandro Barbosa,15:31,Tyler Ulis,15:31,92,3,12,4.0,33.3,6.0,50.0,2.0,16.7,D.J. Augustin,5,0,2016-2017,0.0,2,2.0,ORL,87,Evan Fournier,Mario Hezonja,4:08,,,,,,,,,,,35:20,Serge Ibaka,31:53,Elfrid Payton,30:48,Nikola Vučević,29:22,Jeff Green,22:51,Bismack Biyombo,22:21,Aaron Gordon,20:24,C.J. Watson,14:16,Damjan Rudež,8:10
1,.200,5,55.556,4,2.00,94,0,0,,3,.333,2.0,50.0,4.0,9,1,1.000,1,11.111,Logos via Sports Logos.net / About logos,L,https://www.basketball-reference.com/boxscores/201611250ORL.html,Home,91,26:10,0,,WAS,John Wall,Marcus Thornton,7:40,,,,,,,,,,,38:43,Bradley Beal,37:57,Marcin Gortat,34:12,Otto Porter Jr.,33:37,Markieff Morris,32:17,Andrew Nicholson,15:56,Kelly Oubre Jr.,14:34,Jason Smith,13:20,Tomáš Satoranský,11:44,94,3,8,4.0,50.0,3.0,37.5,1.0,12.5,D.J. Augustin,3,0,2016-2017,0.0,2,0.0,ORL,91,Nikola Vučević,,,,,,,,,,,,,35:00,Evan Fournier,32:29,Serge Ibaka,31:24,Bismack Biyombo,29:32,Elfrid Payton,26:12,Jeff Green,25:29,Aaron Gordon,24:55,Mario Hezonja,8:49,,
1,.333,3,42.857,5,,104,0,2,100.0,5,.714,4.0,100.0,4.0,7,0,,0,0.000,Logos via Sports Logos.net / About logos,L,https://www.basketball-reference.com/boxscores/201611270ORL.html,Home,96,25:20,0,0.0,MIL,Tony Snell,Jason Terry,14:18,Miles Plumlee,2:48,,,,,,,,,34:48,Matthew Dellavedova,31:11,Giannis Antetokounmpo,30:44,Jabari Parker,28:49,John Henson,28:38,Malcolm Brogdon,20:18,Michael Beasley,16:48,Greg Monroe,16:34,Mirza Teletović,15:04,104,0,11,8.0,72.7,3.0,27.3,0.0,0.0,D.J. Augustin,8,0,2016-2017,0.0,0,2.0,ORL,96,Evan Fournier,,,,,,,,,,,,,37:30,Bismack Biyombo,32:45,Serge Ibaka,32:43,Aaron Gordon,31:58,Nikola Vučević,29:55,Elfrid Payton,29:12,C.J. Watson,20:38,,,,
1,.333,3,50.000,5,5.00,95,0,3,75.0,2,.333,1.0,33.3,3.0,6,2,1.000,2,33.333,Logos via Sports Logos.net / About logos,W,https://www.basketball-reference.com/boxscores/201611290SAS.html,Away,83,24:40,1,25.0,SAS,Kawhi Leonard,David Lee,11:56,Dāvis Bertāns,6:02,Dejounte Murray,3:49,Kyle Anderson,3:26,,,,,32:02,LaMarcus Aldridge,30:51,Tony Parker,29:01,Danny Green,23:48,Manu Ginóbili,22:31,Pau Gasol,22:02,Patty Mills,19:10,Jonathon Simmons,18:13,Dewayne Dedmon,17:09,83,0,7,2.0,28.6,3.0,42.9,2.0,28.6,D.J. Augustin,12,2,2016-2017,2.0,1,4.0,ORL,95,Bismack Biyombo,Damjan Rudež,1:36,C.J. Wilcox,1:36,Mario Hezonja,1:27,,,,,,,34:23,Serge Ibaka,33:38,Evan Fournier,32:42,Nikola Vučević,24:53,Jeff Green,24:43,Elfrid Payton,23:20,Aaron Gordon,18:51,C.J. Watson,16:36,Arinze Onuaku,1:36
2,.667,3,50.000,2,0.67,94,0,1,100.0,2,.333,0.0,0.0,3.0,6,1,.500,2,33.333,Logos via Sports Logos.net / About logos,L,https://www.basketball-reference.com/boxscores/201612010MEM.html,Away,95,19:01,0,0.0,MEM,Troy Williams,,,,,,,,,,,,,35:21,Marc Gasol,32:21,Andrew Harrison,29:57,Troy Daniels,28:30,Jarell Martin,27:34,Tony Allen,27:11,JaMychal Green,27:00,Wade Baldwin,18:03,Deyonta Davis,14:02,95,4,7,0.0,0.0,6.0,85.7,1.0,14.3,D.J. Augustin,1,1,2016-2017,1.0,3,1.0,ORL,94,Evan Fournier,,,,,,,,,,,,,35:57,Bismack Biyombo,33:50,Serge Ibaka,31:47,Nikola Vučević,30:24,Elfrid Payton,28:59,Jeff Green,27:11,Aaron Gordon,20:49,C.J. Watson,12:03,,
3,.750,4,66.667,4,4.00,105,0,3,100.0,3,.500,0.0,0.0,2.0,6,0,,0,0.000,Logos via Sports Logos.net / About logos,W,https://www.basketball-reference.com/boxscores/201612020PHI.html,Away,88,21:52,0,0.0,PHI,Jahlil Okafor,Dario Šarić,16:07,Richaun Holmes,7:43,Timothé Luwawu-Cabarrot,6:11,,,,,,,27:54,Joel Embiid,26:56,Nik Stauskas,25:27,Sergio Rodríguez,25:12,Hollis Thompson,24:52,Robert Covington,23:25,Gerald Henderson,21:51,Ersan İlyasova,17:20,T.J. McConnell,17:02,88,3,9,0.0,0.0,9.0,100.0,0.0,0.0,D.J. Augustin,17,0,2016-2017,0.0,1,3.0,ORL,105,Bismack Biyombo,Mario Hezonja,3:16,Damjan Rudež,3:16,C.J. Wilcox,2:05,,,,,,,32:06,Evan Fournier,30:19,Nikola Vučević,27:15,Aaron Gordon,25:14,Serge Ibaka,25:04,Elfrid Payton,23:41,Jeff Green,22:49,Jodie Meeks,16:52,C.J. Watson,6:11
2,.400,5,62.500,3,3.00,98,0,3,100.0,5,.625,3.0,100.0,3.0,8,0,,0,0.000,Logos via Sports Logos.net / About logos,W,https://www.basketball-reference.com/boxscores/201612040DET.html,Away,92,25:10,0,0.0,DET,Tobias Harris,Stanley Johnson,1:30,,,,,,,,,,,34:57,Andre Drummond,34:55,Marcus Morris,34:53,Kentavious Caldwell-Pope,34:26,Jon Leuer,26:10,Ish Smith,25:09,Reggie Jackson,22:51,Aron Baynes,13:05,Darrun Hilliard,12:04,92,2,12,6.0,50.0,6.0,50.0,0.0,0.0,D.J. Augustin,6,0,2016-2017,0.0,1,3.0,ORL,98,Serge Ibaka,,,,,,,,,,,,,34:17,Evan Fournier,32:10,Jeff Green,29:59,Bismack Biyombo,29:57,Nikola Vučević,28:01,Elfrid Payton,22:50,Aaron Gordon,22:06,Jodie Meeks,15:30,,
1,.333,3,60.000,2,,124,0,1,100.0,2,.400,1.0,50.0,2.0,5,3,.600,5,100.000,Logos via Sports Logos.net / About logos,W,https://www.basketball-reference.com/boxscores/201612060WAS.html,Away,116,20:10,0,0.0,WAS,John Wall,Trey Burke,5:42,,,,,,,,,,,42:18,Marcin Gortat,38:09,Bradley Beal,37:13,Markieff Morris,33:06,Otto Porter Jr.,27:10,Kelly Oubre Jr.,21:06,Marcus Thornton,17:43,Jason Smith,9:35,Andrew Nicholson,7:58,116,0,8,2.0,25.0,3.0,37.5,3.0,37.5,D.J. Augustin,8,1,2016-2017,1.0,0,1.0,ORL,124,Elfrid Payton,,,,,,,,,,,,,34:51,Serge Ibaka,31:21,Bismack Biyombo,31:05,Evan Fournier,28:07,Aaron Gordon,28:07,Jeff Green,25:09,Nikola Vučević,25:09,Jodie Meeks,16:02,,
4,.667,6,85.714,2,2.00,117,0,1,100.0,4,.571,0.0,0.0,1.0,7,3,.750,4,57.143,Logos via Sports Logos.net / About logos,L,https://www.basketball-reference.com/boxscores/201612070ORL.html,Home,87,23:54,0,0.0,BOS,Avery Bradley,Gerald Green,8:16,Tyler Zeller,7:09,Jordan Mickey,1:47,Demetrius Jackson,1:47,,,,,32:46,Jae Crowder,30:22,Al Horford,29:23,Terry Rozier,26:00,Amir Johnson,23:15,Marcus Smart,23:01,Jaylen Brown,21:48,Kelly Olynyk,20:26,Jonas Jerebko,14:00,117,4,15,0.0,0.0,12.0,80.0,3.0,20.0,D.J. Augustin,30,0,2016-2017,0.0,1,1.0,ORL,87,Evan Fournier,Damjan Rudež,4:51,C.J. Watson,3:53,C.J. Wilcox,3:53,,,,,,,28:43,Elfrid Payton,27:56,Nikola Vučević,26:58,Aaron Gordon,25:39,Bismack Biyombo,25:34,Serge Ibaka,25:06,Jeff Green,22:21,Jodie Meeks,16:21,Mario Hezonja,4:51
2,.286,7,70.000,1,,88,0,2,100.0,3,.300,1.0,33.3,3.0,10,0,,0,0.000,Logos via Sports Logos.net / About logos,L,https://www.basketball-reference.com/boxscores/201612090CHO.html,Away,109,19:10,0,0.0,CHO,Nicolas Batum,Roy Hibbert,17:52,Spencer Hawes,7:34,Brian Roberts,7:03,Treveon Graham,5:11,,,,,28:51,Frank Kaminsky,27:26,Kemba Walker,24:57,Cody Zeller,22:26,Michael Kidd-Gilchrist,20:34,Marvin Williams,20:34,Marco Belinelli,20:31,Jeremy Lamb,19:09,Ramon Sessions,17:52,109,2,8,2.0,25.0,6.0,75.0,0.0,0.0,D.J. Augustin,21,2,2016-2017,2.0,0,2.0,ORL,88,Serge Ibaka,Mario Hezonja,8:28,C.J. Wilcox,8:28,C.J. Watson,8:28,,,,,,,29:02,Aaron Gordon,28:57,Evan Fournier,24:20,Jeff Green,23:32,Elfrid Payton,23:22,Nikola Vučević,22:42,Jodie Meeks,19:30,Bismack Biyombo,15:33,Damjan Rudež,8:28
2,.400,5,62.500,7,,121,0,1,100.0,3,.375,1.0,33.3,3.0,8,2,1.000,2,25.000,Logos via Sports Logos.net / About logos,L,https://www.basketball-reference.com/boxscores/201612100ORL.html,Home,113,23:47,0,0.0,DEN,Danilo Gallinari,Juancho Hernangómez,18:06,,,,,,,,,,,32:55,Nikola Jokić,26:20,Jameer Nelson,26:04,Will Barton,24:26,Kenneth Faried,23:41,Darrell Arthur,22:54,Emmanuel Mudiay,22:38,Jamal Murray,22:01,Jusuf Nurkić,20:56,121,3,10,2.0,20.0,6.0,60.0,2.0,20.0,D.J. Augustin,8,1,2016-2017,1.0,0,1.0,ORL,113,Evan Fournier,Damjan Rudež,6:05,,,,,,,,,,,38:23,Serge Ibaka,35:30,Bismack Biyombo,34:14,Elfrid Payton,27:22,Jeff Green,25:28,Aaron Gordon,22:28,Jodie Meeks,13:32,Stephen Zimmerman,6:40,Mario Hezonja,6:31
1,.333,3,75.000,3,,131,0,0,,1,.250,0.0,0.0,1.0,4,0,,0,0.000,Logos via Sports Logos.net / About logos,W,https://www.basketball-reference.com/boxscores/201612130ATL.html,Away,120,14:50,0,,ATL,Paul Millsap,Taurean Prince,1:30,DeAndre' Bembry,1:30,,,,,,,,,34:22,Dennis Schröder,34:16,Tim Hardaway Jr.,30:20,Thabo Sefolosha,29:57,Dwight Howard,28:52,Kyle Korver,26:55,Mike Muscala,23:56,Kent Bazemore,14:38,Malcolm Delaney,13:45,120,1,3,0.0,0.0,3.0,100.0,0.0,0.0,D.J. Augustin,11,0,2016-2017,0.0,0,0.0,ORL,131,Elfrid Payton,Arinze Onuaku,1:30,Stephen Zimmerman,1:30,,,,,,,,,35:17,Evan Fournier,32:54,Bismack Biyombo,32:39,Serge Ibaka,32:18,Jeff Green,30:50,Jodie Meeks,26:23,Aaron Gordon,18:15,Damjan Rudež,12:05,Mario Hezonja,1:30
1,.250,4,80.000,3,,113,0,1,100.0,1,.200,0.0,0.0,1.0,5,0,,0,0.000,Logos via Sports Logos.net / About logos,L,https://www.basketball-reference.com/boxscores/201612140ORL.html,Home,108,30:27,0,0.0,LAC,Austin Rivers,Alan Anderson,9:10,,,,,,,,,,,38:05,DeAndre Jordan,34:31,Blake Griffin,33:24,Chris Paul,31:53,JJ Redick,28:56,Jamal Crawford,19:05,Raymond Felton,16:58,Wesley Johnson,14:36,Marreese Speights,13:22,113,2,3,0.0,0.0,3.0,100.0,0.0,0.0,D.J. Augustin,5,1,2016-2017,1.0,0,1.0,ORL,108,Aaron Gordon,,,,,,,,,,,,,40:20,Bismack Biyombo,34:21,Evan Fournier,33:21,Serge Ibaka,30:33,Jeff Green,27:23,Elfrid Payton,25:32,Jodie Meeks,12:54,Damjan Rudež,5:09,,
2,.286,7,50.000,4,1.33,111,0,5,100.0,6,.429,4.0,57.1,7.0,14,3,1.000,3,21.429,Logos via Sports Logos.net / About logos,W,https://www.basketball-reference.com/boxscores/201612160ORL.html,Home,118,27:10,0,0.0,BRK,Brook Lopez,Luis Scola,11:30,Caris LeVert,10:52,Spencer Dinwiddie,4:50,,,,,,,31:34,Bojan Bogdanović,29:45,Trevor Booker,29:35,Sean Kilpatrick,27:00,Isaiah Whitehead,23:34,Jeremy Lin,19:36,Rondae Hollis-Jefferson,19:05,Joe Harris,18:58,Anthony Bennett,13:41,111,1,17,8.0,47.1,6.0,35.3,3.0,17.6,D.J. Augustin,7,1,2016-2017,1.0,3,5.0,ORL,118,Serge Ibaka,,,,,,,,,,,,,31:37,Evan Fournier,31:17,Nikola Vučević,30:42,Aaron Gordon,28:55,Jeff Green,26:31,Bismack Biyombo,25:10,Elfrid Payton,20:50,Jodie Meeks,17:48,,
0,.000,1,25.000,2,2.00,109,0,2,66.7,0,.000,0.0,0.0,3.0,4,0,,0,0.000,Logos via Sports Logos.net / About logos,L,https://www.basketball-reference.com/boxscores/201612180ORL.html,Home,79,13:15,1,33.3,TOR,Kyle Lowry,Norman Powell,8:01,Jakob Poeltl,5:23,Bruno Caboclo,4:15,,,,,,,34:57,DeMar DeRozan,30:17,Pascal Siakam,28:04,Jonas Valančiūnas,25:59,Terrence Ross,23:03,Fred VanVleet,22:46,DeMarre Carroll,20:42,Patrick Patterson,19:56,Lucas Nogueira,16:38,109,3,0,0.0,,0.0,,0.0,,D.J. Augustin,30,2,2016-2017,2.0,1,3.0,ORL,79,Bismack Biyombo,C.J. Watson,9:27,Mario Hezonja,6:48,Arinze Onuaku,6:48,,,,,,,26:38,Evan Fournier,25:47,Nikola Vučević,25:24,Elfrid Payton,25:18,Jeff Green,24:41,Jodie Meeks,23:59,Serge Ibaka,21:59,Aaron Gordon,20:04,Damjan Rudež,9:52
1,.250,4,44.444,6,6.00,136,0,1,100.0,2,.222,1.0,20.0,5.0,9,2,.667,3,33.333,Logos via Sports Logos.net / About logos,W,https://www.basketball-reference.com/boxscores/201612200MIA.html,Away,130,26:24,0,0.0,MIA,Hassan Whiteside,,,,,,,,,,,,,46:59,Justise Winslow,46:09,Goran Dragić,45:10,Josh Richardson,43:53,Tyler Johnson,37:56,James Johnson,27:42,Josh McRoberts,16:30,Luke Babbitt,15:06,Willie Reed,10:35,130,2,7,2.0,28.6,3.0,42.9,2.0,28.6,D.J. Augustin,6,0,2016-2017,0.0,1,1.0,ORL,136,Evan Fournier,,,,,,,,,,,,,43:51,Serge Ibaka,40:16,Nikola Vučević,40:14,Elfrid Payton,35:34,Jeff Green,32:02,Bismack Biyombo,30:49,Aaron Gordon,28:02,Jodie Meeks,12:48,,
0,.000,2,50.000,3,3.00,95,0,3,100.0,1,.250,1.0,50.0,2.0,4,0,,0,0.000,Logos via Sports Logos.net / About logos,L,https://www.basketball-reference.com/boxscores/201612220NYK.html,Away,106,19:57,0,0.0,NYK,Carmelo Anthony,Mindaugas Kuzminskas,17:45,Ron Baker,1:09,Sasha Vujačić,1:09,,,,,,,29:06,Courtney Lee,28:40,Kristaps Porziņģis,26:43,Derrick Rose,26:02,Kyle O'Quinn,24:14,Joakim Noah,22:10,Brandon Jennings,22:08,Willy Hernangómez,21:19,Justin Holiday,19:36,106,0,2,2.0,100.0,0.0,0.0,0.0,0.0,D.J. Augustin,11,0,2016-2017,0.0,1,3.0,ORL,95,Evan Fournier,Damjan Rudež,1:09,Stephen Zimmerman,1:09,,,,,,,,,35:36,Serge Ibaka,31:36,Elfrid Payton,31:06,Jeff Green,28:36,Nikola Vučević,27:09,Bismack Biyombo,27:08,Aaron Gordon,18:45,C.J. Watson,16:40,Mario Hezonja,1:09
3,.750,4,80.000,3,0.75,90,0,1,50.0,4,.800,1.0,100.0,1.0,5,0,,0,0.000,Logos via Sports Logos.net / About logos,W,https://www.basketball-reference.com/boxscores/201612230ORL.html,Home,109,18:11,1,50.0,LAL,Luol Deng,Marcelo Huertas,16:53,Metta World Peace,0:45,,,,,,,,,30:52,D'Angelo Russell,30:18,Nick Young,27:54,Jordan Clarkson,27:21,Timofey Mozgov,24:57,Brandon Ingram,23:16,Lou Williams,21:10,Thomas Robinson,19:26,Ivica Zubac,17:08,90,3,11,2.0,18.2,9.0,81.8,0.0,0.0,D.J. Augustin,19,0,2016-2017,0.0,4,2.0,ORL,109,Serge Ibaka,C.J. Wilcox,2:43,Stephen Zimmerman,2:43,Mario Hezonja,1:41,,,,,,,29:49,Elfrid Payton,29:46,Bismack Biyombo,28:01,Jodie Meeks,26:45,Nikola Vučević,25:35,Aaron Gordon,23:36,C.J. Watson,22:49,Jeff Green,20:27,Damjan Rudež,7:55
2,1.000,2,25.000,7,7.00,102,0,0,,4,.500,2.0,33.3,6.0,8,0,,0,0.000,Logos via Sports Logos.net / About logos,W,https://www.basketball-reference.com/boxscores/201612260ORL.html,Home,112,19:54,0,,MEM,JaMychal Green,Vince Carter,15:28,Chandler Parsons,12:25,,,,,,,,,29:33,Marc Gasol,27:51,Mike Conley,26:32,Andrew Harrison,24:07,Zach Randolph,23:09,Tony Allen,22:47,James Ennis III,22:10,Troy Daniels,19:46,Jarell Martin,16:12,102,2,10,4.0,40.0,6.0,60.0,0.0,0.0,D.J. Augustin,10,1,2016-2017,1.0,1,0.0,ORL,112,Aaron Gordon,Damjan Rudež,2:38,C.J. Wilcox,2:38,Stephen Zimmerman,2:38,,,,,,,34:13,Jodie Meeks,28:33,Nikola Vučević,27:11,Elfrid Payton,25:28,Serge Ibaka,24:29,Jeff Green,23:53,Bismack Biyombo,23:51,C.J. Watson,20:03,Mario Hezonja,4:31
1,.333,3,60.000,3,1.00,120,0,0,,2,.400,1.0,50.0,2.0,5,2,1.000,2,40.000,Logos via Sports Logos.net / About logos,L,https://www.basketball-reference.com/boxscores/201612280ORL.html,Home,101,15:33,0,,CHO,Michael Kidd-Gilchrist,Spencer Hawes,8:22,Brian Roberts,5:48,Treveon Graham,4:18,,,,,,,29:56,Nicolas Batum,29:43,Jeremy Lamb,27:44,Frank Kaminsky,26:21,Kemba Walker,24:52,Cody Zeller,23:55,Marvin Williams,21:39,Ramon Sessions,21:39,Roy Hibbert,15:43,120,1,7,2.0,28.6,3.0,42.9,2.0,28.6,D.J. Augustin,19,0,2016-2017,0.0,3,0.0,ORL,101,Serge Ibaka,Damjan Rudež,12:00,Stephen Zimmerman,5:48,C.J. Wilcox,5:48,,,,,,,29:43,Elfrid Payton,26:39,Nikola Vučević,26:35,Aaron Gordon,25:00,Jodie Meeks,22:11,Bismack Biyombo,21:54,C.J. Watson,21:54,Jeff Green,14:55,Mario Hezonja,12:00
1,.250,4,66.667,3,3.00,104,0,0,,2,.333,1.0,50.0,2.0,6,0,,0,0.000,Logos via Sports Logos.net / About logos,L,https://www.basketball-reference.com/boxscores/201701010IND.html,Away,117,14:42,0,,IND,Glenn Robinson III,Al Jefferson,13:51,Lavoy Allen,2:55,Joe Young,2:55,Georges Niang,1:08,,,,,32:16,Thaddeus Young,31:57,Myles Turner,31:14,Paul George,30:54,Jeff Teague,27:12,Aaron Brooks,17:53,Kevin Séraphin,16:03,C.J. Miles,15:58,Monta Ellis,15:44,117,1,5,2.0,40.0,3.0,60.0,0.0,0.0,D.J. Augustin,13,1,2016-2017,1.0,1,0.0,ORL,104,Serge Ibaka,C.J. Wilcox,4:24,Arinze Onuaku,4:24,,,,,,,,,31:37,Jodie Meeks,29:46,Nikola Vučević,29:32,Elfrid Payton,28:54,Aaron Gordon,27:40,Jeff Green,22:58,Bismack Biyombo,22:54,C.J. Watson,18:45,Mario Hezonja,4:24
2,.500,4,100.000,2,,115,0,0,,2,.500,0.0,,0.0,4,0,,0,0.000,Logos via Sports Logos.net / About logos,W,https://www.basketball-reference.com/boxscores/201701020NYK.html,Away,103,13:32,0,,NYK,Carmelo Anthony,Justin Holiday,14:10,Ron Baker,1:50,Maurice Ndour,1:50,,,,,,,34:42,Courtney Lee,33:50,Joakim Noah,32:56,Derrick Rose,28:14,Brandon Jennings,23:55,Lance Thomas,19:44,Kyle O'Quinn,17:17,Willy Hernangómez,15:48,Mindaugas Kuzminskas,15:44,103,1,6,0.0,0.0,6.0,100.0,0.0,0.0,D.J. Augustin,12,1,2016-2017,1.0,0,0.0,ORL,115,Aaron Gordon,Mario Hezonja,1:50,C.J. Wilcox,1:40,,,,,,,,,31:50,Jodie Meeks,31:41,Serge Ibaka,31:14,Nikola Vučević,31:13,Elfrid Payton,30:45,Jeff Green,27:01,Bismack Biyombo,19:02,C.J. Watson,18:22,Arinze Onuaku,1:50
2,.500,4,100.000,1,,111,0,2,100.0,2,.500,0.0,,0.0,4,0,,0,0.000,Logos via Sports Logos.net / About logos,L,https://www.basketball-reference.com/boxscores/201701040ORL.html,Home,92,13:18,0,0.0,ATL,Paul Millsap,Kris Humphries,14:18,DeAndre' Bembry,2:14,,,,,,,,,30:09,Dwight Howard,29:46,Dennis Schröder,29:34,Thabo Sefolosha,28:04,Kent Bazemore,26:55,Mike Muscala,21:39,Tim Hardaway Jr.,21:03,Malcolm Delaney,19:43,Kyle Korver,16:35,111,0,6,0.0,0.0,6.0,100.0,0.0,0.0,D.J. Augustin,19,0,2016-2017,0.0,0,2.0,ORL,92,Elfrid Payton,Arinze Onuaku,2:14,Damjan Rudež,2:14,C.J. Watson,2:14,,,,,,,34:42,Serge Ibaka,32:59,Nikola Vučević,30:20,Evan Fournier,29:31,Aaron Gordon,25:02,Jodie Meeks,23:42,Jeff Green,20:52,Bismack Biyombo,20:38,Mario Hezonja,2:14
4,.571,7,77.778,2,1.00,100,0,1,100.0,5,.556,1.0,50.0,2.0,9,5,1.000,5,55.556,Logos via Sports Logos.net / About logos,L,https://www.basketball-reference.com/boxscores/201701060ORL.html,Home,93,28:47,0,0.0,HOU,James Harden,,,,,,,,,,,,,34:09,Ryan Anderson,33:00,Eric Gordon,31:33,Patrick Beverley,31:28,Trevor Ariza,29:20,Nenê,25:29,Montrezl Harrell,21:35,Sam Dekker,17:33,Corey Brewer,15:53,100,2,19,2.0,10.5,12.0,63.2,5.0,26.3,D.J. Augustin,7,1,2016-2017,1.0,2,1.0,ORL,93,Aaron Gordon,,,,,,,,,,,,,35:47,Evan Fournier,35:11,Serge Ibaka,33:20,Nikola Vučević,28:26,Elfrid Payton,25:03,Jeff Green,19:55,Bismack Biyombo,19:31,Jodie Meeks,14:02,,
1,.200,5,83.333,8,8.00,95,0,5,100.0,1,.167,0.0,0.0,1.0,6,3,.750,4,66.667,Logos via Sports Logos.net / About logos,L,https://www.basketball-reference.com/boxscores/201701080LAL.html,Away,111,28:14,0,0.0,LAL,Julius Randle,Thomas Robinson,10:00,,,,,,,,,,,34:07,Luol Deng,31:06,D'Angelo Russell,30:43,Timofey Mozgov,30:11,Jordan Clarkson,28:32,Brandon Ingram,26:46,Nick Young,19:28,Lou Williams,17:17,Tarik Black,11:50,111,2,6,0.0,0.0,3.0,50.0,3.0,50.0,D.J. Augustin,16,0,2016-2017,0.0,1,5.0,ORL,95,Serge Ibaka,Damjan Rudež,0:53,C.J. Watson,0:53,C.J. Wilcox,0:53,,,,,,,37:53,Evan Fournier,33:45,Bismack Biyombo,26:18,Nikola Vučević,26:07,Aaron Gordon,24:00,Jeff Green,23:30,Elfrid Payton,18:53,Jodie Meeks,17:49,Mario Hezonja,0:53
0,.000,3,33.333,3,,96,0,1,50.0,2,.222,2.0,33.3,6.0,9,3,1.000,3,33.333,Logos via Sports Logos.net / About logos,L,https://www.basketball-reference.com/boxscores/201701110LAC.html,Away,105,27:14,1,50.0,LAC,JJ Redick,Brandon Bass,8:06,,,,,,,,,,,36:01,Chris Paul,32:41,Austin Rivers,32:40,DeAndre Jordan,32:28,Jamal Crawford,24:31,Luc Mbah a Moute,23:05,Wesley Johnson,17:57,Raymond Felton,16:59,Marreese Speights,15:32,105,1,7,4.0,57.1,0.0,0.0,3.0,42.9,D.J. Augustin,9,0,2016-2017,0.0,0,2.0,ORL,96,Aaron Gordon,,,,,,,,,,,,,39:12,Nikola Vučević,31:39,Jodie Meeks,27:46,Evan Fournier,25:29,Jeff Green,25:28,Elfrid Payton,22:51,Bismack Biyombo,16:21,Mario Hezonja,12:26,C.J. Watson,11:34
1,.500,2,28.571,2,,115,0,1,100.0,4,.571,3.0,60.0,5.0,7,6,1.000,6,85.714,Logos via Sports Logos.net / About logos,W,https://www.basketball-reference.com/boxscores/201701130POR.html,Away,109,17:09,0,0.0,POR,Damian Lillard,,,,,,,,,,,,,37:10,CJ McCollum,36:34,Allen Crabbe,32:52,Al-Farouq Aminu,31:29,Mason Plumlee,28:10,Evan Turner,23:53,Meyers Leonard,20:25,Ed Davis,16:05,Pat Connaughton,13:22,109,0,15,6.0,40.0,3.0,20.0,6.0,40.0,D.J. Augustin,6,0,2016-2017,0.0,0,1.0,ORL,115,Aaron Gordon,,,,,,,,,,,,,36:16,Elfrid Payton,34:30,Nikola Vučević,31:47,Evan Fournier,30:27,Serge Ibaka,28:32,Jeff Green,19:50,Jodie Meeks,18:32,Bismack Biyombo,15:51,Mario Hezonja,7:06
0,.000,2,50.000,1,,107,0,2,100.0,0,.000,0.0,0.0,2.0,4,0,,0,0.000,Logos via Sports Logos.net / About logos,L,https://www.basketball-reference.com/boxscores/201701140UTA.html,Away,114,12:27,0,0.0,UTA,Gordon Hayward,Dante Exum,7:33,Raul Neto,6:50,Jeff Withey,0:01,,,,,,,38:33,Rudy Gobert,36:02,George Hill,33:37,Rodney Hood,32:36,Derrick Favors,31:49,Alec Burks,14:46,Boris Diaw,13:54,Trey Lyles,13:47,Joe Ingles,10:32,114,3,0,0.0,,0.0,,0.0,,D.J. Augustin,7,1,2016-2017,1.0,0,2.0,ORL,107,Elfrid Payton,,,,,,,,,,,,,39:21,Aaron Gordon,39:19,Jodie Meeks,38:07,Nikola Vučević,32:58,Serge Ibaka,32:34,Jeff Green,17:37,Bismack Biyombo,15:02,C.J. Watson,8:22,Mario Hezonja,4:13
2,.500,4,50.000,3,,112,0,1,100.0,5,.625,3.0,75.0,4.0,8,2,1.000,2,25.000,Logos via Sports Logos.net / About logos,L,https://www.basketball-reference.com/boxscores/201701160DEN.html,Away,125,19:13,0,0.0,DEN,Danilo Gallinari,Juancho Hernangómez,3:05,Gary Harris,2:54,,,,,,,,,40:20,Emmanuel Mudiay,36:57,Nikola Jokić,35:51,Kenneth Faried,33:05,Jameer Nelson,32:22,Will Barton,23:47,Wilson Chandler,20:38,Jusuf Nurkić,6:26,Jamal Murray,4:35,125,0,14,6.0,42.9,6.0,42.9,2.0,14.3,D.J. Augustin,13,0,2016-2017,0.0,0,1.0,ORL,112,Jodie Meeks,Damjan Rudež,0:26,,,,,,,,,,,34:10,Serge Ibaka,30:22,Elfrid Payton,28:47,Nikola Vučević,27:49,Aaron Gordon,27:47,Mario Hezonja,20:39,Bismack Biyombo,19:45,Jeff Green,17:12,C.J. Watson,13:50
2,.250,8,57.143,2,0.50,98,0,2,100.0,4,.286,2.0,33.3,6.0,14,0,,0,0.000,Logos via Sports Logos.net / About logos,L,https://www.basketball-reference.com/boxscores/201701180NOP.html,Away,118,33:58,0,0.0,NOP,Solomon Hill,Donatas Motiejūnas,3:26,Tim Frazier,3:26,,,,,,,,,31:38,Langston Galloway,31:11,Anthony Davis,28:55,Dante Cunningham,27:27,Jrue Holiday,25:50,E'Twaun Moore,25:37,Buddy Hield,24:07,Tyreke Evans,19:56,Terrence Jones,18:28,118,1,10,4.0,40.0,6.0,60.0,0.0,0.0,D.J. Augustin,20,0,2016-2017,0.0,4,2.0,ORL,98,Aaron Gordon,Damjan Rudež,5:38,,,,,,,,,,,30:51,Nikola Vučević,26:01,Serge Ibaka,24:49,Elfrid Payton,24:17,Jeff Green,23:15,C.J. Watson,18:55,Bismack Biyombo,18:33,Mario Hezonja,17:57,Jodie Meeks,15:46
1,.167,6,66.667,8,8.00,96,0,2,100.0,3,.333,2.0,66.7,3.0,9,3,.750,4,44.444,Logos via Sports Logos.net / About logos,W,https://www.basketball-reference.com/boxscores/201701200ORL.html,Home,112,27:57,0,0.0,MIL,Jabari Parker,Jason Terry,11:35,Rashad Vaughn,9:53,Michael Beasley,6:52,Thon Maker,4:34,,,,,37:37,Giannis Antetokounmpo,35:42,Malcolm Brogdon,35:18,Tony Snell,24:25,John Henson,16:22,Miles Plumlee,15:56,Mirza Teletović,15:00,Greg Monroe,14:04,Matthew Dellavedova,12:42,96,1,10,4.0,40.0,3.0,30.0,3.0,30.0,D.J. Augustin,16,0,2016-2017,0.0,1,2.0,ORL,112,Elfrid Payton,,,,,,,,,,,,,37:29,Aaron Gordon,32:06,C.J. Watson,30:35,Jeff Green,26:49,Bismack Biyombo,25:00,Nikola Vučević,23:00,Serge Ibaka,22:08,Mario Hezonja,13:08,Damjan Rudež,1:50
0,,0,0.000,1,,118,0,1,100.0,0,.000,0.0,0.0,2.0,2,0,,0,0.000,Logos via Sports Logos.net / About logos,L,https://www.basketball-reference.com/boxscores/201701220ORL.html,Home,98,4:48,0,0.0,GSW,Klay Thompson,Damian Jones,7:24,Kevon Looney,6:25,James Michael McAdoo,4:27,,,,,,,33:53,Draymond Green,33:19,Stephen Curry,29:33,Kevin Durant,29:04,Andre Iguodala,28:38,Patrick McCaw,20:17,Zaza Pachulia,20:03,Ian Clark,14:07,JaVale McGee,12:50,118,0,0,0.0,,0.0,,0.0,,D.J. Augustin,20,0,2016-2017,0.0,0,1.0,ORL,98,Elfrid Payton,Damjan Rudež,4:29,,,,,,,,,,,39:15,C.J. Watson,36:28,Aaron Gordon,33:48,Jeff Green,27:20,Nikola Vučević,23:43,Bismack Biyombo,23:34,Mario Hezonja,21:24,Serge Ibaka,20:42,Anthony Brown,4:29
0,.000,2,33.333,4,4.00,98,0,1,100.0,2,.333,2.0,50.0,4.0,6,2,.333,6,100.000,Logos via Sports Logos.net / About logos,L,https://www.basketball-reference.com/boxscores/201701270BOS.html,Away,128,17:52,0,0.0,BOS,Jaylen Brown,Gerald Green,14:30,James Young,8:40,Jordan Mickey,6:15,,,,,,,30:22,Jonas Jerebko,27:11,Jae Crowder,26:32,Isaiah Thomas,24:42,Marcus Smart,23:10,Amir Johnson,21:45,Terry Rozier,20:09,Tyler Zeller,19:34,Kelly Olynyk,17:10,128,2,6,4.0,66.7,0.0,0.0,2.0,33.3,D.J. Augustin,30,0,2016-2017,0.0,1,1.0,ORL,98,C.J. Watson,Anthony Brown,12:00,,,,,,,,,,,31:30,Bismack Biyombo,24:52,Elfrid Payton,24:06,Damjan Rudež,24:04,Nikola Vučević,23:02,Aaron Gordon,22:46,Mario Hezonja,22:32,Serge Ibaka,21:28,Jeff Green,15:48
3,.600,5,50.000,3,1.50,114,0,2,100.0,7,.700,4.0,80.0,5.0,10,4,.800,5,50.000,Logos via Sports Logos.net / About logos,W,https://www.basketball-reference.com/boxscores/201701290TOR.html,Away,113,28:52,0,0.0,TOR,Kyle Lowry,Pascal Siakam,10:32,Jared Sullinger,6:47,Fred VanVleet,2:42,,,,,,,38:23,DeMar DeRozan,36:15,Patrick Patterson,29:18,Terrence Ross,28:25,Jonas Valančiūnas,27:43,Cory Joseph,18:04,DeMarre Carroll,17:28,Norman Powell,12:47,Lucas Nogueira,11:37,113,3,21,8.0,38.1,9.0,42.9,4.0,19.0,D.J. Augustin,1,1,2016-2017,1.0,2,2.0,ORL,114,Elfrid Payton,,,,,,,,,,,,,35:32,C.J. Watson,33:47,Nikola Vučević,33:19,Serge Ibaka,33:08,Jeff Green,27:13,Aaron Gordon,26:09,Bismack Biyombo,14:41,Damjan Rudež,7:19,,
1,.200,5,55.556,3,3.00,105,0,1,100.0,2,.222,1.0,25.0,4.0,9,0,,0,0.000,Logos via Sports Logos.net / About logos,L,https://www.basketball-reference.com/boxscores/201701300MIN.html,Away,111,22:33,0,0.0,MIN,Karl-Anthony Towns,Tyus Jones,0:04,,,,,,,,,,,44:53,Zach LaVine,43:04,Andrew Wiggins,40:46,Ricky Rubio,35:53,Gorgui Dieng,32:50,Nemanja Bjelica,24:02,Shabazz Muhammad,22:10,Kris Dunn,17:03,Cole Aldrich,4:15,111,0,5,2.0,40.0,3.0,60.0,0.0,0.0,D.J. Augustin,6,0,2016-2017,0.0,1,1.0,ORL,105,Serge Ibaka,,,,,,,,,,,,,38:18,Nikola Vučević,37:36,C.J. Watson,34:25,Elfrid Payton,30:27,Aaron Gordon,27:56,Jeff Green,25:08,Evan Fournier,22:55,Bismack Biyombo,15:24,Damjan Rudež,10:18
1,.500,2,33.333,2,0.67,98,0,0,0.0,3,.500,2.0,50.0,4.0,6,3,.750,4,66.667,Logos via Sports Logos.net / About logos,L,https://www.basketball-reference.com/boxscores/201702010ORL.html,Home,88,20:51,1,100.0,IND,Jeff Teague,Rodney Stuckey,13:43,,,,,,,,,,,34:17,Paul George,33:27,Myles Turner,31:34,Thaddeus Young,29:01,Glenn Robinson III,21:07,C.J. Miles,20:51,Monta Ellis,20:37,Lavoy Allen,18:57,Al Jefferson,16:26,98,1,10,4.0,40.0,3.0,30.0,3.0,30.0,D.J. Augustin,10,1,2016-2017,1.0,3,1.0,ORL,88,Nikola Vučević,,,,,,,,,,,,,37:37,Serge Ibaka,35:39,Aaron Gordon,31:32,Elfrid Payton,31:30,Evan Fournier,29:34,C.J. Watson,19:22,Bismack Biyombo,17:27,Jeff Green,16:28,,
0,.000,1,50.000,2,2.00,94,0,0,0.0,0,.000,0.0,0.0,1.0,2,3,.600,5,250.000,Logos via Sports Logos.net / About logos,W,https://www.basketball-reference.com/boxscores/201702030ORL.html,Home,102,16:23,1,100.0,TOR,Kyle Lowry,Patrick Patterson,6:43,Cory Joseph,6:30,,,,,,,,,42:12,Norman Powell,37:30,Jonas Valančiūnas,34:40,Terrence Ross,28:06,Lucas Nogueira,25:07,Fred VanVleet,22:49,DeMarre Carroll,18:14,Pascal Siakam,9:31,Jared Sullinger,8:39,94,1,3,0.0,0.0,0.0,0.0,3.0,100.0,D.J. Augustin,8,0,2016-2017,0.0,1,1.0,ORL,102,Evan Fournier,,,,,,,,,,,,,35:54,Serge Ibaka,34:40,C.J. Watson,32:05,Elfrid Payton,31:37,Nikola Vučević,29:42,Aaron Gordon,28:17,Bismack Biyombo,17:53,Jeff Green,13:29,,
2,.333,6,75.000,3,3.00,86,1,1,100.0,2,.250,0.0,0.0,2.0,8,2,1.000,2,25.000,Logos via Sports Logos.net / About logos,L,https://www.basketball-reference.com/boxscores/201702040ATL.html,Away,113,28:06,0,0.0,ATL,Paul Millsap,Kris Humphries,12:00,Taurean Prince,5:23,Mike Scott,5:23,Lamar Patterson,4:38,,,,,28:27,Tim Hardaway Jr.,27:06,Kent Bazemore,27:04,Dennis Schröder,25:44,Dwight Howard,24:01,DeAndre' Bembry,23:17,Malcolm Delaney,20:49,Mike Muscala,19:41,Mike Dunleavy,16:28,113,2,8,0.0,0.0,6.0,75.0,2.0,25.0,D.J. Augustin,27,1,2016-2017,2.0,1,1.0,ORL,86,Evan Fournier,Damjan Rudež,6:23,,,,,,,,,,,32:06,Elfrid Payton,26:17,Aaron Gordon,25:38,Bismack Biyombo,24:30,Serge Ibaka,23:55,Nikola Vučević,23:30,C.J. Watson,19:53,Jeff Green,17:42,Mario Hezonja,12:00
1,.333,3,60.000,3,3.00,104,0,2,66.7,1,.200,0.0,0.0,2.0,5,8,.667,12,240.000,Logos via Sports Logos.net / About logos,L,https://www.basketball-reference.com/boxscores/201702070HOU.html,Away,128,23:42,1,33.3,HOU,James Harden,K.J. McDaniels,1:42,Bobby Brown,1:42,Tyler Ennis,1:42,,,,,,,36:00,Trevor Ariza,36:00,Eric Gordon,30:15,Patrick Beverley,28:59,Clint Capela,28:19,Ryan Anderson,27:47,Nenê,17:59,Sam Dekker,17:35,Corey Brewer,12:00,128,0,11,0.0,0.0,3.0,27.3,8.0,72.7,D.J. Augustin,24,0,2016-2017,0.0,1,3.0,ORL,104,Serge Ibaka,,,,,,,,,,,,,40:43,Evan Fournier,36:49,Nikola Vučević,30:01,Elfrid Payton,26:45,C.J. Watson,23:02,Aaron Gordon,19:20,Bismack Biyombo,17:59,Mario Hezonja,14:34,Damjan Rudež,7:05
2,.667,3,60.000,3,,112,0,3,100.0,3,.600,1.0,50.0,2.0,5,1,.500,2,40.000,Logos via Sports Logos.net / About logos,L,https://www.basketball-reference.com/boxscores/201702090ORL.html,Home,111,24:02,0,0.0,PHI,Robert Covington,Timothé Luwawu-Cabarrot,7:48,,,,,,,,,,,35:44,T.J. McConnell,29:49,Nik Stauskas,28:24,Dario Šarić,27:35,Ersan İlyasova,26:50,Jahlil Okafor,22:28,Nerlens Noel,22:21,Gerald Henderson,20:50,Sergio Rodríguez,18:11,112,0,9,2.0,22.2,6.0,66.7,1.0,11.1,D.J. Augustin,1,0,2016-2017,0.0,0,3.0,ORL,111,Evan Fournier,,,,,,,,,,,,,43:10,Serge Ibaka,34:55,Nikola Vučević,31:25,C.J. Watson,28:09,Elfrid Payton,25:38,Mario Hezonja,18:11,Jeff Green,17:56,Bismack Biyombo,16:35,,
0,.000,3,60.000,1,1.00,80,0,3,75.0,1,.200,1.0,50.0,2.0,5,1,.500,2,40.000,Logos via Sports Logos.net / About logos,L,https://www.basketball-reference.com/boxscores/201702110DAL.html,Away,112,25:35,1,25.0,DAL,Yogi Ferrell,Dorian Finney-Smith,15:29,Nicolás Brussino,12:00,Devin Harris,12:00,,,,,,,31:43,Harrison Barnes,30:07,Seth Curry,27:17,Wesley Matthews,24:48,Salah Mejri,19:26,Dirk Nowitzki,17:55,Justin Anderson,16:54,Dwight Powell,16:32,Deron Williams,15:49,112,2,3,2.0,66.7,0.0,0.0,1.0,33.3,D.J. Augustin,32,1,2016-2017,1.0,1,4.0,ORL,80,Mario Hezonja,,,,,,,,,,,,,34:52,C.J. Watson,29:29,Evan Fournier,29:11,Nikola Vučević,27:17,Serge Ibaka,25:27,Bismack Biyombo,20:43,Elfrid Payton,20:29,Jeff Green,14:57,Damjan Rudež,12:00
1,1.000,1,25.000,1,1.00,116,0,1,100.0,1,.250,0.0,0.0,3.0,4,0,,0,0.000,Logos via Sports Logos.net / About logos,W,https://www.basketball-reference.com/boxscores/201702130MIA.html,Away,107,14:46,0,0.0,MIA,Goran Dragić,Okaro White,7:23,,,,,,,,,,,35:41,Hassan Whiteside,35:33,Dion Waiters,34:14,Tyler Johnson,31:25,James Johnson,28:27,Rodney McGruder,22:03,Wayne Ellington,20:37,Willie Reed,12:27,Luke Babbitt,12:10,107,2,3,0.0,0.0,3.0,100.0,0.0,0.0,D.J. Augustin,9,0,2016-2017,0.0,1,1.0,ORL,116,Evan Fournier,,,,,,,,,,,,,35:42,Nikola Vučević,31:29,Elfrid Payton,31:16,Aaron Gordon,29:26,Serge Ibaka,28:11,Jeff Green,20:14,C.J. Watson,16:44,Mario Hezonja,16:06,Bismack Biyombo,16:06
1,.333,3,75.000,1,0.50,107,0,1,100.0,2,.500,1.0,100.0,1.0,4,1,.333,3,75.000,Logos via Sports Logos.net / About logos,L,https://www.basketball-reference.com/boxscores/201702150ORL.html,Home,79,20:05,0,0.0,SAS,Dewayne Dedmon,Manu Ginóbili,15:45,Kyle Anderson,14:44,Dejounte Murray,6:26,Joel Anthony,5:40,,,,,28:55,LaMarcus Aldridge,28:03,Kawhi Leonard,27:07,Tony Parker,23:27,Jonathon Simmons,20:53,Patty Mills,18:07,David Lee,17:33,Danny Green,17:31,Dāvis Bertāns,15:49,107,0,6,2.0,33.3,3.0,50.0,1.0,16.7,D.J. Augustin,28,0,2016-2017,0.0,2,1.0,ORL,79,Jeff Green,Stephen Zimmerman,3:57,,,,,,,,,,,34:40,Evan Fournier,33:50,Aaron Gordon,32:41,Elfrid Payton,30:04,Nikola Vučević,28:26,Mario Hezonja,24:42,Bismack Biyombo,15:37,C.J. Watson,12:01,Damjan Rudež,3:57
1,1.000,1,14.286,2,1.00,112,0,0,,2,.286,1.0,16.7,6.0,7,2,1.000,2,28.571,Logos via Sports Logos.net / About logos,L,https://www.basketball-reference.com/boxscores/201702230ORL.html,Home,103,25:40,0,,POR,Maurice Harkless,Jake Layman,5:41,,,,,,,,,,,38:10,CJ McCollum,37:29,Jusuf Nurkić,34:29,Damian Lillard,32:22,Shabazz Napier,26:21,Allen Crabbe,24:52,Noah Vonleh,15:59,Ed Davis,13:29,Meyers Leonard,11:08,112,2,7,2.0,28.6,3.0,42.9,2.0,28.6,D.J. Augustin,9,1,2016-2017,1.0,2,0.0,ORL,103,Evan Fournier,,,,,,,,,,,,,37:57,Terrence Ross,32:59,Nikola Vučević,32:30,Aaron Gordon,29:29,Mario Hezonja,25:13,Elfrid Payton,22:20,Jeff Green,18:24,Bismack Biyombo,15:28,,
2,.500,4,66.667,2,,86,0,0,,3,.500,1.0,50.0,2.0,6,0,,0,0.000,Logos via Sports Logos.net / About logos,W,https://www.basketball-reference.com/boxscores/201702250ORL.html,Home,105,20:53,0,,ATL,Tim Hardaway Jr.,DeAndre' Bembry,4:27,Mike Muscala,2:35,,,,,,,,,33:08,Dennis Schröder,31:07,Paul Millsap,29:21,Dwight Howard,28:52,Taurean Prince,27:15,Ersan İlyasova,24:34,Kent Bazemore,23:58,Thabo Sefolosha,19:23,Malcolm Delaney,15:20,86,0,8,2.0,25.0,6.0,75.0,0.0,0.0,D.J. Augustin,19,0,2016-2017,0.0,0,0.0,ORL,105,Terrence Ross,Damjan Rudež,2:33,Stephen Zimmerman,2:15,,,,,,,,,35:18,Evan Fournier,34:24,Nikola Vučević,28:51,Elfrid Payton,27:57,Aaron Gordon,23:33,Mario Hezonja,22:55,Jeff Green,21:54,Bismack Biyombo,16:54,C.J. Wilcox,2:33
2,.400,5,62.500,1,,101,0,3,75.0,4,.500,2.0,66.7,3.0,8,5,1.000,5,62.500,Logos via Sports Logos.net / About logos,L,https://www.basketball-reference.com/boxscores/201703010ORL.html,Home,90,26:50,1,25.0,NYK,Carmelo Anthony,Chasson Randle,1:30,Marshall Plumlee,0:37,,,,,,,,,38:43,Courtney Lee,35:24,Kristaps Porziņģis,32:54,Derrick Rose,32:38,Lance Thomas,31:23,Kyle O'Quinn,19:08,Ron Baker,16:42,Justin Holiday,15:52,Mindaugas Kuzminskas,15:09,101,2,15,4.0,26.7,6.0,40.0,5.0,33.3,D.J. Augustin,11,0,2016-2017,0.0,0,4.0,ORL,90,Evan Fournier,,,,,,,,,,,,,38:18,Terrence Ross,36:45,Nikola Vučević,26:49,Jeff Green,24:11,Aaron Gordon,23:49,Bismack Biyombo,21:11,Elfrid Payton,21:10,Mario Hezonja,20:57,,
2,.400,5,62.500,2,1.00,99,0,2,66.7,2,.250,0.0,0.0,3.0,8,2,1.000,2,25.000,Logos via Sports Logos.net / About logos,W,https://www.basketball-reference.com/boxscores/201703030ORL.html,Home,110,21:12,1,33.3,MIA,Hassan Whiteside,Willie Reed,8:07,Okaro White,4:53,,,,,,,,,34:38,James Johnson,34:01,Goran Dragić,33:48,Tyler Johnson,28:22,Josh Richardson,24:18,Wayne Ellington,20:19,Dion Waiters,19:57,Rodney McGruder,17:16,Luke Babbitt,14:21,99,1,8,0.0,0.0,6.0,75.0,2.0,25.0,D.J. Augustin,11,0,2016-2017,0.0,2,3.0,ORL,110,Terrence Ross,,,,,,,,,,,,,35:22,Evan Fournier,33:39,Nikola Vučević,32:03,Aaron Gordon,32:03,Elfrid Payton,26:48,Mario Hezonja,16:02,Jeff Green,15:57,Bismack Biyombo,15:57,C.J. Watson,10:57
2,.667,3,75.000,4,,114,0,1,100.0,3,.750,1.0,100.0,1.0,4,0,,0,0.000,Logos via Sports Logos.net / About logos,L,https://www.basketball-reference.com/boxscores/201703050WAS.html,Away,115,18:26,0,0.0,WAS,Bradley Beal,Kelly Oubre Jr.,5:50,,,,,,,,,,,40:43,John Wall,37:18,Markieff Morris,31:26,Otto Porter Jr.,31:01,Bojan Bogdanović,27:27,Marcin Gortat,22:17,Ian Mahinmi,20:02,Brandon Jennings,16:36,Tomáš Satoranský,7:21,115,0,8,2.0,25.0,6.0,75.0,0.0,0.0,D.J. Augustin,1,0,2016-2017,0.0,0,1.0,ORL,114,Aaron Gordon,,,,,,,,,,,,,34:32,Bismack Biyombo,34:13,Evan Fournier,33:59,Terrence Ross,32:03,Elfrid Payton,29:34,Jeff Green,22:03,Mario Hezonja,16:32,C.J. Watson,13:27,Stephen Zimmerman,5:12
1,.333,3,75.000,3,3.00,113,0,0,0.0,1,.250,0.0,0.0,1.0,4,1,.500,2,50.000,Logos via Sports Logos.net / About logos,L,https://www.basketball-reference.com/boxscores/201703060ORL.html,Home,105,13:20,1,100.0,NYK,Courtney Lee,Kyle O'Quinn,12:20,,,,,,,,,,,40:55,Kristaps Porziņģis,30:07,Lance Thomas,27:17,Derrick Rose,27:14,Chasson Randle,25:55,Justin Holiday,24:45,Willy Hernangómez,17:49,Ron Baker,17:24,Mindaugas Kuzminskas,16:14,113,3,4,0.0,0.0,3.0,75.0,1.0,25.0,D.J. Augustin,8,0,2016-2017,0.0,1,1.0,ORL,105,Bismack Biyombo,,,,,,,,,,,,,41:44,Terrence Ross,35:05,Elfrid Payton,34:40,Evan Fournier,33:34,Aaron Gordon,29:54,Jeff Green,20:11,Mario Hezonja,15:23,C.J. Watson,11:58,Damjan Rudež,4:11
1,.250,4,66.667,0,,91,0,0,,3,.500,2.0,100.0,2.0,6,0,,0,0.000,Logos via Sports Logos.net / About logos,W,https://www.basketball-reference.com/boxscores/201703080ORL.html,Home,98,12:19,0,,CHI,Jimmy Butler,Cristiano Felício,12:11,,,,,,,,,,,38:15,Robin Lopez,35:45,Joffrey Lauvergne,28:53,Rajon Rondo,28:08,Jerian Grant,24:00,Denzel Valentine,22:43,Bobby Portis,19:07,Cameron Payne,17:00,Paul Zipser,13:58,91,1,7,4.0,57.1,3.0,42.9,0.0,0.0,D.J. Augustin,7,0,2016-2017,0.0,0,0.0,ORL,98,Elfrid Payton,,,,,,,,,,,,,35:41,Bismack Biyombo,35:17,Evan Fournier,33:49,Terrence Ross,31:11,Aaron Gordon,28:49,Mario Hezonja,19:22,Jeff Green,19:11,Stephen Zimmerman,12:43,C.J. Watson,11:38
0,,0,0.000,1,,81,0,1,100.0,0,.000,0.0,0.0,1.0,1,3,1.000,3,300.000,Logos via Sports Logos.net / About logos,L,https://www.basketball-reference.com/boxscores/201703100CHO.html,Away,121,12:32,0,0.0,CHO,Marvin Williams,Treveon Graham,7:21,Briante Weber,6:43,,,,,,,,,32:42,Cody Zeller,31:21,Nicolas Batum,28:10,Jeremy Lamb,28:03,Kemba Walker,24:19,Brian Roberts,23:41,Marco Belinelli,22:16,Michael Kidd-Gilchrist,19:18,Christian Wood,16:06,121,1,3,0.0,0.0,0.0,0.0,3.0,100.0,D.J. Augustin,40,0,2016-2017,0.0,0,1.0,ORL,81,Bismack Biyombo,C.J. Wilcox,8:32,Jeff Green,5:57,,,,,,,,,29:24,Aaron Gordon,28:13,Terrence Ross,27:54,Elfrid Payton,26:56,Evan Fournier,24:43,C.J. Watson,23:17,Mario Hezonja,22:29,Stephen Zimmerman,18:03,Damjan Rudež,12:00
0,.000,3,50.000,2,,116,0,1,100.0,2,.333,2.0,66.7,3.0,6,1,1.000,1,16.667,Logos via Sports Logos.net / About logos,L,https://www.basketball-reference.com/boxscores/201703110ORL.html,Home,104,12:08,0,0.0,CLE,LeBron James,James Jones,1:32,DeAndre Liggins,1:32,,,,,,,,,37:34,Kyrie Irving,35:46,Iman Shumpert,30:36,Tristan Thompson,27:44,Richard Jefferson,26:42,Deron Williams,25:00,J.R. Smith,20:39,Derrick Williams,16:29,Channing Frye,16:26,116,1,5,4.0,80.0,0.0,0.0,1.0,20.0,D.J. Augustin,12,0,2016-2017,0.0,0,1.0,ORL,104,Elfrid Payton,Damjan Rudež,1:32,C.J. Wilcox,1:32,Stephen Zimmerman,1:32,,,,,,,34:20,Terrence Ross,32:02,Evan Fournier,31:47,Aaron Gordon,30:57,Nikola Vučević,27:51,Jeff Green,17:49,C.J. Watson,17:34,Bismack Biyombo,16:19,Mario Hezonja,14:37
0,.000,4,57.143,4,4.00,115,0,2,100.0,1,.143,1.0,33.3,3.0,7,2,1.000,2,28.571,Logos via Sports Logos.net / About logos,L,https://www.basketball-reference.com/boxscores/201703130SAC.html,Away,120,14:19,0,0.0,SAC,Willie Cauley-Stein,,,,,,,,,,,,,36:05,Garrett Temple,34:30,Darren Collison,33:12,Buddy Hield,31:23,Anthony Tolliver,27:47,Ben McLemore,22:56,Langston Galloway,22:03,Skal Labissière,20:10,Georgios Papagiannis,11:55,120,0,4,2.0,50.0,0.0,0.0,2.0,50.0,D.J. Augustin,5,0,2016-2017,0.0,1,2.0,ORL,115,Elfrid Payton,,,,,,,,,,,,,33:41,Nikola Vučević,32:05,Evan Fournier,30:04,Terrence Ross,29:21,Aaron Gordon,29:03,Jeff Green,18:57,Mario Hezonja,18:39,C.J. Watson,17:56,Bismack Biyombo,15:55
0,.000,4,44.444,2,,92,0,1,100.0,2,.222,2.0,40.0,5.0,9,5,1.000,5,55.556,Logos via Sports Logos.net / About logos,L,https://www.basketball-reference.com/boxscores/201703160GSW.html,Away,122,19:31,0,0.0,GSW,Klay Thompson,David West,12:19,James Michael McAdoo,7:48,JaVale McGee,6:57,Kevon Looney,6:44,,,,,29:19,Stephen Curry,28:07,Draymond Green,25:22,Andre Iguodala,23:16,Zaza Pachulia,21:24,Matt Barnes,20:14,Ian Clark,19:53,Patrick McCaw,19:50,Shaun Livingston,18:47,122,2,9,4.0,44.4,0.0,0.0,5.0,55.6,D.J. Augustin,30,2,2016-2017,2.0,0,1.0,ORL,92,Terrence Ross,C.J. Wilcox,12:00,Stephen Zimmerman,7:12,Damjan Rudež,7:12,,,,,,,25:04,Nikola Vučević,24:36,Evan Fournier,24:25,Mario Hezonja,23:39,Elfrid Payton,21:59,Aaron Gordon,21:17,Jeff Green,18:00,Bismack Biyombo,17:39,C.J. Watson,17:26
1,.500,2,25.000,0,0.00,109,0,1,100.0,4,.500,3.0,50.0,6.0,8,3,.750,4,50.000,Logos via Sports Logos.net / About logos,W,https://www.basketball-reference.com/boxscores/201703170PHO.html,Away,103,16:23,0,0.0,PHO,Tyler Ulis,,,,,,,,,,,,,40:25,T.J. Warren,36:47,Devin Booker,30:20,Alex Len,28:02,Jared Dudley,26:16,Marquese Chriss,25:35,Ronnie Price,19:47,Derrick Jones Jr.,16:32,Alan Williams,16:16,103,3,12,6.0,50.0,3.0,25.0,3.0,25.0,D.J. Augustin,6,0,2016-2017,0.0,1,1.0,ORL,109,Evan Fournier,,,,,,,,,,,,,35:05,Aaron Gordon,34:07,Nikola Vučević,32:20,Elfrid Payton,30:53,Terrence Ross,30:33,Mario Hezonja,16:09,Bismack Biyombo,15:40,C.J. Watson,14:58,Jeff Green,13:53
1,1.000,1,20.000,1,0.50,109,0,2,66.7,1,.200,0.0,0.0,4.0,5,2,1.000,2,40.000,Logos via Sports Logos.net / About logos,W,https://www.basketball-reference.com/boxscores/201703200ORL.html,Home,112,18:20,1,33.3,PHI,Robert Covington,,,,,,,,,,,,,44:53,Richaun Holmes,41:59,Nik Stauskas,39:01,T.J. McConnell,34:25,Justin Anderson,26:47,Dario Šarić,25:30,Timothé Luwawu-Cabarrot,22:49,Sergio Rodríguez,18:35,Shawn Long,11:01,109,0,5,0.0,0.0,3.0,60.0,2.0,40.0,D.J. Augustin,3,1,2016-2017,1.0,2,3.0,ORL,112,Evan Fournier,C.J. Watson,4:00,,,,,,,,,,,36:56,Nikola Vučević,36:36,Terrence Ross,34:42,Aaron Gordon,31:35,Elfrid Payton,30:40,Jodie Meeks,20:25,Mario Hezonja,19:18,Bismack Biyombo,16:24,Jeff Green,16:04
1,.333,3,60.000,2,2.00,109,0,1,100.0,2,.400,1.0,50.0,2.0,5,1,1.000,1,20.000,Logos via Sports Logos.net / About logos,L,https://www.basketball-reference.com/boxscores/201703220ORL.html,Home,102,14:30,0,0.0,CHO,Marvin Williams,,,,,,,,,,,,,33:21,Frank Kaminsky,33:11,Kemba Walker,32:53,Nicolas Batum,31:37,Cody Zeller,29:28,Michael Kidd-Gilchrist,27:00,Marco Belinelli,21:28,Jeremy Lamb,15:55,Briante Weber,15:07,109,1,6,2.0,33.3,3.0,50.0,1.0,16.7,D.J. Augustin,7,0,2016-2017,0.0,1,1.0,ORL,102,Elfrid Payton,,,,,,,,,,,,,33:30,Terrence Ross,31:03,Evan Fournier,30:24,Nikola Vučević,29:57,Aaron Gordon,28:39,Mario Hezonja,23:06,Bismack Biyombo,18:03,Jodie Meeks,15:29,C.J. Watson,15:19
1,.500,2,66.667,2,,87,0,2,100.0,1,.333,0.0,0.0,1.0,3,0,,0,0.000,Logos via Sports Logos.net / About logos,W,https://www.basketball-reference.com/boxscores/201703240ORL.html,Home,115,13:22,0,0.0,DET,Jon Leuer,Ish Smith,15:34,Boban Marjanović,12:00,Beno Udrih,12:00,Darrun Hilliard,8:30,,,,,27:36,Tobias Harris,25:35,Stanley Johnson,22:16,Marcus Morris,21:34,Kentavious Caldwell-Pope,21:17,Reggie Jackson,20:26,Andre Drummond,19:52,Reggie Bullock,17:12,Aron Baynes,16:08,87,0,3,0.0,0.0,3.0,100.0,0.0,0.0,D.J. Augustin,28,0,2016-2017,0.0,0,2.0,ORL,115,Aaron Gordon,Damjan Rudež,5:54,Stephen Zimmerman,5:54,C.J. Wilcox,5:54,,,,,,,29:40,Elfrid Payton,28:44,Mario Hezonja,27:38,Nikola Vučević,26:29,Evan Fournier,23:03,Jodie Meeks,20:43,Terrence Ross,20:34,C.J. Watson,16:28,Bismack Biyombo,15:37
0,,0,0.000,1,0.50,112,0,2,66.7,3,.375,3.0,37.5,8.0,8,2,1.000,2,25.000,Logos via Sports Logos.net / About logos,L,https://www.basketball-reference.com/boxscores/201703270TOR.html,Away,131,14:43,1,33.3,TOR,DeMar DeRozan,Lucas Nogueira,3:19,Fred VanVleet,1:53,Pascal Siakam,1:53,,,,,,,36:25,P.J. Tucker,32:42,Serge Ibaka,31:40,Cory Joseph,28:32,Jonas Valančiūnas,26:59,Norman Powell,24:13,Patrick Patterson,21:05,Delon Wright,18:22,Jakob Poeltl,12:57,131,1,8,6.0,75.0,0.0,0.0,2.0,25.0,D.J. Augustin,19,0,2016-2017,0.0,2,3.0,ORL,112,Aaron Gordon,C.J. Wilcox,1:53,Damjan Rudež,1:53,Stephen Zimmerman,1:53,,,,,,,36:12,Elfrid Payton,31:24,Evan Fournier,30:26,Terrence Ross,28:46,Nikola Vučević,28:39,Mario Hezonja,22:52,Bismack Biyombo,17:14,Jodie Meeks,13:03,C.J. Watson,11:02
0,.000,2,40.000,2,0.67,114,0,2,100.0,2,.400,2.0,66.7,3.0,5,4,1.000,4,80.000,Logos via Sports Logos.net / About logos,L,https://www.basketball-reference.com/boxscores/201703290ORL.html,Home,106,15:03,0,0.0,OKC,Victor Oladipo,Domantas Sabonis,10:38,Norris Cole,4:15,Doug McDermott,3:25,,,,,,,43:41,Russell Westbrook,41:49,Andre Roberson,35:05,Steven Adams,29:03,Taj Gibson,23:49,Álex Abrines,21:44,Enes Freedom,20:17,Jerami Grant,19:15,Semaj Christon,12:00,114,1,8,4.0,50.0,0.0,0.0,4.0,50.0,D.J. Augustin,8,1,2016-2017,1.0,3,2.0,ORL,106,Terrence Ross,,,,,,,,,,,,,45:29,Evan Fournier,40:52,Aaron Gordon,40:31,Elfrid Payton,37:53,Nikola Vučević,32:44,Bismack Biyombo,20:16,Mario Hezonja,18:17,Jodie Meeks,13:55,,
1,.500,2,40.000,2,0.50,111,0,1,100.0,2,.400,1.0,33.3,3.0,5,0,,0,0.000,Logos via Sports Logos.net / About logos,L,https://www.basketball-reference.com/boxscores/201704010BRK.html,Away,121,15:44,0,0.0,BRK,Jeremy Lin,Archie Goodwin,15:59,Randy Foye,10:57,,,,,,,,,28:11,Brook Lopez,28:02,Isaiah Whitehead,26:20,Rondae Hollis-Jefferson,24:36,Trevor Booker,23:55,Sean Kilpatrick,22:23,Caris LeVert,20:21,Spencer Dinwiddie,19:49,Justin Hamilton,19:27,121,0,5,2.0,40.0,3.0,60.0,0.0,0.0,D.J. Augustin,10,1,2016-2017,1.0,4,1.0,ORL,111,Evan Fournier,,,,,,,,,,,,,36:50,Aaron Gordon,35:26,Elfrid Payton,35:18,Terrence Ross,33:09,Nikola Vučević,32:24,Jodie Meeks,18:29,Mario Hezonja,17:04,Bismack Biyombo,15:36,,
1,.333,3,37.500,0,0.00,107,0,1,50.0,1,.125,0.0,0.0,5.0,8,2,1.000,2,25.000,Logos via Sports Logos.net / About logos,W,https://www.basketball-reference.com/boxscores/201704060ORL.html,Home,115,15:21,1,50.0,BRK,Jeremy Lin,Randy Foye,14:37,,,,,,,,,,,31:13,Brook Lopez,31:13,Caris LeVert,26:49,Isaiah Whitehead,25:37,Rondae Hollis-Jefferson,24:59,Spencer Dinwiddie,24:23,Quincy Acy,23:01,Archie Goodwin,21:21,Justin Hamilton,16:47,107,1,5,0.0,0.0,3.0,60.0,2.0,40.0,D.J. Augustin,8,1,2016-2017,1.0,1,2.0,ORL,115,Nikola Vučević,Bismack Biyombo,5:38,,,,,,,,,,,33:48,Elfrid Payton,32:39,Aaron Gordon,32:39,Jodie Meeks,30:36,Terrence Ross,24:46,Mario Hezonja,21:51,Marcus Georges-Hunt,20:16,Patricio Garino,13:52,Stephen Zimmerman,8:34
0,.000,6,66.667,2,0.67,75,0,1,100.0,2,.222,2.0,66.7,3.0,9,1,.500,2,22.222,Logos via Sports Logos.net / About logos,L,https://www.basketball-reference.com/boxscores/201704100CHI.html,Away,122,23:24,0,0.0,CHI,Jimmy Butler,Denzel Valentine,10:08,Isaiah Canaan,7:03,Joffrey Lauvergne,7:03,Anthony Morrow,5:37,,,,,30:48,Robin Lopez,29:28,Jerian Grant,27:36,Nikola Mirotić,26:42,Paul Zipser,26:07,Dwyane Wade,21:54,Cristiano Felício,18:32,Michael Carter-Williams,14:47,Bobby Portis,14:15,122,2,5,4.0,80.0,0.0,0.0,1.0,20.0,D.J. Augustin,47,0,2016-2017,0.0,3,1.0,ORL,75,Mario Hezonja,Patricio Garino,12:00,Damjan Rudež,5:37,,,,,,,,,31:35,Aaron Gordon,28:37,Evan Fournier,27:38,Nikola Vučević,26:36,Elfrid Payton,24:36,Terrence Ross,17:01,Bismack Biyombo,16:43,Jodie Meeks,14:13,Marcus Georges-Hunt,12:00
0,.000,1,100.000,4,4.00,109,0,2,100.0,0,.000,0.0,,0.0,1,0,,0,0.000,Logos via Sports Logos.net / About logos,W,https://www.basketball-reference.com/boxscores/201704120ORL.html,Home,113,16:52,0,0.0,DET,Ish Smith,Darrun Hilliard,13:15,,,,,,,,,,,34:45,Tobias Harris,29:47,Reggie Bullock,29:01,Kentavious Caldwell-Pope,28:39,Andre Drummond,24:34,Boban Marjanović,20:39,Stanley Johnson,20:25,Jon Leuer,19:51,Henry Ellenson,19:04,109,1,0,0.0,,0.0,,0.0,,D.J. Augustin,4,0,2016-2017,0.0,1,2.0,ORL,113,Aaron Gordon,Stephen Zimmerman,8:52,Bismack Biyombo,8:34,,,,,,,,,34:54,Elfrid Payton,31:08,Nikola Vučević,27:26,Evan Fournier,27:26,Mario Hezonja,23:11,Terrence Ross,22:21,Jodie Meeks,18:08,Patricio Garino,11:34,Marcus Georges-Hunt,9:34
2,.667,3,60.000,5,2.50,121,0,1,50.0,3,.600,1.0,50.0,2.0,5,2,1.000,2,40.000,Logos via Sports Logos.net / About logos,L,https://www.basketball-reference.com/boxscores/201710200BRK.html,Away,126,23:09,1,50.0,BRK,DeMarre Carroll,Timofey Mozgov,15:44,Jarrett Allen,14:36,,,,,,,,,27:33,Caris LeVert,27:18,D'Angelo Russell,25:26,Rondae Hollis-Jefferson,24:57,Spencer Dinwiddie,24:42,Allen Crabbe,22:52,Trevor Booker,21:40,Joe Harris,18:28,Quincy Acy,16:44,126,3,10,2.0,20.0,6.0,60.0,2.0,20.0,D.J. Augustin,5,1,2017-2018,1.0,2,2.0,ORL,121,Evan Fournier,Shelvin Mack,10:07,Marreese Speights,3:24,,,,,,,,,35:39,Nikola Vučević,35:13,Terrence Ross,30:16,Jonathan Isaac,22:39,Jonathon Simmons,21:46,Mario Hezonja,15:35,Arron Afflalo,14:55,Elfrid Payton,14:30,Bismack Biyombo,12:47
3,.750,4,66.667,10,10.00,114,0,4,100.0,4,.667,1.0,50.0,2.0,6,1,.500,2,33.333,Logos via Sports Logos.net / About logos,W,https://www.basketball-reference.com/boxscores/201710210CLE.html,Away,93,26:58,0,0.0,CLE,LeBron James,Kyle Korver,13:12,Channing Frye,8:21,Cedi Osman,8:21,Ante Žižić,6:52,,,,,31:12,Iman Shumpert,29:46,Kevin Love,27:06,Tristan Thompson,25:35,Jeff Green,20:49,J.R. Smith,20:33,Jae Crowder,18:36,Dwyane Wade,16:05,José Calderón,13:32,93,2,12,2.0,16.7,9.0,75.0,1.0,8.3,D.J. Augustin,21,1,2017-2018,1.0,1,4.0,ORL,114,Nikola Vučević,Wes Iwundu,5:24,Arron Afflalo,5:18,Khem Birch,5:09,,,,,,,28:12,Evan Fournier,26:40,Mario Hezonja,25:02,Terrence Ross,22:13,Jonathan Isaac,21:26,Shelvin Mack,21:02,Jonathon Simmons,20:23,Marreese Speights,18:05,Bismack Biyombo,14:08
1,.333,3,37.500,6,2.00,121,0,1,100.0,5,.625,4.0,80.0,5.0,8,8,1.000,8,100.000,Logos via Sports Logos.net / About logos,W,https://www.basketball-reference.com/boxscores/201710240ORL.html,Home,125,28:58,0,0.0,BRK,D'Angelo Russell,Jarrett Allen,14:53,Quincy Acy,12:55,,,,,,,,,29:54,Caris LeVert,29:17,DeMarre Carroll,26:43,Allen Crabbe,25:36,Rondae Hollis-Jefferson,24:37,Trevor Booker,23:45,Spencer Dinwiddie,18:06,Joe Harris,17:31,Timofey Mozgov,16:43,121,4,19,8.0,42.1,3.0,15.8,8.0,42.1,D.J. Augustin,4,3,2017-2018,3.0,3,1.0,ORL,125,Aaron Gordon,,,,,,,,,,,,,36:38,Evan Fournier,36:10,Nikola Vučević,31:51,Terrence Ross,27:43,Jonathon Simmons,25:04,Shelvin Mack,16:46,Bismack Biyombo,16:09,Jonathan Isaac,13:57,Mario Hezonja,6:44
1,.500,2,40.000,6,,87,0,3,100.0,3,.600,2.0,66.7,3.0,5,0,,0,0.000,Logos via Sports Logos.net / About logos,W,https://www.basketball-reference.com/boxscores/201710270ORL.html,Home,114,24:28,0,0.0,SAS,LaMarcus Aldridge,Dāvis Bertāns,15:14,Manu Ginóbili,14:00,Derrick White,12:00,,,,,,,29:30,Pau Gasol,25:32,Rudy Gay,23:53,Kyle Anderson,21:52,Brandon Paul,21:26,Patty Mills,20:37,Dejounte Murray,20:15,Danny Green,18:17,Bryn Forbes,17:24,87,3,7,4.0,57.1,3.0,42.9,0.0,0.0,D.J. Augustin,27,2,2017-2018,2.0,0,3.0,ORL,114,Evan Fournier,Wes Iwundu,7:05,Arron Afflalo,6:10,Marreese Speights,6:10,,,,,,,26:50,Aaron Gordon,25:56,Terrence Ross,24:10,Shelvin Mack,22:59,Jonathon Simmons,22:57,Nikola Vučević,22:56,Jonathan Isaac,19:25,Bismack Biyombo,18:54,Mario Hezonja,12:00
0,.000,3,42.857,5,,113,0,0,,0,.000,0.0,0.0,4.0,7,0,,0,0.000,Logos via Sports Logos.net / About logos,L,https://www.basketball-reference.com/boxscores/201710290CHO.html,Away,120,23:17,0,,CHO,Kemba Walker,Johnny O'Bryant,4:16,,,,,,,,,,,35:31,Dwight Howard,31:08,Jeremy Lamb,30:47,Marvin Williams,30:32,Dwayne Bacon,27:09,Michael Kidd-Gilchrist,22:36,Treveon Graham,21:31,Cody Zeller,18:33,Malik Monk,17:57,120,1,0,0.0,,0.0,,0.0,,D.J. Augustin,7,0,2017-2018,0.0,0,0.0,ORL,113,Evan Fournier,,,,,,,,,,,,,37:52,Aaron Gordon,36:09,Terrence Ross,33:45,Nikola Vučević,32:43,Jonathon Simmons,32:20,Shelvin Mack,16:46,Bismack Biyombo,15:17,Mario Hezonja,11:51,,
0,.000,2,40.000,4,4.00,115,0,1,100.0,1,.200,1.0,33.3,3.0,5,4,1.000,4,80.000,Logos via Sports Logos.net / About logos,W,https://www.basketball-reference.com/boxscores/201710300NOP.html,Away,99,23:01,0,0.0,NOP,Anthony Davis,Josh Smith,2:40,Darius Miller,1:05,,,,,,,,,41:24,DeMarcus Cousins,38:45,Jrue Holiday,34:51,E'Twaun Moore,31:56,Dante Cunningham,24:58,Jameer Nelson,24:53,Tony Allen,16:04,Ian Clark,14:27,Cheick Diallo,8:57,99,0,6,2.0,33.3,0.0,0.0,4.0,66.7,D.J. Augustin,16,3,2017-2018,3.0,1,1.0,ORL,115,Evan Fournier,Mario Hezonja,6:48,Arron Afflalo,1:05,Khem Birch,1:05,,,,,,,34:21,Nikola Vučević,31:44,Terrence Ross,30:42,Jonathon Simmons,28:26,Marreese Speights,21:21,Shelvin Mack,19:57,Aaron Gordon,18:20,Jonathan Isaac,15:00,Bismack Biyombo,8:10
0,,0,0.000,3,3.00,101,0,1,100.0,2,.667,2.0,66.7,3.0,3,1,1.000,1,33.333,Logos via Sports Logos.net / About logos,W,https://www.basketball-reference.com/boxscores/201711010MEM.html,Away,99,13:54,0,0.0,MEM,Dillon Brooks,,,,,,,,,,,,,37:34,Marc Gasol,36:19,James Ennis III,35:08,Tyreke Evans,34:23,Mario Chalmers,26:09,Andrew Harrison,20:13,Jarell Martin,19:26,Chandler Parsons,19:07,Brandan Wright,11:41,99,1,5,4.0,80.0,0.0,0.0,1.0,20.0,D.J. Augustin,2,1,2017-2018,1.0,1,1.0,ORL,101,Evan Fournier,Mario Hezonja,5:15,Marreese Speights,4:04,,,,,,,,,37:15,Aaron Gordon,34:24,Nikola Vučević,31:47,Jonathon Simmons,26:07,Shelvin Mack,25:23,Terrence Ross,23:11,Jonathan Isaac,19:26,Bismack Biyombo,12:09,Arron Afflalo,7:05
0,.000,1,33.333,1,0.50,125,0,1,100.0,0,.000,0.0,0.0,2.0,3,0,,0,0.000,Logos via Sports Logos.net / About logos,L,https://www.basketball-reference.com/boxscores/201711180ORL.html,Home,85,17:06,0,0.0,UTA,Rodney Hood,Ricky Rubio,16:29,Royce O'Neale,6:20,Tony Bradley,4:38,Nate Wolters,3:36,,,,,26:27,Donovan Mitchell,25:30,Derrick Favors,24:56,Jonas Jerebko,24:38,Alec Burks,24:19,Raul Neto,24:15,Joe Ingles,22:44,Ekpe Udoh,18:26,Thabo Sefolosha,17:42,125,1,0,0.0,,0.0,,0.0,,D.J. Augustin,40,0,2017-2018,0.0,2,1.0,ORL,85,Aaron Gordon,Marreese Speights,12:49,Shelvin Mack,10:34,,,,,,,,,29:40,Evan Fournier,25:38,Arron Afflalo,24:39,Nikola Vučević,23:51,Elfrid Payton,23:21,Terrence Ross,20:25,Bismack Biyombo,18:53,Jonathon Simmons,18:15,Mario Hezonja,14:49
1,.200,5,83.333,4,0.80,105,0,4,100.0,2,.333,1.0,100.0,1.0,6,5,.714,7,116.667,Logos via Sports Logos.net / About logos,L,https://www.basketball-reference.com/boxscores/201711200ORL.html,Home,97,22:55,0,0.0,IND,Thaddeus Young,,,,,,,,,,,,,36:49,Bojan Bogdanović,34:52,Darren Collison,34:45,Victor Oladipo,33:57,Myles Turner,33:46,Lance Stephenson,23:03,Cory Joseph,22:29,Domantas Sabonis,20:19,,,105,1,10,2.0,20.0,3.0,30.0,5.0,50.0,D.J. Augustin,8,0,2017-2018,0.0,5,4.0,ORL,97,Aaron Gordon,,,,,,,,,,,,,35:20,Evan Fournier,31:13,Jonathon Simmons,30:01,Nikola Vučević,28:57,Elfrid Payton,25:05,Terrence Ross,24:28,Bismack Biyombo,19:03,Arron Afflalo,11:58,Marreese Speights,11:00
1,1.000,1,33.333,3,,118,0,2,100.0,2,.667,1.0,50.0,2.0,3,1,1.000,1,33.333,Logos via Sports Logos.net / About logos,L,https://www.basketball-reference.com/boxscores/201711220MIN.html,Away,124,12:46,0,0.0,MIN,Andrew Wiggins,Shabazz Muhammad,7:20,,,,,,,,,,,40:40,Taj Gibson,40:05,Jeff Teague,37:20,Jimmy Butler,36:17,Karl-Anthony Towns,36:07,Gorgui Dieng,11:53,Jamal Crawford,11:47,Tyus Jones,10:40,Nemanja Bjelica,7:51,124,3,6,2.0,33.3,3.0,50.0,1.0,16.7,D.J. Augustin,6,0,2017-2018,0.0,0,2.0,ORL,118,Aaron Gordon,,,,,,,,,,,,,36:44,Elfrid Payton,34:22,Evan Fournier,34:05,Terrence Ross,33:58,Nikola Vučević,33:34,Jonathon Simmons,17:56,Bismack Biyombo,14:22,Marreese Speights,11:20,Arron Afflalo,10:52
0,.000,1,25.000,2,0.67,103,0,1,100.0,3,.750,3.0,100.0,3.0,4,0,,0,0.000,Logos via Sports Logos.net / About logos,L,https://www.basketball-reference.com/boxscores/201711240BOS.html,Away,118,12:51,0,0.0,BOS,Terry Rozier,Guerschon Yabusele,7:09,Abdel Nader,3:09,,,,,,,,,30:03,Jaylen Brown,27:34,Semi Ojeleye,26:53,Al Horford,26:02,Marcus Morris,25:58,Kyrie Irving,24:52,Marcus Smart,24:28,Aron Baynes,21:58,Jayson Tatum,21:54,118,0,6,6.0,100.0,0.0,0.0,0.0,0.0,D.J. Augustin,15,0,2017-2018,0.0,3,1.0,ORL,103,Bismack Biyombo,Shelvin Mack,15:18,Mario Hezonja,12:00,,,,,,,,,27:26,Aaron Gordon,25:42,Jonathon Simmons,23:41,Elfrid Payton,23:09,Marreese Speights,21:35,Nikola Vučević,20:34,Arron Afflalo,19:36,Terrence Ross,19:20,Evan Fournier,18:48
3,.600,5,50.000,1,1.00,111,0,0,,5,.500,2.0,40.0,5.0,10,1,1.000,1,10.000,Logos via Sports Logos.net / About logos,L,https://www.basketball-reference.com/boxscores/201711250PHI.html,Away,130,17:26,0,,PHI,T.J. McConnell,Furkan Korkmaz,1:30,Jacob Pullen,1:30,,,,,,,,,36:47,Dario Šarić,33:46,JJ Redick,33:10,Robert Covington,28:43,Joel Embiid,28:34,Timothé Luwawu-Cabarrot,23:55,Jerryd Bayless,23:16,Amir Johnson,18:40,Richaun Holmes,10:09,130,1,14,4.0,28.6,9.0,64.3,1.0,7.1,D.J. Augustin,19,0,2017-2018,0.0,1,0.0,ORL,111,Aaron Gordon,Mario Hezonja,1:30,Shelvin Mack,1:30,,,,,,,,,35:18,Nikola Vučević,32:40,Evan Fournier,32:29,Terrence Ross,30:01,Elfrid Payton,29:04,Jonathon Simmons,24:15,Marreese Speights,14:05,Bismack Biyombo,13:57,Arron Afflalo,7:45
1,.500,2,33.333,4,2.00,109,0,1,100.0,4,.667,3.0,75.0,4.0,6,2,.667,3,50.000,Logos via Sports Logos.net / About logos,L,https://www.basketball-reference.com/boxscores/201711270IND.html,Away,121,21:47,0,0.0,IND,Bojan Bogdanović,,,,,,,,,,,,,37:14,Victor Oladipo,33:07,Cory Joseph,30:53,Myles Turner,30:20,Thaddeus Young,29:46,Darren Collison,27:57,Domantas Sabonis,26:44,Lance Stephenson,23:59,,,121,2,11,6.0,54.5,3.0,27.3,2.0,18.2,D.J. Augustin,12,0,2017-2018,0.0,2,1.0,ORL,109,Aaron Gordon,,,,,,,,,,,,,39:08,Nikola Vučević,36:44,Evan Fournier,36:23,Jonathon Simmons,34:25,Elfrid Payton,26:17,Terrence Ross,25:25,Marreese Speights,12:19,Bismack Biyombo,7:32,,
2,1.000,2,40.000,3,,108,0,0,0.0,4,.800,2.0,66.7,3.0,5,1,.500,2,40.000,Logos via Sports Logos.net / About logos,W,https://www.basketball-reference.com/boxscores/201711290ORL.html,Home,121,17:05,1,100.0,OKC,Paul George,Dakari Johnson,6:30,,,,,,,,,,,40:37,Russell Westbrook,37:47,Carmelo Anthony,34:12,Andre Roberson,30:00,Steven Adams,28:05,Jerami Grant,20:02,Terrance Ferguson,19:32,Raymond Felton,16:08,Patrick Patterson,7:07,108,1,11,4.0,36.4,6.0,54.5,1.0,9.1,D.J. Augustin,13,1,2017-2018,1.0,0,1.0,ORL,121,Aaron Gordon,,,,,,,,,,,,,43:57,Jonathon Simmons,33:08,Evan Fournier,32:59,Nikola Vučević,30:56,Elfrid Payton,30:55,Bismack Biyombo,17:04,Arron Afflalo,16:13,Terrence Ross,13:40,Mario Hezonja,4:03
2,1.000,2,22.222,2,0.67,133,0,0,0.0,5,.556,3.0,42.9,7.0,9,0,,0,0.000,Logos via Sports Logos.net / About logos,L,https://www.basketball-reference.com/boxscores/201712010ORL.html,Home,112,17:41,2,100.0,GSW,Klay Thompson,David West,11:08,Nick Young,2:26,Kevon Looney,2:26,JaVale McGee,2:26,,,,,35:18,Draymond Green,33:58,Stephen Curry,33:03,Kevin Durant,30:23,Patrick McCaw,21:56,Omri Casspi,20:04,Shaun Livingston,16:02,Jordan Bell,15:39,Zaza Pachulia,15:11,133,2,12,6.0,50.0,6.0,50.0,0.0,0.0,D.J. Augustin,21,1,2017-2018,1.0,3,2.0,ORL,112,Jonathon Simmons,Wes Iwundu,3:29,Shelvin Mack,3:29,,,,,,,,,38:57,Aaron Gordon,36:30,Evan Fournier,33:08,Elfrid Payton,29:23,Nikola Vučević,25:45,Arron Afflalo,17:53,Bismack Biyombo,16:29,Mario Hezonja,13:47,Khem Birch,3:29
1,.333,3,60.000,0,0.00,105,0,1,100.0,1,.200,0.0,0.0,2.0,5,0,,0,0.000,Logos via Sports Logos.net / About logos,W,https://www.basketball-reference.com/boxscores/201712030NYK.html,Away,100,15:53,0,0.0,NYK,Courtney Lee,Ron Baker,8:09,Ramon Sessions,4:01,,,,,,,,,35:39,Enes Freedom,30:41,Doug McDermott,30:22,Jarrett Jack,27:41,Michael Beasley,27:35,Damyean Dotson,21:57,Lance Thomas,20:30,Kyle O'Quinn,17:10,Frank Ntilikina,16:16,100,1,3,0.0,0.0,3.0,100.0,0.0,0.0,D.J. Augustin,5,0,2017-2018,0.0,1,1.0,ORL,105,Aaron Gordon,,,,,,,,,,,,,38:35,Jonathon Simmons,37:49,Evan Fournier,37:25,Nikola Vučević,34:55,Elfrid Payton,34:29,Arron Afflalo,18:30,Bismack Biyombo,12:56,Marreese Speights,9:29,,
2,1.000,2,66.667,2,0.67,94,0,5,100.0,3,1.000,1.0,100.0,1.0,3,5,1.000,5,166.667,Logos via Sports Logos.net / About logos,L,https://www.basketball-reference.com/boxscores/201712040CHO.html,Away,104,16:09,0,0.0,CHO,Nicolas Batum,Dwayne Bacon,10:49,,,,,,,,,,,37:11,Kemba Walker,34:14,Dwight Howard,29:07,Michael Kidd-Gilchrist,25:57,Marvin Williams,24:26,Frank Kaminsky,23:34,Jeremy Lamb,22:03,Cody Zeller,18:54,Michael Carter-Williams,13:46,104,0,13,2.0,15.4,6.0,46.2,5.0,38.5,D.J. Augustin,10,1,2017-2018,1.0,3,5.0,ORL,94,Aaron Gordon,Wes Iwundu,5:59,,,,,,,,,,,35:28,Jonathon Simmons,34:17,Elfrid Payton,31:52,Evan Fournier,29:53,Nikola Vučević,27:24,Arron Afflalo,18:23,Bismack Biyombo,17:02,Marreese Speights,15:25,Mario Hezonja,8:10
1,.500,2,33.333,2,1.00,106,0,1,100.0,3,.500,2.0,50.0,4.0,6,2,1.000,2,33.333,Logos via Sports Logos.net / About logos,W,https://www.basketball-reference.com/boxscores/201712060ORL.html,Home,110,21:48,0,0.0,ATL,Dennis Schröder,Miles Plumlee,12:42,,,,,,,,,,,39:21,Kent Bazemore,36:10,Taurean Prince,35:34,Tyler Cavanaugh,29:40,Marco Belinelli,28:22,Ersan İlyasova,27:31,DeAndre' Bembry,27:09,Isaiah Taylor,15:07,Luke Babbitt,13:26,106,2,9,4.0,44.4,3.0,33.3,2.0,22.2,D.J. Augustin,4,0,2017-2018,0.0,2,1.0,ORL,110,Aaron Gordon,Marreese Speights,0:01,,,,,,,,,,,45:10,Jonathon Simmons,40:51,Evan Fournier,40:48,Elfrid Payton,39:47,Nikola Vučević,39:40,Bismack Biyombo,13:20,Arron Afflalo,12:55,Wes Iwundu,6:26,Shelvin Mack,4:14
0,.000,4,66.667,2,2.00,103,0,1,100.0,1,.167,1.0,50.0,2.0,6,4,1.000,4,66.667,Logos via Sports Logos.net / About logos,L,https://www.basketball-reference.com/boxscores/201712080ORL.html,Home,89,24:51,0,0.0,DEN,Will Barton,,,,,,,,,,,,,43:23,Emmanuel Mudiay,31:22,Kenneth Faried,30:11,Malik Beasley,28:40,Wilson Chandler,25:41,Gary Harris,23:57,Trey Lyles,22:19,Mason Plumlee,17:49,Jamal Murray,16:38,103,2,6,2.0,33.3,0.0,0.0,4.0,66.7,D.J. Augustin,14,1,2017-2018,1.0,1,1.0,ORL,89,Jonathon Simmons,Mario Hezonja,10:26,,,,,,,,,,,33:39,Nikola Vučević,32:16,Elfrid Payton,31:01,Aaron Gordon,28:33,Arron Afflalo,26:08,Wes Iwundu,16:21,Bismack Biyombo,12:39,Marreese Speights,12:06,Shelvin Mack,12:00
1,.200,5,62.500,7,,110,0,2,100.0,2,.250,1.0,33.3,3.0,8,3,1.000,3,37.500,Logos via Sports Logos.net / About logos,L,https://www.basketball-reference.com/boxscores/201712090ATL.html,Away,117,26:58,0,0.0,ATL,Dennis Schröder,Isaiah Taylor,12:18,,,,,,,,,,,35:25,Taurean Prince,33:07,Ersan İlyasova,27:55,Kent Bazemore,27:28,Tyler Cavanaugh,26:49,Marco Belinelli,23:05,DeAndre' Bembry,22:34,Miles Plumlee,15:45,Luke Babbitt,15:35,117,1,8,2.0,25.0,3.0,37.5,3.0,37.5,D.J. Augustin,7,3,2017-2018,3.0,0,2.0,ORL,110,Nikola Vučević,,,,,,,,,,,,,37:34,Jonathon Simmons,33:03,Mario Hezonja,31:15,Wes Iwundu,26:08,Shelvin Mack,25:47,Arron Afflalo,24:48,Elfrid Payton,24:01,Bismack Biyombo,10:26,,
2,.500,4,66.667,1,0.50,106,0,0,,2,.333,0.0,0.0,2.0,6,1,.500,2,33.333,Logos via Sports Logos.net / About logos,L,https://www.basketball-reference.com/boxscores/201712130ORL.html,Home,95,17:58,0,,LAC,DeAndre Jordan,Montrezl Harrell,11:35,Sindarius Thornwell,7:09,,,,,,,,,36:25,Lou Williams,32:28,Sam Dekker,25:49,Miloš Teodosić,25:26,Jawun Evans,25:24,C.J. Williams,22:16,Jamil Wilson,22:11,Austin Rivers,17:48,Wesley Johnson,13:30,106,1,7,0.0,0.0,6.0,85.7,1.0,14.3,D.J. Augustin,11,0,2017-2018,0.0,2,0.0,ORL,95,Jonathon Simmons,Khem Birch,0:59,Adreian Payne,0:59,,,,,,,,,38:38,Mario Hezonja,34:59,Wes Iwundu,32:59,Elfrid Payton,31:06,Nikola Vučević,30:33,Shelvin Mack,21:21,Bismack Biyombo,16:28,Marreese Speights,13:01,Jamel Artis,0:59
4,.571,7,70.000,4,2.00,95,0,3,100.0,4,.400,0.0,0.0,3.0,10,2,1.000,2,20.000,Logos via Sports Logos.net / About logos,L,https://www.basketball-reference.com/boxscores/201712150ORL.html,Home,88,28:07,0,0.0,POR,CJ McCollum,Noah Vonleh,8:59,,,,,,,,,,,37:14,Damian Lillard,35:48,Al-Farouq Aminu,29:59,Evan Turner,26:54,Jusuf Nurkić,24:35,Pat Connaughton,20:05,Shabazz Napier,19:57,Zach Collins,18:55,Ed Davis,17:34,95,2,14,0.0,0.0,12.0,85.7,2.0,14.3,D.J. Augustin,7,1,2017-2018,1.0,2,3.0,ORL,88,Nikola Vučević,,,,,,,,,,,,,34:32,Jonathon Simmons,33:03,Elfrid Payton,27:33,Aaron Gordon,24:48,Mario Hezonja,20:56,Shelvin Mack,20:27,Wes Iwundu,18:34,Marreese Speights,18:32,Bismack Biyombo,13:28
2,.286,7,77.778,1,0.33,110,0,1,100.0,2,.222,0.0,0.0,2.0,9,6,.857,7,77.778,Logos via Sports Logos.net / About logos,L,https://www.basketball-reference.com/boxscores/201712170DET.html,Away,114,29:58,0,0.0,DET,Stanley Johnson,Luke Kennard,14:50,Boban Marjanović,0:00,,,,,,,,,30:54,Reggie Bullock,30:33,Andre Drummond,29:01,Reggie Jackson,25:43,Tobias Harris,24:20,Anthony Tolliver,23:54,Ish Smith,22:17,Langston Galloway,20:03,Eric Moreland,18:26,114,5,12,0.0,0.0,6.0,50.0,6.0,50.0,D.J. Augustin,4,0,2017-2018,0.0,3,1.0,ORL,110,Jonathon Simmons,,,,,,,,,,,,,36:37,Nikola Vučević,35:59,Mario Hezonja,31:29,Elfrid Payton,31:26,Shelvin Mack,27:21,Jonathan Isaac,16:31,Wes Iwundu,13:12,Bismack Biyombo,12:01,Jamel Artis,5:26
3,.600,5,83.333,1,0.33,94,0,0,,3,.500,0.0,0.0,1.0,6,5,1.000,5,83.333,Logos via Sports Logos.net / About logos,L,https://www.basketball-reference.com/boxscores/201712200CHI.html,Away,112,28:24,0,,CHI,Denzel Valentine,Bobby Portis,14:37,Cristiano Felício,6:24,Quincy Pondexter,6:24,,,,,,,28:32,Justin Holiday,28:18,Robin Lopez,26:59,Kris Dunn,24:03,Jerian Grant,23:57,Nikola Mirotić,21:44,Lauri Markkanen,19:52,Paul Zipser,19:42,David Nwaba,19:28,112,1,14,0.0,0.0,9.0,64.3,5.0,35.7,D.J. Augustin,18,3,2017-2018,3.0,3,0.0,ORL,94,Jonathon Simmons,Arron Afflalo,9:29,Adreian Payne,6:24,,,,,,,,,33:16,Nikola Vučević,31:10,Elfrid Payton,30:02,Mario Hezonja,24:03,Wes Iwundu,19:36,Shelvin Mack,17:58,Jamel Artis,15:22,Jonathan Isaac,13:50,Bismack Biyombo,10:26
0,.000,2,66.667,1,1.00,111,0,2,66.7,0,.000,0.0,0.0,1.0,3,2,.667,3,100.000,Logos via Sports Logos.net / About logos,L,https://www.basketball-reference.com/boxscores/201712220ORL.html,Home,97,29:34,1,33.3,NOP,DeMarcus Cousins,Cheick Diallo,6:01,Charles Cooke,5:21,,,,,,,,,32:46,Anthony Davis,30:51,Jrue Holiday,29:58,Darius Miller,26:35,Dante Cunningham,26:23,Rajon Rondo,23:08,E'Twaun Moore,20:34,Jameer Nelson,20:02,Ian Clark,18:23,111,0,2,0.0,0.0,0.0,0.0,2.0,100.0,D.J. Augustin,14,0,2017-2018,0.0,1,3.0,ORL,97,Jonathon Simmons,Jamel Artis,12:00,Arron Afflalo,11:07,,,,,,,,,30:50,Elfrid Payton,28:40,Nikola Vučević,27:56,Mario Hezonja,20:27,Marreese Speights,17:32,Shelvin Mack,16:42,Bismack Biyombo,16:07,Wes Iwundu,15:07,Adreian Payne,13:59
1,.200,5,55.556,2,,103,0,2,100.0,4,.444,3.0,75.0,4.0,9,0,,0,0.000,Logos via Sports Logos.net / About logos,L,https://www.basketball-reference.com/boxscores/201712230WAS.html,Away,130,24:00,0,0.0,WAS,John Wall,Marcin Gortat,15:19,Chris McCullough,3:47,Jason Smith,3:47,Tim Frazier,3:21,,,,,30:50,Bradley Beal,30:25,Kelly Oubre Jr.,27:44,Markieff Morris,27:06,Otto Porter Jr.,22:20,Ian Mahinmi,22:04,Jodie Meeks,19:00,Tomáš Satoranský,17:10,Mike Scott,17:07,130,1,9,6.0,66.7,3.0,33.3,0.0,0.0,D.J. Augustin,27,0,2017-2018,0.0,0,2.0,ORL,103,Mario Hezonja,Nikola Vučević,5:03,,,,,,,,,,,35:49,Elfrid Payton,35:34,Jonathon Simmons,24:54,Wes Iwundu,24:35,Bismack Biyombo,24:20,Jamel Artis,21:28,Adreian Payne,19:40,Marreese Speights,12:46,Arron Afflalo,11:51
1,.250,4,57.143,3,3.00,89,0,1,100.0,2,.286,1.0,33.3,3.0,7,4,1.000,4,57.143,Logos via Sports Logos.net / About logos,L,https://www.basketball-reference.com/boxscores/201712260MIA.html,Away,107,15:51,0,0.0,MIA,Tyler Johnson,Matt Williams,1:31,,,,,,,,,,,36:50,Josh Richardson,36:13,Wayne Ellington,33:52,Kelly Olynyk,31:38,Goran Dragić,29:33,Bam Adebayo,25:28,Hassan Whiteside,17:42,Jordan Mickey,15:46,Derrick Walton,11:27,107,1,9,2.0,22.2,3.0,33.3,4.0,44.4,D.J. Augustin,18,1,2017-2018,1.0,1,1.0,ORL,89,Elfrid Payton,Khem Birch,1:31,Adreian Payne,1:31,,,,,,,,,33:38,Mario Hezonja,32:25,Jonathon Simmons,31:31,Bismack Biyombo,29:57,Evan Fournier,29:50,Arron Afflalo,16:52,Marreese Speights,16:32,Jonathan Isaac,15:32,Wes Iwundu,14:50
1,.500,2,50.000,2,2.00,89,0,0,,2,.500,1.0,50.0,2.0,4,0,,0,0.000,Logos via Sports Logos.net / About logos,W,https://www.basketball-reference.com/boxscores/201712280ORL.html,Home,102,13:17,0,,DET,Andre Drummond,Dwight Buycks,2:12,Henry Ellenson,1:22,,,,,,,,,37:48,Reggie Bullock,36:38,Tobias Harris,35:59,Ish Smith,32:20,Stanley Johnson,24:22,Anthony Tolliver,23:50,Luke Kennard,19:37,Langston Galloway,15:40,Eric Moreland,10:12,89,0,5,2.0,40.0,3.0,60.0,0.0,0.0,D.J. Augustin,13,1,2017-2018,1.0,1,0.0,ORL,102,Elfrid Payton,,,,,,,,,,,,,39:04,Jonathon Simmons,36:45,Bismack Biyombo,32:52,Evan Fournier,32:30,Aaron Gordon,30:01,Mario Hezonja,17:59,Marreese Speights,15:08,Arron Afflalo,14:08,Wes Iwundu,8:16
1,.500,2,50.000,1,,117,0,0,,2,.500,1.0,50.0,2.0,4,0,,0,0.000,Logos via Sports Logos.net / About logos,L,https://www.basketball-reference.com/boxscores/201712300ORL.html,Home,111,12:45,0,,MIA,Josh Richardson,,,,,,,,,,,,,40:33,Tyler Johnson,38:31,Goran Dragić,38:23,Wayne Ellington,31:45,Kelly Olynyk,30:21,Hassan Whiteside,28:39,Bam Adebayo,15:52,Jordan Mickey,13:01,Derrick Walton,2:55,117,1,5,2.0,40.0,3.0,60.0,0.0,0.0,D.J. Augustin,6,2,2017-2018,2.0,0,0.0,ORL,111,Elfrid Payton,,,,,,,,,,,,,39:57,Evan Fournier,36:42,Aaron Gordon,35:51,Jonathon Simmons,35:02,Bismack Biyombo,32:31,Marreese Speights,15:29,Arron Afflalo,14:33,Mario Hezonja,12:09,Wes Iwundu,5:01
0,.000,3,60.000,2,2.00,95,0,1,100.0,1,.200,1.0,50.0,2.0,5,1,.500,2,40.000,Logos via Sports Logos.net / About logos,L,https://www.basketball-reference.com/boxscores/201801010BRK.html,Away,98,15:58,0,0.0,BRK,Rondae Hollis-Jefferson,Nik Stauskas,11:37,,,,,,,,,,,38:23,Spencer Dinwiddie,29:41,DeMarre Carroll,29:18,Allen Crabbe,28:00,Caris LeVert,27:06,Joe Harris,25:54,Jarrett Allen,20:00,Quincy Acy,17:26,Tyler Zeller,12:35,98,1,3,2.0,66.7,0.0,0.0,1.0,33.3,D.J. Augustin,3,0,2017-2018,0.0,1,1.0,ORL,95,Aaron Gordon,,,,,,,,,,,,,40:36,Evan Fournier,32:30,Elfrid Payton,32:02,Jonathon Simmons,30:15,Bismack Biyombo,28:34,Wes Iwundu,19:03,Mario Hezonja,16:51,Marreese Speights,16:05,Arron Afflalo,8:06
0,.000,1,33.333,0,,116,0,0,,1,.333,1.0,50.0,2.0,3,1,1.000,1,33.333,Logos via Sports Logos.net / About logos,L,https://www.basketball-reference.com/boxscores/201801030ORL.html,Home,98,9:23,0,,HOU,Trevor Ariza,Tarik Black,8:00,Bobby Brown,1:09,,,,,,,,,32:52,Chris Paul,31:32,Eric Gordon,30:23,Ryan Anderson,29:46,Gerald Green,27:42,P.J. Tucker,25:15,Clint Capela,23:17,Briante Weber,16:28,Nenê,13:36,116,0,3,2.0,66.7,0.0,0.0,1.0,33.3,D.J. Augustin,18,0,2017-2018,0.0,0,0.0,ORL,98,Aaron Gordon,Jonathon Simmons,15:08,Khem Birch,7:18,,,,,,,,,32:51,Evan Fournier,29:39,Mario Hezonja,28:20,Wes Iwundu,26:46,Elfrid Payton,22:16,Arron Afflalo,18:21,Bismack Biyombo,17:32,Shelvin Mack,16:21,Marreese Speights,16:05
2,.400,5,71.429,7,,131,0,0,0.0,3,.429,1.0,50.0,2.0,7,1,.500,2,28.571,Logos via Sports Logos.net / About logos,L,https://www.basketball-reference.com/boxscores/201801060ORL.html,Home,127,25:00,1,100.0,CLE,LeBron James,Cedi Osman,13:15,,,,,,,,,,,37:17,J.R. Smith,29:00,Kevin Love,28:04,Dwyane Wade,25:02,Jae Crowder,24:23,Jeff Green,21:53,Isaiah Thomas,21:24,Tristan Thompson,19:56,Kyle Korver,19:46,131,2,9,2.0,22.2,6.0,66.7,1.0,11.1,D.J. Augustin,4,1,2017-2018,1.0,0,1.0,ORL,127,Mario Hezonja,,,,,,,,,,,,,38:49,Evan Fournier,37:58,Aaron Gordon,31:38,Bismack Biyombo,27:38,Elfrid Payton,26:55,Wes Iwundu,21:34,Marreese Speights,12:59,Arron Afflalo,10:24,Shelvin Mack,7:05
4,.800,5,62.500,5,2.50,99,0,2,100.0,5,.625,1.0,33.3,3.0,8,4,1.000,4,50.000,Logos via Sports Logos.net / About logos,L,https://www.basketball-reference.com/boxscores/201801090DAL.html,Away,114,23:28,0,0.0,DAL,Harrison Barnes,Maxi Kleber,4:34,Josh McRoberts,2:37,Kyle Collinsworth,1:14,,,,,,,36:25,Dennis Smith Jr.,33:32,Wesley Matthews,33:11,Yogi Ferrell,33:08,J.J. Barea,24:48,Dirk Nowitzki,24:03,Dwight Powell,22:51,Devin Harris,13:35,Salah Mejri,10:02,114,1,18,2.0,11.1,12.0,66.7,4.0,22.2,D.J. Augustin,15,0,2017-2018,0.0,2,2.0,ORL,99,Evan Fournier,Khem Birch,1:14,Shelvin Mack,1:14,,,,,,,,,34:56,Aaron Gordon,32:40,Mario Hezonja,26:48,Elfrid Payton,23:18,Bismack Biyombo,21:34,Marreese Speights,21:28,Jonathon Simmons,20:22,Wes Iwundu,16:35,Arron Afflalo,16:23
0,.000,5,50.000,4,,103,0,2,66.7,2,.200,2.0,40.0,5.0,10,0,,0,0.000,Logos via Sports Logos.net / About logos,L,https://www.basketball-reference.com/boxscores/201801100MIL.html,Away,110,18:01,1,33.3,MIL,Malcolm Brogdon,Sean Kilpatrick,3:05,D.J. Wilson,3:05,,,,,,,,,36:32,Khris Middleton,35:47,Giannis Antetokounmpo,33:35,John Henson,29:54,Eric Bledsoe,27:22,Sterling Brown,21:02,Thon Maker,18:06,Tony Snell,16:31,Matthew Dellavedova,15:01,110,1,4,4.0,100.0,0.0,0.0,0.0,0.0,D.J. Augustin,7,0,2017-2018,0.0,0,3.0,ORL,103,Mario Hezonja,Arron Afflalo,11:11,,,,,,,,,,,30:47,Aaron Gordon,29:33,Evan Fournier,26:52,Bismack Biyombo,25:28,Marreese Speights,22:32,Jonathon Simmons,21:13,Elfrid Payton,21:13,Wes Iwundu,18:24,Shelvin Mack,14:46
0,,0,,3,3.00,119,0,1,100.0,0,,0.0,,0.0,0,1,.500,2,,Logos via Sports Logos.net / About logos,L,https://www.basketball-reference.com/boxscores/201801120WAS.html,Away,125,9:44,0,0.0,WAS,Otto Porter Jr.,,,,,,,,,,,,,39:18,Bradley Beal,36:29,John Wall,36:15,Kelly Oubre Jr.,28:58,Marcin Gortat,27:07,Markieff Morris,22:33,Ian Mahinmi,20:38,Mike Scott,16:47,Tomáš Satoranský,11:55,125,0,1,0.0,0.0,0.0,0.0,1.0,100.0,D.J. Augustin,6,1,2017-2018,1.0,1,1.0,ORL,119,Aaron Gordon,,,,,,,,,,,,,38:25,Elfrid Payton,38:16,Bismack Biyombo,33:20,Jonathon Simmons,32:58,Evan Fournier,31:54,Mario Hezonja,23:04,Marreese Speights,13:01,Wes Iwundu,12:35,Arron Afflalo,6:43
2,.667,3,33.333,6,6.00,102,0,5,83.3,6,.667,4.0,66.7,6.0,9,4,.800,5,55.556,Logos via Sports Logos.net / About logos,W,https://www.basketball-reference.com/boxscores/201801160ORL.html,Home,108,23:45,1,16.7,MIN,Karl-Anthony Towns,,,,,,,,,,,,,40:04,Jimmy Butler,39:08,Taj Gibson,38:18,Jeff Teague,35:26,Andrew Wiggins,34:27,Jamal Crawford,18:18,Gorgui Dieng,17:13,Tyus Jones,12:34,Nemanja Bjelica,4:32,102,0,18,8.0,44.4,6.0,33.3,4.0,22.2,D.J. Augustin,6,0,2017-2018,0.0,1,6.0,ORL,108,Aaron Gordon,Arron Afflalo,4:34,,,,,,,,,,,38:41,Evan Fournier,35:26,Jonathon Simmons,31:59,Bismack Biyombo,29:16,Elfrid Payton,24:15,Khem Birch,18:36,Mario Hezonja,17:47,Wes Iwundu,10:46,Shelvin Mack,4:55
0,,0,0.000,3,1.50,103,0,0,0.0,0,.000,0.0,0.0,3.0,3,1,.500,2,66.667,Logos via Sports Logos.net / About logos,L,https://www.basketball-reference.com/boxscores/201801180CLE.html,Away,104,17:32,1,100.0,CLE,LeBron James,Derrick Rose,13:13,,,,,,,,,,,34:47,Kevin Love,31:01,Isaiah Thomas,29:58,J.R. Smith,29:55,Jeff Green,26:46,Jae Crowder,22:33,Dwyane Wade,18:02,Tristan Thompson,16:59,Kyle Korver,16:46,104,1,1,0.0,0.0,0.0,0.0,1.0,100.0,D.J. Augustin,1,1,2017-2018,1.0,2,1.0,ORL,103,Aaron Gordon,Wes Iwundu,4:02,,,,,,,,,,,35:48,Jonathon Simmons,35:19,Evan Fournier,32:31,Elfrid Payton,30:28,Bismack Biyombo,25:33,Mario Hezonja,24:28,Khem Birch,16:37,Shelvin Mack,11:52,Marreese Speights,5:50
1,.333,3,50.000,1,1.00,103,0,1,33.3,3,.500,2.0,66.7,3.0,6,3,1.000,3,50.000,Logos via Sports Logos.net / About logos,W,https://www.basketball-reference.com/boxscores/201801210BOS.html,Away,95,13:34,2,66.7,BOS,Kyrie Irving,Shane Larkin,7:12,Aron Baynes,4:53,,,,,,,,,40:06,Jaylen Brown,36:45,Al Horford,32:43,Jayson Tatum,30:45,Marcus Morris,26:29,Terry Rozier,20:39,Marcus Smart,19:43,Daniel Theis,11:13,Semi Ojeleye,9:32,95,1,10,4.0,40.0,3.0,30.0,3.0,30.0,D.J. Augustin,8,0,2017-2018,0.0,1,3.0,ORL,103,Aaron Gordon,Marreese Speights,7:47,,,,,,,,,,,37:39,Evan Fournier,35:06,Elfrid Payton,34:33,Jonathon Simmons,25:42,Shelvin Mack,24:42,Bismack Biyombo,20:53,Khem Birch,17:03,Mario Hezonja,12:38,Wes Iwundu,10:23
2,.667,3,50.000,3,3.00,105,0,1,50.0,3,.500,1.0,33.3,3.0,6,2,1.000,2,33.333,Logos via Sports Logos.net / About logos,L,https://www.basketball-reference.com/boxscores/201801230ORL.html,Home,99,16:19,1,50.0,SAC,Garrett Temple,Georgios Papagiannis,3:04,,,,,,,,,,,40:09,Bogdan Bogdanović,33:01,Willie Cauley-Stein,32:43,Vince Carter,29:26,Buddy Hield,28:15,Justin Jackson,24:42,Skal Labissière,22:58,Malachi Richardson,15:11,De'Aaron Fox,10:31,105,0,10,2.0,20.0,6.0,60.0,2.0,20.0,D.J. Augustin,6,2,2017-2018,2.0,1,2.0,ORL,99,Evan Fournier,Marreese Speights,6:35,,,,,,,,,,,38:06,Aaron Gordon,35:12,Jonathon Simmons,34:54,Elfrid Payton,33:35,Bismack Biyombo,27:58,Khem Birch,13:21,Mario Hezonja,12:54,Shelvin Mack,12:04,Wes Iwundu,9:02
2,.667,3,75.000,2,1.00,112,0,2,100.0,3,.750,1.0,100.0,1.0,4,0,,0,0.000,Logos via Sports Logos.net / About logos,L,https://www.basketball-reference.com/boxscores/201801270IND.html,Away,114,19:51,0,0.0,IND,Victor Oladipo,Joe Young,4:03,,,,,,,,,,,38:52,Thaddeus Young,36:35,Lance Stephenson,30:55,Cory Joseph,28:12,Domantas Sabonis,27:58,Darren Collison,25:51,Bojan Bogdanović,23:24,Al Jefferson,13:13,Myles Turner,10:57,114,0,8,2.0,25.0,6.0,75.0,0.0,0.0,D.J. Augustin,2,0,2017-2018,0.0,2,2.0,ORL,112,Aaron Gordon,Marreese Speights,6:00,,,,,,,,,,,39:59,Evan Fournier,33:07,Elfrid Payton,28:41,Mario Hezonja,26:45,Jonathon Simmons,22:26,Bismack Biyombo,20:54,Khem Birch,19:05,Shelvin Mack,16:24,Wes Iwundu,6:48
3,.600,5,50.000,4,4.00,107,0,3,100.0,4,.400,1.0,20.0,5.0,10,2,.667,3,30.000,Logos via Sports Logos.net / About logos,L,https://www.basketball-reference.com/boxscores/201801300HOU.html,Away,114,28:13,0,0.0,HOU,James Harden,,,,,,,,,,,,,46:26,Luc Mbah a Moute,39:16,P.J. Tucker,35:41,Ryan Anderson,32:55,Gerald Green,32:12,Clint Capela,30:04,Nenê,13:11,Eric Gordon,10:15,,,114,0,13,2.0,15.4,9.0,69.2,2.0,15.4,D.J. Augustin,7,0,2017-2018,0.0,1,3.0,ORL,107,Jonathon Simmons,Khem Birch,5:03,,,,,,,,,,,35:05,Evan Fournier,27:06,Mario Hezonja,24:53,Shelvin Mack,24:48,Bismack Biyombo,21:03,Marreese Speights,21:02,Wes Iwundu,20:30,Elfrid Payton,17:32,Arron Afflalo,14:45
2,.333,6,54.545,3,1.50,105,0,3,75.0,5,.455,3.0,60.0,5.0,11,0,,0,0.000,Logos via Sports Logos.net / About logos,W,https://www.basketball-reference.com/boxscores/201801310ORL.html,Home,127,21:02,1,25.0,LAL,Brandon Ingram,Tyler Ennis,10:25,Brook Lopez,8:47,Thomas Bryant,7:21,,,,,,,34:44,Kentavious Caldwell-Pope,31:37,Kyle Kuzma,28:20,Julius Randle,26:43,Larry Nance Jr.,24:49,Jordan Clarkson,24:20,Alex Caruso,15:28,Josh Hart,13:53,Corey Brewer,13:33,105,0,12,6.0,50.0,6.0,50.0,0.0,0.0,D.J. Augustin,22,3,2017-2018,3.0,2,4.0,ORL,127,Bismack Biyombo,Arron Afflalo,6:31,,,,,,,,,,,30:52,Evan Fournier,27:29,Mario Hezonja,25:05,Elfrid Payton,24:19,Shelvin Mack,24:18,Jonathon Simmons,23:42,Marreese Speights,23:00,Wes Iwundu,21:12,Khem Birch,12:30
1,.250,4,80.000,2,1.00,115,0,1,50.0,2,.400,1.0,100.0,1.0,5,5,.833,6,120.000,Logos via Sports Logos.net / About logos,L,https://www.basketball-reference.com/boxscores/201802030ORL.html,Home,98,25:29,1,50.0,WAS,Otto Porter Jr.,Jason Smith,14:30,Chris McCullough,2:54,,,,,,,,,32:51,Bradley Beal,30:41,Markieff Morris,29:15,Kelly Oubre Jr.,26:00,Tomáš Satoranský,25:02,Marcin Gortat,24:31,Tim Frazier,20:02,Ian Mahinmi,18:34,Jodie Meeks,15:40,115,1,10,2.0,20.0,3.0,30.0,5.0,50.0,D.J. Augustin,17,1,2017-2018,1.0,2,2.0,ORL,98,Mario Hezonja,,,,,,,,,,,,,29:10,Evan Fournier,28:45,Khem Birch,27:37,Jonathon Simmons,25:42,Elfrid Payton,23:33,Shelvin Mack,22:31,Wes Iwundu,21:29,Bismack Biyombo,18:12,Marreese Speights,17:32
3,.500,6,54.545,3,,111,0,0,0.0,6,.545,3.0,60.0,5.0,11,1,.500,2,18.182,Logos via Sports Logos.net / About logos,W,https://www.basketball-reference.com/boxscores/201802050MIA.html,Away,109,22:50,1,100.0,MIA,Josh Richardson,Jordan Mickey,5:08,,,,,,,,,,,37:04,Goran Dragić,35:39,Tyler Johnson,32:12,Wayne Ellington,28:52,Justise Winslow,26:58,Bam Adebayo,26:16,Hassan Whiteside,22:44,James Johnson,18:26,Kelly Olynyk,6:41,109,3,16,6.0,37.5,9.0,56.2,1.0,6.2,D.J. Augustin,2,1,2017-2018,1.0,0,1.0,ORL,111,Mario Hezonja,Khem Birch,7:16,,,,,,,,,,,31:34,Shelvin Mack,26:49,Jonathon Simmons,26:45,Elfrid Payton,25:10,Evan Fournier,25:08,Bismack Biyombo,23:48,Wes Iwundu,17:53,Marreese Speights,16:56,Arron Afflalo,15:51
0,.000,3,37.500,3,3.00,98,0,2,100.0,3,.375,3.0,60.0,5.0,8,2,1.000,2,25.000,Logos via Sports Logos.net / About logos,W,https://www.basketball-reference.com/boxscores/201802060ORL.html,Home,116,24:32,0,0.0,CLE,LeBron James,Channing Frye,9:58,José Calderón,2:35,Cedi Osman,2:35,,,,,,,33:05,Isaiah Thomas,29:41,Tristan Thompson,26:34,J.R. Smith,25:55,Jae Crowder,25:43,Jeff Green,23:52,Kyle Korver,22:59,Dwyane Wade,22:19,Derrick Rose,14:44,98,0,8,6.0,75.0,0.0,0.0,2.0,25.0,D.J. Augustin,18,1,2017-2018,1.0,1,2.0,ORL,116,Evan Fournier,Arron Afflalo,5:44,,,,,,,,,,,37:11,Jonathon Simmons,35:46,Shelvin Mack,26:13,Mario Hezonja,25:46,Elfrid Payton,23:28,Bismack Biyombo,22:26,Khem Birch,18:25,Wes Iwundu,13:20,Marreese Speights,7:09
2,.333,6,42.857,9,,98,0,2,66.7,5,.357,3.0,37.5,8.0,14,6,1.000,6,42.857,Logos via Sports Logos.net / About logos,W,https://www.basketball-reference.com/boxscores/201802080ORL.html,Home,100,35:08,1,33.3,ATL,Dennis Schröder,Isaiah Taylor,13:12,Mike Muscala,12:55,,,,,,,,,31:07,Taurean Prince,30:59,John Collins,25:39,Tyler Dorsey,24:57,Kent Bazemore,23:55,Dewayne Dedmon,23:55,Malcolm Delaney,19:50,Miles Plumlee,18:04,Ersan İlyasova,15:27,98,2,18,6.0,33.3,6.0,33.3,6.0,33.3,D.J. Augustin,2,2,2017-2018,2.0,0,3.0,ORL,100,Jonathon Simmons,,,,,,,,,,,,,34:11,Evan Fournier,32:23,Mario Hezonja,28:42,Bismack Biyombo,28:01,Shelvin Mack,21:55,Khem Birch,19:59,Marreese Speights,17:13,Wes Iwundu,16:26,Arron Afflalo,6:02
0,.000,4,57.143,5,5.00,111,0,3,75.0,2,.286,2.0,66.7,3.0,7,7,1.000,7,100.000,Logos via Sports Logos.net / About logos,L,https://www.basketball-reference.com/boxscores/201802100ORL.html,Home,104,23:26,1,25.0,MIL,Giannis Antetokounmpo,,,,,,,,,,,,,37:54,Khris Middleton,35:47,Eric Bledsoe,33:27,Tony Snell,27:06,Thon Maker,26:10,Sean Kilpatrick,23:59,Tyler Zeller,21:50,Sterling Brown,19:14,Jason Terry,14:33,111,0,11,4.0,36.4,0.0,0.0,7.0,63.6,D.J. Augustin,7,0,2017-2018,0.0,1,4.0,ORL,104,Mario Hezonja,,,,,,,,,,,,,35:20,Evan Fournier,29:27,Shelvin Mack,27:38,Jonathon Simmons,25:58,Khem Birch,24:28,Wes Iwundu,22:13,Bismack Biyombo,20:02,Arron Afflalo,19:56,Marreese Speights,11:33
1,.250,4,66.667,3,1.50,101,0,2,100.0,1,.167,0.0,0.0,2.0,6,2,1.000,2,33.333,Logos via Sports Logos.net / About logos,L,https://www.basketball-reference.com/boxscores/201802120CHI.html,Away,105,22:09,0,0.0,CHI,Jerian Grant,Ryan Arcidiacono,6:55,,,,,,,,,,,37:20,Justin Holiday,34:33,Zach LaVine,33:12,Lauri Markkanen,30:52,Robin Lopez,26:09,Bobby Portis,26:09,Denzel Valentine,18:19,David Nwaba,13:41,Paul Zipser,12:50,105,0,5,0.0,0.0,3.0,60.0,2.0,40.0,D.J. Augustin,4,0,2017-2018,0.0,2,2.0,ORL,101,Evan Fournier,,,,,,,,,,,,,33:21,Jonathon Simmons,32:37,Mario Hezonja,30:06,Shelvin Mack,25:51,Khem Birch,25:50,Bismack Biyombo,20:48,Wes Iwundu,20:10,Arron Afflalo,16:34,Marreese Speights,12:34
4,.667,6,54.545,4,1.00,104,0,1,100.0,5,.455,1.0,20.0,5.0,11,2,1.000,2,18.182,Logos via Sports Logos.net / About logos,L,https://www.basketball-reference.com/boxscores/201802140ORL.html,Home,102,30:40,0,0.0,CHO,Kemba Walker,Frank Kaminsky,9:36,,,,,,,,,,,41:35,Dwight Howard,32:21,Nicolas Batum,32:09,Marvin Williams,32:00,Jeremy Lamb,25:32,Michael Kidd-Gilchrist,23:19,Cody Zeller,15:35,Treveon Graham,13:58,Michael Carter-Williams,13:55,104,2,16,2.0,12.5,12.0,75.0,2.0,12.5,D.J. Augustin,2,1,2017-2018,1.0,4,1.0,ORL,102,Mario Hezonja,,,,,,,,,,,,,35:21,Evan Fournier,30:02,Bismack Biyombo,25:06,Jonathon Simmons,24:41,Shelvin Mack,23:33,Wes Iwundu,19:30,Marreese Speights,19:08,Khem Birch,16:32,Arron Afflalo,15:27
3,.600,5,71.429,4,4.00,120,0,2,100.0,3,.429,0.0,0.0,2.0,7,4,1.000,4,57.143,Logos via Sports Logos.net / About logos,L,https://www.basketball-reference.com/boxscores/201802220ORL.html,Home,113,27:07,0,0.0,NYK,Tim Hardaway Jr.,Luke Kornet,7:41,Damyean Dotson,7:23,Troy Williams,6:06,,,,,,,34:31,Frank Ntilikina,29:46,Trey Burke,29:42,Lance Thomas,25:17,Emmanuel Mudiay,22:46,Michael Beasley,22:43,Enes Freedom,21:07,Kyle O'Quinn,18:56,Courtney Lee,14:02,120,2,13,0.0,0.0,9.0,69.2,4.0,30.8,D.J. Augustin,7,0,2017-2018,0.0,1,2.0,ORL,113,Evan Fournier,Khem Birch,3:53,Rashad Vaughn,0:24,,,,,,,,,34:59,Jonathon Simmons,29:53,Mario Hezonja,27:25,Aaron Gordon,24:39,Nikola Vučević,24:27,Shelvin Mack,20:53,Bismack Biyombo,19:40,Wes Iwundu,19:30,Arron Afflalo,7:10
2,.500,4,57.143,2,,105,0,1,100.0,3,.429,1.0,33.3,3.0,7,0,,0,0.000,Logos via Sports Logos.net / About logos,L,https://www.basketball-reference.com/boxscores/201802240PHI.html,Away,116,22:43,0,0.0,PHI,T.J. McConnell,Timothé Luwawu-Cabarrot,5:56,,,,,,,,,,,30:36,Ben Simmons,28:34,Robert Covington,27:26,Marco Belinelli,27:04,Joel Embiid,26:57,Dario Šarić,25:25,JJ Redick,24:24,Trevor Booker,22:35,Richaun Holmes,21:03,116,1,8,2.0,25.0,6.0,75.0,0.0,0.0,D.J. Augustin,11,0,2017-2018,0.0,0,1.0,ORL,105,Evan Fournier,Khem Birch,5:31,Rashad Vaughn,0:33,,,,,,,,,35:22,Jonathon Simmons,32:25,Aaron Gordon,31:00,Nikola Vučević,29:36,Mario Hezonja,25:25,Shelvin Mack,18:05,Bismack Biyombo,14:17,Arron Afflalo,13:00,Wes Iwundu,12:03
2,.500,4,66.667,9,1.80,105,0,4,100.0,4,.667,2.0,100.0,2.0,6,0,,0,0.000,Logos via Sports Logos.net / About logos,L,https://www.basketball-reference.com/boxscores/201802260OKC.html,Away,112,33:27,0,0.0,OKC,Paul George,Raymond Felton,12:35,,,,,,,,,,,36:36,Russell Westbrook,35:25,Steven Adams,34:10,Carmelo Anthony,32:03,Álex Abrines,21:29,Josh Huestis,21:15,Jerami Grant,16:57,Patrick Patterson,16:18,Terrance Ferguson,13:12,112,2,10,4.0,40.0,6.0,60.0,0.0,0.0,D.J. Augustin,7,3,2017-2018,3.0,5,4.0,ORL,105,Jonathon Simmons,,,,,,,,,,,,,35:39,Evan Fournier,34:58,Aaron Gordon,33:17,Nikola Vučević,32:48,Shelvin Mack,16:40,Mario Hezonja,15:22,Bismack Biyombo,15:12,Wes Iwundu,12:23,Rashad Vaughn,10:14
3,.600,5,50.000,6,3.00,117,0,4,100.0,4,.400,1.0,20.0,5.0,10,0,,0,0.000,Logos via Sports Logos.net / About logos,L,https://www.basketball-reference.com/boxscores/201802280ORL.html,Home,104,29:15,0,0.0,TOR,DeMar DeRozan,Norman Powell,10:58,OG Anunoby,10:22,Malcolm Miller,0:19,,,,,,,34:17,Kyle Lowry,33:22,Jakob Poeltl,28:25,Fred VanVleet,26:36,Pascal Siakam,25:17,Serge Ibaka,22:43,Jonas Valančiūnas,19:35,C.J. Miles,15:24,Delon Wright,12:42,117,1,11,2.0,18.2,9.0,81.8,0.0,0.0,D.J. Augustin,13,0,2017-2018,0.0,2,4.0,ORL,104,Aaron Gordon,Khem Birch,0:46,,,,,,,,,,,31:13,Evan Fournier,30:39,Nikola Vučević,29:15,Jonathon Simmons,28:10,Shelvin Mack,20:46,Mario Hezonja,19:12,Wes Iwundu,19:03,Bismack Biyombo,17:59,Rashad Vaughn,13:42
4,.800,5,62.500,9,3.00,106,0,3,60.0,6,.750,2.0,66.7,3.0,8,4,.800,5,62.500,Logos via Sports Logos.net / About logos,W,https://www.basketball-reference.com/boxscores/201803020ORL.html,Home,115,41:00,2,40.0,DET,Reggie Bullock,Langston Galloway,12:17,,,,,,,,,,,40:43,Andre Drummond,38:30,Blake Griffin,34:06,James Ennis III,32:31,Ish Smith,31:53,Dwight Buycks,20:49,Stanley Johnson,20:37,Anthony Tolliver,20:31,Eric Moreland,13:03,106,4,20,4.0,20.0,12.0,60.0,4.0,20.0,D.J. Augustin,9,0,2017-2018,0.0,3,5.0,ORL,115,Nikola Vučević,,,,,,,,,,,,,38:25,Evan Fournier,36:13,Aaron Gordon,35:37,Jonathon Simmons,30:01,Mario Hezonja,23:27,Shelvin Mack,23:23,Jonathan Isaac,15:03,Bismack Biyombo,14:35,Wes Iwundu,7:16
2,.500,4,57.143,5,5.00,100,0,3,100.0,5,.714,3.0,100.0,3.0,7,4,1.000,4,57.143,Logos via Sports Logos.net / About logos,W,https://www.basketball-reference.com/boxscores/201803030ORL.html,Home,107,29:02,0,0.0,MEM,Ben McLemore,Myke Henry,7:52,,,,,,,,,,,38:08,JaMychal Green,37:11,Dillon Brooks,37:02,Jarell Martin,34:48,Mario Chalmers,28:07,Kobi Simmons,19:51,Ivan Rabb,15:03,Chandler Parsons,12:58,Brice Johnson,9:00,100,2,16,6.0,37.5,6.0,37.5,4.0,25.0,D.J. Augustin,7,0,2017-2018,0.0,1,3.0,ORL,107,Aaron Gordon,Wes Iwundu,5:04,Khem Birch,3:46,Marreese Speights,0:02,,,,,,,32:33,Evan Fournier,30:04,Jonathon Simmons,28:07,Nikola Vučević,27:48,Mario Hezonja,21:37,Shelvin Mack,18:45,Jonathan Isaac,17:36,Bismack Biyombo,15:26,Rashad Vaughn,10:10
2,.500,4,66.667,5,1.25,80,0,1,100.0,4,.667,2.0,100.0,2.0,6,0,,0,0.000,Logos via Sports Logos.net / About logos,L,https://www.basketball-reference.com/boxscores/201803050UTA.html,Away,94,28:58,0,0.0,UTA,Donovan Mitchell,Alec Burks,5:57,,,,,,,,,,,40:31,Joe Ingles,38:06,Rudy Gobert,37:05,Ricky Rubio,35:25,Jae Crowder,27:48,Jonas Jerebko,20:29,Royce O'Neale,17:12,Ekpe Udoh,10:55,Raul Neto,6:32,94,0,10,4.0,40.0,6.0,60.0,0.0,0.0,D.J. Augustin,14,1,2017-2018,1.0,4,1.0,ORL,80,Aaron Gordon,,,,,,,,,,,,,32:40,Nikola Vučević,32:29,Evan Fournier,32:14,Jonathon Simmons,28:43,Shelvin Mack,20:20,Mario Hezonja,20:12,Jonathan Isaac,17:45,Bismack Biyombo,15:31,Wes Iwundu,11:08
1,.250,4,40.000,8,4.00,107,0,1,100.0,3,.300,2.0,33.3,6.0,10,2,1.000,2,20.000,Logos via Sports Logos.net / About logos,L,https://www.basketball-reference.com/boxscores/201803070LAL.html,Away,108,30:48,0,0.0,LAL,Kyle Kuzma,Travis Wear,1:33,,,,,,,,,,,42:03,Kentavious Caldwell-Pope,38:43,Lonzo Ball,37:11,Brook Lopez,34:30,Julius Randle,30:10,Isaiah Thomas,25:55,Ivica Zubac,13:30,Alex Caruso,13:26,Thomas Bryant,2:59,108,0,9,4.0,44.4,3.0,33.3,2.0,22.2,D.J. Augustin,1,0,2017-2018,0.0,2,1.0,ORL,107,Aaron Gordon,Wes Iwundu,6:16,,,,,,,,,,,35:49,Jonathon Simmons,34:45,Nikola Vučević,34:44,Mario Hezonja,25:23,Shelvin Mack,19:24,Evan Fournier,19:18,Jonathan Isaac,13:35,Bismack Biyombo,13:16,Arron Afflalo,6:43
4,.500,8,88.889,7,7.00,88,0,2,100.0,4,.444,0.0,0.0,1.0,9,0,,0,0.000,Logos via Sports Logos.net / About logos,L,https://www.basketball-reference.com/boxscores/201803090SAC.html,Away,94,28:18,0,0.0,SAC,Kosta Koufos,,,,,,,,,,,,,38:14,Garrett Temple,30:04,Buddy Hield,29:36,Justin Jackson,29:31,Vince Carter,27:48,Frank Mason III,27:46,Bogdan Bogdanović,27:03,Skal Labissière,21:48,Jack Cooley,8:10,94,3,12,0.0,0.0,12.0,100.0,0.0,0.0,D.J. Augustin,6,0,2017-2018,0.0,1,2.0,ORL,88,Jonathon Simmons,,,,,,,,,,,,,34:51,Mario Hezonja,33:24,Nikola Vučević,33:10,Jonathan Isaac,25:42,Shelvin Mack,25:25,Wes Iwundu,22:31,Bismack Biyombo,14:50,Khem Birch,11:31,Rodney Purvis,10:18
1,.167,6,60.000,1,0.25,105,0,1,100.0,5,.500,4.0,100.0,4.0,10,8,.889,9,90.000,Logos via Sports Logos.net / About logos,L,https://www.basketball-reference.com/boxscores/201803100LAC.html,Away,113,29:00,0,0.0,LAC,Tobias Harris,Boban Marjanović,9:53,,,,,,,,,,,37:26,Lou Williams,34:30,DeAndre Jordan,34:29,Austin Rivers,33:56,Miloš Teodosić,31:07,Wesley Johnson,17:15,Sindarius Thornwell,14:15,Montrezl Harrell,14:12,Jawun Evans,12:57,113,1,19,8.0,42.1,3.0,15.8,8.0,42.1,D.J. Augustin,8,0,2017-2018,0.0,4,1.0,ORL,105,Jonathon Simmons,,,,,,,,,,,,,34:57,Nikola Vučević,29:39,Jonathan Isaac,24:56,Mario Hezonja,24:37,Wes Iwundu,24:07,Shelvin Mack,23:50,Bismack Biyombo,18:21,Khem Birch,17:30,Rodney Purvis,13:03
1,1.000,1,14.286,6,2.00,72,0,1,100.0,3,.429,2.0,33.3,6.0,7,2,1.000,2,28.571,Logos via Sports Logos.net / About logos,L,https://www.basketball-reference.com/boxscores/201803130SAS.html,Away,108,25:08,0,0.0,SAS,LaMarcus Aldridge,Manu Ginóbili,14:18,Brandon Paul,12:00,Joffrey Lauvergne,9:05,Dāvis Bertāns,9:05,,,,,25:51,Patty Mills,25:18,Dejounte Murray,24:08,Bryn Forbes,22:42,Kyle Anderson,22:02,Danny Green,21:42,Tony Parker,19:40,Rudy Gay,19:09,Pau Gasol,15:00,108,1,9,4.0,44.4,3.0,33.3,2.0,22.2,D.J. Augustin,36,1,2017-2018,1.0,3,1.0,ORL,72,Mario Hezonja,Rodney Purvis,14:43,Bismack Biyombo,8:25,,,,,,,,,28:12,Jonathan Isaac,24:15,Jonathon Simmons,23:58,Nikola Vučević,23:52,Khem Birch,21:50,Shelvin Mack,19:50,Wes Iwundu,18:21,Arron Afflalo,15:43,Marreese Speights,15:43
6,.667,9,60.000,4,1.33,117,0,2,66.7,9,.600,3.0,50.0,6.0,15,8,1.000,8,53.333,Logos via Sports Logos.net / About logos,W,https://www.basketball-reference.com/boxscores/201803140ORL.html,Home,126,36:09,1,33.3,MIL,Giannis Antetokounmpo,Brandon Jennings,8:31,Shabazz Muhammad,6:54,Thon Maker,3:49,,,,,,,40:27,Khris Middleton,34:23,Eric Bledsoe,31:32,John Henson,29:35,Jason Terry,24:08,Jabari Parker,22:21,Tony Snell,17:42,Tyler Zeller,11:06,Sterling Brown,9:32,117,2,32,6.0,18.8,18.0,56.2,8.0,25.0,D.J. Augustin,9,2,2017-2018,2.0,3,3.0,ORL,126,Jonathon Simmons,,,,,,,,,,,,,37:58,Nikola Vučević,33:21,Khem Birch,29:07,Shelvin Mack,27:19,Mario Hezonja,25:02,Jonathan Isaac,18:21,Bismack Biyombo,14:39,Wes Iwundu,12:23,Rodney Purvis,5:41
1,.250,4,36.364,4,4.00,92,0,3,100.0,5,.455,4.0,57.1,7.0,11,2,1.000,2,18.182,Logos via Sports Logos.net / About logos,L,https://www.basketball-reference.com/boxscores/201803160ORL.html,Home,83,30:01,0,0.0,BOS,Terry Rozier,Guerschon Yabusele,2:09,,,,,,,,,,,34:12,Marcus Morris,33:04,Al Horford,31:15,Jayson Tatum,30:19,Abdel Nader,23:34,Semi Ojeleye,22:50,Aron Baynes,22:36,Greg Monroe,21:10,Shane Larkin,18:51,92,2,13,8.0,61.5,3.0,23.1,2.0,15.4,D.J. Augustin,9,2,2017-2018,2.0,1,3.0,ORL,83,Jonathon Simmons,,,,,,,,,,,,,33:44,Nikola Vučević,28:40,Mario Hezonja,28:17,Shelvin Mack,26:17,Jonathan Isaac,24:33,Wes Iwundu,19:59,Bismack Biyombo,19:20,Khem Birch,15:32,Rodney Purvis,13:37
1,.250,4,44.444,10,5.00,93,0,3,100.0,4,.444,3.0,60.0,5.0,9,0,,0,0.000,Logos via Sports Logos.net / About logos,L,https://www.basketball-reference.com/boxscores/201803200ORL.html,Home,86,35:12,0,0.0,TOR,Kyle Lowry,OG Anunoby,14:09,Jakob Poeltl,11:04,Malcolm Miller,8:13,,,,,,,36:32,Delon Wright,28:02,Serge Ibaka,27:39,C.J. Miles,20:37,Pascal Siakam,20:21,Jonas Valančiūnas,19:22,Lorenzo Brown,18:53,Norman Powell,17:54,Lucas Nogueira,17:14,93,2,9,6.0,66.7,3.0,33.3,0.0,0.0,D.J. Augustin,7,0,2017-2018,0.0,2,3.0,ORL,86,Aaron Gordon,,,,,,,,,,,,,33:53,Nikola Vučević,31:44,Jonathan Isaac,27:45,Shelvin Mack,23:52,Arron Afflalo,23:29,Wes Iwundu,20:19,Mario Hezonja,18:27,Bismack Biyombo,16:16,Khem Birch,9:03
1,.250,4,44.444,4,4.00,118,0,1,50.0,2,.222,1.0,20.0,5.0,9,1,.250,4,44.444,Logos via Sports Logos.net / About logos,L,https://www.basketball-reference.com/boxscores/201803220ORL.html,Home,98,25:49,1,50.0,PHI,Ben Simmons,Amir Johnson,14:04,Richaun Holmes,12:00,Furkan Korkmaz,12:00,Demetrius Jackson,7:11,,,,,26:32,Robert Covington,26:00,Marco Belinelli,23:33,Dario Šarić,21:46,Ersan İlyasova,21:45,T.J. McConnell,21:28,Joel Embiid,20:10,JJ Redick,17:16,Justin Anderson,16:15,118,1,6,2.0,33.3,3.0,50.0,1.0,16.7,D.J. Augustin,20,0,2017-2018,0.0,1,2.0,ORL,98,Wes Iwundu,Jamel Artis,12:00,Marreese Speights,7:11,,,,,,,,,29:17,Aaron Gordon,27:39,Mario Hezonja,24:41,Rodney Purvis,21:58,Nikola Vučević,21:41,Khem Birch,20:21,Bismack Biyombo,19:08,Arron Afflalo,15:15,Shelvin Mack,14:59
1,.333,3,42.857,10,2.00,99,0,7,77.8,5,.714,4.0,100.0,4.0,7,4,1.000,4,57.143,Logos via Sports Logos.net / About logos,W,https://www.basketball-reference.com/boxscores/201803240ORL.html,Home,105,36:46,2,22.2,PHO,Josh Jackson,Shaquille Harrison,4:23,,,,,,,,,,,39:45,Elfrid Payton,33:31,Dragan Bender,30:07,Troy Daniels,28:11,Alex Len,27:19,Marquese Chriss,24:25,Tyler Ulis,20:01,Davon Reed,18:10,Jared Dudley,14:08,99,2,15,8.0,53.3,3.0,20.0,4.0,26.7,D.J. Augustin,6,0,2017-2018,0.0,5,9.0,ORL,105,Mario Hezonja,Jamel Artis,4:33,,,,,,,,,,,39:22,Aaron Gordon,35:41,Nikola Vučević,35:34,Shelvin Mack,27:19,Rodney Purvis,16:38,Wes Iwundu,15:51,Bismack Biyombo,12:26,Arron Afflalo,11:14,Khem Birch,4:36
3,.600,5,50.000,3,3.00,111,0,0,0.0,4,.400,1.0,20.0,5.0,10,3,.750,4,40.000,Logos via Sports Logos.net / About logos,L,https://www.basketball-reference.com/boxscores/201803280ORL.html,Home,104,31:54,1,100.0,BRK,Rondae Hollis-Jefferson,,,,,,,,,,,,,33:08,Allen Crabbe,30:00,D'Angelo Russell,29:58,DeMarre Carroll,29:38,Jarrett Allen,27:51,Joe Harris,26:38,Caris LeVert,24:39,Spencer Dinwiddie,19:09,Dante Cunningham,18:59,111,3,14,2.0,14.3,9.0,64.3,3.0,21.4,D.J. Augustin,7,1,2017-2018,1.0,1,1.0,ORL,104,Mario Hezonja,,,,,,,,,,,,,35:44,Aaron Gordon,31:32,Nikola Vučević,31:05,Shelvin Mack,29:04,Jamel Artis,25:11,Rodney Purvis,23:43,Bismack Biyombo,12:10,Arron Afflalo,10:07,Khem Birch,9:30
1,.200,5,31.250,4,2.00,90,0,6,85.7,6,.375,5.0,45.5,11.0,16,2,1.000,2,12.500,Logos via Sports Logos.net / About logos,L,https://www.basketball-reference.com/boxscores/201803300ORL.html,Home,82,31:40,1,14.3,CHI,Cristiano Felício,Justin Holiday,15:15,Ryan Arcidiacono,15:12,,,,,,,,,27:19,Jerian Grant,26:12,Sean Kilpatrick,26:04,Lauri Markkanen,24:22,Noah Vonleh,23:56,Cameron Payne,21:48,David Nwaba,20:39,Bobby Portis,20:23,Denzel Valentine,18:50,90,0,15,10.0,66.7,3.0,20.0,2.0,13.3,D.J. Augustin,8,2,2017-2018,2.0,2,7.0,ORL,82,Aaron Gordon,,,,,,,,,,,,,37:11,Nikola Vučević,31:18,Mario Hezonja,26:55,Shelvin Mack,25:56,Rodney Purvis,22:49,Jonathan Isaac,21:05,Jamel Artis,16:49,Bismack Biyombo,15:28,Khem Birch,10:49
1,.200,5,35.714,3,,88,0,5,71.4,8,.571,7.0,77.8,9.0,14,3,1.000,3,21.429,Logos via Sports Logos.net / About logos,L,https://www.basketball-reference.com/boxscores/201804010ATL.html,Away,94,36:51,2,28.6,ATL,Dewayne Dedmon,DeAndre' Bembry,14:02,,,,,,,,,,,33:45,John Collins,32:51,Isaiah Taylor,29:10,Taurean Prince,26:39,Mike Muscala,24:35,Damion Lee,23:03,Tyler Dorsey,21:56,Josh Magette,18:50,Miles Plumlee,15:09,94,3,20,14.0,70.0,3.0,15.0,3.0,15.0,D.J. Augustin,6,0,2017-2018,0.0,0,7.0,ORL,88,Aaron Gordon,,,,,,,,,,,,,36:51,Nikola Vučević,31:15,Wes Iwundu,28:18,Mario Hezonja,27:40,Shelvin Mack,24:02,Jonathan Isaac,20:20,Bismack Biyombo,16:45,Rodney Purvis,11:09,Khem Birch,6:49
1,.500,2,33.333,5,5.00,97,0,0,0.0,3,.500,2.0,50.0,4.0,6,2,1.000,2,33.333,Logos via Sports Logos.net / About logos,W,https://www.basketball-reference.com/boxscores/201804030NYK.html,Away,73,20:11,1,100.0,NYK,Tim Hardaway Jr.,Damyean Dotson,11:38,,,,,,,,,,,34:42,Trey Burke,31:35,Kyle O'Quinn,29:02,Frank Ntilikina,27:59,Lance Thomas,26:38,Courtney Lee,23:42,Luke Kornet,18:50,Emmanuel Mudiay,18:25,Isaiah Hicks,17:29,73,0,9,4.0,44.4,3.0,33.3,2.0,22.2,D.J. Augustin,24,1,2017-2018,1.0,1,1.0,ORL,97,Mario Hezonja,,,,,,,,,,,,,35:34,Jamel Artis,32:01,Aaron Gordon,27:53,Shelvin Mack,27:49,Rodney Purvis,25:55,Wes Iwundu,22:37,Khem Birch,21:40,Nikola Vučević,20:00,Bismack Biyombo,6:20
2,.500,4,57.143,1,1.00,100,0,2,100.0,2,.286,0.0,0.0,3.0,7,2,1.000,2,28.571,Logos via Sports Logos.net / About logos,W,https://www.basketball-reference.com/boxscores/201804040ORL.html,Home,105,18:29,0,0.0,DAL,Aaron Harrison,Salah Mejri,0:46,,,,,,,,,,,41:41,Johnathan Motley,41:15,Dorian Finney-Smith,35:15,Kyle Collinsworth,34:56,Jalen Jones,27:10,Doug McDermott,20:10,Yogi Ferrell,17:24,Maxi Kleber,11:40,J.J. Barea,9:43,100,1,8,0.0,0.0,6.0,75.0,2.0,25.0,D.J. Augustin,5,0,2017-2018,0.0,1,2.0,ORL,105,Mario Hezonja,,,,,,,,,,,,,34:43,Jamel Artis,31:41,Wes Iwundu,31:40,Shelvin Mack,26:46,Aaron Gordon,25:41,Khem Birch,25:37,Rodney Purvis,23:00,Bismack Biyombo,22:23,,
2,.500,4,30.769,2,,137,0,1,100.0,8,.615,6.0,66.7,9.0,13,1,1.000,1,7.692,Logos via Sports Logos.net / About logos,L,https://www.basketball-reference.com/boxscores/201804060ORL.html,Home,100,18:18,0,0.0,CHO,Dwight Howard,Willy Hernangómez,19:44,Marcus Paige,6:27,,,,,,,,,28:16,Malik Monk,26:23,Frank Kaminsky,26:19,Julyan Stone,25:24,Kemba Walker,22:59,Michael Kidd-Gilchrist,22:36,Marvin Williams,21:41,Nicolas Batum,20:19,Jeremy Lamb,19:52,137,0,19,12.0,63.2,6.0,31.6,1.0,5.3,D.J. Augustin,37,0,2017-2018,0.0,0,1.0,ORL,100,Wes Iwundu,,,,,,,,,,,,,37:25,Jamel Artis,33:14,Khem Birch,27:05,Rodney Purvis,26:57,Marreese Speights,24:32,Mario Hezonja,22:47,Shelvin Mack,21:06,Bismack Biyombo,20:55,Arron Afflalo,7:41
0,.000,2,25.000,3,1.00,101,0,2,66.7,3,.375,3.0,50.0,6.0,8,3,1.000,3,37.500,Logos via Sports Logos.net / About logos,L,https://www.basketball-reference.com/boxscores/201804080TOR.html,Away,112,21:04,1,33.3,TOR,OG Anunoby,Lucas Nogueira,6:11,,,,,,,,,,,34:06,Serge Ibaka,31:02,Kyle Lowry,30:50,Pascal Siakam,29:15,Delon Wright,27:28,Jakob Poeltl,24:28,Norman Powell,23:53,C.J. Miles,23:51,Fred VanVleet,8:56,112,0,9,6.0,66.7,0.0,0.0,3.0,33.3,D.J. Augustin,11,0,2017-2018,0.0,3,3.0,ORL,101,Mario Hezonja,Terrence Ross,9:52,,,,,,,,,,,28:05,Aaron Gordon,26:59,Jamel Artis,26:49,Wes Iwundu,26:29,Nikola Vučević,23:13,Shelvin Mack,21:50,Khem Birch,21:01,Bismack Biyombo,17:53,Rodney Purvis,16:45
2,.500,4,66.667,9,1.29,86,0,1,100.0,2,.333,0.0,0.0,2.0,6,1,.500,2,33.333,Logos via Sports Logos.net / About logos,L,https://www.basketball-reference.com/boxscores/201804090MIL.html,Away,102,29:38,0,0.0,MIL,Khris Middleton,Jason Terry,11:15,D.J. Wilson,2:07,Sterling Brown,2:07,Thon Maker,2:07,,,,,36:48,Eric Bledsoe,34:35,Jabari Parker,28:33,Tony Snell,25:18,John Henson,25:03,Shabazz Muhammad,23:56,Tyler Zeller,20:50,Malcolm Brogdon,13:56,Brandon Jennings,13:25,102,2,7,0.0,0.0,6.0,85.7,1.0,14.3,D.J. Augustin,16,1,2017-2018,1.0,7,1.0,ORL,86,Aaron Gordon,,,,,,,,,,,,,31:43,Mario Hezonja,30:17,Wes Iwundu,29:14,Nikola Vučević,29:07,Jamel Artis,19:38,Shelvin Mack,19:00,Rodney Purvis,18:08,Bismack Biyombo,16:47,Khem Birch,16:29
1,1.000,1,33.333,1,,92,0,0,,3,1.000,2.0,100.0,2.0,3,0,,0,0.000,Logos via Sports Logos.net / About logos,W,https://www.basketball-reference.com/boxscores/201804110ORL.html,Home,101,12:00,0,,WAS,Tomáš Satoranský,Tim Frazier,10:40,,,,,,,,,,,41:59,Bradley Beal,36:18,Markieff Morris,31:22,Kelly Oubre Jr.,26:36,Marcin Gortat,22:40,Mike Scott,20:44,Jodie Meeks,19:07,Ian Mahinmi,17:21,Devin Robinson,13:13,92,0,7,4.0,57.1,3.0,42.9,0.0,0.0,D.J. Augustin,9,0,2017-2018,0.0,0,0.0,ORL,101,Khem Birch,Nikola Vučević,12:00,Bismack Biyombo,11:49,Marreese Speights,3:21,,,,,,,32:51,Mario Hezonja,32:04,Rodney Purvis,25:12,Wes Iwundu,25:10,Jamel Artis,21:49,Shelvin Mack,20:13,Arron Afflalo,17:07,Terrence Ross,14:24,Aaron Gordon,12:00
1,.500,2,20.000,2,,101,0,1,100.0,4,.400,3.0,37.5,8.0,10,2,1.000,2,20.000,Logos via Sports Logos.net / About logos,W,https://www.basketball-reference.com/boxscores/201810170ORL.html,Home,104,22:16,0,0.0,MIA,Josh Richardson,,,,,,,,,,,,,37:35,Hassan Whiteside,33:35,Goran Dragić,32:54,Rodney McGruder,31:30,Dwyane Wade,26:02,Tyler Johnson,23:45,Bam Adebayo,21:59,Derrick Jones Jr.,17:13,Kelly Olynyk,15:25,101,1,11,6.0,54.5,3.0,27.3,2.0,18.2,D.J. Augustin,3,1,2018-2019,1.0,0,1.0,ORL,104,Aaron Gordon,,,,,,,,,,,,,38:18,Jonathon Simmons,33:26,Nikola Vučević,28:06,Jerian Grant,25:42,Terrence Ross,25:32,Mo Bamba,24:58,Evan Fournier,23:32,Jonathan Isaac,18:08,,
0,.000,2,40.000,2,1.00,120,0,0,0.0,1,.200,1.0,33.3,3.0,5,0,,0,0.000,Logos via Sports Logos.net / About logos,L,https://www.basketball-reference.com/boxscores/201810190ORL.html,Home,88,20:54,1,100.0,CHO,Nicolas Batum,Miles Bridges,14:24,Dwayne Bacon,7:57,Frank Kaminsky,7:57,Bismack Biyombo,5:02,,,,,29:59,Kemba Walker,26:46,Jeremy Lamb,25:05,Malik Monk,23:37,Cody Zeller,22:45,Michael Kidd-Gilchrist,22:29,Marvin Williams,20:29,Willy Hernangómez,17:18,Tony Parker,16:12,120,0,2,2.0,100.0,0.0,0.0,0.0,0.0,D.J. Augustin,32,0,2018-2019,0.0,2,1.0,ORL,88,Evan Fournier,Jarell Martin,12:00,Isaiah Briscoe,10:04,Khem Birch,10:04,,,,,,,25:05,Jerian Grant,24:59,Aaron Gordon,24:54,Jonathon Simmons,22:41,Nikola Vučević,22:23,Terrence Ross,19:02,Mo Bamba,18:37,Wes Iwundu,14:52,Jonathan Isaac,14:25
0,.000,2,28.571,9,4.50,115,0,2,66.7,2,.286,2.0,40.0,5.0,7,5,1.000,5,71.429,Logos via Sports Logos.net / About logos,L,https://www.basketball-reference.com/boxscores/201810200PHI.html,Away,116,34:32,1,33.3,PHI,Robert Covington,Furkan Korkmaz,6:30,,,,,,,,,,,38:58,Dario Šarić,37:34,Joel Embiid,33:41,JJ Redick,32:17,T.J. McConnell,25:22,Markelle Fultz,22:38,Landry Shamet,20:56,Amir Johnson,14:23,Ben Simmons,7:41,116,0,9,4.0,44.4,0.0,0.0,5.0,55.6,D.J. Augustin,1,0,2018-2019,0.0,2,3.0,ORL,115,Nikola Vučević,,,,,,,,,,,,,37:35,Evan Fournier,33:40,Aaron Gordon,32:07,Terrence Ross,28:58,Jonathan Isaac,27:31,Wes Iwundu,18:03,Mo Bamba,14:10,Jerian Grant,7:14,Isaiah Briscoe,6:10
3,.429,7,53.846,10,5.00,93,0,3,100.0,3,.231,0.0,0.0,6.0,13,1,.500,2,15.385,Logos via Sports Logos.net / About logos,W,https://www.basketball-reference.com/boxscores/201810220BOS.html,Away,90,29:43,0,0.0,BOS,Jayson Tatum,Semi Ojeleye,6:53,Robert Williams,3:30,Guerschon Yabusele,2:31,,,,,,,34:25,Kyrie Irving,34:01,Al Horford,32:14,Jaylen Brown,31:18,Gordon Hayward,24:56,Marcus Morris,20:19,Marcus Smart,19:20,Terry Rozier,15:29,Daniel Theis,15:04,90,1,10,0.0,0.0,9.0,90.0,1.0,10.0,D.J. Augustin,3,0,2018-2019,0.0,2,3.0,ORL,93,Aaron Gordon,,,,,,,,,,,,,38:35,Evan Fournier,32:44,Nikola Vučević,32:37,Jonathan Isaac,26:04,Jonathon Simmons,23:32,Terrence Ross,19:14,Mo Bamba,19:14,Jerian Grant,18:17,,
2,1.000,2,50.000,3,3.00,128,0,1,100.0,3,.750,1.0,50.0,2.0,4,1,1.000,1,25.000,Logos via Sports Logos.net / About logos,L,https://www.basketball-reference.com/boxscores/201810250ORL.html,Home,114,26:55,0,0.0,POR,Damian Lillard,Jake Layman,5:40,Meyers Leonard,4:15,,,,,,,,,36:09,Al-Farouq Aminu,30:18,Jusuf Nurkić,29:43,CJ McCollum,29:01,Evan Turner,27:59,Seth Curry,21:57,Maurice Harkless,20:05,Zach Collins,17:40,Nik Stauskas,17:11,128,4,9,2.0,22.2,6.0,66.7,1.0,11.1,D.J. Augustin,14,1,2018-2019,1.0,1,1.0,ORL,114,Nikola Vučević,,,,,,,,,,,,,31:27,Evan Fournier,31:23,Jonathan Isaac,30:25,Terrence Ross,29:17,Aaron Gordon,28:25,Jerian Grant,21:05,Jonathon Simmons,20:57,Mo Bamba,20:05,,
3,.375,8,88.889,4,,91,0,1,100.0,4,.444,1.0,100.0,1.0,9,0,,0,0.000,Logos via Sports Logos.net / About logos,L,https://www.basketball-reference.com/boxscores/201810270MIL.html,Away,113,21:36,0,0.0,MIL,Malcolm Brogdon,John Henson,14:44,Sterling Brown,7:33,Matthew Dellavedova,6:03,Thon Maker,6:03,,,,,29:48,Khris Middleton,26:41,Ersan İlyasova,25:37,Tony Snell,23:19,Eric Bledsoe,22:55,Brook Lopez,20:45,Giannis Antetokounmpo,19:23,Pat Connaughton,19:12,Donte DiVincenzo,17:56,113,0,11,2.0,18.2,9.0,81.8,0.0,0.0,D.J. Augustin,22,0,2018-2019,0.0,0,1.0,ORL,91,Aaron Gordon,Khem Birch,6:49,Jarell Martin,6:49,Isaiah Briscoe,6:49,,,,,,,30:45,Evan Fournier,26:57,Jerian Grant,26:24,Mo Bamba,22:52,Jonathan Isaac,22:22,Nikola Vučević,21:28,Terrence Ross,17:32,Jonathon Simmons,17:29,Wes Iwundu,12:08
2,.333,6,85.714,3,3.00,107,0,2,50.0,2,.286,0.0,0.0,1.0,7,2,1.000,2,28.571,Logos via Sports Logos.net / About logos,L,https://www.basketball-reference.com/boxscores/201810300ORL.html,Home,99,26:37,2,50.0,SAC,Buddy Hield,,,,,,,,,,,,,38:40,Troy Williams,33:50,De'Aaron Fox,30:45,Nemanja Bjelica,30:25,Willie Cauley-Stein,29:47,Marvin Bagley III,22:43,Frank Mason III,20:47,Justin Jackson,20:27,Kosta Koufos,12:36,107,3,8,0.0,0.0,6.0,75.0,2.0,25.0,D.J. Augustin,8,1,2018-2019,1.0,1,4.0,ORL,99,Aaron Gordon,,,,,,,,,,,,,34:21,Evan Fournier,27:57,Nikola Vučević,27:15,Terrence Ross,27:11,Jonathon Simmons,25:53,Jonathan Isaac,24:57,Mo Bamba,24:26,Jerian Grant,21:23,,
1,1.000,1,10.000,3,,120,0,3,60.0,5,.500,4.0,44.4,9.0,10,2,1.000,2,20.000,Logos via Sports Logos.net / About logos,L,https://www.basketball-reference.com/boxscores/201811020ORL.html,Home,95,27:00,2,40.0,LAC,Tobias Harris,Miloš Teodosić,16:46,Jerome Robinson,5:31,Tyrone Wallace,4:46,,,,,,,26:25,Montrezl Harrell,25:29,Shai Gilgeous-Alexander,24:47,Danilo Gallinari,23:47,Patrick Beverley,23:13,Avery Bradley,23:08,Mike Scott,22:47,Boban Marjanović,22:31,Lou Williams,20:50,120,0,13,8.0,61.5,3.0,23.1,2.0,15.4,D.J. Augustin,25,0,2018-2019,0.0,0,5.0,ORL,95,Nikola Vučević,Khem Birch,5:31,Isaiah Briscoe,5:31,Melvin Frazier,5:31,,,,,,,32:13,Wes Iwundu,31:13,Evan Fournier,28:05,Aaron Gordon,23:34,Jerian Grant,21:00,Mo Bamba,19:58,Terrence Ross,19:53,Jonathan Isaac,12:09,Jarell Martin,8:22
1,.333,3,30.000,7,7.00,117,0,2,40.0,6,.600,5.0,71.4,7.0,10,5,.833,6,60.000,Logos via Sports Logos.net / About logos,W,https://www.basketball-reference.com/boxscores/201811040SAS.html,Away,110,32:31,3,60.0,SAS,LaMarcus Aldridge,Quincy Pondexter,11:08,Chimezie Metu,3:38,,,,,,,,,33:24,DeMar DeRozan,32:47,Patty Mills,32:25,Bryn Forbes,25:59,Dāvis Bertāns,25:35,Pau Gasol,23:01,Marco Belinelli,21:02,Dante Cunningham,16:43,Jakob Poeltl,14:18,110,3,18,10.0,55.6,3.0,16.7,5.0,27.8,D.J. Augustin,7,0,2018-2019,0.0,1,5.0,ORL,117,Aaron Gordon,,,,,,,,,,,,,41:13,Evan Fournier,32:46,Nikola Vučević,32:28,Terrence Ross,31:24,Jonathon Simmons,17:59,Mo Bamba,15:32,Jerian Grant,15:29,Wes Iwundu,13:51,Jarell Martin,6:47
1,.500,2,100.000,4,2.00,100,0,1,100.0,1,.500,0.0,,0.0,2,4,1.000,4,200.000,Logos via Sports Logos.net / About logos,W,https://www.basketball-reference.com/boxscores/201811050ORL.html,Home,102,26:37,0,0.0,CLE,Cedi Osman,Kyle Korver,4:22,,,,,,,,,,,42:36,Tristan Thompson,34:20,George Hill,32:30,Rodney Hood,30:42,Jordan Clarkson,25:34,J.R. Smith,25:10,Collin Sexton,16:44,Sam Dekker,14:25,Larry Nance Jr.,13:37,100,1,7,0.0,0.0,3.0,42.9,4.0,57.1,D.J. Augustin,2,2,2018-2019,2.0,2,1.0,ORL,102,Aaron Gordon,,,,,,,,,,,,,33:27,Evan Fournier,31:58,Terrence Ross,30:11,Nikola Vučević,26:57,Jonathon Simmons,21:13,Jerian Grant,21:06,Mo Bamba,21:03,Jarell Martin,14:33,Wes Iwundu,12:55
3,.500,6,60.000,7,,103,0,2,66.7,6,.600,3.0,75.0,4.0,10,1,1.000,1,10.000,Logos via Sports Logos.net / About logos,L,https://www.basketball-reference.com/boxscores/201811070ORL.html,Home,96,30:59,1,33.3,DET,Andre Drummond,José Calderón,12:30,,,,,,,,,,,35:08,Blake Griffin,35:08,Glenn Robinson III,27:19,Reggie Jackson,26:23,Langston Galloway,26:05,Ish Smith,24:24,Stanley Johnson,22:05,Reggie Bullock,18:06,Zaza Pachulia,12:52,103,0,16,6.0,37.5,9.0,56.2,1.0,6.2,D.J. Augustin,7,0,2018-2019,0.0,0,3.0,ORL,96,Nikola Vučević,,,,,,,,,,,,,34:26,Evan Fournier,31:01,Aaron Gordon,28:04,Terrence Ross,27:33,Jarell Martin,19:56,Jonathon Simmons,19:39,Wes Iwundu,17:47,Jerian Grant,17:01,Mo Bamba,13:34
2,.400,5,100.000,4,2.00,108,0,2,100.0,2,.400,0.0,,0.0,5,5,.833,6,120.000,Logos via Sports Logos.net / About logos,W,https://www.basketball-reference.com/boxscores/201811090ORL.html,Home,117,25:04,0,0.0,WAS,John Wall,,,,,,,,,,,,,42:20,Bradley Beal,41:46,Dwight Howard,26:05,Markieff Morris,26:00,Kelly Oubre Jr.,25:11,Jeff Green,24:24,Austin Rivers,23:29,Otto Porter Jr.,23:11,Tomáš Satoranský,7:34,108,0,11,0.0,0.0,6.0,54.5,5.0,45.5,D.J. Augustin,9,1,2018-2019,1.0,2,2.0,ORL,117,Aaron Gordon,,,,,,,,,,,,,42:20,Evan Fournier,36:42,Nikola Vučević,30:38,Terrence Ross,29:44,Jerian Grant,22:56,Mo Bamba,17:22,Jonathon Simmons,14:58,Wes Iwundu,14:36,Jarell Martin,5:40
3,.600,5,71.429,2,2.00,115,0,2,100.0,3,.429,0.0,0.0,2.0,7,0,,0,0.000,Logos via Sports Logos.net / About logos,W,https://www.basketball-reference.com/boxscores/201811110NYK.html,Away,89,23:42,0,0.0,NYK,Mario Hezonja,Emmanuel Mudiay,17:15,Frank Ntilikina,5:45,Ron Baker,5:14,,,,,,,26:32,Enes Freedom,26:18,Tim Hardaway Jr.,26:06,Kevin Knox,25:35,Noah Vonleh,22:34,Mitchell Robinson,22:13,Allonzo Trier,21:54,Damyean Dotson,20:48,Trey Burke,19:46,89,0,9,0.0,0.0,9.0,100.0,0.0,0.0,D.J. Augustin,26,3,2018-2019,3.0,1,2.0,ORL,115,Wes Iwundu,Isaiah Briscoe,5:14,Melvin Frazier,5:14,,,,,,,,,31:38,Jerian Grant,28:14,Jonathon Simmons,27:49,Jarell Martin,27:31,Nikola Vučević,26:21,Terrence Ross,22:24,Evan Fournier,19:00,Mo Bamba,17:39,Khem Birch,5:14
3,.600,5,50.000,4,4.00,109,0,1,100.0,6,.600,3.0,60.0,5.0,10,0,.000,1,10.000,Logos via Sports Logos.net / About logos,L,https://www.basketball-reference.com/boxscores/201811120WAS.html,Away,117,31:21,0,0.0,WAS,Markieff Morris,Ian Mahinmi,7:06,,,,,,,,,,,39:03,Bradley Beal,37:17,John Wall,33:03,Dwight Howard,28:54,Otto Porter Jr.,21:42,Kelly Oubre Jr.,21:29,Jeff Green,20:57,Austin Rivers,18:09,Tomáš Satoranský,12:20,117,3,15,6.0,40.0,9.0,60.0,0.0,0.0,D.J. Augustin,8,0,2018-2019,0.0,1,1.0,ORL,109,Aaron Gordon,Khem Birch,4:50,,,,,,,,,,,33:23,Nikola Vučević,32:03,Evan Fournier,29:13,Jonathon Simmons,26:43,Terrence Ross,24:52,Jerian Grant,16:39,Wes Iwundu,15:12,Jarell Martin,14:37,Mo Bamba,11:07
0,.000,3,50.000,9,,106,0,0,,1,.167,1.0,33.3,3.0,6,2,.667,3,50.000,Logos via Sports Logos.net / About logos,W,https://www.basketball-reference.com/boxscores/201811140ORL.html,Home,111,31:10,0,,PHI,Joel Embiid,Amir Johnson,6:24,,,,,,,,,,,35:48,JJ Redick,33:20,Jimmy Butler,32:55,Ben Simmons,31:25,Mike Muscala,26:18,Wilson Chandler,23:14,Markelle Fultz,20:45,Furkan Korkmaz,15:05,Landry Shamet,14:46,106,1,4,2.0,50.0,0.0,0.0,2.0,50.0,D.J. Augustin,5,0,2018-2019,0.0,0,0.0,ORL,111,Nikola Vučević,,,,,,,,,,,,,39:19,Aaron Gordon,31:46,Terrence Ross,31:07,Evan Fournier,27:41,Wes Iwundu,18:44,Jonathon Simmons,18:35,Jerian Grant,16:43,Jonathan Isaac,16:14,Mo Bamba,8:41
3,1.000,3,33.333,7,3.50,117,0,1,100.0,7,.778,4.0,66.7,6.0,9,5,1.000,5,55.556,Logos via Sports Logos.net / About logos,W,https://www.basketball-reference.com/boxscores/201811170ORL.html,Home,130,27:07,0,0.0,LAL,Brandon Ingram,Svi Mykhailiuk,10:30,Michael Beasley,9:04,Moritz Wagner,2:06,,,,,,,33:39,Kentavious Caldwell-Pope,28:19,Lonzo Ball,28:13,Kyle Kuzma,27:09,LeBron James,25:53,Lance Stephenson,21:40,Josh Hart,20:11,Tyson Chandler,17:21,JaVale McGee,15:55,117,2,22,8.0,36.4,9.0,40.9,5.0,22.7,D.J. Augustin,13,0,2018-2019,0.0,2,1.0,ORL,130,Evan Fournier,Jarell Martin,1:44,Khem Birch,1:44,Isaiah Briscoe,1:44,,,,,,,33:31,Nikola Vučević,31:22,Aaron Gordon,29:22,Jonathon Simmons,26:03,Wes Iwundu,20:03,Jerian Grant,19:14,Jonathan Isaac,16:54,Terrence Ross,16:18,Mo Bamba,14:54
2,1.000,2,50.000,7,3.50,117,0,3,100.0,3,.750,1.0,50.0,2.0,4,4,.800,5,125.000,Logos via Sports Logos.net / About logos,W,https://www.basketball-reference.com/boxscores/201811180ORL.html,Home,131,27:39,0,0.0,NYK,Enes Freedom,Mitchell Robinson,8:42,,,,,,,,,,,37:41,Tim Hardaway Jr.,35:57,Noah Vonleh,34:32,Trey Burke,29:11,Kevin Knox,23:26,Emmanuel Mudiay,22:40,Frank Ntilikina,21:31,Damyean Dotson,13:39,Allonzo Trier,12:41,117,5,12,2.0,16.7,6.0,50.0,4.0,33.3,D.J. Augustin,14,0,2018-2019,0.0,2,3.0,ORL,131,Nikola Vučević,Jerian Grant,4:01,,,,,,,,,,,31:37,Evan Fournier,29:34,Aaron Gordon,29:26,Jonathan Isaac,24:01,Jonathon Simmons,22:56,Terrence Ross,22:43,Mo Bamba,16:23,Isaiah Briscoe,16:20,Wes Iwundu,15:20
1,.333,3,50.000,5,,93,0,2,100.0,2,.333,1.0,33.3,3.0,6,0,,0,0.000,Logos via Sports Logos.net / About logos,L,https://www.basketball-reference.com/boxscores/201811200ORL.html,Home,91,26:07,0,0.0,TOR,Danny Green,,,,,,,,,,,,,33:40,Pascal Siakam,33:39,Kyle Lowry,32:25,Kawhi Leonard,30:16,Serge Ibaka,30:15,Fred VanVleet,26:21,Jonas Valančiūnas,20:36,Lorenzo Brown,19:33,Delon Wright,13:15,93,0,5,2.0,40.0,3.0,60.0,0.0,0.0,D.J. Augustin,2,0,2018-2019,0.0,0,2.0,ORL,91,Aaron Gordon,,,,,,,,,,,,,36:31,Evan Fournier,34:46,Nikola Vučević,33:35,Wes Iwundu,22:39,Jerian Grant,21:53,Terrence Ross,20:15,Jonathan Isaac,20:05,Mo Bamba,14:25,Jonathon Simmons,9:44
1,.250,4,80.000,4,4.00,87,0,1,100.0,1,.200,0.0,0.0,1.0,5,1,.500,2,40.000,Logos via Sports Logos.net / About logos,L,https://www.basketball-reference.com/boxscores/201811230DEN.html,Away,112,24:06,0,0.0,DEN,Jamal Murray,Thomas Welsh,5:15,Tyler Lydon,4:56,DeVaughn Akoon-Purcell,4:56,Torrey Craig,4:56,,,,,35:47,Juancho Hernangómez,32:21,Monte Morris,25:37,Gary Harris,25:04,Paul Millsap,23:58,Nikola Jokić,22:52,Mason Plumlee,20:52,Trey Lyles,18:07,Malik Beasley,15:19,112,1,4,0.0,0.0,3.0,75.0,1.0,25.0,D.J. Augustin,25,0,2018-2019,0.0,1,1.0,ORL,87,Aaron Gordon,Isaiah Briscoe,5:32,Khem Birch,5:32,Jarell Martin,5:32,,,,,,,32:19,Evan Fournier,31:53,Nikola Vučević,27:42,Wes Iwundu,23:31,Terrence Ross,22:34,Jonathan Isaac,21:02,Jerian Grant,18:22,Mo Bamba,14:46,Jonathon Simmons,7:09
1,.250,4,44.444,9,9.00,108,0,3,60.0,5,.556,4.0,80.0,5.0,9,1,1.000,1,11.111,Logos via Sports Logos.net / About logos,W,https://www.basketball-reference.com/boxscores/201811250LAL.html,Away,104,29:03,2,40.0,LAL,LeBron James,Svi Mykhailiuk,8:58,,,,,,,,,,,40:27,Kyle Kuzma,34:45,Brandon Ingram,31:26,Lonzo Ball,28:34,Kentavious Caldwell-Pope,27:16,JaVale McGee,24:11,Josh Hart,15:09,Lance Stephenson,14:38,Tyson Chandler,14:36,104,0,12,8.0,66.7,3.0,25.0,1.0,8.3,D.J. Augustin,4,0,2018-2019,0.0,1,5.0,ORL,108,Nikola Vučević,Jarell Martin,1:39,,,,,,,,,,,35:51,Aaron Gordon,31:00,Terrence Ross,28:59,Evan Fournier,27:52,Jonathon Simmons,25:02,Jonathan Isaac,24:11,Jerian Grant,18:57,Mo Bamba,11:59,Wes Iwundu,5:27
1,.333,3,30.000,9,3.00,110,0,4,100.0,3,.300,2.0,28.6,7.0,10,2,1.000,2,20.000,Logos via Sports Logos.net / About logos,L,https://www.basketball-reference.com/boxscores/201811260GSW.html,Away,116,29:13,0,0.0,GSW,Klay Thompson,Jordan Bell,11:58,,,,,,,,,,,40:13,Kevin Durant,39:42,Quinn Cook,31:39,Andre Iguodala,28:28,Kevon Looney,20:18,Shaun Livingston,20:04,Jonas Jerebko,17:36,Damian Jones,15:55,Damion Lee,14:07,116,1,9,4.0,44.4,3.0,33.3,2.0,22.2,D.J. Augustin,6,2,2018-2019,2.0,3,4.0,ORL,110,Nikola Vučević,Jarell Martin,1:27,,,,,,,,,,,32:35,Evan Fournier,31:47,Jonathan Isaac,30:00,Terrence Ross,27:40,Jonathon Simmons,27:39,Aaron Gordon,21:59,Jerian Grant,18:47,Mo Bamba,15:25,Wes Iwundu,3:28
2,.667,3,50.000,5,,112,0,0,,3,.500,1.0,33.3,3.0,6,2,1.000,2,33.333,Logos via Sports Logos.net / About logos,L,https://www.basketball-reference.com/boxscores/201811280POR.html,Away,115,22:56,0,,POR,Damian Lillard,Maurice Harkless,12:36,,,,,,,,,,,37:22,CJ McCollum,34:47,Jusuf Nurkić,33:23,Al-Farouq Aminu,26:42,Evan Turner,26:03,Zach Collins,21:05,Nik Stauskas,19:23,Meyers Leonard,14:37,Seth Curry,14:02,115,1,10,2.0,20.0,6.0,60.0,2.0,20.0,D.J. Augustin,3,0,2018-2019,0.0,0,0.0,ORL,112,Evan Fournier,,,,,,,,,,,,,35:40,Jonathan Isaac,30:11,Nikola Vučević,28:41,Terrence Ross,26:08,Jerian Grant,25:04,Jonathon Simmons,23:07,Mo Bamba,19:06,Jarell Martin,17:36,Wes Iwundu,11:31
1,.333,3,33.333,6,3.00,99,0,2,66.7,6,.667,5.0,83.3,6.0,9,3,1.000,3,33.333,Logos via Sports Logos.net / About logos,W,https://www.basketball-reference.com/boxscores/201811300PHO.html,Away,85,28:44,1,33.3,PHO,Josh Jackson,De'Anthony Melton,4:16,,,,,,,,,,,38:14,Trevor Ariza,33:40,Deandre Ayton,31:37,Jamal Crawford,30:46,Elie Okobo,28:55,Ryan Anderson,20:14,Mikal Bridges,19:58,Richaun Holmes,16:23,Troy Daniels,15:57,85,0,16,10.0,62.5,3.0,18.8,3.0,18.8,D.J. Augustin,14,0,2018-2019,0.0,2,3.0,ORL,99,Aaron Gordon,,,,,,,,,,,,,34:03,Evan Fournier,32:12,Nikola Vučević,31:54,Terrence Ross,30:49,Jonathan Isaac,26:29,Jonathon Simmons,20:27,Jerian Grant,19:16,Mo Bamba,16:06,,
2,.333,6,54.545,5,2.50,105,0,2,100.0,3,.273,1.0,20.0,5.0,11,3,1.000,3,27.273,Logos via Sports Logos.net / About logos,W,https://www.basketball-reference.com/boxscores/201812040MIA.html,Away,90,28:08,0,0.0,MIA,Josh Richardson,Tyler Johnson,13:00,,,,,,,,,,,31:57,Justise Winslow,31:30,Kelly Olynyk,27:42,Rodney McGruder,26:54,Hassan Whiteside,24:51,Bam Adebayo,23:09,Dwyane Wade,22:12,James Johnson,20:18,Wayne Ellington,18:27,90,2,11,2.0,18.2,6.0,54.5,3.0,27.3,D.J. Augustin,15,0,2018-2019,0.0,2,2.0,ORL,105,Aaron Gordon,,,,,,,,,,,,,34:32,Nikola Vučević,33:02,Jonathan Isaac,31:29,Terrence Ross,29:58,Evan Fournier,26:54,Jonathon Simmons,21:07,Jerian Grant,19:52,Mo Bamba,14:58,,
2,.667,3,75.000,5,,124,0,0,,3,.750,1.0,100.0,1.0,4,0,,0,0.000,Logos via Sports Logos.net / About logos,L,https://www.basketball-reference.com/boxscores/201812050ORL.html,Home,118,30:57,0,,DEN,Jamal Murray,,,,,,,,,,,,,46:08,Juancho Hernangómez,36:33,Nikola Jokić,34:38,Paul Millsap,32:42,Malik Beasley,30:54,Torrey Craig,25:11,Monte Morris,20:18,Mason Plumlee,19:46,Trey Lyles,18:50,124,2,8,2.0,25.0,6.0,75.0,0.0,0.0,D.J. Augustin,6,0,2018-2019,0.0,0,0.0,ORL,118,Aaron Gordon,,,,,,,,,,,,,39:19,Evan Fournier,38:27,Nikola Vučević,37:01,Terrence Ross,32:07,Jonathan Isaac,24:38,Jonathon Simmons,24:35,Jerian Grant,21:57,Mo Bamba,15:59,,
1,.333,3,50.000,2,1.00,112,0,0,,2,.333,1.0,33.3,3.0,6,0,,0,0.000,Logos via Sports Logos.net / About logos,L,https://www.basketball-reference.com/boxscores/201812070ORL.html,Home,90,22:20,0,,IND,Thaddeus Young,Doug McDermott,13:42,Alize Johnson,3:23,Edmond Sumner,3:23,,,,,,,30:56,Bojan Bogdanović,29:14,Kyle O'Quinn,27:25,Darren Collison,26:19,Cory Joseph,24:51,Tyreke Evans,22:50,Aaron Holiday,21:41,Myles Turner,20:35,T.J. Leaf,15:41,112,0,5,2.0,40.0,3.0,60.0,0.0,0.0,D.J. Augustin,22,0,2018-2019,0.0,2,0.0,ORL,90,Aaron Gordon,Wes Iwundu,4:08,Isaiah Briscoe,4:08,Jarell Martin,4:08,,,,,,,33:55,Evan Fournier,29:03,Terrence Ross,26:00,Jerian Grant,25:40,Nikola Vučević,25:38,Jonathon Simmons,22:02,Jonathan Isaac,20:36,Mo Bamba,18:14,Khem Birch,4:08
0,.000,3,37.500,2,0.67,76,0,2,66.7,3,.375,3.0,60.0,5.0,8,0,,0,0.000,Logos via Sports Logos.net / About logos,L,https://www.basketball-reference.com/boxscores/201812100DAL.html,Away,101,24:34,1,33.3,DAL,Jalen Brunson,Devin Harris,13:02,Ryan Broekhoff,9:22,Salah Mejri,6:51,,,,,,,31:38,Harrison Barnes,27:39,DeAndre Jordan,27:15,Wesley Matthews,25:36,Luka Dončić,25:36,Dorian Finney-Smith,22:24,Dwight Powell,20:45,J.J. Barea,16:22,Maxi Kleber,13:30,101,1,6,6.0,100.0,0.0,0.0,0.0,0.0,D.J. Augustin,25,0,2018-2019,0.0,3,3.0,ORL,76,Aaron Gordon,Jarell Martin,5:20,Melvin Frazier,5:20,,,,,,,,,31:22,Wes Iwundu,28:39,Jonathan Isaac,27:36,Nikola Vučević,25:59,Terrence Ross,23:46,Khem Birch,22:01,Jonathon Simmons,21:57,Jerian Grant,15:14,Isaiah Briscoe,8:12
3,.600,5,62.500,2,2.00,91,0,7,100.0,4,.500,1.0,33.3,3.0,8,4,1.000,4,50.000,Logos via Sports Logos.net / About logos,W,https://www.basketball-reference.com/boxscores/201812130ORL.html,Home,97,32:36,0,0.0,CHI,Zach LaVine,Jabari Parker,4:10,,,,,,,,,,,40:29,Justin Holiday,38:10,Robin Lopez,28:14,Lauri Markkanen,27:58,Kris Dunn,25:50,Ryan Arcidiacono,22:35,Bobby Portis,21:58,Wendell Carter Jr.,17:45,Shaquille Harrison,12:51,91,2,15,2.0,13.3,9.0,60.0,4.0,26.7,D.J. Augustin,6,0,2018-2019,0.0,1,7.0,ORL,97,Aaron Gordon,,,,,,,,,,,,,37:09,Nikola Vučević,32:47,Evan Fournier,30:18,Terrence Ross,29:22,Jonathan Isaac,25:53,Jonathon Simmons,21:18,Jerian Grant,15:24,Mo Bamba,15:13,,
2,.667,3,37.500,5,1.25,89,0,2,100.0,4,.500,2.0,40.0,5.0,8,1,.500,2,25.000,Logos via Sports Logos.net / About logos,W,https://www.basketball-reference.com/boxscores/201812150ORL.html,Home,96,34:16,0,0.0,UTA,Donovan Mitchell,Royce O'Neale,11:31,,,,,,,,,,,34:22,Joe Ingles,33:09,Rudy Gobert,32:54,Ricky Rubio,32:18,Jae Crowder,25:18,Derrick Favors,24:55,Kyle Korver,17:19,Dante Exum,15:42,Thabo Sefolosha,12:32,89,2,11,4.0,36.4,6.0,54.5,1.0,9.1,D.J. Augustin,7,0,2018-2019,0.0,4,2.0,ORL,96,Jonathan Isaac,,,,,,,,,,,,,33:49,Evan Fournier,32:59,Nikola Vučević,30:09,Aaron Gordon,28:18,Terrence Ross,23:10,Jonathon Simmons,21:06,Mo Bamba,17:40,Jerian Grant,13:44,Jarell Martin,4:49
3,.600,5,50.000,2,,129,0,1,100.0,6,.600,3.0,60.0,5.0,10,2,1.000,2,20.000,Logos via Sports Logos.net / About logos,L,https://www.basketball-reference.com/boxscores/201812190ORL.html,Home,90,24:07,0,0.0,SAS,Derrick White,Dante Cunningham,12:00,Drew Eubanks,9:36,Quincy Pondexter,8:03,,,,,,,34:02,DeMar DeRozan,30:21,LaMarcus Aldridge,26:12,Bryn Forbes,25:29,Rudy Gay,23:20,Jakob Poeltl,21:48,Marco Belinelli,17:15,Patty Mills,16:50,Dāvis Bertāns,15:04,129,0,17,6.0,35.3,9.0,52.9,2.0,11.8,D.J. Augustin,39,0,2018-2019,0.0,0,1.0,ORL,90,Aaron Gordon,Jarell Martin,6:16,Isaiah Briscoe,6:16,,,,,,,,,31:18,Mo Bamba,25:40,Jonathan Isaac,24:46,Evan Fournier,24:40,Jerian Grant,23:53,Terrence Ross,21:38,Khem Birch,19:13,Wes Iwundu,16:28,Jonathon Simmons,15:45
0,.000,5,55.556,2,0.67,80,0,2,66.7,2,.222,2.0,50.0,4.0,9,4,1.000,4,44.444,Logos via Sports Logos.net / About logos,L,https://www.basketball-reference.com/boxscores/201812210CHI.html,Away,90,33:48,1,33.3,CHI,Lauri Markkanen,,,,,,,,,,,,,36:45,Justin Holiday,36:41,Kris Dunn,35:50,Ryan Arcidiacono,33:06,Wendell Carter Jr.,24:44,Robin Lopez,22:54,Shaquille Harrison,21:35,Chandler Hutchison,16:44,Antonio Blakeney,11:41,90,3,8,4.0,50.0,0.0,0.0,4.0,50.0,D.J. Augustin,10,0,2018-2019,0.0,3,3.0,ORL,80,Aaron Gordon,,,,,,,,,,,,,37:02,Nikola Vučević,36:41,Evan Fournier,34:23,Terrence Ross,27:55,Wes Iwundu,21:43,Jonathan Isaac,19:37,Jerian Grant,14:12,Mo Bamba,10:57,Jarell Martin,3:42
1,.500,2,40.000,2,0.67,115,0,1,100.0,3,.600,2.0,66.7,3.0,5,0,,0,0.000,Logos via Sports Logos.net / About logos,L,https://www.basketball-reference.com/boxscores/201812230ORL.html,Home,91,22:01,0,0.0,MIA,Josh Richardson,Wayne Ellington,4:22,,,,,,,,,,,37:06,Justise Winslow,30:30,Tyler Johnson,28:04,Hassan Whiteside,27:49,James Johnson,24:35,Dwyane Wade,23:42,Derrick Jones Jr.,21:58,Kelly Olynyk,21:43,Bam Adebayo,20:11,115,5,7,4.0,57.1,3.0,42.9,0.0,0.0,D.J. Augustin,24,1,2018-2019,1.0,3,1.0,ORL,91,Aaron Gordon,Wes Iwundu,3:46,Khem Birch,3:46,Jarell Martin,3:46,,,,,,,32:53,Nikola Vučević,29:27,Terrence Ross,27:56,Evan Fournier,26:43,Jerian Grant,25:59,Jonathan Isaac,24:28,Jonathon Simmons,20:42,Mo Bamba,14:47,Isaiah Briscoe,3:46
3,.375,8,44.444,6,2.00,122,0,1,50.0,8,.444,5.0,50.0,10.0,18,8,.889,9,50.000,Logos via Sports Logos.net / About logos,L,https://www.basketball-reference.com/boxscores/201812260ORL.html,Home,120,41:21,1,50.0,PHO,Devin Booker,,,,,,,,,,,,,39:52,T.J. Warren,36:17,Mikal Bridges,35:23,Deandre Ayton,34:04,Kelly Oubre Jr.,30:55,Josh Jackson,27:21,Elie Okobo,24:01,Richaun Holmes,18:56,De'Anthony Melton,18:11,122,1,27,10.0,37.0,9.0,33.3,8.0,29.6,D.J. Augustin,2,3,2018-2019,3.0,3,2.0,ORL,120,Aaron Gordon,,,,,,,,,,,,,42:18,Nikola Vučević,39:03,Terrence Ross,36:06,Evan Fournier,35:03,Jonathan Isaac,25:34,Jonathon Simmons,20:04,Mo Bamba,13:56,Jerian Grant,11:32,,
2,.667,3,42.857,6,6.00,87,0,1,100.0,5,.714,3.0,75.0,4.0,7,5,1.000,5,71.429,Logos via Sports Logos.net / About logos,W,https://www.basketball-reference.com/boxscores/201812280ORL.html,Home,116,24:58,0,0.0,TOR,Serge Ibaka,Chris Boucher,9:10,Lorenzo Brown,5:54,Malachi Richardson,4:03,,,,,,,31:51,Delon Wright,30:48,Kawhi Leonard,29:26,Pascal Siakam,28:42,C.J. Miles,25:41,Fred VanVleet,23:04,OG Anunoby,22:50,Danny Green,18:25,Greg Monroe,10:04,87,2,17,6.0,35.3,6.0,35.3,5.0,29.4,D.J. Augustin,29,0,2018-2019,0.0,1,1.0,ORL,116,Aaron Gordon,Jerian Grant,3:22,Jarell Martin,3:22,Isaiah Briscoe,3:22,,,,,,,35:02,Nikola Vučević,33:22,Evan Fournier,32:41,Jonathan Isaac,29:23,Terrence Ross,21:19,Jonathon Simmons,20:06,Wes Iwundu,18:24,Mo Bamba,11:16,Khem Birch,3:22
4,.571,7,63.636,8,8.00,107,0,1,50.0,6,.545,2.0,50.0,4.0,11,10,1.000,10,90.909,Logos via Sports Logos.net / About logos,W,https://www.basketball-reference.com/boxscores/201812300ORL.html,Home,109,37:35,1,50.0,DET,Blake Griffin,Langston Galloway,13:07,,,,,,,,,,,33:47,Bruce Brown,29:42,Reggie Jackson,28:16,Reggie Bullock,27:40,Andre Drummond,24:59,Zaza Pachulia,23:01,Luke Kennard,22:49,José Calderón,19:42,Stanley Johnson,16:57,107,2,26,4.0,15.4,12.0,46.2,10.0,38.5,D.J. Augustin,2,2,2018-2019,2.0,1,2.0,ORL,109,Aaron Gordon,,,,,,,,,,,,,34:29,Nikola Vučević,34:16,Jonathan Isaac,32:36,Evan Fournier,29:36,Terrence Ross,27:27,Wes Iwundu,15:51,Mo Bamba,13:44,Jonathon Simmons,8:55,Jerian Grant,5:31
1,.250,4,57.143,6,3.00,112,0,2,100.0,4,.571,3.0,100.0,3.0,7,1,.500,2,28.571,Logos via Sports Logos.net / About logos,W,https://www.basketball-reference.com/boxscores/201901020CHI.html,Away,84,25:27,0,0.0,CHI,Lauri Markkanen,Wendell Carter Jr.,13:28,Cristiano Felício,7:26,Cameron Payne,5:29,,,,,,,28:08,Zach LaVine,28:02,Kris Dunn,27:44,Justin Holiday,26:11,Shaquille Harrison,26:02,Antonio Blakeney,24:26,Chandler Hutchison,21:56,Robin Lopez,15:40,Ryan Arcidiacono,15:28,84,1,10,6.0,60.0,3.0,30.0,1.0,10.0,D.J. Augustin,28,1,2018-2019,1.0,2,2.0,ORL,112,Aaron Gordon,Isaiah Briscoe,3:48,Troy Caupain,3:48,,,,,,,,,37:00,Evan Fournier,30:09,Nikola Vučević,26:12,Jonathan Isaac,25:23,Terrence Ross,24:50,Wes Iwundu,21:20,Mo Bamba,19:30,Jerian Grant,18:45,Jarell Martin,3:48
2,.500,4,44.444,6,3.00,103,0,2,66.7,3,.333,1.0,20.0,5.0,9,0,,0,0.000,Logos via Sports Logos.net / About logos,L,https://www.basketball-reference.com/boxscores/201901040MIN.html,Away,120,31:23,1,33.3,MIN,Josh Okogie,James Nunnally,2:31,,,,,,,,,,,33:11,Andrew Wiggins,33:00,Karl-Anthony Towns,31:47,Anthony Tolliver,29:49,Jeff Teague,28:29,Dario Šarić,23:05,Taj Gibson,22:24,Tyus Jones,19:31,Gorgui Dieng,16:13,120,2,8,2.0,25.0,6.0,75.0,0.0,0.0,D.J. Augustin,17,1,2018-2019,1.0,2,3.0,ORL,103,Aaron Gordon,Isaiah Briscoe,3:45,Jerian Grant,3:45,Jarell Martin,3:45,,,,,,,31:12,Evan Fournier,29:59,Jonathan Isaac,28:42,Nikola Vučević,27:17,Terrence Ross,23:29,Jonathon Simmons,21:04,Mo Bamba,16:58,Wes Iwundu,14:56,Khem Birch,3:45
0,.000,2,33.333,3,,96,0,0,,3,.500,3.0,75.0,4.0,6,6,.857,7,116.667,Logos via Sports Logos.net / About logos,L,https://www.basketball-reference.com/boxscores/201901060LAC.html,Away,106,24:57,0,,LAC,Tobias Harris,Mike Scott,7:58,Johnathan Motley,1:55,Sindarius Thornwell,1:55,,,,,,,35:30,Danilo Gallinari,32:57,Avery Bradley,25:13,Marcin Gortat,25:10,Patrick Beverley,25:06,Lou Williams,24:42,Shai Gilgeous-Alexander,23:01,Montrezl Harrell,22:50,Tyrone Wallace,13:43,106,0,12,6.0,50.0,0.0,0.0,6.0,50.0,D.J. Augustin,10,2,2018-2019,2.0,0,0.0,ORL,96,Aaron Gordon,Jerian Grant,1:55,Khem Birch,1:55,Jarell Martin,1:55,,,,,,,36:51,Nikola Vučević,32:06,Evan Fournier,30:47,Terrence Ross,26:40,Jonathan Isaac,26:25,Jonathon Simmons,21:08,Wes Iwundu,19:27,Mo Bamba,13:59,Isaiah Briscoe,1:55
0,.000,3,50.000,1,1.00,95,0,2,100.0,1,.167,1.0,33.3,3.0,6,4,1.000,4,66.667,Logos via Sports Logos.net / About logos,L,https://www.basketball-reference.com/boxscores/201901070SAC.html,Away,111,19:24,0,0.0,SAC,Bogdan Bogdanović,Kosta Koufos,13:39,Frank Mason III,6:10,Ben McLemore,6:10,Skal Labissière,5:21,,,,,32:16,Justin Jackson,26:34,Yogi Ferrell,25:30,Buddy Hield,24:50,De'Aaron Fox,22:30,Nemanja Bjelica,21:50,Marvin Bagley III,20:18,Willie Cauley-Stein,17:41,Harry Giles,17:11,111,1,6,2.0,33.3,0.0,0.0,4.0,66.7,D.J. Augustin,16,1,2018-2019,1.0,1,2.0,ORL,95,Aaron Gordon,Khem Birch,10:36,Jarell Martin,6:10,Jerian Grant,5:21,,,,,,,34:06,Wes Iwundu,26:29,Evan Fournier,25:59,Nikola Vučević,24:37,Terrence Ross,23:21,Jonathan Isaac,22:34,Isaiah Briscoe,17:00,Mo Bamba,12:47,Jonathon Simmons,11:36
3,.500,6,54.545,6,1.50,93,0,0,0.0,7,.636,4.0,80.0,5.0,11,6,.857,7,63.636,Logos via Sports Logos.net / About logos,L,https://www.basketball-reference.com/boxscores/201901090UTA.html,Away,106,29:44,3,100.0,UTA,Donovan Mitchell,,,,,,,,,,,,,37:15,Rudy Gobert,36:05,Joe Ingles,34:44,Jae Crowder,34:00,Raul Neto,30:34,Kyle Korver,23:42,Derrick Favors,20:55,Royce O'Neale,17:41,Georges Niang,5:04,106,0,23,8.0,34.8,9.0,39.1,6.0,26.1,D.J. Augustin,13,0,2018-2019,0.0,4,3.0,ORL,93,Evan Fournier,,,,,,,,,,,,,36:51,Aaron Gordon,36:03,Nikola Vučević,30:37,Terrence Ross,28:53,Jonathan Isaac,26:17,Isaiah Briscoe,18:16,Khem Birch,17:23,Wes Iwundu,15:56,,
2,.500,4,66.667,1,0.33,103,0,0,,2,.333,0.0,0.0,2.0,6,1,1.000,1,16.667,Logos via Sports Logos.net / About logos,W,https://www.basketball-reference.com/boxscores/201901120ORL.html,Home,105,26:49,0,,BOS,Marcus Smart,Robert Williams,2:15,,,,,,,,,,,33:20,Kyrie Irving,32:53,Marcus Morris,31:23,Al Horford,30:13,Jayson Tatum,28:03,Gordon Hayward,25:12,Jaylen Brown,23:58,Terry Rozier,17:03,Daniel Theis,15:40,103,4,7,0.0,0.0,6.0,85.7,1.0,14.3,D.J. Augustin,2,1,2018-2019,1.0,3,0.0,ORL,105,Evan Fournier,,,,,,,,,,,,,38:46,Aaron Gordon,37:00,Terrence Ross,30:49,Nikola Vučević,30:29,Jonathan Isaac,24:37,Isaiah Briscoe,21:08,Khem Birch,17:31,Wes Iwundu,12:51,,
1,.333,3,42.857,3,3.00,109,0,4,100.0,3,.429,2.0,50.0,4.0,7,2,1.000,2,28.571,Logos via Sports Logos.net / About logos,W,https://www.basketball-reference.com/boxscores/201901130ORL.html,Home,116,30:43,0,0.0,HOU,James Harden,,,,,,,,,,,,,43:01,P.J. Tucker,38:41,Austin Rivers,36:49,Clint Capela,36:17,Danuel House Jr.,29:50,Gerald Green,19:06,James Ennis III,15:14,Marquese Chriss,10:40,Gary Clark,10:22,109,1,9,4.0,44.4,3.0,33.3,2.0,22.2,D.J. Augustin,7,1,2018-2019,1.0,1,4.0,ORL,116,Evan Fournier,,,,,,,,,,,,,36:52,Nikola Vučević,35:06,Aaron Gordon,35:04,Jonathan Isaac,28:48,Terrence Ross,28:33,Isaiah Briscoe,17:17,Wes Iwundu,14:43,Khem Birch,12:54,,
1,.250,4,33.333,7,,115,0,2,66.7,6,.500,5.0,62.5,8.0,12,0,,0,0.000,Logos via Sports Logos.net / About logos,L,https://www.basketball-reference.com/boxscores/201901160DET.html,Away,120,32:16,1,33.3,DET,Blake Griffin,Stanley Johnson,12:45,,,,,,,,,,,40:15,Reggie Bullock,38:21,Andre Drummond,38:16,Reggie Jackson,30:45,Luke Kennard,25:31,Ish Smith,22:15,Bruce Brown,21:37,Langston Galloway,20:32,Zaza Pachulia,14:43,120,1,13,10.0,76.9,3.0,23.1,0.0,0.0,D.J. Augustin,5,0,2018-2019,0.0,0,3.0,ORL,115,Evan Fournier,,,,,,,,,,,,,39:32,Nikola Vučević,37:53,Aaron Gordon,37:04,Terrence Ross,33:00,Jonathan Isaac,32:45,Isaiah Briscoe,20:17,Wes Iwundu,17:06,Khem Birch,15:07,,
2,.500,4,40.000,4,1.00,117,0,1,100.0,7,.700,5.0,83.3,6.0,10,1,.500,2,20.000,Logos via Sports Logos.net / About logos,L,https://www.basketball-reference.com/boxscores/201901180ORL.html,Home,115,27:32,0,0.0,BRK,D'Angelo Russell,Rodions Kurucs,11:27,,,,,,,,,,,33:22,Joe Harris,29:37,DeMarre Carroll,29:37,Treveon Graham,28:43,Spencer Dinwiddie,27:15,Jarrett Allen,25:33,Ed Davis,22:27,Shabazz Napier,18:23,Rondae Hollis-Jefferson,13:36,117,3,17,10.0,58.8,6.0,35.3,1.0,5.9,D.J. Augustin,2,0,2018-2019,0.0,4,1.0,ORL,115,Evan Fournier,,,,,,,,,,,,,38:25,Jonathan Isaac,33:22,Nikola Vučević,32:46,Aaron Gordon,30:35,Terrence Ross,27:54,Isaiah Briscoe,20:28,Mo Bamba,15:14,Wes Iwundu,13:44,,
3,.750,4,50.000,7,7.00,118,0,2,100.0,5,.625,2.0,50.0,4.0,8,1,.500,2,25.000,Logos via Sports Logos.net / About logos,L,https://www.basketball-reference.com/boxscores/201901190ORL.html,Home,108,28:36,0,0.0,MIL,Giannis Antetokounmpo,Tony Snell,13:49,,,,,,,,,,,32:24,Eric Bledsoe,30:58,Malcolm Brogdon,29:21,Khris Middleton,27:52,Brook Lopez,27:16,George Hill,23:27,D.J. Wilson,21:40,Sterling Brown,18:33,Ersan İlyasova,14:40,118,1,14,4.0,28.6,9.0,64.3,1.0,7.1,D.J. Augustin,10,0,2018-2019,0.0,1,2.0,ORL,108,Evan Fournier,,,,,,,,,,,,,31:20,Nikola Vučević,29:48,Terrence Ross,29:40,Jonathan Isaac,29:19,Isaiah Briscoe,19:24,Jonathon Simmons,18:55,Jarell Martin,18:41,Mo Bamba,18:12,Wes Iwundu,16:05
4,.667,6,75.000,4,1.33,122,0,0,,4,.500,0.0,0.0,2.0,8,3,1.000,3,37.500,Logos via Sports Logos.net / About logos,W,https://www.basketball-reference.com/boxscores/201901210ATL.html,Away,103,27:33,0,,ATL,DeAndre' Bembry,Tyler Dorsey,9:58,Vince Carter,6:52,,,,,,,,,34:12,John Collins,31:49,Jeremy Lin,29:40,Trae Young,29:14,Dewayne Dedmon,26:34,Taurean Prince,25:16,Omari Spellman,16:44,Daniel Hamilton,15:40,Alex Len,14:01,103,3,15,0.0,0.0,12.0,80.0,3.0,20.0,D.J. Augustin,19,0,2018-2019,0.0,3,0.0,ORL,122,Evan Fournier,,,,,,,,,,,,,36:37,Nikola Vučević,34:32,Jonathan Isaac,31:46,Terrence Ross,26:40,Jonathon Simmons,20:40,Isaiah Briscoe,20:27,Jarell Martin,16:14,Mo Bamba,13:28,Wes Iwundu,12:03
2,.400,5,45.455,6,3.00,110,0,1,33.3,5,.455,3.0,50.0,6.0,11,7,1.000,7,63.636,Logos via Sports Logos.net / About logos,L,https://www.basketball-reference.com/boxscores/201901230BRK.html,Away,114,28:05,2,66.7,BRK,D'Angelo Russell,Rondae Hollis-Jefferson,5:52,,,,,,,,,,,33:44,DeMarre Carroll,32:19,Joe Harris,30:58,Spencer Dinwiddie,30:22,Jarrett Allen,28:59,Treveon Graham,24:21,Rodions Kurucs,22:11,Ed Davis,18:54,Shabazz Napier,12:20,114,0,19,6.0,31.6,6.0,31.6,7.0,36.8,D.J. Augustin,4,2,2018-2019,2.0,2,3.0,ORL,110,Jonathan Isaac,,,,,,,,,,,,,35:09,Nikola Vučević,33:11,Evan Fournier,32:54,Terrence Ross,27:06,Aaron Gordon,24:50,Jonathon Simmons,24:08,Jerian Grant,18:51,Mo Bamba,14:49,Isaiah Briscoe,0:57
1,.500,2,33.333,2,0.67,95,0,4,100.0,2,.333,1.0,25.0,4.0,6,0,,0,0.000,Logos via Sports Logos.net / About logos,L,https://www.basketball-reference.com/boxscores/201901250ORL.html,Home,91,28:21,0,0.0,WAS,Jeff Green,,,,,,,,,,,,,37:40,Bradley Beal,37:13,Tomáš Satoranský,35:47,Trevor Ariza,34:12,Otto Porter Jr.,31:53,Thomas Bryant,20:00,Sam Dekker,18:19,Ian Mahinmi,15:36,Chasson Randle,9:20,95,1,5,2.0,40.0,3.0,60.0,0.0,0.0,D.J. Augustin,4,0,2018-2019,0.0,3,4.0,ORL,91,Aaron Gordon,,,,,,,,,,,,,38:54,Terrence Ross,33:13,Nikola Vučević,31:26,Evan Fournier,28:05,Jonathon Simmons,22:13,Jonathan Isaac,21:35,Jerian Grant,19:39,Mo Bamba,16:34,,
2,.333,6,66.667,3,3.00,98,0,1,50.0,3,.333,1.0,33.3,3.0,9,2,.286,7,77.778,Logos via Sports Logos.net / About logos,L,https://www.basketball-reference.com/boxscores/201901270HOU.html,Away,103,28:11,1,50.0,HOU,P.J. Tucker,,,,,,,,,,,,,38:55,James Harden,37:09,Eric Gordon,36:44,Kenneth Faried,36:13,Chris Paul,25:14,James Ennis III,22:39,Austin Rivers,20:57,Nenê,11:47,Gerald Green,10:22,103,2,10,2.0,20.0,6.0,60.0,2.0,20.0,D.J. Augustin,5,1,2018-2019,1.0,1,2.0,ORL,98,Aaron Gordon,,,,,,,,,,,,,40:23,Nikola Vučević,33:46,Evan Fournier,30:40,Terrence Ross,30:17,Jonathan Isaac,25:20,Jerian Grant,19:49,Jonathon Simmons,17:20,Mo Bamba,14:14,,
2,.400,5,50.000,5,5.00,126,0,0,0.0,3,.300,1.0,20.0,5.0,10,3,1.000,3,30.000,Logos via Sports Logos.net / About logos,L,https://www.basketball-reference.com/boxscores/201901290ORL.html,Home,117,32:03,2,100.0,OKC,Jerami Grant,,,,,,,,,,,,,42:12,Paul George,39:07,Russell Westbrook,38:21,Nerlens Noel,34:11,Dennis Schröder,28:02,Patrick Patterson,18:26,Hamidou Diallo,17:25,Abdel Nader,16:30,Álex Abrines,5:46,126,3,11,2.0,18.2,6.0,54.5,3.0,27.3,D.J. Augustin,9,0,2018-2019,0.0,1,2.0,ORL,117,Aaron Gordon,,,,,,,,,,,,,36:54,Nikola Vučević,33:59,Terrence Ross,31:42,Evan Fournier,30:38,Jonathan Isaac,27:24,Jonathon Simmons,17:22,Jerian Grant,15:57,Mo Bamba,14:01,,
2,.667,3,37.500,2,1.00,100,0,2,66.7,4,.500,2.0,40.0,5.0,8,10,1.000,10,125.000,Logos via Sports Logos.net / About logos,W,https://www.basketball-reference.com/boxscores/201901310ORL.html,Home,107,25:09,1,33.3,IND,Cory Joseph,Edmond Sumner,10:28,,,,,,,,,,,36:31,Myles Turner,34:49,Bojan Bogdanović,34:40,Darren Collison,32:09,Thaddeus Young,30:41,Domantas Sabonis,19:41,Doug McDermott,15:47,Aaron Holiday,14:25,T.J. Leaf,10:49,100,3,20,4.0,20.0,6.0,30.0,10.0,50.0,D.J. Augustin,7,0,2018-2019,0.0,2,3.0,ORL,107,Evan Fournier,,,,,,,,,,,,,36:01,Nikola Vučević,34:39,Aaron Gordon,33:19,Jonathan Isaac,31:11,Terrence Ross,27:06,Isaiah Briscoe,22:51,Wes Iwundu,16:23,Mo Bamba,13:21,,
1,.500,2,28.571,8,4.00,89,0,3,100.0,4,.571,3.0,60.0,5.0,7,3,.750,4,57.143,Logos via Sports Logos.net / About logos,W,https://www.basketball-reference.com/boxscores/201902020ORL.html,Home,102,28:58,0,0.0,BRK,D'Angelo Russell,Theo Pinson,11:05,Mitch Creek,1:38,Alan Williams,1:38,,,,,,,32:16,Joe Harris,28:58,DeMarre Carroll,27:35,Jarrett Allen,25:47,Shabazz Napier,25:40,Rondae Hollis-Jefferson,22:22,Treveon Graham,22:13,Ed Davis,20:35,Rodions Kurucs,20:13,89,1,12,6.0,50.0,3.0,25.0,3.0,25.0,D.J. Augustin,13,2,2018-2019,2.0,2,3.0,ORL,102,Aaron Gordon,,,,,,,,,,,,,37:33,Evan Fournier,33:24,Nikola Vučević,32:13,Jonathan Isaac,28:15,Terrence Ross,26:26,Isaiah Briscoe,19:02,Wes Iwundu,18:22,Khem Birch,15:47,,
0,.000,4,66.667,4,4.00,122,0,0,,2,.333,2.0,100.0,2.0,6,4,1.000,4,66.667,Logos via Sports Logos.net / About logos,L,https://www.basketball-reference.com/boxscores/201902050OKC.html,Away,132,31:46,0,,OKC,Paul George,Deonte Burton,3:09,,,,,,,,,,,36:05,Steven Adams,36:00,Russell Westbrook,35:47,Jerami Grant,34:35,Terrance Ferguson,30:18,Dennis Schröder,22:31,Abdel Nader,16:10,Patrick Patterson,13:25,Nerlens Noel,12:00,132,1,8,4.0,50.0,0.0,0.0,4.0,50.0,D.J. Augustin,10,2,2018-2019,2.0,1,0.0,ORL,122,Aaron Gordon,,,,,,,,,,,,,35:55,Evan Fournier,34:34,Nikola Vučević,34:00,Jonathan Isaac,28:58,Terrence Ross,26:15,Wes Iwundu,18:18,Isaiah Briscoe,16:14,Khem Birch,14:00,,
0,.000,1,33.333,6,3.00,112,0,1,100.0,1,.333,1.0,50.0,2.0,3,4,1.000,4,133.333,Logos via Sports Logos.net / About logos,W,https://www.basketball-reference.com/boxscores/201902070ORL.html,Home,122,28:01,0,0.0,MIN,Karl-Anthony Towns,Gorgui Dieng,11:51,Keita Bates-Diop,1:50,C.J. Williams,1:50,,,,,,,36:09,Andrew Wiggins,36:04,Josh Okogie,29:19,Jerryd Bayless,26:37,Isaiah Canaan,21:23,Dario Šarić,21:08,Taj Gibson,20:40,Anthony Tolliver,18:18,Luol Deng,14:51,112,1,6,2.0,33.3,0.0,0.0,4.0,66.7,D.J. Augustin,10,1,2018-2019,1.0,2,1.0,ORL,122,Evan Fournier,,,,,,,,,,,,,34:28,Aaron Gordon,31:47,Nikola Vučević,31:14,Terrence Ross,31:01,Jonathan Isaac,28:35,Isaiah Briscoe,19:59,Wes Iwundu,18:09,Khem Birch,16:46,,
0,.000,1,14.286,5,5.00,103,0,2,100.0,4,.571,4.0,66.7,6.0,7,1,1.000,1,14.286,Logos via Sports Logos.net / About logos,W,https://www.basketball-reference.com/boxscores/201902090MIL.html,Away,83,20:24,0,0.0,MIL,Khris Middleton,Sterling Brown,14:00,Trevon Duval,4:26,Christian Wood,4:26,,,,,,,32:16,D.J. Wilson,29:16,Eric Bledsoe,29:13,Brook Lopez,26:02,Ersan İlyasova,25:20,Malcolm Brogdon,23:33,Tony Snell,19:49,Pat Connaughton,17:18,George Hill,14:21,83,3,9,8.0,88.9,0.0,0.0,1.0,11.1,D.J. Augustin,20,0,2018-2019,0.0,1,2.0,ORL,103,Evan Fournier,Jerian Grant,3:06,Amile Jefferson,3:06,Jarell Martin,3:06,,,,,,,32:02,Jonathan Isaac,31:00,Aaron Gordon,29:08,Nikola Vučević,26:16,Terrence Ross,24:58,Isaiah Briscoe,24:30,Wes Iwundu,20:40,Khem Birch,18:38,Melvin Frazier,3:06
1,.500,2,22.222,10,,124,0,3,100.0,6,.667,5.0,71.4,7.0,9,1,.500,2,22.222,Logos via Sports Logos.net / About logos,W,https://www.basketball-reference.com/boxscores/201902100ATL.html,Away,108,25:13,0,0.0,ATL,Kevin Huerter,Kent Bazemore,16:09,Justin Anderson,9:18,,,,,,,,,28:20,Omari Spellman,26:20,Trae Young,26:05,John Collins,24:49,Dewayne Dedmon,24:05,Taurean Prince,23:57,Jeremy Lin,21:55,DeAndre' Bembry,19:40,Alex Len,19:22,108,1,14,10.0,71.4,3.0,21.4,1.0,7.1,D.J. Augustin,16,1,2018-2019,1.0,0,3.0,ORL,124,Evan Fournier,Jerian Grant,3:27,Melvin Frazier,3:27,Amile Jefferson,3:27,,,,,,,33:41,Nikola Vučević,28:44,Jonathan Isaac,27:57,Aaron Gordon,25:44,Terrence Ross,23:38,Isaiah Briscoe,22:47,Wes Iwundu,18:26,Khem Birch,15:49,Jarell Martin,7:40
0,.000,1,33.333,6,3.00,118,0,5,100.0,1,.333,1.0,50.0,2.0,3,0,,0,0.000,Logos via Sports Logos.net / About logos,W,https://www.basketball-reference.com/boxscores/201902120NOP.html,Away,88,19:59,0,0.0,NOP,Kenrich Williams,Frank Jackson,12:24,Stanley Johnson,4:56,,,,,,,,,31:31,Tim Frazier,30:48,Jahlil Okafor,29:04,E'Twaun Moore,26:25,Jrue Holiday,24:16,Anthony Davis,24:00,Julius Randle,21:44,Darius Miller,21:28,Cheick Diallo,13:24,88,0,2,2.0,100.0,0.0,0.0,0.0,0.0,D.J. Augustin,30,0,2018-2019,0.0,2,5.0,ORL,118,Evan Fournier,Jerian Grant,4:01,Amile Jefferson,4:01,Jarell Martin,3:52,,,,,,,34:42,Aaron Gordon,33:21,Jonathan Isaac,28:55,Isaiah Briscoe,28:01,Nikola Vučević,26:52,Terrence Ross,17:52,Wes Iwundu,17:16,Khem Birch,17:07,Melvin Frazier,4:01
2,.667,3,60.000,7,,89,1,1,100.0,3,.600,1.0,50.0,2.0,5,0,,0,0.000,Logos via Sports Logos.net / About logos,W,https://www.basketball-reference.com/boxscores/201902140ORL.html,Home,127,21:52,0,0.0,CHO,Cody Zeller,Shelvin Mack,11:39,Willy Hernangómez,9:51,Dwayne Bacon,8:41,Frank Kaminsky,5:21,,,,,29:41,Kemba Walker,27:40,Nicolas Batum,25:28,Malik Monk,24:30,Marvin Williams,22:23,Miles Bridges,21:42,Devonte' Graham,21:38,Jeremy Lamb,17:48,Michael Kidd-Gilchrist,13:38,89,0,8,2.0,25.0,6.0,75.0,0.0,0.0,D.J. Augustin,38,0,2018-2019,1.0,0,1.0,ORL,127,Aaron Gordon,Jarell Martin,5:21,Melvin Frazier,5:21,Amile Jefferson,5:21,,,,,,,31:34,Evan Fournier,27:17,Jonathan Isaac,26:42,Isaiah Briscoe,26:08,Nikola Vučević,25:37,Terrence Ross,21:49,Wes Iwundu,20:35,Khem Birch,17:02,Jerian Grant,5:21
4,.800,5,55.556,5,2.50,110,0,3,60.0,5,.556,1.0,25.0,4.0,9,0,.000,2,22.222,Logos via Sports Logos.net / About logos,L,https://www.basketball-reference.com/boxscores/201902220ORL.html,Home,109,27:03,2,40.0,CHI,Otto Porter Jr.,Timothé Luwawu-Cabarrot,5:24,,,,,,,,,,,37:47,Lauri Markkanen,37:40,Zach LaVine,33:14,Robin Lopez,31:03,Kris Dunn,29:15,Wayne Selden,24:19,Ryan Arcidiacono,19:34,Shaquille Harrison,13:51,Cristiano Felício,7:53,110,0,14,2.0,14.3,12.0,85.7,0.0,0.0,D.J. Augustin,1,0,2018-2019,0.0,2,5.0,ORL,109,Evan Fournier,,,,,,,,,,,,,37:35,Aaron Gordon,32:17,Jonathan Isaac,31:21,Nikola Vučević,28:44,Terrence Ross,26:02,Isaiah Briscoe,20:52,Wes Iwundu,19:17,Khem Birch,16:49,,
2,1.000,2,33.333,8,2.67,113,0,4,80.0,5,.833,3.0,75.0,4.0,6,0,.000,2,33.333,Logos via Sports Logos.net / About logos,W,https://www.basketball-reference.com/boxscores/201902240TOR.html,Away,98,27:00,1,20.0,TOR,Pascal Siakam,Norman Powell,15:10,Chris Boucher,2:59,,,,,,,,,36:44,Kyle Lowry,35:44,Danny Green,27:17,OG Anunoby,24:23,Serge Ibaka,23:49,Marc Gasol,23:33,Jeremy Lin,18:26,Jodie Meeks,16:45,Patrick McCaw,15:10,98,0,12,6.0,50.0,6.0,50.0,0.0,0.0,D.J. Augustin,15,1,2018-2019,1.0,3,5.0,ORL,113,Evan Fournier,,,,,,,,,,,,,31:13,Jonathan Isaac,30:44,Nikola Vučević,30:38,Aaron Gordon,29:53,Terrence Ross,29:51,Wes Iwundu,22:19,Jerian Grant,21:00,Khem Birch,17:22,,
3,.500,6,60.000,6,2.00,103,0,5,100.0,5,.500,2.0,50.0,4.0,10,0,,0,0.000,Logos via Sports Logos.net / About logos,L,https://www.basketball-reference.com/boxscores/201902260NYK.html,Away,108,29:36,0,0.0,NYK,Henry Ellenson,Noah Vonleh,10:57,Luke Kornet,4:27,,,,,,,,,36:16,Mitchell Robinson,32:31,Emmanuel Mudiay,31:30,Kevin Knox,27:02,John Jenkins,22:55,Dennis Smith Jr.,21:21,Allonzo Trier,21:12,Damyean Dotson,16:52,Lance Thomas,14:57,108,5,13,4.0,30.8,9.0,69.2,0.0,0.0,D.J. Augustin,5,1,2018-2019,1.0,3,5.0,ORL,103,Evan Fournier,,,,,,,,,,,,,36:59,Nikola Vučević,34:25,Aaron Gordon,32:25,Jonathan Isaac,31:51,Wes Iwundu,23:12,Terrence Ross,19:38,Jerian Grant,18:19,Khem Birch,13:35,,
2,.400,5,45.455,3,3.00,96,2,0,,6,.545,4.0,66.7,6.0,11,0,,0,0.000,Logos via Sports Logos.net / About logos,W,https://www.basketball-reference.com/boxscores/201902280ORL.html,Home,103,26:59,0,,GSW,Draymond Green,Kevon Looney,7:47,Damion Lee,4:01,,,,,,,,,38:45,Stephen Curry,37:23,Klay Thompson,36:12,DeMarcus Cousins,31:44,Alfonzo McKinnie,23:33,Jonas Jerebko,21:42,Shaun Livingston,14:38,Jordan Bell,13:38,Quinn Cook,10:37,96,2,14,8.0,57.1,6.0,42.9,0.0,0.0,D.J. Augustin,7,1,2018-2019,3.0,1,0.0,ORL,103,Aaron Gordon,,,,,,,,,,,,,36:22,Nikola Vučević,30:09,Evan Fournier,28:30,Terrence Ross,26:39,Wes Iwundu,26:28,Jonathan Isaac,26:05,Isaiah Briscoe,20:57,Khem Birch,17:51,,
0,.000,2,40.000,4,,117,0,2,100.0,1,.200,1.0,33.3,3.0,5,1,1.000,1,20.000,Logos via Sports Logos.net / About logos,W,https://www.basketball-reference.com/boxscores/201903020IND.html,Away,112,17:19,0,0.0,IND,Thaddeus Young,T.J. Leaf,11:13,,,,,,,,,,,36:39,Darren Collison,33:13,Wesley Matthews,31:35,Bojan Bogdanović,30:53,Myles Turner,30:37,Cory Joseph,22:16,Kyle O'Quinn,17:23,Tyreke Evans,13:24,Doug McDermott,12:47,112,1,3,2.0,66.7,0.0,0.0,1.0,33.3,D.J. Augustin,5,1,2018-2019,1.0,0,2.0,ORL,117,Aaron Gordon,,,,,,,,,,,,,36:24,Evan Fournier,35:20,Nikola Vučević,32:03,Jonathan Isaac,27:44,Terrence Ross,27:15,Isaiah Briscoe,18:09,Wes Iwundu,17:25,Khem Birch,15:57,Jerian Grant,12:24
2,.400,5,41.667,5,2.50,93,0,5,100.0,6,.500,4.0,57.1,7.0,12,5,1.000,5,41.667,Logos via Sports Logos.net / About logos,L,https://www.basketball-reference.com/boxscores/201903030CLE.html,Away,107,29:16,0,0.0,CLE,Cedi Osman,Nik Stauskas,13:55,,,,,,,,,,,34:05,Larry Nance Jr.,32:00,Collin Sexton,29:26,Kevin Love,28:46,Jordan Clarkson,26:37,David Nwaba,21:36,Matthew Dellavedova,18:58,Brandon Knight,18:39,Marquese Chriss,15:58,107,0,19,8.0,42.1,6.0,31.6,5.0,26.3,D.J. Augustin,14,0,2018-2019,0.0,2,5.0,ORL,93,Aaron Gordon,,,,,,,,,,,,,41:04,Nikola Vučević,35:45,Evan Fournier,35:02,Terrence Ross,29:12,Jonathan Isaac,25:13,Isaiah Briscoe,18:44,Wes Iwundu,13:29,Khem Birch,12:15,,
0,.000,1,12.500,5,5.00,106,0,2,100.0,5,.625,5.0,71.4,7.0,8,1,1.000,1,12.500,Logos via Sports Logos.net / About logos,L,https://www.basketball-reference.com/boxscores/201903050PHI.html,Away,114,28:49,0,0.0,PHI,Ben Simmons,,,,,,,,,,,,,40:21,Jimmy Butler,34:29,Tobias Harris,34:09,JJ Redick,30:30,Mike Scott,27:59,Jonathon Simmons,26:30,Amir Johnson,19:51,T.J. McConnell,17:13,Justin Patton,8:58,114,2,11,10.0,90.9,0.0,0.0,1.0,9.1,D.J. Augustin,8,1,2018-2019,1.0,1,2.0,ORL,106,Aaron Gordon,,,,,,,,,,,,,38:40,Evan Fournier,34:05,Nikola Vučević,33:40,Jonathan Isaac,32:06,Isaiah Briscoe,26:00,Wes Iwundu,20:27,Khem Birch,14:20,Jarell Martin,11:53,,
2,.500,4,44.444,2,1.00,106,0,1,100.0,5,.556,3.0,60.0,5.0,9,0,,0,0.000,Logos via Sports Logos.net / About logos,W,https://www.basketball-reference.com/boxscores/201903080ORL.html,Home,111,28:18,0,0.0,DAL,Luka Dončić,Trey Burke,10:31,,,,,,,,,,,32:38,Dwight Powell,32:28,Jalen Brunson,30:29,Tim Hardaway Jr.,30:10,Dorian Finney-Smith,25:49,Courtney Lee,23:05,Justin Jackson,20:45,Dirk Nowitzki,18:31,Salah Mejri,15:31,106,2,12,6.0,50.0,6.0,50.0,0.0,0.0,D.J. Augustin,5,2,2018-2019,2.0,2,1.0,ORL,111,Nikola Vučević,,,,,,,,,,,,,34:42,Evan Fournier,32:44,Aaron Gordon,31:52,Jonathan Isaac,30:36,Terrence Ross,27:59,Wes Iwundu,20:49,Jerian Grant,19:42,Khem Birch,13:18,,
2,.286,7,70.000,6,2.00,97,0,4,100.0,2,.200,0.0,0.0,3.0,10,0,,0,0.000,Logos via Sports Logos.net / About logos,L,https://www.basketball-reference.com/boxscores/201903100MEM.html,Away,105,31:22,0,0.0,MEM,Avery Bradley,Ivan Rabb,7:02,Tyler Dorsey,4:43,,,,,,,,,37:24,Mike Conley,35:17,C.J. Miles,28:54,Delon Wright,25:42,Jonas Valančiūnas,24:34,Joakim Noah,23:26,Justin Holiday,20:35,Bruno Caboclo,17:51,Chandler Parsons,14:31,105,0,6,0.0,0.0,6.0,100.0,0.0,0.0,D.J. Augustin,8,1,2018-2019,1.0,3,4.0,ORL,97,Nikola Vučević,,,,,,,,,,,,,34:39,Jonathan Isaac,33:08,Wes Iwundu,31:30,Aaron Gordon,30:59,Terrence Ross,27:58,Jerian Grant,16:38,Evan Fournier,13:42,Khem Birch,13:21,Jarell Martin,6:41
4,.444,9,60.000,7,,90,0,0,0.0,6,.400,2.0,33.3,6.0,15,0,,0,0.000,Logos via Sports Logos.net / About logos,L,https://www.basketball-reference.com/boxscores/201903130WAS.html,Away,100,33:13,1,100.0,WAS,Bradley Beal,,,,,,,,,,,,,39:06,Tomáš Satoranský,37:13,Jabari Parker,27:44,Jeff Green,27:33,Thomas Bryant,25:24,Bobby Portis,22:36,Trevor Ariza,22:05,Chasson Randle,21:24,Troy Brown Jr.,16:54,100,1,16,4.0,25.0,12.0,75.0,0.0,0.0,D.J. Augustin,10,0,2018-2019,0.0,0,1.0,ORL,90,Nikola Vučević,,,,,,,,,,,,,34:47,Aaron Gordon,33:50,Evan Fournier,31:56,Terrence Ross,29:24,Jonathan Isaac,27:21,Wes Iwundu,21:29,Jerian Grant,14:47,Khem Birch,13:13,,
1,.500,2,18.182,7,,91,0,1,33.3,7,.636,6.0,66.7,9.0,11,5,1.000,5,45.455,Logos via Sports Logos.net / About logos,W,https://www.basketball-reference.com/boxscores/201903140ORL.html,Home,120,25:49,2,66.7,CLE,Collin Sexton,Deng Adel,4:07,,,,,,,,,,,38:49,Cedi Osman,34:36,Ante Žižić,29:59,Jordan Clarkson,26:45,Brandon Knight,26:21,Kevin Love,24:13,Nik Stauskas,20:13,Marquese Chriss,18:01,David Nwaba,16:56,91,0,20,12.0,60.0,3.0,15.0,5.0,25.0,D.J. Augustin,29,2,2018-2019,2.0,0,3.0,ORL,120,Evan Fournier,Troy Caupain,2:53,Melvin Frazier,2:53,Amile Jefferson,2:53,,,,,,,29:22,Jonathan Isaac,28:57,Aaron Gordon,28:44,Nikola Vučević,26:52,Terrence Ross,26:06,Jerian Grant,22:11,Wes Iwundu,20:58,Khem Birch,18:15,Jarell Martin,4:07
2,.500,4,40.000,9,9.00,91,0,2,100.0,4,.400,2.0,33.3,6.0,10,1,1.000,1,10.000,Logos via Sports Logos.net / About logos,W,https://www.basketball-reference.com/boxscores/201903170ORL.html,Home,101,32:15,0,0.0,ATL,Trae Young,Jaylen Adams,15:57,,,,,,,,,,,32:03,Taurean Prince,28:09,Vince Carter,26:56,Kent Bazemore,25:14,Dewayne Dedmon,24:36,Alex Len,24:26,Kevin Huerter,22:27,DeAndre' Bembry,20:10,John Collins,20:02,91,3,11,4.0,36.4,6.0,54.5,1.0,9.1,D.J. Augustin,10,2,2018-2019,2.0,1,2.0,ORL,101,Aaron Gordon,,,,,,,,,,,,,38:13,Nikola Vučević,34:18,Evan Fournier,29:21,Jonathan Isaac,26:23,Wes Iwundu,25:34,Terrence Ross,24:29,Michael Carter-Williams,15:45,Khem Birch,13:42,,
1,.500,2,25.000,7,7.00,96,0,2,66.7,5,.625,4.0,66.7,6.0,8,2,1.000,2,25.000,Logos via Sports Logos.net / About logos,W,https://www.basketball-reference.com/boxscores/201903200ORL.html,Home,119,24:11,1,33.3,NOP,Frank Jackson,Dairis Bertāns,14:41,,,,,,,,,,,31:34,Jahlil Okafor,28:33,Ian Clark,27:56,Stanley Johnson,27:35,Kenrich Williams,25:00,Elfrid Payton,24:29,Julius Randle,21:57,Darius Miller,20:20,Cheick Diallo,17:55,96,1,13,8.0,61.5,3.0,23.1,2.0,15.4,D.J. Augustin,23,1,2018-2019,1.0,1,3.0,ORL,119,Aaron Gordon,Jerian Grant,5:43,Amile Jefferson,4:48,Melvin Frazier,4:48,,,,,,,30:20,Jonathan Isaac,28:44,Evan Fournier,28:17,Nikola Vučević,25:43,Terrence Ross,22:46,Wes Iwundu,22:37,Michael Carter-Williams,18:06,Khem Birch,17:29,Jarell Martin,6:28
1,.143,7,43.750,8,,119,0,5,83.3,7,.438,6.0,66.7,9.0,16,5,1.000,5,31.250,Logos via Sports Logos.net / About logos,W,https://www.basketball-reference.com/boxscores/201903220ORL.html,Home,123,42:22,1,16.7,MEM,Tyler Dorsey,,,,,,,,,,,,,42:53,Justin Holiday,42:36,Jonas Valančiūnas,40:55,Delon Wright,38:34,Chandler Parsons,31:02,Bruno Caboclo,29:12,Jevon Carter,16:13,Ivan Rabb,12:05,Julian Washburn,11:30,119,1,20,12.0,60.0,3.0,15.0,5.0,25.0,D.J. Augustin,4,0,2018-2019,0.0,0,6.0,ORL,123,Nikola Vučević,,,,,,,,,,,,,41:16,Evan Fournier,39:29,Aaron Gordon,39:18,Terrence Ross,35:35,Jonathan Isaac,27:37,Michael Carter-Williams,15:23,Wes Iwundu,12:16,Khem Birch,11:44,,
0,.000,1,25.000,4,4.00,98,0,1,50.0,2,.500,2.0,66.7,3.0,4,0,,0,0.000,Logos via Sports Logos.net / About logos,W,https://www.basketball-reference.com/boxscores/201903250ORL.html,Home,119,24:50,1,50.0,PHI,Tobias Harris,Jonah Bolden,6:57,Zhaire Smith,5:34,Amir Johnson,5:34,,,,,,,33:35,Jimmy Butler,32:33,Joel Embiid,30:41,T.J. McConnell,29:28,JJ Redick,28:56,Mike Scott,22:54,Shake Milton,21:47,Jonathon Simmons,12:44,Boban Marjanović,9:17,98,0,4,4.0,100.0,0.0,0.0,0.0,0.0,D.J. Augustin,21,1,2018-2019,1.0,1,2.0,ORL,119,Aaron Gordon,Jerian Grant,3:28,Troy Caupain,3:28,Amile Jefferson,3:28,,,,,,,35:16,Evan Fournier,31:41,Nikola Vučević,28:49,Jonathan Isaac,25:20,Terrence Ross,25:11,Michael Carter-Williams,19:42,Wes Iwundu,19:26,Khem Birch,15:43,Jarell Martin,3:38
2,.333,6,54.545,7,3.50,104,0,3,75.0,3,.273,1.0,20.0,5.0,11,9,.900,10,90.909,Logos via Sports Logos.net / About logos,W,https://www.basketball-reference.com/boxscores/201903260MIA.html,Away,99,30:18,1,25.0,MIA,Josh Richardson,,,,,,,,,,,,,40:13,Bam Adebayo,30:21,Dwyane Wade,29:21,Dion Waiters,28:55,Derrick Jones Jr.,27:01,Goran Dragić,25:33,Kelly Olynyk,22:38,James Johnson,21:02,Hassan Whiteside,14:56,99,3,17,2.0,11.8,6.0,35.3,9.0,52.9,D.J. Augustin,5,0,2018-2019,0.0,2,4.0,ORL,104,Aaron Gordon,,,,,,,,,,,,,36:47,Nikola Vučević,34:27,Evan Fournier,32:35,Terrence Ross,30:20,Jonathan Isaac,28:49,Michael Carter-Williams,18:17,Wes Iwundu,15:29,Khem Birch,12:58,,
2,.500,4,33.333,4,1.33,98,1,3,75.0,7,.583,5.0,62.5,8.0,12,2,.667,3,25.000,Logos via Sports Logos.net / About logos,L,https://www.basketball-reference.com/boxscores/201903280DET.html,Away,115,31:17,1,25.0,DET,Andre Drummond,Zaza Pachulia,9:13,Jon Leuer,0:35,Khyri Thomas,0:35,,,,,,,38:12,Blake Griffin,32:43,Wayne Ellington,30:57,Ish Smith,28:13,Langston Galloway,28:13,Luke Kennard,20:59,Reggie Jackson,19:47,Thon Maker,15:17,Bruce Brown,15:16,115,1,18,10.0,55.6,6.0,33.3,2.0,11.1,D.J. Augustin,17,1,2018-2019,2.0,3,4.0,ORL,98,Nikola Vučević,Jerian Grant,2:15,Jarell Martin,2:15,,,,,,,,,33:10,Aaron Gordon,32:27,Terrence Ross,31:55,Evan Fournier,29:07,Jonathan Isaac,28:37,Wes Iwundu,19:20,Michael Carter-Williams,14:28,Khem Birch,12:54,Amile Jefferson,2:15
1,.200,5,50.000,10,,121,0,4,100.0,5,.500,4.0,80.0,5.0,10,0,,0,0.000,Logos via Sports Logos.net / About logos,W,https://www.basketball-reference.com/boxscores/201903300IND.html,Away,116,30:25,0,0.0,IND,Wesley Matthews,T.J. Leaf,4:28,,,,,,,,,,,33:06,Myles Turner,32:59,Darren Collison,32:41,Bojan Bogdanović,32:24,Thaddeus Young,31:20,Domantas Sabonis,26:22,Cory Joseph,18:31,Tyreke Evans,15:44,Doug McDermott,12:24,116,2,11,8.0,72.7,3.0,27.3,0.0,0.0,D.J. Augustin,5,0,2018-2019,0.0,0,4.0,ORL,121,Aaron Gordon,,,,,,,,,,,,,37:45,Evan Fournier,31:49,Nikola Vučević,31:31,Terrence Ross,28:28,Jonathan Isaac,26:29,Wes Iwundu,19:41,Michael Carter-Williams,17:34,Khem Birch,16:15,,
2,.500,4,44.444,6,1.50,109,0,2,100.0,3,.333,1.0,20.0,5.0,9,0,,0,0.000,Logos via Sports Logos.net / About logos,L,https://www.basketball-reference.com/boxscores/201904010TOR.html,Away,121,22:36,0,0.0,TOR,Danny Green,Jodie Meeks,12:00,Jordan Loyd,4:07,Chris Boucher,4:07,Malcolm Miller,4:07,,,,,27:58,Pascal Siakam,27:43,Kawhi Leonard,27:04,Kyle Lowry,26:55,Fred VanVleet,26:38,Marc Gasol,24:58,Serge Ibaka,20:13,Jeremy Lin,17:21,Norman Powell,16:49,121,3,8,2.0,25.0,6.0,75.0,0.0,0.0,D.J. Augustin,12,0,2018-2019,0.0,4,2.0,ORL,109,Evan Fournier,Jarell Martin,5:45,Jerian Grant,5:45,,,,,,,,,30:18,Jonathan Isaac,29:32,Aaron Gordon,27:48,Nikola Vučević,25:59,Michael Carter-Williams,25:24,Terrence Ross,24:21,Wes Iwundu,20:31,Khem Birch,16:16,Amile Jefferson,5:45
1,.333,3,50.000,8,2.00,100,0,3,75.0,2,.333,1.0,33.3,3.0,6,0,,0,0.000,Logos via Sports Logos.net / About logos,W,https://www.basketball-reference.com/boxscores/201904030ORL.html,Home,114,30:46,1,25.0,NYK,Emmanuel Mudiay,Henry Ellenson,6:07,,,,,,,,,,,39:50,Damyean Dotson,36:15,Kevin Knox,34:00,Mario Hezonja,33:56,Mitchell Robinson,33:49,John Jenkins,16:32,Luke Kornet,14:11,Lance Thomas,13:48,Billy Garrett,11:32,100,1,5,2.0,40.0,3.0,60.0,0.0,0.0,D.J. Augustin,14,1,2018-2019,1.0,4,4.0,ORL,114,Aaron Gordon,,,,,,,,,,,,,40:05,Evan Fournier,35:13,Nikola Vučević,32:44,Jonathan Isaac,25:44,Michael Carter-Williams,23:45,Terrence Ross,23:36,Khem Birch,15:16,Wes Iwundu,12:51,,
1,.500,2,22.222,7,2.33,113,0,3,100.0,5,.556,4.0,57.1,7.0,9,2,1.000,2,22.222,Logos via Sports Logos.net / About logos,W,https://www.basketball-reference.com/boxscores/201904050ORL.html,Home,149,27:26,0,0.0,ATL,John Collins,Isaac Humphries,14:37,,,,,,,,,,,34:07,DeAndre' Bembry,29:19,Trae Young,27:20,Justin Anderson,26:15,Taurean Prince,25:30,Jaylen Adams,22:57,Alex Len,22:05,Vince Carter,21:39,Deyonta Davis,16:11,113,1,13,8.0,61.5,3.0,23.1,2.0,15.4,D.J. Augustin,36,2,2018-2019,2.0,3,3.0,ORL,149,Nikola Vučević,Jerian Grant,4:45,Amile Jefferson,4:45,Melvin Frazier,4:45,,,,,,,29:32,Aaron Gordon,27:44,Terrence Ross,27:39,Evan Fournier,26:46,Jonathan Isaac,23:14,Michael Carter-Williams,20:34,Wes Iwundu,17:50,Khem Birch,13:43,Jarell Martin,11:17
1,.333,3,27.273,13,4.33,116,0,6,85.7,4,.364,3.0,37.5,8.0,11,2,1.000,2,18.182,Logos via Sports Logos.net / About logos,W,https://www.basketball-reference.com/boxscores/201904070BOS.html,Away,108,31:52,1,14.3,BOS,Gordon Hayward,Jayson Tatum,6:00,Brad Wanamaker,5:32,,,,,,,,,37:59,Kyrie Irving,35:02,Marcus Morris,30:16,Al Horford,25:53,Jaylen Brown,25:53,Terry Rozier,21:02,Marcus Smart,19:42,Daniel Theis,18:53,Aron Baynes,13:48,108,2,11,6.0,54.5,3.0,27.3,2.0,18.2,D.J. Augustin,8,1,2018-2019,1.0,3,7.0,ORL,116,Aaron Gordon,,,,,,,,,,,,,40:30,Evan Fournier,35:52,Nikola Vučević,33:59,Terrence Ross,25:53,Jonathan Isaac,21:45,Wes Iwundu,18:20,Michael Carter-Williams,16:08,Khem Birch,14:01,Jarell Martin,1:40
3,.500,6,46.154,1,0.50,122,0,4,100.0,7,.538,4.0,57.1,7.0,13,1,.500,2,15.385,Logos via Sports Logos.net / About logos,W,https://www.basketball-reference.com/boxscores/201904100CHO.html,Away,114,30:59,0,0.0,CHO,Miles Bridges,Michael Kidd-Gilchrist,1:29,,,,,,,,,,,41:15,Kemba Walker,40:09,Dwayne Bacon,34:32,Jeremy Lamb,31:39,Bismack Biyombo,25:52,Frank Kaminsky,19:04,Malik Monk,17:46,Devonte' Graham,15:40,Nicolas Batum,12:34,114,2,18,8.0,44.4,9.0,50.0,1.0,5.6,D.J. Augustin,8,0,2018-2019,0.0,2,4.0,ORL,122,Aaron Gordon,,,,,,,,,,,,,32:56,Evan Fournier,31:43,Terrence Ross,29:51,Amile Jefferson,24:41,Wes Iwundu,24:15,Khem Birch,23:19,Michael Carter-Williams,22:04,Jarell Martin,20:12,,
4,.800,5,38.462,6,6.00,104,0,2,100.0,9,.692,5.0,62.5,8.0,13,3,.750,4,30.769,Logos via Sports Logos.net / About logos,W,https://www.basketball-reference.com/boxscores/201904130TOR.html,Away,101,29:35,0,0.0,TOR,Pascal Siakam,,,,,,,,,,,,,42:19,Kyle Lowry,33:51,Danny Green,33:35,Kawhi Leonard,33:05,Marc Gasol,31:57,Fred VanVleet,26:41,Serge Ibaka,19:25,Norman Powell,16:21,Jodie Meeks,2:46,101,2,25,10.0,40.0,12.0,48.0,3.0,12.0,D.J. Augustin,3,1,2018-2019,1.0,1,2.0,ORL,104,Jonathan Isaac,,,,,,,,,,,,,39:57,Evan Fournier,36:39,Aaron Gordon,33:43,Nikola Vučević,33:02,Terrence Ross,24:39,Michael Carter-Williams,18:25,Khem Birch,14:55,Wes Iwundu,9:05,,
0,.000,1,16.667,4,4.00,82,1,0,0.0,1,.167,1.0,20.0,5.0,6,7,1.000,7,116.667,Logos via Sports Logos.net / About logos,L,https://www.basketball-reference.com/boxscores/201904160TOR.html,Away,111,23:28,1,100.0,TOR,Kyle Lowry,Jeremy Lin,3:31,Malcolm Miller,3:31,Eric Moreland,2:36,,,,,,,37:36,Pascal Siakam,36:32,Kawhi Leonard,33:09,Norman Powell,25:39,Serge Ibaka,23:36,Danny Green,22:21,Marc Gasol,21:48,Fred VanVleet,21:13,Jodie Meeks,8:28,111,2,9,2.0,22.2,0.0,0.0,7.0,77.8,D.J. Augustin,29,1,2018-2019,2.0,1,1.0,ORL,82,Aaron Gordon,Melvin Frazier,5:52,Jerian Grant,5:52,,,,,,,,,32:36,Evan Fournier,31:44,Terrence Ross,27:03,Nikola Vučević,25:22,Michael Carter-Williams,24:32,Jonathan Isaac,22:56,Khem Birch,22:38,Wes Iwundu,12:05,Jarell Martin,5:52
1,.250,4,57.143,2,1.00,98,0,2,100.0,3,.429,2.0,66.7,3.0,7,0,,0,0.000,Logos via Sports Logos.net / About logos,L,https://www.basketball-reference.com/boxscores/201904190ORL.html,Home,93,32:05,0,0.0,TOR,Pascal Siakam,,,,,,,,,,,,,41:33,Kyle Lowry,39:50,Kawhi Leonard,37:24,Danny Green,33:07,Marc Gasol,26:22,Fred VanVleet,23:39,Serge Ibaka,21:26,Norman Powell,14:14,Jodie Meeks,2:25,98,1,7,4.0,57.1,3.0,42.9,0.0,0.0,D.J. Augustin,5,0,2018-2019,0.0,2,2.0,ORL,93,Nikola Vučević,,,,,,,,,,,,,39:28,Evan Fournier,36:32,Aaron Gordon,34:11,Terrence Ross,31:40,Jonathan Isaac,29:21,Michael Carter-Williams,15:55,Wes Iwundu,12:16,Khem Birch,8:32,,
1,.333,3,50.000,3,1.50,107,0,2,100.0,3,.500,2.0,66.7,3.0,6,1,1.000,1,16.667,Logos via Sports Logos.net / About logos,L,https://www.basketball-reference.com/boxscores/201904210ORL.html,Home,85,29:53,0,0.0,TOR,Kyle Lowry,Patrick McCaw,2:52,Jeremy Lin,2:48,Eric Moreland,2:48,Malcolm Miller,2:00,,,,,38:59,Pascal Siakam,35:53,Kawhi Leonard,34:43,Danny Green,26:01,Marc Gasol,25:16,Fred VanVleet,22:33,Norman Powell,21:11,Serge Ibaka,19:56,Jodie Meeks,5:00,107,1,8,4.0,50.0,3.0,37.5,1.0,12.5,D.J. Augustin,22,0,2018-2019,0.0,2,2.0,ORL,85,Aaron Gordon,Melvin Frazier,2:52,Jerian Grant,2:52,,,,,,,,,37:55,Evan Fournier,35:13,Nikola Vučević,32:06,Terrence Ross,30:50,Jonathan Isaac,16:07,Khem Birch,15:54,Michael Carter-Williams,15:15,Wes Iwundu,14:32,Jarell Martin,6:31
4,.500,8,88.889,4,4.00,96,0,1,100.0,4,.444,0.0,0.0,1.0,9,3,.750,4,44.444,Logos via Sports Logos.net / About logos,L,https://www.basketball-reference.com/boxscores/201904230TOR.html,Away,115,25:46,0,0.0,TOR,Kawhi Leonard,Patrick McCaw,8:05,Jeremy Lin,5:50,Malcolm Miller,5:50,Eric Moreland,5:17,,,,,31:58,Pascal Siakam,31:41,Danny Green,28:21,Kyle Lowry,26:41,Marc Gasol,24:01,Fred VanVleet,21:17,Serge Ibaka,18:42,Norman Powell,18:26,Jodie Meeks,13:50,115,1,15,0.0,0.0,12.0,80.0,3.0,20.0,D.J. Augustin,19,0,2018-2019,0.0,1,1.0,ORL,96,Evan Fournier,Jarell Martin,5:46,Jerian Grant,5:17,,,,,,,,,34:48,Terrence Ross,31:49,Khem Birch,29:33,Jonathan Isaac,28:13,Aaron Gordon,25:24,Michael Carter-Williams,18:12,Nikola Vučević,17:24,Wes Iwundu,11:57,Melvin Frazier,5:50
1,.500,2,22.222,5,,85,0,3,100.0,4,.444,3.0,42.9,7.0,9,0,,0,0.000,Logos via Sports Logos.net / About logos,W,https://www.basketball-reference.com/boxscores/201910230ORL.html,Home,94,24:34,0,0.0,CLE,Kevin Love,,,,,,,,,,,,,35:57,Tristan Thompson,33:15,Darius Garland,31:32,Collin Sexton,29:54,Cedi Osman,28:59,Larry Nance Jr.,26:48,Jordan Clarkson,18:19,Matthew Dellavedova,18:06,Kevin Porter Jr.,17:10,85,0,9,6.0,66.7,3.0,33.3,0.0,0.0,D.J. Augustin,9,0,2019-2020,0.0,0,3.0,ORL,94,Nikola Vučević,,,,,,,,,,,,,34:13,Al-Farouq Aminu,29:06,Aaron Gordon,28:53,Evan Fournier,28:06,Jonathan Isaac,23:59,Markelle Fultz,23:26,Terrence Ross,19:28,Michael Carter-Williams,14:28,Mo Bamba,13:47
0,.000,1,9.091,4,4.00,99,0,0,0.0,5,.455,5.0,50.0,10.0,11,4,1.000,4,36.364,Logos via Sports Logos.net / About logos,L,https://www.basketball-reference.com/boxscores/201910260ATL.html,Away,103,23:41,2,100.0,ATL,Trae Young,Evan Turner,10:44,Damian Jones,10:37,Bruno Fernando,8:57,,,,,,,35:59,John Collins,33:04,DeAndre' Bembry,25:37,Cam Reddish,22:59,De'Andre Hunter,22:01,Kevin Huerter,20:42,Alex Len,19:39,Jabari Parker,17:46,Vince Carter,11:55,103,0,14,10.0,71.4,0.0,0.0,4.0,28.6,D.J. Augustin,4,0,2019-2020,0.0,1,2.0,ORL,99,Nikola Vučević,,,,,,,,,,,,,31:11,Aaron Gordon,30:26,Evan Fournier,29:42,Jonathan Isaac,25:16,Markelle Fultz,24:19,Terrence Ross,23:40,Al-Farouq Aminu,21:26,Michael Carter-Williams,16:41,Mo Bamba,13:38
1,.333,3,33.333,1,1.00,95,0,3,100.0,3,.333,2.0,33.3,6.0,9,3,.600,5,55.556,Logos via Sports Logos.net / About logos,L,https://www.basketball-reference.com/boxscores/201910280TOR.html,Away,104,25:41,0,0.0,TOR,Fred VanVleet,Terence Davis,0:30,,,,,,,,,,,38:40,OG Anunoby,38:12,Kyle Lowry,38:11,Pascal Siakam,35:58,Marc Gasol,25:56,Serge Ibaka,21:33,Norman Powell,19:40,Patrick McCaw,16:56,Chris Boucher,4:24,104,2,10,4.0,40.0,3.0,30.0,3.0,30.0,D.J. Augustin,9,1,2019-2020,1.0,1,3.0,ORL,95,Jonathan Isaac,,,,,,,,,,,,,33:03,Aaron Gordon,29:40,Evan Fournier,28:52,Markelle Fultz,26:40,Nikola Vučević,25:00,Terrence Ross,23:45,Al-Farouq Aminu,20:47,Michael Carter-Williams,13:21,Mo Bamba,13:11
1,.250,4,66.667,7,,83,0,1,100.0,2,.333,1.0,50.0,2.0,6,0,,0,0.000,Logos via Sports Logos.net / About logos,W,https://www.basketball-reference.com/boxscores/201910300ORL.html,Home,95,27:52,0,0.0,NYK,Julius Randle,Taj Gibson,8:44,,,,,,,,,,,36:40,Marcus Morris,31:19,RJ Barrett,30:45,Frank Ntilikina,29:17,Bobby Portis,29:03,Kevin Knox,22:30,Mitchell Robinson,19:28,Wayne Ellington,19:10,Damyean Dotson,13:04,83,1,5,2.0,40.0,3.0,60.0,0.0,0.0,D.J. Augustin,12,0,2019-2020,0.0,0,1.0,ORL,95,Nikola Vučević,,,,,,,,,,,,,33:51,Jonathan Isaac,31:40,Aaron Gordon,28:10,Evan Fournier,28:09,Al-Farouq Aminu,25:47,Terrence Ross,22:19,Markelle Fultz,20:08,Mo Bamba,14:09,Michael Carter-Williams,7:55
0,.000,1,20.000,6,6.00,123,0,0,,2,.400,2.0,50.0,4.0,5,0,,0,0.000,Logos via Sports Logos.net / About logos,L,https://www.basketball-reference.com/boxscores/201911010ORL.html,Home,91,23:05,0,,MIL,Giannis Antetokounmpo,Pat Connaughton,16:23,George Hill,15:20,Thanasis Antetokounmpo,6:27,D.J. Wilson,5:36,,,,,30:16,Eric Bledsoe,27:04,Brook Lopez,25:15,Sterling Brown,21:25,Khris Middleton,20:23,Wesley Matthews,19:36,Robin Lopez,17:59,Donte DiVincenzo,17:22,Ersan İlyasova,16:54,123,0,4,4.0,100.0,0.0,0.0,0.0,0.0,D.J. Augustin,32,0,2019-2020,0.0,1,0.0,ORL,91,Jonathan Isaac,Amile Jefferson,5:36,Josh Magette,5:36,Melvin Frazier,5:36,,,,,,,28:34,Aaron Gordon,28:15,Nikola Vučević,25:05,Khem Birch,22:55,Evan Fournier,21:32,Terrence Ross,20:52,Al-Farouq Aminu,20:51,Markelle Fultz,19:19,Wes Iwundu,12:44
0,.000,1,16.667,3,1.50,91,0,0,0.0,2,.333,2.0,40.0,5.0,6,0,,0,0.000,Logos via Sports Logos.net / About logos,L,https://www.basketball-reference.com/boxscores/201911020ORL.html,Home,87,24:39,1,100.0,DEN,Gary Harris,Juancho Hernangómez,12:14,Michael Porter Jr.,7:26,,,,,,,,,34:33,Jamal Murray,32:16,Nikola Jokić,31:27,Paul Millsap,28:09,Torrey Craig,27:59,Jerami Grant,21:14,Monte Morris,15:52,Mason Plumlee,15:23,Malik Beasley,13:27,91,1,4,4.0,100.0,0.0,0.0,0.0,0.0,D.J. Augustin,4,0,2019-2020,0.0,2,1.0,ORL,87,Jonathan Isaac,,,,,,,,,,,,,35:42,Nikola Vučević,33:47,Aaron Gordon,32:18,Evan Fournier,27:05,Al-Farouq Aminu,25:09,Markelle Fultz,24:55,Terrence Ross,22:19,Mo Bamba,10:03,Khem Birch,4:03
0,.000,4,40.000,2,,94,0,1,100.0,3,.300,3.0,50.0,6.0,10,7,.875,8,80.000,Logos via Sports Logos.net / About logos,L,https://www.basketball-reference.com/boxscores/201911050OKC.html,Away,102,27:00,0,0.0,OKC,Shai Gilgeous-Alexander,Mike Muscala,4:06,,,,,,,,,,,35:56,Chris Paul,32:05,Dennis Schröder,31:10,Danilo Gallinari,26:18,Steven Adams,25:46,Darius Bazley,23:45,Terrance Ferguson,22:45,Hamidou Diallo,22:04,Nerlens Noel,16:05,102,1,13,6.0,46.2,0.0,0.0,7.0,53.8,D.J. Augustin,8,0,2019-2020,0.0,0,1.0,ORL,94,Nikola Vučević,,,,,,,,,,,,,33:39,Evan Fournier,32:55,Jonathan Isaac,31:10,Aaron Gordon,28:34,Al-Farouq Aminu,25:52,Markelle Fultz,23:53,Terrence Ross,22:46,Mo Bamba,14:11,,
2,.667,3,50.000,6,1.50,106,0,0,,4,.667,2.0,66.7,3.0,6,3,1.000,3,50.000,Logos via Sports Logos.net / About logos,L,https://www.basketball-reference.com/boxscores/201911060DAL.html,Away,107,28:28,0,,DAL,Luka Dončić,Seth Curry,6:42,Jalen Brunson,6:27,Boban Marjanović,1:51,,,,,,,37:26,Dwight Powell,33:56,Kristaps Porziņģis,33:45,Dorian Finney-Smith,28:33,Tim Hardaway Jr.,26:29,Maxi Kleber,19:54,Justin Jackson,16:40,J.J. Barea,15:45,Delon Wright,12:32,107,2,13,4.0,30.8,6.0,46.2,3.0,23.1,D.J. Augustin,1,2,2019-2020,2.0,4,0.0,ORL,106,Aaron Gordon,,,,,,,,,,,,,37:19,Nikola Vučević,33:22,Jonathan Isaac,31:47,Evan Fournier,27:41,Markelle Fultz,24:23,Michael Carter-Williams,21:20,Khem Birch,14:31,Al-Farouq Aminu,14:23,Wes Iwundu,6:46
1,.333,3,27.273,2,2.00,86,0,1,33.3,5,.455,4.0,50.0,8.0,11,2,1.000,2,18.182,Logos via Sports Logos.net / About logos,W,https://www.basketball-reference.com/boxscores/201911080ORL.html,Home,118,24:19,2,66.7,MEM,Jaren Jackson Jr.,Solomon Hill,17:03,Bruno Caboclo,5:34,De'Anthony Melton,5:16,,,,,,,29:59,Ja Morant,25:51,Marko Gudurić,24:48,Brandon Clarke,24:35,Jae Crowder,24:18,Dillon Brooks,22:15,Jonas Valančiūnas,21:56,Kyle Anderson,20:35,Tyus Jones,17:50,86,1,13,8.0,61.5,3.0,23.1,2.0,15.4,D.J. Augustin,32,0,2019-2020,0.0,1,3.0,ORL,118,Nikola Vučević,Amile Jefferson,3:07,Khem Birch,3:07,,,,,,,,,31:51,Aaron Gordon,31:36,Jonathan Isaac,29:10,Evan Fournier,27:12,Michael Carter-Williams,25:57,Markelle Fultz,23:22,Al-Farouq Aminu,18:50,Mo Bamba,13:02,Wes Iwundu,8:27
0,.000,2,20.000,6,,109,0,2,100.0,4,.400,4.0,50.0,8.0,10,0,,0,0.000,Logos via Sports Logos.net / About logos,L,https://www.basketball-reference.com/boxscores/201911100ORL.html,Home,102,23:36,0,0.0,IND,Domantas Sabonis,Alize Johnson,9:39,,,,,,,,,,,37:32,T.J. Warren,34:47,Malcolm Brogdon,29:20,Aaron Holiday,26:34,Doug McDermott,25:47,JaKarr Sampson,23:55,Justin Holiday,22:15,T.J. McConnell,19:43,T.J. Leaf,10:28,109,1,8,8.0,100.0,0.0,0.0,0.0,0.0,D.J. Augustin,7,1,2019-2020,1.0,0,2.0,ORL,102,Nikola Vučević,,,,,,,,,,,,,34:45,Jonathan Isaac,31:24,Evan Fournier,30:21,Aaron Gordon,30:03,Markelle Fultz,24:24,Michael Carter-Williams,20:29,Terrence Ross,18:48,Mo Bamba,13:15,Al-Farouq Aminu,12:55
1,.250,4,30.769,8,4.00,97,0,3,60.0,4,.308,3.0,33.3,9.0,13,3,1.000,3,23.077,Logos via Sports Logos.net / About logos,W,https://www.basketball-reference.com/boxscores/201911130ORL.html,Home,112,26:54,2,40.0,PHI,Ben Simmons,Matisse Thybulle,10:49,Shake Milton,9:36,,,,,,,,,35:17,Al Horford,32:57,Tobias Harris,31:21,Josh Richardson,29:49,Furkan Korkmaz,27:52,James Ennis III,17:54,Mike Scott,16:39,Kyle O'Quinn,15:03,Raul Neto,12:43,97,3,12,6.0,50.0,3.0,25.0,3.0,25.0,D.J. Augustin,15,1,2019-2020,1.0,2,5.0,ORL,112,Aaron Gordon,,,,,,,,,,,,,36:20,Jonathan Isaac,34:54,Nikola Vučević,33:42,Evan Fournier,31:00,Terrence Ross,25:59,Markelle Fultz,21:06,Mo Bamba,14:18,Michael Carter-Williams,14:15,Al-Farouq Aminu,1:32
1,.333,3,37.500,4,,109,0,3,100.0,4,.500,3.0,60.0,5.0,8,1,1.000,1,12.500,Logos via Sports Logos.net / About logos,W,https://www.basketball-reference.com/boxscores/201911150ORL.html,Home,111,25:06,0,0.0,SAS,DeMar DeRozan,Marco Belinelli,16:27,,,,,,,,,,,36:32,LaMarcus Aldridge,31:02,Bryn Forbes,29:20,Trey Lyles,27:22,Derrick White,21:35,Dejounte Murray,20:46,Rudy Gay,20:38,Patty Mills,19:23,Jakob Poeltl,16:55,109,0,10,6.0,60.0,3.0,30.0,1.0,10.0,D.J. Augustin,2,1,2019-2020,1.0,0,3.0,ORL,111,Nikola Vučević,,,,,,,,,,,,,36:46,Aaron Gordon,35:53,Evan Fournier,32:18,Al-Farouq Aminu,30:32,Terrence Ross,27:50,Markelle Fultz,24:39,Mo Bamba,11:01,Michael Carter-Williams,8:57,Wes Iwundu,6:58
3,.600,5,55.556,3,1.50,121,0,3,100.0,5,.556,2.0,50.0,4.0,9,0,,0,0.000,Logos via Sports Logos.net / About logos,W,https://www.basketball-reference.com/boxscores/201911170ORL.html,Home,125,24:22,0,0.0,WAS,Bradley Beal,,,,,,,,,,,,,39:36,Dāvis Bertāns,32:30,Isaiah Thomas,28:43,Rui Hachimura,27:55,Thomas Bryant,27:36,Troy Brown Jr.,23:54,Moritz Wagner,20:24,C.J. Miles,20:05,Ish Smith,19:17,121,0,13,4.0,30.8,9.0,69.2,0.0,0.0,D.J. Augustin,4,0,2019-2020,0.0,2,3.0,ORL,125,Aaron Gordon,,,,,,,,,,,,,36:33,Nikola Vučević,32:52,Al-Farouq Aminu,31:59,Evan Fournier,31:05,Markelle Fultz,25:54,Terrence Ross,24:40,Mo Bamba,15:08,Wes Iwundu,11:46,Michael Carter-Williams,5:41
1,.250,4,44.444,5,5.00,97,0,2,100.0,1,.111,0.0,0.0,5.0,9,1,.500,2,22.222,Logos via Sports Logos.net / About logos,L,https://www.basketball-reference.com/boxscores/201911200TOR.html,Away,113,26:48,0,0.0,TOR,Norman Powell,Oshae Brissett,1:26,Dewan Hernandez,1:26,Malcolm Miller,1:26,,,,,,,37:32,Fred VanVleet,34:46,Pascal Siakam,34:38,Marc Gasol,29:08,Terence Davis,27:03,Rondae Hollis-Jefferson,26:44,OG Anunoby,23:05,Chris Boucher,20:24,Matt Thomas,2:21,113,2,4,0.0,0.0,3.0,75.0,1.0,25.0,D.J. Augustin,16,1,2019-2020,1.0,1,2.0,ORL,97,Jonathan Isaac,Nikola Vučević,10:50,Melvin Frazier,2:04,Josh Magette,2:04,,,,,,,33:38,Evan Fournier,27:51,Terrence Ross,27:03,Markelle Fultz,25:33,Al-Farouq Aminu,22:50,Khem Birch,21:17,Mo Bamba,15:35,Aaron Gordon,12:14,Wes Iwundu,12:11
2,.500,4,57.143,4,2.00,106,0,1,100.0,3,.429,1.0,33.3,3.0,7,3,1.000,3,42.857,Logos via Sports Logos.net / About logos,L,https://www.basketball-reference.com/boxscores/201911230IND.html,Away,111,25:15,0,0.0,IND,Domantas Sabonis,T.J. Leaf,7:02,,,,,,,,,,,35:01,Myles Turner,30:12,T.J. Warren,28:18,Jeremy Lamb,28:17,Aaron Holiday,26:23,Justin Holiday,24:51,T.J. McConnell,22:51,Doug McDermott,22:13,Goga Bitadze,14:52,111,0,11,2.0,18.2,6.0,54.5,3.0,27.3,D.J. Augustin,5,0,2019-2020,0.0,2,1.0,ORL,106,Evan Fournier,,,,,,,,,,,,,34:28,Jonathan Isaac,29:11,Markelle Fultz,28:59,Terrence Ross,27:47,Khem Birch,26:34,Wes Iwundu,26:31,Mo Bamba,21:26,Al-Farouq Aminu,19:49,,
2,.500,4,57.143,5,2.50,88,0,3,100.0,2,.286,0.0,0.0,3.0,7,3,.750,4,57.143,Logos via Sports Logos.net / About logos,L,https://www.basketball-reference.com/boxscores/201911250DET.html,Away,103,22:25,0,0.0,DET,Langston Galloway,Thon Maker,2:33,,,,,,,,,,,37:02,Luke Kennard,34:05,Blake Griffin,31:19,Bruce Brown,30:42,Andre Drummond,30:19,Svi Mykhailiuk,22:11,Derrick Rose,20:00,Markieff Morris,16:41,Christian Wood,15:08,103,2,9,0.0,0.0,6.0,66.7,3.0,33.3,D.J. Augustin,15,0,2019-2020,0.0,2,3.0,ORL,88,Evan Fournier,,,,,,,,,,,,,37:26,Jonathan Isaac,30:50,Terrence Ross,29:47,Markelle Fultz,29:31,Khem Birch,27:27,Wes Iwundu,22:38,Mo Bamba,20:18,Al-Farouq Aminu,19:23,Amile Jefferson,0:15
0,.000,4,50.000,10,5.00,116,0,2,100.0,3,.375,3.0,75.0,4.0,8,2,1.000,2,25.000,Logos via Sports Logos.net / About logos,W,https://www.basketball-reference.com/boxscores/201911270CLE.html,Away,104,29:33,0,0.0,CLE,Collin Sexton,Alfonzo McKinnie,12:56,,,,,,,,,,,32:12,Cedi Osman,31:44,Darius Garland,31:23,Tristan Thompson,31:23,Larry Nance Jr.,25:06,Kevin Love,24:07,Kevin Porter Jr.,18:44,Matthew Dellavedova,16:37,Jordan Clarkson,15:48,104,2,8,6.0,75.0,0.0,0.0,2.0,25.0,D.J. Augustin,12,3,2019-2020,3.0,2,2.0,ORL,116,Evan Fournier,,,,,,,,,,,,,39:10,Markelle Fultz,28:23,Jonathan Isaac,27:46,Khem Birch,25:04,Wes Iwundu,23:49,Mo Bamba,22:56,Terrence Ross,22:43,Al-Farouq Aminu,20:36,,
1,.250,4,57.143,4,2.00,90,0,3,100.0,2,.286,1.0,33.3,3.0,7,1,1.000,1,14.286,Logos via Sports Logos.net / About logos,L,https://www.basketball-reference.com/boxscores/201911290ORL.html,Home,83,26:24,0,0.0,TOR,Fred VanVleet,,,,,,,,,,,,,41:06,Pascal Siakam,39:33,Norman Powell,38:38,OG Anunoby,35:28,Marc Gasol,32:14,Rondae Hollis-Jefferson,21:47,Terence Davis,14:51,Chris Boucher,11:53,Malcolm Miller,4:30,90,1,6,2.0,33.3,3.0,50.0,1.0,16.7,D.J. Augustin,7,2,2019-2020,2.0,2,3.0,ORL,83,Evan Fournier,,,,,,,,,,,,,33:49,Aaron Gordon,31:44,Markelle Fultz,29:48,Jonathan Isaac,29:21,Khem Birch,27:24,Terrence Ross,26:23,Al-Farouq Aminu,18:16,Mo Bamba,16:51,,
0,.000,4,80.000,4,2.00,96,0,5,100.0,0,.000,0.0,0.0,1.0,5,0,,0,0.000,Logos via Sports Logos.net / About logos,W,https://www.basketball-reference.com/boxscores/201912010ORL.html,Home,100,24:14,0,0.0,GSW,Glenn Robinson III,,,,,,,,,,,,,37:28,Alec Burks,36:13,Eric Paschall,35:05,Ky Bowman,28:34,Willie Cauley-Stein,24:03,Draymond Green,23:23,Marquese Chriss,22:44,Omari Spellman,16:42,Jordan Poole,15:48,96,1,0,0.0,,0.0,,0.0,,D.J. Augustin,4,0,2019-2020,0.0,2,5.0,ORL,100,Evan Fournier,,,,,,,,,,,,,34:34,Jonathan Isaac,33:19,Khem Birch,30:27,Aaron Gordon,30:06,Markelle Fultz,30:00,Terrence Ross,28:56,Mo Bamba,17:27,Wes Iwundu,10:11,Melvin Frazier,0:46
4,.800,5,55.556,1,1.00,127,0,4,66.7,7,.778,3.0,75.0,4.0,9,6,.857,7,77.778,Logos via Sports Logos.net / About logos,W,https://www.basketball-reference.com/boxscores/201912030WAS.html,Away,120,28:38,2,33.3,WAS,Bradley Beal,,,,,,,,,,,,,41:51,Dāvis Bertāns,40:01,Rui Hachimura,38:30,Isaiah Thomas,34:09,Jordan McRae,26:14,Troy Brown Jr.,20:56,Isaac Bonga,17:07,Ish Smith,13:51,Admiral Schofield,7:19,120,2,24,6.0,25.0,12.0,50.0,6.0,25.0,D.J. Augustin,7,0,2019-2020,0.0,1,6.0,ORL,127,Jonathan Isaac,,,,,,,,,,,,,37:23,Evan Fournier,35:04,Aaron Gordon,31:47,Markelle Fultz,31:13,Khem Birch,28:26,Terrence Ross,18:22,Mo Bamba,16:11,Michael Carter-Williams,12:56,,
1,.250,4,50.000,7,2.33,114,0,2,66.7,2,.250,1.0,25.0,4.0,8,6,1.000,6,75.000,Logos via Sports Logos.net / About logos,W,https://www.basketball-reference.com/boxscores/201912040ORL.html,Home,128,26:27,1,33.3,PHO,Devin Booker,Jevon Carter,18:01,Elie Okobo,4:48,,,,,,,,,29:59,Frank Kaminsky,26:04,Dario Šarić,25:31,Ricky Rubio,25:06,Mikal Bridges,25:05,Cameron Johnson,24:55,Kelly Oubre Jr.,23:05,Cheick Diallo,19:20,Ty Jerome,18:06,114,1,11,2.0,18.2,3.0,27.3,6.0,54.5,D.J. Augustin,14,1,2019-2020,1.0,3,3.0,ORL,128,Aaron Gordon,Melvin Frazier,2:35,Amile Jefferson,2:35,B.J. Johnson,2:35,,,,,,,33:32,Khem Birch,28:38,Jonathan Isaac,27:46,Evan Fournier,27:31,Markelle Fultz,26:14,Terrence Ross,22:16,Wes Iwundu,18:47,Mo Bamba,18:29,Josh Magette,2:35
1,.200,5,50.000,7,2.33,93,0,2,66.7,2,.200,1.0,20.0,5.0,10,5,.833,6,60.000,Logos via Sports Logos.net / About logos,W,https://www.basketball-reference.com/boxscores/201912060CLE.html,Away,87,26:19,1,33.3,CLE,Larry Nance Jr.,Alfonzo McKinnie,5:41,,,,,,,,,,,40:36,Tristan Thompson,31:50,Cedi Osman,31:34,Collin Sexton,30:13,Darius Garland,30:06,Jordan Clarkson,21:20,Kevin Porter Jr.,20:18,Matthew Dellavedova,14:21,John Henson,14:01,87,1,10,2.0,20.0,3.0,30.0,5.0,50.0,D.J. Augustin,6,3,2019-2020,3.0,3,3.0,ORL,93,Jonathan Isaac,,,,,,,,,,,,,33:00,Aaron Gordon,31:15,Khem Birch,31:07,Evan Fournier,29:12,Markelle Fultz,26:56,Terrence Ross,26:36,Michael Carter-Williams,18:55,Mo Bamba,16:40,,
1,.167,6,50.000,5,5.00,101,0,0,,5,.417,4.0,66.7,6.0,12,2,1.000,2,16.667,Logos via Sports Logos.net / About logos,L,https://www.basketball-reference.com/boxscores/201912090MIL.html,Away,110,23:14,0,,MIL,Giannis Antetokounmpo,Pat Connaughton,12:43,Kyle Korver,11:18,,,,,,,,,34:43,Eric Bledsoe,31:57,Khris Middleton,29:15,Wesley Matthews,25:09,Brook Lopez,23:38,George Hill,20:47,Donte DiVincenzo,20:16,Ersan İlyasova,16:14,Robin Lopez,14:00,110,1,13,8.0,61.5,3.0,23.1,2.0,15.4,D.J. Augustin,9,2,2019-2020,2.0,1,0.0,ORL,101,Aaron Gordon,,,,,,,,,,,,,38:18,Evan Fournier,32:01,Terrence Ross,30:30,Markelle Fultz,30:07,Jonathan Isaac,28:17,Khem Birch,27:54,Michael Carter-Williams,16:00,Mo Bamba,12:27,Amile Jefferson,1:12
0,.000,1,33.333,2,1.00,96,0,3,100.0,1,.333,1.0,50.0,2.0,3,0,,0,0.000,Logos via Sports Logos.net / About logos,L,https://www.basketball-reference.com/boxscores/201912110ORL.html,Home,87,26:38,0,0.0,LAL,LeBron James,Troy Daniels,6:46,,,,,,,,,,,37:55,Anthony Davis,36:36,Kentavious Caldwell-Pope,31:22,Danny Green,29:22,Alex Caruso,28:14,Jared Dudley,21:20,Dwight Howard,17:48,Avery Bradley,16:38,JaVale McGee,13:59,96,3,2,2.0,100.0,0.0,0.0,0.0,0.0,D.J. Augustin,9,0,2019-2020,0.0,2,3.0,ORL,87,Jonathan Isaac,,,,,,,,,,,,,35:35,Aaron Gordon,34:00,Evan Fournier,33:59,Terrence Ross,28:39,Khem Birch,24:00,Michael Carter-Williams,21:22,Mo Bamba,18:48,Wes Iwundu,16:59,,
1,.250,4,80.000,5,5.00,130,0,3,75.0,1,.200,0.0,0.0,1.0,5,0,,0,0.000,Logos via Sports Logos.net / About logos,L,https://www.basketball-reference.com/boxscores/201912130ORL.html,Home,107,26:10,1,25.0,HOU,James Harden,Thabo Sefolosha,4:29,Chris Clemons,3:01,,,,,,,,,36:14,P.J. Tucker,34:33,Russell Westbrook,34:32,Danuel House Jr.,34:00,Clint Capela,29:39,Ben McLemore,26:59,Austin Rivers,15:54,Gary Clark,14:01,Isaiah Hartenstein,6:38,130,1,3,0.0,0.0,3.0,100.0,0.0,0.0,D.J. Augustin,23,0,2019-2020,0.0,1,4.0,ORL,107,Aaron Gordon,Wes Iwundu,4:16,Amile Jefferson,4:16,,,,,,,,,32:50,Khem Birch,31:53,Terrence Ross,27:29,Jonathan Isaac,26:55,Evan Fournier,24:35,Michael Carter-Williams,21:22,Markelle Fultz,20:58,Mo Bamba,15:00,Melvin Frazier,4:16
2,.667,3,37.500,8,8.00,130,0,1,100.0,4,.500,2.0,40.0,5.0,8,7,1.000,7,87.500,Logos via Sports Logos.net / About logos,W,https://www.basketball-reference.com/boxscores/201912150NOP.html,Away,119,24:51,0,0.0,NOP,Jrue Holiday,,,,,,,,,,,,,40:07,JJ Redick,35:53,Josh Hart,30:31,Jaxson Hayes,28:30,Lonzo Ball,27:03,Brandon Ingram,26:54,Kenrich Williams,23:16,Derrick Favors,19:30,Frank Jackson,8:16,119,2,17,4.0,23.5,6.0,35.3,7.0,41.2,D.J. Augustin,11,1,2019-2020,1.0,1,1.0,ORL,130,Aaron Gordon,,,,,,,,,,,,,33:12,Jonathan Isaac,32:45,Markelle Fultz,29:38,Nikola Vučević,29:26,Evan Fournier,28:09,Terrence Ross,23:34,Michael Carter-Williams,19:51,Mo Bamba,18:34,,
2,.667,3,30.000,3,3.00,102,1,4,100.0,8,.800,6.0,85.7,7.0,10,4,1.000,4,40.000,Logos via Sports Logos.net / About logos,L,https://www.basketball-reference.com/boxscores/201912170UTA.html,Away,109,26:11,0,0.0,UTA,Rudy Gobert,Georges Niang,3:35,,,,,,,,,,,37:28,Bojan Bogdanović,36:40,Joe Ingles,36:40,Donovan Mitchell,35:26,Royce O'Neale,34:52,Mike Conley,19:15,Jeff Green,14:45,Emmanuel Mudiay,10:47,Ed Davis,10:32,109,1,22,12.0,54.5,6.0,27.3,4.0,18.2,D.J. Augustin,7,1,2019-2020,2.0,1,4.0,ORL,102,Evan Fournier,,,,,,,,,,,,,33:24,Nikola Vučević,33:19,Jonathan Isaac,31:47,Aaron Gordon,29:59,Markelle Fultz,27:32,Terrence Ross,24:51,Michael Carter-Williams,18:16,Mo Bamba,14:41,,
3,.600,5,55.556,7,,104,0,3,100.0,4,.444,1.0,25.0,4.0,9,7,1.000,7,77.778,Logos via Sports Logos.net / About logos,L,https://www.basketball-reference.com/boxscores/201912180DEN.html,Away,113,28:21,0,0.0,DEN,Will Barton,Michael Porter Jr.,8:49,Torrey Craig,2:49,,,,,,,,,39:21,Jamal Murray,35:57,Gary Harris,33:42,Nikola Jokić,30:31,Paul Millsap,25:43,Jerami Grant,20:18,Mason Plumlee,19:28,Monte Morris,12:50,Malik Beasley,10:32,113,0,18,2.0,11.1,9.0,50.0,7.0,38.9,D.J. Augustin,9,0,2019-2020,0.0,0,3.0,ORL,104,Aaron Gordon,,,,,,,,,,,,,33:28,Nikola Vučević,32:48,Evan Fournier,31:23,Markelle Fultz,30:02,Michael Carter-Williams,23:20,Terrence Ross,22:08,Jonathan Isaac,17:06,Mo Bamba,15:12,Wes Iwundu,6:12
2,.250,8,50.000,3,3.00,103,0,1,100.0,6,.375,4.0,50.0,8.0,16,3,.750,4,25.000,Logos via Sports Logos.net / About logos,L,https://www.basketball-reference.com/boxscores/201912200POR.html,Away,118,29:16,0,0.0,POR,CJ McCollum,Carmelo Anthony,9:24,,,,,,,,,,,37:26,Damian Lillard,36:26,Hassan Whiteside,32:39,Kent Bazemore,32:10,Skal Labissière,23:51,Anfernee Simons,20:20,Anthony Tolliver,18:47,Gary Trent Jr.,17:38,Mario Hezonja,11:19,118,0,17,8.0,47.1,6.0,35.3,3.0,17.6,D.J. Augustin,15,0,2019-2020,0.0,1,1.0,ORL,103,Nikola Vučević,Melvin Frazier,2:09,Khem Birch,2:09,Amile Jefferson,2:09,,,,,,,33:07,Jonathan Isaac,30:06,Aaron Gordon,29:48,Evan Fournier,29:10,Markelle Fultz,26:01,Terrence Ross,22:17,Mo Bamba,12:44,Wes Iwundu,12:34,Michael Carter-Williams,8:30
0,,0,0.000,5,,95,0,2,100.0,1,.333,1.0,33.3,3.0,3,0,,0,0.000,Logos via Sports Logos.net / About logos,W,https://www.basketball-reference.com/boxscores/201912230ORL.html,Home,103,21:02,0,0.0,CHI,Zach LaVine,Denzel Valentine,5:00,Luke Kornet,1:14,,,,,,,,,38:10,Tomáš Satoranský,33:22,Kris Dunn,31:33,Lauri Markkanen,29:59,Wendell Carter Jr.,27:59,Thaddeus Young,22:02,Coby White,19:28,Ryan Arcidiacono,16:26,Daniel Gafford,14:46,95,0,2,2.0,100.0,0.0,0.0,0.0,0.0,D.J. Augustin,8,0,2019-2020,0.0,0,2.0,ORL,103,Jonathan Isaac,,,,,,,,,,,,,33:10,Evan Fournier,31:51,Terrence Ross,31:27,Aaron Gordon,31:22,Nikola Vučević,31:02,Markelle Fultz,26:58,Mo Bamba,16:58,Wes Iwundu,16:09,,
1,.500,2,28.571,1,1.00,97,0,0,0.0,1,.143,0.0,0.0,5.0,7,1,1.000,1,14.286,Logos via Sports Logos.net / About logos,W,https://www.basketball-reference.com/boxscores/201912270ORL.html,Home,98,24:29,1,100.0,PHI,Ben Simmons,,,,,,,,,,,,,39:06,Tobias Harris,36:13,Josh Richardson,36:12,Al Horford,33:28,Joel Embiid,31:56,Furkan Korkmaz,21:31,James Ennis III,17:39,Mike Scott,15:01,Trey Burke,8:54,97,2,4,0.0,0.0,3.0,75.0,1.0,25.0,D.J. Augustin,1,0,2019-2020,0.0,1,1.0,ORL,98,Aaron Gordon,,,,,,,,,,,,,34:08,Evan Fournier,32:21,Nikola Vučević,32:11,Jonathan Isaac,29:42,Markelle Fultz,27:49,Terrence Ross,27:46,Khem Birch,15:49,Wes Iwundu,15:45,,
2,.667,3,42.857,4,,100,0,1,100.0,4,.571,2.0,50.0,4.0,7,2,1.000,2,28.571,Logos via Sports Logos.net / About logos,L,https://www.basketball-reference.com/boxscores/201912280MIL.html,Away,111,28:15,0,0.0,MIL,Khris Middleton,D.J. Wilson,7:30,Sterling Brown,7:17,Thanasis Antetokounmpo,0:55,,,,,,,33:00,Brook Lopez,27:24,Ersan İlyasova,26:35,Donte DiVincenzo,26:27,Robin Lopez,23:16,Pat Connaughton,23:04,Kyle Korver,22:52,George Hill,20:49,Wesley Matthews,20:48,111,2,12,4.0,33.3,6.0,50.0,2.0,16.7,D.J. Augustin,11,2,2019-2020,2.0,0,1.0,ORL,100,Evan Fournier,Melvin Frazier,1:48,Amile Jefferson,1:48,,,,,,,,,31:42,Nikola Vučević,31:42,Jonathan Isaac,29:54,Markelle Fultz,29:37,Terrence Ross,27:24,Aaron Gordon,21:24,Wes Iwundu,18:19,Khem Birch,16:18,Josh Magette,1:48
1,.333,3,33.333,6,2.00,101,0,4,80.0,4,.444,3.0,50.0,6.0,9,8,.889,9,100.000,Logos via Sports Logos.net / About logos,L,https://www.basketball-reference.com/boxscores/201912300ORL.html,Home,93,29:05,1,20.0,ATL,De'Andre Hunter,Allen Crabbe,10:28,Damian Jones,4:35,,,,,,,,,35:04,Kevin Huerter,32:27,John Collins,32:05,Cam Reddish,25:31,Alex Len,24:19,Brandon Goodwin,21:54,Vince Carter,20:48,DeAndre' Bembry,18:58,Bruno Fernando,13:51,101,1,17,6.0,35.3,3.0,17.6,8.0,47.1,D.J. Augustin,8,1,2019-2020,1.0,3,5.0,ORL,93,Evan Fournier,,,,,,,,,,,,,36:37,Nikola Vučević,35:21,Jonathan Isaac,32:35,Markelle Fultz,30:30,Terrence Ross,28:21,Wes Iwundu,24:38,Mo Bamba,12:39,Amile Jefferson,6:20,Melvin Frazier,3:54
2,.333,6,40.000,9,9.00,122,0,3,100.0,7,.467,5.0,55.6,9.0,15,9,.900,10,66.667,Logos via Sports Logos.net / About logos,W,https://www.basketball-reference.com/boxscores/202001010WAS.html,Away,101,31:25,0,0.0,WAS,Jordan McRae,Johnathan Williams,12:03,Gary Payton II,9:45,Justin Robinson,3:51,Admiral Schofield,3:51,,,,,31:06,Bradley Beal,30:17,Ish Smith,28:27,Troy Brown Jr.,28:18,Anžejs Pasečņiks,23:49,Ian Mahinmi,19:38,Isaiah Thomas,19:14,Garrison Mathews,17:02,Isaac Bonga,12:39,101,2,25,10.0,40.0,6.0,24.0,9.0,36.0,D.J. Augustin,21,2,2019-2020,2.0,1,3.0,ORL,122,Evan Fournier,Josh Magette,2:16,Jonathan Isaac,2:03,,,,,,,,,37:35,Nikola Vučević,30:32,Khem Birch,26:28,Terrence Ross,24:22,Markelle Fultz,22:21,Wes Iwundu,22:01,Mo Bamba,15:12,Amile Jefferson,13:04,Melvin Frazier,12:41
1,.333,3,30.000,7,2.33,85,0,2,100.0,2,.200,1.0,14.3,7.0,10,4,1.000,4,40.000,Logos via Sports Logos.net / About logos,W,https://www.basketball-reference.com/boxscores/202001030ORL.html,Home,105,28:47,0,0.0,MIA,Bam Adebayo,Chris Silva,0:45,,,,,,,,,,,34:47,Jimmy Butler,34:41,Derrick Jones Jr.,31:34,Duncan Robinson,30:48,Meyers Leonard,26:44,Tyler Herro,24:43,Kendrick Nunn,23:19,Goran Dragić,20:38,Kelly Olynyk,12:01,85,1,9,2.0,22.2,3.0,33.3,4.0,44.4,D.J. Augustin,20,2,2019-2020,2.0,3,2.0,ORL,105,Nikola Vučević,,,,,,,,,,,,,32:55,Markelle Fultz,31:36,Aaron Gordon,31:12,Evan Fournier,28:30,Terrence Ross,25:01,Khem Birch,24:43,Wes Iwundu,22:11,Mo Bamba,15:05,,
1,.333,3,60.000,5,2.50,109,0,0,,2,.400,1.0,50.0,2.0,5,0,,0,0.000,Logos via Sports Logos.net / About logos,L,https://www.basketball-reference.com/boxscores/202001040ORL.html,Home,96,23:56,0,,UTA,Donovan Mitchell,Rayjon Tucker,4:33,Juwan Morgan,0:34,,,,,,,,,35:08,Rudy Gobert,33:34,Joe Ingles,32:57,Bojan Bogdanović,29:52,Royce O'Neale,27:45,Jordan Clarkson,26:29,Emmanuel Mudiay,18:06,Georges Niang,16:36,Tony Bradley,14:26,109,0,5,2.0,40.0,3.0,60.0,0.0,0.0,D.J. Augustin,13,0,2019-2020,0.0,2,0.0,ORL,96,Aaron Gordon,Amile Jefferson,0:44,Josh Magette,0:44,,,,,,,,,33:44,Nikola Vučević,32:38,Evan Fournier,31:51,Wes Iwundu,31:10,Terrence Ross,29:56,Markelle Fultz,28:31,Mo Bamba,14:38,Khem Birch,11:24,Melvin Frazier,0:44
2,.500,4,50.000,6,3.00,89,0,4,100.0,4,.500,2.0,50.0,4.0,8,6,.667,9,112.500,Logos via Sports Logos.net / About logos,W,https://www.basketball-reference.com/boxscores/202001060ORL.html,Home,101,28:25,0,0.0,BRK,Joe Harris,Rodions Kurucs,12:12,Theo Pinson,8:48,Justin Anderson,1:31,Nic Claxton,1:31,,,,,31:13,Garrett Temple,29:16,Taurean Prince,28:50,Spencer Dinwiddie,28:40,Jarrett Allen,25:16,DeAndre Jordan,21:13,Timothé Luwawu-Cabarrot,19:55,Wilson Chandler,17:39,Džanan Musa,13:56,89,1,16,4.0,25.0,6.0,37.5,6.0,37.5,D.J. Augustin,12,0,2019-2020,0.0,2,4.0,ORL,101,Evan Fournier,,,,,,,,,,,,,34:59,Aaron Gordon,33:07,Nikola Vučević,30:43,Markelle Fultz,30:10,Wes Iwundu,28:23,Terrence Ross,22:03,Mo Bamba,17:17,Khem Birch,14:53,,
2,.667,3,33.333,3,3.00,89,0,1,50.0,3,.333,1.0,16.7,6.0,9,10,.769,13,144.444,Logos via Sports Logos.net / About logos,W,https://www.basketball-reference.com/boxscores/202001080ORL.html,Home,123,22:32,1,50.0,WAS,Admiral Schofield,,,,,,,,,,,,,35:33,Troy Brown Jr.,35:27,Anžejs Pasečņiks,35:04,Isaac Bonga,32:07,Ish Smith,25:05,Isaiah Thomas,23:57,Gary Payton II,21:59,Jordan McRae,20:30,Ian Mahinmi,10:18,89,3,18,2.0,11.1,6.0,33.3,10.0,55.6,D.J. Augustin,34,0,2019-2020,0.0,1,2.0,ORL,123,Markelle Fultz,B.J. Johnson,5:35,Josh Magette,5:35,Amile Jefferson,5:35,,,,,,,30:52,Khem Birch,28:35,Nikola Vučević,27:48,Terrence Ross,25:29,Aaron Gordon,24:51,Evan Fournier,23:08,Wes Iwundu,19:17,Mo Bamba,13:47,Melvin Frazier,6:56
1,.200,5,71.429,1,0.50,114,0,4,100.0,2,.286,1.0,50.0,2.0,7,1,1.000,1,14.286,Logos via Sports Logos.net / About logos,W,https://www.basketball-reference.com/boxscores/202001130SAC.html,Away,112,24:41,0,0.0,SAC,Buddy Hield,Justin James,3:09,,,,,,,,,,,37:49,De'Aaron Fox,37:21,Harrison Barnes,36:54,Nemanja Bjelica,33:15,Trevor Ariza,28:49,Marvin Bagley III,23:11,Cory Joseph,22:28,Harry Giles,12:44,Dewayne Dedmon,4:20,112,0,6,2.0,33.3,3.0,50.0,1.0,16.7,D.J. Augustin,2,0,2019-2020,0.0,2,4.0,ORL,114,Nikola Vučević,,,,,,,,,,,,,36:54,Evan Fournier,36:36,Markelle Fultz,31:22,Aaron Gordon,29:53,Terrence Ross,27:37,Khem Birch,23:05,Wes Iwundu,18:46,Mo Bamba,11:06,,
0,.000,2,100.000,0,0.00,122,0,1,100.0,0,.000,0.0,,0.0,2,0,,0,0.000,Logos via Sports Logos.net / About logos,L,https://www.basketball-reference.com/boxscores/202002210ORL.html,Home,106,16:14,0,0.0,DAL,Dorian Finney-Smith,Michael Kidd-Gilchrist,3:58,,,,,,,,,,,35:35,Luka Dončić,34:26,Kristaps Porziņģis,33:49,Tim Hardaway Jr.,32:45,Seth Curry,27:44,Delon Wright,23:36,Maxi Kleber,22:38,Jalen Brunson,19:38,Justin Jackson,5:51,122,1,0,0.0,,0.0,,0.0,,D.J. Augustin,16,1,2019-2020,1.0,1,1.0,ORL,106,Nikola Vučević,,,,,,,,,,,,,37:00,Aaron Gordon,34:37,Evan Fournier,33:26,Terrence Ross,27:54,Michael Carter-Williams,25:10,Markelle Fultz,25:08,James Ennis III,21:33,Mo Bamba,11:00,Gary Clark,7:58
0,.000,3,75.000,3,1.00,115,0,1,100.0,0,.000,0.0,0.0,1.0,4,1,1.000,1,25.000,Logos via Sports Logos.net / About logos,W,https://www.basketball-reference.com/boxscores/202002240BRK.html,Away,113,14:23,0,0.0,BRK,Caris LeVert,,,,,,,,,,,,,34:06,Spencer Dinwiddie,34:00,Joe Harris,30:17,Taurean Prince,27:36,Garrett Temple,27:31,Jarrett Allen,26:01,Wilson Chandler,23:24,DeAndre Jordan,21:51,Timothé Luwawu-Cabarrot,15:14,113,0,1,0.0,0.0,0.0,0.0,1.0,100.0,D.J. Augustin,2,1,2019-2020,1.0,3,1.0,ORL,115,Aaron Gordon,,,,,,,,,,,,,41:15,Nikola Vučević,33:52,Markelle Fultz,33:37,Evan Fournier,31:02,Terrence Ross,27:47,James Ennis III,26:58,Michael Carter-Williams,17:06,Mo Bamba,14:00,,
2,.500,4,57.143,3,3.00,130,0,1,100.0,3,.429,1.0,33.3,3.0,7,1,1.000,1,14.286,Logos via Sports Logos.net / About logos,W,https://www.basketball-reference.com/boxscores/202002260ATL.html,Away,120,16:28,0,0.0,ATL,Trae Young,Brandon Goodwin,6:34,Vince Carter,3:57,,,,,,,,,38:13,De'Andre Hunter,35:30,John Collins,35:11,Cam Reddish,31:15,Kevin Huerter,27:49,Jeff Teague,22:43,Bruno Fernando,21:50,Treveon Graham,9:03,Damian Jones,7:55,120,0,9,2.0,22.2,6.0,66.7,1.0,11.1,D.J. Augustin,10,0,2019-2020,0.0,1,1.0,ORL,130,Aaron Gordon,,,,,,,,,,,,,40:55,Evan Fournier,34:52,Markelle Fultz,31:32,Nikola Vučević,31:00,James Ennis III,28:28,Terrence Ross,27:06,Mo Bamba,16:31,Michael Carter-Williams,13:08,,
2,.400,5,55.556,3,,125,0,1,50.0,4,.444,2.0,50.0,4.0,9,2,1.000,2,22.222,Logos via Sports Logos.net / About logos,W,https://www.basketball-reference.com/boxscores/202002280ORL.html,Home,136,19:51,1,50.0,MIN,D'Angelo Russell,Kelan Martin,11:41,,,,,,,,,,,36:02,Malik Beasley,34:26,Juancho Hernangómez,31:25,Josh Okogie,27:41,James Johnson,26:19,Naz Reid,23:10,Jordan McLaughlin,18:23,Jarrett Culver,16:59,Jake Layman,13:53,125,2,12,4.0,33.3,6.0,50.0,2.0,16.7,D.J. Augustin,11,0,2019-2020,0.0,0,2.0,ORL,136,Aaron Gordon,,,,,,,,,,,,,41:01,Nikola Vučević,34:27,Terrence Ross,34:07,Markelle Fultz,28:09,Evan Fournier,28:09,James Ennis III,20:51,Michael Carter-Williams,19:51,Mo Bamba,13:33,,
2,.333,6,66.667,7,7.00,113,0,0,,4,.444,2.0,66.7,3.0,9,2,1.000,2,22.222,Logos via Sports Logos.net / About logos,L,https://www.basketball-reference.com/boxscores/202002290SAS.html,Away,114,18:29,0,,SAS,Trey Lyles,Marco Belinelli,5:21,Jakob Poeltl,4:14,,,,,,,,,39:48,DeMar DeRozan,32:52,Dejounte Murray,30:23,Rudy Gay,29:55,Derrick White,25:20,Bryn Forbes,23:42,Patty Mills,21:20,Drew Eubanks,16:30,Lonnie Walker IV,10:33,114,1,12,4.0,33.3,6.0,50.0,2.0,16.7,D.J. Augustin,1,0,2019-2020,0.0,1,0.0,ORL,113,Aaron Gordon,,,,,,,,,,,,,35:58,Nikola Vučević,35:46,Terrence Ross,32:32,Evan Fournier,29:31,Markelle Fultz,29:31,James Ennis III,27:29,Michael Carter-Williams,18:40,Mo Bamba,12:02,,
0,.000,3,42.857,7,7.00,130,0,0,,1,.143,1.0,25.0,4.0,7,0,,0,0.000,Logos via Sports Logos.net / About logos,L,https://www.basketball-reference.com/boxscores/202003020ORL.html,Home,107,23:06,0,,POR,Trevor Ariza,Nassir Little,8:07,,,,,,,,,,,36:17,CJ McCollum,35:44,Gary Trent Jr.,34:03,Mario Hezonja,27:31,Hassan Whiteside,26:30,Carmelo Anthony,26:11,Anfernee Simons,22:01,Caleb Swanigan,15:29,Wenyen Gabriel,8:07,130,0,2,2.0,100.0,0.0,0.0,0.0,0.0,D.J. Augustin,23,0,2019-2020,0.0,1,0.0,ORL,107,Nikola Vučević,Khem Birch,3:12,Melvin Frazier,3:12,Vic Law,3:12,,,,,,,32:13,Evan Fournier,29:56,James Ennis III,28:44,Gary Clark,28:42,Terrence Ross,26:15,Markelle Fultz,24:10,Michael Carter-Williams,21:35,Mo Bamba,12:31,Wes Iwundu,3:12
0,.000,2,50.000,4,4.00,113,0,2,100.0,0,.000,0.0,0.0,2.0,4,0,,0,0.000,Logos via Sports Logos.net / About logos,L,https://www.basketball-reference.com/boxscores/202003040MIA.html,Away,116,16:57,0,0.0,MIA,Duncan Robinson,,,,,,,,,,,,,36:19,Jimmy Butler,33:42,Jae Crowder,32:05,Goran Dragić,31:12,Bam Adebayo,30:54,Kendrick Nunn,22:50,Derrick Jones Jr.,20:49,Kelly Olynyk,16:17,Andre Iguodala,15:52,116,1,0,0.0,,0.0,,0.0,,D.J. Augustin,3,0,2019-2020,0.0,1,2.0,ORL,113,Nikola Vučević,,,,,,,,,,,,,39:53,Aaron Gordon,35:43,Terrence Ross,34:11,Evan Fournier,31:03,Markelle Fultz,31:03,James Ennis III,26:39,Michael Carter-Williams,17:13,Mo Bamba,7:18,,
1,.333,3,42.857,5,2.50,132,0,3,100.0,4,.571,3.0,75.0,4.0,7,9,.818,11,157.143,Logos via Sports Logos.net / About logos,W,https://www.basketball-reference.com/boxscores/202003060MIN.html,Away,118,26:32,0,0.0,MIN,Juancho Hernangómez,Jaylen Nowell,12:00,Kelan Martin,5:09,,,,,,,,,30:20,Malik Beasley,28:13,Naz Reid,28:04,Jordan McLaughlin,27:49,Jarrett Culver,26:40,D'Angelo Russell,23:21,Josh Okogie,21:20,James Johnson,19:30,Jake Layman,17:34,118,1,18,6.0,33.3,3.0,16.7,9.0,50.0,D.J. Augustin,14,0,2019-2020,0.0,2,3.0,ORL,132,Aaron Gordon,,,,,,,,,,,,,37:00,Nikola Vučević,35:31,Terrence Ross,34:03,Markelle Fultz,27:08,James Ennis III,24:54,Wes Iwundu,22:40,Michael Carter-Williams,22:25,Mo Bamba,7:17,Gary Clark,2:30
4,.667,6,60.000,3,1.50,126,0,1,50.0,7,.700,3.0,75.0,4.0,10,6,1.000,6,60.000,Logos via Sports Logos.net / About logos,W,https://www.basketball-reference.com/boxscores/202003080HOU.html,Away,106,26:48,1,50.0,HOU,James Harden,Thabo Sefolosha,8:13,Chris Clemons,4:41,,,,,,,,,32:15,Russell Westbrook,30:15,Danuel House Jr.,30:07,P.J. Tucker,28:41,Austin Rivers,27:52,Jeff Green,26:35,Robert Covington,25:32,DeMarre Carroll,16:06,Bruno Caboclo,9:43,106,0,24,6.0,25.0,12.0,50.0,6.0,25.0,D.J. Augustin,20,1,2019-2020,1.0,2,2.0,ORL,126,Aaron Gordon,Khem Birch,1:38,Vic Law,1:38,,,,,,,,,35:39,Nikola Vučević,32:43,Terrence Ross,29:53,Markelle Fultz,27:29,Michael Carter-Williams,26:59,James Ennis III,18:23,Wes Iwundu,18:07,Mo Bamba,13:39,Gary Clark,7:04
2,.500,4,33.333,4,1.33,120,0,1,50.0,5,.417,3.0,37.5,8.0,12,4,1.000,4,33.333,Logos via Sports Logos.net / About logos,W,https://www.basketball-reference.com/boxscores/202003100MEM.html,Away,115,23:53,1,50.0,MEM,Jonas Valančiūnas,John Konchar,8:47,,,,,,,,,,,35:57,Ja Morant,35:20,Dillon Brooks,33:44,De'Anthony Melton,26:28,Kyle Anderson,26:27,Tyus Jones,20:31,Josh Jackson,19:53,Anthony Tolliver,17:52,Gorgui Dieng,15:01,115,3,16,6.0,37.5,6.0,37.5,4.0,25.0,D.J. Augustin,5,0,2019-2020,0.0,3,2.0,ORL,120,Nikola Vučević,,,,,,,,,,,,,35:19,Markelle Fultz,32:08,Aaron Gordon,31:36,Terrence Ross,30:32,Michael Carter-Williams,24:32,James Ennis III,23:13,Wes Iwundu,16:47,Mo Bamba,12:41,Gary Clark,9:19
3,1.000,3,50.000,1,,99,0,0,,4,.667,1.0,33.3,3.0,6,2,1.000,2,33.333,Logos via Sports Logos.net / About logos,W,https://www.basketball-reference.com/boxscores/202012250MIL.html,Home,138,13:27,0,,GSW,Stephen Curry,Marquese Chriss,14:17,Juan Toscano-Anderson,12:33,Kevon Looney,11:01,Kent Bazemore,3:56,,,,,28:58,James Wiseman,25:03,Eric Paschall,24:59,Andrew Wiggins,24:54,Kelly Oubre Jr.,19:46,Jordan Poole,19:02,Brad Wanamaker,19:02,Damion Lee,18:54,Mychal Mulder,17:34,99,1,13,2.0,15.4,9.0,69.2,2.0,15.4,D.J. Augustin,39,0,2020-2021,0.0,0,0.0,MIL,138,Giannis Antetokounmpo,Jordan Nwora,9:46,Thanasis Antetokounmpo,9:46,Torrey Craig,9:46,Sam Merrill,7:37,,,,,26:42,Bobby Portis,25:53,Khris Middleton,25:47,Jrue Holiday,25:22,Donte DiVincenzo,19:59,Brook Lopez,19:43,Pat Connaughton,18:53,D.J. Wilson,13:56,Bryn Forbes,13:21
0,.000,4,66.667,1,1.00,110,0,1,100.0,0,.000,0.0,0.0,2.0,6,2,1.000,2,33.333,Logos via Sports Logos.net / About logos,L,https://www.basketball-reference.com/boxscores/202012270NYK.html,Away,130,13:45,0,0.0,NYK,RJ Barrett,Jared Harper,1:52,Theo Pinson,1:52,Ignas Brazdeikis,1:16,,,,,,,38:15,Julius Randle,37:07,Mitchell Robinson,34:40,Elfrid Payton,29:18,Kevin Knox,26:15,Alec Burks,20:30,Frank Ntilikina,18:42,Reggie Bullock,16:53,Nerlens Noel,13:20,130,0,2,0.0,0.0,0.0,0.0,2.0,100.0,D.J. Augustin,20,0,2020-2021,0.0,1,1.0,MIL,110,Khris Middleton,Sam Merrill,7:27,D.J. Wilson,6:54,Thanasis Antetokounmpo,4:59,Torrey Craig,2:44,,,,,32:46,Giannis Antetokounmpo,31:59,Jrue Holiday,27:55,Bobby Portis,26:07,Donte DiVincenzo,23:30,Brook Lopez,20:51,Bryn Forbes,17:39,Pat Connaughton,15:57,Jordan Nwora,7:27
2,.500,4,80.000,2,2.00,144,0,1,25.0,3,.600,1.0,100.0,1.0,5,2,1.000,2,40.000,Logos via Sports Logos.net / About logos,W,https://www.basketball-reference.com/boxscores/202012290MIA.html,Away,97,20:44,3,75.0,MIA,Tyler Herro,Goran Dragić,9:40,Chris Silva,5:21,Maurice Harkless,3:44,Meyers Leonard,2:02,,,,,33:10,Kendrick Nunn,30:48,KZ Okpala,27:26,Bam Adebayo,25:01,Kelly Olynyk,24:47,Avery Bradley,24:19,Duncan Robinson,24:04,Precious Achiuwa,17:38,Max Strus,12:00,97,0,10,2.0,20.0,6.0,60.0,2.0,20.0,D.J. Augustin,47,0,2020-2021,0.0,1,4.0,MIL,144,Bobby Portis,Jordan Nwora,11:48,D.J. Wilson,9:23,Sam Merrill,8:48,,,,,,,26:20,Jrue Holiday,26:10,Khris Middleton,25:15,Giannis Antetokounmpo,24:14,Thanasis Antetokounmpo,20:00,Donte DiVincenzo,19:16,Brook Lopez,18:11,Bryn Forbes,17:38,Pat Connaughton,12:13
1,.333,3,60.000,1,1.00,108,0,0,,1,.200,0.0,0.0,2.0,5,0,,0,0.000,Logos via Sports Logos.net / About logos,L,https://www.basketball-reference.com/boxscores/202012300MIA.html,Away,119,12:43,0,,MIA,Tyler Herro,Kendrick Nunn,9:23,Maurice Harkless,0:08,,,,,,,,,38:49,Bam Adebayo,35:27,Avery Bradley,29:39,Kelly Olynyk,28:59,Goran Dragić,26:31,Duncan Robinson,23:49,Andre Iguodala,19:59,Gabe Vincent,15:11,Precious Achiuwa,12:01,119,1,3,0.0,0.0,3.0,100.0,0.0,0.0,D.J. Augustin,11,1,2020-2021,1.0,1,0.0,MIL,108,Giannis Antetokounmpo,,,,,,,,,,,,,38:01,Khris Middleton,37:00,Jrue Holiday,33:57,Donte DiVincenzo,30:07,Brook Lopez,25:43,Bobby Portis,17:57,Pat Connaughton,17:27,Bryn Forbes,16:13,Thanasis Antetokounmpo,10:47
0,.000,4,100.000,2,1.00,96,0,1,100.0,0,.000,0.0,,0.0,4,0,,0,0.000,Logos via Sports Logos.net / About logos,W,https://www.basketball-reference.com/boxscores/202101010MIL.html,Home,126,18:49,0,0.0,CHI,Coby White,Adam Mokoka,9:57,Devon Dotson,9:32,Luke Kornet,7:15,Cristiano Felício,6:18,,,,,28:51,Zach LaVine,27:11,Patrick Williams,25:26,Wendell Carter Jr.,25:08,Thaddeus Young,22:34,Otto Porter Jr.,22:07,Denzel Valentine,20:32,Garrett Temple,19:32,Daniel Gafford,15:37,96,0,0,0.0,,0.0,,0.0,,D.J. Augustin,30,1,2020-2021,1.0,2,1.0,MIL,126,Giannis Antetokounmpo,Jordan Nwora,9:57,Sam Merrill,9:32,D.J. Wilson,9:27,,,,,,,27:46,Jrue Holiday,25:56,Khris Middleton,25:20,Bobby Portis,25:12,Bryn Forbes,22:04,Donte DiVincenzo,19:21,Brook Lopez,15:56,Pat Connaughton,15:33,Thanasis Antetokounmpo,15:07
3,1.000,3,60.000,6,6.00,115,0,1,100.0,4,.800,1.0,50.0,2.0,5,0,,0,0.000,Logos via Sports Logos.net / About logos,W,https://www.basketball-reference.com/boxscores/202101040MIL.html,Home,125,18:38,0,0.0,DET,Jerami Grant,Delon Wright,9:58,Rodney McGruder,4:44,Jahlil Okafor,3:56,,,,,,,34:12,Saddiq Bey,30:51,Svi Mykhailiuk,29:35,Wayne Ellington,24:50,Derrick Rose,24:38,Sekou Doumbouya,23:27,Isaiah Stewart,20:26,Mason Plumlee,19:59,Killian Hayes,13:24,115,1,11,2.0,18.2,9.0,81.8,0.0,0.0,D.J. Augustin,10,0,2020-2021,0.0,1,1.0,MIL,125,Giannis Antetokounmpo,,,,,,,,,,,,,36:04,Khris Middleton,35:50,Jrue Holiday,34:13,Brook Lopez,30:09,Donte DiVincenzo,29:42,Bobby Portis,22:35,Bryn Forbes,19:44,Jordan Nwora,7:45,Thanasis Antetokounmpo,5:20
2,.500,4,100.000,6,6.00,115,0,4,100.0,2,.500,0.0,,0.0,4,2,1.000,2,50.000,Logos via Sports Logos.net / About logos,W,https://www.basketball-reference.com/boxscores/202101060MIL.html,Home,130,22:20,0,0.0,DET,Jerami Grant,Saben Lee,11:57,Jahlil Okafor,11:07,Derrick Rose,11:03,Rodney McGruder,7:06,Deividas Sirvydis,0:57,,,35:21,Blake Griffin,26:11,Delon Wright,25:00,Saddiq Bey,24:08,Wayne Ellington,23:52,Isaiah Stewart,20:11,Mason Plumlee,16:42,Svi Mykhailiuk,13:31,Sekou Doumbouya,12:54,115,2,8,0.0,0.0,6.0,75.0,2.0,25.0,D.J. Augustin,15,1,2020-2021,1.0,1,4.0,MIL,130,Khris Middleton,Jaylen Adams,0:57,,,,,,,,,,,31:02,Jrue Holiday,30:04,Giannis Antetokounmpo,28:28,Bobby Portis,27:55,Brook Lopez,27:48,Bryn Forbes,22:21,Donte DiVincenzo,22:17,Jordan Nwora,14:43,Thanasis Antetokounmpo,12:05
0,.000,3,75.000,1,,131,0,0,,0,.000,0.0,0.0,1.0,4,0,,0,0.000,Logos via Sports Logos.net / About logos,L,https://www.basketball-reference.com/boxscores/202101080MIL.html,Home,118,18:36,0,,UTA,Jordan Clarkson,Udoka Azubuike,1:15,Trent Forrest,1:15,Shaquille Harrison,1:15,Elijah Hughes,0:53,,,,,34:45,Royce O'Neale,33:54,Rudy Gobert,33:06,Donovan Mitchell,32:26,Bojan Bogdanović,30:20,Mike Conley,29:23,Derrick Favors,23:28,Georges Niang,13:48,Miye Oni,4:12,131,1,0,0.0,,0.0,,0.0,,D.J. Augustin,13,0,2020-2021,0.0,0,0.0,MIL,118,Khris Middleton,Sam Merrill,1:27,,,,,,,,,,,35:58,Jrue Holiday,33:42,Giannis Antetokounmpo,32:41,Brook Lopez,32:21,Donte DiVincenzo,29:50,Bobby Portis,19:45,Bryn Forbes,15:05,Thanasis Antetokounmpo,13:20,Jordan Nwora,7:15
1,.250,4,57.143,5,5.00,90,0,0,0.0,2,.286,1.0,33.3,3.0,7,0,,0,0.000,Logos via Sports Logos.net / About logos,W,https://www.basketball-reference.com/boxscores/202101090MIL.html,Home,100,20:13,2,100.0,CLE,Andre Drummond,,,,,,,,,,,,,41:17,Damyean Dotson,41:03,Larry Nance Jr.,39:41,Isaac Okoro,33:33,Cedi Osman,30:41,JaVale McGee,17:21,Dean Wade,14:35,Lamar Stevens,11:36,Thon Maker,10:11,90,0,5,2.0,40.0,3.0,60.0,0.0,0.0,D.J. Augustin,10,0,2020-2021,0.0,1,2.0,MIL,100,Jrue Holiday,,,,,,,,,,,,,36:16,Khris Middleton,35:28,Brook Lopez,34:44,Bobby Portis,33:27,Donte DiVincenzo,26:54,D.J. Wilson,15:42,Bryn Forbes,13:56,Thanasis Antetokounmpo,12:24,Pat Connaughton,10:53
1,.333,3,50.000,4,2.00,121,0,0,,2,.333,1.0,33.3,3.0,6,3,1.000,3,50.000,Logos via Sports Logos.net / About logos,W,https://www.basketball-reference.com/boxscores/202101110ORL.html,Away,99,20:35,0,,ORL,Aaron Gordon,Mo Bamba,11:20,Karim Mané,3:02,,,,,,,,,35:14,Nikola Vučević,31:52,Jordan Bone,28:41,Dwayne Bacon,28:28,Terrence Ross,25:21,Cole Anthony,23:11,Gary Clark,18:57,Khem Birch,18:33,James Ennis III,15:21,99,0,8,2.0,25.0,3.0,37.5,3.0,37.5,D.J. Augustin,22,2,2020-2021,2.0,2,0.0,MIL,121,Khris Middleton,D.J. Wilson,3:02,Sam Merrill,3:02,Jordan Nwora,1:57,,,,,,,29:49,Jrue Holiday,29:34,Brook Lopez,28:23,Giannis Antetokounmpo,27:17,Donte DiVincenzo,26:02,Bobby Portis,24:38,Pat Connaughton,18:12,Bryn Forbes,16:54,Thanasis Antetokounmpo,10:35
2,.667,3,75.000,4,1.33,110,0,0,0.0,2,.500,0.0,0.0,1.0,4,0,,0,0.000,Logos via Sports Logos.net / About logos,W,https://www.basketball-reference.com/boxscores/202101130DET.html,Away,101,20:51,1,100.0,DET,Jerami Grant,Saben Lee,13:06,Jahlil Okafor,9:04,Frank Jackson,2:30,,,,,,,35:22,Delon Wright,32:24,Blake Griffin,32:08,Josh Jackson,24:30,Mason Plumlee,21:46,Saddiq Bey,19:36,Svi Mykhailiuk,18:00,Isaiah Stewart,17:10,Wayne Ellington,14:24,101,0,6,0.0,0.0,6.0,100.0,0.0,0.0,D.J. Augustin,9,0,2020-2021,0.0,3,1.0,MIL,110,Jrue Holiday,,,,,,,,,,,,,36:51,Giannis Antetokounmpo,33:28,Khris Middleton,31:19,Brook Lopez,29:30,Donte DiVincenzo,25:36,Bobby Portis,22:52,Bryn Forbes,19:38,Pat Connaughton,15:43,Thanasis Antetokounmpo,4:12
0,.000,1,25.000,1,,109,0,1,50.0,2,.500,2.0,66.7,3.0,4,3,1.000,3,75.000,Logos via Sports Logos.net / About logos,W,https://www.basketball-reference.com/boxscores/202101150MIL.html,Home,112,21:00,1,50.0,DAL,Tim Hardaway Jr.,Boban Marjanović,4:14,,,,,,,,,,,37:00,Luka Dončić,35:45,Willie Cauley-Stein,30:29,James Johnson,29:13,Kristaps Porziņģis,29:00,Trey Burke,27:42,Wes Iwundu,22:54,Josh Green,18:55,Tyrell Terry,4:48,109,0,7,4.0,57.1,0.0,0.0,3.0,42.9,D.J. Augustin,3,0,2020-2021,0.0,0,2.0,MIL,112,Khris Middleton,,,,,,,,,,,,,37:05,Jrue Holiday,34:59,Brook Lopez,33:40,Giannis Antetokounmpo,30:12,Donte DiVincenzo,26:29,Pat Connaughton,21:14,Bobby Portis,17:21,Bryn Forbes,13:37,Thanasis Antetokounmpo,4:23
0,.000,3,42.857,0,,123,0,0,,0,.000,0.0,0.0,4.0,7,2,1.000,2,28.571,Logos via Sports Logos.net / About logos,L,https://www.basketball-reference.com/boxscores/202101180BRK.html,Away,125,19:05,0,,BRK,James Harden,,,,,,,,,,,,,40:47,DeAndre Jordan,37:38,Jeff Green,37:04,Joe Harris,37:03,Kevin Durant,35:42,Bruce Brown,21:35,Landry Shamet,11:27,Reggie Perry,9:40,Timothé Luwawu-Cabarrot,9:04,125,0,2,0.0,0.0,0.0,0.0,2.0,100.0,D.J. Augustin,2,0,2020-2021,0.0,0,0.0,MIL,123,Giannis Antetokounmpo,,,,,,,,,,,,,39:48,Jrue Holiday,37:20,Khris Middleton,36:15,Brook Lopez,33:35,Donte DiVincenzo,31:20,Pat Connaughton,17:35,Bobby Portis,14:25,Bryn Forbes,10:37,,
0,.000,1,20.000,3,3.00,113,0,2,100.0,2,.400,2.0,50.0,4.0,5,0,,0,0.000,Logos via Sports Logos.net / About logos,L,https://www.basketball-reference.com/boxscores/202101210MIL.html,Home,106,17:09,0,0.0,LAL,LeBron James,Wesley Matthews,9:52,,,,,,,,,,,38:04,Anthony Davis,37:48,Dennis Schröder,32:44,Kentavious Caldwell-Pope,27:19,Montrezl Harrell,26:03,Kyle Kuzma,22:07,Marc Gasol,18:13,Alex Caruso,17:40,Markieff Morris,10:10,113,0,4,4.0,100.0,0.0,0.0,0.0,0.0,D.J. Augustin,7,2,2020-2021,2.0,1,2.0,MIL,106,Jrue Holiday,,,,,,,,,,,,,38:32,Khris Middleton,36:24,Giannis Antetokounmpo,35:04,Brook Lopez,32:49,Pat Connaughton,23:50,Donte DiVincenzo,23:15,Bobby Portis,16:21,Bryn Forbes,9:45,Thanasis Antetokounmpo,6:51
3,.750,4,66.667,3,,115,0,1,100.0,3,.500,0.0,0.0,2.0,6,0,,0,0.000,Logos via Sports Logos.net / About logos,W,https://www.basketball-reference.com/boxscores/202101240MIL.html,Home,129,15:43,0,0.0,ATL,De'Andre Hunter,Tony Snell,4:54,,,,,,,,,,,41:35,John Collins,37:24,Rajon Rondo,29:56,Kevin Huerter,29:12,Cam Reddish,28:03,Solomon Hill,20:14,Danilo Gallinari,18:40,Onyeka Okongwu,15:46,Brandon Goodwin,14:16,115,0,9,0.0,0.0,9.0,100.0,0.0,0.0,D.J. Augustin,14,0,2020-2021,0.0,0,1.0,MIL,129,Giannis Antetokounmpo,,,,,,,,,,,,,36:22,Khris Middleton,33:08,Jrue Holiday,33:04,Bobby Portis,26:38,Donte DiVincenzo,25:42,Brook Lopez,25:34,Pat Connaughton,16:28,Bryn Forbes,13:54,Torrey Craig,13:27
3,.500,6,85.714,1,,115,0,0,0.0,3,.429,0.0,0.0,1.0,7,0,,0,0.000,Logos via Sports Logos.net / About logos,W,https://www.basketball-reference.com/boxscores/202101270TOR.html,Away,108,13:45,1,100.0,TOR,Norman Powell,Paul Watson,5:03,,,,,,,,,,,40:54,Fred VanVleet,38:07,Kyle Lowry,37:24,Pascal Siakam,35:07,Aron Baynes,22:54,Terence Davis,19:29,Stanley Johnson,13:57,Yuta Watanabe,13:53,Chris Boucher,13:12,108,1,9,0.0,0.0,9.0,100.0,0.0,0.0,D.J. Augustin,7,1,2020-2021,1.0,0,1.0,MIL,115,Giannis Antetokounmpo,,,,,,,,,,,,,37:47,Khris Middleton,34:43,Jrue Holiday,34:30,Brook Lopez,32:03,Donte DiVincenzo,26:31,Bobby Portis,17:26,Bryn Forbes,16:29,Pat Connaughton,13:30,Torrey Craig,13:16
0,,0,0.000,3,3.00,126,0,1,100.0,1,.500,1.0,50.0,2.0,2,0,,0,0.000,Logos via Sports Logos.net / About logos,L,https://www.basketball-reference.com/boxscores/202101290NOP.html,Away,131,10:07,0,0.0,NOP,Steven Adams,,,,,,,,,,,,,38:07,Brandon Ingram,35:21,Lonzo Ball,35:02,Eric Bledsoe,34:27,Zion Williamson,34:02,Josh Hart,24:41,Nickeil Alexander-Walker,22:29,Nicolò Melli,15:50,,,131,0,2,2.0,100.0,0.0,0.0,0.0,0.0,D.J. Augustin,5,0,2020-2021,0.0,1,1.0,MIL,126,Giannis Antetokounmpo,,,,,,,,,,,,,38:51,Jrue Holiday,38:02,Khris Middleton,36:23,Brook Lopez,32:27,Donte DiVincenzo,24:28,Bryn Forbes,21:40,Pat Connaughton,20:22,Bobby Portis,12:47,Torrey Craig,4:50
0,,0,,0,,114,0,0,,0,,0.0,,0.0,0,0,,0,,Logos via Sports Logos.net / About logos,L,https://www.basketball-reference.com/boxscores/202101300CHO.html,Away,126,4:22,0,,CHO,Gordon Hayward,Cody Martin,1:12,Nick Richards,0:21,,,,,,,,,36:29,Devonte' Graham,35:07,Cody Zeller,34:26,LaMelo Ball,31:01,Miles Bridges,28:35,P.J. Washington,25:36,Malik Monk,22:44,Terry Rozier,17:55,Caleb Martin,6:34,126,1,0,0.0,,0.0,,0.0,,D.J. Augustin,12,0,2020-2021,0.0,0,0.0,MIL,114,Jrue Holiday,Sam Merrill,1:31,Jordan Nwora,1:31,,,,,,,,,40:08,Giannis Antetokounmpo,39:24,Khris Middleton,32:27,Pat Connaughton,29:13,Donte DiVincenzo,27:21,Brook Lopez,26:33,Bobby Portis,19:50,Bryn Forbes,11:06,Torrey Craig,6:34
4,.667,6,85.714,6,6.00,106,0,5,100.0,4,.571,0.0,0.0,1.0,7,1,.500,2,28.571,Logos via Sports Logos.net / About logos,W,https://www.basketball-reference.com/boxscores/202102010MIL.html,Home,134,17:34,0,0.0,POR,Anfernee Simons,CJ Elleby,9:23,Keljin Blevins,9:23,,,,,,,,,30:09,Nassir Little,29:39,Gary Trent Jr.,29:03,Robert Covington,27:52,Damian Lillard,27:25,Enes Freedom,25:00,Carmelo Anthony,18:21,Harry Giles,16:55,Rodney Hood,16:50,106,0,13,0.0,0.0,12.0,92.3,1.0,7.7,D.J. Augustin,28,1,2020-2021,1.0,1,5.0,MIL,134,Jrue Holiday,Jordan Nwora,9:48,Sam Merrill,9:48,D.J. Wilson,9:23,Thanasis Antetokounmpo,5:56,,,,,29:58,Giannis Antetokounmpo,25:46,Khris Middleton,25:16,Bobby Portis,23:44,Donte DiVincenzo,18:06,Bryn Forbes,18:04,Brook Lopez,17:15,Pat Connaughton,15:50,Torrey Craig,13:32
1,.200,5,83.333,4,4.00,110,0,0,,1,.167,0.0,0.0,1.0,6,3,1.000,3,50.000,Logos via Sports Logos.net / About logos,W,https://www.basketball-reference.com/boxscores/202102030MIL.html,Home,130,19:00,0,,IND,Domantas Sabonis,Edmond Sumner,6:13,Kelan Martin,4:52,JaKarr Sampson,4:52,,,,,,,31:00,Doug McDermott,29:03,Malcolm Brogdon,28:50,Justin Holiday,28:46,T.J. McConnell,27:45,Aaron Holiday,25:42,Myles Turner,22:51,Jeremy Lamb,17:31,Goga Bitadze,12:35,110,0,6,0.0,0.0,3.0,50.0,3.0,50.0,D.J. Augustin,20,0,2020-2021,0.0,1,0.0,MIL,130,Giannis Antetokounmpo,D.J. Wilson,9:42,Thanasis Antetokounmpo,8:28,Jaylen Adams,8:28,,,,,,,30:38,Jrue Holiday,26:50,Khris Middleton,26:00,Brook Lopez,23:20,Bryn Forbes,22:10,Donte DiVincenzo,21:50,Bobby Portis,16:42,Torrey Craig,16:28,Pat Connaughton,10:24
1,.333,3,60.000,3,3.00,123,0,1,50.0,1,.200,0.0,0.0,2.0,5,4,1.000,4,80.000,Logos via Sports Logos.net / About logos,W,https://www.basketball-reference.com/boxscores/202102050CLE.html,Away,105,18:27,1,50.0,CLE,Collin Sexton,Dean Wade,1:41,,,,,,,,,,,37:50,Taurean Prince,32:35,Isaac Okoro,31:29,Andre Drummond,29:42,Darius Garland,29:31,Cedi Osman,22:25,Jarrett Allen,21:30,Lamar Stevens,17:37,Dylan Windler,15:40,105,3,7,0.0,0.0,3.0,42.9,4.0,57.1,D.J. Augustin,18,0,2020-2021,0.0,1,2.0,MIL,123,Giannis Antetokounmpo,Jaylen Adams,1:41,,,,,,,,,,,33:20,Khris Middleton,30:59,Jrue Holiday,29:24,Brook Lopez,28:46,Donte DiVincenzo,28:19,Bobby Portis,23:34,Pat Connaughton,18:07,Bryn Forbes,17:07,Torrey Craig,10:16
1,.333,3,60.000,3,3.00,124,0,1,100.0,3,.600,2.0,100.0,2.0,5,2,1.000,2,40.000,Logos via Sports Logos.net / About logos,W,https://www.basketball-reference.com/boxscores/202102060CLE.html,Away,99,17:29,0,0.0,CLE,Darius Garland,Dean Wade,5:07,Lamar Stevens,4:32,,,,,,,,,34:24,Collin Sexton,34:18,Andre Drummond,30:11,Isaac Okoro,29:12,Jarrett Allen,24:42,Larry Nance Jr.,23:22,Dylan Windler,19:49,Taurean Prince,19:08,Cedi Osman,15:12,99,1,9,4.0,44.4,3.0,33.3,2.0,22.2,D.J. Augustin,25,2,2020-2021,2.0,1,1.0,MIL,124,Giannis Antetokounmpo,Jaylen Adams,4:32,Thanasis Antetokounmpo,4:03,D.J. Wilson,4:03,,,,,,,31:49,Khris Middleton,29:23,Donte DiVincenzo,28:55,Brook Lopez,27:52,Jrue Holiday,25:22,Bobby Portis,20:06,Bryn Forbes,17:37,Pat Connaughton,14:34,Torrey Craig,14:13
1,.200,5,83.333,5,2.50,125,0,0,0.0,2,.333,1.0,100.0,1.0,6,0,,0,0.000,Logos via Sports Logos.net / About logos,W,https://www.basketball-reference.com/boxscores/202102080DEN.html,Away,112,20:35,1,100.0,DEN,Nikola Jokić,,,,,,,,,,,,,39:06,Will Barton,38:41,Jamal Murray,36:37,Paul Millsap,29:53,Monte Morris,29:35,Michael Porter Jr.,26:46,JaMychal Green,16:52,R.J. Hampton,16:45,Vlatko Čančar,5:45,112,2,5,2.0,40.0,3.0,60.0,0.0,0.0,D.J. Augustin,13,0,2020-2021,0.0,2,1.0,MIL,125,Khris Middleton,,,,,,,,,,,,,36:23,Giannis Antetokounmpo,34:18,Donte DiVincenzo,30:35,Brook Lopez,27:37,Bryn Forbes,25:35,Torrey Craig,23:05,Pat Connaughton,21:01,Bobby Portis,20:15,Jaylen Adams,0:32
2,.500,4,44.444,0,,124,0,0,,2,.222,0.0,0.0,5.0,9,0,,0,0.000,Logos via Sports Logos.net / About logos,L,https://www.basketball-reference.com/boxscores/202102100PHO.html,Away,125,18:28,0,,PHO,Devin Booker,,,,,,,,,,,,,39:04,Frank Kaminsky,34:45,Mikal Bridges,32:35,Chris Paul,32:26,Deandre Ayton,29:50,Jae Crowder,26:24,Cameron Johnson,20:29,E'Twaun Moore,18:43,Langston Galloway,5:44,125,0,6,0.0,0.0,6.0,100.0,0.0,0.0,D.J. Augustin,1,0,2020-2021,0.0,0,0.0,MIL,124,Giannis Antetokounmpo,,,,,,,,,,,,,37:55,Khris Middleton,35:36,Donte DiVincenzo,31:38,Brook Lopez,31:12,Bryn Forbes,30:13,Pat Connaughton,20:54,Bobby Portis,19:21,Torrey Craig,14:43,,
1,.250,4,57.143,3,,115,1,1,100.0,2,.286,1.0,33.3,3.0,7,7,.778,9,128.571,Logos via Sports Logos.net / About logos,L,https://www.basketball-reference.com/boxscores/202102120UTA.html,Away,129,29:30,0,0.0,UTA,Donovan Mitchell,,,,,,,,,,,,,37:09,Royce O'Neale,35:26,Bojan Bogdanović,34:47,Rudy Gobert,34:41,Jordan Clarkson,30:42,Joe Ingles,29:58,Derrick Favors,19:48,Georges Niang,14:14,Miye Oni,3:15,129,4,12,2.0,16.7,3.0,25.0,7.0,58.3,D.J. Augustin,14,2,2020-2021,3.0,0,1.0,MIL,115,Giannis Antetokounmpo,Jaylen Adams,0:37,,,,,,,,,,,38:53,Khris Middleton,37:48,Pat Connaughton,28:52,Brook Lopez,26:05,Donte DiVincenzo,26:02,Bobby Portis,20:41,Bryn Forbes,20:13,Torrey Craig,10:36,Thanasis Antetokounmpo,0:43
0,.000,3,100.000,7,,109,0,0,,0,.000,0.0,,0.0,3,1,.500,2,66.667,Logos via Sports Logos.net / About logos,L,https://www.basketball-reference.com/boxscores/202102140OKC.html,Away,114,21:43,0,,OKC,Luguentz Dort,,,,,,,,,,,,,36:10,Kenrich Williams,33:58,Justin Jackson,33:52,Darius Bazley,31:37,Al Horford,30:21,Hamidou Diallo,25:58,Mike Muscala,19:19,Isaiah Roby,17:39,Darius Miller,11:06,114,1,1,0.0,0.0,0.0,0.0,1.0,100.0,D.J. Augustin,5,0,2020-2021,0.0,0,0.0,MIL,109,Giannis Antetokounmpo,,,,,,,,,,,,,35:56,Khris Middleton,35:23,Bryn Forbes,32:34,Donte DiVincenzo,30:01,Bobby Portis,27:57,Pat Connaughton,23:14,Brook Lopez,19:48,Torrey Craig,13:24,,
0,.000,2,100.000,6,6.00,124,0,1,50.0,0,.000,0.0,,0.0,2,0,,0,0.000,Logos via Sports Logos.net / About logos,L,https://www.basketball-reference.com/boxscores/202102160MIL.html,Home,113,15:11,1,50.0,TOR,Fred VanVleet,Matt Thomas,5:43,,,,,,,,,,,38:49,Pascal Siakam,38:46,Norman Powell,34:27,Chris Boucher,30:03,OG Anunoby,26:52,Kyle Lowry,21:57,DeAndre' Bembry,18:19,Aron Baynes,17:43,Terence Davis,7:21,124,0,0,0.0,,0.0,,0.0,,D.J. Augustin,11,0,2020-2021,0.0,1,2.0,MIL,113,Khris Middleton,,,,,,,,,,,,,37:33,Giannis Antetokounmpo,37:17,Donte DiVincenzo,31:57,Pat Connaughton,31:21,Brook Lopez,29:06,Bryn Forbes,25:33,Bobby Portis,23:46,Torrey Craig,8:05,Thanasis Antetokounmpo,0:11
3,.429,7,77.778,1,,110,0,3,100.0,3,.333,0.0,0.0,2.0,9,0,,0,0.000,Logos via Sports Logos.net / About logos,L,https://www.basketball-reference.com/boxscores/202102180MIL.html,Home,96,24:59,0,0.0,TOR,Fred VanVleet,Malachi Flynn,4:39,Stanley Johnson,1:19,Terence Davis,1:19,Paul Watson,1:01,,,,,40:16,Pascal Siakam,37:58,DeAndre' Bembry,36:51,Norman Powell,30:36,OG Anunoby,26:32,Chris Boucher,22:21,Matt Thomas,16:44,Aron Baynes,14:47,Yuta Watanabe,5:37,110,1,9,0.0,0.0,9.0,100.0,0.0,0.0,D.J. Augustin,14,0,2020-2021,0.0,0,3.0,MIL,96,Khris Middleton,Jaylen Adams,1:19,,,,,,,,,,,37:08,Giannis Antetokounmpo,37:05,Pat Connaughton,29:21,Bryn Forbes,28:48,Donte DiVincenzo,26:40,Brook Lopez,20:23,Bobby Portis,19:16,Thanasis Antetokounmpo,7:41,Torrey Craig,7:20
3,.429,7,87.500,5,2.50,85,0,2,100.0,4,.500,1.0,100.0,1.0,8,0,,0,0.000,Logos via Sports Logos.net / About logos,W,https://www.basketball-reference.com/boxscores/202102190MIL.html,Home,98,32:28,0,0.0,OKC,Shai Gilgeous-Alexander,Justin Jackson,6:02,,,,,,,,,,,36:01,Luguentz Dort,32:31,Hamidou Diallo,31:12,Théo Maledon,30:05,Al Horford,29:22,Isaiah Roby,20:39,Darius Bazley,20:33,Kenrich Williams,18:39,Mike Muscala,14:56,85,2,11,2.0,18.2,9.0,81.8,0.0,0.0,D.J. Augustin,13,1,2020-2021,1.0,2,2.0,MIL,98,Khris Middleton,,,,,,,,,,,,,35:50,Giannis Antetokounmpo,35:45,Donte DiVincenzo,30:28,Brook Lopez,28:23,Pat Connaughton,27:32,Bryn Forbes,18:48,Bobby Portis,16:14,Thanasis Antetokounmpo,14:32,,
0,.000,5,50.000,5,2.50,115,0,1,100.0,2,.200,2.0,40.0,5.0,10,0,,0,0.000,Logos via Sports Logos.net / About logos,W,https://www.basketball-reference.com/boxscores/202102210MIL.html,Home,128,27:25,0,0.0,SAC,DaQuan Jeffries,Hassan Whiteside,8:18,Justin James,1:39,,,,,,,,,39:35,Tyrese Haliburton,34:43,De'Aaron Fox,34:22,Buddy Hield,30:50,Marvin Bagley III,28:56,Richaun Holmes,21:23,Jabari Parker,16:11,Cory Joseph,15:13,Kyle Guy,8:50,115,1,4,4.0,100.0,0.0,0.0,0.0,0.0,D.J. Augustin,13,2,2020-2021,2.0,2,1.0,MIL,128,Giannis Antetokounmpo,,,,,,,,,,,,,33:29,Khris Middleton,32:37,Donte DiVincenzo,30:42,Pat Connaughton,28:14,Bryn Forbes,25:03,Bobby Portis,23:39,Brook Lopez,23:32,Thanasis Antetokounmpo,12:39,Sam Merrill,2:40
2,.500,4,66.667,5,,112,0,2,100.0,4,.667,2.0,100.0,2.0,6,0,,0,0.000,Logos via Sports Logos.net / About logos,W,https://www.basketball-reference.com/boxscores/202102230MIL.html,Home,139,25:49,0,0.0,MIN,Karl-Anthony Towns,Jarred Vanderbilt,10:56,Juancho Hernangómez,8:57,Jake Layman,3:13,,,,,,,35:48,Malik Beasley,33:41,Anthony Edwards,27:43,Jordan McLaughlin,25:05,Ricky Rubio,22:55,Jaylen Nowell,22:11,Jaden McDaniels,21:51,Naz Reid,15:12,Josh Okogie,12:28,112,2,10,4.0,40.0,6.0,60.0,0.0,0.0,D.J. Augustin,27,1,2020-2021,1.0,0,2.0,MIL,139,Khris Middleton,,,,,,,,,,,,,33:34,Giannis Antetokounmpo,29:09,Pat Connaughton,26:49,Bryn Forbes,25:45,Donte DiVincenzo,25:31,Brook Lopez,25:24,Bobby Portis,22:36,Thanasis Antetokounmpo,18:35,Sam Merrill,6:48
2,.500,4,80.000,2,1.00,100,0,2,100.0,2,.400,0.0,0.0,1.0,5,0,,0,0.000,Logos via Sports Logos.net / About logos,W,https://www.basketball-reference.com/boxscores/202102280MIL.html,Home,105,26:23,0,0.0,LAC,Paul George,Reggie Jackson,3:10,,,,,,,,,,,37:38,Kawhi Leonard,37:17,Nicolas Batum,30:27,Serge Ibaka,26:45,Patrick Beverley,25:41,Lou Williams,24:47,Marcus Morris,23:06,Ivica Zubac,16:18,Terance Mann,14:51,100,0,6,0.0,0.0,6.0,100.0,0.0,0.0,D.J. Augustin,5,1,2020-2021,1.0,2,2.0,MIL,105,Giannis Antetokounmpo,,,,,,,,,,,,,39:55,Khris Middleton,32:47,Brook Lopez,30:40,Donte DiVincenzo,27:59,Pat Connaughton,27:13,Bobby Portis,20:26,Jrue Holiday,17:55,Bryn Forbes,11:46,Thanasis Antetokounmpo,4:56
2,.400,5,100.000,3,,128,0,1,100.0,2,.400,0.0,,0.0,5,1,1.000,1,20.000,Logos via Sports Logos.net / About logos,L,https://www.basketball-reference.com/boxscores/202103020MIL.html,Home,97,26:52,0,0.0,DEN,Jamal Murray,Bol Bol,2:16,Greg Whittington,2:16,,,,,,,,,37:59,Nikola Jokić,36:24,Will Barton,34:28,Monte Morris,29:31,Michael Porter Jr.,24:46,PJ Dozier,22:39,Vlatko Čančar,22:25,Zeke Nnaji,15:40,Isaiah Hartenstein,11:36,128,1,7,0.0,0.0,6.0,85.7,1.0,14.3,D.J. Augustin,31,0,2020-2021,0.0,0,1.0,MIL,97,Giannis Antetokounmpo,D.J. Wilson,4:56,Thanasis Antetokounmpo,4:56,Sam Merrill,4:56,,,,,,,32:59,Khris Middleton,29:06,Pat Connaughton,26:37,Brook Lopez,24:48,Donte DiVincenzo,21:20,Jrue Holiday,18:15,Bryn Forbes,17:12,Bobby Portis,16:52,Torrey Craig,11:11
1,.333,3,100.000,1,0.50,112,0,2,100.0,1,.333,0.0,,0.0,3,0,,0,0.000,Logos via Sports Logos.net / About logos,W,https://www.basketball-reference.com/boxscores/202103040MEM.html,Away,111,20:41,0,0.0,MEM,Ja Morant,Tyus Jones,13:00,,,,,,,,,,,38:54,Dillon Brooks,34:41,Brandon Clarke,29:25,Jonas Valančiūnas,27:20,Kyle Anderson,25:58,Justise Winslow,23:50,Desmond Bane,18:42,De'Anthony Melton,14:41,Xavier Tillman Sr.,13:29,111,1,3,0.0,0.0,3.0,100.0,0.0,0.0,D.J. Augustin,1,1,2020-2021,1.0,2,2.0,MIL,112,Khris Middleton,,,,,,,,,,,,,39:07,Giannis Antetokounmpo,36:14,Pat Connaughton,30:19,Donte DiVincenzo,29:51,Brook Lopez,27:21,Jrue Holiday,22:35,Bobby Portis,15:07,Bryn Forbes,11:56,Thanasis Antetokounmpo,6:49
3,1.000,3,75.000,2,1.00,101,0,3,100.0,4,1.000,1.0,100.0,1.0,4,1,1.000,1,25.000,Logos via Sports Logos.net / About logos,W,https://www.basketball-reference.com/boxscores/202103110MIL.html,Home,134,18:13,0,0.0,NYK,RJ Barrett,Frank Ntilikina,14:52,Kevin Knox,3:20,Theo Pinson,1:35,,,,,,,28:43,Julius Randle,28:34,Alec Burks,26:55,Taj Gibson,26:23,Elfrid Payton,24:10,Immanuel Quickley,23:50,Nerlens Noel,21:37,Reggie Bullock,20:35,Obi Toppin,19:26,101,2,12,2.0,16.7,9.0,75.0,1.0,8.3,D.J. Augustin,33,1,2020-2021,1.0,2,3.0,MIL,134,Giannis Antetokounmpo,Torrey Craig,7:28,D.J. Wilson,5:17,Sam Merrill,5:16,Mamadi Diakite,5:16,,,,,29:23,Khris Middleton,26:22,Jrue Holiday,25:26,Brook Lopez,25:01,Donte DiVincenzo,23:06,Pat Connaughton,19:37,Bobby Portis,19:31,Bryn Forbes,17:41,Thanasis Antetokounmpo,12:23
0,,0,0.000,2,2.00,125,0,0,,1,1.000,1.0,100.0,1.0,1,0,,0,0.000,Logos via Sports Logos.net / About logos,W,https://www.basketball-reference.com/boxscores/202103130WAS.html,Away,119,16:28,0,,WAS,Russell Westbrook,,,,,,,,,,,,,39:28,Rui Hachimura,38:20,Deni Avdija,35:00,Alex Len,32:35,Garrison Mathews,32:33,Raul Neto,26:01,Robin Lopez,14:53,Troy Brown Jr.,12:45,Isaac Bonga,8:25,119,0,2,2.0,100.0,0.0,0.0,0.0,0.0,D.J. Augustin,6,0,2020-2021,0.0,1,0.0,MIL,125,Giannis Antetokounmpo,,,,,,,,,,,,,36:11,Khris Middleton,33:22,Jrue Holiday,32:12,Donte DiVincenzo,28:58,Brook Lopez,27:03,Pat Connaughton,26:13,Bobby Portis,21:42,Bryn Forbes,16:05,Thanasis Antetokounmpo,1:46
1,.333,3,75.000,3,3.00,133,0,1,100.0,2,.500,1.0,100.0,1.0,4,0,,0,0.000,Logos via Sports Logos.net / About logos,W,https://www.basketball-reference.com/boxscores/202103150WAS.html,Away,122,13:25,0,0.0,WAS,Bradley Beal,Cassius Winston,1:10,,,,,,,,,,,41:45,Russell Westbrook,38:35,Rui Hachimura,36:45,Deni Avdija,31:19,Dāvis Bertāns,23:34,Garrison Mathews,20:24,Raul Neto,19:52,Alex Len,17:49,Robin Lopez,8:46,122,4,5,2.0,40.0,3.0,60.0,0.0,0.0,D.J. Augustin,11,0,2020-2021,0.0,1,1.0,MIL,133,Giannis Antetokounmpo,,,,,,,,,,,,,35:43,Khris Middleton,34:12,Donte DiVincenzo,33:06,Brook Lopez,32:34,Jrue Holiday,32:13,Pat Connaughton,29:37,Bobby Portis,15:42,Bryn Forbes,13:27,,
1,.500,2,33.333,3,,113,0,1,33.3,2,.333,1.0,25.0,4.0,6,2,1.000,2,33.333,Logos via Sports Logos.net / About logos,L,https://www.basketball-reference.com/boxscores/202103190HOU.html,Home,100,20:24,2,66.7,DET,Saddiq Bey,Tyler Cook,9:06,Sekou Doumbouya,7:21,Deividas Sirvydis,1:00,,,,,,,32:05,Jerami Grant,30:09,Josh Jackson,28:28,Delon Wright,28:01,Frank Jackson,25:38,Isaiah Stewart,25:28,Mason Plumlee,21:32,Dennis Smith Jr.,18:59,Saben Lee,12:13,113,0,7,2.0,28.6,3.0,42.9,2.0,28.6,D.J. Augustin,13,1,2020-2021,1.0,0,3.0,HOU,100,Victor Oladipo,Anthony Lamb,0:19,,,,,,,,,,,36:13,Danuel House Jr.,34:25,Jae'Sean Tate,32:14,John Wall,28:33,Christian Wood,27:36,Sterling Brown,23:04,KJ Martin,20:39,Kevin Porter Jr.,9:42,D.J. Wilson,6:51
0,.000,3,75.000,3,3.00,99,0,2,100.0,1,.250,1.0,100.0,1.0,4,2,1.000,2,50.000,Logos via Sports Logos.net / About logos,W,https://www.basketball-reference.com/boxscores/202103220HOU.html,Home,117,17:58,0,0.0,TOR,Fred VanVleet,Aron Baynes,5:42,Patrick McCaw,4:08,,,,,,,,,40:48,Kyle Lowry,36:40,Pascal Siakam,35:46,Norman Powell,35:20,Chris Boucher,22:22,Paul Watson,22:09,Stanley Johnson,16:30,Malachi Flynn,14:03,DeAndre' Bembry,6:32,99,0,4,2.0,50.0,0.0,0.0,2.0,50.0,D.J. Augustin,18,1,2020-2021,1.0,1,2.0,HOU,117,Jae'Sean Tate,,,,,,,,,,,,,40:18,Danuel House Jr.,36:47,John Wall,36:06,Sterling Brown,33:42,Christian Wood,28:16,KJ Martin,19:24,D.J. Wilson,15:36,Ben McLemore,11:53,,
1,.167,6,75.000,7,2.33,122,0,2,100.0,2,.250,1.0,50.0,2.0,8,0,,0,0.000,Logos via Sports Logos.net / About logos,L,https://www.basketball-reference.com/boxscores/202103240HOU.html,Home,97,23:33,0,0.0,CHO,Cody Martin,Caleb Martin,6:28,Jalen McDaniels,4:13,Nick Richards,4:08,Nate Darling,3:33,Vernon Carey Jr.,2:58,,,32:06,Terry Rozier,29:50,P.J. Washington,28:13,Devonte' Graham,25:31,Miles Bridges,24:34,Malik Monk,23:40,Bismack Biyombo,20:13,Gordon Hayward,18:54,Cody Zeller,15:39,122,3,5,2.0,40.0,3.0,60.0,0.0,0.0,D.J. Augustin,25,1,2020-2021,1.0,3,2.0,HOU,97,Christian Wood,Justin Patton,6:28,,,,,,,,,,,29:16,John Wall,29:03,Sterling Brown,28:00,KJ Martin,25:48,Danuel House Jr.,24:44,Jae'Sean Tate,24:27,Ben McLemore,23:29,D.J. Wilson,18:44,Anthony Lamb,6:28
2,.667,3,60.000,4,1.00,101,0,2,100.0,4,.800,2.0,100.0,2.0,5,3,1.000,3,60.000,Logos via Sports Logos.net / About logos,L,https://www.basketball-reference.com/boxscores/202103260MIN.html,Away,107,20:03,0,0.0,MIN,Karl-Anthony Towns,,,,,,,,,,,,,35:04,Anthony Edwards,33:05,Jaden McDaniels,33:00,Jaylen Nowell,30:24,Juancho Hernangómez,28:18,Ricky Rubio,27:16,Jordan McLaughlin,20:44,Naz Reid,16:55,Jarred Vanderbilt,15:14,107,0,13,4.0,30.8,6.0,46.2,3.0,23.1,D.J. Augustin,6,0,2020-2021,0.0,4,2.0,HOU,101,Jae'Sean Tate,,,,,,,,,,,,,38:38,John Wall,37:11,Sterling Brown,36:17,Christian Wood,36:03,Ben McLemore,35:47,KJ Martin,24:04,D.J. Wilson,11:57,,,,
2,.400,5,35.714,4,4.00,129,0,2,66.7,8,.571,6.0,66.7,9.0,14,2,1.000,2,14.286,Logos via Sports Logos.net / About logos,W,https://www.basketball-reference.com/boxscores/202103270MIN.html,Away,107,24:17,1,33.3,MIN,Jaden McDaniels,Jake Layman,5:07,Jarrett Culver,4:21,Jarred Vanderbilt,3:43,,,,,,,35:55,Anthony Edwards,34:07,Karl-Anthony Towns,33:10,Malik Beasley,29:42,Ricky Rubio,26:34,Jaylen Nowell,22:42,Juancho Hernangómez,17:10,Jordan McLaughlin,16:22,Naz Reid,11:07,107,2,20,12.0,60.0,6.0,30.0,2.0,10.0,D.J. Augustin,22,0,2020-2021,0.0,1,3.0,HOU,129,Jae'Sean Tate,Justin Patton,5:05,,,,,,,,,,,32:51,Kevin Porter Jr.,30:40,Ben McLemore,26:13,John Wall,25:42,Kelly Olynyk,25:09,KJ Martin,23:10,Sterling Brown,23:08,D.J. Wilson,16:40,Anthony Lamb,7:05
2,.500,4,57.143,5,2.50,120,0,1,50.0,4,.571,2.0,66.7,3.0,7,3,1.000,3,42.857,Logos via Sports Logos.net / About logos,L,https://www.basketball-reference.com/boxscores/202103290HOU.html,Home,110,20:00,1,50.0,MEM,Dillon Brooks,Grayson Allen,7:07,,,,,,,,,,,34:07,Ja Morant,33:10,Jonas Valančiūnas,31:59,De'Anthony Melton,28:25,Desmond Bane,27:38,Brandon Clarke,26:26,Kyle Anderson,22:46,Tyus Jones,15:45,Xavier Tillman Sr.,12:37,120,2,13,4.0,30.8,6.0,46.2,3.0,23.1,D.J. Augustin,10,1,2020-2021,1.0,2,2.0,HOU,110,Kevin Porter Jr.,,,,,,,,,,,,,36:25,Kelly Olynyk,33:40,Jae'Sean Tate,33:16,John Wall,33:15,Danuel House Jr.,24:03,Sterling Brown,21:25,Avery Bradley,14:39,D.J. Wilson,12:04,KJ Martin,11:13
3,.750,4,80.000,4,4.00,108,0,5,100.0,3,.600,0.0,0.0,1.0,5,2,.667,3,60.000,Logos via Sports Logos.net / About logos,L,https://www.basketball-reference.com/boxscores/202103310BRK.html,Away,120,17:41,0,0.0,BRK,Kyrie Irving,Timothé Luwawu-Cabarrot,11:41,,,,,,,,,,,39:04,Joe Harris,37:03,Bruce Brown,29:00,James Harden,26:45,Blake Griffin,21:41,Jeff Green,21:15,Tyler Johnson,20:56,Nic Claxton,20:47,DeAndre Jordan,11:48,120,3,11,0.0,0.0,9.0,81.8,2.0,18.2,D.J. Augustin,12,0,2020-2021,0.0,1,5.0,HOU,108,Christian Wood,,,,,,,,,,,,,35:02,Jae'Sean Tate,32:55,Sterling Brown,31:20,Kevin Porter Jr.,31:11,Danuel House Jr.,30:07,Kelly Olynyk,24:46,Avery Bradley,21:23,KJ Martin,15:35,,
0,.000,4,50.000,1,0.33,102,0,0,,1,.125,1.0,25.0,4.0,8,6,1.000,6,75.000,Logos via Sports Logos.net / About logos,L,https://www.basketball-reference.com/boxscores/202104020BOS.html,Away,118,18:40,0,,BOS,Jayson Tatum,Tremont Waters,4:34,Aaron Nesmith,3:50,Carsen Edwards,3:50,Tacko Fall,3:50,Moritz Wagner,3:50,,,31:42,Evan Fournier,29:40,Kemba Walker,28:12,Jaylen Brown,27:26,Marcus Smart,26:36,Robert Williams,25:49,Luke Kornet,18:21,Grant Williams,17:06,Payton Pritchard,15:14,118,1,8,2.0,25.0,0.0,0.0,6.0,75.0,D.J. Augustin,16,1,2020-2021,1.0,3,0.0,HOU,102,Christian Wood,D.J. Wilson,4:34,Anthony Lamb,4:34,,,,,,,,,32:13,Kevin Porter Jr.,29:50,Sterling Brown,27:49,Avery Bradley,27:37,KJ Martin,23:59,Danuel House Jr.,22:21,Jae'Sean Tate,22:16,Kelly Olynyk,21:33,Ben McLemore,4:34
1,.333,3,37.500,5,1.67,122,0,5,83.3,4,.500,3.0,60.0,5.0,8,0,,0,0.000,Logos via Sports Logos.net / About logos,L,https://www.basketball-reference.com/boxscores/202104040HOU.html,Home,115,19:41,1,16.7,NOP,Lonzo Ball,,,,,,,,,,,,,36:50,Eric Bledsoe,34:17,James Johnson,33:29,Jaxson Hayes,29:04,Willy Hernangómez,25:51,Naji Marshall,23:46,Steven Adams,22:09,Wes Iwundu,20:17,Nickeil Alexander-Walker,14:17,122,0,9,6.0,66.7,3.0,33.3,0.0,0.0,D.J. Augustin,7,0,2020-2021,0.0,3,6.0,HOU,115,Christian Wood,,,,,,,,,,,,,33:22,Kelly Olynyk,33:21,Kevin Porter Jr.,31:51,Sterling Brown,27:51,Avery Bradley,26:18,Jae'Sean Tate,26:14,KJ Martin,20:46,Danuel House Jr.,11:46,D.J. Wilson,8:50
1,.500,2,40.000,6,,133,0,1,100.0,3,.600,2.0,66.7,3.0,5,4,1.000,4,80.000,Logos via Sports Logos.net / About logos,L,https://www.basketball-reference.com/boxscores/202104050HOU.html,Home,130,22:32,0,0.0,PHO,Devin Booker,Jevon Carter,12:26,,,,,,,,,,,35:34,Chris Paul,35:03,Deandre Ayton,33:28,Mikal Bridges,32:42,Jae Crowder,27:25,Cameron Johnson,21:13,Torrey Craig,14:51,Dario Šarić,14:21,Cameron Payne,12:57,133,1,11,4.0,36.4,3.0,27.3,4.0,36.4,D.J. Augustin,3,0,2020-2021,0.0,0,1.0,HOU,130,Christian Wood,,,,,,,,,,,,,33:25,Avery Bradley,32:56,Jae'Sean Tate,31:25,Kevin Porter Jr.,29:44,Kelly Olynyk,29:26,Sterling Brown,26:21,KJ Martin,19:36,D.J. Wilson,14:35,,
1,.200,5,55.556,2,,93,0,1,33.3,1,.111,0.0,0.0,4.0,9,0,,0,0.000,Logos via Sports Logos.net / About logos,W,https://www.basketball-reference.com/boxscores/202104070HOU.html,Home,102,18:41,2,66.7,DAL,Luka Dončić,Josh Green,3:06,,,,,,,,,,,37:27,Kristaps Porziņģis,36:15,Dorian Finney-Smith,35:55,Tim Hardaway Jr.,30:46,Jalen Brunson,30:27,Josh Richardson,29:27,Nicolò Melli,23:56,Dwight Powell,8:58,Nate Hinton,3:40,93,2,3,0.0,0.0,3.0,100.0,0.0,0.0,D.J. Augustin,9,0,2020-2021,0.0,0,3.0,HOU,102,Christian Wood,,,,,,,,,,,,,36:50,Jae'Sean Tate,36:20,John Wall,34:03,Kelly Olynyk,33:55,Kevin Porter Jr.,31:01,Sterling Brown,20:59,KJ Martin,16:16,Avery Bradley,11:54,,
1,.500,2,40.000,5,2.50,109,0,0,,1,.200,0.0,0.0,3.0,5,3,1.000,3,60.000,Logos via Sports Logos.net / About logos,L,https://www.basketball-reference.com/boxscores/202104090LAC.html,Away,126,19:03,0,,LAC,Terance Mann,DeMarcus Cousins,5:42,Malik Fitts,2:58,Daniel Oturu,2:58,,,,,,,35:36,Kawhi Leonard,32:40,Reggie Jackson,30:04,Nicolas Batum,27:19,Marcus Morris,26:16,Luke Kennard,25:27,Ivica Zubac,23:23,Patrick Patterson,18:16,Amir Coffey,9:21,126,2,6,0.0,0.0,3.0,50.0,3.0,50.0,D.J. Augustin,17,1,2020-2021,1.0,2,0.0,HOU,109,Kelly Olynyk,DaQuan Jeffries,2:58,Anthony Lamb,2:58,,,,,,,,,32:23,Jae'Sean Tate,31:20,Christian Wood,30:37,Kevin Porter Jr.,30:37,Avery Bradley,25:59,Sterling Brown,25:25,KJ Martin,20:56,D.J. Wilson,14:46,Armoni Brooks,2:58
3,.429,7,77.778,6,,109,0,3,100.0,5,.556,2.0,100.0,2.0,9,6,1.000,6,66.667,Logos via Sports Logos.net / About logos,L,https://www.basketball-reference.com/boxscores/202104100GSW.html,Away,125,22:24,0,0.0,GSW,Andrew Wiggins,James Wiseman,6:07,Gary Payton II,0:14,,,,,,,,,35:32,Stephen Curry,34:56,Draymond Green,34:38,Kent Bazemore,32:03,Jordan Poole,25:27,Kevon Looney,21:48,Damion Lee,20:51,Juan Toscano-Anderson,17:02,Mychal Mulder,11:22,125,1,19,4.0,21.1,9.0,47.4,6.0,31.6,D.J. Augustin,16,0,2020-2021,0.0,0,3.0,HOU,109,John Wall,,,,,,,,,,,,,36:54,Christian Wood,35:06,Kevin Porter Jr.,33:16,Kelly Olynyk,32:20,Jae'Sean Tate,32:12,Avery Bradley,18:07,KJ Martin,16:02,D.J. Wilson,9:19,Sterling Brown,4:20
0,,0,0.000,1,1.00,120,0,0,,0,.000,0.0,0.0,1.0,1,0,,0,0.000,Logos via Sports Logos.net / About logos,L,https://www.basketball-reference.com/boxscores/202104120PHO.html,Away,126,3:29,0,,PHO,Devin Booker,Torrey Craig,11:16,,,,,,,,,,,34:09,Mikal Bridges,32:35,Deandre Ayton,29:51,Chris Paul,26:36,Jae Crowder,25:00,Cameron Johnson,23:00,Cameron Payne,21:24,Jevon Carter,18:18,Dario Šarić,17:51,126,1,0,0.0,,0.0,,0.0,,D.J. Augustin,6,0,2020-2021,0.0,1,0.0,HOU,120,Kevin Porter Jr.,,,,,,,,,,,,,40:04,John Wall,35:54,Christian Wood,34:28,Kelly Olynyk,29:49,KJ Martin,24:14,Avery Bradley,22:48,Jae'Sean Tate,21:32,Armoni Brooks,14:10,D.J. Wilson,13:32
4,.444,9,64.286,5,1.67,133,0,2,100.0,6,.429,2.0,40.0,5.0,14,1,.500,2,14.286,Logos via Sports Logos.net / About logos,L,https://www.basketball-reference.com/boxscores/202105070MIL.html,Away,141,28:52,0,0.0,MIL,Jrue Holiday,Jeff Teague,8:03,,,,,,,,,,,33:52,Donte DiVincenzo,33:31,Khris Middleton,32:14,Giannis Antetokounmpo,28:34,Pat Connaughton,27:44,Brook Lopez,24:26,P.J. Tucker,18:44,Bryn Forbes,17:47,Bobby Portis,15:05,141,0,17,4.0,23.5,12.0,70.6,1.0,5.9,D.J. Augustin,8,0,2020-2021,0.0,3,2.0,HOU,133,KJ Martin,,,,,,,,,,,,,39:13,Anthony Lamb,34:51,Armoni Brooks,34:29,DaQuan Jeffries,32:21,Kelly Olynyk,31:28,Khyri Thomas,22:44,Danuel House Jr.,16:02,,,,
1,1.000,1,33.333,1,1.00,116,0,0,,1,.333,0.0,0.0,2.0,3,2,.667,3,100.000,Logos via Sports Logos.net / About logos,L,https://www.basketball-reference.com/boxscores/202105080UTA.html,Away,124,18:16,0,,UTA,Bojan Bogdanović,Matt Thomas,9:22,,,,,,,,,,,34:33,Royce O'Neale,31:26,Rudy Gobert,31:09,Joe Ingles,29:57,Jordan Clarkson,28:15,Georges Niang,23:59,Trent Forrest,20:31,Derrick Favors,16:51,Miye Oni,13:57,124,0,5,0.0,0.0,3.0,60.0,2.0,40.0,D.J. Augustin,8,0,2020-2021,0.0,1,0.0,HOU,116,KJ Martin,,,,,,,,,,,,,39:15,DaQuan Jeffries,36:32,Khyri Thomas,33:46,Armoni Brooks,33:00,Anthony Lamb,31:46,Jae'Sean Tate,29:20,Danuel House Jr.,18:05,,,,
4,.667,6,60.000,2,1.00,129,0,2,100.0,6,.600,2.0,50.0,4.0,10,5,.833,6,60.000,Logos via Sports Logos.net / About logos,L,https://www.basketball-reference.com/boxscores/202105100POR.html,Away,140,25:27,0,0.0,POR,Damian Lillard,Keljin Blevins,2:03,CJ Elleby,2:03,Harry Giles,2:03,T.J. Leaf,2:03,,,,,35:35,CJ McCollum,35:22,Norman Powell,34:50,Robert Covington,31:10,Jusuf Nurkić,28:46,Derrick Jones Jr.,23:20,Anfernee Simons,21:02,Enes Freedom,17:11,Nassir Little,4:32,140,2,21,4.0,19.0,12.0,57.1,5.0,23.8,D.J. Augustin,11,0,2020-2021,0.0,2,2.0,HOU,129,KJ Martin,,,,,,,,,,,,,38:55,Jae'Sean Tate,30:53,Khyri Thomas,29:10,Kelly Olynyk,28:47,Armoni Brooks,24:00,Cameron Oliver,19:13,DaQuan Jeffries,19:09,Danuel House Jr.,13:22,Anthony Lamb,11:04
1,.200,5,71.429,4,4.00,122,0,0,,2,.286,1.0,50.0,2.0,7,3,1.000,3,42.857,Logos via Sports Logos.net / About logos,L,https://www.basketball-reference.com/boxscores/202105120LAL.html,Away,124,23:38,0,,LAL,Talen Horton-Tucker,Devontae Cacok,3:48,,,,,,,,,,,36:43,Kyle Kuzma,32:00,Kentavious Caldwell-Pope,30:34,Montrezl Harrell,26:09,Ben McLemore,25:34,Wesley Matthews,23:37,Markieff Morris,22:59,Andre Drummond,21:45,Alfonzo McKinnie,16:51,124,1,8,2.0,25.0,3.0,37.5,3.0,37.5,D.J. Augustin,2,1,2020-2021,1.0,1,0.0,HOU,122,Khyri Thomas,,,,,,,,,,,,,37:15,KJ Martin,37:11,Armoni Brooks,36:54,Anthony Lamb,34:03,Kelly Olynyk,25:16,Jae'Sean Tate,22:59,Cameron Oliver,22:44,,,,
2,.286,7,58.333,5,5.00,115,0,3,75.0,5,.417,3.0,60.0,5.0,12,1,.500,2,16.667,Logos via Sports Logos.net / About logos,W,https://www.basketball-reference.com/boxscores/202105140HOU.html,Home,122,29:43,1,25.0,LAC,Luke Kennard,Marcus Morris,9:03,Ivica Zubac,3:18,,,,,,,,,40:39,Jay Scrubb,39:46,Yogi Ferrell,29:33,Patrick Patterson,29:30,Rajon Rondo,28:29,DeMarcus Cousins,17:25,Serge Ibaka,17:15,Nicolas Batum,15:00,Daniel Oturu,10:02,115,1,13,6.0,46.2,6.0,46.2,1.0,7.7,D.J. Augustin,7,0,2020-2021,0.0,1,4.0,HOU,122,Armoni Brooks,,,,,,,,,,,,,35:25,KJ Martin,34:13,Kelly Olynyk,31:19,Anthony Lamb,30:09,Khyri Thomas,30:01,Jae'Sean Tate,29:11,Cameron Oliver,16:41,Cameron Reynolds,3:18,,
4,.400,10,90.909,5,2.50,95,0,3,75.0,5,.455,1.0,100.0,1.0,11,4,1.000,4,36.364,Logos via Sports Logos.net / About logos,L,https://www.basketball-reference.com/boxscores/202105160ATL.html,Away,124,22:01,1,25.0,ATL,Solomon Hill,Trae Young,16:20,,,,,,,,,,,35:47,Onyeka Okongwu,32:54,Skylar Mays,27:14,Nathan Knight,26:01,De'Andre Hunter,24:04,Tony Snell,23:33,Bruno Fernando,21:14,Lou Williams,16:33,John Collins,16:20,124,1,18,2.0,11.1,12.0,66.7,4.0,22.2,D.J. Augustin,29,1,2020-2021,1.0,2,4.0,HOU,95,Anthony Lamb,,,,,,,,,,,,,42:23,KJ Martin,36:18,Armoni Brooks,34:25,Cameron Reynolds,31:01,Cameron Oliver,28:45,Kelly Olynyk,23:59,Jae'Sean Tate,21:08,,,,
0,.000,2,50.000,2,0.67,106,0,0,,1,.250,1.0,50.0,2.0,4,0,,0,0.000,Logos via Sports Logos.net / About logos,L,https://www.basketball-reference.com/boxscores/202110200MIN.html,Away,124,16:40,0,,MIN,Anthony Edwards,Jarred Vanderbilt,15:07,Jaylen Nowell,5:33,Leandro Bolmaro,4:40,Jake Layman,4:40,McKinley Wright IV,4:08,,,31:11,Karl-Anthony Towns,29:23,Jaden McDaniels,25:31,D'Angelo Russell,24:41,Josh Okogie,21:11,Malik Beasley,20:31,Jordan McLaughlin,18:39,Naz Reid,18:37,Taurean Prince,16:08,124,1,2,2.0,100.0,0.0,0.0,0.0,0.0,D.J. Augustin,18,1,2021-2022,1.0,3,0.0,HOU,106,Jalen Green,Armoni Brooks,8:22,Josh Christopher,8:22,Usman Garuba,8:22,,,,,,,32:11,Christian Wood,32:02,Kevin Porter Jr.,24:45,Eric Gordon,22:47,Jae'Sean Tate,21:10,Daniel Theis,20:34,Alperen Sengun,18:34,David Nwaba,17:02,KJ Martin,9:09
1,.500,2,66.667,3,,91,0,0,,1,.333,0.0,0.0,1.0,3,0,,0,0.000,Logos via Sports Logos.net / About logos,W,https://www.basketball-reference.com/boxscores/202110220HOU.html,Home,124,9:15,0,,OKC,Luguentz Dort,Tre Mann,13:02,Mike Muscala,11:54,Derrick Favors,9:59,Isaiah Roby,9:49,Gabriel Deck,8:56,Vit Krejci,5:49,27:07,Shai Gilgeous-Alexander,26:28,Kenrich Williams,22:13,Jeremiah Robinson-Earl,21:08,Josh Giddey,19:34,Darius Bazley,17:58,Aleksej Pokusevski,16:45,Théo Maledon,14:39,Ty Jerome,14:39,91,1,3,0.0,0.0,3.0,100.0,0.0,0.0,D.J. Augustin,33,0,2021-2022,0.0,0,0.0,HOU,124,Christian Wood,Armoni Brooks,5:49,Josh Christopher,5:49,Usman Garuba,5:49,KJ Martin,5:49,,,,,33:25,Kevin Porter Jr.,30:56,Jae'Sean Tate,28:07,Eric Gordon,26:13,Jalen Green,26:01,Daniel Theis,18:03,Alperen Sengun,17:47,David Nwaba,15:50,Danuel House Jr.,11:07
1,1.000,1,100.000,1,1.00,107,0,0,,1,1.000,0.0,,0.0,1,0,,0,0.000,Logos via Sports Logos.net / About logos,L,https://www.basketball-reference.com/boxscores/202110240HOU.html,Home,97,10:16,0,,BOS,Jayson Tatum,,,,,,,,,,,,,36:54,Marcus Smart,35:41,Dennis Schröder,33:23,Grant Williams,30:34,Al Horford,29:35,Robert Williams,27:42,Josh Richardson,18:53,Payton Pritchard,15:42,Aaron Nesmith,11:34,107,1,3,0.0,0.0,3.0,100.0,0.0,0.0,D.J. Augustin,10,0,2021-2022,0.0,1,0.0,HOU,97,Kevin Porter Jr.,Josh Christopher,0:32,,,,,,,,,,,36:35,Jalen Green,35:50,Christian Wood,35:31,Jae'Sean Tate,35:18,Eric Gordon,26:28,Daniel Theis,22:35,Alperen Sengun,19:26,Danuel House Jr.,13:43,David Nwaba,3:45
1,.500,2,66.667,2,2.00,106,0,0,,1,.333,0.0,0.0,1.0,3,0,,0,0.000,Logos via Sports Logos.net / About logos,L,https://www.basketball-reference.com/boxscores/202110260DAL.html,Away,116,11:08,0,,DAL,Luka Dončić,Boban Marjanović,9:05,Willie Cauley-Stein,5:10,Josh Green,3:41,Trey Burke,3:40,Frank Ntilikina,3:28,Moses Brown,3:05,34:16,Dorian Finney-Smith,32:08,Tim Hardaway Jr.,29:45,Jalen Brunson,28:20,Dwight Powell,24:49,Kristaps Porziņģis,19:31,Reggie Bullock,17:27,Maxi Kleber,16:28,Sterling Brown,9:07,116,0,3,0.0,0.0,3.0,100.0,0.0,0.0,D.J. Augustin,10,0,2021-2022,0.0,1,0.0,HOU,106,Christian Wood,KJ Martin,4:56,,,,,,,,,,,36:30,Jalen Green,35:55,Kevin Porter Jr.,31:15,Daniel Theis,29:13,Eric Gordon,27:25,Jae'Sean Tate,26:49,Alperen Sengun,14:25,David Nwaba,13:25,Danuel House Jr.,8:59
2,.667,3,75.000,0,0.00,122,0,1,100.0,2,.500,0.0,0.0,1.0,4,0,,0,0.000,Logos via Sports Logos.net / About logos,L,https://www.basketball-reference.com/boxscores/202110280HOU.html,Home,91,14:05,0,0.0,UTA,Rudy Gobert,Jared Butler,14:13,Trent Forrest,6:11,Elijah Hughes,4:42,Malik Fitts,3:20,,,,,27:59,Joe Ingles,26:02,Bojan Bogdanović,25:05,Jordan Clarkson,23:52,Mike Conley,23:43,Donovan Mitchell,23:31,Royce O'Neale,23:31,Eric Paschall,21:10,Hassan Whiteside,16:41,122,3,6,0.0,0.0,6.0,100.0,0.0,0.0,D.J. Augustin,31,0,2021-2022,0.0,1,1.0,HOU,91,Jalen Green,David Nwaba,13:29,Josh Christopher,12:00,Usman Garuba,10:00,,,,,,,29:43,Christian Wood,27:17,Alperen Sengun,23:56,Eric Gordon,23:46,Daniel Theis,20:15,Kevin Porter Jr.,18:37,KJ Martin,16:10,Armoni Brooks,15:27,Jae'Sean Tate,15:15
0,.000,1,100.000,1,,85,0,0,,0,.000,0.0,,0.0,1,0,,0,0.000,Logos via Sports Logos.net / About logos,L,https://www.basketball-reference.com/boxscores/202110310LAL.html,Away,95,10:32,0,,LAL,Russell Westbrook,,,,,,,,,,,,,34:53,LeBron James,34:32,Anthony Davis,32:35,Avery Bradley,30:19,Kent Bazemore,27:03,Carmelo Anthony,24:48,Austin Reaves,20:11,Malik Monk,18:33,DeAndre Jordan,17:06,95,0,0,0.0,,0.0,,0.0,,D.J. Augustin,10,0,2021-2022,0.0,0,0.0,HOU,85,Kevin Porter Jr.,Armoni Brooks,1:25,Josh Christopher,1:25,Usman Garuba,1:25,,,,,,,36:03,Christian Wood,35:25,Jalen Green,31:32,Eric Gordon,30:29,Daniel Theis,21:25,Alperen Sengun,20:15,Jae'Sean Tate,17:42,KJ Martin,16:13,David Nwaba,16:09
2,.667,3,100.000,1,1.00,117,0,1,100.0,2,.667,0.0,,0.0,3,1,1.000,1,33.333,Logos via Sports Logos.net / About logos,L,https://www.basketball-reference.com/boxscores/202111020LAL.html,Away,119,13:24,0,0.0,LAL,Russell Westbrook,,,,,,,,,,,,,37:11,LeBron James,36:16,Anthony Davis,32:02,Carmelo Anthony,29:21,Avery Bradley,28:31,Kent Bazemore,26:43,Austin Reaves,20:48,DeAndre Jordan,15:58,Malik Monk,13:10,119,1,7,0.0,0.0,6.0,85.7,1.0,14.3,D.J. Augustin,2,0,2021-2022,0.0,1,1.0,HOU,117,Kevin Porter Jr.,,,,,,,,,,,,,39:49,Jalen Green,37:50,Christian Wood,37:00,Jae'Sean Tate,35:12,KJ Martin,28:04,Alperen Sengun,25:45,David Nwaba,13:55,Armoni Brooks,9:01,,
2,.667,3,75.000,3,3.00,111,0,1,50.0,2,.500,0.0,0.0,1.0,4,0,,0,0.000,Logos via Sports Logos.net / About logos,L,https://www.basketball-reference.com/boxscores/202111040PHO.html,Away,123,11:58,1,50.0,PHO,Chris Paul,Abdel Nader,11:05,Frank Kaminsky,5:33,,,,,,,,,34:23,Devin Booker,34:08,Mikal Bridges,30:03,Jae Crowder,26:50,Deandre Ayton,25:48,Cameron Johnson,23:20,Landry Shamet,18:41,JaVale McGee,16:31,Elfrid Payton,13:37,123,0,6,0.0,0.0,6.0,100.0,0.0,0.0,D.J. Augustin,12,0,2021-2022,0.0,1,2.0,HOU,111,Christian Wood,,,,,,,,,,,,,36:31,Kevin Porter Jr.,36:02,Jae'Sean Tate,33:42,Jalen Green,32:29,Eric Gordon,29:03,Alperen Sengun,22:33,David Nwaba,18:40,KJ Martin,14:18,Armoni Brooks,4:43
1,.500,2,66.667,3,,94,0,1,100.0,2,.667,1.0,100.0,1.0,3,0,,0,0.000,Logos via Sports Logos.net / About logos,L,https://www.basketball-reference.com/boxscores/202111060DEN.html,Away,95,8:59,0,0.0,DEN,Will Barton,Austin Rivers,9:16,Michael Porter Jr.,7:10,,,,,,,,,36:51,Nikola Jokić,36:23,Monte Morris,34:15,Aaron Gordon,27:42,PJ Dozier,23:04,Jeff Green,20:18,Facundo Campazzo,18:19,Bones Hyland,15:05,JaMychal Green,11:37,95,0,5,2.0,40.0,3.0,60.0,0.0,0.0,D.J. Augustin,1,0,2021-2022,0.0,0,1.0,HOU,94,Christian Wood,Armoni Brooks,3:30,,,,,,,,,,,36:46,Kevin Porter Jr.,32:14,Daniel Theis,31:31,Jae'Sean Tate,31:05,Jalen Green,30:35,Eric Gordon,28:40,KJ Martin,18:35,Alperen Sengun,13:53,David Nwaba,4:12
1,.333,3,100.000,0,0.00,107,0,0,,1,.333,0.0,,0.0,3,8,1.000,8,266.667,Logos via Sports Logos.net / About logos,L,https://www.basketball-reference.com/boxscores/202111070GSW.html,Away,120,11:16,0,,GSW,Jordan Poole,Nemanja Bjelica,14:12,Moses Moody,12:05,Chris Chiozza,5:28,Jonathan Kuminga,1:29,,,,,29:50,Andrew Wiggins,29:48,Stephen Curry,26:49,Damion Lee,23:18,Draymond Green,22:22,Juan Toscano-Anderson,20:19,Gary Payton II,19:37,Otto Porter Jr.,18:23,Kevon Looney,16:18,120,0,11,0.0,0.0,3.0,27.3,8.0,72.7,D.J. Augustin,13,0,2021-2022,0.0,1,0.0,HOU,107,Jae'Sean Tate,Armoni Brooks,16:13,Usman Garuba,4:35,,,,,,,,,32:54,Jalen Green,29:57,Kevin Porter Jr.,27:01,Christian Wood,23:55,Daniel Theis,21:20,David Nwaba,20:13,Josh Christopher,18:32,KJ Martin,17:37,Alperen Sengun,16:26
0,.000,1,100.000,0,,104,0,0,,0,.000,0.0,,0.0,1,0,,0,0.000,Logos via Sports Logos.net / About logos,L,https://www.basketball-reference.com/boxscores/202111120HOU.html,Home,92,5:12,0,,POR,CJ McCollum,Cody Zeller,8:29,,,,,,,,,,,39:01,Damian Lillard,38:09,Jusuf Nurkić,29:12,Nassir Little,27:46,Norman Powell,24:47,Robert Covington,22:17,Larry Nance Jr.,20:04,Anfernee Simons,18:50,Tony Snell,11:24,104,0,0,0.0,,0.0,,0.0,,D.J. Augustin,12,0,2021-2022,0.0,0,0.0,HOU,92,Christian Wood,Josh Christopher,2:29,,,,,,,,,,,36:47,Eric Gordon,32:35,Jalen Green,30:59,Kevin Porter Jr.,29:16,Daniel Theis,28:54,Jae'Sean Tate,24:35,Alperen Sengun,18:40,Danuel House Jr.,15:33,KJ Martin,14:59
0,.000,3,75.000,5,2.50,102,0,0,,0,.000,0.0,0.0,1.0,4,1,1.000,1,25.000,Logos via Sports Logos.net / About logos,L,https://www.basketball-reference.com/boxscores/202111150MEM.html,Away,136,18:54,0,,MEM,Ja Morant,Tyus Jones,14:14,Sam Merrill,9:09,Xavier Tillman Sr.,9:09,John Konchar,9:09,Santi Aldama,6:01,Jarrett Culver,5:03,24:37,Desmond Bane,24:37,Jaren Jackson Jr.,24:05,Dillon Brooks,22:37,Steven Adams,21:09,Ziaire Williams,17:59,Brandon Clarke,17:53,Kyle Anderson,17:43,De'Anthony Melton,16:35,136,0,1,0.0,0.0,0.0,0.0,1.0,100.0,D.J. Augustin,34,0,2021-2022,0.0,2,0.0,HOU,102,Jalen Green,David Nwaba,9:51,Josh Christopher,9:51,Armoni Brooks,9:28,Usman Garuba,9:09,,,,,27:43,Christian Wood,25:34,Jae'Sean Tate,24:55,Daniel Theis,21:07,Kevin Porter Jr.,20:31,Alperen Sengun,17:44,KJ Martin,17:23,Garrison Mathews,14:36,Danuel House Jr.,13:14
0,.000,1,100.000,3,1.50,89,0,2,100.0,0,.000,0.0,,0.0,1,0,,0,0.000,Logos via Sports Logos.net / About logos,L,https://www.basketball-reference.com/boxscores/202111170OKC.html,Away,101,14:36,0,0.0,OKC,Luguentz Dort,Tre Mann,10:52,Aleksej Pokusevski,10:05,Aaron Wiggins,0:25,,,,,,,36:35,Shai Gilgeous-Alexander,36:35,Josh Giddey,33:36,Darius Bazley,25:58,Jeremiah Robinson-Earl,24:45,Kenrich Williams,18:18,Derrick Favors,17:32,Mike Muscala,14:00,Ty Jerome,11:19,101,0,0,0.0,,0.0,,0.0,,D.J. Augustin,12,0,2021-2022,0.0,2,2.0,HOU,89,Eric Gordon,Armoni Brooks,5:41,Alperen Sengun,5:02,,,,,,,,,38:49,Jalen Green,36:01,Jae'Sean Tate,34:11,Christian Wood,28:55,Daniel Theis,24:19,Garrison Mathews,21:25,Danuel House Jr.,12:27,KJ Martin,12:25,David Nwaba,6:09
1,.250,4,80.000,2,1.00,99,0,0,0.0,2,.400,1.0,100.0,1.0,5,4,.800,5,100.000,Logos via Sports Logos.net / About logos,L,https://www.basketball-reference.com/boxscores/202111200NYK.html,Away,106,11:22,1,100.0,NYK,Julius Randle,Obi Toppin,14:37,,,,,,,,,,,33:23,Evan Fournier,30:21,Nerlens Noel,29:05,RJ Barrett,25:25,Alec Burks,25:22,Kemba Walker,21:29,Immanuel Quickley,21:22,Derrick Rose,20:56,Mitchell Robinson,18:00,106,0,9,2.0,22.2,3.0,33.3,4.0,44.4,D.J. Augustin,7,2,2021-2022,2.0,2,1.0,HOU,99,Christian Wood,Danuel House Jr.,2:10,,,,,,,,,,,36:38,Eric Gordon,36:38,Jalen Green,36:21,Jae'Sean Tate,30:56,Alperen Sengun,23:34,Daniel Theis,23:24,KJ Martin,21:01,Garrison Mathews,15:02,Armoni Brooks,2:54
0,.000,1,25.000,2,2.00,90,0,1,100.0,2,.500,2.0,66.7,3.0,4,0,,0,0.000,Logos via Sports Logos.net / About logos,L,https://www.basketball-reference.com/boxscores/202111220BOS.html,Away,108,17:29,0,0.0,BOS,Jayson Tatum,Aaron Nesmith,6:04,Payton Pritchard,6:04,Juancho Hernangómez,5:36,Sam Hauser,4:17,Bruno Fernando,2:14,,,33:42,Dennis Schröder,28:18,Marcus Smart,27:43,Grant Williams,25:13,Al Horford,24:05,Robert Williams,22:53,Jaylen Brown,22:47,Romeo Langford,19:46,Enes Freedom,11:18,108,2,4,4.0,100.0,0.0,0.0,0.0,0.0,D.J. Augustin,18,0,2021-2022,0.0,1,1.0,HOU,90,Armoni Brooks,Danuel House Jr.,7:17,Josh Christopher,5:36,David Nwaba,5:36,,,,,,,25:11,Jalen Green,24:56,Eric Gordon,24:55,Christian Wood,23:54,Daniel Theis,21:50,Jae'Sean Tate,21:44,KJ Martin,21:41,Alperen Sengun,20:52,Garrison Mathews,18:59
0,.000,1,100.000,2,0.50,113,0,4,100.0,0,.000,0.0,,0.0,1,0,,0,0.000,Logos via Sports Logos.net / About logos,W,https://www.basketball-reference.com/boxscores/202111240HOU.html,Home,118,15:11,0,0.0,CHI,Lonzo Ball,Tony Bradley,1:55,,,,,,,,,,,37:11,Zach LaVine,36:06,DeMar DeRozan,36:03,Alex Caruso,32:49,Javonte Green,26:50,Nikola Vučević,26:03,Ayo Dosunmu,17:20,Coby White,14:42,Derrick Jones Jr.,11:01,113,0,0,0.0,,0.0,,0.0,,D.J. Augustin,5,0,2021-2022,0.0,4,4.0,HOU,118,Kevin Porter Jr.,Jalen Green,10:34,,,,,,,,,,,36:35,Christian Wood,31:56,Eric Gordon,31:48,Garrison Mathews,27:35,Jae'Sean Tate,21:24,Armoni Brooks,17:02,Danuel House Jr.,16:42,Alperen Sengun,16:11,KJ Martin,15:02
1,.500,2,100.000,3,,143,0,0,,1,.500,0.0,,0.0,2,0,,0,0.000,Logos via Sports Logos.net / About logos,W,https://www.basketball-reference.com/boxscores/202111270HOU.html,Home,146,9:43,0,,CHO,Terry Rozier,,,,,,,,,,,,,43:19,LaMelo Ball,39:33,Kelly Oubre Jr.,36:00,Gordon Hayward,35:13,P.J. Washington,34:52,Miles Bridges,33:00,Jalen McDaniels,21:15,Cody Martin,14:34,Nick Richards,7:14,143,2,3,0.0,0.0,3.0,100.0,0.0,0.0,D.J. Augustin,3,0,2021-2022,0.0,0,0.0,HOU,146,Kevin Porter Jr.,,,,,,,,,,,,,42:10,Christian Wood,40:40,Garrison Mathews,37:58,Eric Gordon,36:34,Jae'Sean Tate,36:03,Armoni Brooks,20:10,Danuel House Jr.,14:42,KJ Martin,14:40,Alperen Sengun,12:20
2,1.000,2,50.000,3,3.00,116,0,2,100.0,3,.750,1.0,50.0,2.0,4,0,,0,0.000,Logos via Sports Logos.net / About logos,W,https://www.basketball-reference.com/boxscores/202112030HOU.html,Home,118,11:49,0,0.0,ORL,Cole Anthony,Mychal Mulder,6:18,,,,,,,,,,,36:19,Franz Wagner,33:28,Wendell Carter Jr.,33:01,Gary Harris,31:04,Mo Bamba,30:50,Terrence Ross,21:41,Chuma Okeke,18:54,R.J. Hampton,15:11,Moritz Wagner,13:13,116,1,8,2.0,25.0,6.0,75.0,0.0,0.0,D.J. Augustin,2,1,2021-2022,1.0,1,2.0,HOU,118,Christian Wood,Josh Christopher,6:23,,,,,,,,,,,34:16,Eric Gordon,32:26,Garrison Mathews,32:25,Jae'Sean Tate,32:13,Danuel House Jr.,20:20,Armoni Brooks,18:49,Alperen Sengun,18:33,Kevin Porter Jr.,18:23,KJ Martin,14:22
2,.400,5,62.500,4,,108,0,3,100.0,3,.375,1.0,33.3,3.0,8,1,.500,2,25.000,Logos via Sports Logos.net / About logos,W,https://www.basketball-reference.com/boxscores/202112050HOU.html,Home,118,16:27,0,0.0,NOP,Brandon Ingram,Kira Lewis Jr.,11:19,,,,,,,,,,,37:40,Devonte' Graham,33:39,Garrett Temple,31:57,Jonas Valančiūnas,31:45,Nickeil Alexander-Walker,27:37,Herbert Jones,22:27,Willy Hernangómez,15:38,Trey Murphy III,15:29,Tomáš Satoranský,12:29,108,0,9,2.0,22.2,6.0,66.7,1.0,11.1,D.J. Augustin,10,0,2021-2022,0.0,0,3.0,HOU,118,Eric Gordon,Josh Christopher,4:02,,,,,,,,,,,33:01,Jae'Sean Tate,32:05,Christian Wood,31:53,Garrison Mathews,31:15,Armoni Brooks,21:44,Danuel House Jr.,20:04,Alperen Sengun,16:59,Daniel Theis,16:51,KJ Martin,15:39
1,.500,2,50.000,4,2.00,104,0,4,100.0,3,.750,2.0,100.0,2.0,4,1,1.000,1,25.000,Logos via Sports Logos.net / About logos,W,https://www.basketball-reference.com/boxscores/202112080HOU.html,Home,114,19:50,0,0.0,BRK,James Harden,Blake Griffin,13:25,Jevon Carter,8:41,,,,,,,,,39:19,Cam Thomas,32:23,Patty Mills,31:29,David Duke Jr.,21:38,Bruce Brown,20:16,James Johnson,18:58,Paul Millsap,18:55,DeAndre' Bembry,18:46,Nic Claxton,16:10,104,0,8,4.0,50.0,3.0,37.5,1.0,12.5,D.J. Augustin,10,1,2021-2022,1.0,2,4.0,HOU,114,Garrison Mathews,,,,,,,,,,,,,38:46,Christian Wood,33:38,Armoni Brooks,29:23,Eric Gordon,28:02,Jae'Sean Tate,26:54,Josh Christopher,23:09,KJ Martin,20:59,Alperen Sengun,14:22,David Nwaba,4:57
1,.500,2,66.667,8,2.67,123,0,0,0.0,1,.333,0.0,0.0,1.0,3,0,,0,0.000,Logos via Sports Logos.net / About logos,L,https://www.basketball-reference.com/boxscores/202112100HOU.html,Home,114,18:29,1,100.0,MIL,Giannis Antetokounmpo,DeMarcus Cousins,4:19,,,,,,,,,,,36:44,Khris Middleton,35:43,Jrue Holiday,35:08,Bobby Portis,33:26,Pat Connaughton,31:19,Grayson Allen,27:32,Wesley Matthews,17:59,Rodney Hood,12:05,Javonte Smart,5:45,123,1,3,0.0,0.0,3.0,100.0,0.0,0.0,D.J. Augustin,9,0,2021-2022,0.0,3,1.0,HOU,114,Garrison Mathews,,,,,,,,,,,,,39:03,Armoni Brooks,33:51,Eric Gordon,33:01,Jae'Sean Tate,32:48,Christian Wood,32:06,Alperen Sengun,15:54,KJ Martin,14:44,Josh Christopher,13:23,David Nwaba,6:41
1,.333,3,75.000,2,0.67,106,0,0,,1,.250,0.0,0.0,1.0,4,0,,0,0.000,Logos via Sports Logos.net / About logos,L,https://www.basketball-reference.com/boxscores/202112110MEM.html,Away,113,26:31,0,,MEM,Tyus Jones,Jarrett Culver,12:59,Santi Aldama,3:33,,,,,,,,,34:20,Dillon Brooks,32:52,Desmond Bane,31:04,Kyle Anderson,30:33,Xavier Tillman Sr.,23:26,Steven Adams,21:01,De'Anthony Melton,17:37,Killian Tillie,17:27,John Konchar,15:08,113,0,3,0.0,0.0,3.0,100.0,0.0,0.0,D.J. Augustin,7,0,2021-2022,0.0,3,0.0,HOU,106,Christian Wood,,,,,,,,,,,,,37:26,Armoni Brooks,34:14,Garrison Mathews,27:19,Jae'Sean Tate,25:15,Alperen Sengun,22:36,Josh Christopher,21:29,KJ Martin,21:03,Daniel Theis,18:10,David Nwaba,5:57
6,.857,7,77.778,1,,132,0,2,100.0,7,.778,1.0,50.0,2.0,9,2,1.000,2,22.222,Logos via Sports Logos.net / About logos,W,https://www.basketball-reference.com/boxscores/202112130ATL.html,Away,126,22:34,0,0.0,ATL,Trae Young,Gorgui Dieng,9:34,,,,,,,,,,,35:31,Kevin Huerter,33:56,Clint Capela,31:56,Cam Reddish,27:41,Danilo Gallinari,26:52,John Collins,25:11,Timothé Luwawu-Cabarrot,20:40,Lou Williams,14:33,Delon Wright,14:06,126,1,22,2.0,9.1,18.0,81.8,2.0,9.1,D.J. Augustin,6,0,2021-2022,0.0,0,2.0,HOU,132,Eric Gordon,,,,,,,,,,,,,31:46,Garrison Mathews,27:22,KJ Martin,27:13,Christian Wood,25:19,Alperen Sengun,24:48,Jae'Sean Tate,24:07,Josh Christopher,23:52,Armoni Brooks,21:33,David Nwaba,11:26
0,.000,1,33.333,4,1.33,89,0,1,100.0,1,.333,1.0,50.0,2.0,3,2,1.000,2,66.667,Logos via Sports Logos.net / About logos,L,https://www.basketball-reference.com/boxscores/202112150CLE.html,Away,124,16:53,0,0.0,CLE,Dean Wade,Kevin Love,15:20,Kevin Pangos,12:00,Dylan Windler,7:30,Denzel Valentine,7:30,,,,,34:28,Darius Garland,25:15,Isaac Okoro,21:34,Ricky Rubio,21:18,Lamar Stevens,20:52,Ed Davis,19:05,Lauri Markkanen,18:58,Jarrett Allen,18:09,Cedi Osman,18:01,124,2,4,2.0,50.0,0.0,0.0,2.0,50.0,D.J. Augustin,35,1,2021-2022,1.0,3,1.0,HOU,89,Garrison Mathews,,,,,,,,,,,,,28:48,Jae'Sean Tate,28:40,Alperen Sengun,27:34,Josh Christopher,27:24,David Nwaba,27:12,KJ Martin,26:01,Armoni Brooks,21:44,Daniel Theis,18:26,Usman Garuba,17:18
1,.333,3,60.000,3,3.00,116,0,0,,1,.200,0.0,0.0,2.0,5,1,1.000,1,20.000,Logos via Sports Logos.net / About logos,L,https://www.basketball-reference.com/boxscores/202112160HOU.html,Home,103,18:15,0,,NYK,Alec Burks,,,,,,,,,,,,,36:31,Miles McBride,35:49,Immanuel Quickley,31:54,Julius Randle,31:32,Mitchell Robinson,30:26,Evan Fournier,27:35,Nerlens Noel,17:34,Taj Gibson,16:28,Derrick Rose,12:11,116,0,4,0.0,0.0,3.0,75.0,1.0,25.0,D.J. Augustin,13,0,2021-2022,0.0,1,0.0,HOU,103,Josh Christopher,Usman Garuba,2:28,,,,,,,,,,,32:55,Daniel Theis,32:36,Garrison Mathews,31:38,Eric Gordon,30:07,Jae'Sean Tate,29:16,KJ Martin,28:35,Alperen Sengun,15:24,David Nwaba,9:38,Armoni Brooks,9:08
1,.200,5,55.556,2,1.00,116,0,0,0.0,3,.333,2.0,50.0,4.0,9,1,.500,2,22.222,Logos via Sports Logos.net / About logos,W,https://www.basketball-reference.com/boxscores/202112180DET.html,Away,107,16:59,1,100.0,DET,Saddiq Bey,Luka Garza,9:22,Rodney McGruder,8:45,,,,,,,,,36:44,Cade Cunningham,36:21,Killian Hayes,35:34,Frank Jackson,23:18,Hamidou Diallo,21:47,Isaiah Stewart,20:15,Saben Lee,19:00,Trey Lyles,18:58,Josh Jackson,9:56,107,0,8,4.0,50.0,3.0,37.5,1.0,12.5,D.J. Augustin,9,3,2021-2022,3.0,2,1.0,HOU,116,Garrison Mathews,Trevelin Queen,2:46,,,,,,,,,,,35:45,Christian Wood,30:12,Eric Gordon,28:15,Jae'Sean Tate,28:15,Josh Christopher,27:46,KJ Martin,27:45,Alperen Sengun,22:06,David Nwaba,17:25,Usman Garuba,2:46
1,.200,5,83.333,0,0.00,118,0,0,0.0,2,.333,1.0,100.0,1.0,6,2,1.000,2,33.333,Logos via Sports Logos.net / About logos,L,https://www.basketball-reference.com/boxscores/202112200CHI.html,Away,133,17:05,1,100.0,CHI,Lonzo Ball,Alex Caruso,6:04,Marko Simonovic,2:53,,,,,,,,,34:56,DeMar DeRozan,32:18,Coby White,31:46,Nikola Vučević,30:11,Alfonzo McKinnie,29:08,Javonte Green,26:40,Tyler Cook,16:52,Tony Bradley,14:56,Devon Dotson,14:16,133,0,7,2.0,28.6,3.0,42.9,2.0,28.6,D.J. Augustin,15,0,2021-2022,0.0,1,1.0,HOU,118,Armoni Brooks,Trevelin Queen,3:33,Usman Garuba,3:33,,,,,,,,,32:02,Christian Wood,29:27,Eric Gordon,27:22,Garrison Mathews,26:06,KJ Martin,24:12,Jae'Sean Tate,22:12,Josh Christopher,19:52,Alperen Sengun,19:17,David Nwaba,15:19
3,.600,5,100.000,1,,106,0,2,100.0,3,.600,0.0,,0.0,5,0,,0,0.000,Logos via Sports Logos.net / About logos,L,https://www.basketball-reference.com/boxscores/202112220MIL.html,Away,126,19:21,0,0.0,MIL,Pat Connaughton,Thanasis Antetokounmpo,9:02,Javonte Smart,1:07,,,,,,,,,30:50,Jrue Holiday,30:42,Khris Middleton,28:21,DeMarcus Cousins,27:59,Jordan Nwora,26:33,George Hill,26:17,Rodney Hood,21:50,Wesley Matthews,20:25,Semi Ojeleye,16:54,126,0,9,0.0,0.0,9.0,100.0,0.0,0.0,D.J. Augustin,20,0,2021-2022,0.0,0,2.0,HOU,106,KJ Martin,Trevelin Queen,4:20,Usman Garuba,4:20,,,,,,,,,30:58,Christian Wood,28:16,Garrison Mathews,27:26,Armoni Brooks,25:37,Eric Gordon,24:13,Alperen Sengun,23:48,Josh Christopher,22:23,David Nwaba,15:13,Jae'Sean Tate,14:05
1,.200,5,71.429,1,0.50,106,0,1,100.0,2,.286,1.0,50.0,2.0,7,5,1.000,5,71.429,Logos via Sports Logos.net / About logos,L,https://www.basketball-reference.com/boxscores/202112230IND.html,Away,118,18:44,0,0.0,IND,Myles Turner,Kelan Martin,2:26,,,,,,,,,,,37:26,Chris Duarte,37:07,Justin Holiday,36:56,Caris LeVert,35:52,Oshae Brissett,29:41,Jeremy Lamb,22:37,Torrey Craig,18:11,Goga Bitadze,10:34,Brad Wanamaker,9:10,118,0,10,2.0,20.0,3.0,30.0,5.0,50.0,D.J. Augustin,12,1,2021-2022,1.0,2,1.0,HOU,106,Christian Wood,,,,,,,,,,,,,31:00,Eric Gordon,29:16,Jae'Sean Tate,28:54,Garrison Mathews,28:05,Jalen Green,25:00,Armoni Brooks,24:40,Alperen Sengun,20:17,Josh Christopher,18:15,KJ Martin,15:49
1,.250,4,80.000,3,3.00,113,0,2,100.0,1,.200,0.0,0.0,1.0,5,1,.500,2,40.000,Logos via Sports Logos.net / About logos,L,https://www.basketball-reference.com/boxscores/202201030PHI.html,Away,133,15:54,0,0.0,PHI,Furkan Korkmaz,Paul Reed,6:15,Charles Bassey,1:34,Aaron Henry,1:34,,,,,,,36:11,Tobias Harris,35:13,Seth Curry,29:51,Joel Embiid,29:47,Danny Green,22:59,Isaiah Joe,21:00,Shake Milton,20:41,Georges Niang,18:16,Andre Drummond,16:39,133,0,4,0.0,0.0,3.0,75.0,1.0,25.0,D.J. Augustin,20,0,2021-2022,0.0,1,2.0,HOU,113,Daniel Theis,Daishen Nix,2:56,,,,,,,,,,,34:20,Garrison Mathews,30:11,Eric Gordon,29:18,Jae'Sean Tate,28:06,Jalen Green,27:19,KJ Martin,25:45,David Nwaba,22:42,Josh Christopher,20:33,Trevelin Queen,2:56
0,.000,2,66.667,1,1.00,111,0,1,50.0,0,.000,0.0,0.0,1.0,3,0,,0,0.000,Logos via Sports Logos.net / About logos,L,https://www.basketball-reference.com/boxscores/202201100HOU.html,Home,91,15:00,1,50.0,PHI,Furkan Korkmaz,Andre Drummond,17:05,Charles Bassey,4:31,Braxton Key,3:58,Aaron Henry,2:51,,,,,28:07,Joel Embiid,26:24,Matisse Thybulle,25:43,Isaiah Joe,25:24,Tobias Harris,24:37,Charlie Brown Jr.,22:17,Myles Powell,19:53,Danny Green,19:45,Georges Niang,19:25,111,0,0,0.0,,0.0,,0.0,,D.J. Augustin,20,0,2021-2022,0.0,1,2.0,HOU,91,Christian Wood,Daishen Nix,4:31,Usman Garuba,4:31,,,,,,,,,35:41,Jalen Green,29:46,Kevin Porter Jr.,28:29,Jae'Sean Tate,24:40,Garrison Mathews,23:22,Josh Christopher,22:59,Daniel Theis,21:42,KJ Martin,21:37,David Nwaba,7:42
3,.500,6,85.714,3,,128,0,3,100.0,3,.429,0.0,0.0,1.0,7,0,,0,0.000,Logos via Sports Logos.net / About logos,W,https://www.basketball-reference.com/boxscores/202201120SAS.html,Away,124,19:51,0,0.0,SAS,Dejounte Murray,Devontae Cacok,3:24,,,,,,,,,,,36:45,Bryn Forbes,31:44,Jakob Poeltl,31:26,Joshua Primo,25:12,Lonnie Walker IV,24:50,Keldon Johnson,24:26,Keita Bates-Diop,23:40,Devin Vassell,21:59,Jock Landale,16:34,124,1,9,0.0,0.0,9.0,100.0,0.0,0.0,D.J. Augustin,4,0,2021-2022,0.0,0,3.0,HOU,128,Eric Gordon,,,,,,,,,,,,,32:25,Christian Wood,31:59,Jalen Green,29:57,Kevin Porter Jr.,29:48,Jae'Sean Tate,28:43,KJ Martin,19:11,Josh Christopher,16:07,Daniel Theis,16:01,Garrison Mathews,15:58
2,1.000,2,50.000,0,0.00,114,0,2,100.0,3,.750,1.0,50.0,2.0,4,3,.750,4,100.000,Logos via Sports Logos.net / About logos,L,https://www.basketball-reference.com/boxscores/202201140SAC.html,Away,126,11:30,0,0.0,SAC,Harrison Barnes,Neemias Queta,4:39,,,,,,,,,,,37:40,De'Aaron Fox,34:27,Marvin Bagley III,32:51,Buddy Hield,32:06,Tyrese Haliburton,31:25,Davion Mitchell,24:17,Terence Davis,17:31,Chimezie Metu,13:09,Alex Len,11:54,126,0,11,2.0,18.2,6.0,54.5,3.0,27.3,D.J. Augustin,12,0,2021-2022,0.0,3,2.0,HOU,114,Jalen Green,Daniel Theis,6:10,,,,,,,,,,,32:11,Kevin Porter Jr.,31:29,Jae'Sean Tate,31:18,Eric Gordon,28:47,Christian Wood,26:22,Garrison Mathews,21:59,KJ Martin,18:25,Josh Christopher,18:04,Alperen Sengun,13:45
0,.000,2,66.667,1,0.50,125,0,0,0.0,0,.000,0.0,0.0,1.0,3,0,,0,0.000,Logos via Sports Logos.net / About logos,L,https://www.basketball-reference.com/boxscores/202201280HOU.html,Home,110,14:36,1,100.0,POR,Norman Powell,,,,,,,,,,,,,39:29,Robert Covington,38:20,CJ McCollum,36:45,Anfernee Simons,35:19,Jusuf Nurkić,32:32,Ben McLemore,20:31,Trendon Watford,15:28,Dennis Smith Jr.,11:56,Tony Snell,9:40,125,0,0,0.0,,0.0,,0.0,,D.J. Augustin,15,0,2021-2022,0.0,2,1.0,HOU,110,Christian Wood,,,,,,,,,,,,,36:34,Garrison Mathews,36:04,Eric Gordon,33:24,Jalen Green,33:18,Jae'Sean Tate,26:25,KJ Martin,21:35,Josh Christopher,19:40,Alperen Sengun,11:26,Armoni Brooks,6:58
1,.333,3,75.000,6,,111,0,0,0.0,1,.250,0.0,0.0,1.0,4,0,,0,0.000,Logos via Sports Logos.net / About logos,L,https://www.basketball-reference.com/boxscores/202203030LAC.html,Away,132,21:51,1,100.0,LAC,Reggie Jackson,Rodney Hood,3:57,Semi Ojeleye,3:57,Brandon Boston Jr.,3:55,,,,,,,35:00,Robert Covington,27:24,Amir Coffey,26:43,Terance Mann,26:25,Ivica Zubac,24:51,Luke Kennard,24:04,Isaiah Hartenstein,23:09,Marcus Morris,21:14,Nicolas Batum,19:21,132,1,3,0.0,0.0,3.0,100.0,0.0,0.0,D.J. Augustin,21,3,2021-2022,3.0,0,1.0,LAL,111,LeBron James,Wenyen Gabriel,3:57,,,,,,,,,,,37:04,Malik Monk,29:07,Russell Westbrook,28:55,Austin Reaves,26:10,Carmelo Anthony,25:14,Kent Bazemore,20:12,Stanley Johnson,19:48,Dwight Howard,16:04,Wayne Ellington,11:38
2,.500,4,100.000,4,4.00,116,0,2,100.0,2,.500,0.0,,0.0,4,0,,0,0.000,Logos via Sports Logos.net / About logos,W,https://www.basketball-reference.com/boxscores/202203050LAL.html,Home,124,19:16,0,0.0,GSW,Stephen Curry,,,,,,,,,,,,,35:41,Andrew Wiggins,32:04,Jordan Poole,32:04,Klay Thompson,31:24,Jonathan Kuminga,28:55,Otto Porter Jr.,24:21,Juan Toscano-Anderson,21:58,Moses Moody,20:58,Kevon Looney,12:31,116,1,6,0.0,0.0,6.0,100.0,0.0,0.0,D.J. Augustin,8,0,2021-2022,0.0,1,2.0,LAL,124,LeBron James,,,,,,,,,,,,,38:33,Austin Reaves,33:31,Russell Westbrook,32:00,Malik Monk,31:50,Stanley Johnson,26:14,Carmelo Anthony,24:35,Talen Horton-Tucker,17:49,Avery Bradley,16:11,,
1,.333,3,60.000,1,1.00,110,0,2,100.0,2,.400,1.0,50.0,2.0,5,1,1.000,1,20.000,Logos via Sports Logos.net / About logos,L,https://www.basketball-reference.com/boxscores/202203070SAS.html,Away,117,18:40,0,0.0,SAS,Dejounte Murray,Zach Collins,9:25,,,,,,,,,,,37:37,Keldon Johnson,32:24,Josh Richardson,30:23,Doug McDermott,27:39,Jakob Poeltl,25:19,Tre Jones,24:54,Joshua Primo,22:58,Romeo Langford,16:05,Jock Landale,13:16,117,0,6,2.0,33.3,3.0,50.0,1.0,16.7,D.J. Augustin,7,0,2021-2022,0.0,1,2.0,LAL,110,Russell Westbrook,,,,,,,,,,,,,34:38,Malik Monk,33:31,Talen Horton-Tucker,30:43,Stanley Johnson,30:29,Carmelo Anthony,30:28,Austin Reaves,27:06,Dwight Howard,17:34,Avery Bradley,16:51,,
4,.571,7,77.778,1,,130,0,0,0.0,6,.667,2.0,100.0,2.0,9,0,,0,0.000,Logos via Sports Logos.net / About logos,L,https://www.basketball-reference.com/boxscores/202203090HOU.html,Away,139,21:40,1,100.0,HOU,KJ Martin,,,,,,,,,,,,,39:55,Alperen Sengun,39:54,Jalen Green,38:10,Eric Gordon,38:10,Kevin Porter Jr.,36:25,Dennis Schröder,23:08,Josh Christopher,22:26,Garrison Mathews,19:27,David Nwaba,7:24,139,1,16,4.0,25.0,12.0,75.0,0.0,0.0,D.J. Augustin,9,1,2021-2022,1.0,0,1.0,LAL,130,LeBron James,,,,,,,,,,,,,45:16,Russell Westbrook,39:49,Malik Monk,39:35,Austin Reaves,33:03,Carmelo Anthony,30:05,Stanley Johnson,24:44,Avery Bradley,19:57,Kent Bazemore,8:36,Wenyen Gabriel,2:13
0,.000,1,100.000,0,,109,0,1,100.0,0,.000,0.0,,0.0,1,0,,0,0.000,Logos via Sports Logos.net / About logos,W,https://www.basketball-reference.com/boxscores/202203110LAL.html,Home,122,19:56,0,0.0,WAS,Corey Kispert,Deni Avdija,10:44,Anthony Gill,1:51,,,,,,,,,33:39,Kyle Kuzma,32:07,Kentavious Caldwell-Pope,29:31,Rui Hachimura,25:36,Kristaps Porziņģis,25:21,Raul Neto,23:22,Tomáš Satoranský,19:56,Daniel Gafford,19:51,Ish Smith,18:02,109,1,0,0.0,,0.0,,0.0,,D.J. Augustin,13,0,2021-2022,0.0,0,1.0,LAL,122,LeBron James,,,,,,,,,,,,,35:42,Austin Reaves,31:50,Russell Westbrook,31:20,Talen Horton-Tucker,30:00,Malik Monk,29:33,Stanley Johnson,27:26,Carmelo Anthony,21:28,Wenyen Gabriel,12:45,,
0,.000,2,100.000,2,2.00,111,0,3,100.0,0,.000,0.0,,0.0,2,0,,0,0.000,Logos via Sports Logos.net / About logos,L,https://www.basketball-reference.com/boxscores/202203130PHO.html,Away,140,8:58,0,0.0,PHO,Devin Booker,Bismack Biyombo,10:54,JaVale McGee,9:53,Elfrid Payton,7:32,,,,,,,31:59,Mikal Bridges,29:05,Jae Crowder,28:09,Deandre Ayton,27:07,Aaron Holiday,24:03,Cameron Payne,23:57,Torrey Craig,19:51,Landry Shamet,15:24,Ish Wainright,12:06,140,0,0,0.0,,0.0,,0.0,,D.J. Augustin,29,0,2021-2022,0.0,1,3.0,LAL,111,LeBron James,Stanley Johnson,10:52,Wayne Ellington,8:44,Kent Bazemore,6:03,,,,,,,30:12,Russell Westbrook,28:32,Malik Monk,27:07,Austin Reaves,25:24,Avery Bradley,25:14,Talen Horton-Tucker,22:07,Carmelo Anthony,18:05,Dwight Howard,16:34,Wenyen Gabriel,12:08
0,.000,1,50.000,0,,114,0,1,100.0,0,.000,0.0,0.0,1.0,2,0,,0,0.000,Logos via Sports Logos.net / About logos,L,https://www.basketball-reference.com/boxscores/202203140LAL.html,Home,103,5:03,0,0.0,TOR,Fred VanVleet,Armoni Brooks,3:31,,,,,,,,,,,40:24,Scottie Barnes,39:53,Gary Trent Jr.,36:06,Pascal Siakam,34:30,Precious Achiuwa,33:09,Chris Boucher,20:24,Thaddeus Young,15:17,Khem Birch,11:20,Dalano Banton,5:26,114,0,0,0.0,,0.0,,0.0,,D.J. Augustin,11,0,2021-2022,0.0,0,1.0,LAL,103,LeBron James,Avery Bradley,4:41,,,,,,,,,,,40:20,Russell Westbrook,34:56,Carmelo Anthony,27:37,Talen Horton-Tucker,27:09,Wayne Ellington,25:09,Malik Monk,23:53,Wenyen Gabriel,18:52,Austin Reaves,16:53,Stanley Johnson,15:27
1,1.000,1,25.000,1,,104,0,1,100.0,3,.750,2.0,66.7,3.0,4,0,,0,0.000,Logos via Sports Logos.net / About logos,L,https://www.basketball-reference.com/boxscores/202203160MIN.html,Away,124,10:40,0,0.0,MIN,Anthony Edwards,Nathan Knight,13:49,Jake Layman,1:07,Leandro Bolmaro,1:07,Josh Okogie,1:07,,,,,32:02,D'Angelo Russell,30:25,Patrick Beverley,28:55,Karl-Anthony Towns,26:10,Taurean Prince,25:17,Jarred Vanderbilt,24:57,Malik Beasley,21:30,Jaylen Nowell,18:18,Jordan McLaughlin,15:16,124,0,7,4.0,57.1,3.0,42.9,0.0,0.0,D.J. Augustin,20,0,2021-2022,0.0,0,1.0,LAL,104,LeBron James,Talen Horton-Tucker,9:13,Stanley Johnson,7:07,,,,,,,,,37:04,Russell Westbrook,35:41,Malik Monk,29:53,Carmelo Anthony,26:12,Austin Reaves,21:34,Wayne Ellington,17:35,Dwight Howard,16:13,Wenyen Gabriel,14:39,Avery Bradley,14:09
3,.500,6,100.000,1,,128,0,0,,3,.500,0.0,,0.0,6,0,,0,0.000,Logos via Sports Logos.net / About logos,W,https://www.basketball-reference.com/boxscores/202203180TOR.html,Away,123,18:12,0,,TOR,Fred VanVleet,,,,,,,,,,,,,46:43,Pascal Siakam,46:09,Scottie Barnes,42:21,Gary Trent Jr.,41:27,Precious Achiuwa,36:10,Khem Birch,16:50,Chris Boucher,16:33,Thaddeus Young,12:34,Dalano Banton,6:13,123,2,9,0.0,0.0,9.0,100.0,0.0,0.0,D.J. Augustin,5,0,2021-2022,0.0,0,0.0,LAL,128,LeBron James,,,,,,,,,,,,,44:41,Russell Westbrook,41:14,Malik Monk,30:19,Stanley Johnson,30:05,Austin Reaves,27:00,Wenyen Gabriel,24:52,Avery Bradley,24:44,Dwight Howard,23:53,,
0,.000,2,66.667,0,,119,0,0,,1,.333,1.0,100.0,1.0,3,0,,0,0.000,Logos via Sports Logos.net / About logos,L,https://www.basketball-reference.com/boxscores/202203190WAS.html,Away,127,17:53,0,,WAS,Kentavious Caldwell-Pope,,,,,,,,,,,,,32:47,Corey Kispert,31:54,Deni Avdija,31:43,Tomáš Satoranský,26:44,Kristaps Porziņģis,25:54,Ish Smith,25:39,Rui Hachimura,25:13,Daniel Gafford,21:37,Raul Neto,18:29,127,1,2,2.0,100.0,0.0,0.0,0.0,0.0,D.J. Augustin,8,0,2021-2022,0.0,0,0.0,LAL,119,Russell Westbrook,,,,,,,,,,,,,36:37,LeBron James,35:53,Malik Monk,27:48,Austin Reaves,27:07,Stanley Johnson,25:25,Carmelo Anthony,23:04,Avery Bradley,17:53,Talen Horton-Tucker,16:42,Wenyen Gabriel,11:38
6,1.000,6,85.714,0,0.00,131,0,0,,7,1.000,1.0,100.0,1.0,7,0,,0,0.000,Logos via Sports Logos.net / About logos,W,https://www.basketball-reference.com/boxscores/202203210CLE.html,Away,120,25:53,0,,CLE,Darius Garland,Moses Brown,4:41,RJ Nembhard Jr.,1:35,Dylan Windler,1:35,Ed Davis,0:56,,,,,40:36,Lauri Markkanen,37:18,Lamar Stevens,34:22,Isaac Okoro,29:09,Evan Mobley,27:09,Kevin Love,20:29,Cedi Osman,17:54,Caris LeVert,16:19,Brandon Goodwin,7:55,120,1,20,2.0,10.0,18.0,90.0,0.0,0.0,D.J. Augustin,11,0,2021-2022,0.0,2,0.0,LAL,131,LeBron James,,,,,,,,,,,,,40:36,Russell Westbrook,35:20,Wenyen Gabriel,31:47,Austin Reaves,29:22,Stanley Johnson,23:04,Malik Monk,22:24,Carmelo Anthony,13:57,Dwight Howard,11:40,Avery Bradley,5:55
1,.333,3,75.000,4,,126,0,4,100.0,2,.500,1.0,100.0,1.0,4,0,,0,0.000,Logos via Sports Logos.net / About logos,L,https://www.basketball-reference.com/boxscores/202203230LAL.html,Home,121,22:10,0,0.0,PHI,Tyrese Maxey,Danny Green,11:13,,,,,,,,,,,38:07,James Harden,36:34,Tobias Harris,35:48,Joel Embiid,34:19,Matisse Thybulle,22:23,Shake Milton,20:20,Furkan Korkmaz,13:54,DeAndre Jordan,13:41,Georges Niang,13:41,126,1,5,2.0,40.0,3.0,60.0,0.0,0.0,D.J. Augustin,5,0,2021-2022,0.0,0,4.0,LAL,121,Stanley Johnson,,,,,,,,,,,,,35:06,Russell Westbrook,32:53,Malik Monk,31:56,Carmelo Anthony,30:55,Wenyen Gabriel,29:46,Austin Reaves,29:07,Dwight Howard,28:07,,,,
2,.667,3,100.000,1,1.00,108,0,1,100.0,2,.667,0.0,,0.0,3,0,,0,0.000,Logos via Sports Logos.net / About logos,L,https://www.basketball-reference.com/boxscores/202203270NOP.html,Away,116,12:25,0,0.0,NOP,Herbert Jones,Willy Hernangómez,3:32,,,,,,,,,,,38:01,CJ McCollum,37:44,Jonas Valančiūnas,36:53,Brandon Ingram,25:35,Trey Murphy III,25:12,Naji Marshall,21:17,Jaxson Hayes,17:43,Jose Alvarado,17:18,Devonte' Graham,16:45,116,1,6,0.0,0.0,6.0,100.0,0.0,0.0,D.J. Augustin,8,1,2021-2022,1.0,1,1.0,LAL,108,LeBron James,,,,,,,,,,,,,41:38,Dwight Howard,33:22,Russell Westbrook,31:41,Malik Monk,28:50,Talen Horton-Tucker,21:03,Austin Reaves,19:44,Stanley Johnson,19:07,Wenyen Gabriel,17:32,Carmelo Anthony,14:38
2,.667,3,75.000,0,,110,0,2,66.7,3,.750,1.0,100.0,1.0,4,0,,0,0.000,Logos via Sports Logos.net / About logos,L,https://www.basketball-reference.com/boxscores/202203290DAL.html,Away,128,17:39,1,33.3,DAL,Reggie Bullock,Marquese Chriss,4:03,Boban Marjanović,2:08,Moses Wright,2:08,,,,,,,33:14,Jalen Brunson,31:12,Dorian Finney-Smith,30:30,Luka Dončić,29:39,Spencer Dinwiddie,28:46,Dwight Powell,28:35,Josh Green,19:37,Maxi Kleber,15:22,Dāvis Bertāns,14:46,128,0,8,2.0,25.0,6.0,75.0,0.0,0.0,D.J. Augustin,18,0,2021-2022,0.0,0,3.0,LAL,110,Stanley Johnson,Kent Bazemore,13:10,Dwight Howard,5:16,,,,,,,,,34:59,Malik Monk,32:20,Russell Westbrook,32:07,Trevor Ariza,22:50,Austin Reaves,17:28,Talen Horton-Tucker,17:02,Avery Bradley,16:37,Wenyen Gabriel,15:23,Carmelo Anthony,15:09
3,.750,4,100.000,2,2.00,109,0,2,100.0,3,.750,0.0,,0.0,4,0,,0,0.000,Logos via Sports Logos.net / About logos,L,https://www.basketball-reference.com/boxscores/202203310UTA.html,Away,122,20:00,0,0.0,UTA,Rudy Gobert,Nickeil Alexander-Walker,2:08,Jared Butler,2:08,Eric Paschall,2:08,Xavier Sneed,2:08,,,,,36:05,Donovan Mitchell,32:21,Mike Conley,30:10,Jordan Clarkson,29:13,Royce O'Neale,29:04,Bojan Bogdanović,22:27,Danuel House Jr.,20:50,Juancho Hernangómez,19:23,Greg Monroe,11:55,122,1,9,0.0,0.0,9.0,100.0,0.0,0.0,D.J. Augustin,13,0,2021-2022,0.0,1,2.0,LAL,109,Russell Westbrook,,,,,,,,,,,,,34:29,Malik Monk,32:08,Dwight Howard,30:21,Carmelo Anthony,25:52,Trevor Ariza,24:46,Stanley Johnson,22:57,Talen Horton-Tucker,21:53,Austin Reaves,16:37,Wenyen Gabriel,10:57
1,.250,4,100.000,0,0.00,114,0,0,,1,.250,0.0,,0.0,4,0,,0,0.000,Logos via Sports Logos.net / About logos,L,https://www.basketball-reference.com/boxscores/202204010LAL.html,Home,111,16:28,0,,NOP,CJ McCollum,Jose Alvarado,7:48,,,,,,,,,,,40:55,Jonas Valančiūnas,37:59,Herbert Jones,36:10,Brandon Ingram,34:46,Jaxson Hayes,23:50,Larry Nance Jr.,15:54,Naji Marshall,14:20,Devonte' Graham,14:13,Trey Murphy III,14:05,114,1,3,0.0,0.0,3.0,100.0,0.0,0.0,D.J. Augustin,3,0,2021-2022,0.0,1,0.0,LAL,111,LeBron James,,,,,,,,,,,,,39:31,Anthony Davis,36:42,Malik Monk,34:04,Avery Bradley,33:47,Russell Westbrook,30:35,Dwight Howard,22:18,Stanley Johnson,22:16,Wenyen Gabriel,4:19,,
1,.333,3,60.000,1,,129,0,1,100.0,1,.200,0.0,0.0,2.0,5,0,,0,0.000,Logos via Sports Logos.net / About logos,L,https://www.basketball-reference.com/boxscores/202204030LAL.html,Home,118,16:56,0,0.0,DEN,Aaron Gordon,,,,,,,,,,,,,36:44,Will Barton,36:35,Monte Morris,35:58,Nikola Jokić,32:59,Bones Hyland,26:33,Austin Rivers,22:57,Davon Reed,21:27,DeMarcus Cousins,15:01,JaMychal Green,11:46,129,4,3,0.0,0.0,3.0,100.0,0.0,0.0,D.J. Augustin,11,0,2021-2022,0.0,0,1.0,LAL,118,Anthony Davis,,,,,,,,,,,,,34:35,Russell Westbrook,33:46,Malik Monk,33:13,Avery Bradley,27:35,Carmelo Anthony,25:46,Dwight Howard,23:26,Talen Horton-Tucker,17:43,Stanley Johnson,15:35,Wenyen Gabriel,11:25
0,.000,2,66.667,1,1.00,110,1,0,0.0,0,.000,0.0,0.0,1.0,3,0,,0,0.000,Logos via Sports Logos.net / About logos,L,https://www.basketball-reference.com/boxscores/202204050PHO.html,Away,121,18:15,1,100.0,PHO,Devin Booker,JaVale McGee,16:24,Bismack Biyombo,4:47,Aaron Holiday,1:04,Gabriel Lundberg,1:04,Ish Wainright,1:04,,,29:42,Mikal Bridges,26:53,Deandre Ayton,26:49,Cameron Johnson,24:59,Chris Paul,23:51,Jae Crowder,23:23,Cameron Payne,23:05,Landry Shamet,20:03,Torrey Craig,16:52,121,1,0,0.0,,0.0,,0.0,,D.J. Augustin,11,0,2021-2022,1.0,1,1.0,LAL,110,Anthony Davis,Wenyen Gabriel,5:53,,,,,,,,,,,35:31,Russell Westbrook,34:15,Austin Reaves,30:58,Carmelo Anthony,23:52,Talen Horton-Tucker,21:38,Dwight Howard,19:07,Malik Monk,18:20,Avery Bradley,17:32,Stanley Johnson,14:39
0,.000,2,66.667,3,,112,0,2,100.0,0,.000,0.0,0.0,1.0,3,0,,0,0.000,Logos via Sports Logos.net / About logos,L,https://www.basketball-reference.com/boxscores/202204070GSW.html,Away,128,23:14,0,0.0,GSW,Klay Thompson,Jonathan Kuminga,7:41,Damion Lee,2:07,Juan Toscano-Anderson,2:07,Moses Moody,2:06,,,,,33:28,Jordan Poole,33:14,Otto Porter Jr.,29:39,Andrew Wiggins,27:21,Draymond Green,26:26,Gary Payton II,24:40,Andre Iguodala,20:40,Nemanja Bjelica,15:28,Kevon Looney,15:03,128,2,0,0.0,,0.0,,0.0,,D.J. Augustin,16,0,2021-2022,0.0,0,2.0,LAL,112,Malik Monk,,,,,,,,,,,,,37:06,Talen Horton-Tucker,37:00,Stanley Johnson,34:47,Austin Reaves,32:31,Dwight Howard,25:27,Wenyen Gabriel,20:14,Wayne Ellington,16:28,Kent Bazemore,13:13,,
1,.250,4,80.000,3,,101,0,0,,2,.400,1.0,100.0,1.0,5,2,1.000,2,40.000,Logos via Sports Logos.net / About logos,W,https://www.basketball-reference.com/boxscores/202204080LAL.html,Home,120,23:14,0,,OKC,Jaylen Hoard,,,,,,,,,,,,,46:50,Zavier Simpson,46:35,Georgios Kalaitzakis,45:15,Melvin Frazier,43:41,Vit Krejci,43:26,Isaiah Roby,14:13,,,,,,,101,1,7,2.0,28.6,3.0,42.9,2.0,28.6,D.J. Augustin,19,2,2021-2022,2.0,0,0.0,LAL,120,Talen Horton-Tucker,,,,,,,,,,,,,34:21,Malik Monk,34:21,Stanley Johnson,31:48,Austin Reaves,28:06,Wenyen Gabriel,24:43,Dwight Howard,23:17,Wayne Ellington,22:00,Mason Jones,18:10,,
0,.000,4,100.000,2,1.00,146,0,1,100.0,0,.000,0.0,,0.0,4,2,1.000,2,50.000,Logos via Sports Logos.net / About logos,W,https://www.basketball-reference.com/boxscores/202204100DEN.html,Away,141,15:03,0,0.0,DEN,Bryn Forbes,Austin Rivers,22:34,Facundo Campazzo,8:39,,,,,,,,,36:21,Davon Reed,29:27,Zeke Nnaji,26:19,Markus Howard,24:07,Bones Hyland,24:03,Vlatko Čančar,23:51,Jeff Green,23:33,DeMarcus Cousins,23:31,JaMychal Green,22:35,141,2,2,0.0,0.0,0.0,0.0,2.0,100.0,D.J. Augustin,5,0,2021-2022,0.0,2,1.0,LAL,146,Stanley Johnson,,,,,,,,,,,,,46:29,Austin Reaves,41:34,Wenyen Gabriel,38:08,Malik Monk,35:10,Wayne Ellington,29:57,Mason Jones,23:36,Mac McClung,21:50,Talen Horton-Tucker,13:13,,
