3P,3P%,3PA,3PAr,AST,AST/TOV,Away_Score,BLK,DRB,DRB_Pct_of_TRB,FG,FG%,FG2,FG2%,FG2A,FGA,FT,FT%,FTA,FTr,Game_Date,Game_Result,Game_URL,Home/Away,Home_Score,MP,ORB,ORB_Pct_of_TRB,Opponent,Opponent_1,Opponent_10,Opponent_10_MP,Opponent_11,Opponent_11_MP,Opponent_12,Opponent_12_MP,Opponent_13,Opponent_13_MP,Opponent_14,Opponent_14_MP,Opponent_15,Opponent_15_MP,Opponent_1_MP,Opponent_2,Opponent_2_MP,Opponent_3,Opponent_3_MP,Opponent_4,Opponent_4_MP,Opponent_5,Opponent_5_MP,Opponent_6,Opponent_6_MP,Opponent_7,Opponent_7_MP,Opponent_8,Opponent_8_MP,Opponent_9,Opponent_9_MP,Opponent_Score,PF,PTS,PTS_2P,PTS_2P_Pct,PTS_3P,PTS_3P_Pct,PTS_FT,PTS_FT_Pct,Player,Point_Differential,STL,Season,Stocks,TOV,TRB,Team,Team_Score,Teammate_1,Teammate_10,Teammate_10_MP,Teammate_11,Teammate_11_MP,Teammate_12,Teammate_12_MP,Teammate_13,Teammate_13_MP,Teammate_14,Teammate_14_MP,Teammate_15,Teammate_15_MP,Teammate_1_MP,Teammate_2,Teammate_2_MP,Teammate_3,Teammate_3_MP,Teammate_4,Teammate_4_MP,Teammate_5,Teammate_5_MP,Teammate_6,Teammate_6_MP,Teammate_7,Teammate_7_MP,Teammate_8,Teammate_8_MP,Teammate_9,Teammate_9_MP
0,,0,,0,,103,0,0,,0,,0.0,,0.0,0,0,,0,,Logos via Sports Logos.net / About logos,L,https://www.basketball-reference.com/boxscores/201810220GSW.html,Away,123,2:43,0,,GSW,Stephen Curry,Kevon Looney,16:05,Jordan Bell,8:39,Jacob Evans,7:52,Damion Lee,2:10,,,,,29:40,Draymond Green,27:34,Kevin Durant,26:29,Klay Thompson,25:08,Jonas Jerebko,20:58,Damian Jones,20:25,Quinn Cook,18:57,Andre Iguodala,18:21,Alfonzo McKinnie,17:42,123,0,0,0.0,,0.0,,0.0,,De'Anthony Melton,20,0,2018-2019,0.0,0,0.0,PHO,103,Devin Booker,Jamal Crawford,6:42,Richaun Holmes,2:43,Dragan Bender,2:43,,,,,,,38:27,Trevor Ariza,35:01,Deandre Ayton,31:06,Isaiah Canaan,26:18,T.J. Warren,24:25,Ryan Anderson,20:40,Josh Jackson,19:11,Mikal Bridges,15:50,Tyson Chandler,14:11
1,.167,6,50.000,1,0.50,120,1,2,100.0,3,.250,2.0,33.3,6.0,12,0,,0,0.000,Logos via Sports Logos.net / About logos,L,https://www.basketball-reference.com/boxscores/201810310PHO.html,Home,90,19:43,0,0.0,SAS,DeMar DeRozan,Pau Gasol,16:06,Jakob Poeltl,8:08,Chimezie Metu,6:45,,,,,,,27:51,Dante Cunningham,26:13,LaMarcus Aldridge,23:46,Dāvis Bertāns,23:38,Marco Belinelli,23:18,Rudy Gay,22:45,Bryn Forbes,22:15,Patty Mills,20:22,Quincy Pondexter,18:53,120,5,7,4.0,57.1,3.0,42.9,0.0,0.0,De'Anthony Melton,30,3,2018-2019,4.0,2,2.0,PHO,90,T.J. Warren,Ryan Anderson,8:03,Richaun Holmes,4:15,Dragan Bender,3:55,,,,,,,35:36,Deandre Ayton,30:52,Trevor Ariza,30:21,Elie Okobo,28:26,Mikal Bridges,27:12,Josh Jackson,20:48,Troy Daniels,12:00,Jamal Crawford,9:51,Tyson Chandler,8:58
1,1.000,1,100.000,1,,96,0,3,100.0,1,1.000,0.0,,0.0,1,0,,0,0.000,Logos via Sports Logos.net / About logos,W,https://www.basketball-reference.com/boxscores/201811140PHO.html,Home,116,10:22,0,0.0,SAS,DeMar DeRozan,Quincy Pondexter,10:59,Chimezie Metu,6:42,,,,,,,,,32:16,Derrick White,29:11,LaMarcus Aldridge,28:35,Bryn Forbes,27:43,Marco Belinelli,25:26,Dante Cunningham,25:03,Patty Mills,21:01,Jakob Poeltl,19:25,Dāvis Bertāns,13:39,96,1,3,0.0,0.0,3.0,100.0,0.0,0.0,De'Anthony Melton,20,0,2018-2019,0.0,0,3.0,PHO,116,T.J. Warren,Dragan Bender,4:20,,,,,,,,,,,37:45,Devin Booker,37:10,Isaiah Canaan,31:41,Deandre Ayton,29:56,Mikal Bridges,25:05,Josh Jackson,21:56,Richaun Holmes,18:04,Jamal Crawford,16:47,Ryan Anderson,6:54
0,.000,1,100.000,0,0.00,110,0,3,100.0,0,.000,0.0,,0.0,1,0,,0,0.000,Logos via Sports Logos.net / About logos,L,https://www.basketball-reference.com/boxscores/201811170PHO.html,Home,100,9:35,0,0.0,OKC,Paul George,Deonte Burton,10:19,,,,,,,,,,,39:59,Steven Adams,36:31,Dennis Schröder,35:57,Jerami Grant,32:25,Timothé Luwawu-Cabarrot,25:05,Hamidou Diallo,19:10,Patrick Patterson,15:35,Raymond Felton,13:30,Nerlens Noel,11:29,110,1,0,0.0,,0.0,,0.0,,De'Anthony Melton,10,1,2018-2019,1.0,2,3.0,PHO,100,T.J. Warren,,,,,,,,,,,,,40:27,Devin Booker,39:14,Deandre Ayton,35:37,Mikal Bridges,30:32,Isaiah Canaan,24:05,Jamal Crawford,23:38,Josh Jackson,17:05,Richaun Holmes,12:23,Dragan Bender,7:24
0,,0,,1,,99,0,0,,0,,0.0,,0.0,0,0,,0,,Logos via Sports Logos.net / About logos,L,https://www.basketball-reference.com/boxscores/201811300PHO.html,Home,85,4:16,0,,ORL,Aaron Gordon,,,,,,,,,,,,,34:03,Evan Fournier,32:12,Nikola Vučević,31:54,Terrence Ross,30:49,D.J. Augustin,28:44,Jonathan Isaac,26:29,Jonathon Simmons,20:27,Jerian Grant,19:16,Mo Bamba,16:06,99,1,0,0.0,,0.0,,0.0,,De'Anthony Melton,14,0,2018-2019,0.0,0,0.0,PHO,85,Josh Jackson,,,,,,,,,,,,,38:14,Trevor Ariza,33:40,Deandre Ayton,31:37,Jamal Crawford,30:46,Elie Okobo,28:55,Ryan Anderson,20:14,Mikal Bridges,19:58,Richaun Holmes,16:23,Troy Daniels,15:57
1,.333,3,100.000,3,,96,0,2,100.0,1,.333,0.0,,0.0,3,0,,0,0.000,Logos via Sports Logos.net / About logos,L,https://www.basketball-reference.com/boxscores/201812020LAL.html,Away,120,8:13,0,0.0,LAL,LeBron James,Moritz Wagner,9:54,Lance Stephenson,9:54,Svi Mykhailiuk,7:04,Ivica Zubac,3:37,,,,,30:59,Lonzo Ball,30:34,Kyle Kuzma,28:57,Brandon Ingram,28:08,Kentavious Caldwell-Pope,21:53,JaVale McGee,20:33,Josh Hart,17:55,Tyson Chandler,17:27,Michael Beasley,13:05,120,1,3,0.0,0.0,3.0,100.0,0.0,0.0,De'Anthony Melton,24,0,2018-2019,0.0,0,2.0,PHO,96,Trevor Ariza,Ryan Anderson,8:08,Dragan Bender,5:18,,,,,,,,,30:55,Mikal Bridges,30:39,Josh Jackson,29:41,Elie Okobo,29:39,Deandre Ayton,24:35,Richaun Holmes,23:25,Jamal Crawford,17:09,Devin Booker,17:05,Troy Daniels,15:13
3,.750,4,33.333,5,5.00,122,0,1,50.0,9,.750,6.0,75.0,8.0,12,0,,0,0.000,Logos via Sports Logos.net / About logos,L,https://www.basketball-reference.com/boxscores/201812040PHO.html,Home,105,23:22,1,50.0,SAC,De'Aaron Fox,Buddy Hield,17:51,Yogi Ferrell,10:47,Harry Giles,10:15,Ben McLemore,10:15,,,,,26:50,Iman Shumpert,23:11,Troy Williams,21:35,Nemanja Bjelica,20:55,Bogdan Bogdanović,20:30,Justin Jackson,20:04,Frank Mason III,20:02,Kosta Koufos,19:04,Willie Cauley-Stein,18:41,122,4,21,12.0,57.1,9.0,42.9,0.0,0.0,De'Anthony Melton,17,1,2018-2019,1.0,1,2.0,PHO,105,Mikal Bridges,Ryan Anderson,4:50,,,,,,,,,,,34:13,Trevor Ariza,27:07,Josh Jackson,26:43,Elie Okobo,26:17,Richaun Holmes,22:07,Jamal Crawford,22:05,Troy Daniels,20:41,Deandre Ayton,20:35,Dragan Bender,12:00
0,.000,4,33.333,4,4.00,86,0,4,80.0,3,.250,3.0,37.5,8.0,12,1,.500,2,16.667,Logos via Sports Logos.net / About logos,L,https://www.basketball-reference.com/boxscores/201812060POR.html,Away,108,25:44,1,20.0,POR,Damian Lillard,Meyers Leonard,11:18,Wade Baldwin,6:53,Caleb Swanigan,6:53,Gary Trent Jr.,6:53,,,,,27:42,Nik Stauskas,27:38,Zach Collins,26:28,Jake Layman,26:10,Al-Farouq Aminu,25:03,Jusuf Nurkić,23:17,Evan Turner,19:00,Seth Curry,17:28,Maurice Harkless,15:17,108,3,7,6.0,85.7,0.0,0.0,1.0,14.3,De'Anthony Melton,22,2,2018-2019,2.0,1,5.0,PHO,86,Elie Okobo,,,,,,,,,,,,,27:48,Deandre Ayton,27:27,Josh Jackson,25:57,Dragan Bender,24:43,Mikal Bridges,23:17,Trevor Ariza,23:17,Troy Daniels,22:02,Richaun Holmes,20:33,Jamal Crawford,19:12
3,.600,5,55.556,4,1.00,115,0,3,100.0,4,.444,1.0,25.0,4.0,9,1,1.000,1,11.111,Logos via Sports Logos.net / About logos,L,https://www.basketball-reference.com/boxscores/201812070PHO.html,Home,98,24:44,0,0.0,MIA,Josh Richardson,Derrick Jones Jr.,6:30,,,,,,,,,,,38:33,Bam Adebayo,32:04,Justise Winslow,31:25,Rodney McGruder,28:30,Kelly Olynyk,22:19,Tyler Johnson,21:45,Goran Dragić,21:15,Dwyane Wade,21:04,James Johnson,16:35,115,3,12,2.0,16.7,9.0,75.0,1.0,8.3,De'Anthony Melton,17,1,2018-2019,1.0,4,3.0,PHO,98,Mikal Bridges,,,,,,,,,,,,,34:34,Trevor Ariza,33:14,Troy Daniels,31:52,Deandre Ayton,29:14,Josh Jackson,23:43,Elie Okobo,22:02,Jamal Crawford,21:51,Richaun Holmes,18:46,,
0,.000,4,25.000,8,4.00,123,0,3,75.0,5,.313,5.0,41.7,12.0,16,3,1.000,3,18.750,Logos via Sports Logos.net / About logos,L,https://www.basketball-reference.com/boxscores/201812100PHO.html,Home,119,35:48,1,25.0,LAC,Tobias Harris,Lou Williams,11:33,Tyrone Wallace,3:51,Sindarius Thornwell,0:07,,,,,,,41:19,Avery Bradley,37:26,Danilo Gallinari,37:08,Patrick Beverley,33:50,Shai Gilgeous-Alexander,33:35,Montrezl Harrell,23:12,Boban Marjanović,16:30,Mike Scott,14:20,Miloš Teodosić,12:08,123,3,13,10.0,76.9,0.0,0.0,3.0,23.1,De'Anthony Melton,4,2,2018-2019,2.0,2,4.0,PHO,119,Trevor Ariza,,,,,,,,,,,,,39:37,Mikal Bridges,38:44,Troy Daniels,31:54,Josh Jackson,30:44,Deandre Ayton,27:59,Richaun Holmes,25:01,Elie Okobo,22:55,T.J. Warren,12:17,,
3,.429,7,43.750,6,1.20,86,0,6,85.7,7,.438,4.0,44.4,9.0,16,0,,0,0.000,Logos via Sports Logos.net / About logos,L,https://www.basketball-reference.com/boxscores/201812110SAS.html,Away,111,33:14,1,14.3,SAS,Bryn Forbes,Quincy Pondexter,9:20,Chimezie Metu,4:55,,,,,,,,,32:25,Derrick White,27:04,DeMar DeRozan,25:43,LaMarcus Aldridge,24:28,Patty Mills,24:26,Rudy Gay,23:50,Marco Belinelli,23:45,Dante Cunningham,23:21,Jakob Poeltl,20:43,111,1,17,8.0,47.1,9.0,52.9,0.0,0.0,De'Anthony Melton,25,2,2018-2019,2.0,5,7.0,PHO,86,Josh Jackson,,,,,,,,,,,,,35:10,Mikal Bridges,31:56,Deandre Ayton,30:49,Jawun Evans,26:11,T.J. Warren,24:53,Dragan Bender,18:09,Richaun Holmes,17:11,Troy Daniels,16:33,George King,5:54
0,.000,2,50.000,1,0.33,89,2,1,100.0,0,.000,0.0,0.0,2.0,4,0,,0,0.000,Logos via Sports Logos.net / About logos,W,https://www.basketball-reference.com/boxscores/201812130PHO.html,Home,99,21:21,0,0.0,DAL,DeAndre Jordan,Maxi Kleber,9:53,Dirk Nowitzki,6:10,,,,,,,,,32:17,Harrison Barnes,31:57,Luka Dončić,31:14,Wesley Matthews,30:25,Dennis Smith Jr.,27:16,Jalen Brunson,20:44,Dorian Finney-Smith,17:35,Devin Harris,16:46,Dwight Powell,15:43,89,3,0,0.0,,0.0,,0.0,,De'Anthony Melton,10,3,2018-2019,5.0,3,1.0,PHO,99,Trevor Ariza,,,,,,,,,,,,,37:04,T.J. Warren,35:50,Josh Jackson,34:26,Jamal Crawford,26:39,Deandre Ayton,26:01,Mikal Bridges,22:06,Richaun Holmes,21:59,Troy Daniels,11:21,Jawun Evans,3:13
1,.500,2,33.333,5,1.67,99,0,3,100.0,4,.667,3.0,75.0,4.0,6,0,,0,0.000,Logos via Sports Logos.net / About logos,W,https://www.basketball-reference.com/boxscores/201812150PHO.html,Home,107,21:12,0,0.0,MIN,Karl-Anthony Towns,Josh Okogie,4:29,,,,,,,,,,,38:02,Dario Šarić,34:56,Andrew Wiggins,33:17,Derrick Rose,32:46,Jeff Teague,31:37,Robert Covington,25:28,Tyus Jones,16:23,Anthony Tolliver,13:04,Gorgui Dieng,9:58,99,3,9,6.0,66.7,3.0,33.3,0.0,0.0,De'Anthony Melton,8,2,2018-2019,2.0,3,3.0,PHO,107,Mikal Bridges,,,,,,,,,,,,,40:20,Devin Booker,35:59,T.J. Warren,32:36,Jamal Crawford,25:32,Deandre Ayton,25:30,Richaun Holmes,22:30,Josh Jackson,22:30,Jawun Evans,13:51,,
1,.500,2,50.000,2,2.00,128,0,1,100.0,1,.250,0.0,0.0,2.0,4,0,,0,0.000,Logos via Sports Logos.net / About logos,W,https://www.basketball-reference.com/boxscores/201812170NYK.html,Away,110,20:44,0,0.0,NYK,Kevin Knox,Luke Kornet,13:39,,,,,,,,,,,37:24,Emmanuel Mudiay,32:34,Frank Ntilikina,28:45,Enes Freedom,27:50,Trey Burke,23:40,Courtney Lee,21:57,Lance Thomas,19:45,Mario Hezonja,17:28,Noah Vonleh,16:58,110,1,3,0.0,0.0,3.0,100.0,0.0,0.0,De'Anthony Melton,18,1,2018-2019,1.0,1,1.0,PHO,128,T.J. Warren,Dragan Bender,1:48,,,,,,,,,,,39:03,Devin Booker,37:16,Mikal Bridges,33:23,Deandre Ayton,29:06,Jamal Crawford,26:11,Josh Jackson,25:54,Richaun Holmes,18:54,Troy Daniels,5:02,Jawun Evans,2:39
0,.000,1,50.000,5,1.67,111,0,0,0.0,0,.000,0.0,0.0,1.0,2,0,,0,0.000,Logos via Sports Logos.net / About logos,W,https://www.basketball-reference.com/boxscores/201812190BOS.html,Away,103,16:26,1,100.0,BOS,Kyrie Irving,Aron Baynes,2:04,,,,,,,,,,,35:59,Jayson Tatum,35:30,Marcus Smart,32:08,Gordon Hayward,29:20,Robert Williams,24:04,Jaylen Brown,23:34,Terry Rozier,23:28,Daniel Theis,21:23,Semi Ojeleye,12:30,103,2,0,0.0,,0.0,,0.0,,De'Anthony Melton,8,1,2018-2019,1.0,3,1.0,PHO,111,Devin Booker,,,,,,,,,,,,,37:14,T.J. Warren,36:06,Mikal Bridges,33:09,Deandre Ayton,32:02,Josh Jackson,27:31,Kelly Oubre Jr.,26:09,Richaun Holmes,15:58,Jamal Crawford,15:25,,
2,1.000,2,40.000,3,3.00,146,0,1,50.0,4,.800,2.0,66.7,3.0,5,0,,0,0.000,Logos via Sports Logos.net / About logos,L,https://www.basketball-reference.com/boxscores/201812220WAS.html,Away,149,19:58,1,50.0,WAS,Trevor Ariza,,,,,,,,,,,,,54:10,Bradley Beal,53:56,Jeff Green,48:58,Tomáš Satoranský,48:07,Thomas Bryant,35:54,Markieff Morris,26:57,Chasson Randle,18:56,Sam Dekker,14:02,Ron Baker,14:00,149,2,10,4.0,40.0,6.0,60.0,0.0,0.0,De'Anthony Melton,3,3,2018-2019,3.0,1,2.0,PHO,146,Devin Booker,,,,,,,,,,,,,54:36,T.J. Warren,53:09,Kelly Oubre Jr.,42:21,Deandre Ayton,38:33,Jamal Crawford,32:39,Mikal Bridges,32:35,Richaun Holmes,24:27,Josh Jackson,16:42,,
0,.000,3,50.000,1,,103,0,2,100.0,0,.000,0.0,0.0,3.0,6,0,,0,0.000,Logos via Sports Logos.net / About logos,L,https://www.basketball-reference.com/boxscores/201812230BRK.html,Away,111,25:24,0,0.0,BRK,Rodions Kurucs,Shabazz Napier,2:30,Theo Pinson,0:43,,,,,,,,,32:59,Joe Harris,32:21,D'Angelo Russell,30:50,DeMarre Carroll,28:30,Spencer Dinwiddie,26:07,Ed Davis,24:14,Jarrett Allen,23:46,Jared Dudley,21:14,Rondae Hollis-Jefferson,16:46,111,3,0,0.0,,0.0,,0.0,,De'Anthony Melton,8,1,2018-2019,1.0,0,2.0,PHO,103,Mikal Bridges,,,,,,,,,,,,,35:59,Deandre Ayton,32:16,Devin Booker,30:03,T.J. Warren,29:06,Josh Jackson,23:11,Kelly Oubre Jr.,19:47,Richaun Holmes,15:44,Troy Daniels,14:21,Jamal Crawford,14:09
0,,0,0.000,1,0.50,122,1,3,100.0,2,.667,2.0,66.7,3.0,3,0,,0,0.000,Logos via Sports Logos.net / About logos,W,https://www.basketball-reference.com/boxscores/201812260ORL.html,Away,120,18:11,0,0.0,ORL,Aaron Gordon,,,,,,,,,,,,,42:18,D.J. Augustin,41:21,Nikola Vučević,39:03,Terrence Ross,36:06,Evan Fournier,35:03,Jonathan Isaac,25:34,Jonathon Simmons,20:04,Mo Bamba,13:56,Jerian Grant,11:32,120,4,4,4.0,100.0,0.0,0.0,0.0,0.0,De'Anthony Melton,2,0,2018-2019,1.0,2,3.0,PHO,122,Devin Booker,,,,,,,,,,,,,39:52,T.J. Warren,36:17,Mikal Bridges,35:23,Deandre Ayton,34:04,Kelly Oubre Jr.,30:55,Josh Jackson,27:21,Elie Okobo,24:01,Richaun Holmes,18:56,,
0,.000,2,40.000,2,0.67,118,1,1,33.3,1,.200,1.0,33.3,3.0,5,2,1.000,2,40.000,Logos via Sports Logos.net / About logos,L,https://www.basketball-reference.com/boxscores/201812280PHO.html,Home,102,24:27,2,66.7,OKC,Russell Westbrook,Terrance Ferguson,6:55,,,,,,,,,,,39:02,Dennis Schröder,39:01,Jerami Grant,37:51,Steven Adams,35:22,Abdel Nader,33:10,Hamidou Diallo,13:56,Nerlens Noel,12:38,Raymond Felton,11:56,Patrick Patterson,10:09,118,2,4,2.0,50.0,0.0,0.0,2.0,50.0,De'Anthony Melton,16,1,2018-2019,2.0,3,3.0,PHO,102,Devin Booker,,,,,,,,,,,,,32:55,Deandre Ayton,32:23,T.J. Warren,31:18,Josh Jackson,30:29,Mikal Bridges,29:52,Kelly Oubre Jr.,24:10,Jamal Crawford,18:49,Richaun Holmes,15:37,,
1,.250,4,40.000,4,,122,0,3,100.0,2,.200,1.0,16.7,6.0,10,0,,0,0.000,Logos via Sports Logos.net / About logos,L,https://www.basketball-reference.com/boxscores/201812290PHO.html,Home,118,30:19,0,0.0,DEN,Jamal Murray,,,,,,,,,,,,,39:35,Nikola Jokić,37:40,Juancho Hernangómez,35:08,Monte Morris,29:37,Malik Beasley,28:42,Torrey Craig,25:35,Mason Plumlee,21:35,Paul Millsap,14:10,Trey Lyles,7:58,122,4,5,2.0,40.0,3.0,60.0,0.0,0.0,De'Anthony Melton,4,3,2018-2019,3.0,0,3.0,PHO,118,T.J. Warren,,,,,,,,,,,,,40:42,Deandre Ayton,39:24,Mikal Bridges,38:54,Devin Booker,36:11,Josh Jackson,15:33,Kelly Oubre Jr.,12:40,Elie Okobo,10:00,Richaun Holmes,8:47,Jamal Crawford,7:30
1,.500,2,40.000,2,,132,1,2,66.7,2,.400,1.0,33.3,3.0,5,2,1.000,2,40.000,Logos via Sports Logos.net / About logos,L,https://www.basketball-reference.com/boxscores/201812310PHO.html,Home,109,26:43,1,33.3,GSW,Draymond Green,Alfonzo McKinnie,13:41,Kevon Looney,13:05,Marcus Derrickson,3:46,,,,,,,32:58,Stephen Curry,31:53,Kevin Durant,29:47,Klay Thompson,24:43,Andre Iguodala,21:41,Jonas Jerebko,19:40,Shaun Livingston,16:48,Quinn Cook,16:27,Jordan Bell,15:31,132,5,7,2.0,28.6,3.0,42.9,2.0,28.6,De'Anthony Melton,23,4,2018-2019,5.0,0,3.0,PHO,109,Deandre Ayton,Eric Moreland,4:57,Elie Okobo,3:46,,,,,,,,,34:36,T.J. Warren,34:28,Devin Booker,32:46,Mikal Bridges,32:31,Kelly Oubre Jr.,21:54,Jamal Crawford,17:31,Josh Jackson,13:38,Dragan Bender,12:13,Troy Daniels,4:57
1,.500,2,33.333,3,0.75,132,1,2,66.7,3,.500,2.0,50.0,4.0,6,3,.750,4,66.667,Logos via Sports Logos.net / About logos,L,https://www.basketball-reference.com/boxscores/201901020PHO.html,Home,127,22:40,1,33.3,PHI,Ben Simmons,,,,,,,,,,,,,40:18,JJ Redick,36:48,Joel Embiid,36:11,Furkan Korkmaz,29:50,T.J. McConnell,28:00,Mike Muscala,23:14,Landry Shamet,16:06,Jonah Bolden,15:53,Demetrius Jackson,13:40,132,2,10,4.0,40.0,3.0,30.0,3.0,30.0,De'Anthony Melton,5,2,2018-2019,3.0,4,3.0,PHO,127,Devin Booker,Jamal Crawford,5:17,,,,,,,,,,,35:21,Deandre Ayton,33:31,Josh Jackson,26:40,Mikal Bridges,26:05,Kelly Oubre Jr.,23:00,T.J. Warren,20:02,Elie Okobo,17:43,Troy Daniels,15:12,Richaun Holmes,14:29
1,1.000,1,16.667,2,,121,1,0,,3,.500,2.0,40.0,5.0,6,0,,0,0.000,Logos via Sports Logos.net / About logos,L,https://www.basketball-reference.com/boxscores/201901040PHO.html,Home,111,16:06,0,,LAC,Danilo Gallinari,Mike Scott,8:10,Sindarius Thornwell,1:53,Johnathan Motley,0:29,,,,,,,36:35,Tobias Harris,36:12,Patrick Beverley,29:24,Lou Williams,27:46,Marcin Gortat,25:13,Montrezl Harrell,22:47,Avery Bradley,20:19,Shai Gilgeous-Alexander,18:31,Tyrone Wallace,12:41,121,1,7,4.0,57.1,3.0,42.9,0.0,0.0,De'Anthony Melton,10,1,2018-2019,2.0,0,0.0,PHO,111,Devin Booker,,,,,,,,,,,,,37:06,Mikal Bridges,32:23,T.J. Warren,29:04,Deandre Ayton,27:25,Kelly Oubre Jr.,23:18,Richaun Holmes,20:35,Jamal Crawford,19:23,Josh Jackson,17:57,Elie Okobo,16:43
1,.333,3,75.000,4,2.00,119,0,7,100.0,2,.500,1.0,100.0,1.0,4,0,,0,0.000,Logos via Sports Logos.net / About logos,L,https://www.basketball-reference.com/boxscores/201901060PHO.html,Home,113,26:28,0,0.0,CHO,Nicolas Batum,Miles Bridges,12:42,,,,,,,,,,,35:59,Marvin Williams,34:39,Kemba Walker,32:16,Tony Parker,26:40,Willy Hernangómez,23:41,Bismack Biyombo,21:21,Devonte' Graham,20:39,Malik Monk,16:29,Michael Kidd-Gilchrist,15:34,119,5,5,2.0,40.0,3.0,60.0,0.0,0.0,De'Anthony Melton,6,1,2018-2019,1.0,2,7.0,PHO,113,T.J. Warren,,,,,,,,,,,,,37:19,Josh Jackson,32:18,Deandre Ayton,31:22,Mikal Bridges,30:32,Jamal Crawford,23:21,Kelly Oubre Jr.,17:12,Richaun Holmes,16:38,Elie Okobo,12:34,Devin Booker,12:16
1,.250,4,44.444,8,2.00,111,2,3,75.0,4,.444,3.0,60.0,5.0,9,1,.500,2,22.222,Logos via Sports Logos.net / About logos,W,https://www.basketball-reference.com/boxscores/201901080PHO.html,Home,115,31:28,1,25.0,SAC,Justin Jackson,Kosta Koufos,11:31,,,,,,,,,,,34:04,Willie Cauley-Stein,31:25,De'Aaron Fox,31:21,Buddy Hield,31:00,Bogdan Bogdanović,29:34,Yogi Ferrell,20:05,Ben McLemore,18:16,Harry Giles,16:27,Nemanja Bjelica,16:17,111,2,10,6.0,60.0,3.0,30.0,1.0,10.0,De'Anthony Melton,4,4,2018-2019,6.0,4,4.0,PHO,115,T.J. Warren,,,,,,,,,,,,,35:49,Josh Jackson,31:02,Kelly Oubre Jr.,30:08,Deandre Ayton,29:51,Mikal Bridges,22:14,Richaun Holmes,18:09,Jamal Crawford,16:36,Troy Daniels,16:18,Quincy Acy,8:25
0,,0,0.000,6,3.00,94,2,3,100.0,2,.400,2.0,40.0,5.0,5,0,,0,0.000,Logos via Sports Logos.net / About logos,L,https://www.basketball-reference.com/boxscores/201901090DAL.html,Away,104,24:50,0,0.0,DAL,Luka Dončić,Devin Harris,8:31,,,,,,,,,,,35:53,Harrison Barnes,34:55,Maxi Kleber,33:41,DeAndre Jordan,31:39,Wesley Matthews,28:32,J.J. Barea,18:00,Dorian Finney-Smith,17:43,Dwight Powell,16:21,Jalen Brunson,14:45,104,6,4,4.0,100.0,0.0,0.0,0.0,0.0,De'Anthony Melton,10,2,2018-2019,4.0,2,3.0,PHO,94,T.J. Warren,,,,,,,,,,,,,38:58,Kelly Oubre Jr.,32:35,Josh Jackson,29:58,Richaun Holmes,27:44,Elie Okobo,23:10,Mikal Bridges,22:47,Deandre Ayton,20:16,Troy Daniels,10:40,Quincy Acy,9:02
0,.000,3,42.857,10,5.00,93,1,2,66.7,0,.000,0.0,0.0,4.0,7,2,1.000,2,28.571,Logos via Sports Logos.net / About logos,W,https://www.basketball-reference.com/boxscores/201901120PHO.html,Home,102,32:25,1,33.3,DEN,Malik Beasley,Brandon Goodwin,0:25,,,,,,,,,,,40:04,Nikola Jokić,33:48,Jamal Murray,33:44,Paul Millsap,31:52,Monte Morris,29:23,Torrey Craig,24:20,Mason Plumlee,16:19,Will Barton,15:54,Juancho Hernangómez,14:11,93,4,2,0.0,0.0,0.0,0.0,2.0,100.0,De'Anthony Melton,9,4,2018-2019,5.0,2,3.0,PHO,102,T.J. Warren,,,,,,,,,,,,,35:40,Josh Jackson,31:18,Kelly Oubre Jr.,29:43,Deandre Ayton,29:35,Mikal Bridges,23:58,Richaun Holmes,18:25,Elie Okobo,15:35,Troy Daniels,15:01,Quincy Acy,8:20
1,.333,3,42.857,8,2.67,97,2,2,50.0,1,.143,0.0,0.0,4.0,7,0,,0,0.000,Logos via Sports Logos.net / About logos,L,https://www.basketball-reference.com/boxscores/201901150IND.html,Away,131,22:03,2,50.0,IND,Victor Oladipo,T.J. Leaf,11:15,Aaron Holiday,4:49,Kyle O'Quinn,4:49,Alize Johnson,3:36,,,,,29:53,Bojan Bogdanović,29:17,Thaddeus Young,28:13,Myles Turner,27:53,Darren Collison,27:18,Cory Joseph,20:33,Domantas Sabonis,19:46,Doug McDermott,18:07,Tyreke Evans,14:31,131,2,3,0.0,0.0,3.0,100.0,0.0,0.0,De'Anthony Melton,34,1,2018-2019,3.0,3,4.0,PHO,97,T.J. Warren,Troy Daniels,4:49,Dragan Bender,4:49,,,,,,,,,30:43,Mikal Bridges,29:58,Deandre Ayton,28:48,Devin Booker,26:33,Kelly Oubre Jr.,24:12,Elie Okobo,20:38,Josh Jackson,19:20,Richaun Holmes,19:12,Quincy Acy,8:55
0,.000,2,50.000,2,,109,1,3,100.0,1,.250,1.0,50.0,2.0,4,0,,0,0.000,Logos via Sports Logos.net / About logos,L,https://www.basketball-reference.com/boxscores/201901170TOR.html,Away,111,16:07,0,0.0,TOR,Kyle Lowry,Patrick McCaw,5:50,Chris Boucher,5:18,,,,,,,,,39:42,Pascal Siakam,33:00,Serge Ibaka,31:15,Fred VanVleet,31:05,Danny Green,26:12,Norman Powell,20:41,Delon Wright,18:30,C.J. Miles,17:00,Greg Monroe,11:26,111,4,2,2.0,100.0,0.0,0.0,0.0,0.0,De'Anthony Melton,2,1,2018-2019,2.0,0,3.0,PHO,109,T.J. Warren,,,,,,,,,,,,,40:53,Devin Booker,35:11,Deandre Ayton,35:09,Mikal Bridges,30:12,Kelly Oubre Jr.,29:49,Josh Jackson,18:43,Elie Okobo,15:40,Richaun Holmes,12:51,Quincy Acy,5:23
1,1.000,1,100.000,2,2.00,115,1,1,100.0,1,1.000,0.0,,0.0,1,0,,0,0.000,Logos via Sports Logos.net / About logos,L,https://www.basketball-reference.com/boxscores/201901190CHO.html,Away,135,13:14,0,0.0,CHO,Kemba Walker,Willy Hernangómez,17:21,Dwayne Bacon,2:34,Devonte' Graham,2:34,,,,,,,32:34,Nicolas Batum,32:26,Bismack Biyombo,27:17,Michael Kidd-Gilchrist,24:18,Jeremy Lamb,23:54,Marvin Williams,22:07,Malik Monk,18:38,Tony Parker,18:28,Miles Bridges,17:49,135,1,3,0.0,0.0,3.0,100.0,0.0,0.0,De'Anthony Melton,20,0,2018-2019,1.0,1,1.0,PHO,115,Devin Booker,Quincy Acy,9:26,Dragan Bender,2:34,,,,,,,,,37:32,T.J. Warren,33:59,Kelly Oubre Jr.,30:04,Josh Jackson,27:46,Mikal Bridges,26:17,Deandre Ayton,21:40,Richaun Holmes,14:20,Elie Okobo,12:40,Troy Daniels,10:28
0,.000,2,50.000,3,3.00,114,0,1,50.0,2,.500,2.0,100.0,2.0,4,0,,0,0.000,Logos via Sports Logos.net / About logos,L,https://www.basketball-reference.com/boxscores/201901200MIN.html,Away,116,13:03,1,50.0,MIN,Andrew Wiggins,Luol Deng,4:03,Gorgui Dieng,3:30,,,,,,,,,39:58,Karl-Anthony Towns,39:05,Derrick Rose,37:36,Taj Gibson,23:50,Jeff Teague,23:36,Jerryd Bayless,21:50,Dario Šarić,20:18,Anthony Tolliver,15:09,Josh Okogie,11:05,116,3,4,4.0,100.0,0.0,0.0,0.0,0.0,De'Anthony Melton,2,1,2018-2019,1.0,1,2.0,PHO,114,T.J. Warren,,,,,,,,,,,,,37:42,Devin Booker,32:57,Dragan Bender,29:22,Mikal Bridges,28:49,Kelly Oubre Jr.,28:48,Josh Jackson,23:14,Jamal Crawford,21:05,Quincy Acy,18:32,Elie Okobo,6:28
0,.000,1,16.667,3,3.00,118,0,1,100.0,2,.333,2.0,40.0,5.0,6,0,,0,0.000,Logos via Sports Logos.net / About logos,L,https://www.basketball-reference.com/boxscores/201901220PHO.html,Home,91,22:16,0,0.0,MIN,Andrew Wiggins,Jared Terrell,5:36,C.J. Williams,5:36,Keita Bates-Diop,5:36,Gorgui Dieng,5:27,,,,,33:46,Karl-Anthony Towns,31:30,Jerryd Bayless,28:22,Josh Okogie,24:57,Taj Gibson,24:30,Derrick Rose,23:14,Anthony Tolliver,19:49,Dario Šarić,16:54,Luol Deng,14:42,118,0,4,4.0,100.0,0.0,0.0,0.0,0.0,De'Anthony Melton,27,2,2018-2019,2.0,1,1.0,PHO,91,Josh Jackson,Elie Okobo,3:48,,,,,,,,,,,31:29,Dragan Bender,30:00,Mikal Bridges,28:51,Kelly Oubre Jr.,26:20,Devin Booker,24:12,Jamal Crawford,21:35,Quincy Acy,18:00,Troy Daniels,17:24,T.J. Warren,16:05
0,,0,0.000,0,0.00,120,0,1,50.0,1,.500,1.0,50.0,2.0,2,0,,0,0.000,Logos via Sports Logos.net / About logos,L,https://www.basketball-reference.com/boxscores/201901240PHO.html,Home,106,11:43,1,50.0,POR,Jake Layman,Wade Baldwin,6:38,Caleb Swanigan,4:44,,,,,,,,,33:26,Seth Curry,29:54,Damian Lillard,29:31,CJ McCollum,25:22,Zach Collins,24:12,Jusuf Nurkić,23:48,Evan Turner,23:30,Maurice Harkless,22:59,Al-Farouq Aminu,15:56,120,3,2,2.0,100.0,0.0,0.0,0.0,0.0,De'Anthony Melton,14,0,2018-2019,0.0,2,2.0,PHO,106,Kelly Oubre Jr.,,,,,,,,,,,,,34:38,Devin Booker,30:15,Mikal Bridges,29:17,Josh Jackson,28:28,Elie Okobo,27:46,Dragan Bender,27:34,Jamal Crawford,23:15,Quincy Acy,20:26,Troy Daniels,6:38
0,.000,1,33.333,3,,112,0,2,100.0,2,.667,2.0,100.0,2.0,3,0,,0,0.000,Logos via Sports Logos.net / About logos,L,https://www.basketball-reference.com/boxscores/201902230ATL.html,Away,120,13:38,0,0.0,ATL,Trae Young,Justin Anderson,6:16,Vince Carter,5:35,,,,,,,,,33:37,Taurean Prince,32:59,Kent Bazemore,32:31,Dewayne Dedmon,31:03,John Collins,30:13,Omari Spellman,21:32,DeAndre' Bembry,18:39,Jaylen Adams,14:23,Alex Len,13:12,120,2,4,4.0,100.0,0.0,0.0,0.0,0.0,De'Anthony Melton,8,1,2018-2019,1.0,0,2.0,PHO,112,Devin Booker,,,,,,,,,,,,,36:06,Kelly Oubre Jr.,35:05,Tyler Johnson,34:34,Mikal Bridges,33:53,Deandre Ayton,33:21,Dragan Bender,17:00,Josh Jackson,15:58,Richaun Holmes,14:39,Troy Daniels,5:46
0,,0,0.000,1,,124,0,0,0.0,0,.000,0.0,0.0,1.0,1,0,,0,0.000,Logos via Sports Logos.net / About logos,W,https://www.basketball-reference.com/boxscores/201902250MIA.html,Away,121,5:21,1,100.0,MIA,Kelly Olynyk,,,,,,,,,,,,,41:04,Josh Richardson,37:03,Dion Waiters,32:04,Dwyane Wade,30:00,Hassan Whiteside,26:38,Goran Dragić,22:38,Duncan Robinson,22:17,Bam Adebayo,21:20,Ryan Anderson,6:56,121,0,0,0.0,,0.0,,0.0,,De'Anthony Melton,3,0,2018-2019,0.0,0,1.0,PHO,124,Mikal Bridges,,,,,,,,,,,,,33:30,Devin Booker,32:49,Tyler Johnson,31:35,Kelly Oubre Jr.,25:45,Deandre Ayton,25:02,Josh Jackson,24:56,Richaun Holmes,22:58,Jamal Crawford,21:22,Troy Daniels,16:42
2,.500,4,57.143,2,2.00,130,0,2,100.0,2,.286,0.0,0.0,3.0,7,0,,0,0.000,Logos via Sports Logos.net / About logos,L,https://www.basketball-reference.com/boxscores/201903010PHO.html,Home,116,17:04,0,0.0,NOP,Elfrid Payton,Jahlil Okafor,8:01,,,,,,,,,,,33:51,Jrue Holiday,30:32,Kenrich Williams,28:07,Julius Randle,27:51,Frank Jackson,24:59,Darius Miller,22:22,E'Twaun Moore,21:51,Anthony Davis,21:18,Cheick Diallo,21:07,130,1,6,0.0,0.0,6.0,100.0,0.0,0.0,De'Anthony Melton,14,1,2018-2019,1.0,1,2.0,PHO,116,Devin Booker,,,,,,,,,,,,,33:33,Kelly Oubre Jr.,30:11,Deandre Ayton,28:33,Tyler Johnson,28:33,Mikal Bridges,27:35,Josh Jackson,21:41,Richaun Holmes,19:27,Troy Daniels,16:50,Dragan Bender,16:33
0,.000,1,20.000,4,,109,1,4,66.7,3,.600,3.0,75.0,4.0,5,0,,0,0.000,Logos via Sports Logos.net / About logos,W,https://www.basketball-reference.com/boxscores/201903020PHO.html,Home,118,15:36,2,33.3,LAL,LeBron James,Tyson Chandler,5:29,Moritz Wagner,1:21,,,,,,,,,40:46,Brandon Ingram,39:06,Kyle Kuzma,34:52,Rajon Rondo,25:59,JaVale McGee,25:46,Josh Hart,25:36,Reggie Bullock,18:56,Kentavious Caldwell-Pope,15:27,Mike Muscala,6:42,109,1,6,6.0,100.0,0.0,0.0,0.0,0.0,De'Anthony Melton,9,1,2018-2019,2.0,0,6.0,PHO,118,Devin Booker,,,,,,,,,,,,,39:46,Deandre Ayton,33:47,Mikal Bridges,29:57,Kelly Oubre Jr.,29:40,Tyler Johnson,29:10,Josh Jackson,22:37,Dragan Bender,16:57,Richaun Holmes,14:16,Troy Daniels,8:14
0,,0,,1,,96,0,1,100.0,0,,0.0,,0.0,0,0,,0,,Logos via Sports Logos.net / About logos,W,https://www.basketball-reference.com/boxscores/201903060PHO.html,Home,107,7:24,0,0.0,NYK,Dennis Smith Jr.,Henry Ellenson,3:06,,,,,,,,,,,37:17,Damyean Dotson,33:34,Allonzo Trier,32:11,Noah Vonleh,31:10,DeAndre Jordan,24:52,Kevin Knox,24:30,Mitchell Robinson,22:11,Emmanuel Mudiay,16:55,Lance Thomas,14:14,96,0,0,0.0,,0.0,,0.0,,De'Anthony Melton,11,0,2018-2019,0.0,0,1.0,PHO,107,Devin Booker,Jamal Crawford,14:25,Elie Okobo,1:39,,,,,,,,,33:56,Tyler Johnson,29:02,Kelly Oubre Jr.,28:04,Josh Jackson,25:33,Deandre Ayton,25:20,Mikal Bridges,21:02,Richaun Holmes,21:01,Dragan Bender,18:08,Troy Daniels,14:26
0,,0,,3,,120,0,0,,0,,0.0,,0.0,0,0,,0,,Logos via Sports Logos.net / About logos,L,https://www.basketball-reference.com/boxscores/201903090POR.html,Away,127,8:05,0,,POR,CJ McCollum,Anfernee Simons,9:05,Meyers Leonard,9:01,Rodney Hood,8:31,Skal Labissière,4:24,,,,,30:24,Damian Lillard,29:16,Jake Layman,25:23,Al-Farouq Aminu,24:28,Maurice Harkless,22:37,Jusuf Nurkić,22:25,Seth Curry,21:18,Enes Freedom,16:34,Zach Collins,16:34,127,1,0,0.0,,0.0,,0.0,,De'Anthony Melton,7,0,2018-2019,0.0,0,0.0,PHO,120,Tyler Johnson,Troy Daniels,7:29,Ray Spalding,3:51,,,,,,,,,32:27,Deandre Ayton,31:48,Devin Booker,30:35,Kelly Oubre Jr.,29:15,Mikal Bridges,26:11,Josh Jackson,21:52,Jamal Crawford,20:29,Dragan Bender,15:37,Richaun Holmes,12:21
0,.000,1,14.286,5,5.00,138,0,8,100.0,3,.429,3.0,50.0,6.0,7,0,,0,0.000,Logos via Sports Logos.net / About logos,W,https://www.basketball-reference.com/boxscores/201903160NOP.html,Away,136,28:51,0,0.0,NOP,Elfrid Payton,Stanley Johnson,11:04,Dairis Bertāns,10:34,,,,,,,,,36:49,Frank Jackson,35:13,Darius Miller,32:42,Julius Randle,31:58,Kenrich Williams,26:41,Cheick Diallo,25:28,Anthony Davis,22:18,Jahlil Okafor,18:25,Ian Clark,13:48,136,4,6,6.0,100.0,0.0,0.0,0.0,0.0,De'Anthony Melton,2,3,2018-2019,3.0,1,8.0,PHO,138,Kelly Oubre Jr.,,,,,,,,,,,,,43:16,Devin Booker,41:09,Mikal Bridges,39:50,Dragan Bender,33:46,Josh Jackson,32:59,Deandre Ayton,22:21,Ray Spalding,14:43,Troy Daniels,8:05,,
0,.000,1,50.000,4,4.00,116,0,2,100.0,0,.000,0.0,0.0,1.0,2,0,,0,0.000,Logos via Sports Logos.net / About logos,L,https://www.basketball-reference.com/boxscores/201903180PHO.html,Home,101,21:45,0,0.0,CHI,Zach LaVine,Timothé Luwawu-Cabarrot,14:07,,,,,,,,,,,32:31,Shaquille Harrison,32:26,Lauri Markkanen,30:56,Kris Dunn,27:05,Robin Lopez,26:21,Ryan Arcidiacono,20:55,Wayne Selden,19:44,Cristiano Felício,18:59,Antonio Blakeney,16:56,116,2,0,0.0,,0.0,,0.0,,De'Anthony Melton,15,1,2018-2019,1.0,1,2.0,PHO,101,Mikal Bridges,,,,,,,,,,,,,41:31,Devin Booker,40:24,Deandre Ayton,35:11,Josh Jackson,31:55,Jamal Crawford,25:37,Dragan Bender,24:03,Troy Daniels,16:19,Ray Spalding,3:15,,
1,.500,2,50.000,2,1.00,118,0,1,33.3,3,.750,2.0,100.0,2.0,4,0,,0,0.000,Logos via Sports Logos.net / About logos,L,https://www.basketball-reference.com/boxscores/201903210PHO.html,Home,98,21:26,2,66.7,DET,Andre Drummond,Zaza Pachulia,3:59,Glenn Robinson III,0:43,,,,,,,,,32:02,Wayne Ellington,31:14,Blake Griffin,30:49,Thon Maker,28:27,Luke Kennard,25:00,Ish Smith,24:18,Reggie Jackson,23:42,Langston Galloway,21:54,Bruce Brown,17:52,118,0,7,4.0,57.1,3.0,42.9,0.0,0.0,De'Anthony Melton,20,0,2018-2019,0.0,2,3.0,PHO,98,Mikal Bridges,,,,,,,,,,,,,39:15,Devin Booker,32:20,Dragan Bender,32:13,Deandre Ayton,25:14,Josh Jackson,23:44,Troy Daniels,21:26,Richaun Holmes,20:53,Jamal Crawford,15:28,Ray Spalding,8:01
1,.500,2,100.000,3,1.50,103,2,3,100.0,1,.500,0.0,,0.0,2,0,,0,0.000,Logos via Sports Logos.net / About logos,L,https://www.basketball-reference.com/boxscores/201903230SAC.html,Away,112,21:34,0,0.0,SAC,Buddy Hield,Yogi Ferrell,4:40,,,,,,,,,,,35:57,Nemanja Bjelica,35:36,Harrison Barnes,34:53,De'Aaron Fox,33:49,Marvin Bagley III,29:22,Bogdan Bogdanović,22:04,Willie Cauley-Stein,17:41,Corey Brewer,13:07,Kosta Koufos,12:51,112,4,3,0.0,0.0,3.0,100.0,0.0,0.0,De'Anthony Melton,9,1,2018-2019,3.0,2,3.0,PHO,103,Devin Booker,,,,,,,,,,,,,39:02,Dragan Bender,35:41,Mikal Bridges,34:06,Deandre Ayton,29:24,Troy Daniels,24:32,Richaun Holmes,19:35,Elie Okobo,19:32,Ray Spalding,12:13,Jimmer Fredette,4:21
0,.000,1,100.000,1,0.50,92,0,3,100.0,0,.000,0.0,,0.0,1,0,.000,2,200.000,Logos via Sports Logos.net / About logos,L,https://www.basketball-reference.com/boxscores/201903250UTA.html,Away,125,22:15,0,0.0,UTA,Joe Ingles,Thabo Sefolosha,14:05,Georges Niang,4:26,Ekpe Udoh,4:26,,,,,,,29:51,Rudy Gobert,28:28,Donovan Mitchell,27:13,Ricky Rubio,26:55,Derrick Favors,24:53,Royce O'Neale,22:53,Kyle Korver,19:56,Jae Crowder,19:42,Raul Neto,17:12,125,1,0,0.0,,0.0,,0.0,,De'Anthony Melton,33,1,2018-2019,1.0,2,3.0,PHO,92,Devin Booker,,,,,,,,,,,,,41:06,Mikal Bridges,31:29,Deandre Ayton,31:13,Troy Daniels,27:28,Elie Okobo,26:38,Dragan Bender,23:00,Jimmer Fredette,14:22,Ray Spalding,13:05,Richaun Holmes,9:24
0,.000,1,25.000,4,2.00,124,0,2,100.0,2,.500,2.0,66.7,3.0,4,0,,0,0.000,Logos via Sports Logos.net / About logos,L,https://www.basketball-reference.com/boxscores/201903270PHO.html,Home,121,21:37,0,0.0,WAS,Thomas Bryant,,,,,,,,,,,,,39:31,Tomáš Satoranský,38:23,Bradley Beal,36:52,Jabari Parker,32:10,Jordan McRae,24:53,Troy Brown Jr.,22:41,Bobby Portis,22:33,Chasson Randle,13:24,Jeff Green,9:33,124,2,4,4.0,100.0,0.0,0.0,0.0,0.0,De'Anthony Melton,3,2,2018-2019,2.0,2,2.0,PHO,121,Devin Booker,,,,,,,,,,,,,36:54,Mikal Bridges,34:10,Dragan Bender,30:35,Jamal Crawford,29:42,Deandre Ayton,26:51,Troy Daniels,22:06,Richaun Holmes,21:09,Elie Okobo,9:49,Ray Spalding,7:07
0,,0,0.000,2,2.00,120,2,1,100.0,1,.500,1.0,50.0,2.0,2,0,,0,0.000,Logos via Sports Logos.net / About logos,L,https://www.basketball-reference.com/boxscores/201903300PHO.html,Home,115,17:35,0,0.0,MEM,Mike Conley,Jevon Carter,4:11,,,,,,,,,,,37:49,Bruno Caboclo,37:40,Tyler Dorsey,36:49,Jonas Valančiūnas,34:01,Justin Holiday,33:50,Delon Wright,28:01,Ivan Rabb,13:03,Julian Washburn,7:45,Chandler Parsons,6:51,120,2,2,2.0,100.0,0.0,0.0,0.0,0.0,De'Anthony Melton,5,2,2018-2019,4.0,1,1.0,PHO,115,Devin Booker,,,,,,,,,,,,,42:44,Mikal Bridges,31:38,Jamal Crawford,30:25,Josh Jackson,30:02,Dragan Bender,29:32,Deandre Ayton,27:25,Troy Daniels,21:55,Elie Okobo,7:00,Ray Spalding,1:44
0,.000,1,16.667,5,5.00,118,1,2,100.0,2,.333,2.0,40.0,5.0,6,1,.500,2,33.333,Logos via Sports Logos.net / About logos,L,https://www.basketball-reference.com/boxscores/201904030PHO.html,Home,97,18:18,0,0.0,UTA,Rudy Gobert,,,,,,,,,,,,,36:29,Donovan Mitchell,35:20,Joe Ingles,34:36,Royce O'Neale,32:55,Georges Niang,26:42,Thabo Sefolosha,22:32,Raul Neto,21:22,Grayson Allen,18:33,Ekpe Udoh,11:31,118,3,5,4.0,80.0,0.0,0.0,1.0,20.0,De'Anthony Melton,21,1,2018-2019,2.0,1,2.0,PHO,97,Richaun Holmes,,,,,,,,,,,,,38:10,Mikal Bridges,34:19,Josh Jackson,33:51,Troy Daniels,31:03,Elie Okobo,25:07,Dragan Bender,23:12,Jimmer Fredette,21:43,Devin Booker,7:32,Ray Spalding,6:45
0,.000,1,14.286,2,2.00,126,0,2,40.0,3,.429,3.0,50.0,6.0,7,2,1.000,2,28.571,Logos via Sports Logos.net / About logos,W,https://www.basketball-reference.com/boxscores/201904050PHO.html,Home,133,27:08,3,60.0,NOP,Elfrid Payton,,,,,,,,,,,,,43:25,Ian Clark,39:33,Kenrich Williams,38:22,Julius Randle,38:03,Solomon Hill,29:10,Jahlil Okafor,23:58,Cheick Diallo,22:38,Christian Wood,15:48,Dairis Bertāns,14:03,126,1,8,6.0,75.0,0.0,0.0,2.0,25.0,De'Anthony Melton,7,1,2018-2019,1.0,1,5.0,PHO,133,Josh Jackson,,,,,,,,,,,,,46:12,Mikal Bridges,43:44,Dragan Bender,37:41,Jamal Crawford,34:15,Ray Spalding,29:09,Troy Daniels,23:33,Elie Okobo,23:18,,,,
1,.500,2,25.000,6,1.50,113,0,3,75.0,5,.625,4.0,66.7,6.0,8,1,1.000,1,12.500,Logos via Sports Logos.net / About logos,L,https://www.basketball-reference.com/boxscores/201904070HOU.html,Away,149,22:04,1,25.0,HOU,James Harden,Gerald Green,12:00,Gary Clark,8:27,Kenneth Faried,8:05,Chris Chiozza,5:09,,,,,29:00,Chris Paul,26:02,Clint Capela,25:24,Eric Gordon,24:14,Austin Rivers,22:39,P.J. Tucker,22:16,Danuel House Jr.,21:40,Iman Shumpert,20:33,Nenê,14:31,149,1,12,8.0,66.7,3.0,25.0,1.0,8.3,De'Anthony Melton,36,0,2018-2019,0.0,4,4.0,PHO,113,Mikal Bridges,,,,,,,,,,,,,42:09,Dragan Bender,36:11,Josh Jackson,31:17,Jamal Crawford,27:17,Troy Daniels,26:37,Elie Okobo,25:18,Ray Spalding,23:58,Jimmer Fredette,5:09,,
0,,0,0.000,1,0.50,109,0,3,100.0,2,.500,2.0,50.0,4.0,4,2,.667,3,75.000,Logos via Sports Logos.net / About logos,L,https://www.basketball-reference.com/boxscores/201904090DAL.html,Away,120,19:18,0,0.0,DAL,Dirk Nowitzki,Trey Burke,12:20,,,,,,,,,,,32:42,Luka Dončić,32:11,Jalen Brunson,29:24,Justin Jackson,29:01,Dwight Powell,27:21,Devin Harris,22:05,Maxi Kleber,20:11,Dorian Finney-Smith,19:58,Ryan Broekhoff,14:47,120,3,6,4.0,66.7,0.0,0.0,2.0,33.3,De'Anthony Melton,11,3,2018-2019,3.0,2,3.0,PHO,109,Josh Jackson,,,,,,,,,,,,,41:36,Jamal Crawford,38:08,Mikal Bridges,36:58,Dragan Bender,36:20,Elie Okobo,26:24,Ray Spalding,18:12,Jimmer Fredette,13:19,Troy Daniels,9:45,,
0,,0,,2,,101,0,0,,0,,0.0,,0.0,0,0,.000,2,,Logos via Sports Logos.net / About logos,L,https://www.basketball-reference.com/boxscores/201910230MIA.html,Away,120,2:45,0,,MIA,Justise Winslow,Chris Silva,11:23,Daryl Macon,1:10,KZ Okpala,1:10,,,,,,,36:58,Tyler Herro,33:54,Kendrick Nunn,26:31,Goran Dragić,25:07,Bam Adebayo,24:03,Duncan Robinson,22:56,Kelly Olynyk,22:13,Meyers Leonard,18:41,Derrick Jones Jr.,15:54,120,0,0,0.0,,0.0,,0.0,,De'Anthony Melton,19,1,2019-2020,1.0,0,0.0,MEM,101,Jae Crowder,Jonas Valančiūnas,16:09,Bruno Caboclo,4:44,,,,,,,,,30:17,Jaren Jackson Jr.,29:56,Ja Morant,25:09,Marko Gudurić,24:06,Tyus Jones,24:03,Brandon Clarke,23:03,Kyle Anderson,20:50,Grayson Allen,20:48,Dillon Brooks,18:10
0,,0,0.000,1,0.50,91,0,0,0.0,0,.000,0.0,0.0,2.0,2,0,,0,0.000,Logos via Sports Logos.net / About logos,L,https://www.basketball-reference.com/boxscores/201910290LAL.html,Away,120,6:24,1,100.0,LAL,Anthony Davis,Alex Caruso,12:45,Jared Dudley,6:48,,,,,,,,,30:34,JaVale McGee,29:15,Kentavious Caldwell-Pope,28:35,LeBron James,28:19,Avery Bradley,23:30,Quinn Cook,22:00,Troy Daniels,20:04,Danny Green,19:25,Dwight Howard,18:45,120,0,0,0.0,,0.0,,0.0,,De'Anthony Melton,29,1,2019-2020,1.0,2,1.0,MEM,91,Jae Crowder,Tyus Jones,16:20,Solomon Hill,13:28,Bruno Caboclo,8:29,,,,,,,27:00,Ja Morant,25:16,Marko Gudurić,22:57,Jonas Valančiūnas,22:46,Dillon Brooks,22:36,Grayson Allen,21:13,Brandon Clarke,18:31,Jaren Jackson Jr.,18:05,Kyle Anderson,16:55
0,.000,1,50.000,0,,86,0,0,,0,.000,0.0,0.0,1.0,2,0,,0,0.000,Logos via Sports Logos.net / About logos,L,https://www.basketball-reference.com/boxscores/201911080ORL.html,Away,118,5:16,0,,ORL,Nikola Vučević,Wes Iwundu,8:27,Amile Jefferson,3:07,Khem Birch,3:07,,,,,,,31:51,Aaron Gordon,31:36,Jonathan Isaac,29:10,Evan Fournier,27:12,Michael Carter-Williams,25:57,D.J. Augustin,24:19,Markelle Fultz,23:22,Al-Farouq Aminu,18:50,Mo Bamba,13:02,118,0,0,0.0,,0.0,,0.0,,De'Anthony Melton,32,0,2019-2020,0.0,0,0.0,MEM,86,Jaren Jackson Jr.,Solomon Hill,17:03,Bruno Caboclo,5:34,,,,,,,,,29:59,Ja Morant,25:51,Marko Gudurić,24:48,Brandon Clarke,24:35,Jae Crowder,24:18,Dillon Brooks,22:15,Jonas Valančiūnas,21:56,Kyle Anderson,20:35,Tyus Jones,17:50
1,.250,4,36.364,2,1.00,138,0,3,100.0,5,.455,4.0,57.1,7.0,11,0,,0,0.000,Logos via Sports Logos.net / About logos,L,https://www.basketball-reference.com/boxscores/201911090MEM.html,Home,122,20:10,0,0.0,DAL,Dwight Powell,Boban Marjanović,16:20,Ryan Broekhoff,2:51,,,,,,,,,29:16,Luka Dončić,28:41,Justin Jackson,25:27,Seth Curry,24:50,Dorian Finney-Smith,24:20,Delon Wright,23:40,Maxi Kleber,23:33,Tim Hardaway Jr.,22:13,Jalen Brunson,18:49,138,1,11,8.0,72.7,3.0,27.3,0.0,0.0,De'Anthony Melton,16,2,2019-2020,2.0,2,3.0,MEM,122,Jae Crowder,John Konchar,6:47,Yuta Watanabe,2:51,,,,,,,,,30:39,Jaren Jackson Jr.,29:33,Marko Gudurić,28:11,Tyus Jones,27:50,Kyle Anderson,26:28,Jonas Valančiūnas,23:18,Dillon Brooks,19:49,Solomon Hill,14:39,Bruno Caboclo,9:45
2,.667,3,60.000,2,,131,1,4,100.0,3,.600,1.0,50.0,2.0,5,2,1.000,2,40.000,Logos via Sports Logos.net / About logos,L,https://www.basketball-reference.com/boxscores/201911170MEM.html,Home,114,10:50,0,0.0,DEN,Jamal Murray,Michael Porter Jr.,13:14,Malik Beasley,7:11,Torrey Craig,6:02,Jarred Vanderbilt,2:03,,,,,31:13,Juancho Hernangómez,28:57,Nikola Jokić,25:34,Jerami Grant,24:03,Will Barton,23:47,Gary Harris,21:29,Paul Millsap,20:10,Monte Morris,19:18,Mason Plumlee,16:59,131,1,10,2.0,20.0,6.0,60.0,2.0,20.0,De'Anthony Melton,17,1,2019-2020,2.0,0,4.0,MEM,114,Jae Crowder,Solomon Hill,16:44,Bruno Caboclo,12:00,,,,,,,,,26:46,Brandon Clarke,24:13,Jaren Jackson Jr.,23:31,Kyle Anderson,23:15,Jonas Valančiūnas,22:18,Marko Gudurić,22:06,Ja Morant,21:04,Tyus Jones,18:49,Dillon Brooks,18:24
0,,0,0.000,0,0.00,114,0,0,,0,.000,0.0,0.0,1.0,1,0,,0,0.000,Logos via Sports Logos.net / About logos,L,https://www.basketball-reference.com/boxscores/201911190MEM.html,Home,95,5:29,0,,GSW,Alec Burks,,,,,,,,,,,,,35:41,Draymond Green,34:38,Glenn Robinson III,33:42,Willie Cauley-Stein,26:21,Ky Bowman,24:44,Eric Paschall,24:22,Omari Spellman,22:48,Marquese Chriss,21:12,Jordan Poole,16:32,114,1,0,0.0,,0.0,,0.0,,De'Anthony Melton,19,1,2019-2020,1.0,1,0.0,MEM,95,Ja Morant,Marko Gudurić,6:09,Bruno Caboclo,1:26,,,,,,,,,34:35,Jae Crowder,33:08,Dillon Brooks,32:20,Jonas Valančiūnas,26:29,Brandon Clarke,25:43,Solomon Hill,22:01,Kyle Anderson,20:47,Jaren Jackson Jr.,18:28,Tyus Jones,13:25
0,,0,,2,2.00,114,0,0,,0,,0.0,,0.0,0,0,,0,,Logos via Sports Logos.net / About logos,L,https://www.basketball-reference.com/boxscores/201911250IND.html,Away,126,5:43,0,,IND,T.J. Warren,Goga Bitadze,7:24,T.J. Leaf,2:45,Alize Johnson,2:33,,,,,,,33:50,Domantas Sabonis,33:00,Jeremy Lamb,30:55,Myles Turner,30:26,Malcolm Brogdon,30:08,T.J. McConnell,19:04,Aaron Holiday,17:52,Doug McDermott,17:19,Justin Holiday,14:44,126,2,0,0.0,,0.0,,0.0,,De'Anthony Melton,12,0,2019-2020,0.0,1,0.0,MEM,114,Jae Crowder,Grayson Allen,11:58,Marko Gudurić,8:08,Bruno Caboclo,1:44,,,,,,,31:45,Dillon Brooks,31:41,Ja Morant,30:06,Jonas Valančiūnas,26:10,Brandon Clarke,24:37,Jaren Jackson Jr.,22:44,Solomon Hill,18:05,Kyle Anderson,15:08,Tyus Jones,12:11
1,.250,4,40.000,8,8.00,115,1,5,71.4,2,.200,1.0,16.7,6.0,10,4,1.000,4,40.000,Logos via Sports Logos.net / About logos,W,https://www.basketball-reference.com/boxscores/201912010MIN.html,Away,107,22:35,2,28.6,MIN,Karl-Anthony Towns,Shabazz Napier,8:52,,,,,,,,,,,35:43,Andrew Wiggins,35:02,Robert Covington,31:14,Jeff Teague,25:59,Jarrett Culver,25:36,Keita Bates-Diop,25:01,Treveon Graham,21:37,Josh Okogie,18:39,Gorgui Dieng,12:17,107,2,9,2.0,22.2,3.0,33.3,4.0,44.4,De'Anthony Melton,8,2,2019-2020,3.0,1,7.0,MEM,115,Jae Crowder,,,,,,,,,,,,,33:10,Dillon Brooks,31:54,Grayson Allen,30:04,Bruno Caboclo,28:43,Solomon Hill,25:50,Tyus Jones,25:25,Jaren Jackson Jr.,19:17,Marko Gudurić,12:38,Brandon Clarke,10:24
1,.500,2,20.000,4,2.00,117,0,6,66.7,6,.600,5.0,62.5,8.0,10,3,1.000,3,30.000,Logos via Sports Logos.net / About logos,L,https://www.basketball-reference.com/boxscores/201912020MEM.html,Home,104,24:55,3,33.3,IND,Malcolm Brogdon,Goga Bitadze,2:55,Alize Johnson,0:30,,,,,,,,,32:28,Jeremy Lamb,32:28,Myles Turner,30:52,Domantas Sabonis,29:50,Justin Holiday,29:14,T.J. Warren,24:45,Aaron Holiday,21:25,Doug McDermott,20:01,T.J. McConnell,15:32,117,3,16,10.0,62.5,3.0,18.8,3.0,18.8,De'Anthony Melton,13,0,2019-2020,0.0,2,9.0,MEM,104,Jaren Jackson Jr.,,,,,,,,,,,,,33:49,Solomon Hill,33:20,Tyus Jones,30:37,Dillon Brooks,30:06,Jae Crowder,29:43,Grayson Allen,27:01,Marko Gudurić,16:18,Bruno Caboclo,14:11,,
0,.000,1,12.500,7,1.75,99,0,4,80.0,3,.375,3.0,42.9,7.0,8,2,1.000,2,25.000,Logos via Sports Logos.net / About logos,L,https://www.basketball-reference.com/boxscores/201912040CHI.html,Away,106,29:49,1,20.0,CHI,Zach LaVine,Ryan Arcidiacono,14:46,,,,,,,,,,,33:32,Tomáš Satoranský,33:14,Wendell Carter Jr.,32:36,Lauri Markkanen,29:20,Kris Dunn,24:30,Coby White,22:18,Thaddeus Young,18:40,Denzel Valentine,15:40,Daniel Gafford,15:24,106,4,8,6.0,75.0,0.0,0.0,2.0,25.0,De'Anthony Melton,7,3,2019-2020,3.0,4,5.0,MEM,99,Jae Crowder,Yuta Watanabe,4:28,,,,,,,,,,,33:39,Jonas Valančiūnas,28:53,Solomon Hill,28:37,Jaren Jackson Jr.,25:46,Grayson Allen,24:42,Dillon Brooks,24:02,Tyus Jones,22:34,Bruno Caboclo,12:44,Marko Gudurić,4:46
0,.000,1,25.000,3,,112,0,2,66.7,2,.500,2.0,66.7,3.0,4,2,1.000,2,50.000,Logos via Sports Logos.net / About logos,L,https://www.basketball-reference.com/boxscores/201912070UTA.html,Away,126,20:22,1,33.3,UTA,Donovan Mitchell,Tony Bradley,3:53,Dante Exum,3:53,Miye Oni,3:53,Juwan Morgan,1:38,,,,,32:58,Bojan Bogdanović,31:12,Rudy Gobert,30:40,Royce O'Neale,27:33,Joe Ingles,27:27,Jeff Green,25:47,Emmanuel Mudiay,21:44,Georges Niang,16:02,Ed Davis,13:20,126,2,6,4.0,66.7,0.0,0.0,2.0,33.3,De'Anthony Melton,14,2,2019-2020,2.0,0,3.0,MEM,112,Jaren Jackson Jr.,Yuta Watanabe,3:53,,,,,,,,,,,32:43,Jae Crowder,30:54,Tyus Jones,27:38,Solomon Hill,27:34,Grayson Allen,25:23,Dillon Brooks,22:37,Jonas Valančiūnas,20:45,Marko Gudurić,17:06,Bruno Caboclo,11:05
0,.000,1,16.667,3,0.75,110,0,4,100.0,3,.500,3.0,60.0,5.0,6,1,1.000,1,16.667,Logos via Sports Logos.net / About logos,W,https://www.basketball-reference.com/boxscores/201912090GSW.html,Away,102,17:02,0,0.0,GSW,D'Angelo Russell,Jacob Evans,11:13,Kevon Looney,10:18,,,,,,,,,34:06,Draymond Green,33:23,Glenn Robinson III,31:49,Alec Burks,30:06,Willie Cauley-Stein,24:16,Eric Paschall,21:29,Ky Bowman,16:05,Omari Spellman,14:37,Marquese Chriss,12:38,102,0,7,6.0,85.7,0.0,0.0,1.0,14.3,De'Anthony Melton,8,2,2019-2020,2.0,4,4.0,MEM,110,Dillon Brooks,Bruno Caboclo,6:30,,,,,,,,,,,30:44,Jae Crowder,30:20,Solomon Hill,30:16,Ja Morant,29:27,Jaren Jackson Jr.,29:22,Jonas Valančiūnas,27:16,Tyus Jones,15:32,Grayson Allen,11:49,Marko Gudurić,11:42
1,1.000,1,25.000,3,3.00,115,1,5,83.3,3,.750,2.0,66.7,3.0,4,2,1.000,2,50.000,Logos via Sports Logos.net / About logos,W,https://www.basketball-reference.com/boxscores/201912110PHO.html,Away,108,18:46,1,16.7,PHO,Devin Booker,,,,,,,,,,,,,39:17,Kelly Oubre Jr.,37:48,Ricky Rubio,37:36,Dario Šarić,26:05,Frank Kaminsky,25:48,Cameron Johnson,24:11,Mikal Bridges,20:45,Aron Baynes,18:04,Ty Jerome,10:24,108,5,9,4.0,44.4,3.0,33.3,2.0,22.2,De'Anthony Melton,7,0,2019-2020,1.0,1,6.0,MEM,115,Ja Morant,Marko Gudurić,5:41,,,,,,,,,,,33:23,Jae Crowder,31:53,Jaren Jackson Jr.,31:36,Dillon Brooks,27:15,Jonas Valančiūnas,25:13,Brandon Clarke,21:57,Solomon Hill,17:08,Tyus Jones,14:37,Kyle Anderson,12:31
0,.000,3,33.333,5,,127,1,4,80.0,2,.222,2.0,33.3,6.0,9,0,,0,0.000,Logos via Sports Logos.net / About logos,L,https://www.basketball-reference.com/boxscores/201912130MEM.html,Home,114,23:10,1,20.0,MIL,Khris Middleton,Pat Connaughton,16:14,Robin Lopez,7:48,Thanasis Antetokounmpo,0:42,,,,,,,35:04,George Hill,28:53,Giannis Antetokounmpo,26:46,Wesley Matthews,25:13,Brook Lopez,23:38,D.J. Wilson,21:06,Donte DiVincenzo,19:00,Sterling Brown,18:38,Eric Bledsoe,16:58,127,5,4,4.0,100.0,0.0,0.0,0.0,0.0,De'Anthony Melton,13,2,2019-2020,3.0,0,5.0,MEM,114,Dillon Brooks,,,,,,,,,,,,,34:45,Jae Crowder,33:02,Solomon Hill,29:58,Jaren Jackson Jr.,29:19,Tyus Jones,24:50,Jonas Valančiūnas,19:25,Kyle Anderson,18:31,Bruno Caboclo,14:24,Marko Gudurić,12:36
0,,0,0.000,4,1.00,111,0,3,75.0,2,.500,2.0,50.0,4.0,4,3,.750,4,100.000,Logos via Sports Logos.net / About logos,W,https://www.basketball-reference.com/boxscores/201912140MEM.html,Home,128,22:22,1,25.0,WAS,Bradley Beal,Justin Robinson,5:20,Garrison Mathews,5:04,,,,,,,,,33:57,Troy Brown Jr.,30:51,Rui Hachimura,28:40,Ish Smith,28:05,Isaac Bonga,26:08,Dāvis Bertāns,25:23,Admiral Schofield,20:52,Chris Chiozza,18:16,Ian Mahinmi,17:24,111,5,7,4.0,57.1,0.0,0.0,3.0,42.9,De'Anthony Melton,17,1,2019-2020,1.0,4,4.0,MEM,128,Jonas Valančiūnas,Yuta Watanabe,7:07,Bruno Caboclo,4:34,,,,,,,,,28:44,Ja Morant,28:27,Dillon Brooks,26:21,Kyle Anderson,25:44,Brandon Clarke,24:13,Jaren Jackson Jr.,23:49,Tyus Jones,20:30,Marko Gudurić,16:56,Solomon Hill,11:13
1,1.000,1,14.286,4,1.33,111,0,3,42.9,3,.429,2.0,33.3,6.0,7,9,.818,11,157.143,Logos via Sports Logos.net / About logos,W,https://www.basketball-reference.com/boxscores/201912160MEM.html,Home,118,25:07,4,57.1,MIA,Bam Adebayo,,,,,,,,,,,,,43:27,Jimmy Butler,38:54,Tyler Herro,37:53,Derrick Jones Jr.,31:00,Kendrick Nunn,28:28,Duncan Robinson,23:16,Kelly Olynyk,17:35,Meyers Leonard,16:39,Chris Silva,2:48,111,1,16,4.0,25.0,3.0,18.8,9.0,56.2,De'Anthony Melton,7,1,2019-2020,1.0,3,7.0,MEM,118,Jaren Jackson Jr.,,,,,,,,,,,,,34:57,Jae Crowder,33:57,Ja Morant,32:11,Brandon Clarke,25:34,Jonas Valančiūnas,24:39,Dillon Brooks,22:53,Tyus Jones,15:49,Kyle Anderson,14:03,Solomon Hill,10:50
1,.333,3,42.857,2,,122,0,4,80.0,2,.286,1.0,25.0,4.0,7,0,,0,0.000,Logos via Sports Logos.net / About logos,L,https://www.basketball-reference.com/boxscores/201912180OKC.html,Away,126,14:44,1,20.0,OKC,Shai Gilgeous-Alexander,Mike Muscala,2:03,,,,,,,,,,,38:42,Dennis Schröder,32:11,Chris Paul,30:39,Danilo Gallinari,30:17,Steven Adams,30:16,Terrance Ferguson,25:41,Abdel Nader,21:25,Nerlens Noel,17:44,Darius Bazley,11:01,126,3,5,2.0,40.0,3.0,60.0,0.0,0.0,De'Anthony Melton,4,0,2019-2020,0.0,0,5.0,MEM,122,Dillon Brooks,,,,,,,,,,,,,33:16,Ja Morant,32:56,Jae Crowder,32:50,Solomon Hill,28:54,Jonas Valančiūnas,26:03,Brandon Clarke,25:14,Jaren Jackson Jr.,15:49,Kyle Anderson,15:10,Tyus Jones,15:04
2,.667,3,60.000,4,2.00,107,0,2,66.7,3,.600,1.0,50.0,2.0,5,0,.000,1,20.000,Logos via Sports Logos.net / About logos,L,https://www.basketball-reference.com/boxscores/201912200CLE.html,Away,114,17:49,1,33.3,CLE,Tristan Thompson,Matthew Dellavedova,15:40,,,,,,,,,,,31:39,Jordan Clarkson,30:25,Darius Garland,29:00,Kevin Love,28:22,Collin Sexton,24:55,Kevin Porter Jr.,22:53,Cedi Osman,21:07,Larry Nance Jr.,19:38,John Henson,16:20,114,1,8,2.0,25.0,6.0,75.0,0.0,0.0,De'Anthony Melton,7,2,2019-2020,2.0,2,3.0,MEM,107,Jaren Jackson Jr.,Kyle Anderson,6:45,,,,,,,,,,,34:08,Dillon Brooks,32:44,Jonas Valančiūnas,30:13,Ja Morant,28:33,Jae Crowder,28:01,Tyus Jones,19:27,Brandon Clarke,17:12,Solomon Hill,14:25,Grayson Allen,10:41
1,1.000,1,16.667,4,,115,0,3,100.0,4,.667,3.0,60.0,5.0,6,2,1.000,2,33.333,Logos via Sports Logos.net / About logos,W,https://www.basketball-reference.com/boxscores/201912210MEM.html,Home,119,14:56,0,0.0,SAC,Buddy Hield,,,,,,,,,,,,,38:41,Harrison Barnes,36:58,De'Aaron Fox,29:48,Richaun Holmes,29:01,Trevor Ariza,28:03,Cory Joseph,26:31,Marvin Bagley III,25:39,Nemanja Bjelica,25:18,,,115,1,11,6.0,54.5,3.0,27.3,2.0,18.2,De'Anthony Melton,4,2,2019-2020,2.0,0,3.0,MEM,119,Jaren Jackson Jr.,Bruno Caboclo,4:48,,,,,,,,,,,30:53,Jae Crowder,30:39,Ja Morant,30:09,Dillon Brooks,29:52,Solomon Hill,27:43,Grayson Allen,20:33,Brandon Clarke,18:45,Tyus Jones,18:04,Kyle Anderson,13:38
0,.000,2,22.222,3,1.00,145,0,3,100.0,3,.333,3.0,42.9,7.0,9,0,,0,0.000,Logos via Sports Logos.net / About logos,L,https://www.basketball-reference.com/boxscores/201912230MEM.html,Home,115,17:41,0,0.0,SAS,LaMarcus Aldridge,Jakob Poeltl,12:43,Chimezie Metu,3:31,Lonnie Walker IV,3:31,DeMarre Carroll,3:05,,,,,31:46,DeMar DeRozan,28:59,Dejounte Murray,28:12,Trey Lyles,25:09,Bryn Forbes,24:52,Marco Belinelli,20:38,Derrick White,19:48,Rudy Gay,19:46,Patty Mills,18:00,145,2,6,6.0,100.0,0.0,0.0,0.0,0.0,De'Anthony Melton,30,3,2019-2020,3.0,3,3.0,MEM,115,Jaren Jackson Jr.,Kyle Anderson,9:12,Bruno Caboclo,3:05,,,,,,,,,31:39,Ja Morant,30:25,Jae Crowder,29:32,Dillon Brooks,25:05,Jonas Valančiūnas,24:45,Brandon Clarke,21:06,Tyus Jones,17:35,Grayson Allen,17:35,Solomon Hill,12:20
0,,0,0.000,4,1.00,110,0,7,87.5,4,.571,4.0,57.1,7.0,7,1,1.000,1,14.286,Logos via Sports Logos.net / About logos,W,https://www.basketball-reference.com/boxscores/201912260OKC.html,Away,97,20:12,1,12.5,OKC,Shai Gilgeous-Alexander,Deonte Burton,9:27,Kevin Hervey,1:18,,,,,,,,,37:08,Terrance Ferguson,34:59,Chris Paul,33:45,Dennis Schröder,32:29,Steven Adams,27:34,Darius Bazley,18:32,Abdel Nader,16:47,Nerlens Noel,16:33,Mike Muscala,11:28,97,1,9,8.0,88.9,0.0,0.0,1.0,11.1,De'Anthony Melton,13,2,2019-2020,2.0,4,8.0,MEM,110,Jaren Jackson Jr.,Kyle Anderson,12:12,,,,,,,,,,,34:33,Jonas Valančiūnas,27:56,Ja Morant,26:26,Jae Crowder,25:32,Dillon Brooks,25:15,Tyus Jones,21:34,Brandon Clarke,19:17,Solomon Hill,14:14,Grayson Allen,12:49
1,.333,3,33.333,1,1.00,110,1,3,75.0,6,.667,5.0,83.3,6.0,9,4,1.000,4,44.444,Logos via Sports Logos.net / About logos,L,https://www.basketball-reference.com/boxscores/201912280DEN.html,Away,119,12:57,1,25.0,DEN,Gary Harris,Malik Beasley,2:20,,,,,,,,,,,36:39,Will Barton,35:47,Jamal Murray,35:38,Nikola Jokić,32:57,Jerami Grant,31:55,Mason Plumlee,19:40,Michael Porter Jr.,18:43,Monte Morris,14:53,Juancho Hernangómez,11:28,119,6,17,10.0,58.8,3.0,17.6,4.0,23.5,De'Anthony Melton,9,2,2019-2020,3.0,1,4.0,MEM,110,Ja Morant,Kyle Anderson,12:42,Bruno Caboclo,1:32,,,,,,,,,30:26,Jaren Jackson Jr.,30:04,Dillon Brooks,29:19,Jae Crowder,27:08,Jonas Valančiūnas,23:48,Brandon Clarke,22:40,Solomon Hill,17:56,Tyus Jones,17:34,Grayson Allen,13:54
1,.500,2,40.000,2,,104,0,2,100.0,3,.600,2.0,66.7,3.0,5,0,,0,0.000,Logos via Sports Logos.net / About logos,W,https://www.basketball-reference.com/boxscores/201912290MEM.html,Home,117,23:09,0,0.0,CHO,Terry Rozier,Michael Kidd-Gilchrist,4:36,Willy Hernangómez,2:19,Dwayne Bacon,2:19,,,,,,,37:08,Devonte' Graham,34:58,P.J. Washington,28:12,Miles Bridges,26:09,Malik Monk,25:59,Marvin Williams,23:23,Bismack Biyombo,20:35,Cody Zeller,19:12,Cody Martin,15:09,104,1,7,4.0,57.1,3.0,42.9,0.0,0.0,De'Anthony Melton,13,1,2019-2020,1.0,0,2.0,MEM,117,Ja Morant,Bruno Caboclo,1:28,John Konchar,1:28,,,,,,,,,28:22,Grayson Allen,25:42,Jaren Jackson Jr.,25:28,Brandon Clarke,25:05,Dillon Brooks,23:18,Jonas Valančiūnas,22:51,Kyle Anderson,22:23,Solomon Hill,21:07,Tyus Jones,19:38
0,.000,2,28.571,1,0.50,123,0,4,80.0,5,.714,5.0,100.0,5.0,7,6,1.000,6,85.714,Logos via Sports Logos.net / About logos,L,https://www.basketball-reference.com/boxscores/202001020SAC.html,Away,128,21:30,1,20.0,SAC,Harrison Barnes,Justin James,0:10,,,,,,,,,,,35:48,Richaun Holmes,34:16,Buddy Hield,33:36,De'Aaron Fox,29:53,Nemanja Bjelica,27:45,Trevor Ariza,25:27,Bogdan Bogdanović,22:32,Cory Joseph,18:26,Harry Giles,12:07,128,1,16,10.0,62.5,0.0,0.0,6.0,37.5,De'Anthony Melton,5,1,2019-2020,1.0,2,5.0,MEM,123,Ja Morant,Grayson Allen,6:43,,,,,,,,,,,32:37,Jaren Jackson Jr.,31:46,Jae Crowder,30:57,Jonas Valančiūnas,29:27,Dillon Brooks,27:45,Brandon Clarke,19:35,Tyus Jones,15:23,Solomon Hill,14:56,Kyle Anderson,9:21
1,.250,4,50.000,4,,140,0,6,85.7,2,.250,1.0,25.0,4.0,8,3,1.000,3,37.500,Logos via Sports Logos.net / About logos,W,https://www.basketball-reference.com/boxscores/202001040LAC.html,Away,114,16:39,1,14.3,LAC,Kawhi Leonard,Rodney McGruder,13:03,Patrick Patterson,6:57,Amir Coffey,4:26,Johnathan Motley,4:26,,,,,35:11,Landry Shamet,28:19,Montrezl Harrell,26:29,Lou Williams,25:16,Derrick Walton,22:44,Jerome Robinson,20:46,JaMychal Green,18:02,Maurice Harkless,17:16,Ivica Zubac,17:05,114,1,8,2.0,25.0,3.0,37.5,3.0,37.5,De'Anthony Melton,26,2,2019-2020,2.0,0,7.0,MEM,140,Jaren Jackson Jr.,Kyle Anderson,7:02,Marko Gudurić,3:00,,,,,,,,,33:55,Jae Crowder,31:20,Ja Morant,29:35,Dillon Brooks,28:21,Jonas Valančiūnas,22:11,Tyus Jones,18:25,Brandon Clarke,17:45,Solomon Hill,16:53,Grayson Allen,14:54
1,.333,3,75.000,0,0.00,121,2,2,100.0,2,.500,1.0,100.0,1.0,4,3,1.000,3,75.000,Logos via Sports Logos.net / About logos,W,https://www.basketball-reference.com/boxscores/202001050PHO.html,Away,114,15:31,0,0.0,PHO,Kelly Oubre Jr.,Dario Šarić,5:34,,,,,,,,,,,38:29,Devin Booker,37:14,Ricky Rubio,36:56,Deandre Ayton,31:42,Mikal Bridges,31:28,Aron Baynes,26:06,Cameron Johnson,12:23,Elie Okobo,11:04,Tyler Johnson,9:04,114,1,8,2.0,25.0,3.0,37.5,3.0,37.5,De'Anthony Melton,7,0,2019-2020,2.0,1,2.0,MEM,121,Jaren Jackson Jr.,Grayson Allen,12:28,,,,,,,,,,,30:55,Dillon Brooks,29:31,Ja Morant,27:50,Jonas Valančiūnas,26:35,Jae Crowder,25:19,Brandon Clarke,21:30,Tyus Jones,20:26,Solomon Hill,16:24,Kyle Anderson,13:31
0,.000,2,40.000,1,1.00,112,0,3,75.0,2,.400,2.0,66.7,3.0,5,2,1.000,2,40.000,Logos via Sports Logos.net / About logos,W,https://www.basketball-reference.com/boxscores/202001070MEM.html,Home,119,21:03,1,25.0,MIN,Andrew Wiggins,Noah Vonleh,13:52,Naz Reid,10:35,,,,,,,,,33:29,Robert Covington,31:53,Jeff Teague,28:34,Jarrett Culver,28:17,Shabazz Napier,24:30,Gorgui Dieng,23:33,Keita Bates-Diop,16:45,Josh Okogie,14:26,Kelan Martin,14:06,112,1,6,4.0,66.7,0.0,0.0,2.0,33.3,De'Anthony Melton,7,1,2019-2020,1.0,1,4.0,MEM,119,Ja Morant,Grayson Allen,6:15,,,,,,,,,,,31:27,Dillon Brooks,31:05,Jaren Jackson Jr.,30:59,Jae Crowder,30:41,Jonas Valančiūnas,22:27,Solomon Hill,18:41,Brandon Clarke,17:35,Tyus Jones,16:01,Kyle Anderson,13:46
1,.500,2,18.182,6,6.00,121,1,4,100.0,6,.545,5.0,55.6,9.0,11,0,,0,0.000,Logos via Sports Logos.net / About logos,W,https://www.basketball-reference.com/boxscores/202001100MEM.html,Home,134,17:26,0,0.0,SAS,DeMar DeRozan,Jakob Poeltl,11:48,Marco Belinelli,2:19,Drew Eubanks,1:46,,,,,,,37:47,LaMarcus Aldridge,34:26,Bryn Forbes,28:39,Rudy Gay,25:44,Dejounte Murray,24:09,Patty Mills,23:03,Derrick White,19:36,Trey Lyles,15:58,Lonnie Walker IV,14:45,121,2,13,10.0,76.9,3.0,23.1,0.0,0.0,De'Anthony Melton,13,0,2019-2020,1.0,1,4.0,MEM,134,Ja Morant,Solomon Hill,11:32,,,,,,,,,,,33:35,Dillon Brooks,30:34,Jonas Valančiūnas,30:13,Jaren Jackson Jr.,24:32,Brandon Clarke,23:15,Jae Crowder,22:55,Grayson Allen,19:39,Tyus Jones,14:25,Kyle Anderson,11:54
1,.250,4,44.444,5,2.50,102,2,3,100.0,4,.444,3.0,60.0,5.0,9,1,.500,2,22.222,Logos via Sports Logos.net / About logos,W,https://www.basketball-reference.com/boxscores/202001120MEM.html,Home,122,19:37,0,0.0,GSW,D'Angelo Russell,Alen Smailagić,7:04,,,,,,,,,,,34:39,Eric Paschall,29:55,Glenn Robinson III,28:48,Alec Burks,27:32,Jordan Poole,27:27,Omari Spellman,26:46,Draymond Green,23:03,Jacob Evans,17:48,Willie Cauley-Stein,16:58,102,2,10,6.0,60.0,3.0,30.0,1.0,10.0,De'Anthony Melton,20,2,2019-2020,4.0,2,3.0,MEM,122,Ja Morant,Kyle Anderson,13:25,Bruno Caboclo,2:14,Marko Gudurić,2:14,,,,,,,29:35,Jonas Valančiūnas,28:42,Jaren Jackson Jr.,27:36,Dillon Brooks,26:09,Jae Crowder,20:21,Brandon Clarke,18:46,Tyus Jones,18:25,Solomon Hill,17:12,Grayson Allen,15:44
1,.250,4,44.444,4,,110,1,5,83.3,4,.444,3.0,60.0,5.0,9,3,.750,4,44.444,Logos via Sports Logos.net / About logos,W,https://www.basketball-reference.com/boxscores/202001140MEM.html,Home,121,26:04,1,16.7,HOU,James Harden,,,,,,,,,,,,,39:08,P.J. Tucker,38:21,Ben McLemore,38:16,Clint Capela,33:08,Eric Gordon,31:41,Austin Rivers,26:32,Danuel House Jr.,26:28,Isaiah Hartenstein,3:59,Tyson Chandler,2:27,110,1,12,6.0,50.0,3.0,25.0,3.0,25.0,De'Anthony Melton,11,0,2019-2020,1.0,0,6.0,MEM,121,Ja Morant,,,,,,,,,,,,,36:53,Dillon Brooks,31:08,Jaren Jackson Jr.,30:13,Jonas Valančiūnas,27:55,Brandon Clarke,23:56,Grayson Allen,21:22,Kyle Anderson,17:26,Solomon Hill,13:56,Tyus Jones,11:07
0,.000,1,25.000,4,2.00,109,0,4,80.0,1,.250,1.0,33.3,3.0,4,1,.500,2,50.000,Logos via Sports Logos.net / About logos,W,https://www.basketball-reference.com/boxscores/202001170MEM.html,Home,113,19:56,1,20.0,CLE,Collin Sexton,Matthew Dellavedova,12:12,,,,,,,,,,,37:03,Kevin Love,34:23,Darius Garland,30:40,Alfonzo McKinnie,26:36,Tristan Thompson,24:52,Larry Nance Jr.,24:05,Cedi Osman,21:24,Dante Exum,16:05,John Henson,12:40,109,2,3,2.0,66.7,0.0,0.0,1.0,33.3,De'Anthony Melton,4,4,2019-2020,4.0,2,5.0,MEM,113,Ja Morant,Kyle Anderson,5:21,,,,,,,,,,,33:14,Jonas Valančiūnas,32:29,Jae Crowder,30:19,Dillon Brooks,28:28,Brandon Clarke,25:19,Jaren Jackson Jr.,19:31,Grayson Allen,16:09,Solomon Hill,14:52,Tyus Jones,14:22
0,.000,1,12.500,2,0.67,126,0,2,100.0,4,.500,4.0,57.1,7.0,8,2,1.000,2,25.000,Logos via Sports Logos.net / About logos,L,https://www.basketball-reference.com/boxscores/202001200MEM.html,Home,116,22:38,0,0.0,NOP,Brandon Ingram,Nickeil Alexander-Walker,12:43,,,,,,,,,,,34:59,Lonzo Ball,34:25,Jrue Holiday,32:09,Nicolò Melli,28:56,JJ Redick,21:43,E'Twaun Moore,20:54,Jaxson Hayes,19:04,Frank Jackson,17:46,Josh Hart,17:21,126,2,10,8.0,80.0,0.0,0.0,2.0,20.0,De'Anthony Melton,10,2,2019-2020,2.0,3,2.0,MEM,116,Dillon Brooks,Grayson Allen,12:41,,,,,,,,,,,35:22,Ja Morant,34:34,Jaren Jackson Jr.,30:28,Brandon Clarke,23:26,Jonas Valančiūnas,20:31,Jae Crowder,17:59,Solomon Hill,14:49,Kyle Anderson,14:06,Tyus Jones,13:26
0,.000,1,16.667,3,1.00,95,1,1,100.0,4,.667,4.0,80.0,5.0,6,0,,0,0.000,Logos via Sports Logos.net / About logos,L,https://www.basketball-reference.com/boxscores/202001220BOS.html,Away,119,21:59,0,0.0,BOS,Marcus Smart,Carsen Edwards,12:00,Grant Williams,12:00,Vincent Poirier,10:05,,,,,,,29:01,Gordon Hayward,28:03,Jayson Tatum,26:08,Kemba Walker,25:56,Brad Wanamaker,25:08,Javonte Green,19:07,Enes Freedom,19:02,Daniel Theis,18:53,Semi Ojeleye,14:37,119,1,8,8.0,100.0,0.0,0.0,0.0,0.0,De'Anthony Melton,24,1,2019-2020,2.0,3,1.0,MEM,95,Jonas Valančiūnas,Kyle Anderson,14:18,Marko Gudurić,11:09,,,,,,,,,26:08,Jaren Jackson Jr.,25:35,Ja Morant,23:59,Brandon Clarke,23:05,Solomon Hill,21:12,Dillon Brooks,18:59,Jae Crowder,18:20,Grayson Allen,18:02,Tyus Jones,17:14
1,1.000,1,11.111,5,,125,0,4,100.0,6,.667,5.0,62.5,8.0,9,1,1.000,1,11.111,Logos via Sports Logos.net / About logos,W,https://www.basketball-reference.com/boxscores/202001240DET.html,Away,112,24:13,0,0.0,DET,Langston Galloway,Tim Frazier,3:48,,,,,,,,,,,34:40,Derrick Rose,33:10,Svi Mykhailiuk,31:55,Markieff Morris,28:21,Christian Wood,28:16,Reggie Jackson,23:10,Sekou Doumbouya,22:42,Thon Maker,19:44,Louis King,14:14,112,1,14,10.0,71.4,3.0,21.4,1.0,7.1,De'Anthony Melton,13,0,2019-2020,0.0,0,4.0,MEM,125,Ja Morant,Grayson Allen,6:15,,,,,,,,,,,31:42,Jaren Jackson Jr.,30:53,Dillon Brooks,28:52,Jonas Valančiūnas,26:50,Jae Crowder,25:13,Brandon Clarke,25:09,Tyus Jones,14:04,Kyle Anderson,13:41,Solomon Hill,13:08
1,1.000,1,16.667,2,0.67,109,0,2,66.7,4,.667,3.0,60.0,5.0,6,1,1.000,1,16.667,Logos via Sports Logos.net / About logos,W,https://www.basketball-reference.com/boxscores/202001260MEM.html,Home,114,17:42,1,33.3,PHO,Deandre Ayton,Elie Okobo,6:33,,,,,,,,,,,39:33,Devin Booker,39:28,Kelly Oubre Jr.,38:07,Ricky Rubio,30:59,Mikal Bridges,25:37,Dario Šarić,22:37,Jevon Carter,18:45,Ty Jerome,10:07,Cheick Diallo,8:13,109,2,10,6.0,60.0,3.0,30.0,1.0,10.0,De'Anthony Melton,5,1,2019-2020,1.0,3,3.0,MEM,114,Dillon Brooks,,,,,,,,,,,,,36:08,Ja Morant,33:53,Jaren Jackson Jr.,33:47,Kyle Anderson,28:43,Jonas Valančiūnas,25:14,Brandon Clarke,23:10,Solomon Hill,20:04,Tyus Jones,16:17,Marko Gudurić,5:00
0,.000,2,28.571,1,,111,0,1,100.0,3,.429,3.0,60.0,5.0,7,1,.500,2,28.571,Logos via Sports Logos.net / About logos,L,https://www.basketball-reference.com/boxscores/202001310NOP.html,Away,139,17:18,0,0.0,NOP,Lonzo Ball,Jaxson Hayes,14:46,Frank Jackson,6:25,Nickeil Alexander-Walker,5:51,,,,,,,33:09,Zion Williamson,28:43,Josh Hart,27:48,Jrue Holiday,25:44,Brandon Ingram,24:04,Derrick Favors,19:34,E'Twaun Moore,18:55,Nicolò Melli,17:59,JJ Redick,17:01,139,2,7,6.0,85.7,0.0,0.0,1.0,14.3,De'Anthony Melton,28,1,2019-2020,1.0,0,1.0,MEM,111,Josh Jackson,Yuta Watanabe,6:43,,,,,,,,,,,28:51,Jae Crowder,27:46,Dillon Brooks,26:50,Ja Morant,26:45,Jonas Valančiūnas,26:44,Solomon Hill,25:42,Kyle Anderson,23:46,Tyus Jones,21:15,John Konchar,8:20
0,,0,0.000,1,1.00,82,0,0,,1,.167,1.0,16.7,6.0,6,0,,0,0.000,Logos via Sports Logos.net / About logos,W,https://www.basketball-reference.com/boxscores/202002030MEM.html,Home,96,14:06,0,,DET,Bruce Brown,,,,,,,,,,,,,38:21,Langston Galloway,36:42,Andre Drummond,35:55,Christian Wood,34:17,Tony Snell,29:22,Sekou Doumbouya,26:22,Reggie Jackson,24:23,Thon Maker,14:38,,,82,1,2,2.0,100.0,0.0,0.0,0.0,0.0,De'Anthony Melton,14,1,2019-2020,1.0,1,0.0,MEM,96,Dillon Brooks,Josh Jackson,11:44,,,,,,,,,,,30:20,Jonas Valančiūnas,30:02,Jaren Jackson Jr.,29:40,Ja Morant,27:01,Jae Crowder,24:46,Brandon Clarke,22:40,Tyus Jones,20:59,Kyle Anderson,15:04,Solomon Hill,13:38
0,.000,1,9.091,5,2.50,121,1,8,88.9,3,.273,3.0,30.0,10.0,11,4,.667,6,54.545,Logos via Sports Logos.net / About logos,W,https://www.basketball-reference.com/boxscores/202002050DAL.html,Away,107,27:54,1,11.1,DAL,Tim Hardaway Jr.,Courtney Lee,12:00,Antonius Cleveland,4:06,Boban Marjanović,3:12,,,,,,,34:01,Dorian Finney-Smith,33:39,Jalen Brunson,32:46,Maxi Kleber,31:40,Kristaps Porziņģis,29:08,Delon Wright,20:43,Justin Jackson,14:22,Ryan Broekhoff,12:21,Willie Cauley-Stein,12:01,107,1,10,6.0,60.0,0.0,0.0,4.0,40.0,De'Anthony Melton,14,1,2019-2020,2.0,2,9.0,MEM,121,Dillon Brooks,,,,,,,,,,,,,33:18,Jaren Jackson Jr.,31:38,Ja Morant,30:44,Jonas Valančiūnas,27:33,Kyle Anderson,26:00,Brandon Clarke,23:54,Josh Jackson,20:17,Tyus Jones,17:28,Yuta Watanabe,1:13
0,.000,3,33.333,3,,107,0,2,100.0,1,.111,1.0,16.7,6.0,9,2,1.000,2,22.222,Logos via Sports Logos.net / About logos,L,https://www.basketball-reference.com/boxscores/202002070PHI.html,Away,119,22:50,0,0.0,PHI,Ben Simmons,Norvel Pelle,7:17,Zhaire Smith,2:49,Raul Neto,2:49,Marial Shayok,2:49,,,,,34:51,Tobias Harris,32:33,Matisse Thybulle,32:11,Al Horford,30:47,Furkan Korkmaz,28:46,Shake Milton,21:41,Joel Embiid,15:52,Josh Richardson,14:57,Mike Scott,12:38,119,2,4,2.0,50.0,0.0,0.0,2.0,50.0,De'Anthony Melton,12,5,2019-2020,5.0,0,2.0,MEM,107,Kyle Anderson,Marko Gudurić,4:24,John Konchar,4:24,,,,,,,,,28:28,Jonas Valančiūnas,28:08,Ja Morant,27:53,Dillon Brooks,26:31,Brandon Clarke,22:52,Josh Jackson,22:44,Tyus Jones,20:07,Jaren Jackson Jr.,19:51,Yuta Watanabe,11:48
0,.000,6,50.000,1,1.00,106,0,0,0.0,3,.250,3.0,50.0,6.0,12,1,1.000,1,8.333,Logos via Sports Logos.net / About logos,W,https://www.basketball-reference.com/boxscores/202002090WAS.html,Away,99,20:37,1,100.0,WAS,Bradley Beal,Jerome Robinson,15:49,,,,,,,,,,,34:02,Dāvis Bertāns,31:45,Ish Smith,28:34,Rui Hachimura,24:58,Troy Brown Jr.,24:14,Moritz Wagner,24:05,Shabazz Napier,20:57,Ian Mahinmi,18:28,Isaac Bonga,17:08,99,3,7,6.0,85.7,0.0,0.0,1.0,14.3,De'Anthony Melton,7,1,2019-2020,1.0,1,1.0,MEM,106,Ja Morant,,,,,,,,,,,,,35:00,Dillon Brooks,30:18,Jaren Jackson Jr.,30:12,Jonas Valančiūnas,30:00,Kyle Anderson,29:48,Brandon Clarke,20:53,Tyus Jones,19:09,Josh Jackson,13:55,Yuta Watanabe,10:08
1,.333,3,42.857,4,1.33,104,0,4,100.0,4,.571,3.0,75.0,4.0,7,3,.600,5,71.429,Logos via Sports Logos.net / About logos,W,https://www.basketball-reference.com/boxscores/202002120MEM.html,Home,111,25:57,0,0.0,POR,CJ McCollum,Moses Brown,0:19,,,,,,,,,,,40:12,Damian Lillard,36:40,Carmelo Anthony,35:36,Trevor Ariza,35:05,Hassan Whiteside,34:13,Anfernee Simons,27:50,Gary Trent Jr.,16:10,Caleb Swanigan,12:29,Wenyen Gabriel,1:26,104,0,12,6.0,50.0,3.0,25.0,3.0,25.0,De'Anthony Melton,7,0,2019-2020,0.0,3,4.0,MEM,111,Jaren Jackson Jr.,,,,,,,,,,,,,33:13,Ja Morant,32:08,Jonas Valančiūnas,27:29,Kyle Anderson,26:23,Dillon Brooks,22:49,Brandon Clarke,22:45,Josh Jackson,20:51,Tyus Jones,15:52,Gorgui Dieng,12:33
4,.800,5,50.000,3,3.00,125,1,5,83.3,5,.500,1.0,20.0,5.0,10,10,1.000,10,100.000,Logos via Sports Logos.net / About logos,L,https://www.basketball-reference.com/boxscores/202002200SAC.html,Away,129,23:09,1,16.7,SAC,Harrison Barnes,Justin James,0:06,,,,,,,,,,,37:52,De'Aaron Fox,33:50,Nemanja Bjelica,32:05,Buddy Hield,26:45,Harry Giles,25:02,Bogdan Bogdanović,24:31,Kent Bazemore,22:54,Cory Joseph,22:18,Jabari Parker,14:37,129,1,24,2.0,8.3,12.0,50.0,10.0,41.7,De'Anthony Melton,4,1,2019-2020,2.0,1,6.0,MEM,125,Jaren Jackson Jr.,Marko Gudurić,6:38,,,,,,,,,,,32:39,Ja Morant,30:15,Dillon Brooks,30:11,Brandon Clarke,24:44,Kyle Anderson,22:48,Jonas Valančiūnas,20:20,Tyus Jones,18:06,Josh Jackson,17:59,Gorgui Dieng,13:11
0,.000,2,25.000,4,2.00,105,0,1,100.0,1,.125,1.0,16.7,6.0,8,1,.500,2,25.000,Logos via Sports Logos.net / About logos,L,https://www.basketball-reference.com/boxscores/202002210LAL.html,Away,117,23:50,0,0.0,LAL,LeBron James,JaVale McGee,14:19,Jared Dudley,2:15,,,,,,,,,35:35,Anthony Davis,30:33,Avery Bradley,29:00,Danny Green,25:38,Kentavious Caldwell-Pope,24:11,Kyle Kuzma,23:23,Alex Caruso,23:03,Rajon Rondo,16:14,Dwight Howard,15:49,117,3,3,2.0,66.7,0.0,0.0,1.0,33.3,De'Anthony Melton,12,0,2019-2020,0.0,2,1.0,MEM,105,Brandon Clarke,Marko Gudurić,3:11,,,,,,,,,,,32:30,Ja Morant,30:31,Dillon Brooks,26:08,Jonas Valančiūnas,24:03,Josh Jackson,22:42,Kyle Anderson,22:17,Gorgui Dieng,20:57,Tyus Jones,17:29,Jaren Jackson Jr.,16:22
0,.000,2,33.333,1,0.50,97,0,0,0.0,2,.333,2.0,50.0,4.0,6,1,.500,2,33.333,Logos via Sports Logos.net / About logos,L,https://www.basketball-reference.com/boxscores/202002240LAC.html,Away,124,18:33,1,100.0,LAC,Kawhi Leonard,Patrick Beverley,19:16,Amir Coffey,7:42,Patrick Patterson,6:59,Rodney McGruder,4:44,,,,,24:49,Marcus Morris,24:19,Landry Shamet,23:58,JaMychal Green,22:49,Reggie Jackson,22:07,Lou Williams,21:44,Paul George,21:01,Ivica Zubac,20:55,Montrezl Harrell,19:35,124,2,5,4.0,80.0,0.0,0.0,1.0,20.0,De'Anthony Melton,27,0,2019-2020,0.0,2,1.0,MEM,97,Gorgui Dieng,Marko Gudurić,6:59,Dusty Hannahs,6:59,Brandon Clarke,3:51,,,,,,,28:06,Ja Morant,27:00,Josh Jackson,25:48,Jonas Valančiūnas,25:25,Dillon Brooks,24:45,Kyle Anderson,21:30,John Konchar,17:50,Tyus Jones,17:49,Jordan Bell,15:25
1,.250,4,50.000,3,1.00,112,0,4,57.1,3,.375,2.0,50.0,4.0,8,2,.500,4,50.000,Logos via Sports Logos.net / About logos,L,https://www.basketball-reference.com/boxscores/202002260HOU.html,Away,140,23:55,3,42.9,HOU,Russell Westbrook,Bruno Caboclo,5:43,,,,,,,,,,,33:45,Robert Covington,29:07,James Harden,28:01,Danuel House Jr.,26:07,Ben McLemore,25:40,Austin Rivers,25:12,P.J. Tucker,24:33,Jeff Green,23:27,DeMarre Carroll,18:25,140,3,9,4.0,44.4,3.0,33.3,2.0,22.2,De'Anthony Melton,28,1,2019-2020,1.0,3,7.0,MEM,112,Dillon Brooks,Marko Gudurić,7:06,Dusty Hannahs,6:27,Jordan Bell,5:57,,,,,,,30:09,Ja Morant,28:00,Josh Jackson,23:25,Jonas Valančiūnas,22:53,Tyus Jones,21:05,Gorgui Dieng,19:10,Kyle Anderson,18:22,John Konchar,17:21,Yuta Watanabe,16:10
2,.667,3,42.857,6,2.00,104,0,5,83.3,4,.571,2.0,50.0,4.0,7,0,,0,0.000,Logos via Sports Logos.net / About logos,L,https://www.basketball-reference.com/boxscores/202002280MEM.html,Home,101,24:45,1,16.7,SAC,Nemanja Bjelica,,,,,,,,,,,,,33:16,De'Aaron Fox,33:04,Harrison Barnes,32:30,Harry Giles,30:30,Kent Bazemore,29:01,Bogdan Bogdanović,27:02,Buddy Hield,23:10,Alex Len,16:24,Cory Joseph,15:00,104,4,10,4.0,40.0,6.0,60.0,0.0,0.0,De'Anthony Melton,3,0,2019-2020,0.0,3,6.0,MEM,101,Dillon Brooks,,,,,,,,,,,,,39:44,Ja Morant,35:19,Kyle Anderson,33:13,Jonas Valančiūnas,32:15,Josh Jackson,23:59,Gorgui Dieng,22:38,Tyus Jones,19:21,John Konchar,4:22,Yuta Watanabe,4:22
1,.333,3,60.000,2,,88,1,3,100.0,1,.200,0.0,0.0,2.0,5,0,,0,0.000,Logos via Sports Logos.net / About logos,W,https://www.basketball-reference.com/boxscores/202002290MEM.html,Home,105,24:37,0,0.0,LAL,LeBron James,JaVale McGee,16:35,Troy Daniels,3:04,Jared Dudley,3:04,Quinn Cook,1:45,,,,,34:19,Kentavious Caldwell-Pope,28:53,Kyle Kuzma,26:19,Rajon Rondo,25:07,Anthony Davis,24:44,Avery Bradley,20:41,Alex Caruso,20:33,Dwight Howard,18:17,Markieff Morris,16:38,88,0,3,0.0,0.0,3.0,100.0,0.0,0.0,De'Anthony Melton,17,3,2019-2020,4.0,0,3.0,MEM,105,Dillon Brooks,Marko Gudurić,1:45,,,,,,,,,,,34:47,Ja Morant,33:37,Kyle Anderson,31:27,Jonas Valančiūnas,30:47,Tyus Jones,21:37,Gorgui Dieng,21:09,Josh Jackson,15:12,Yuta Watanabe,12:36,John Konchar,12:25
1,.500,2,25.000,4,1.33,127,0,2,50.0,3,.375,2.0,33.3,6.0,8,4,.800,5,62.500,Logos via Sports Logos.net / About logos,W,https://www.basketball-reference.com/boxscores/202003020ATL.html,Away,88,23:35,2,50.0,ATL,Kevin Huerter,Vince Carter,15:12,,,,,,,,,,,32:48,John Collins,31:07,De'Andre Hunter,30:27,Trae Young,29:13,Bruno Fernando,22:59,Treveon Graham,22:57,Damian Jones,19:27,Brandon Goodwin,19:06,Jeff Teague,16:44,88,2,11,4.0,36.4,3.0,27.3,4.0,36.4,De'Anthony Melton,39,2,2019-2020,2.0,3,4.0,MEM,127,Gorgui Dieng,Marko Gudurić,5:25,Yuta Watanabe,5:25,Jarrod Uthoff,3:05,,,,,,,26:02,Jonas Valančiūnas,24:55,Josh Jackson,24:28,Dillon Brooks,24:27,Ja Morant,24:06,Kyle Anderson,20:43,John Konchar,19:55,Tyus Jones,18:59,Anthony Tolliver,18:55
3,.429,7,77.778,3,,118,1,3,100.0,3,.333,0.0,0.0,2.0,9,0,,0,0.000,Logos via Sports Logos.net / About logos,W,https://www.basketball-reference.com/boxscores/202003040BRK.html,Away,79,22:16,0,0.0,BRK,Joe Harris,Rodions Kurucs,13:28,Theo Pinson,7:59,,,,,,,,,29:06,Jarrett Allen,28:47,Caris LeVert,27:08,Timothé Luwawu-Cabarrot,26:56,Spencer Dinwiddie,26:38,Taurean Prince,24:45,Chris Chiozza,24:13,Wilson Chandler,17:17,DeAndre Jordan,13:43,79,0,9,0.0,0.0,9.0,100.0,0.0,0.0,De'Anthony Melton,39,0,2019-2020,1.0,0,3.0,MEM,118,Ja Morant,Yuta Watanabe,5:43,Marko Gudurić,5:21,Jarrod Uthoff,5:21,,,,,,,28:56,Jonas Valančiūnas,26:24,Anthony Tolliver,23:40,John Konchar,22:28,Dillon Brooks,21:49,Kyle Anderson,21:35,Tyus Jones,20:45,Gorgui Dieng,19:00,Josh Jackson,16:42
0,.000,1,33.333,0,0.00,96,1,0,,0,.000,0.0,0.0,2.0,3,0,,0,0.000,Logos via Sports Logos.net / About logos,L,https://www.basketball-reference.com/boxscores/202003060DAL.html,Away,121,14:49,0,,DAL,Justin Jackson,Willie Cauley-Stein,10:34,Boban Marjanović,4:09,,,,,,,,,31:41,Luka Dončić,30:03,Maxi Kleber,29:55,Courtney Lee,29:16,Delon Wright,29:13,Kristaps Porziņģis,29:01,Michael Kidd-Gilchrist,15:29,Seth Curry,15:27,J.J. Barea,15:12,121,1,0,0.0,,0.0,,0.0,,De'Anthony Melton,25,0,2019-2020,1.0,2,0.0,MEM,96,Ja Morant,Jarrod Uthoff,4:09,Yuta Watanabe,4:09,Marko Gudurić,4:09,,,,,,,32:25,Dillon Brooks,30:09,Jonas Valančiūnas,28:10,Kyle Anderson,24:41,Josh Jackson,21:37,Anthony Tolliver,21:16,Tyus Jones,20:19,Gorgui Dieng,17:44,John Konchar,16:23
3,.600,5,50.000,3,1.50,101,0,6,100.0,5,.500,2.0,40.0,5.0,10,0,,0,0.000,Logos via Sports Logos.net / About logos,W,https://www.basketball-reference.com/boxscores/202003070MEM.html,Home,118,29:49,0,0.0,ATL,John Collins,Brandon Goodwin,8:16,Bruno Fernando,8:06,Damian Jones,4:09,,,,,,,39:03,Kevin Huerter,36:33,Trae Young,28:55,De'Andre Hunter,28:15,Dewayne Dedmon,21:20,Jeff Teague,19:32,Vince Carter,18:54,Treveon Graham,14:56,Cam Reddish,12:01,101,2,13,4.0,30.8,9.0,69.2,0.0,0.0,De'Anthony Melton,17,3,2019-2020,3.0,2,6.0,MEM,118,Jonas Valančiūnas,Marko Gudurić,1:10,Jarrod Uthoff,1:10,Yuta Watanabe,1:10,,,,,,,32:10,Ja Morant,31:20,Kyle Anderson,29:29,Dillon Brooks,27:03,Josh Jackson,21:46,Gorgui Dieng,18:35,Tyus Jones,18:05,Anthony Tolliver,14:36,John Konchar,13:37
1,.167,6,60.000,6,,120,1,5,71.4,3,.300,2.0,50.0,4.0,10,0,,0,0.000,Logos via Sports Logos.net / About logos,L,https://www.basketball-reference.com/boxscores/202003100MEM.html,Home,115,26:28,2,28.6,ORL,Nikola Vučević,Gary Clark,9:19,,,,,,,,,,,35:19,Markelle Fultz,32:08,Aaron Gordon,31:36,Terrence Ross,30:32,Michael Carter-Williams,24:32,D.J. Augustin,23:53,James Ennis III,23:13,Wes Iwundu,16:47,Mo Bamba,12:41,120,1,7,4.0,57.1,3.0,42.9,0.0,0.0,De'Anthony Melton,5,1,2019-2020,2.0,0,7.0,MEM,115,Jonas Valančiūnas,,,,,,,,,,,,,35:57,Ja Morant,35:20,Dillon Brooks,33:44,Kyle Anderson,26:27,Tyus Jones,20:31,Josh Jackson,19:53,Anthony Tolliver,17:52,Gorgui Dieng,15:01,John Konchar,8:47
1,.333,3,50.000,1,,131,2,2,100.0,1,.167,0.0,0.0,3.0,6,0,,0,0.000,Logos via Sports Logos.net / About logos,L,https://www.basketball-reference.com/boxscores/202012230MEM.html,Home,119,24:32,0,0.0,SAS,DeMar DeRozan,,,,,,,,,,,,,34:53,Lonnie Walker IV,34:23,Keldon Johnson,32:01,Dejounte Murray,30:39,LaMarcus Aldridge,28:46,Rudy Gay,21:06,Devin Vassell,19:40,Patty Mills,19:18,Jakob Poeltl,19:14,131,1,3,0.0,0.0,3.0,100.0,0.0,0.0,De'Anthony Melton,12,0,2020-2021,2.0,0,2.0,MEM,119,Ja Morant,,,,,,,,,,,,,35:10,Dillon Brooks,33:13,Jonas Valančiūnas,29:33,Kyle Anderson,28:50,Grayson Allen,26:57,Brandon Clarke,25:51,Tyus Jones,13:35,Gorgui Dieng,11:46,Desmond Bane,10:33
1,.333,3,50.000,5,2.50,94,1,2,100.0,2,.333,1.0,33.3,3.0,6,0,,0,0.000,Logos via Sports Logos.net / About logos,L,https://www.basketball-reference.com/boxscores/202101050MEM.html,Home,92,15:44,0,0.0,LAL,Dennis Schröder,,,,,,,,,,,,,36:06,Anthony Davis,34:24,LeBron James,34:05,Kyle Kuzma,30:15,Wesley Matthews,29:46,Talen Horton-Tucker,22:03,Montrezl Harrell,20:09,Marc Gasol,18:41,Markieff Morris,14:28,94,3,5,2.0,40.0,3.0,60.0,0.0,0.0,De'Anthony Melton,2,1,2020-2021,2.0,2,2.0,MEM,92,Tyus Jones,,,,,,,,,,,,,32:12,Dillon Brooks,29:13,Kyle Anderson,28:59,Brandon Clarke,28:32,Jonas Valančiūnas,25:42,Desmond Bane,24:39,Gorgui Dieng,21:38,Xavier Tillman Sr.,17:34,Grayson Allen,15:43
0,.000,1,14.286,3,1.00,94,1,3,100.0,4,.571,4.0,66.7,6.0,7,0,,0,0.000,Logos via Sports Logos.net / About logos,L,https://www.basketball-reference.com/boxscores/202101070MEM.html,Home,90,21:12,0,0.0,CLE,Isaac Okoro,,,,,,,,,,,,,39:18,Cedi Osman,38:09,Andre Drummond,37:21,Damyean Dotson,35:15,Larry Nance Jr.,34:50,Lamar Stevens,20:32,JaVale McGee,17:20,Dean Wade,12:13,Thon Maker,5:01,94,2,8,8.0,100.0,0.0,0.0,0.0,0.0,De'Anthony Melton,4,3,2020-2021,4.0,3,3.0,MEM,90,Brandon Clarke,,,,,,,,,,,,,30:11,Dillon Brooks,28:22,Kyle Anderson,28:08,Jonas Valančiūnas,27:32,Tyus Jones,26:47,Desmond Bane,23:36,Xavier Tillman Sr.,19:52,Gorgui Dieng,18:08,Grayson Allen,16:09
2,1.000,2,20.000,1,0.50,110,1,4,80.0,6,.600,4.0,50.0,8.0,10,0,,0,0.000,Logos via Sports Logos.net / About logos,W,https://www.basketball-reference.com/boxscores/202101080MEM.html,Home,115,22:00,1,20.0,BRK,Caris LeVert,Chris Chiozza,7:38,,,,,,,,,,,35:44,Jeff Green,34:23,Jarrett Allen,30:17,Joe Harris,28:05,Taurean Prince,24:29,Bruce Brown,22:32,Landry Shamet,21:40,Timothé Luwawu-Cabarrot,17:50,DeAndre Jordan,17:22,110,0,14,8.0,57.1,6.0,42.9,0.0,0.0,De'Anthony Melton,5,1,2020-2021,2.0,2,5.0,MEM,115,Brandon Clarke,Tim Frazier,10:06,,,,,,,,,,,32:59,Tyus Jones,30:47,Dillon Brooks,27:59,Kyle Anderson,25:30,Grayson Allen,22:56,Desmond Bane,21:27,Xavier Tillman Sr.,18:51,Gorgui Dieng,13:51,Jonas Valančiūnas,13:34
1,.500,2,28.571,2,2.00,101,0,2,100.0,3,.429,2.0,40.0,5.0,7,1,.500,2,28.571,Logos via Sports Logos.net / About logos,W,https://www.basketball-reference.com/boxscores/202101110CLE.html,Away,91,18:12,0,0.0,CLE,Isaac Okoro,,,,,,,,,,,,,39:59,Larry Nance Jr.,38:00,Damyean Dotson,37:01,Andre Drummond,34:38,Cedi Osman,33:36,Yogi Ferrell,16:47,JaVale McGee,15:33,Dean Wade,14:24,Lamar Stevens,10:02,91,4,8,4.0,50.0,3.0,37.5,1.0,12.5,De'Anthony Melton,10,1,2020-2021,1.0,1,2.0,MEM,101,Dillon Brooks,,,,,,,,,,,,,33:22,Tyus Jones,31:37,Kyle Anderson,30:46,Jonas Valančiūnas,29:49,Brandon Clarke,29:48,Desmond Bane,20:09,Xavier Tillman Sr.,17:45,Grayson Allen,17:45,Tim Frazier,10:47
1,.250,4,33.333,4,4.00,118,1,1,100.0,7,.583,6.0,75.0,8.0,12,0,,0,0.000,Logos via Sports Logos.net / About logos,W,https://www.basketball-reference.com/boxscores/202101130MIN.html,Away,107,24:46,0,0.0,MIN,D'Angelo Russell,Jarrett Culver,10:05,,,,,,,,,,,36:06,Karl-Anthony Towns,34:25,Malik Beasley,33:56,Juancho Hernangómez,28:57,Josh Okogie,26:59,Ricky Rubio,24:29,Anthony Edwards,16:51,Jarred Vanderbilt,14:37,Naz Reid,13:35,107,1,15,12.0,80.0,3.0,20.0,0.0,0.0,De'Anthony Melton,11,2,2020-2021,3.0,1,1.0,MEM,118,Brandon Clarke,,,,,,,,,,,,,33:49,Jonas Valančiūnas,30:13,Dillon Brooks,27:37,Tyus Jones,27:31,Grayson Allen,26:28,Kyle Anderson,23:38,Xavier Tillman Sr.,17:47,Desmond Bane,16:34,Tim Frazier,11:37
0,.000,2,33.333,1,1.00,104,0,1,100.0,2,.333,2.0,50.0,4.0,6,0,,0,0.000,Logos via Sports Logos.net / About logos,W,https://www.basketball-reference.com/boxscores/202101160MEM.html,Home,106,12:03,0,0.0,PHI,Ben Simmons,,,,,,,,,,,,,36:07,Danny Green,35:56,Dwight Howard,33:53,Shake Milton,32:31,Tobias Harris,32:30,Tyrese Maxey,24:36,Matisse Thybulle,19:38,Isaiah Joe,15:42,Tony Bradley,9:07,104,1,4,4.0,100.0,0.0,0.0,0.0,0.0,De'Anthony Melton,2,1,2020-2021,1.0,1,1.0,MEM,106,Ja Morant,,,,,,,,,,,,,30:42,Kyle Anderson,30:06,Brandon Clarke,29:52,Xavier Tillman Sr.,27:46,Dillon Brooks,27:05,Grayson Allen,26:27,Jonas Valančiūnas,20:09,Desmond Bane,18:32,Tyus Jones,17:18
4,.571,7,53.846,2,,129,2,3,60.0,8,.615,4.0,66.7,6.0,13,0,,0,0.000,Logos via Sports Logos.net / About logos,W,https://www.basketball-reference.com/boxscores/202101300SAS.html,Away,112,32:18,2,40.0,SAS,Dejounte Murray,Trey Lyles,10:32,Devin Vassell,9:31,Drew Eubanks,3:40,Tre Jones,3:00,Quinndary Weatherspoon,3:00,Keita Bates-Diop,3:00,27:50,LaMarcus Aldridge,26:10,Lonnie Walker IV,25:21,DeMar DeRozan,25:05,Rudy Gay,22:32,Derrick White,21:40,Keldon Johnson,20:50,Patty Mills,19:39,Jakob Poeltl,18:10,112,5,20,8.0,40.0,12.0,60.0,0.0,0.0,De'Anthony Melton,17,0,2020-2021,2.0,0,5.0,MEM,129,Dillon Brooks,,,,,,,,,,,,,27:42,Ja Morant,27:36,Gorgui Dieng,26:41,Brandon Clarke,26:17,Tyus Jones,21:55,Xavier Tillman Sr.,21:19,Desmond Bane,20:47,Kyle Anderson,20:45,John Konchar,14:40
5,.556,9,64.286,5,2.50,133,1,7,100.0,6,.429,1.0,20.0,5.0,14,0,,0,0.000,Logos via Sports Logos.net / About logos,W,https://www.basketball-reference.com/boxscores/202102010SAS.html,Away,102,26:33,0,0.0,SAS,Keldon Johnson,Devin Vassell,11:44,Drew Eubanks,6:13,Trey Lyles,6:13,Keita Bates-Diop,6:13,Quinndary Weatherspoon,6:13,,,30:34,DeMar DeRozan,29:53,Dejounte Murray,24:13,Patty Mills,23:13,Derrick White,21:23,Jakob Poeltl,20:34,Rudy Gay,19:23,LaMarcus Aldridge,18:15,Lonnie Walker IV,15:56,102,3,17,2.0,11.8,15.0,88.2,0.0,0.0,De'Anthony Melton,31,2,2020-2021,3.0,2,7.0,MEM,133,Tyus Jones,,,,,,,,,,,,,27:46,Kyle Anderson,25:40,Desmond Bane,25:18,Gorgui Dieng,24:10,Xavier Tillman Sr.,23:50,Dillon Brooks,22:56,Brandon Clarke,22:05,Ja Morant,21:33,John Konchar,20:09
1,.200,5,62.500,6,2.00,116,2,2,100.0,4,.500,3.0,100.0,3.0,8,3,1.000,3,37.500,Logos via Sports Logos.net / About logos,L,https://www.basketball-reference.com/boxscores/202102020IND.html,Away,134,22:01,0,0.0,IND,Domantas Sabonis,JaKarr Sampson,4:12,Kelan Martin,3:05,Edmond Sumner,3:05,,,,,,,35:02,Myles Turner,31:38,Justin Holiday,31:25,Malcolm Brogdon,28:49,T.J. McConnell,28:35,Jeremy Lamb,26:40,Doug McDermott,22:33,Aaron Holiday,18:19,Goga Bitadze,6:37,134,2,12,6.0,50.0,3.0,25.0,3.0,25.0,De'Anthony Melton,18,0,2020-2021,2.0,3,2.0,MEM,116,Ja Morant,,,,,,,,,,,,,28:35,Dillon Brooks,27:36,Desmond Bane,26:12,Brandon Clarke,25:24,Gorgui Dieng,25:01,Xavier Tillman Sr.,22:59,Tyus Jones,20:59,Kyle Anderson,20:57,John Konchar,20:16
1,.333,3,42.857,5,5.00,115,1,3,100.0,3,.429,2.0,50.0,4.0,7,1,.333,3,42.857,Logos via Sports Logos.net / About logos,L,https://www.basketball-reference.com/boxscores/202102040MEM.html,Home,103,24:03,0,0.0,HOU,P.J. Tucker,Mason Jones,7:52,Rodions Kurucs,4:11,,,,,,,,,33:37,Eric Gordon,32:39,Danuel House Jr.,31:34,Jae'Sean Tate,31:09,John Wall,27:55,Sterling Brown,27:22,Christian Wood,20:11,DeMarcus Cousins,15:30,Ben McLemore,8:00,115,3,8,4.0,50.0,3.0,37.5,1.0,12.5,De'Anthony Melton,12,0,2020-2021,1.0,1,3.0,MEM,103,Ja Morant,,,,,,,,,,,,,28:39,Dillon Brooks,27:29,Desmond Bane,26:58,Brandon Clarke,26:56,Kyle Anderson,23:11,Gorgui Dieng,23:03,Xavier Tillman Sr.,22:52,Tyus Jones,19:23,John Konchar,17:26
2,1.000,2,50.000,3,3.00,109,0,2,66.7,2,.500,0.0,0.0,2.0,4,0,,0,0.000,Logos via Sports Logos.net / About logos,L,https://www.basketball-reference.com/boxscores/202102060NOP.html,Away,118,14:16,1,33.3,NOP,Brandon Ingram,,,,,,,,,,,,,34:59,Zion Williamson,33:19,Eric Bledsoe,31:23,Lonzo Ball,30:27,Steven Adams,29:20,Josh Hart,27:42,Kira Lewis Jr.,18:51,Willy Hernangómez,18:40,JJ Redick,15:19,118,0,6,0.0,0.0,6.0,100.0,0.0,0.0,De'Anthony Melton,9,0,2020-2021,0.0,1,3.0,MEM,109,Ja Morant,,,,,,,,,,,,,31:04,Kyle Anderson,30:10,Xavier Tillman Sr.,28:27,Dillon Brooks,28:25,Jonas Valančiūnas,24:20,Grayson Allen,21:43,Gorgui Dieng,21:03,Tyus Jones,20:52,Desmond Bane,19:40
1,.500,2,33.333,1,1.00,95,1,3,100.0,2,.333,1.0,25.0,4.0,6,0,.000,2,33.333,Logos via Sports Logos.net / About logos,W,https://www.basketball-reference.com/boxscores/202102190MEM.html,Home,109,17:18,0,0.0,DET,Jerami Grant,Sekou Doumbouya,6:13,,,,,,,,,,,39:24,Mason Plumlee,34:03,Saddiq Bey,32:11,Wayne Ellington,28:24,Delon Wright,24:54,Josh Jackson,23:37,Dennis Smith Jr.,23:06,Svi Mykhailiuk,14:11,Isaiah Stewart,13:57,95,0,5,2.0,40.0,3.0,60.0,0.0,0.0,De'Anthony Melton,14,4,2020-2021,5.0,1,3.0,MEM,109,Brandon Clarke,,,,,,,,,,,,,33:52,Ja Morant,32:24,Grayson Allen,30:20,Jonas Valančiūnas,29:37,Desmond Bane,25:19,Kyle Anderson,25:13,Xavier Tillman Sr.,18:23,Tyus Jones,15:36,Sean McDermott,11:58
1,.167,6,50.000,4,4.00,128,0,4,66.7,5,.417,4.0,66.7,6.0,12,0,,0,0.000,Logos via Sports Logos.net / About logos,L,https://www.basketball-reference.com/boxscores/202102200MEM.html,Home,97,26:46,2,33.3,PHO,Mikal Bridges,Cameron Johnson,12:50,Abdel Nader,7:28,Damian Jones,7:28,Jevon Carter,7:28,Langston Galloway,6:52,,,27:42,Devin Booker,26:09,Cameron Payne,25:31,Chris Paul,22:29,Deandre Ayton,22:29,Jae Crowder,20:19,Frank Kaminsky,19:08,Dario Šarić,19:08,E'Twaun Moore,14:59,128,0,11,8.0,72.7,3.0,27.3,0.0,0.0,De'Anthony Melton,31,0,2020-2021,0.0,1,6.0,MEM,97,John Konchar,,,,,,,,,,,,,28:00,Ja Morant,26:50,Jonas Valančiūnas,25:02,Xavier Tillman Sr.,24:00,Desmond Bane,23:55,Gorgui Dieng,22:58,Sean McDermott,21:18,Justise Winslow,21:14,Tyus Jones,19:57
1,.167,6,75.000,2,1.00,92,0,3,75.0,2,.250,1.0,50.0,2.0,8,2,1.000,2,25.000,Logos via Sports Logos.net / About logos,L,https://www.basketball-reference.com/boxscores/202102220DAL.html,Away,102,15:37,1,25.0,DAL,Josh Richardson,,,,,,,,,,,,,34:54,Luka Dončić,33:05,Dorian Finney-Smith,31:40,Tim Hardaway Jr.,28:10,Jalen Brunson,27:54,Maxi Kleber,26:46,Dwight Powell,26:41,Willie Cauley-Stein,20:50,Trey Burke,9:59,102,1,7,2.0,28.6,3.0,42.9,2.0,28.6,De'Anthony Melton,10,0,2020-2021,0.0,2,4.0,MEM,92,Ja Morant,,,,,,,,,,,,,33:53,Jonas Valančiūnas,29:33,Brandon Clarke,26:19,Justise Winslow,25:36,Grayson Allen,25:15,Kyle Anderson,25:14,Desmond Bane,23:10,Xavier Tillman Sr.,18:27,Tyus Jones,16:56
0,,0,0.000,0,,94,0,0,0.0,0,.000,0.0,0.0,1.0,1,2,1.000,2,200.000,Logos via Sports Logos.net / About logos,W,https://www.basketball-reference.com/boxscores/202102250MEM.html,Home,122,3:26,1,100.0,LAC,Kawhi Leonard,Terance Mann,12:16,Luke Kennard,6:27,Mfiondu Kabengele,6:27,,,,,,,31:39,Paul George,28:07,Marcus Morris,24:31,Nicolas Batum,23:32,Serge Ibaka,22:39,Patrick Beverley,22:28,Reggie Jackson,21:24,Lou Williams,20:28,Ivica Zubac,20:02,94,0,2,0.0,0.0,0.0,0.0,2.0,100.0,De'Anthony Melton,28,0,2020-2021,0.0,0,1.0,MEM,122,Ja Morant,Tyus Jones,14:52,Gorgui Dieng,3:26,John Konchar,3:25,,,,,,,29:42,Dillon Brooks,27:57,Jonas Valančiūnas,24:54,Kyle Anderson,23:42,Xavier Tillman Sr.,23:06,Brandon Clarke,22:11,Grayson Allen,22:01,Justise Winslow,21:34,Desmond Bane,19:44
2,.333,6,50.000,2,2.00,119,1,3,100.0,6,.500,4.0,66.7,6.0,12,2,1.000,2,16.667,Logos via Sports Logos.net / About logos,L,https://www.basketball-reference.com/boxscores/202102260MEM.html,Home,99,24:03,0,0.0,LAC,Kawhi Leonard,Reggie Jackson,10:38,Mfiondu Kabengele,1:39,Luke Kennard,1:39,,,,,,,34:41,Paul George,31:48,Serge Ibaka,27:14,Lou Williams,26:43,Nicolas Batum,25:01,Marcus Morris,23:08,Patrick Beverley,21:00,Ivica Zubac,18:58,Terance Mann,17:31,119,3,16,8.0,50.0,6.0,37.5,2.0,12.5,De'Anthony Melton,20,0,2020-2021,1.0,1,3.0,MEM,99,Ja Morant,,,,,,,,,,,,,33:11,Jonas Valančiūnas,32:51,Kyle Anderson,31:57,Dillon Brooks,30:24,Desmond Bane,22:12,Grayson Allen,19:21,Brandon Clarke,16:03,Xavier Tillman Sr.,15:09,Tyus Jones,14:49
1,.500,2,25.000,5,2.50,133,0,3,100.0,5,.625,4.0,66.7,6.0,8,3,1.000,3,37.500,Logos via Sports Logos.net / About logos,W,https://www.basketball-reference.com/boxscores/202102280HOU.html,Away,84,22:25,0,0.0,HOU,Sterling Brown,Mason Jones,15:36,Rodions Kurucs,8:33,,,,,,,,,27:49,John Wall,26:47,Justin Patton,26:05,Jae'Sean Tate,24:02,Danuel House Jr.,23:30,Eric Gordon,22:40,David Nwaba,22:33,P.J. Tucker,22:02,Ben McLemore,20:23,84,4,14,8.0,57.1,3.0,21.4,3.0,21.4,De'Anthony Melton,49,4,2020-2021,4.0,2,3.0,MEM,133,Desmond Bane,John Konchar,12:00,Gorgui Dieng,8:39,Killian Tillie,8:39,,,,,,,27:52,Ja Morant,26:12,Kyle Anderson,22:30,Dillon Brooks,21:50,Justise Winslow,20:49,Brandon Clarke,20:34,Xavier Tillman Sr.,19:25,Tyus Jones,16:28,Jonas Valančiūnas,12:37
6,.600,10,90.909,5,,125,0,4,100.0,6,.545,0.0,0.0,1.0,11,2,1.000,2,18.182,Logos via Sports Logos.net / About logos,W,https://www.basketball-reference.com/boxscores/202103020WAS.html,Away,111,26:21,0,0.0,WAS,Russell Westbrook,Isaac Bonga,9:42,Garrison Mathews,9:04,Troy Brown Jr.,1:15,Anthony Gill,1:15,,,,,35:31,Bradley Beal,35:30,Dāvis Bertāns,28:14,Deni Avdija,25:41,Rui Hachimura,25:19,Raul Neto,24:17,Alex Len,19:15,Robin Lopez,13:54,Moritz Wagner,11:03,111,1,20,0.0,0.0,18.0,90.0,2.0,10.0,De'Anthony Melton,14,2,2020-2021,2.0,0,4.0,MEM,125,Brandon Clarke,,,,,,,,,,,,,34:10,Ja Morant,33:02,Dillon Brooks,31:24,Jonas Valančiūnas,28:53,Desmond Bane,21:31,Justise Winslow,20:58,Xavier Tillman Sr.,16:42,Tyus Jones,14:42,Killian Tillie,12:17
2,.667,3,100.000,1,1.00,112,0,0,0.0,2,.667,0.0,,0.0,3,0,,0,0.000,Logos via Sports Logos.net / About logos,L,https://www.basketball-reference.com/boxscores/202103040MEM.html,Home,111,14:41,2,100.0,MIL,Khris Middleton,Thanasis Antetokounmpo,6:49,,,,,,,,,,,39:07,Giannis Antetokounmpo,36:14,Pat Connaughton,30:19,Donte DiVincenzo,29:51,Brook Lopez,27:21,Jrue Holiday,22:35,D.J. Augustin,20:41,Bobby Portis,15:07,Bryn Forbes,11:56,112,0,6,0.0,0.0,6.0,100.0,0.0,0.0,De'Anthony Melton,1,3,2020-2021,3.0,1,2.0,MEM,111,Ja Morant,,,,,,,,,,,,,38:54,Dillon Brooks,34:41,Brandon Clarke,29:25,Jonas Valančiūnas,27:20,Kyle Anderson,25:58,Justise Winslow,23:50,Desmond Bane,18:42,Xavier Tillman Sr.,13:29,Tyus Jones,13:00
1,.500,2,28.571,3,1.50,112,0,0,0.0,5,.714,4.0,80.0,5.0,7,0,.000,1,14.286,Logos via Sports Logos.net / About logos,W,https://www.basketball-reference.com/boxscores/202103100MEM.html,Home,127,18:09,2,100.0,WAS,Russell Westbrook,Troy Brown Jr.,13:02,Alex Len,2:29,,,,,,,,,35:40,Bradley Beal,34:09,Rui Hachimura,25:23,Raul Neto,24:29,Deni Avdija,24:13,Robin Lopez,23:22,Moritz Wagner,21:39,Dāvis Bertāns,20:34,Garrison Mathews,15:00,112,4,11,8.0,72.7,3.0,27.3,0.0,0.0,De'Anthony Melton,15,2,2020-2021,2.0,2,2.0,MEM,127,Ja Morant,,,,,,,,,,,,,32:42,Jonas Valančiūnas,32:28,Desmond Bane,30:45,Brandon Clarke,25:12,Dillon Brooks,25:11,Kyle Anderson,22:48,Justise Winslow,21:55,Xavier Tillman Sr.,15:32,Tyus Jones,15:18
3,.600,5,71.429,6,6.00,103,1,3,75.0,3,.429,0.0,0.0,2.0,7,0,,0,0.000,Logos via Sports Logos.net / About logos,L,https://www.basketball-reference.com/boxscores/202103120MEM.html,Home,102,23:30,1,25.0,DEN,Nikola Jokić,,,,,,,,,,,,,36:16,Michael Porter Jr.,34:56,Jamal Murray,32:23,Monte Morris,31:51,Will Barton,30:46,Paul Millsap,21:53,PJ Dozier,21:41,Facundo Campazzo,19:32,Isaiah Hartenstein,10:42,103,0,9,0.0,0.0,9.0,100.0,0.0,0.0,De'Anthony Melton,1,1,2020-2021,2.0,1,4.0,MEM,102,Jonas Valančiūnas,,,,,,,,,,,,,36:33,Ja Morant,34:01,Dillon Brooks,33:49,Brandon Clarke,29:55,Justise Winslow,21:38,Kyle Anderson,18:05,Desmond Bane,17:04,Tyus Jones,13:59,Xavier Tillman Sr.,11:26
1,.250,4,36.364,3,,122,0,0,,6,.545,5.0,71.4,7.0,11,0,,0,0.000,Logos via Sports Logos.net / About logos,L,https://www.basketball-reference.com/boxscores/202103140OKC.html,Away,128,18:42,0,,OKC,Aleksej Pokusevski,,,,,,,,,,,,,39:08,Shai Gilgeous-Alexander,34:25,Isaiah Roby,33:19,Ty Jerome,29:33,Kenrich Williams,25:35,Moses Brown,24:11,Justin Jackson,21:27,Darius Miller,20:08,Mike Muscala,12:14,128,2,13,10.0,76.9,3.0,23.1,0.0,0.0,De'Anthony Melton,6,3,2020-2021,3.0,0,0.0,MEM,122,Ja Morant,,,,,,,,,,,,,34:25,Dillon Brooks,31:07,Jonas Valančiūnas,29:47,Brandon Clarke,25:14,Justise Winslow,23:53,Kyle Anderson,23:45,Desmond Bane,22:56,Xavier Tillman Sr.,16:36,Tyus Jones,13:35
0,.000,3,42.857,0,,99,0,3,100.0,1,.143,1.0,25.0,4.0,7,0,,0,0.000,Logos via Sports Logos.net / About logos,L,https://www.basketball-reference.com/boxscores/202103150PHO.html,Away,122,18:03,0,0.0,PHO,Devin Booker,Frank Kaminsky,10:35,Jalen Smith,4:29,,,,,,,,,30:11,Jae Crowder,28:57,Deandre Ayton,28:23,Chris Paul,28:03,Mikal Bridges,26:16,Cameron Payne,23:41,Langston Galloway,21:17,Dario Šarić,20:11,Jevon Carter,17:56,122,1,2,2.0,100.0,0.0,0.0,0.0,0.0,De'Anthony Melton,23,2,2020-2021,2.0,0,3.0,MEM,99,Dillon Brooks,John Konchar,5:54,Sean McDermott,5:54,Killian Tillie,3:15,Jontay Porter,3:15,,,,,29:07,Ja Morant,28:31,Kyle Anderson,28:08,Jonas Valančiūnas,26:46,Grayson Allen,23:07,Desmond Bane,22:04,Brandon Clarke,19:26,Tyus Jones,15:02,Xavier Tillman Sr.,11:27
1,.250,4,44.444,6,6.00,85,0,7,70.0,4,.444,3.0,60.0,5.0,9,4,1.000,4,44.444,Logos via Sports Logos.net / About logos,W,https://www.basketball-reference.com/boxscores/202103170MEM.html,Home,89,23:02,3,30.0,MIA,Jimmy Butler,Max Strus,8:07,,,,,,,,,,,35:45,Bam Adebayo,35:14,Duncan Robinson,32:20,Goran Dragić,28:16,Tyler Herro,25:42,Kendrick Nunn,24:54,KZ Okpala,20:47,Kelly Olynyk,18:27,Precious Achiuwa,10:28,85,1,13,6.0,46.2,3.0,23.1,4.0,30.8,De'Anthony Melton,4,2,2020-2021,2.0,1,10.0,MEM,89,Ja Morant,,,,,,,,,,,,,35:51,Kyle Anderson,30:45,Dillon Brooks,29:09,Grayson Allen,24:48,Brandon Clarke,24:22,Jonas Valančiūnas,23:38,Justise Winslow,18:33,Desmond Bane,17:43,Tyus Jones,12:09
1,.250,4,44.444,1,1.00,116,0,6,85.7,4,.444,3.0,60.0,5.0,9,0,,0,0.000,Logos via Sports Logos.net / About logos,L,https://www.basketball-reference.com/boxscores/202103190MEM.html,Home,103,23:14,1,14.3,GSW,Andrew Wiggins,Mychal Mulder,8:32,Juan Toscano-Anderson,8:13,Alen Smailagić,1:32,,,,,,,34:21,Draymond Green,34:21,Jordan Poole,34:11,Kelly Oubre Jr.,28:53,Damion Lee,27:51,Kevon Looney,20:33,Brad Wanamaker,15:09,Nico Mannion,13:51,Kent Bazemore,12:33,116,3,9,6.0,66.7,3.0,33.3,0.0,0.0,De'Anthony Melton,13,1,2020-2021,1.0,1,7.0,MEM,103,Ja Morant,Xavier Tillman Sr.,5:52,John Konchar,5:52,Killian Tillie,5:52,,,,,,,29:48,Jonas Valančiūnas,25:03,Dillon Brooks,24:34,Grayson Allen,24:27,Brandon Clarke,22:17,Kyle Anderson,21:29,Tyus Jones,19:54,Desmond Bane,15:57,Justise Winslow,15:41
1,.500,2,100.000,1,0.50,103,1,4,100.0,1,.500,0.0,,0.0,2,0,,0,0.000,Logos via Sports Logos.net / About logos,W,https://www.basketball-reference.com/boxscores/202103200MEM.html,Home,111,10:26,0,0.0,GSW,Jordan Poole,Mychal Mulder,9:50,Alen Smailagić,8:04,,,,,,,,,38:03,Andrew Wiggins,35:11,Draymond Green,31:21,Kelly Oubre Jr.,28:19,Juan Toscano-Anderson,24:28,Kent Bazemore,22:13,Damion Lee,18:21,Nico Mannion,12:49,Brad Wanamaker,11:21,103,4,3,0.0,0.0,3.0,100.0,0.0,0.0,De'Anthony Melton,8,0,2020-2021,1.0,2,4.0,MEM,111,Ja Morant,,,,,,,,,,,,,35:25,Grayson Allen,32:16,Kyle Anderson,29:45,Jonas Valančiūnas,27:15,Dillon Brooks,26:12,Desmond Bane,23:51,Brandon Clarke,22:12,Justise Winslow,20:03,Tyus Jones,12:35
3,.600,5,71.429,3,,126,0,1,50.0,3,.429,0.0,0.0,2.0,7,0,.000,1,14.286,Logos via Sports Logos.net / About logos,W,https://www.basketball-reference.com/boxscores/202103220MEM.html,Home,132,14:48,1,50.0,BOS,Jaylen Brown,Javonte Green,5:07,Tremont Waters,0:07,,,,,,,,,40:22,Marcus Smart,39:20,Jeff Teague,39:18,Semi Ojeleye,33:49,Robert Williams,27:43,Daniel Theis,25:10,Grant Williams,19:55,Aaron Nesmith,17:22,Payton Pritchard,16:44,126,2,9,0.0,0.0,9.0,100.0,0.0,0.0,De'Anthony Melton,6,1,2020-2021,1.0,0,2.0,MEM,132,Ja Morant,,,,,,,,,,,,,40:31,Dillon Brooks,37:00,Kyle Anderson,33:39,Jonas Valančiūnas,33:35,Grayson Allen,33:27,Justise Winslow,21:45,Brandon Clarke,19:25,Desmond Bane,18:21,Tyus Jones,12:29
4,.667,6,66.667,0,0.00,116,0,3,75.0,5,.556,1.0,33.3,3.0,9,0,,0,0.000,Logos via Sports Logos.net / About logos,W,https://www.basketball-reference.com/boxscores/202103240OKC.html,Away,107,16:32,1,25.0,OKC,Théo Maledon,,,,,,,,,,,,,32:29,Aleksej Pokusevski,32:22,Luguentz Dort,31:19,Moses Brown,30:58,Isaiah Roby,28:47,Al Horford,25:24,Ty Jerome,21:09,Kenrich Williams,19:13,Svi Mykhailiuk,18:19,107,0,14,2.0,14.3,12.0,85.7,0.0,0.0,De'Anthony Melton,9,1,2020-2021,1.0,4,4.0,MEM,116,Ja Morant,,,,,,,,,,,,,30:50,Dillon Brooks,27:59,Jonas Valančiūnas,26:30,Grayson Allen,26:06,Brandon Clarke,25:39,Desmond Bane,24:26,Kyle Anderson,23:02,Justise Winslow,21:46,Tyus Jones,17:10
0,,0,0.000,0,,114,0,1,100.0,0,.000,0.0,0.0,3.0,3,0,,0,0.000,Logos via Sports Logos.net / About logos,L,https://www.basketball-reference.com/boxscores/202103260UTA.html,Away,117,13:52,0,0.0,UTA,Donovan Mitchell,,,,,,,,,,,,,35:41,Royce O'Neale,34:12,Bojan Bogdanović,32:11,Rudy Gobert,32:00,Mike Conley,29:13,Jordan Clarkson,25:11,Joe Ingles,22:58,Derrick Favors,16:01,Georges Niang,12:33,117,1,0,0.0,,0.0,,0.0,,De'Anthony Melton,3,0,2020-2021,0.0,0,1.0,MEM,114,Ja Morant,,,,,,,,,,,,,37:05,Kyle Anderson,33:19,Dillon Brooks,31:58,Grayson Allen,29:18,Jonas Valančiūnas,28:12,Brandon Clarke,21:32,Justise Winslow,18:42,Desmond Bane,15:07,Tyus Jones,10:55
2,.667,3,60.000,3,,110,0,1,100.0,4,.800,2.0,100.0,2.0,5,2,1.000,2,40.000,Logos via Sports Logos.net / About logos,L,https://www.basketball-reference.com/boxscores/202103270UTA.html,Away,126,17:44,0,0.0,UTA,Joe Ingles,Trent Forrest,6:32,Matt Thomas,6:32,Juwan Morgan,5:45,Ersan İlyasova,4:22,Jarrell Brantley,2:10,Elijah Hughes,2:10,28:59,Jordan Clarkson,28:55,Donovan Mitchell,28:07,Bojan Bogdanović,27:05,Royce O'Neale,26:59,Rudy Gobert,26:34,Miye Oni,15:46,Georges Niang,15:10,Derrick Favors,14:54,126,1,12,4.0,33.3,6.0,50.0,2.0,16.7,De'Anthony Melton,16,0,2020-2021,0.0,0,1.0,MEM,110,Ja Morant,Jontay Porter,6:32,Sean McDermott,6:32,John Konchar,6:32,Killian Tillie,6:32,Xavier Tillman Sr.,6:32,,,26:28,Grayson Allen,23:34,Brandon Clarke,22:57,Kyle Anderson,21:31,Jonas Valančiūnas,20:41,Dillon Brooks,20:35,Desmond Bane,20:07,Justise Winslow,18:43,Tyus Jones,15:00
4,.571,7,58.333,2,0.67,120,0,3,75.0,7,.583,3.0,60.0,5.0,12,5,.833,6,50.000,Logos via Sports Logos.net / About logos,W,https://www.basketball-reference.com/boxscores/202103290HOU.html,Away,110,28:25,1,25.0,HOU,Kevin Porter Jr.,KJ Martin,11:13,,,,,,,,,,,36:25,Kelly Olynyk,33:40,Jae'Sean Tate,33:16,John Wall,33:15,Danuel House Jr.,24:03,Sterling Brown,21:25,D.J. Augustin,20:00,Avery Bradley,14:39,D.J. Wilson,12:04,110,2,23,6.0,26.1,12.0,52.2,5.0,21.7,De'Anthony Melton,10,2,2020-2021,2.0,3,4.0,MEM,120,Dillon Brooks,,,,,,,,,,,,,34:07,Ja Morant,33:10,Jonas Valančiūnas,31:59,Desmond Bane,27:38,Brandon Clarke,26:26,Kyle Anderson,22:46,Tyus Jones,15:45,Xavier Tillman Sr.,12:37,Grayson Allen,7:07
1,.250,4,66.667,1,0.33,111,0,0,0.0,2,.333,1.0,50.0,2.0,6,0,,0,0.000,Logos via Sports Logos.net / About logos,L,https://www.basketball-reference.com/boxscores/202103310MEM.html,Home,107,22:22,1,100.0,UTA,Rudy Gobert,,,,,,,,,,,,,36:26,Mike Conley,35:19,Joe Ingles,34:18,Royce O'Neale,34:04,Bojan Bogdanović,32:13,Jordan Clarkson,26:23,Georges Niang,15:47,Miye Oni,13:56,Derrick Favors,11:34,111,0,5,2.0,40.0,3.0,60.0,0.0,0.0,De'Anthony Melton,4,1,2020-2021,1.0,3,1.0,MEM,107,Ja Morant,,,,,,,,,,,,,35:58,Desmond Bane,32:51,Jonas Valančiūnas,32:11,Kyle Anderson,31:20,Dillon Brooks,29:21,Tyus Jones,19:01,Killian Tillie,16:40,Xavier Tillman Sr.,15:49,Sean McDermott,4:27
4,.667,6,60.000,3,,108,0,2,50.0,5,.500,1.0,25.0,4.0,10,0,,0,0.000,Logos via Sports Logos.net / About logos,W,https://www.basketball-reference.com/boxscores/202104020MEM.html,Home,120,23:53,2,50.0,MIN,Karl-Anthony Towns,Jake Layman,4:27,Jarred Vanderbilt,4:27,Jarrett Culver,3:47,,,,,,,34:05,Jordan McLaughlin,33:26,Anthony Edwards,30:59,Malik Beasley,28:35,Naz Reid,22:47,Jaylen Nowell,20:45,Jaden McDaniels,20:38,Josh Okogie,19:58,Juancho Hernangómez,16:06,108,1,14,2.0,14.3,12.0,85.7,0.0,0.0,De'Anthony Melton,12,3,2020-2021,3.0,0,4.0,MEM,120,Ja Morant,Sean McDermott,3:47,John Konchar,3:47,Jontay Porter,3:47,Killian Tillie,3:47,,,,,28:02,Brandon Clarke,24:14,Dillon Brooks,24:05,Jonas Valančiūnas,22:16,Xavier Tillman Sr.,21:57,Grayson Allen,21:53,Kyle Anderson,19:59,Tyus Jones,19:58,Desmond Bane,18:35
4,.667,6,75.000,3,3.00,116,1,3,100.0,5,.625,1.0,50.0,2.0,8,0,,0,0.000,Logos via Sports Logos.net / About logos,W,https://www.basketball-reference.com/boxscores/202104040PHI.html,Away,100,15:00,0,0.0,PHI,Tobias Harris,Paul Reed,13:02,Isaiah Joe,9:48,Rayjon Tucker,9:48,Mason Jones,9:29,Ignas Brazdeikis,7:54,,,26:42,Ben Simmons,26:01,Dwight Howard,24:18,Seth Curry,23:34,Danny Green,23:23,Mike Scott,20:07,Shake Milton,16:44,Matisse Thybulle,14:49,Furkan Korkmaz,14:21,100,2,14,2.0,14.3,12.0,85.7,0.0,0.0,De'Anthony Melton,16,0,2020-2021,1.0,1,3.0,MEM,116,Ja Morant,John Konchar,4:30,Sean McDermott,1:27,Jontay Porter,1:27,Killian Tillie,1:27,,,,,28:39,Grayson Allen,26:38,Dillon Brooks,25:54,Jonas Valančiūnas,25:50,Kyle Anderson,25:26,Desmond Bane,23:58,Brandon Clarke,21:07,Xavier Tillman Sr.,20:43,Tyus Jones,17:54
6,.600,10,58.824,6,3.00,137,0,6,75.0,9,.529,3.0,42.9,7.0,17,1,.500,2,11.765,Logos via Sports Logos.net / About logos,L,https://www.basketball-reference.com/boxscores/202104190DEN.html,Away,139,40:44,2,25.0,DEN,Nikola Jokić,Vlatko Čančar,10:33,,,,,,,,,,,45:04,Will Barton,44:08,Michael Porter Jr.,43:05,PJ Dozier,37:16,Facundo Campazzo,35:06,JaMychal Green,23:13,Aaron Gordon,21:37,Shaquille Harrison,17:02,Paul Millsap,12:56,139,5,25,6.0,24.0,18.0,72.0,1.0,4.0,De'Anthony Melton,2,5,2020-2021,5.0,2,8.0,MEM,137,Ja Morant,,,,,,,,,,,,,45:26,Grayson Allen,43:13,Xavier Tillman Sr.,41:10,Kyle Anderson,38:39,Brandon Clarke,23:06,Justise Winslow,17:51,John Konchar,16:35,Desmond Bane,15:40,Tyus Jones,7:36
1,.250,4,57.143,0,,105,0,0,,2,.286,1.0,33.3,3.0,7,0,,0,0.000,Logos via Sports Logos.net / About logos,L,https://www.basketball-reference.com/boxscores/202104210LAC.html,Away,117,15:16,0,,LAC,Luke Kennard,Daniel Oturu,0:53,,,,,,,,,,,38:25,Terance Mann,33:50,Ivica Zubac,32:49,Marcus Morris,32:19,Amir Coffey,27:46,Nicolas Batum,26:08,Yogi Ferrell,20:07,DeMarcus Cousins,14:18,Patrick Patterson,13:25,117,2,5,2.0,40.0,3.0,60.0,0.0,0.0,De'Anthony Melton,12,0,2020-2021,0.0,0,0.0,MEM,105,Ja Morant,Tyus Jones,10:10,Jontay Porter,1:45,Killian Tillie,1:45,John Konchar,1:45,Sean McDermott,1:45,,,31:24,Xavier Tillman Sr.,28:18,Grayson Allen,26:18,Kyle Anderson,24:16,Desmond Bane,23:20,Dillon Brooks,20:11,Brandon Clarke,19:57,Jaren Jackson Jr.,17:57,Justise Winslow,15:53
2,.333,6,85.714,1,,130,2,0,,3,.429,1.0,100.0,1.0,7,2,1.000,2,28.571,Logos via Sports Logos.net / About logos,W,https://www.basketball-reference.com/boxscores/202104230POR.html,Away,128,23:50,0,,POR,Robert Covington,,,,,,,,,,,,,39:03,CJ McCollum,38:50,Damian Lillard,37:12,Norman Powell,36:51,Jusuf Nurkić,29:01,Carmelo Anthony,19:06,Enes Freedom,18:29,Derrick Jones Jr.,13:13,Anfernee Simons,8:15,128,0,10,2.0,20.0,6.0,60.0,2.0,20.0,De'Anthony Melton,2,1,2020-2021,3.0,0,0.0,MEM,130,Ja Morant,,,,,,,,,,,,,36:16,Dillon Brooks,34:54,Kyle Anderson,25:25,Jaren Jackson Jr.,24:46,Grayson Allen,22:47,Xavier Tillman Sr.,22:42,Brandon Clarke,22:06,Justise Winslow,13:40,Desmond Bane,13:34
2,.667,3,42.857,6,2.00,120,1,2,66.7,2,.286,0.0,0.0,4.0,7,2,1.000,2,28.571,Logos via Sports Logos.net / About logos,W,https://www.basketball-reference.com/boxscores/202104250POR.html,Away,113,21:25,1,33.3,POR,Robert Covington,Rondae Hollis-Jefferson,5:04,Derrick Jones Jr.,4:48,,,,,,,,,37:37,CJ McCollum,37:30,Damian Lillard,36:31,Norman Powell,34:41,Jusuf Nurkić,29:21,Carmelo Anthony,19:24,Enes Freedom,14:02,Anfernee Simons,12:52,Nassir Little,8:10,113,3,8,0.0,0.0,6.0,75.0,2.0,25.0,De'Anthony Melton,7,0,2020-2021,1.0,3,3.0,MEM,120,Ja Morant,,,,,,,,,,,,,30:24,Jonas Valančiūnas,30:12,Dillon Brooks,30:03,Grayson Allen,26:33,Kyle Anderson,25:40,Brandon Clarke,22:20,Desmond Bane,17:59,Xavier Tillman Sr.,17:48,Justise Winslow,17:36
0,.000,3,33.333,2,2.00,96,0,6,100.0,1,.111,1.0,16.7,6.0,9,1,.500,2,22.222,Logos via Sports Logos.net / About logos,L,https://www.basketball-reference.com/boxscores/202104260DEN.html,Away,120,24:08,0,0.0,DEN,Michael Porter Jr.,Vlatko Čančar,4:07,Bol Bol,3:19,Zeke Nnaji,3:19,Markus Howard,3:19,,,,,35:49,Facundo Campazzo,30:17,Nikola Jokić,29:40,Austin Rivers,28:52,PJ Dozier,26:28,Aaron Gordon,22:05,JaMychal Green,19:22,Shaquille Harrison,19:09,Paul Millsap,14:12,120,3,3,2.0,66.7,0.0,0.0,1.0,33.3,De'Anthony Melton,24,1,2020-2021,1.0,1,6.0,MEM,96,Ja Morant,Tyus Jones,5:15,John Konchar,5:15,Killian Tillie,5:15,Jontay Porter,4:07,,,,,29:52,Grayson Allen,25:08,Jonas Valančiūnas,23:10,Dillon Brooks,22:49,Justise Winslow,20:49,Jaren Jackson Jr.,20:42,Desmond Bane,19:10,Kyle Anderson,19:02,Brandon Clarke,15:17
0,.000,2,50.000,3,3.00,130,0,3,100.0,2,.500,2.0,100.0,2.0,4,2,1.000,2,50.000,Logos via Sports Logos.net / About logos,L,https://www.basketball-reference.com/boxscores/202104280MEM.html,Home,109,22:18,0,0.0,POR,Norman Powell,Nassir Little,5:30,CJ Elleby,3:14,Harry Giles,3:14,Keljin Blevins,2:15,,,,,36:37,CJ McCollum,34:28,Robert Covington,32:23,Damian Lillard,31:27,Carmelo Anthony,22:38,Anfernee Simons,21:04,Jusuf Nurkić,21:00,Rondae Hollis-Jefferson,14:44,Enes Freedom,11:26,130,1,6,4.0,66.7,0.0,0.0,2.0,33.3,De'Anthony Melton,21,1,2020-2021,1.0,1,3.0,MEM,109,Ja Morant,Xavier Tillman Sr.,5:30,Tyus Jones,5:30,Killian Tillie,5:30,John Konchar,5:30,,,,,28:19,Jonas Valančiūnas,24:34,Jaren Jackson Jr.,24:24,Grayson Allen,21:56,Dillon Brooks,21:30,Kyle Anderson,20:37,Desmond Bane,19:16,Brandon Clarke,19:10,Justise Winslow,15:56
1,.200,5,62.500,1,,75,3,5,100.0,1,.125,0.0,0.0,3.0,8,1,1.000,1,12.500,Logos via Sports Logos.net / About logos,W,https://www.basketball-reference.com/boxscores/202104300MEM.html,Home,92,21:10,0,0.0,ORL,Dwayne Bacon,James Ennis III,16:09,,,,,,,,,,,32:12,Gary Harris,30:35,Cole Anthony,29:03,Moritz Wagner,27:44,Mo Bamba,23:14,R.J. Hampton,22:51,Wendell Carter Jr.,22:02,Chasson Randle,18:57,Donta Hall,17:13,75,1,4,0.0,0.0,3.0,75.0,1.0,25.0,De'Anthony Melton,17,0,2020-2021,3.0,0,5.0,MEM,92,Dillon Brooks,John Konchar,7:31,Sean McDermott,1:44,Jontay Porter,1:44,Killian Tillie,1:44,,,,,33:43,Ja Morant,32:45,Kyle Anderson,28:27,Jonas Valančiūnas,26:46,Desmond Bane,20:05,Xavier Tillman Sr.,19:30,Brandon Clarke,17:49,Tyus Jones,16:19,Justise Winslow,10:43
1,.200,5,50.000,3,3.00,111,3,5,83.3,3,.300,2.0,40.0,5.0,10,0,,0,0.000,Logos via Sports Logos.net / About logos,L,https://www.basketball-reference.com/boxscores/202105010ORL.html,Away,112,18:58,1,16.7,ORL,Dwayne Bacon,,,,,,,,,,,,,35:51,Cole Anthony,35:32,Moritz Wagner,34:05,R.J. Hampton,30:16,Wendell Carter Jr.,26:57,Gary Harris,23:44,Mo Bamba,21:03,Chasson Randle,18:37,Donta Hall,13:55,112,1,7,4.0,57.1,3.0,42.9,0.0,0.0,De'Anthony Melton,1,2,2020-2021,5.0,1,6.0,MEM,111,Dillon Brooks,,,,,,,,,,,,,31:40,Ja Morant,31:40,Desmond Bane,30:59,Jonas Valančiūnas,30:21,Kyle Anderson,27:56,Jaren Jackson Jr.,21:21,Xavier Tillman Sr.,16:22,Tyus Jones,16:20,Justise Winslow,14:23
1,.333,3,75.000,0,0.00,118,0,0,0.0,1,.250,0.0,0.0,1.0,4,0,,0,0.000,Logos via Sports Logos.net / About logos,L,https://www.basketball-reference.com/boxscores/202105030MEM.html,Home,104,8:57,1,100.0,NYK,Julius Randle,Obi Toppin,9:46,,,,,,,,,,,38:14,RJ Barrett,34:00,Reggie Bullock,33:33,Taj Gibson,33:25,Derrick Rose,26:37,Elfrid Payton,17:55,Immanuel Quickley,16:09,Alec Burks,15:45,Norvel Pelle,14:35,118,1,3,0.0,0.0,3.0,100.0,0.0,0.0,De'Anthony Melton,14,0,2020-2021,0.0,3,1.0,MEM,104,Ja Morant,,,,,,,,,,,,,37:33,Dillon Brooks,35:23,Jonas Valančiūnas,34:57,Kyle Anderson,31:56,Grayson Allen,26:28,Desmond Bane,26:14,Jaren Jackson Jr.,19:57,Tyus Jones,9:25,Xavier Tillman Sr.,9:09
2,.500,4,50.000,2,1.00,139,1,4,80.0,3,.375,1.0,25.0,4.0,8,0,,0,0.000,Logos via Sports Logos.net / About logos,W,https://www.basketball-reference.com/boxscores/202105050MIN.html,Away,135,25:24,1,20.0,MIN,Anthony Edwards,,,,,,,,,,,,,38:14,D'Angelo Russell,37:01,Jarred Vanderbilt,26:19,Jaden McDaniels,26:13,Naz Reid,25:08,Juancho Hernangómez,24:30,Karl-Anthony Towns,24:22,Josh Okogie,20:53,Ricky Rubio,17:20,135,2,8,2.0,25.0,6.0,75.0,0.0,0.0,De'Anthony Melton,4,0,2020-2021,1.0,2,5.0,MEM,139,Ja Morant,,,,,,,,,,,,,37:06,Desmond Bane,30:58,Kyle Anderson,30:48,Xavier Tillman Sr.,28:05,Dillon Brooks,25:22,Brandon Clarke,23:02,Jonas Valančiūnas,19:55,Tyus Jones,13:00,Grayson Allen,6:20
0,.000,2,66.667,3,1.50,97,0,1,100.0,1,.333,1.0,100.0,1.0,3,0,,0,0.000,Logos via Sports Logos.net / About logos,L,https://www.basketball-reference.com/boxscores/202105060DET.html,Away,111,13:55,0,0.0,DET,Saddiq Bey,,,,,,,,,,,,,38:46,Cory Joseph,34:50,Frank Jackson,31:37,Isaiah Stewart,30:51,Sekou Doumbouya,28:11,Wayne Ellington,25:37,Tyler Cook,19:49,Jahlil Okafor,17:09,Saben Lee,13:10,111,1,2,2.0,100.0,0.0,0.0,0.0,0.0,De'Anthony Melton,14,0,2020-2021,0.0,2,1.0,MEM,97,Ja Morant,,,,,,,,,,,,,36:40,Dillon Brooks,35:46,Jonas Valančiūnas,31:30,Jaren Jackson Jr.,25:11,Kyle Anderson,23:33,Brandon Clarke,21:34,Desmond Bane,21:14,John Konchar,19:17,Tyus Jones,11:20
5,.500,10,100.000,2,1.00,109,0,2,100.0,5,.500,0.0,,0.0,10,0,,0,0.000,Logos via Sports Logos.net / About logos,W,https://www.basketball-reference.com/boxscores/202105080TOR.html,Away,99,19:05,0,0.0,TOR,Gary Trent Jr.,Stanley Johnson,12:32,,,,,,,,,,,36:12,Pascal Siakam,30:18,Jalen Harris,29:27,Khem Birch,26:12,Malachi Flynn,25:48,Yuta Watanabe,24:36,Freddie Gillespie,21:48,DeAndre' Bembry,19:32,Rodney Hood,13:35,99,1,15,0.0,0.0,15.0,100.0,0.0,0.0,De'Anthony Melton,10,0,2020-2021,0.0,2,2.0,MEM,109,Ja Morant,,,,,,,,,,,,,37:28,Dillon Brooks,36:42,Jonas Valančiūnas,36:13,Kyle Anderson,31:01,Jaren Jackson Jr.,25:41,Desmond Bane,21:38,Brandon Clarke,16:59,Tyus Jones,10:32,John Konchar,4:41
1,.500,2,40.000,3,1.50,110,1,3,100.0,2,.400,1.0,33.3,3.0,5,0,,0,0.000,Logos via Sports Logos.net / About logos,W,https://www.basketball-reference.com/boxscores/202105100MEM.html,Home,115,17:23,0,0.0,NOP,Lonzo Ball,Wes Iwundu,7:39,,,,,,,,,,,34:04,Naji Marshall,30:31,Eric Bledsoe,29:10,James Johnson,28:07,Willy Hernangómez,24:28,Nickeil Alexander-Walker,24:00,Jaxson Hayes,23:32,Wenyen Gabriel,19:39,Kira Lewis Jr.,18:50,110,1,5,2.0,40.0,3.0,60.0,0.0,0.0,De'Anthony Melton,5,2,2020-2021,3.0,2,3.0,MEM,115,Ja Morant,Xavier Tillman Sr.,9:20,,,,,,,,,,,34:53,Dillon Brooks,30:26,Kyle Anderson,28:38,Jonas Valančiūnas,27:28,Jaren Jackson Jr.,27:01,Desmond Bane,19:52,Brandon Clarke,17:15,John Konchar,14:42,Tyus Jones,13:02
1,.500,2,50.000,2,,104,0,0,,1,.250,0.0,0.0,2.0,4,0,,0,0.000,Logos via Sports Logos.net / About logos,W,https://www.basketball-reference.com/boxscores/202105110MEM.html,Home,133,18:07,0,,DAL,Tim Hardaway Jr.,Josh Green,12:00,Dwight Powell,11:27,Nate Hinton,7:50,Tyler Bey,7:50,Boban Marjanović,5:10,JJ Redick,2:07,27:36,Dorian Finney-Smith,27:12,Luka Dončić,25:30,Jalen Brunson,24:38,Josh Richardson,22:24,Trey Burke,20:58,Nicolò Melli,16:02,Willie Cauley-Stein,15:09,Maxi Kleber,14:07,104,2,3,0.0,0.0,3.0,100.0,0.0,0.0,De'Anthony Melton,29,1,2020-2021,1.0,0,0.0,MEM,133,Dillon Brooks,Jontay Porter,5:13,Tim Frazier,5:13,Justise Winslow,5:13,,,,,,,32:47,Ja Morant,29:09,John Konchar,25:38,Kyle Anderson,24:31,Xavier Tillman Sr.,23:26,Desmond Bane,23:06,Brandon Clarke,19:23,Killian Tillie,14:36,Tyus Jones,13:38
0,.000,3,75.000,2,,110,1,0,,1,.250,1.0,100.0,1.0,4,0,,0,0.000,Logos via Sports Logos.net / About logos,W,https://www.basketball-reference.com/boxscores/202105130MEM.html,Home,116,16:15,0,,SAC,Delon Wright,,,,,,,,,,,,,37:21,Buddy Hield,34:39,Chimezie Metu,34:18,Justin James,32:27,Maurice Harkless,29:01,Terence Davis,28:14,Damian Jones,23:59,Richaun Holmes,10:41,Louis King,9:20,110,0,2,2.0,100.0,0.0,0.0,0.0,0.0,De'Anthony Melton,6,0,2020-2021,1.0,0,0.0,MEM,116,Ja Morant,Xavier Tillman Sr.,5:15,,,,,,,,,,,38:02,Dillon Brooks,37:18,Jonas Valančiūnas,33:11,Kyle Anderson,30:33,Desmond Bane,23:09,Brandon Clarke,21:01,Jaren Jackson Jr.,19:59,Tyus Jones,9:58,John Konchar,5:19
1,.200,5,83.333,3,3.00,106,2,4,100.0,2,.333,1.0,100.0,1.0,6,5,1.000,5,83.333,Logos via Sports Logos.net / About logos,W,https://www.basketball-reference.com/boxscores/202105140MEM.html,Home,107,21:22,0,0.0,SAC,Damian Jones,Robert Woodard II,5:32,,,,,,,,,,,34:41,Louis King,34:05,Jahmi'us Ramsey,29:48,Buddy Hield,28:44,Terence Davis,27:39,Justin James,25:20,Delon Wright,23:39,Chimezie Metu,22:24,Maurice Harkless,8:08,106,2,10,2.0,20.0,3.0,30.0,5.0,50.0,De'Anthony Melton,1,2,2020-2021,4.0,1,4.0,MEM,107,Justise Winslow,,,,,,,,,,,,,38:21,Killian Tillie,37:56,Xavier Tillman Sr.,31:04,Tim Frazier,24:15,Tyus Jones,23:45,John Konchar,21:54,Jontay Porter,21:24,Desmond Bane,19:59,,
0,.000,3,42.857,0,0.00,101,0,1,50.0,2,.286,2.0,50.0,4.0,7,0,,0,0.000,Logos via Sports Logos.net / About logos,L,https://www.basketball-reference.com/boxscores/202105160GSW.html,Away,113,20:55,1,50.0,GSW,Stephen Curry,,,,,,,,,,,,,39:57,Draymond Green,37:52,Andrew Wiggins,37:06,Kevon Looney,31:11,Kent Bazemore,27:20,Juan Toscano-Anderson,26:49,Jordan Poole,24:54,Mychal Mulder,14:51,,,113,1,4,4.0,100.0,0.0,0.0,0.0,0.0,De'Anthony Melton,12,2,2020-2021,2.0,3,2.0,MEM,101,Ja Morant,,,,,,,,,,,,,37:58,Jonas Valančiūnas,35:30,Jaren Jackson Jr.,31:27,Dillon Brooks,29:55,Kyle Anderson,29:10,Desmond Bane,28:35,Brandon Clarke,13:52,Tyus Jones,10:02,Xavier Tillman Sr.,2:36
0,.000,2,40.000,1,1.00,96,1,3,100.0,1,.200,1.0,33.3,3.0,5,0,,0,0.000,Logos via Sports Logos.net / About logos,W,https://www.basketball-reference.com/boxscores/202105190MEM.html,Home,100,11:44,0,0.0,SAS,Dejounte Murray,Drew Eubanks,2:52,,,,,,,,,,,38:52,DeMar DeRozan,37:54,Jakob Poeltl,32:03,Keldon Johnson,30:43,Patty Mills,30:25,Rudy Gay,27:07,Lonnie Walker IV,17:15,Gorgui Dieng,12:57,Devin Vassell,9:52,96,3,2,2.0,100.0,0.0,0.0,0.0,0.0,De'Anthony Melton,4,0,2020-2021,1.0,1,3.0,MEM,100,Ja Morant,,,,,,,,,,,,,40:44,Dillon Brooks,39:42,Jonas Valančiūnas,37:33,Kyle Anderson,32:10,Jaren Jackson Jr.,30:47,Desmond Bane,24:50,Xavier Tillman Sr.,10:19,Tyus Jones,7:16,Grayson Allen,4:55
1,.500,2,66.667,0,,117,0,0,,2,.667,1.0,100.0,1.0,3,0,,0,0.000,Logos via Sports Logos.net / About logos,W,https://www.basketball-reference.com/boxscores/202105210GSW.html,Away,112,9:40,0,,GSW,Stephen Curry,,,,,,,,,,,,,47:23,Draymond Green,45:05,Andrew Wiggins,44:18,Jordan Poole,37:54,Juan Toscano-Anderson,31:41,Kent Bazemore,25:30,Kevon Looney,24:27,Mychal Mulder,8:42,,,112,1,5,2.0,40.0,3.0,60.0,0.0,0.0,De'Anthony Melton,5,0,2020-2021,0.0,0,0.0,MEM,117,Ja Morant,,,,,,,,,,,,,45:45,Dillon Brooks,45:04,Kyle Anderson,39:01,Desmond Bane,29:20,Jonas Valančiūnas,25:33,Grayson Allen,25:18,Xavier Tillman Sr.,23:08,Jaren Jackson Jr.,14:56,Tyus Jones,7:15
0,.000,2,50.000,2,2.00,112,1,1,50.0,0,.000,0.0,0.0,2.0,4,0,,0,0.000,Logos via Sports Logos.net / About logos,W,https://www.basketball-reference.com/boxscores/202105230UTA.html,Away,109,13:02,1,50.0,UTA,Royce O'Neale,,,,,,,,,,,,,36:32,Mike Conley,33:04,Bojan Bogdanović,33:01,Joe Ingles,32:48,Jordan Clarkson,30:10,Rudy Gobert,24:59,Derrick Favors,22:57,Georges Niang,16:09,Miye Oni,10:20,109,1,0,0.0,,0.0,,0.0,,De'Anthony Melton,3,0,2020-2021,1.0,1,2.0,MEM,112,Jonas Valančiūnas,,,,,,,,,,,,,39:21,Dillon Brooks,36:05,Ja Morant,35:53,Kyle Anderson,30:51,Jaren Jackson Jr.,23:45,Grayson Allen,22:37,Desmond Bane,18:18,Tyus Jones,12:07,Xavier Tillman Sr.,8:01
1,.200,5,62.500,0,,129,1,3,75.0,3,.375,2.0,66.7,3.0,8,0,.000,2,25.000,Logos via Sports Logos.net / About logos,L,https://www.basketball-reference.com/boxscores/202105260UTA.html,Away,141,17:13,1,25.0,UTA,Mike Conley,,,,,,,,,,,,,37:11,Rudy Gobert,35:58,Royce O'Neale,33:53,Bojan Bogdanović,30:27,Joe Ingles,27:56,Donovan Mitchell,25:39,Jordan Clarkson,22:03,Georges Niang,14:51,Derrick Favors,12:02,141,1,7,4.0,57.1,3.0,42.9,0.0,0.0,De'Anthony Melton,12,0,2020-2021,1.0,0,4.0,MEM,129,Ja Morant,,,,,,,,,,,,,43:22,Kyle Anderson,36:21,Jaren Jackson Jr.,31:18,Jonas Valančiūnas,29:31,Dillon Brooks,28:11,Desmond Bane,23:37,Grayson Allen,18:55,Xavier Tillman Sr.,6:54,Tyus Jones,4:38
1,.333,3,75.000,0,0.00,121,0,1,50.0,1,.250,0.0,0.0,1.0,4,0,,0,0.000,Logos via Sports Logos.net / About logos,L,https://www.basketball-reference.com/boxscores/202105290MEM.html,Home,111,12:30,1,50.0,UTA,Bojan Bogdanović,Miye Oni,0:43,,,,,,,,,,,37:00,Mike Conley,35:40,Rudy Gobert,35:30,Royce O'Neale,31:44,Donovan Mitchell,29:49,Joe Ingles,22:50,Jordan Clarkson,21:55,Derrick Favors,12:30,Georges Niang,12:19,121,1,3,0.0,0.0,3.0,100.0,0.0,0.0,De'Anthony Melton,10,0,2020-2021,0.0,1,2.0,MEM,111,Ja Morant,,,,,,,,,,,,,39:47,Jonas Valančiūnas,34:52,Dillon Brooks,33:00,Kyle Anderson,32:07,Grayson Allen,29:34,Jaren Jackson Jr.,27:05,Desmond Bane,16:12,Tyus Jones,8:13,Brandon Clarke,6:40
3,.500,6,66.667,2,,120,1,4,80.0,5,.556,2.0,66.7,3.0,9,2,1.000,2,22.222,Logos via Sports Logos.net / About logos,L,https://www.basketball-reference.com/boxscores/202105310MEM.html,Home,113,23:20,1,20.0,UTA,Royce O'Neale,,,,,,,,,,,,,34:44,Donovan Mitchell,34:42,Bojan Bogdanović,33:00,Rudy Gobert,32:26,Mike Conley,32:06,Joe Ingles,23:48,Jordan Clarkson,21:30,Derrick Favors,15:34,Georges Niang,12:10,120,2,15,4.0,26.7,9.0,60.0,2.0,13.3,De'Anthony Melton,7,0,2020-2021,1.0,0,5.0,MEM,113,Ja Morant,,,,,,,,,,,,,43:15,Dillon Brooks,37:14,Jonas Valančiūnas,34:32,Grayson Allen,29:09,Jaren Jackson Jr.,26:01,Kyle Anderson,24:11,Desmond Bane,17:33,Tyus Jones,4:45,,
1,.250,4,66.667,1,1.00,110,1,3,100.0,2,.333,1.0,50.0,2.0,6,1,1.000,1,16.667,Logos via Sports Logos.net / About logos,L,https://www.basketball-reference.com/boxscores/202106020UTA.html,Away,126,17:20,0,0.0,UTA,Royce O'Neale,Trent Forrest,4:19,Jarrell Brantley,2:17,Juwan Morgan,2:17,Miye Oni,2:17,Matt Thomas,2:17,,,35:36,Rudy Gobert,33:23,Bojan Bogdanović,31:14,Jordan Clarkson,30:33,Donovan Mitchell,29:25,Joe Ingles,27:58,Georges Niang,14:29,Derrick Favors,12:20,Mike Conley,11:35,126,2,6,2.0,33.3,3.0,50.0,1.0,16.7,De'Anthony Melton,16,1,2020-2021,2.0,1,3.0,MEM,110,Dillon Brooks,Xavier Tillman Sr.,2:48,John Konchar,2:48,Justise Winslow,2:48,,,,,,,40:14,Ja Morant,40:14,Jaren Jackson Jr.,29:19,Jonas Valančiūnas,27:22,Desmond Bane,23:23,Kyle Anderson,18:29,Tyus Jones,16:58,Grayson Allen,15:29,Brandon Clarke,2:48
4,.667,6,42.857,3,,121,0,2,50.0,8,.571,4.0,50.0,8.0,14,0,,0,0.000,Logos via Sports Logos.net / About logos,W,https://www.basketball-reference.com/boxscores/202110200MEM.html,Home,132,30:39,2,50.0,CLE,Evan Mobley,,,,,,,,,,,,,38:18,Darius Garland,31:55,Lauri Markkanen,31:28,Collin Sexton,29:23,Jarrett Allen,28:54,Ricky Rubio,24:57,Isaac Okoro,20:33,Kevin Love,17:27,Cedi Osman,17:05,121,0,20,8.0,40.0,12.0,60.0,0.0,0.0,De'Anthony Melton,11,0,2021-2022,0.0,0,4.0,MEM,132,Ja Morant,,,,,,,,,,,,,33:36,Steven Adams,31:45,Jaren Jackson Jr.,30:48,Desmond Bane,29:39,Kyle Anderson,21:50,John Konchar,18:32,Ziaire Williams,17:10,Tyus Jones,14:24,Brandon Clarke,11:37
4,.500,8,50.000,2,,120,0,5,71.4,9,.563,5.0,62.5,8.0,16,0,,0,0.000,Logos via Sports Logos.net / About logos,W,https://www.basketball-reference.com/boxscores/202110230LAC.html,Away,114,33:00,2,28.6,LAC,Reggie Jackson,,,,,,,,,,,,,36:16,Paul George,34:48,Eric Bledsoe,32:33,Marcus Morris,29:48,Terance Mann,26:26,Nicolas Batum,22:47,Luke Kennard,22:14,Ivica Zubac,19:18,Isaiah Hartenstein,15:50,114,2,22,10.0,45.5,12.0,54.5,0.0,0.0,De'Anthony Melton,6,0,2021-2022,0.0,0,7.0,MEM,120,Ja Morant,,,,,,,,,,,,,34:33,Jaren Jackson Jr.,31:07,Desmond Bane,30:48,Steven Adams,26:48,Brandon Clarke,21:11,Kyle Anderson,16:54,John Konchar,16:32,Ziaire Williams,15:40,Tyus Jones,13:27
3,.600,5,41.667,3,1.00,118,0,2,66.7,5,.417,2.0,28.6,7.0,12,0,,0,0.000,Logos via Sports Logos.net / About logos,L,https://www.basketball-reference.com/boxscores/202110240LAL.html,Away,121,27:52,1,33.3,LAL,LeBron James,Avery Bradley,2:16,,,,,,,,,,,40:18,Russell Westbrook,36:46,Anthony Davis,33:42,Kent Bazemore,28:22,Carmelo Anthony,27:35,Malik Monk,21:00,Austin Reaves,17:50,Dwight Howard,17:42,DeAndre Jordan,14:29,121,2,13,4.0,30.8,9.0,69.2,0.0,0.0,De'Anthony Melton,3,3,2021-2022,3.0,3,3.0,MEM,118,Ja Morant,,,,,,,,,,,,,37:45,Steven Adams,33:40,Desmond Bane,30:48,Jaren Jackson Jr.,27:41,Xavier Tillman Sr.,21:54,Kyle Anderson,19:38,Ziaire Williams,17:48,Brandon Clarke,12:39,Tyus Jones,10:15
0,.000,5,62.500,1,1.00,96,1,6,85.7,0,.000,0.0,0.0,3.0,8,0,.000,2,25.000,Logos via Sports Logos.net / About logos,L,https://www.basketball-reference.com/boxscores/202110270POR.html,Away,116,25:15,1,14.3,POR,CJ McCollum,Greg Brown III,5:20,CJ Elleby,5:20,,,,,,,,,32:25,Damian Lillard,32:14,Anfernee Simons,28:05,Robert Covington,27:28,Nassir Little,26:59,Cody Zeller,24:31,Jusuf Nurkić,23:28,Dennis Smith Jr.,18:58,Larry Nance Jr.,15:12,116,0,0,0.0,,0.0,,0.0,,De'Anthony Melton,20,2,2021-2022,3.0,1,7.0,MEM,96,Ja Morant,Sam Merrill,12:00,Xavier Tillman Sr.,6:36,Santi Aldama,5:34,Jarrett Culver,5:34,Killian Tillie,5:34,,,31:51,Desmond Bane,23:11,Kyle Anderson,22:23,Ziaire Williams,18:52,Jaren Jackson Jr.,18:18,Steven Adams,17:47,John Konchar,16:42,Brandon Clarke,15:13,Tyus Jones,15:10
1,.167,6,60.000,3,1.00,104,3,6,100.0,3,.300,2.0,50.0,4.0,10,0,,0,0.000,Logos via Sports Logos.net / About logos,W,https://www.basketball-reference.com/boxscores/202110280GSW.html,Away,101,34:35,0,0.0,GSW,Stephen Curry,Kevon Looney,10:42,Gary Payton II,8:43,,,,,,,,,40:40,Draymond Green,37:37,Andrew Wiggins,37:24,Damion Lee,32:37,Andre Iguodala,25:24,Jordan Poole,23:53,Otto Porter Jr.,19:48,Juan Toscano-Anderson,14:21,Nemanja Bjelica,13:51,101,4,7,4.0,57.1,3.0,42.9,0.0,0.0,De'Anthony Melton,3,4,2021-2022,7.0,3,6.0,MEM,104,Ja Morant,,,,,,,,,,,,,41:39,Desmond Bane,38:06,Jaren Jackson Jr.,31:55,Kyle Anderson,29:12,Xavier Tillman Sr.,22:17,Steven Adams,21:20,Ziaire Williams,20:57,Tyus Jones,17:24,John Konchar,7:35
4,.571,7,58.333,5,2.50,129,1,2,66.7,6,.500,2.0,40.0,5.0,12,4,1.000,4,33.333,Logos via Sports Logos.net / About logos,L,https://www.basketball-reference.com/boxscores/202110300MEM.html,Home,103,27:13,1,33.3,MIA,Tyler Herro,KZ Okpala,4:59,Gabe Vincent,4:59,Omer Yurtseven,3:29,Udonis Haslem,2:49,,,,,31:51,Jimmy Butler,30:03,Kyle Lowry,29:18,Duncan Robinson,26:31,Caleb Martin,26:14,P.J. Tucker,25:51,Markieff Morris,20:09,Dewayne Dedmon,17:17,Max Strus,16:30,129,3,20,4.0,20.0,12.0,60.0,4.0,20.0,De'Anthony Melton,26,2,2021-2022,3.0,2,3.0,MEM,103,Ja Morant,John Konchar,11:52,Santi Aldama,5:52,Brandon Clarke,5:52,Killian Tillie,5:52,,,,,32:57,Desmond Bane,25:36,Jaren Jackson Jr.,23:41,Kyle Anderson,19:18,Steven Adams,18:56,Sam Merrill,16:15,Xavier Tillman Sr.,16:09,Ziaire Williams,15:34,Tyus Jones,14:53
1,.200,5,45.455,1,1.00,97,0,7,100.0,3,.273,2.0,33.3,6.0,11,2,1.000,2,18.182,Logos via Sports Logos.net / About logos,W,https://www.basketball-reference.com/boxscores/202111010MEM.html,Home,106,25:18,0,0.0,DEN,Michael Porter Jr.,JaMychal Green,14:57,,,,,,,,,,,36:09,Nikola Jokić,33:03,Will Barton,29:02,Aaron Gordon,28:15,Monte Morris,27:56,Jeff Green,19:45,PJ Dozier,18:48,Facundo Campazzo,16:10,Bones Hyland,15:55,97,3,9,4.0,44.4,3.0,33.3,2.0,22.2,De'Anthony Melton,9,1,2021-2022,1.0,1,7.0,MEM,106,Ja Morant,,,,,,,,,,,,,35:02,Desmond Bane,32:15,Steven Adams,30:51,Tyus Jones,27:06,Kyle Anderson,25:31,Jaren Jackson Jr.,18:28,Xavier Tillman Sr.,17:09,Ziaire Williams,16:03,John Konchar,12:16
2,.500,4,50.000,3,3.00,106,2,1,50.0,4,.500,2.0,50.0,4.0,8,0,,0,0.000,Logos via Sports Logos.net / About logos,W,https://www.basketball-reference.com/boxscores/202111030MEM.html,Home,108,28:49,1,50.0,DEN,Will Barton,JaMychal Green,8:22,,,,,,,,,,,40:14,Michael Porter Jr.,35:17,Nikola Jokić,35:01,Aaron Gordon,30:02,Monte Morris,27:50,Bones Hyland,20:43,PJ Dozier,18:46,Facundo Campazzo,14:26,Jeff Green,9:19,106,3,10,4.0,40.0,6.0,60.0,0.0,0.0,De'Anthony Melton,2,1,2021-2022,3.0,1,2.0,MEM,108,Ja Morant,,,,,,,,,,,,,32:47,Steven Adams,30:16,Jaren Jackson Jr.,30:03,Desmond Bane,29:00,Ziaire Williams,24:27,Kyle Anderson,23:28,Tyus Jones,20:29,John Konchar,13:55,Xavier Tillman Sr.,6:46
0,.000,4,44.444,1,,87,1,1,50.0,2,.222,2.0,40.0,5.0,9,0,,0,0.000,Logos via Sports Logos.net / About logos,L,https://www.basketball-reference.com/boxscores/202111050WAS.html,Away,115,20:20,1,50.0,WAS,Deni Avdija,Corey Kispert,16:40,,,,,,,,,,,28:20,Bradley Beal,27:18,Kentavious Caldwell-Pope,26:01,Raul Neto,25:45,Kyle Kuzma,24:59,Montrezl Harrell,24:37,Daniel Gafford,23:23,Spencer Dinwiddie,22:15,Aaron Holiday,20:42,115,1,4,4.0,100.0,0.0,0.0,0.0,0.0,De'Anthony Melton,28,1,2021-2022,2.0,0,2.0,MEM,87,Ja Morant,Jarrett Culver,9:59,Sam Merrill,9:59,Santi Aldama,9:59,Killian Tillie,9:59,John Konchar,6:35,,,29:25,Jaren Jackson Jr.,24:39,Desmond Bane,21:45,Steven Adams,19:36,Kyle Anderson,19:08,Ziaire Williams,18:50,Tyus Jones,17:08,Xavier Tillman Sr.,12:39,Brandon Clarke,9:59
3,.500,6,50.000,3,1.00,118,1,3,100.0,7,.583,4.0,66.7,6.0,12,2,1.000,2,16.667,Logos via Sports Logos.net / About logos,W,https://www.basketball-reference.com/boxscores/202111080MEM.html,Home,125,32:01,0,0.0,MIN,Karl-Anthony Towns,Taurean Prince,6:05,,,,,,,,,,,43:21,Anthony Edwards,42:59,D'Angelo Russell,40:47,Jaden McDaniels,31:12,Patrick Beverley,29:29,Malik Beasley,26:53,Josh Okogie,18:48,Naz Reid,14:18,Jarred Vanderbilt,11:04,118,3,19,8.0,42.1,9.0,47.4,2.0,10.5,De'Anthony Melton,7,2,2021-2022,3.0,3,3.0,MEM,125,Ja Morant,,,,,,,,,,,,,41:21,Desmond Bane,40:50,Jaren Jackson Jr.,31:50,Kyle Anderson,28:29,Brandon Clarke,23:52,Tyus Jones,19:47,Steven Adams,19:28,Xavier Tillman Sr.,15:02,John Konchar,12:18
1,.143,7,63.636,3,3.00,118,2,7,87.5,3,.273,2.0,50.0,4.0,11,0,,0,0.000,Logos via Sports Logos.net / About logos,L,https://www.basketball-reference.com/boxscores/202111100MEM.html,Home,108,32:08,1,12.5,CHO,Gordon Hayward,,,,,,,,,,,,,37:59,LaMelo Ball,32:29,Miles Bridges,31:55,Kelly Oubre Jr.,30:56,Mason Plumlee,27:23,Terry Rozier,27:05,Jalen McDaniels,21:44,Cody Martin,20:24,Nick Richards,10:05,118,1,7,4.0,57.1,3.0,42.9,0.0,0.0,De'Anthony Melton,10,2,2021-2022,4.0,1,8.0,MEM,108,Ja Morant,,,,,,,,,,,,,37:02,Jaren Jackson Jr.,30:05,Steven Adams,28:21,Dillon Brooks,26:07,Kyle Anderson,24:38,Desmond Bane,20:48,John Konchar,17:38,Brandon Clarke,12:15,Tyus Jones,10:58
1,.333,3,60.000,1,0.25,119,0,1,100.0,1,.200,0.0,0.0,2.0,5,0,,0,0.000,Logos via Sports Logos.net / About logos,L,https://www.basketball-reference.com/boxscores/202111120MEM.html,Home,94,17:10,0,0.0,PHO,Mikal Bridges,JaVale McGee,15:27,Jalen Smith,5:18,,,,,,,,,29:10,Chris Paul,27:39,Frank Kaminsky,27:15,Devin Booker,25:36,Jae Crowder,25:05,Landry Shamet,23:21,Cameron Johnson,22:55,Cameron Payne,20:21,Abdel Nader,17:53,119,1,3,0.0,0.0,3.0,100.0,0.0,0.0,De'Anthony Melton,25,0,2021-2022,0.0,4,1.0,MEM,94,Ja Morant,Sam Merrill,8:17,Xavier Tillman Sr.,8:17,Santi Aldama,5:21,Yves Pons,2:45,,,,,31:32,Jaren Jackson Jr.,26:03,John Konchar,24:01,Desmond Bane,23:32,Steven Adams,21:46,Ziaire Williams,19:17,Brandon Clarke,19:14,Kyle Anderson,17:55,Tyus Jones,14:50
0,.000,2,33.333,1,,101,0,0,,2,.333,2.0,50.0,4.0,6,0,,0,0.000,Logos via Sports Logos.net / About logos,L,https://www.basketball-reference.com/boxscores/202111130NOP.html,Away,112,18:40,0,,NOP,Jonas Valančiūnas,Trey Murphy III,9:58,,,,,,,,,,,33:53,Josh Hart,32:38,Devonte' Graham,30:23,Brandon Ingram,29:27,Herbert Jones,29:22,Nickeil Alexander-Walker,25:40,Tomáš Satoranský,17:37,Garrett Temple,16:59,Jaxson Hayes,14:03,112,1,4,4.0,100.0,0.0,0.0,0.0,0.0,De'Anthony Melton,11,1,2021-2022,1.0,0,0.0,MEM,101,Ja Morant,,,,,,,,,,,,,37:11,Steven Adams,36:39,Desmond Bane,31:27,Dillon Brooks,30:43,Kyle Anderson,24:20,Jaren Jackson Jr.,22:06,Ziaire Williams,16:33,Brandon Clarke,11:32,Tyus Jones,10:49
1,.250,4,80.000,2,1.00,102,0,2,100.0,2,.400,1.0,100.0,1.0,5,0,,0,0.000,Logos via Sports Logos.net / About logos,W,https://www.basketball-reference.com/boxscores/202111150MEM.html,Home,136,16:35,0,0.0,HOU,Jalen Green,Danuel House Jr.,13:14,David Nwaba,9:51,Josh Christopher,9:51,Armoni Brooks,9:28,Usman Garuba,9:09,,,27:43,Christian Wood,25:34,Jae'Sean Tate,24:55,Daniel Theis,21:07,Kevin Porter Jr.,20:31,D.J. Augustin,18:54,Alperen Sengun,17:44,KJ Martin,17:23,Garrison Mathews,14:36,102,2,5,2.0,40.0,3.0,60.0,0.0,0.0,De'Anthony Melton,34,3,2021-2022,3.0,2,2.0,MEM,136,Ja Morant,Sam Merrill,9:09,Xavier Tillman Sr.,9:09,John Konchar,9:09,Santi Aldama,6:01,Jarrett Culver,5:03,,,24:37,Desmond Bane,24:37,Jaren Jackson Jr.,24:05,Dillon Brooks,22:37,Steven Adams,21:09,Ziaire Williams,17:59,Brandon Clarke,17:53,Kyle Anderson,17:43,Tyus Jones,14:14
2,.667,3,60.000,3,3.00,108,0,4,80.0,2,.400,0.0,0.0,2.0,5,0,,0,0.000,Logos via Sports Logos.net / About logos,W,https://www.basketball-reference.com/boxscores/202111180MEM.html,Home,120,22:51,1,20.0,LAC,Paul George,Jay Scrubb,8:29,,,,,,,,,,,31:13,Reggie Jackson,30:22,Amir Coffey,28:58,Ivica Zubac,26:53,Eric Bledsoe,24:55,Terance Mann,24:29,Luke Kennard,24:16,Brandon Boston Jr.,20:18,Isaiah Hartenstein,20:07,108,2,6,0.0,0.0,6.0,100.0,0.0,0.0,De'Anthony Melton,12,2,2021-2022,2.0,1,5.0,MEM,120,Ja Morant,Xavier Tillman Sr.,2:10,Santi Aldama,2:10,John Konchar,2:10,Sam Merrill,2:10,Killian Tillie,2:10,,,31:15,Jaren Jackson Jr.,29:26,Desmond Bane,28:44,Steven Adams,26:48,Dillon Brooks,26:35,Kyle Anderson,21:45,Brandon Clarke,14:41,Tyus Jones,14:35,Ziaire Williams,12:30
2,.333,6,66.667,1,0.33,132,1,0,,3,.333,1.0,33.3,3.0,9,0,,0,0.000,Logos via Sports Logos.net / About logos,L,https://www.basketball-reference.com/boxscores/202111260MEM.html,Home,100,19:50,0,,ATL,Clint Capela,Gorgui Dieng,12:00,Timothé Luwawu-Cabarrot,5:36,Solomon Hill,5:36,,,,,,,29:24,Cam Reddish,28:21,Trae Young,27:24,Bogdan Bogdanović,25:54,Kevin Huerter,25:29,John Collins,23:14,Danilo Gallinari,21:05,Delon Wright,20:36,Lou Williams,15:21,132,1,8,2.0,25.0,6.0,75.0,0.0,0.0,De'Anthony Melton,32,2,2021-2022,3.0,3,0.0,MEM,100,Desmond Bane,Xavier Tillman Sr.,12:00,Santi Aldama,12:00,Jarrett Culver,12:00,Brandon Clarke,11:34,Ja Morant,8:48,,,23:48,Jaren Jackson Jr.,23:16,Tyus Jones,20:00,Dillon Brooks,19:08,Steven Adams,17:44,Kyle Anderson,16:26,John Konchar,15:57,Ziaire Williams,15:27,Killian Tillie,12:00
3,.500,6,66.667,4,,101,0,4,80.0,4,.444,1.0,33.3,3.0,9,3,.750,4,44.444,Logos via Sports Logos.net / About logos,W,https://www.basketball-reference.com/boxscores/202111280MEM.html,Home,128,18:00,1,20.0,SAC,Davion Mitchell,Damian Jones,16:44,Jahmi'us Ramsey,12:41,Alex Len,6:37,,,,,,,30:37,Buddy Hield,29:19,Chimezie Metu,23:02,Tristan Thompson,22:25,Louis King,21:15,De'Aaron Fox,21:13,Tyrese Haliburton,20:04,Marvin Bagley III,18:54,Terence Davis,17:09,101,1,14,2.0,14.3,9.0,64.3,3.0,21.4,De'Anthony Melton,27,0,2021-2022,0.0,0,5.0,MEM,128,Desmond Bane,Killian Tillie,10:10,Santi Aldama,10:10,Xavier Tillman Sr.,8:47,Jarrett Culver,8:47,,,,,26:25,Tyus Jones,23:49,Jaren Jackson Jr.,22:12,Dillon Brooks,21:11,Steven Adams,20:43,John Konchar,18:55,Kyle Anderson,18:32,Ziaire Williams,16:43,Brandon Clarke,15:36
0,.000,4,30.769,2,2.00,98,0,6,60.0,4,.308,4.0,44.4,9.0,13,1,.500,2,15.385,Logos via Sports Logos.net / About logos,W,https://www.basketball-reference.com/boxscores/202111300TOR.html,Away,91,17:14,4,40.0,TOR,Fred VanVleet,Chris Boucher,6:48,,,,,,,,,,,41:49,Scottie Barnes,37:50,Pascal Siakam,30:23,Precious Achiuwa,29:06,Yuta Watanabe,28:41,Malachi Flynn,21:38,Svi Mykhailiuk,17:43,Dalano Banton,14:54,Isaac Bonga,11:06,91,0,9,8.0,88.9,0.0,0.0,1.0,11.1,De'Anthony Melton,7,1,2021-2022,1.0,1,10.0,MEM,98,Tyus Jones,,,,,,,,,,,,,34:08,Jaren Jackson Jr.,34:03,Dillon Brooks,33:25,Desmond Bane,33:04,Steven Adams,26:25,Kyle Anderson,19:22,Brandon Clarke,16:09,Santi Aldama,14:48,John Konchar,11:20
3,.600,5,50.000,5,5.00,79,0,5,83.3,8,.800,5.0,100.0,5.0,10,0,,0,0.000,Logos via Sports Logos.net / About logos,W,https://www.basketball-reference.com/boxscores/202112020MEM.html,Home,152,21:42,1,16.7,OKC,Ty Jerome,Darius Bazley,15:14,,,,,,,,,,,35:15,Paul Watson,32:06,Tre Mann,26:32,Luguentz Dort,25:15,Isaiah Roby,24:24,Jeremiah Robinson-Earl,23:33,Gabriel Deck,21:59,Aleksej Pokusevski,19:02,Mike Muscala,16:39,79,0,19,10.0,52.6,9.0,47.4,0.0,0.0,De'Anthony Melton,73,0,2021-2022,0.0,1,6.0,MEM,152,Santi Aldama,Brandon Clarke,14:42,Jarrett Culver,14:26,,,,,,,,,28:29,John Konchar,25:53,Xavier Tillman Sr.,24:44,Steven Adams,21:13,Tyus Jones,20:38,Jaren Jackson Jr.,20:19,Desmond Bane,17:32,Dillon Brooks,15:20,Killian Tillie,15:02
2,.333,6,60.000,0,0.00,97,2,3,100.0,4,.400,2.0,50.0,4.0,10,1,.250,4,40.000,Logos via Sports Logos.net / About logos,W,https://www.basketball-reference.com/boxscores/202112040DAL.html,Away,90,26:24,0,0.0,DAL,Dorian Finney-Smith,Boban Marjanović,10:52,,,,,,,,,,,37:24,Jalen Brunson,37:09,Maxi Kleber,32:33,Tim Hardaway Jr.,31:12,Reggie Bullock,27:00,Dwight Powell,23:41,Sterling Brown,14:46,Trey Burke,12:46,Frank Ntilikina,12:37,90,2,11,4.0,36.4,6.0,54.5,1.0,9.1,De'Anthony Melton,7,4,2021-2022,6.0,6,3.0,MEM,97,Tyus Jones,,,,,,,,,,,,,34:26,Desmond Bane,33:44,Dillon Brooks,29:58,Jaren Jackson Jr.,29:18,Steven Adams,27:22,Xavier Tillman Sr.,20:40,John Konchar,17:33,Santi Aldama,12:46,Killian Tillie,7:49
1,.333,3,50.000,4,1.33,105,0,1,33.3,2,.333,1.0,33.3,3.0,6,0,,0,0.000,Logos via Sports Logos.net / About logos,W,https://www.basketball-reference.com/boxscores/202112060MIA.html,Away,90,23:28,2,66.7,MIA,Kyle Lowry,Max Strus,6:11,KZ Okpala,1:16,,,,,,,,,39:52,Caleb Martin,31:05,Tyler Herro,28:30,Jimmy Butler,24:53,P.J. Tucker,24:27,Gabe Vincent,24:23,Duncan Robinson,22:09,Dewayne Dedmon,20:39,Omer Yurtseven,16:35,90,0,5,2.0,40.0,3.0,60.0,0.0,0.0,De'Anthony Melton,15,2,2021-2022,2.0,3,3.0,MEM,105,Dillon Brooks,Jarrett Culver,1:16,Yves Pons,1:16,Killian Tillie,1:16,,,,,,,35:45,Jaren Jackson Jr.,32:37,Tyus Jones,31:42,Desmond Bane,31:21,Steven Adams,31:03,John Konchar,22:55,Xavier Tillman Sr.,13:29,Santi Aldama,10:42,Ziaire Williams,3:10
3,.333,9,69.231,3,,104,0,4,80.0,5,.385,2.0,50.0,4.0,13,0,,0,0.000,Logos via Sports Logos.net / About logos,L,https://www.basketball-reference.com/boxscores/202112080MEM.html,Home,96,24:53,1,20.0,DAL,Luka Dončić,Josh Green,10:20,,,,,,,,,,,35:55,Jalen Brunson,34:02,Dorian Finney-Smith,32:24,Reggie Bullock,30:11,Kristaps Porziņģis,23:11,Tim Hardaway Jr.,22:54,Dwight Powell,20:57,Maxi Kleber,17:57,Moses Brown,12:09,104,4,13,4.0,30.8,9.0,69.2,0.0,0.0,De'Anthony Melton,8,2,2021-2022,2.0,0,5.0,MEM,96,Tyus Jones,,,,,,,,,,,,,34:33,Desmond Bane,33:48,Jaren Jackson Jr.,33:30,Dillon Brooks,33:01,Steven Adams,30:04,Killian Tillie,19:07,John Konchar,11:54,Xavier Tillman Sr.,10:08,Santi Aldama,9:02
2,.333,6,66.667,6,6.00,95,0,2,50.0,4,.444,2.0,66.7,3.0,9,2,1.000,2,22.222,Logos via Sports Logos.net / About logos,W,https://www.basketball-reference.com/boxscores/202112090MEM.html,Home,108,29:04,2,50.0,LAL,Anthony Davis,,,,,,,,,,,,,38:08,LeBron James,37:24,Russell Westbrook,33:20,Avery Bradley,28:42,Talen Horton-Tucker,27:11,Malik Monk,22:49,Carmelo Anthony,21:53,Wayne Ellington,20:05,Dwight Howard,10:28,95,1,12,4.0,33.3,6.0,50.0,2.0,16.7,De'Anthony Melton,13,2,2021-2022,2.0,1,4.0,MEM,108,Tyus Jones,,,,,,,,,,,,,35:18,Desmond Bane,31:06,Steven Adams,30:15,Jaren Jackson Jr.,29:10,John Konchar,18:56,Xavier Tillman Sr.,17:45,Killian Tillie,17:23,Jarrett Culver,15:43,Kyle Anderson,15:20
0,.000,2,50.000,1,0.50,106,0,2,100.0,2,.500,2.0,100.0,2.0,4,0,,0,0.000,Logos via Sports Logos.net / About logos,W,https://www.basketball-reference.com/boxscores/202112110MEM.html,Home,113,17:37,0,0.0,HOU,Christian Wood,David Nwaba,5:57,,,,,,,,,,,37:26,Armoni Brooks,34:14,Garrison Mathews,27:19,D.J. Augustin,26:31,Jae'Sean Tate,25:15,Alperen Sengun,22:36,Josh Christopher,21:29,KJ Martin,21:03,Daniel Theis,18:10,106,3,4,4.0,100.0,0.0,0.0,0.0,0.0,De'Anthony Melton,7,1,2021-2022,1.0,2,2.0,MEM,113,Tyus Jones,Santi Aldama,3:33,,,,,,,,,,,34:20,Dillon Brooks,32:52,Desmond Bane,31:04,Kyle Anderson,30:33,Xavier Tillman Sr.,23:26,Steven Adams,21:01,Killian Tillie,17:27,John Konchar,15:08,Jarrett Culver,12:59
2,.333,6,66.667,4,4.00,91,1,1,100.0,4,.444,2.0,66.7,3.0,9,5,1.000,5,55.556,Logos via Sports Logos.net / About logos,W,https://www.basketball-reference.com/boxscores/202112130MEM.html,Home,126,20:09,0,0.0,PHI,Furkan Korkmaz,Isaiah Joe,15:54,,,,,,,,,,,32:15,Tyrese Maxey,30:12,Shake Milton,29:35,Georges Niang,26:37,Tobias Harris,24:54,Charles Bassey,22:02,Matisse Thybulle,21:01,Andre Drummond,20:44,Danny Green,16:46,91,0,15,4.0,26.7,6.0,40.0,5.0,33.3,De'Anthony Melton,35,2,2021-2022,3.0,1,1.0,MEM,126,Dillon Brooks,Santi Aldama,7:19,Yves Pons,7:19,Jarrett Culver,7:19,,,,,,,27:28,Jaren Jackson Jr.,26:00,Tyus Jones,24:04,John Konchar,23:56,Desmond Bane,20:44,Steven Adams,20:08,Xavier Tillman Sr.,19:12,Kyle Anderson,18:11,Killian Tillie,18:11
0,.000,2,50.000,3,1.50,113,1,6,100.0,1,.250,1.0,50.0,2.0,4,1,.500,2,50.000,Logos via Sports Logos.net / About logos,W,https://www.basketball-reference.com/boxscores/202112150POR.html,Away,103,20:52,0,0.0,POR,Norman Powell,,,,,,,,,,,,,40:27,Damian Lillard,38:02,Nassir Little,34:31,Jusuf Nurkić,31:27,Larry Nance Jr.,30:57,Anfernee Simons,29:33,Robert Covington,22:34,Ben McLemore,9:58,Trendon Watford,2:31,103,2,3,2.0,66.7,0.0,0.0,1.0,33.3,De'Anthony Melton,10,1,2021-2022,2.0,2,6.0,MEM,113,Dillon Brooks,,,,,,,,,,,,,37:06,Tyus Jones,31:16,Desmond Bane,30:07,Steven Adams,30:03,Kyle Anderson,27:16,Jaren Jackson Jr.,23:53,John Konchar,17:57,Xavier Tillman Sr.,14:46,Killian Tillie,6:44
2,.667,3,27.273,3,3.00,124,1,2,66.7,7,.636,5.0,62.5,8.0,11,3,.750,4,36.364,Logos via Sports Logos.net / About logos,W,https://www.basketball-reference.com/boxscores/202112170SAC.html,Away,105,22:36,1,33.3,SAC,Tyrese Haliburton,Justin Robinson,7:21,Robert Woodard II,2:13,,,,,,,,,37:46,Buddy Hield,36:49,Chimezie Metu,36:27,Harrison Barnes,36:24,Tristan Thompson,28:48,Maurice Harkless,21:13,Jahmi'us Ramsey,14:04,Damian Jones,11:11,Neemias Queta,7:44,105,2,19,10.0,52.6,6.0,31.6,3.0,15.8,De'Anthony Melton,19,4,2021-2022,5.0,1,3.0,MEM,124,Dillon Brooks,Jarrett Culver,2:13,Yves Pons,2:13,,,,,,,,,33:50,Tyus Jones,31:25,Steven Adams,30:31,Jaren Jackson Jr.,27:41,Desmond Bane,26:00,Kyle Anderson,19:15,Xavier Tillman Sr.,16:20,John Konchar,14:47,Killian Tillie,13:09
2,.400,5,50.000,4,2.00,105,1,3,60.0,3,.300,1.0,20.0,5.0,10,1,.500,2,20.000,Logos via Sports Logos.net / About logos,L,https://www.basketball-reference.com/boxscores/202112190MEM.html,Home,100,22:51,2,40.0,POR,Damian Lillard,,,,,,,,,,,,,37:58,Nassir Little,35:50,Norman Powell,34:59,Robert Covington,33:49,Jusuf Nurkić,33:37,Larry Nance Jr.,28:33,Anfernee Simons,20:37,Ben McLemore,14:37,,,105,4,9,2.0,22.2,6.0,66.7,1.0,11.1,De'Anthony Melton,5,2,2021-2022,3.0,2,5.0,MEM,100,Steven Adams,,,,,,,,,,,,,35:46,Dillon Brooks,34:42,Desmond Bane,33:15,Tyus Jones,30:29,Kyle Anderson,27:53,Jaren Jackson Jr.,20:07,John Konchar,12:27,Xavier Tillman Sr.,12:14,Killian Tillie,10:16
0,.000,4,50.000,5,,102,1,2,50.0,1,.125,1.0,25.0,4.0,8,2,1.000,2,25.000,Logos via Sports Logos.net / About logos,L,https://www.basketball-reference.com/boxscores/202112200MEM.html,Home,99,21:21,2,50.0,OKC,Shai Gilgeous-Alexander,Tre Mann,13:54,Aaron Wiggins,5:45,,,,,,,,,36:58,Luguentz Dort,35:59,Josh Giddey,29:49,Darius Bazley,23:35,Kenrich Williams,23:08,Aleksej Pokusevski,21:18,Jeremiah Robinson-Earl,18:11,Derrick Favors,16:37,Mike Muscala,14:41,102,2,4,2.0,50.0,0.0,0.0,2.0,50.0,De'Anthony Melton,3,1,2021-2022,2.0,0,4.0,MEM,99,Desmond Bane,,,,,,,,,,,,,36:02,Dillon Brooks,34:49,Jaren Jackson Jr.,33:49,Ja Morant,28:02,Kyle Anderson,21:39,Xavier Tillman Sr.,20:19,Steven Adams,20:04,John Konchar,13:20,Killian Tillie,10:33
1,.250,4,30.769,1,0.25,104,1,7,77.8,8,.615,7.0,77.8,9.0,13,3,.750,4,30.769,Logos via Sports Logos.net / About logos,L,https://www.basketball-reference.com/boxscores/202112230GSW.html,Away,113,25:21,2,22.2,GSW,Stephen Curry,Moses Moody,10:53,,,,,,,,,,,37:19,Draymond Green,33:35,Gary Payton II,33:23,Otto Porter Jr.,30:17,Juan Toscano-Anderson,26:05,Nemanja Bjelica,22:10,Kevon Looney,18:07,Chris Chiozza,17:16,Jonathan Kuminga,10:55,113,3,20,14.0,70.0,3.0,15.0,3.0,15.0,De'Anthony Melton,9,2,2021-2022,3.0,4,9.0,MEM,104,Dillon Brooks,,,,,,,,,,,,,34:43,Ja Morant,31:39,Desmond Bane,30:09,Jaren Jackson Jr.,28:38,Steven Adams,22:55,Xavier Tillman Sr.,19:45,Kyle Anderson,19:31,Tyus Jones,16:21,John Konchar,10:58
1,.167,6,85.714,6,1.50,88,2,7,87.5,1,.143,0.0,0.0,1.0,7,1,1.000,1,14.286,Logos via Sports Logos.net / About logos,W,https://www.basketball-reference.com/boxscores/202201060MEM.html,Home,118,20:56,1,12.5,DET,Saddiq Bey,Saben Lee,15:33,Justin Robinson,8:24,,,,,,,,,32:26,Cade Cunningham,31:22,Killian Hayes,29:50,Trey Lyles,25:36,Hamidou Diallo,25:12,Isaiah Stewart,20:10,Luka Garza,18:07,Rodney McGruder,17:26,Josh Jackson,15:54,88,3,4,0.0,0.0,3.0,75.0,1.0,25.0,De'Anthony Melton,30,1,2021-2022,3.0,4,8.0,MEM,118,Jaren Jackson Jr.,Jarrett Culver,5:34,DaQuan Jeffries,4:20,Dakota Mathias,3:14,Jon Teske,3:13,,,,,26:41,Ziaire Williams,25:22,Ja Morant,24:36,Dillon Brooks,24:30,Steven Adams,22:01,Brandon Clarke,21:39,Tyus Jones,20:24,Killian Tillie,19:24,Santi Aldama,18:06
1,.143,7,58.333,6,6.00,123,0,8,72.7,2,.167,1.0,20.0,5.0,12,3,.750,4,33.333,Logos via Sports Logos.net / About logos,W,https://www.basketball-reference.com/boxscores/202201080LAC.html,Away,108,23:09,3,27.3,LAC,Marcus Morris,Keon Johnson,10:44,Jay Scrubb,8:53,Serge Ibaka,7:57,Wenyen Gabriel,7:28,,,,,28:44,Terance Mann,26:34,Brandon Boston Jr.,25:49,Reggie Jackson,25:36,Amir Coffey,21:44,Nicolas Batum,19:56,Eric Bledsoe,19:16,Ivica Zubac,18:51,Justise Winslow,18:28,108,3,8,2.0,25.0,3.0,37.5,3.0,37.5,De'Anthony Melton,15,2,2021-2022,2.0,1,11.0,MEM,123,Tyus Jones,Jon Teske,3:36,DaQuan Jeffries,3:32,Dakota Mathias,3:32,,,,,,,30:30,Jaren Jackson Jr.,29:13,Desmond Bane,29:12,Brandon Clarke,27:46,Killian Tillie,21:54,Jarrett Culver,21:26,Santi Aldama,20:01,Ziaire Williams,19:18,Dillon Brooks,6:51
0,.000,2,40.000,3,1.50,127,0,4,100.0,1,.200,1.0,33.3,3.0,5,2,1.000,2,40.000,Logos via Sports Logos.net / About logos,W,https://www.basketball-reference.com/boxscores/202201090LAL.html,Away,119,18:56,0,0.0,LAL,LeBron James,Wayne Ellington,11:03,Dwight Howard,8:46,DeAndre Jordan,7:58,Kent Bazemore,6:45,,,,,33:22,Malik Monk,29:06,Russell Westbrook,26:08,Avery Bradley,23:25,Carmelo Anthony,23:23,Austin Reaves,22:44,Talen Horton-Tucker,18:57,Trevor Ariza,15:10,Stanley Johnson,13:13,119,2,4,2.0,50.0,0.0,0.0,2.0,50.0,De'Anthony Melton,8,1,2021-2022,1.0,2,4.0,MEM,127,Ja Morant,Santi Aldama,3:15,Jarrett Culver,3:15,Killian Tillie,0:24,,,,,,,31:25,Jaren Jackson Jr.,29:08,Kyle Anderson,28:45,Ziaire Williams,27:06,Desmond Bane,25:41,John Konchar,21:31,Xavier Tillman Sr.,18:52,Brandon Clarke,16:00,Tyus Jones,15:42
0,.000,3,50.000,2,,108,0,1,100.0,1,.167,1.0,33.3,3.0,6,0,,0,0.000,Logos via Sports Logos.net / About logos,W,https://www.basketball-reference.com/boxscores/202201110MEM.html,Home,116,12:08,0,0.0,GSW,Stephen Curry,Damion Lee,9:03,Juan Toscano-Anderson,7:21,Moses Moody,7:11,,,,,,,38:41,Andrew Wiggins,33:33,Otto Porter Jr.,28:23,Gary Payton II,22:44,Jordan Poole,22:14,Andre Iguodala,20:56,Klay Thompson,19:37,Kevon Looney,18:23,Nemanja Bjelica,11:54,108,4,2,2.0,100.0,0.0,0.0,0.0,0.0,De'Anthony Melton,8,1,2021-2022,1.0,0,1.0,MEM,116,Ja Morant,,,,,,,,,,,,,36:56,Desmond Bane,32:07,Ziaire Williams,30:25,Brandon Clarke,25:47,Kyle Anderson,24:12,Tyus Jones,23:21,Jaren Jackson Jr.,22:23,John Konchar,17:02,Xavier Tillman Sr.,15:39
1,.250,4,40.000,1,,108,0,1,33.3,3,.300,2.0,33.3,6.0,10,0,,0,0.000,Logos via Sports Logos.net / About logos,W,https://www.basketball-reference.com/boxscores/202201130MEM.html,Home,116,15:55,2,66.7,MIN,Karl-Anthony Towns,Josh Okogie,3:21,,,,,,,,,,,39:54,Anthony Edwards,38:04,D'Angelo Russell,34:36,Patrick Beverley,30:03,Jarred Vanderbilt,29:42,Malik Beasley,24:03,Jaden McDaniels,18:57,Naz Reid,11:02,Taurean Prince,10:16,108,0,7,4.0,57.1,3.0,42.9,0.0,0.0,De'Anthony Melton,8,2,2021-2022,2.0,0,3.0,MEM,116,Jaren Jackson Jr.,,,,,,,,,,,,,32:50,Desmond Bane,32:12,Ja Morant,31:44,John Konchar,29:30,Brandon Clarke,25:30,Kyle Anderson,22:30,Ziaire Williams,18:22,Tyus Jones,16:16,Xavier Tillman Sr.,15:10
0,.000,1,25.000,1,,112,0,1,50.0,0,.000,0.0,0.0,3.0,4,2,1.000,2,50.000,Logos via Sports Logos.net / About logos,L,https://www.basketball-reference.com/boxscores/202201140MEM.html,Home,85,10:34,1,50.0,DAL,Dwight Powell,Sterling Brown,6:29,Trey Burke,3:14,Frank Ntilikina,3:14,,,,,,,32:24,Jalen Brunson,32:06,Dorian Finney-Smith,32:06,Luka Dončić,31:45,Maxi Kleber,26:56,Tim Hardaway Jr.,25:47,Reggie Bullock,20:37,Marquese Chriss,15:36,Josh Green,9:46,112,2,2,0.0,0.0,0.0,0.0,2.0,100.0,De'Anthony Melton,27,0,2021-2022,0.0,0,2.0,MEM,85,Ja Morant,Jarrett Culver,4:56,Xavier Tillman Sr.,4:56,Santi Aldama,4:56,Dakota Mathias,4:56,,,,,31:33,Ziaire Williams,29:00,Desmond Bane,28:57,Jaren Jackson Jr.,26:31,Steven Adams,20:47,John Konchar,20:20,Brandon Clarke,20:02,Kyle Anderson,18:47,Tyus Jones,13:44
3,.750,4,66.667,1,0.50,106,0,3,75.0,3,.500,0.0,0.0,2.0,6,1,.500,2,33.333,Logos via Sports Logos.net / About logos,W,https://www.basketball-reference.com/boxscores/202201170MEM.html,Home,119,15:29,1,25.0,CHI,Ayo Dosunmu,Marko Simonovic,3:30,,,,,,,,,,,38:19,DeMar DeRozan,32:32,Coby White,31:40,Nikola Vučević,30:15,Malcolm Hill,29:35,Matt Thomas,23:29,Troy Brown Jr.,20:59,Alfonzo McKinnie,15:26,Tony Bradley,14:15,106,1,10,0.0,0.0,9.0,90.0,1.0,10.0,De'Anthony Melton,13,2,2021-2022,2.0,2,4.0,MEM,119,Ja Morant,Jarrett Culver,3:30,Santi Aldama,3:30,Dakota Mathias,3:30,Xavier Tillman Sr.,3:30,,,,,31:30,Desmond Bane,28:47,Jaren Jackson Jr.,25:07,John Konchar,23:14,Steven Adams,22:37,Kyle Anderson,20:58,Brandon Clarke,20:17,Tyus Jones,19:50,Ziaire Williams,18:09
1,.167,6,85.714,1,1.00,114,0,1,100.0,2,.286,1.0,100.0,1.0,7,0,.000,2,28.571,Logos via Sports Logos.net / About logos,L,https://www.basketball-reference.com/boxscores/202201190MIL.html,Away,126,17:17,0,0.0,MIL,Khris Middleton,,,,,,,,,,,,,35:49,Bobby Portis,32:13,Giannis Antetokounmpo,31:13,George Hill,30:08,Grayson Allen,25:50,Pat Connaughton,25:44,Jrue Holiday,21:41,Wesley Matthews,18:44,Donte DiVincenzo,18:36,126,4,5,2.0,40.0,3.0,60.0,0.0,0.0,De'Anthony Melton,12,2,2021-2022,2.0,1,1.0,MEM,114,Ja Morant,,,,,,,,,,,,,39:20,Ziaire Williams,33:07,John Konchar,32:03,Jaren Jackson Jr.,31:13,Steven Adams,26:08,Brandon Clarke,25:32,Jarrett Culver,16:17,Santi Aldama,13:16,Xavier Tillman Sr.,5:45
2,.286,7,53.846,3,,122,0,9,100.0,6,.462,4.0,66.7,6.0,13,7,.636,11,84.615,Logos via Sports Logos.net / About logos,W,https://www.basketball-reference.com/boxscores/202201210DEN.html,Away,118,27:11,0,0.0,DEN,Nikola Jokić,,,,,,,,,,,,,40:11,Will Barton,38:00,Aaron Gordon,35:58,Monte Morris,32:53,Jeff Green,31:02,Facundo Campazzo,19:09,Bryn Forbes,18:54,Zeke Nnaji,12:02,Bones Hyland,11:51,118,0,21,8.0,38.1,6.0,28.6,7.0,33.3,De'Anthony Melton,4,0,2021-2022,0.0,0,9.0,MEM,122,Ja Morant,,,,,,,,,,,,,37:26,Steven Adams,34:25,John Konchar,32:40,Ziaire Williams,30:55,Jaren Jackson Jr.,28:20,Brandon Clarke,22:19,Jarrett Culver,16:21,Xavier Tillman Sr.,10:23,,
1,.333,3,18.750,5,5.00,91,1,4,66.7,5,.313,4.0,30.8,13.0,16,1,.500,2,12.500,Logos via Sports Logos.net / About logos,L,https://www.basketball-reference.com/boxscores/202201230DAL.html,Away,104,30:50,2,33.3,DAL,Luka Dončić,Trey Burke,1:41,Marquese Chriss,1:17,Theo Pinson,1:17,,,,,,,37:59,Dorian Finney-Smith,35:30,Jalen Brunson,30:31,Tim Hardaway Jr.,26:01,Kristaps Porziņģis,25:35,Maxi Kleber,23:55,Reggie Bullock,20:55,Dwight Powell,20:35,Josh Green,14:44,104,3,12,8.0,66.7,3.0,25.0,1.0,8.3,De'Anthony Melton,13,3,2021-2022,4.0,1,6.0,MEM,91,Ja Morant,,,,,,,,,,,,,41:28,Jaren Jackson Jr.,34:51,Steven Adams,32:24,Ziaire Williams,23:25,John Konchar,23:13,Killian Tillie,21:50,Xavier Tillman Sr.,15:36,Santi Aldama,13:09,Jarrett Culver,3:14
0,.000,1,12.500,1,0.50,118,0,2,50.0,3,.375,3.0,42.9,7.0,8,1,.500,2,25.000,Logos via Sports Logos.net / About logos,W,https://www.basketball-reference.com/boxscores/202201260SAS.html,Away,110,24:06,2,50.0,SAS,Dejounte Murray,Drew Eubanks,4:04,,,,,,,,,,,38:57,Keldon Johnson,36:20,Derrick White,33:41,Jakob Poeltl,32:51,Devin Vassell,29:52,Doug McDermott,22:29,Lonnie Walker IV,19:42,Jock Landale,11:05,Tre Jones,10:59,110,3,7,6.0,85.7,0.0,0.0,1.0,14.3,De'Anthony Melton,8,3,2021-2022,3.0,2,4.0,MEM,118,Ja Morant,,,,,,,,,,,,,37:25,Desmond Bane,33:25,Jaren Jackson Jr.,31:33,Steven Adams,28:15,Ziaire Williams,25:48,John Konchar,23:16,Brandon Clarke,19:45,Killian Tillie,16:27,,
3,.500,6,66.667,6,6.00,109,1,7,77.8,5,.556,2.0,66.7,3.0,9,0,,0,0.000,Logos via Sports Logos.net / About logos,W,https://www.basketball-reference.com/boxscores/202201280MEM.html,Home,119,27:54,2,22.2,UTA,Bojan Bogdanović,Trent Forrest,15:44,,,,,,,,,,,32:10,Mike Conley,30:03,Royce O'Neale,28:40,Jordan Clarkson,28:22,Hassan Whiteside,27:04,Joe Ingles,21:28,Eric Paschall,21:19,Rudy Gay,19:20,Danuel House Jr.,15:50,109,0,13,4.0,30.8,9.0,69.2,0.0,0.0,De'Anthony Melton,10,2,2021-2022,3.0,1,9.0,MEM,119,Ja Morant,,,,,,,,,,,,,36:03,Jaren Jackson Jr.,30:25,Desmond Bane,30:25,Ziaire Williams,27:17,Brandon Clarke,25:36,Steven Adams,23:50,John Konchar,22:21,Killian Tillie,16:09,,
3,.375,8,44.444,1,1.00,95,1,5,71.4,5,.278,2.0,20.0,10.0,18,0,,0,0.000,Logos via Sports Logos.net / About logos,W,https://www.basketball-reference.com/boxscores/202201290MEM.html,Home,115,26:55,2,28.6,WAS,Kyle Kuzma,Aaron Holiday,4:52,Anthony Gill,1:35,,,,,,,,,35:58,Bradley Beal,35:14,Kentavious Caldwell-Pope,27:07,Spencer Dinwiddie,26:29,Deni Avdija,26:07,Corey Kispert,24:57,Thomas Bryant,20:02,Montrezl Harrell,19:19,Rui Hachimura,18:20,95,1,13,4.0,30.8,9.0,69.2,0.0,0.0,De'Anthony Melton,20,2,2021-2022,3.0,1,7.0,MEM,115,Ja Morant,Santi Aldama,1:35,Yves Pons,1:35,Xavier Tillman Sr.,1:35,,,,,,,34:16,John Konchar,33:14,Desmond Bane,29:06,Steven Adams,28:32,Kyle Anderson,23:26,Jaren Jackson Jr.,22:41,Brandon Clarke,19:46,Killian Tillie,15:44,Jarrett Culver,1:35
0,.000,2,33.333,2,,119,0,2,100.0,2,.333,2.0,50.0,4.0,6,0,,0,0.000,Logos via Sports Logos.net / About logos,L,https://www.basketball-reference.com/boxscores/202201310PHI.html,Away,122,15:10,0,0.0,PHI,Andre Drummond,Charlie Brown Jr.,0:10,,,,,,,,,,,42:59,Tyrese Maxey,42:30,Seth Curry,40:10,Tobias Harris,40:09,Matisse Thybulle,33:09,Danny Green,25:07,Georges Niang,17:27,Isaiah Joe,14:08,Charles Bassey,9:11,122,0,4,4.0,100.0,0.0,0.0,0.0,0.0,De'Anthony Melton,3,0,2021-2022,0.0,0,2.0,MEM,119,Ja Morant,,,,,,,,,,,,,41:51,Desmond Bane,39:22,Steven Adams,37:55,Jaren Jackson Jr.,34:48,Ziaire Williams,34:11,Kyle Anderson,19:55,Tyus Jones,16:51,Brandon Clarke,12:56,John Konchar,12:01
4,.667,6,75.000,2,1.00,120,0,2,66.7,5,.625,1.0,50.0,2.0,8,0,,0,0.000,Logos via Sports Logos.net / About logos,W,https://www.basketball-reference.com/boxscores/202202020NYK.html,Away,108,17:55,1,33.3,NYK,RJ Barrett,Obi Toppin,11:07,Taj Gibson,1:56,,,,,,,,,38:35,Julius Randle,36:53,Evan Fournier,32:42,Mitchell Robinson,29:54,Immanuel Quickley,26:52,Kemba Walker,17:10,Nerlens Noel,16:10,Quentin Grimes,15:18,Alec Burks,13:23,108,2,14,2.0,14.3,12.0,85.7,0.0,0.0,De'Anthony Melton,12,1,2021-2022,1.0,2,3.0,MEM,120,Ja Morant,,,,,,,,,,,,,36:47,Desmond Bane,33:53,Jaren Jackson Jr.,33:32,Ziaire Williams,33:17,Steven Adams,30:04,Brandon Clarke,17:56,Kyle Anderson,14:28,Tyus Jones,11:13,John Konchar,10:55
4,.500,8,61.538,2,,135,0,8,80.0,6,.462,2.0,40.0,5.0,13,0,,0,0.000,Logos via Sports Logos.net / About logos,W,https://www.basketball-reference.com/boxscores/202202050ORL.html,Away,115,21:55,2,20.0,ORL,Cole Anthony,Admiral Schofield,12:20,Robin Lopez,11:12,Terrence Ross,10:44,,,,,,,30:48,Jalen Suggs,29:00,Franz Wagner,26:43,Gary Harris,24:17,Wendell Carter Jr.,23:26,Mo Bamba,19:46,Chuma Okeke,18:41,Moritz Wagner,16:58,Ignas Brazdeikis,16:05,115,2,16,4.0,25.0,12.0,75.0,0.0,0.0,De'Anthony Melton,20,1,2021-2022,1.0,0,10.0,MEM,135,Ja Morant,Xavier Tillman Sr.,3:00,Killian Tillie,3:00,Jarrett Culver,1:54,,,,,,,28:54,Jaren Jackson Jr.,28:31,Desmond Bane,26:05,Ziaire Williams,25:20,Steven Adams,23:14,Brandon Clarke,21:46,John Konchar,19:40,Kyle Anderson,19:29,Tyus Jones,17:12
1,.250,4,40.000,4,2.00,109,2,1,50.0,2,.200,1.0,16.7,6.0,10,1,.500,2,20.000,Logos via Sports Logos.net / About logos,W,https://www.basketball-reference.com/boxscores/202202080MEM.html,Home,135,27:30,1,50.0,LAC,Robert Covington,Ivica Zubac,14:19,Brandon Boston Jr.,12:00,,,,,,,,,29:08,Isaiah Hartenstein,27:34,Terance Mann,26:21,Amir Coffey,24:03,Reggie Jackson,23:57,Nicolas Batum,22:46,Norman Powell,22:41,Marcus Morris,21:48,Luke Kennard,15:23,109,1,6,2.0,33.3,3.0,50.0,1.0,16.7,De'Anthony Melton,26,3,2021-2022,5.0,2,2.0,MEM,135,Ja Morant,Jarrett Culver,5:25,,,,,,,,,,,25:53,Desmond Bane,25:49,Jaren Jackson Jr.,25:34,Kyle Anderson,24:29,Brandon Clarke,23:34,John Konchar,22:45,Ziaire Williams,21:52,Steven Adams,20:27,Tyus Jones,16:42
4,.500,8,66.667,4,,132,0,3,75.0,5,.417,1.0,25.0,4.0,12,0,,0,0.000,Logos via Sports Logos.net / About logos,W,https://www.basketball-reference.com/boxscores/202202100DET.html,Away,107,22:41,1,25.0,DET,Saddiq Bey,Luka Garza,9:48,,,,,,,,,,,35:45,Hamidou Diallo,31:21,Cory Joseph,31:06,Jerami Grant,29:11,Frank Jackson,28:49,Rodney McGruder,23:05,Kelly Olynyk,20:46,Isaiah Stewart,17:26,Killian Hayes,12:41,107,0,14,2.0,14.3,12.0,85.7,0.0,0.0,De'Anthony Melton,25,1,2021-2022,1.0,0,4.0,MEM,132,Ja Morant,Jarrett Culver,4:13,,,,,,,,,,,30:04,Desmond Bane,28:00,Steven Adams,26:27,Kyle Anderson,26:06,Jaren Jackson Jr.,23:53,Ziaire Williams,22:00,John Konchar,20:08,Brandon Clarke,19:33,Tyus Jones,16:53
1,.500,2,33.333,2,1.00,125,0,6,85.7,2,.333,1.0,25.0,4.0,6,4,1.000,4,66.667,Logos via Sports Logos.net / About logos,W,https://www.basketball-reference.com/boxscores/202202120CHO.html,Away,118,16:10,1,14.3,CHO,Terry Rozier,,,,,,,,,,,,,41:07,LaMelo Ball,32:39,Miles Bridges,30:54,Mason Plumlee,30:26,Montrezl Harrell,29:18,P.J. Washington,22:58,Kelly Oubre Jr.,20:25,James Bouknight,20:11,JT Thor,12:00,118,1,9,2.0,22.2,3.0,33.3,4.0,44.4,De'Anthony Melton,7,3,2021-2022,3.0,2,7.0,MEM,125,Ja Morant,,,,,,,,,,,,,33:46,Brandon Clarke,32:10,Desmond Bane,31:49,Jaren Jackson Jr.,30:39,Ziaire Williams,23:12,John Konchar,20:27,Tyus Jones,18:34,Kyle Anderson,17:20,Steven Adams,15:50
0,.000,3,27.273,1,1.00,121,1,3,75.0,5,.455,5.0,62.5,8.0,11,3,.750,4,36.364,Logos via Sports Logos.net / About logos,W,https://www.basketball-reference.com/boxscores/202202150NOP.html,Away,109,22:17,1,25.0,NOP,CJ McCollum,Jose Alvarado,8:17,Gary Clark,7:16,,,,,,,,,37:58,Brandon Ingram,33:41,Herbert Jones,29:38,Jaxson Hayes,29:27,Jonas Valančiūnas,26:59,Devonte' Graham,22:35,Willy Hernangómez,17:42,Garrett Temple,15:06,Tony Snell,11:21,109,1,13,10.0,76.9,0.0,0.0,3.0,23.1,De'Anthony Melton,12,1,2021-2022,2.0,1,4.0,MEM,121,Tyus Jones,,,,,,,,,,,,,32:28,Steven Adams,31:43,Desmond Bane,30:13,John Konchar,26:18,Jaren Jackson Jr.,25:29,Brandon Clarke,22:47,Ziaire Williams,21:20,Kyle Anderson,16:01,Jarrett Culver,11:24
2,1.000,2,33.333,1,1.00,123,0,3,100.0,3,.500,1.0,25.0,4.0,6,1,1.000,1,16.667,Logos via Sports Logos.net / About logos,L,https://www.basketball-reference.com/boxscores/202202160MEM.html,Home,119,17:03,0,0.0,POR,Josh Hart,,,,,,,,,,,,,36:58,Jusuf Nurkić,34:26,Anfernee Simons,34:13,Justise Winslow,32:50,CJ Elleby,31:12,Ben McLemore,23:25,Elijah Hughes,16:05,Greg Brown III,16:03,Trendon Watford,14:48,123,0,9,2.0,22.2,6.0,66.7,1.0,11.1,De'Anthony Melton,4,2,2021-2022,2.0,1,3.0,MEM,119,Ja Morant,,,,,,,,,,,,,37:35,Desmond Bane,36:26,Steven Adams,35:46,Brandon Clarke,26:11,Jaren Jackson Jr.,26:09,Ziaire Williams,18:59,Tyus Jones,18:43,John Konchar,15:36,Kyle Anderson,7:32
2,.333,6,66.667,6,6.00,114,0,5,100.0,3,.333,1.0,33.3,3.0,9,4,1.000,4,44.444,Logos via Sports Logos.net / About logos,L,https://www.basketball-reference.com/boxscores/202202240MIN.html,Away,119,21:41,0,0.0,MIN,D'Angelo Russell,Jordan McLaughlin,12:00,,,,,,,,,,,38:19,Anthony Edwards,31:39,Patrick Beverley,28:24,Jarred Vanderbilt,27:53,Karl-Anthony Towns,27:52,Naz Reid,20:08,Taurean Prince,19:45,Malik Beasley,18:29,Jaden McDaniels,15:31,119,1,12,2.0,16.7,6.0,50.0,4.0,33.3,De'Anthony Melton,5,1,2021-2022,1.0,1,5.0,MEM,114,Ja Morant,,,,,,,,,,,,,34:45,Jaren Jackson Jr.,31:34,Desmond Bane,29:27,Steven Adams,27:25,Ziaire Williams,27:06,Brandon Clarke,23:01,John Konchar,17:54,Kyle Anderson,13:52,Tyus Jones,13:15
1,.250,4,50.000,2,1.00,116,0,5,83.3,3,.375,2.0,50.0,4.0,8,0,,0,0.000,Logos via Sports Logos.net / About logos,W,https://www.basketball-reference.com/boxscores/202202260CHI.html,Away,110,23:06,1,16.7,CHI,DeMar DeRozan,Matt Thomas,0:05,,,,,,,,,,,41:44,Zach LaVine,38:00,Coby White,35:13,Nikola Vučević,31:28,Javonte Green,28:39,Ayo Dosunmu,22:21,Derrick Jones Jr.,19:27,Tristan Thompson,16:21,Troy Brown Jr.,6:42,110,1,7,4.0,57.1,3.0,42.9,0.0,0.0,De'Anthony Melton,6,2,2021-2022,2.0,2,6.0,MEM,116,Ja Morant,,,,,,,,,,,,,36:02,Steven Adams,34:59,Ziaire Williams,28:39,Kyle Anderson,28:32,Desmond Bane,28:04,Jaren Jackson Jr.,25:52,Tyus Jones,15:46,Brandon Clarke,11:10,John Konchar,7:50
2,.400,5,50.000,1,0.25,105,1,6,100.0,4,.400,2.0,40.0,5.0,10,5,.833,6,60.000,Logos via Sports Logos.net / About logos,W,https://www.basketball-reference.com/boxscores/202202280MEM.html,Home,118,24:07,0,0.0,SAS,Dejounte Murray,Joshua Primo,9:51,Josh Richardson,6:44,Jock Landale,1:23,Joe Wieskamp,1:23,,,,,34:30,Devin Vassell,32:32,Jakob Poeltl,32:23,Keldon Johnson,29:57,Doug McDermott,26:19,Lonnie Walker IV,25:11,Zach Collins,15:37,Tre Jones,13:47,Keita Bates-Diop,10:23,105,3,15,4.0,26.7,6.0,40.0,5.0,33.3,De'Anthony Melton,13,1,2021-2022,2.0,4,6.0,MEM,118,Ja Morant,Xavier Tillman Sr.,1:18,,,,,,,,,,,34:20,Steven Adams,31:02,Desmond Bane,29:10,Ziaire Williams,26:16,Kyle Anderson,24:19,Jaren Jackson Jr.,19:41,Tyus Jones,19:28,Brandon Clarke,15:40,Killian Tillie,14:39
1,.250,4,57.143,1,1.00,107,0,5,71.4,2,.286,1.0,33.3,3.0,7,0,,0,0.000,Logos via Sports Logos.net / About logos,L,https://www.basketball-reference.com/boxscores/202203030BOS.html,Away,120,18:22,2,28.6,BOS,Al Horford,,,,,,,,,,,,,39:35,Jayson Tatum,38:55,Robert Williams,35:15,Grant Williams,34:50,Marcus Smart,34:34,Derrick White,25:33,Payton Pritchard,13:26,Daniel Theis,12:45,Aaron Nesmith,5:07,120,2,5,2.0,40.0,3.0,60.0,0.0,0.0,De'Anthony Melton,13,2,2021-2022,2.0,1,7.0,MEM,107,Ja Morant,,,,,,,,,,,,,36:50,Jaren Jackson Jr.,35:33,Desmond Bane,33:56,Steven Adams,26:25,Kyle Anderson,24:19,Brandon Clarke,21:21,Ziaire Williams,15:28,John Konchar,13:59,Tyus Jones,13:47
1,.333,3,37.500,4,,96,1,4,100.0,4,.500,3.0,60.0,5.0,8,0,,0,0.000,Logos via Sports Logos.net / About logos,W,https://www.basketball-reference.com/boxscores/202203050MEM.html,Home,124,23:52,0,0.0,ORL,Chuma Okeke,Admiral Schofield,8:38,,,,,,,,,,,34:06,R.J. Hampton,33:31,Cole Anthony,31:30,Moritz Wagner,27:17,Franz Wagner,23:55,Ignas Brazdeikis,22:04,Mo Bamba,20:43,Markelle Fultz,19:15,Terrence Ross,19:01,96,2,9,6.0,66.7,3.0,33.3,0.0,0.0,De'Anthony Melton,28,3,2021-2022,4.0,0,4.0,MEM,124,Ja Morant,Xavier Tillman Sr.,5:16,Jarrett Culver,5:16,Killian Tillie,5:12,,,,,,,27:53,Jaren Jackson Jr.,25:16,Desmond Bane,24:08,Steven Adams,22:38,Ziaire Williams,22:07,John Konchar,21:35,Brandon Clarke,20:06,Tyus Jones,19:09,Kyle Anderson,17:32
0,.000,3,37.500,3,1.50,112,1,2,100.0,2,.250,2.0,40.0,5.0,8,1,.500,2,25.000,Logos via Sports Logos.net / About logos,L,https://www.basketball-reference.com/boxscores/202203060HOU.html,Away,123,25:38,0,0.0,HOU,Kevin Porter Jr.,,,,,,,,,,,,,37:01,Christian Wood,37:01,Jalen Green,34:33,Eric Gordon,31:07,Jae'Sean Tate,27:11,Garrison Mathews,24:32,Alperen Sengun,22:04,Josh Christopher,16:47,KJ Martin,9:44,123,3,5,4.0,80.0,0.0,0.0,1.0,20.0,De'Anthony Melton,11,1,2021-2022,2.0,2,2.0,MEM,112,Steven Adams,,,,,,,,,,,,,36:53,Desmond Bane,36:13,Ja Morant,35:25,Brandon Clarke,27:11,Tyus Jones,20:02,Kyle Anderson,17:57,Ziaire Williams,17:41,Jaren Jackson Jr.,12:56,John Konchar,10:04
4,.500,8,80.000,3,,111,0,4,100.0,4,.400,0.0,0.0,2.0,10,2,1.000,2,20.000,Logos via Sports Logos.net / About logos,W,https://www.basketball-reference.com/boxscores/202203080MEM.html,Home,132,18:40,0,0.0,NOP,CJ McCollum,Jaxson Hayes,14:07,Gary Clark,12:00,,,,,,,,,31:27,Willy Hernangómez,27:30,Naji Marshall,27:25,Herbert Jones,24:23,Devonte' Graham,23:56,Tony Snell,22:24,Jonas Valančiūnas,20:30,Jose Alvarado,19:40,Alize Johnson,16:38,111,2,14,0.0,0.0,12.0,85.7,2.0,14.3,De'Anthony Melton,21,1,2021-2022,1.0,0,4.0,MEM,132,Steven Adams,Killian Tillie,8:06,Xavier Tillman Sr.,7:05,Yves Pons,6:28,Jarrett Culver,6:28,,,,,28:48,Ja Morant,26:49,Desmond Bane,26:19,Jaren Jackson Jr.,23:48,Ziaire Williams,21:50,John Konchar,19:40,Tyus Jones,17:46,Kyle Anderson,14:27,Brandon Clarke,13:46
0,.000,4,44.444,3,1.00,114,3,2,100.0,3,.333,3.0,60.0,5.0,9,0,.000,1,11.111,Logos via Sports Logos.net / About logos,W,https://www.basketball-reference.com/boxscores/202203110MEM.html,Home,118,18:23,0,0.0,NYK,Julius Randle,,,,,,,,,,,,,40:13,RJ Barrett,39:43,Alec Burks,35:01,Mitchell Robinson,33:40,Immanuel Quickley,30:31,Evan Fournier,29:00,Taj Gibson,15:21,Miles McBride,10:43,Jericho Sims,5:48,114,2,6,6.0,100.0,0.0,0.0,0.0,0.0,De'Anthony Melton,4,0,2021-2022,3.0,3,2.0,MEM,118,Ja Morant,,,,,,,,,,,,,37:31,Desmond Bane,27:59,Jaren Jackson Jr.,27:02,Brandon Clarke,25:21,Steven Adams,24:51,Ziaire Williams,23:57,Tyus Jones,19:54,Kyle Anderson,18:46,John Konchar,16:16
0,.000,4,50.000,2,0.67,125,0,0,,2,.250,2.0,50.0,4.0,8,0,,0,0.000,Logos via Sports Logos.net / About logos,W,https://www.basketball-reference.com/boxscores/202203130OKC.html,Away,118,14:03,0,,OKC,Darius Bazley,,,,,,,,,,,,,38:32,Shai Gilgeous-Alexander,37:53,Tre Mann,35:40,Lindy Waters III,29:34,Théo Maledon,25:37,Aleksej Pokusevski,20:22,Vit Krejci,20:08,Isaiah Roby,16:23,Olivier Sarr,15:51,118,2,4,4.0,100.0,0.0,0.0,0.0,0.0,De'Anthony Melton,7,0,2021-2022,0.0,3,0.0,MEM,125,Ja Morant,,,,,,,,,,,,,33:20,Desmond Bane,31:12,Jaren Jackson Jr.,29:39,Dillon Brooks,25:43,Steven Adams,24:58,Brandon Clarke,22:57,Ziaire Williams,21:55,Kyle Anderson,18:21,Tyus Jones,17:52
4,.500,8,57.143,5,5.00,135,0,3,75.0,7,.500,3.0,50.0,6.0,14,0,,0,0.000,Logos via Sports Logos.net / About logos,W,https://www.basketball-reference.com/boxscores/202203150IND.html,Away,102,27:35,1,25.0,IND,Tyrese Haliburton,Lance Stephenson,15:45,Keifer Sykes,7:37,,,,,,,,,29:38,Malcolm Brogdon,27:59,Terry Taylor,27:12,Buddy Hield,27:03,Jalen Smith,26:36,Oshae Brissett,21:11,Isaiah Jackson,21:01,Duane Washington Jr.,18:22,Chris Duarte,17:36,102,1,18,6.0,33.3,12.0,66.7,0.0,0.0,De'Anthony Melton,33,3,2021-2022,3.0,1,4.0,MEM,135,Tyus Jones,Xavier Tillman Sr.,7:06,Jarrett Culver,7:06,Killian Tillie,5:42,,,,,,,26:17,Dillon Brooks,24:27,Desmond Bane,23:12,Steven Adams,22:56,Jaren Jackson Jr.,21:28,Kyle Anderson,20:50,John Konchar,18:56,Brandon Clarke,17:58,Ziaire Williams,16:27
1,.500,2,40.000,2,,105,0,4,100.0,2,.400,1.0,33.3,3.0,5,0,,0,0.000,Logos via Sports Logos.net / About logos,L,https://www.basketball-reference.com/boxscores/202203180ATL.html,Away,120,21:28,0,0.0,ATL,Delon Wright,Gorgui Dieng,1:29,Jalen Johnson,1:29,Kevin Knox,1:29,Skylar Mays,1:29,,,,,32:07,Kevin Huerter,30:58,De'Andre Hunter,29:53,Bogdan Bogdanović,29:51,Danilo Gallinari,29:41,Clint Capela,27:47,Timothé Luwawu-Cabarrot,20:39,Onyeka Okongwu,18:44,Lou Williams,14:24,120,3,5,2.0,40.0,3.0,60.0,0.0,0.0,De'Anthony Melton,15,0,2021-2022,0.0,0,4.0,MEM,105,Ja Morant,Xavier Tillman Sr.,3:09,John Konchar,3:09,Jarrett Culver,3:09,,,,,,,33:05,Desmond Bane,31:22,Steven Adams,30:13,Dillon Brooks,26:11,Jaren Jackson Jr.,23:33,Kyle Anderson,21:51,Brandon Clarke,16:58,Ziaire Williams,14:06,Tyus Jones,11:46
4,.667,6,60.000,1,0.33,122,0,7,100.0,6,.600,2.0,50.0,4.0,10,0,,0,0.000,Logos via Sports Logos.net / About logos,W,https://www.basketball-reference.com/boxscores/202203200HOU.html,Away,98,19:44,0,0.0,HOU,KJ Martin,Daishen Nix,15:00,Bruno Fernando,5:47,David Nwaba,5:47,,,,,,,29:25,Dennis Schröder,27:15,Kevin Porter Jr.,27:11,Jalen Green,26:33,Josh Christopher,23:45,Alperen Sengun,22:57,Christian Wood,21:13,Garrison Mathews,18:29,Jae'Sean Tate,16:38,98,1,16,4.0,25.0,12.0,75.0,0.0,0.0,De'Anthony Melton,24,1,2021-2022,1.0,3,7.0,MEM,122,Desmond Bane,Jarrett Culver,4:03,Xavier Tillman Sr.,4:03,,,,,,,,,31:37,Tyus Jones,29:52,Dillon Brooks,25:19,Steven Adams,24:02,Ziaire Williams,22:03,Brandon Clarke,21:58,Jaren Jackson Jr.,21:07,Kyle Anderson,21:02,John Konchar,15:10
6,.600,10,76.923,1,0.33,120,0,4,100.0,8,.615,2.0,66.7,3.0,13,1,1.000,1,7.692,Logos via Sports Logos.net / About logos,W,https://www.basketball-reference.com/boxscores/202203230MEM.html,Home,132,27:12,0,0.0,BRK,Kyrie Irving,,,,,,,,,,,,,43:49,Kevin Durant,39:32,Bruce Brown,36:58,Andre Drummond,27:42,Patty Mills,24:56,Nic Claxton,20:18,Kessler Edwards,19:35,Cam Thomas,16:31,James Johnson,10:37,120,1,23,4.0,17.4,18.0,78.3,1.0,4.3,De'Anthony Melton,12,0,2021-2022,0.0,3,4.0,MEM,132,Tyus Jones,,,,,,,,,,,,,34:36,Dillon Brooks,33:37,Jaren Jackson Jr.,33:00,Desmond Bane,31:35,Steven Adams,27:42,Brandon Clarke,20:18,Kyle Anderson,15:00,John Konchar,10:25,Ziaire Williams,6:35
5,.556,9,69.231,2,0.67,103,0,5,83.3,6,.462,1.0,25.0,4.0,13,2,1.000,2,15.385,Logos via Sports Logos.net / About logos,W,https://www.basketball-reference.com/boxscores/202203240MEM.html,Home,133,21:19,1,16.7,IND,Oshae Brissett,,,,,,,,,,,,,34:10,Justin Anderson,32:02,Goga Bitadze,29:46,Terry Taylor,29:39,Buddy Hield,26:58,Tyrese Haliburton,26:46,Lance Stephenson,22:44,Duane Washington Jr.,20:37,Keifer Sykes,17:18,103,2,19,2.0,10.5,15.0,78.9,2.0,10.5,De'Anthony Melton,30,0,2021-2022,0.0,3,6.0,MEM,133,Ziaire Williams,Jarrett Culver,9:37,,,,,,,,,,,30:09,Tyus Jones,25:22,John Konchar,25:14,Xavier Tillman Sr.,23:47,Desmond Bane,23:41,Kyle Anderson,22:58,Steven Adams,22:57,Santi Aldama,18:15,Jaren Jackson Jr.,16:41
6,.667,9,81.818,2,1.00,102,0,2,66.7,8,.727,2.0,100.0,2.0,11,2,.500,4,36.364,Logos via Sports Logos.net / About logos,W,https://www.basketball-reference.com/boxscores/202203260MEM.html,Home,127,21:51,1,33.3,MIL,Grayson Allen,Jordan Nwora,10:30,Lindell Wigginton,5:20,Thanasis Antetokounmpo,4:23,Sandro Mamukelashvili,4:23,,,,,29:58,Khris Middleton,28:42,Giannis Antetokounmpo,28:17,George Hill,24:12,Jevon Carter,22:56,Pat Connaughton,21:59,Brook Lopez,21:43,Bobby Portis,20:31,Wesley Matthews,17:06,102,3,24,4.0,16.7,18.0,75.0,2.0,8.3,De'Anthony Melton,25,3,2021-2022,3.0,2,3.0,MEM,127,Tyus Jones,Santi Aldama,3:22,Jarrett Culver,3:22,Yves Pons,3:22,,,,,,,28:57,Desmond Bane,28:13,Jaren Jackson Jr.,27:17,Dillon Brooks,24:30,Steven Adams,24:12,Xavier Tillman Sr.,21:31,Kyle Anderson,20:02,Ziaire Williams,17:42,John Konchar,15:39
5,.556,9,69.231,2,2.00,95,0,5,83.3,8,.615,3.0,75.0,4.0,13,0,,0,0.000,Logos via Sports Logos.net / About logos,W,https://www.basketball-reference.com/boxscores/202203280MEM.html,Home,123,21:22,1,16.7,GSW,Jonathan Kuminga,Gary Payton II,13:51,Juan Toscano-Anderson,12:43,,,,,,,,,34:39,Andrew Wiggins,29:16,Jordan Poole,27:53,Moses Moody,27:12,Kevon Looney,20:47,Chris Chiozza,20:07,Damion Lee,19:25,Nemanja Bjelica,18:29,Andre Iguodala,15:38,95,1,21,6.0,28.6,15.0,71.4,0.0,0.0,De'Anthony Melton,28,0,2021-2022,0.0,1,6.0,MEM,123,Desmond Bane,Jarrett Culver,8:07,,,,,,,,,,,26:44,Tyus Jones,25:40,Xavier Tillman Sr.,25:22,Kyle Anderson,25:11,Brandon Clarke,25:09,Ziaire Williams,23:49,Dillon Brooks,22:00,Steven Adams,20:18,John Konchar,16:18
4,.500,8,66.667,0,0.00,112,0,4,100.0,6,.500,2.0,50.0,4.0,12,0,,0,0.000,Logos via Sports Logos.net / About logos,W,https://www.basketball-reference.com/boxscores/202203300SAS.html,Away,111,24:10,0,0.0,SAS,Dejounte Murray,Jock Landale,3:59,,,,,,,,,,,38:24,Keldon Johnson,37:46,Devin Vassell,34:27,Jakob Poeltl,34:05,Josh Richardson,31:32,Tre Jones,17:08,Joshua Primo,15:10,Zach Collins,13:49,Lonnie Walker IV,13:38,111,1,16,4.0,25.0,12.0,75.0,0.0,0.0,De'Anthony Melton,1,0,2021-2022,0.0,1,4.0,MEM,112,Tyus Jones,,,,,,,,,,,,,35:39,Desmond Bane,33:04,Dillon Brooks,31:27,Steven Adams,30:57,Jaren Jackson Jr.,25:18,Kyle Anderson,22:41,Brandon Clarke,17:02,Ziaire Williams,11:03,John Konchar,8:36
3,.375,8,61.538,3,1.00,114,1,5,83.3,4,.308,1.0,20.0,5.0,13,6,1.000,6,46.154,Logos via Sports Logos.net / About logos,W,https://www.basketball-reference.com/boxscores/202204010MEM.html,Home,122,29:01,1,16.7,PHO,Devin Booker,Torrey Craig,10:45,,,,,,,,,,,37:15,Mikal Bridges,32:53,Chris Paul,31:48,Jae Crowder,28:10,Deandre Ayton,25:21,JaVale McGee,22:11,Cameron Johnson,17:31,Cameron Payne,17:11,Landry Shamet,16:55,114,3,17,2.0,11.8,9.0,52.9,6.0,35.3,De'Anthony Melton,8,1,2021-2022,2.0,3,6.0,MEM,122,Dillon Brooks,,,,,,,,,,,,,35:11,Ziaire Williams,34:40,Xavier Tillman Sr.,28:28,Brandon Clarke,28:19,Kyle Anderson,28:01,John Konchar,24:13,Santi Aldama,21:06,Jarrett Culver,11:01,,
1,.333,3,42.857,4,4.00,115,1,9,90.0,3,.429,2.0,50.0,4.0,7,4,1.000,4,57.143,Logos via Sports Logos.net / About logos,L,https://www.basketball-reference.com/boxscores/202204050UTA.html,Away,121,27:55,1,10.0,UTA,Donovan Mitchell,,,,,,,,,,,,,41:27,Bojan Bogdanović,40:16,Rudy Gobert,34:17,Mike Conley,33:34,Jordan Clarkson,30:59,Danuel House Jr.,28:53,Royce O'Neale,24:12,Hassan Whiteside,18:43,Rudy Gay,12:39,121,3,11,4.0,36.4,3.0,27.3,4.0,36.4,De'Anthony Melton,6,0,2021-2022,1.0,1,10.0,MEM,115,Jaren Jackson Jr.,,,,,,,,,,,,,38:47,Tyus Jones,37:28,Desmond Bane,37:02,Ziaire Williams,35:15,Steven Adams,28:08,Brandon Clarke,19:53,Kyle Anderson,18:01,John Konchar,11:35,Xavier Tillman Sr.,10:56
2,.400,5,55.556,3,1.50,109,1,1,50.0,3,.333,1.0,25.0,4.0,9,3,.750,4,44.444,Logos via Sports Logos.net / About logos,L,https://www.basketball-reference.com/boxscores/202204070DEN.html,Away,122,22:38,1,50.0,DEN,Nikola Jokić,DeMarcus Cousins,3:48,Markus Howard,3:19,Facundo Campazzo,2:49,,,,,,,35:15,Aaron Gordon,34:23,Will Barton,29:26,Jeff Green,27:04,Austin Rivers,25:06,Monte Morris,24:07,Bones Hyland,20:34,JaMychal Green,20:10,Davon Reed,13:59,122,0,11,2.0,18.2,6.0,54.5,3.0,27.3,De'Anthony Melton,13,0,2021-2022,1.0,2,2.0,MEM,109,Dillon Brooks,Santi Aldama,9:19,Xavier Tillman Sr.,9:19,Yves Pons,4:48,,,,,,,26:17,Jaren Jackson Jr.,23:37,Steven Adams,23:13,Tyus Jones,23:09,Desmond Bane,22:23,Kyle Anderson,21:39,John Konchar,21:04,Ziaire Williams,19:10,Brandon Clarke,13:24
2,.333,6,60.000,3,1.00,114,1,2,66.7,5,.500,3.0,75.0,4.0,10,0,,0,0.000,Logos via Sports Logos.net / About logos,W,https://www.basketball-reference.com/boxscores/202204090MEM.html,Home,141,24:42,1,33.3,NOP,Willy Hernangómez,Tony Snell,12:00,Gary Clark,10:05,Garrett Temple,8:14,Jared Harper,7:03,Jonas Valančiūnas,5:35,,,33:32,CJ McCollum,29:21,Jaxson Hayes,24:58,Jose Alvarado,22:37,Larry Nance Jr.,19:13,Devonte' Graham,18:20,Herbert Jones,17:28,Naji Marshall,15:59,Trey Murphy III,15:35,114,3,12,6.0,50.0,6.0,50.0,0.0,0.0,De'Anthony Melton,27,2,2021-2022,3.0,3,3.0,MEM,141,Ja Morant,Xavier Tillman Sr.,8:14,John Konchar,8:14,Yves Pons,8:14,,,,,,,26:37,Dillon Brooks,23:46,Steven Adams,22:00,Ziaire Williams,21:49,Jaren Jackson Jr.,21:36,Kyle Anderson,21:14,Desmond Bane,20:14,Brandon Clarke,17:46,Tyus Jones,15:34
3,.333,9,69.231,5,5.00,139,1,2,66.7,4,.308,1.0,25.0,4.0,13,3,.750,4,30.769,Logos via Sports Logos.net / About logos,L,https://www.basketball-reference.com/boxscores/202204100MEM.html,Home,110,24:10,1,33.3,BOS,Jayson Tatum,Luke Kornet,13:13,Sam Hauser,9:28,Malik Fitts,9:03,Brodric Thomas,8:12,Matt Ryan,5:15,,,26:03,Daniel Theis,25:52,Marcus Smart,25:52,Al Horford,23:38,Jaylen Brown,23:03,Grant Williams,19:35,Derrick White,19:32,Aaron Nesmith,15:51,Payton Pritchard,15:23,139,2,14,2.0,14.3,9.0,64.3,3.0,21.4,De'Anthony Melton,29,0,2021-2022,1.0,1,3.0,MEM,110,John Konchar,,,,,,,,,,,,,39:02,Xavier Tillman Sr.,35:17,Jarrett Culver,31:41,Santi Aldama,31:06,Ziaire Williams,27:41,Yves Pons,25:49,Kyle Anderson,25:14,,,,
0,.000,3,75.000,1,,130,0,1,100.0,1,.250,1.0,100.0,1.0,4,0,,0,0.000,Logos via Sports Logos.net / About logos,L,https://www.basketball-reference.com/boxscores/202204160MEM.html,Home,117,14:17,0,0.0,MIN,Karl-Anthony Towns,Naz Reid,5:06,,,,,,,,,,,42:54,Anthony Edwards,40:16,Malik Beasley,30:09,D'Angelo Russell,29:07,Patrick Beverley,27:32,Jaden McDaniels,25:25,Jarred Vanderbilt,18:31,Taurean Prince,11:36,Jordan McLaughlin,9:23,130,2,2,2.0,100.0,0.0,0.0,0.0,0.0,De'Anthony Melton,13,1,2021-2022,1.0,0,1.0,MEM,117,Ja Morant,,,,,,,,,,,,,35:26,Dillon Brooks,35:22,Desmond Bane,33:11,Brandon Clarke,27:16,Steven Adams,24:04,Jaren Jackson Jr.,24:01,Kyle Anderson,20:39,Tyus Jones,15:56,Ziaire Williams,9:48
2,.333,6,75.000,3,1.50,96,0,2,100.0,2,.250,0.0,0.0,2.0,8,1,.500,2,25.000,Logos via Sports Logos.net / About logos,W,https://www.basketball-reference.com/boxscores/202204190MEM.html,Home,124,18:06,0,0.0,MIN,Anthony Edwards,Jaylen Nowell,11:56,Jarred Vanderbilt,9:12,Josh Okogie,2:12,,,,,,,33:53,Patrick Beverley,29:26,Karl-Anthony Towns,27:58,D'Angelo Russell,27:36,Malik Beasley,22:06,Jaden McDaniels,21:06,Naz Reid,20:02,Jordan McLaughlin,17:22,Taurean Prince,17:11,96,1,7,0.0,0.0,6.0,85.7,1.0,14.3,De'Anthony Melton,28,0,2021-2022,0.0,2,2.0,MEM,124,Desmond Bane,Jarrett Culver,4:40,John Konchar,4:40,Steven Adams,2:50,,,,,,,31:28,Ja Morant,29:56,Jaren Jackson Jr.,26:51,Dillon Brooks,25:54,Brandon Clarke,20:51,Xavier Tillman Sr.,20:45,Ziaire Williams,19:08,Kyle Anderson,18:22,Tyus Jones,16:29
0,.000,2,100.000,0,0.00,104,0,2,100.0,0,.000,0.0,,0.0,2,0,,0,0.000,Logos via Sports Logos.net / About logos,W,https://www.basketball-reference.com/boxscores/202204210MIN.html,Away,95,6:48,0,0.0,MIN,Anthony Edwards,Greg Monroe,0:06,,,,,,,,,,,40:01,D'Angelo Russell,38:38,Patrick Beverley,33:43,Karl-Anthony Towns,32:46,Jarred Vanderbilt,32:03,Malik Beasley,24:56,Jaden McDaniels,21:39,Naz Reid,10:08,Taurean Prince,6:00,95,1,0,0.0,,0.0,,0.0,,De'Anthony Melton,9,0,2021-2022,0.0,1,2.0,MEM,104,Ja Morant,,,,,,,,,,,,,40:33,Desmond Bane,40:29,Dillon Brooks,36:55,Brandon Clarke,29:29,Kyle Anderson,26:29,Jaren Jackson Jr.,21:00,Xavier Tillman Sr.,15:58,Tyus Jones,14:10,Ziaire Williams,8:09
0,.000,3,75.000,1,1.00,118,0,2,100.0,0,.000,0.0,0.0,1.0,4,0,,0,0.000,Logos via Sports Logos.net / About logos,L,https://www.basketball-reference.com/boxscores/202204230MIN.html,Away,119,7:27,0,0.0,MIN,Karl-Anthony Towns,Naz Reid,5:28,,,,,,,,,,,42:26,Patrick Beverley,37:27,Anthony Edwards,37:05,Jarred Vanderbilt,34:49,D'Angelo Russell,34:47,Jordan McLaughlin,14:08,Taurean Prince,11:47,Malik Beasley,11:35,Jaden McDaniels,10:28,119,1,0,0.0,,0.0,,0.0,,De'Anthony Melton,1,1,2021-2022,1.0,1,2.0,MEM,118,Desmond Bane,Steven Adams,3:41,John Konchar,0:02,,,,,,,,,34:55,Dillon Brooks,34:04,Ja Morant,33:47,Brandon Clarke,28:53,Jaren Jackson Jr.,23:14,Kyle Anderson,22:26,Tyus Jones,21:58,Xavier Tillman Sr.,15:32,Ziaire Williams,14:01
3,.500,6,75.000,1,1.00,117,1,5,71.4,5,.625,2.0,100.0,2.0,8,1,1.000,1,12.500,Logos via Sports Logos.net / About logos,L,https://www.basketball-reference.com/boxscores/202205010MEM.html,Home,116,25:00,2,28.6,GSW,Jordan Poole,Damion Lee,3:29,Juan Toscano-Anderson,0:03,,,,,,,,,37:30,Stephen Curry,37:06,Andrew Wiggins,34:22,Klay Thompson,30:34,Gary Payton II,23:11,Otto Porter Jr.,22:32,Kevon Looney,18:44,Draymond Green,17:01,Jonathan Kuminga,15:28,117,0,14,4.0,28.6,9.0,64.3,1.0,7.1,De'Anthony Melton,1,3,2021-2022,4.0,1,7.0,MEM,116,Ja Morant,,,,,,,,,,,,,38:29,Desmond Bane,32:28,Jaren Jackson Jr.,30:49,Brandon Clarke,30:35,Dillon Brooks,30:18,Kyle Anderson,18:31,Xavier Tillman Sr.,13:05,Tyus Jones,12:00,John Konchar,8:45
1,.250,4,80.000,2,0.50,101,3,5,62.5,1,.200,0.0,0.0,1.0,5,0,,0,0.000,Logos via Sports Logos.net / About logos,W,https://www.basketball-reference.com/boxscores/202205030MEM.html,Home,106,25:59,3,37.5,GSW,Klay Thompson,Gary Payton II,2:52,Juan Toscano-Anderson,0:01,,,,,,,,,41:10,Stephen Curry,39:27,Andrew Wiggins,38:06,Jordan Poole,33:45,Draymond Green,32:23,Otto Porter Jr.,21:13,Jonathan Kuminga,14:02,Kevon Looney,8:55,Damion Lee,8:06,101,2,3,0.0,0.0,3.0,100.0,0.0,0.0,De'Anthony Melton,5,2,2021-2022,5.0,4,8.0,MEM,106,Ja Morant,Dillon Brooks,2:52,,,,,,,,,,,40:35,Desmond Bane,32:13,Jaren Jackson Jr.,28:36,Ziaire Williams,28:03,Brandon Clarke,27:25,Tyus Jones,20:43,Kyle Anderson,16:09,Xavier Tillman Sr.,13:05,John Konchar,4:20
1,.125,8,57.143,3,1.00,112,0,2,50.0,5,.357,4.0,66.7,6.0,14,1,1.000,1,7.143,Logos via Sports Logos.net / About logos,L,https://www.basketball-reference.com/boxscores/202205070GSW.html,Away,142,27:28,2,50.0,GSW,Klay Thompson,Juan Toscano-Anderson,4:42,Moses Moody,4:12,Nemanja Bjelica,4:12,,,,,,,35:04,Stephen Curry,34:42,Jordan Poole,31:10,Draymond Green,26:47,Andrew Wiggins,25:39,Otto Porter Jr.,24:23,Jonathan Kuminga,17:35,Kevon Looney,17:01,Damion Lee,14:33,142,1,12,8.0,66.7,3.0,25.0,1.0,8.3,De'Anthony Melton,30,0,2021-2022,0.0,3,4.0,MEM,112,Ja Morant,Jarrett Culver,5:37,Steven Adams,5:37,,,,,,,,,36:10,Ziaire Williams,29:52,Desmond Bane,29:41,Jaren Jackson Jr.,28:41,Xavier Tillman Sr.,21:32,Brandon Clarke,16:35,Kyle Anderson,16:14,Tyus Jones,13:23,John Konchar,9:10
0,.000,2,66.667,0,0.00,98,0,1,100.0,0,.000,0.0,0.0,1.0,3,0,,0,0.000,Logos via Sports Logos.net / About logos,L,https://www.basketball-reference.com/boxscores/202205090GSW.html,Away,101,9:12,0,0.0,GSW,Andrew Wiggins,,,,,,,,,,,,,39:26,Klay Thompson,38:25,Stephen Curry,37:42,Draymond Green,32:49,Jordan Poole,32:14,Otto Porter Jr.,25:33,Kevon Looney,15:11,Damion Lee,13:12,Jonathan Kuminga,5:28,101,0,0,0.0,,0.0,,0.0,,De'Anthony Melton,3,0,2021-2022,0.0,1,1.0,MEM,98,Tyus Jones,,,,,,,,,,,,,41:11,Dillon Brooks,39:01,Desmond Bane,36:40,Jaren Jackson Jr.,33:52,Steven Adams,27:12,Kyle Anderson,22:49,Ziaire Williams,18:26,Brandon Clarke,11:37,,
2,.286,7,63.636,4,,95,1,1,50.0,4,.364,2.0,50.0,4.0,11,0,,0,0.000,Logos via Sports Logos.net / About logos,W,https://www.basketball-reference.com/boxscores/202205110MEM.html,Home,134,24:18,1,50.0,GSW,Klay Thompson,Kevon Looney,15:49,Juan Toscano-Anderson,15:44,Otto Porter Jr.,12:17,,,,,,,25:21,Stephen Curry,25:00,Jonathan Kuminga,23:54,Damion Lee,23:38,Draymond Green,22:14,Jordan Poole,19:57,Nemanja Bjelica,19:40,Andrew Wiggins,19:25,Moses Moody,17:01,95,0,10,4.0,40.0,6.0,60.0,0.0,0.0,De'Anthony Melton,39,2,2021-2022,3.0,0,2.0,MEM,134,Jaren Jackson Jr.,Xavier Tillman Sr.,12:00,Jarrett Culver,12:00,,,,,,,,,25:13,Tyus Jones,24:25,Dillon Brooks,24:14,Desmond Bane,24:09,Ziaire Williams,22:42,Steven Adams,21:49,Kyle Anderson,19:05,John Konchar,15:54,Brandon Clarke,14:11
2,.667,3,50.000,1,1.00,96,0,1,50.0,3,.500,1.0,33.3,3.0,6,0,,0,0.000,Logos via Sports Logos.net / About logos,L,https://www.basketball-reference.com/boxscores/202205130GSW.html,Away,110,11:12,1,50.0,GSW,Klay Thompson,,,,,,,,,,,,,42:06,Andrew Wiggins,41:18,Stephen Curry,40:12,Draymond Green,38:45,Kevon Looney,35:12,Jordan Poole,24:18,Damion Lee,10:30,Nemanja Bjelica,7:38,,,110,1,8,2.0,25.0,6.0,75.0,0.0,0.0,De'Anthony Melton,14,1,2021-2022,1.0,1,2.0,MEM,96,Desmond Bane,,,,,,,,,,,,,44:21,Dillon Brooks,39:08,Jaren Jackson Jr.,37:34,Tyus Jones,35:56,Steven Adams,28:29,Brandon Clarke,19:31,Ziaire Williams,13:22,Kyle Anderson,10:26,,
1,.500,2,50.000,0,,117,0,0,,2,.500,1.0,50.0,2.0,4,0,,0,0.000,Logos via Sports Logos.net / About logos,L,https://www.basketball-reference.com/boxscores/202210180BOS.html,Away,126,20:33,0,,BOS,Jayson Tatum,Sam Hauser,3:19,,,,,,,,,,,38:38,Jaylen Brown,38:34,Marcus Smart,36:05,Derrick White,24:02,Grant Williams,23:57,Malcolm Brogdon,23:52,Al Horford,23:06,Noah Vonleh,20:10,Blake Griffin,8:17,126,2,5,2.0,40.0,3.0,60.0,0.0,0.0,De'Anthony Melton,9,1,2022-2023,1.0,0,0.0,PHI,117,Tyrese Maxey,,,,,,,,,,,,,38:11,James Harden,37:17,Joel Embiid,37:16,Tobias Harris,34:14,P.J. Tucker,33:01,Danuel House Jr.,16:12,Georges Niang,12:09,Montrezl Harrell,10:44,Matisse Thybulle,0:23
1,.500,2,28.571,0,,90,0,2,100.0,4,.571,3.0,60.0,5.0,7,0,,0,0.000,Logos via Sports Logos.net / About logos,L,https://www.basketball-reference.com/boxscores/202210200PHI.html,Home,88,19:34,0,0.0,MIL,Giannis Antetokounmpo,Serge Ibaka,3:39,,,,,,,,,,,36:05,Jrue Holiday,35:47,Grayson Allen,32:04,Brook Lopez,30:56,Bobby Portis,22:42,Jevon Carter,22:00,George Hill,20:32,Wesley Matthews,20:23,Jordan Nwora,15:52,90,0,9,6.0,66.7,3.0,33.3,0.0,0.0,De'Anthony Melton,2,1,2022-2023,1.0,0,2.0,PHI,88,James Harden,Matisse Thybulle,0:18,,,,,,,,,,,40:20,P.J. Tucker,39:11,Joel Embiid,36:09,Tyrese Maxey,34:10,Tobias Harris,33:23,Danuel House Jr.,21:16,Georges Niang,8:08,Paul Reed,4:55,Montrezl Harrell,2:36
0,.000,2,66.667,1,,114,0,3,100.0,0,.000,0.0,0.0,1.0,3,0,,0,0.000,Logos via Sports Logos.net / About logos,L,https://www.basketball-reference.com/boxscores/202210220PHI.html,Home,105,15:35,0,0.0,SAS,Devin Vassell,Jeremy Sochan,10:17,Zach Collins,8:16,Keita Bates-Diop,4:02,,,,,,,34:13,Keldon Johnson,31:45,Tre Jones,30:26,Jakob Poeltl,27:01,Doug McDermott,24:24,Joshua Primo,22:06,Josh Richardson,20:59,Isaiah Roby,13:48,Gorgui Dieng,12:41,114,2,0,0.0,,0.0,,0.0,,De'Anthony Melton,9,2,2022-2023,2.0,0,3.0,PHI,105,James Harden,,,,,,,,,,,,,40:17,Tyrese Maxey,39:37,Joel Embiid,35:57,Tobias Harris,35:40,P.J. Tucker,28:36,Danuel House Jr.,16:46,Georges Niang,15:02,Montrezl Harrell,9:13,Matisse Thybulle,3:14
2,.500,4,66.667,1,,106,0,5,100.0,3,.500,1.0,50.0,2.0,6,3,1.000,3,50.000,Logos via Sports Logos.net / About logos,W,https://www.basketball-reference.com/boxscores/202210240PHI.html,Home,120,17:00,0,0.0,IND,Tyrese Haliburton,Terry Taylor,15:05,T.J. McConnell,14:58,Oshae Brissett,6:45,,,,,,,31:26,Buddy Hield,27:46,Jalen Smith,25:22,Bennedict Mathurin,24:44,Andrew Nembhard,21:53,Goga Bitadze,20:44,Isaiah Jackson,17:36,Aaron Nesmith,17:20,Chris Duarte,16:21,106,1,11,2.0,18.2,6.0,54.5,3.0,27.3,De'Anthony Melton,14,1,2022-2023,1.0,0,5.0,PHI,120,Tyrese Maxey,Shake Milton,6:13,Jaden Springer,2:00,Furkan Korkmaz,2:00,Matisse Thybulle,2:00,,,,,37:47,James Harden,34:39,Tobias Harris,28:33,Joel Embiid,28:17,Georges Niang,21:29,P.J. Tucker,20:27,Danuel House Jr.,20:00,Montrezl Harrell,10:37,Paul Reed,8:58
2,.500,4,57.143,5,,109,0,3,100.0,5,.714,3.0,100.0,3.0,7,0,,0,0.000,Logos via Sports Logos.net / About logos,L,https://www.basketball-reference.com/boxscores/202210260TOR.html,Away,119,21:41,0,0.0,TOR,Fred VanVleet,Dalano Banton,4:28,,,,,,,,,,,38:50,Pascal Siakam,38:00,Gary Trent Jr.,35:27,OG Anunoby,34:25,Scottie Barnes,32:40,Precious Achiuwa,21:18,Chris Boucher,17:15,Christian Koloko,11:17,Khem Birch,6:20,119,2,12,6.0,50.0,6.0,50.0,0.0,0.0,De'Anthony Melton,10,3,2022-2023,3.0,0,3.0,PHI,109,Tyrese Maxey,,,,,,,,,,,,,43:14,Joel Embiid,37:31,James Harden,35:39,Tobias Harris,34:15,P.J. Tucker,31:27,Danuel House Jr.,14:43,Georges Niang,14:19,Montrezl Harrell,4:15,Paul Reed,2:56
1,.200,5,33.333,6,6.00,112,0,3,60.0,6,.400,5.0,50.0,10.0,15,0,,0,0.000,Logos via Sports Logos.net / About logos,W,https://www.basketball-reference.com/boxscores/202210280TOR.html,Away,90,30:45,2,40.0,TOR,OG Anunoby,Malachi Flynn,5:07,Thaddeus Young,4:55,Justin Champagnie,3:14,Juancho Hernangómez,3:14,,,,,35:49,Pascal Siakam,35:47,Fred VanVleet,34:13,Gary Trent Jr.,32:57,Scottie Barnes,28:54,Chris Boucher,22:06,Precious Achiuwa,14:57,Christian Koloko,10:02,Dalano Banton,8:45,90,1,13,10.0,76.9,3.0,23.1,0.0,0.0,De'Anthony Melton,22,5,2022-2023,5.0,1,5.0,PHI,112,Tyrese Maxey,Jaden Springer,2:15,Furkan Korkmaz,2:15,Paul Reed,2:15,,,,,,,39:49,James Harden,33:43,Tobias Harris,28:00,P.J. Tucker,22:33,Matisse Thybulle,21:48,Georges Niang,19:55,Montrezl Harrell,17:22,Danuel House Jr.,10:30,Shake Milton,8:50
2,.500,4,50.000,4,4.00,114,1,3,100.0,4,.500,2.0,50.0,4.0,8,0,,0,0.000,Logos via Sports Logos.net / About logos,W,https://www.basketball-reference.com/boxscores/202210290CHI.html,Away,109,21:46,0,0.0,CHI,Nikola Vučević,Dalen Terry,2:55,,,,,,,,,,,36:22,Alex Caruso,35:10,DeMar DeRozan,34:15,Zach LaVine,33:45,Patrick Williams,32:19,Coby White,21:34,Javonte Green,18:37,Goran Dragić,13:25,Derrick Jones Jr.,11:38,109,0,10,4.0,40.0,6.0,60.0,0.0,0.0,De'Anthony Melton,5,1,2022-2023,2.0,1,3.0,PHI,114,James Harden,Shake Milton,6:55,,,,,,,,,,,36:00,Joel Embiid,31:39,Tobias Harris,31:10,Tyrese Maxey,29:17,P.J. Tucker,22:35,Matisse Thybulle,20:34,Georges Niang,18:23,Montrezl Harrell,11:59,Danuel House Jr.,9:42
2,.500,4,40.000,1,1.00,118,0,2,100.0,7,.700,5.0,83.3,6.0,10,0,,0,0.000,Logos via Sports Logos.net / About logos,W,https://www.basketball-reference.com/boxscores/202210310WAS.html,Away,111,32:41,0,0.0,WAS,Bradley Beal,Johnny Davis,4:15,Taj Gibson,2:41,,,,,,,,,37:51,Monte Morris,35:08,Kristaps Porziņģis,34:40,Kyle Kuzma,32:42,Anthony Gill,25:59,Will Barton,21:28,Rui Hachimura,17:55,Deni Avdija,16:42,Daniel Gafford,10:39,111,3,16,10.0,62.5,6.0,37.5,0.0,0.0,De'Anthony Melton,7,2,2022-2023,2.0,1,2.0,PHI,118,James Harden,Paul Reed,2:27,,,,,,,,,,,37:37,Tyrese Maxey,34:25,Tobias Harris,34:17,P.J. Tucker,31:59,Matisse Thybulle,16:29,Danuel House Jr.,15:19,Georges Niang,13:43,Montrezl Harrell,13:34,Shake Milton,7:29
3,.273,11,61.111,9,3.00,106,2,1,20.0,4,.222,1.0,14.3,7.0,18,1,.500,2,11.111,Logos via Sports Logos.net / About logos,L,https://www.basketball-reference.com/boxscores/202211040PHI.html,Home,104,30:17,4,80.0,NYK,RJ Barrett,Mitchell Robinson,11:46,Derrick Rose,6:59,Jericho Sims,4:54,,,,,,,37:11,Julius Randle,36:37,Jalen Brunson,35:49,Immanuel Quickley,21:12,Isaiah Hartenstein,20:44,Obi Toppin,20:14,Cam Reddish,15:10,Quentin Grimes,15:01,Evan Fournier,14:23,106,2,12,2.0,16.7,9.0,75.0,1.0,8.3,De'Anthony Melton,2,2,2022-2023,4.0,3,5.0,PHI,104,Tyrese Maxey,,,,,,,,,,,,,39:03,Tobias Harris,37:27,Montrezl Harrell,29:05,P.J. Tucker,24:51,Georges Niang,19:05,Paul Reed,18:12,Shake Milton,17:28,Matisse Thybulle,13:03,Furkan Korkmaz,11:29
1,.167,6,85.714,2,2.00,88,2,5,71.4,2,.286,1.0,100.0,1.0,7,1,.500,2,28.571,Logos via Sports Logos.net / About logos,W,https://www.basketball-reference.com/boxscores/202211070PHI.html,Home,100,33:50,2,28.6,PHO,Mikal Bridges,Jock Landale,6:48,Dario Šarić,3:09,Josh Okogie,1:19,,,,,,,43:31,Devin Booker,43:24,Deandre Ayton,30:36,Cameron Payne,27:43,Damion Lee,25:30,Torrey Craig,22:30,Chris Paul,13:45,Landry Shamet,11:08,Bismack Biyombo,10:36,88,5,6,2.0,33.3,3.0,50.0,1.0,16.7,De'Anthony Melton,12,1,2022-2023,3.0,1,7.0,PHI,100,Tyrese Maxey,,,,,,,,,,,,,40:20,Tobias Harris,37:54,Joel Embiid,36:43,P.J. Tucker,29:51,Georges Niang,27:03,Shake Milton,12:19,Paul Reed,11:26,Matisse Thybulle,10:31,,
1,.333,3,42.857,1,0.33,95,0,6,60.0,2,.286,1.0,25.0,4.0,7,0,,0,0.000,Logos via Sports Logos.net / About logos,L,https://www.basketball-reference.com/boxscores/202211100ATL.html,Away,104,28:27,4,40.0,ATL,Dejounte Murray,Jalen Johnson,6:19,,,,,,,,,,,34:42,Trae Young,33:04,De'Andre Hunter,31:56,Clint Capela,26:22,John Collins,25:44,Aaron Holiday,23:40,Justin Holiday,22:39,Onyeka Okongwu,21:15,AJ Griffin,14:19,104,0,5,2.0,40.0,3.0,60.0,0.0,0.0,De'Anthony Melton,9,0,2022-2023,0.0,3,10.0,PHI,95,Tobias Harris,Furkan Korkmaz,7:57,Montrezl Harrell,3:26,,,,,,,,,33:32,Tyrese Maxey,33:16,Joel Embiid,31:45,P.J. Tucker,24:03,Georges Niang,23:20,Danuel House Jr.,19:02,Shake Milton,17:39,Paul Reed,9:12,Matisse Thybulle,8:21
0,.000,1,20.000,2,2.00,98,1,4,66.7,3,.600,3.0,75.0,4.0,5,0,,0,0.000,Logos via Sports Logos.net / About logos,W,https://www.basketball-reference.com/boxscores/202211130PHI.html,Home,105,20:25,2,33.3,UTA,Lauri Markkanen,Walker Kessler,11:58,,,,,,,,,,,34:08,Mike Conley,31:32,Kelly Olynyk,29:20,Malik Beasley,28:57,Jordan Clarkson,27:04,Collin Sexton,24:52,Jarred Vanderbilt,24:08,Talen Horton-Tucker,14:26,Rudy Gay,13:35,98,1,6,6.0,100.0,0.0,0.0,0.0,0.0,De'Anthony Melton,7,0,2022-2023,1.0,1,6.0,PHI,105,Tyrese Maxey,Paul Reed,4:45,,,,,,,,,,,36:42,Joel Embiid,36:41,Tobias Harris,31:33,P.J. Tucker,29:45,Matisse Thybulle,27:27,Georges Niang,18:51,Danuel House Jr.,16:45,Shake Milton,11:29,Montrezl Harrell,5:37
2,.667,3,37.500,6,1.20,102,0,5,71.4,3,.375,1.0,20.0,5.0,8,2,1.000,2,25.000,Logos via Sports Logos.net / About logos,W,https://www.basketball-reference.com/boxscores/202211180PHI.html,Home,110,36:03,2,28.6,MIL,Brook Lopez,Serge Ibaka,7:15,,,,,,,,,,,34:23,Giannis Antetokounmpo,34:16,Bobby Portis,33:53,Jevon Carter,27:17,Grayson Allen,26:36,Jordan Nwora,24:40,Jrue Holiday,23:12,MarJon Beauchamp,14:35,George Hill,13:53,102,2,10,2.0,20.0,6.0,60.0,2.0,20.0,De'Anthony Melton,8,0,2022-2023,0.0,5,7.0,PHI,110,Joel Embiid,,,,,,,,,,,,,36:50,P.J. Tucker,32:21,Shake Milton,31:11,Danuel House Jr.,30:36,Georges Niang,30:26,Tyrese Maxey,20:50,Paul Reed,12:26,Montrezl Harrell,4:57,Matisse Thybulle,4:20
5,.556,9,56.250,6,2.00,112,1,4,80.0,7,.438,2.0,28.6,7.0,16,0,.000,2,12.500,Logos via Sports Logos.net / About logos,L,https://www.basketball-reference.com/boxscores/202211190PHI.html,Home,109,36:40,1,20.0,MIN,Anthony Edwards,Naz Reid,10:23,,,,,,,,,,,35:42,D'Angelo Russell,33:33,Karl-Anthony Towns,31:39,Jaden McDaniels,31:33,Rudy Gobert,28:09,Kyle Anderson,21:34,Taurean Prince,19:00,Jordan McLaughlin,14:27,Jaylen Nowell,14:00,112,3,19,4.0,21.1,15.0,78.9,0.0,0.0,De'Anthony Melton,3,5,2022-2023,6.0,3,5.0,PHI,109,Danuel House Jr.,,,,,,,,,,,,,39:03,Shake Milton,38:03,Joel Embiid,35:51,P.J. Tucker,33:29,Georges Niang,32:23,Paul Reed,12:26,Montrezl Harrell,7:09,Matisse Thybulle,4:56,,
6,.545,11,68.750,4,2.00,106,1,1,25.0,7,.438,1.0,20.0,5.0,16,2,1.000,2,12.500,Logos via Sports Logos.net / About logos,W,https://www.basketball-reference.com/boxscores/202211220PHI.html,Home,115,32:09,3,75.0,BRK,Royce O'Neale,Edmond Sumner,3:08,David Duke Jr.,3:08,Kessler Edwards,3:08,Day'Ron Sharpe,3:08,Cam Thomas,3:08,,,39:07,Kevin Durant,36:46,Ben Simmons,32:23,Kyrie Irving,30:32,Seth Curry,23:50,Joe Harris,23:02,Nic Claxton,21:16,Patty Mills,13:15,Markieff Morris,4:07,106,3,22,2.0,9.1,18.0,81.8,2.0,9.1,De'Anthony Melton,9,3,2022-2023,4.0,2,4.0,PHI,115,P.J. Tucker,Julian Champagnie,1:23,Michael Foster Jr.,1:02,,,,,,,,,37:04,Shake Milton,36:25,Tobias Harris,33:45,Paul Reed,31:13,Furkan Korkmaz,20:40,Georges Niang,17:43,Montrezl Harrell,15:45,Danuel House Jr.,9:29,Matisse Thybulle,3:22
2,.222,9,50.000,3,0.60,101,0,6,100.0,7,.389,5.0,55.6,9.0,18,4,1.000,4,22.222,Logos via Sports Logos.net / About logos,L,https://www.basketball-reference.com/boxscores/202211230CHO.html,Away,107,36:32,0,0.0,CHO,Terry Rozier,Kai Jones,7:54,,,,,,,,,,,40:21,P.J. Washington,34:05,Kelly Oubre Jr.,32:48,Gordon Hayward,28:34,Mason Plumlee,26:29,Nick Richards,21:23,Jalen McDaniels,21:07,Théo Maledon,16:03,Dennis Smith Jr.,11:16,107,2,20,10.0,50.0,6.0,30.0,4.0,20.0,De'Anthony Melton,6,4,2022-2023,4.0,5,6.0,PHI,101,Shake Milton,,,,,,,,,,,,,38:52,Tobias Harris,37:23,P.J. Tucker,33:41,Montrezl Harrell,21:47,Paul Reed,21:43,Furkan Korkmaz,20:20,Georges Niang,18:41,Danuel House Jr.,11:01,,
3,.333,9,64.286,4,1.33,107,0,4,100.0,5,.357,2.0,40.0,5.0,14,0,.000,2,14.286,Logos via Sports Logos.net / About logos,W,https://www.basketball-reference.com/boxscores/202211250ORL.html,Away,99,37:19,0,0.0,ORL,Franz Wagner,,,,,,,,,,,,,36:14,Paolo Banchero,35:44,Bol Bol,35:01,R.J. Hampton,28:43,Mo Bamba,27:22,Gary Harris,27:13,Jalen Suggs,18:52,Moritz Wagner,16:46,Caleb Houstan,14:05,99,4,13,4.0,30.8,9.0,69.2,0.0,0.0,De'Anthony Melton,8,4,2022-2023,4.0,3,4.0,PHI,107,Shake Milton,,,,,,,,,,,,,41:49,Tobias Harris,34:32,Montrezl Harrell,28:00,P.J. Tucker,25:14,Georges Niang,23:05,Paul Reed,19:31,Furkan Korkmaz,16:50,Danuel House Jr.,13:38,,
1,.167,6,50.000,2,0.67,133,1,2,66.7,5,.417,4.0,66.7,6.0,12,0,,0,0.000,Logos via Sports Logos.net / About logos,W,https://www.basketball-reference.com/boxscores/202211270ORL.html,Away,103,29:39,1,33.3,ORL,Bol Bol,Terrence Ross,8:35,,,,,,,,,,,32:26,Paolo Banchero,31:14,Gary Harris,29:08,Franz Wagner,26:46,Moritz Wagner,26:25,Caleb Houstan,26:09,R.J. Hampton,25:47,Admiral Schofield,21:53,Mo Bamba,11:37,103,1,11,8.0,72.7,3.0,27.3,0.0,0.0,De'Anthony Melton,30,3,2022-2023,4.0,3,3.0,PHI,133,Shake Milton,Saben Lee,3:49,,,,,,,,,,,37:42,Paul Reed,30:08,Tobias Harris,29:43,Danuel House Jr.,25:29,Furkan Korkmaz,24:50,Georges Niang,19:43,Montrezl Harrell,17:52,P.J. Tucker,15:48,Julian Champagnie,5:17
2,.250,8,66.667,5,2.50,101,0,2,100.0,3,.250,1.0,25.0,4.0,12,1,.500,2,16.667,Logos via Sports Logos.net / About logos,W,https://www.basketball-reference.com/boxscores/202211280PHI.html,Home,104,31:58,0,0.0,ATL,Dejounte Murray,,,,,,,,,,,,,40:29,Trae Young,34:04,De'Andre Hunter,34:01,Clint Capela,33:00,John Collins,32:23,Justin Holiday,20:31,AJ Griffin,15:40,Trent Forrest,15:06,Onyeka Okongwu,14:46,101,4,9,2.0,22.2,6.0,66.7,1.0,11.1,De'Anthony Melton,3,2,2022-2023,2.0,2,2.0,PHI,104,Shake Milton,,,,,,,,,,,,,39:33,Tobias Harris,35:45,Joel Embiid,35:29,P.J. Tucker,28:13,Furkan Korkmaz,18:54,Georges Niang,18:07,Paul Reed,12:32,Danuel House Jr.,11:55,Matisse Thybulle,7:34
1,.250,4,36.364,2,2.00,85,0,1,50.0,4,.364,3.0,42.9,7.0,11,0,,0,0.000,Logos via Sports Logos.net / About logos,L,https://www.basketball-reference.com/boxscores/202211300CLE.html,Away,113,27:37,1,50.0,CLE,Caris LeVert,Raul Neto,6:18,,,,,,,,,,,33:16,Darius Garland,32:02,Dean Wade,30:52,Cedi Osman,28:49,Donovan Mitchell,25:56,Evan Mobley,23:47,Mamadi Diakite,22:35,Isaac Okoro,22:17,Robin Lopez,14:08,113,2,9,6.0,66.7,3.0,33.3,0.0,0.0,De'Anthony Melton,28,3,2022-2023,3.0,1,2.0,PHI,85,Shake Milton,Montrezl Harrell,8:19,Saben Lee,6:18,,,,,,,,,32:13,Joel Embiid,28:31,Georges Niang,24:19,Tobias Harris,23:19,Danuel House Jr.,23:11,P.J. Tucker,20:29,Matisse Thybulle,18:16,Paul Reed,14:25,Furkan Korkmaz,13:03
3,.375,8,61.538,4,1.33,109,1,4,66.7,5,.385,2.0,40.0,5.0,13,0,,0,0.000,Logos via Sports Logos.net / About logos,L,https://www.basketball-reference.com/boxscores/202212020MEM.html,Away,117,34:04,2,33.3,MEM,Dillon Brooks,,,,,,,,,,,,,35:32,Ja Morant,35:30,Steven Adams,33:31,John Konchar,32:05,Jaren Jackson Jr.,26:12,David Roddy,24:58,Santi Aldama,21:48,Tyus Jones,15:55,Brandon Clarke,14:29,117,3,13,4.0,30.8,9.0,69.2,0.0,0.0,De'Anthony Melton,8,0,2022-2023,1.0,3,6.0,PHI,109,Joel Embiid,,,,,,,,,,,,,40:30,Shake Milton,39:30,Tobias Harris,38:06,P.J. Tucker,21:22,Danuel House Jr.,18:27,Georges Niang,15:53,Matisse Thybulle,13:01,Furkan Korkmaz,12:52,Paul Reed,6:15
3,.375,8,100.000,6,3.00,123,0,6,75.0,3,.375,0.0,,0.0,8,0,,0,0.000,Logos via Sports Logos.net / About logos,L,https://www.basketball-reference.com/boxscores/202212050HOU.html,Away,132,39:59,2,25.0,HOU,Jalen Green,Garrison Mathews,10:48,Usman Garuba,6:15,,,,,,,,,44:14,Kevin Porter Jr.,43:57,Eric Gordon,40:25,Jabari Smith Jr.,39:09,Alperen Sengun,34:25,Tari Eason,20:47,KJ Martin,19:51,Bruno Fernando,16:05,Daishen Nix,14:03,132,5,9,0.0,0.0,9.0,100.0,0.0,0.0,De'Anthony Melton,9,2,2022-2023,2.0,2,8.0,PHI,123,Tobias Harris,Montrezl Harrell,5:12,,,,,,,,,,,46:05,P.J. Tucker,42:05,James Harden,38:24,Joel Embiid,35:22,Shake Milton,26:29,Danuel House Jr.,20:14,Paul Reed,16:11,Furkan Korkmaz,12:45,Matisse Thybulle,7:10
8,.667,12,75.000,2,1.00,122,0,4,100.0,11,.688,3.0,75.0,4.0,16,3,.750,4,25.000,Logos via Sports Logos.net / About logos,W,https://www.basketball-reference.com/boxscores/202212090PHI.html,Home,133,43:04,0,0.0,LAL,LeBron James,,,,,,,,,,,,,43:50,Austin Reaves,40:50,Patrick Beverley,38:16,Russell Westbrook,36:15,Anthony Davis,36:10,Lonnie Walker IV,32:54,Dennis Schröder,21:22,Troy Brown Jr.,9:22,Thomas Bryant,6:01,122,1,33,6.0,18.2,24.0,72.7,3.0,9.1,De'Anthony Melton,11,7,2022-2023,7.0,2,4.0,PHI,133,James Harden,,,,,,,,,,,,,47:21,Joel Embiid,46:03,Tobias Harris,41:28,P.J. Tucker,33:13,Shake Milton,24:12,Matisse Thybulle,13:25,Furkan Korkmaz,9:17,Paul Reed,3:37,Montrezl Harrell,3:20
4,.571,7,87.500,2,2.00,113,1,4,100.0,4,.500,0.0,0.0,1.0,8,0,,0,0.000,Logos via Sports Logos.net / About logos,W,https://www.basketball-reference.com/boxscores/202212110PHI.html,Home,131,28:25,0,0.0,CHO,Kelly Oubre Jr.,James Bouknight,2:39,JT Thor,1:41,,,,,,,,,36:55,P.J. Washington,35:08,Terry Rozier,34:17,Jalen McDaniels,30:32,Mason Plumlee,25:35,Bryce McGowens,23:20,Nick Richards,20:44,Théo Maledon,16:17,Kai Jones,12:52,113,2,12,0.0,0.0,12.0,100.0,0.0,0.0,De'Anthony Melton,18,1,2022-2023,2.0,1,4.0,PHI,131,James Harden,Paul Reed,1:41,Jaden Springer,1:41,,,,,,,,,38:15,Joel Embiid,34:19,Tobias Harris,33:11,P.J. Tucker,32:08,Shake Milton,20:38,Georges Niang,13:25,Montrezl Harrell,12:57,Matisse Thybulle,12:46,Furkan Korkmaz,10:34
3,.375,8,57.143,7,7.00,106,0,7,77.8,7,.500,4.0,66.7,6.0,14,0,,0,0.000,Logos via Sports Logos.net / About logos,W,https://www.basketball-reference.com/boxscores/202212160PHI.html,Home,118,38:11,2,22.2,GSW,Jordan Poole,JaMychal Green,10:33,Ryan Rollins,1:20,Patrick Baldwin Jr.,1:20,,,,,,,36:51,Klay Thompson,35:00,Donte DiVincenzo,34:37,Jonathan Kuminga,28:43,Kevon Looney,26:14,Anthony Lamb,19:44,Ty Jerome,18:38,Moses Moody,15:47,James Wiseman,11:13,106,2,17,8.0,47.1,9.0,52.9,0.0,0.0,De'Anthony Melton,12,2,2022-2023,2.0,1,9.0,PHI,118,James Harden,,,,,,,,,,,,,36:30,Joel Embiid,35:57,Shake Milton,30:57,P.J. Tucker,26:35,Georges Niang,23:01,Matisse Thybulle,21:10,Danuel House Jr.,15:36,Montrezl Harrell,11:04,Paul Reed,0:59
2,.182,11,78.571,1,0.33,101,0,5,71.4,3,.214,1.0,33.3,3.0,14,0,,0,0.000,Logos via Sports Logos.net / About logos,W,https://www.basketball-reference.com/boxscores/202212190PHI.html,Home,104,41:03,2,28.6,TOR,Pascal Siakam,,,,,,,,,,,,,47:42,Fred VanVleet,41:03,OG Anunoby,40:27,Chris Boucher,30:22,Scottie Barnes,29:46,Khem Birch,23:02,Thaddeus Young,19:24,Malachi Flynn,18:55,Juancho Hernangómez,14:19,101,1,8,2.0,25.0,6.0,75.0,0.0,0.0,De'Anthony Melton,3,1,2022-2023,1.0,3,7.0,PHI,104,Tobias Harris,,,,,,,,,,,,,42:13,Joel Embiid,42:07,James Harden,41:56,P.J. Tucker,39:24,Shake Milton,18:35,Georges Niang,11:28,Montrezl Harrell,10:53,Danuel House Jr.,10:33,Matisse Thybulle,6:48
2,.333,6,54.545,3,,93,0,7,77.8,4,.364,2.0,40.0,5.0,11,2,1.000,2,18.182,Logos via Sports Logos.net / About logos,W,https://www.basketball-reference.com/boxscores/202212210PHI.html,Home,113,23:59,2,22.2,DET,Jaden Ivey,Alec Burks,11:57,Rodney McGruder,6:27,Cory Joseph,3:33,,,,,,,33:56,Killian Hayes,33:48,Jalen Duren,28:10,Saddiq Bey,27:05,Bojan Bogdanović,23:31,Isaiah Stewart,21:53,Marvin Bagley III,19:50,Kevin Knox,17:46,Hamidou Diallo,12:04,93,4,12,4.0,33.3,6.0,50.0,2.0,16.7,De'Anthony Melton,20,1,2022-2023,1.0,0,9.0,PHI,113,Joel Embiid,Paul Reed,4:19,Furkan Korkmaz,3:33,,,,,,,,,34:11,James Harden,32:34,Shake Milton,32:12,Georges Niang,26:33,Tobias Harris,21:08,P.J. Tucker,21:07,Danuel House Jr.,17:52,Matisse Thybulle,13:02,Montrezl Harrell,9:30
3,.429,7,70.000,3,,114,0,3,100.0,5,.500,2.0,66.7,3.0,10,0,,0,0.000,Logos via Sports Logos.net / About logos,W,https://www.basketball-reference.com/boxscores/202212230PHI.html,Home,119,34:21,0,0.0,LAC,Paul George,,,,,,,,,,,,,35:36,Kawhi Leonard,33:35,Ivica Zubac,33:33,Marcus Morris,29:59,Nicolas Batum,25:20,Reggie Jackson,25:10,Norman Powell,22:50,Luke Kennard,21:27,Terance Mann,12:30,114,3,13,4.0,30.8,9.0,69.2,0.0,0.0,De'Anthony Melton,5,3,2022-2023,3.0,0,3.0,PHI,119,James Harden,Matisse Thybulle,0:33,Furkan Korkmaz,0:18,,,,,,,,,41:06,Tobias Harris,39:02,Joel Embiid,37:46,Georges Niang,24:50,Shake Milton,22:47,P.J. Tucker,20:17,Danuel House Jr.,8:58,Paul Reed,5:12,Montrezl Harrell,4:50
5,.714,7,87.500,1,1.00,119,0,2,66.7,5,.625,0.0,0.0,1.0,8,0,,0,0.000,Logos via Sports Logos.net / About logos,W,https://www.basketball-reference.com/boxscores/202212250NYK.html,Away,112,27:06,1,33.3,NYK,RJ Barrett,,,,,,,,,,,,,42:56,Julius Randle,40:07,Quentin Grimes,38:43,Jalen Brunson,35:12,Mitchell Robinson,30:50,Immanuel Quickley,21:33,Isaiah Hartenstein,12:52,Jericho Sims,12:11,Miles McBride,5:35,112,5,15,0.0,0.0,15.0,100.0,0.0,0.0,De'Anthony Melton,7,1,2022-2023,1.0,1,3.0,PHI,119,James Harden,,,,,,,,,,,,,43:21,Tobias Harris,36:56,Joel Embiid,33:54,P.J. Tucker,23:55,Shake Milton,23:23,Georges Niang,22:56,Montrezl Harrell,14:06,Danuel House Jr.,10:28,Matisse Thybulle,3:54
2,.400,5,83.333,2,1.00,111,0,4,80.0,2,.333,0.0,0.0,1.0,6,0,,0,0.000,Logos via Sports Logos.net / About logos,L,https://www.basketball-reference.com/boxscores/202212270WAS.html,Away,116,35:03,1,20.0,WAS,Kyle Kuzma,Taj Gibson,14:23,,,,,,,,,,,37:38,Kristaps Porziņģis,34:38,Bradley Beal,29:52,Monte Morris,29:45,Rui Hachimura,21:23,Deni Avdija,20:01,Daniel Gafford,18:33,Delon Wright,17:08,Corey Kispert,16:37,116,2,6,0.0,0.0,6.0,100.0,0.0,0.0,De'Anthony Melton,5,0,2022-2023,0.0,2,5.0,PHI,111,James Harden,Paul Reed,2:50,,,,,,,,,,,39:49,Tobias Harris,39:07,Joel Embiid,35:39,Georges Niang,28:27,P.J. Tucker,18:57,Shake Milton,17:04,Montrezl Harrell,9:30,Danuel House Jr.,8:41,Matisse Thybulle,4:52
2,.333,6,75.000,4,,116,2,2,66.7,4,.500,2.0,100.0,2.0,8,1,.500,2,25.000,Logos via Sports Logos.net / About logos,L,https://www.basketball-reference.com/boxscores/202212300NOP.html,Away,127,30:24,1,33.3,NOP,CJ McCollum,Willy Hernangómez,16:59,,,,,,,,,,,35:01,Naji Marshall,31:29,Zion Williamson,30:58,Jonas Valančiūnas,27:58,Dyson Daniels,21:11,Trey Murphy III,20:07,Jose Alvarado,19:47,Jaxson Hayes,19:18,Devonte' Graham,17:12,127,4,11,4.0,36.4,6.0,54.5,1.0,9.1,De'Anthony Melton,11,2,2022-2023,4.0,0,3.0,PHI,116,James Harden,Paul Reed,1:02,Furkan Korkmaz,1:02,,,,,,,,,35:21,Joel Embiid,34:08,Tobias Harris,33:06,P.J. Tucker,28:12,Georges Niang,24:53,Tyrese Maxey,18:42,Shake Milton,13:11,Montrezl Harrell,12:02,Matisse Thybulle,7:57
3,.429,7,53.846,3,,115,2,7,100.0,7,.538,4.0,66.7,6.0,13,0,,0,0.000,Logos via Sports Logos.net / About logos,W,https://www.basketball-reference.com/boxscores/202212310OKC.html,Away,96,30:42,0,0.0,OKC,Shai Gilgeous-Alexander,Darius Bazley,14:16,Lindy Waters III,5:07,Eugene Omoruyi,1:48,,,,,,,32:23,Josh Giddey,31:58,Jalen Williams,27:53,Luguentz Dort,24:38,Tre Mann,24:36,Kenrich Williams,22:57,Isaiah Joe,19:09,Jaylin Williams,17:48,Mike Muscala,17:27,96,4,17,8.0,47.1,9.0,52.9,0.0,0.0,De'Anthony Melton,19,3,2022-2023,5.0,0,7.0,PHI,115,Shake Milton,Jaden Springer,3:56,,,,,,,,,,,38:14,Tobias Harris,30:55,Joel Embiid,28:28,Danuel House Jr.,28:16,Furkan Korkmaz,25:11,Matisse Thybulle,21:36,Montrezl Harrell,15:36,Georges Niang,13:09,Paul Reed,3:56
3,.600,5,83.333,2,,111,1,2,50.0,3,.500,0.0,0.0,1.0,6,2,1.000,2,33.333,Logos via Sports Logos.net / About logos,W,https://www.basketball-reference.com/boxscores/202301020PHI.html,Home,120,30:36,2,50.0,NOP,CJ McCollum,Jose Alvarado,12:27,Dyson Daniels,6:44,,,,,,,,,39:04,Trey Murphy III,31:00,Herbert Jones,29:27,Jonas Valančiūnas,28:24,Zion Williamson,28:10,Jaxson Hayes,19:27,Willy Hernangómez,17:19,Naji Marshall,15:24,Devonte' Graham,12:30,111,1,11,0.0,0.0,9.0,81.8,2.0,18.2,De'Anthony Melton,9,1,2022-2023,2.0,0,4.0,PHI,120,James Harden,,,,,,,,,,,,,38:18,Joel Embiid,35:55,Tobias Harris,31:29,Tyrese Maxey,26:43,Georges Niang,26:33,P.J. Tucker,18:06,Shake Milton,12:11,Montrezl Harrell,12:04,Matisse Thybulle,8:01
5,.625,8,53.333,0,0.00,126,0,5,71.4,7,.467,2.0,28.6,7.0,15,0,,0,0.000,Logos via Sports Logos.net / About logos,W,https://www.basketball-reference.com/boxscores/202301040PHI.html,Home,129,37:18,2,28.6,IND,Buddy Hield,Chris Duarte,11:05,,,,,,,,,,,41:19,Andrew Nembhard,41:09,Tyrese Haliburton,39:30,Myles Turner,38:20,Bennedict Mathurin,30:52,Aaron Nesmith,22:08,Jalen Smith,14:40,T.J. McConnell,13:12,Oshae Brissett,12:44,126,3,19,4.0,21.1,15.0,78.9,0.0,0.0,De'Anthony Melton,3,0,2022-2023,0.0,1,7.0,PHI,129,James Harden,,,,,,,,,,,,,42:40,Tobias Harris,38:40,Tyrese Maxey,36:36,Montrezl Harrell,27:59,P.J. Tucker,25:01,Matisse Thybulle,21:26,Shake Milton,18:29,Georges Niang,16:49,,
3,.500,6,75.000,3,1.50,126,1,3,100.0,3,.375,0.0,0.0,2.0,8,0,,0,0.000,Logos via Sports Logos.net / About logos,L,https://www.basketball-reference.com/boxscores/202301060PHI.html,Home,112,26:27,0,0.0,CHI,Zach LaVine,,,,,,,,,,,,,38:21,DeMar DeRozan,37:09,Nikola Vučević,36:29,Patrick Williams,35:03,Ayo Dosunmu,32:25,Coby White,24:31,Derrick Jones Jr.,16:25,Goran Dragić,11:18,Andre Drummond,8:19,126,5,9,0.0,0.0,9.0,100.0,0.0,0.0,De'Anthony Melton,14,1,2022-2023,2.0,2,3.0,PHI,112,Tobias Harris,,,,,,,,,,,,,37:51,Tyrese Maxey,36:34,James Harden,33:43,Shake Milton,23:05,Montrezl Harrell,22:43,P.J. Tucker,20:22,Georges Niang,20:07,Matisse Thybulle,11:43,Paul Reed,7:25
0,.000,3,60.000,0,0.00,123,1,3,100.0,0,.000,0.0,0.0,2.0,5,0,,0,0.000,Logos via Sports Logos.net / About logos,W,https://www.basketball-reference.com/boxscores/202301080DET.html,Away,111,23:05,0,0.0,DET,Bojan Bogdanović,,,,,,,,,,,,,35:49,Isaiah Stewart,35:06,Killian Hayes,33:43,Saddiq Bey,28:42,Jaden Ivey,27:59,Hamidou Diallo,27:16,Alec Burks,22:19,Kevin Knox,16:12,Nerlens Noel,12:54,111,1,0,0.0,,0.0,,0.0,,De'Anthony Melton,12,1,2022-2023,2.0,3,3.0,PHI,123,Tyrese Maxey,Danuel House Jr.,5:58,,,,,,,,,,,33:09,James Harden,28:03,Tobias Harris,27:18,Shake Milton,25:12,Paul Reed,24:11,Montrezl Harrell,23:49,Matisse Thybulle,22:56,Georges Niang,19:44,Furkan Korkmaz,6:34
1,.143,7,70.000,2,1.00,116,0,5,100.0,4,.400,3.0,100.0,3.0,10,0,,0,0.000,Logos via Sports Logos.net / About logos,W,https://www.basketball-reference.com/boxscores/202301100PHI.html,Home,147,17:55,0,0.0,DET,Saddiq Bey,Jared Rhoden,12:00,,,,,,,,,,,34:03,Kevin Knox,32:32,Hamidou Diallo,25:26,Killian Hayes,25:10,Jaden Ivey,24:03,Rodney McGruder,23:43,Cory Joseph,21:53,Nerlens Noel,20:39,Alec Burks,20:31,116,4,9,6.0,66.7,3.0,33.3,0.0,0.0,De'Anthony Melton,31,2,2022-2023,2.0,2,5.0,PHI,147,Tobias Harris,Georges Niang,11:10,Paul Reed,10:25,Matisse Thybulle,9:37,Jaden Springer,8:43,,,,,26:42,James Harden,26:02,Joel Embiid,23:56,Shake Milton,23:48,Tyrese Maxey,23:15,P.J. Tucker,21:25,Montrezl Harrell,13:39,Furkan Korkmaz,12:00,Danuel House Jr.,11:23
2,.500,4,66.667,3,,133,0,3,100.0,3,.500,1.0,50.0,2.0,6,0,,0,0.000,Logos via Sports Logos.net / About logos,L,https://www.basketball-reference.com/boxscores/202301120PHI.html,Home,114,23:15,0,0.0,OKC,Luguentz Dort,Darius Bazley,14:10,Lindy Waters III,4:43,,,,,,,,,38:07,Josh Giddey,35:36,Shai Gilgeous-Alexander,34:49,Jalen Williams,27:26,Jaylin Williams,18:17,Tre Mann,18:13,Kenrich Williams,16:59,Isaiah Joe,16:04,Mike Muscala,15:32,133,4,8,2.0,25.0,6.0,75.0,0.0,0.0,De'Anthony Melton,19,0,2022-2023,0.0,0,3.0,PHI,114,James Harden,Montrezl Harrell,6:50,Furkan Korkmaz,1:41,Danuel House Jr.,1:41,,,,,,,36:25,Tyrese Maxey,33:07,Tobias Harris,32:42,Joel Embiid,27:34,P.J. Tucker,21:03,Georges Niang,16:22,Shake Milton,15:06,Paul Reed,13:19,Matisse Thybulle,10:52
2,.667,3,42.857,3,3.00,118,2,4,100.0,2,.286,0.0,0.0,4.0,7,0,,0,0.000,Logos via Sports Logos.net / About logos,W,https://www.basketball-reference.com/boxscores/202301140UTA.html,Away,117,31:40,0,0.0,UTA,Jordan Clarkson,,,,,,,,,,,,,36:13,Malik Beasley,32:07,Walker Kessler,31:48,Mike Conley,29:10,Nickeil Alexander-Walker,28:59,Talen Horton-Tucker,28:21,Jarred Vanderbilt,24:55,Ochai Agbaji,20:41,Simone Fontecchio,7:46,117,2,6,0.0,0.0,6.0,100.0,0.0,0.0,De'Anthony Melton,1,3,2022-2023,5.0,1,4.0,PHI,118,Tyrese Maxey,,,,,,,,,,,,,38:08,James Harden,37:41,Joel Embiid,35:36,Shake Milton,28:49,P.J. Tucker,22:51,Matisse Thybulle,20:27,Montrezl Harrell,12:24,Georges Niang,12:24,,
0,.000,3,100.000,3,,113,1,1,50.0,0,.000,0.0,,0.0,3,0,,0,0.000,Logos via Sports Logos.net / About logos,W,https://www.basketball-reference.com/boxscores/202301150LAL.html,Away,112,21:19,1,50.0,LAL,Troy Brown Jr.,,,,,,,,,,,,,36:44,LeBron James,35:18,Russell Westbrook,33:59,Dennis Schröder,31:00,Wenyen Gabriel,26:18,Juan Toscano-Anderson,21:56,Thomas Bryant,20:29,Kendrick Nunn,19:45,Max Christie,14:31,112,1,0,0.0,,0.0,,0.0,,De'Anthony Melton,1,1,2022-2023,2.0,0,2.0,PHI,113,James Harden,,,,,,,,,,,,,36:29,Joel Embiid,35:56,Tyrese Maxey,32:37,Tobias Harris,31:04,P.J. Tucker,24:06,Georges Niang,22:41,Shake Milton,13:51,Montrezl Harrell,12:04,Matisse Thybulle,9:53
1,.250,4,80.000,1,,120,0,1,100.0,2,.400,1.0,100.0,1.0,5,0,,0,0.000,Logos via Sports Logos.net / About logos,W,https://www.basketball-reference.com/boxscores/202301170LAC.html,Away,110,20:36,0,0.0,LAC,Kawhi Leonard,Robert Covington,7:00,Jason Preston,3:16,Amir Coffey,3:16,,,,,,,35:59,Ivica Zubac,35:02,Terance Mann,32:00,Paul George,28:57,Marcus Morris,26:57,Norman Powell,24:50,Nicolas Batum,19:53,Reggie Jackson,13:51,Moses Brown,8:59,110,1,5,2.0,40.0,3.0,60.0,0.0,0.0,De'Anthony Melton,10,2,2022-2023,2.0,0,1.0,PHI,120,Tobias Harris,Furkan Korkmaz,2:53,Paul Reed,2:53,Jaden Springer,2:05,Danuel House Jr.,1:57,,,,,35:17,Joel Embiid,33:16,James Harden,31:32,Tyrese Maxey,27:47,P.J. Tucker,27:11,Georges Niang,18:32,Shake Milton,16:07,Montrezl Harrell,11:51,Matisse Thybulle,8:03
1,.200,5,100.000,1,0.50,105,1,3,100.0,1,.200,0.0,,0.0,5,2,1.000,2,40.000,Logos via Sports Logos.net / About logos,W,https://www.basketball-reference.com/boxscores/202301190POR.html,Away,95,29:59,0,0.0,POR,Damian Lillard,,,,,,,,,,,,,39:53,Jerami Grant,39:19,Anfernee Simons,35:37,Josh Hart,34:45,Drew Eubanks,24:09,Jusuf Nurkić,23:51,Shaedon Sharpe,20:30,Nassir Little,17:01,Jabari Walker,4:55,95,3,5,0.0,0.0,3.0,60.0,2.0,40.0,De'Anthony Melton,10,2,2022-2023,3.0,2,3.0,PHI,105,James Harden,,,,,,,,,,,,,33:49,Joel Embiid,33:07,Tobias Harris,32:32,Tyrese Maxey,28:34,P.J. Tucker,18:55,Georges Niang,17:13,Matisse Thybulle,16:55,Montrezl Harrell,14:45,Shake Milton,14:11
2,.500,4,50.000,5,1.25,129,1,5,71.4,4,.500,2.0,50.0,4.0,8,4,1.000,4,50.000,Logos via Sports Logos.net / About logos,W,https://www.basketball-reference.com/boxscores/202301210SAC.html,Away,127,31:19,2,28.6,SAC,Keegan Murray,Chimezie Metu,4:41,KZ Okpala,0:11,Alex Len,0:02,,,,,,,41:26,De'Aaron Fox,38:13,Harrison Barnes,37:56,Domantas Sabonis,37:41,Kevin Huerter,30:44,Malik Monk,20:15,Davion Mitchell,11:52,Trey Lyles,11:26,Richaun Holmes,5:33,127,3,14,4.0,28.6,6.0,42.9,4.0,28.6,De'Anthony Melton,2,3,2022-2023,4.0,4,7.0,PHI,129,Tyrese Maxey,,,,,,,,,,,,,41:17,Montrezl Harrell,33:07,Shake Milton,29:34,Georges Niang,27:02,Tobias Harris,25:10,P.J. Tucker,19:13,Paul Reed,14:47,Matisse Thybulle,13:03,Danuel House Jr.,5:28
3,.500,6,60.000,2,,133,3,2,50.0,7,.700,4.0,100.0,4.0,10,2,1.000,2,20.000,Logos via Sports Logos.net / About logos,W,https://www.basketball-reference.com/boxscores/202301250PHI.html,Home,137,33:48,2,50.0,BRK,Nic Claxton,Edmond Sumner,4:03,,,,,,,,,,,38:03,Kyrie Irving,38:02,Royce O'Neale,34:44,Seth Curry,34:40,Ben Simmons,28:42,Yuta Watanabe,25:12,Joe Harris,20:22,T.J. Warren,9:23,Markieff Morris,6:49,133,3,19,8.0,42.1,9.0,47.4,2.0,10.5,De'Anthony Melton,4,1,2022-2023,4.0,0,4.0,PHI,137,James Harden,,,,,,,,,,,,,35:08,Joel Embiid,34:39,Tobias Harris,32:59,Tyrese Maxey,30:10,P.J. Tucker,17:36,Georges Niang,16:37,Shake Milton,15:06,Matisse Thybulle,12:11,Montrezl Harrell,11:45
3,.600,5,62.500,2,2.00,119,0,1,50.0,4,.500,1.0,33.3,3.0,8,2,1.000,2,25.000,Logos via Sports Logos.net / About logos,W,https://www.basketball-reference.com/boxscores/202301280PHI.html,Home,126,22:45,1,50.0,DEN,Jamal Murray,,,,,,,,,,,,,38:48,Nikola Jokić,38:19,Kentavious Caldwell-Pope,33:40,Aaron Gordon,29:23,Michael Porter Jr.,28:31,Bruce Brown,21:53,Bones Hyland,21:08,Jeff Green,18:37,Zeke Nnaji,9:41,119,3,13,2.0,15.4,9.0,69.2,2.0,15.4,De'Anthony Melton,7,2,2022-2023,2.0,1,2.0,PHI,126,Joel Embiid,,,,,,,,,,,,,37:53,James Harden,35:47,Tobias Harris,32:13,Tyrese Maxey,30:31,P.J. Tucker,24:28,Georges Niang,18:37,Shake Milton,15:26,Matisse Thybulle,12:13,Montrezl Harrell,10:07
1,.333,3,50.000,2,0.67,119,0,6,85.7,2,.333,1.0,33.3,3.0,6,3,.750,4,66.667,Logos via Sports Logos.net / About logos,L,https://www.basketball-reference.com/boxscores/202301300PHI.html,Home,109,20:36,1,14.3,ORL,Franz Wagner,Bol Bol,9:40,Mo Bamba,5:37,,,,,,,,,38:29,Paolo Banchero,36:36,Markelle Fultz,32:09,Gary Harris,29:03,Moritz Wagner,21:46,Wendell Carter Jr.,20:36,Jalen Suggs,20:25,Cole Anthony,15:51,Jonathan Isaac,9:47,119,2,8,2.0,25.0,3.0,37.5,3.0,37.5,De'Anthony Melton,10,2,2022-2023,2.0,3,7.0,PHI,109,James Harden,Paul Reed,0:55,,,,,,,,,,,34:57,Joel Embiid,33:07,Tobias Harris,32:57,P.J. Tucker,27:56,Tyrese Maxey,27:44,Georges Niang,19:42,Shake Milton,16:48,Montrezl Harrell,13:57,Matisse Thybulle,11:19
1,.250,4,57.143,0,0.00,94,0,1,33.3,1,.143,0.0,0.0,3.0,7,0,,0,0.000,Logos via Sports Logos.net / About logos,W,https://www.basketball-reference.com/boxscores/202302010PHI.html,Home,105,20:06,2,66.7,ORL,Franz Wagner,,,,,,,,,,,,,36:24,Paolo Banchero,35:35,Markelle Fultz,33:26,Wendell Carter Jr.,32:40,Gary Harris,27:41,Jalen Suggs,26:15,Cole Anthony,18:05,Moritz Wagner,15:20,Bol Bol,14:34,94,2,3,0.0,0.0,3.0,100.0,0.0,0.0,De'Anthony Melton,11,0,2022-2023,0.0,2,3.0,PHI,105,James Harden,Paul Reed,2:55,,,,,,,,,,,37:34,Tobias Harris,37:24,Joel Embiid,34:50,Tyrese Maxey,31:27,Georges Niang,29:05,Shake Milton,14:00,P.J. Tucker,12:54,Montrezl Harrell,10:15,Matisse Thybulle,9:30
3,.750,4,57.143,1,,137,1,1,100.0,4,.571,1.0,33.3,3.0,7,2,1.000,2,28.571,Logos via Sports Logos.net / About logos,W,https://www.basketball-reference.com/boxscores/202302030SAS.html,Away,125,22:22,0,0.0,SAS,Malaki Branham,Isaiah Roby,10:27,Dominick Barlow,7:09,,,,,,,,,34:51,Keldon Johnson,30:47,Stanley Johnson,28:38,Josh Richardson,25:48,Keita Bates-Diop,25:43,Jakob Poeltl,24:20,Doug McDermott,18:00,Blake Wesley,17:46,Zach Collins,16:31,125,3,13,2.0,15.4,9.0,69.2,2.0,15.4,De'Anthony Melton,12,2,2022-2023,3.0,0,1.0,PHI,137,Joel Embiid,Danuel House Jr.,7:09,Paul Reed,4:27,Furkan Korkmaz,1:32,,,,,,,27:41,Tyrese Maxey,27:22,Tobias Harris,26:13,James Harden,24:47,Georges Niang,22:35,Shake Milton,22:15,P.J. Tucker,21:53,Montrezl Harrell,15:52,Matisse Thybulle,15:52
3,.750,4,57.143,3,3.00,97,1,3,100.0,5,.714,2.0,66.7,3.0,7,1,.333,3,42.857,Logos via Sports Logos.net / About logos,L,https://www.basketball-reference.com/boxscores/202302050NYK.html,Away,108,35:50,0,0.0,NYK,Jalen Brunson,,,,,,,,,,,,,39:04,Julius Randle,34:08,Quentin Grimes,30:02,Immanuel Quickley,28:19,Isaiah Hartenstein,25:57,Evan Fournier,23:58,Miles McBride,22:37,Jericho Sims,22:03,Obi Toppin,13:52,108,3,14,4.0,28.6,9.0,64.3,1.0,7.1,De'Anthony Melton,11,1,2022-2023,2.0,1,3.0,PHI,97,James Harden,Montrezl Harrell,3:17,,,,,,,,,,,38:12,Tobias Harris,38:04,Joel Embiid,36:18,P.J. Tucker,26:46,Tyrese Maxey,23:58,Matisse Thybulle,10:05,Shake Milton,9:48,Georges Niang,9:17,Paul Reed,8:25
2,.500,4,50.000,3,,99,0,4,100.0,5,.625,3.0,75.0,4.0,8,0,,0,0.000,Logos via Sports Logos.net / About logos,L,https://www.basketball-reference.com/boxscores/202302080BOS.html,Away,106,32:52,0,0.0,BOS,Grant Williams,,,,,,,,,,,,,39:22,Derrick White,38:21,Jayson Tatum,37:24,Malcolm Brogdon,35:23,Luke Kornet,28:31,Sam Hauser,20:07,Blake Griffin,18:17,Jaylen Brown,17:41,Payton Pritchard,4:54,106,3,12,6.0,50.0,6.0,50.0,0.0,0.0,De'Anthony Melton,7,1,2022-2023,1.0,0,4.0,PHI,99,Joel Embiid,,,,,,,,,,,,,39:22,James Harden,37:22,Tobias Harris,32:07,P.J. Tucker,24:59,Tyrese Maxey,22:27,Georges Niang,20:38,Shake Milton,11:40,Matisse Thybulle,9:55,Montrezl Harrell,8:38
1,.200,5,83.333,1,,108,0,1,100.0,2,.333,1.0,100.0,1.0,6,0,,0,0.000,Logos via Sports Logos.net / About logos,W,https://www.basketball-reference.com/boxscores/202302100PHI.html,Home,119,18:36,0,0.0,NYK,Jalen Brunson,,,,,,,,,,,,,38:57,Quentin Grimes,37:13,Julius Randle,36:33,RJ Barrett,29:46,Immanuel Quickley,29:26,Isaiah Hartenstein,24:40,Jericho Sims,22:55,Obi Toppin,11:27,Miles McBride,9:03,108,2,5,2.0,40.0,3.0,60.0,0.0,0.0,De'Anthony Melton,11,0,2022-2023,0.0,0,1.0,PHI,119,Joel Embiid,,,,,,,,,,,,,37:45,James Harden,37:16,Tobias Harris,34:52,Tyrese Maxey,32:35,P.J. Tucker,30:54,Georges Niang,23:32,Paul Reed,10:15,Shake Milton,10:11,Danuel House Jr.,4:04
0,.000,1,33.333,0,,101,0,0,0.0,0,.000,0.0,0.0,2.0,3,0,,0,0.000,Logos via Sports Logos.net / About logos,W,https://www.basketball-reference.com/boxscores/202302110BRK.html,Away,98,14:21,1,100.0,BRK,Dorian Finney-Smith,Patty Mills,7:14,Yuta Watanabe,5:03,Day'Ron Sharpe,2:47,,,,,,,34:28,Mikal Bridges,34:11,Spencer Dinwiddie,31:10,Nic Claxton,28:52,Cameron Johnson,28:26,Cam Thomas,18:06,Royce O'Neale,17:12,Ben Simmons,16:24,Joe Harris,16:07,98,1,0,0.0,,0.0,,0.0,,De'Anthony Melton,3,0,2022-2023,0.0,0,1.0,PHI,101,Joel Embiid,,,,,,,,,,,,,37:23,James Harden,36:42,Tyrese Maxey,33:40,Tobias Harris,28:37,P.J. Tucker,26:52,Georges Niang,21:51,Jalen McDaniels,15:40,Shake Milton,14:17,Paul Reed,10:37
1,.500,2,66.667,2,1.00,104,1,2,50.0,1,.333,0.0,0.0,1.0,3,0,,0,0.000,Logos via Sports Logos.net / About logos,W,https://www.basketball-reference.com/boxscores/202302130PHI.html,Home,123,21:08,2,50.0,HOU,Jabari Smith Jr.,Frank Kaminsky,6:05,Boban Marjanović,3:31,Darius Days,3:31,Trevor Hudgins,3:31,,,,,36:17,Alperen Sengun,32:58,Jalen Green,31:56,KJ Martin,31:27,Jae'Sean Tate,24:15,Tari Eason,21:14,TyTy Washington Jr.,20:14,Josh Christopher,16:04,Usman Garuba,8:57,104,3,3,0.0,0.0,3.0,100.0,0.0,0.0,De'Anthony Melton,19,2,2022-2023,3.0,2,4.0,PHI,123,Tyrese Maxey,Danuel House Jr.,3:31,Montrezl Harrell,2:39,,,,,,,,,34:45,James Harden,31:38,Joel Embiid,30:41,Jalen McDaniels,27:55,Tobias Harris,27:23,Shake Milton,18:37,Georges Niang,17:50,Paul Reed,17:19,P.J. Tucker,6:34
2,.400,5,62.500,4,4.00,112,0,1,50.0,4,.500,2.0,66.7,3.0,8,7,1.000,7,87.500,Logos via Sports Logos.net / About logos,W,https://www.basketball-reference.com/boxscores/202302150PHI.html,Home,118,34:17,1,50.0,CLE,Darius Garland,Lamar Stevens,4:47,,,,,,,,,,,42:31,Donovan Mitchell,41:51,Jarrett Allen,38:04,Evan Mobley,35:30,Caris LeVert,28:17,Isaac Okoro,18:32,Danny Green,11:48,Raul Neto,9:52,Dean Wade,8:48,112,4,17,4.0,23.5,6.0,35.3,7.0,41.2,De'Anthony Melton,6,0,2022-2023,0.0,1,2.0,PHI,118,Joel Embiid,,,,,,,,,,,,,38:33,James Harden,38:19,Tobias Harris,35:28,Tyrese Maxey,27:46,P.J. Tucker,20:53,Georges Niang,13:00,Jalen McDaniels,12:36,Shake Milton,9:41,Paul Reed,9:27
0,.000,1,50.000,2,2.00,105,0,0,0.0,0,.000,0.0,0.0,1.0,2,0,,0,0.000,Logos via Sports Logos.net / About logos,W,https://www.basketball-reference.com/boxscores/202302230PHI.html,Home,110,13:27,1,100.0,MEM,Jaren Jackson Jr.,David Roddy,14:22,,,,,,,,,,,32:58,Ja Morant,32:26,Desmond Bane,32:24,Xavier Tillman Sr.,32:12,Dillon Brooks,31:52,John Konchar,17:22,Tyus Jones,15:48,Brandon Clarke,15:26,Santi Aldama,15:10,105,5,0,0.0,,0.0,,0.0,,De'Anthony Melton,5,0,2022-2023,0.0,1,1.0,PHI,110,James Harden,,,,,,,,,,,,,39:37,Joel Embiid,38:35,Tyrese Maxey,37:01,Tobias Harris,33:36,P.J. Tucker,32:12,Georges Niang,16:35,Jalen McDaniels,14:39,Shake Milton,8:15,Paul Reed,6:03
2,.500,4,100.000,2,,110,0,2,100.0,2,.500,0.0,,0.0,4,1,.500,2,50.000,Logos via Sports Logos.net / About logos,L,https://www.basketball-reference.com/boxscores/202302250PHI.html,Home,107,24:36,0,0.0,BOS,Jaylen Brown,,,,,,,,,,,,,36:57,Jayson Tatum,36:26,Al Horford,32:25,Robert Williams,31:10,Grant Williams,28:52,Marcus Smart,26:28,Derrick White,25:15,Malcolm Brogdon,20:33,Sam Hauser,1:54,110,4,7,0.0,0.0,6.0,85.7,1.0,14.3,De'Anthony Melton,3,0,2022-2023,0.0,0,2.0,PHI,107,James Harden,,,,,,,,,,,,,41:23,Joel Embiid,39:49,Tobias Harris,37:33,P.J. Tucker,37:32,Tyrese Maxey,25:06,Jalen McDaniels,14:50,Georges Niang,12:41,Paul Reed,4:42,Shake Milton,1:48
1,.200,5,62.500,2,1.00,101,2,3,100.0,2,.250,1.0,33.3,3.0,8,1,1.000,1,12.500,Logos via Sports Logos.net / About logos,L,https://www.basketball-reference.com/boxscores/202302270PHI.html,Home,99,30:38,0,0.0,MIA,Tyler Herro,,,,,,,,,,,,,34:39,Bam Adebayo,32:14,Jimmy Butler,32:08,Caleb Martin,30:38,Gabe Vincent,30:21,Max Strus,23:54,Kevin Love,21:03,Victor Oladipo,19:17,Cody Zeller,15:46,101,0,6,2.0,33.3,3.0,50.0,1.0,16.7,De'Anthony Melton,2,1,2022-2023,3.0,2,3.0,PHI,99,James Harden,,,,,,,,,,,,,39:16,Tobias Harris,34:30,Joel Embiid,33:35,P.J. Tucker,33:16,Tyrese Maxey,27:27,Paul Reed,13:22,Shake Milton,10:19,Jalen McDaniels,10:16,Georges Niang,7:21
2,.400,5,100.000,2,1.00,119,1,3,100.0,2,.400,0.0,,0.0,5,2,1.000,2,40.000,Logos via Sports Logos.net / About logos,W,https://www.basketball-reference.com/boxscores/202303010MIA.html,Away,96,32:06,0,0.0,MIA,Max Strus,Duncan Robinson,5:32,Haywood Highsmith,2:30,,,,,,,,,30:17,Tyler Herro,29:58,Bam Adebayo,29:55,Gabe Vincent,27:59,Jimmy Butler,27:11,Caleb Martin,24:49,Kevin Love,24:21,Victor Oladipo,21:53,Cody Zeller,15:35,96,3,8,0.0,0.0,6.0,75.0,2.0,25.0,De'Anthony Melton,23,2,2022-2023,3.0,2,3.0,PHI,119,Tyrese Maxey,,,,,,,,,,,,,37:30,James Harden,36:37,Tobias Harris,34:36,Paul Reed,28:44,Shake Milton,20:36,P.J. Tucker,19:16,Danuel House Jr.,17:11,Jalen McDaniels,13:24,,
2,.333,6,85.714,6,,126,0,6,85.7,3,.429,1.0,100.0,1.0,7,4,1.000,4,57.143,Logos via Sports Logos.net / About logos,L,https://www.basketball-reference.com/boxscores/202303020DAL.html,Away,133,30:34,1,14.3,DAL,Kyrie Irving,,,,,,,,,,,,,42:18,Luka Dončić,39:47,Reggie Bullock,38:39,Josh Green,32:18,Dwight Powell,21:34,Tim Hardaway Jr.,20:11,Maxi Kleber,19:45,Christian Wood,14:03,Justin Holiday,11:25,133,2,12,2.0,16.7,6.0,50.0,4.0,33.3,De'Anthony Melton,7,5,2022-2023,5.0,0,7.0,PHI,126,James Harden,Montrezl Harrell,2:48,Danuel House Jr.,0:13,,,,,,,,,38:12,Joel Embiid,35:44,Tobias Harris,34:39,Tyrese Maxey,34:30,P.J. Tucker,24:13,Jalen McDaniels,13:21,Georges Niang,11:32,Paul Reed,9:28,Shake Milton,4:46
1,.250,4,80.000,1,1.00,133,0,2,100.0,2,.400,1.0,100.0,1.0,5,0,,0,0.000,Logos via Sports Logos.net / About logos,W,https://www.basketball-reference.com/boxscores/202303040MIL.html,Away,130,24:00,0,0.0,MIL,Jrue Holiday,Jae Crowder,12:55,,,,,,,,,,,35:58,Giannis Antetokounmpo,35:25,Brook Lopez,33:15,Grayson Allen,30:08,Khris Middleton,27:22,Joe Ingles,18:23,Pat Connaughton,17:12,Bobby Portis,15:54,Jevon Carter,13:28,130,1,5,2.0,40.0,3.0,60.0,0.0,0.0,De'Anthony Melton,3,0,2022-2023,0.0,1,2.0,PHI,133,Tyrese Maxey,,,,,,,,,,,,,40:40,James Harden,39:09,Joel Embiid,37:06,Georges Niang,28:09,Jalen McDaniels,19:59,P.J. Tucker,19:27,Tobias Harris,13:17,Paul Reed,9:28,Shake Milton,8:45
1,.250,4,57.143,2,1.00,147,1,5,83.3,3,.429,2.0,66.7,3.0,7,2,1.000,2,28.571,Logos via Sports Logos.net / About logos,W,https://www.basketball-reference.com/boxscores/202303060IND.html,Away,143,27:02,1,16.7,IND,Tyrese Haliburton,Oshae Brissett,13:12,Isaiah Jackson,8:48,,,,,,,,,36:48,Bennedict Mathurin,30:19,Buddy Hield,28:16,Chris Duarte,23:33,T.J. McConnell,21:47,Jalen Smith,21:15,Jordan Nwora,19:41,Andrew Nembhard,19:07,Myles Turner,17:11,143,5,9,4.0,44.4,3.0,33.3,2.0,22.2,De'Anthony Melton,4,1,2022-2023,2.0,2,6.0,PHI,147,James Harden,,,,,,,,,,,,,39:32,Joel Embiid,37:07,Tyrese Maxey,36:59,Jalen McDaniels,29:48,Shake Milton,29:40,Danuel House Jr.,17:39,Georges Niang,11:18,Paul Reed,10:53,,
3,.600,5,50.000,1,0.50,117,0,6,85.7,4,.400,1.0,20.0,5.0,10,0,,0,0.000,Logos via Sports Logos.net / About logos,W,https://www.basketball-reference.com/boxscores/202303070MIN.html,Away,94,31:42,1,14.3,MIN,Anthony Edwards,Luka Garza,5:25,Josh Minott,5:25,Wendell Moore Jr.,4:41,Austin Rivers,3:59,,,,,33:50,Kyle Anderson,28:22,Jaden McDaniels,25:46,Taurean Prince,25:03,Rudy Gobert,24:58,Mike Conley,24:21,Nickeil Alexander-Walker,20:24,Jordan McLaughlin,20:09,Naz Reid,17:37,94,0,11,2.0,18.2,9.0,81.8,0.0,0.0,De'Anthony Melton,23,0,2022-2023,0.0,2,7.0,PHI,117,Tobias Harris,Furkan Korkmaz,4:41,,,,,,,,,,,33:54,Tyrese Maxey,30:50,Joel Embiid,27:59,Shake Milton,21:45,P.J. Tucker,21:34,Paul Reed,20:01,Georges Niang,19:14,Jalen McDaniels,16:37,Danuel House Jr.,11:43
3,.750,4,66.667,5,5.00,119,0,1,100.0,5,.833,2.0,100.0,2.0,6,0,,0,0.000,Logos via Sports Logos.net / About logos,W,https://www.basketball-reference.com/boxscores/202303100PHI.html,Home,120,23:42,0,0.0,POR,Jerami Grant,,,,,,,,,,,,,42:06,Damian Lillard,38:43,Cam Reddish,36:02,Anfernee Simons,29:18,Jusuf Nurkić,25:53,Drew Eubanks,22:07,Matisse Thybulle,19:23,Shaedon Sharpe,17:14,Nassir Little,9:14,119,3,13,4.0,30.8,9.0,69.2,0.0,0.0,De'Anthony Melton,1,1,2022-2023,1.0,1,1.0,PHI,120,James Harden,Danuel House Jr.,7:21,,,,,,,,,,,39:10,Joel Embiid,37:34,Tyrese Maxey,35:45,Tobias Harris,24:39,Georges Niang,22:50,P.J. Tucker,20:37,Paul Reed,10:26,Jalen McDaniels,10:11,Shake Milton,7:45
3,.600,5,100.000,4,,93,2,6,100.0,3,.600,0.0,,0.0,5,1,.500,2,40.000,Logos via Sports Logos.net / About logos,W,https://www.basketball-reference.com/boxscores/202303120PHI.html,Home,112,20:31,0,0.0,WAS,Corey Kispert,Johnny Davis,7:27,Taj Gibson,5:41,Jamaree Bouyea,5:32,Kendrick Nunn,4:18,,,,,33:11,Kyle Kuzma,29:41,Bradley Beal,29:17,Monte Morris,25:27,Kristaps Porziņģis,25:07,Deni Avdija,23:38,Daniel Gafford,21:28,Delon Wright,19:47,Anthony Gill,9:26,93,2,10,0.0,0.0,9.0,90.0,1.0,10.0,De'Anthony Melton,19,0,2022-2023,2.0,0,6.0,PHI,112,James Harden,Jalen McDaniels,7:40,Dewayne Dedmon,4:48,Furkan Korkmaz,4:48,Jaden Springer,3:00,,,,,32:48,Joel Embiid,31:11,Tyrese Maxey,28:29,Tobias Harris,24:41,P.J. Tucker,21:26,Georges Niang,19:12,Shake Milton,19:04,Paul Reed,12:01,Danuel House Jr.,10:21
0,.000,2,100.000,0,,118,1,3,100.0,0,.000,0.0,,0.0,2,0,,0,0.000,Logos via Sports Logos.net / About logos,W,https://www.basketball-reference.com/boxscores/202303150CLE.html,Away,109,15:03,0,0.0,CLE,Donovan Mitchell,,,,,,,,,,,,,39:45,Evan Mobley,39:13,Darius Garland,36:08,Caris LeVert,36:06,Cedi Osman,30:10,Isaac Okoro,24:14,Raul Neto,13:24,Lamar Stevens,11:54,Mamadi Diakite,9:06,109,2,0,0.0,,0.0,,0.0,,De'Anthony Melton,9,0,2022-2023,1.0,0,3.0,PHI,118,James Harden,,,,,,,,,,,,,40:23,Joel Embiid,38:06,P.J. Tucker,34:59,Tyrese Maxey,34:57,Tobias Harris,30:55,Shake Milton,20:40,Georges Niang,15:59,Danuel House Jr.,4:56,Paul Reed,4:02
2,.500,4,66.667,1,1.00,121,0,5,100.0,3,.500,1.0,50.0,2.0,6,0,,0,0.000,Logos via Sports Logos.net / About logos,W,https://www.basketball-reference.com/boxscores/202303170CHO.html,Away,82,19:09,0,0.0,CHO,Dennis Smith Jr.,Svi Mykhailiuk,8:46,,,,,,,,,,,31:57,Terry Rozier,30:46,Kelly Oubre Jr.,30:41,P.J. Washington,30:34,Kai Jones,27:21,JT Thor,24:52,Gordon Hayward,21:48,Bryce McGowens,20:02,Nick Richards,13:13,82,2,8,2.0,25.0,6.0,75.0,0.0,0.0,De'Anthony Melton,39,1,2022-2023,1.0,1,5.0,PHI,121,James Harden,Jaden Springer,7:03,Furkan Korkmaz,7:03,Dewayne Dedmon,6:23,,,,,,,31:23,Joel Embiid,29:10,Tyrese Maxey,28:55,Shake Milton,25:57,Tobias Harris,22:33,P.J. Tucker,22:03,Georges Niang,18:24,Paul Reed,12:27,Danuel House Jr.,9:30
2,.333,6,60.000,5,2.50,141,1,4,80.0,6,.600,4.0,100.0,4.0,10,0,,0,0.000,Logos via Sports Logos.net / About logos,W,https://www.basketball-reference.com/boxscores/202303180IND.html,Away,121,34:13,1,20.0,IND,Andrew Nembhard,,,,,,,,,,,,,36:57,Aaron Nesmith,32:15,Myles Turner,29:38,Buddy Hield,29:34,Jordan Nwora,29:13,T.J. McConnell,26:36,Oshae Brissett,19:16,Jalen Smith,18:22,George Hill,18:09,121,3,14,8.0,57.1,6.0,42.9,0.0,0.0,De'Anthony Melton,20,6,2022-2023,7.0,2,5.0,PHI,141,Tyrese Maxey,Dewayne Dedmon,2:49,Furkan Korkmaz,1:36,,,,,,,,,35:19,Tobias Harris,32:23,Joel Embiid,29:33,Shake Milton,28:00,Georges Niang,22:38,Danuel House Jr.,18:45,Jalen McDaniels,15:45,Paul Reed,15:38,Jaden Springer,3:21
5,.417,12,80.000,1,,109,1,4,66.7,7,.467,2.0,66.7,3.0,15,0,,0,0.000,Logos via Sports Logos.net / About logos,L,https://www.basketball-reference.com/boxscores/202303200PHI.html,Home,105,39:24,2,33.3,CHI,Zach LaVine,Andre Drummond,6:33,,,,,,,,,,,47:25,DeMar DeRozan,46:22,Nikola Vučević,46:16,Patrick Beverley,39:48,Patrick Williams,31:38,Coby White,27:05,Ayo Dosunmu,19:31,Derrick Jones Jr.,16:30,Javonte Green,8:52,109,3,19,4.0,21.1,15.0,78.9,0.0,0.0,De'Anthony Melton,4,4,2022-2023,5.0,0,6.0,PHI,105,Tobias Harris,,,,,,,,,,,,,46:38,James Harden,46:37,Tyrese Maxey,46:10,Joel Embiid,44:02,Danuel House Jr.,23:21,Paul Reed,13:32,Georges Niang,11:38,Shake Milton,10:04,Jalen McDaniels,8:34
4,.444,9,56.250,4,2.00,116,1,2,50.0,8,.500,4.0,57.1,7.0,16,5,.833,6,37.500,Logos via Sports Logos.net / About logos,W,https://www.basketball-reference.com/boxscores/202303220CHI.html,Away,91,33:13,2,50.0,CHI,Zach LaVine,Dalen Terry,13:30,Javonte Green,6:03,,,,,,,,,34:30,Coby White,32:42,Ayo Dosunmu,32:24,Nikola Vučević,24:59,Patrick Williams,20:40,DeMar DeRozan,20:32,Patrick Beverley,19:09,Derrick Jones Jr.,18:33,Andre Drummond,16:58,91,3,25,8.0,32.0,12.0,48.0,5.0,20.0,De'Anthony Melton,25,3,2022-2023,4.0,2,4.0,PHI,116,Tyrese Maxey,Furkan Korkmaz,3:15,Jaden Springer,3:15,Montrezl Harrell,3:15,,,,,,,37:31,Tobias Harris,33:30,P.J. Tucker,24:06,Danuel House Jr.,20:07,Georges Niang,19:15,Paul Reed,18:48,Shake Milton,17:48,Joel Embiid,16:18,Dewayne Dedmon,9:39
0,.000,4,44.444,2,2.00,112,0,5,83.3,3,.333,3.0,60.0,5.0,9,2,1.000,2,22.222,Logos via Sports Logos.net / About logos,L,https://www.basketball-reference.com/boxscores/202303240GSW.html,Away,120,36:20,1,16.7,GSW,Stephen Curry,Moses Moody,8:12,,,,,,,,,,,38:26,Klay Thompson,36:12,Draymond Green,34:37,Jordan Poole,32:16,Kevon Looney,30:16,Donte DiVincenzo,18:59,Jonathan Kuminga,15:54,JaMychal Green,13:31,Anthony Lamb,11:34,120,4,8,6.0,75.0,0.0,0.0,2.0,25.0,De'Anthony Melton,8,3,2022-2023,3.0,1,6.0,PHI,112,Tyrese Maxey,,,,,,,,,,,,,38:59,Tobias Harris,37:49,Joel Embiid,37:48,Georges Niang,29:04,P.J. Tucker,25:15,Shake Milton,23:22,Paul Reed,5:36,Furkan Korkmaz,5:27,Jaden Springer,0:15
1,.333,3,50.000,3,3.00,105,0,2,100.0,2,.333,1.0,33.3,3.0,6,0,,0,0.000,Logos via Sports Logos.net / About logos,L,https://www.basketball-reference.com/boxscores/202303250PHO.html,Away,125,23:59,0,0.0,PHO,Devin Booker,Landry Shamet,13:22,Ish Wainright,9:24,Darius Bazley,1:35,,,,,,,31:39,Bismack Biyombo,29:00,T.J. Warren,26:48,Chris Paul,25:43,Josh Okogie,24:48,Terrence Ross,22:57,Cameron Payne,22:13,Torrey Craig,18:39,Jock Landale,13:52,125,3,5,2.0,40.0,3.0,60.0,0.0,0.0,De'Anthony Melton,20,1,2022-2023,1.0,1,2.0,PHI,105,Tyrese Maxey,Furkan Korkmaz,4:06,Jaden Springer,4:06,,,,,,,,,35:47,Tobias Harris,34:25,Joel Embiid,32:16,P.J. Tucker,28:14,Shake Milton,24:11,Georges Niang,23:30,Jalen McDaniels,13:46,Dewayne Dedmon,9:22,Paul Reed,6:18
0,.000,5,41.667,2,0.50,111,0,1,50.0,3,.250,3.0,42.9,7.0,12,1,1.000,1,8.333,Logos via Sports Logos.net / About logos,L,https://www.basketball-reference.com/boxscores/202303270DEN.html,Away,116,25:49,1,50.0,DEN,Jamal Murray,,,,,,,,,,,,,35:46,Nikola Jokić,34:58,Kentavious Caldwell-Pope,31:42,Michael Porter Jr.,30:57,Bruce Brown,29:01,Aaron Gordon,24:18,Jeff Green,23:42,Christian Braun,16:34,Zeke Nnaji,13:02,116,4,7,6.0,85.7,0.0,0.0,1.0,14.3,De'Anthony Melton,5,1,2022-2023,1.0,4,2.0,PHI,111,Tyrese Maxey,Furkan Korkmaz,7:08,Montrezl Harrell,5:47,Jaden Springer,5:47,,,,,,,33:38,Tobias Harris,28:24,Georges Niang,23:15,P.J. Tucker,22:35,Shake Milton,21:44,Jalen McDaniels,21:37,Danuel House Jr.,17:08,Paul Reed,16:50,Dewayne Dedmon,10:18
5,.833,6,66.667,1,0.50,108,0,2,33.3,5,.556,0.0,0.0,3.0,9,2,.500,4,44.444,Logos via Sports Logos.net / About logos,W,https://www.basketball-reference.com/boxscores/202303290PHI.html,Home,116,32:37,4,66.7,DAL,Kyrie Irving,JaVale McGee,6:10,,,,,,,,,,,40:06,Luka Dončić,37:10,Tim Hardaway Jr.,36:25,Reggie Bullock,33:14,Maxi Kleber,25:56,Josh Green,19:44,Jaden Hardy,18:23,Christian Wood,12:15,Dwight Powell,10:37,108,2,17,0.0,0.0,15.0,88.2,2.0,11.8,De'Anthony Melton,8,0,2022-2023,0.0,2,6.0,PHI,116,James Harden,,,,,,,,,,,,,38:21,Tyrese Maxey,34:26,Joel Embiid,33:08,Tobias Harris,32:31,Georges Niang,19:22,P.J. Tucker,19:10,Jalen McDaniels,15:29,Paul Reed,14:52,Danuel House Jr.,0:04
0,.000,3,33.333,3,3.00,110,1,3,75.0,5,.556,5.0,83.3,6.0,9,3,.750,4,44.444,Logos via Sports Logos.net / About logos,W,https://www.basketball-reference.com/boxscores/202303310PHI.html,Home,117,32:36,1,25.0,TOR,Fred VanVleet,,,,,,,,,,,,,41:45,Pascal Siakam,41:37,OG Anunoby,41:26,Scottie Barnes,39:51,Jakob Poeltl,33:25,Chris Boucher,18:27,Jeff Dowtin,8:54,Christian Koloko,7:27,Precious Achiuwa,7:08,110,2,13,10.0,76.9,0.0,0.0,3.0,23.1,De'Anthony Melton,7,3,2022-2023,4.0,1,4.0,PHI,117,James Harden,,,,,,,,,,,,,37:06,Tyrese Maxey,36:31,Joel Embiid,33:34,P.J. Tucker,25:43,Jalen McDaniels,20:57,Shake Milton,15:01,Paul Reed,14:26,Danuel House Jr.,12:12,Georges Niang,11:54
1,.250,4,80.000,0,0.00,104,0,0,0.0,1,.200,0.0,0.0,1.0,5,0,,0,0.000,Logos via Sports Logos.net / About logos,L,https://www.basketball-reference.com/boxscores/202304020MIL.html,Away,117,21:40,1,100.0,MIL,Jrue Holiday,MarJon Beauchamp,1:26,Pat Connaughton,1:26,Goran Dragić,1:26,Wesley Matthews,1:26,,,,,34:42,Khris Middleton,31:52,Giannis Antetokounmpo,31:48,Brook Lopez,31:12,Bobby Portis,27:30,Jevon Carter,20:51,Grayson Allen,19:43,Joe Ingles,19:32,Jae Crowder,17:04,117,2,3,0.0,0.0,3.0,100.0,0.0,0.0,De'Anthony Melton,13,0,2022-2023,0.0,2,1.0,PHI,104,Tyrese Maxey,Furkan Korkmaz,4:03,Shake Milton,4:03,Montrezl Harrell,3:06,,,,,,,34:53,James Harden,34:18,Joel Embiid,31:36,Tobias Harris,28:18,P.J. Tucker,24:09,Georges Niang,17:17,Jalen McDaniels,14:02,Paul Reed,13:20,Danuel House Jr.,9:14
0,.000,3,75.000,1,,101,0,0,,0,.000,0.0,0.0,1.0,4,0,,0,0.000,Logos via Sports Logos.net / About logos,W,https://www.basketball-reference.com/boxscores/202304040PHI.html,Home,103,19:09,0,,BOS,Derrick White,Sam Hauser,3:14,,,,,,,,,,,40:23,Jayson Tatum,37:48,Al Horford,34:38,Marcus Smart,30:12,Grant Williams,28:43,Malcolm Brogdon,27:43,Luke Kornet,15:35,Mike Muscala,13:21,Blake Griffin,8:20,101,2,0,0.0,,0.0,,0.0,,De'Anthony Melton,2,1,2022-2023,1.0,0,0.0,PHI,103,James Harden,,,,,,,,,,,,,40:01,Tyrese Maxey,39:38,Joel Embiid,38:36,Tobias Harris,34:26,P.J. Tucker,27:27,Georges Niang,15:31,Jalen McDaniels,15:06,Paul Reed,9:15,Danuel House Jr.,0:48
1,.200,5,100.000,2,,129,1,4,100.0,1,.200,0.0,,0.0,5,0,,0,0.000,Logos via Sports Logos.net / About logos,L,https://www.basketball-reference.com/boxscores/202304060PHI.html,Home,101,21:15,0,0.0,MIA,Caleb Martin,Duncan Robinson,5:14,Omer Yurtseven,4:45,Jamal Cain,4:45,,,,,,,35:24,Tyler Herro,31:33,Jimmy Butler,29:10,Max Strus,24:18,Bam Adebayo,23:57,Kyle Lowry,22:08,Gabe Vincent,21:07,Kevin Love,19:18,Haywood Highsmith,18:21,129,1,3,0.0,0.0,3.0,100.0,0.0,0.0,De'Anthony Melton,28,0,2022-2023,1.0,0,4.0,PHI,101,Joel Embiid,Furkan Korkmaz,10:00,Montrezl Harrell,7:15,,,,,,,,,30:26,James Harden,27:35,Shake Milton,26:47,Jalen McDaniels,25:27,Tobias Harris,23:30,P.J. Tucker,21:53,Danuel House Jr.,20:16,Georges Niang,15:17,Paul Reed,10:19
2,.286,7,77.778,5,,101,0,2,66.7,2,.222,0.0,0.0,2.0,9,0,,0,0.000,Logos via Sports Logos.net / About logos,W,https://www.basketball-reference.com/boxscores/202304150PHI.html,Home,121,22:16,1,33.3,BRK,Spencer Dinwiddie,Yuta Watanabe,4:43,David Duke Jr.,4:43,Edmond Sumner,4:27,Cam Thomas,4:27,,,,,36:23,Mikal Bridges,34:26,Nic Claxton,30:11,Royce O'Neale,27:56,Cameron Johnson,27:22,Dorian Finney-Smith,17:38,Day'Ron Sharpe,17:24,Seth Curry,16:19,Joe Harris,14:01,101,1,6,0.0,0.0,6.0,100.0,0.0,0.0,De'Anthony Melton,20,1,2022-2023,1.0,0,3.0,PHI,121,James Harden,Danuel House Jr.,2:32,Furkan Korkmaz,2:24,Jaden Springer,2:24,Montrezl Harrell,2:05,,,,,36:05,Joel Embiid,33:02,Tyrese Maxey,32:38,Tobias Harris,28:42,P.J. Tucker,25:00,Georges Niang,19:50,Jalen McDaniels,16:54,Paul Reed,12:53,Shake Milton,3:15
2,.400,5,71.429,0,0.00,84,2,1,50.0,3,.429,1.0,50.0,2.0,7,1,.500,2,28.571,Logos via Sports Logos.net / About logos,W,https://www.basketball-reference.com/boxscores/202304170PHI.html,Home,96,21:17,1,50.0,BRK,Spencer Dinwiddie,,,,,,,,,,,,,41:15,Mikal Bridges,41:07,Cameron Johnson,40:46,Royce O'Neale,35:30,Dorian Finney-Smith,27:25,Nic Claxton,20:55,Seth Curry,20:14,Joe Harris,12:48,,,84,3,9,2.0,22.2,6.0,66.7,1.0,11.1,De'Anthony Melton,12,1,2022-2023,3.0,1,2.0,PHI,96,Tyrese Maxey,,,,,,,,,,,,,40:14,James Harden,38:29,Joel Embiid,37:01,Tobias Harris,32:47,P.J. Tucker,22:10,Jalen McDaniels,22:02,Georges Niang,12:52,Paul Reed,10:59,Danuel House Jr.,2:09
2,.500,4,50.000,1,0.50,102,0,0,0.0,5,.625,3.0,75.0,4.0,8,1,.500,2,25.000,Logos via Sports Logos.net / About logos,W,https://www.basketball-reference.com/boxscores/202304200BRK.html,Away,97,30:08,2,100.0,BRK,Cameron Johnson,,,,,,,,,,,,,43:44,Mikal Bridges,43:09,Spencer Dinwiddie,42:13,Dorian Finney-Smith,36:21,Royce O'Neale,29:58,Nic Claxton,27:37,Cam Thomas,11:12,Joe Harris,3:31,Day'Ron Sharpe,2:15,97,1,13,6.0,46.2,6.0,46.2,1.0,7.7,De'Anthony Melton,5,3,2022-2023,3.0,2,2.0,PHI,102,Joel Embiid,,,,,,,,,,,,,37:38,Tyrese Maxey,36:17,Tobias Harris,35:55,James Harden,29:22,P.J. Tucker,29:17,Georges Niang,19:20,Jalen McDaniels,11:41,Paul Reed,10:22,,
3,.429,7,63.636,2,,96,0,0,0.0,5,.455,2.0,50.0,4.0,11,2,1.000,2,18.182,Logos via Sports Logos.net / About logos,W,https://www.basketball-reference.com/boxscores/202304220BRK.html,Away,88,27:49,2,100.0,BRK,Cameron Johnson,,,,,,,,,,,,,39:56,Spencer Dinwiddie,39:33,Mikal Bridges,38:40,Nic Claxton,37:54,Royce O'Neale,24:37,Seth Curry,21:32,Dorian Finney-Smith,19:08,Joe Harris,13:22,Patty Mills,5:18,88,1,15,4.0,26.7,9.0,60.0,2.0,13.3,De'Anthony Melton,8,0,2022-2023,0.0,0,2.0,PHI,96,James Harden,,,,,,,,,,,,,40:22,Tyrese Maxey,39:11,Tobias Harris,37:23,Paul Reed,31:55,P.J. Tucker,29:28,Jalen McDaniels,14:59,Georges Niang,9:56,Montrezl Harrell,4:52,Shake Milton,4:05
5,.833,6,60.000,2,2.00,119,2,0,0.0,6,.600,1.0,25.0,4.0,10,0,,0,0.000,Logos via Sports Logos.net / About logos,W,https://www.basketball-reference.com/boxscores/202305010BOS.html,Away,115,24:36,1,100.0,BOS,Jayson Tatum,,,,,,,,,,,,,43:45,Jaylen Brown,41:38,Marcus Smart,35:15,Malcolm Brogdon,33:51,Al Horford,30:03,Derrick White,27:08,Robert Williams,19:46,Sam Hauser,4:33,Grant Williams,4:01,115,2,17,2.0,11.8,15.0,88.2,0.0,0.0,De'Anthony Melton,4,0,2022-2023,2.0,1,1.0,PHI,119,Tobias Harris,,,,,,,,,,,,,41:35,James Harden,39:21,Paul Reed,37:22,P.J. Tucker,36:37,Tyrese Maxey,35:49,Georges Niang,13:27,Jalen McDaniels,11:13,,,,
0,.000,2,40.000,2,2.00,87,0,2,100.0,1,.200,1.0,33.3,3.0,5,0,,0,0.000,Logos via Sports Logos.net / About logos,L,https://www.basketball-reference.com/boxscores/202305030BOS.html,Away,121,17:30,0,0.0,BOS,Jaylen Brown,Sam Hauser,8:24,Luke Kornet,5:00,Mike Muscala,5:00,Justin Champagnie,5:00,,,,,30:04,Derrick White,29:53,Grant Williams,28:57,Marcus Smart,27:00,Malcolm Brogdon,24:10,Al Horford,23:37,Robert Williams,21:35,Jayson Tatum,19:20,Payton Pritchard,12:00,121,1,2,2.0,100.0,0.0,0.0,0.0,0.0,De'Anthony Melton,34,1,2022-2023,1.0,1,2.0,PHI,87,Tobias Harris,Shake Milton,8:36,Danuel House Jr.,8:24,Furkan Korkmaz,5:00,Dewayne Dedmon,5:00,,,,,32:31,James Harden,32:20,Tyrese Maxey,30:12,Joel Embiid,26:37,P.J. Tucker,21:21,Paul Reed,16:23,Georges Niang,13:25,Jalen McDaniels,12:39,Jaden Springer,10:02
4,.571,7,70.000,1,1.00,114,1,8,100.0,4,.400,0.0,0.0,3.0,10,2,1.000,2,20.000,Logos via Sports Logos.net / About logos,L,https://www.basketball-reference.com/boxscores/202305050PHI.html,Home,102,30:10,0,0.0,BOS,Jayson Tatum,,,,,,,,,,,,,42:37,Marcus Smart,34:30,Jaylen Brown,34:01,Derrick White,32:28,Al Horford,31:06,Malcolm Brogdon,26:10,Grant Williams,23:04,Robert Williams,16:04,,,114,2,14,0.0,0.0,12.0,85.7,2.0,14.3,De'Anthony Melton,12,4,2022-2023,5.0,1,8.0,PHI,102,James Harden,,,,,,,,,,,,,40:49,Tyrese Maxey,40:07,Joel Embiid,39:22,Tobias Harris,25:20,P.J. Tucker,24:35,Georges Niang,19:14,Jalen McDaniels,11:26,Paul Reed,8:38,Danuel House Jr.,0:19
0,.000,1,50.000,2,2.00,115,0,2,100.0,0,.000,0.0,0.0,1.0,2,0,,0,0.000,Logos via Sports Logos.net / About logos,W,https://www.basketball-reference.com/boxscores/202305070PHI.html,Home,116,24:57,0,0.0,BOS,Jayson Tatum,,,,,,,,,,,,,47:14,Jaylen Brown,44:24,Marcus Smart,42:25,Al Horford,37:52,Malcolm Brogdon,35:38,Derrick White,30:43,Robert Williams,14:20,Grant Williams,12:24,,,115,4,0,0.0,,0.0,,0.0,,De'Anthony Melton,1,1,2022-2023,1.0,1,2.0,PHI,116,James Harden,,,,,,,,,,,,,47:24,Joel Embiid,46:12,Tobias Harris,45:12,Tyrese Maxey,44:40,P.J. Tucker,31:24,Georges Niang,18:55,Paul Reed,6:16,,,,
0,.000,1,25.000,1,,115,1,2,50.0,2,.500,2.0,66.7,3.0,4,0,,0,0.000,Logos via Sports Logos.net / About logos,W,https://www.basketball-reference.com/boxscores/202305090BOS.html,Away,103,23:15,2,50.0,BOS,Jayson Tatum,Sam Hauser,3:55,Luke Kornet,3:55,Mike Muscala,3:55,,,,,,,39:34,Jaylen Brown,34:10,Marcus Smart,33:40,Derrick White,33:38,Malcolm Brogdon,25:32,Al Horford,25:21,Robert Williams,18:38,Payton Pritchard,9:15,Grant Williams,8:27,103,3,4,4.0,100.0,0.0,0.0,0.0,0.0,De'Anthony Melton,12,1,2022-2023,2.0,0,4.0,PHI,115,Tyrese Maxey,,,,,,,,,,,,,41:49,James Harden,39:02,Joel Embiid,37:26,P.J. Tucker,33:42,Tobias Harris,30:45,Danuel House Jr.,15:10,Georges Niang,11:39,Paul Reed,6:39,Shake Milton,0:33
0,.000,4,80.000,1,,95,1,3,60.0,0,.000,0.0,0.0,1.0,5,0,,0,0.000,Logos via Sports Logos.net / About logos,L,https://www.basketball-reference.com/boxscores/202305110PHI.html,Home,86,23:32,2,40.0,BOS,Jayson Tatum,,,,,,,,,,,,,42:58,Marcus Smart,41:42,Al Horford,39:06,Jaylen Brown,38:56,Malcolm Brogdon,30:18,Robert Williams,27:48,Derrick White,19:12,,,,,95,0,0,0.0,,0.0,,0.0,,De'Anthony Melton,9,1,2022-2023,2.0,0,5.0,PHI,86,James Harden,Jalen McDaniels,0:36,Shake Milton,0:36,,,,,,,,,43:09,Tobias Harris,41:54,Joel Embiid,40:50,Tyrese Maxey,40:05,P.J. Tucker,20:24,Georges Niang,14:54,Danuel House Jr.,7:37,Paul Reed,5:41,Jaden Springer,0:36
1,.200,5,50.000,1,1.00,88,2,2,40.0,3,.300,2.0,40.0,5.0,10,0,,0,0.000,Logos via Sports Logos.net / About logos,L,https://www.basketball-reference.com/boxscores/202305140BOS.html,Away,112,28:38,3,60.0,BOS,Jayson Tatum,Justin Champagnie,2:04,Sam Hauser,2:04,Payton Pritchard,2:04,,,,,,,41:40,Jaylen Brown,40:31,Marcus Smart,39:12,Al Horford,33:54,Robert Williams,30:10,Malcolm Brogdon,28:40,Derrick White,12:26,Luke Kornet,3:52,Grant Williams,3:23,112,2,7,4.0,57.1,3.0,42.9,0.0,0.0,De'Anthony Melton,24,0,2022-2023,2.0,1,5.0,PHI,88,Tyrese Maxey,Shake Milton,3:52,Georges Niang,3:45,,,,,,,,,42:08,James Harden,40:49,Tobias Harris,39:36,Joel Embiid,38:18,P.J. Tucker,19:41,Paul Reed,9:42,Danuel House Jr.,5:47,Jaden Springer,3:52,Furkan Korkmaz,3:52
2,.333,6,60.000,4,4.00,117,0,1,50.0,3,.300,1.0,25.0,4.0,10,2,1.000,2,20.000,Logos via Sports Logos.net / About logos,L,https://www.basketball-reference.com/boxscores/202310260MIL.html,Away,118,24:53,1,50.0,MIL,Damian Lillard,Cameron Payne,8:56,,,,,,,,,,,37:13,Giannis Antetokounmpo,35:07,Malik Beasley,31:03,Brook Lopez,28:56,Jae Crowder,26:46,Pat Connaughton,20:21,Bobby Portis,19:04,MarJon Beauchamp,16:22,Khris Middleton,16:12,118,2,10,2.0,20.0,6.0,60.0,2.0,20.0,De'Anthony Melton,1,2,2023-2024,2.0,1,2.0,PHI,117,Tyrese Maxey,,,,,,,,,,,,,40:13,Tobias Harris,37:03,Joel Embiid,36:26,Kelly Oubre Jr.,32:28,P.J. Tucker,25:35,Danny Green,13:41,Patrick Beverley,13:33,Paul Reed,11:34,Jaden Springer,4:34
0,.000,4,57.143,4,2.00,114,1,5,100.0,1,.143,1.0,33.3,3.0,7,0,,0,0.000,Logos via Sports Logos.net / About logos,W,https://www.basketball-reference.com/boxscores/202310280TOR.html,Away,107,31:47,0,0.0,TOR,Scottie Barnes,Jalen McDaniels,2:46,,,,,,,,,,,36:39,Pascal Siakam,36:18,Dennis Schröder,35:17,Gary Trent Jr.,33:05,Gradey Dick,28:27,Jakob Poeltl,24:48,Precious Achiuwa,18:15,Malachi Flynn,12:43,Chris Boucher,11:42,107,2,2,2.0,100.0,0.0,0.0,0.0,0.0,De'Anthony Melton,7,1,2023-2024,2.0,2,5.0,PHI,114,Tyrese Maxey,,,,,,,,,,,,,40:34,Tobias Harris,35:48,Joel Embiid,35:21,Kelly Oubre Jr.,29:22,P.J. Tucker,21:12,Patrick Beverley,16:58,Paul Reed,12:39,Danuel House Jr.,11:33,Danny Green,4:46
1,.500,2,22.222,8,8.00,98,0,2,100.0,4,.444,3.0,42.9,7.0,9,3,1.000,3,33.333,Logos via Sports Logos.net / About logos,W,https://www.basketball-reference.com/boxscores/202310290PHI.html,Home,126,30:33,0,0.0,POR,Shaedon Sharpe,Kris Murray,5:47,Skylar Mays,4:39,Rayan Rupert,4:39,,,,,,,35:38,Jerami Grant,27:54,Toumani Camara,27:40,Scoot Henderson,26:30,Malcolm Brogdon,25:51,Robert Williams,25:42,Jabari Walker,24:24,Deandre Ayton,20:37,Matisse Thybulle,10:39,98,2,12,6.0,50.0,3.0,25.0,3.0,25.0,De'Anthony Melton,28,2,2023-2024,2.0,1,2.0,PHI,126,Tobias Harris,Furkan Korkmaz,2:41,Filip Petrušev,2:41,Mo Bamba,1:32,,,,,,,37:44,Tyrese Maxey,34:43,Joel Embiid,29:25,Kelly Oubre Jr.,25:45,Patrick Beverley,20:26,P.J. Tucker,19:34,Paul Reed,17:03,Danuel House Jr.,10:16,Jaden Springer,7:36
1,.333,3,50.000,5,5.00,99,0,5,100.0,1,.167,0.0,0.0,3.0,6,1,.500,2,33.333,Logos via Sports Logos.net / About logos,W,https://www.basketball-reference.com/boxscores/202311020PHI.html,Home,114,21:20,0,0.0,TOR,Scottie Barnes,Jalen McDaniels,9:00,Garrett Temple,2:23,Thaddeus Young,2:23,,,,,,,35:02,Pascal Siakam,33:09,OG Anunoby,32:45,Dennis Schröder,31:25,Jakob Poeltl,27:47,Gary Trent Jr.,23:08,Malachi Flynn,16:34,Gradey Dick,13:35,Chris Boucher,12:47,99,4,4,0.0,0.0,3.0,75.0,1.0,25.0,De'Anthony Melton,15,1,2023-2024,1.0,1,5.0,PHI,114,Tobias Harris,Robert Covington,1:15,KJ Martin,1:15,,,,,,,,,40:01,Tyrese Maxey,40:01,Joel Embiid,34:45,Kelly Oubre Jr.,29:53,Patrick Beverley,28:05,Furkan Korkmaz,21:33,Paul Reed,12:00,Jaden Springer,8:37,Mo Bamba,1:15
2,.286,7,70.000,4,2.00,100,1,0,0.0,3,.300,1.0,33.3,3.0,10,0,.000,2,20.000,Logos via Sports Logos.net / About logos,W,https://www.basketball-reference.com/boxscores/202311040PHI.html,Home,112,25:15,2,100.0,PHO,Kevin Durant,Chimezie Metu,4:57,Nassir Little,3:43,Saben Lee,3:43,,,,,,,36:09,Eric Gordon,33:46,Grayson Allen,27:04,Josh Okogie,26:00,Keita Bates-Diop,23:46,Jusuf Nurkić,22:47,Yuta Watanabe,22:10,Drew Eubanks,20:16,Jordan Goodwin,15:38,100,3,8,2.0,25.0,6.0,75.0,0.0,0.0,De'Anthony Melton,12,1,2023-2024,2.0,2,2.0,PHI,112,Tyrese Maxey,Mo Bamba,2:25,KJ Martin,2:25,,,,,,,,,36:12,Kelly Oubre Jr.,35:12,Tobias Harris,34:28,Joel Embiid,30:57,Robert Covington,18:08,Furkan Korkmaz,17:42,Paul Reed,14:38,Patrick Beverley,11:59,Jaden Springer,10:38
4,.800,5,50.000,4,4.00,128,0,3,100.0,5,.500,1.0,20.0,5.0,10,0,,0,0.000,Logos via Sports Logos.net / About logos,W,https://www.basketball-reference.com/boxscores/202311060PHI.html,Home,146,26:15,0,0.0,WAS,Tyus Jones,Ryan Rollins,10:29,Anthony Gill,8:01,Delon Wright,4:55,Danilo Gallinari,3:43,Mike Muscala,3:24,,,32:36,Jordan Poole,31:16,Kyle Kuzma,29:58,Daniel Gafford,29:58,Deni Avdija,27:34,Bilal Coulibaly,19:19,Corey Kispert,14:02,Johnny Davis,13:50,Eugene Omoruyi,10:55,128,1,14,2.0,14.3,12.0,85.7,0.0,0.0,De'Anthony Melton,18,1,2023-2024,1.0,1,3.0,PHI,146,Tyrese Maxey,Danuel House Jr.,6:43,Marcus Morris,6:27,Robert Covington,4:03,Mo Bamba,3:58,KJ Martin,3:58,,,31:43,Tobias Harris,30:38,Joel Embiid,30:31,Kelly Oubre Jr.,26:35,Nicolas Batum,17:27,Furkan Korkmaz,14:19,Paul Reed,13:31,Jaden Springer,12:16,Patrick Beverley,11:36
1,.143,7,77.778,2,2.00,103,0,4,100.0,1,.111,0.0,0.0,2.0,9,0,,0,0.000,Logos via Sports Logos.net / About logos,W,https://www.basketball-reference.com/boxscores/202311080PHI.html,Home,106,28:40,0,0.0,BOS,Derrick White,,,,,,,,,,,,,37:34,Jayson Tatum,37:05,Jaylen Brown,35:32,Jrue Holiday,34:45,Kristaps Porziņģis,31:04,Al Horford,26:13,Sam Hauser,18:40,Payton Pritchard,16:01,Luke Kornet,3:05,103,2,3,0.0,0.0,3.0,100.0,0.0,0.0,De'Anthony Melton,3,1,2023-2024,1.0,1,4.0,PHI,106,Tyrese Maxey,,,,,,,,,,,,,39:05,Tobias Harris,38:29,Joel Embiid,37:26,Kelly Oubre Jr.,26:33,Nicolas Batum,26:08,Robert Covington,15:00,Patrick Beverley,14:54,Paul Reed,10:34,Furkan Korkmaz,3:09
2,.333,6,66.667,2,,114,1,3,100.0,3,.333,1.0,33.3,3.0,9,2,.500,4,44.444,Logos via Sports Logos.net / About logos,W,https://www.basketball-reference.com/boxscores/202311100DET.html,Away,106,29:42,0,0.0,DET,Killian Hayes,James Wiseman,6:34,,,,,,,,,,,38:35,Cade Cunningham,35:46,Marcus Sasser,34:36,Ausar Thompson,32:16,Isaiah Stewart,31:41,Jalen Duren,22:42,Stanley Umude,17:21,Marvin Bagley III,13:18,Jared Rhoden,7:11,106,3,10,2.0,20.0,6.0,60.0,2.0,20.0,De'Anthony Melton,8,3,2023-2024,4.0,0,3.0,PHI,114,Tyrese Maxey,Jaden Springer,4:49,Furkan Korkmaz,1:47,,,,,,,,,39:21,Tobias Harris,37:46,Joel Embiid,35:48,Nicolas Batum,26:28,Kelly Oubre Jr.,26:23,Robert Covington,14:25,Paul Reed,12:12,Marcus Morris,6:02,Patrick Beverley,5:17
1,.333,3,42.857,6,3.00,126,0,3,75.0,4,.571,3.0,75.0,4.0,7,1,1.000,1,14.286,Logos via Sports Logos.net / About logos,W,https://www.basketball-reference.com/boxscores/202311120PHI.html,Home,137,29:45,1,25.0,IND,Tyrese Haliburton,Andrew Nembhard,13:46,,,,,,,,,,,36:30,Bruce Brown,31:12,Myles Turner,29:25,Aaron Nesmith,26:14,Bennedict Mathurin,25:53,Obi Toppin,21:07,Buddy Hield,20:32,Jalen Smith,18:35,T.J. McConnell,16:45,126,1,10,6.0,60.0,3.0,30.0,1.0,10.0,De'Anthony Melton,11,0,2023-2024,0.0,2,4.0,PHI,137,Tyrese Maxey,,,,,,,,,,,,,39:13,Tobias Harris,35:44,Nicolas Batum,33:19,Joel Embiid,32:54,Patrick Beverley,17:12,Danuel House Jr.,16:20,Robert Covington,15:39,Paul Reed,15:06,Furkan Korkmaz,4:47
4,.667,6,46.154,3,1.50,132,0,3,75.0,8,.615,4.0,57.1,7.0,13,10,1.000,10,76.923,Logos via Sports Logos.net / About logos,L,https://www.basketball-reference.com/boxscores/202311140PHI.html,Home,126,35:08,1,25.0,IND,Tyrese Haliburton,Andrew Nembhard,9:43,Jalen Smith,2:33,,,,,,,,,38:26,Obi Toppin,36:40,Bruce Brown,35:48,Buddy Hield,28:57,Aaron Nesmith,22:17,Myles Turner,19:13,Isaiah Jackson,17:23,Bennedict Mathurin,15:53,T.J. McConnell,13:07,132,5,30,8.0,26.7,12.0,40.0,10.0,33.3,De'Anthony Melton,6,1,2023-2024,1.0,2,4.0,PHI,126,Tyrese Maxey,KJ Martin,0:35,,,,,,,,,,,38:09,Joel Embiid,37:40,Tobias Harris,36:49,Patrick Beverley,27:30,Danuel House Jr.,18:01,Marcus Morris,17:40,Robert Covington,16:16,Paul Reed,10:20,Furkan Korkmaz,1:52
5,.833,6,60.000,1,,117,0,6,85.7,5,.500,0.0,0.0,4.0,10,1,.500,2,20.000,Logos via Sports Logos.net / About logos,L,https://www.basketball-reference.com/boxscores/202311150PHI.html,Home,107,34:01,1,14.3,BOS,Jayson Tatum,,,,,,,,,,,,,38:30,Derrick White,35:58,Jrue Holiday,35:29,Sam Hauser,35:13,Al Horford,28:49,Payton Pritchard,23:15,Luke Kornet,19:08,Svi Mykhailiuk,15:20,Dalano Banton,8:18,117,3,16,0.0,0.0,15.0,93.8,1.0,6.2,De'Anthony Melton,10,0,2023-2024,0.0,0,7.0,PHI,107,Tyrese Maxey,Furkan Korkmaz,2:53,,,,,,,,,,,39:07,Tobias Harris,37:40,Robert Covington,37:12,Joel Embiid,33:55,Jaden Springer,20:10,Paul Reed,14:05,Patrick Beverley,9:44,Marcus Morris,8:17,Danuel House Jr.,2:56
3,.429,7,53.846,5,1.67,126,1,3,75.0,5,.385,2.0,33.3,6.0,13,1,.500,2,15.385,Logos via Sports Logos.net / About logos,W,https://www.basketball-reference.com/boxscores/202311170ATL.html,Away,116,35:58,1,25.0,ATL,Trae Young,,,,,,,,,,,,,36:58,Jalen Johnson,36:20,Dejounte Murray,35:08,Saddiq Bey,31:21,Clint Capela,28:38,Bogdan Bogdanović,23:53,Onyeka Okongwu,19:22,De'Andre Hunter,17:55,Wesley Matthews,10:24,116,2,14,4.0,28.6,9.0,64.3,1.0,7.1,De'Anthony Melton,10,2,2023-2024,3.0,3,4.0,PHI,126,Tyrese Maxey,,,,,,,,,,,,,40:18,Tobias Harris,38:21,Joel Embiid,36:33,Jaden Springer,22:12,Robert Covington,20:25,Danuel House Jr.,18:22,Patrick Beverley,14:12,Paul Reed,11:27,Marcus Morris,2:11
4,.667,6,60.000,1,1.00,121,0,5,100.0,8,.800,4.0,100.0,4.0,10,1,1.000,1,10.000,Logos via Sports Logos.net / About logos,W,https://www.basketball-reference.com/boxscores/202311190BRK.html,Away,99,27:16,0,0.0,BRK,Lonnie Walker IV,Harry Giles,6:20,,,,,,,,,,,32:26,Mikal Bridges,29:13,Cameron Johnson,27:39,Spencer Dinwiddie,27:38,Dorian Finney-Smith,27:04,Royce O'Neale,25:25,Nic Claxton,22:39,Trendon Watford,21:33,Day'Ron Sharpe,20:03,99,3,21,8.0,38.1,12.0,57.1,1.0,4.8,De'Anthony Melton,22,3,2023-2024,3.0,1,5.0,PHI,121,Tyrese Maxey,Marcus Morris,6:11,Furkan Korkmaz,4:24,KJ Martin,4:24,Mo Bamba,3:05,,,,,36:25,Tobias Harris,31:53,Joel Embiid,31:14,Nicolas Batum,23:49,Jaden Springer,20:48,Danuel House Jr.,14:25,Paul Reed,13:41,Patrick Beverley,11:34,Robert Covington,10:49
1,.167,6,42.857,3,3.00,122,0,2,33.3,5,.357,4.0,50.0,8.0,14,2,.667,3,21.429,Logos via Sports Logos.net / About logos,L,https://www.basketball-reference.com/boxscores/202311210PHI.html,Home,119,41:12,4,66.7,CLE,Max Strus,,,,,,,,,,,,,44:16,Darius Garland,43:23,Evan Mobley,38:08,Jarrett Allen,35:12,Dean Wade,30:48,Craig Porter Jr.,27:09,Georges Niang,25:30,Tristan Thompson,14:45,Sam Merrill,5:44,122,3,13,8.0,61.5,3.0,23.1,2.0,15.4,De'Anthony Melton,3,2,2023-2024,2.0,1,6.0,PHI,119,Tyrese Maxey,Marcus Morris,2:54,,,,,,,,,,,46:48,Tobias Harris,42:47,Joel Embiid,41:01,Nicolas Batum,26:58,Patrick Beverley,20:46,Robert Covington,14:22,Danuel House Jr.,12:06,Paul Reed,9:04,Jaden Springer,6:59
1,.200,5,45.455,3,3.00,99,1,5,83.3,3,.273,2.0,33.3,6.0,11,9,1.000,9,81.818,Logos via Sports Logos.net / About logos,L,https://www.basketball-reference.com/boxscores/202311220MIN.html,Away,112,30:16,1,16.7,MIN,Karl-Anthony Towns,Luka Garza,1:56,Leonard Miller,1:56,Josh Minott,1:56,Wendell Moore Jr.,1:56,,,,,36:09,Anthony Edwards,35:48,Rudy Gobert,31:12,Nickeil Alexander-Walker,28:44,Kyle Anderson,28:10,Mike Conley,22:44,Naz Reid,21:34,Shake Milton,20:40,Troy Brown Jr.,7:15,112,2,16,4.0,25.0,3.0,18.8,9.0,56.2,De'Anthony Melton,13,0,2023-2024,1.0,1,6.0,PHI,99,Tyrese Maxey,Mo Bamba,5:35,Furkan Korkmaz,5:35,KJ Martin,5:35,,,,,,,33:40,Tobias Harris,32:19,Paul Reed,26:01,Nicolas Batum,24:12,Robert Covington,19:46,Danuel House Jr.,16:41,Marcus Morris,16:14,Patrick Beverley,15:40,Jaden Springer,8:25
3,.375,8,66.667,5,,127,1,4,57.1,5,.417,2.0,50.0,4.0,12,1,.500,2,16.667,Logos via Sports Logos.net / About logos,W,https://www.basketball-reference.com/boxscores/202311250OKC.html,Away,123,30:13,3,42.9,OKC,Shai Gilgeous-Alexander,Dāvis Bertāns,9:49,Ousmane Dieng,8:14,,,,,,,,,36:11,Chet Holmgren,31:31,Jaylin Williams,25:49,Josh Giddey,25:36,Isaiah Joe,25:35,Luguentz Dort,24:32,Aaron Wiggins,20:11,Kenrich Williams,18:52,Cason Wallace,13:37,123,3,14,4.0,28.6,9.0,64.3,1.0,7.1,De'Anthony Melton,4,0,2023-2024,1.0,0,7.0,PHI,127,Tyrese Maxey,,,,,,,,,,,,,40:52,Joel Embiid,37:22,Nicolas Batum,32:28,Tobias Harris,31:10,Patrick Beverley,21:26,Robert Covington,21:15,Marcus Morris,14:32,Paul Reed,10:38,,
3,.500,6,100.000,2,,94,0,0,,3,.500,0.0,,0.0,6,0,,0,0.000,Logos via Sports Logos.net / About logos,W,https://www.basketball-reference.com/boxscores/202311270PHI.html,Home,138,25:09,0,,LAL,Anthony Davis,D'Moi Hodge,8:18,Maxwell Lewis,8:18,Alex Fudge,2:23,,,,,,,32:16,LeBron James,29:32,Austin Reaves,28:35,Taurean Prince,28:34,Max Christie,25:54,D'Angelo Russell,24:24,Christian Wood,21:36,Jaxson Hayes,19:00,Jalen Hood-Schifino,11:09,94,2,9,0.0,0.0,9.0,100.0,0.0,0.0,De'Anthony Melton,44,1,2023-2024,1.0,0,0.0,PHI,138,Tyrese Maxey,Furkan Korkmaz,5:29,KJ Martin,5:29,,,,,,,,,36:19,Joel Embiid,30:50,Nicolas Batum,28:56,Patrick Beverley,24:29,Tobias Harris,22:59,Marcus Morris,19:32,Robert Covington,18:08,Paul Reed,17:10,Mo Bamba,5:29
4,.400,10,71.429,6,1.50,114,1,3,100.0,5,.357,1.0,25.0,4.0,14,3,.750,4,28.571,Logos via Sports Logos.net / About logos,L,https://www.basketball-reference.com/boxscores/202311290NOP.html,Away,124,30:14,0,0.0,NOP,Brandon Ingram,Jose Alvarado,9:19,,,,,,,,,,,35:04,Zion Williamson,33:15,Herbert Jones,32:43,Jonas Valančiūnas,31:34,CJ McCollum,28:08,Jordan Hawkins,23:56,Naji Marshall,18:34,Dyson Daniels,14:15,Cody Zeller,13:10,124,2,17,2.0,11.8,12.0,70.6,3.0,17.6,De'Anthony Melton,10,3,2023-2024,4.0,4,3.0,PHI,114,Tyrese Maxey,Furkan Korkmaz,2:17,,,,,,,,,,,38:11,Robert Covington,29:35,Tobias Harris,29:16,Paul Reed,26:34,Patrick Beverley,21:21,Marcus Morris,17:15,KJ Martin,16:57,Mo Bamba,14:10,Nicolas Batum,14:07
4,.333,12,63.158,2,0.50,119,1,3,75.0,7,.368,3.0,42.9,7.0,19,3,.750,4,21.053,Logos via Sports Logos.net / About logos,L,https://www.basketball-reference.com/boxscores/202312010BOS.html,Away,125,36:33,1,25.0,BOS,Jaylen Brown,Luke Kornet,7:35,,,,,,,,,,,35:08,Jrue Holiday,34:58,Al Horford,33:19,Derrick White,32:03,Jayson Tatum,27:27,Sam Hauser,25:52,Payton Pritchard,23:21,Neemias Queta,10:11,Dalano Banton,10:04,125,6,21,6.0,28.6,12.0,57.1,3.0,14.3,De'Anthony Melton,6,1,2023-2024,2.0,4,4.0,PHI,119,Patrick Beverley,,,,,,,,,,,,,38:22,Tobias Harris,37:55,Robert Covington,30:20,Marcus Morris,27:59,Paul Reed,21:30,Mo Bamba,19:30,Furkan Korkmaz,14:46,KJ Martin,13:05,,
2,.400,5,50.000,4,4.00,131,1,5,100.0,5,.500,3.0,60.0,5.0,10,7,1.000,7,70.000,Logos via Sports Logos.net / About logos,W,https://www.basketball-reference.com/boxscores/202312060WAS.html,Away,126,27:18,0,0.0,WAS,Kyle Kuzma,Mike Muscala,5:58,,,,,,,,,,,33:38,Jordan Poole,31:46,Tyus Jones,31:22,Deni Avdija,30:46,Bilal Coulibaly,27:31,Corey Kispert,24:50,Daniel Gafford,22:58,Danilo Gallinari,17:25,Jared Butler,13:45,126,1,19,6.0,31.6,6.0,31.6,7.0,36.8,De'Anthony Melton,5,2,2023-2024,3.0,1,5.0,PHI,131,Tyrese Maxey,,,,,,,,,,,,,38:10,Joel Embiid,38:02,Tobias Harris,34:52,Nicolas Batum,32:34,Patrick Beverley,20:35,Kelly Oubre Jr.,19:25,Marcus Morris,15:06,Paul Reed,9:58,Robert Covington,4:00
2,.286,7,53.846,5,5.00,114,1,6,100.0,6,.462,4.0,66.7,6.0,13,1,.500,2,15.385,Logos via Sports Logos.net / About logos,W,https://www.basketball-reference.com/boxscores/202312080PHI.html,Home,125,34:19,0,0.0,ATL,Bogdan Bogdanović,Garrison Mathews,2:49,,,,,,,,,,,39:05,Saddiq Bey,38:19,De'Andre Hunter,36:58,Dejounte Murray,35:58,Clint Capela,29:44,Onyeka Okongwu,18:16,Patty Mills,16:38,Trent Forrest,12:31,Wesley Matthews,9:41,114,0,15,8.0,53.3,6.0,40.0,1.0,6.7,De'Anthony Melton,11,1,2023-2024,2.0,1,6.0,PHI,125,Tyrese Maxey,,,,,,,,,,,,,38:53,Joel Embiid,35:53,Tobias Harris,33:43,Nicolas Batum,28:35,Kelly Oubre Jr.,23:31,Patrick Beverley,18:02,Marcus Morris,15:40,Paul Reed,6:04,Mo Bamba,5:19
1,.143,7,63.636,5,2.50,101,0,1,50.0,2,.182,1.0,25.0,4.0,11,0,,0,0.000,Logos via Sports Logos.net / About logos,W,https://www.basketball-reference.com/boxscores/202312110PHI.html,Home,146,26:41,1,50.0,WAS,Bilal Coulibaly,Danilo Gallinari,10:44,Anthony Gill,10:26,Jules Bernard,6:11,Eugene Omoruyi,2:03,,,,,30:52,Kyle Kuzma,27:28,Jordan Poole,26:06,Deni Avdija,25:50,Corey Kispert,22:59,Tyus Jones,20:56,Mike Muscala,20:16,Jared Butler,19:10,Patrick Baldwin Jr.,16:59,101,3,5,2.0,40.0,3.0,60.0,0.0,0.0,De'Anthony Melton,45,5,2023-2024,5.0,2,2.0,PHI,146,Tobias Harris,Danuel House Jr.,9:14,Jaden Springer,9:14,Furkan Korkmaz,9:14,Mo Bamba,7:47,KJ Martin,5:46,,,29:37,Joel Embiid,29:36,Tyrese Maxey,24:46,Nicolas Batum,20:28,Kelly Oubre Jr.,17:33,Robert Covington,13:53,Paul Reed,12:38,Marcus Morris,12:05,Patrick Beverley,11:28
2,.500,4,44.444,1,,129,2,5,83.3,4,.444,2.0,40.0,5.0,9,0,,0,0.000,Logos via Sports Logos.net / About logos,W,https://www.basketball-reference.com/boxscores/202312130DET.html,Away,111,21:06,1,16.7,DET,Bojan Bogdanović,Kevin Knox,9:47,Marcus Sasser,5:17,,,,,,,,,33:23,Killian Hayes,31:43,Cade Cunningham,30:08,Ausar Thompson,29:56,Isaiah Livers,27:08,Isaiah Stewart,22:12,Jaden Ivey,21:09,James Wiseman,16:00,Alec Burks,13:15,111,4,10,4.0,40.0,6.0,60.0,0.0,0.0,De'Anthony Melton,18,1,2023-2024,3.0,0,6.0,PHI,129,Tyrese Maxey,Jaden Springer,6:56,Danuel House Jr.,6:56,Furkan Korkmaz,5:17,KJ Martin,4:04,Mo Bamba,3:27,,,32:53,Joel Embiid,31:21,Tobias Harris,26:12,Kelly Oubre Jr.,22:58,Nicolas Batum,19:45,Robert Covington,16:59,Marcus Morris,16:23,Paul Reed,13:12,Patrick Beverley,12:31
0,.000,3,50.000,1,,92,1,1,33.3,1,.167,1.0,33.3,3.0,6,2,1.000,2,33.333,Logos via Sports Logos.net / About logos,W,https://www.basketball-reference.com/boxscores/202312150PHI.html,Home,124,23:19,2,66.7,DET,Jaden Ivey,Marcus Sasser,16:33,Joe Harris,11:09,,,,,,,,,28:32,James Wiseman,27:42,Bojan Bogdanović,26:08,Isaiah Livers,24:54,Cade Cunningham,24:25,Ausar Thompson,21:50,Killian Hayes,21:17,Isaiah Stewart,20:18,Alec Burks,17:12,92,4,4,2.0,50.0,0.0,0.0,2.0,50.0,De'Anthony Melton,32,1,2023-2024,2.0,0,3.0,PHI,124,Joel Embiid,Danuel House Jr.,12:00,Paul Reed,11:40,Mo Bamba,9:01,KJ Martin,6:31,Furkan Korkmaz,6:31,,,29:04,Tyrese Maxey,27:15,Tobias Harris,23:30,Nicolas Batum,21:46,Kelly Oubre Jr.,17:13,Marcus Morris,15:29,Robert Covington,12:36,Patrick Beverley,12:05,Jaden Springer,12:00
2,.333,6,100.000,2,2.00,135,0,2,100.0,2,.333,0.0,,0.0,6,0,,0,0.000,Logos via Sports Logos.net / About logos,W,https://www.basketball-reference.com/boxscores/202312160CHO.html,Away,82,25:10,0,0.0,CHO,Miles Bridges,James Bouknight,7:16,Amari Bailey,7:16,Leaky Black,7:16,,,,,,,30:51,Brandon Miller,29:16,Nathan Mensah,28:34,Nick Smith Jr.,26:14,Bryce McGowens,24:26,JT Thor,21:39,Terry Rozier,19:30,Nick Richards,19:26,Ish Smith,18:16,82,2,6,0.0,0.0,6.0,100.0,0.0,0.0,De'Anthony Melton,53,4,2023-2024,4.0,1,2.0,PHI,135,Tyrese Maxey,Patrick Beverley,8:19,Danuel House Jr.,7:16,Mo Bamba,6:37,Furkan Korkmaz,4:19,KJ Martin,4:19,,,32:43,Joel Embiid,29:53,Tobias Harris,25:11,Kelly Oubre Jr.,20:31,Nicolas Batum,20:14,Marcus Morris,15:33,Robert Covington,14:07,Paul Reed,13:48,Jaden Springer,12:00
0,.000,1,20.000,2,,108,1,2,50.0,3,.600,3.0,75.0,4.0,5,0,,0,0.000,Logos via Sports Logos.net / About logos,L,https://www.basketball-reference.com/boxscores/202312180PHI.html,Home,104,28:56,2,50.0,CHI,Coby White,,,,,,,,,,,,,39:59,DeMar DeRozan,36:50,Patrick Williams,36:35,Nikola Vučević,33:34,Alex Caruso,30:31,Ayo Dosunmu,19:22,Jevon Carter,18:17,Andre Drummond,14:24,Dalen Terry,10:28,108,0,6,6.0,100.0,0.0,0.0,0.0,0.0,De'Anthony Melton,4,3,2023-2024,4.0,0,4.0,PHI,104,Tyrese Maxey,,,,,,,,,,,,,39:13,Joel Embiid,37:01,Tobias Harris,31:42,Nicolas Batum,26:49,Kelly Oubre Jr.,24:10,Patrick Beverley,19:18,Robert Covington,14:30,Paul Reed,11:51,Danuel House Jr.,6:30
0,.000,1,50.000,2,2.00,113,0,3,100.0,1,.500,1.0,100.0,1.0,2,2,1.000,2,100.000,Logos via Sports Logos.net / About logos,W,https://www.basketball-reference.com/boxscores/202312200PHI.html,Home,127,16:19,0,0.0,MIN,Jaden McDaniels,Troy Brown Jr.,9:44,Wendell Moore Jr.,2:15,Luka Garza,2:15,Jordan McLaughlin,2:15,,,,,37:59,Karl-Anthony Towns,37:38,Anthony Edwards,36:16,Mike Conley,25:50,Rudy Gobert,24:12,Naz Reid,20:03,Nickeil Alexander-Walker,15:38,Shake Milton,13:15,Kyle Anderson,12:40,113,1,4,2.0,50.0,0.0,0.0,2.0,50.0,De'Anthony Melton,14,0,2023-2024,0.0,1,3.0,PHI,127,Tyrese Maxey,Furkan Korkmaz,1:49,Mo Bamba,1:42,Jaden Springer,1:42,,,,,,,37:21,Tobias Harris,36:31,Joel Embiid,36:08,Kelly Oubre Jr.,29:19,Marcus Morris,25:06,Patrick Beverley,17:43,Danuel House Jr.,17:26,Paul Reed,11:59,KJ Martin,6:55
2,.222,9,52.941,5,,113,1,5,71.4,5,.294,3.0,37.5,8.0,17,3,1.000,3,17.647,Logos via Sports Logos.net / About logos,L,https://www.basketball-reference.com/boxscores/202312250MIA.html,Away,119,36:30,2,28.6,MIA,Jaime Jaquez Jr.,,,,,,,,,,,,,39:29,Tyler Herro,37:59,Bam Adebayo,36:14,Duncan Robinson,34:03,Kyle Lowry,33:25,R.J. Hampton,17:26,Jamal Cain,16:42,Kevin Love,15:59,Caleb Martin,8:43,119,2,15,6.0,40.0,6.0,40.0,3.0,20.0,De'Anthony Melton,6,4,2023-2024,5.0,0,7.0,PHI,113,Tyrese Maxey,Jaden Springer,0:41,,,,,,,,,,,43:30,Tobias Harris,41:35,Kelly Oubre Jr.,39:37,Mo Bamba,25:31,Paul Reed,17:27,Patrick Beverley,12:47,Marcus Morris,10:41,Danuel House Jr.,6:09,KJ Martin,5:32
4,.571,7,53.846,1,1.00,112,0,4,80.0,8,.615,4.0,66.7,6.0,13,2,1.000,2,15.385,Logos via Sports Logos.net / About logos,W,https://www.basketball-reference.com/boxscores/202312270ORL.html,Away,92,36:45,1,20.0,ORL,Paolo Banchero,Goga Bitadze,8:49,Jett Howard,1:15,Trevelin Queen,1:15,Admiral Schofield,1:15,,,,,37:52,Franz Wagner,36:10,Jalen Suggs,28:23,Caleb Houstan,25:56,Anthony Black,23:27,Cole Anthony,23:11,Wendell Carter Jr.,22:09,Moritz Wagner,15:47,Chuma Okeke,14:31,92,3,22,8.0,36.4,12.0,54.5,2.0,9.1,De'Anthony Melton,20,2,2023-2024,2.0,1,5.0,PHI,112,Tyrese Maxey,KJ Martin,1:15,Jaden Springer,1:15,,,,,,,,,34:23,Tobias Harris,32:53,Paul Reed,31:31,Kelly Oubre Jr.,28:40,Marcus Morris,21:45,Patrick Beverley,16:39,Mo Bamba,16:18,Robert Covington,11:26,Danuel House Jr.,7:10
2,.286,7,58.333,2,1.00,131,0,3,100.0,5,.417,3.0,60.0,5.0,12,3,.750,4,33.333,Logos via Sports Logos.net / About logos,W,https://www.basketball-reference.com/boxscores/202312290HOU.html,Away,127,35:45,0,0.0,HOU,Fred VanVleet,,,,,,,,,,,,,42:36,Jalen Green,36:27,Jae'Sean Tate,35:18,Alperen Sengun,34:20,Jeff Green,32:52,Tari Eason,27:18,Aaron Holiday,14:53,Amen Thompson,8:40,Jock Landale,7:36,127,1,15,6.0,40.0,6.0,40.0,3.0,20.0,De'Anthony Melton,4,1,2023-2024,1.0,2,3.0,PHI,131,Tyrese Maxey,,,,,,,,,,,,,41:22,Tobias Harris,34:59,Marcus Morris,26:50,Kelly Oubre Jr.,24:24,Paul Reed,23:53,Patrick Beverley,19:55,Robert Covington,16:01,Danuel House Jr.,11:35,Mo Bamba,5:16
3,.333,9,100.000,0,,92,0,3,100.0,3,.333,0.0,,0.0,9,0,,0,0.000,Logos via Sports Logos.net / About logos,L,https://www.basketball-reference.com/boxscores/202312300CHI.html,Away,105,26:03,0,0.0,CHI,Coby White,Julian Phillips,1:08,,,,,,,,,,,39:30,DeMar DeRozan,37:11,Patrick Williams,33:20,Andre Drummond,29:37,Ayo Dosunmu,29:16,Alex Caruso,28:09,Terry Taylor,17:15,Jevon Carter,13:11,Dalen Terry,11:23,105,4,9,0.0,0.0,9.0,100.0,0.0,0.0,De'Anthony Melton,13,4,2023-2024,4.0,0,3.0,PHI,92,Tyrese Maxey,Robert Covington,4:49,Furkan Korkmaz,2:17,,,,,,,,,35:22,Tobias Harris,34:19,Kelly Oubre Jr.,28:13,Paul Reed,27:49,Patrick Beverley,23:57,Nicolas Batum,19:08,Marcus Morris,17:13,Mo Bamba,13:12,KJ Martin,7:38
2,.500,4,57.143,2,2.00,132,0,2,66.7,3,.429,1.0,33.3,3.0,7,2,1.000,2,28.571,Logos via Sports Logos.net / About logos,L,https://www.basketball-reference.com/boxscores/202401100ATL.html,Away,139,21:18,1,33.3,ATL,Trae Young,,,,,,,,,,,,,43:25,Jalen Johnson,40:56,Dejounte Murray,37:51,Saddiq Bey,36:46,Onyeka Okongwu,35:31,Bogdan Bogdanović,28:18,Trent Forrest,18:30,Bruno Fernando,17:29,Patty Mills,6:14,139,0,10,2.0,20.0,6.0,60.0,2.0,20.0,De'Anthony Melton,7,0,2023-2024,0.0,1,3.0,PHI,132,Tyrese Maxey,KJ Martin,5:32,,,,,,,,,,,42:55,Tobias Harris,41:15,Nicolas Batum,37:28,Kelly Oubre Jr.,31:45,Marcus Morris,25:54,Paul Reed,18:57,Mo Bamba,14:21,Jaden Springer,13:01,Patrick Beverley,12:31
2,.250,8,88.889,3,3.00,93,0,3,75.0,2,.222,0.0,0.0,1.0,9,0,,0,0.000,Logos via Sports Logos.net / About logos,W,https://www.basketball-reference.com/boxscores/202401120PHI.html,Home,112,25:07,1,25.0,SAC,De'Aaron Fox,Sasha Vezenkov,8:32,Alex Len,8:11,Davion Mitchell,5:46,Kessler Edwards,5:46,JaVale McGee,5:00,Juan Toscano-Anderson,2:38,37:49,Keegan Murray,35:13,Domantas Sabonis,32:45,Malik Monk,26:55,Trey Lyles,21:40,Harrison Barnes,21:06,Keon Ellis,10:02,Chris Duarte,9:48,Colby Jones,8:48,93,3,6,0.0,0.0,6.0,100.0,0.0,0.0,De'Anthony Melton,19,1,2023-2024,1.0,1,4.0,PHI,112,Tyrese Maxey,KJ Martin,3:13,Jaden Springer,3:13,,,,,,,,,40:22,Tobias Harris,36:23,Patrick Beverley,27:09,Nicolas Batum,25:27,Paul Reed,24:27,Mo Bamba,20:20,Marcus Morris,16:43,Danuel House Jr.,14:22,Furkan Korkmaz,3:13
1,.250,4,66.667,1,1.00,97,0,1,100.0,2,.333,1.0,50.0,2.0,6,2,1.000,2,33.333,Logos via Sports Logos.net / About logos,W,https://www.basketball-reference.com/boxscores/202402230PHI.html,Home,104,16:02,0,0.0,CLE,Darius Garland,Craig Porter Jr.,5:28,,,,,,,,,,,38:22,Jarrett Allen,35:43,Max Strus,35:14,Isaac Okoro,28:59,Evan Mobley,26:35,Caris LeVert,25:08,Georges Niang,21:10,Sam Merrill,12:19,Dean Wade,11:01,97,0,7,2.0,28.6,3.0,42.9,2.0,28.6,De'Anthony Melton,7,0,2023-2024,0.0,1,1.0,PHI,104,Tyrese Maxey,Nicolas Batum,0:03,,,,,,,,,,,38:36,Tobias Harris,34:08,Buddy Hield,31:58,Paul Reed,31:01,Kelly Oubre Jr.,28:07,Cameron Payne,19:53,KJ Martin,16:55,Mo Bamba,16:55,Ricky Council IV,6:21
4,.500,8,66.667,3,,119,0,3,100.0,5,.417,1.0,25.0,4.0,12,2,1.000,2,16.667,Logos via Sports Logos.net / About logos,L,https://www.basketball-reference.com/boxscores/202402250PHI.html,Home,98,18:29,0,0.0,MIL,Giannis Antetokounmpo,A.J. Green,3:36,Thanasis Antetokounmpo,3:36,MarJon Beauchamp,3:36,Andre Jackson Jr.,1:11,,,,,35:45,Damian Lillard,35:45,Brook Lopez,31:58,Malik Beasley,31:51,Jae Crowder,25:15,Pat Connaughton,22:24,Bobby Portis,18:36,Patrick Beverley,17:45,Danilo Gallinari,8:42,119,2,16,2.0,12.5,12.0,75.0,2.0,12.5,De'Anthony Melton,21,2,2023-2024,2.0,0,3.0,PHI,98,Tyrese Maxey,Ricky Council IV,6:44,Darius Bazley,4:24,,,,,,,,,38:29,Tobias Harris,31:00,Kelly Oubre Jr.,29:17,Buddy Hield,27:30,Paul Reed,26:47,Kyle Lowry,21:08,Nicolas Batum,17:24,Mo Bamba,11:16,Cameron Payne,7:32
0,.000,2,100.000,1,,99,1,1,100.0,0,.000,0.0,,0.0,2,0,,0,0.000,Logos via Sports Logos.net / About logos,L,https://www.basketball-reference.com/boxscores/202402270BOS.html,Away,117,8:50,0,0.0,BOS,Jrue Holiday,Oshae Brissett,2:34,Jaden Springer,2:04,,,,,,,,,34:58,Jayson Tatum,34:45,Jaylen Brown,34:41,Kristaps Porziņģis,31:19,Derrick White,29:59,Al Horford,21:11,Sam Hauser,21:11,Payton Pritchard,16:12,Luke Kornet,11:06,117,1,0,0.0,,0.0,,0.0,,De'Anthony Melton,18,0,2023-2024,1.0,0,1.0,PHI,99,Tyrese Maxey,Paul Reed,13:54,Darius Bazley,4:00,,,,,,,,,36:35,Buddy Hield,29:16,Tobias Harris,29:05,Kyle Lowry,23:12,Kelly Oubre Jr.,21:46,Nicolas Batum,20:01,Ricky Council IV,19:05,Mo Bamba,18:12,Cameron Payne,16:04
1,.200,5,55.556,3,,102,0,2,66.7,2,.222,1.0,25.0,4.0,9,0,,0,0.000,Logos via Sports Logos.net / About logos,W,https://www.basketball-reference.com/boxscores/202404090PHI.html,Home,120,15:49,1,33.3,DET,Chimezie Metu,Jaylen Nowell,10:27,Buddy Boeheim,3:25,,,,,,,,,34:46,Jaden Ivey,31:46,Jalen Duren,27:32,Marcus Sasser,26:50,Evan Fournier,26:21,Troy Brown Jr.,22:35,Malachi Flynn,21:10,James Wiseman,20:28,Jared Rhoden,14:40,102,1,5,2.0,40.0,3.0,60.0,0.0,0.0,De'Anthony Melton,18,2,2023-2024,2.0,0,3.0,PHI,120,Joel Embiid,Mo Bamba,3:25,Terquavion Smith,2:17,,,,,,,,,35:49,Kelly Oubre Jr.,28:47,Nicolas Batum,28:38,Tobias Harris,28:07,Cameron Payne,27:27,Buddy Hield,25:27,Jeff Dowtin,20:33,Paul Reed,13:13,Ricky Council IV,10:28
1,.500,2,66.667,1,,113,0,1,100.0,1,.333,0.0,0.0,1.0,3,0,,0,0.000,Logos via Sports Logos.net / About logos,W,https://www.basketball-reference.com/boxscores/202404120PHI.html,Home,125,5:21,0,0.0,ORL,Paolo Banchero,Markelle Fultz,11:18,Wendell Carter Jr.,3:49,,,,,,,,,40:31,Franz Wagner,35:19,Jalen Suggs,33:28,Gary Harris,32:20,Jonathan Isaac,26:48,Moritz Wagner,18:04,Goga Bitadze,13:30,Joe Ingles,13:26,Cole Anthony,11:26,113,1,3,0.0,0.0,3.0,100.0,0.0,0.0,De'Anthony Melton,12,2,2023-2024,2.0,0,1.0,PHI,125,Tyrese Maxey,Mo Bamba,1:06,Ricky Council IV,1:03,Jeff Dowtin,1:03,Terquavion Smith,1:03,,,,,39:47,Tobias Harris,37:54,Joel Embiid,32:01,Nicolas Batum,30:23,Kelly Oubre Jr.,29:45,Kyle Lowry,24:16,Paul Reed,14:53,Buddy Hield,14:15,Cameron Payne,7:10
0,.000,2,100.000,1,,97,0,1,100.0,0,.000,0.0,,0.0,2,0,,0,0.000,Logos via Sports Logos.net / About logos,L,https://www.basketball-reference.com/boxscores/202404280PHI.html,Home,92,7:11,0,0.0,NYK,OG Anunoby,,,,,,,,,,,,,46:48,Josh Hart,45:41,Jalen Brunson,43:32,Isaiah Hartenstein,28:14,Donte DiVincenzo,28:11,Miles McBride,26:33,Precious Achiuwa,19:48,Bojan Bogdanović,1:11,,,97,1,0,0.0,,0.0,,0.0,,De'Anthony Melton,5,0,2023-2024,0.0,0,1.0,PHI,92,Joel Embiid,,,,,,,,,,,,,43:58,Tyrese Maxey,43:14,Kelly Oubre Jr.,39:36,Tobias Harris,33:42,Kyle Lowry,33:01,Nicolas Batum,21:27,Cameron Payne,13:46,Paul Reed,4:02,,
