3P,3P%,3PA,3PAr,AST,AST/TOV,Away_Score,BLK,DRB,DRB_Pct_of_TRB,FG,FG%,FG2,FG2%,FG2A,FGA,FT,FT%,FTA,FTr,Game_Date,Game_Result,Game_URL,Home/Away,Home_Score,MP,ORB,ORB_Pct_of_TRB,Opponent,Opponent_1,Opponent_10,Opponent_10_MP,Opponent_11,Opponent_11_MP,Opponent_12,Opponent_12_MP,Opponent_13,Opponent_13_MP,Opponent_14,Opponent_14_MP,Opponent_15,Opponent_15_MP,Opponent_1_MP,Opponent_2,Opponent_2_MP,Opponent_3,Opponent_3_MP,Opponent_4,Opponent_4_MP,Opponent_5,Opponent_5_MP,Opponent_6,Opponent_6_MP,Opponent_7,Opponent_7_MP,Opponent_8,Opponent_8_MP,Opponent_9,Opponent_9_MP,Opponent_Score,PF,PTS,PTS_2P,PTS_2P_Pct,PTS_3P,PTS_3P_Pct,PTS_FT,PTS_FT_Pct,Player,Point_Differential,STL,Season,Stocks,TOV,TRB,Team,Team_Score,Teammate_1,Teammate_10,Teammate_10_MP,Teammate_11,Teammate_11_MP,Teammate_12,Teammate_12_MP,Teammate_13,Teammate_13_MP,Teammate_14,Teammate_14_MP,Teammate_15,Teammate_15_MP,Teammate_1_MP,Teammate_2,Teammate_2_MP,Teammate_3,Teammate_3_MP,Teammate_4,Teammate_4_MP,Teammate_5,Teammate_5_MP,Teammate_6,Teammate_6_MP,Teammate_7,Teammate_7_MP,Teammate_8,Teammate_8_MP,Teammate_9,Teammate_9_MP
0,,0,0.000,1,1.00,104,1,3,60.0,2,.667,2.0,66.7,3.0,3,0,,0,0.000,Logos via Sports Logos.net / About logos,W,https://www.basketball-reference.com/boxscores/201311060MIL.html,Home,109,13:18,2,40.0,CLE,Kyrie Irving,Anthony Bennett,11:37,Tyler Zeller,1:46,,,,,,,,,35:25,Tristan Thompson,34:58,Anderson Varejão,32:30,Dion Waiters,30:16,C.J. Miles,24:08,Alonzo Gee,23:12,Jarrett Jack,18:54,Andrew Bynum,14:19,Earl Clark,12:55,104,1,4,4.0,100.0,0.0,0.0,0.0,0.0,Ekpe Udoh,5,2,2013-2014,3.0,1,5.0,MIL,109,Zaza Pachulia,,,,,,,,,,,,,40:55,John Henson,39:06,O.J. Mayo,33:03,Nate Wolters,32:51,Gary Neal,30:42,Caron Butler,29:44,Khris Middleton,20:21,,,,
0,,0,0.000,0,,91,0,1,50.0,0,.000,0.0,0.0,3.0,3,0,,0,0.000,Logos via Sports Logos.net / About logos,L,https://www.basketball-reference.com/boxscores/201311090MIL.html,Home,83,11:44,1,50.0,DAL,Monta Ellis,,,,,,,,,,,,,39:51,José Calderón,35:36,Shawn Marion,33:58,Dirk Nowitzki,32:18,Samuel Dalembert,26:05,DeJuan Blair,21:55,Vince Carter,20:53,Jae Crowder,16:24,Gal Mekel,13:00,91,1,0,0.0,,0.0,,0.0,,Ekpe Udoh,8,0,2013-2014,0.0,0,2.0,MIL,83,Zaza Pachulia,,,,,,,,,,,,,38:22,Caron Butler,38:16,O.J. Mayo,36:32,Nate Wolters,35:45,John Henson,26:48,Gary Neal,20:19,Khris Middleton,17:32,Brandon Knight,14:42,,
0,,0,0.000,0,0.00,95,0,1,50.0,2,.333,2.0,33.3,6.0,6,3,.750,4,66.667,Logos via Sports Logos.net / About logos,L,https://www.basketball-reference.com/boxscores/201311120MIA.html,Away,118,17:00,1,50.0,MIA,Dwyane Wade,Roger Mason,9:49,Joel Anthony,5:26,James Jones,3:36,,,,,,,30:32,LeBron James,29:58,Shane Battier,26:51,Mario Chalmers,25:00,Rashard Lewis,23:35,Chris Bosh,23:34,Norris Cole,23:00,Michael Beasley,19:39,Chris Andersen,19:00,118,1,7,4.0,57.1,0.0,0.0,3.0,42.9,Ekpe Udoh,23,1,2013-2014,1.0,1,2.0,MIL,95,Gary Neal,Miroslav Raduljica,11:06,,,,,,,,,,,26:03,O.J. Mayo,25:18,John Henson,25:05,Caron Butler,24:52,Nate Wolters,24:24,Brandon Knight,23:36,Khris Middleton,23:04,Giannis Antetokounmpo,21:35,Zaza Pachulia,17:57
0,,0,0.000,2,2.00,91,2,2,50.0,0,.000,0.0,0.0,2.0,2,0,,0,0.000,Logos via Sports Logos.net / About logos,L,https://www.basketball-reference.com/boxscores/201311130ORL.html,Away,94,18:30,2,50.0,ORL,Arron Afflalo,Jason Maxiell,4:38,Andrew Nicholson,3:05,,,,,,,,,40:08,Maurice Harkless,37:43,Nikola Vučević,37:18,Jameer Nelson,30:30,Ronnie Price,24:48,Victor Oladipo,22:20,E'Twaun Moore,17:23,Doron Lamb,11:25,Kyle O'Quinn,10:42,94,3,0,0.0,,0.0,,0.0,,Ekpe Udoh,3,2,2013-2014,4.0,1,4.0,MIL,91,O.J. Mayo,,,,,,,,,,,,,43:39,Khris Middleton,43:04,Caron Butler,42:00,Nate Wolters,39:48,John Henson,27:18,Giannis Antetokounmpo,19:27,Miroslav Raduljica,6:14,,,,
0,,0,0.000,0,0.00,77,0,1,100.0,1,.333,1.0,33.3,3.0,3,0,,0,0.000,Logos via Sports Logos.net / About logos,L,https://www.basketball-reference.com/boxscores/201311150IND.html,Away,104,14:38,0,0.0,IND,George Hill,Orlando Johnson,10:14,Chris Copeland,2:52,Donald Sloan,2:52,,,,,,,32:49,Roy Hibbert,30:53,Paul George,29:33,C.J. Watson,25:20,Lance Stephenson,24:16,David West,23:50,Luis Scola,21:18,Solomon Hill,18:56,Ian Mahinmi,17:07,104,5,2,2.0,100.0,0.0,0.0,0.0,0.0,Ekpe Udoh,27,0,2013-2014,0.0,2,1.0,MIL,77,Nate Wolters,,,,,,,,,,,,,33:36,Khris Middleton,30:51,O.J. Mayo,30:06,John Henson,28:48,Gary Neal,26:20,Zaza Pachulia,24:42,Luke Ridnour,21:00,Miroslav Raduljica,18:13,Giannis Antetokounmpo,11:46
0,,0,0.000,2,,92,2,6,54.5,4,.400,4.0,40.0,10.0,10,3,.500,6,60.000,Logos via Sports Logos.net / About logos,L,https://www.basketball-reference.com/boxscores/201311160MIL.html,Home,79,38:17,5,45.5,OKC,Kevin Durant,Andre Roberson,12:46,,,,,,,,,,,37:20,Serge Ibaka,33:49,Russell Westbrook,33:14,Jeremy Lamb,25:46,Nick Collison,25:06,Derek Fisher,20:06,Reggie Jackson,19:50,Kendrick Perkins,18:32,Steven Adams,13:31,92,3,11,8.0,72.7,0.0,0.0,3.0,27.3,Ekpe Udoh,13,0,2013-2014,2.0,0,11.0,MIL,79,Zaza Pachulia,,,,,,,,,,,,,36:40,O.J. Mayo,35:19,Khris Middleton,31:38,Nate Wolters,27:49,Luke Ridnour,20:11,Gary Neal,18:48,John Henson,16:08,Giannis Antetokounmpo,15:10,,
0,,0,0.000,0,0.00,91,0,0,,0,.000,0.0,0.0,1.0,1,0,,0,0.000,Logos via Sports Logos.net / About logos,L,https://www.basketball-reference.com/boxscores/201311200MIL.html,Home,82,19:21,0,,POR,Damian Lillard,,,,,,,,,,,,,37:30,Nicolas Batum,35:28,LaMarcus Aldridge,35:11,Wesley Matthews,32:22,Robin Lopez,30:43,Mo Williams,23:02,Joel Freeland,16:28,Dorell Wright,16:27,Thomas Robinson,12:49,91,3,0,0.0,,0.0,,0.0,,Ekpe Udoh,9,0,2013-2014,0.0,2,0.0,MIL,82,Luke Ridnour,,,,,,,,,,,,,29:47,Caron Butler,28:57,Zaza Pachulia,28:20,John Henson,25:47,O.J. Mayo,24:35,Gary Neal,23:25,Ersan İlyasova,21:42,Khris Middleton,19:53,Nate Wolters,18:13
0,,0,0.000,0,0.00,107,1,0,0.0,3,.600,3.0,60.0,5.0,5,0,,0,0.000,Logos via Sports Logos.net / About logos,L,https://www.basketball-reference.com/boxscores/201311220PHI.html,Away,115,12:22,2,100.0,PHI,Spencer Hawes,Tony Wroten,11:00,Lorenzo Brown,4:52,,,,,,,,,39:00,Evan Turner,38:47,James Anderson,35:44,Lavoy Allen,34:08,Michael Carter-Williams,33:57,Hollis Thompson,20:57,Daniel Orton,18:48,Brandon Davies,14:00,Elliot Williams,13:47,115,4,6,6.0,100.0,0.0,0.0,0.0,0.0,Ekpe Udoh,8,0,2013-2014,1.0,2,2.0,MIL,107,Ersan İlyasova,,,,,,,,,,,,,40:35,Caron Butler,36:18,O.J. Mayo,36:13,Zaza Pachulia,34:14,Luke Ridnour,34:13,John Henson,18:34,Gary Neal,18:05,Nate Wolters,17:37,Khris Middleton,16:49
0,,0,0.000,1,,96,1,2,28.6,2,.400,2.0,40.0,5.0,5,0,,0,0.000,Logos via Sports Logos.net / About logos,L,https://www.basketball-reference.com/boxscores/201311230MIL.html,Home,72,19:29,5,71.4,CHA,Michael Kidd-Gilchrist,Jannero Pargo,5:21,Bismack Biyombo,5:21,Anthony Tolliver,4:49,,,,,,,28:10,Kemba Walker,27:57,Jeff Taylor,27:27,Cody Zeller,26:19,Gerald Henderson,26:02,Al Jefferson,25:18,Ramon Sessions,24:14,Josh McRoberts,21:41,Jeff Adrien,17:21,96,2,4,4.0,100.0,0.0,0.0,0.0,0.0,Ekpe Udoh,24,0,2013-2014,1.0,0,7.0,MIL,72,Khris Middleton,Zaza Pachulia,11:49,Nate Wolters,9:02,Miroslav Raduljica,6:15,,,,,,,28:16,Brandon Knight,25:49,John Henson,25:38,O.J. Mayo,21:46,Ersan İlyasova,20:49,Caron Butler,20:28,Gary Neal,19:25,Luke Ridnour,19:14,Giannis Antetokounmpo,12:00
0,,0,0.000,1,0.50,94,1,3,60.0,1,.500,1.0,50.0,2.0,2,2,1.000,2,100.000,Logos via Sports Logos.net / About logos,L,https://www.basketball-reference.com/boxscores/201311250DET.html,Away,113,23:26,2,40.0,DET,Kentavious Caldwell-Pope,Jonas Jerebko,4:43,Kyle Singler,2:25,Tony Mitchell,2:16,Gigi Datome,2:15,,,,,35:51,Brandon Jennings,35:50,Josh Smith,35:20,Greg Monroe,31:57,Rodney Stuckey,30:17,Andre Drummond,24:34,Charlie Villanueva,12:55,Will Bynum,12:38,Josh Harrellson,8:59,113,1,4,2.0,50.0,0.0,0.0,2.0,50.0,Ekpe Udoh,19,0,2013-2014,1.0,2,5.0,MIL,94,Caron Butler,Giannis Antetokounmpo,12:00,Luke Ridnour,10:07,Miroslav Raduljica,4:43,,,,,,,27:21,O.J. Mayo,24:45,Gary Neal,23:15,John Henson,21:58,Brandon Knight,21:16,Khris Middleton,20:39,Zaza Pachulia,17:25,Nate Wolters,16:37,Ersan İlyasova,16:28
0,,0,0.000,2,2.00,100,0,2,100.0,3,1.000,3.0,100.0,3.0,3,2,1.000,2,66.667,Logos via Sports Logos.net / About logos,L,https://www.basketball-reference.com/boxscores/201311270MIL.html,Home,92,15:08,0,0.0,WAS,Martell Webster,,,,,,,,,,,,,42:47,Trevor Ariza,41:48,Marcin Gortat,40:39,John Wall,38:36,Nenê,35:07,Jan Veselý,22:35,Garrett Temple,22:03,Eric Maynor,14:24,Kevin Séraphin,7:01,100,1,8,6.0,75.0,0.0,0.0,2.0,25.0,Ekpe Udoh,8,1,2013-2014,1.0,1,2.0,MIL,92,Ersan İlyasova,,,,,,,,,,,,,39:10,O.J. Mayo,36:29,Zaza Pachulia,36:13,Khris Middleton,32:54,Brandon Knight,30:03,Luke Ridnour,22:57,Caron Butler,20:06,Gary Neal,16:38,John Henson,15:22
0,,0,0.000,2,2.00,76,0,3,50.0,2,.250,2.0,25.0,8.0,8,6,.750,8,100.000,Logos via Sports Logos.net / About logos,L,https://www.basketball-reference.com/boxscores/201311290CHA.html,Away,92,24:46,3,50.0,CHA,Gerald Henderson,Jannero Pargo,2:46,Jeff Adrien,2:46,James Southerland,2:46,,,,,,,38:33,Kemba Walker,32:25,Josh McRoberts,28:57,Jeff Taylor,28:00,Al Jefferson,25:35,Ramon Sessions,22:15,Bismack Biyombo,19:39,Cody Zeller,19:03,Ben Gordon,17:15,92,3,10,4.0,40.0,0.0,0.0,6.0,60.0,Ekpe Udoh,16,0,2013-2014,0.0,1,6.0,MIL,76,O.J. Mayo,Ersan İlyasova,12:28,Miroslav Raduljica,3:31,,,,,,,,,31:07,Khris Middleton,30:27,Brandon Knight,30:13,John Henson,24:00,Nate Wolters,19:46,Gary Neal,19:35,Zaza Pachulia,16:57,Luke Ridnour,13:45,Giannis Antetokounmpo,13:25
0,,0,0.000,1,1.00,85,2,6,60.0,4,.444,4.0,44.4,9.0,9,1,.250,4,44.444,Logos via Sports Logos.net / About logos,W,https://www.basketball-reference.com/boxscores/201311300MIL.html,Home,92,38:42,4,40.0,BOS,Jeff Green,Keith Bogans,5:37,MarShon Brooks,4:23,,,,,,,,,40:43,Avery Bradley,35:06,Jordan Crawford,34:17,Jared Sullinger,32:58,Brandon Bass,26:19,Gerald Wallace,24:30,Vítor Luiz Faverani,15:02,Kris Humphries,13:28,Phil Pressey,7:37,85,2,9,8.0,88.9,0.0,0.0,1.0,11.1,Ekpe Udoh,7,0,2013-2014,2.0,1,10.0,MIL,92,John Henson,,,,,,,,,,,,,33:50,O.J. Mayo,31:08,Brandon Knight,30:57,Giannis Antetokounmpo,27:45,Zaza Pachulia,22:17,Luke Ridnour,20:57,Khris Middleton,17:32,Gary Neal,16:52,,
0,,0,0.000,1,0.50,100,3,1,100.0,4,.571,4.0,57.1,7.0,7,0,,0,0.000,Logos via Sports Logos.net / About logos,L,https://www.basketball-reference.com/boxscores/201312030BOS.html,Away,108,28:09,0,0.0,BOS,Jordan Crawford,Phil Pressey,5:13,,,,,,,,,,,38:48,Jared Sullinger,34:46,Brandon Bass,34:22,Jeff Green,32:21,Avery Bradley,30:24,Gerald Wallace,21:35,Kris Humphries,20:07,Courtney Lee,15:39,Vítor Luiz Faverani,6:45,108,2,8,8.0,100.0,0.0,0.0,0.0,0.0,Ekpe Udoh,8,0,2013-2014,3.0,2,1.0,MIL,100,Khris Middleton,,,,,,,,,,,,,32:34,O.J. Mayo,31:59,Brandon Knight,30:54,John Henson,28:39,Ersan İlyasova,21:09,Zaza Pachulia,18:03,Luke Ridnour,17:06,Gary Neal,16:01,Giannis Antetokounmpo,15:26
0,,0,0.000,0,0.00,105,6,3,75.0,1,.250,1.0,25.0,4.0,4,1,.500,2,50.000,Logos via Sports Logos.net / About logos,L,https://www.basketball-reference.com/boxscores/201312040MIL.html,Home,98,21:44,1,25.0,DET,Brandon Jennings,Josh Harrellson,3:16,,,,,,,,,,,41:38,Josh Smith,41:33,Andre Drummond,37:37,Greg Monroe,31:20,Kentavious Caldwell-Pope,27:54,Rodney Stuckey,25:06,Kyle Singler,20:37,Jonas Jerebko,7:21,Peyton Siva,3:38,105,4,3,2.0,66.7,0.0,0.0,1.0,33.3,Ekpe Udoh,7,1,2013-2014,7.0,1,4.0,MIL,98,Ersan İlyasova,Miroslav Raduljica,1:58,,,,,,,,,,,36:33,John Henson,29:33,Luke Ridnour,28:24,Giannis Antetokounmpo,27:39,Gary Neal,24:38,O.J. Mayo,23:22,Khris Middleton,20:21,Brandon Knight,19:36,Zaza Pachulia,6:12
0,,0,0.000,1,0.50,109,0,4,66.7,3,.600,3.0,60.0,5.0,5,1,1.000,1,20.000,Logos via Sports Logos.net / About logos,W,https://www.basketball-reference.com/boxscores/201312060WAS.html,Away,105,32:38,2,33.3,WAS,John Wall,Eric Maynor,4:28,Garrett Temple,1:02,Glen Rice Jr.,0:20,,,,,,,47:30,Trevor Ariza,46:10,Marcin Gortat,39:10,Chris Singleton,33:18,Trevor Booker,25:43,Nenê,24:54,Jan Veselý,16:13,Otto Porter Jr.,14:12,Martell Webster,12:00,105,3,7,6.0,85.7,0.0,0.0,1.0,14.3,Ekpe Udoh,4,0,2013-2014,0.0,2,6.0,MIL,109,Khris Middleton,,,,,,,,,,,,,47:16,John Henson,45:22,O.J. Mayo,39:09,Brandon Knight,32:52,Ersan İlyasova,27:49,Giannis Antetokounmpo,19:35,Nate Wolters,17:02,Luke Ridnour,3:17,,
0,,0,0.000,0,,90,1,1,50.0,0,.000,0.0,0.0,1.0,1,0,.000,2,200.000,Logos via Sports Logos.net / About logos,L,https://www.basketball-reference.com/boxscores/201312070MIL.html,Home,82,25:49,1,50.0,BRK,Joe Johnson,,,,,,,,,,,,,42:37,Brook Lopez,40:07,Alan Anderson,37:47,Shaun Livingston,34:58,Kevin Garnett,25:40,Andray Blatche,19:41,Mirza Teletović,15:36,Tyshawn Taylor,13:02,Reggie Evans,10:32,90,5,0,0.0,,0.0,,0.0,,Ekpe Udoh,8,1,2013-2014,2.0,0,2.0,MIL,82,Khris Middleton,,,,,,,,,,,,,37:29,Brandon Knight,37:06,O.J. Mayo,34:50,John Henson,33:38,Ersan İlyasova,29:22,Giannis Antetokounmpo,14:08,Nate Wolters,10:54,Miroslav Raduljica,9:29,Gary Neal,7:15
0,,0,0.000,0,,78,2,1,20.0,2,.667,2.0,66.7,3.0,3,0,.000,2,66.667,Logos via Sports Logos.net / About logos,W,https://www.basketball-reference.com/boxscores/201312100CHI.html,Away,74,22:28,4,80.0,CHI,Mike Dunleavy,,,,,,,,,,,,,43:53,Kirk Hinrich,39:55,Tony Snell,37:38,Carlos Boozer,36:56,Taj Gibson,36:23,Marquis Teague,22:40,Nazr Mohammed,12:25,Erik Murphy,10:10,,,74,3,4,4.0,100.0,0.0,0.0,0.0,0.0,Ekpe Udoh,4,1,2013-2014,3.0,0,5.0,MIL,78,O.J. Mayo,,,,,,,,,,,,,44:11,Brandon Knight,43:53,John Henson,40:54,Khris Middleton,32:48,Ersan İlyasova,31:09,Nate Wolters,13:15,Giannis Antetokounmpo,9:59,Miroslav Raduljica,1:23,,
0,,0,0.000,0,,109,0,0,,1,.250,1.0,25.0,4.0,4,0,,0,0.000,Logos via Sports Logos.net / About logos,L,https://www.basketball-reference.com/boxscores/201312110MIL.html,Home,77,14:12,0,,SAS,Boris Diaw,Manu Ginóbili,17:42,Patty Mills,10:23,Nando De Colo,9:27,,,,,,,27:17,Jeff Ayres,25:12,Marco Belinelli,24:12,Tim Duncan,24:07,Kawhi Leonard,23:55,Tony Parker,20:51,Matt Bonner,19:24,Cory Joseph,19:22,Danny Green,18:08,109,1,2,2.0,100.0,0.0,0.0,0.0,0.0,Ekpe Udoh,32,0,2013-2014,0.0,0,0.0,MIL,77,Ersan İlyasova,,,,,,,,,,,,,38:31,Giannis Antetokounmpo,33:12,Nate Wolters,30:11,Luke Ridnour,26:06,Miroslav Raduljica,22:40,O.J. Mayo,21:54,John Henson,20:37,Brandon Knight,17:49,Khris Middleton,14:48
0,,0,0.000,2,0.67,91,3,4,80.0,3,.600,3.0,60.0,5.0,5,1,.500,2,40.000,Logos via Sports Logos.net / About logos,L,https://www.basketball-reference.com/boxscores/201312130MIL.html,Home,90,32:51,1,20.0,CHI,Mike Dunleavy,,,,,,,,,,,,,38:17,Carlos Boozer,37:17,Jimmy Butler,36:35,Kirk Hinrich,36:13,Joakim Noah,35:09,Tony Snell,21:08,Taj Gibson,18:48,D.J. Augustin,11:47,Nazr Mohammed,4:46,91,3,7,6.0,85.7,0.0,0.0,1.0,14.3,Ekpe Udoh,1,1,2013-2014,4.0,3,5.0,MIL,90,John Henson,,,,,,,,,,,,,35:45,Brandon Knight,29:14,O.J. Mayo,29:06,Ersan İlyasova,24:22,Giannis Antetokounmpo,23:51,Khris Middleton,23:42,Gary Neal,19:18,Nate Wolters,18:57,Miroslav Raduljica,2:54
0,,0,0.000,0,,93,0,2,100.0,1,1.000,1.0,100.0,1.0,1,0,,0,0.000,Logos via Sports Logos.net / About logos,L,https://www.basketball-reference.com/boxscores/201312140DAL.html,Away,106,17:38,0,0.0,DAL,Jae Crowder,Bernard James,9:40,Gal Mekel,6:41,,,,,,,,,34:02,DeJuan Blair,28:36,Vince Carter,25:32,Shane Larkin,24:46,Monta Ellis,23:20,José Calderón,23:14,Wayne Ellington,22:49,Shawn Marion,22:33,Brandan Wright,18:47,106,3,2,2.0,100.0,0.0,0.0,0.0,0.0,Ekpe Udoh,13,0,2013-2014,0.0,0,2.0,MIL,93,Giannis Antetokounmpo,Gary Neal,12:56,,,,,,,,,,,34:46,Khris Middleton,29:47,John Henson,28:59,Nate Wolters,27:34,Brandon Knight,23:40,Ersan İlyasova,18:37,Luke Ridnour,16:27,O.J. Mayo,15:23,Miroslav Raduljica,14:13
0,,0,0.000,0,0.00,107,1,6,75.0,0,.000,0.0,0.0,2.0,2,0,,0,0.000,Logos via Sports Logos.net / About logos,L,https://www.basketball-reference.com/boxscores/201312180MIL.html,Home,101,15:56,2,25.0,NYK,Carmelo Anthony,,,,,,,,,,,,,55:27,J.R. Smith,48:29,Beno Udrih,39:45,Tyson Chandler,36:30,Andrea Bargnani,34:22,Iman Shumpert,30:53,Tim Hardaway Jr.,22:25,Metta World Peace,12:17,Toure' Murry,9:52,107,3,0,0.0,,0.0,,0.0,,Ekpe Udoh,6,1,2013-2014,2.0,1,8.0,MIL,101,Khris Middleton,,,,,,,,,,,,,51:38,John Henson,50:39,Brandon Knight,49:47,Ersan İlyasova,49:25,Giannis Antetokounmpo,41:46,Luke Ridnour,16:51,Nate Wolters,13:58,,,,
0,,0,0.000,0,0.00,111,0,2,33.3,4,.571,4.0,57.1,7.0,7,2,1.000,2,28.571,Logos via Sports Logos.net / About logos,L,https://www.basketball-reference.com/boxscores/201312200CLE.html,Away,114,28:05,4,66.7,CLE,Kyrie Irving,,,,,,,,,,,,,42:13,Jarrett Jack,37:38,Anderson Varejão,34:06,Alonzo Gee,33:51,C.J. Miles,29:39,Tristan Thompson,28:47,Andrew Bynum,24:12,Earl Clark,18:55,Matthew Dellavedova,15:39,114,5,10,8.0,80.0,0.0,0.0,2.0,20.0,Ekpe Udoh,3,0,2013-2014,0.0,3,6.0,MIL,111,Khris Middleton,,,,,,,,,,,,,49:38,John Henson,36:45,O.J. Mayo,35:57,Brandon Knight,34:40,Giannis Antetokounmpo,22:59,Luke Ridnour,21:21,Nate Wolters,18:20,Miroslav Raduljica,17:15,,
0,,0,0.000,2,,106,5,3,42.9,0,.000,0.0,0.0,1.0,1,0,,0,0.000,Logos via Sports Logos.net / About logos,W,https://www.basketball-reference.com/boxscores/201312210MIL.html,Home,116,25:37,4,57.1,PHI,Thaddeus Young,Brandon Davies,8:42,,,,,,,,,,,39:18,Spencer Hawes,35:08,Evan Turner,33:28,Michael Carter-Williams,32:55,James Anderson,24:14,Hollis Thompson,20:15,Tony Wroten,19:31,Elliot Williams,13:37,Lavoy Allen,12:52,106,5,0,0.0,,0.0,,0.0,,Ekpe Udoh,10,0,2013-2014,5.0,0,7.0,MIL,116,Caron Butler,,,,,,,,,,,,,39:42,Khris Middleton,36:06,Giannis Antetokounmpo,34:44,Brandon Knight,33:11,Miroslav Raduljica,21:40,O.J. Mayo,20:11,Nate Wolters,15:24,Luke Ridnour,13:25,,
0,,0,0.000,2,2.00,110,0,2,50.0,1,.250,1.0,25.0,4.0,4,0,,0,0.000,Logos via Sports Logos.net / About logos,L,https://www.basketball-reference.com/boxscores/201312230CHA.html,Away,111,14:22,2,50.0,CHA,Al Jefferson,Bismack Biyombo,13:46,,,,,,,,,,,39:14,Kemba Walker,38:31,Gerald Henderson,37:19,Anthony Tolliver,33:33,Josh McRoberts,30:57,Cody Zeller,22:03,Chris Douglas-Roberts,19:27,Ramon Sessions,15:56,Ben Gordon,14:14,111,2,2,2.0,100.0,0.0,0.0,0.0,0.0,Ekpe Udoh,1,1,2013-2014,1.0,1,4.0,MIL,110,Khris Middleton,,,,,,,,,,,,,40:46,Brandon Knight,37:41,Giannis Antetokounmpo,35:42,John Henson,35:11,Caron Butler,29:50,O.J. Mayo,25:01,Miroslav Raduljica,19:14,Nate Wolters,15:19,Luke Ridnour,11:54
0,,0,,1,,117,0,1,100.0,0,,0.0,,0.0,0,0,,0,,Logos via Sports Logos.net / About logos,L,https://www.basketball-reference.com/boxscores/201312280MIL.html,Home,95,4:08,0,0.0,MIN,Kevin Love,Robbie Hummel,5:18,Gorgui Dieng,1:37,Shabazz Muhammad,1:37,A.J. Price,1:37,,,,,34:44,Corey Brewer,33:06,Nikola Peković,32:47,Kevin Martin,28:43,Ricky Rubio,27:19,Alexey Shved,19:55,J.J. Barea,19:04,Dante Cunningham,18:47,Luc Mbah a Moute,15:26,117,2,0,0.0,,0.0,,0.0,,Ekpe Udoh,22,0,2013-2014,0.0,0,1.0,MIL,95,Khris Middleton,,,,,,,,,,,,,40:55,Brandon Knight,33:38,Larry Sanders,33:31,Giannis Antetokounmpo,31:10,Caron Butler,24:17,O.J. Mayo,23:55,Ersan İlyasova,20:32,Nate Wolters,14:22,Miroslav Raduljica,13:32
0,,0,,0,,100,1,0,,0,,0.0,,0.0,0,2,1.000,2,,Logos via Sports Logos.net / About logos,L,https://www.basketball-reference.com/boxscores/201401040PHO.html,Away,116,18:21,0,,PHO,Gerald Green,Dionte Christmas,3:11,Viacheslav Kravtsov,3:11,,,,,,,,,33:03,Channing Frye,32:46,Marcus Morris,30:03,Goran Dragić,28:40,P.J. Tucker,27:43,Markieff Morris,26:17,Miles Plumlee,20:49,Ish Smith,19:20,Archie Goodwin,14:57,116,1,2,0.0,0.0,0.0,0.0,2.0,100.0,Ekpe Udoh,16,0,2013-2014,1.0,0,0.0,MIL,100,Brandon Knight,Miroslav Raduljica,3:11,Nate Wolters,3:11,,,,,,,,,35:33,O.J. Mayo,30:35,Caron Butler,27:05,Larry Sanders,26:28,Khris Middleton,22:25,Ersan İlyasova,20:55,Luke Ridnour,20:55,Gary Neal,17:47,Giannis Antetokounmpo,13:34
0,,0,0.000,0,0.00,101,2,4,66.7,0,.000,0.0,0.0,4.0,4,1,.500,2,50.000,Logos via Sports Logos.net / About logos,L,https://www.basketball-reference.com/boxscores/201401070MIL.html,Home,80,15:51,2,33.3,GSW,Stephen Curry,Toney Douglas,11:46,Ognjen Kuzmić,2:18,,,,,,,,,36:14,David Lee,35:11,Andre Iguodala,29:04,Klay Thompson,26:20,Harrison Barnes,26:19,Andrew Bogut,24:22,Draymond Green,19:45,Marreese Speights,14:34,Kent Bazemore,14:07,101,2,1,0.0,0.0,0.0,0.0,1.0,100.0,Ekpe Udoh,21,0,2013-2014,2.0,2,6.0,MIL,80,Brandon Knight,Nate Wolters,2:18,,,,,,,,,,,35:54,Ersan İlyasova,30:57,Khris Middleton,30:40,Larry Sanders,29:51,Luke Ridnour,25:38,O.J. Mayo,25:02,Giannis Antetokounmpo,24:28,Caron Butler,17:03,Miroslav Raduljica,2:18
0,,0,0.000,2,1.00,81,1,2,50.0,1,.250,1.0,25.0,4.0,4,0,,0,0.000,Logos via Sports Logos.net / About logos,L,https://www.basketball-reference.com/boxscores/201401100MIL.html,Home,72,19:27,2,50.0,CHI,Jimmy Butler,,,,,,,,,,,,,40:17,Joakim Noah,35:01,Mike Dunleavy,34:42,Kirk Hinrich,33:16,Carlos Boozer,30:35,Taj Gibson,23:52,D.J. Augustin,23:35,Tony Snell,12:20,Nazr Mohammed,6:22,81,0,2,2.0,100.0,0.0,0.0,0.0,0.0,Ekpe Udoh,9,0,2013-2014,1.0,2,4.0,MIL,72,Luke Ridnour,,,,,,,,,,,,,40:20,Brandon Knight,30:31,Ersan İlyasova,29:54,Khris Middleton,29:20,O.J. Mayo,27:07,Larry Sanders,22:55,Miroslav Raduljica,20:37,Giannis Antetokounmpo,11:42,Caron Butler,8:07
0,,0,0.000,0,,85,1,4,66.7,1,.500,1.0,50.0,2.0,2,0,,0,0.000,Logos via Sports Logos.net / About logos,L,https://www.basketball-reference.com/boxscores/201401110OKC.html,Away,101,24:00,2,33.3,OKC,Kevin Durant,Perry Jones,6:44,,,,,,,,,,,39:57,Thabo Sefolosha,38:49,Serge Ibaka,32:37,Jeremy Lamb,28:28,Reggie Jackson,24:10,Derek Fisher,23:50,Kendrick Perkins,20:39,Nick Collison,13:38,Steven Adams,11:08,101,2,2,2.0,100.0,0.0,0.0,0.0,0.0,Ekpe Udoh,16,1,2013-2014,2.0,0,6.0,MIL,85,Giannis Antetokounmpo,,,,,,,,,,,,,38:09,Khris Middleton,35:51,Brandon Knight,34:40,O.J. Mayo,30:06,Luke Ridnour,28:08,Ersan İlyasova,25:53,Miroslav Raduljica,16:43,Larry Sanders,6:30,,
0,,0,0.000,0,,82,0,4,100.0,1,.333,1.0,33.3,3.0,3,2,1.000,2,66.667,Logos via Sports Logos.net / About logos,L,https://www.basketball-reference.com/boxscores/201401190SAS.html,Away,110,20:18,0,0.0,SAS,Tim Duncan,Jeff Ayres,14:43,Malcolm Thomas,14:40,,,,,,,,,27:45,Patty Mills,26:43,Cory Joseph,26:01,Marco Belinelli,25:43,Nando De Colo,25:09,Manu Ginóbili,22:09,Kawhi Leonard,20:58,Boris Diaw,20:50,Aron Baynes,15:19,110,1,4,2.0,50.0,0.0,0.0,2.0,50.0,Ekpe Udoh,28,1,2013-2014,1.0,0,4.0,MIL,82,Brandon Knight,Luke Ridnour,11:02,Miroslav Raduljica,7:06,,,,,,,,,32:16,Giannis Antetokounmpo,30:05,Khris Middleton,26:27,John Henson,23:48,Larry Sanders,20:36,Ersan İlyasova,19:28,O.J. Mayo,19:02,Gary Neal,17:52,Nate Wolters,12:00
0,,0,0.000,2,1.00,101,0,2,50.0,1,.333,1.0,33.3,3.0,3,2,1.000,2,66.667,Logos via Sports Logos.net / About logos,W,https://www.basketball-reference.com/boxscores/201401220MIL.html,Home,104,24:14,2,50.0,DET,Kentavious Caldwell-Pope,,,,,,,,,,,,,44:07,Brandon Jennings,36:59,Josh Smith,34:10,Andre Drummond,33:09,Rodney Stuckey,32:34,Greg Monroe,28:52,Kyle Singler,19:08,Will Bynum,11:01,,,101,2,4,2.0,50.0,0.0,0.0,2.0,50.0,Ekpe Udoh,3,0,2013-2014,0.0,2,4.0,MIL,104,Brandon Knight,,,,,,,,,,,,,41:18,Caron Butler,32:29,Khris Middleton,30:01,Ersan İlyasova,27:22,Giannis Antetokounmpo,25:42,John Henson,20:39,Miroslav Raduljica,19:36,Luke Ridnour,18:39,,
0,,0,0.000,0,,78,1,0,0.0,1,.500,1.0,50.0,2.0,2,0,,0,0.000,Logos via Sports Logos.net / About logos,L,https://www.basketball-reference.com/boxscores/201401240CLE.html,Away,93,11:47,1,100.0,CLE,Luol Deng,Earl Clark,13:52,Anthony Bennett,5:14,Henry Sims,4:49,Alonzo Gee,3:04,,,,,29:13,Kyrie Irving,28:25,Dion Waiters,28:17,Anderson Varejão,26:04,Tristan Thompson,24:25,Jarrett Jack,22:26,Tyler Zeller,21:36,Matthew Dellavedova,17:20,C.J. Miles,15:15,93,0,2,2.0,100.0,0.0,0.0,0.0,0.0,Ekpe Udoh,15,0,2013-2014,1.0,0,1.0,MIL,78,Khris Middleton,Miroslav Raduljica,16:18,Nate Wolters,8:30,,,,,,,,,28:18,Giannis Antetokounmpo,26:23,John Henson,24:53,Brandon Knight,23:01,Ersan İlyasova,22:16,O.J. Mayo,22:14,Larry Sanders,20:51,Luke Ridnour,18:38,Caron Butler,16:51
0,,0,,1,0.50,102,1,1,100.0,0,,0.0,,0.0,0,0,,0,,Logos via Sports Logos.net / About logos,L,https://www.basketball-reference.com/boxscores/201402100MIL.html,Home,86,14:30,0,0.0,BOS,Jeff Green,,,,,,,,,,,,,44:08,Jared Sullinger,33:21,Gerald Wallace,27:47,Brandon Bass,26:47,Phil Pressey,24:09,Chris Johnson,24:05,Jerryd Bayless,23:51,Kelly Olynyk,21:13,Kris Humphries,14:39,102,2,0,0.0,,0.0,,0.0,,Ekpe Udoh,16,0,2013-2014,1.0,2,1.0,MIL,86,Brandon Knight,,,,,,,,,,,,,40:42,John Henson,37:29,Nate Wolters,36:29,Zaza Pachulia,31:52,Khris Middleton,26:39,Giannis Antetokounmpo,26:13,Gary Neal,18:55,Miroslav Raduljica,7:11,,
0,,0,0.000,1,,101,1,1,100.0,0,.000,0.0,0.0,1.0,1,0,,0,0.000,Logos via Sports Logos.net / About logos,L,https://www.basketball-reference.com/boxscores/201403110MIN.html,Away,112,12:22,0,0.0,MIN,Kevin Love,Gorgui Dieng,1:46,Robbie Hummel,1:46,Alexey Shved,1:28,,,,,,,42:19,Corey Brewer,34:52,Ricky Rubio,32:38,Kevin Martin,30:55,Dante Cunningham,28:58,J.J. Barea,28:03,Nikola Peković,22:57,Chase Budinger,9:31,Shabazz Muhammad,4:47,112,3,0,0.0,,0.0,,0.0,,Ekpe Udoh,11,0,2013-2014,1.0,0,1.0,MIL,101,John Henson,Tony Mitchell,1:46,,,,,,,,,,,32:29,Brandon Knight,32:12,Nate Wolters,31:14,Khris Middleton,29:10,Zaza Pachulia,27:51,Ramon Sessions,27:38,Giannis Antetokounmpo,22:00,Jeff Adrien,20:09,Miroslav Raduljica,3:09
0,,0,0.000,0,,94,0,1,50.0,2,.500,2.0,50.0,4.0,4,0,,0,0.000,Logos via Sports Logos.net / About logos,L,https://www.basketball-reference.com/boxscores/201403150NYK.html,Away,115,8:00,1,50.0,NYK,Carmelo Anthony,Cole Aldrich,6:36,Toure' Murry,6:05,Shannon Brown,5:12,Earl Clark,3:23,,,,,32:31,Iman Shumpert,26:38,Amar'e Stoudemire,26:27,Tyson Chandler,25:12,Tim Hardaway Jr.,25:11,Raymond Felton,23:26,J.R. Smith,22:34,Pablo Prigioni,18:29,Jeremy Tyler,18:16,115,2,4,4.0,100.0,0.0,0.0,0.0,0.0,Ekpe Udoh,21,0,2013-2014,0.0,0,2.0,MIL,94,Nate Wolters,Chris Wright,6:36,,,,,,,,,,,29:19,Ramon Sessions,28:14,Khris Middleton,26:48,Giannis Antetokounmpo,26:33,Brandon Knight,26:32,Ersan İlyasova,24:56,Jeff Adrien,23:04,John Henson,20:25,Zaza Pachulia,19:33
0,,0,0.000,0,,101,0,1,100.0,0,.000,0.0,0.0,1.0,1,0,,0,0.000,Logos via Sports Logos.net / About logos,L,https://www.basketball-reference.com/boxscores/201403160MIL.html,Home,92,4:22,0,0.0,CHA,Al Jefferson,Bismack Biyombo,11:08,,,,,,,,,,,36:52,Josh McRoberts,32:18,Kemba Walker,31:18,Gerald Henderson,30:55,Michael Kidd-Gilchrist,27:23,Gary Neal,24:46,Luke Ridnour,16:42,Cody Zeller,15:42,Chris Douglas-Roberts,12:56,101,2,0,0.0,,0.0,,0.0,,Ekpe Udoh,9,0,2013-2014,0.0,0,1.0,MIL,92,Zaza Pachulia,,,,,,,,,,,,,38:21,Brandon Knight,35:41,John Henson,35:33,Khris Middleton,31:51,Ramon Sessions,29:30,Nate Wolters,28:19,Giannis Antetokounmpo,21:56,Jeff Adrien,14:27,,
0,,0,0.000,1,,98,1,0,,1,.250,1.0,25.0,4.0,4,0,,0,0.000,Logos via Sports Logos.net / About logos,L,https://www.basketball-reference.com/boxscores/201403240LAC.html,Away,106,9:57,0,,LAC,Blake Griffin,Jared Dudley,5:23,,,,,,,,,,,38:18,Chris Paul,36:33,DeAndre Jordan,33:58,Darren Collison,33:36,Matt Barnes,28:22,Jamal Crawford,27:10,Glen Davis,14:02,Danny Granger,12:56,Hedo Türkoğlu,9:42,106,0,2,2.0,100.0,0.0,0.0,0.0,0.0,Ekpe Udoh,8,0,2013-2014,1.0,0,0.0,MIL,98,Ramon Sessions,,,,,,,,,,,,,44:10,Zaza Pachulia,35:17,Brandon Knight,35:04,Jeff Adrien,31:54,Giannis Antetokounmpo,28:04,Khris Middleton,19:56,John Henson,18:52,O.J. Mayo,16:46,,
0,,0,0.000,1,1.00,105,3,2,100.0,2,.500,2.0,50.0,4.0,4,0,,0,0.000,Logos via Sports Logos.net / About logos,W,https://www.basketball-reference.com/boxscores/201403270MIL.html,Home,108,16:12,0,0.0,LAL,Jordan Hill,Ryan Kelly,16:24,,,,,,,,,,,31:20,Jodie Meeks,31:13,Nick Young,28:47,Kendall Marshall,28:02,Robert Sacre,26:33,Chris Kaman,21:27,Xavier Henry,19:59,Wesley Johnson,18:35,Kent Bazemore,17:40,105,3,4,4.0,100.0,0.0,0.0,0.0,0.0,Ekpe Udoh,3,0,2013-2014,3.0,1,2.0,MIL,108,Brandon Knight,,,,,,,,,,,,,45:36,Ramon Sessions,42:19,Jeff Adrien,31:59,Khris Middleton,30:51,John Henson,26:26,Giannis Antetokounmpo,25:14,Zaza Pachulia,21:23,,,,
0,,0,0.000,1,1.00,88,1,0,0.0,1,.333,1.0,33.3,3.0,3,0,,0,0.000,Logos via Sports Logos.net / About logos,L,https://www.basketball-reference.com/boxscores/201403290MIL.html,Home,67,21:46,2,100.0,MIA,Toney Douglas,Justin Hamilton,3:09,Michael Beasley,3:09,,,,,,,,,38:31,LeBron James,30:03,Norris Cole,27:26,Shane Battier,27:20,James Jones,26:43,Chris Bosh,25:54,Chris Andersen,22:17,Rashard Lewis,20:19,Udonis Haslem,15:09,88,1,2,2.0,100.0,0.0,0.0,0.0,0.0,Ekpe Udoh,21,1,2013-2014,2.0,1,2.0,MIL,67,Ramon Sessions,,,,,,,,,,,,,41:21,Khris Middleton,39:03,Brandon Knight,38:48,John Henson,29:41,Giannis Antetokounmpo,21:40,Zaza Pachulia,18:02,Jeff Adrien,14:56,D.J. Stephens,11:42,Miroslav Raduljica,3:01
0,,0,0.000,0,0.00,111,0,3,75.0,1,1.000,1.0,100.0,1.0,1,1,.500,2,200.000,Logos via Sports Logos.net / About logos,L,https://www.basketball-reference.com/boxscores/201403310DET.html,Away,116,16:51,1,25.0,DET,Greg Monroe,Charlie Villanueva,7:31,,,,,,,,,,,39:30,Brandon Jennings,38:26,Josh Smith,29:35,Kyle Singler,28:25,Andre Drummond,28:13,Will Bynum,23:17,Rodney Stuckey,20:15,Kentavious Caldwell-Pope,13:27,Jonas Jerebko,11:21,116,3,3,2.0,66.7,0.0,0.0,1.0,33.3,Ekpe Udoh,5,0,2013-2014,0.0,1,4.0,MIL,111,Ramon Sessions,,,,,,,,,,,,,43:40,Brandon Knight,38:06,Zaza Pachulia,34:54,Khris Middleton,31:46,Giannis Antetokounmpo,30:28,Jeff Adrien,26:52,John Henson,17:23,,,,
0,,0,0.000,1,,77,0,2,100.0,1,.333,1.0,33.3,3.0,3,0,,0,0.000,Logos via Sports Logos.net / About logos,L,https://www.basketball-reference.com/boxscores/201404020MIA.html,Away,96,15:33,0,0.0,MIA,Mario Chalmers,Michael Beasley,5:31,Justin Hamilton,5:31,Shane Battier,5:31,,,,,,,32:34,LeBron James,29:21,Chris Bosh,26:15,Toney Douglas,26:15,Norris Cole,25:18,James Jones,25:01,Udonis Haslem,24:57,Chris Andersen,17:32,Rashard Lewis,16:14,96,1,2,2.0,100.0,0.0,0.0,0.0,0.0,Ekpe Udoh,19,0,2013-2014,0.0,0,2.0,MIL,77,Ramon Sessions,,,,,,,,,,,,,45:24,Brandon Knight,41:42,Jeff Adrien,34:29,Khris Middleton,32:35,Zaza Pachulia,25:27,Giannis Antetokounmpo,21:45,John Henson,15:01,Miroslav Raduljica,5:31,D.J. Stephens,2:33
0,,0,,0,,90,0,0,,0,,0.0,,0.0,0,0,,0,,Logos via Sports Logos.net / About logos,W,https://www.basketball-reference.com/boxscores/201410300LAC.html,Home,93,3:32,0,,OKC,Perry Jones,,,,,,,,,,,,,41:42,Sebastian Telfair,37:41,Andre Roberson,37:11,Serge Ibaka,32:44,Steven Adams,29:03,Kendrick Perkins,18:57,Lance Thomas,18:41,Nick Collison,15:18,Russell Westbrook,8:43,90,1,0,0.0,,0.0,,0.0,,Ekpe Udoh,3,0,2014-2015,0.0,0,0.0,LAC,93,Blake Griffin,,,,,,,,,,,,,38:27,Chris Paul,37:36,DeAndre Jordan,35:18,JJ Redick,29:34,Jamal Crawford,27:14,Matt Barnes,26:50,Spencer Hawes,18:39,Chris Douglas-Roberts,12:26,Jordan Farmar,10:24
0,,0,0.000,0,,107,0,0,,0,.000,0.0,0.0,1.0,1,0,,0,0.000,Logos via Sports Logos.net / About logos,W,https://www.basketball-reference.com/boxscores/201411150LAC.html,Home,120,1:36,0,,PHO,Eric Bledsoe,Anthony Tolliver,3:35,Archie Goodwin,1:57,Zoran Dragić,1:57,Shavlik Randolph,1:57,,,,,33:53,Goran Dragić,33:03,Gerald Green,28:26,Isaiah Thomas,27:29,Alex Len,25:49,Markieff Morris,23:53,P.J. Tucker,21:16,Miles Plumlee,18:36,Marcus Morris,18:09,107,1,0,0.0,,0.0,,0.0,,Ekpe Udoh,13,0,2014-2015,0.0,0,0.0,LAC,120,Chris Paul,Glen Davis,3:03,Jared Cunningham,1:46,,,,,,,,,35:54,DeAndre Jordan,34:29,JJ Redick,34:24,Blake Griffin,31:54,Matt Barnes,27:16,Jamal Crawford,26:59,Spencer Hawes,18:16,Jordan Farmar,17:20,Reggie Bullock,7:02
0,,0,,0,0.00,105,0,0,,0,,0.0,,0.0,0,0,,0,,Logos via Sports Logos.net / About logos,L,https://www.basketball-reference.com/boxscores/201411170LAC.html,Home,89,1:16,0,,CHI,Jimmy Butler,,,,,,,,,,,,,45:17,Taj Gibson,41:13,Joakim Noah,36:22,Mike Dunleavy,35:14,Kirk Hinrich,33:39,Aaron Brooks,19:32,Nikola Mirotić,18:25,Doug McDermott,10:13,E'Twaun Moore,0:05,105,0,0,0.0,,0.0,,0.0,,Ekpe Udoh,16,0,2014-2015,0.0,1,0.0,LAC,89,Chris Paul,Glen Davis,4:48,Jared Cunningham,1:16,,,,,,,,,37:05,Blake Griffin,36:39,DeAndre Jordan,36:01,Matt Barnes,28:32,Jamal Crawford,27:18,JJ Redick,23:41,Spencer Hawes,17:13,Jordan Farmar,13:15,Reggie Bullock,12:56
0,,0,,0,,114,1,0,,0,,0.0,,0.0,0,0,,0,,Logos via Sports Logos.net / About logos,W,https://www.basketball-reference.com/boxscores/201411190ORL.html,Away,90,3:36,0,,ORL,Channing Frye,Dewayne Dedmon,10:04,,,,,,,,,,,33:46,Tobias Harris,30:53,Willie Green,30:45,Nikola Vučević,30:34,Maurice Harkless,29:07,Victor Oladipo,28:42,Elfrid Payton,16:12,Andrew Nicholson,16:10,Luke Ridnour,13:47,90,0,0,0.0,,0.0,,0.0,,Ekpe Udoh,24,1,2014-2015,2.0,0,0.0,LAC,114,Blake Griffin,Hedo Türkoğlu,15:05,Jared Cunningham,5:17,Reggie Bullock,3:36,,,,,,,30:12,Chris Paul,30:12,Matt Barnes,27:28,DeAndre Jordan,24:15,Jamal Crawford,23:31,JJ Redick,21:03,Spencer Hawes,20:59,Jordan Farmar,17:48,Glen Davis,16:58
0,,0,,0,,91,0,0,,0,,0.0,,0.0,0,0,,0,,Logos via Sports Logos.net / About logos,L,https://www.basketball-reference.com/boxscores/201411230MEM.html,Away,107,2:45,0,,MEM,Courtney Lee,Vince Carter,8:41,Nick Calathes,8:06,Jarnell Stokes,2:35,,,,,,,38:41,Marc Gasol,33:30,Zach Randolph,29:18,Mike Conley,26:57,Quincy Pondexter,21:16,Beno Udrih,20:18,Tony Allen,20:01,Jon Leuer,18:42,Kosta Koufos,11:55,107,0,0,0.0,,0.0,,0.0,,Ekpe Udoh,16,0,2014-2015,0.0,0,0.0,LAC,91,Chris Paul,Hedo Türkoğlu,14:47,Reggie Bullock,2:45,Jared Cunningham,2:45,,,,,,,34:23,Blake Griffin,33:26,Jamal Crawford,28:16,JJ Redick,26:10,Spencer Hawes,24:23,DeAndre Jordan,20:27,Matt Barnes,19:03,Jordan Farmar,15:51,Glen Davis,14:59
0,,0,,0,,102,0,0,0.0,0,,0.0,,0.0,0,0,,0,,Logos via Sports Logos.net / About logos,W,https://www.basketball-reference.com/boxscores/201411280HOU.html,Away,85,2:44,1,100.0,HOU,Trevor Ariza,Troy Daniels,9:40,Nick Johnson,5:59,,,,,,,,,38:04,James Harden,37:51,Tarik Black,27:09,Donatas Motiejūnas,25:40,Kostas Papanikolaou,23:11,Jason Terry,22:07,Francisco García,19:36,Joey Dorsey,15:48,Isaiah Canaan,14:55,85,0,0,0.0,,0.0,,0.0,,Ekpe Udoh,17,0,2014-2015,0.0,0,1.0,LAC,102,Chris Paul,Glen Davis,10:28,Reggie Bullock,5:20,Jared Cunningham,4:44,,,,,,,32:41,DeAndre Jordan,32:37,Blake Griffin,30:38,Jamal Crawford,30:22,JJ Redick,24:01,Matt Barnes,19:36,Spencer Hawes,18:07,Jordan Farmar,15:19,Hedo Türkoğlu,13:23
0,,0,0.000,1,,101,0,1,100.0,1,.500,1.0,50.0,2.0,2,0,,0,0.000,Logos via Sports Logos.net / About logos,W,https://www.basketball-reference.com/boxscores/201412010LAC.html,Home,127,8:04,0,0.0,MIN,Anthony Bennett,Jeff Adrien,13:12,Robbie Hummel,11:23,Glenn Robinson III,5:47,,,,,,,30:15,Shabazz Muhammad,27:10,Andrew Wiggins,26:15,Zach LaVine,24:01,Mo Williams,23:59,Chase Budinger,21:45,Thaddeus Young,21:10,Gorgui Dieng,20:00,Corey Brewer,15:03,101,3,2,2.0,100.0,0.0,0.0,0.0,0.0,Ekpe Udoh,26,0,2014-2015,0.0,0,1.0,LAC,127,DeAndre Jordan,Reggie Bullock,13:49,Jared Cunningham,11:47,Hedo Türkoğlu,9:45,,,,,,,26:12,Blake Griffin,25:20,Chris Paul,24:35,Matt Barnes,23:28,Jordan Farmar,23:25,JJ Redick,22:48,Spencer Hawes,20:05,Glen Davis,15:56,Jamal Crawford,14:46
0,,0,0.000,0,,86,0,0,,0,.000,0.0,0.0,1.0,1,0,,0,0.000,Logos via Sports Logos.net / About logos,W,https://www.basketball-reference.com/boxscores/201412030LAC.html,Home,114,4:37,0,,ORL,Elfrid Payton,Luke Ridnour,12:51,Willie Green,12:28,Kyle O'Quinn,6:37,,,,,,,29:45,Channing Frye,25:58,Dewayne Dedmon,25:10,Victor Oladipo,25:08,Tobias Harris,24:45,Evan Fournier,22:20,Ben Gordon,19:02,Maurice Harkless,18:56,Andrew Nicholson,17:00,86,0,0,0.0,,0.0,,0.0,,Ekpe Udoh,28,1,2014-2015,1.0,0,0.0,LAC,114,Matt Barnes,Hedo Türkoğlu,6:15,C.J. Wilcox,5:44,Jared Cunningham,5:44,,,,,,,38:58,Blake Griffin,28:54,Chris Paul,28:54,JJ Redick,28:12,DeAndre Jordan,26:49,Jamal Crawford,22:03,Spencer Hawes,16:34,Jordan Farmar,14:25,Glen Davis,12:51
0,,0,0.000,0,,100,1,1,100.0,0,.000,0.0,0.0,1.0,1,0,,0,0.000,Logos via Sports Logos.net / About logos,W,https://www.basketball-reference.com/boxscores/201412060LAC.html,Home,120,3:04,0,0.0,NOP,Anthony Davis,Gal Mekel,10:47,Alexis Ajinça,9:10,Jeff Withey,3:04,,,,,,,32:34,Jrue Holiday,27:38,Ömer Aşık,25:38,Ryan Anderson,25:34,Tyreke Evans,24:53,Austin Rivers,23:52,Dante Cunningham,20:45,Luke Babbitt,18:11,John Salmons,17:54,100,0,0,0.0,,0.0,,0.0,,Ekpe Udoh,20,0,2014-2015,1.0,0,1.0,LAC,120,JJ Redick,Hedo Türkoğlu,6:06,C.J. Wilcox,3:04,,,,,,,,,36:07,DeAndre Jordan,35:22,Matt Barnes,34:00,Blake Griffin,30:25,Chris Paul,29:54,Jamal Crawford,25:25,Spencer Hawes,18:30,Jared Cunningham,9:24,Glen Davis,8:39
0,,0,,0,,96,0,0,,0,,0.0,,0.0,0,2,1.000,2,,Logos via Sports Logos.net / About logos,L,https://www.basketball-reference.com/boxscores/201412120WAS.html,Away,104,2:09,0,,WAS,Bradley Beal,Otto Porter Jr.,8:15,Garrett Temple,2:22,DeJuan Blair,0:51,,,,,,,38:54,John Wall,37:48,Paul Pierce,29:14,Kris Humphries,26:54,Rasual Butler,25:10,Nenê,22:54,Marcin Gortat,22:13,Kevin Séraphin,15:21,Andre Miller,10:04,104,0,2,0.0,0.0,0.0,0.0,2.0,100.0,Ekpe Udoh,8,0,2014-2015,0.0,0,0.0,LAC,96,Blake Griffin,Spencer Hawes,5:58,C.J. Wilcox,2:09,Jared Cunningham,2:09,,,,,,,36:40,Chris Paul,35:04,JJ Redick,31:14,Matt Barnes,27:46,Jamal Crawford,26:41,DeAndre Jordan,24:44,Hedo Türkoğlu,17:51,Jordan Farmar,14:10,Glen Davis,13:25
0,,0,0.000,0,,91,0,1,50.0,0,.000,0.0,0.0,1.0,1,0,,0,0.000,Logos via Sports Logos.net / About logos,W,https://www.basketball-reference.com/boxscores/201412150LAC.html,Home,113,4:14,1,50.0,DET,Andre Drummond,Jonas Jerebko,12:00,Spencer Dinwiddie,8:46,,,,,,,,,36:39,Jodie Meeks,29:43,Josh Smith,27:23,Kentavious Caldwell-Pope,26:21,Brandon Jennings,24:29,Caron Butler,20:23,Greg Monroe,19:36,Kyle Singler,17:58,D.J. Augustin,16:42,91,2,0,0.0,,0.0,,0.0,,Ekpe Udoh,22,0,2014-2015,0.0,0,2.0,LAC,113,DeAndre Jordan,Hedo Türkoğlu,7:57,Jared Cunningham,2:22,Reggie Bullock,2:22,,,,,,,32:26,Blake Griffin,31:58,Jamal Crawford,27:25,Chris Paul,24:04,Matt Barnes,23:47,Jordan Farmar,23:01,Chris Douglas-Roberts,22:47,Glen Davis,19:03,JJ Redick,18:35
0,,0,0.000,1,,86,0,0,,0,.000,0.0,0.0,1.0,1,0,,0,0.000,Logos via Sports Logos.net / About logos,W,https://www.basketball-reference.com/boxscores/201412250LAC.html,Home,100,1:10,0,,GSW,Harrison Barnes,Leandro Barbosa,2:55,Ognjen Kuzmić,2:55,,,,,,,,,38:03,Klay Thompson,36:35,Stephen Curry,35:59,Draymond Green,34:20,Marreese Speights,22:13,Andre Iguodala,20:55,David Lee,18:42,Shaun Livingston,16:25,Justin Holiday,10:58,86,0,0,0.0,,0.0,,0.0,,Ekpe Udoh,14,0,2014-2015,0.0,0,0.0,LAC,100,Blake Griffin,Jared Cunningham,1:10,,,,,,,,,,,39:01,Chris Paul,37:30,DeAndre Jordan,36:09,Matt Barnes,32:13,Jamal Crawford,28:07,JJ Redick,27:33,Jordan Farmar,15:05,Reggie Bullock,11:21,Glen Davis,10:42
0,,0,,1,,110,0,0,,0,,0.0,,0.0,0,0,,0,,Logos via Sports Logos.net / About logos,L,https://www.basketball-reference.com/boxscores/201412270LAC.html,Home,98,1:42,0,,TOR,Terrence Ross,,,,,,,,,,,,,36:49,Kyle Lowry,35:42,Jonas Valančiūnas,34:17,Amir Johnson,32:11,Lou Williams,28:37,Patrick Patterson,23:42,Greivis Vásquez,22:15,James Johnson,21:00,Tyler Hansbrough,5:27,110,0,0,0.0,,0.0,,0.0,,Ekpe Udoh,12,0,2014-2015,0.0,0,0.0,LAC,98,Blake Griffin,Hedo Türkoğlu,3:31,Jared Cunningham,1:42,Chris Douglas-Roberts,1:42,,,,,,,38:04,DeAndre Jordan,38:04,JJ Redick,35:26,Chris Paul,34:13,Jamal Crawford,27:51,Matt Barnes,21:14,Jordan Farmar,14:00,Glen Davis,12:31,Reggie Bullock,10:00
0,,0,,0,,78,0,0,,0,,0.0,,0.0,0,0,,0,,Logos via Sports Logos.net / About logos,W,https://www.basketball-reference.com/boxscores/201412310LAC.html,Home,99,1:39,0,,NYK,Cole Aldrich,J.R. Smith,17:09,Travis Wear,1:39,,,,,,,,,31:24,Carmelo Anthony,28:51,José Calderón,28:51,Pablo Prigioni,28:46,Jason Smith,23:56,Shane Larkin,21:21,Andrea Bargnani,19:50,Tim Hardaway Jr.,19:35,Quincy Acy,18:38,78,0,0,0.0,,0.0,,0.0,,Ekpe Udoh,21,0,2014-2015,0.0,0,0.0,LAC,99,Blake Griffin,Reggie Bullock,11:16,Jared Cunningham,3:54,,,,,,,,,34:35,JJ Redick,31:44,Matt Barnes,28:29,Chris Paul,27:34,DeAndre Jordan,25:28,Spencer Hawes,23:01,Jamal Crawford,20:37,Jordan Farmar,20:26,Glen Davis,11:17
0,,0,0.000,0,0.00,91,0,1,100.0,2,1.000,2.0,100.0,2.0,2,0,,0,0.000,Logos via Sports Logos.net / About logos,W,https://www.basketball-reference.com/boxscores/201501030LAC.html,Home,127,5:41,0,0.0,PHI,Tony Wroten,Furkan Aldemir,12:30,,,,,,,,,,,38:55,Nerlens Noel,33:48,Robert Covington,31:51,K.J. McDaniels,25:53,Luc Mbah a Moute,24:23,JaKarr Sampson,24:14,Malcolm Thomas,17:20,Jerami Grant,16:06,Henry Sims,15:00,91,2,4,4.0,100.0,0.0,0.0,0.0,0.0,Ekpe Udoh,36,0,2014-2015,0.0,1,1.0,LAC,127,Chris Paul,Glen Davis,13:48,Jared Cunningham,5:41,,,,,,,,,30:25,Blake Griffin,29:43,JJ Redick,27:08,DeAndre Jordan,26:07,Matt Barnes,22:30,Jamal Crawford,21:44,Spencer Hawes,20:41,Reggie Bullock,18:57,Jordan Farmar,17:35
0,,0,0.000,0,,107,0,0,,1,1.000,1.0,100.0,1.0,1,0,,0,0.000,Logos via Sports Logos.net / About logos,L,https://www.basketball-reference.com/boxscores/201501050LAC.html,Home,98,1:50,0,,ATL,Paul Millsap,Kent Bazemore,8:14,Mike Muscala,1:40,,,,,,,,,34:23,Kyle Korver,33:21,Al Horford,33:14,DeMarre Carroll,33:07,Jeff Teague,32:26,Thabo Sefolosha,21:18,Pero Antić,17:44,Dennis Schröder,15:34,Mike Scott,8:59,107,0,2,2.0,100.0,0.0,0.0,0.0,0.0,Ekpe Udoh,9,0,2014-2015,0.0,0,0.0,LAC,98,Blake Griffin,Chris Douglas-Roberts,1:50,,,,,,,,,,,40:05,JJ Redick,35:13,DeAndre Jordan,34:08,Chris Paul,33:04,Matt Barnes,26:24,Jamal Crawford,25:01,Spencer Hawes,17:24,Jordan Farmar,14:56,Reggie Bullock,10:05
0,,0,0.000,1,,89,0,0,,0,.000,0.0,0.0,1.0,1,0,,0,0.000,Logos via Sports Logos.net / About logos,W,https://www.basketball-reference.com/boxscores/201501070LAC.html,Home,114,6:01,0,,LAL,Wayne Ellington,Ryan Kelly,12:00,Robert Sacre,10:21,,,,,,,,,39:46,Nick Young,30:08,Kobe Bryant,27:47,Jeremy Lin,26:06,Ed Davis,23:24,Jordan Hill,23:11,Jordan Clarkson,20:13,Carlos Boozer,15:04,Tarik Black,12:00,89,0,0,0.0,,0.0,,0.0,,Ekpe Udoh,25,0,2014-2015,0.0,0,0.0,LAC,114,Chris Paul,Spencer Hawes,13:21,C.J. Wilcox,6:01,,,,,,,,,31:12,Blake Griffin,30:51,DeAndre Jordan,30:17,Matt Barnes,30:00,JJ Redick,26:49,Jamal Crawford,17:38,Jordan Farmar,16:48,Reggie Bullock,15:32,Glen Davis,15:30
0,,0,,0,,100,0,0,0.0,0,,0.0,,0.0,0,0,,0,,Logos via Sports Logos.net / About logos,W,https://www.basketball-reference.com/boxscores/201501100LAC.html,Home,120,1:30,1,100.0,DAL,Monta Ellis,J.J. Barea,11:51,Al-Farouq Aminu,8:40,Dwight Powell,4:45,Raymond Felton,4:45,,,,,32:11,Tyson Chandler,31:33,Chandler Parsons,31:01,Dirk Nowitzki,30:22,Rajon Rondo,26:44,Devin Harris,17:41,Charlie Villanueva,14:25,Greg Smith,13:20,Richard Jefferson,12:42,100,0,0,0.0,,0.0,,0.0,,Ekpe Udoh,20,0,2014-2015,0.0,0,1.0,LAC,120,Matt Barnes,Glen Davis,4:45,Chris Douglas-Roberts,3:19,,,,,,,,,35:17,Blake Griffin,35:04,DeAndre Jordan,33:55,Chris Paul,30:00,JJ Redick,28:06,Jamal Crawford,22:07,Spencer Hawes,22:00,Jordan Farmar,16:30,Reggie Bullock,7:27
0,,0,,0,,104,0,0,,0,,0.0,,0.0,0,0,,0,,Logos via Sports Logos.net / About logos,L,https://www.basketball-reference.com/boxscores/201501110LAC.html,Home,90,1:08,0,,MIA,Chris Bosh,Udonis Haslem,4:42,,,,,,,,,,,39:06,Dwyane Wade,35:41,Luol Deng,34:24,Norris Cole,29:48,Hassan Whiteside,28:43,Danny Granger,24:00,Mario Chalmers,18:12,Chris Andersen,17:13,James Ennis III,8:11,104,0,0,0.0,,0.0,,0.0,,Ekpe Udoh,14,0,2014-2015,0.0,0,0.0,LAC,90,Blake Griffin,Glen Davis,3:58,Chris Douglas-Roberts,1:08,,,,,,,,,38:52,Chris Paul,35:59,JJ Redick,34:57,DeAndre Jordan,32:52,Matt Barnes,32:27,Jamal Crawford,22:19,Spencer Hawes,17:33,Jordan Farmar,12:01,Reggie Bullock,6:46
0,,0,,2,,84,1,1,33.3,0,,0.0,,0.0,0,0,,0,,Logos via Sports Logos.net / About logos,W,https://www.basketball-reference.com/boxscores/201501220LAC.html,Home,123,8:54,2,66.7,BRK,Jarrett Jack,Sergey Karasev,14:29,Bojan Bogdanović,13:25,Mirza Teletović,7:30,,,,,,,27:12,Markel Brown,26:01,Joe Johnson,25:44,Mason Plumlee,25:22,Brook Lopez,24:23,Jerome Jordan,21:10,Darius Morris,20:48,Cory Jefferson,17:35,Alan Anderson,16:21,84,1,0,0.0,,0.0,,0.0,,Ekpe Udoh,39,0,2014-2015,1.0,0,3.0,LAC,123,DeAndre Jordan,Hedo Türkoğlu,15:29,C.J. Wilcox,10:02,Dahntay Jones,8:54,,,,,,,25:36,Blake Griffin,24:53,Chris Paul,24:01,Austin Rivers,23:59,Matt Barnes,23:37,Glen Davis,21:01,JJ Redick,19:44,Jamal Crawford,18:14,Spencer Hawes,15:36
0,,0,0.000,0,,120,1,1,100.0,1,1.000,1.0,100.0,1.0,1,0,,0,0.000,Logos via Sports Logos.net / About logos,W,https://www.basketball-reference.com/boxscores/201501250PHO.html,Away,100,1:55,0,0.0,PHO,Goran Dragić,Reggie Bullock,2:31,Zoran Dragić,2:31,Archie Goodwin,2:31,T.J. Warren,2:31,,,,,37:36,Eric Bledsoe,32:21,P.J. Tucker,30:07,Alex Len,24:54,Isaiah Thomas,24:31,Gerald Green,20:10,Markieff Morris,20:09,Marcus Morris,20:08,Miles Plumlee,20:00,100,0,2,2.0,100.0,0.0,0.0,0.0,0.0,Ekpe Udoh,20,0,2014-2015,1.0,0,1.0,LAC,120,Chris Paul,Glen Davis,7:47,Dahntay Jones,1:55,C.J. Wilcox,1:55,,,,,,,36:28,Blake Griffin,36:12,DeAndre Jordan,32:07,JJ Redick,30:41,Matt Barnes,26:27,Jamal Crawford,23:42,Spencer Hawes,15:43,Austin Rivers,14:32,Hedo Türkoğlu,10:36
0,,0,,0,,105,0,0,0.0,0,,0.0,,0.0,0,0,,0,,Logos via Sports Logos.net / About logos,W,https://www.basketball-reference.com/boxscores/201501310SAS.html,Away,85,2:28,1,100.0,SAS,Kawhi Leonard,Cory Joseph,9:19,Matt Bonner,8:13,Reggie Williams,4:59,Jeff Ayres,4:40,,,,,34:20,Tony Parker,30:14,Danny Green,29:47,Boris Diaw,27:08,Tim Duncan,26:20,Manu Ginóbili,22:14,Tiago Splitter,17:02,Patty Mills,13:07,Aron Baynes,12:37,85,1,0,0.0,,0.0,,0.0,,Ekpe Udoh,20,0,2014-2015,0.0,0,1.0,LAC,105,Blake Griffin,Glen Davis,3:37,Dahntay Jones,2:28,C.J. Wilcox,2:28,,,,,,,34:40,DeAndre Jordan,30:57,Chris Paul,30:40,Matt Barnes,29:45,JJ Redick,27:47,Spencer Hawes,24:10,Jamal Crawford,20:34,Austin Rivers,18:29,Hedo Türkoğlu,11:57
0,,0,0.000,1,,94,0,2,100.0,1,1.000,1.0,100.0,1.0,1,2,1.000,2,200.000,Logos via Sports Logos.net / About logos,L,https://www.basketball-reference.com/boxscores/201502050CLE.html,Away,105,6:24,0,0.0,CLE,Kyrie Irving,Shawn Marion,12:00,Brendan Haywood,5:23,James Jones,5:23,,,,,,,31:58,J.R. Smith,28:56,Kevin Love,28:40,Timofey Mozgov,28:23,LeBron James,27:47,Matthew Dellavedova,20:20,Tristan Thompson,20:12,Iman Shumpert,18:07,Mike Miller,12:51,105,0,4,2.0,50.0,0.0,0.0,2.0,50.0,Ekpe Udoh,11,2,2014-2015,2.0,0,2.0,LAC,94,Jamal Crawford,C.J. Wilcox,16:48,Hedo Türkoğlu,1:46,,,,,,,,,30:01,Chris Paul,27:28,DeAndre Jordan,27:28,Blake Griffin,26:34,Matt Barnes,23:49,Austin Rivers,22:05,Dahntay Jones,20:35,Glen Davis,19:20,Spencer Hawes,17:42
0,,0,0.000,0,0.00,108,0,3,100.0,1,.500,1.0,50.0,2.0,2,0,.000,1,50.000,Logos via Sports Logos.net / About logos,L,https://www.basketball-reference.com/boxscores/201502080OKC.html,Away,131,9:20,0,0.0,OKC,Russell Westbrook,Perry Jones,9:21,Jeremy Lamb,8:31,Ish Smith,6:00,,,,,,,31:30,Serge Ibaka,29:51,Kevin Durant,29:00,Dion Waiters,24:13,Reggie Jackson,23:32,Mitch McGary,23:29,Andre Roberson,23:10,Nick Collison,19:03,Steven Adams,12:20,131,0,2,2.0,100.0,0.0,0.0,0.0,0.0,Ekpe Udoh,23,1,2014-2015,1.0,1,3.0,LAC,108,Chris Paul,Glen Davis,5:34,,,,,,,,,,,35:39,Spencer Hawes,35:26,DeAndre Jordan,35:04,Jamal Crawford,33:42,Matt Barnes,31:34,Austin Rivers,25:38,Hedo Türkoğlu,11:21,C.J. Wilcox,9:20,Dahntay Jones,7:22
0,,0,0.000,0,,99,2,4,100.0,0,.000,0.0,0.0,2.0,2,2,1.000,2,100.000,Logos via Sports Logos.net / About logos,W,https://www.basketball-reference.com/boxscores/201502210LAC.html,Home,126,7:56,0,0.0,SAC,Rudy Gay,Carl Landry,13:19,Ryan Hollins,6:42,David Stockton,6:42,,,,,,,31:47,Ben McLemore,28:35,Omri Casspi,27:56,DeMarcus Cousins,25:29,Ray McCallum,23:15,Andre Miller,21:57,Jason Thompson,21:04,Derrick Williams,18:50,Nik Stauskas,14:24,99,0,2,0.0,0.0,0.0,0.0,2.0,100.0,Ekpe Udoh,27,0,2014-2015,2.0,0,4.0,LAC,126,Matt Barnes,C.J. Wilcox,12:00,Dahntay Jones,9:26,,,,,,,,,28:16,Chris Paul,27:15,JJ Redick,26:24,Austin Rivers,26:24,Hedo Türkoğlu,22:02,Jamal Crawford,20:40,Spencer Hawes,20:36,DeAndre Jordan,20:04,Glen Davis,18:58
0,,0,,0,0.00,97,0,0,,0,,0.0,,0.0,0,0,,0,,Logos via Sports Logos.net / About logos,W,https://www.basketball-reference.com/boxscores/201502270MEM.html,Away,79,0:43,0,,MEM,Zach Randolph,Jon Leuer,11:51,Jordan Adams,1:41,JaMychal Green,1:41,,,,,,,36:09,Courtney Lee,31:59,Marc Gasol,30:39,Tony Allen,28:18,Mike Conley,25:36,Beno Udrih,23:59,Nick Calathes,16:14,Jeff Green,16:13,Kosta Koufos,15:40,79,0,0,0.0,,0.0,,0.0,,Ekpe Udoh,18,0,2014-2015,0.0,1,0.0,LAC,97,DeAndre Jordan,Dahntay Jones,0:43,C.J. Wilcox,0:43,,,,,,,,,41:10,JJ Redick,40:49,Chris Paul,39:31,Jamal Crawford,28:37,Spencer Hawes,24:13,Matt Barnes,24:10,Glen Davis,23:52,Austin Rivers,14:41,Jordan Hamilton,0:48
0,,0,,0,0.00,76,0,0,,0,,0.0,,0.0,0,0,,0,,Logos via Sports Logos.net / About logos,W,https://www.basketball-reference.com/boxscores/201503090LAC.html,Home,89,2:03,0,,MIN,Adreian Payne,Justin Hamilton,9:01,Lorenzo Brown,3:03,,,,,,,,,36:33,Ricky Rubio,34:04,Andrew Wiggins,32:04,Kevin Martin,29:05,Gorgui Dieng,26:55,Nikola Peković,23:31,Gary Neal,20:50,Zach LaVine,13:56,Chase Budinger,10:58,76,1,0,0.0,,0.0,,0.0,,Ekpe Udoh,13,0,2014-2015,0.0,1,0.0,LAC,89,JJ Redick,Jordan Hamilton,3:03,C.J. Wilcox,2:03,Dahntay Jones,1:37,,,,,,,39:00,DeAndre Jordan,38:54,Matt Barnes,30:43,Chris Paul,29:43,Spencer Hawes,22:46,Austin Rivers,21:38,Glen Davis,20:03,Nate Robinson,16:51,Hedo Türkoğlu,11:36
0,,0,,0,,120,0,0,,0,,0.0,,0.0,0,0,,0,,Logos via Sports Logos.net / About logos,W,https://www.basketball-reference.com/boxscores/201503110OKC.html,Away,108,1:36,0,,OKC,Russell Westbrook,Andre Roberson,10:48,Nick Collison,6:46,Jeremy Lamb,3:15,,,,,,,35:57,Anthony Morrow,35:33,Enes Freedom,26:01,Serge Ibaka,25:48,Dion Waiters,24:33,Steven Adams,22:16,D.J. Augustin,21:52,Kyle Singler,15:24,Mitch McGary,11:46,108,0,0,0.0,,0.0,,0.0,,Ekpe Udoh,12,0,2014-2015,0.0,0,0.0,LAC,120,Matt Barnes,C.J. Wilcox,1:36,Hedo Türkoğlu,0:32,,,,,,,,,39:44,DeAndre Jordan,38:16,Chris Paul,36:52,JJ Redick,35:13,Spencer Hawes,31:37,Austin Rivers,21:10,Glen Davis,20:36,Nate Robinson,11:08,Dahntay Jones,1:39
0,,0,0.000,0,,99,0,1,100.0,0,.000,0.0,0.0,1.0,1,0,,0,0.000,Logos via Sports Logos.net / About logos,L,https://www.basketball-reference.com/boxscores/201503130DAL.html,Away,129,6:13,0,0.0,DAL,Tyson Chandler,Amar'e Stoudemire,14:24,Raymond Felton,6:13,Bernard James,5:16,Greg Smith,3:29,,,,,28:20,Chandler Parsons,26:07,Monta Ellis,26:07,Dirk Nowitzki,24:32,Charlie Villanueva,22:48,Richard Jefferson,22:34,Rajon Rondo,22:08,Devin Harris,19:39,J.J. Barea,18:24,129,2,0,0.0,,0.0,,0.0,,Ekpe Udoh,30,1,2014-2015,1.0,0,1.0,LAC,99,DeAndre Jordan,Jordan Hamilton,7:18,Dahntay Jones,2:00,C.J. Wilcox,1:37,,,,,,,36:15,JJ Redick,34:18,Chris Paul,32:59,Matt Barnes,31:22,Austin Rivers,24:27,Glen Davis,18:05,Spencer Hawes,17:52,Nate Robinson,15:42,Hedo Türkoğlu,11:52
0,,0,0.000,1,,111,1,0,,0,.000,0.0,0.0,1.0,1,0,,0,0.000,Logos via Sports Logos.net / About logos,W,https://www.basketball-reference.com/boxscores/201503250NYK.html,Away,80,6:43,0,,NYK,Langston Galloway,Lou Amundson,14:39,,,,,,,,,,,40:11,Shane Larkin,29:44,Lance Thomas,28:19,Ricky Ledo,26:05,Cleanthony Early,24:33,Jason Smith,23:29,Andrea Bargnani,19:29,Quincy Acy,18:15,Cole Aldrich,15:16,80,1,0,0.0,,0.0,,0.0,,Ekpe Udoh,31,1,2014-2015,2.0,0,0.0,LAC,111,DeAndre Jordan,Hedo Türkoğlu,13:06,C.J. Wilcox,7:32,Dahntay Jones,6:50,,,,,,,28:29,Chris Paul,28:22,Matt Barnes,27:15,Blake Griffin,26:45,JJ Redick,21:58,Glen Davis,19:31,Jordan Hamilton,19:30,Austin Rivers,19:27,Spencer Hawes,14:32
0,,0,0.000,0,0.00,119,0,2,100.0,2,1.000,2.0,100.0,2.0,2,0,,0,0.000,Logos via Sports Logos.net / About logos,W,https://www.basketball-reference.com/boxscores/201503270PHI.html,Away,98,5:38,0,0.0,PHI,Nerlens Noel,Thomas Robinson,12:00,Furkan Aldemir,12:00,Glenn Robinson III,5:43,,,,,,,39:03,Ish Smith,32:21,Robert Covington,24:28,Jerami Grant,23:17,Luc Mbah a Moute,21:46,Hollis Thompson,21:30,Isaiah Canaan,20:02,JaKarr Sampson,14:39,Jason Richardson,13:11,98,2,4,4.0,100.0,0.0,0.0,0.0,0.0,Ekpe Udoh,21,1,2014-2015,1.0,1,2.0,LAC,119,Chris Paul,Jordan Hamilton,11:20,C.J. Wilcox,5:21,Dahntay Jones,3:11,,,,,,,29:50,JJ Redick,29:20,Blake Griffin,29:09,DeAndre Jordan,27:36,Matt Barnes,26:56,Austin Rivers,23:43,Spencer Hawes,18:57,Glen Davis,14:36,Hedo Türkoğlu,14:24
0,,0,,0,0.00,107,0,1,100.0,0,,0.0,,0.0,0,1,.500,2,,Logos via Sports Logos.net / About logos,W,https://www.basketball-reference.com/boxscores/201504040DEN.html,Away,92,3:14,0,0.0,DEN,Randy Foye,Joffrey Lauvergne,9:24,Ian Clark,4:11,,,,,,,,,35:16,Wilson Chandler,34:24,Kenneth Faried,34:22,Erick Green,25:01,J.J. Hickson,23:52,Jusuf Nurkić,21:39,Will Barton,20:03,Gary Harris,19:10,Jameer Nelson,12:39,92,1,1,0.0,0.0,0.0,0.0,1.0,100.0,Ekpe Udoh,15,0,2014-2015,0.0,1,1.0,LAC,107,DeAndre Jordan,Spencer Hawes,11:19,Jordan Hamilton,3:14,Dahntay Jones,0:04,,,,,,,33:52,JJ Redick,32:06,Matt Barnes,31:51,Chris Paul,31:30,Blake Griffin,25:24,Austin Rivers,22:22,Glen Davis,15:49,Lester Hudson,15:08,Hedo Türkoğlu,14:08
0,,0,0.000,0,,106,0,0,0.0,2,.667,2.0,66.7,3.0,3,0,,0,0.000,Logos via Sports Logos.net / About logos,W,https://www.basketball-reference.com/boxscores/201504050LAL.html,Away,78,7:02,1,100.0,LAL,Ryan Kelly,Robert Sacre,12:00,Ed Davis,12:00,,,,,,,,,35:32,Wesley Johnson,32:04,Jabari Brown,30:35,Jordan Clarkson,26:18,Tarik Black,23:02,Dwight Buycks,21:42,Jeremy Lin,17:25,Carlos Boozer,16:24,Jordan Hill,12:58,78,2,4,4.0,100.0,0.0,0.0,0.0,0.0,Ekpe Udoh,28,0,2014-2015,0.0,0,1.0,LAC,106,Blake Griffin,Glen Davis,10:46,Jordan Hamilton,6:00,Dahntay Jones,6:00,,,,,,,30:40,DeAndre Jordan,29:43,Chris Paul,29:43,Matt Barnes,29:42,JJ Redick,21:14,Austin Rivers,20:46,Lester Hudson,18:17,Spencer Hawes,17:49,Hedo Türkoğlu,12:18
0,,0,,0,,73,0,0,,0,,0.0,,0.0,0,0,,0,,Logos via Sports Logos.net / About logos,L,https://www.basketball-reference.com/boxscores/201504240SAS.html,Away,100,4:49,0,,SAS,Tim Duncan,Patty Mills,14:39,Jeff Ayres,7:55,Cory Joseph,7:39,Aron Baynes,7:19,,,,,30:39,Danny Green,29:09,Kawhi Leonard,28:30,Tony Parker,25:42,Boris Diaw,23:00,Tiago Splitter,17:14,Manu Ginóbili,16:59,Matt Bonner,15:38,Marco Belinelli,15:37,100,0,0,0.0,,0.0,,0.0,,Ekpe Udoh,27,0,2014-2015,0.0,0,0.0,LAC,73,Chris Paul,Lester Hudson,7:55,Spencer Hawes,7:55,Dahntay Jones,4:58,,,,,,,33:16,Blake Griffin,32:28,JJ Redick,31:27,DeAndre Jordan,30:20,Jamal Crawford,23:03,Austin Rivers,22:18,Matt Barnes,20:08,Glen Davis,12:35,Hedo Türkoğlu,8:48
0,,0,,0,,109,0,0,,0,,0.0,,0.0,0,0,,0,,Logos via Sports Logos.net / About logos,L,https://www.basketball-reference.com/boxscores/201505060HOU.html,Away,115,0:02,0,,HOU,Trevor Ariza,,,,,,,,,,,,,44:52,Dwight Howard,35:24,James Harden,35:03,Corey Brewer,29:53,Jason Terry,28:05,Terrence Jones,26:55,Pablo Prigioni,19:52,Josh Smith,16:39,Clint Capela,3:17,115,2,0,0.0,,0.0,,0.0,,Ekpe Udoh,6,0,2014-2015,0.0,0,0.0,LAC,109,JJ Redick,Dahntay Jones,0:06,,,,,,,,,,,46:09,Blake Griffin,41:19,Jamal Crawford,35:57,Matt Barnes,33:56,Austin Rivers,25:23,DeAndre Jordan,25:06,Glen Davis,14:20,Lester Hudson,10:31,Hedo Türkoğlu,7:11
0,,0,,0,,99,0,1,100.0,0,,0.0,,0.0,0,0,,0,,Logos via Sports Logos.net / About logos,W,https://www.basketball-reference.com/boxscores/201505080LAC.html,Home,124,2:09,0,0.0,HOU,Dwight Howard,Joey Dorsey,2:54,Nick Johnson,2:54,Kostas Papanikolaou,2:54,,,,,,,38:16,James Harden,36:25,Trevor Ariza,35:24,Jason Terry,31:32,Corey Brewer,25:45,Terrence Jones,25:21,Pablo Prigioni,20:23,Josh Smith,12:42,Clint Capela,5:29,99,0,0,0.0,,0.0,,0.0,,Ekpe Udoh,25,0,2014-2015,0.0,0,1.0,LAC,124,JJ Redick,Lester Hudson,6:00,Dahntay Jones,3:08,Hedo Türkoğlu,2:54,,,,,,,36:46,DeAndre Jordan,36:23,Blake Griffin,30:46,Matt Barnes,29:39,Jamal Crawford,26:31,Austin Rivers,23:16,Chris Paul,23:08,Spencer Hawes,11:17,Glen Davis,8:02
0,,0,0.000,0,,95,0,2,100.0,1,.333,1.0,33.3,3.0,3,0,,0,0.000,Logos via Sports Logos.net / About logos,W,https://www.basketball-reference.com/boxscores/201505100LAC.html,Home,128,5:07,0,0.0,HOU,Trevor Ariza,Clint Capela,11:40,Kostas Papanikolaou,9:36,Joey Dorsey,5:52,,,,,,,35:15,James Harden,32:28,Jason Terry,27:29,Corey Brewer,25:17,Terrence Jones,24:49,Pablo Prigioni,19:06,Dwight Howard,18:22,Nick Johnson,16:06,Josh Smith,14:00,95,1,2,2.0,100.0,0.0,0.0,0.0,0.0,Ekpe Udoh,33,0,2014-2015,0.0,0,2.0,LAC,128,Blake Griffin,Glen Davis,6:58,Dahntay Jones,5:36,Lester Hudson,5:21,,,,,,,33:04,Matt Barnes,30:10,DeAndre Jordan,29:57,JJ Redick,28:46,Jamal Crawford,26:36,Chris Paul,26:12,Austin Rivers,24:19,Spencer Hawes,9:16,Hedo Türkoğlu,8:38
0,,0,0.000,0,0.00,96,3,1,50.0,0,.000,0.0,0.0,1.0,1,2,1.000,2,200.000,Logos via Sports Logos.net / About logos,W,https://www.basketball-reference.com/boxscores/201710180UTA.html,Home,106,12:59,1,50.0,DEN,Gary Harris,Juancho Hernangómez,5:52,Malik Beasley,1:31,Trey Lyles,1:31,,,,,,,35:46,Nikola Jokić,35:33,Wilson Chandler,34:21,Paul Millsap,33:30,Will Barton,31:20,Jamal Murray,19:59,Emmanuel Mudiay,18:34,Mason Plumlee,15:54,Kenneth Faried,6:09,96,0,2,0.0,0.0,0.0,0.0,2.0,100.0,Ekpe Udoh,10,0,2017-2018,3.0,1,2.0,UTA,106,Rudy Gobert,,,,,,,,,,,,,35:01,Joe Ingles,32:38,Ricky Rubio,31:46,Derrick Favors,28:27,Donovan Mitchell,26:04,Thabo Sefolosha,20:30,Joe Johnson,19:33,Rodney Hood,17:40,Alec Burks,15:22
0,,0,0.000,0,,97,3,2,50.0,1,.500,1.0,50.0,2.0,2,1,.500,2,100.000,Logos via Sports Logos.net / About logos,L,https://www.basketball-reference.com/boxscores/201710200MIN.html,Away,100,15:02,2,50.0,MIN,Jimmy Butler,Shabazz Muhammad,11:56,,,,,,,,,,,38:35,Andrew Wiggins,34:39,Jeff Teague,32:52,Karl-Anthony Towns,32:29,Taj Gibson,26:17,Jamal Crawford,19:11,Gorgui Dieng,15:31,Tyus Jones,15:08,Nemanja Bjelica,13:22,100,1,3,2.0,66.7,0.0,0.0,1.0,33.3,Ekpe Udoh,3,0,2017-2018,3.0,0,4.0,UTA,97,Joe Ingles,,,,,,,,,,,,,34:23,Rudy Gobert,32:58,Ricky Rubio,32:40,Derrick Favors,28:44,Thabo Sefolosha,24:39,Rodney Hood,23:45,Donovan Mitchell,20:00,Joe Johnson,19:16,Alec Burks,8:33
0,,0,0.000,1,,87,1,2,50.0,1,.333,1.0,33.3,3.0,3,0,.000,1,33.333,Logos via Sports Logos.net / About logos,W,https://www.basketball-reference.com/boxscores/201710210UTA.html,Home,96,15:30,2,50.0,OKC,Paul George,Terrance Ferguson,9:43,Josh Huestis,1:32,,,,,,,,,37:31,Carmelo Anthony,36:35,Russell Westbrook,36:01,Steven Adams,32:47,Álex Abrines,29:04,Raymond Felton,18:07,Andre Roberson,13:34,Jerami Grant,12:57,Patrick Patterson,12:09,87,2,2,2.0,100.0,0.0,0.0,0.0,0.0,Ekpe Udoh,9,0,2017-2018,1.0,0,4.0,UTA,96,Ricky Rubio,Royce O'Neale,0:44,,,,,,,,,,,36:58,Rudy Gobert,32:30,Thabo Sefolosha,27:49,Joe Ingles,26:52,Derrick Favors,25:27,Donovan Mitchell,21:56,Joe Johnson,21:49,Alec Burks,19:38,Raul Neto,10:47
0,,0,0.000,3,,84,4,1,50.0,0,.000,0.0,0.0,2.0,2,1,.500,2,100.000,Logos via Sports Logos.net / About logos,L,https://www.basketball-reference.com/boxscores/201710240LAC.html,Away,102,16:43,1,50.0,LAC,Patrick Beverley,,,,,,,,,,,,,42:28,Danilo Gallinari,38:44,DeAndre Jordan,36:54,Blake Griffin,36:43,Austin Rivers,34:39,Lou Williams,18:53,Wesley Johnson,16:22,Willie Reed,11:06,Sindarius Thornwell,4:11,102,3,1,0.0,0.0,0.0,0.0,1.0,100.0,Ekpe Udoh,18,0,2017-2018,4.0,0,2.0,UTA,84,Rudy Gobert,Royce O'Neale,6:32,Jonas Jerebko,1:40,,,,,,,,,31:17,Ricky Rubio,31:17,Donovan Mitchell,29:55,Thabo Sefolosha,26:02,Derrick Favors,24:14,Joe Johnson,22:06,Joe Ingles,18:11,Raul Neto,16:43,Alec Burks,15:20
0,,0,,1,,88,1,1,100.0,0,,0.0,,0.0,0,0,,0,,Logos via Sports Logos.net / About logos,L,https://www.basketball-reference.com/boxscores/201710250PHO.html,Away,97,11:47,0,0.0,PHO,Devin Booker,Troy Daniels,15:04,,,,,,,,,,,32:56,Alex Len,29:36,T.J. Warren,27:41,Tyler Ulis,25:56,Marquese Chriss,23:12,Mike James,22:04,Tyson Chandler,21:53,Dragan Bender,21:11,Josh Jackson,20:27,97,2,0,0.0,,0.0,,0.0,,Ekpe Udoh,9,0,2017-2018,1.0,0,1.0,UTA,88,Rudy Gobert,,,,,,,,,,,,,36:13,Rodney Hood,35:14,Ricky Rubio,34:10,Derrick Favors,30:47,Joe Ingles,30:12,Thabo Sefolosha,17:48,Joe Johnson,17:13,Raul Neto,13:50,Donovan Mitchell,12:46
0,,0,0.000,1,,81,0,2,50.0,0,.000,0.0,0.0,1.0,1,0,,0,0.000,Logos via Sports Logos.net / About logos,W,https://www.basketball-reference.com/boxscores/201710280UTA.html,Home,96,12:33,2,50.0,LAL,Lonzo Ball,Andrew Bogut,5:44,Corey Brewer,5:22,Tyler Ennis,4:27,,,,,,,35:47,Brandon Ingram,33:51,Larry Nance Jr.,31:43,Kentavious Caldwell-Pope,28:06,Kyle Kuzma,22:16,Jordan Clarkson,20:06,Julius Randle,18:41,Brook Lopez,17:36,Josh Hart,16:21,81,1,0,0.0,,0.0,,0.0,,Ekpe Udoh,15,0,2017-2018,0.0,0,4.0,UTA,96,Rudy Gobert,,,,,,,,,,,,,35:27,Ricky Rubio,32:35,Joe Ingles,31:58,Derrick Favors,29:33,Rodney Hood,28:44,Donovan Mitchell,27:26,Joe Johnson,18:27,Thabo Sefolosha,14:04,Alec Burks,9:13
0,,0,0.000,3,1.50,89,1,0,0.0,0,.000,0.0,0.0,1.0,1,0,,0,0.000,Logos via Sports Logos.net / About logos,W,https://www.basketball-reference.com/boxscores/201710300UTA.html,Home,104,14:46,1,100.0,DAL,Wesley Matthews,Salah Mejri,9:12,Gian Clavell,2:30,Maxi Kleber,2:10,Jeff Withey,2:10,,,,,33:47,Harrison Barnes,30:30,J.J. Barea,25:49,Dwight Powell,25:01,Dirk Nowitzki,24:47,Devin Harris,24:37,Nerlens Noel,21:39,Yogi Ferrell,20:46,Dennis Smith Jr.,17:02,89,4,0,0.0,,0.0,,0.0,,Ekpe Udoh,15,2,2017-2018,3.0,2,1.0,UTA,104,Ricky Rubio,Royce O'Neale,2:10,Jonas Jerebko,2:10,Raul Neto,2:10,,,,,,,33:34,Rudy Gobert,33:14,Joe Ingles,32:55,Rodney Hood,29:05,Derrick Favors,25:30,Thabo Sefolosha,19:33,Donovan Mitchell,17:06,Joe Johnson,16:01,Alec Burks,11:47
0,,0,0.000,0,,103,1,1,50.0,0,.000,0.0,0.0,1.0,1,0,,0,0.000,Logos via Sports Logos.net / About logos,W,https://www.basketball-reference.com/boxscores/201711010UTA.html,Home,112,9:16,1,50.0,POR,Damian Lillard,,,,,,,,,,,,,43:09,CJ McCollum,41:51,Evan Turner,36:39,Jusuf Nurkić,34:32,Al-Farouq Aminu,31:22,Maurice Harkless,27:40,Pat Connaughton,18:49,Ed Davis,17:58,Noah Vonleh,13:02,103,1,0,0.0,,0.0,,0.0,,Ekpe Udoh,9,1,2017-2018,2.0,0,2.0,UTA,112,Rudy Gobert,,,,,,,,,,,,,38:20,Ricky Rubio,36:44,Joe Ingles,35:20,Donovan Mitchell,34:57,Thabo Sefolosha,28:13,Derrick Favors,27:23,Jonas Jerebko,20:29,Rodney Hood,19:50,Alec Burks,14:29
0,,0,0.000,1,,109,0,0,0.0,2,1.000,2.0,100.0,2.0,2,0,,0,0.000,Logos via Sports Logos.net / About logos,L,https://www.basketball-reference.com/boxscores/201711030UTA.html,Home,100,13:25,1,100.0,TOR,DeMar DeRozan,Jakob Poeltl,12:29,Fred VanVleet,10:18,,,,,,,,,37:42,Kyle Lowry,35:17,Norman Powell,29:52,Serge Ibaka,26:34,Pascal Siakam,21:26,Jonas Valančiūnas,20:48,OG Anunoby,18:08,Lucas Nogueira,14:43,Delon Wright,12:43,109,2,4,4.0,100.0,0.0,0.0,0.0,0.0,Ekpe Udoh,9,1,2017-2018,1.0,0,1.0,UTA,100,Rodney Hood,,,,,,,,,,,,,35:04,Rudy Gobert,34:35,Donovan Mitchell,31:46,Joe Ingles,31:42,Ricky Rubio,30:26,Derrick Favors,27:10,Thabo Sefolosha,13:45,Jonas Jerebko,12:24,Alec Burks,9:43
0,,0,0.000,2,,110,3,1,25.0,2,.667,2.0,66.7,3.0,3,0,,0,0.000,Logos via Sports Logos.net / About logos,L,https://www.basketball-reference.com/boxscores/201711050HOU.html,Away,137,17:03,3,75.0,HOU,James Harden,Bobby Brown,4:39,Zhou Qi,4:39,Demetrius Jackson,3:31,,,,,,,35:15,Eric Gordon,34:19,Trevor Ariza,33:39,Ryan Anderson,32:03,P.J. Tucker,29:45,Clint Capela,22:21,Nenê,18:43,Luc Mbah a Moute,14:15,Tarik Black,6:51,137,0,4,4.0,100.0,0.0,0.0,0.0,0.0,Ekpe Udoh,27,0,2017-2018,3.0,0,4.0,UTA,110,Rodney Hood,Raul Neto,10:50,Jonas Jerebko,7:50,Tony Bradley,5:42,,,,,,,25:51,Derrick Favors,25:30,Rudy Gobert,25:15,Donovan Mitchell,24:42,Alec Burks,24:05,Ricky Rubio,23:52,Joe Ingles,20:41,Thabo Sefolosha,16:39,Royce O'Neale,12:00
0,,0,0.000,0,,104,0,1,50.0,2,1.000,2.0,100.0,2.0,2,4,1.000,4,200.000,Logos via Sports Logos.net / About logos,L,https://www.basketball-reference.com/boxscores/201711070UTA.html,Home,97,12:17,1,50.0,PHI,Ben Simmons,Nik Stauskas,4:23,Jahlil Okafor,3:08,,,,,,,,,36:04,Dario Šarić,35:34,JJ Redick,34:37,T.J. McConnell,29:56,Robert Covington,28:17,Amir Johnson,21:34,Timothé Luwawu-Cabarrot,18:13,Richaun Holmes,15:04,Justin Anderson,13:11,104,3,8,4.0,50.0,0.0,0.0,4.0,50.0,Ekpe Udoh,7,3,2017-2018,3.0,0,2.0,UTA,97,Rudy Gobert,Alec Burks,8:32,,,,,,,,,,,35:43,Joe Ingles,33:01,Donovan Mitchell,30:54,Ricky Rubio,28:16,Rodney Hood,27:30,Thabo Sefolosha,23:59,Derrick Favors,19:54,Raul Neto,10:29,Jonas Jerebko,9:26
0,,0,,0,,84,2,0,,0,,0.0,,0.0,0,1,.500,2,,Logos via Sports Logos.net / About logos,L,https://www.basketball-reference.com/boxscores/201711100UTA.html,Home,74,10:08,0,,MIA,Josh Richardson,,,,,,,,,,,,,34:30,Goran Dragić,32:48,Tyler Johnson,32:31,Dion Waiters,32:24,Hassan Whiteside,30:45,James Johnson,22:52,Justise Winslow,21:41,Kelly Olynyk,17:15,Wayne Ellington,15:14,84,1,1,0.0,0.0,0.0,0.0,1.0,100.0,Ekpe Udoh,10,0,2017-2018,2.0,0,0.0,UTA,74,Donovan Mitchell,,,,,,,,,,,,,35:54,Rudy Gobert,35:16,Rodney Hood,34:39,Joe Ingles,31:17,Derrick Favors,24:22,Ricky Rubio,22:49,Alec Burks,22:09,Thabo Sefolosha,15:40,Jonas Jerebko,7:46
0,,0,0.000,1,0.50,106,1,2,66.7,0,.000,0.0,0.0,2.0,2,0,,0,0.000,Logos via Sports Logos.net / About logos,W,https://www.basketball-reference.com/boxscores/201711110UTA.html,Home,114,12:24,1,33.3,BRK,D'Angelo Russell,Timofey Mozgov,10:53,Sean Kilpatrick,1:33,,,,,,,,,32:38,DeMarre Carroll,31:41,Allen Crabbe,31:01,Rondae Hollis-Jefferson,30:46,Joe Harris,23:33,Quincy Acy,23:23,Caris LeVert,21:17,Trevor Booker,19:56,Isaiah Whitehead,12:39,106,4,0,0.0,,0.0,,0.0,,Ekpe Udoh,8,0,2017-2018,1.0,2,3.0,UTA,114,Ricky Rubio,Royce O'Neale,2:23,,,,,,,,,,,36:00,Derrick Favors,35:28,Joe Ingles,34:17,Thabo Sefolosha,32:13,Rodney Hood,30:04,Donovan Mitchell,25:32,Alec Burks,13:47,Jonas Jerebko,11:28,Raul Neto,5:45
0,,0,0.000,2,,109,2,2,66.7,1,.500,1.0,50.0,2.0,2,2,1.000,2,100.000,Logos via Sports Logos.net / About logos,L,https://www.basketball-reference.com/boxscores/201711130UTA.html,Home,98,20:32,1,33.3,MIN,Karl-Anthony Towns,,,,,,,,,,,,,41:18,Taj Gibson,39:28,Andrew Wiggins,38:47,Jimmy Butler,38:38,Jeff Teague,37:35,Nemanja Bjelica,13:01,Jamal Crawford,12:45,Tyus Jones,10:25,Shabazz Muhammad,8:03,109,1,4,2.0,50.0,0.0,0.0,2.0,50.0,Ekpe Udoh,11,0,2017-2018,2.0,0,3.0,UTA,98,Donovan Mitchell,Royce O'Neale,8:41,,,,,,,,,,,34:43,Derrick Favors,27:28,Jonas Jerebko,24:43,Joe Ingles,24:25,Thabo Sefolosha,22:15,Ricky Rubio,22:10,Rodney Hood,21:12,Raul Neto,17:29,Alec Burks,16:22
0,,0,0.000,0,0.00,101,3,0,,0,.000,0.0,0.0,1.0,1,0,,0,0.000,Logos via Sports Logos.net / About logos,L,https://www.basketball-reference.com/boxscores/201711150NYK.html,Away,106,13:50,0,,NYK,Courtney Lee,,,,,,,,,,,,,39:25,Tim Hardaway Jr.,36:44,Kristaps Porziņģis,36:04,Jarrett Jack,28:01,Doug McDermott,25:34,Enes Freedom,24:29,Frank Ntilikina,19:59,Kyle O'Quinn,17:23,Lance Thomas,12:21,106,3,0,0.0,,0.0,,0.0,,Ekpe Udoh,5,0,2017-2018,3.0,1,0.0,UTA,101,Donovan Mitchell,,,,,,,,,,,,,36:25,Derrick Favors,34:11,Rodney Hood,32:29,Joe Ingles,31:15,Ricky Rubio,30:48,Alec Burks,22:53,Jonas Jerebko,22:22,Thabo Sefolosha,15:47,,
0,,0,0.000,1,0.50,107,1,0,0.0,0,.000,0.0,0.0,1.0,1,0,,0,0.000,Logos via Sports Logos.net / About logos,L,https://www.basketball-reference.com/boxscores/201711170BRK.html,Away,118,15:28,1,100.0,BRK,Spencer Dinwiddie,Isaiah Whitehead,10:25,Sean Kilpatrick,1:37,,,,,,,,,31:29,Allen Crabbe,30:06,Rondae Hollis-Jefferson,27:27,DeMarre Carroll,26:56,Trevor Booker,26:54,Tyler Zeller,23:33,Joe Harris,22:51,Caris LeVert,21:59,Quincy Acy,16:43,118,4,0,0.0,,0.0,,0.0,,Ekpe Udoh,11,1,2017-2018,2.0,2,1.0,UTA,107,Rodney Hood,Nate Wolters,3:07,,,,,,,,,,,35:47,Donovan Mitchell,35:16,Joe Ingles,31:53,Derrick Favors,29:25,Alec Burks,27:37,Royce O'Neale,21:05,Raul Neto,19:55,Jonas Jerebko,17:20,Tony Bradley,3:07
0,,0,0.000,2,,125,2,4,100.0,2,.667,2.0,66.7,3.0,3,0,,0,0.000,Logos via Sports Logos.net / About logos,W,https://www.basketball-reference.com/boxscores/201711180ORL.html,Away,85,18:26,0,0.0,ORL,Aaron Gordon,Mario Hezonja,14:49,Marreese Speights,12:49,Shelvin Mack,10:34,,,,,,,29:40,Evan Fournier,25:38,Arron Afflalo,24:39,Nikola Vučević,23:51,Elfrid Payton,23:21,Terrence Ross,20:25,Bismack Biyombo,18:53,Jonathon Simmons,18:15,D.J. Augustin,17:06,85,3,4,4.0,100.0,0.0,0.0,0.0,0.0,Ekpe Udoh,40,1,2017-2018,3.0,0,4.0,UTA,125,Rodney Hood,Royce O'Neale,6:20,Tony Bradley,4:38,Nate Wolters,3:36,,,,,,,26:27,Donovan Mitchell,25:30,Derrick Favors,24:56,Jonas Jerebko,24:38,Alec Burks,24:19,Raul Neto,24:15,Joe Ingles,22:44,Thabo Sefolosha,17:42,Ricky Rubio,16:29
0,,0,0.000,1,,86,1,1,33.3,3,.500,3.0,50.0,6.0,6,4,1.000,4,66.667,Logos via Sports Logos.net / About logos,L,https://www.basketball-reference.com/boxscores/201711200PHI.html,Away,107,21:53,2,66.7,PHI,Ben Simmons,Furkan Korkmaz,0:54,Jacob Pullen,0:54,,,,,,,,,34:16,T.J. McConnell,33:43,Robert Covington,33:28,JJ Redick,32:25,Joel Embiid,26:59,Dario Šarić,23:54,Amir Johnson,21:01,Jerryd Bayless,16:27,Timothé Luwawu-Cabarrot,15:59,107,0,10,6.0,60.0,0.0,0.0,4.0,40.0,Ekpe Udoh,21,4,2017-2018,5.0,0,3.0,UTA,86,Donovan Mitchell,Royce O'Neale,9:08,,,,,,,,,,,37:02,Rodney Hood,32:12,Derrick Favors,26:07,Joe Ingles,24:51,Ricky Rubio,22:29,Jonas Jerebko,20:23,Thabo Sefolosha,18:33,Alec Burks,17:10,Raul Neto,10:12
0,,0,,4,,80,1,2,50.0,0,,0.0,,0.0,0,0,,0,,Logos via Sports Logos.net / About logos,W,https://www.basketball-reference.com/boxscores/201711220UTA.html,Home,110,16:34,2,50.0,CHI,Justin Holiday,Paul Zipser,10:12,Quincy Pondexter,9:45,Kay Felder,6:05,,,,,,,30:16,Kris Dunn,27:39,Robin Lopez,24:52,Bobby Portis,24:35,Antonio Blakeney,24:16,Lauri Markkanen,23:54,Jerian Grant,23:35,Denzel Valentine,22:24,Cristiano Felício,12:27,80,5,0,0.0,,0.0,,0.0,,Ekpe Udoh,30,0,2017-2018,1.0,0,4.0,UTA,110,Derrick Favors,Royce O'Neale,3:30,Tony Bradley,2:15,,,,,,,,,29:11,Donovan Mitchell,26:12,Joe Ingles,26:11,Alec Burks,25:02,Rodney Hood,24:58,Ricky Rubio,23:31,Jonas Jerebko,22:02,Thabo Sefolosha,22:02,Raul Neto,18:32
0,,0,0.000,3,3.00,108,0,0,0.0,3,.750,3.0,75.0,4.0,4,1,1.000,1,25.000,Logos via Sports Logos.net / About logos,W,https://www.basketball-reference.com/boxscores/201711250UTA.html,Home,121,17:28,1,100.0,MIL,Giannis Antetokounmpo,Gary Payton II,7:09,Rashad Vaughn,5:17,Joel Bolomboy,1:57,,,,,,,38:57,Tony Snell,37:39,Khris Middleton,34:20,Eric Bledsoe,30:57,Malcolm Brogdon,26:47,John Henson,25:19,Thon Maker,16:08,DeAndre Liggins,8:05,Sterling Brown,7:25,108,4,7,6.0,85.7,0.0,0.0,1.0,14.3,Ekpe Udoh,13,0,2017-2018,0.0,1,1.0,UTA,121,Joe Ingles,Royce O'Neale,1:32,Tony Bradley,1:32,,,,,,,,,33:14,Donovan Mitchell,29:22,Derrick Favors,29:00,Rodney Hood,28:58,Alec Burks,23:08,Ricky Rubio,22:28,Thabo Sefolosha,20:22,Raul Neto,19:17,Jonas Jerebko,13:39
0,,0,0.000,1,1.00,77,1,1,25.0,1,.333,1.0,33.3,3.0,3,0,,0,0.000,Logos via Sports Logos.net / About logos,W,https://www.basketball-reference.com/boxscores/201711280UTA.html,Home,106,15:20,3,75.0,DEN,Gary Harris,Malik Beasley,10:40,Torrey Craig,6:11,,,,,,,,,33:19,Will Barton,31:03,Jamal Murray,29:07,Juancho Hernangómez,28:05,Nikola Jokić,26:16,Kenneth Faried,23:09,Emmanuel Mudiay,18:53,Trey Lyles,17:44,Mason Plumlee,15:33,77,2,2,2.0,100.0,0.0,0.0,0.0,0.0,Ekpe Udoh,29,0,2017-2018,1.0,1,4.0,UTA,106,Derrick Favors,Nate Wolters,2:39,Tony Bradley,2:06,,,,,,,,,32:40,Donovan Mitchell,30:14,Joe Ingles,29:53,Ricky Rubio,29:23,Jonas Jerebko,26:54,Royce O'Neale,20:36,Alec Burks,20:00,Raul Neto,15:33,Thabo Sefolosha,14:42
0,,0,0.000,1,,126,1,1,50.0,2,.667,2.0,66.7,3.0,3,0,,0,0.000,Logos via Sports Logos.net / About logos,W,https://www.basketball-reference.com/boxscores/201711300LAC.html,Away,107,20:10,1,50.0,LAC,Lou Williams,Sindarius Thornwell,11:20,Jamil Wilson,4:50,Brice Johnson,3:14,,,,,,,36:56,Austin Rivers,35:31,Wesley Johnson,32:41,DeAndre Jordan,30:59,Montrezl Harrell,20:32,Sam Dekker,20:14,C.J. Williams,18:16,Willie Reed,13:47,Jawun Evans,11:40,107,1,4,4.0,100.0,0.0,0.0,0.0,0.0,Ekpe Udoh,19,1,2017-2018,2.0,0,2.0,UTA,126,Donovan Mitchell,Nate Wolters,1:23,,,,,,,,,,,36:24,Alec Burks,29:27,Derrick Favors,27:50,Ricky Rubio,27:23,Joe Ingles,26:58,Jonas Jerebko,25:02,Thabo Sefolosha,22:58,Royce O'Neale,21:02,Tony Bradley,1:23
0,,0,0.000,1,,108,1,1,25.0,1,.250,1.0,25.0,4.0,4,0,,0,0.000,Logos via Sports Logos.net / About logos,W,https://www.basketball-reference.com/boxscores/201712010UTA.html,Home,114,14:18,3,75.0,NOP,Jrue Holiday,Dante Cunningham,4:10,,,,,,,,,,,40:09,DeMarcus Cousins,39:10,E'Twaun Moore,36:10,Anthony Davis,31:31,Rajon Rondo,28:37,Darius Miller,27:34,Jameer Nelson,18:30,Ian Clark,8:44,Tony Allen,5:26,108,4,2,2.0,100.0,0.0,0.0,0.0,0.0,Ekpe Udoh,6,1,2017-2018,2.0,0,4.0,UTA,114,Joe Ingles,,,,,,,,,,,,,39:16,Donovan Mitchell,36:42,Derrick Favors,33:42,Alec Burks,31:12,Thabo Sefolosha,26:19,Ricky Rubio,24:46,Jonas Jerebko,21:41,Royce O'Neale,12:04,,
0,,0,0.000,0,,69,0,0,,3,.750,3.0,75.0,4.0,4,0,,0,0.000,Logos via Sports Logos.net / About logos,W,https://www.basketball-reference.com/boxscores/201712040UTA.html,Home,116,7:53,0,,WAS,Otto Porter Jr.,Ian Mahinmi,10:01,Chris McCullough,9:22,Jason Smith,4:56,,,,,,,28:19,Bradley Beal,27:47,Kelly Oubre Jr.,27:47,Tomáš Satoranský,24:03,Marcin Gortat,23:41,Markieff Morris,22:29,Jodie Meeks,22:05,Tim Frazier,19:49,Mike Scott,19:42,69,0,6,6.0,100.0,0.0,0.0,0.0,0.0,Ekpe Udoh,47,1,2017-2018,1.0,0,0.0,UTA,116,Jonas Jerebko,Thabo Sefolosha,12:17,,,,,,,,,,,29:57,Alec Burks,27:53,Donovan Mitchell,25:54,Royce O'Neale,24:50,Derrick Favors,24:44,Ricky Rubio,23:49,Joe Ingles,22:54,Rudy Gobert,21:09,Raul Neto,18:40
0,,0,,0,,94,0,0,,0,,0.0,,0.0,0,0,,0,,Logos via Sports Logos.net / About logos,L,https://www.basketball-reference.com/boxscores/201712050OKC.html,Away,100,3:34,0,,OKC,Paul George,,,,,,,,,,,,,39:48,Russell Westbrook,38:15,Carmelo Anthony,34:51,Andre Roberson,33:57,Steven Adams,32:55,Jerami Grant,18:40,Álex Abrines,18:10,Patrick Patterson,13:02,Raymond Felton,10:22,100,0,0,0.0,,0.0,,0.0,,Ekpe Udoh,6,0,2017-2018,0.0,0,0.0,UTA,94,Donovan Mitchell,,,,,,,,,,,,,36:15,Joe Ingles,34:28,Ricky Rubio,34:18,Rudy Gobert,26:53,Derrick Favors,22:45,Alec Burks,21:31,Jonas Jerebko,21:29,Thabo Sefolosha,21:19,Royce O'Neale,17:28
0,,0,0.000,1,0.50,107,1,6,66.7,2,.500,2.0,50.0,4.0,4,1,1.000,1,25.000,Logos via Sports Logos.net / About logos,W,https://www.basketball-reference.com/boxscores/201712150BOS.html,Away,95,28:51,3,33.3,BOS,Kyrie Irving,Guerschon Yabusele,5:14,Abdel Nader,1:05,Daniel Theis,0:34,,,,,,,36:56,Al Horford,34:24,Marcus Smart,32:34,Jaylen Brown,32:02,Jayson Tatum,26:00,Semi Ojeleye,19:32,Terry Rozier,19:06,Shane Larkin,16:29,Aron Baynes,16:04,95,3,5,4.0,80.0,0.0,0.0,1.0,20.0,Ekpe Udoh,12,1,2017-2018,2.0,2,9.0,UTA,107,Joe Ingles,,,,,,,,,,,,,37:42,Donovan Mitchell,36:39,Ricky Rubio,33:41,Rodney Hood,30:14,Jonas Jerebko,24:18,Alec Burks,19:22,Joe Johnson,14:57,Derrick Favors,12:27,Rudy Gobert,1:49
0,,0,0.000,3,,100,6,6,85.7,4,.667,4.0,66.7,6.0,6,1,.500,2,33.333,Logos via Sports Logos.net / About logos,L,https://www.basketball-reference.com/boxscores/201712160CLE.html,Away,109,32:43,1,14.3,CLE,LeBron James,Tristan Thompson,7:11,Channing Frye,5:21,,,,,,,,,36:48,J.R. Smith,34:34,Kevin Love,28:14,Kyle Korver,25:26,Cedi Osman,22:58,José Calderón,22:34,Jae Crowder,20:14,Dwyane Wade,19:32,Jeff Green,17:08,109,3,9,8.0,88.9,0.0,0.0,1.0,11.1,Ekpe Udoh,9,3,2017-2018,9.0,0,7.0,UTA,100,Donovan Mitchell,,,,,,,,,,,,,36:23,Joe Ingles,33:56,Joe Johnson,29:30,Rodney Hood,26:22,Ricky Rubio,25:13,Thabo Sefolosha,18:30,Jonas Jerebko,15:17,Royce O'Neale,11:51,Alec Burks,10:15
0,,0,0.000,1,,99,1,4,80.0,1,.250,1.0,25.0,4.0,4,1,1.000,1,25.000,Logos via Sports Logos.net / About logos,L,https://www.basketball-reference.com/boxscores/201712180HOU.html,Away,120,27:10,1,20.0,HOU,Trevor Ariza,,,,,,,,,,,,,41:11,James Harden,37:55,Eric Gordon,35:35,Clint Capela,34:40,Chris Paul,34:34,P.J. Tucker,33:53,Ryan Anderson,18:43,Tarik Black,3:29,,,120,6,3,2.0,66.7,0.0,0.0,1.0,33.3,Ekpe Udoh,21,1,2017-2018,2.0,0,5.0,UTA,99,Joe Ingles,,,,,,,,,,,,,37:33,Ricky Rubio,36:25,Rodney Hood,31:02,Joe Johnson,28:37,Thabo Sefolosha,23:15,Donovan Mitchell,21:08,Jonas Jerebko,16:58,Alec Burks,15:40,Royce O'Neale,2:12
0,,0,0.000,2,2.00,79,1,2,50.0,0,.000,0.0,0.0,1.0,1,3,.500,6,600.000,Logos via Sports Logos.net / About logos,L,https://www.basketball-reference.com/boxscores/201712200OKC.html,Away,107,18:20,2,50.0,OKC,Paul George,Patrick Patterson,15:16,Nick Collison,5:57,Terrance Ferguson,5:57,Dakari Johnson,3:58,,,,,30:15,Russell Westbrook,27:29,Carmelo Anthony,25:53,Steven Adams,25:44,Andre Roberson,23:04,Álex Abrines,22:57,Jerami Grant,19:12,Josh Huestis,17:45,Raymond Felton,16:33,107,1,3,0.0,0.0,0.0,0.0,3.0,100.0,Ekpe Udoh,28,0,2017-2018,1.0,1,4.0,UTA,79,Rodney Hood,Nate Wolters,8:02,Tony Bradley,6:59,,,,,,,,,27:52,Jonas Jerebko,25:46,Ricky Rubio,25:00,Thabo Sefolosha,24:59,Alec Burks,24:35,Derrick Favors,22:41,Joe Ingles,22:30,Joe Johnson,18:10,Royce O'Neale,15:06
0,,0,0.000,1,,89,1,2,100.0,1,1.000,1.0,100.0,1.0,1,0,,0,0.000,Logos via Sports Logos.net / About logos,W,https://www.basketball-reference.com/boxscores/201712210UTA.html,Home,100,15:46,0,0.0,SAS,LaMarcus Aldridge,Dāvis Bertāns,17:03,Brandon Paul,10:39,,,,,,,,,28:28,Patty Mills,26:06,Joffrey Lauvergne,25:58,Tony Parker,25:57,Bryn Forbes,23:41,Kyle Anderson,22:44,Kawhi Leonard,20:23,Rudy Gay,20:13,Dejounte Murray,18:48,89,2,2,2.0,100.0,0.0,0.0,0.0,0.0,Ekpe Udoh,11,2,2017-2018,3.0,0,2.0,UTA,100,Ricky Rubio,,,,,,,,,,,,,37:39,Joe Ingles,36:20,Rodney Hood,34:44,Derrick Favors,32:14,Jonas Jerebko,22:20,Thabo Sefolosha,21:51,Alec Burks,20:43,Joe Johnson,18:23,,
0,,0,,1,,103,0,0,,0,,0.0,,0.0,0,2,1.000,2,,Logos via Sports Logos.net / About logos,L,https://www.basketball-reference.com/boxscores/201712230UTA.html,Home,89,13:45,0,,OKC,Russell Westbrook,Patrick Patterson,11:24,,,,,,,,,,,38:12,Paul George,37:26,Carmelo Anthony,35:09,Steven Adams,31:44,Andre Roberson,25:04,Jerami Grant,17:43,Álex Abrines,16:23,Josh Huestis,15:05,Raymond Felton,11:50,103,3,2,0.0,0.0,0.0,0.0,2.0,100.0,Ekpe Udoh,14,0,2017-2018,0.0,0,0.0,UTA,89,Donovan Mitchell,Royce O'Neale,4:36,,,,,,,,,,,37:20,Derrick Favors,34:15,Joe Ingles,33:20,Rodney Hood,30:59,Ricky Rubio,22:43,Joe Johnson,21:53,Thabo Sefolosha,15:38,Jonas Jerebko,12:52,Alec Burks,12:39
0,,0,0.000,0,,83,0,1,100.0,0,.000,0.0,0.0,1.0,1,3,.750,4,400.000,Logos via Sports Logos.net / About logos,L,https://www.basketball-reference.com/boxscores/201712260DEN.html,Away,107,12:18,0,0.0,DEN,Gary Harris,Malik Beasley,1:32,Richard Jefferson,1:32,,,,,,,,,36:01,Will Barton,36:01,Jamal Murray,35:18,Wilson Chandler,33:30,Trey Lyles,27:31,Nikola Jokić,25:33,Torrey Craig,21:07,Mason Plumlee,20:23,Emmanuel Mudiay,1:32,107,1,3,0.0,0.0,0.0,0.0,3.0,100.0,Ekpe Udoh,24,0,2017-2018,0.0,0,1.0,UTA,83,Donovan Mitchell,Naz Mitrou-Long,0:31,,,,,,,,,,,32:34,Ricky Rubio,32:04,Joe Ingles,29:50,Derrick Favors,28:35,Rodney Hood,28:35,Jonas Jerebko,26:34,Joe Johnson,24:14,Alec Burks,12:28,Royce O'Neale,12:17
0,,0,,1,,101,0,1,100.0,0,,0.0,,0.0,0,0,,0,,Logos via Sports Logos.net / About logos,L,https://www.basketball-reference.com/boxscores/201712270GSW.html,Away,126,22:30,0,0.0,GSW,Klay Thompson,Zaza Pachulia,13:44,David West,12:23,Kevon Looney,6:02,JaVale McGee,4:29,,,,,30:16,Kevin Durant,29:03,Draymond Green,24:42,Nick Young,22:02,Jordan Bell,21:53,Patrick McCaw,20:25,Shaun Livingston,20:14,Andre Iguodala,19:45,Omri Casspi,15:01,126,1,0,0.0,,0.0,,0.0,,Ekpe Udoh,25,1,2017-2018,1.0,0,1.0,UTA,101,Donovan Mitchell,,,,,,,,,,,,,34:45,Thabo Sefolosha,32:49,Rodney Hood,29:16,Ricky Rubio,25:31,Derrick Favors,25:30,Joe Ingles,24:03,Alec Burks,20:04,Joe Johnson,15:11,Royce O'Neale,10:21
0,,0,0.000,1,,101,0,1,50.0,1,.333,1.0,33.3,3.0,3,0,,0,0.000,Logos via Sports Logos.net / About logos,W,https://www.basketball-reference.com/boxscores/201712300UTA.html,Home,104,14:23,1,50.0,CLE,LeBron James,Cedi Osman,10:26,,,,,,,,,,,37:27,J.R. Smith,33:03,Kevin Love,29:25,Jeff Green,26:39,Dwyane Wade,25:02,Jae Crowder,21:08,Tristan Thompson,19:55,José Calderón,18:51,Kyle Korver,18:04,101,3,2,2.0,100.0,0.0,0.0,0.0,0.0,Ekpe Udoh,3,0,2017-2018,0.0,0,2.0,UTA,104,Donovan Mitchell,Jonas Jerebko,3:11,,,,,,,,,,,38:45,Joe Ingles,32:33,Ricky Rubio,31:34,Thabo Sefolosha,31:24,Derrick Favors,30:28,Rodney Hood,27:21,Joe Johnson,16:36,Royce O'Neale,7:45,Alec Burks,6:01
0,,0,0.000,1,,108,0,1,33.3,3,.750,3.0,75.0,4.0,4,0,,0,0.000,Logos via Sports Logos.net / About logos,L,https://www.basketball-reference.com/boxscores/201801030UTA.html,Home,98,12:59,2,66.7,NOP,Anthony Davis,,,,,,,,,,,,,40:48,Jrue Holiday,37:16,Darius Miller,33:35,E'Twaun Moore,32:48,DeMarcus Cousins,31:18,Dante Cunningham,23:54,Jameer Nelson,18:54,Rajon Rondo,15:29,Ian Clark,5:58,108,2,6,6.0,100.0,0.0,0.0,0.0,0.0,Ekpe Udoh,10,2,2017-2018,2.0,0,3.0,UTA,98,Donovan Mitchell,,,,,,,,,,,,,38:18,Derrick Favors,35:01,Rodney Hood,32:45,Joe Ingles,32:44,Joe Johnson,29:15,Ricky Rubio,24:28,Jonas Jerebko,18:45,Alec Burks,15:45,,
0,,0,0.000,1,,91,0,1,25.0,1,.500,1.0,50.0,2.0,2,0,,0,0.000,Logos via Sports Logos.net / About logos,L,https://www.basketball-reference.com/boxscores/201801050DEN.html,Away,99,12:00,3,75.0,DEN,Gary Harris,,,,,,,,,,,,,36:43,Will Barton,33:26,Wilson Chandler,32:51,Jamal Murray,32:34,Nikola Jokić,32:07,Trey Lyles,28:01,Mason Plumlee,17:17,Malik Beasley,16:46,Torrey Craig,10:15,99,1,2,2.0,100.0,0.0,0.0,0.0,0.0,Ekpe Udoh,8,0,2017-2018,0.0,0,4.0,UTA,91,Donovan Mitchell,,,,,,,,,,,,,35:43,Derrick Favors,33:55,Joe Ingles,31:36,Rodney Hood,30:51,Joe Johnson,24:09,Ricky Rubio,22:45,Thabo Sefolosha,21:27,Alec Burks,19:44,Royce O'Neale,7:50
0,,0,0.000,0,,102,1,1,50.0,1,1.000,1.0,100.0,1.0,1,1,1.000,1,100.000,Logos via Sports Logos.net / About logos,L,https://www.basketball-reference.com/boxscores/201801070MIA.html,Away,103,15:39,1,50.0,MIA,Josh Richardson,,,,,,,,,,,,,36:54,Tyler Johnson,34:26,Goran Dragić,33:39,Kelly Olynyk,32:20,Wayne Ellington,31:12,James Johnson,26:30,Hassan Whiteside,25:45,Derrick Jones Jr.,11:56,Bam Adebayo,7:18,103,2,3,2.0,66.7,0.0,0.0,1.0,33.3,Ekpe Udoh,1,0,2017-2018,1.0,0,2.0,UTA,102,Donovan Mitchell,,,,,,,,,,,,,36:28,Joe Ingles,32:24,Derrick Favors,32:21,Ricky Rubio,29:49,Rodney Hood,29:48,Thabo Sefolosha,28:43,Joe Johnson,19:17,Alec Burks,15:31,,
0,,0,0.000,2,,107,2,4,44.4,7,.700,7.0,70.0,10.0,10,2,1.000,2,20.000,Logos via Sports Logos.net / About logos,W,https://www.basketball-reference.com/boxscores/201801100WAS.html,Away,104,33:36,5,55.6,WAS,John Wall,Jason Smith,4:18,Ian Mahinmi,2:32,,,,,,,,,42:20,Bradley Beal,39:42,Otto Porter Jr.,36:57,Marcin Gortat,27:08,Markieff Morris,26:57,Kelly Oubre Jr.,24:39,Jodie Meeks,16:38,Mike Scott,13:09,Tomáš Satoranský,5:40,104,3,16,14.0,87.5,0.0,0.0,2.0,12.5,Ekpe Udoh,3,4,2017-2018,6.0,0,9.0,UTA,107,Ricky Rubio,,,,,,,,,,,,,41:26,Joe Ingles,38:18,Joe Johnson,33:26,Donovan Mitchell,30:59,Jonas Jerebko,20:06,Rodney Hood,14:57,Royce O'Neale,13:32,Thabo Sefolosha,8:52,Alec Burks,4:48
0,,0,0.000,0,,88,2,1,33.3,0,.000,0.0,0.0,3.0,3,1,.500,2,66.667,Logos via Sports Logos.net / About logos,L,https://www.basketball-reference.com/boxscores/201801120CHO.html,Away,99,19:07,2,66.7,CHO,Kemba Walker,Johnny O'Bryant,7:13,,,,,,,,,,,37:12,Nicolas Batum,36:05,Dwight Howard,32:42,Marvin Williams,26:49,Frank Kaminsky,26:45,Michael Kidd-Gilchrist,26:30,Jeremy Lamb,21:30,Michael Carter-Williams,13:05,Treveon Graham,12:09,99,1,1,0.0,0.0,0.0,0.0,1.0,100.0,Ekpe Udoh,11,1,2017-2018,3.0,0,3.0,UTA,88,Donovan Mitchell,,,,,,,,,,,,,36:47,Joe Ingles,34:30,Derrick Favors,28:53,Ricky Rubio,28:10,Rodney Hood,26:01,Joe Johnson,25:52,Royce O'Neale,18:57,Thabo Sefolosha,16:30,Jonas Jerebko,5:13
0,,0,0.000,0,,109,4,2,40.0,3,1.000,3.0,100.0,3.0,3,2,.500,4,133.333,Logos via Sports Logos.net / About logos,L,https://www.basketball-reference.com/boxscores/201801150UTA.html,Home,94,18:33,3,60.0,IND,Thaddeus Young,Joe Young,6:36,Ike Anigbogu,1:05,Alex Poythress,1:05,,,,,,,35:38,Victor Oladipo,34:49,Domantas Sabonis,29:54,Cory Joseph,29:21,Bojan Bogdanović,27:30,Darren Collison,24:57,Lance Stephenson,19:42,Al Jefferson,17:01,T.J. Leaf,12:22,109,1,8,6.0,75.0,0.0,0.0,2.0,25.0,Ekpe Udoh,15,3,2017-2018,7.0,0,5.0,UTA,94,Donovan Mitchell,Raul Neto,11:41,,,,,,,,,,,32:51,Derrick Favors,29:27,Joe Johnson,26:15,Ricky Rubio,22:44,Jonas Jerebko,21:45,Royce O'Neale,21:22,Rodney Hood,21:00,Joe Ingles,20:03,Alec Burks,14:19
0,,0,0.000,3,,120,3,0,,2,.667,2.0,66.7,3.0,3,0,,0,0.000,Logos via Sports Logos.net / About logos,W,https://www.basketball-reference.com/boxscores/201801170SAC.html,Away,105,16:41,0,,SAC,Bogdan Bogdanović,Georgios Papagiannis,2:01,,,,,,,,,,,39:02,Willie Cauley-Stein,36:52,George Hill,36:38,De'Aaron Fox,35:58,Buddy Hield,24:40,Zach Randolph,22:28,Kosta Koufos,21:31,Justin Jackson,12:15,Malachi Richardson,8:35,105,0,4,4.0,100.0,0.0,0.0,0.0,0.0,Ekpe Udoh,15,2,2017-2018,5.0,0,0.0,UTA,120,Donovan Mitchell,,,,,,,,,,,,,34:03,Derrick Favors,31:19,Rodney Hood,30:59,Joe Ingles,30:28,Ricky Rubio,29:08,Joe Johnson,26:00,Royce O'Neale,18:15,Raul Neto,11:41,Jonas Jerebko,11:26
0,,0,,0,,90,1,2,66.7,0,,0.0,,0.0,0,1,.500,2,,Logos via Sports Logos.net / About logos,L,https://www.basketball-reference.com/boxscores/201801220ATL.html,Away,104,6:38,1,33.3,ATL,Marco Belinelli,Luke Babbitt,11:13,Tyler Dorsey,10:45,Miles Plumlee,9:48,Isaiah Taylor,4:27,,,,,25:47,Taurean Prince,24:58,Dennis Schröder,24:33,Ersan İlyasova,23:41,Malcolm Delaney,23:31,Kent Bazemore,22:41,John Collins,21:18,Dewayne Dedmon,21:00,Mike Muscala,16:18,104,1,1,0.0,0.0,0.0,0.0,1.0,100.0,Ekpe Udoh,14,0,2017-2018,1.0,0,3.0,UTA,90,Donovan Mitchell,Raul Neto,14:30,,,,,,,,,,,31:32,Joe Ingles,28:12,Rudy Gobert,27:57,Derrick Favors,26:51,Ricky Rubio,26:12,Alec Burks,23:11,Royce O'Neale,20:23,Jonas Jerebko,18:15,Joe Johnson,16:19
0,,0,0.000,0,,99,0,1,50.0,1,.500,1.0,50.0,2.0,2,2,1.000,2,100.000,Logos via Sports Logos.net / About logos,W,https://www.basketball-reference.com/boxscores/201801300UTA.html,Home,129,4:10,1,50.0,GSW,Klay Thompson,Shaun Livingston,11:37,Patrick McCaw,11:36,Omri Casspi,10:34,,,,,,,30:40,Draymond Green,30:14,Kevin Durant,29:38,Stephen Curry,29:38,Andre Iguodala,20:13,Zaza Pachulia,18:47,JaVale McGee,16:08,David West,16:07,Nick Young,14:48,99,0,4,2.0,50.0,0.0,0.0,2.0,50.0,Ekpe Udoh,30,1,2017-2018,1.0,0,2.0,UTA,129,Ricky Rubio,Raul Neto,5:45,Georges Niang,1:05,,,,,,,,,35:06,Alec Burks,29:14,Rudy Gobert,27:47,Joe Ingles,26:35,Derrick Favors,26:08,Donovan Mitchell,25:55,Royce O'Neale,23:08,Joe Johnson,21:31,Jonas Jerebko,13:37
0,,0,0.000,0,0.00,129,1,2,100.0,2,1.000,2.0,100.0,2.0,2,3,1.000,3,150.000,Logos via Sports Logos.net / About logos,W,https://www.basketball-reference.com/boxscores/201802020PHO.html,Away,97,6:54,0,0.0,PHO,Devin Booker,Josh Gray,8:53,Danuel House Jr.,8:29,Alec Peters,6:07,Davon Reed,5:07,,,,,32:27,Josh Jackson,29:16,Dragan Bender,28:27,T.J. Warren,25:20,Jared Dudley,25:02,Tyler Ulis,20:04,Troy Daniels,19:18,Tyson Chandler,17:38,Marquese Chriss,13:52,97,2,7,4.0,57.1,0.0,0.0,3.0,42.9,Ekpe Udoh,32,0,2017-2018,1.0,1,2.0,UTA,129,Donovan Mitchell,Raul Neto,10:07,,,,,,,,,,,33:05,Rudy Gobert,32:20,Joe Ingles,26:43,Royce O'Neale,26:39,Ricky Rubio,26:19,Derrick Favors,24:16,Joe Johnson,21:54,Alec Burks,21:07,Jonas Jerebko,10:36
0,,0,0.000,0,,120,2,0,0.0,1,1.000,1.0,100.0,1.0,1,2,1.000,2,200.000,Logos via Sports Logos.net / About logos,W,https://www.basketball-reference.com/boxscores/201802030SAS.html,Away,111,10:16,1,100.0,SAS,LaMarcus Aldridge,Bryn Forbes,14:31,Darrun Hilliard,4:59,Joffrey Lauvergne,0:37,,,,,,,34:35,Danny Green,32:55,Manu Ginóbili,24:47,Tony Parker,23:29,Patty Mills,22:38,Dejounte Murray,22:00,Kyle Anderson,20:25,Pau Gasol,20:18,Dāvis Bertāns,18:46,111,1,4,2.0,50.0,0.0,0.0,2.0,50.0,Ekpe Udoh,9,0,2017-2018,2.0,0,1.0,UTA,120,Ricky Rubio,,,,,,,,,,,,,34:59,Royce O'Neale,32:25,Rudy Gobert,31:58,Joe Ingles,29:35,Derrick Favors,27:37,Alec Burks,24:49,Raul Neto,20:00,Rodney Hood,15:57,Jonas Jerebko,12:24
0,,0,0.000,1,,133,3,4,66.7,1,.500,1.0,50.0,2.0,2,0,,0,0.000,Logos via Sports Logos.net / About logos,W,https://www.basketball-reference.com/boxscores/201802050NOP.html,Away,109,9:20,2,33.3,NOP,Anthony Davis,Emeka Okafor,8:38,Mike James,2:39,,,,,,,,,34:46,Jrue Holiday,33:11,Nikola Mirotić,32:49,E'Twaun Moore,30:26,Rajon Rondo,30:06,Darius Miller,19:35,Ian Clark,19:31,Cheick Diallo,14:49,DeAndre Liggins,13:30,109,1,2,2.0,100.0,0.0,0.0,0.0,0.0,Ekpe Udoh,24,0,2017-2018,3.0,0,6.0,UTA,133,Ricky Rubio,Jonas Jerebko,9:42,Erik McCree,1:50,,,,,,,,,32:57,Rudy Gobert,32:50,Joe Ingles,29:23,Derrick Favors,27:55,Rodney Hood,27:29,Royce O'Neale,20:20,Donovan Mitchell,19:21,Joe Johnson,16:13,Raul Neto,12:40
0,,0,0.000,0,,94,0,2,66.7,3,.750,3.0,75.0,4.0,4,0,,0,0.000,Logos via Sports Logos.net / About logos,W,https://www.basketball-reference.com/boxscores/201802090UTA.html,Home,106,10:13,1,33.3,CHO,Kemba Walker,Michael Carter-Williams,15:47,Malik Monk,2:38,Dwayne Bacon,2:38,Julyan Stone,2:38,,,,,32:35,Nicolas Batum,30:44,Frank Kaminsky,25:09,Marvin Williams,24:29,Cody Zeller,22:43,Treveon Graham,21:17,Dwight Howard,21:01,Michael Kidd-Gilchrist,19:20,Jeremy Lamb,19:01,94,1,6,6.0,100.0,0.0,0.0,0.0,0.0,Ekpe Udoh,12,2,2017-2018,2.0,0,3.0,UTA,106,Donovan Mitchell,Erik McCree,0:53,Georges Niang,0:53,,,,,,,,,38:57,Joe Ingles,33:40,Rudy Gobert,32:49,Derrick Favors,29:49,Royce O'Neale,23:19,Jonas Jerebko,22:16,Ricky Rubio,20:45,Raul Neto,15:43,Alec Burks,10:43
0,,0,,0,,115,0,0,0.0,0,,0.0,,0.0,0,0,,0,,Logos via Sports Logos.net / About logos,W,https://www.basketball-reference.com/boxscores/201802110POR.html,Away,96,4:12,1,100.0,POR,Damian Lillard,Jusuf Nurkić,13:34,Meyers Leonard,5:53,Jake Layman,1:07,,,,,,,38:38,CJ McCollum,36:50,Maurice Harkless,30:09,Ed Davis,28:30,Al-Farouq Aminu,22:52,Shabazz Napier,16:38,Pat Connaughton,16:04,Evan Turner,15:31,Zach Collins,14:15,96,0,0,0.0,,0.0,,0.0,,Ekpe Udoh,19,0,2017-2018,0.0,0,1.0,UTA,115,Donovan Mitchell,,,,,,,,,,,,,36:50,Rudy Gobert,34:02,Royce O'Neale,33:08,Derrick Favors,31:19,Joe Ingles,29:45,Jae Crowder,28:40,Jonas Jerebko,19:36,Raul Neto,14:38,Alec Burks,7:50
0,,0,,0,,99,0,1,100.0,0,,0.0,,0.0,0,0,,0,,Logos via Sports Logos.net / About logos,W,https://www.basketball-reference.com/boxscores/201802120UTA.html,Home,101,2:01,0,0.0,SAS,Kyle Anderson,Bryn Forbes,9:13,,,,,,,,,,,34:37,Pau Gasol,33:05,Danny Green,30:16,Dāvis Bertāns,28:51,Dejounte Murray,28:41,Manu Ginóbili,22:18,Patty Mills,21:48,Tony Parker,16:16,Joffrey Lauvergne,14:55,99,1,0,0.0,,0.0,,0.0,,Ekpe Udoh,2,0,2017-2018,0.0,0,1.0,UTA,101,Joe Ingles,,,,,,,,,,,,,38:30,Royce O'Neale,38:18,Donovan Mitchell,38:01,Jae Crowder,33:07,Rudy Gobert,31:10,Derrick Favors,25:06,Raul Neto,17:52,Jonas Jerebko,8:16,Alec Burks,7:39
0,,0,,1,0.50,100,0,1,100.0,0,,0.0,,0.0,0,0,,0,,Logos via Sports Logos.net / About logos,L,https://www.basketball-reference.com/boxscores/201802230UTA.html,Home,81,5:38,0,0.0,POR,Damian Lillard,Pat Connaughton,4:30,,,,,,,,,,,36:30,CJ McCollum,35:53,Al-Farouq Aminu,32:31,Maurice Harkless,26:13,Jusuf Nurkić,25:32,Evan Turner,21:47,Ed Davis,21:17,Shabazz Napier,19:21,Zach Collins,16:26,100,0,0,0.0,,0.0,,0.0,,Ekpe Udoh,19,1,2017-2018,1.0,2,1.0,UTA,81,Donovan Mitchell,,,,,,,,,,,,,36:17,Joe Ingles,35:07,Rudy Gobert,34:18,Royce O'Neale,27:09,Jae Crowder,26:59,Derrick Favors,24:44,Ricky Rubio,19:41,Jonas Jerebko,19:31,Alec Burks,10:36
0,,0,0.000,0,0.00,80,3,4,80.0,0,.000,0.0,0.0,1.0,1,0,,0,0.000,Logos via Sports Logos.net / About logos,W,https://www.basketball-reference.com/boxscores/201803050UTA.html,Home,94,10:55,1,20.0,ORL,Aaron Gordon,Wes Iwundu,11:08,,,,,,,,,,,32:40,Nikola Vučević,32:29,Evan Fournier,32:14,D.J. Augustin,28:58,Jonathon Simmons,28:43,Shelvin Mack,20:20,Mario Hezonja,20:12,Jonathan Isaac,17:45,Bismack Biyombo,15:31,80,3,0,0.0,,0.0,,0.0,,Ekpe Udoh,14,1,2017-2018,4.0,1,5.0,UTA,94,Donovan Mitchell,,,,,,,,,,,,,40:31,Joe Ingles,38:06,Rudy Gobert,37:05,Ricky Rubio,35:25,Jae Crowder,27:48,Jonas Jerebko,20:29,Royce O'Neale,17:12,Raul Neto,6:32,Alec Burks,5:57
0,,0,,0,,104,1,0,,0,,0.0,,0.0,0,0,,0,,Logos via Sports Logos.net / About logos,W,https://www.basketball-reference.com/boxscores/201803070IND.html,Away,84,1:24,0,,IND,Cory Joseph,Joe Young,10:29,Alex Poythress,3:27,T.J. Leaf,3:27,,,,,,,37:49,Victor Oladipo,33:35,Bojan Bogdanović,32:33,Thaddeus Young,30:37,Myles Turner,30:02,Domantas Sabonis,18:16,Trevor Booker,13:38,Lance Stephenson,13:27,Glenn Robinson III,12:40,84,0,0,0.0,,0.0,,0.0,,Ekpe Udoh,20,0,2017-2018,1.0,0,0.0,UTA,104,Rudy Gobert,Tony Bradley,1:24,,,,,,,,,,,38:46,Donovan Mitchell,36:07,Joe Ingles,34:41,Ricky Rubio,33:08,Jae Crowder,28:23,Derrick Favors,25:39,Royce O'Neale,19:34,Jonas Jerebko,12:05,Raul Neto,8:49
0,,0,,0,,95,0,0,,0,,0.0,,0.0,0,0,,0,,Logos via Sports Logos.net / About logos,W,https://www.basketball-reference.com/boxscores/201803090MEM.html,Away,78,1:33,0,,MEM,Dillon Brooks,Ivan Rabb,1:20,Brice Johnson,1:09,,,,,,,,,32:24,Marc Gasol,31:41,JaMychal Green,31:27,Jarell Martin,30:28,Ben McLemore,27:37,Xavier Rathan-Mayes,26:04,Kobi Simmons,25:54,Deyonta Davis,16:19,Wayne Selden,15:37,78,0,0,0.0,,0.0,,0.0,,Ekpe Udoh,17,0,2017-2018,0.0,0,0.0,UTA,95,Donovan Mitchell,Georges Niang,1:20,,,,,,,,,,,34:45,Rudy Gobert,34:08,Jae Crowder,33:54,Joe Ingles,31:59,Ricky Rubio,30:51,Derrick Favors,27:40,Royce O'Neale,19:27,Raul Neto,12:30,Jonas Jerebko,11:53
0,,0,0.000,2,1.00,116,0,1,33.3,0,.000,0.0,0.0,3.0,3,0,,0,0.000,Logos via Sports Logos.net / About logos,W,https://www.basketball-reference.com/boxscores/201803110NOP.html,Away,99,5:05,2,66.7,NOP,Anthony Davis,Cheick Diallo,5:37,,,,,,,,,,,40:04,Jrue Holiday,39:21,Darius Miller,32:56,E'Twaun Moore,28:09,Ian Clark,25:55,Rajon Rondo,23:09,Emeka Okafor,18:27,Nikola Mirotić,18:23,DeAndre Liggins,7:59,99,3,0,0.0,,0.0,,0.0,,Ekpe Udoh,17,0,2017-2018,0.0,2,3.0,UTA,116,Donovan Mitchell,Erik McCree,0:38,,,,,,,,,,,41:05,Rudy Gobert,39:47,Joe Ingles,36:27,Ricky Rubio,34:53,Jae Crowder,32:09,Derrick Favors,18:30,Royce O'Neale,15:42,Jonas Jerebko,11:12,Raul Neto,4:32
0,,0,,0,,79,0,0,,0,,0.0,,0.0,0,0,,0,,Logos via Sports Logos.net / About logos,W,https://www.basketball-reference.com/boxscores/201803130UTA.html,Home,110,6:16,0,,DET,Luke Kennard,James Ennis III,11:33,Henry Ellenson,6:20,,,,,,,,,36:08,Stanley Johnson,31:27,Blake Griffin,28:52,Jameer Nelson,25:56,Eric Moreland,24:04,Andre Drummond,23:56,Ish Smith,22:04,Langston Galloway,16:52,Anthony Tolliver,12:48,79,1,0,0.0,,0.0,,0.0,,Ekpe Udoh,31,0,2017-2018,0.0,0,0.0,UTA,110,Donovan Mitchell,Georges Niang,5:37,Erik McCree,4:10,,,,,,,,,33:01,Rudy Gobert,30:34,Ricky Rubio,29:27,Derrick Favors,27:40,Joe Ingles,26:46,Jae Crowder,24:07,Jonas Jerebko,19:29,Royce O'Neale,17:08,Alec Burks,15:45
0,,0,,0,,88,1,0,,0,,0.0,,0.0,0,0,,0,,Logos via Sports Logos.net / About logos,W,https://www.basketball-reference.com/boxscores/201803150UTA.html,Home,116,4:29,0,,PHO,T.J. Warren,Troy Daniels,11:39,Jared Dudley,9:44,Alec Peters,3:47,Davon Reed,3:47,,,,,36:09,Devin Booker,34:15,Dragan Bender,29:13,Josh Jackson,23:49,Alex Len,23:22,Shaquille Harrison,17:51,Elfrid Payton,16:39,Tyler Ulis,15:35,Marquese Chriss,14:10,88,0,0,0.0,,0.0,,0.0,,Ekpe Udoh,28,0,2017-2018,1.0,0,0.0,UTA,116,Donovan Mitchell,Alec Burks,3:47,Georges Niang,2:46,,,,,,,,,36:00,Rudy Gobert,34:02,Joe Ingles,31:14,Ricky Rubio,31:09,Jae Crowder,27:49,Derrick Favors,23:23,Royce O'Neale,21:24,Dante Exum,14:27,Jonas Jerebko,9:30
0,.000,1,50.000,0,,99,4,2,100.0,0,.000,0.0,0.0,1.0,2,0,,0,0.000,Logos via Sports Logos.net / About logos,L,https://www.basketball-reference.com/boxscores/201803200UTA.html,Home,94,12:30,0,0.0,ATL,Taurean Prince,Tyler Cavanaugh,10:33,,,,,,,,,,,37:06,Dennis Schröder,34:47,Damion Lee,31:35,Mike Muscala,29:32,Dewayne Dedmon,29:20,Tyler Dorsey,19:43,Isaiah Taylor,19:31,Andrew White,16:29,Miles Plumlee,11:24,99,0,0,0.0,,0.0,,0.0,,Ekpe Udoh,5,1,2017-2018,5.0,0,2.0,UTA,94,Donovan Mitchell,,,,,,,,,,,,,40:35,Joe Ingles,35:38,Rudy Gobert,35:25,Ricky Rubio,34:24,Jae Crowder,32:35,Royce O'Neale,19:02,Dante Exum,16:23,Jonas Jerebko,13:28,,
0,,0,0.000,0,0.00,110,1,0,,0,.000,0.0,0.0,1.0,1,0,,0,0.000,Logos via Sports Logos.net / About logos,W,https://www.basketball-reference.com/boxscores/201803250GSW.html,Away,91,4:06,0,,GSW,Nick Young,Damian Jones,12:00,Zaza Pachulia,11:18,,,,,,,,,37:58,Quinn Cook,34:56,Patrick McCaw,33:27,Kevon Looney,24:26,Andre Iguodala,19:21,Shaun Livingston,18:18,JaVale McGee,18:03,Jordan Bell,17:30,David West,12:43,91,0,0,0.0,,0.0,,0.0,,Ekpe Udoh,19,0,2017-2018,1.0,1,0.0,UTA,110,Joe Ingles,Alec Burks,4:06,Georges Niang,3:00,David Stockton,3:00,,,,,,,32:04,Rudy Gobert,31:08,Donovan Mitchell,30:52,Jae Crowder,30:11,Ricky Rubio,26:25,Royce O'Neale,24:46,Derrick Favors,24:07,Dante Exum,16:50,Jonas Jerebko,9:25
0,,0,,0,,121,0,0,,0,,0.0,,0.0,0,1,.500,2,,Logos via Sports Logos.net / About logos,W,https://www.basketball-reference.com/boxscores/201804010MIN.html,Away,97,3:44,0,,MIN,Karl-Anthony Towns,Anthony Brown,3:44,Justin Patton,3:44,,,,,,,,,36:08,Andrew Wiggins,35:56,Taj Gibson,34:05,Tyus Jones,33:13,Jamal Crawford,27:01,Nemanja Bjelica,26:04,Gorgui Dieng,18:50,Aaron Brooks,16:09,Marcus Georges-Hunt,5:06,97,0,1,0.0,0.0,0.0,0.0,1.0,100.0,Ekpe Udoh,24,0,2017-2018,0.0,0,0.0,UTA,121,Rudy Gobert,Alec Burks,3:44,Georges Niang,3:44,David Stockton,3:28,,,,,,,32:16,Derrick Favors,31:44,Donovan Mitchell,31:33,Joe Ingles,27:36,Ricky Rubio,27:27,Jae Crowder,22:45,Royce O'Neale,18:27,Dante Exum,17:05,Jonas Jerebko,16:27
0,,0,0.000,0,,95,1,2,66.7,0,.000,0.0,0.0,1.0,1,0,,0,0.000,Logos via Sports Logos.net / About logos,W,https://www.basketball-reference.com/boxscores/201804050UTA.html,Home,117,8:20,1,33.3,LAC,Austin Rivers,Sam Dekker,14:20,Wesley Johnson,9:19,,,,,,,,,32:24,Tobias Harris,32:12,Lou Williams,30:28,Tyrone Wallace,26:24,Montrezl Harrell,25:22,DeAndre Jordan,20:46,C.J. Williams,17:26,Sindarius Thornwell,15:56,Boban Marjanović,15:23,95,2,0,0.0,,0.0,,0.0,,Ekpe Udoh,22,0,2017-2018,1.0,0,3.0,UTA,117,Joe Ingles,Jae Crowder,4:44,Georges Niang,3:36,David Stockton,2:52,,,,,,,31:53,Royce O'Neale,31:46,Donovan Mitchell,28:21,Derrick Favors,27:47,Rudy Gobert,27:43,Dante Exum,24:23,Jonas Jerebko,23:30,Alec Burks,16:57,Ricky Rubio,8:08
0,,0,,1,,112,1,0,,0,,0.0,,0.0,0,0,,0,,Logos via Sports Logos.net / About logos,W,https://www.basketball-reference.com/boxscores/201804080LAL.html,Away,97,3:14,0,,LAL,Josh Hart,Ivica Zubac,13:54,Thomas Bryant,9:25,,,,,,,,,41:02,Tyler Ennis,29:07,Julius Randle,24:41,Kentavious Caldwell-Pope,23:20,Channing Frye,22:53,Gary Payton II,21:17,Brook Lopez,20:32,Travis Wear,17:49,Alex Caruso,16:00,97,2,0,0.0,,0.0,,0.0,,Ekpe Udoh,15,0,2017-2018,1.0,0,0.0,UTA,112,Donovan Mitchell,,,,,,,,,,,,,38:01,Joe Ingles,33:18,Derrick Favors,33:06,Jae Crowder,29:54,Rudy Gobert,25:48,Royce O'Neale,24:21,Dante Exum,23:01,Ricky Rubio,18:05,Jonas Jerebko,11:12
0,,0,0.000,1,,79,0,1,33.3,1,.333,1.0,33.3,3.0,3,0,,0,0.000,Logos via Sports Logos.net / About logos,W,https://www.basketball-reference.com/boxscores/201804100UTA.html,Home,119,12:00,2,66.7,GSW,Klay Thompson,Zaza Pachulia,13:00,JaVale McGee,11:00,Damian Jones,9:51,,,,,,,35:14,Quinn Cook,33:34,Kevin Durant,29:21,Nick Young,24:27,Kevon Looney,21:16,Draymond Green,19:49,Shaun Livingston,15:40,David West,13:29,Jordan Bell,13:19,79,1,2,2.0,100.0,0.0,0.0,0.0,0.0,Ekpe Udoh,40,1,2017-2018,1.0,0,3.0,UTA,119,Rudy Gobert,Alec Burks,12:00,Raul Neto,9:40,Georges Niang,9:40,,,,,,,28:21,Donovan Mitchell,26:16,Joe Ingles,24:25,Derrick Favors,21:29,Jae Crowder,21:16,Jonas Jerebko,20:37,Ricky Rubio,19:32,Dante Exum,18:48,Royce O'Neale,15:56
0,,0,0.000,0,,93,0,0,0.0,1,1.000,1.0,100.0,1.0,1,0,,0,0.000,Logos via Sports Logos.net / About logos,L,https://www.basketball-reference.com/boxscores/201804110POR.html,Away,102,3:03,1,100.0,POR,Damian Lillard,Wade Baldwin,12:53,Jake Layman,1:01,Caleb Swanigan,1:01,,,,,,,36:51,CJ McCollum,35:14,Jusuf Nurkić,29:32,Al-Farouq Aminu,29:32,Evan Turner,28:24,Zach Collins,18:28,Ed Davis,17:27,Pat Connaughton,15:44,Shabazz Napier,13:53,102,2,2,2.0,100.0,0.0,0.0,0.0,0.0,Ekpe Udoh,9,0,2017-2018,0.0,0,1.0,UTA,93,Donovan Mitchell,Jonas Jerebko,9:35,,,,,,,,,,,33:34,Rudy Gobert,31:58,Joe Ingles,27:38,Jae Crowder,27:03,Derrick Favors,26:51,Royce O'Neale,25:21,Ricky Rubio,23:56,Dante Exum,20:23,Raul Neto,10:38
0,,0,,0,,108,0,0,,0,,0.0,,0.0,0,0,,0,,Logos via Sports Logos.net / About logos,L,https://www.basketball-reference.com/boxscores/201804150OKC.html,Away,116,2:17,0,,OKC,Paul George,Terrance Ferguson,2:28,,,,,,,,,,,37:37,Carmelo Anthony,37:19,Russell Westbrook,37:07,Steven Adams,36:35,Corey Brewer,33:38,Álex Abrines,21:17,Jerami Grant,14:18,Raymond Felton,11:55,Patrick Patterson,7:46,116,1,0,0.0,,0.0,,0.0,,Ekpe Udoh,8,0,2017-2018,0.0,0,0.0,UTA,108,Rudy Gobert,Alec Burks,2:17,Raul Neto,2:17,,,,,,,,,35:10,Donovan Mitchell,34:57,Joe Ingles,31:56,Ricky Rubio,31:00,Derrick Favors,30:09,Jae Crowder,27:55,Royce O'Neale,20:01,Dante Exum,18:07,Jonas Jerebko,3:54
0,,0,,0,0.00,102,0,0,,0,,0.0,,0.0,0,0,,0,,Logos via Sports Logos.net / About logos,W,https://www.basketball-reference.com/boxscores/201804210UTA.html,Home,115,2:18,0,,OKC,Paul George,Terrance Ferguson,2:29,Josh Huestis,1:49,Dakari Johnson,1:49,,,,,,,40:27,Russell Westbrook,37:22,Carmelo Anthony,31:19,Corey Brewer,27:58,Steven Adams,26:24,Raymond Felton,21:16,Patrick Patterson,19:32,Jerami Grant,16:56,Álex Abrines,12:39,102,1,0,0.0,,0.0,,0.0,,Ekpe Udoh,13,0,2017-2018,0.0,1,0.0,UTA,115,Rudy Gobert,Alec Burks,1:49,Raul Neto,1:29,David Stockton,1:29,,,,,,,40:58,Ricky Rubio,36:59,Donovan Mitchell,34:58,Derrick Favors,33:51,Joe Ingles,32:07,Jae Crowder,22:42,Royce O'Neale,15:49,Dante Exum,9:32,Jonas Jerebko,5:59
0,,0,,0,,96,0,0,,0,,0.0,,0.0,0,0,.000,2,,Logos via Sports Logos.net / About logos,W,https://www.basketball-reference.com/boxscores/201804230UTA.html,Home,113,1:29,0,,OKC,Paul George,Josh Huestis,5:39,Terrance Ferguson,1:28,Dakari Johnson,1:28,,,,,,,39:51,Carmelo Anthony,36:03,Russell Westbrook,35:59,Steven Adams,35:23,Corey Brewer,22:21,Jerami Grant,18:18,Álex Abrines,16:23,Raymond Felton,14:42,Patrick Patterson,12:25,96,0,0,0.0,,0.0,,0.0,,Ekpe Udoh,17,0,2017-2018,0.0,0,0.0,UTA,113,Donovan Mitchell,Alec Burks,1:28,Raul Neto,1:28,,,,,,,,,38:48,Ricky Rubio,34:23,Rudy Gobert,34:05,Derrick Favors,33:24,Joe Ingles,30:05,Jae Crowder,27:49,Royce O'Neale,19:58,Dante Exum,10:19,Jonas Jerebko,6:44
0,,0,0.000,0,,99,1,0,0.0,1,1.000,1.0,100.0,1.0,1,0,,0,0.000,Logos via Sports Logos.net / About logos,L,https://www.basketball-reference.com/boxscores/201804250OKC.html,Away,107,4:19,1,100.0,OKC,Paul George,Josh Huestis,3:21,,,,,,,,,,,44:39,Russell Westbrook,44:00,Steven Adams,40:36,Carmelo Anthony,25:25,Álex Abrines,24:42,Corey Brewer,23:18,Jerami Grant,23:12,Patrick Patterson,6:47,Raymond Felton,4:00,107,0,2,2.0,100.0,0.0,0.0,0.0,0.0,Ekpe Udoh,8,0,2017-2018,1.0,0,1.0,UTA,99,Joe Ingles,,,,,,,,,,,,,41:47,Donovan Mitchell,39:58,Jae Crowder,36:37,Ricky Rubio,35:47,Rudy Gobert,30:19,Derrick Favors,23:38,Royce O'Neale,20:15,Jonas Jerebko,4:53,Dante Exum,2:27
0,,0,,0,,96,0,0,,0,,0.0,,0.0,0,0,,0,,Logos via Sports Logos.net / About logos,L,https://www.basketball-reference.com/boxscores/201804290HOU.html,Away,110,0:58,0,,HOU,James Harden,Gerald Green,0:58,Tarik Black,0:58,Aaron Jackson,0:58,,,,,,,36:55,Clint Capela,35:31,P.J. Tucker,35:07,Trevor Ariza,32:57,Chris Paul,31:54,Eric Gordon,30:33,Luc Mbah a Moute,20:39,Ryan Anderson,9:28,Nenê,4:02,110,0,0,0.0,,0.0,,0.0,,Ekpe Udoh,14,0,2017-2018,0.0,0,0.0,UTA,96,Donovan Mitchell,Jonas Jerebko,5:54,,,,,,,,,,,38:40,Rudy Gobert,35:19,Jae Crowder,32:39,Joe Ingles,32:13,Royce O'Neale,28:33,Derrick Favors,25:35,Alec Burks,17:17,Dante Exum,15:08,Raul Neto,7:44
0,,0,,0,,113,1,2,100.0,0,,0.0,,0.0,0,0,.000,2,,Logos via Sports Logos.net / About logos,L,https://www.basketball-reference.com/boxscores/201805040UTA.html,Home,92,9:29,0,0.0,HOU,Eric Gordon,Ryan Anderson,4:17,Joe Johnson,4:17,Tarik Black,4:17,,,,,,,30:52,Chris Paul,30:51,James Harden,30:29,Clint Capela,30:11,Trevor Ariza,27:32,P.J. Tucker,24:37,Luc Mbah a Moute,21:46,Gerald Green,17:18,Nenê,13:32,113,0,0,0.0,,0.0,,0.0,,Ekpe Udoh,21,0,2017-2018,1.0,0,2.0,UTA,92,Rudy Gobert,Derrick Favors,13:14,David Stockton,4:17,Tony Bradley,1:54,,,,,,,32:11,Donovan Mitchell,30:54,Joe Ingles,30:28,Royce O'Neale,29:25,Jae Crowder,24:39,Alec Burks,17:32,Raul Neto,16:54,Jonas Jerebko,14:33,Dante Exum,14:30
0,,0,,0,0.00,124,1,0,0.0,0,,0.0,,0.0,0,0,,0,,Logos via Sports Logos.net / About logos,L,https://www.basketball-reference.com/boxscores/201810190UTA.html,Home,123,3:07,1,100.0,GSW,Kevin Durant,Quinn Cook,3:06,,,,,,,,,,,39:38,Stephen Curry,37:07,Klay Thompson,35:53,Draymond Green,33:12,Jonas Jerebko,23:45,Kevon Looney,18:36,Shaun Livingston,18:17,Damian Jones,18:03,Alfonzo McKinnie,12:21,124,1,0,0.0,,0.0,,0.0,,Ekpe Udoh,1,0,2018-2019,1.0,1,1.0,UTA,123,Joe Ingles,Georges Niang,8:41,,,,,,,,,,,35:41,Donovan Mitchell,34:41,Rudy Gobert,34:41,Ricky Rubio,32:51,Jae Crowder,28:33,Derrick Favors,20:58,Dante Exum,18:12,Alec Burks,11:43,Royce O'Neale,10:52
0,,0,,1,,100,0,1,100.0,0,,0.0,,0.0,0,0,,0,,Logos via Sports Logos.net / About logos,W,https://www.basketball-reference.com/boxscores/201810240HOU.html,Away,89,3:29,0,0.0,HOU,Eric Gordon,,,,,,,,,,,,,39:43,P.J. Tucker,38:49,Carmelo Anthony,38:45,Clint Capela,37:42,James Harden,31:38,Gerald Green,27:59,Michael Carter-Williams,20:25,Isaiah Hartenstein,2:33,Gary Clark,2:25,89,0,0,0.0,,0.0,,0.0,,Ekpe Udoh,11,0,2018-2019,0.0,0,1.0,UTA,100,Donovan Mitchell,Grayson Allen,4:12,Georges Niang,4:05,,,,,,,,,39:08,Rudy Gobert,34:21,Ricky Rubio,33:18,Jae Crowder,31:33,Joe Ingles,31:25,Derrick Favors,22:32,Royce O'Neale,16:35,Dante Exum,14:42,Alec Burks,4:40
0,,0,,0,0.00,132,0,1,100.0,0,,0.0,,0.0,0,1,.500,2,,Logos via Sports Logos.net / About logos,W,https://www.basketball-reference.com/boxscores/201810270NOP.html,Away,111,5:51,0,0.0,NOP,Jrue Holiday,Tim Frazier,13:20,Ian Clark,13:15,Kenrich Williams,12:59,Cheick Diallo,10:45,,,,,29:24,Nikola Mirotić,28:19,E'Twaun Moore,24:30,Frank Jackson,22:41,Solomon Hill,20:08,Julius Randle,18:32,Wesley Johnson,15:59,Elfrid Payton,15:47,Jahlil Okafor,14:21,111,2,1,0.0,0.0,0.0,0.0,1.0,100.0,Ekpe Udoh,21,0,2018-2019,0.0,1,1.0,UTA,132,Donovan Mitchell,Georges Niang,11:27,Grayson Allen,5:20,,,,,,,,,32:35,Rudy Gobert,31:29,Ricky Rubio,29:33,Joe Ingles,28:28,Jae Crowder,28:09,Derrick Favors,18:36,Dante Exum,17:58,Royce O'Neale,15:43,Alec Burks,14:51
0,,0,,2,,113,1,2,100.0,0,,0.0,,0.0,0,2,1.000,2,,Logos via Sports Logos.net / About logos,W,https://www.basketball-reference.com/boxscores/201810280DAL.html,Away,104,14:57,0,0.0,DAL,Luka Dončić,Dorian Finney-Smith,10:59,Ryan Broekhoff,0:21,,,,,,,,,36:53,DeAndre Jordan,36:36,Wesley Matthews,35:51,Harrison Barnes,34:25,Dennis Smith Jr.,33:55,J.J. Barea,14:05,Maxi Kleber,13:13,Jalen Brunson,12:15,Dwight Powell,11:23,104,1,2,0.0,0.0,0.0,0.0,2.0,100.0,Ekpe Udoh,9,0,2018-2019,1.0,0,2.0,UTA,113,Donovan Mitchell,,,,,,,,,,,,,35:04,Jae Crowder,34:30,Rudy Gobert,33:03,Ricky Rubio,31:53,Joe Ingles,30:55,Royce O'Neale,17:05,Dante Exum,16:07,Georges Niang,13:29,Grayson Allen,12:56
0,,0,,0,,125,0,1,100.0,0,,0.0,,0.0,0,1,.500,2,,Logos via Sports Logos.net / About logos,L,https://www.basketball-reference.com/boxscores/201810310MIN.html,Away,128,2:23,0,0.0,MIN,Derrick Rose,,,,,,,,,,,,,40:51,Karl-Anthony Towns,40:08,Andrew Wiggins,37:41,Josh Okogie,36:54,Taj Gibson,24:14,Anthony Tolliver,23:46,James Nunnally,21:25,Gorgui Dieng,7:52,C.J. Williams,7:09,128,1,1,0.0,0.0,0.0,0.0,1.0,100.0,Ekpe Udoh,3,0,2018-2019,0.0,0,1.0,UTA,125,Joe Ingles,Georges Niang,7:31,,,,,,,,,,,35:00,Rudy Gobert,33:30,Donovan Mitchell,30:52,Jae Crowder,29:45,Ricky Rubio,27:04,Dante Exum,25:18,Derrick Favors,22:51,Royce O'Neale,17:41,Grayson Allen,8:05
0,,0,0.000,0,,88,2,0,,1,1.000,1.0,100.0,1.0,1,0,,0,0.000,Logos via Sports Logos.net / About logos,L,https://www.basketball-reference.com/boxscores/201811030DEN.html,Away,103,2:32,0,,DEN,Jamal Murray,Monte Morris,12:03,DeVaughn Akoon-Purcell,1:57,Tyler Lydon,1:57,,,,,,,35:13,Gary Harris,31:32,Nikola Jokić,28:54,Juancho Hernangómez,28:11,Paul Millsap,23:05,Torrey Craig,21:02,Trey Lyles,20:23,Malik Beasley,18:34,Mason Plumlee,17:09,103,0,2,2.0,100.0,0.0,0.0,0.0,0.0,Ekpe Udoh,15,0,2018-2019,2.0,0,0.0,UTA,88,Rudy Gobert,Georges Niang,4:47,Thabo Sefolosha,3:02,,,,,,,,,35:12,Joe Ingles,32:44,Ricky Rubio,32:37,Donovan Mitchell,32:25,Jae Crowder,31:31,Royce O'Neale,23:22,Derrick Favors,18:56,Dante Exum,17:39,Grayson Allen,5:13
0,,0,0.000,0,,124,0,1,100.0,1,1.000,1.0,100.0,1.0,1,0,,0,0.000,Logos via Sports Logos.net / About logos,L,https://www.basketball-reference.com/boxscores/201811050UTA.html,Home,111,6:17,0,0.0,TOR,Pascal Siakam,Greg Monroe,12:38,Lorenzo Brown,4:13,Malachi Richardson,4:13,Norman Powell,0:13,,,,,30:50,Kyle Lowry,28:57,Fred VanVleet,28:11,OG Anunoby,24:56,C.J. Miles,24:39,Delon Wright,23:44,Danny Green,22:04,Jonas Valančiūnas,21:36,Serge Ibaka,13:46,124,0,2,2.0,100.0,0.0,0.0,0.0,0.0,Ekpe Udoh,13,1,2018-2019,1.0,0,1.0,UTA,111,Joe Ingles,Georges Niang,10:19,Thabo Sefolosha,6:17,Naz Mitrou-Long,3:40,,,,,,,32:07,Rudy Gobert,29:31,Ricky Rubio,27:37,Alec Burks,26:30,Derrick Favors,23:15,Jae Crowder,22:58,Royce O'Neale,19:11,Grayson Allen,16:13,Dante Exum,16:05
0,,0,,0,0.00,102,1,0,,0,,0.0,,0.0,0,0,,0,,Logos via Sports Logos.net / About logos,W,https://www.basketball-reference.com/boxscores/201811070UTA.html,Home,117,1:58,0,,DAL,Harrison Barnes,Dwight Powell,10:57,Salah Mejri,4:16,,,,,,,,,35:47,Luka Dončić,35:12,Wesley Matthews,33:37,DeAndre Jordan,31:24,Dennis Smith Jr.,24:26,Dorian Finney-Smith,18:42,J.J. Barea,16:16,Jalen Brunson,15:47,Maxi Kleber,13:36,102,1,0,0.0,,0.0,,0.0,,Ekpe Udoh,15,0,2018-2019,1.0,1,0.0,UTA,117,Ricky Rubio,Georges Niang,7:16,,,,,,,,,,,36:38,Joe Ingles,35:59,Donovan Mitchell,32:58,Rudy Gobert,31:43,Jae Crowder,30:21,Derrick Favors,24:42,Alec Burks,15:02,Royce O'Neale,12:01,Dante Exum,11:22
0,,0,0.000,0,,96,1,0,0.0,1,1.000,1.0,100.0,1.0,1,0,,0,0.000,Logos via Sports Logos.net / About logos,W,https://www.basketball-reference.com/boxscores/201811120MEM.html,Away,88,1:16,1,100.0,MEM,Kyle Anderson,,,,,,,,,,,,,37:32,Mike Conley,35:43,Marc Gasol,35:13,Garrett Temple,34:07,Shelvin Mack,29:05,Jaren Jackson Jr.,27:29,MarShon Brooks,22:35,Wayne Selden,18:16,,,88,0,2,2.0,100.0,0.0,0.0,0.0,0.0,Ekpe Udoh,8,0,2018-2019,1.0,0,1.0,UTA,96,Donovan Mitchell,Royce O'Neale,4:03,,,,,,,,,,,36:18,Joe Ingles,36:00,Rudy Gobert,32:01,Derrick Favors,27:45,Jae Crowder,27:27,Ricky Rubio,24:19,Alec Burks,22:49,Dante Exum,20:31,Georges Niang,7:31
0,,0,0.000,0,0.00,68,0,2,100.0,1,.500,1.0,50.0,2.0,2,0,,0,0.000,Logos via Sports Logos.net / About logos,L,https://www.basketball-reference.com/boxscores/201811140DAL.html,Away,118,11:12,0,0.0,DAL,Harrison Barnes,Devin Harris,12:52,Jalen Brunson,8:32,Ryan Broekhoff,7:31,Salah Mejri,6:48,,,,,26:28,Dwight Powell,25:37,Luka Dončić,25:09,DeAndre Jordan,22:23,Dorian Finney-Smith,22:19,Dennis Smith Jr.,21:48,Maxi Kleber,21:19,Wesley Matthews,20:33,J.J. Barea,18:41,118,2,2,2.0,100.0,0.0,0.0,0.0,0.0,Ekpe Udoh,50,0,2018-2019,0.0,1,2.0,UTA,68,Rudy Gobert,Thabo Sefolosha,12:00,Royce O'Neale,9:38,Georges Niang,5:45,,,,,,,25:40,Joe Ingles,24:57,Donovan Mitchell,24:44,Ricky Rubio,24:37,Derrick Favors,21:56,Jae Crowder,21:34,Grayson Allen,20:48,Dante Exum,20:30,Alec Burks,16:39
0,,0,,0,0.00,107,0,0,,0,,0.0,,0.0,0,0,,0,,Logos via Sports Logos.net / About logos,L,https://www.basketball-reference.com/boxscores/201811160PHI.html,Away,113,1:50,0,,PHI,Jimmy Butler,Furkan Korkmaz,10:30,,,,,,,,,,,37:30,Ben Simmons,35:59,JJ Redick,33:43,Mike Muscala,31:33,Joel Embiid,26:14,Wilson Chandler,21:37,Markelle Fultz,14:27,Landry Shamet,14:17,Amir Johnson,14:10,113,0,0,0.0,,0.0,,0.0,,Ekpe Udoh,6,0,2018-2019,0.0,1,0.0,UTA,107,Donovan Mitchell,Thabo Sefolosha,10:53,,,,,,,,,,,33:47,Joe Ingles,32:33,Ricky Rubio,31:23,Jae Crowder,30:07,Rudy Gobert,28:20,Derrick Favors,24:46,Dante Exum,18:18,Royce O'Neale,16:37,Alec Burks,11:26
0,,0,,0,,98,0,0,,0,,0.0,,0.0,0,0,,0,,Logos via Sports Logos.net / About logos,W,https://www.basketball-reference.com/boxscores/201811170BOS.html,Away,86,2:20,0,,BOS,Kyrie Irving,Daniel Theis,12:24,Semi Ojeleye,12:00,Guerschon Yabusele,8:58,Brad Wanamaker,8:58,,,,,30:22,Gordon Hayward,26:04,Jaylen Brown,24:43,Jayson Tatum,23:32,Al Horford,21:15,Terry Rozier,20:56,Marcus Morris,19:49,Marcus Smart,16:38,Aron Baynes,14:21,86,1,0,0.0,,0.0,,0.0,,Ekpe Udoh,12,0,2018-2019,0.0,0,0.0,UTA,98,Donovan Mitchell,Georges Niang,7:34,Grayson Allen,2:20,,,,,,,,,35:58,Rudy Gobert,30:47,Joe Ingles,30:02,Ricky Rubio,28:17,Jae Crowder,27:09,Derrick Favors,23:33,Dante Exum,20:00,Royce O'Neale,19:30,Alec Burks,12:30
0,,0,0.000,0,,94,1,1,100.0,2,1.000,2.0,100.0,2.0,2,0,,0,0.000,Logos via Sports Logos.net / About logos,L,https://www.basketball-reference.com/boxscores/201811190IND.html,Away,121,5:03,0,0.0,IND,Bojan Bogdanović,T.J. Leaf,2:48,Kyle O'Quinn,2:48,Davon Reed,1:54,,,,,,,30:08,Thaddeus Young,29:07,Tyreke Evans,27:10,Darren Collison,26:54,Myles Turner,26:22,Domantas Sabonis,26:08,Cory Joseph,24:45,Aaron Holiday,21:06,Doug McDermott,20:50,121,1,4,4.0,100.0,0.0,0.0,0.0,0.0,Ekpe Udoh,27,0,2018-2019,1.0,0,1.0,UTA,94,Donovan Mitchell,Alec Burks,11:25,Raul Neto,9:27,Grayson Allen,4:33,,,,,,,32:02,Joe Ingles,28:08,Ricky Rubio,27:52,Derrick Favors,26:44,Rudy Gobert,25:12,Jae Crowder,25:09,Dante Exum,18:18,Royce O'Neale,14:32,Thabo Sefolosha,11:35
0,,0,,0,,133,0,0,,0,,0.0,,0.0,0,0,,0,,Logos via Sports Logos.net / About logos,W,https://www.basketball-reference.com/boxscores/201811250SAC.html,Away,112,2:57,0,,SAC,Bogdan Bogdanović,Skal Labissière,5:11,Ben McLemore,5:11,Troy Williams,4:40,Yogi Ferrell,4:40,,,,,33:51,Buddy Hield,31:38,Marvin Bagley III,30:11,De'Aaron Fox,25:50,Willie Cauley-Stein,23:05,Justin Jackson,20:40,Harry Giles,19:53,Nemanja Bjelica,17:40,Frank Mason III,17:30,112,0,0,0.0,,0.0,,0.0,,Ekpe Udoh,21,0,2018-2019,0.0,0,0.0,UTA,133,Rudy Gobert,Grayson Allen,13:12,Thabo Sefolosha,11:53,Georges Niang,2:57,,,,,,,28:45,Joe Ingles,28:17,Ricky Rubio,26:44,Jae Crowder,25:36,Derrick Favors,23:52,Alec Burks,21:29,Dante Exum,20:03,Raul Neto,18:51,Royce O'Neale,15:24
0,,0,,1,,121,0,2,100.0,0,,0.0,,0.0,0,0,,0,,Logos via Sports Logos.net / About logos,L,https://www.basketball-reference.com/boxscores/201811260UTA.html,Home,88,7:43,0,0.0,IND,Bojan Bogdanović,Edmond Sumner,4:32,T.J. Leaf,4:32,Kyle O'Quinn,4:32,Ike Anigbogu,2:04,,,,,32:01,Cory Joseph,26:59,Darren Collison,26:15,Myles Turner,25:13,Domantas Sabonis,23:28,Tyreke Evans,23:02,Doug McDermott,22:54,Thaddeus Young,22:43,Aaron Holiday,21:45,121,0,0,0.0,,0.0,,0.0,,Ekpe Udoh,33,0,2018-2019,0.0,0,2.0,UTA,88,Joe Ingles,Grayson Allen,13:17,Thabo Sefolosha,10:20,Georges Niang,7:43,,,,,,,28:51,Royce O'Neale,27:15,Ricky Rubio,26:14,Rudy Gobert,25:19,Derrick Favors,23:50,Jae Crowder,21:05,Dante Exum,16:25,Alec Burks,16:17,Raul Neto,15:41
0,,0,0.000,1,,105,0,1,100.0,1,1.000,1.0,100.0,1.0,1,0,,0,0.000,Logos via Sports Logos.net / About logos,W,https://www.basketball-reference.com/boxscores/201812040UTA.html,Home,139,6:07,0,0.0,SAS,Dāvis Bertāns,Patty Mills,17:26,Quincy Pondexter,15:05,Chimezie Metu,12:55,,,,,,,24:51,DeMar DeRozan,24:20,Marco Belinelli,23:09,LaMarcus Aldridge,21:44,Dante Cunningham,21:23,Derrick White,21:20,Bryn Forbes,19:36,Jakob Poeltl,19:28,Rudy Gay,18:43,105,1,2,2.0,100.0,0.0,0.0,0.0,0.0,Ekpe Udoh,34,0,2018-2019,0.0,0,1.0,UTA,139,Ricky Rubio,Kyle Korver,15:07,Dante Exum,10:58,Georges Niang,4:51,,,,,,,28:59,Rudy Gobert,28:56,Joe Ingles,26:46,Donovan Mitchell,25:14,Derrick Favors,23:21,Jae Crowder,20:56,Royce O'Neale,16:44,Thabo Sefolosha,16:40,Raul Neto,15:21
0,,0,0.000,1,1.00,91,1,5,71.4,4,.800,4.0,80.0,5.0,5,1,.500,2,40.000,Logos via Sports Logos.net / About logos,W,https://www.basketball-reference.com/boxscores/201812060UTA.html,Home,118,19:14,2,28.6,HOU,James Harden,Nenê,13:29,Michael Carter-Williams,12:00,,,,,,,,,27:58,James Ennis III,27:50,Clint Capela,26:17,Gerald Green,25:34,Chris Paul,25:14,Eric Gordon,23:58,Danuel House Jr.,23:58,P.J. Tucker,18:19,Gary Clark,15:23,91,4,9,8.0,88.9,0.0,0.0,1.0,11.1,Ekpe Udoh,27,1,2018-2019,2.0,1,7.0,UTA,118,Derrick Favors,Raul Neto,9:16,Grayson Allen,8:27,Rudy Gobert,2:47,,,,,,,25:59,Jae Crowder,25:48,Donovan Mitchell,25:43,Joe Ingles,25:30,Ricky Rubio,24:17,Royce O'Neale,22:40,Dante Exum,21:46,Thabo Sefolosha,14:30,Kyle Korver,14:03
0,,0,,0,,97,0,0,,0,,0.0,,0.0,0,0,,0,,Logos via Sports Logos.net / About logos,L,https://www.basketball-reference.com/boxscores/201812090SAS.html,Away,110,0:22,0,,SAS,DeMar DeRozan,Drew Eubanks,0:22,Quincy Pondexter,0:22,,,,,,,,,38:08,Rudy Gay,34:10,Bryn Forbes,31:20,Derrick White,30:14,LaMarcus Aldridge,29:20,Patty Mills,27:34,Marco Belinelli,23:39,Jakob Poeltl,18:40,Chimezie Metu,6:11,110,0,0,0.0,,0.0,,0.0,,Ekpe Udoh,13,0,2018-2019,0.0,0,0.0,UTA,97,Ricky Rubio,Raul Neto,5:38,Dante Exum,2:44,Grayson Allen,0:22,,,,,,,35:32,Donovan Mitchell,35:28,Rudy Gobert,33:54,Joe Ingles,28:17,Royce O'Neale,25:14,Derrick Favors,24:28,Jae Crowder,18:40,Kyle Korver,15:01,Thabo Sefolosha,14:20
0,,0,0.000,2,,113,2,0,,5,1.000,5.0,100.0,5.0,5,0,.000,2,40.000,Logos via Sports Logos.net / About logos,L,https://www.basketball-reference.com/boxscores/201812100OKC.html,Away,122,9:14,0,,OKC,Russell Westbrook,Hamidou Diallo,10:21,Deonte Burton,1:26,Abdel Nader,1:23,,,,,,,35:57,Paul George,30:12,Dennis Schröder,29:55,Jerami Grant,29:33,Steven Adams,29:18,Álex Abrines,19:07,Nerlens Noel,18:42,Patrick Patterson,18:27,Terrance Ferguson,15:39,122,2,10,10.0,100.0,0.0,0.0,0.0,0.0,Ekpe Udoh,9,0,2018-2019,2.0,0,0.0,UTA,113,Derrick Favors,Thabo Sefolosha,16:15,Dante Exum,9:14,Georges Niang,6:29,,,,,,,27:55,Donovan Mitchell,26:58,Joe Ingles,25:09,Ricky Rubio,22:36,Rudy Gobert,21:08,Jae Crowder,19:46,Raul Neto,19:43,Kyle Korver,17:53,Royce O'Neale,17:40
0,,0,0.000,0,,84,0,1,100.0,0,.000,0.0,0.0,1.0,1,0,,0,0.000,Logos via Sports Logos.net / About logos,W,https://www.basketball-reference.com/boxscores/201812120UTA.html,Home,111,8:00,0,0.0,MIA,Rodney McGruder,Wayne Ellington,16:56,,,,,,,,,,,29:04,Justise Winslow,28:57,Kelly Olynyk,27:34,Bam Adebayo,27:25,Derrick Jones Jr.,26:00,Josh Richardson,25:27,Tyler Johnson,21:34,Dwyane Wade,18:56,James Johnson,18:07,84,0,0,0.0,,0.0,,0.0,,Ekpe Udoh,27,0,2018-2019,0.0,0,1.0,UTA,111,Donovan Mitchell,Kyle Korver,16:22,Grayson Allen,9:20,Georges Niang,6:03,,,,,,,26:02,Rudy Gobert,25:34,Ricky Rubio,25:32,Joe Ingles,24:23,Dante Exum,22:28,Jae Crowder,20:00,Royce O'Neale,19:53,Derrick Favors,19:15,Thabo Sefolosha,17:08
0,,0,0.000,0,,120,0,2,66.7,1,1.000,1.0,100.0,1.0,1,0,,0,0.000,Logos via Sports Logos.net / About logos,W,https://www.basketball-reference.com/boxscores/201812210POR.html,Away,90,4:18,1,33.3,POR,Damian Lillard,Nik Stauskas,13:58,Wade Baldwin,5:47,Jake Layman,5:47,Caleb Swanigan,5:47,,,,,34:02,CJ McCollum,30:12,Jusuf Nurkić,26:40,Evan Turner,23:34,Al-Farouq Aminu,22:47,Zach Collins,21:20,Maurice Harkless,18:39,Seth Curry,15:54,Meyers Leonard,15:33,90,0,2,2.0,100.0,0.0,0.0,0.0,0.0,Ekpe Udoh,30,1,2018-2019,1.0,0,3.0,UTA,120,Rudy Gobert,Thabo Sefolosha,9:34,Raul Neto,4:19,Georges Niang,4:18,,,,,,,29:33,Donovan Mitchell,27:56,Joe Ingles,27:48,Ricky Rubio,26:59,Kyle Korver,25:50,Jae Crowder,24:20,Derrick Favors,23:57,Dante Exum,21:01,Royce O'Neale,10:07
0,,0,,0,,96,1,1,100.0,0,,0.0,,0.0,0,0,,0,,Logos via Sports Logos.net / About logos,W,https://www.basketball-reference.com/boxscores/201812250UTA.html,Home,117,5:51,0,0.0,POR,Damian Lillard,Nik Stauskas,12:01,Wade Baldwin,2:40,Jake Layman,2:40,Caleb Swanigan,2:40,,,,,34:18,CJ McCollum,33:44,Al-Farouq Aminu,32:46,Jusuf Nurkić,25:52,Maurice Harkless,24:43,Meyers Leonard,19:28,Evan Turner,19:20,Zach Collins,15:14,Seth Curry,14:34,96,1,0,0.0,,0.0,,0.0,,Ekpe Udoh,21,0,2018-2019,1.0,0,1.0,UTA,117,Rudy Gobert,Thabo Sefolosha,8:13,Raul Neto,2:04,Georges Niang,2:04,,,,,,,33:05,Joe Ingles,32:51,Donovan Mitchell,31:09,Ricky Rubio,30:52,Jae Crowder,27:54,Kyle Korver,21:01,Derrick Favors,18:53,Dante Exum,17:08,Royce O'Neale,8:55
0,,0,0.000,0,0.00,114,0,1,100.0,1,1.000,1.0,100.0,1.0,1,0,,0,0.000,Logos via Sports Logos.net / About logos,L,https://www.basketball-reference.com/boxscores/201812270UTA.html,Home,97,2:51,0,0.0,PHI,Jimmy Butler,Landry Shamet,12:33,Demetrius Jackson,1:58,Amir Johnson,1:58,,,,,,,35:56,Joel Embiid,32:33,JJ Redick,31:43,Ben Simmons,31:13,T.J. McConnell,22:48,Mike Muscala,21:03,Wilson Chandler,19:19,Furkan Korkmaz,15:43,Jonah Bolden,13:13,114,0,2,2.0,100.0,0.0,0.0,0.0,0.0,Ekpe Udoh,17,0,2018-2019,0.0,1,1.0,UTA,97,Rudy Gobert,Royce O'Neale,7:29,Raul Neto,1:58,Georges Niang,1:58,,,,,,,36:22,Donovan Mitchell,33:21,Ricky Rubio,29:54,Joe Ingles,29:21,Dante Exum,21:28,Kyle Korver,20:29,Derrick Favors,18:51,Jae Crowder,18:04,Thabo Sefolosha,17:54
0,,0,0.000,2,,97,1,1,25.0,4,.800,4.0,80.0,5.0,5,0,,0,0.000,Logos via Sports Logos.net / About logos,W,https://www.basketball-reference.com/boxscores/201812290UTA.html,Home,129,9:01,3,75.0,NYK,Kevin Knox,Trey Burke,7:36,Lance Thomas,7:05,Mario Hezonja,4:36,,,,,,,41:16,Luke Kornet,28:38,Tim Hardaway Jr.,26:16,Emmanuel Mudiay,23:55,Noah Vonleh,23:55,Allonzo Trier,21:44,Damyean Dotson,21:18,Enes Freedom,17:12,Frank Ntilikina,16:29,97,1,8,8.0,100.0,0.0,0.0,0.0,0.0,Ekpe Udoh,32,0,2018-2019,1.0,0,4.0,UTA,129,Donovan Mitchell,Georges Niang,9:40,Naz Mitrou-Long,8:36,Tony Bradley,8:36,,,,,,,27:23,Dante Exum,26:07,Rudy Gobert,24:58,Derrick Favors,24:35,Kyle Korver,21:35,Joe Ingles,20:49,Thabo Sefolosha,20:22,Raul Neto,19:52,Royce O'Neale,18:26
0,,0,0.000,0,,117,1,0,0.0,1,.500,1.0,50.0,2.0,2,1,.500,2,100.000,Logos via Sports Logos.net / About logos,W,https://www.basketball-reference.com/boxscores/201901040CLE.html,Away,91,4:33,1,100.0,CLE,Cedi Osman,Jalen Jones,12:51,,,,,,,,,,,30:37,Larry Nance Jr.,30:36,Collin Sexton,29:38,Alec Burks,29:36,Tristan Thompson,27:29,Rodney Hood,25:08,Jordan Clarkson,19:09,Patrick McCaw,17:57,Channing Frye,16:59,91,1,3,2.0,66.7,0.0,0.0,1.0,33.3,Ekpe Udoh,26,0,2018-2019,1.0,0,1.0,UTA,117,Donovan Mitchell,Royce O'Neale,10:52,Raul Neto,4:33,Georges Niang,3:16,,,,,,,31:31,Rudy Gobert,30:50,Joe Ingles,27:20,Derrick Favors,24:56,Ricky Rubio,24:47,Jae Crowder,24:21,Kyle Korver,21:44,Dante Exum,19:57,Thabo Sefolosha,11:20
0,,0,0.000,0,,110,0,1,100.0,1,.500,1.0,50.0,2.0,2,0,,0,0.000,Logos via Sports Logos.net / About logos,W,https://www.basketball-reference.com/boxscores/201901050DET.html,Away,105,6:21,0,0.0,DET,Blake Griffin,Langston Galloway,3:04,,,,,,,,,,,39:27,Reggie Bullock,39:01,Andre Drummond,37:32,Bruce Brown,34:50,Reggie Jackson,25:28,José Calderón,22:32,Stanley Johnson,14:22,Luke Kennard,13:16,Jon Leuer,10:28,105,1,2,2.0,100.0,0.0,0.0,0.0,0.0,Ekpe Udoh,5,0,2018-2019,0.0,0,1.0,UTA,110,Donovan Mitchell,Royce O'Neale,8:30,Dante Exum,8:08,,,,,,,,,38:15,Joe Ingles,32:41,Ricky Rubio,29:35,Derrick Favors,28:15,Rudy Gobert,26:41,Jae Crowder,25:52,Kyle Korver,14:22,Raul Neto,12:29,Thabo Sefolosha,8:51
0,,0,,1,,95,0,0,,0,,0.0,,0.0,0,0,,0,,Logos via Sports Logos.net / About logos,W,https://www.basketball-reference.com/boxscores/201901110UTA.html,Home,113,3:01,0,,LAL,Kyle Kuzma,Moritz Wagner,7:45,Svi Mykhailiuk,6:36,Tyson Chandler,5:19,,,,,,,36:17,Brandon Ingram,34:46,Lonzo Ball,31:14,Josh Hart,29:31,Kentavious Caldwell-Pope,26:41,Michael Beasley,17:43,JaVale McGee,15:55,Lance Stephenson,14:10,Ivica Zubac,14:03,95,0,0,0.0,,0.0,,0.0,,Ekpe Udoh,18,0,2018-2019,0.0,0,0.0,UTA,113,Royce O'Neale,Tyler Cavanaugh,3:01,,,,,,,,,,,39:38,Donovan Mitchell,32:53,Rudy Gobert,31:39,Joe Ingles,31:03,Jae Crowder,28:32,Derrick Favors,25:43,Kyle Korver,20:55,Georges Niang,20:34,Naz Mitrou-Long,3:01
0,,0,,1,,129,0,0,,0,,0.0,,0.0,0,0,,0,,Logos via Sports Logos.net / About logos,W,https://www.basketball-reference.com/boxscores/201901160LAC.html,Away,109,2:42,0,,LAC,Danilo Gallinari,Mike Scott,6:13,Sindarius Thornwell,5:48,Johnathan Motley,4:19,Boban Marjanović,4:19,,,,,34:04,Tobias Harris,32:06,Lou Williams,26:52,Montrezl Harrell,25:47,Patrick Beverley,25:25,Avery Bradley,24:56,Shai Gilgeous-Alexander,22:04,Marcin Gortat,14:45,Tyrone Wallace,13:22,109,1,0,0.0,,0.0,,0.0,,Ekpe Udoh,20,0,2018-2019,0.0,0,0.0,UTA,129,Royce O'Neale,Tyler Cavanaugh,2:30,Naz Mitrou-Long,2:30,,,,,,,,,35:44,Donovan Mitchell,35:10,Rudy Gobert,33:35,Joe Ingles,30:17,Jae Crowder,29:14,Kyle Korver,24:07,Derrick Favors,22:20,Grayson Allen,15:03,Georges Niang,6:48
0,,0,0.000,0,0.00,99,0,0,0.0,0,.000,0.0,0.0,2.0,2,0,,0,0.000,Logos via Sports Logos.net / About logos,W,https://www.basketball-reference.com/boxscores/201901180UTA.html,Home,115,7:32,1,100.0,CLE,Ante Žižić,Channing Frye,13:36,,,,,,,,,,,34:24,Jordan Clarkson,31:19,Collin Sexton,30:09,Cameron Payne,24:12,Jaron Blossomgame,24:12,Cedi Osman,23:48,Alec Burks,23:48,Matthew Dellavedova,17:51,Rodney Hood,16:41,99,0,0,0.0,,0.0,,0.0,,Ekpe Udoh,16,0,2018-2019,0.0,1,1.0,UTA,115,Royce O'Neale,Naz Mitrou-Long,8:17,Tyler Cavanaugh,2:40,,,,,,,,,35:55,Rudy Gobert,26:38,Donovan Mitchell,26:13,Joe Ingles,24:56,Grayson Allen,24:00,Derrick Favors,22:44,Kyle Korver,21:59,Jae Crowder,21:50,Georges Niang,17:16
0,,0,0.000,1,,108,1,2,66.7,1,.250,1.0,25.0,4.0,4,2,1.000,2,50.000,Logos via Sports Logos.net / About logos,W,https://www.basketball-reference.com/boxscores/201901230UTA.html,Home,114,11:03,1,33.3,DEN,Torrey Craig,Juancho Hernangómez,5:42,Mason Plumlee,3:33,,,,,,,,,38:23,Nikola Jokić,37:05,Will Barton,29:39,Jamal Murray,28:27,Gary Harris,27:51,Monte Morris,23:27,Trey Lyles,19:59,Paul Millsap,18:06,Malik Beasley,7:48,108,1,4,2.0,50.0,0.0,0.0,2.0,50.0,Ekpe Udoh,6,0,2018-2019,1.0,0,3.0,UTA,114,Donovan Mitchell,Grayson Allen,3:17,,,,,,,,,,,38:23,Rudy Gobert,36:36,Joe Ingles,36:12,Jae Crowder,33:07,Ricky Rubio,24:13,Royce O'Neale,23:40,Kyle Korver,18:15,Georges Niang,9:53,Derrick Favors,5:21
0,,0,0.000,0,,105,2,0,,1,1.000,1.0,100.0,1.0,1,2,1.000,2,200.000,Logos via Sports Logos.net / About logos,L,https://www.basketball-reference.com/boxscores/201901300POR.html,Away,132,6:40,0,,POR,Damian Lillard,Wade Baldwin,6:40,Caleb Swanigan,6:40,,,,,,,,,37:02,CJ McCollum,30:12,Jake Layman,26:57,Meyers Leonard,24:50,Zach Collins,23:10,Seth Curry,22:06,Al-Farouq Aminu,21:35,Maurice Harkless,21:21,Evan Turner,19:27,132,0,4,2.0,50.0,0.0,0.0,2.0,50.0,Ekpe Udoh,27,0,2018-2019,2.0,0,0.0,UTA,105,Donovan Mitchell,Kyle Korver,13:34,Naz Mitrou-Long,6:40,Tyler Cavanaugh,4:02,,,,,,,27:12,Joe Ingles,27:12,Rudy Gobert,26:38,Ricky Rubio,26:21,Jae Crowder,24:32,Derrick Favors,24:20,Royce O'Neale,21:15,Grayson Allen,17:25,Georges Niang,14:09
0,,0,,0,,112,0,0,,0,,0.0,,0.0,0,0,,0,,Logos via Sports Logos.net / About logos,W,https://www.basketball-reference.com/boxscores/201902010UTA.html,Home,128,3:23,0,,ATL,Trae Young,Jeremy Lin,10:49,Alex Len,8:43,Tyler Dorsey,1:35,Daniel Hamilton,1:35,,,,,37:11,Kevin Huerter,28:59,Dewayne Dedmon,28:05,John Collins,27:02,DeAndre' Bembry,23:58,Taurean Prince,22:30,Omari Spellman,18:44,Kent Bazemore,17:29,Vince Carter,13:20,112,0,0,0.0,,0.0,,0.0,,Ekpe Udoh,16,0,2018-2019,0.0,0,0.0,UTA,128,Ricky Rubio,Georges Niang,7:53,Naz Mitrou-Long,1:35,,,,,,,,,35:17,Donovan Mitchell,32:54,Joe Ingles,32:26,Jae Crowder,30:07,Rudy Gobert,27:59,Derrick Favors,26:38,Kyle Korver,24:30,Royce O'Neale,9:03,Grayson Allen,8:15
0,,0,0.000,0,,125,1,0,,1,1.000,1.0,100.0,1.0,1,0,,0,0.000,Logos via Sports Logos.net / About logos,L,https://www.basketball-reference.com/boxscores/201902020UTA.html,Home,98,3:19,0,,HOU,James Harden,Marquese Chriss,2:23,Gary Clark,2:23,,,,,,,,,39:42,Austin Rivers,34:40,P.J. Tucker,31:18,James Ennis III,30:03,Eric Gordon,29:15,Gerald Green,25:00,Kenneth Faried,20:13,Nenê,17:06,Isaiah Hartenstein,7:57,125,0,2,2.0,100.0,0.0,0.0,0.0,0.0,Ekpe Udoh,27,0,2018-2019,1.0,0,0.0,UTA,98,Donovan Mitchell,Grayson Allen,3:19,Tyler Cavanaugh,3:19,Naz Mitrou-Long,3:19,,,,,,,36:10,Jae Crowder,34:54,Joe Ingles,30:04,Rudy Gobert,28:30,Ricky Rubio,27:11,Royce O'Neale,23:46,Kyle Korver,17:18,Derrick Favors,16:11,Georges Niang,12:40
0,,0,0.000,1,,88,0,1,50.0,1,1.000,1.0,100.0,1.0,1,0,,0,0.000,Logos via Sports Logos.net / About logos,W,https://www.basketball-reference.com/boxscores/201902060UTA.html,Home,116,2:57,1,50.0,PHO,Mikal Bridges,Jamal Crawford,10:10,,,,,,,,,,,39:40,Josh Jackson,38:23,Elie Okobo,33:08,Kelly Oubre Jr.,32:03,Deandre Ayton,29:33,Richaun Holmes,18:27,Dragan Bender,13:51,Troy Daniels,13:31,Jawun Evans,11:14,88,0,2,2.0,100.0,0.0,0.0,0.0,0.0,Ekpe Udoh,28,0,2018-2019,0.0,0,2.0,UTA,116,Joe Ingles,Georges Niang,5:59,Grayson Allen,2:59,Tyler Cavanaugh,1:34,,,,,,,33:34,Rudy Gobert,32:50,Donovan Mitchell,31:55,Ricky Rubio,31:34,Royce O'Neale,26:58,Derrick Favors,23:00,Jae Crowder,19:59,Kyle Korver,14:39,Raul Neto,12:02
0,,0,,0,,105,0,1,100.0,0,,0.0,,0.0,0,0,,0,,Logos via Sports Logos.net / About logos,W,https://www.basketball-reference.com/boxscores/201902090UTA.html,Home,125,2:45,0,0.0,SAS,DeMar DeRozan,Drew Eubanks,3:20,Chimezie Metu,3:20,Quincy Pondexter,3:20,,,,,,,35:10,Dāvis Bertāns,32:30,LaMarcus Aldridge,32:09,Bryn Forbes,31:01,Marco Belinelli,27:36,Jakob Poeltl,23:54,Patty Mills,23:42,Dante Cunningham,16:49,Pau Gasol,7:09,105,0,0,0.0,,0.0,,0.0,,Ekpe Udoh,20,1,2018-2019,1.0,0,1.0,UTA,125,Donovan Mitchell,Grayson Allen,2:45,Georges Niang,2:45,Thabo Sefolosha,2:45,,,,,,,39:03,Rudy Gobert,30:46,Joe Ingles,27:00,Ricky Rubio,26:46,Royce O'Neale,25:23,Jae Crowder,25:00,Kyle Korver,22:27,Derrick Favors,19:03,Raul Neto,13:32
0,,0,0.000,0,,98,0,0,0.0,1,1.000,1.0,100.0,1.0,1,0,,0,0.000,Logos via Sports Logos.net / About logos,L,https://www.basketball-reference.com/boxscores/201903110UTA.html,Home,89,1:32,1,100.0,OKC,Russell Westbrook,Patrick Patterson,3:59,Deonte Burton,0:42,Donte Grantham,0:42,,,,,,,37:20,Jerami Grant,35:25,Paul George,34:58,Steven Adams,33:28,Dennis Schröder,30:10,Terrance Ferguson,26:37,Nerlens Noel,14:32,Abdel Nader,14:13,Markieff Morris,7:54,98,0,2,2.0,100.0,0.0,0.0,0.0,0.0,Ekpe Udoh,9,0,2018-2019,0.0,0,1.0,UTA,89,Royce O'Neale,Grayson Allen,1:32,Georges Niang,1:32,,,,,,,,,40:15,Donovan Mitchell,37:03,Rudy Gobert,35:11,Joe Ingles,30:13,Jae Crowder,29:11,Derrick Favors,21:53,Kyle Korver,21:47,Dante Exum,14:38,Thabo Sefolosha,5:13
0,,0,0.000,0,,114,0,0,0.0,1,1.000,1.0,100.0,1.0,1,0,,0,0.000,Logos via Sports Logos.net / About logos,W,https://www.basketball-reference.com/boxscores/201903130PHO.html,Away,97,2:02,1,100.0,PHO,Devin Booker,Troy Daniels,8:25,Elie Okobo,2:02,,,,,,,,,35:36,Mikal Bridges,33:20,Deandre Ayton,32:54,Tyler Johnson,31:45,Kelly Oubre Jr.,31:14,Josh Jackson,21:15,Richaun Holmes,15:06,Jamal Crawford,14:13,Dragan Bender,14:10,97,0,2,2.0,100.0,0.0,0.0,0.0,0.0,Ekpe Udoh,17,0,2018-2019,0.0,0,1.0,UTA,114,Donovan Mitchell,Raul Neto,11:16,Dante Exum,9:12,Georges Niang,2:01,,,,,,,33:55,Rudy Gobert,32:19,Joe Ingles,31:27,Derrick Favors,25:46,Jae Crowder,23:54,Ricky Rubio,21:44,Royce O'Neale,21:22,Kyle Korver,13:02,Thabo Sefolosha,11:58
0,,0,,0,,100,0,0,,0,,0.0,,0.0,0,0,,0,,Logos via Sports Logos.net / About logos,W,https://www.basketball-reference.com/boxscores/201903140UTA.html,Home,120,2:01,0,,MIN,Andrew Wiggins,Josh Okogie,15:30,Gorgui Dieng,9:20,Jared Terrell,3:03,C.J. Williams,3:03,,,,,29:42,Tyus Jones,28:44,Karl-Anthony Towns,26:33,Keita Bates-Diop,26:09,Jerryd Bayless,23:03,Dario Šarić,21:37,Taj Gibson,17:59,Cameron Reynolds,17:49,Anthony Tolliver,17:28,100,0,0,0.0,,0.0,,0.0,,Ekpe Udoh,20,0,2018-2019,0.0,0,0.0,UTA,120,Donovan Mitchell,Georges Niang,10:56,Dante Exum,3:25,,,,,,,,,32:21,Joe Ingles,30:27,Jae Crowder,28:19,Rudy Gobert,28:17,Derrick Favors,26:50,Royce O'Neale,22:05,Ricky Rubio,21:47,Kyle Korver,20:11,Raul Neto,13:21
0,,0,,0,,98,0,0,,0,,0.0,,0.0,0,0,,0,,Logos via Sports Logos.net / About logos,W,https://www.basketball-reference.com/boxscores/201903160UTA.html,Home,114,1:45,0,,BRK,Caris LeVert,Jared Dudley,14:31,Theo Pinson,13:20,Rondae Hollis-Jefferson,9:23,Alan Williams,5:04,,,,,26:52,D'Angelo Russell,25:15,Spencer Dinwiddie,24:06,Treveon Graham,23:52,Joe Harris,22:36,Jarrett Allen,20:36,DeMarre Carroll,19:44,Ed Davis,18:01,Rodions Kurucs,16:40,98,0,0,0.0,,0.0,,0.0,,Ekpe Udoh,16,0,2018-2019,0.0,0,0.0,UTA,114,Donovan Mitchell,Georges Niang,11:05,,,,,,,,,,,34:44,Rudy Gobert,34:06,Joe Ingles,29:30,Jae Crowder,28:41,Ricky Rubio,22:37,Derrick Favors,22:08,Royce O'Neale,21:20,Kyle Korver,19:18,Raul Neto,14:46
0,,0,0.000,0,0.00,116,2,2,40.0,1,.250,1.0,25.0,4.0,4,0,,0,0.000,Logos via Sports Logos.net / About logos,W,https://www.basketball-reference.com/boxscores/201903180WAS.html,Away,95,9:32,3,60.0,WAS,Bradley Beal,Chasson Randle,8:19,Ian Mahinmi,8:06,Sam Dekker,8:06,,,,,,,30:54,Jabari Parker,29:30,Tomáš Satoranský,29:04,Troy Brown Jr.,25:26,Trevor Ariza,24:37,Jeff Green,22:40,Thomas Bryant,19:43,Bobby Portis,19:09,Jordan McRae,14:26,95,2,2,2.0,100.0,0.0,0.0,0.0,0.0,Ekpe Udoh,21,0,2018-2019,2.0,2,5.0,UTA,116,Donovan Mitchell,Thabo Sefolosha,11:34,Georges Niang,10:17,,,,,,,,,32:07,Rudy Gobert,31:31,Ricky Rubio,26:45,Jae Crowder,26:06,Joe Ingles,24:27,Royce O'Neale,20:26,Raul Neto,18:05,Kyle Korver,17:08,Derrick Favors,12:02
0,,0,0.000,1,,137,0,3,100.0,2,.667,2.0,66.7,3.0,3,1,1.000,1,33.333,Logos via Sports Logos.net / About logos,W,https://www.basketball-reference.com/boxscores/201903200NYK.html,Away,116,7:19,0,0.0,NYK,Kevin Knox,John Jenkins,9:25,,,,,,,,,,,46:47,Damyean Dotson,37:06,Emmanuel Mudiay,33:54,Mitchell Robinson,29:49,Mario Hezonja,25:36,Henry Ellenson,18:17,DeAndre Jordan,18:11,Luke Kornet,11:16,Lance Thomas,9:39,116,0,5,4.0,80.0,0.0,0.0,1.0,20.0,Ekpe Udoh,21,1,2018-2019,1.0,0,3.0,UTA,137,Donovan Mitchell,Thabo Sefolosha,14:47,Grayson Allen,7:48,Georges Niang,7:19,,,,,,,28:39,Derrick Favors,25:49,Rudy Gobert,25:34,Joe Ingles,24:05,Jae Crowder,22:31,Kyle Korver,20:34,Ricky Rubio,20:07,Royce O'Neale,19:05,Raul Neto,16:23
0,,0,0.000,0,,114,4,1,50.0,1,.500,1.0,50.0,2.0,2,0,,0,0.000,Logos via Sports Logos.net / About logos,W,https://www.basketball-reference.com/boxscores/201903230CHI.html,Away,83,8:27,1,50.0,CHI,Shaquille Harrison,Brandon Sampson,17:27,,,,,,,,,,,38:58,Antonio Blakeney,27:07,Lauri Markkanen,26:16,Cristiano Felício,25:00,Wayne Selden,22:49,Robin Lopez,21:55,Kris Dunn,21:26,Timothé Luwawu-Cabarrot,20:00,Ryan Arcidiacono,19:02,83,0,2,2.0,100.0,0.0,0.0,0.0,0.0,Ekpe Udoh,31,0,2018-2019,4.0,0,2.0,UTA,114,Joe Ingles,Raul Neto,14:44,Georges Niang,8:27,Naz Mitrou-Long,5:45,,,,,,,27:05,Rudy Gobert,26:28,Donovan Mitchell,26:12,Jae Crowder,22:57,Ricky Rubio,22:45,Derrick Favors,22:02,Royce O'Neale,21:50,Kyle Korver,18:07,Thabo Sefolosha,15:11
0,,0,0.000,1,,92,0,2,100.0,1,1.000,1.0,100.0,1.0,1,0,,0,0.000,Logos via Sports Logos.net / About logos,W,https://www.basketball-reference.com/boxscores/201903250UTA.html,Home,125,4:26,0,0.0,PHO,Devin Booker,Richaun Holmes,9:24,,,,,,,,,,,41:06,Mikal Bridges,31:29,Deandre Ayton,31:13,Troy Daniels,27:28,Elie Okobo,26:38,Dragan Bender,23:00,De'Anthony Melton,22:15,Jimmer Fredette,14:22,Ray Spalding,13:05,92,0,2,2.0,100.0,0.0,0.0,0.0,0.0,Ekpe Udoh,33,0,2018-2019,0.0,0,2.0,UTA,125,Joe Ingles,Thabo Sefolosha,14:05,Georges Niang,4:26,,,,,,,,,29:51,Rudy Gobert,28:28,Donovan Mitchell,27:13,Ricky Rubio,26:55,Derrick Favors,24:53,Royce O'Neale,22:53,Kyle Korver,19:56,Jae Crowder,19:42,Raul Neto,17:12
0,,0,,0,,100,0,1,100.0,0,,0.0,,0.0,0,0,,0,,Logos via Sports Logos.net / About logos,W,https://www.basketball-reference.com/boxscores/201903270UTA.html,Home,115,3:12,0,0.0,LAL,Kyle Kuzma,Isaac Bonga,10:39,,,,,,,,,,,30:50,Lance Stephenson,30:23,JaVale McGee,30:19,Kentavious Caldwell-Pope,27:33,Alex Caruso,26:11,Rajon Rondo,25:54,Johnathan Williams,22:23,Moritz Wagner,20:27,Scott Machado,15:21,100,0,0,0.0,,0.0,,0.0,,Ekpe Udoh,15,0,2018-2019,0.0,0,1.0,UTA,115,Donovan Mitchell,Thabo Sefolosha,10:43,Georges Niang,2:27,Grayson Allen,2:27,,,,,,,34:31,Rudy Gobert,31:35,Joe Ingles,29:47,Ricky Rubio,28:38,Jae Crowder,24:45,Derrick Favors,23:18,Royce O'Neale,20:32,Kyle Korver,14:35,Raul Neto,13:30
0,,0,0.000,0,,124,1,1,50.0,2,.667,2.0,66.7,3.0,3,0,,0,0.000,Logos via Sports Logos.net / About logos,W,https://www.basketball-reference.com/boxscores/201903290UTA.html,Home,128,9:22,1,50.0,WAS,Bradley Beal,,,,,,,,,,,,,38:49,Bobby Portis,38:41,Jabari Parker,30:03,Troy Brown Jr.,29:42,Thomas Bryant,27:13,Jordan McRae,25:41,Tomáš Satoranský,25:33,Sam Dekker,12:45,Chasson Randle,11:33,124,2,4,4.0,100.0,0.0,0.0,0.0,0.0,Ekpe Udoh,4,1,2018-2019,2.0,0,2.0,UTA,128,Donovan Mitchell,Raul Neto,7:02,Georges Niang,0:58,,,,,,,,,38:29,Joe Ingles,36:24,Rudy Gobert,35:03,Ricky Rubio,32:35,Jae Crowder,27:58,Kyle Korver,17:57,Thabo Sefolosha,14:21,Royce O'Neale,10:35,Derrick Favors,9:16
0,,0,0.000,1,1.00,102,0,2,66.7,1,.500,1.0,50.0,2.0,2,2,1.000,2,100.000,Logos via Sports Logos.net / About logos,W,https://www.basketball-reference.com/boxscores/201904010UTA.html,Home,111,8:59,1,33.3,CHO,Kemba Walker,Frank Kaminsky,10:52,Dwayne Bacon,5:28,,,,,,,,,36:33,Jeremy Lamb,30:30,Devonte' Graham,26:33,Miles Bridges,26:20,Malik Monk,24:48,Marvin Williams,24:13,Michael Kidd-Gilchrist,22:26,Willy Hernangómez,21:18,Bismack Biyombo,10:59,102,3,4,2.0,50.0,0.0,0.0,2.0,50.0,Ekpe Udoh,9,1,2018-2019,1.0,1,3.0,UTA,111,Rudy Gobert,,,,,,,,,,,,,39:01,Donovan Mitchell,36:56,Joe Ingles,31:48,Ricky Rubio,29:58,Jae Crowder,25:16,Royce O'Neale,22:46,Thabo Sefolosha,22:44,Raul Neto,13:12,Georges Niang,9:20
0,,0,0.000,4,,118,2,6,85.7,3,.750,3.0,75.0,4.0,4,0,,0,0.000,Logos via Sports Logos.net / About logos,W,https://www.basketball-reference.com/boxscores/201904030PHO.html,Away,97,11:31,1,14.3,PHO,Richaun Holmes,Ray Spalding,6:45,,,,,,,,,,,38:10,Mikal Bridges,34:19,Josh Jackson,33:51,Troy Daniels,31:03,Elie Okobo,25:07,Dragan Bender,23:12,Jimmer Fredette,21:43,De'Anthony Melton,18:18,Devin Booker,7:32,97,0,6,6.0,100.0,0.0,0.0,0.0,0.0,Ekpe Udoh,21,0,2018-2019,2.0,0,7.0,UTA,118,Rudy Gobert,,,,,,,,,,,,,36:29,Donovan Mitchell,35:20,Joe Ingles,34:36,Royce O'Neale,32:55,Georges Niang,26:42,Thabo Sefolosha,22:32,Raul Neto,21:22,Grayson Allen,18:33,,
0,,0,0.000,1,,98,0,6,75.0,3,.750,3.0,75.0,4.0,4,1,.500,2,50.000,Logos via Sports Logos.net / About logos,W,https://www.basketball-reference.com/boxscores/201904050UTA.html,Home,119,15:29,2,25.0,SAC,Yogi Ferrell,Caleb Swanigan,10:54,Frank Mason III,8:48,De'Aaron Fox,7:55,,,,,,,36:03,Marvin Bagley III,30:06,Harrison Barnes,27:12,Buddy Hield,26:13,Nemanja Bjelica,25:27,Bogdan Bogdanović,24:46,Corey Brewer,18:30,Kosta Koufos,12:06,Troy Williams,12:00,98,3,7,6.0,85.7,0.0,0.0,1.0,14.3,Ekpe Udoh,21,2,2018-2019,2.0,0,8.0,UTA,119,Donovan Mitchell,Tyler Cavanaugh,3:50,Naz Mitrou-Long,3:50,Tony Bradley,3:05,,,,,,,31:34,Royce O'Neale,31:14,Rudy Gobert,29:26,Joe Ingles,27:52,Grayson Allen,26:22,Thabo Sefolosha,25:40,Georges Niang,20:05,Jae Crowder,16:39,Ricky Rubio,4:54
0,,0,0.000,1,,109,1,0,0.0,1,1.000,1.0,100.0,1.0,1,1,.333,3,300.000,Logos via Sports Logos.net / About logos,L,https://www.basketball-reference.com/boxscores/201904070LAL.html,Away,113,11:54,1,100.0,LAL,Alex Caruso,,,,,,,,,,,,,42:58,Kentavious Caldwell-Pope,41:38,Mike Muscala,38:15,Jemerrio Jones,37:37,JaVale McGee,25:57,Johnathan Williams,22:18,Isaac Bonga,19:23,Moritz Wagner,11:53,,,113,1,3,2.0,66.7,0.0,0.0,1.0,33.3,Ekpe Udoh,4,1,2018-2019,2.0,0,1.0,UTA,109,Donovan Mitchell,,,,,,,,,,,,,36:56,Rudy Gobert,36:06,Joe Ingles,34:32,Royce O'Neale,30:12,Georges Niang,27:10,Thabo Sefolosha,25:15,Jae Crowder,22:45,Grayson Allen,15:10,,
0,,0,,0,0.00,108,0,1,100.0,0,,0.0,,0.0,0,0,,0,,Logos via Sports Logos.net / About logos,W,https://www.basketball-reference.com/boxscores/201904090UTA.html,Home,118,1:31,0,0.0,DEN,Mason Plumlee,Juancho Hernangómez,9:52,Jarred Vanderbilt,2:48,,,,,,,,,34:06,Malik Beasley,31:20,Jamal Murray,30:58,Monte Morris,29:48,Gary Harris,21:42,Paul Millsap,21:39,Torrey Craig,21:00,Will Barton,20:44,Nikola Jokić,16:03,108,0,0,0.0,,0.0,,0.0,,Ekpe Udoh,10,0,2018-2019,0.0,2,1.0,UTA,118,Royce O'Neale,Tyler Cavanaugh,1:31,Naz Mitrou-Long,1:31,,,,,,,,,36:30,Donovan Mitchell,36:12,Joe Ingles,34:34,Rudy Gobert,34:31,Jae Crowder,24:30,Derrick Favors,22:27,Georges Niang,21:54,Grayson Allen,13:19,Thabo Sefolosha,11:30
0,,0,0.000,5,,137,4,10,76.9,5,.714,5.0,71.4,7.0,7,4,.667,6,85.714,Logos via Sports Logos.net / About logos,L,https://www.basketball-reference.com/boxscores/201904100LAC.html,Away,143,28:47,3,23.1,LAC,Ivica Zubac,Jerome Robinson,16:27,Wilson Chandler,11:23,Tyrone Wallace,8:46,Sindarius Thornwell,7:56,,,,,29:47,Landry Shamet,29:25,JaMychal Green,25:20,Danilo Gallinari,24:48,Shai Gilgeous-Alexander,24:06,Lou Williams,23:19,Garrett Temple,21:35,Patrick Beverley,21:19,Montrezl Harrell,20:49,143,2,14,10.0,71.4,0.0,0.0,4.0,28.6,Ekpe Udoh,6,0,2018-2019,4.0,0,13.0,UTA,137,Grayson Allen,,,,,,,,,,,,,40:43,Georges Niang,39:31,Naz Mitrou-Long,33:43,Thabo Sefolosha,27:22,Royce O'Neale,24:51,Tony Bradley,24:13,Jae Crowder,16:07,Tyler Cavanaugh,15:35,Joe Ingles,14:08
0,,0,,0,,90,0,0,,0,,0.0,,0.0,0,0,,0,,Logos via Sports Logos.net / About logos,L,https://www.basketball-reference.com/boxscores/201904140HOU.html,Away,122,3:01,0,,HOU,James Harden,Iman Shumpert,6:39,,,,,,,,,,,32:41,Clint Capela,32:23,P.J. Tucker,32:23,Chris Paul,31:48,Eric Gordon,31:22,Danuel House Jr.,25:11,Austin Rivers,19:10,Kenneth Faried,15:37,Gerald Green,12:46,122,0,0,0.0,,0.0,,0.0,,Ekpe Udoh,32,0,2018-2019,0.0,0,0.0,UTA,90,Donovan Mitchell,Kyle Korver,10:23,Grayson Allen,4:32,Georges Niang,3:01,,,,,,,35:17,Rudy Gobert,33:42,Joe Ingles,32:27,Ricky Rubio,31:33,Derrick Favors,24:26,Jae Crowder,20:02,Royce O'Neale,15:26,Thabo Sefolosha,14:49,Raul Neto,11:21
0,,0,0.000,0,,98,0,0,,0,.000,0.0,0.0,1.0,1,0,,0,0.000,Logos via Sports Logos.net / About logos,L,https://www.basketball-reference.com/boxscores/201904170HOU.html,Away,118,3:06,0,,HOU,P.J. Tucker,Iman Shumpert,10:29,Gary Clark,3:06,Isaiah Hartenstein,1:38,,,,,,,33:39,James Harden,33:26,Eric Gordon,29:47,Clint Capela,29:26,Chris Paul,28:31,Danuel House Jr.,21:27,Austin Rivers,20:57,Kenneth Faried,16:56,Gerald Green,10:38,118,0,0,0.0,,0.0,,0.0,,Ekpe Udoh,20,0,2018-2019,0.0,0,0.0,UTA,98,Donovan Mitchell,Thabo Sefolosha,8:48,Raul Neto,5:01,Kyle Korver,2:14,,,,,,,36:53,Joe Ingles,31:53,Ricky Rubio,31:47,Rudy Gobert,31:11,Royce O'Neale,26:41,Derrick Favors,21:47,Jae Crowder,19:08,Georges Niang,12:00,Grayson Allen,9:31
