3P,3P%,3PA,3PAr,AST,AST/TOV,Away_Score,BLK,DRB,DRB_Pct_of_TRB,FG,FG%,FG2,FG2%,FG2A,FGA,FT,FT%,FTA,FTr,Game_Date,Game_Result,Game_URL,Home/Away,Home_Score,MP,ORB,ORB_Pct_of_TRB,Opponent,Opponent_1,Opponent_10,Opponent_10_MP,Opponent_11,Opponent_11_MP,Opponent_12,Opponent_12_MP,Opponent_13,Opponent_13_MP,Opponent_14,Opponent_14_MP,Opponent_15,Opponent_15_MP,Opponent_1_MP,Opponent_2,Opponent_2_MP,Opponent_3,Opponent_3_MP,Opponent_4,Opponent_4_MP,Opponent_5,Opponent_5_MP,Opponent_6,Opponent_6_MP,Opponent_7,Opponent_7_MP,Opponent_8,Opponent_8_MP,Opponent_9,Opponent_9_MP,Opponent_Score,PF,PTS,PTS_2P,PTS_2P_Pct,PTS_3P,PTS_3P_Pct,PTS_FT,PTS_FT_Pct,Player,Point_Differential,STL,Season,Stocks,TOV,TRB,Team,Team_Score,Teammate_1,Teammate_10,Teammate_10_MP,Teammate_11,Teammate_11_MP,Teammate_12,Teammate_12_MP,Teammate_13,Teammate_13_MP,Teammate_14,Teammate_14_MP,Teammate_15,Teammate_15_MP,Teammate_1_MP,Teammate_2,Teammate_2_MP,Teammate_3,Teammate_3_MP,Teammate_4,Teammate_4_MP,Teammate_5,Teammate_5_MP,Teammate_6,Teammate_6_MP,Teammate_7,Teammate_7_MP,Teammate_8,Teammate_8_MP,Teammate_9,Teammate_9_MP
3,.600,5,38.462,9,0.82,105,0,5,100.0,6,.462,3.0,37.5,8.0,13,2,.500,4,30.769,Logos via Sports Logos.net / About logos,W,https://www.basketball-reference.com/boxscores/201510280HOU.html,Away,85,37:54,0,0.0,HOU,Ty Lawson,Sam Dekker,1:29,K.J. McDaniels,1:29,,,,,,,,,36:42,James Harden,36:23,Trevor Ariza,33:10,Corey Brewer,29:25,Terrence Jones,28:32,Clint Capela,24:55,Patrick Beverley,21:16,Montrezl Harrell,15:50,Jason Terry,10:49,85,4,17,6.0,35.3,9.0,52.9,2.0,11.8,Emmanuel Mudiay,20,0,2015-2016,0.0,11,5.0,DEN,105,Danilo Gallinari,Erick Green,1:29,Mike Miller,1:29,,,,,,,,,35:36,Kenneth Faried,30:50,Gary Harris,29:29,Jameer Nelson,24:30,Joffrey Lauvergne,21:33,Will Barton,19:34,Randy Foye,18:00,Darrell Arthur,15:41,Nikola Jokić,3:55
2,.400,5,33.333,2,0.50,95,2,2,100.0,5,.333,3.0,30.0,10.0,15,3,.500,6,40.000,Logos via Sports Logos.net / About logos,L,https://www.basketball-reference.com/boxscores/201510300DEN.html,Home,78,26:30,0,0.0,MIN,Karl-Anthony Towns,Gorgui Dieng,13:16,,,,,,,,,,,33:12,Andrew Wiggins,30:41,Ricky Rubio,30:24,Tayshaun Prince,29:20,Nemanja Bjelica,25:41,Kevin Garnett,22:19,Kevin Martin,21:20,Zach LaVine,17:36,Shabazz Muhammad,16:11,95,2,15,6.0,40.0,6.0,40.0,3.0,20.0,Emmanuel Mudiay,17,2,2015-2016,4.0,4,2.0,DEN,78,Danilo Gallinari,Randy Foye,8:22,Erick Green,1:32,,,,,,,,,33:23,Will Barton,29:41,Kenneth Faried,26:47,Darrell Arthur,26:26,Jameer Nelson,25:42,Nikola Jokić,18:09,Gary Harris,17:53,Joffrey Lauvergne,16:15,Mike Miller,9:20
0,.000,3,21.429,5,1.25,93,0,3,75.0,3,.214,3.0,27.3,11.0,14,0,,0,0.000,Logos via Sports Logos.net / About logos,L,https://www.basketball-reference.com/boxscores/201511010OKC.html,Away,117,26:52,1,25.0,OKC,Serge Ibaka,Anthony Morrow,15:48,Nick Collison,9:52,Mitch McGary,4:27,Cameron Payne,4:27,,,,,30:50,Kevin Durant,27:44,Russell Westbrook,25:26,Dion Waiters,23:55,Steven Adams,21:32,Andre Roberson,20:21,Kyle Singler,19:56,D.J. Augustin,18:07,Enes Freedom,17:35,117,1,6,6.0,100.0,0.0,0.0,0.0,0.0,Emmanuel Mudiay,24,1,2015-2016,1.0,4,4.0,DEN,93,Danilo Gallinari,Erick Green,4:27,J.J. Hickson,2:55,Mike Miller,2:45,,,,,,,27:19,Jameer Nelson,27:03,Gary Harris,26:41,Nikola Jokić,24:26,Will Barton,24:15,Darrell Arthur,24:08,Joffrey Lauvergne,18:50,Randy Foye,16:09,Kenneth Faried,14:10
3,.750,4,30.769,10,1.67,120,1,1,50.0,3,.231,0.0,0.0,9.0,13,3,1.000,3,23.077,Logos via Sports Logos.net / About logos,W,https://www.basketball-reference.com/boxscores/201511030LAL.html,Away,109,31:28,1,50.0,LAL,Jordan Clarkson,Ryan Kelly,9:22,Marcelo Huertas,8:34,,,,,,,,,37:12,Lou Williams,33:27,Julius Randle,32:19,Kobe Bryant,29:10,D'Angelo Russell,20:25,Brandon Bass,18:42,Tarik Black,18:09,Roy Hibbert,17:28,Nick Young,15:12,109,4,12,0.0,0.0,9.0,75.0,3.0,25.0,Emmanuel Mudiay,11,1,2015-2016,2.0,6,2.0,DEN,120,Kenneth Faried,,,,,,,,,,,,,39:52,Danilo Gallinari,34:33,Jameer Nelson,25:50,J.J. Hickson,24:41,Gary Harris,21:43,Will Barton,21:28,Randy Foye,16:09,Darrell Arthur,15:56,Mike Miller,8:20
1,.333,3,37.500,3,1.00,96,0,6,85.7,2,.250,1.0,20.0,5.0,8,3,.750,4,50.000,Logos via Sports Logos.net / About logos,L,https://www.basketball-reference.com/boxscores/201511050DEN.html,Home,84,29:34,1,14.3,UTA,Rudy Gobert,Trey Lyles,7:12,Chris Johnson,5:10,Elijah Millsap,1:12,Tibor Pleiß,1:12,,,,,34:48,Gordon Hayward,33:56,Alec Burks,31:19,Trevor Booker,28:28,Joe Ingles,26:27,Rodney Hood,22:47,Trey Burke,19:45,Derrick Favors,15:08,Raul Neto,12:36,96,2,8,2.0,25.0,3.0,37.5,3.0,37.5,Emmanuel Mudiay,12,0,2015-2016,0.0,3,7.0,DEN,84,Danilo Gallinari,Mike Miller,1:33,Kostas Papanikolaou,1:12,,,,,,,,,36:53,Kenneth Faried,30:06,Gary Harris,27:41,J.J. Hickson,24:36,Will Barton,20:16,Jameer Nelson,19:00,Nikola Jokić,17:44,Randy Foye,17:28,Darrell Arthur,13:58
0,.000,4,20.000,5,1.25,104,1,3,75.0,6,.300,6.0,37.5,16.0,20,1,.500,2,10.000,Logos via Sports Logos.net / About logos,L,https://www.basketball-reference.com/boxscores/201511060GSW.html,Away,119,30:23,1,25.0,GSW,Stephen Curry,James Michael McAdoo,9:54,Ian Clark,7:31,Jason Thompson,7:03,Brandon Rush,1:46,,,,,34:39,Draymond Green,33:03,Harrison Barnes,30:59,Klay Thompson,30:13,Andre Iguodala,23:07,Shaun Livingston,18:34,Festus Ezeli,17:52,Marreese Speights,13:35,Leandro Barbosa,11:44,119,3,13,12.0,92.3,0.0,0.0,1.0,7.7,Emmanuel Mudiay,15,4,2015-2016,5.0,4,4.0,DEN,104,Will Barton,J.J. Hickson,6:46,Kostas Papanikolaou,1:46,,,,,,,,,39:09,Danilo Gallinari,34:29,Gary Harris,29:15,Jameer Nelson,21:25,Kenneth Faried,21:23,Randy Foye,18:25,Nikola Jokić,17:00,Darrell Arthur,12:22,Mike Miller,7:37
1,.333,3,25.000,5,2.50,104,2,5,83.3,6,.500,5.0,55.6,9.0,12,5,.714,7,58.333,Logos via Sports Logos.net / About logos,W,https://www.basketball-reference.com/boxscores/201511090DEN.html,Home,108,28:20,1,16.7,POR,Damian Lillard,,,,,,,,,,,,,38:24,CJ McCollum,35:32,Meyers Leonard,34:28,Al-Farouq Aminu,33:42,Mason Plumlee,32:38,Allen Crabbe,22:43,Ed Davis,15:22,Maurice Harkless,14:18,Noah Vonleh,12:53,104,3,18,10.0,55.6,3.0,16.7,5.0,27.8,Emmanuel Mudiay,4,0,2015-2016,2.0,2,6.0,DEN,108,Danilo Gallinari,,,,,,,,,,,,,35:25,Kenneth Faried,30:42,J.J. Hickson,29:39,Gary Harris,25:28,Will Barton,23:02,Randy Foye,19:40,Darrell Arthur,19:32,Nikola Jokić,15:37,Kostas Papanikolaou,12:35
1,.167,6,37.500,11,11.00,102,0,2,66.7,5,.313,4.0,40.0,10.0,16,5,.625,8,50.000,Logos via Sports Logos.net / About logos,W,https://www.basketball-reference.com/boxscores/201511110DEN.html,Home,103,35:18,1,33.3,MIL,Khris Middleton,,,,,,,,,,,,,42:26,Johnny O'Bryant,34:02,Greivis Vásquez,32:50,Greg Monroe,32:36,Giannis Antetokounmpo,29:08,Jerryd Bayless,28:25,John Henson,15:24,Tyler Ennis,15:10,Rashad Vaughn,9:59,102,1,16,8.0,50.0,3.0,18.8,5.0,31.2,Emmanuel Mudiay,1,1,2015-2016,1.0,1,3.0,DEN,103,Danilo Gallinari,,,,,,,,,,,,,37:34,Kenneth Faried,33:24,J.J. Hickson,28:50,Gary Harris,28:08,Darrell Arthur,17:42,Will Barton,17:06,Randy Foye,17:06,Nikola Jokić,14:26,Kostas Papanikolaou,10:26
0,.000,3,30.000,11,1.22,98,2,3,75.0,1,.100,1.0,14.3,7.0,10,0,,0,0.000,Logos via Sports Logos.net / About logos,W,https://www.basketball-reference.com/boxscores/201511130DEN.html,Home,107,33:22,1,25.0,HOU,Trevor Ariza,Montrezl Harrell,12:51,Patrick Beverley,7:50,,,,,,,,,38:10,James Harden,37:53,Ty Lawson,34:05,Dwight Howard,27:40,Terrence Jones,20:51,Marcus Thornton,17:55,Jason Terry,16:10,Corey Brewer,13:32,Clint Capela,13:03,98,2,2,2.0,100.0,0.0,0.0,0.0,0.0,Emmanuel Mudiay,9,2,2015-2016,4.0,9,4.0,DEN,107,Danilo Gallinari,Kostas Papanikolaou,3:51,Mike Miller,0:05,,,,,,,,,35:33,Will Barton,30:43,Kenneth Faried,30:04,Jameer Nelson,27:55,Randy Foye,25:41,J.J. Hickson,23:06,Darrell Arthur,12:26,Gary Harris,11:26,Nikola Jokić,5:48
1,.143,7,38.889,1,0.33,81,1,5,100.0,6,.333,5.0,45.5,11.0,18,0,,0,0.000,Logos via Sports Logos.net / About logos,L,https://www.basketball-reference.com/boxscores/201511140PHO.html,Away,105,24:22,0,0.0,PHO,Eric Bledsoe,Devin Booker,14:57,Sonny Weems,8:20,Cory Jefferson,5:25,,,,,,,29:55,Mirza Teletović,29:11,Archie Goodwin,28:48,Tyson Chandler,24:58,P.J. Tucker,24:02,Brandon Knight,22:20,Jon Leuer,18:49,T.J. Warren,17:00,Alex Len,16:15,105,0,13,10.0,76.9,3.0,23.1,0.0,0.0,Emmanuel Mudiay,24,0,2015-2016,1.0,3,5.0,DEN,81,Will Barton,Darrell Arthur,8:26,Mike Miller,1:50,,,,,,,,,36:35,Gary Harris,26:16,Jameer Nelson,25:51,Danilo Gallinari,23:55,Randy Foye,22:42,Kostas Papanikolaou,19:58,Nikola Jokić,18:17,J.J. Hickson,17:33,Kenneth Faried,14:15
0,.000,1,7.143,8,4.00,115,2,2,66.7,5,.357,5.0,38.5,13.0,14,2,.667,3,21.429,Logos via Sports Logos.net / About logos,W,https://www.basketball-reference.com/boxscores/201511170NOP.html,Away,98,33:23,1,33.3,NOP,Eric Gordon,Alexis Ajinça,4:09,Jimmer Fredette,0:40,,,,,,,,,38:28,Ish Smith,37:30,Ryan Anderson,34:00,Dante Cunningham,31:25,Luke Babbitt,25:44,Jrue Holiday,22:42,Alonzo Gee,21:38,Toney Douglas,17:22,Anthony Davis,6:21,98,1,12,10.0,83.3,0.0,0.0,2.0,16.7,Emmanuel Mudiay,17,1,2015-2016,3.0,2,3.0,DEN,115,Will Barton,Nikola Jokić,0:40,,,,,,,,,,,37:16,Danilo Gallinari,36:54,Gary Harris,31:50,Jameer Nelson,25:58,Kenneth Faried,25:46,Randy Foye,25:10,Kostas Papanikolaou,13:08,J.J. Hickson,6:21,Mike Miller,3:34
0,,0,0.000,7,3.50,98,0,2,66.7,2,.167,2.0,16.7,12.0,12,1,1.000,1,8.333,Logos via Sports Logos.net / About logos,L,https://www.basketball-reference.com/boxscores/201511180SAS.html,Away,109,26:50,1,33.3,SAS,Kawhi Leonard,Kyle Anderson,7:40,,,,,,,,,,,36:49,Tony Parker,32:21,LaMarcus Aldridge,31:40,Tim Duncan,27:54,Danny Green,27:39,Patty Mills,25:09,Boris Diaw,20:01,David West,16:15,Rasual Butler,14:32,109,2,5,4.0,80.0,0.0,0.0,1.0,20.0,Emmanuel Mudiay,11,0,2015-2016,0.0,2,3.0,DEN,98,Nikola Jokić,Kostas Papanikolaou,0:54,,,,,,,,,,,31:54,Danilo Gallinari,30:56,Kenneth Faried,28:50,Gary Harris,27:00,Will Barton,21:40,Jameer Nelson,21:10,Darrell Arthur,18:16,Randy Foye,16:24,J.J. Hickson,16:06
1,.333,3,18.750,5,0.83,114,1,2,66.7,10,.625,9.0,69.2,13.0,16,5,.714,7,43.750,Logos via Sports Logos.net / About logos,L,https://www.basketball-reference.com/boxscores/201511200DEN.html,Home,107,29:04,1,33.3,PHO,Eric Bledsoe,T.J. Warren,11:05,Devin Booker,9:37,Archie Goodwin,5:11,,,,,,,37:27,Brandon Knight,36:19,P.J. Tucker,24:55,Jon Leuer,21:15,Markieff Morris,20:46,Mirza Teletović,20:45,Ronnie Price,20:06,Tyson Chandler,18:12,Alex Len,14:22,114,2,26,18.0,69.2,3.0,11.5,5.0,19.2,Emmanuel Mudiay,7,3,2015-2016,4.0,6,3.0,DEN,107,Danilo Gallinari,Kostas Papanikolaou,5:39,,,,,,,,,,,38:37,Gary Harris,28:06,Will Barton,25:31,Kenneth Faried,24:45,Jameer Nelson,24:10,Darrell Arthur,18:42,Nikola Jokić,17:51,J.J. Hickson,14:26,Randy Foye,13:09
1,.250,4,19.048,8,2.67,118,1,1,50.0,6,.286,5.0,29.4,17.0,21,4,1.000,4,19.048,Logos via Sports Logos.net / About logos,L,https://www.basketball-reference.com/boxscores/201511220DEN.html,Home,105,32:42,1,50.0,GSW,Harrison Barnes,Ian Clark,8:49,Marreese Speights,6:23,James Michael McAdoo,4:56,,,,,,,32:57,Klay Thompson,31:37,Draymond Green,31:16,Stephen Curry,27:37,Andre Iguodala,26:32,Shaun Livingston,21:50,Leandro Barbosa,17:53,Andrew Bogut,17:48,Festus Ezeli,12:22,118,2,17,10.0,58.8,3.0,17.6,4.0,23.5,Emmanuel Mudiay,13,1,2015-2016,2.0,3,2.0,DEN,105,Danilo Gallinari,,,,,,,,,,,,,34:28,Gary Harris,34:04,Darrell Arthur,33:55,Will Barton,27:29,Nikola Jokić,27:21,Jameer Nelson,23:59,Randy Foye,13:56,J.J. Hickson,9:56,Kostas Papanikolaou,2:10
1,.333,3,37.500,4,1.33,111,0,2,66.7,3,.375,2.0,40.0,5.0,8,0,,0,0.000,Logos via Sports Logos.net / About logos,L,https://www.basketball-reference.com/boxscores/201511240DEN.html,Home,94,23:34,1,33.3,LAC,Blake Griffin,Lance Stephenson,14:52,Luc Mbah a Moute,1:57,Cole Aldrich,1:54,,,,,,,33:08,JJ Redick,28:07,Chris Paul,28:07,DeAndre Jordan,26:51,Wesley Johnson,24:33,Jamal Crawford,24:01,Austin Rivers,19:56,Josh Smith,18:26,Paul Pierce,18:07,111,4,7,4.0,57.1,3.0,42.9,0.0,0.0,Emmanuel Mudiay,17,1,2015-2016,1.0,3,3.0,DEN,94,Danilo Gallinari,Kostas Papanikolaou,1:54,,,,,,,,,,,36:40,Gary Harris,34:33,Darrell Arthur,29:38,Nikola Jokić,24:27,Jameer Nelson,24:26,Will Barton,19:37,J.J. Hickson,19:17,Mike Miller,13:20,Randy Foye,12:34
0,.000,1,7.143,3,1.50,91,0,2,66.7,3,.214,3.0,23.1,13.0,14,3,1.000,3,21.429,Logos via Sports Logos.net / About logos,L,https://www.basketball-reference.com/boxscores/201511270DEN.html,Home,80,28:50,1,33.3,SAS,Kawhi Leonard,Boban Marjanović,6:15,Ray McCallum,6:15,Matt Bonner,3:32,Rasual Butler,3:32,,,,,31:52,Kyle Anderson,28:38,Danny Green,27:04,Jonathon Simmons,26:34,Tony Parker,24:44,Boris Diaw,22:40,Patty Mills,21:15,David West,19:12,LaMarcus Aldridge,18:27,91,3,9,6.0,66.7,0.0,0.0,3.0,33.3,Emmanuel Mudiay,11,0,2015-2016,0.0,2,3.0,DEN,80,Danilo Gallinari,Kostas Papanikolaou,3:32,,,,,,,,,,,35:07,Will Barton,29:28,Darrell Arthur,25:29,Gary Harris,25:04,Randy Foye,21:38,Jameer Nelson,21:37,Mike Miller,20:20,J.J. Hickson,16:30,Nikola Jokić,12:24
0,.000,3,20.000,4,2.00,81,0,5,100.0,5,.333,5.0,41.7,12.0,15,2,.500,4,26.667,Logos via Sports Logos.net / About logos,L,https://www.basketball-reference.com/boxscores/201511280DAL.html,Away,92,34:17,0,0.0,DAL,Deron Williams,Charlie Villanueva,6:44,JaVale McGee,5:28,Jeremy Evans,4:01,John Jenkins,2:26,,,,,30:57,Zaza Pachulia,30:36,Dirk Nowitzki,30:36,Raymond Felton,28:08,Wesley Matthews,27:58,Chandler Parsons,23:00,Dwight Powell,20:49,Devin Harris,19:49,Justin Anderson,9:28,92,4,12,10.0,83.3,0.0,0.0,2.0,16.7,Emmanuel Mudiay,11,1,2015-2016,1.0,2,5.0,DEN,81,Randy Foye,Kostas Papanikolaou,2:26,,,,,,,,,,,36:44,Danilo Gallinari,33:42,Darrell Arthur,31:27,Will Barton,30:15,Nikola Jokić,18:34,Jameer Nelson,17:13,Kenneth Faried,14:08,Mike Miller,12:55,Joffrey Lauvergne,8:19
1,.200,5,45.455,4,0.80,74,0,1,100.0,3,.273,2.0,33.3,6.0,11,3,.750,4,36.364,Logos via Sports Logos.net / About logos,L,https://www.basketball-reference.com/boxscores/201511300MIL.html,Away,92,28:31,0,0.0,MIL,Jerryd Bayless,Johnny O'Bryant,3:33,Tyler Ennis,3:33,Chris Copeland,3:33,Miles Plumlee,3:33,,,,,32:30,O.J. Mayo,30:57,Khris Middleton,30:52,Michael Carter-Williams,30:10,Jabari Parker,25:49,Greg Monroe,24:58,John Henson,23:18,Giannis Antetokounmpo,19:51,Rashad Vaughn,7:23,92,2,10,4.0,40.0,3.0,30.0,3.0,30.0,Emmanuel Mudiay,18,1,2015-2016,1.0,5,1.0,DEN,74,Danilo Gallinari,Mike Miller,1:06,,,,,,,,,,,34:25,Will Barton,29:32,Nikola Jokić,25:22,Jameer Nelson,24:44,Randy Foye,24:07,Kenneth Faried,22:40,Darrell Arthur,20:53,Joffrey Lauvergne,19:05,Kostas Papanikolaou,9:35
0,.000,2,15.385,7,3.50,90,1,2,66.7,2,.154,2.0,18.2,11.0,13,0,.000,2,15.385,Logos via Sports Logos.net / About logos,L,https://www.basketball-reference.com/boxscores/201512020CHI.html,Away,99,30:17,1,33.3,CHI,Jimmy Butler,Nikola Mirotić,4:39,,,,,,,,,,,39:26,Derrick Rose,37:00,Pau Gasol,36:24,Joakim Noah,34:55,Doug McDermott,29:25,Taj Gibson,19:33,Tony Snell,19:04,E'Twaun Moore,10:30,Aaron Brooks,9:04,99,1,4,4.0,100.0,0.0,0.0,0.0,0.0,Emmanuel Mudiay,9,2,2015-2016,3.0,2,3.0,DEN,90,Danilo Gallinari,Nikola Jokić,10:08,,,,,,,,,,,34:59,Kenneth Faried,28:36,Will Barton,26:56,Joffrey Lauvergne,21:21,Randy Foye,21:04,Darrell Arthur,19:24,Jameer Nelson,17:43,J.J. Hickson,15:40,Mike Miller,13:52
1,.500,2,22.222,9,3.00,106,0,3,100.0,2,.222,1.0,14.3,7.0,9,0,,0,0.000,Logos via Sports Logos.net / About logos,W,https://www.basketball-reference.com/boxscores/201512030TOR.html,Away,105,31:35,0,0.0,TOR,DeMar DeRozan,James Johnson,4:08,,,,,,,,,,,38:12,Kyle Lowry,36:39,DeMarre Carroll,30:59,Cory Joseph,28:14,Bismack Biyombo,25:05,Patrick Patterson,22:23,Luis Scola,21:31,Terrence Ross,17:01,Lucas Nogueira,15:49,105,2,5,2.0,40.0,3.0,60.0,0.0,0.0,Emmanuel Mudiay,1,0,2015-2016,0.0,3,3.0,DEN,106,Randy Foye,,,,,,,,,,,,,36:15,Danilo Gallinari,35:28,Will Barton,31:18,Jameer Nelson,28:10,Darrell Arthur,26:58,Joffrey Lauvergne,24:33,Nikola Jokić,13:54,Mike Miller,11:49,,
1,.333,3,25.000,6,0.86,108,0,3,60.0,4,.333,3.0,33.3,9.0,12,1,.500,2,16.667,Logos via Sports Logos.net / About logos,W,https://www.basketball-reference.com/boxscores/201512050PHI.html,Away,105,31:27,2,40.0,PHI,Nerlens Noel,Tony Wroten,13:02,,,,,,,,,,,31:13,Robert Covington,30:02,T.J. McConnell,29:52,Jerami Grant,28:44,Nik Stauskas,27:55,Isaiah Canaan,24:19,Hollis Thompson,23:13,JaKarr Sampson,17:23,Richaun Holmes,14:17,105,1,10,6.0,60.0,3.0,30.0,1.0,10.0,Emmanuel Mudiay,3,1,2015-2016,1.0,7,5.0,DEN,108,Danilo Gallinari,,,,,,,,,,,,,39:15,Randy Foye,35:30,Will Barton,33:24,Jameer Nelson,25:35,Kenneth Faried,21:39,Darrell Arthur,20:48,Mike Miller,16:01,Joffrey Lauvergne,9:03,J.J. Hickson,7:18
0,.000,1,20.000,4,0.80,85,1,1,33.3,2,.400,2.0,50.0,4.0,5,2,1.000,2,40.000,Logos via Sports Logos.net / About logos,L,https://www.basketball-reference.com/boxscores/201512080DEN.html,Home,74,21:59,2,66.7,ORL,Nikola Vučević,Mario Hezonja,10:24,,,,,,,,,,,33:54,Victor Oladipo,33:07,Elfrid Payton,32:12,Tobias Harris,31:40,Evan Fournier,25:58,Channing Frye,23:35,Andrew Nicholson,20:54,Shabazz Napier,14:10,Jason Smith,14:06,85,1,6,4.0,66.7,0.0,0.0,2.0,33.3,Emmanuel Mudiay,11,1,2015-2016,2.0,5,3.0,DEN,74,Danilo Gallinari,,,,,,,,,,,,,37:58,Will Barton,37:32,Kenneth Faried,35:42,J.J. Hickson,28:42,Jameer Nelson,26:01,Randy Foye,17:16,Nikola Jokić,17:04,Mike Miller,10:25,Darrell Arthur,7:21
0,.000,2,40.000,1,0.50,108,0,2,100.0,1,.200,1.0,33.3,3.0,5,0,,0,0.000,Logos via Sports Logos.net / About logos,W,https://www.basketball-reference.com/boxscores/201512110DEN.html,Home,111,12:10,0,0.0,MIN,Kevin Martin,Kevin Garnett,11:32,Damjan Rudež,6:28,,,,,,,,,40:40,Andrew Wiggins,34:37,Tayshaun Prince,33:37,Karl-Anthony Towns,31:27,Ricky Rubio,30:06,Zach LaVine,24:54,Gorgui Dieng,22:57,Shabazz Muhammad,16:04,Nemanja Bjelica,12:37,108,2,2,2.0,100.0,0.0,0.0,0.0,0.0,Emmanuel Mudiay,3,0,2015-2016,0.0,2,2.0,DEN,111,Gary Harris,,,,,,,,,,,,,44:22,Danilo Gallinari,42:23,Jameer Nelson,37:47,Kenneth Faried,37:33,Will Barton,34:34,Nikola Jokić,24:31,Mike Miller,14:56,Joffrey Lauvergne,13:41,Randy Foye,3:03
1,.333,3,20.000,6,1.50,92,1,4,100.0,5,.333,4.0,33.3,12.0,15,0,,0,0.000,Logos via Sports Logos.net / About logos,W,https://www.basketball-reference.com/boxscores/201601100DEN.html,Home,95,38:50,0,0.0,CHO,Nicolas Batum,,,,,,,,,,,,,37:50,Kemba Walker,36:58,Cody Zeller,31:04,Jeremy Lamb,29:44,Frank Kaminsky,25:39,Jeremy Lin,23:35,Marvin Williams,19:58,P.J. Hairston,18:16,Spencer Hawes,16:56,92,0,11,8.0,72.7,3.0,27.3,0.0,0.0,Emmanuel Mudiay,3,2,2015-2016,3.0,4,4.0,DEN,95,Gary Harris,,,,,,,,,,,,,35:44,Danilo Gallinari,33:51,Will Barton,29:44,Darrell Arthur,27:47,Nikola Jokić,23:08,Randy Foye,21:26,Jusuf Nurkić,13:54,Joffrey Lauvergne,8:16,Mike Miller,7:20
0,.000,2,28.571,2,2.00,110,0,2,100.0,1,.143,1.0,20.0,5.0,7,2,1.000,2,28.571,Logos via Sports Logos.net / About logos,W,https://www.basketball-reference.com/boxscores/201601130DEN.html,Home,112,16:47,0,0.0,GSW,Stephen Curry,Festus Ezeli,6:53,Marreese Speights,5:40,,,,,,,,,39:48,Klay Thompson,36:34,Andre Iguodala,31:45,Andrew Bogut,31:42,Harrison Barnes,31:19,Brandon Rush,18:54,Shaun Livingston,15:56,Jason Thompson,12:49,Leandro Barbosa,8:40,110,2,4,2.0,50.0,0.0,0.0,2.0,50.0,Emmanuel Mudiay,2,1,2015-2016,1.0,1,2.0,DEN,112,Gary Harris,Mike Miller,4:23,,,,,,,,,,,39:19,Danilo Gallinari,38:27,Jameer Nelson,32:13,Darrell Arthur,26:07,Will Barton,26:02,Kenneth Faried,20:03,Nikola Jokić,15:45,Jusuf Nurkić,14:49,Randy Foye,6:05
2,.667,3,27.273,4,2.00,98,1,1,100.0,5,.455,3.0,37.5,8.0,11,4,1.000,4,36.364,Logos via Sports Logos.net / About logos,L,https://www.basketball-reference.com/boxscores/201601150DEN.html,Home,95,25:39,0,0.0,MIA,Luol Deng,,,,,,,,,,,,,38:32,Hassan Whiteside,38:29,Beno Udrih,37:01,Chris Bosh,31:39,Tyler Johnson,30:40,Gerald Green,23:30,Justise Winslow,23:21,Josh Richardson,10:26,Amar'e Stoudemire,6:22,98,0,16,6.0,37.5,6.0,37.5,4.0,25.0,Emmanuel Mudiay,3,0,2015-2016,1.0,2,1.0,DEN,95,Gary Harris,,,,,,,,,,,,,37:33,Danilo Gallinari,37:32,Jameer Nelson,30:30,Darrell Arthur,30:24,Will Barton,27:29,Kenneth Faried,26:14,Nikola Jokić,17:40,Randy Foye,6:56,Sean Kilpatrick,0:03
0,.000,1,10.000,6,0.86,126,1,4,100.0,4,.400,4.0,44.4,9.0,10,2,.250,8,80.000,Logos via Sports Logos.net / About logos,W,https://www.basketball-reference.com/boxscores/201601170DEN.html,Home,129,36:48,0,0.0,IND,Paul George,Glenn Robinson III,16:31,,,,,,,,,,,36:00,Monta Ellis,31:55,Myles Turner,28:45,Solomon Hill,27:35,C.J. Miles,25:16,Lavoy Allen,19:56,Jordan Hill,19:24,Joe Young,18:02,Chase Budinger,16:37,126,5,10,8.0,80.0,0.0,0.0,2.0,20.0,Emmanuel Mudiay,3,3,2015-2016,4.0,7,4.0,DEN,129,Gary Harris,,,,,,,,,,,,,37:49,Will Barton,31:27,Kenneth Faried,26:54,Nikola Jokić,24:14,Danilo Gallinari,23:06,Darrell Arthur,22:45,Randy Foye,16:34,Joffrey Lauvergne,15:21,Sean Kilpatrick,5:01
0,.000,1,7.143,9,3.00,110,0,3,100.0,5,.357,5.0,38.5,13.0,14,3,.429,7,50.000,Logos via Sports Logos.net / About logos,L,https://www.basketball-reference.com/boxscores/201601190DEN.html,Home,104,33:14,0,0.0,OKC,Russell Westbrook,Nick Collison,3:55,,,,,,,,,,,38:45,Serge Ibaka,36:24,Kevin Durant,36:07,Steven Adams,30:23,Enes Freedom,24:49,Dion Waiters,23:04,Cameron Payne,20:28,Andre Roberson,14:12,Kyle Singler,11:53,110,2,13,10.0,76.9,0.0,0.0,3.0,23.1,Emmanuel Mudiay,6,0,2015-2016,0.0,3,3.0,DEN,104,Danilo Gallinari,,,,,,,,,,,,,39:10,Gary Harris,30:28,Darrell Arthur,28:32,Kenneth Faried,28:22,Joffrey Lauvergne,19:35,Nikola Jokić,19:09,Will Barton,18:57,Randy Foye,14:46,Sean Kilpatrick,7:46
2,.400,5,38.462,8,8.00,102,0,3,100.0,6,.462,4.0,50.0,8.0,13,0,.000,2,15.385,Logos via Sports Logos.net / About logos,L,https://www.basketball-reference.com/boxscores/201601210DEN.html,Home,101,32:56,0,0.0,MEM,Matt Barnes,Vince Carter,8:03,,,,,,,,,,,35:46,Marc Gasol,35:14,Courtney Lee,35:13,Zach Randolph,29:27,Mike Conley,26:56,Jeff Green,21:23,Mario Chalmers,21:04,JaMychal Green,14:08,Ryan Hollins,12:46,102,2,14,8.0,57.1,6.0,42.9,0.0,0.0,Emmanuel Mudiay,1,0,2015-2016,0.0,1,3.0,DEN,101,Danilo Gallinari,Jusuf Nurkić,3:22,Mike Miller,0:01,,,,,,,,,31:07,Will Barton,29:13,Joffrey Lauvergne,28:01,Darrell Arthur,24:39,Kenneth Faried,23:52,Gary Harris,20:59,Randy Foye,20:37,Nikola Jokić,13:43,Sean Kilpatrick,11:30
1,.250,4,26.667,4,1.00,101,1,4,100.0,6,.400,5.0,45.5,11.0,15,5,.833,6,40.000,Logos via Sports Logos.net / About logos,W,https://www.basketball-reference.com/boxscores/201601230DEN.html,Home,104,34:31,0,0.0,DET,Kentavious Caldwell-Pope,Darrun Hilliard,6:52,,,,,,,,,,,35:11,Marcus Morris,32:54,Reggie Jackson,29:34,Aron Baynes,29:34,Ersan İlyasova,27:45,Anthony Tolliver,21:07,Stanley Johnson,20:11,Andre Drummond,18:26,Brandon Jennings,18:26,101,3,18,10.0,55.6,3.0,16.7,5.0,27.8,Emmanuel Mudiay,3,1,2015-2016,2.0,4,4.0,DEN,104,Danilo Gallinari,,,,,,,,,,,,,38:14,Darrell Arthur,34:18,Gary Harris,32:05,Nikola Jokić,31:50,Will Barton,19:07,Joffrey Lauvergne,16:10,Randy Foye,13:29,Mike Miller,10:13,Sean Kilpatrick,10:04
1,.333,3,23.077,6,2.00,119,0,1,100.0,4,.308,3.0,30.0,10.0,13,1,.500,2,15.385,Logos via Sports Logos.net / About logos,L,https://www.basketball-reference.com/boxscores/201601250DEN.html,Home,105,30:24,0,0.0,ATL,Paul Millsap,Tim Hardaway Jr.,16:34,Lamar Patterson,3:32,Shelvin Mack,3:32,Mike Muscala,3:32,,,,,28:03,Kyle Korver,27:29,Al Horford,27:03,Jeff Teague,26:05,Kent Bazemore,24:56,Thabo Sefolosha,23:20,Tiago Splitter,19:58,Dennis Schröder,19:02,Mike Scott,16:53,119,2,10,6.0,60.0,3.0,30.0,1.0,10.0,Emmanuel Mudiay,14,1,2015-2016,1.0,3,1.0,DEN,105,Will Barton,Jusuf Nurkić,6:39,Mike Miller,3:32,,,,,,,,,34:28,Danilo Gallinari,32:03,Gary Harris,31:10,Darrell Arthur,18:51,Nikola Jokić,18:15,Randy Foye,17:36,Kenneth Faried,16:36,Sean Kilpatrick,15:26,Joffrey Lauvergne,15:00
1,.500,2,20.000,4,0.80,103,0,2,100.0,4,.400,3.0,37.5,8.0,10,4,1.000,4,40.000,Logos via Sports Logos.net / About logos,L,https://www.basketball-reference.com/boxscores/201601270BOS.html,Away,111,26:11,0,0.0,BOS,Avery Bradley,Tyler Zeller,4:27,,,,,,,,,,,39:05,Jae Crowder,31:35,Isaiah Thomas,30:31,Amir Johnson,30:04,Evan Turner,29:58,Marcus Smart,27:40,Jared Sullinger,17:44,Kelly Olynyk,17:19,Jonas Jerebko,11:36,111,3,13,6.0,46.2,3.0,23.1,4.0,30.8,Emmanuel Mudiay,8,0,2015-2016,0.0,5,2.0,DEN,103,Gary Harris,Darrell Arthur,9:54,J.J. Hickson,0:50,,,,,,,,,32:49,Danilo Gallinari,31:49,Kenneth Faried,28:16,Will Barton,26:15,Randy Foye,21:49,Nikola Jokić,19:12,Mike Miller,15:29,Sean Kilpatrick,15:25,Jusuf Nurkić,12:00
1,.500,2,14.286,4,1.00,117,0,4,100.0,7,.500,6.0,50.0,12.0,14,5,.833,6,42.857,Logos via Sports Logos.net / About logos,W,https://www.basketball-reference.com/boxscores/201601280WAS.html,Away,113,31:12,0,0.0,WAS,John Wall,Kelly Oubre Jr.,7:14,,,,,,,,,,,40:58,Garrett Temple,38:28,Nenê,29:12,Marcin Gortat,29:09,Jared Dudley,25:46,Bradley Beal,25:36,Ramon Sessions,16:16,Otto Porter Jr.,15:28,Drew Gooden,11:53,113,4,20,12.0,60.0,3.0,15.0,5.0,25.0,Emmanuel Mudiay,4,2,2015-2016,2.0,4,4.0,DEN,117,Danilo Gallinari,Mike Miller,0:04,,,,,,,,,,,34:41,Gary Harris,28:47,Kenneth Faried,26:38,Will Barton,25:53,Nikola Jokić,25:28,Darrell Arthur,21:19,Jameer Nelson,17:02,Jusuf Nurkić,15:38,Randy Foye,13:19
0,.000,1,10.000,8,2.00,105,0,5,100.0,4,.400,4.0,44.4,9.0,10,3,.600,5,50.000,Logos via Sports Logos.net / About logos,L,https://www.basketball-reference.com/boxscores/201601300IND.html,Away,109,36:35,0,0.0,IND,George Hill,Glenn Robinson III,7:16,,,,,,,,,,,44:41,Monta Ellis,41:28,Myles Turner,40:10,Paul George,39:24,Jordan Hill,38:22,Lavoy Allen,16:18,C.J. Miles,13:36,Joe Young,12:35,Solomon Hill,11:10,109,2,11,8.0,72.7,0.0,0.0,3.0,27.3,Emmanuel Mudiay,4,0,2015-2016,0.0,4,5.0,DEN,105,Danilo Gallinari,,,,,,,,,,,,,41:03,Gary Harris,35:41,Nikola Jokić,35:18,Kenneth Faried,35:04,Darrell Arthur,18:20,Will Barton,17:19,Jusuf Nurkić,16:51,Jameer Nelson,16:25,Randy Foye,12:25
0,.000,2,33.333,8,8.00,93,1,0,,2,.333,2.0,50.0,4.0,6,0,,0,0.000,Logos via Sports Logos.net / About logos,W,https://www.basketball-reference.com/boxscores/201602010DEN.html,Home,112,23:52,0,,TOR,Kyle Lowry,Norman Powell,13:14,James Johnson,10:10,Anthony Bennett,7:41,Delon Wright,5:31,,,,,32:00,DeMar DeRozan,28:05,Cory Joseph,27:59,Terrence Ross,27:01,Patrick Patterson,23:27,Jonas Valančiūnas,18:58,Luis Scola,16:52,Bismack Biyombo,15:05,Lucas Nogueira,13:57,93,1,4,4.0,100.0,0.0,0.0,0.0,0.0,Emmanuel Mudiay,19,2,2015-2016,3.0,1,0.0,DEN,112,Will Barton,Joffrey Lauvergne,2:54,Mike Miller,2:28,,,,,,,,,33:15,Nikola Jokić,29:57,Danilo Gallinari,29:11,Randy Foye,24:08,Kenneth Faried,23:53,Gary Harris,20:13,Darrell Arthur,18:10,Sean Kilpatrick,16:50,Jusuf Nurkić,15:09
0,,0,0.000,6,2.00,81,0,1,100.0,3,.300,3.0,30.0,10.0,10,3,.500,6,60.000,Logos via Sports Logos.net / About logos,L,https://www.basketball-reference.com/boxscores/201602030UTA.html,Away,85,32:31,0,0.0,UTA,Gordon Hayward,Trey Lyles,9:46,Erick Green,2:31,,,,,,,,,38:14,Derrick Favors,34:40,Rodney Hood,33:45,Rudy Gobert,29:42,Raul Neto,26:55,Trevor Booker,21:17,Chris Johnson,17:00,Trey Burke,16:00,Joe Ingles,10:10,85,1,9,6.0,66.7,0.0,0.0,3.0,33.3,Emmanuel Mudiay,4,2,2015-2016,2.0,3,1.0,DEN,81,Gary Harris,,,,,,,,,,,,,41:37,Danilo Gallinari,36:43,Nikola Jokić,29:01,Kenneth Faried,27:04,Will Barton,23:25,Joffrey Lauvergne,19:20,Randy Foye,15:29,Jusuf Nurkić,14:49,,
1,.500,2,11.111,5,2.50,110,2,0,,8,.444,7.0,43.8,16.0,18,5,.455,11,61.111,Logos via Sports Logos.net / About logos,W,https://www.basketball-reference.com/boxscores/201602050DEN.html,Home,115,38:51,0,,CHI,Taj Gibson,Cameron Bairstow,10:25,Cristiano Felício,3:36,,,,,,,,,35:59,Derrick Rose,35:20,E'Twaun Moore,31:04,Bobby Portis,26:38,Doug McDermott,25:24,Tony Snell,18:43,Jimmy Butler,18:29,Aaron Brooks,18:02,Kirk Hinrich,16:20,110,1,22,14.0,63.6,3.0,13.6,5.0,22.7,Emmanuel Mudiay,5,2,2015-2016,4.0,2,0.0,DEN,115,Danilo Gallinari,,,,,,,,,,,,,34:56,Gary Harris,34:53,Will Barton,29:40,Kenneth Faried,26:16,Nikola Jokić,25:42,Randy Foye,22:32,Joffrey Lauvergne,13:53,Jusuf Nurkić,12:11,J.J. Hickson,1:06
2,.333,6,33.333,9,,101,0,4,100.0,6,.333,4.0,33.3,12.0,18,1,.250,4,22.222,Logos via Sports Logos.net / About logos,W,https://www.basketball-reference.com/boxscores/201602070NYK.html,Away,96,31:46,0,0.0,NYK,Arron Afflalo,Kevin Séraphin,9:30,Kyle O'Quinn,4:05,Lou Amundson,2:06,,,,,,,40:02,Carmelo Anthony,34:53,Kristaps Porziņģis,34:33,Robin Lopez,29:57,José Calderón,29:56,Langston Galloway,20:46,Derrick Williams,13:15,Jerian Grant,11:25,Sasha Vujačić,9:32,96,0,15,8.0,53.3,6.0,40.0,1.0,6.7,Emmanuel Mudiay,5,0,2015-2016,0.0,0,4.0,DEN,101,Gary Harris,,,,,,,,,,,,,40:14,Danilo Gallinari,36:35,Joffrey Lauvergne,28:55,Will Barton,28:37,Kenneth Faried,26:10,Nikola Jokić,18:34,Randy Foye,16:45,Jusuf Nurkić,7:19,Mike Miller,5:05
0,.000,1,10.000,8,2.00,104,0,5,83.3,3,.300,3.0,33.3,9.0,10,1,.500,2,20.000,Logos via Sports Logos.net / About logos,L,https://www.basketball-reference.com/boxscores/201602080BRK.html,Away,105,35:28,1,16.7,BRK,Thaddeus Young,Chris McCullough,10:49,,,,,,,,,,,37:11,Brook Lopez,31:23,Joe Johnson,29:34,Donald Sloan,25:52,Markel Brown,24:00,Bojan Bogdanović,22:57,Shane Larkin,22:08,Wayne Ellington,19:29,Thomas Robinson,16:37,105,1,7,6.0,85.7,0.0,0.0,1.0,14.3,Emmanuel Mudiay,1,2,2015-2016,2.0,4,6.0,DEN,104,Danilo Gallinari,,,,,,,,,,,,,41:26,Gary Harris,39:36,Randy Foye,31:10,Kenneth Faried,28:54,Will Barton,20:55,Jusuf Nurkić,17:23,Nikola Jokić,13:57,Mike Miller,5:46,Joffrey Lauvergne,5:25
1,.333,3,25.000,6,3.00,103,1,4,100.0,6,.500,5.0,55.6,9.0,12,1,.333,3,25.000,Logos via Sports Logos.net / About logos,W,https://www.basketball-reference.com/boxscores/201602100DET.html,Away,92,33:59,0,0.0,DET,Andre Drummond,,,,,,,,,,,,,39:27,Stanley Johnson,36:48,Anthony Tolliver,35:16,Marcus Morris,34:48,Brandon Jennings,29:19,Darrun Hilliard,26:37,Aron Baynes,19:04,Steve Blake,18:41,,,92,1,14,10.0,71.4,3.0,21.4,1.0,7.1,Emmanuel Mudiay,11,2,2015-2016,3.0,2,4.0,DEN,103,Danilo Gallinari,,,,,,,,,,,,,38:49,Gary Harris,36:24,Nikola Jokić,24:55,Jusuf Nurkić,24:14,Will Barton,21:38,Joffrey Lauvergne,20:55,Randy Foye,20:43,Kenneth Faried,18:23,,
0,.000,3,21.429,4,0.80,110,0,2,100.0,4,.286,4.0,36.4,11.0,14,0,,0,0.000,Logos via Sports Logos.net / About logos,L,https://www.basketball-reference.com/boxscores/201602190SAC.html,Away,116,30:15,0,0.0,SAC,Rudy Gay,Seth Curry,1:11,,,,,,,,,,,40:30,Rajon Rondo,39:28,DeMarcus Cousins,38:43,Darren Collison,33:26,James Anderson,24:01,Ben McLemore,23:53,Quincy Acy,14:54,Willie Cauley-Stein,14:22,Kosta Koufos,9:32,116,2,8,8.0,100.0,0.0,0.0,0.0,0.0,Emmanuel Mudiay,6,3,2015-2016,3.0,5,2.0,DEN,110,Gary Harris,,,,,,,,,,,,,39:31,Danilo Gallinari,37:26,Will Barton,31:18,Joffrey Lauvergne,24:53,Kenneth Faried,23:07,D.J. Augustin,18:56,Darrell Arthur,16:48,Jusuf Nurkić,14:06,Nikola Jokić,3:40
2,.500,4,44.444,3,0.75,121,0,4,80.0,5,.556,3.0,60.0,5.0,9,6,1.000,6,66.667,Logos via Sports Logos.net / About logos,L,https://www.basketball-reference.com/boxscores/201602210DEN.html,Home,101,30:35,1,20.0,BOS,Avery Bradley,Jordan Mickey,2:30,R.J. Hunter,2:30,Terry Rozier,2:30,James Young,1:36,,,,,32:10,Isaiah Thomas,32:07,Marcus Smart,31:54,Jae Crowder,30:32,Evan Turner,27:25,Jared Sullinger,23:09,Jonas Jerebko,19:52,Amir Johnson,18:23,Tyler Zeller,15:21,121,3,18,6.0,33.3,6.0,33.3,6.0,33.3,Emmanuel Mudiay,20,2,2015-2016,2.0,4,5.0,DEN,101,Gary Harris,Joffrey Lauvergne,2:20,,,,,,,,,,,38:05,Danilo Gallinari,31:21,Will Barton,31:08,Nikola Jokić,30:12,D.J. Augustin,29:51,Kenneth Faried,13:13,Jusuf Nurkić,11:57,Darrell Arthur,11:57,Mike Miller,9:21
1,.250,4,30.769,4,,114,1,0,,5,.385,4.0,44.4,9.0,13,0,,0,0.000,Logos via Sports Logos.net / About logos,L,https://www.basketball-reference.com/boxscores/201602230DEN.html,Home,110,26:20,0,,SAC,Rudy Gay,Kosta Koufos,11:54,,,,,,,,,,,36:28,DeMarcus Cousins,36:06,Darren Collison,32:20,Rajon Rondo,30:49,Willie Cauley-Stein,23:26,Omri Casspi,23:12,Marco Belinelli,19:59,Ben McLemore,12:53,Quincy Acy,12:53,114,2,11,8.0,72.7,3.0,27.3,0.0,0.0,Emmanuel Mudiay,4,1,2015-2016,2.0,0,0.0,DEN,110,Danilo Gallinari,,,,,,,,,,,,,37:10,Will Barton,26:48,Darrell Arthur,25:00,Gary Harris,24:32,Joffrey Lauvergne,22:50,Kenneth Faried,21:56,D.J. Augustin,21:40,Nikola Jokić,20:11,JaKarr Sampson,13:33
0,.000,2,16.667,6,,87,0,4,80.0,1,.083,1.0,10.0,10.0,12,2,1.000,2,16.667,Logos via Sports Logos.net / About logos,W,https://www.basketball-reference.com/boxscores/201602240LAC.html,Away,81,30:26,1,20.0,LAC,DeAndre Jordan,Pablo Prigioni,10:05,C.J. Wilcox,2:05,,,,,,,,,36:51,Chris Paul,35:13,JJ Redick,32:07,Jamal Crawford,27:43,Jeff Green,25:30,Wesley Johnson,22:38,Luc Mbah a Moute,19:57,Paul Pierce,16:42,Cole Aldrich,11:09,81,2,4,2.0,50.0,0.0,0.0,2.0,50.0,Emmanuel Mudiay,6,1,2015-2016,1.0,0,5.0,DEN,87,Danilo Gallinari,,,,,,,,,,,,,35:50,Gary Harris,29:04,Nikola Jokić,26:13,Will Barton,25:36,Kenneth Faried,22:44,Joffrey Lauvergne,21:47,Darrell Arthur,18:36,D.J. Augustin,17:34,JaKarr Sampson,12:10
0,.000,1,20.000,6,1.50,116,0,2,100.0,1,.200,1.0,25.0,4.0,5,2,1.000,2,40.000,Logos via Sports Logos.net / About logos,L,https://www.basketball-reference.com/boxscores/201602260DAL.html,Away,122,26:19,0,0.0,DAL,Wesley Matthews,Salah Mejri,2:07,,,,,,,,,,,40:33,Dirk Nowitzki,40:10,Chandler Parsons,39:57,Raymond Felton,39:36,Deron Williams,31:16,David Lee,25:04,Devin Harris,22:22,J.J. Barea,15:43,Zaza Pachulia,8:11,122,3,4,2.0,50.0,0.0,0.0,2.0,50.0,Emmanuel Mudiay,6,1,2015-2016,1.0,4,2.0,DEN,116,Gary Harris,Joffrey Lauvergne,3:24,,,,,,,,,,,45:39,Will Barton,43:05,D.J. Augustin,35:39,Kenneth Faried,33:45,Darrell Arthur,29:36,Danilo Gallinari,27:57,Nikola Jokić,10:58,Mike Miller,5:02,JaKarr Sampson,3:36
2,.500,4,44.444,7,1.75,103,2,5,100.0,3,.333,1.0,20.0,5.0,9,0,,0,0.000,Logos via Sports Logos.net / About logos,L,https://www.basketball-reference.com/boxscores/201602290DEN.html,Home,96,32:56,0,0.0,MEM,Matt Barnes,Jarell Martin,11:39,,,,,,,,,,,37:48,Zach Randolph,32:53,P.J. Hairston,31:33,Mike Conley,28:37,Mario Chalmers,23:24,Chris Andersen,22:01,Lance Stephenson,20:39,Vince Carter,19:19,JaMychal Green,12:07,103,3,8,2.0,25.0,6.0,75.0,0.0,0.0,Emmanuel Mudiay,7,0,2015-2016,2.0,4,5.0,DEN,96,Will Barton,,,,,,,,,,,,,34:02,Gary Harris,34:00,JaKarr Sampson,29:36,Kenneth Faried,28:24,Darrell Arthur,27:10,Joffrey Lauvergne,19:18,Nikola Jokić,19:06,D.J. Augustin,15:28,,
2,.500,4,20.000,7,3.50,107,1,2,50.0,10,.500,8.0,50.0,16.0,20,0,.000,2,10.000,Logos via Sports Logos.net / About logos,W,https://www.basketball-reference.com/boxscores/201603020DEN.html,Home,117,33:37,2,50.0,LAL,D'Angelo Russell,Kobe Bryant,10:50,,,,,,,,,,,35:59,Anthony Brown,31:16,Julius Randle,31:10,Marcelo Huertas,30:42,Brandon Bass,28:54,Jordan Clarkson,22:30,Tarik Black,18:12,Roy Hibbert,17:44,Nick Young,12:43,107,2,22,16.0,72.7,6.0,27.3,0.0,0.0,Emmanuel Mudiay,10,0,2015-2016,1.0,2,4.0,DEN,117,Gary Harris,,,,,,,,,,,,,40:12,Nikola Jokić,28:23,Joffrey Lauvergne,25:35,Darrell Arthur,24:05,Will Barton,24:03,D.J. Augustin,23:12,JaKarr Sampson,22:56,Kenneth Faried,17:57,,
1,.333,3,18.750,7,2.33,121,1,3,50.0,9,.563,8.0,61.5,13.0,16,6,.857,7,43.750,Logos via Sports Logos.net / About logos,L,https://www.basketball-reference.com/boxscores/201603040DEN.html,Home,120,32:56,3,50.0,BRK,Thaddeus Young,Chris McCullough,12:22,,,,,,,,,,,39:25,Brook Lopez,38:09,Shane Larkin,34:53,Markel Brown,33:22,Bojan Bogdanović,33:14,Sean Kilpatrick,19:46,Wayne Ellington,19:41,Donald Sloan,18:07,Thomas Robinson,16:01,121,4,25,16.0,64.0,3.0,12.0,6.0,24.0,Emmanuel Mudiay,1,2,2015-2016,3.0,3,6.0,DEN,120,Gary Harris,Mike Miller,0:00,,,,,,,,,,,41:22,Nikola Jokić,33:52,Will Barton,33:30,Kenneth Faried,27:42,JaKarr Sampson,25:40,Darrell Arthur,25:18,D.J. Augustin,20:04,Joffrey Lauvergne,19:08,Axel Toupane,5:28
3,.429,7,33.333,8,4.00,114,2,4,100.0,6,.286,3.0,21.4,14.0,21,1,.500,2,9.524,Logos via Sports Logos.net / About logos,W,https://www.basketball-reference.com/boxscores/201603060DEN.html,Home,116,39:43,0,0.0,DAL,Wesley Matthews,Charlie Villanueva,1:30,Salah Mejri,1:12,,,,,,,,,40:35,Deron Williams,39:31,Chandler Parsons,38:40,Dirk Nowitzki,35:27,Raymond Felton,29:47,David Lee,25:34,J.J. Barea,24:35,Devin Harris,18:33,Zaza Pachulia,9:36,114,2,16,6.0,37.5,9.0,56.2,1.0,6.2,Emmanuel Mudiay,2,2,2015-2016,4.0,2,4.0,DEN,116,Gary Harris,Mike Miller,8:41,,,,,,,,,,,43:30,Kenneth Faried,36:09,Will Barton,30:14,D.J. Augustin,27:05,JaKarr Sampson,22:52,Nikola Jokić,20:39,Joffrey Lauvergne,14:12,Axel Toupane,13:09,Darrell Arthur,8:46
1,.250,4,21.053,5,5.00,94,0,7,100.0,6,.316,5.0,33.3,15.0,19,2,1.000,2,10.526,Logos via Sports Logos.net / About logos,W,https://www.basketball-reference.com/boxscores/201603080DEN.html,Home,110,30:50,0,0.0,NYK,Carmelo Anthony,Kevin Séraphin,14:20,,,,,,,,,,,38:53,Arron Afflalo,35:44,Langston Galloway,26:41,José Calderón,25:40,Jerian Grant,22:20,Derrick Williams,21:23,Kristaps Porziņģis,20:07,Kyle O'Quinn,18:04,Robin Lopez,16:48,94,1,15,10.0,66.7,3.0,20.0,2.0,13.3,Emmanuel Mudiay,16,0,2015-2016,0.0,1,7.0,DEN,110,Nikola Jokić,Mike Miller,3:37,,,,,,,,,,,33:52,Gary Harris,33:03,Kenneth Faried,27:50,Darrell Arthur,24:18,D.J. Augustin,21:04,Will Barton,20:49,JaKarr Sampson,16:37,Axel Toupane,14:18,Joffrey Lauvergne,13:42
4,.571,7,35.000,5,1.25,98,1,2,100.0,13,.650,9.0,69.2,13.0,20,0,.000,1,5.000,Logos via Sports Logos.net / About logos,W,https://www.basketball-reference.com/boxscores/201603100DEN.html,Home,116,34:19,0,0.0,PHO,Devin Booker,Phil Pressey,0:08,,,,,,,,,,,44:05,Ronnie Price,38:20,Alex Len,32:31,Brandon Knight,24:41,Mirza Teletović,22:49,Tyson Chandler,22:06,Archie Goodwin,19:44,P.J. Tucker,18:33,Jon Leuer,17:03,98,4,30,18.0,60.0,12.0,40.0,0.0,0.0,Emmanuel Mudiay,18,0,2015-2016,1.0,4,2.0,DEN,116,Gary Harris,Jusuf Nurkić,4:27,,,,,,,,,,,31:47,Will Barton,30:12,Darrell Arthur,28:43,Nikola Jokić,27:24,D.J. Augustin,19:32,Joffrey Lauvergne,19:24,Axel Toupane,14:56,Kenneth Faried,14:38,JaKarr Sampson,14:38
0,.000,2,22.222,2,0.50,100,0,0,,4,.444,4.0,57.1,7.0,9,2,1.000,2,22.222,Logos via Sports Logos.net / About logos,W,https://www.basketball-reference.com/boxscores/201603120DEN.html,Home,116,22:14,0,,WAS,John Wall,Marcin Gortat,8:00,Kelly Oubre Jr.,1:19,Jarell Eddie,0:12,,,,,,,40:33,Garrett Temple,34:06,Otto Porter Jr.,32:52,Markieff Morris,30:11,Nenê,25:27,Marcus Thornton,19:27,Ramon Sessions,18:03,Jared Dudley,17:49,J.J. Hickson,12:02,100,4,10,8.0,80.0,0.0,0.0,2.0,20.0,Emmanuel Mudiay,16,1,2015-2016,1.0,4,0.0,DEN,116,Gary Harris,Joffrey Lauvergne,9:12,,,,,,,,,,,31:12,D.J. Augustin,30:43,Will Barton,29:56,Darrell Arthur,28:44,Kenneth Faried,20:50,Axel Toupane,19:03,Jusuf Nurkić,17:58,Nikola Jokić,16:31,JaKarr Sampson,13:36
2,.500,4,21.053,10,2.00,119,0,3,100.0,9,.474,7.0,46.7,15.0,19,3,.600,5,26.316,Logos via Sports Logos.net / About logos,L,https://www.basketball-reference.com/boxscores/201603140MIA.html,Away,124,32:52,0,0.0,MIA,Justise Winslow,,,,,,,,,,,,,33:09,Luol Deng,33:04,Josh Richardson,32:45,Goran Dragić,32:39,Hassan Whiteside,31:01,Dwyane Wade,30:36,Joe Johnson,30:10,Amar'e Stoudemire,10:32,Josh McRoberts,6:04,124,2,23,14.0,60.9,6.0,26.1,3.0,13.0,Emmanuel Mudiay,5,0,2015-2016,0.0,5,3.0,DEN,119,Gary Harris,,,,,,,,,,,,,34:12,Nikola Jokić,27:48,Darrell Arthur,26:33,Kenneth Faried,25:41,D.J. Augustin,25:17,JaKarr Sampson,22:32,Will Barton,20:12,Axel Toupane,12:31,Joffrey Lauvergne,12:22
2,.400,5,41.667,4,1.33,110,0,2,100.0,5,.417,3.0,42.9,7.0,12,2,1.000,2,16.667,Logos via Sports Logos.net / About logos,L,https://www.basketball-reference.com/boxscores/201603150ORL.html,Away,116,27:23,0,0.0,ORL,Evan Fournier,,,,,,,,,,,,,42:19,Victor Oladipo,39:29,Jason Smith,27:59,Brandon Jennings,27:02,Aaron Gordon,26:43,Ersan İlyasova,21:17,C.J. Watson,20:58,Dewayne Dedmon,20:01,Mario Hezonja,14:12,116,3,14,6.0,42.9,6.0,42.9,2.0,14.3,Emmanuel Mudiay,6,0,2015-2016,0.0,3,2.0,DEN,110,Gary Harris,,,,,,,,,,,,,36:07,D.J. Augustin,33:00,Will Barton,31:37,Darrell Arthur,27:46,Nikola Jokić,25:19,Joffrey Lauvergne,22:41,Kenneth Faried,14:49,Axel Toupane,12:40,JaKarr Sampson,8:38
1,.250,4,36.364,2,2.00,98,0,2,100.0,3,.273,2.0,28.6,7.0,11,5,.833,6,54.545,Logos via Sports Logos.net / About logos,L,https://www.basketball-reference.com/boxscores/201603170ATL.html,Away,116,23:13,0,0.0,ATL,Tim Hardaway Jr.,Kirk Hinrich,14:38,Mike Muscala,2:34,,,,,,,,,29:34,Paul Millsap,29:22,Al Horford,28:43,Kyle Korver,27:24,Jeff Teague,26:32,Thabo Sefolosha,24:53,Mike Scott,20:17,Dennis Schröder,18:54,Kris Humphries,17:09,116,1,12,4.0,33.3,3.0,25.0,5.0,41.7,Emmanuel Mudiay,18,1,2015-2016,1.0,1,2.0,DEN,98,Gary Harris,,,,,,,,,,,,,31:50,Will Barton,30:38,Joffrey Lauvergne,30:25,D.J. Augustin,28:48,Jusuf Nurkić,25:54,Nikola Jokić,22:06,Darrell Arthur,17:35,Axel Toupane,16:10,JaKarr Sampson,13:21
1,.500,2,12.500,4,4.00,101,0,5,71.4,4,.250,3.0,21.4,14.0,16,2,.500,4,25.000,Logos via Sports Logos.net / About logos,W,https://www.basketball-reference.com/boxscores/201603190CHO.html,Away,93,34:19,2,28.6,CHO,Nicolas Batum,,,,,,,,,,,,,39:56,Kemba Walker,36:25,Marvin Williams,31:34,Cody Zeller,29:00,Courtney Lee,28:44,Jeremy Lin,24:32,Al Jefferson,19:00,Frank Kaminsky,16:26,Troy Daniels,14:23,93,1,11,6.0,54.5,3.0,27.3,2.0,18.2,Emmanuel Mudiay,8,0,2015-2016,0.0,1,7.0,DEN,101,Gary Harris,,,,,,,,,,,,,36:47,Darrell Arthur,34:57,Nikola Jokić,24:45,JaKarr Sampson,23:10,Will Barton,22:37,D.J. Augustin,22:35,Jusuf Nurkić,17:57,Joffrey Lauvergne,13:03,Axel Toupane,9:49
1,.333,3,27.273,3,1.50,91,0,2,66.7,1,.091,0.0,0.0,8.0,11,2,1.000,2,18.182,Logos via Sports Logos.net / About logos,L,https://www.basketball-reference.com/boxscores/201603210CLE.html,Away,124,26:27,1,33.3,CLE,LeBron James,James Jones,8:15,Sasha Kaun,5:18,Jordan McRae,5:18,,,,,,,33:26,J.R. Smith,28:47,Channing Frye,25:06,Kyrie Irving,23:56,Iman Shumpert,23:08,Matthew Dellavedova,22:31,Richard Jefferson,21:33,Tristan Thompson,21:30,Timofey Mozgov,21:12,124,1,5,0.0,0.0,3.0,60.0,2.0,40.0,Emmanuel Mudiay,33,1,2015-2016,1.0,2,3.0,DEN,91,Gary Harris,Mike Miller,5:18,,,,,,,,,,,34:19,Darrell Arthur,26:55,Will Barton,25:42,Jusuf Nurkić,25:40,D.J. Augustin,24:43,Nikola Jokić,22:36,Axel Toupane,19:36,Joffrey Lauvergne,18:35,JaKarr Sampson,10:09
3,.600,5,21.739,4,4.00,103,1,10,90.9,10,.435,7.0,38.9,18.0,23,4,.800,5,21.739,Logos via Sports Logos.net / About logos,W,https://www.basketball-reference.com/boxscores/201603230DEN.html,Home,104,42:02,1,9.1,PHI,Hollis Thompson,Sonny Weems,13:18,Elton Brand,3:05,,,,,,,,,32:51,Jerami Grant,29:07,Ish Smith,28:12,Isaiah Canaan,27:25,Robert Covington,26:45,Carl Landry,23:53,Nik Stauskas,20:36,T.J. McConnell,20:14,Richaun Holmes,14:34,103,1,27,14.0,51.9,9.0,33.3,4.0,14.8,Emmanuel Mudiay,1,0,2015-2016,1.0,1,11.0,DEN,104,Gary Harris,,,,,,,,,,,,,35:30,Darrell Arthur,31:43,Nikola Jokić,27:00,D.J. Augustin,26:07,Will Barton,25:49,JaKarr Sampson,17:15,Jusuf Nurkić,16:06,Axel Toupane,14:35,Joffrey Lauvergne,3:54
0,.000,1,12.500,3,3.00,116,0,3,100.0,3,.375,3.0,42.9,7.0,8,3,.750,4,50.000,Logos via Sports Logos.net / About logos,W,https://www.basketball-reference.com/boxscores/201603250LAL.html,Away,105,21:09,0,0.0,LAL,Jordan Clarkson,D'Angelo Russell,12:00,,,,,,,,,,,35:01,Julius Randle,33:38,Lou Williams,30:17,Kobe Bryant,28:42,Brandon Bass,27:28,Roy Hibbert,20:32,Larry Nance Jr.,19:33,Marcelo Huertas,18:42,Metta World Peace,14:07,105,0,9,6.0,66.7,0.0,0.0,3.0,33.3,Emmanuel Mudiay,11,1,2015-2016,1.0,1,3.0,DEN,116,Will Barton,,,,,,,,,,,,,27:38,D.J. Augustin,26:51,Jusuf Nurkić,26:18,Joffrey Lauvergne,24:32,Gary Harris,23:40,Darrell Arthur,23:28,Axel Toupane,22:44,JaKarr Sampson,21:58,Nikola Jokić,21:42
0,.000,5,33.333,1,0.50,90,1,1,50.0,2,.133,2.0,20.0,10.0,15,0,,0,0.000,Logos via Sports Logos.net / About logos,L,https://www.basketball-reference.com/boxscores/201603270LAC.html,Away,105,22:35,1,50.0,LAC,Jeff Green,Paul Pierce,14:36,Pablo Prigioni,10:17,Jeff Ayres,2:19,,,,,,,29:26,DeAndre Jordan,29:11,Wesley Johnson,27:38,Chris Paul,25:53,JJ Redick,23:05,Austin Rivers,22:14,Jamal Crawford,21:25,Luc Mbah a Moute,17:33,Cole Aldrich,16:23,105,2,4,4.0,100.0,0.0,0.0,0.0,0.0,Emmanuel Mudiay,15,1,2015-2016,2.0,2,2.0,DEN,90,D.J. Augustin,,,,,,,,,,,,,34:11,Will Barton,30:16,Gary Harris,29:03,Axel Toupane,25:25,Jusuf Nurkić,24:12,Darrell Arthur,22:46,Nikola Jokić,20:51,Joffrey Lauvergne,17:46,JaKarr Sampson,12:55
1,.333,3,27.273,7,1.75,97,0,6,100.0,5,.455,4.0,50.0,8.0,11,5,.833,6,54.545,Logos via Sports Logos.net / About logos,L,https://www.basketball-reference.com/boxscores/201603280DEN.html,Home,88,35:27,0,0.0,DAL,Wesley Matthews,,,,,,,,,,,,,34:09,Dirk Nowitzki,33:00,Raymond Felton,31:32,Dwight Powell,29:51,Zaza Pachulia,28:40,Devin Harris,28:35,J.J. Barea,26:26,Justin Anderson,23:55,David Lee,3:52,97,3,16,8.0,50.0,3.0,18.8,5.0,31.2,Emmanuel Mudiay,9,1,2015-2016,1.0,4,6.0,DEN,88,Will Barton,Axel Toupane,6:48,,,,,,,,,,,31:40,Gary Harris,30:03,Darrell Arthur,25:38,Nikola Jokić,23:55,Joffrey Lauvergne,22:36,Kenneth Faried,22:22,JaKarr Sampson,17:49,D.J. Augustin,16:35,Jameer Nelson,7:07
3,.429,7,46.667,5,1.00,109,1,2,100.0,6,.400,3.0,37.5,8.0,15,2,1.000,2,13.333,Logos via Sports Logos.net / About logos,W,https://www.basketball-reference.com/boxscores/201603300MEM.html,Away,105,30:53,0,0.0,MEM,Matt Barnes,Ray McCallum,7:15,Ryan Hollins,4:51,Jarell Martin,2:48,,,,,,,40:26,Zach Randolph,33:32,JaMychal Green,25:50,Lance Stephenson,25:37,Jordan Farmar,25:12,Vince Carter,23:11,Tony Allen,22:17,Chris Andersen,17:02,Xavier Munford,11:59,105,2,17,6.0,35.3,9.0,52.9,2.0,11.8,Emmanuel Mudiay,4,0,2015-2016,1.0,5,2.0,DEN,109,Will Barton,Mike Miller,0:01,,,,,,,,,,,32:56,Nikola Jokić,28:41,JaKarr Sampson,27:22,Kenneth Faried,24:11,D.J. Augustin,23:04,Darrell Arthur,22:42,Gary Harris,20:07,Joffrey Lauvergne,16:30,Axel Toupane,13:33
3,.500,6,50.000,4,,95,0,2,100.0,5,.417,2.0,33.3,6.0,12,0,,0,0.000,Logos via Sports Logos.net / About logos,L,https://www.basketball-reference.com/boxscores/201603310NOP.html,Away,101,25:52,0,0.0,NOP,Dante Cunningham,,,,,,,,,,,,,36:49,Luke Babbitt,36:27,Toney Douglas,36:22,Jordan Hamilton,32:23,James Ennis III,30:00,Tim Frazier,29:18,Alexis Ajinça,15:32,Ömer Aşık,15:01,Kendrick Perkins,8:08,101,2,13,4.0,30.8,9.0,69.2,0.0,0.0,Emmanuel Mudiay,6,1,2015-2016,1.0,0,2.0,DEN,95,Gary Harris,,,,,,,,,,,,,37:46,Will Barton,30:16,D.J. Augustin,28:51,Kenneth Faried,24:49,Nikola Jokić,23:06,Darrell Arthur,21:46,JaKarr Sampson,21:20,Axel Toupane,15:31,Joffrey Lauvergne,10:43
2,.333,6,35.294,6,1.50,115,0,2,66.7,6,.353,4.0,36.4,11.0,17,1,.500,2,11.765,Logos via Sports Logos.net / About logos,L,https://www.basketball-reference.com/boxscores/201604020DEN.html,Home,106,29:10,1,33.3,SAC,Darren Collison,,,,,,,,,,,,,39:11,Willie Cauley-Stein,38:44,Rudy Gay,35:59,Kosta Koufos,31:08,Ben McLemore,30:52,Seth Curry,24:35,James Anderson,22:39,Quincy Acy,16:52,,,115,6,15,8.0,53.3,6.0,40.0,1.0,6.7,Emmanuel Mudiay,9,0,2015-2016,0.0,4,3.0,DEN,106,Gary Harris,,,,,,,,,,,,,36:16,Nikola Jokić,32:14,JaKarr Sampson,26:53,Joffrey Lauvergne,24:00,Will Barton,20:51,Axel Toupane,19:13,D.J. Augustin,18:50,Jusuf Nurkić,16:20,Kenneth Faried,16:13
1,.167,6,42.857,4,0.80,124,0,2,100.0,6,.429,5.0,62.5,8.0,14,2,.500,4,28.571,Logos via Sports Logos.net / About logos,L,https://www.basketball-reference.com/boxscores/201604050DEN.html,Home,102,27:03,0,0.0,OKC,Kevin Durant,Andre Roberson,13:09,Cameron Payne,6:39,Nick Collison,6:39,Nazr Mohammed,5:32,,,,,29:26,Serge Ibaka,28:54,Russell Westbrook,26:41,Dion Waiters,23:41,Anthony Morrow,23:37,Steven Adams,21:46,Enes Freedom,20:42,Randy Foye,19:11,Kyle Singler,14:03,124,2,15,10.0,66.7,3.0,20.0,2.0,13.3,Emmanuel Mudiay,22,1,2015-2016,1.0,5,2.0,DEN,102,Will Barton,,,,,,,,,,,,,30:24,Joffrey Lauvergne,27:32,Gary Harris,26:47,Axel Toupane,23:54,JaKarr Sampson,23:36,Kenneth Faried,22:46,D.J. Augustin,22:23,Nikola Jokić,19:03,Jusuf Nurkić,16:32
3,.500,6,40.000,5,1.67,98,1,6,100.0,8,.533,5.0,55.6,9.0,15,1,1.000,1,6.667,Logos via Sports Logos.net / About logos,W,https://www.basketball-reference.com/boxscores/201604080DEN.html,Home,102,36:19,0,0.0,SAS,Jonathon Simmons,,,,,,,,,,,,,35:08,Kyle Anderson,34:36,Tim Duncan,34:27,David West,32:14,Andre Miller,27:30,Kevin Martin,26:16,Patty Mills,23:05,Boban Marjanović,13:33,Matt Bonner,13:11,98,1,20,10.0,50.0,9.0,45.0,1.0,5.0,Emmanuel Mudiay,4,1,2015-2016,2.0,3,6.0,DEN,102,Jusuf Nurkić,,,,,,,,,,,,,34:41,Will Barton,32:34,Nikola Jokić,32:13,Gary Harris,29:03,JaKarr Sampson,24:37,Joffrey Lauvergne,14:37,D.J. Augustin,13:58,Mike Miller,12:44,Axel Toupane,9:13
3,.500,6,37.500,5,2.50,100,0,3,100.0,8,.500,5.0,50.0,10.0,16,0,,0,0.000,Logos via Sports Logos.net / About logos,L,https://www.basketball-reference.com/boxscores/201604100DEN.html,Home,84,37:31,0,0.0,UTA,Rudy Gobert,Jeff Withey,5:46,Chris Johnson,5:27,,,,,,,,,37:32,Gordon Hayward,36:15,Shelvin Mack,35:10,Rodney Hood,34:18,Trey Lyles,32:10,Trevor Booker,20:32,Alec Burks,13:59,Joe Ingles,10:01,Raul Neto,8:50,100,2,19,10.0,52.6,9.0,47.4,0.0,0.0,Emmanuel Mudiay,16,1,2015-2016,1.0,2,3.0,DEN,84,Nikola Jokić,,,,,,,,,,,,,36:02,Will Barton,34:29,Gary Harris,33:04,Joffrey Lauvergne,22:53,Jusuf Nurkić,21:54,D.J. Augustin,18:05,JaKarr Sampson,13:31,Darrell Arthur,11:58,Axel Toupane,10:33
1,.250,4,17.391,6,1.50,99,0,4,100.0,11,.478,10.0,52.6,19.0,23,2,1.000,2,8.696,Logos via Sports Logos.net / About logos,L,https://www.basketball-reference.com/boxscores/201604130POR.html,Away,107,36:53,0,0.0,POR,Pat Connaughton,Brian Roberts,16:48,Luis Montero,9:02,,,,,,,,,28:47,CJ McCollum,26:39,Noah Vonleh,25:22,Allen Crabbe,24:39,Ed Davis,24:23,Damian Lillard,23:48,Mason Plumlee,23:37,Al-Farouq Aminu,18:43,Maurice Harkless,18:12,107,1,25,20.0,80.0,3.0,12.0,2.0,8.0,Emmanuel Mudiay,8,0,2015-2016,0.0,4,4.0,DEN,99,Jusuf Nurkić,,,,,,,,,,,,,38:50,Gary Harris,36:49,Nikola Jokić,34:56,Will Barton,25:26,Kenneth Faried,19:19,Mike Miller,18:17,D.J. Augustin,14:40,JaKarr Sampson,8:33,Axel Toupane,6:17
0,.000,1,12.500,3,0.50,107,0,7,100.0,2,.250,2.0,28.6,7.0,8,7,.875,8,100.000,Logos via Sports Logos.net / About logos,W,https://www.basketball-reference.com/boxscores/201610260NOP.html,Away,102,28:06,0,0.0,NOP,Anthony Davis,Langston Galloway,10:50,Dante Cunningham,8:30,,,,,,,,,41:14,Tim Frazier,36:46,E'Twaun Moore,28:09,Solomon Hill,27:03,Lance Stephenson,25:30,Terrence Jones,17:44,Buddy Hield,16:50,Ömer Aşık,16:32,Alexis Ajinça,10:52,102,5,11,4.0,36.4,0.0,0.0,7.0,63.6,Emmanuel Mudiay,5,1,2016-2017,1.0,6,7.0,DEN,107,Danilo Gallinari,,,,,,,,,,,,,37:43,Will Barton,34:46,Wilson Chandler,30:13,Kenneth Faried,28:16,Jusuf Nurkić,26:01,Nikola Jokić,21:08,Jameer Nelson,19:54,Jamal Murray,13:15,Juancho Hernangómez,0:39
2,.500,4,20.000,4,0.80,115,0,7,100.0,7,.350,5.0,31.2,16.0,20,5,.833,6,30.000,Logos via Sports Logos.net / About logos,L,https://www.basketball-reference.com/boxscores/201610290DEN.html,Home,113,38:19,0,0.0,POR,Damian Lillard,Noah Vonleh,7:24,Shabazz Napier,0:03,,,,,,,,,41:22,CJ McCollum,41:17,Mason Plumlee,32:23,Maurice Harkless,32:12,Al-Farouq Aminu,31:47,Allen Crabbe,28:53,Evan Turner,25:12,Ed Davis,13:16,Meyers Leonard,11:11,115,3,21,10.0,47.6,6.0,28.6,5.0,23.8,Emmanuel Mudiay,2,3,2016-2017,3.0,5,7.0,DEN,113,Danilo Gallinari,,,,,,,,,,,,,41:33,Will Barton,40:57,Nikola Jokić,34:06,Kenneth Faried,30:23,Wilson Chandler,30:16,Jusuf Nurkić,22:32,Jameer Nelson,15:06,Jamal Murray,11:48,,
1,.250,4,23.529,4,2.00,102,1,5,83.3,6,.353,5.0,38.5,13.0,17,3,.750,4,23.529,Logos via Sports Logos.net / About logos,L,https://www.basketball-reference.com/boxscores/201610310TOR.html,Away,105,32:55,1,16.7,TOR,DeMar DeRozan,Norman Powell,2:27,,,,,,,,,,,38:52,Kyle Lowry,35:37,Patrick Patterson,32:51,Jonas Valančiūnas,30:36,DeMarre Carroll,28:31,Cory Joseph,23:36,Jakob Poeltl,17:24,Pascal Siakam,15:09,Terrence Ross,14:57,105,1,16,10.0,62.5,3.0,18.8,3.0,18.8,Emmanuel Mudiay,3,0,2016-2017,1.0,2,6.0,DEN,102,Jusuf Nurkić,,,,,,,,,,,,,38:07,Danilo Gallinari,37:05,Wilson Chandler,31:17,Will Barton,29:48,Nikola Jokić,22:22,Jameer Nelson,21:30,Kenneth Faried,15:09,Jamal Murray,11:47,,
0,.000,4,22.222,3,0.50,102,0,6,100.0,4,.222,4.0,28.6,14.0,18,4,1.000,4,22.222,Logos via Sports Logos.net / About logos,W,https://www.basketball-reference.com/boxscores/201611030MIN.html,Away,99,32:53,0,0.0,MIN,Karl-Anthony Towns,Cole Aldrich,8:30,,,,,,,,,,,37:31,Zach LaVine,35:40,Andrew Wiggins,34:45,Kris Dunn,29:52,Gorgui Dieng,27:54,Nemanja Bjelica,22:05,Tyus Jones,18:08,Shabazz Muhammad,13:15,Brandon Rush,12:20,99,3,12,8.0,66.7,0.0,0.0,4.0,33.3,Emmanuel Mudiay,3,5,2016-2017,5.0,6,6.0,DEN,102,Danilo Gallinari,,,,,,,,,,,,,36:59,Jameer Nelson,33:40,Jamal Murray,29:27,Wilson Chandler,27:29,Jusuf Nurkić,26:47,Kenneth Faried,19:07,Nikola Jokić,14:26,Juancho Hernangómez,10:40,Darrell Arthur,8:32
0,.000,2,28.571,3,0.75,86,0,2,100.0,0,.000,0.0,0.0,5.0,7,6,.857,7,100.000,Logos via Sports Logos.net / About logos,L,https://www.basketball-reference.com/boxscores/201611050DET.html,Away,103,24:08,0,0.0,DET,Tobias Harris,Boban Marjanović,2:28,Henry Ellenson,2:28,Michael Gbinije,2:28,Darrun Hilliard,2:28,,,,,34:28,Andre Drummond,33:55,Ish Smith,28:18,Jon Leuer,28:03,Kentavious Caldwell-Pope,27:58,Marcus Morris,27:30,Beno Udrih,19:42,Stanley Johnson,18:37,Aron Baynes,11:37,103,2,6,0.0,0.0,0.0,0.0,6.0,100.0,Emmanuel Mudiay,17,1,2016-2017,1.0,4,2.0,DEN,86,Wilson Chandler,Darrell Arthur,6:36,Malik Beasley,5:11,Mike Miller,3:52,,,,,,,31:29,Danilo Gallinari,29:09,Jamal Murray,27:29,Jusuf Nurkić,23:44,Jameer Nelson,23:34,Nikola Jokić,22:42,Kenneth Faried,15:39,Gary Harris,15:38,Juancho Hernangómez,10:49
3,.600,5,27.778,2,0.29,123,1,6,75.0,11,.611,8.0,61.5,13.0,18,5,1.000,5,27.778,Logos via Sports Logos.net / About logos,W,https://www.basketball-reference.com/boxscores/201611060BOS.html,Away,107,38:34,2,25.0,BOS,Avery Bradley,Demetrius Jackson,11:05,Gerald Green,10:28,James Young,8:32,,,,,,,33:54,Isaiah Thomas,32:56,Marcus Smart,27:11,Tyler Zeller,25:46,Jaylen Brown,20:50,Jordan Mickey,19:04,Jonas Jerebko,18:12,Terry Rozier,16:15,Amir Johnson,15:47,107,3,30,16.0,53.3,9.0,30.0,5.0,16.7,Emmanuel Mudiay,16,1,2016-2017,2.0,7,8.0,DEN,123,Danilo Gallinari,Juancho Hernangómez,2:26,,,,,,,,,,,41:13,Jameer Nelson,35:56,Wilson Chandler,25:20,Kenneth Faried,23:46,Nikola Jokić,22:15,Gary Harris,21:33,Jusuf Nurkić,13:17,Jamal Murray,13:14,Malik Beasley,2:26
1,.333,3,23.077,7,1.00,107,0,4,100.0,7,.538,6.0,60.0,10.0,13,8,.800,10,76.923,Logos via Sports Logos.net / About logos,L,https://www.basketball-reference.com/boxscores/201611080MEM.html,Away,108,35:45,0,0.0,MEM,James Ennis III,Troy Williams,4:08,,,,,,,,,,,32:06,Vince Carter,30:57,Marc Gasol,30:20,Mike Conley,30:05,JaMychal Green,25:53,Andrew Harrison,25:46,Zach Randolph,22:34,Chandler Parsons,20:59,Jarell Martin,17:12,108,4,23,12.0,52.2,3.0,13.0,8.0,34.8,Emmanuel Mudiay,1,0,2016-2017,0.0,7,4.0,DEN,107,Danilo Gallinari,Mike Miller,0:04,,,,,,,,,,,38:17,Gary Harris,30:17,Jusuf Nurkić,28:46,Nikola Jokić,28:22,Kenneth Faried,27:58,Jameer Nelson,22:48,Jamal Murray,17:17,Juancho Hernangómez,9:37,Jarnell Stokes,0:49
2,.400,5,33.333,4,1.33,125,0,3,75.0,4,.267,2.0,20.0,10.0,15,0,,0,0.000,Logos via Sports Logos.net / About logos,L,https://www.basketball-reference.com/boxscores/201611100DEN.html,Home,101,24:28,1,25.0,GSW,Klay Thompson,David West,13:19,Ian Clark,11:22,Kevon Looney,5:51,Anderson Varejão,5:17,,,,,31:37,Stephen Curry,29:56,Kevin Durant,29:32,Draymond Green,28:46,Andre Iguodala,22:50,Shaun Livingston,18:03,JaVale McGee,14:59,Patrick McCaw,14:42,Zaza Pachulia,13:46,125,1,10,4.0,40.0,6.0,60.0,0.0,0.0,Emmanuel Mudiay,24,1,2016-2017,1.0,3,4.0,DEN,101,Juancho Hernangómez,Mike Miller,9:14,Jarnell Stokes,5:44,,,,,,,,,30:26,Kenneth Faried,30:20,Jamal Murray,29:04,Danilo Gallinari,26:28,Nikola Jokić,18:29,Gary Harris,18:04,Jusuf Nurkić,16:55,Jameer Nelson,16:01,Malik Beasley,14:47
4,.500,8,57.143,2,0.40,106,2,3,60.0,6,.429,2.0,33.3,6.0,14,3,.750,4,28.571,Logos via Sports Logos.net / About logos,L,https://www.basketball-reference.com/boxscores/201611120DEN.html,Home,95,26:26,2,40.0,DET,Tobias Harris,,,,,,,,,,,,,36:16,Kentavious Caldwell-Pope,35:15,Marcus Morris,34:16,Ish Smith,29:24,Andre Drummond,26:41,Jon Leuer,26:23,Aron Baynes,20:24,Beno Udrih,17:31,Stanley Johnson,13:50,106,2,19,4.0,21.1,12.0,63.2,3.0,15.8,Emmanuel Mudiay,11,2,2016-2017,4.0,5,5.0,DEN,95,Danilo Gallinari,,,,,,,,,,,,,35:43,Wilson Chandler,29:59,Gary Harris,28:05,Jameer Nelson,21:34,Kenneth Faried,20:58,Nikola Jokić,20:27,Juancho Hernangómez,20:02,Jamal Murray,19:55,Jusuf Nurkić,16:51
1,.167,6,37.500,0,0.00,105,0,2,100.0,3,.188,2.0,20.0,10.0,16,1,.500,2,12.500,Logos via Sports Logos.net / About logos,L,https://www.basketball-reference.com/boxscores/201611130POR.html,Away,112,29:32,0,0.0,POR,CJ McCollum,Jake Layman,3:55,,,,,,,,,,,35:25,Damian Lillard,33:09,Maurice Harkless,32:30,Allen Crabbe,30:54,Evan Turner,29:29,Meyers Leonard,24:43,Mason Plumlee,23:42,Ed Davis,21:23,Noah Vonleh,4:50,112,2,8,4.0,50.0,3.0,37.5,1.0,12.5,Emmanuel Mudiay,7,0,2016-2017,0.0,2,2.0,DEN,105,Jameer Nelson,,,,,,,,,,,,,32:46,Danilo Gallinari,29:07,Jamal Murray,27:45,Kenneth Faried,27:40,Wilson Chandler,27:09,Nikola Jokić,25:56,Jusuf Nurkić,18:34,Juancho Hernangómez,15:34,Malik Beasley,5:57
0,.000,2,11.765,6,,104,0,3,60.0,7,.412,7.0,46.7,15.0,17,1,1.000,1,5.882,Logos via Sports Logos.net / About logos,W,https://www.basketball-reference.com/boxscores/201611160DEN.html,Home,120,37:40,2,40.0,PHO,Devin Booker,Marquese Chriss,11:58,Alan Williams,4:07,Dragan Bender,2:26,,,,,,,37:28,Eric Bledsoe,34:05,Brandon Knight,28:08,Jared Dudley,22:37,Alex Len,21:28,Tyson Chandler,20:45,P.J. Tucker,20:38,T.J. Warren,18:14,Leandro Barbosa,18:06,104,1,15,14.0,93.3,0.0,0.0,1.0,6.7,Emmanuel Mudiay,16,2,2016-2017,2.0,0,5.0,DEN,120,Danilo Gallinari,Malik Beasley,0:46,,,,,,,,,,,38:03,Wilson Chandler,35:03,Jameer Nelson,33:52,Kenneth Faried,25:49,Jamal Murray,20:08,Nikola Jokić,19:19,Jusuf Nurkić,15:03,Juancho Hernangómez,9:57,Alonzo Gee,4:20
0,.000,6,35.294,9,1.80,113,0,6,100.0,10,.588,10.0,90.9,11.0,17,5,.714,7,41.176,Logos via Sports Logos.net / About logos,L,https://www.basketball-reference.com/boxscores/201611180DEN.html,Home,111,45:45,0,0.0,TOR,Kyle Lowry,Norman Powell,11:30,,,,,,,,,,,38:26,Jonas Valančiūnas,37:08,DeMar DeRozan,36:24,Terrence Ross,30:15,Patrick Patterson,29:54,Pascal Siakam,23:06,DeMarre Carroll,22:19,Cory Joseph,20:06,Jakob Poeltl,15:52,113,4,25,20.0,80.0,0.0,0.0,5.0,20.0,Emmanuel Mudiay,2,1,2016-2017,1.0,5,6.0,DEN,111,Danilo Gallinari,,,,,,,,,,,,,42:56,Jameer Nelson,36:51,Wilson Chandler,35:47,Nikola Jokić,27:17,Jusuf Nurkić,24:46,Kenneth Faried,24:11,Jamal Murray,18:37,Juancho Hernangómez,7:33,Alonzo Gee,1:17
0,.000,4,30.769,8,,91,0,7,100.0,5,.385,5.0,55.6,9.0,13,0,,0,0.000,Logos via Sports Logos.net / About logos,W,https://www.basketball-reference.com/boxscores/201611200DEN.html,Home,105,32:25,0,0.0,UTA,Dante Exum,Boris Diaw,7:49,Raul Neto,2:55,,,,,,,,,35:28,Gordon Hayward,32:53,Rodney Hood,31:00,Joe Johnson,27:14,Rudy Gobert,26:08,Trey Lyles,21:11,Joe Ingles,20:45,Jeff Withey,18:17,Shelvin Mack,16:20,91,0,10,10.0,100.0,0.0,0.0,0.0,0.0,Emmanuel Mudiay,14,0,2016-2017,0.0,0,7.0,DEN,105,Danilo Gallinari,Juancho Hernangómez,5:18,Malik Beasley,1:32,,,,,,,,,35:53,Jusuf Nurkić,25:38,Kenneth Faried,25:00,Wilson Chandler,24:05,Jamal Murray,22:30,Nikola Jokić,20:50,Jameer Nelson,20:31,Will Barton,19:02,Alonzo Gee,7:16
1,.333,3,42.857,3,1.50,107,0,1,100.0,1,.143,0.0,0.0,4.0,7,2,1.000,2,28.571,Logos via Sports Logos.net / About logos,W,https://www.basketball-reference.com/boxscores/201611220DEN.html,Home,110,26:32,0,0.0,CHI,Jimmy Butler,,,,,,,,,,,,,39:24,Robin Lopez,35:21,Taj Gibson,35:18,Dwyane Wade,34:39,Rajon Rondo,33:19,Nikola Mirotić,22:16,Isaiah Canaan,17:58,Denzel Valentine,14:13,Bobby Portis,7:32,107,1,5,0.0,0.0,3.0,60.0,2.0,40.0,Emmanuel Mudiay,3,0,2016-2017,0.0,2,1.0,DEN,110,Danilo Gallinari,,,,,,,,,,,,,36:34,Wilson Chandler,33:15,Jusuf Nurkić,29:25,Will Barton,26:27,Jamal Murray,21:43,Jameer Nelson,21:18,Nikola Jokić,18:29,Kenneth Faried,14:52,Juancho Hernangómez,11:26
0,.000,1,12.500,1,1.00,83,0,0,,1,.125,1.0,14.3,7.0,8,1,.500,2,25.000,Logos via Sports Logos.net / About logos,L,https://www.basketball-reference.com/boxscores/201611230UTA.html,Away,108,17:54,0,,UTA,Gordon Hayward,Shelvin Mack,12:15,Dante Exum,8:14,Raul Neto,2:22,Joel Bolomboy,1:57,,,,,35:44,Rudy Gobert,32:05,Rodney Hood,29:18,George Hill,28:58,Joe Johnson,23:22,Boris Diaw,22:35,Jeff Withey,15:55,Trey Lyles,14:39,Joe Ingles,12:36,108,0,3,2.0,66.7,0.0,0.0,1.0,33.3,Emmanuel Mudiay,25,0,2016-2017,0.0,1,0.0,DEN,83,Jamal Murray,Alonzo Gee,12:24,Malik Beasley,12:00,,,,,,,,,35:10,Juancho Hernangómez,27:56,Wilson Chandler,24:52,Nikola Jokić,22:39,Kenneth Faried,21:41,Jameer Nelson,17:42,Will Barton,17:05,Darrell Arthur,15:49,Jusuf Nurkić,14:48
3,.500,6,60.000,5,5.00,132,0,2,66.7,5,.500,2.0,50.0,4.0,10,4,.667,6,60.000,Logos via Sports Logos.net / About logos,L,https://www.basketball-reference.com/boxscores/201611250DEN.html,Home,129,30:07,1,33.3,OKC,Victor Oladipo,Semaj Christon,0:14,,,,,,,,,,,42:05,Russell Westbrook,41:14,Andre Roberson,34:54,Steven Adams,30:24,Jerami Grant,28:50,Domantas Sabonis,28:20,Anthony Morrow,21:41,Enes Freedom,19:16,Joffrey Lauvergne,18:02,132,0,17,4.0,23.5,9.0,52.9,4.0,23.5,Emmanuel Mudiay,3,1,2016-2017,1.0,1,3.0,DEN,129,Jameer Nelson,,,,,,,,,,,,,41:18,Wilson Chandler,37:08,Jamal Murray,34:26,Nikola Jokić,29:21,Alonzo Gee,26:41,Kenneth Faried,24:01,Jusuf Nurkić,21:54,Darrell Arthur,20:04,,
1,.333,3,23.077,6,3.00,120,0,3,75.0,5,.385,4.0,40.0,10.0,13,8,.800,10,76.923,Logos via Sports Logos.net / About logos,W,https://www.basketball-reference.com/boxscores/201611270PHO.html,Away,114,36:35,1,25.0,PHO,P.J. Tucker,Tyler Ulis,4:03,Alan Williams,1:59,,,,,,,,,41:37,Eric Bledsoe,40:10,Tyson Chandler,38:23,Devin Booker,35:43,Alex Len,29:09,Brandon Knight,17:17,Dragan Bender,13:35,Marquese Chriss,10:02,Leandro Barbosa,8:02,114,4,19,8.0,42.1,3.0,15.8,8.0,42.1,Emmanuel Mudiay,6,0,2016-2017,0.0,2,4.0,DEN,120,Wilson Chandler,,,,,,,,,,,,,39:08,Nikola Jokić,31:00,Kenneth Faried,27:52,Jameer Nelson,27:47,Jamal Murray,21:38,Darrell Arthur,20:43,Jusuf Nurkić,16:24,Alonzo Gee,12:27,Malik Beasley,6:26
0,.000,2,18.182,7,1.75,106,1,6,75.0,3,.273,3.0,33.3,9.0,11,1,.333,3,27.273,Logos via Sports Logos.net / About logos,L,https://www.basketball-reference.com/boxscores/201611300DEN.html,Home,98,35:41,2,25.0,MIA,Goran Dragić,,,,,,,,,,,,,34:18,James Johnson,32:59,Hassan Whiteside,32:06,Wayne Ellington,31:44,Tyler Johnson,28:25,Rodney McGruder,25:05,Luke Babbitt,23:01,Josh McRoberts,16:28,Willie Reed,15:54,106,0,7,6.0,85.7,0.0,0.0,1.0,14.3,Emmanuel Mudiay,8,0,2016-2017,1.0,4,8.0,DEN,98,Jameer Nelson,,,,,,,,,,,,,37:43,Danilo Gallinari,36:20,Wilson Chandler,28:47,Kenneth Faried,27:24,Nikola Jokić,24:00,Jamal Murray,23:18,Jusuf Nurkić,17:24,Juancho Hernangómez,7:45,Alonzo Gee,1:39
1,.167,6,50.000,5,5.00,128,0,2,66.7,3,.250,2.0,33.3,6.0,12,2,1.000,2,16.667,Logos via Sports Logos.net / About logos,L,https://www.basketball-reference.com/boxscores/201612020DEN.html,Home,110,29:05,1,33.3,HOU,James Harden,K.J. McDaniels,4:25,Kyle Wiltjer,4:03,Tyler Ennis,3:52,,,,,,,33:15,Trevor Ariza,31:26,Patrick Beverley,28:17,Sam Dekker,27:32,Clint Capela,26:01,Ryan Anderson,24:31,Eric Gordon,23:43,Montrezl Harrell,20:24,Corey Brewer,12:31,128,4,9,4.0,44.4,3.0,33.3,2.0,22.2,Emmanuel Mudiay,18,0,2016-2017,0.0,1,3.0,DEN,110,Danilo Gallinari,Juancho Hernangómez,7:47,Malik Beasley,4:25,Mike Miller,4:03,,,,,,,34:32,Will Barton,33:29,Wilson Chandler,29:17,Kenneth Faried,22:43,Jusuf Nurkić,20:22,Jameer Nelson,18:35,Jamal Murray,17:08,Alonzo Gee,9:27,Darrell Arthur,9:07
2,.500,4,36.364,0,,98,2,3,100.0,5,.455,3.0,42.9,7.0,11,0,,0,0.000,Logos via Sports Logos.net / About logos,L,https://www.basketball-reference.com/boxscores/201612030UTA.html,Away,105,21:31,0,0.0,UTA,Gordon Hayward,Jeff Withey,4:11,,,,,,,,,,,36:51,Rudy Gobert,36:48,Rodney Hood,28:02,Joe Ingles,26:37,Shelvin Mack,25:58,Boris Diaw,22:43,Dante Exum,22:02,Trey Lyles,20:14,Joe Johnson,16:34,105,1,12,6.0,50.0,6.0,50.0,0.0,0.0,Emmanuel Mudiay,7,1,2016-2017,3.0,0,3.0,DEN,98,Wilson Chandler,Alonzo Gee,4:29,,,,,,,,,,,40:32,Danilo Gallinari,35:03,Will Barton,33:43,Kenneth Faried,28:41,Jameer Nelson,26:28,Jamal Murray,17:58,Jusuf Nurkić,13:06,Darrell Arthur,12:20,Juancho Hernangómez,6:09
0,.000,1,16.667,0,0.00,106,0,1,100.0,1,.167,1.0,20.0,5.0,6,2,1.000,2,33.333,Logos via Sports Logos.net / About logos,W,https://www.basketball-reference.com/boxscores/201612050PHI.html,Away,98,21:12,0,0.0,PHI,Ersan İlyasova,Timothé Luwawu-Cabarrot,10:25,,,,,,,,,,,36:22,Nik Stauskas,34:57,Sergio Rodríguez,32:31,Gerald Henderson,26:23,Joel Embiid,25:32,Dario Šarić,24:39,Richaun Holmes,18:20,T.J. McConnell,15:29,Hollis Thompson,15:22,98,1,4,2.0,50.0,0.0,0.0,2.0,50.0,Emmanuel Mudiay,8,0,2016-2017,0.0,3,1.0,DEN,106,Danilo Gallinari,Alonzo Gee,0:44,,,,,,,,,,,37:47,Will Barton,35:48,Jameer Nelson,30:06,Wilson Chandler,26:01,Jusuf Nurkić,24:12,Jamal Murray,23:32,Darrell Arthur,22:47,Kenneth Faried,12:58,Juancho Hernangómez,4:53
0,.000,3,30.000,1,,111,0,1,50.0,2,.200,2.0,28.6,7.0,10,2,.500,4,40.000,Logos via Sports Logos.net / About logos,L,https://www.basketball-reference.com/boxscores/201612070BRK.html,Away,116,18:18,1,50.0,BRK,Trevor Booker,Caris LeVert,9:07,Anthony Bennett,6:50,,,,,,,,,36:38,Bojan Bogdanović,33:54,Brook Lopez,32:36,Sean Kilpatrick,31:50,Isaiah Whitehead,28:57,Joe Harris,24:01,Rondae Hollis-Jefferson,13:38,Justin Hamilton,12:20,Randy Foye,10:08,116,1,6,4.0,66.7,0.0,0.0,2.0,33.3,Emmanuel Mudiay,5,0,2016-2017,0.0,0,2.0,DEN,111,Will Barton,,,,,,,,,,,,,39:13,Wilson Chandler,35:22,Jamal Murray,33:33,Jameer Nelson,29:13,Danilo Gallinari,22:56,Nikola Jokić,21:12,Jusuf Nurkić,17:01,Kenneth Faried,11:46,Darrell Arthur,11:26
0,.000,1,16.667,2,2.00,121,0,3,100.0,2,.333,2.0,40.0,5.0,6,0,,0,0.000,Logos via Sports Logos.net / About logos,W,https://www.basketball-reference.com/boxscores/201612100ORL.html,Away,113,22:38,0,0.0,ORL,Evan Fournier,Mario Hezonja,6:31,Damjan Rudež,6:05,,,,,,,,,38:23,Serge Ibaka,35:30,Bismack Biyombo,34:14,Elfrid Payton,27:22,Jeff Green,25:28,D.J. Augustin,23:47,Aaron Gordon,22:28,Jodie Meeks,13:32,Stephen Zimmerman,6:40,113,2,4,4.0,100.0,0.0,0.0,0.0,0.0,Emmanuel Mudiay,8,0,2016-2017,0.0,1,3.0,DEN,121,Danilo Gallinari,,,,,,,,,,,,,32:55,Nikola Jokić,26:20,Jameer Nelson,26:04,Will Barton,24:26,Kenneth Faried,23:41,Darrell Arthur,22:54,Jamal Murray,22:01,Jusuf Nurkić,20:56,Juancho Hernangómez,18:06
3,.600,5,41.667,4,1.00,92,1,2,100.0,6,.500,3.0,42.9,7.0,12,2,.500,4,33.333,Logos via Sports Logos.net / About logos,L,https://www.basketball-reference.com/boxscores/201612120DAL.html,Away,112,30:38,0,0.0,DAL,Wesley Matthews,Nicolás Brussino,3:45,A.J. Hammons,3:29,Jonathan Gibson,3:29,,,,,,,32:26,Harrison Barnes,32:16,Dorian Finney-Smith,32:12,Deron Williams,31:58,Justin Anderson,23:40,Dwight Powell,22:22,Salah Mejri,22:09,Seth Curry,16:23,Devin Harris,15:51,112,1,17,6.0,35.3,9.0,52.9,2.0,11.8,Emmanuel Mudiay,20,0,2016-2017,1.0,4,2.0,DEN,92,Will Barton,Darrell Arthur,4:30,Alonzo Gee,3:51,,,,,,,,,32:48,Jamal Murray,28:24,Danilo Gallinari,28:02,Nikola Jokić,26:28,Wilson Chandler,23:00,Juancho Hernangómez,18:59,Jusuf Nurkić,18:22,Jameer Nelson,17:22,Kenneth Faried,7:36
2,.667,3,50.000,4,1.00,120,0,0,,3,.500,1.0,33.3,3.0,6,2,1.000,2,33.333,Logos via Sports Logos.net / About logos,W,https://www.basketball-reference.com/boxscores/201612150DEN.html,Home,132,21:46,0,,POR,Damian Lillard,Jake Layman,3:41,Pat Connaughton,1:12,Shabazz Napier,1:12,Tim Quarterman,1:12,,,,,37:53,Maurice Harkless,36:11,CJ McCollum,34:48,Mason Plumlee,27:41,Allen Crabbe,27:41,Evan Turner,25:18,Noah Vonleh,18:21,Ed Davis,15:07,Meyers Leonard,9:44,120,2,10,2.0,20.0,6.0,60.0,2.0,20.0,Emmanuel Mudiay,12,1,2016-2017,1.0,4,0.0,DEN,132,Danilo Gallinari,,,,,,,,,,,,,36:11,Wilson Chandler,35:14,Gary Harris,31:39,Jameer Nelson,26:14,Kenneth Faried,25:36,Will Barton,23:01,Nikola Jokić,19:23,Jamal Murray,16:26,Jusuf Nurkić,4:30
2,.667,3,20.000,5,5.00,114,0,7,100.0,10,.667,8.0,66.7,12.0,15,0,,0,0.000,Logos via Sports Logos.net / About logos,W,https://www.basketball-reference.com/boxscores/201612170DEN.html,Home,127,31:40,0,0.0,NYK,Kristaps Porziņģis,Kyle O'Quinn,6:37,Maurice Ndour,1:54,Mindaugas Kuzminskas,1:54,Sasha Vujačić,1:54,,,,,37:34,Brandon Jennings,36:24,Courtney Lee,35:46,Carmelo Anthony,35:30,Willy Hernangómez,28:13,Justin Holiday,20:18,Ron Baker,11:36,Joakim Noah,11:26,Lance Thomas,10:54,114,2,22,16.0,72.7,6.0,27.3,0.0,0.0,Emmanuel Mudiay,13,1,2016-2017,1.0,1,7.0,DEN,127,Will Barton,Darrell Arthur,4:12,Juancho Hernangómez,1:54,,,,,,,,,31:52,Gary Harris,30:02,Kenneth Faried,28:53,Danilo Gallinari,27:48,Wilson Chandler,27:16,Nikola Jokić,20:13,Jameer Nelson,15:40,Jamal Murray,12:48,Jusuf Nurkić,7:42
4,.667,6,46.154,7,7.00,107,0,4,100.0,7,.538,3.0,42.9,7.0,13,0,,0,0.000,Logos via Sports Logos.net / About logos,W,https://www.basketball-reference.com/boxscores/201612190DEN.html,Home,117,33:26,0,0.0,DAL,Wesley Matthews,Jonathan Gibson,5:32,A.J. Hammons,5:20,Devin Harris,4:33,Nicolás Brussino,1:05,,,,,36:26,Harrison Barnes,34:01,Deron Williams,30:32,Dwight Powell,29:28,Dorian Finney-Smith,26:27,Seth Curry,26:02,Justin Anderson,14:28,Salah Mejri,13:12,J.J. Barea,12:54,107,2,18,6.0,33.3,12.0,66.7,0.0,0.0,Emmanuel Mudiay,10,0,2016-2017,0.0,1,4.0,DEN,117,Nikola Jokić,,,,,,,,,,,,,38:02,Wilson Chandler,37:40,Danilo Gallinari,34:23,Gary Harris,34:08,Will Barton,23:57,Jameer Nelson,14:41,Jamal Murray,13:45,Kenneth Faried,9:58,,
0,.000,5,55.556,1,0.50,102,0,3,60.0,0,.000,0.0,0.0,4.0,9,0,,0,0.000,Logos via Sports Logos.net / About logos,L,https://www.basketball-reference.com/boxscores/201612200LAC.html,Away,119,26:03,2,40.0,LAC,Luc Mbah a Moute,Wesley Johnson,13:38,Brandon Bass,11:02,Alan Anderson,6:57,Diamond Stone,1:39,,,,,30:36,DeAndre Jordan,29:25,Chris Paul,26:28,JJ Redick,25:57,Austin Rivers,21:32,Raymond Felton,19:04,Jamal Crawford,18:39,Paul Pierce,18:07,Marreese Speights,16:56,119,2,0,0.0,,0.0,,0.0,,Emmanuel Mudiay,17,1,2016-2017,1.0,2,5.0,DEN,102,Will Barton,,,,,,,,,,,,,32:27,Danilo Gallinari,31:45,Wilson Chandler,28:09,Kenneth Faried,27:17,Jamal Murray,26:55,Jameer Nelson,21:57,Nikola Jokić,20:43,Gary Harris,18:31,Juancho Hernangómez,6:13
1,.333,3,37.500,5,2.50,109,0,3,100.0,3,.375,2.0,40.0,5.0,8,10,1.000,10,125.000,Logos via Sports Logos.net / About logos,L,https://www.basketball-reference.com/boxscores/201612230DEN.html,Home,108,27:30,0,0.0,ATL,Paul Millsap,Taurean Prince,1:14,,,,,,,,,,,37:44,Dennis Schröder,36:13,Kent Bazemore,31:03,Malcolm Delaney,29:44,Thabo Sefolosha,29:15,Kris Humphries,22:22,Mike Muscala,21:27,DeAndre' Bembry,19:15,Mike Scott,11:43,109,1,17,4.0,23.5,3.0,17.6,10.0,58.8,Emmanuel Mudiay,1,0,2016-2017,0.0,2,3.0,DEN,108,Will Barton,Juancho Hernangómez,0:10,,,,,,,,,,,34:05,Danilo Gallinari,32:42,Gary Harris,29:56,Wilson Chandler,27:26,Kenneth Faried,20:34,Jameer Nelson,20:30,Nikola Jokić,19:07,Jamal Murray,17:11,Darrell Arthur,10:49
2,.400,5,71.429,0,0.00,106,0,2,100.0,3,.429,1.0,50.0,2.0,7,1,.500,2,28.571,Logos via Sports Logos.net / About logos,W,https://www.basketball-reference.com/boxscores/201612260LAC.html,Away,102,18:05,0,0.0,LAC,Austin Rivers,,,,,,,,,,,,,42:16,Jamal Crawford,35:52,DeAndre Jordan,33:49,Luc Mbah a Moute,32:24,Raymond Felton,30:56,Brandon Bass,20:21,Wesley Johnson,19:38,Marreese Speights,14:53,Alan Anderson,9:51,102,3,9,2.0,22.2,6.0,66.7,1.0,11.1,Emmanuel Mudiay,4,2,2016-2017,2.0,4,2.0,DEN,106,Danilo Gallinari,,,,,,,,,,,,,37:03,Nikola Jokić,32:25,Will Barton,32:03,Gary Harris,30:54,Jameer Nelson,29:55,Wilson Chandler,29:16,Kenneth Faried,18:31,Jamal Murray,11:48,,
1,.500,2,20.000,5,2.50,103,0,1,50.0,5,.500,4.0,50.0,8.0,10,0,,0,0.000,Logos via Sports Logos.net / About logos,W,https://www.basketball-reference.com/boxscores/201612280DEN.html,Home,105,27:03,1,50.0,MIN,Zach LaVine,,,,,,,,,,,,,40:17,Gorgui Dieng,39:27,Andrew Wiggins,36:18,Karl-Anthony Towns,34:42,Ricky Rubio,33:58,Shabazz Muhammad,19:25,Nemanja Bjelica,17:56,Kris Dunn,14:02,Cole Aldrich,3:55,103,2,11,8.0,72.7,3.0,27.3,0.0,0.0,Emmanuel Mudiay,2,1,2016-2017,1.0,2,2.0,DEN,105,Wilson Chandler,,,,,,,,,,,,,37:03,Danilo Gallinari,35:29,Nikola Jokić,34:26,Gary Harris,28:52,Jameer Nelson,20:57,Will Barton,19:14,Kenneth Faried,15:46,Jamal Murray,12:30,Jusuf Nurkić,8:40
3,.600,5,45.455,5,,124,0,3,75.0,7,.636,4.0,66.7,6.0,11,5,.625,8,72.727,Logos via Sports Logos.net / About logos,L,https://www.basketball-reference.com/boxscores/201612300DEN.html,Home,122,29:14,1,25.0,PHI,Ersan İlyasova,,,,,,,,,,,,,37:08,T.J. McConnell,35:54,Nik Stauskas,29:21,Joel Embiid,28:30,Dario Šarić,27:55,Robert Covington,27:53,Hollis Thompson,22:43,Nerlens Noel,19:27,Timothé Luwawu-Cabarrot,11:10,124,4,22,8.0,36.4,9.0,40.9,5.0,22.7,Emmanuel Mudiay,2,1,2016-2017,1.0,0,4.0,DEN,122,Wilson Chandler,,,,,,,,,,,,,35:49,Gary Harris,33:55,Danilo Gallinari,29:23,Will Barton,28:06,Nikola Jokić,22:16,Jameer Nelson,18:43,Jusuf Nurkić,18:33,Jamal Murray,12:02,Kenneth Faried,11:59
0,.000,3,27.273,4,4.00,119,0,2,100.0,4,.364,4.0,50.0,8.0,11,0,,0,0.000,Logos via Sports Logos.net / About logos,L,https://www.basketball-reference.com/boxscores/201701020GSW.html,Away,127,30:40,0,0.0,GSW,Klay Thompson,JaVale McGee,8:59,,,,,,,,,,,37:00,Draymond Green,36:05,Stephen Curry,35:03,Kevin Durant,34:27,Andre Iguodala,22:12,Zaza Pachulia,19:26,Shaun Livingston,18:18,Ian Clark,15:48,David West,12:42,127,2,8,8.0,100.0,0.0,0.0,0.0,0.0,Emmanuel Mudiay,8,1,2016-2017,1.0,1,2.0,DEN,119,Wilson Chandler,,,,,,,,,,,,,37:15,Danilo Gallinari,32:04,Gary Harris,31:09,Will Barton,26:46,Nikola Jokić,24:48,Jusuf Nurkić,21:07,Jamal Murray,18:51,Jameer Nelson,17:20,,
1,.200,5,62.500,6,6.00,120,0,1,50.0,2,.250,1.0,33.3,3.0,8,0,,0,0.000,Logos via Sports Logos.net / About logos,L,https://www.basketball-reference.com/boxscores/201701030DEN.html,Home,113,27:33,1,50.0,SAC,Darren Collison,Willie Cauley-Stein,1:09,,,,,,,,,,,35:40,DeMarcus Cousins,34:15,Arron Afflalo,30:09,Kosta Koufos,28:48,Matt Barnes,27:38,Anthony Tolliver,25:25,Garrett Temple,25:14,Omri Casspi,16:47,Ben McLemore,14:55,120,1,5,2.0,40.0,3.0,60.0,0.0,0.0,Emmanuel Mudiay,7,0,2016-2017,0.0,1,2.0,DEN,113,Danilo Gallinari,Malik Beasley,1:11,Juancho Hernangómez,1:11,,,,,,,,,32:45,Gary Harris,31:59,Wilson Chandler,30:28,Nikola Jokić,28:23,Jameer Nelson,19:16,Jusuf Nurkić,18:26,Darrell Arthur,18:21,Will Barton,16:01,Jamal Murray,14:26
0,.000,3,30.000,5,2.50,127,1,1,100.0,4,.400,4.0,57.1,7.0,10,0,,0,0.000,Logos via Sports Logos.net / About logos,L,https://www.basketball-reference.com/boxscores/201701050DEN.html,Home,99,28:04,0,0.0,SAS,Kawhi Leonard,Kyle Anderson,8:18,Dejounte Murray,6:25,David Lee,6:03,Dāvis Bertāns,4:34,,,,,36:12,Pau Gasol,34:54,LaMarcus Aldridge,32:49,Danny Green,25:10,Tony Parker,23:33,Manu Ginóbili,18:18,Patty Mills,18:02,Jonathon Simmons,13:02,Dewayne Dedmon,12:40,127,0,8,8.0,100.0,0.0,0.0,0.0,0.0,Emmanuel Mudiay,28,0,2016-2017,1.0,2,1.0,DEN,99,Danilo Gallinari,Alonzo Gee,4:28,Mike Miller,4:08,,,,,,,,,27:46,Nikola Jokić,27:20,Gary Harris,26:29,Wilson Chandler,24:27,Jamal Murray,22:37,Jusuf Nurkić,20:40,Jameer Nelson,19:56,Darrell Arthur,19:25,Will Barton,14:40
0,.000,4,44.444,4,2.00,106,0,0,0.0,0,.000,0.0,0.0,5.0,9,0,,0,0.000,Logos via Sports Logos.net / About logos,L,https://www.basketball-reference.com/boxscores/201701070OKC.html,Away,121,25:58,1,100.0,OKC,Andre Roberson,Joffrey Lauvergne,4:57,,,,,,,,,,,38:53,Russell Westbrook,35:00,Victor Oladipo,32:39,Steven Adams,30:55,Jerami Grant,24:26,Enes Freedom,21:15,Álex Abrines,19:31,Domantas Sabonis,19:24,Cameron Payne,13:00,121,2,0,0.0,,0.0,,0.0,,Emmanuel Mudiay,15,1,2016-2017,1.0,2,1.0,DEN,106,Danilo Gallinari,,,,,,,,,,,,,35:17,Wilson Chandler,31:53,Will Barton,28:19,Jusuf Nurkić,25:54,Darrell Arthur,24:07,Jameer Nelson,22:02,Kenneth Faried,18:49,Jamal Murray,14:01,Juancho Hernangómez,13:40
2,.400,5,71.429,7,3.50,112,1,2,100.0,3,.429,1.0,50.0,2.0,7,1,.500,2,28.571,Logos via Sports Logos.net / About logos,W,https://www.basketball-reference.com/boxscores/201701120DEN.html,Home,140,21:35,0,0.0,IND,Paul George,Al Jefferson,8:21,Lavoy Allen,3:18,Joe Young,2:49,Georges Niang,2:49,,,,,31:18,Thaddeus Young,27:57,Glenn Robinson III,27:16,Monta Ellis,26:50,Jeff Teague,24:47,Aaron Brooks,23:13,Myles Turner,20:51,Kevin Séraphin,20:26,C.J. Miles,20:05,112,3,9,2.0,22.2,6.0,66.7,1.0,11.1,Emmanuel Mudiay,28,2,2016-2017,3.0,2,2.0,DEN,140,Gary Harris,Malik Beasley,3:18,Juancho Hernangómez,3:18,Mike Miller,2:49,,,,,,,33:56,Wilson Chandler,31:40,Danilo Gallinari,30:14,Nikola Jokić,30:12,Will Barton,24:10,Jameer Nelson,23:36,Kenneth Faried,16:22,Jamal Murray,11:03,Jusuf Nurkić,7:47
2,.500,4,33.333,13,3.25,112,1,2,100.0,6,.500,4.0,50.0,8.0,12,4,1.000,4,33.333,Logos via Sports Logos.net / About logos,W,https://www.basketball-reference.com/boxscores/201701160DEN.html,Home,125,36:57,0,0.0,ORL,Jodie Meeks,C.J. Watson,13:50,Damjan Rudež,0:26,,,,,,,,,34:10,Serge Ibaka,30:22,Elfrid Payton,28:47,Nikola Vučević,27:49,Aaron Gordon,27:47,Mario Hezonja,20:39,Bismack Biyombo,19:45,D.J. Augustin,19:13,Jeff Green,17:12,112,4,18,8.0,44.4,6.0,33.3,4.0,22.2,Emmanuel Mudiay,13,2,2016-2017,3.0,4,2.0,DEN,125,Danilo Gallinari,Gary Harris,2:54,,,,,,,,,,,40:20,Nikola Jokić,35:51,Kenneth Faried,33:05,Jameer Nelson,32:22,Will Barton,23:47,Wilson Chandler,20:38,Jusuf Nurkić,6:26,Jamal Murray,4:35,Juancho Hernangómez,3:05
2,.667,3,42.857,6,2.00,127,0,2,100.0,5,.714,3.0,75.0,4.0,7,2,.667,3,42.857,Logos via Sports Logos.net / About logos,W,https://www.basketball-reference.com/boxscores/201701170LAL.html,Away,121,27:44,0,0.0,LAL,Brandon Ingram,José Calderón,7:09,Thomas Robinson,0:08,,,,,,,,,36:50,Jordan Clarkson,35:51,Lou Williams,31:02,Nick Young,30:42,Ivica Zubac,26:01,Julius Randle,25:12,Tarik Black,19:47,D'Angelo Russell,17:01,Timofey Mozgov,10:17,121,0,14,6.0,42.9,6.0,42.9,2.0,14.3,Emmanuel Mudiay,6,2,2016-2017,2.0,3,2.0,DEN,127,Danilo Gallinari,,,,,,,,,,,,,39:03,Will Barton,35:08,Nikola Jokić,33:43,Kenneth Faried,30:04,Wilson Chandler,26:20,Jameer Nelson,20:08,Jamal Murray,12:52,Jusuf Nurkić,7:36,Juancho Hernangómez,7:22
2,.500,4,40.000,2,0.67,104,0,1,100.0,4,.400,2.0,33.3,6.0,10,2,1.000,2,20.000,Logos via Sports Logos.net / About logos,L,https://www.basketball-reference.com/boxscores/201701190SAS.html,Away,118,25:48,0,0.0,SAS,Kawhi Leonard,Jonathon Simmons,13:54,Kyle Anderson,0:38,,,,,,,,,36:03,Dejounte Murray,34:28,David Lee,32:30,LaMarcus Aldridge,29:15,Danny Green,22:26,Manu Ginóbili,20:23,Dewayne Dedmon,19:04,Patty Mills,16:09,Dāvis Bertāns,15:13,118,2,12,4.0,33.3,6.0,50.0,2.0,16.7,Emmanuel Mudiay,14,2,2016-2017,2.0,3,1.0,DEN,104,Juancho Hernangómez,,,,,,,,,,,,,38:25,Nikola Jokić,37:35,Will Barton,35:35,Jameer Nelson,26:59,Jamal Murray,25:54,Kenneth Faried,24:50,Jusuf Nurkić,13:32,Mike Miller,11:23,,
0,.000,3,37.500,3,3.00,98,0,1,50.0,0,.000,0.0,0.0,5.0,8,3,.750,4,50.000,Logos via Sports Logos.net / About logos,W,https://www.basketball-reference.com/boxscores/201701210DEN.html,Home,123,16:37,1,50.0,LAC,Raymond Felton,Alan Anderson,10:32,,,,,,,,,,,29:40,Marreese Speights,27:56,DeAndre Jordan,27:12,Austin Rivers,25:54,JJ Redick,25:38,Jamal Crawford,25:28,Luc Mbah a Moute,24:49,Wesley Johnson,24:42,Brandon Bass,18:09,98,1,3,0.0,0.0,0.0,0.0,3.0,100.0,Emmanuel Mudiay,25,0,2016-2017,0.0,1,2.0,DEN,123,Danilo Gallinari,Juancho Hernangómez,5:00,Mike Miller,5:00,Malik Beasley,2:37,,,,,,,31:41,Jameer Nelson,29:15,Will Barton,28:39,Kenneth Faried,24:15,Wilson Chandler,22:30,Nikola Jokić,21:19,Jusuf Nurkić,20:26,Jamal Murray,19:21,Darrell Arthur,13:20
0,.000,1,10.000,7,3.50,119,0,4,66.7,4,.400,4.0,44.4,9.0,10,6,.600,10,100.000,Logos via Sports Logos.net / About logos,L,https://www.basketball-reference.com/boxscores/201702010DEN.html,Home,99,25:39,2,33.3,MEM,Tony Allen,Troy Daniels,6:20,Toney Douglas,5:13,Brandan Wright,5:13,Deyonta Davis,5:13,,,,,30:08,Mike Conley,26:41,JaMychal Green,26:27,Vince Carter,26:18,Marc Gasol,24:13,Chandler Parsons,21:43,Zach Randolph,21:26,Andrew Harrison,21:19,James Ennis III,19:46,119,2,14,8.0,57.1,0.0,0.0,6.0,42.9,Emmanuel Mudiay,20,0,2016-2017,0.0,2,6.0,DEN,99,Jamal Murray,Johnny O'Bryant,7:17,Malik Beasley,6:20,Jameer Nelson,3:49,,,,,,,32:25,Danilo Gallinari,29:35,Kenneth Faried,27:32,Wilson Chandler,25:01,Gary Harris,24:44,Jusuf Nurkić,18:50,Darrell Arthur,15:30,Juancho Hernangómez,15:03,Mike Miller,8:15
0,.000,1,20.000,3,,117,0,2,66.7,1,.200,1.0,25.0,4.0,5,0,,0,0.000,Logos via Sports Logos.net / About logos,W,https://www.basketball-reference.com/boxscores/201702030DEN.html,Home,121,18:09,1,33.3,MIL,Giannis Antetokounmpo,Mirza Teletović,9:27,Thon Maker,4:22,,,,,,,,,34:58,Jabari Parker,34:54,Matthew Dellavedova,31:02,John Henson,30:31,Jason Terry,25:42,Malcolm Brogdon,23:52,Tony Snell,18:33,Michael Beasley,13:49,Greg Monroe,12:50,117,0,2,2.0,100.0,0.0,0.0,0.0,0.0,Emmanuel Mudiay,4,0,2016-2017,0.0,0,3.0,DEN,121,Wilson Chandler,,,,,,,,,,,,,41:10,Nikola Jokić,32:19,Jameer Nelson,29:51,Gary Harris,27:10,Will Barton,25:22,Kenneth Faried,25:16,Jamal Murray,20:50,Darrell Arthur,17:00,Juancho Hernangómez,2:53
0,.000,3,30.000,4,4.00,97,0,3,75.0,2,.200,2.0,28.6,7.0,10,2,1.000,2,20.000,Logos via Sports Logos.net / About logos,L,https://www.basketball-reference.com/boxscores/201702040SAS.html,Away,121,20:27,1,25.0,SAS,Kawhi Leonard,Dewayne Dedmon,13:59,Kyle Anderson,12:25,Manu Ginóbili,10:07,Dejounte Murray,8:55,,,,,31:48,LaMarcus Aldridge,27:33,Tony Parker,22:59,Jonathon Simmons,21:40,David Lee,20:33,Danny Green,20:00,Dāvis Bertāns,19:21,Patty Mills,16:06,Joel Anthony,14:34,121,2,6,4.0,66.7,0.0,0.0,2.0,33.3,Emmanuel Mudiay,24,1,2016-2017,1.0,1,4.0,DEN,97,Wilson Chandler,Malik Beasley,8:55,Johnny O'Bryant,8:55,Mike Miller,5:45,,,,,,,25:47,Gary Harris,24:56,Will Barton,24:42,Jusuf Nurkić,23:41,Jamal Murray,23:04,Juancho Hernangómez,22:13,Jameer Nelson,21:48,Nikola Jokić,15:24,Kenneth Faried,14:23
0,,0,0.000,1,1.00,109,1,0,,0,.000,0.0,0.0,1.0,1,2,1.000,2,200.000,Logos via Sports Logos.net / About logos,W,https://www.basketball-reference.com/boxscores/201702240DEN.html,Home,129,4:53,0,,BRK,Brook Lopez,Sean Kilpatrick,18:11,Jeremy Lin,14:49,,,,,,,,,26:30,Caris LeVert,26:23,Rondae Hollis-Jefferson,26:02,Joe Harris,23:43,Spencer Dinwiddie,23:05,Trevor Booker,22:03,Justin Hamilton,21:26,Isaiah Whitehead,19:06,Randy Foye,18:43,109,0,2,0.0,0.0,0.0,0.0,2.0,100.0,Emmanuel Mudiay,20,1,2016-2017,2.0,1,0.0,DEN,129,Will Barton,Darrell Arthur,12:43,Juancho Hernangómez,7:42,Mike Miller,2:31,,,,,,,29:47,Wilson Chandler,28:55,Gary Harris,27:29,Jamal Murray,25:56,Danilo Gallinari,24:57,Mason Plumlee,22:35,Jameer Nelson,22:04,Kenneth Faried,15:41,Nikola Jokić,14:47
1,.333,3,33.333,1,1.00,110,0,4,100.0,4,.444,3.0,50.0,6.0,9,0,,0,0.000,Logos via Sports Logos.net / About logos,W,https://www.basketball-reference.com/boxscores/201703010MIL.html,Away,98,17:44,0,0.0,MIL,Giannis Antetokounmpo,Thon Maker,6:54,Rashad Vaughn,5:02,Axel Toupane,4:30,,,,,,,34:02,Malcolm Brogdon,33:54,Tony Snell,31:25,Khris Middleton,30:32,Matthew Dellavedova,22:41,Greg Monroe,22:41,Jason Terry,21:49,John Henson,18:25,Mirza Teletović,8:05,98,0,9,6.0,66.7,3.0,33.3,0.0,0.0,Emmanuel Mudiay,12,0,2016-2017,0.0,1,4.0,DEN,110,Wilson Chandler,,,,,,,,,,,,,35:54,Gary Harris,33:45,Danilo Gallinari,33:36,Jamal Murray,30:16,Nikola Jokić,29:41,Will Barton,20:08,Mason Plumlee,18:19,Juancho Hernangómez,14:24,Darrell Arthur,6:13
0,,0,0.000,1,1.00,123,0,1,100.0,2,.400,2.0,40.0,5.0,5,0,,0,0.000,Logos via Sports Logos.net / About logos,L,https://www.basketball-reference.com/boxscores/201703080DEN.html,Home,113,7:44,0,0.0,WAS,John Wall,Tomáš Satoranský,4:39,,,,,,,,,,,35:09,Otto Porter Jr.,33:38,Bradley Beal,33:36,Marcin Gortat,32:36,Markieff Morris,26:27,Bojan Bogdanović,21:33,Kelly Oubre Jr.,19:31,Brandon Jennings,17:35,Ian Mahinmi,15:16,123,1,4,4.0,100.0,0.0,0.0,0.0,0.0,Emmanuel Mudiay,10,0,2016-2017,0.0,1,1.0,DEN,113,Gary Harris,,,,,,,,,,,,,36:37,Wilson Chandler,34:24,Mason Plumlee,31:00,Juancho Hernangómez,28:57,Darrell Arthur,27:42,Will Barton,25:36,Jamal Murray,24:04,Jameer Nelson,23:56,,
0,,0,,1,,101,0,0,,0,,0.0,,0.0,0,0,,0,,Logos via Sports Logos.net / About logos,W,https://www.basketball-reference.com/boxscores/201703130DEN.html,Home,129,2:38,0,,LAL,Jordan Clarkson,Tarik Black,13:57,Metta World Peace,5:03,,,,,,,,,33:00,Ivica Zubac,30:23,D'Angelo Russell,27:59,Brandon Ingram,26:48,Julius Randle,23:53,Larry Nance Jr.,23:10,Tyler Ennis,20:03,David Nwaba,18:34,Corey Brewer,17:10,101,0,0,0.0,,0.0,,0.0,,Emmanuel Mudiay,28,0,2016-2017,0.0,0,0.0,DEN,129,Mason Plumlee,Roy Hibbert,2:38,,,,,,,,,,,36:19,Gary Harris,35:12,Will Barton,30:24,Jamal Murray,29:37,Danilo Gallinari,28:41,Jameer Nelson,28:33,Nikola Jokić,24:01,Juancho Hernangómez,19:19,Malik Beasley,2:38
2,.667,3,75.000,0,0.00,124,0,1,100.0,2,.500,0.0,0.0,1.0,4,2,1.000,2,50.000,Logos via Sports Logos.net / About logos,L,https://www.basketball-reference.com/boxscores/201703200HOU.html,Away,125,9:58,0,0.0,HOU,Trevor Ariza,,,,,,,,,,,,,41:13,James Harden,39:30,Patrick Beverley,32:27,Eric Gordon,32:17,Clint Capela,27:02,Ryan Anderson,24:36,Nenê,20:58,Lou Williams,16:52,Sam Dekker,5:05,125,2,8,0.0,0.0,6.0,75.0,2.0,25.0,Emmanuel Mudiay,1,0,2016-2017,0.0,1,1.0,DEN,124,Nikola Jokić,,,,,,,,,,,,,39:37,Gary Harris,39:19,Juancho Hernangómez,33:21,Jameer Nelson,31:05,Will Barton,30:21,Mason Plumlee,23:31,Jamal Murray,22:48,Kenneth Faried,10:00,,
0,.000,1,33.333,2,2.00,115,0,1,100.0,1,.333,1.0,50.0,2.0,3,0,,0,0.000,Logos via Sports Logos.net / About logos,L,https://www.basketball-reference.com/boxscores/201703260DEN.html,Home,90,7:29,0,0.0,NOP,Tim Frazier,Quinn Cook,6:03,Cheick Diallo,3:57,,,,,,,,,36:09,Dante Cunningham,28:53,Anthony Davis,28:27,Jrue Holiday,27:01,E'Twaun Moore,26:47,Jordan Crawford,24:00,Solomon Hill,21:18,Donatas Motiejūnas,18:55,Alexis Ajinça,18:30,115,0,2,2.0,100.0,0.0,0.0,0.0,0.0,Emmanuel Mudiay,25,0,2016-2017,0.0,1,1.0,DEN,90,Wilson Chandler,Juancho Hernangómez,16:48,Darrell Arthur,10:45,Mike Miller,6:03,,,,,,,24:52,Jameer Nelson,24:00,Jamal Murray,24:00,Danilo Gallinari,23:55,Gary Harris,23:28,Will Barton,21:26,Kenneth Faried,19:35,Mason Plumlee,19:12,Nikola Jokić,18:27
0,,0,0.000,9,4.50,116,1,4,100.0,4,.444,4.0,44.4,9.0,9,9,.900,10,111.111,Logos via Sports Logos.net / About logos,W,https://www.basketball-reference.com/boxscores/201704020MIA.html,Away,113,31:30,0,0.0,MIA,Josh Richardson,Okaro White,9:01,,,,,,,,,,,37:33,Goran Dragić,33:47,Hassan Whiteside,33:13,Tyler Johnson,30:01,James Johnson,28:40,Rodney McGruder,26:55,Willie Reed,14:47,Wayne Ellington,13:27,Luke Babbitt,12:36,113,2,17,8.0,47.1,0.0,0.0,9.0,52.9,Emmanuel Mudiay,3,0,2016-2017,1.0,2,4.0,DEN,116,Danilo Gallinari,,,,,,,,,,,,,37:06,Gary Harris,36:46,Nikola Jokić,35:11,Wilson Chandler,31:02,Jamal Murray,27:55,Kenneth Faried,23:01,Mason Plumlee,12:39,Juancho Hernangómez,4:50,,
2,.500,4,26.667,7,7.00,134,0,0,,5,.333,3.0,27.3,11.0,15,3,.600,5,33.333,Logos via Sports Logos.net / About logos,W,https://www.basketball-reference.com/boxscores/201704040NOP.html,Away,131,28:40,0,,NOP,Solomon Hill,,,,,,,,,,,,,41:28,Anthony Davis,40:46,Jrue Holiday,39:27,DeMarcus Cousins,35:59,E'Twaun Moore,27:37,Dante Cunningham,18:42,Jordan Crawford,16:34,Tim Frazier,15:45,Alexis Ajinça,3:42,131,2,15,6.0,40.0,6.0,40.0,3.0,20.0,Emmanuel Mudiay,3,0,2016-2017,0.0,1,0.0,DEN,134,Danilo Gallinari,,,,,,,,,,,,,41:32,Gary Harris,40:46,Nikola Jokić,33:30,Jamal Murray,33:19,Mason Plumlee,26:48,Wilson Chandler,25:26,Kenneth Faried,9:59,,,,
0,.000,3,60.000,3,1.50,104,0,4,66.7,1,.200,1.0,50.0,2.0,5,4,1.000,4,80.000,Logos via Sports Logos.net / About logos,L,https://www.basketball-reference.com/boxscores/201704050HOU.html,Away,110,15:40,2,33.3,HOU,James Harden,,,,,,,,,,,,,38:36,Trevor Ariza,37:49,Eric Gordon,37:47,Patrick Beverley,32:40,Lou Williams,30:00,Nenê,24:21,Clint Capela,23:39,Troy Williams,15:08,,,110,2,6,2.0,33.3,0.0,0.0,4.0,66.7,Emmanuel Mudiay,6,1,2016-2017,1.0,2,6.0,DEN,104,Danilo Gallinari,,,,,,,,,,,,,38:08,Wilson Chandler,34:10,Nikola Jokić,33:52,Jameer Nelson,32:20,Gary Harris,30:05,Jamal Murray,25:35,Mason Plumlee,14:08,Kenneth Faried,13:18,Juancho Hernangómez,2:44
2,.667,3,60.000,4,4.00,106,0,1,50.0,3,.600,1.0,50.0,2.0,5,1,.500,2,40.000,Logos via Sports Logos.net / About logos,W,https://www.basketball-reference.com/boxscores/201704070DEN.html,Home,122,18:04,1,50.0,NOP,Solomon Hill,Cheick Diallo,12:00,,,,,,,,,,,41:06,Jordan Crawford,30:02,Alexis Ajinça,27:41,Jrue Holiday,24:25,Anthony Davis,23:56,Quinn Cook,23:35,Dante Cunningham,22:29,E'Twaun Moore,18:25,Donatas Motiejūnas,16:21,106,2,9,2.0,22.2,6.0,66.7,1.0,11.1,Emmanuel Mudiay,16,1,2016-2017,1.0,1,2.0,DEN,122,Jamal Murray,Roy Hibbert,2:45,Mike Miller,2:45,,,,,,,,,37:47,Gary Harris,37:24,Danilo Gallinari,32:44,Wilson Chandler,29:09,Nikola Jokić,29:04,Mason Plumlee,26:38,Kenneth Faried,16:46,Juancho Hernangómez,4:09,Malik Beasley,2:45
0,.000,1,10.000,3,1.00,106,0,4,80.0,7,.700,7.0,77.8,9.0,10,0,,0,0.000,Logos via Sports Logos.net / About logos,L,https://www.basketball-reference.com/boxscores/201704090DEN.html,Home,105,24:09,1,20.0,OKC,Russell Westbrook,Domantas Sabonis,12:30,,,,,,,,,,,36:57,Kyle Singler,34:10,Victor Oladipo,32:40,Steven Adams,26:36,Semaj Christon,22:39,Jerami Grant,22:10,Taj Gibson,17:45,Andre Roberson,17:42,Enes Freedom,16:51,106,1,14,14.0,100.0,0.0,0.0,0.0,0.0,Emmanuel Mudiay,1,1,2016-2017,1.0,3,5.0,DEN,105,Wilson Chandler,,,,,,,,,,,,,41:51,Danilo Gallinari,37:52,Jamal Murray,35:59,Gary Harris,35:52,Nikola Jokić,31:28,Mason Plumlee,18:25,Juancho Hernangómez,13:18,Roy Hibbert,1:06,,
2,1.000,2,25.000,2,,96,0,1,100.0,3,.375,1.0,16.7,6.0,8,0,,0,0.000,Logos via Sports Logos.net / About logos,L,https://www.basketball-reference.com/boxscores/201710180UTA.html,Away,106,18:34,0,0.0,UTA,Rudy Gobert,Ekpe Udoh,12:59,,,,,,,,,,,35:01,Joe Ingles,32:38,Ricky Rubio,31:46,Derrick Favors,28:27,Donovan Mitchell,26:04,Thabo Sefolosha,20:30,Joe Johnson,19:33,Rodney Hood,17:40,Alec Burks,15:22,106,1,8,2.0,25.0,6.0,75.0,0.0,0.0,Emmanuel Mudiay,10,0,2017-2018,0.0,0,1.0,DEN,96,Gary Harris,Malik Beasley,1:31,Trey Lyles,1:31,,,,,,,,,35:46,Nikola Jokić,35:33,Wilson Chandler,34:21,Paul Millsap,33:30,Will Barton,31:20,Jamal Murray,19:59,Mason Plumlee,15:54,Kenneth Faried,6:09,Juancho Hernangómez,5:52
0,.000,2,18.182,4,2.00,79,0,8,100.0,4,.364,4.0,44.4,9.0,11,2,.500,4,36.364,Logos via Sports Logos.net / About logos,W,https://www.basketball-reference.com/boxscores/201710210DEN.html,Home,96,28:06,0,0.0,SAC,De'Aaron Fox,Kosta Koufos,15:32,Malachi Richardson,14:27,JaKarr Sampson,5:56,Vince Carter,5:33,,,,,28:51,Willie Cauley-Stein,26:32,Skal Labissière,25:01,George Hill,22:21,Buddy Hield,22:16,Zach Randolph,20:01,Justin Jackson,19:36,Frank Mason III,17:08,Garrett Temple,16:46,79,5,10,8.0,80.0,0.0,0.0,2.0,20.0,Emmanuel Mudiay,17,0,2017-2018,0.0,2,8.0,DEN,96,Nikola Jokić,Trey Lyles,3:21,Malik Beasley,1:11,,,,,,,,,30:32,Gary Harris,29:59,Wilson Chandler,29:39,Paul Millsap,28:54,Will Barton,28:24,Kenneth Faried,22:34,Jamal Murray,19:54,Mason Plumlee,10:39,Juancho Hernangómez,6:47
2,.500,4,44.444,1,0.20,109,0,3,100.0,5,.556,3.0,60.0,5.0,9,3,.750,4,44.444,Logos via Sports Logos.net / About logos,L,https://www.basketball-reference.com/boxscores/201710230DEN.html,Home,104,19:02,0,0.0,WAS,Kelly Oubre Jr.,Tomáš Satoranský,4:49,,,,,,,,,,,37:38,Bradley Beal,35:14,John Wall,35:02,Otto Porter Jr.,32:05,Marcin Gortat,28:44,Ian Mahinmi,18:33,Mike Scott,17:44,Jodie Meeks,15:52,Tim Frazier,14:19,109,2,15,6.0,40.0,6.0,40.0,3.0,20.0,Emmanuel Mudiay,5,1,2017-2018,1.0,5,3.0,DEN,104,Nikola Jokić,,,,,,,,,,,,,35:02,Gary Harris,33:36,Wilson Chandler,31:55,Paul Millsap,30:14,Will Barton,29:54,Jamal Murray,29:09,Mason Plumlee,12:38,Kenneth Faried,11:30,Malik Beasley,7:00
0,.000,2,25.000,1,0.50,93,0,2,50.0,0,.000,0.0,0.0,6.0,8,2,1.000,2,25.000,Logos via Sports Logos.net / About logos,L,https://www.basketball-reference.com/boxscores/201710250CHO.html,Away,110,14:00,2,50.0,CHO,Kemba Walker,Michael Kidd-Gilchrist,10:37,Mangok Mathiang,3:28,Marcus Paige,2:55,,,,,,,32:21,Jeremy Lamb,29:18,Frank Kaminsky,27:59,Dwight Howard,26:46,Dwayne Bacon,25:05,Malik Monk,25:02,Marvin Williams,21:18,Johnny O'Bryant,19:33,Treveon Graham,15:38,110,2,2,0.0,0.0,0.0,0.0,2.0,100.0,Emmanuel Mudiay,17,0,2017-2018,0.0,2,4.0,DEN,93,Jamal Murray,Kenneth Faried,3:43,,,,,,,,,,,33:05,Wilson Chandler,30:53,Gary Harris,30:31,Nikola Jokić,30:19,Will Barton,28:37,Paul Millsap,28:28,Mason Plumlee,20:43,Malik Beasley,15:22,Trey Lyles,4:19
0,.000,2,16.667,4,,105,0,4,100.0,5,.417,5.0,50.0,10.0,12,6,1.000,6,50.000,Logos via Sports Logos.net / About logos,W,https://www.basketball-reference.com/boxscores/201710270ATL.html,Away,100,28:00,0,0.0,ATL,Taurean Prince,Isaiah Taylor,5:09,Luke Babbitt,0:24,,,,,,,,,32:42,Dennis Schröder,32:30,Dewayne Dedmon,30:53,Ersan İlyasova,29:46,Marco Belinelli,28:21,Kent Bazemore,26:25,Mike Muscala,20:43,Malcolm Delaney,18:48,John Collins,14:20,100,1,16,10.0,62.5,0.0,0.0,6.0,37.5,Emmanuel Mudiay,5,0,2017-2018,0.0,0,4.0,DEN,105,Gary Harris,,,,,,,,,,,,,34:16,Nikola Jokić,34:16,Paul Millsap,30:17,Will Barton,29:07,Wilson Chandler,22:42,Jamal Murray,20:06,Mason Plumlee,19:07,Kenneth Faried,11:31,Malik Beasley,10:38
2,.667,3,25.000,5,2.50,124,0,3,100.0,6,.500,4.0,44.4,9.0,12,1,.500,2,16.667,Logos via Sports Logos.net / About logos,W,https://www.basketball-reference.com/boxscores/201710290BRK.html,Away,111,19:02,0,0.0,BRK,Rondae Hollis-Jefferson,Sean Kilpatrick,10:52,Tyler Zeller,4:49,Isaiah Whitehead,4:49,Jacob Wiley,4:49,,,,,29:45,Spencer Dinwiddie,29:30,Allen Crabbe,27:20,Caris LeVert,24:28,D'Angelo Russell,24:12,Joe Harris,22:49,Timofey Mozgov,20:45,Trevor Booker,19:33,Jarrett Allen,16:19,111,4,15,8.0,53.3,6.0,40.0,1.0,6.7,Emmanuel Mudiay,13,0,2017-2018,0.0,2,3.0,DEN,124,Paul Millsap,Richard Jefferson,1:52,,,,,,,,,,,36:42,Gary Harris,33:54,Wilson Chandler,33:35,Jamal Murray,31:24,Nikola Jokić,29:29,Mason Plumlee,22:39,Will Barton,21:50,Malik Beasley,7:07,Trey Lyles,2:26
3,.750,4,57.143,1,0.50,110,0,1,100.0,3,.429,0.0,0.0,3.0,7,6,1.000,6,85.714,Logos via Sports Logos.net / About logos,L,https://www.basketball-reference.com/boxscores/201710300NYK.html,Away,116,19:37,0,0.0,NYK,Courtney Lee,Damyean Dotson,6:12,Willy Hernangómez,3:07,,,,,,,,,34:53,Kristaps Porziņģis,34:14,Tim Hardaway Jr.,33:20,Jarrett Jack,32:18,Enes Freedom,23:55,Doug McDermott,21:35,Kyle O'Quinn,20:38,Frank Ntilikina,16:02,Michael Beasley,13:46,116,0,15,0.0,0.0,9.0,60.0,6.0,40.0,Emmanuel Mudiay,6,2,2017-2018,2.0,2,1.0,DEN,110,Gary Harris,Kenneth Faried,3:18,,,,,,,,,,,35:11,Paul Millsap,34:07,Jamal Murray,32:16,Nikola Jokić,30:10,Wilson Chandler,27:23,Will Barton,23:49,Mason Plumlee,16:15,Darrell Arthur,11:45,Malik Beasley,6:09
1,.250,4,26.667,6,2.00,111,0,2,66.7,6,.400,5.0,45.5,11.0,15,3,.500,6,40.000,Logos via Sports Logos.net / About logos,W,https://www.basketball-reference.com/boxscores/201711010DEN.html,Home,129,26:41,1,33.3,TOR,Norman Powell,Jonas Valančiūnas,13:55,C.J. Miles,13:50,Jakob Poeltl,12:16,Alfonzo McKinnie,8:58,,,,,28:50,DeMar DeRozan,25:59,Delon Wright,25:45,Kyle Lowry,24:40,Pascal Siakam,19:59,Serge Ibaka,18:19,OG Anunoby,17:00,Lucas Nogueira,15:31,Fred VanVleet,14:58,111,2,16,10.0,62.5,3.0,18.8,3.0,18.8,Emmanuel Mudiay,18,2,2017-2018,2.0,3,3.0,DEN,129,Nikola Jokić,Trey Lyles,6:18,Richard Jefferson,4:46,,,,,,,,,30:38,Wilson Chandler,30:14,Paul Millsap,26:22,Will Barton,25:02,Gary Harris,24:13,Jamal Murray,21:19,Mason Plumlee,17:21,Kenneth Faried,14:54,Malik Beasley,12:12
0,,0,0.000,4,2.00,94,1,3,100.0,5,.500,5.0,50.0,10.0,10,2,.500,4,40.000,Logos via Sports Logos.net / About logos,W,https://www.basketball-reference.com/boxscores/201711030DEN.html,Home,95,25:23,0,0.0,MIA,Goran Dragić,Wayne Ellington,12:27,Bam Adebayo,3:31,,,,,,,,,34:14,Josh Richardson,32:38,Dion Waiters,30:45,James Johnson,30:24,Tyler Johnson,25:33,Hassan Whiteside,23:59,Kelly Olynyk,20:17,Justise Winslow,13:30,Okaro White,12:41,94,0,12,10.0,83.3,0.0,0.0,2.0,16.7,Emmanuel Mudiay,1,0,2017-2018,1.0,2,3.0,DEN,95,Gary Harris,,,,,,,,,,,,,36:07,Wilson Chandler,36:00,Paul Millsap,34:05,Nikola Jokić,33:51,Will Barton,27:46,Jamal Murray,20:38,Mason Plumlee,11:17,Malik Beasley,9:09,Kenneth Faried,5:44
0,.000,1,10.000,7,2.33,127,1,4,80.0,4,.400,4.0,44.4,9.0,10,7,.875,8,80.000,Logos via Sports Logos.net / About logos,L,https://www.basketball-reference.com/boxscores/201711040DEN.html,Home,108,32:04,1,20.0,GSW,Stephen Curry,Omri Casspi,13:04,David West,8:55,Jordan Bell,8:52,JaVale McGee,8:49,,,,,29:38,Klay Thompson,29:21,Kevin Durant,29:11,Draymond Green,26:43,Andre Iguodala,20:02,Patrick McCaw,18:46,Nick Young,18:15,Zaza Pachulia,14:17,Kevon Looney,14:07,127,3,15,8.0,53.3,0.0,0.0,7.0,46.7,Emmanuel Mudiay,19,0,2017-2018,1.0,3,5.0,DEN,108,Will Barton,Mason Plumlee,11:50,Darrell Arthur,7:23,Richard Jefferson,6:08,,,,,,,34:08,Malik Beasley,25:37,Wilson Chandler,20:05,Gary Harris,19:42,Nikola Jokić,19:39,Jamal Murray,18:37,Paul Millsap,15:56,Trey Lyles,15:10,Kenneth Faried,13:41
0,.000,2,33.333,2,1.00,104,0,1,33.3,1,.167,1.0,25.0,4.0,6,0,,0,0.000,Logos via Sports Logos.net / About logos,W,https://www.basketball-reference.com/boxscores/201711070DEN.html,Home,112,21:48,2,66.7,BRK,Tyler Zeller,Spencer Dinwiddie,17:04,Timofey Mozgov,15:45,Isaiah Whitehead,15:03,,,,,,,27:47,Caris LeVert,25:36,Joe Harris,21:54,D'Angelo Russell,21:04,Jacob Wiley,21:04,Sean Kilpatrick,20:28,Allen Crabbe,18:54,DeMarre Carroll,17:49,Quincy Acy,17:32,104,1,2,2.0,100.0,0.0,0.0,0.0,0.0,Emmanuel Mudiay,8,0,2017-2018,0.0,2,3.0,DEN,112,Wilson Chandler,Trey Lyles,2:59,,,,,,,,,,,34:51,Nikola Jokić,31:22,Will Barton,31:07,Gary Harris,30:00,Paul Millsap,25:31,Jamal Murray,25:25,Malik Beasley,16:20,Mason Plumlee,14:38,Kenneth Faried,5:59
4,1.000,4,40.000,5,1.67,94,0,6,85.7,8,.800,4.0,66.7,6.0,10,1,1.000,1,10.000,Logos via Sports Logos.net / About logos,W,https://www.basketball-reference.com/boxscores/201711090DEN.html,Home,102,29:48,1,14.3,OKC,Paul George,,,,,,,,,,,,,42:54,Russell Westbrook,35:24,Andre Roberson,33:39,Carmelo Anthony,32:57,Steven Adams,30:02,Raymond Felton,20:01,Jerami Grant,19:49,Patrick Patterson,13:12,Álex Abrines,12:02,94,1,21,8.0,38.1,12.0,57.1,1.0,4.8,Emmanuel Mudiay,8,0,2017-2018,0.0,3,7.0,DEN,102,Paul Millsap,,,,,,,,,,,,,40:03,Gary Harris,36:11,Will Barton,30:40,Nikola Jokić,27:51,Wilson Chandler,26:31,Mason Plumlee,24:43,Jamal Murray,18:12,Malik Beasley,6:01,,
1,.500,2,16.667,3,3.00,107,0,2,66.7,5,.417,4.0,40.0,10.0,12,1,1.000,1,8.333,Logos via Sports Logos.net / About logos,W,https://www.basketball-reference.com/boxscores/201711110DEN.html,Home,125,23:05,1,33.3,ORL,Aaron Gordon,Jonathan Isaac,16:06,Mario Hezonja,5:24,,,,,,,,,29:59,Jonathon Simmons,27:07,Evan Fournier,26:34,Terrence Ross,25:36,Shelvin Mack,24:29,Nikola Vučević,23:54,Bismack Biyombo,21:26,Arron Afflalo,21:26,Marreese Speights,17:59,107,2,12,8.0,66.7,3.0,25.0,1.0,8.3,Emmanuel Mudiay,18,0,2017-2018,0.0,1,3.0,DEN,125,Wilson Chandler,Juancho Hernangómez,1:48,,,,,,,,,,,41:16,Will Barton,37:53,Nikola Jokić,37:36,Paul Millsap,36:02,Jamal Murray,33:39,Mason Plumlee,10:08,Kenneth Faried,8:38,Malik Beasley,8:07,Trey Lyles,1:48
0,.000,1,25.000,0,0.00,82,0,0,0.0,1,.250,1.0,33.3,3.0,4,2,1.000,2,50.000,Logos via Sports Logos.net / About logos,L,https://www.basketball-reference.com/boxscores/201711130POR.html,Away,99,21:12,1,100.0,POR,Damian Lillard,Shabazz Napier,14:38,Zach Collins,2:33,Jake Layman,2:33,,,,,,,33:49,CJ McCollum,31:19,Jusuf Nurkić,30:10,Noah Vonleh,26:25,Evan Turner,24:59,Caleb Swanigan,20:29,Maurice Harkless,20:28,Pat Connaughton,17:48,Ed Davis,14:49,99,2,4,2.0,50.0,0.0,0.0,2.0,50.0,Emmanuel Mudiay,17,0,2017-2018,0.0,3,1.0,DEN,82,Jamal Murray,Trey Lyles,4:13,,,,,,,,,,,39:01,Nikola Jokić,34:56,Will Barton,34:29,Paul Millsap,33:58,Wilson Chandler,33:25,Kenneth Faried,16:55,Richard Jefferson,10:21,Malik Beasley,6:00,Mason Plumlee,5:32
3,.500,6,54.545,6,6.00,114,0,1,50.0,7,.636,4.0,80.0,5.0,11,2,1.000,2,18.182,Logos via Sports Logos.net / About logos,W,https://www.basketball-reference.com/boxscores/201711170DEN.html,Home,146,23:11,1,50.0,NOP,Darius Miller,Cheick Diallo,12:40,Jalen Jones,5:03,,,,,,,,,28:24,Jameer Nelson,27:49,Jrue Holiday,27:28,E'Twaun Moore,27:08,Dante Cunningham,26:19,Rajon Rondo,25:14,DeMarcus Cousins,24:49,Anthony Davis,21:14,Ian Clark,13:52,114,0,19,8.0,42.1,9.0,47.4,2.0,10.5,Emmanuel Mudiay,32,1,2017-2018,1.0,1,2.0,DEN,146,Wilson Chandler,Juancho Hernangómez,3:57,Trey Lyles,3:57,,,,,,,,,35:40,Jamal Murray,34:00,Gary Harris,30:33,Paul Millsap,27:03,Nikola Jokić,26:31,Will Barton,24:45,Mason Plumlee,18:34,Kenneth Faried,6:46,Malik Beasley,5:03
2,.500,4,44.444,7,3.50,109,0,1,50.0,2,.222,0.0,0.0,5.0,9,4,1.000,4,44.444,Logos via Sports Logos.net / About logos,L,https://www.basketball-reference.com/boxscores/201711190LAL.html,Away,127,25:17,1,50.0,LAL,Lonzo Ball,Andrew Bogut,2:47,Ivica Zubac,2:02,,,,,,,,,39:54,Kentavious Caldwell-Pope,35:27,Julius Randle,31:44,Brandon Ingram,28:49,Kyle Kuzma,25:40,Jordan Clarkson,24:09,Brook Lopez,22:24,Corey Brewer,14:54,Josh Hart,12:10,127,1,10,0.0,0.0,6.0,60.0,4.0,40.0,Emmanuel Mudiay,18,3,2017-2018,3.0,2,2.0,DEN,109,Gary Harris,Kenneth Faried,9:19,Richard Jefferson,4:34,,,,,,,,,32:37,Mason Plumlee,30:29,Will Barton,26:36,Wilson Chandler,26:32,Jamal Murray,24:21,Juancho Hernangómez,19:24,Trey Lyles,16:01,Paul Millsap,13:15,Nikola Jokić,11:35
0,.000,2,33.333,2,0.67,114,0,0,,1,.167,1.0,25.0,4.0,6,1,.500,2,33.333,Logos via Sports Logos.net / About logos,W,https://www.basketball-reference.com/boxscores/201711200SAC.html,Away,98,19:39,0,,SAC,George Hill,Justin Jackson,9:23,Malachi Richardson,8:52,,,,,,,,,32:30,De'Aaron Fox,32:23,Kosta Koufos,28:00,Zach Randolph,25:43,Garrett Temple,25:39,Willie Cauley-Stein,22:45,Frank Mason III,21:11,Bogdan Bogdanović,21:00,Skal Labissière,12:34,98,0,3,2.0,66.7,0.0,0.0,1.0,33.3,Emmanuel Mudiay,16,0,2017-2018,0.0,3,0.0,DEN,114,Gary Harris,Tyler Lydon,2:10,,,,,,,,,,,38:43,Will Barton,36:43,Nikola Jokić,34:57,Jamal Murray,24:07,Juancho Hernangómez,22:38,Mason Plumlee,20:25,Kenneth Faried,19:09,Trey Lyles,18:58,Malik Beasley,2:31
0,.000,2,40.000,3,0.75,95,0,1,100.0,0,.000,0.0,0.0,3.0,5,1,.500,2,40.000,Logos via Sports Logos.net / About logos,L,https://www.basketball-reference.com/boxscores/201711220HOU.html,Away,125,24:57,0,0.0,HOU,P.J. Tucker,Troy Williams,8:13,Bobby Brown,8:13,Briante Weber,8:13,,,,,,,35:28,Trevor Ariza,34:40,James Harden,31:38,Chris Paul,27:31,Luc Mbah a Moute,25:43,Nenê,19:11,Clint Capela,16:49,Zhou Qi,12:21,Tarik Black,12:00,125,1,1,0.0,0.0,0.0,0.0,1.0,100.0,Emmanuel Mudiay,30,0,2017-2018,0.0,4,1.0,DEN,95,Will Barton,,,,,,,,,,,,,35:57,Gary Harris,29:56,Wilson Chandler,27:03,Nikola Jokić,25:42,Jamal Murray,24:14,Trey Lyles,23:36,Mason Plumlee,22:18,Juancho Hernangómez,18:04,Malik Beasley,8:13
1,.250,4,66.667,1,0.50,92,0,0,,3,.500,2.0,100.0,2.0,6,0,.000,2,33.333,Logos via Sports Logos.net / About logos,W,https://www.basketball-reference.com/boxscores/201711240DEN.html,Home,104,11:19,0,,MEM,Marc Gasol,,,,,,,,,,,,,38:08,Dillon Brooks,35:03,JaMychal Green,32:06,Mario Chalmers,29:39,Tyreke Evans,29:07,Chandler Parsons,24:31,Ben McLemore,22:23,Jarell Martin,15:54,Deyonta Davis,13:09,92,2,7,4.0,57.1,3.0,42.9,0.0,0.0,Emmanuel Mudiay,12,0,2017-2018,0.0,2,0.0,DEN,104,Gary Harris,Malik Beasley,0:03,,,,,,,,,,,37:56,Jamal Murray,36:41,Nikola Jokić,35:55,Kenneth Faried,31:21,Wilson Chandler,23:21,Juancho Hernangómez,17:36,Will Barton,17:04,Trey Lyles,16:39,Mason Plumlee,12:05
0,.000,2,33.333,3,0.60,77,1,3,100.0,2,.333,2.0,50.0,4.0,6,2,1.000,2,33.333,Logos via Sports Logos.net / About logos,L,https://www.basketball-reference.com/boxscores/201711280UTA.html,Away,106,18:53,0,0.0,UTA,Derrick Favors,Thabo Sefolosha,14:42,Nate Wolters,2:39,Tony Bradley,2:06,,,,,,,32:40,Donovan Mitchell,30:14,Joe Ingles,29:53,Ricky Rubio,29:23,Jonas Jerebko,26:54,Royce O'Neale,20:36,Alec Burks,20:00,Raul Neto,15:33,Ekpe Udoh,15:20,106,1,6,4.0,66.7,0.0,0.0,2.0,33.3,Emmanuel Mudiay,29,1,2017-2018,2.0,5,3.0,DEN,77,Gary Harris,Torrey Craig,6:11,,,,,,,,,,,33:19,Will Barton,31:03,Jamal Murray,29:07,Juancho Hernangómez,28:05,Nikola Jokić,26:16,Kenneth Faried,23:09,Trey Lyles,17:44,Mason Plumlee,15:33,Malik Beasley,10:40
1,.200,5,55.556,3,1.50,110,0,3,75.0,2,.222,1.0,25.0,4.0,9,2,1.000,2,22.222,Logos via Sports Logos.net / About logos,W,https://www.basketball-reference.com/boxscores/201711300DEN.html,Home,111,17:11,1,25.0,CHI,Denzel Valentine,,,,,,,,,,,,,39:37,Justin Holiday,37:08,Robin Lopez,34:15,Lauri Markkanen,31:37,Kris Dunn,26:32,Jerian Grant,22:36,Bobby Portis,17:26,Paul Zipser,17:21,Antonio Blakeney,13:29,110,0,7,2.0,28.6,3.0,42.9,2.0,28.6,Emmanuel Mudiay,1,1,2017-2018,1.0,2,4.0,DEN,111,Gary Harris,,,,,,,,,,,,,40:06,Will Barton,35:18,Jamal Murray,30:49,Juancho Hernangómez,23:26,Kenneth Faried,22:21,Trey Lyles,22:13,Mason Plumlee,20:19,Nikola Jokić,15:55,Richard Jefferson,12:23
2,1.000,2,25.000,2,,100,0,2,66.7,3,.375,1.0,16.7,6.0,8,0,,0,0.000,Logos via Sports Logos.net / About logos,W,https://www.basketball-reference.com/boxscores/201712020DEN.html,Home,115,14:49,1,33.3,LAL,Lonzo Ball,Corey Brewer,9:08,,,,,,,,,,,33:22,Jordan Clarkson,28:29,Brandon Ingram,27:44,Kyle Kuzma,26:54,Brook Lopez,23:58,Larry Nance Jr.,23:36,Kentavious Caldwell-Pope,22:47,Josh Hart,22:30,Julius Randle,21:32,100,0,8,2.0,25.0,6.0,75.0,0.0,0.0,Emmanuel Mudiay,15,1,2017-2018,1.0,0,3.0,DEN,115,Gary Harris,,,,,,,,,,,,,34:11,Jamal Murray,33:11,Mason Plumlee,30:51,Trey Lyles,29:48,Will Barton,28:29,Kenneth Faried,26:48,Juancho Hernangómez,23:29,Richard Jefferson,13:49,Darrell Arthur,4:35
1,.333,3,50.000,3,3.00,105,0,2,100.0,2,.333,1.0,33.3,3.0,6,0,,0,0.000,Logos via Sports Logos.net / About logos,L,https://www.basketball-reference.com/boxscores/201712040DAL.html,Away,122,15:45,0,0.0,DAL,Harrison Barnes,Salah Mejri,9:01,,,,,,,,,,,36:17,Wesley Matthews,33:24,Dennis Smith Jr.,30:54,Yogi Ferrell,25:21,Dwight Powell,23:08,Devin Harris,22:49,Dirk Nowitzki,20:48,J.J. Barea,19:12,Maxi Kleber,19:06,122,1,5,2.0,40.0,3.0,60.0,0.0,0.0,Emmanuel Mudiay,17,0,2017-2018,0.0,1,2.0,DEN,105,Gary Harris,Richard Jefferson,2:26,,,,,,,,,,,42:58,Will Barton,41:15,Jamal Murray,28:07,Kenneth Faried,27:53,Wilson Chandler,27:22,Mason Plumlee,19:09,Trey Lyles,15:31,Juancho Hernangómez,11:58,Malik Beasley,7:36
3,.500,6,46.154,3,1.50,114,0,2,100.0,5,.385,2.0,28.6,7.0,13,4,1.000,4,30.769,Logos via Sports Logos.net / About logos,L,https://www.basketball-reference.com/boxscores/201712060NOP.html,Away,123,26:46,0,0.0,NOP,DeMarcus Cousins,,,,,,,,,,,,,39:33,E'Twaun Moore,38:37,Jrue Holiday,35:03,Dante Cunningham,28:43,Darius Miller,27:18,Rajon Rondo,25:59,Jameer Nelson,22:01,Tony Allen,14:20,Ömer Aşık,8:26,123,1,17,4.0,23.5,9.0,52.9,4.0,23.5,Emmanuel Mudiay,9,1,2017-2018,1.0,2,2.0,DEN,114,Gary Harris,,,,,,,,,,,,,37:15,Will Barton,34:23,Trey Lyles,27:05,Wilson Chandler,24:09,Kenneth Faried,23:41,Mason Plumlee,22:54,Jamal Murray,22:39,Malik Beasley,17:29,Juancho Hernangómez,3:39
2,.400,5,31.250,5,2.50,103,0,5,100.0,8,.500,6.0,54.5,11.0,16,0,,0,0.000,Logos via Sports Logos.net / About logos,W,https://www.basketball-reference.com/boxscores/201712080ORL.html,Away,89,31:22,0,0.0,ORL,Jonathon Simmons,Shelvin Mack,12:00,Mario Hezonja,10:26,,,,,,,,,33:39,Nikola Vučević,32:16,Elfrid Payton,31:01,Aaron Gordon,28:33,Arron Afflalo,26:08,D.J. Augustin,24:51,Wes Iwundu,16:21,Bismack Biyombo,12:39,Marreese Speights,12:06,89,2,18,12.0,66.7,6.0,33.3,0.0,0.0,Emmanuel Mudiay,14,2,2017-2018,2.0,2,5.0,DEN,103,Will Barton,,,,,,,,,,,,,43:23,Kenneth Faried,30:11,Malik Beasley,28:40,Wilson Chandler,25:41,Gary Harris,23:57,Trey Lyles,22:19,Mason Plumlee,17:49,Jamal Murray,16:38,,
1,1.000,1,25.000,4,1.00,116,0,1,100.0,1,.250,0.0,0.0,3.0,4,0,,0,0.000,Logos via Sports Logos.net / About logos,L,https://www.basketball-reference.com/boxscores/201712100IND.html,Away,126,15:26,0,0.0,IND,Victor Oladipo,,,,,,,,,,,,,45:03,Myles Turner,40:51,Thaddeus Young,39:47,Lance Stephenson,35:37,Bojan Bogdanović,35:21,Cory Joseph,31:29,Domantas Sabonis,19:56,Joe Young,12:40,T.J. Leaf,4:16,126,0,3,0.0,0.0,3.0,100.0,0.0,0.0,Emmanuel Mudiay,10,0,2017-2018,0.0,4,1.0,DEN,116,Will Barton,,,,,,,,,,,,,44:54,Gary Harris,44:18,Wilson Chandler,37:22,Kenneth Faried,32:13,Jamal Murray,26:43,Trey Lyles,26:29,Mason Plumlee,20:47,Malik Beasley,16:48,,
0,.000,2,100.000,2,2.00,103,0,0,,0,.000,0.0,,0.0,2,2,1.000,2,100.000,Logos via Sports Logos.net / About logos,W,https://www.basketball-reference.com/boxscores/201712120DET.html,Away,84,14:43,0,,DET,Tobias Harris,Luke Kennard,13:22,Boban Marjanović,12:55,Henry Ellenson,8:17,Eric Moreland,4:27,,,,,29:39,Andre Drummond,26:48,Reggie Jackson,24:33,Avery Bradley,23:53,Ish Smith,23:27,Reggie Bullock,22:26,Langston Galloway,22:02,Stanley Johnson,14:17,Anthony Tolliver,13:54,84,0,2,0.0,0.0,0.0,0.0,2.0,100.0,Emmanuel Mudiay,19,0,2017-2018,0.0,1,0.0,DEN,103,Will Barton,Monte Morris,3:00,,,,,,,,,,,34:23,Jamal Murray,31:56,Gary Harris,30:57,Mason Plumlee,29:00,Trey Lyles,27:14,Wilson Chandler,27:04,Malik Beasley,23:58,Darrell Arthur,14:45,Juancho Hernangómez,3:00
1,.333,3,50.000,2,2.00,118,0,1,100.0,2,.333,1.0,33.3,3.0,6,0,,0,0.000,Logos via Sports Logos.net / About logos,L,https://www.basketball-reference.com/boxscores/201712130BOS.html,Away,124,17:22,0,0.0,BOS,Marcus Smart,,,,,,,,,,,,,34:11,Jaylen Brown,32:52,Kyrie Irving,32:34,Semi Ojeleye,28:43,Aron Baynes,28:13,Jayson Tatum,27:55,Terry Rozier,19:38,Daniel Theis,18:21,Shane Larkin,17:33,124,1,5,2.0,40.0,3.0,60.0,0.0,0.0,Emmanuel Mudiay,6,0,2017-2018,0.0,1,1.0,DEN,118,Gary Harris,,,,,,,,,,,,,37:34,Wilson Chandler,36:37,Jamal Murray,35:25,Trey Lyles,33:19,Mason Plumlee,31:34,Malik Beasley,17:44,Kenneth Faried,16:26,Juancho Hernangómez,13:59,,
0,.000,2,50.000,3,1.50,111,0,0,,2,.500,2.0,100.0,2.0,4,0,,0,0.000,Logos via Sports Logos.net / About logos,W,https://www.basketball-reference.com/boxscores/201712150DEN.html,Home,117,8:25,0,,NOP,Anthony Davis,,,,,,,,,,,,,43:49,Jrue Holiday,43:06,E'Twaun Moore,39:42,DeMarcus Cousins,33:26,Dante Cunningham,28:46,Rajon Rondo,28:44,Jameer Nelson,23:47,Darius Miller,23:41,,,111,1,4,4.0,100.0,0.0,0.0,0.0,0.0,Emmanuel Mudiay,6,0,2017-2018,0.0,2,0.0,DEN,117,Gary Harris,Kenneth Faried,5:30,,,,,,,,,,,42:34,Jamal Murray,38:47,Will Barton,32:14,Mason Plumlee,30:48,Trey Lyles,29:59,Wilson Chandler,25:34,Nikola Jokić,22:12,Torrey Craig,18:31,Malik Beasley,10:26
2,1.000,2,100.000,0,,83,0,0,,2,1.000,0.0,,0.0,2,1,1.000,1,50.000,Logos via Sports Logos.net / About logos,W,https://www.basketball-reference.com/boxscores/201712260DEN.html,Home,107,1:32,0,,UTA,Donovan Mitchell,Royce O'Neale,12:17,Naz Mitrou-Long,0:31,,,,,,,,,32:34,Ricky Rubio,32:04,Joe Ingles,29:50,Derrick Favors,28:35,Rodney Hood,28:35,Jonas Jerebko,26:34,Joe Johnson,24:14,Alec Burks,12:28,Ekpe Udoh,12:18,83,0,7,0.0,0.0,6.0,85.7,1.0,14.3,Emmanuel Mudiay,24,0,2017-2018,0.0,0,0.0,DEN,107,Gary Harris,Richard Jefferson,1:32,,,,,,,,,,,36:01,Will Barton,36:01,Jamal Murray,35:18,Wilson Chandler,33:30,Trey Lyles,27:31,Nikola Jokić,25:33,Torrey Craig,21:07,Mason Plumlee,20:23,Malik Beasley,1:32
1,.500,2,66.667,1,,111,0,0,,2,.667,1.0,100.0,1.0,3,0,,0,0.000,Logos via Sports Logos.net / About logos,W,https://www.basketball-reference.com/boxscores/201801030DEN.html,Home,134,2:01,0,,PHO,Greg Monroe,Alex Len,8:33,Danuel House Jr.,3:13,,,,,,,,,34:46,T.J. Warren,32:35,Marquese Chriss,30:41,Devin Booker,29:40,Isaiah Canaan,25:03,Josh Jackson,24:41,Dragan Bender,22:00,Tyler Ulis,15:08,Troy Daniels,13:40,111,1,5,2.0,40.0,3.0,60.0,0.0,0.0,Emmanuel Mudiay,23,1,2017-2018,1.0,0,0.0,DEN,134,Nikola Jokić,Kenneth Faried,6:40,Richard Jefferson,2:01,,,,,,,,,36:23,Wilson Chandler,34:31,Gary Harris,32:17,Trey Lyles,27:04,Jamal Murray,25:58,Mason Plumlee,23:52,Will Barton,20:01,Malik Beasley,15:43,Torrey Craig,13:29
0,.000,1,33.333,0,0.00,80,0,2,100.0,1,.333,1.0,50.0,2.0,3,0,,0,0.000,Logos via Sports Logos.net / About logos,L,https://www.basketball-reference.com/boxscores/201801130SAS.html,Away,112,6:25,0,0.0,SAS,Kawhi Leonard,Bryn Forbes,15:14,Dejounte Murray,11:24,Joffrey Lauvergne,10:06,Derrick White,6:06,,,,,28:27,LaMarcus Aldridge,26:46,Kyle Anderson,25:08,Dāvis Bertāns,22:45,Pau Gasol,20:17,Tony Parker,19:19,Patty Mills,18:44,Danny Green,18:24,Manu Ginóbili,17:20,112,1,2,2.0,100.0,0.0,0.0,0.0,0.0,Emmanuel Mudiay,32,1,2017-2018,1.0,1,2.0,DEN,80,Nikola Jokić,Kenneth Faried,11:11,Juancho Hernangómez,6:25,Darrell Arthur,5:18,,,,,,,30:24,Gary Harris,30:24,Richard Jefferson,24:05,Jamal Murray,23:55,Will Barton,23:28,Mason Plumlee,21:18,Wilson Chandler,20:08,Trey Lyles,19:42,Malik Beasley,17:17
1,.500,2,18.182,3,1.50,104,1,1,50.0,4,.364,3.0,33.3,9.0,11,2,1.000,2,18.182,Logos via Sports Logos.net / About logos,L,https://www.basketball-reference.com/boxscores/201801170LAC.html,Away,109,15:06,1,50.0,LAC,Blake Griffin,Sindarius Thornwell,0:38,,,,,,,,,,,36:28,Lou Williams,35:59,Tyrone Wallace,31:38,Miloš Teodosić,31:24,Montrezl Harrell,30:56,Wesley Johnson,29:00,Willie Reed,16:34,Jawun Evans,15:51,Sam Dekker,11:32,109,0,11,6.0,54.5,3.0,27.3,2.0,18.2,Emmanuel Mudiay,5,1,2017-2018,2.0,2,2.0,DEN,104,Gary Harris,,,,,,,,,,,,,35:47,Will Barton,34:57,Nikola Jokić,34:04,Wilson Chandler,32:55,Mason Plumlee,30:38,Trey Lyles,24:34,Richard Jefferson,15:05,Malik Beasley,10:11,Kenneth Faried,6:43
0,.000,2,33.333,1,1.00,108,0,1,100.0,2,.333,2.0,50.0,4.0,6,2,1.000,2,33.333,Logos via Sports Logos.net / About logos,L,https://www.basketball-reference.com/boxscores/201801190DEN.html,Home,100,8:33,0,0.0,PHO,Devin Booker,Troy Daniels,13:24,,,,,,,,,,,34:40,T.J. Warren,34:13,Dragan Bender,28:30,Tyson Chandler,26:33,Isaiah Canaan,25:40,Tyler Ulis,21:54,Alex Len,21:23,Jared Dudley,19:30,Josh Jackson,14:13,108,0,6,4.0,66.7,0.0,0.0,2.0,33.3,Emmanuel Mudiay,8,0,2017-2018,0.0,1,1.0,DEN,100,Gary Harris,Torrey Craig,1:48,,,,,,,,,,,35:26,Jamal Murray,35:20,Nikola Jokić,34:37,Wilson Chandler,32:40,Trey Lyles,28:24,Will Barton,23:04,Richard Jefferson,14:14,Malik Beasley,12:59,Mason Plumlee,12:55
0,.000,2,50.000,0,0.00,101,0,1,100.0,0,.000,0.0,0.0,2.0,4,1,.500,2,50.000,Logos via Sports Logos.net / About logos,W,https://www.basketball-reference.com/boxscores/201801220DEN.html,Home,104,11:24,0,0.0,POR,Damian Lillard,,,,,,,,,,,,,38:07,CJ McCollum,35:08,Evan Turner,28:46,Al-Farouq Aminu,28:27,Jusuf Nurkić,26:45,Shabazz Napier,21:50,Ed Davis,21:08,Pat Connaughton,20:14,Zach Collins,19:36,101,0,1,0.0,0.0,0.0,0.0,1.0,100.0,Emmanuel Mudiay,3,0,2017-2018,0.0,1,1.0,DEN,104,Gary Harris,,,,,,,,,,,,,37:03,Will Barton,34:05,Jamal Murray,33:51,Nikola Jokić,32:40,Wilson Chandler,30:33,Mason Plumlee,28:40,Trey Lyles,24:02,Torrey Craig,7:43,,
0,,0,0.000,6,6.00,118,0,0,,2,.500,2.0,50.0,4.0,4,1,1.000,1,25.000,Logos via Sports Logos.net / About logos,W,https://www.basketball-reference.com/boxscores/201801250DEN.html,Home,130,13:23,0,,NYK,Courtney Lee,Ron Baker,12:03,Damyean Dotson,1:00,Doug McDermott,1:00,,,,,,,34:02,Trey Burke,28:42,Michael Beasley,28:31,Kristaps Porziņģis,27:14,Enes Freedom,26:38,Jarrett Jack,26:10,Lance Thomas,20:11,Frank Ntilikina,19:27,Willy Hernangómez,15:02,118,1,5,4.0,80.0,0.0,0.0,1.0,20.0,Emmanuel Mudiay,12,1,2017-2018,1.0,1,0.0,DEN,130,Will Barton,Malik Beasley,1:00,,,,,,,,,,,39:27,Nikola Jokić,35:16,Jamal Murray,34:38,Gary Harris,31:24,Wilson Chandler,29:28,Mason Plumlee,23:37,Trey Lyles,21:44,Torrey Craig,9:04,Darrell Arthur,1:00
0,,0,0.000,0,,89,0,0,,1,.333,1.0,33.3,3.0,3,0,,0,0.000,Logos via Sports Logos.net / About logos,W,https://www.basketball-reference.com/boxscores/201801270DEN.html,Home,91,3:57,0,,DAL,Harrison Barnes,,,,,,,,,,,,,35:24,Maxi Kleber,34:38,Wesley Matthews,33:15,Yogi Ferrell,30:58,Dennis Smith Jr.,30:57,Dirk Nowitzki,25:10,Salah Mejri,20:13,Dwight Powell,15:14,Kyle Collinsworth,14:11,89,1,2,2.0,100.0,0.0,0.0,0.0,0.0,Emmanuel Mudiay,2,0,2017-2018,0.0,0,0.0,DEN,91,Nikola Jokić,,,,,,,,,,,,,39:49,Will Barton,38:47,Gary Harris,35:25,Jamal Murray,30:52,Mason Plumlee,29:46,Trey Lyles,26:12,Torrey Craig,26:02,Wilson Chandler,9:10,,
0,.000,1,14.286,4,,111,0,0,,1,.143,1.0,16.7,6.0,7,0,,0,0.000,Logos via Sports Logos.net / About logos,L,https://www.basketball-reference.com/boxscores/201801290DEN.html,Home,110,11:38,0,,BOS,Kyrie Irving,,,,,,,,,,,,,36:52,Jaylen Brown,33:52,Jayson Tatum,32:43,Al Horford,32:13,Terry Rozier,29:47,Daniel Theis,20:41,Marcus Morris,20:21,Aron Baynes,17:22,Semi Ojeleye,16:09,111,0,2,2.0,100.0,0.0,0.0,0.0,0.0,Emmanuel Mudiay,1,0,2017-2018,0.0,0,0.0,DEN,110,Will Barton,,,,,,,,,,,,,43:37,Jamal Murray,38:44,Gary Harris,36:11,Nikola Jokić,35:16,Mason Plumlee,28:13,Trey Lyles,26:48,Torrey Craig,14:07,Kenneth Faried,5:26,,
0,.000,1,10.000,4,,104,0,1,50.0,7,.700,7.0,77.8,9.0,10,0,,0,0.000,Logos via Sports Logos.net / About logos,L,https://www.basketball-reference.com/boxscores/201801300SAS.html,Away,106,13:48,1,50.0,SAS,LaMarcus Aldridge,Dāvis Bertāns,15:34,,,,,,,,,,,38:35,Kyle Anderson,34:30,Dejounte Murray,25:44,Danny Green,25:35,Manu Ginóbili,23:21,Pau Gasol,21:45,Patty Mills,20:19,Tony Parker,17:26,Bryn Forbes,17:11,106,2,14,14.0,100.0,0.0,0.0,0.0,0.0,Emmanuel Mudiay,2,0,2017-2018,0.0,0,2.0,DEN,104,Will Barton,,,,,,,,,,,,,38:31,Gary Harris,35:01,Nikola Jokić,34:15,Jamal Murray,34:12,Trey Lyles,24:59,Torrey Craig,21:35,Darrell Arthur,19:08,Malik Beasley,12:58,Richard Jefferson,5:33
0,.000,3,37.500,3,1.50,124,0,3,100.0,3,.375,3.0,60.0,5.0,8,1,1.000,1,12.500,Logos via Sports Logos.net / About logos,W,https://www.basketball-reference.com/boxscores/201802010DEN.html,Home,127,13:39,0,0.0,OKC,Russell Westbrook,Terrance Ferguson,4:12,,,,,,,,,,,39:16,Paul George,36:13,Carmelo Anthony,33:33,Steven Adams,31:56,Álex Abrines,28:41,Jerami Grant,24:36,Patrick Patterson,15:16,Raymond Felton,14:07,Josh Huestis,12:10,124,2,7,6.0,85.7,0.0,0.0,1.0,14.3,Emmanuel Mudiay,3,0,2017-2018,0.0,2,3.0,DEN,127,Gary Harris,,,,,,,,,,,,,37:59,Nikola Jokić,37:21,Will Barton,35:37,Jamal Murray,34:21,Wilson Chandler,34:21,Torrey Craig,21:32,Trey Lyles,14:39,Kenneth Faried,9:31,Darrell Arthur,1:00
1,.333,3,33.333,3,3.00,108,0,5,83.3,3,.333,2.0,33.3,6.0,9,0,,0,0.000,Logos via Sports Logos.net / About logos,W,https://www.basketball-reference.com/boxscores/201802030DEN.html,Home,115,20:39,1,16.7,GSW,Kevin Durant,JaVale McGee,6:15,Damian Jones,4:29,Patrick McCaw,0:24,,,,,,,41:30,Klay Thompson,36:26,Stephen Curry,35:37,Draymond Green,35:34,Andre Iguodala,20:57,Zaza Pachulia,19:08,Nick Young,17:10,Shaun Livingston,14:16,Kevon Looney,8:14,108,2,7,4.0,57.1,3.0,42.9,0.0,0.0,Emmanuel Mudiay,7,1,2017-2018,1.0,1,6.0,DEN,115,Gary Harris,,,,,,,,,,,,,38:42,Will Barton,35:13,Nikola Jokić,33:16,Jamal Murray,27:56,Trey Lyles,25:26,Wilson Chandler,23:32,Torrey Craig,20:37,Darrell Arthur,14:16,Malik Beasley,0:23
1,1.000,1,14.286,2,2.00,104,0,2,100.0,5,.714,4.0,66.7,6.0,7,1,1.000,1,14.286,Logos via Sports Logos.net / About logos,W,https://www.basketball-reference.com/boxscores/201802050DEN.html,Home,121,18:04,0,0.0,CHO,Kemba Walker,Dwayne Bacon,3:07,Malik Monk,3:07,Johnny O'Bryant,3:07,Julyan Stone,3:07,,,,,33:20,Nicolas Batum,31:03,Michael Kidd-Gilchrist,28:13,Dwight Howard,27:52,Treveon Graham,25:41,Jeremy Lamb,25:26,Frank Kaminsky,22:19,Cody Zeller,17:01,Michael Carter-Williams,16:37,104,0,12,8.0,66.7,3.0,25.0,1.0,8.3,Emmanuel Mudiay,17,1,2017-2018,1.0,1,2.0,DEN,121,Will Barton,Juancho Hernangómez,1:48,,,,,,,,,,,33:56,Gary Harris,33:39,Nikola Jokić,32:28,Jamal Murray,32:11,Torrey Craig,26:53,Trey Lyles,24:22,Wilson Chandler,21:07,Darrell Arthur,13:44,Malik Beasley,1:48
0,.000,3,21.429,10,5.00,113,0,2,100.0,5,.357,5.0,45.5,11.0,14,4,1.000,4,28.571,Logos via Sports Logos.net / About logos,L,https://www.basketball-reference.com/boxscores/201802110IND.html,Away,121,29:12,0,0.0,IND,Victor Oladipo,,,,,,,,,,,,,38:44,Thaddeus Young,32:10,Bojan Bogdanović,32:06,Joe Young,30:39,Myles Turner,26:58,Domantas Sabonis,25:09,Lance Stephenson,21:25,Cory Joseph,21:08,Al Jefferson,11:41,121,3,14,10.0,71.4,0.0,0.0,4.0,28.6,Emmanuel Mudiay,8,0,2017-2018,0.0,2,2.0,NYK,113,Frank Ntilikina,Jarrett Jack,8:08,Trey Burke,7:50,,,,,,,,,30:32,Michael Beasley,29:00,Tim Hardaway Jr.,28:59,Enes Freedom,26:47,Courtney Lee,20:47,Kyle O'Quinn,20:40,Lance Thomas,13:52,Luke Kornet,13:16,Damyean Dotson,10:57
0,.000,3,42.857,2,2.00,92,1,4,100.0,3,.429,3.0,75.0,4.0,7,1,.250,4,57.143,Logos via Sports Logos.net / About logos,L,https://www.basketball-reference.com/boxscores/201802120PHI.html,Away,108,19:17,0,0.0,PHI,T.J. McConnell,Justin Anderson,5:14,,,,,,,,,,,37:10,Robert Covington,35:50,Ben Simmons,32:44,Dario Šarić,32:26,JJ Redick,26:02,Amir Johnson,24:30,Joel Embiid,23:30,Trevor Booker,15:34,Timothé Luwawu-Cabarrot,7:00,108,2,7,6.0,85.7,0.0,0.0,1.0,14.3,Emmanuel Mudiay,16,1,2017-2018,2.0,1,4.0,NYK,92,Michael Beasley,Trey Burke,4:23,Luke Kornet,4:23,Damyean Dotson,2:59,,,,,,,39:09,Tim Hardaway Jr.,34:25,Enes Freedom,33:07,Courtney Lee,30:02,Frank Ntilikina,21:16,Jarrett Jack,17:35,Lance Thomas,14:02,Kyle O'Quinn,11:56,Isaiah Hicks,7:26
0,.000,2,22.222,3,0.75,118,0,2,66.7,3,.333,3.0,42.9,7.0,9,2,.667,3,33.333,Logos via Sports Logos.net / About logos,L,https://www.basketball-reference.com/boxscores/201802140NYK.html,Home,113,20:28,1,33.3,WAS,Bradley Beal,,,,,,,,,,,,,42:52,Otto Porter Jr.,38:20,Tomáš Satoranský,33:12,Kelly Oubre Jr.,27:01,Ian Mahinmi,25:36,Markieff Morris,24:53,Marcin Gortat,22:16,Jodie Meeks,13:21,Mike Scott,12:29,118,1,8,6.0,75.0,0.0,0.0,2.0,25.0,Emmanuel Mudiay,5,2,2017-2018,2.0,4,3.0,NYK,113,Michael Beasley,,,,,,,,,,,,,40:11,Tim Hardaway Jr.,39:51,Enes Freedom,34:16,Courtney Lee,33:44,Jarrett Jack,27:32,Lance Thomas,19:16,Kyle O'Quinn,13:44,Frank Ntilikina,10:58,,
0,.000,2,22.222,4,2.00,120,0,4,80.0,4,.444,4.0,57.1,7.0,9,0,,0,0.000,Logos via Sports Logos.net / About logos,W,https://www.basketball-reference.com/boxscores/201802220ORL.html,Away,113,22:46,1,20.0,ORL,Evan Fournier,Arron Afflalo,7:10,Khem Birch,3:53,Rashad Vaughn,0:24,,,,,,,34:59,Jonathon Simmons,29:53,Mario Hezonja,27:25,D.J. Augustin,27:07,Aaron Gordon,24:39,Nikola Vučević,24:27,Shelvin Mack,20:53,Bismack Biyombo,19:40,Wes Iwundu,19:30,113,1,8,8.0,100.0,0.0,0.0,0.0,0.0,Emmanuel Mudiay,7,1,2017-2018,1.0,2,5.0,NYK,120,Tim Hardaway Jr.,Damyean Dotson,7:23,Troy Williams,6:06,,,,,,,,,34:31,Frank Ntilikina,29:46,Trey Burke,29:42,Lance Thomas,25:17,Michael Beasley,22:43,Enes Freedom,21:07,Kyle O'Quinn,18:56,Courtney Lee,14:02,Luke Kornet,7:41
0,.000,3,25.000,6,1.50,121,1,4,100.0,4,.333,4.0,44.4,9.0,12,5,.625,8,66.667,Logos via Sports Logos.net / About logos,L,https://www.basketball-reference.com/boxscores/201802240NYK.html,Home,112,25:24,0,0.0,BOS,Kyrie Irving,Shane Larkin,5:17,Semi Ojeleye,4:21,,,,,,,,,34:51,Al Horford,32:33,Marcus Morris,30:28,Jaylen Brown,29:21,Marcus Smart,27:30,Jayson Tatum,26:01,Terry Rozier,20:43,Daniel Theis,18:13,Greg Monroe,10:42,121,1,13,8.0,61.5,0.0,0.0,5.0,38.5,Emmanuel Mudiay,9,1,2017-2018,2.0,4,4.0,NYK,112,Tim Hardaway Jr.,Damyean Dotson,6:37,,,,,,,,,,,33:22,Michael Beasley,28:54,Trey Burke,26:26,Lance Thomas,24:12,Frank Ntilikina,23:47,Enes Freedom,22:57,Kyle O'Quinn,19:57,Courtney Lee,16:24,Troy Williams,12:00
3,.600,5,33.333,7,,125,1,1,50.0,8,.533,5.0,50.0,10.0,15,1,.500,2,13.333,Logos via Sports Logos.net / About logos,L,https://www.basketball-reference.com/boxscores/201802260NYK.html,Home,111,30:32,1,50.0,GSW,Klay Thompson,Jordan Bell,13:20,Quinn Cook,12:00,Shaun Livingston,7:57,Omri Casspi,6:43,,,,,33:21,Draymond Green,31:49,Stephen Curry,30:17,Kevin Durant,27:34,Andre Iguodala,19:25,Nick Young,14:39,JaVale McGee,14:35,Zaza Pachulia,14:29,David West,13:51,125,0,20,10.0,50.0,9.0,45.0,1.0,5.0,Emmanuel Mudiay,14,2,2017-2018,3.0,0,2.0,NYK,111,Tim Hardaway Jr.,Courtney Lee,11:28,Damyean Dotson,8:11,,,,,,,,,28:38,Frank Ntilikina,28:05,Michael Beasley,25:42,Trey Burke,24:57,Kyle O'Quinn,21:15,Lance Thomas,17:20,Enes Freedom,17:12,Troy Williams,14:44,Isaiah Hicks,11:56
0,.000,1,10.000,7,3.50,105,0,2,66.7,2,.200,2.0,22.2,9.0,10,5,.833,6,60.000,Logos via Sports Logos.net / About logos,L,https://www.basketball-reference.com/boxscores/201803020LAC.html,Away,128,26:09,1,33.3,LAC,Tobias Harris,Wesley Johnson,13:22,Boban Marjanović,5:14,,,,,,,,,30:53,Lou Williams,29:06,Miloš Teodosić,28:34,DeAndre Jordan,28:22,Austin Rivers,28:05,C.J. Williams,26:17,Sindarius Thornwell,18:36,Sam Dekker,15:48,Montrezl Harrell,15:43,128,1,9,4.0,44.4,0.0,0.0,5.0,55.6,Emmanuel Mudiay,23,0,2017-2018,0.0,2,3.0,NYK,105,Tim Hardaway Jr.,Damyean Dotson,6:38,Luke Kornet,6:38,,,,,,,,,34:29,Enes Freedom,29:59,Courtney Lee,26:22,Frank Ntilikina,20:06,Michael Beasley,19:47,Trey Burke,18:31,Lance Thomas,18:11,Troy Williams,16:55,Kyle O'Quinn,16:15
0,.000,3,50.000,3,,99,0,1,100.0,0,.000,0.0,0.0,3.0,6,0,.000,2,33.333,Logos via Sports Logos.net / About logos,L,https://www.basketball-reference.com/boxscores/201803040SAC.html,Away,102,18:49,0,0.0,SAC,Skal Labissière,Bruno Caboclo,8:20,,,,,,,,,,,33:34,De'Aaron Fox,28:39,Bogdan Bogdanović,27:23,Buddy Hield,26:42,Kosta Koufos,25:42,Justin Jackson,24:55,Vince Carter,24:07,Garrett Temple,21:18,Frank Mason III,19:21,102,2,0,0.0,,0.0,,0.0,,Emmanuel Mudiay,3,0,2017-2018,0.0,0,1.0,NYK,99,Tim Hardaway Jr.,Isaiah Hicks,8:50,,,,,,,,,,,37:27,Trey Burke,26:58,Kyle O'Quinn,25:53,Michael Beasley,25:07,Courtney Lee,24:47,Frank Ntilikina,23:13,Enes Freedom,22:07,Lance Thomas,14:03,Troy Williams,12:47
0,.000,2,22.222,4,0.67,87,0,1,50.0,1,.111,1.0,14.3,7.0,9,1,1.000,1,11.111,Logos via Sports Logos.net / About logos,L,https://www.basketball-reference.com/boxscores/201803060POR.html,Away,111,25:49,1,50.0,POR,CJ McCollum,Jake Layman,3:22,Caleb Swanigan,3:00,Wade Baldwin,3:00,,,,,,,34:59,Damian Lillard,31:30,Shabazz Napier,26:23,Ed Davis,26:23,Al-Farouq Aminu,25:29,Pat Connaughton,24:15,Zach Collins,22:31,Evan Turner,20:31,Jusuf Nurkić,18:37,111,1,3,2.0,66.7,0.0,0.0,1.0,33.3,Emmanuel Mudiay,24,1,2017-2018,1.0,6,2.0,NYK,87,Tim Hardaway Jr.,Luke Kornet,3:22,Isaiah Hicks,3:22,,,,,,,,,35:02,Frank Ntilikina,28:03,Enes Freedom,27:01,Michael Beasley,25:00,Trey Burke,20:28,Lance Thomas,19:38,Damyean Dotson,18:18,Kyle O'Quinn,17:37,Troy Williams,16:20
1,.333,3,21.429,4,1.33,112,0,2,100.0,7,.500,6.0,54.5,11.0,14,4,.571,7,50.000,Logos via Sports Logos.net / About logos,L,https://www.basketball-reference.com/boxscores/201803090MIL.html,Away,120,28:27,0,0.0,MIL,Giannis Antetokounmpo,Shabazz Muhammad,6:06,Xavier Munford,1:41,,,,,,,,,35:14,John Henson,31:13,Khris Middleton,31:09,Eric Bledsoe,28:01,Tony Snell,27:23,Jabari Parker,23:26,Sterling Brown,21:48,Jason Terry,17:12,Tyler Zeller,16:47,120,2,19,12.0,63.2,3.0,15.8,4.0,21.1,Emmanuel Mudiay,8,1,2017-2018,1.0,3,2.0,NYK,112,Lance Thomas,Luke Kornet,3:18,,,,,,,,,,,33:29,Frank Ntilikina,33:27,Tim Hardaway Jr.,32:02,Troy Williams,25:39,Michael Beasley,22:53,Enes Freedom,21:45,Kyle O'Quinn,17:14,Trey Burke,14:16,Damyean Dotson,7:30
1,.500,2,15.385,5,5.00,132,0,2,66.7,6,.462,5.0,45.5,11.0,13,0,,0,0.000,Logos via Sports Logos.net / About logos,L,https://www.basketball-reference.com/boxscores/201803110NYK.html,Home,106,30:28,1,33.3,TOR,DeMar DeRozan,Fred VanVleet,16:27,Malcolm Miller,12:00,Nigel Hayes,5:21,Lucas Nogueira,5:21,,,,,28:20,Kyle Lowry,27:59,Serge Ibaka,24:37,Jonas Valančiūnas,22:03,Norman Powell,21:31,Jakob Poeltl,20:36,Delon Wright,19:40,C.J. Miles,18:03,Pascal Siakam,18:02,132,4,13,10.0,76.9,3.0,23.1,0.0,0.0,Emmanuel Mudiay,26,2,2017-2018,2.0,1,3.0,NYK,106,Tim Hardaway Jr.,Damyean Dotson,3:14,,,,,,,,,,,37:32,Luke Kornet,33:45,Frank Ntilikina,31:37,Michael Beasley,29:30,Kyle O'Quinn,21:46,Courtney Lee,19:54,Trey Burke,14:50,Isaiah Hicks,10:59,Troy Williams,6:25
2,.500,4,44.444,2,0.67,110,0,1,100.0,4,.444,2.0,40.0,5.0,9,0,,0,0.000,Logos via Sports Logos.net / About logos,L,https://www.basketball-reference.com/boxscores/201803130NYK.html,Home,97,25:55,0,0.0,DAL,Harrison Barnes,Jameel Warney,11:32,Dwight Powell,8:54,,,,,,,,,33:57,Dennis Smith Jr.,31:02,Yogi Ferrell,28:02,Kyle Collinsworth,22:25,Dirk Nowitzki,21:36,Doug McDermott,21:15,J.J. Barea,20:41,Dorian Finney-Smith,20:35,Nerlens Noel,20:01,110,1,10,4.0,40.0,6.0,60.0,0.0,0.0,Emmanuel Mudiay,13,1,2017-2018,1.0,3,1.0,NYK,97,Tim Hardaway Jr.,Damyean Dotson,9:04,,,,,,,,,,,38:56,Michael Beasley,32:42,Lance Thomas,22:59,Troy Williams,22:21,Kyle O'Quinn,21:06,Enes Freedom,20:44,Frank Ntilikina,16:11,Courtney Lee,15:07,Trey Burke,14:55
0,.000,1,8.333,4,2.00,118,0,0,,5,.417,5.0,45.5,11.0,12,2,1.000,2,16.667,Logos via Sports Logos.net / About logos,L,https://www.basketball-reference.com/boxscores/201803150NYK.html,Home,110,27:50,0,,PHI,Ben Simmons,,,,,,,,,,,,,33:26,Joel Embiid,31:53,Robert Covington,31:32,JJ Redick,29:48,Dario Šarić,27:56,Marco Belinelli,27:38,Ersan İlyasova,24:09,T.J. McConnell,22:39,Amir Johnson,10:59,118,3,12,10.0,83.3,0.0,0.0,2.0,16.7,Emmanuel Mudiay,8,2,2017-2018,2.0,2,0.0,NYK,110,Courtney Lee,,,,,,,,,,,,,37:21,Tim Hardaway Jr.,34:55,Michael Beasley,33:30,Trey Burke,25:05,Kyle O'Quinn,24:14,Enes Freedom,23:46,Isaiah Hicks,14:10,Frank Ntilikina,13:05,Damyean Dotson,6:04
0,.000,1,12.500,3,,101,1,3,60.0,3,.375,3.0,42.9,7.0,8,1,.500,2,25.000,Logos via Sports Logos.net / About logos,W,https://www.basketball-reference.com/boxscores/201803170NYK.html,Home,124,15:37,2,40.0,CHO,Dwight Howard,Treveon Graham,16:30,Willy Hernangómez,12:54,Julyan Stone,4:53,,,,,,,26:44,Nicolas Batum,25:06,Kemba Walker,24:47,Marvin Williams,23:14,Malik Monk,23:13,Michael Kidd-Gilchrist,23:10,Frank Kaminsky,20:50,Jeremy Lamb,19:41,Dwayne Bacon,18:58,101,1,7,6.0,85.7,0.0,0.0,1.0,14.3,Emmanuel Mudiay,23,1,2017-2018,2.0,0,5.0,NYK,124,Tim Hardaway Jr.,Enes Freedom,14:34,Damyean Dotson,9:05,Jarrett Jack,7:02,,,,,,,28:35,Isaiah Hicks,24:54,Troy Williams,22:50,Michael Beasley,22:37,Lance Thomas,21:27,Frank Ntilikina,20:46,Trey Burke,19:07,Kyle O'Quinn,17:19,Luke Kornet,16:07
0,.000,1,12.500,3,1.50,92,1,2,100.0,2,.250,2.0,28.6,7.0,8,0,,0,0.000,Logos via Sports Logos.net / About logos,W,https://www.basketball-reference.com/boxscores/201803190NYK.html,Home,110,21:08,0,0.0,CHI,Cristiano Felício,Justin Holiday,17:52,,,,,,,,,,,29:30,Cameron Payne,28:44,Noah Vonleh,26:11,Antonio Blakeney,25:55,Paul Zipser,25:18,Bobby Portis,25:02,Denzel Valentine,21:39,David Nwaba,20:33,Jerian Grant,19:16,92,1,4,4.0,100.0,0.0,0.0,0.0,0.0,Emmanuel Mudiay,18,1,2017-2018,2.0,2,2.0,NYK,110,Tim Hardaway Jr.,Luke Kornet,8:59,Damyean Dotson,8:07,,,,,,,,,31:13,Frank Ntilikina,24:12,Michael Beasley,23:25,Kyle O'Quinn,22:15,Trey Burke,21:10,Courtney Lee,21:04,Isaiah Hicks,20:41,Troy Williams,19:50,Enes Freedom,17:56
0,.000,2,20.000,4,,98,0,4,100.0,3,.300,3.0,37.5,8.0,10,2,1.000,2,20.000,Logos via Sports Logos.net / About logos,L,https://www.basketball-reference.com/boxscores/201803210MIA.html,Away,119,28:14,0,0.0,MIA,Kelly Olynyk,Derrick Walton,5:02,Luke Babbitt,5:02,Udonis Haslem,5:02,Jordan Mickey,5:02,,,,,29:41,Josh Richardson,27:53,Tyler Johnson,26:44,Wayne Ellington,25:57,Justise Winslow,25:50,Goran Dragić,24:43,Rodney McGruder,23:37,James Johnson,22:10,Bam Adebayo,13:17,119,1,8,6.0,75.0,0.0,0.0,2.0,25.0,Emmanuel Mudiay,21,2,2017-2018,2.0,0,4.0,NYK,98,Michael Beasley,Troy Williams,9:32,,,,,,,,,,,34:16,Tim Hardaway Jr.,31:49,Enes Freedom,30:36,Trey Burke,25:53,Frank Ntilikina,19:46,Courtney Lee,19:40,Kyle O'Quinn,14:30,Isaiah Hicks,13:44,Damyean Dotson,12:00
0,,0,0.000,1,,108,0,0,,0,.000,0.0,0.0,1.0,1,0,,0,0.000,Logos via Sports Logos.net / About logos,L,https://www.basketball-reference.com/boxscores/201803230NYK.html,Home,104,4:54,0,,MIN,Karl-Anthony Towns,,,,,,,,,,,,,40:41,Taj Gibson,38:31,Nemanja Bjelica,37:36,Andrew Wiggins,37:36,Jeff Teague,33:35,Jamal Crawford,25:11,Tyus Jones,14:25,Gorgui Dieng,12:25,,,108,1,0,0.0,,0.0,,0.0,,Emmanuel Mudiay,4,0,2017-2018,0.0,0,0.0,NYK,104,Frank Ntilikina,,,,,,,,,,,,,37:15,Tim Hardaway Jr.,36:19,Enes Freedom,32:59,Trey Burke,31:01,Michael Beasley,26:50,Luke Kornet,21:10,Troy Williams,20:27,Kyle O'Quinn,15:01,Courtney Lee,14:04
1,.500,2,25.000,7,,101,0,6,100.0,4,.500,3.0,50.0,6.0,8,2,1.000,2,25.000,Logos via Sports Logos.net / About logos,W,https://www.basketball-reference.com/boxscores/201803250WAS.html,Away,97,20:34,0,0.0,WAS,Bradley Beal,Jason Smith,6:29,Jodie Meeks,4:54,,,,,,,,,39:02,Tomáš Satoranský,35:48,Markieff Morris,34:03,Otto Porter Jr.,28:30,Kelly Oubre Jr.,26:48,Mike Scott,25:33,Ramon Sessions,16:16,Marcin Gortat,15:09,Ian Mahinmi,7:28,97,1,11,6.0,54.5,3.0,27.3,2.0,18.2,Emmanuel Mudiay,4,1,2017-2018,1.0,0,6.0,NYK,101,Tim Hardaway Jr.,,,,,,,,,,,,,35:29,Michael Beasley,31:36,Trey Burke,27:22,Courtney Lee,27:02,Enes Freedom,27:01,Frank Ntilikina,20:58,Lance Thomas,18:45,Luke Kornet,18:42,Troy Williams,12:31
1,.500,2,13.333,2,0.67,101,2,3,75.0,8,.533,7.0,53.8,13.0,15,5,.833,6,40.000,Logos via Sports Logos.net / About logos,L,https://www.basketball-reference.com/boxscores/201803280PHI.html,Away,118,24:47,1,25.0,PHI,Dario Šarić,Joel Embiid,8:32,,,,,,,,,,,36:00,Ben Simmons,34:25,Robert Covington,33:23,JJ Redick,31:23,Ersan İlyasova,25:46,Marco Belinelli,24:34,Richaun Holmes,21:56,Markelle Fultz,13:35,T.J. McConnell,10:26,118,3,22,14.0,63.6,3.0,13.6,5.0,22.7,Emmanuel Mudiay,17,1,2017-2018,3.0,3,4.0,NYK,101,Michael Beasley,,,,,,,,,,,,,34:55,Tim Hardaway Jr.,33:00,Enes Freedom,30:55,Trey Burke,27:53,Frank Ntilikina,24:17,Troy Williams,22:28,Lance Thomas,18:59,Luke Kornet,17:48,Isaiah Hicks,4:58
0,.000,1,16.667,2,0.67,115,0,1,50.0,2,.333,2.0,40.0,5.0,6,0,,0,0.000,Logos via Sports Logos.net / About logos,L,https://www.basketball-reference.com/boxscores/201803310NYK.html,Home,109,20:08,1,50.0,DET,Andre Drummond,Eric Moreland,10:48,,,,,,,,,,,37:12,Reggie Bullock,33:22,Anthony Tolliver,31:19,Reggie Jackson,24:53,Stanley Johnson,23:21,Ish Smith,22:59,James Ennis III,21:23,Luke Kennard,18:02,Henry Ellenson,16:41,115,1,4,4.0,100.0,0.0,0.0,0.0,0.0,Emmanuel Mudiay,6,0,2017-2018,0.0,3,2.0,NYK,109,Trey Burke,,,,,,,,,,,,,38:21,Tim Hardaway Jr.,35:32,Troy Williams,32:48,Kyle O'Quinn,32:09,Michael Beasley,28:59,Damyean Dotson,17:11,Luke Kornet,15:51,Lance Thomas,13:51,Isaiah Hicks,5:10
0,.000,2,28.571,1,0.50,97,0,2,100.0,1,.143,1.0,20.0,5.0,7,0,,0,0.000,Logos via Sports Logos.net / About logos,L,https://www.basketball-reference.com/boxscores/201804030NYK.html,Home,73,18:25,0,0.0,ORL,Mario Hezonja,Bismack Biyombo,6:20,,,,,,,,,,,35:34,Jamel Artis,32:01,Aaron Gordon,27:53,Shelvin Mack,27:49,Rodney Purvis,25:55,Wes Iwundu,22:37,Khem Birch,21:40,D.J. Augustin,20:11,Nikola Vučević,20:00,97,1,2,2.0,100.0,0.0,0.0,0.0,0.0,Emmanuel Mudiay,24,0,2017-2018,0.0,2,2.0,NYK,73,Tim Hardaway Jr.,,,,,,,,,,,,,34:42,Trey Burke,31:35,Kyle O'Quinn,29:02,Frank Ntilikina,27:59,Lance Thomas,26:38,Courtney Lee,23:42,Luke Kornet,18:50,Isaiah Hicks,17:29,Damyean Dotson,11:38
0,.000,1,50.000,1,1.00,98,0,1,100.0,0,.000,0.0,0.0,1.0,2,0,,0,0.000,Logos via Sports Logos.net / About logos,W,https://www.basketball-reference.com/boxscores/201804060NYK.html,Home,122,7:44,0,0.0,MIA,Wayne Ellington,Hassan Whiteside,17:34,Bam Adebayo,12:23,Luke Babbitt,6:40,,,,,,,28:46,Tyler Johnson,26:57,Goran Dragić,23:33,James Johnson,23:22,Justise Winslow,22:05,Rodney McGruder,21:59,Josh Richardson,19:27,Dwyane Wade,19:11,Kelly Olynyk,18:03,98,1,0,0.0,,0.0,,0.0,,Emmanuel Mudiay,24,0,2017-2018,0.0,1,1.0,NYK,122,Damyean Dotson,Michael Beasley,0:18,,,,,,,,,,,35:47,Frank Ntilikina,32:22,Trey Burke,29:53,Courtney Lee,29:28,Tim Hardaway Jr.,29:26,Kyle O'Quinn,21:51,Luke Kornet,21:46,Isaiah Hicks,19:25,Jarrett Jack,12:00
0,,0,,0,,96,0,0,,0,,0.0,,0.0,0,0,,0,,Logos via Sports Logos.net / About logos,W,https://www.basketball-reference.com/boxscores/201810290NYK.html,Home,115,2:24,0,,BRK,Caris LeVert,Ed Davis,12:23,Džanan Musa,4:09,Kenneth Faried,4:09,,,,,,,29:29,Joe Harris,27:33,D'Angelo Russell,27:19,Rondae Hollis-Jefferson,27:00,Spencer Dinwiddie,25:24,Allen Crabbe,25:00,Jarrett Allen,20:29,Shabazz Napier,18:53,Jared Dudley,18:12,96,0,0,0.0,,0.0,,0.0,,Emmanuel Mudiay,19,0,2018-2019,0.0,0,0.0,NYK,115,Tim Hardaway Jr.,Lance Thomas,9:19,Ron Baker,2:24,Luke Kornet,2:24,,,,,,,34:54,Frank Ntilikina,31:35,Noah Vonleh,28:39,Damyean Dotson,28:00,Enes Freedom,26:19,Allonzo Trier,24:41,Mario Hezonja,20:13,Mitchell Robinson,15:07,Trey Burke,14:01
0,.000,2,40.000,4,4.00,118,0,1,50.0,3,.600,3.0,100.0,3.0,5,0,,0,0.000,Logos via Sports Logos.net / About logos,W,https://www.basketball-reference.com/boxscores/201811020DAL.html,Away,106,15:58,1,50.0,DAL,Harrison Barnes,Jalen Brunson,3:27,,,,,,,,,,,35:15,Luka Dončić,34:58,DeAndre Jordan,32:17,Dennis Smith Jr.,31:53,Wesley Matthews,31:06,Dorian Finney-Smith,27:15,J.J. Barea,15:21,Dwight Powell,15:14,Maxi Kleber,13:14,106,1,6,6.0,100.0,0.0,0.0,0.0,0.0,Emmanuel Mudiay,12,3,2018-2019,3.0,1,2.0,NYK,118,Damyean Dotson,Trey Burke,6:50,,,,,,,,,,,36:21,Mitchell Robinson,34:01,Tim Hardaway Jr.,33:49,Frank Ntilikina,32:02,Allonzo Trier,24:02,Enes Freedom,20:10,Lance Thomas,17:25,Noah Vonleh,10:17,Mario Hezonja,9:05
0,.000,2,40.000,3,1.50,95,1,1,33.3,1,.200,1.0,33.3,3.0,5,2,.667,3,60.000,Logos via Sports Logos.net / About logos,L,https://www.basketball-reference.com/boxscores/201811040WAS.html,Away,108,22:49,2,66.7,WAS,Bradley Beal,Troy Brown Jr.,1:27,Thomas Bryant,1:27,Jordan McRae,1:27,,,,,,,39:32,John Wall,37:53,Markieff Morris,31:06,Dwight Howard,30:37,Jeff Green,27:28,Austin Rivers,25:08,Kelly Oubre Jr.,24:06,Tomáš Satoranský,14:27,Jason Smith,5:22,108,3,4,2.0,50.0,0.0,0.0,2.0,50.0,Emmanuel Mudiay,13,1,2018-2019,2.0,2,3.0,NYK,95,Damyean Dotson,Lance Thomas,7:47,Ron Baker,2:10,Luke Kornet,2:10,,,,,,,30:32,Mitchell Robinson,26:18,Mario Hezonja,25:08,Tim Hardaway Jr.,24:18,Enes Freedom,24:16,Frank Ntilikina,22:31,Allonzo Trier,21:31,Trey Burke,20:09,Noah Vonleh,10:21
1,.333,3,18.750,2,1.00,116,0,3,50.0,7,.438,6.0,46.2,13.0,16,1,1.000,1,6.250,Logos via Sports Logos.net / About logos,L,https://www.basketball-reference.com/boxscores/201811050NYK.html,Home,115,34:25,3,50.0,CHI,Zach LaVine,Chandler Hutchison,15:33,,,,,,,,,,,49:01,Justin Holiday,46:51,Jabari Parker,42:25,Cameron Payne,40:44,Wendell Carter Jr.,22:20,Antonio Blakeney,20:08,Cristiano Felício,18:23,Robin Lopez,17:19,Ryan Arcidiacono,17:16,116,5,16,12.0,75.0,3.0,18.8,1.0,6.2,Emmanuel Mudiay,1,1,2018-2019,1.0,2,6.0,NYK,115,Allonzo Trier,Kevin Knox,4:59,,,,,,,,,,,41:48,Damyean Dotson,41:24,Enes Freedom,40:57,Mario Hezonja,36:00,Noah Vonleh,34:34,Trey Burke,23:38,Frank Ntilikina,16:12,Mitchell Robinson,11:03,Lance Thomas,5:00
3,1.000,3,37.500,3,3.00,112,1,4,80.0,4,.500,1.0,20.0,5.0,8,0,.000,2,25.000,Logos via Sports Logos.net / About logos,W,https://www.basketball-reference.com/boxscores/201811070ATL.html,Away,107,21:34,1,20.0,ATL,DeAndre' Bembry,Vince Carter,10:31,Alex Poythress,8:49,,,,,,,,,32:51,Kent Bazemore,31:19,Taurean Prince,31:10,Trae Young,30:38,Omari Spellman,28:28,Jeremy Lin,21:55,Dewayne Dedmon,17:08,Alex Len,16:03,Miles Plumlee,11:08,107,2,11,2.0,18.2,9.0,81.8,0.0,0.0,Emmanuel Mudiay,5,0,2018-2019,1.0,1,5.0,NYK,112,Noah Vonleh,,,,,,,,,,,,,38:57,Tim Hardaway Jr.,36:34,Allonzo Trier,36:28,Enes Freedom,29:58,Frank Ntilikina,22:56,Damyean Dotson,17:51,Mitchell Robinson,14:53,Mario Hezonja,11:39,Kevin Knox,9:10
0,.000,1,9.091,2,1.00,112,1,1,50.0,6,.545,6.0,60.0,10.0,11,0,,0,0.000,Logos via Sports Logos.net / About logos,L,https://www.basketball-reference.com/boxscores/201811100TOR.html,Away,128,22:57,1,50.0,TOR,Pascal Siakam,C.J. Miles,18:20,Lorenzo Brown,2:23,Greg Monroe,2:23,,,,,,,28:22,Kyle Lowry,26:36,Serge Ibaka,25:40,OG Anunoby,24:45,Delon Wright,24:18,Kawhi Leonard,23:15,Fred VanVleet,22:04,Danny Green,21:07,Jonas Valančiūnas,20:47,128,1,12,12.0,100.0,0.0,0.0,0.0,0.0,Emmanuel Mudiay,16,2,2018-2019,3.0,2,2.0,NYK,112,Tim Hardaway Jr.,,,,,,,,,,,,,31:33,Mitchell Robinson,28:25,Noah Vonleh,25:59,Frank Ntilikina,24:35,Kevin Knox,24:14,Damyean Dotson,23:15,Mario Hezonja,21:33,Enes Freedom,19:35,Allonzo Trier,17:54
0,.000,2,50.000,0,0.00,115,0,3,100.0,1,.250,1.0,50.0,2.0,4,1,.333,3,75.000,Logos via Sports Logos.net / About logos,L,https://www.basketball-reference.com/boxscores/201811110NYK.html,Home,89,17:15,0,0.0,ORL,Wes Iwundu,Khem Birch,5:14,Isaiah Briscoe,5:14,Melvin Frazier,5:14,,,,,,,31:38,Jerian Grant,28:14,Jonathon Simmons,27:49,Jarell Martin,27:31,Nikola Vučević,26:21,D.J. Augustin,23:42,Terrence Ross,22:24,Evan Fournier,19:00,Mo Bamba,17:39,115,1,3,2.0,66.7,0.0,0.0,1.0,33.3,Emmanuel Mudiay,26,0,2018-2019,0.0,2,3.0,NYK,89,Mario Hezonja,Frank Ntilikina,5:45,Ron Baker,5:14,,,,,,,,,26:32,Enes Freedom,26:18,Tim Hardaway Jr.,26:06,Kevin Knox,25:35,Noah Vonleh,22:34,Mitchell Robinson,22:13,Allonzo Trier,21:54,Damyean Dotson,20:48,Trey Burke,19:46
0,.000,2,40.000,5,1.67,103,1,1,100.0,2,.400,2.0,66.7,3.0,5,3,.750,4,80.000,Logos via Sports Logos.net / About logos,L,https://www.basketball-reference.com/boxscores/201811140OKC.html,Away,128,21:18,0,0.0,OKC,Terrance Ferguson,Deonte Burton,12:00,Álex Abrines,7:23,Abdel Nader,2:36,Timothé Luwawu-Cabarrot,1:16,,,,,31:42,Steven Adams,30:27,Dennis Schröder,29:54,Paul George,28:37,Jerami Grant,27:52,Hamidou Diallo,19:26,Patrick Patterson,18:17,Raymond Felton,16:50,Nerlens Noel,13:40,128,0,7,4.0,57.1,0.0,0.0,3.0,42.9,Emmanuel Mudiay,25,1,2018-2019,2.0,3,1.0,NYK,103,Allonzo Trier,Ron Baker,5:21,,,,,,,,,,,32:19,Kevin Knox,29:20,Tim Hardaway Jr.,24:42,Damyean Dotson,23:18,Enes Freedom,22:08,Mario Hezonja,22:00,Frank Ntilikina,21:25,Noah Vonleh,20:24,Mitchell Robinson,17:45
2,.667,3,25.000,0,0.00,124,2,6,100.0,8,.667,6.0,66.7,9.0,12,1,.500,2,16.667,Logos via Sports Logos.net / About logos,L,https://www.basketball-reference.com/boxscores/201811160NOP.html,Away,129,22:49,0,0.0,NOP,Anthony Davis,Elfrid Payton,8:07,,,,,,,,,,,40:23,Jrue Holiday,35:53,Julius Randle,30:15,E'Twaun Moore,30:06,Darius Miller,29:40,Nikola Mirotić,27:03,Ian Clark,14:48,Wesley Johnson,12:07,Frank Jackson,11:38,129,0,19,12.0,63.2,6.0,31.6,1.0,5.3,Emmanuel Mudiay,5,2,2018-2019,4.0,1,6.0,NYK,124,Tim Hardaway Jr.,,,,,,,,,,,,,38:05,Allonzo Trier,32:18,Noah Vonleh,27:27,Trey Burke,25:45,Mitchell Robinson,24:19,Kevin Knox,20:50,Damyean Dotson,18:32,Enes Freedom,15:07,Frank Ntilikina,14:48
0,.000,1,12.500,2,1.00,117,0,0,0.0,5,.625,5.0,71.4,7.0,8,2,.500,4,50.000,Logos via Sports Logos.net / About logos,L,https://www.basketball-reference.com/boxscores/201811180ORL.html,Away,131,22:40,1,100.0,ORL,Nikola Vučević,Wes Iwundu,15:20,Jerian Grant,4:01,,,,,,,,,31:37,Evan Fournier,29:34,Aaron Gordon,29:26,D.J. Augustin,27:39,Jonathan Isaac,24:01,Jonathon Simmons,22:56,Terrence Ross,22:43,Mo Bamba,16:23,Isaiah Briscoe,16:20,131,3,12,10.0,83.3,0.0,0.0,2.0,16.7,Emmanuel Mudiay,14,0,2018-2019,0.0,2,1.0,NYK,117,Enes Freedom,,,,,,,,,,,,,37:41,Tim Hardaway Jr.,35:57,Noah Vonleh,34:32,Trey Burke,29:11,Kevin Knox,23:26,Frank Ntilikina,21:31,Damyean Dotson,13:39,Allonzo Trier,12:41,Mitchell Robinson,8:42
2,.500,4,44.444,4,2.00,118,0,2,100.0,6,.667,4.0,80.0,5.0,9,2,1.000,2,22.222,Logos via Sports Logos.net / About logos,L,https://www.basketball-reference.com/boxscores/201811200NYK.html,Home,114,24:16,0,0.0,POR,CJ McCollum,Wade Baldwin,6:42,,,,,,,,,,,38:28,Damian Lillard,36:12,Evan Turner,33:47,Jusuf Nurkić,30:34,Al-Farouq Aminu,28:48,Nik Stauskas,17:41,Meyers Leonard,17:26,Jake Layman,17:12,Zach Collins,13:10,118,2,16,8.0,50.0,6.0,37.5,2.0,12.5,Emmanuel Mudiay,4,0,2018-2019,0.0,2,2.0,NYK,114,Noah Vonleh,,,,,,,,,,,,,36:45,Tim Hardaway Jr.,36:44,Frank Ntilikina,27:32,Enes Freedom,26:37,Trey Burke,25:44,Mitchell Robinson,18:03,Mario Hezonja,17:06,Allonzo Trier,14:38,Kevin Knox,12:35
1,.333,3,60.000,2,2.00,117,1,2,100.0,1,.200,0.0,0.0,2.0,5,2,1.000,2,40.000,Logos via Sports Logos.net / About logos,W,https://www.basketball-reference.com/boxscores/201811210BOS.html,Away,109,19:30,0,0.0,BOS,Kyrie Irving,Daniel Theis,3:39,,,,,,,,,,,36:58,Al Horford,35:17,Gordon Hayward,31:35,Marcus Morris,30:00,Jayson Tatum,29:00,Jaylen Brown,25:58,Marcus Smart,19:56,Terry Rozier,15:52,Aron Baynes,11:45,109,2,5,0.0,0.0,3.0,60.0,2.0,40.0,Emmanuel Mudiay,8,0,2018-2019,1.0,1,2.0,NYK,117,Tim Hardaway Jr.,,,,,,,,,,,,,37:37,Trey Burke,31:55,Noah Vonleh,30:21,Frank Ntilikina,27:08,Kevin Knox,25:44,Enes Freedom,22:59,Mitchell Robinson,16:25,Allonzo Trier,15:19,Mario Hezonja,13:02
1,.167,6,30.000,2,1.00,109,0,5,83.3,10,.500,9.0,64.3,14.0,20,6,.857,7,35.000,Logos via Sports Logos.net / About logos,W,https://www.basketball-reference.com/boxscores/201811230NYK.html,Home,114,28:30,1,16.7,NOP,Jrue Holiday,Cheick Diallo,5:08,,,,,,,,,,,36:36,Anthony Davis,32:01,E'Twaun Moore,31:03,Nikola Mirotić,29:51,Julius Randle,28:52,Darius Miller,24:31,Wesley Johnson,24:00,Ian Clark,16:44,Frank Jackson,11:14,109,2,27,18.0,66.7,3.0,11.1,6.0,22.2,Emmanuel Mudiay,5,4,2018-2019,4.0,2,6.0,NYK,114,Noah Vonleh,,,,,,,,,,,,,36:48,Tim Hardaway Jr.,36:09,Allonzo Trier,34:13,Enes Freedom,33:16,Trey Burke,19:30,Mario Hezonja,18:40,Frank Ntilikina,14:19,Kevin Knox,9:19,Mitchell Robinson,9:16
2,.500,4,33.333,4,4.00,103,1,2,100.0,5,.417,3.0,37.5,8.0,12,5,1.000,5,41.667,Logos via Sports Logos.net / About logos,W,https://www.basketball-reference.com/boxscores/201811250MEM.html,Away,98,23:28,0,0.0,MEM,Marc Gasol,Omri Casspi,4:03,,,,,,,,,,,39:56,Mike Conley,38:40,Kyle Anderson,34:05,Garrett Temple,33:01,Jaren Jackson Jr.,29:44,Shelvin Mack,19:22,JaMychal Green,19:19,MarShon Brooks,10:56,Wayne Selden,10:54,98,2,17,6.0,35.3,6.0,35.3,5.0,29.4,Emmanuel Mudiay,5,1,2018-2019,2.0,1,2.0,NYK,103,Enes Freedom,,,,,,,,,,,,,40:51,Tim Hardaway Jr.,38:25,Noah Vonleh,30:38,Trey Burke,29:17,Allonzo Trier,22:30,Mario Hezonja,21:02,Mitchell Robinson,13:18,Frank Ntilikina,13:05,Kevin Knox,7:26
1,.250,4,30.769,2,1.00,108,0,2,100.0,4,.308,3.0,33.3,9.0,13,0,,0,0.000,Logos via Sports Logos.net / About logos,L,https://www.basketball-reference.com/boxscores/201811270DET.html,Away,115,22:24,0,0.0,DET,Blake Griffin,Glenn Robinson III,11:07,,,,,,,,,,,36:02,Andre Drummond,30:12,Reggie Bullock,29:41,Stanley Johnson,27:49,Reggie Jackson,26:49,Langston Galloway,21:53,Ish Smith,21:11,Bruce Brown,17:58,Zaza Pachulia,17:18,115,0,9,6.0,66.7,3.0,33.3,0.0,0.0,Emmanuel Mudiay,7,0,2018-2019,0.0,2,2.0,NYK,108,Enes Freedom,Frank Ntilikina,14:47,,,,,,,,,,,35:44,Allonzo Trier,30:47,Tim Hardaway Jr.,30:45,Damyean Dotson,23:15,Noah Vonleh,19:08,Mitchell Robinson,16:44,Mario Hezonja,15:51,Kevin Knox,15:31,Trey Burke,15:04
0,.000,3,60.000,1,,91,0,1,100.0,1,.200,1.0,50.0,2.0,5,1,.500,2,40.000,Logos via Sports Logos.net / About logos,L,https://www.basketball-reference.com/boxscores/201811280PHI.html,Away,117,20:49,0,0.0,PHI,Joel Embiid,Amir Johnson,8:30,Demetrius Jackson,5:34,,,,,,,,,30:16,JJ Redick,26:24,Wilson Chandler,25:31,T.J. McConnell,25:23,Jimmy Butler,25:02,Mike Muscala,24:58,Ben Simmons,24:01,Furkan Korkmaz,22:45,Landry Shamet,21:36,117,1,3,2.0,66.7,0.0,0.0,1.0,33.3,Emmanuel Mudiay,26,0,2018-2019,0.0,0,1.0,NYK,91,Tim Hardaway Jr.,Frank Ntilikina,14:23,Ron Baker,5:34,,,,,,,,,27:12,Enes Freedom,26:00,Mario Hezonja,25:39,Damyean Dotson,23:37,Kevin Knox,23:28,Allonzo Trier,21:41,Noah Vonleh,17:53,Mitchell Robinson,17:24,Trey Burke,16:20
4,.800,5,27.778,7,2.33,134,0,3,100.0,10,.556,6.0,46.2,13.0,18,4,.800,5,27.778,Logos via Sports Logos.net / About logos,W,https://www.basketball-reference.com/boxscores/201812010NYK.html,Home,136,35:45,0,0.0,MIL,Giannis Antetokounmpo,Donte DiVincenzo,12:53,,,,,,,,,,,41:50,Malcolm Brogdon,36:46,Eric Bledsoe,36:38,Pat Connaughton,36:29,Brook Lopez,28:04,Sterling Brown,21:32,Tony Snell,19:24,Khris Middleton,18:31,Thon Maker,12:53,134,2,28,12.0,42.9,12.0,42.9,4.0,14.3,Emmanuel Mudiay,2,1,2018-2019,1.0,3,3.0,NYK,136,Tim Hardaway Jr.,Luke Kornet,0:01,,,,,,,,,,,47:05,Kevin Knox,36:49,Noah Vonleh,35:04,Damyean Dotson,33:22,Enes Freedom,26:54,Mitchell Robinson,19:42,Allonzo Trier,17:14,Mario Hezonja,12:08,Trey Burke,0:56
2,.400,5,33.333,4,1.00,110,1,5,100.0,6,.400,4.0,40.0,10.0,15,2,1.000,2,13.333,Logos via Sports Logos.net / About logos,L,https://www.basketball-reference.com/boxscores/201812030NYK.html,Home,107,36:12,0,0.0,WAS,Bradley Beal,Ian Mahinmi,5:16,,,,,,,,,,,38:16,John Wall,37:03,Otto Porter Jr.,32:13,Kelly Oubre Jr.,31:43,Markieff Morris,23:58,Tomáš Satoranský,23:51,Thomas Bryant,18:46,Jeff Green,15:12,Austin Rivers,13:42,110,1,16,8.0,50.0,6.0,37.5,2.0,12.5,Emmanuel Mudiay,3,0,2018-2019,1.0,4,5.0,NYK,107,Noah Vonleh,,,,,,,,,,,,,31:29,Tim Hardaway Jr.,30:01,Kevin Knox,27:58,Enes Freedom,25:03,Damyean Dotson,24:20,Mario Hezonja,19:53,Courtney Lee,15:31,Allonzo Trier,15:21,Mitchell Robinson,14:12
2,.500,4,26.667,6,2.00,100,1,1,50.0,5,.333,3.0,27.3,11.0,15,5,1.000,5,33.333,Logos via Sports Logos.net / About logos,L,https://www.basketball-reference.com/boxscores/201812060BOS.html,Away,128,34:16,1,50.0,BOS,Marcus Morris,Semi Ojeleye,2:43,Brad Wanamaker,2:43,Guerschon Yabusele,2:43,Aron Baynes,1:45,,,,,30:19,Kyrie Irving,30:08,Al Horford,27:53,Jayson Tatum,26:01,Jaylen Brown,25:12,Gordon Hayward,25:07,Terry Rozier,24:23,Marcus Smart,23:39,Daniel Theis,17:24,128,4,17,6.0,35.3,6.0,35.3,5.0,29.4,Emmanuel Mudiay,28,0,2018-2019,1.0,3,2.0,NYK,100,Noah Vonleh,Luke Kornet,2:43,,,,,,,,,,,34:17,Tim Hardaway Jr.,33:11,Kevin Knox,24:45,Enes Freedom,23:45,Mitchell Robinson,20:37,Damyean Dotson,20:00,Mario Hezonja,18:27,Allonzo Trier,17:38,Courtney Lee,10:21
2,.400,5,50.000,4,1.33,112,0,1,100.0,4,.400,2.0,40.0,5.0,10,3,.750,4,40.000,Logos via Sports Logos.net / About logos,L,https://www.basketball-reference.com/boxscores/201812080NYK.html,Home,104,25:52,0,0.0,BRK,Rondae Hollis-Jefferson,Jared Dudley,7:01,,,,,,,,,,,31:47,Allen Crabbe,31:47,D'Angelo Russell,30:10,Spencer Dinwiddie,29:38,Joe Harris,27:10,Jarrett Allen,26:15,DeMarre Carroll,23:53,Ed Davis,19:41,Rodions Kurucs,12:38,112,3,13,4.0,30.8,6.0,46.2,3.0,23.1,Emmanuel Mudiay,8,0,2018-2019,0.0,3,1.0,NYK,104,Damyean Dotson,Courtney Lee,3:25,,,,,,,,,,,29:35,Allonzo Trier,27:21,Mario Hezonja,26:39,Enes Freedom,26:28,Tim Hardaway Jr.,22:43,Mitchell Robinson,20:59,Noah Vonleh,20:55,Kevin Knox,20:20,Frank Ntilikina,15:43
0,.000,4,44.444,4,2.00,119,0,3,100.0,3,.333,3.0,60.0,5.0,9,0,,0,0.000,Logos via Sports Logos.net / About logos,L,https://www.basketball-reference.com/boxscores/201812090NYK.html,Home,107,19:00,0,0.0,CHO,Kemba Walker,Frank Kaminsky,12:25,Devonte' Graham,5:42,Willy Hernangómez,4:17,,,,,,,30:32,Jeremy Lamb,27:46,Marvin Williams,27:06,Cody Zeller,25:41,Nicolas Batum,23:36,Michael Kidd-Gilchrist,23:14,Miles Bridges,22:40,Malik Monk,20:14,Tony Parker,16:47,119,1,6,6.0,100.0,0.0,0.0,0.0,0.0,Emmanuel Mudiay,12,0,2018-2019,0.0,2,3.0,NYK,107,Kevin Knox,Mario Hezonja,4:49,,,,,,,,,,,41:14,Tim Hardaway Jr.,34:45,Damyean Dotson,31:19,Noah Vonleh,29:43,Frank Ntilikina,20:00,Mitchell Robinson,18:45,Enes Freedom,18:10,Courtney Lee,13:15,Ron Baker,9:00
0,.000,2,11.111,7,3.50,106,0,6,75.0,7,.389,7.0,43.8,16.0,18,2,1.000,2,11.111,Logos via Sports Logos.net / About logos,L,https://www.basketball-reference.com/boxscores/201812120CLE.html,Away,113,30:40,2,25.0,CLE,Jordan Clarkson,David Nwaba,10:27,Jalen Jones,5:36,,,,,,,,,34:02,Larry Nance Jr.,33:19,Cedi Osman,32:25,Collin Sexton,28:40,Alec Burks,26:08,Rodney Hood,22:31,Matthew Dellavedova,21:35,Channing Frye,14:41,Jaron Blossomgame,10:36,113,2,16,14.0,87.5,0.0,0.0,2.0,12.5,Emmanuel Mudiay,7,2,2018-2019,2.0,2,8.0,NYK,106,Tim Hardaway Jr.,,,,,,,,,,,,,43:10,Kevin Knox,32:43,Enes Freedom,32:30,Noah Vonleh,24:20,Frank Ntilikina,23:31,Damyean Dotson,19:08,Mitchell Robinson,15:30,Mario Hezonja,10:50,Luke Kornet,7:38
1,.250,4,19.048,8,2.67,126,0,2,66.7,14,.667,13.0,76.5,17.0,21,5,.833,6,28.571,Logos via Sports Logos.net / About logos,W,https://www.basketball-reference.com/boxscores/201812140CHO.html,Away,124,41:00,1,33.3,CHO,Kemba Walker,Miles Bridges,10:45,,,,,,,,,,,40:44,Nicolas Batum,38:32,Jeremy Lamb,38:20,Marvin Williams,37:06,Cody Zeller,36:47,Tony Parker,18:47,Frank Kaminsky,16:08,Michael Kidd-Gilchrist,15:59,Malik Monk,11:52,124,3,34,26.0,76.5,3.0,8.8,5.0,14.7,Emmanuel Mudiay,2,2,2018-2019,2.0,3,3.0,NYK,126,Kevin Knox,,,,,,,,,,,,,42:06,Noah Vonleh,41:51,Tim Hardaway Jr.,34:48,Luke Kornet,24:11,Enes Freedom,23:59,Courtney Lee,22:36,Frank Ntilikina,14:42,Mario Hezonja,12:01,Mitchell Robinson,7:46
1,.333,3,27.273,6,3.00,99,0,1,100.0,5,.455,4.0,50.0,8.0,11,7,.700,10,90.909,Logos via Sports Logos.net / About logos,L,https://www.basketball-reference.com/boxscores/201812160IND.html,Away,110,30:07,0,0.0,IND,Victor Oladipo,,,,,,,,,,,,,35:46,Bojan Bogdanović,34:25,Myles Turner,34:04,Thaddeus Young,32:19,Cory Joseph,29:57,Doug McDermott,21:39,Domantas Sabonis,21:12,Darren Collison,16:54,Aaron Holiday,13:44,110,3,18,8.0,44.4,3.0,16.7,7.0,38.9,Emmanuel Mudiay,11,1,2018-2019,1.0,2,1.0,NYK,99,Enes Freedom,,,,,,,,,,,,,35:58,Tim Hardaway Jr.,35:25,Kevin Knox,35:11,Noah Vonleh,31:08,Courtney Lee,18:26,Frank Ntilikina,18:23,Mario Hezonja,13:20,Trey Burke,12:35,Luke Kornet,9:27
2,.333,6,28.571,6,3.00,128,0,5,83.3,12,.571,10.0,66.7,15.0,21,6,.857,7,33.333,Logos via Sports Logos.net / About logos,L,https://www.basketball-reference.com/boxscores/201812170NYK.html,Home,110,32:34,1,16.7,PHO,T.J. Warren,Jawun Evans,2:39,Dragan Bender,1:48,,,,,,,,,39:03,Devin Booker,37:16,Mikal Bridges,33:23,Deandre Ayton,29:06,Jamal Crawford,26:11,Josh Jackson,25:54,De'Anthony Melton,20:44,Richaun Holmes,18:54,Troy Daniels,5:02,128,3,32,20.0,62.5,6.0,18.8,6.0,18.8,Emmanuel Mudiay,18,0,2018-2019,0.0,2,6.0,NYK,110,Kevin Knox,,,,,,,,,,,,,37:24,Frank Ntilikina,28:45,Enes Freedom,27:50,Trey Burke,23:40,Courtney Lee,21:57,Lance Thomas,19:45,Mario Hezonja,17:28,Noah Vonleh,16:58,Luke Kornet,13:39
1,.200,5,41.667,5,5.00,109,0,3,100.0,3,.250,2.0,28.6,7.0,12,4,.500,8,66.667,Logos via Sports Logos.net / About logos,L,https://www.basketball-reference.com/boxscores/201812190PHI.html,Away,131,31:52,0,0.0,PHI,Jimmy Butler,Amir Johnson,3:47,Shake Milton,3:47,Demetrius Jackson,3:47,,,,,,,31:08,Ben Simmons,30:39,Wilson Chandler,29:37,Mike Muscala,26:28,Joel Embiid,25:49,JJ Redick,25:36,Landry Shamet,22:24,T.J. McConnell,20:06,Furkan Korkmaz,16:52,131,1,11,4.0,36.4,3.0,27.3,4.0,36.4,Emmanuel Mudiay,22,0,2018-2019,0.0,1,3.0,NYK,109,Kevin Knox,Mario Hezonja,3:47,,,,,,,,,,,35:57,Noah Vonleh,35:46,Enes Freedom,29:17,Tim Hardaway Jr.,27:45,Damyean Dotson,22:18,Lance Thomas,16:59,Frank Ntilikina,16:08,Luke Kornet,10:11,Courtney Lee,10:00
3,.429,7,35.000,4,1.33,114,0,1,100.0,12,.600,9.0,69.2,13.0,20,5,.714,7,35.000,Logos via Sports Logos.net / About logos,L,https://www.basketball-reference.com/boxscores/201812210NYK.html,Home,107,34:09,0,0.0,ATL,Kevin Huerter,Daniel Hamilton,3:48,,,,,,,,,,,34:17,John Collins,32:56,Kent Bazemore,29:52,Trae Young,28:09,DeAndre' Bembry,28:02,Dewayne Dedmon,27:36,Alex Len,21:07,Jeremy Lin,20:42,Vince Carter,13:31,114,3,32,18.0,56.2,9.0,28.1,5.0,15.6,Emmanuel Mudiay,7,1,2018-2019,1.0,3,1.0,NYK,107,Tim Hardaway Jr.,,,,,,,,,,,,,38:23,Kevin Knox,36:36,Noah Vonleh,36:35,Enes Freedom,24:25,Lance Thomas,18:50,Damyean Dotson,15:36,Frank Ntilikina,13:51,Luke Kornet,11:21,Courtney Lee,10:14
1,.200,5,33.333,5,1.25,109,0,2,66.7,5,.333,4.0,40.0,10.0,15,0,,0,0.000,Logos via Sports Logos.net / About logos,L,https://www.basketball-reference.com/boxscores/201812250NYK.html,Home,95,33:32,1,33.3,MIL,Giannis Antetokounmpo,Sterling Brown,14:24,Donte DiVincenzo,2:42,,,,,,,,,35:11,Khris Middleton,29:28,Brook Lopez,29:24,Eric Bledsoe,28:39,George Hill,27:33,Malcolm Brogdon,26:49,D.J. Wilson,16:20,Thon Maker,15:05,Tony Snell,14:25,109,2,11,8.0,72.7,3.0,27.3,0.0,0.0,Emmanuel Mudiay,14,1,2018-2019,1.0,4,3.0,NYK,95,Kevin Knox,,,,,,,,,,,,,37:28,Tim Hardaway Jr.,33:15,Noah Vonleh,33:12,Enes Freedom,25:02,Damyean Dotson,19:07,Allonzo Trier,17:50,Trey Burke,14:28,Luke Kornet,13:49,Lance Thomas,12:17
0,.000,3,20.000,6,,96,1,3,100.0,6,.400,6.0,50.0,12.0,15,1,.500,2,13.333,Logos via Sports Logos.net / About logos,L,https://www.basketball-reference.com/boxscores/201812270MIL.html,Away,112,27:15,0,0.0,MIL,Giannis Antetokounmpo,Thon Maker,12:35,,,,,,,,,,,34:42,Khris Middleton,32:35,Malcolm Brogdon,31:21,Eric Bledsoe,30:51,Brook Lopez,26:04,D.J. Wilson,20:47,George Hill,20:21,Tony Snell,17:17,Sterling Brown,13:27,112,0,13,12.0,92.3,0.0,0.0,1.0,7.7,Emmanuel Mudiay,16,0,2018-2019,1.0,0,3.0,NYK,96,Kevin Knox,,,,,,,,,,,,,38:41,Noah Vonleh,34:55,Luke Kornet,33:34,Damyean Dotson,28:41,Courtney Lee,23:06,Frank Ntilikina,20:45,Allonzo Trier,18:37,Enes Freedom,14:26,,
1,.500,2,18.182,5,,97,0,1,100.0,6,.545,5.0,55.6,9.0,11,0,,0,0.000,Logos via Sports Logos.net / About logos,L,https://www.basketball-reference.com/boxscores/201812290UTA.html,Away,129,23:55,0,0.0,UTA,Donovan Mitchell,Georges Niang,9:40,Ekpe Udoh,9:01,Naz Mitrou-Long,8:36,Tony Bradley,8:36,,,,,27:23,Dante Exum,26:07,Rudy Gobert,24:58,Derrick Favors,24:35,Kyle Korver,21:35,Joe Ingles,20:49,Thabo Sefolosha,20:22,Raul Neto,19:52,Royce O'Neale,18:26,129,3,13,10.0,76.9,3.0,23.1,0.0,0.0,Emmanuel Mudiay,32,0,2018-2019,0.0,0,1.0,NYK,97,Kevin Knox,Lance Thomas,7:05,Mario Hezonja,4:36,,,,,,,,,41:16,Luke Kornet,28:38,Tim Hardaway Jr.,26:16,Noah Vonleh,23:55,Allonzo Trier,21:44,Damyean Dotson,21:18,Enes Freedom,17:12,Frank Ntilikina,16:29,Trey Burke,7:36
1,.500,2,10.000,9,2.25,108,1,1,33.3,7,.350,6.0,33.3,18.0,20,0,.000,2,10.000,Logos via Sports Logos.net / About logos,L,https://www.basketball-reference.com/boxscores/201901010DEN.html,Away,115,31:43,2,66.7,DEN,Nikola Jokić,Trey Lyles,9:56,,,,,,,,,,,34:29,Jamal Murray,32:21,Malik Beasley,29:56,Torrey Craig,24:37,Mason Plumlee,23:47,Monte Morris,22:46,Paul Millsap,22:26,Gary Harris,19:52,Juancho Hernangómez,19:50,115,3,15,12.0,80.0,3.0,20.0,0.0,0.0,Emmanuel Mudiay,7,2,2018-2019,3.0,4,3.0,NYK,108,Kevin Knox,,,,,,,,,,,,,38:42,Tim Hardaway Jr.,37:31,Noah Vonleh,34:20,Luke Kornet,26:59,Enes Freedom,20:03,Allonzo Trier,19:20,Frank Ntilikina,18:15,Damyean Dotson,13:07,,
1,.200,5,31.250,6,6.00,119,0,6,85.7,4,.250,3.0,27.3,11.0,16,6,.857,7,43.750,Logos via Sports Logos.net / About logos,W,https://www.basketball-reference.com/boxscores/201901040LAL.html,Away,112,33:12,1,14.3,LAL,Brandon Ingram,Svi Mykhailiuk,11:25,,,,,,,,,,,36:40,Kentavious Caldwell-Pope,36:09,Lonzo Ball,33:43,Josh Hart,33:11,Lance Stephenson,29:15,JaVale McGee,24:57,Michael Beasley,11:37,Ivica Zubac,11:33,Tyson Chandler,11:30,112,1,15,6.0,40.0,3.0,20.0,6.0,40.0,Emmanuel Mudiay,7,0,2018-2019,0.0,1,7.0,NYK,119,Tim Hardaway Jr.,Frank Ntilikina,0:56,,,,,,,,,,,38:22,Kevin Knox,37:00,Enes Freedom,26:49,Damyean Dotson,24:10,Luke Kornet,21:11,Trey Burke,18:58,Noah Vonleh,17:03,Mario Hezonja,13:30,Allonzo Trier,8:49
0,.000,1,5.882,7,,101,0,2,100.0,7,.412,7.0,43.8,16.0,17,3,1.000,3,17.647,Logos via Sports Logos.net / About logos,L,https://www.basketball-reference.com/boxscores/201901070POR.html,Away,111,34:41,0,0.0,POR,CJ McCollum,Maurice Harkless,8:38,,,,,,,,,,,37:03,Al-Farouq Aminu,32:54,Damian Lillard,32:18,Seth Curry,22:21,Evan Turner,22:05,Jake Layman,21:59,Zach Collins,21:47,Meyers Leonard,21:36,Jusuf Nurkić,19:17,111,2,17,14.0,82.4,0.0,0.0,3.0,17.6,Emmanuel Mudiay,10,3,2018-2019,3.0,0,2.0,NYK,101,Mario Hezonja,,,,,,,,,,,,,31:11,Enes Freedom,29:10,Noah Vonleh,28:38,Tim Hardaway Jr.,26:44,Damyean Dotson,21:37,Kevin Knox,21:34,Luke Kornet,18:50,Trey Burke,14:06,Allonzo Trier,13:27
0,.000,1,12.500,4,1.33,95,0,1,50.0,3,.375,3.0,42.9,7.0,8,1,.500,2,25.000,Logos via Sports Logos.net / About logos,L,https://www.basketball-reference.com/boxscores/201901080GSW.html,Away,122,24:43,1,50.0,GSW,Klay Thompson,Jordan Bell,5:33,Jacob Evans,5:33,,,,,,,,,33:46,Draymond Green,33:27,Stephen Curry,31:58,Kevin Durant,30:21,Kevon Looney,26:16,Andre Iguodala,23:07,Jonas Jerebko,17:39,Alfonzo McKinnie,16:18,Quinn Cook,16:02,122,0,7,6.0,85.7,0.0,0.0,1.0,14.3,Emmanuel Mudiay,27,1,2018-2019,1.0,3,2.0,NYK,95,Kevin Knox,,,,,,,,,,,,,31:38,Allonzo Trier,28:32,Mario Hezonja,25:14,Enes Freedom,25:11,Trey Burke,24:11,Damyean Dotson,22:21,Tim Hardaway Jr.,20:29,Luke Kornet,18:53,Noah Vonleh,18:48
3,.429,7,38.889,3,0.75,121,1,1,50.0,8,.444,5.0,45.5,11.0,18,2,1.000,2,11.111,Logos via Sports Logos.net / About logos,L,https://www.basketball-reference.com/boxscores/201901110NYK.html,Home,106,28:01,1,50.0,IND,Domantas Sabonis,Kyle O'Quinn,14:01,Aaron Holiday,2:06,Alize Johnson,2:06,Edmond Sumner,2:06,,,,,31:53,Thaddeus Young,30:18,Victor Oladipo,28:02,Darren Collison,26:51,Bojan Bogdanović,25:50,Cory Joseph,21:14,Tyreke Evans,19:35,Doug McDermott,18:59,T.J. Leaf,16:59,121,1,21,10.0,47.6,9.0,42.9,2.0,9.5,Emmanuel Mudiay,15,0,2018-2019,1.0,4,2.0,NYK,106,Mario Hezonja,,,,,,,,,,,,,30:09,Tim Hardaway Jr.,28:58,Kevin Knox,27:36,Damyean Dotson,27:35,Trey Burke,25:49,Luke Kornet,20:58,Noah Vonleh,19:21,Allonzo Trier,16:17,Lance Thomas,15:16
1,.200,5,29.412,4,1.33,108,0,2,50.0,7,.412,6.0,50.0,12.0,17,4,1.000,4,23.529,Logos via Sports Logos.net / About logos,L,https://www.basketball-reference.com/boxscores/201901130NYK.html,Home,105,27:32,2,50.0,PHI,Ben Simmons,Furkan Korkmaz,9:10,,,,,,,,,,,37:00,JJ Redick,34:13,Joel Embiid,32:22,Wilson Chandler,29:59,Jimmy Butler,28:28,T.J. McConnell,21:05,Jonah Bolden,17:56,Mike Muscala,15:38,Landry Shamet,14:09,108,2,19,12.0,63.2,3.0,15.8,4.0,21.1,Emmanuel Mudiay,3,1,2018-2019,1.0,3,4.0,NYK,105,Kevin Knox,,,,,,,,,,,,,43:52,Damyean Dotson,36:22,Luke Kornet,33:38,Frank Ntilikina,27:33,Mario Hezonja,21:56,Lance Thomas,19:13,Noah Vonleh,18:08,Allonzo Trier,11:46,,
1,.333,3,16.667,2,0.40,100,0,6,85.7,11,.611,10.0,66.7,15.0,18,2,1.000,2,11.111,Logos via Sports Logos.net / About logos,L,https://www.basketball-reference.com/boxscores/201901170WAS.html,Away,101,31:14,1,14.3,WAS,Bradley Beal,Ian Mahinmi,7:45,,,,,,,,,,,40:01,Trevor Ariza,38:25,Otto Porter Jr.,34:54,Tomáš Satoranský,30:15,Chasson Randle,23:15,Jeff Green,20:58,Sam Dekker,19:22,Thomas Bryant,15:40,Troy Brown Jr.,9:25,101,2,25,20.0,80.0,3.0,12.0,2.0,8.0,Emmanuel Mudiay,1,0,2018-2019,0.0,5,7.0,NYK,100,Luke Kornet,,,,,,,,,,,,,33:55,Kevin Knox,30:41,Damyean Dotson,25:19,Noah Vonleh,24:39,Tim Hardaway Jr.,24:30,Allonzo Trier,23:29,Mario Hezonja,19:30,Frank Ntilikina,16:46,Mitchell Robinson,9:57
0,.000,2,18.182,2,,127,0,2,100.0,6,.545,6.0,66.7,9.0,11,2,1.000,2,18.182,Logos via Sports Logos.net / About logos,L,https://www.basketball-reference.com/boxscores/201901210NYK.html,Home,109,17:57,0,0.0,OKC,Jerami Grant,Patrick Patterson,9:00,Timothé Luwawu-Cabarrot,2:06,,,,,,,,,33:53,Paul George,30:40,Steven Adams,29:31,Russell Westbrook,28:44,Dennis Schröder,28:38,Abdel Nader,20:21,Terrance Ferguson,19:59,Nerlens Noel,19:48,Hamidou Diallo,17:20,127,0,14,12.0,85.7,0.0,0.0,2.0,14.3,Emmanuel Mudiay,18,0,2018-2019,0.0,0,2.0,NYK,109,Noah Vonleh,Luke Kornet,6:45,,,,,,,,,,,32:28,Frank Ntilikina,30:03,Allonzo Trier,29:47,Tim Hardaway Jr.,27:22,Kevin Knox,26:31,Damyean Dotson,23:37,Enes Freedom,19:14,Mitchell Robinson,15:32,Mario Hezonja,10:44
1,.250,4,44.444,2,0.29,114,0,3,75.0,4,.444,3.0,60.0,5.0,9,5,.833,6,66.667,Logos via Sports Logos.net / About logos,L,https://www.basketball-reference.com/boxscores/201901230NYK.html,Home,110,28:11,1,25.0,HOU,James Harden,,,,,,,,,,,,,40:00,P.J. Tucker,38:47,Eric Gordon,36:36,Austin Rivers,33:50,Gerald Green,28:29,James Ennis III,26:53,Kenneth Faried,26:00,Gary Clark,9:25,,,114,3,14,6.0,42.9,3.0,21.4,5.0,35.7,Emmanuel Mudiay,4,1,2018-2019,1.0,7,4.0,NYK,110,Tim Hardaway Jr.,,,,,,,,,,,,,35:10,Kevin Knox,32:48,Allonzo Trier,32:37,Noah Vonleh,30:37,Damyean Dotson,24:51,Frank Ntilikina,23:57,Mitchell Robinson,17:23,Lance Thomas,14:26,,
2,.500,4,26.667,1,0.25,115,1,4,66.7,6,.400,4.0,36.4,11.0,15,1,.500,2,13.333,Logos via Sports Logos.net / About logos,L,https://www.basketball-reference.com/boxscores/201902220NYK.html,Home,104,26:20,2,33.3,MIN,Andrew Wiggins,Keita Bates-Diop,12:44,,,,,,,,,,,35:16,Taj Gibson,31:22,Jeff Teague,31:15,Luol Deng,28:35,Derrick Rose,23:22,Dario Šarić,23:06,Anthony Tolliver,20:07,Tyus Jones,17:24,Josh Okogie,16:49,115,3,15,8.0,53.3,6.0,40.0,1.0,6.7,Emmanuel Mudiay,11,3,2018-2019,4.0,4,6.0,NYK,104,Kevin Knox,,,,,,,,,,,,,38:07,Damyean Dotson,33:50,DeAndre Jordan,32:37,Allonzo Trier,29:33,Noah Vonleh,25:24,Dennis Smith Jr.,21:40,Mitchell Robinson,13:00,Luke Kornet,10:33,John Jenkins,8:55
3,.600,5,50.000,1,0.33,118,0,0,,8,.800,5.0,100.0,5.0,10,0,,0,0.000,Logos via Sports Logos.net / About logos,W,https://www.basketball-reference.com/boxscores/201902240NYK.html,Home,130,19:04,0,,SAS,Patty Mills,Quincy Pondexter,10:15,Pau Gasol,5:44,Chimezie Metu,1:24,,,,,,,32:41,DeMar DeRozan,32:17,Bryn Forbes,27:49,Rudy Gay,25:48,Marco Belinelli,24:19,Dāvis Bertāns,23:50,LaMarcus Aldridge,21:10,Jakob Poeltl,19:42,Dante Cunningham,15:01,118,0,19,10.0,52.6,9.0,47.4,0.0,0.0,Emmanuel Mudiay,12,0,2018-2019,0.0,3,0.0,NYK,130,Damyean Dotson,,,,,,,,,,,,,36:36,Kevin Knox,32:53,Lance Thomas,30:22,Mitchell Robinson,30:03,Dennis Smith Jr.,29:44,Allonzo Trier,28:24,Noah Vonleh,17:57,John Jenkins,11:24,Henry Ellenson,3:33
0,.000,3,16.667,3,1.50,103,0,7,87.5,8,.444,8.0,53.3,15.0,18,3,.600,5,27.778,Logos via Sports Logos.net / About logos,W,https://www.basketball-reference.com/boxscores/201902260NYK.html,Home,108,31:30,1,12.5,ORL,Evan Fournier,,,,,,,,,,,,,36:59,Nikola Vučević,34:25,Aaron Gordon,32:25,Jonathan Isaac,31:51,D.J. Augustin,29:36,Wes Iwundu,23:12,Terrence Ross,19:38,Jerian Grant,18:19,Khem Birch,13:35,103,3,19,16.0,84.2,0.0,0.0,3.0,15.8,Emmanuel Mudiay,5,0,2018-2019,0.0,2,8.0,NYK,108,Henry Ellenson,Luke Kornet,4:27,,,,,,,,,,,36:16,Mitchell Robinson,32:31,Kevin Knox,27:02,John Jenkins,22:55,Dennis Smith Jr.,21:21,Allonzo Trier,21:12,Damyean Dotson,16:52,Lance Thomas,14:57,Noah Vonleh,10:57
1,.500,2,20.000,6,3.00,125,0,1,100.0,4,.400,3.0,37.5,8.0,10,1,.500,2,20.000,Logos via Sports Logos.net / About logos,L,https://www.basketball-reference.com/boxscores/201902280NYK.html,Home,118,22:22,0,0.0,CLE,Collin Sexton,Marquese Chriss,12:58,Nik Stauskas,6:43,,,,,,,,,31:32,Cedi Osman,31:32,Jordan Clarkson,28:57,Kevin Love,28:21,Ante Žižić,26:28,Larry Nance Jr.,19:28,Brandon Knight,19:03,David Nwaba,18:29,Matthew Dellavedova,16:29,125,1,10,6.0,60.0,3.0,30.0,1.0,10.0,Emmanuel Mudiay,7,0,2018-2019,0.0,2,1.0,NYK,118,Allonzo Trier,,,,,,,,,,,,,32:00,Damyean Dotson,29:24,Dennis Smith Jr.,28:55,Mitchell Robinson,28:24,Henry Ellenson,26:50,Noah Vonleh,22:11,Kevin Knox,22:06,Lance Thomas,18:35,John Jenkins,9:13
2,.500,4,26.667,3,3.00,107,0,4,100.0,6,.400,4.0,36.4,11.0,15,2,1.000,2,13.333,Logos via Sports Logos.net / About logos,L,https://www.basketball-reference.com/boxscores/201903030LAC.html,Away,128,28:45,0,0.0,LAC,Shai Gilgeous-Alexander,Tyrone Wallace,15:26,Jerome Robinson,4:40,Sindarius Thornwell,4:40,Johnathan Motley,3:28,,,,,29:13,Landry Shamet,26:15,Patrick Beverley,25:13,Montrezl Harrell,24:38,Ivica Zubac,23:22,Danilo Gallinari,23:13,Lou Williams,21:38,JaMychal Green,20:07,Garrett Temple,18:07,128,0,16,8.0,50.0,6.0,37.5,2.0,12.5,Emmanuel Mudiay,21,3,2018-2019,3.0,1,4.0,NYK,107,Damyean Dotson,Lance Thomas,7:41,,,,,,,,,,,28:48,Dennis Smith Jr.,28:28,Noah Vonleh,27:37,Allonzo Trier,24:44,Kevin Knox,23:33,Mitchell Robinson,22:43,Luke Kornet,21:21,Henry Ellenson,14:47,John Jenkins,11:33
1,.250,4,44.444,5,1.67,108,0,2,100.0,3,.333,2.0,40.0,5.0,9,1,.500,2,22.222,Logos via Sports Logos.net / About logos,L,https://www.basketball-reference.com/boxscores/201903040SAC.html,Away,115,19:28,0,0.0,SAC,Harrison Barnes,,,,,,,,,,,,,36:57,Bogdan Bogdanović,36:30,Buddy Hield,34:34,De'Aaron Fox,32:41,Willie Cauley-Stein,25:51,Nemanja Bjelica,23:48,Harry Giles,22:09,Yogi Ferrell,14:22,Corey Brewer,13:08,115,2,8,4.0,50.0,3.0,37.5,1.0,12.5,Emmanuel Mudiay,7,0,2018-2019,0.0,3,2.0,NYK,108,Noah Vonleh,,,,,,,,,,,,,33:30,Damyean Dotson,30:25,Allonzo Trier,30:12,Dennis Smith Jr.,28:32,Luke Kornet,25:57,Kevin Knox,21:20,Mitchell Robinson,18:36,Henry Ellenson,16:46,Lance Thomas,15:14
0,,0,0.000,1,0.20,96,0,1,100.0,1,.250,1.0,25.0,4.0,4,0,,0,0.000,Logos via Sports Logos.net / About logos,L,https://www.basketball-reference.com/boxscores/201903060PHO.html,Away,107,16:55,0,0.0,PHO,Devin Booker,Jamal Crawford,14:25,De'Anthony Melton,7:24,Elie Okobo,1:39,,,,,,,33:56,Tyler Johnson,29:02,Kelly Oubre Jr.,28:04,Josh Jackson,25:33,Deandre Ayton,25:20,Mikal Bridges,21:02,Richaun Holmes,21:01,Dragan Bender,18:08,Troy Daniels,14:26,107,2,2,2.0,100.0,0.0,0.0,0.0,0.0,Emmanuel Mudiay,11,1,2018-2019,1.0,5,1.0,NYK,96,Dennis Smith Jr.,,,,,,,,,,,,,37:17,Damyean Dotson,33:34,Allonzo Trier,32:11,Noah Vonleh,31:10,DeAndre Jordan,24:52,Kevin Knox,24:30,Mitchell Robinson,22:11,Lance Thomas,14:14,Henry Ellenson,3:06
1,.500,2,25.000,3,1.00,102,0,4,100.0,4,.500,3.0,50.0,6.0,8,0,,0,0.000,Logos via Sports Logos.net / About logos,L,https://www.basketball-reference.com/boxscores/201903090NYK.html,Home,94,23:39,0,0.0,SAC,De'Aaron Fox,,,,,,,,,,,,,37:25,Harrison Barnes,37:25,Buddy Hield,36:07,Bogdan Bogdanović,29:48,Nemanja Bjelica,28:47,Willie Cauley-Stein,28:42,Harry Giles,19:18,Corey Brewer,11:53,Yogi Ferrell,10:35,102,2,9,6.0,66.7,3.0,33.3,0.0,0.0,Emmanuel Mudiay,8,0,2018-2019,0.0,3,4.0,NYK,94,Damyean Dotson,Henry Ellenson,4:28,,,,,,,,,,,33:18,Dennis Smith Jr.,32:23,DeAndre Jordan,26:03,Lance Thomas,25:07,Allonzo Trier,24:09,Kevin Knox,23:01,Mitchell Robinson,21:57,Luke Kornet,13:16,John Jenkins,12:39
0,.000,2,28.571,1,0.20,92,0,4,100.0,2,.286,2.0,40.0,5.0,7,0,,0,0.000,Logos via Sports Logos.net / About logos,L,https://www.basketball-reference.com/boxscores/201903100MIN.html,Away,103,20:40,0,0.0,MIN,Keita Bates-Diop,Derrick Rose,7:58,Jerryd Bayless,2:46,Jared Terrell,1:42,C.J. Williams,1:42,,,,,34:47,Jeff Teague,32:59,Taj Gibson,30:05,Josh Okogie,26:05,Anthony Tolliver,24:49,Dario Šarić,21:29,Tyus Jones,19:35,Cameron Reynolds,18:08,Gorgui Dieng,17:55,103,1,4,4.0,100.0,0.0,0.0,0.0,0.0,Emmanuel Mudiay,11,1,2018-2019,1.0,5,4.0,NYK,92,Damyean Dotson,,,,,,,,,,,,,40:37,Mitchell Robinson,32:51,Dennis Smith Jr.,28:35,Noah Vonleh,27:36,Kevin Knox,27:26,Allonzo Trier,24:11,DeAndre Jordan,15:09,Lance Thomas,12:35,John Jenkins,10:20
3,.750,4,28.571,4,4.00,98,2,4,100.0,7,.500,4.0,40.0,10.0,14,4,1.000,4,28.571,Logos via Sports Logos.net / About logos,L,https://www.basketball-reference.com/boxscores/201903120IND.html,Away,103,32:27,0,0.0,IND,Myles Turner,T.J. Leaf,3:27,,,,,,,,,,,37:06,Wesley Matthews,36:58,Bojan Bogdanović,36:17,Thaddeus Young,33:04,Darren Collison,30:35,Cory Joseph,23:27,Domantas Sabonis,17:58,Doug McDermott,14:23,Aaron Holiday,6:45,103,0,21,8.0,38.1,9.0,42.9,4.0,19.0,Emmanuel Mudiay,5,0,2018-2019,2.0,1,4.0,NYK,98,Damyean Dotson,,,,,,,,,,,,,36:22,DeAndre Jordan,35:07,Noah Vonleh,33:18,Dennis Smith Jr.,25:21,Kevin Knox,24:49,Allonzo Trier,22:35,Mitchell Robinson,12:53,Lance Thomas,12:07,John Jenkins,5:01
2,.500,4,28.571,2,0.50,83,0,4,100.0,6,.429,4.0,40.0,10.0,14,0,,0,0.000,Logos via Sports Logos.net / About logos,L,https://www.basketball-reference.com/boxscores/201903150SAS.html,Away,109,35:48,0,0.0,SAS,Patty Mills,Dante Cunningham,15:04,Chimezie Metu,5:18,Lonnie Walker IV,5:18,Quincy Pondexter,3:38,,,,,27:38,LaMarcus Aldridge,26:43,Jakob Poeltl,26:40,DeMar DeRozan,25:35,Bryn Forbes,23:47,Marco Belinelli,21:12,Derrick White,20:33,Dāvis Bertāns,19:46,Rudy Gay,18:48,109,2,14,8.0,57.1,6.0,42.9,0.0,0.0,Emmanuel Mudiay,26,0,2018-2019,0.0,4,4.0,NYK,83,Damyean Dotson,Noah Vonleh,8:44,Henry Ellenson,4:05,,,,,,,,,35:07,DeAndre Jordan,30:45,Kadeem Allen,28:08,Kevin Knox,24:43,Mitchell Robinson,20:36,Allonzo Trier,17:58,Lance Thomas,15:07,Luke Kornet,10:02,John Jenkins,8:57
3,.750,4,36.364,8,2.00,123,1,2,100.0,8,.727,5.0,71.4,7.0,11,9,.900,10,90.909,Logos via Sports Logos.net / About logos,W,https://www.basketball-reference.com/boxscores/201903170NYK.html,Home,124,32:47,0,0.0,LAL,LeBron James,Moritz Wagner,4:29,,,,,,,,,,,35:00,Kyle Kuzma,33:25,Rajon Rondo,28:27,Alex Caruso,27:48,Kentavious Caldwell-Pope,27:37,Johnathan Williams,24:39,Reggie Bullock,20:39,Josh Hart,19:04,JaVale McGee,18:52,123,1,28,10.0,35.7,9.0,32.1,9.0,32.1,Emmanuel Mudiay,1,0,2018-2019,1.0,4,2.0,NYK,124,Damyean Dotson,,,,,,,,,,,,,41:20,Kevin Knox,37:10,Mario Hezonja,36:26,DeAndre Jordan,32:48,Kadeem Allen,16:48,Allonzo Trier,15:55,Mitchell Robinson,15:12,Lance Thomas,11:34,,
1,.333,3,42.857,3,3.00,92,0,0,,2,.286,1.0,25.0,4.0,7,2,1.000,2,28.571,Logos via Sports Logos.net / About logos,L,https://www.basketball-reference.com/boxscores/201903180TOR.html,Away,128,21:46,0,,TOR,Pascal Siakam,Eric Moreland,15:24,Malcolm Miller,8:03,Chris Boucher,6:20,,,,,,,30:02,Fred VanVleet,28:23,Jeremy Lin,26:47,Kyle Lowry,26:21,Danny Green,21:52,Marc Gasol,21:35,Patrick McCaw,20:03,OG Anunoby,17:38,Norman Powell,17:32,128,1,7,2.0,28.6,3.0,42.9,2.0,28.6,Emmanuel Mudiay,36,0,2018-2019,0.0,1,0.0,NYK,92,Allonzo Trier,Luke Kornet,13:10,Henry Ellenson,12:00,,,,,,,,,31:10,Kevin Knox,27:53,Mario Hezonja,27:29,Kadeem Allen,26:14,DeAndre Jordan,19:55,Damyean Dotson,17:52,Mitchell Robinson,14:29,John Jenkins,14:14,Lance Thomas,13:48
0,.000,5,29.412,5,5.00,137,0,2,100.0,7,.412,7.0,58.3,12.0,17,1,1.000,1,5.882,Logos via Sports Logos.net / About logos,L,https://www.basketball-reference.com/boxscores/201903200NYK.html,Home,116,33:54,0,0.0,UTA,Donovan Mitchell,Thabo Sefolosha,14:47,Grayson Allen,7:48,Ekpe Udoh,7:19,Georges Niang,7:19,,,,,28:39,Derrick Favors,25:49,Rudy Gobert,25:34,Joe Ingles,24:05,Jae Crowder,22:31,Kyle Korver,20:34,Ricky Rubio,20:07,Royce O'Neale,19:05,Raul Neto,16:23,137,1,15,14.0,93.3,0.0,0.0,1.0,6.7,Emmanuel Mudiay,21,1,2018-2019,1.0,1,2.0,NYK,116,Kevin Knox,,,,,,,,,,,,,46:47,Damyean Dotson,37:06,Mitchell Robinson,29:49,Mario Hezonja,25:36,Henry Ellenson,18:17,DeAndre Jordan,18:11,Luke Kornet,11:16,Lance Thomas,9:39,John Jenkins,9:25
2,.400,5,23.810,4,1.33,111,1,7,100.0,9,.429,7.0,43.8,16.0,21,1,1.000,1,4.762,Logos via Sports Logos.net / About logos,L,https://www.basketball-reference.com/boxscores/201903220NYK.html,Home,93,33:41,0,0.0,DEN,Jamal Murray,Juancho Hernangómez,6:37,Jarred Vanderbilt,3:11,Trey Lyles,2:13,,,,,,,33:05,Will Barton,31:36,Paul Millsap,31:34,Nikola Jokić,28:13,Gary Harris,25:47,Mason Plumlee,23:32,Malik Beasley,22:13,Monte Morris,19:46,Torrey Craig,12:13,111,1,21,14.0,66.7,6.0,28.6,1.0,4.8,Emmanuel Mudiay,18,0,2018-2019,1.0,3,7.0,NYK,93,Damyean Dotson,John Jenkins,3:11,Luke Kornet,3:11,,,,,,,,,36:05,Kevin Knox,33:45,Frank Ntilikina,25:12,Mitchell Robinson,22:37,DeAndre Jordan,22:12,Mario Hezonja,21:39,Lance Thomas,20:31,Kadeem Allen,14:45,Henry Ellenson,3:11
2,.286,7,36.842,7,2.33,124,0,5,83.3,10,.526,8.0,66.7,12.0,19,4,1.000,4,21.053,Logos via Sports Logos.net / About logos,L,https://www.basketball-reference.com/boxscores/201903240NYK.html,Home,113,35:04,1,16.7,LAC,Shai Gilgeous-Alexander,Wilson Chandler,11:39,Sindarius Thornwell,0:48,,,,,,,,,37:44,Danilo Gallinari,33:23,Lou Williams,32:15,Patrick Beverley,30:18,Montrezl Harrell,28:05,Ivica Zubac,19:55,Garrett Temple,17:42,JaMychal Green,14:37,Landry Shamet,13:34,124,3,26,16.0,61.5,6.0,23.1,4.0,15.4,Emmanuel Mudiay,11,1,2018-2019,1.0,3,6.0,NYK,113,Damyean Dotson,,,,,,,,,,,,,44:22,DeAndre Jordan,34:11,Lance Thomas,28:42,Mario Hezonja,25:32,Kadeem Allen,20:15,Kevin Knox,18:50,Mitchell Robinson,13:49,John Jenkins,12:25,Frank Ntilikina,6:50
0,.000,2,16.667,1,0.50,117,0,2,50.0,4,.333,4.0,40.0,10.0,12,3,.750,4,33.333,Logos via Sports Logos.net / About logos,L,https://www.basketball-reference.com/boxscores/201903280NYK.html,Home,92,25:19,2,50.0,TOR,Fred VanVleet,Malcolm Miller,7:09,Jodie Meeks,5:00,Chris Boucher,5:00,,,,,,,32:04,Pascal Siakam,30:50,Jeremy Lin,25:34,Kyle Lowry,25:08,Serge Ibaka,24:18,Marc Gasol,23:11,Norman Powell,22:31,Danny Green,20:22,Patrick McCaw,18:53,117,2,11,8.0,72.7,0.0,0.0,3.0,27.3,Emmanuel Mudiay,25,0,2018-2019,0.0,2,4.0,NYK,92,Mitchell Robinson,Henry Ellenson,8:51,Luke Kornet,8:51,,,,,,,,,30:59,Damyean Dotson,29:24,Kevin Knox,26:55,Mario Hezonja,20:54,Dennis Smith Jr.,20:00,DeAndre Jordan,19:43,Kadeem Allen,18:49,Lance Thomas,18:15,John Jenkins,12:00
2,.400,5,41.667,4,1.00,100,0,4,80.0,6,.500,4.0,57.1,7.0,12,10,.833,12,100.000,Logos via Sports Logos.net / About logos,L,https://www.basketball-reference.com/boxscores/201903300NYK.html,Home,92,35:09,1,20.0,MIA,Goran Dragić,Ryan Anderson,5:49,,,,,,,,,,,37:23,Dion Waiters,36:45,Kelly Olynyk,31:54,Dwyane Wade,27:24,Bam Adebayo,27:19,James Johnson,23:19,Derrick Jones Jr.,21:27,Hassan Whiteside,19:49,Duncan Robinson,8:51,100,2,24,8.0,33.3,6.0,25.0,10.0,41.7,Emmanuel Mudiay,8,0,2018-2019,0.0,4,5.0,NYK,92,Kevin Knox,,,,,,,,,,,,,39:39,Mitchell Robinson,36:49,Luke Kornet,36:26,Kadeem Allen,27:08,Damyean Dotson,23:38,Lance Thomas,22:45,Dennis Smith Jr.,18:26,,,,
2,.286,7,33.333,4,1.33,105,0,5,100.0,7,.333,5.0,35.7,14.0,21,1,.500,2,9.524,Logos via Sports Logos.net / About logos,W,https://www.basketball-reference.com/boxscores/201904010NYK.html,Home,113,36:09,0,0.0,CHI,Wayne Selden,Brandon Sampson,8:06,Rawle Alkins,1:30,,,,,,,,,34:22,Walt Lemon Jr.,30:40,Robin Lopez,30:05,JaKarr Sampson,29:40,Shaquille Harrison,29:37,Timothé Luwawu-Cabarrot,26:25,Ryan Arcidiacono,17:20,Antonio Blakeney,16:53,Cristiano Felício,15:22,105,4,17,10.0,58.8,6.0,35.3,1.0,5.9,Emmanuel Mudiay,8,0,2018-2019,0.0,3,5.0,NYK,113,Damyean Dotson,,,,,,,,,,,,,41:03,Kevin Knox,40:25,Mitchell Robinson,33:02,Lance Thomas,31:31,Luke Kornet,28:28,John Jenkins,19:56,Kadeem Allen,9:26,,,,
1,.200,5,38.462,10,3.33,100,1,6,85.7,3,.231,2.0,25.0,8.0,13,6,.750,8,61.538,Logos via Sports Logos.net / About logos,L,https://www.basketball-reference.com/boxscores/201904030ORL.html,Away,114,39:50,1,14.3,ORL,Aaron Gordon,,,,,,,,,,,,,40:05,Evan Fournier,35:13,Nikola Vučević,32:44,D.J. Augustin,30:46,Jonathan Isaac,25:44,Michael Carter-Williams,23:45,Terrence Ross,23:36,Khem Birch,15:16,Wes Iwundu,12:51,114,2,13,4.0,30.8,3.0,23.1,6.0,46.2,Emmanuel Mudiay,14,2,2018-2019,3.0,3,7.0,NYK,100,Damyean Dotson,,,,,,,,,,,,,36:15,Kevin Knox,34:00,Mario Hezonja,33:56,Mitchell Robinson,33:49,John Jenkins,16:32,Luke Kornet,14:11,Lance Thomas,13:48,Billy Garrett,11:32,Henry Ellenson,6:07
0,.000,1,9.091,5,,95,1,2,100.0,6,.545,6.0,60.0,10.0,11,0,,0,0.000,Logos via Sports Logos.net / About logos,W,https://www.basketball-reference.com/boxscores/201910230UTA.html,Home,100,22:59,0,0.0,OKC,Shai Gilgeous-Alexander,Nerlens Noel,4:42,,,,,,,,,,,36:46,Dennis Schröder,30:40,Chris Paul,30:07,Danilo Gallinari,28:21,Steven Adams,27:42,Terrance Ferguson,23:51,Hamidou Diallo,23:00,Darius Bazley,19:15,Mike Muscala,15:36,95,2,12,12.0,100.0,0.0,0.0,0.0,0.0,Emmanuel Mudiay,5,0,2019-2020,1.0,0,2.0,UTA,100,Rudy Gobert,,,,,,,,,,,,,37:55,Donovan Mitchell,36:24,Joe Ingles,32:39,Royce O'Neale,30:07,Mike Conley,26:43,Bojan Bogdanović,23:54,Jeff Green,16:34,Ed Davis,10:05,Georges Niang,2:40
2,.400,5,50.000,2,0.50,86,0,2,100.0,5,.500,3.0,60.0,5.0,10,0,,0,0.000,Logos via Sports Logos.net / About logos,L,https://www.basketball-reference.com/boxscores/201910250LAL.html,Away,95,15:32,0,0.0,LAL,Anthony Davis,JaVale McGee,11:42,Jared Dudley,5:20,Zach Norvell,2:31,Kostas Antetokounmpo,0:28,,,,,32:20,LeBron James,30:34,Danny Green,28:20,Avery Bradley,25:50,Troy Daniels,21:22,Quinn Cook,21:12,Kentavious Caldwell-Pope,20:44,Alex Caruso,20:27,Dwight Howard,19:10,95,2,12,6.0,50.0,6.0,50.0,0.0,0.0,Emmanuel Mudiay,9,1,2019-2020,1.0,4,2.0,UTA,86,Donovan Mitchell,Jarrell Brantley,4:39,Stanton Kidd,4:39,Nigel Williams-Goss,0:28,,,,,,,33:58,Rudy Gobert,32:24,Mike Conley,31:15,Joe Ingles,28:23,Royce O'Neale,26:41,Jeff Green,23:23,Georges Niang,23:02,Ed Davis,10:08,Tony Bradley,5:28
0,.000,3,27.273,4,1.00,81,0,3,75.0,4,.364,4.0,50.0,8.0,11,2,1.000,2,18.182,Logos via Sports Logos.net / About logos,W,https://www.basketball-reference.com/boxscores/201910260UTA.html,Home,113,23:48,1,25.0,SAC,Dewayne Dedmon,Richaun Holmes,15:17,Yogi Ferrell,12:11,Justin James,7:25,Caleb Swanigan,4:42,,,,,28:01,Cory Joseph,25:01,Bogdan Bogdanović,24:21,Trevor Ariza,23:34,Harrison Barnes,21:56,Wenyen Gabriel,20:39,De'Aaron Fox,20:00,Buddy Hield,20:00,Nemanja Bjelica,16:53,81,4,10,8.0,80.0,0.0,0.0,2.0,20.0,Emmanuel Mudiay,32,0,2019-2020,0.0,4,4.0,UTA,113,Donovan Mitchell,Stanton Kidd,7:25,Tony Bradley,4:42,Nigel Williams-Goss,4:42,,,,,,,25:35,Joe Ingles,25:27,Rudy Gobert,25:03,Bojan Bogdanović,24:19,Mike Conley,24:12,Royce O'Neale,22:57,Ed Davis,18:15,Jeff Green,18:05,Georges Niang,15:30
0,,0,0.000,3,1.50,96,0,3,100.0,1,.333,1.0,33.3,3.0,3,4,1.000,4,133.333,Logos via Sports Logos.net / About logos,W,https://www.basketball-reference.com/boxscores/201910280PHO.html,Away,95,16:53,0,0.0,PHO,Kelly Oubre Jr.,Cameron Johnson,12:42,,,,,,,,,,,34:09,Frank Kaminsky,32:07,Devin Booker,29:02,Ricky Rubio,28:11,Jevon Carter,26:32,Aron Baynes,21:26,Dario Šarić,20:43,Tyler Johnson,19:37,Mikal Bridges,15:31,95,1,6,2.0,33.3,0.0,0.0,4.0,66.7,Emmanuel Mudiay,1,0,2019-2020,0.0,2,3.0,UTA,96,Bojan Bogdanović,,,,,,,,,,,,,37:19,Donovan Mitchell,37:06,Rudy Gobert,35:32,Royce O'Neale,31:43,Joe Ingles,25:37,Mike Conley,20:10,Jeff Green,14:03,Ed Davis,12:28,Georges Niang,9:09
0,.000,1,11.111,5,5.00,96,1,3,100.0,4,.444,4.0,50.0,8.0,9,0,,0,0.000,Logos via Sports Logos.net / About logos,W,https://www.basketball-reference.com/boxscores/201910300UTA.html,Home,110,16:00,0,0.0,LAC,Landry Shamet,Montrezl Harrell,13:39,Terance Mann,10:00,Mfiondu Kabengele,1:22,Derrick Walton,1:22,,,,,32:54,Patrick Patterson,28:58,Lou Williams,27:31,JaMychal Green,27:24,Patrick Beverley,25:23,Jerome Robinson,18:42,Rodney McGruder,17:56,Ivica Zubac,17:46,Maurice Harkless,17:03,96,0,8,8.0,100.0,0.0,0.0,0.0,0.0,Emmanuel Mudiay,14,1,2019-2020,2.0,1,3.0,UTA,110,Donovan Mitchell,Stanton Kidd,1:22,Georges Niang,1:22,Nigel Williams-Goss,1:22,,,,,,,34:59,Rudy Gobert,32:38,Mike Conley,32:00,Joe Ingles,31:03,Bojan Bogdanović,30:41,Royce O'Neale,23:43,Jeff Green,19:28,Ed Davis,14:00,Tony Bradley,1:22
0,.000,1,20.000,2,0.67,101,1,0,,3,.600,3.0,75.0,4.0,5,0,.000,2,40.000,Logos via Sports Logos.net / About logos,L,https://www.basketball-reference.com/boxscores/201911010SAC.html,Away,102,14:46,0,,SAC,De'Aaron Fox,,,,,,,,,,,,,36:49,Trevor Ariza,32:24,Harrison Barnes,31:29,Buddy Hield,29:45,Dewayne Dedmon,27:15,Nemanja Bjelica,25:48,Bogdan Bogdanović,25:00,Richaun Holmes,20:15,Cory Joseph,11:15,102,0,6,6.0,100.0,0.0,0.0,0.0,0.0,Emmanuel Mudiay,1,1,2019-2020,2.0,3,0.0,UTA,101,Rudy Gobert,,,,,,,,,,,,,38:00,Bojan Bogdanović,35:44,Donovan Mitchell,35:11,Mike Conley,33:05,Joe Ingles,29:46,Royce O'Neale,23:06,Jeff Green,22:36,Ed Davis,7:46,,
1,1.000,1,20.000,1,0.50,122,0,4,100.0,4,.800,3.0,75.0,4.0,5,2,1.000,2,40.000,Logos via Sports Logos.net / About logos,W,https://www.basketball-reference.com/boxscores/201911110GSW.html,Away,108,14:56,0,0.0,GSW,D'Angelo Russell,Ky Bowman,15:40,,,,,,,,,,,32:20,Jordan Poole,32:16,Eric Paschall,29:49,Willie Cauley-Stein,26:14,Glenn Robinson III,24:08,Draymond Green,22:20,Damion Lee,21:58,Alec Burks,18:44,Marquese Chriss,16:31,108,2,11,6.0,54.5,3.0,27.3,2.0,18.2,Emmanuel Mudiay,14,0,2019-2020,0.0,2,4.0,UTA,122,Rudy Gobert,Georges Niang,1:51,Nigel Williams-Goss,1:51,Miye Oni,1:31,,,,,,,34:30,Donovan Mitchell,33:01,Mike Conley,31:13,Bojan Bogdanović,30:24,Royce O'Neale,27:37,Joe Ingles,27:00,Jeff Green,20:45,Tony Bradley,13:30,Stanton Kidd,1:51
0,.000,1,12.500,2,,114,0,3,100.0,4,.500,4.0,57.1,7.0,8,7,.875,8,100.000,Logos via Sports Logos.net / About logos,W,https://www.basketball-reference.com/boxscores/201911120UTA.html,Home,119,17:57,0,0.0,BRK,Kyrie Irving,David Nwaba,5:19,,,,,,,,,,,36:41,Joe Harris,35:36,Taurean Prince,33:45,DeAndre Jordan,30:26,Garrett Temple,29:43,Spencer Dinwiddie,23:44,Jarrett Allen,17:34,Džanan Musa,15:25,Nic Claxton,11:47,114,1,15,8.0,53.3,0.0,0.0,7.0,46.7,Emmanuel Mudiay,5,1,2019-2020,1.0,0,3.0,UTA,119,Donovan Mitchell,,,,,,,,,,,,,37:44,Rudy Gobert,37:33,Joe Ingles,32:13,Mike Conley,30:03,Bojan Bogdanović,30:03,Royce O'Neale,22:10,Jeff Green,21:50,Tony Bradley,10:27,,
1,.500,2,50.000,2,0.67,106,0,1,100.0,3,.750,2.0,100.0,2.0,4,0,,0,0.000,Logos via Sports Logos.net / About logos,L,https://www.basketball-reference.com/boxscores/201911150MEM.html,Away,107,12:59,0,0.0,MEM,Jae Crowder,Marko Gudurić,12:17,,,,,,,,,,,30:58,Dillon Brooks,30:39,Ja Morant,30:24,Jonas Valančiūnas,29:51,Jaren Jackson Jr.,28:08,Kyle Anderson,22:59,Solomon Hill,19:01,Brandon Clarke,18:08,Tyus Jones,17:33,107,1,7,4.0,57.1,3.0,42.9,0.0,0.0,Emmanuel Mudiay,1,0,2019-2020,0.0,3,1.0,UTA,106,Rudy Gobert,,,,,,,,,,,,,36:29,Donovan Mitchell,36:01,Mike Conley,35:01,Bojan Bogdanović,34:48,Royce O'Neale,34:48,Jeff Green,20:36,Joe Ingles,17:46,Tony Bradley,11:31,,
0,.000,1,25.000,1,0.50,112,1,0,0.0,2,.500,2.0,66.7,3.0,4,0,,0,0.000,Logos via Sports Logos.net / About logos,L,https://www.basketball-reference.com/boxscores/201911180UTA.html,Home,102,14:02,1,100.0,MIN,Jeff Teague,Keita Bates-Diop,12:55,,,,,,,,,,,35:35,Karl-Anthony Towns,33:23,Robert Covington,32:06,Treveon Graham,24:53,Josh Okogie,24:23,Kelan Martin,24:18,Jarrett Culver,23:59,Gorgui Dieng,14:37,Jake Layman,13:51,112,1,4,4.0,100.0,0.0,0.0,0.0,0.0,Emmanuel Mudiay,10,1,2019-2020,2.0,2,1.0,UTA,102,Rudy Gobert,,,,,,,,,,,,,36:12,Mike Conley,34:07,Donovan Mitchell,33:50,Joe Ingles,33:37,Bojan Bogdanović,30:58,Royce O'Neale,25:21,Jeff Green,17:52,Dante Exum,14:01,,
0,.000,1,14.286,0,0.00,103,0,3,60.0,1,.143,1.0,16.7,6.0,7,0,,0,0.000,Logos via Sports Logos.net / About logos,W,https://www.basketball-reference.com/boxscores/201911200MIN.html,Away,95,15:35,2,40.0,MIN,Andrew Wiggins,Keita Bates-Diop,4:06,,,,,,,,,,,34:09,Jeff Teague,33:40,Karl-Anthony Towns,32:49,Robert Covington,30:41,Kelan Martin,24:42,Jarrett Culver,23:51,Josh Okogie,21:46,Treveon Graham,19:05,Gorgui Dieng,15:11,95,3,2,2.0,100.0,0.0,0.0,0.0,0.0,Emmanuel Mudiay,8,1,2019-2020,1.0,1,5.0,UTA,103,Donovan Mitchell,,,,,,,,,,,,,37:37,Bojan Bogdanović,36:06,Rudy Gobert,35:20,Mike Conley,30:51,Royce O'Neale,29:18,Joe Ingles,27:13,Jeff Green,15:27,Dante Exum,7:54,Georges Niang,4:39
1,1.000,1,16.667,1,0.33,109,0,2,100.0,5,.833,4.0,80.0,5.0,6,0,,0,0.000,Logos via Sports Logos.net / About logos,W,https://www.basketball-reference.com/boxscores/201911220UTA.html,Home,113,15:29,0,0.0,GSW,Ky Bowman,,,,,,,,,,,,,36:25,Glenn Robinson III,35:47,Alec Burks,34:40,Eric Paschall,29:32,Omari Spellman,28:18,Willie Cauley-Stein,28:03,Jordan Poole,25:14,Marquese Chriss,22:01,,,109,2,11,8.0,72.7,3.0,27.3,0.0,0.0,Emmanuel Mudiay,4,0,2019-2020,0.0,3,2.0,UTA,113,Donovan Mitchell,,,,,,,,,,,,,34:59,Bojan Bogdanović,34:33,Rudy Gobert,34:33,Royce O'Neale,31:32,Mike Conley,30:52,Joe Ingles,27:26,Jeff Green,17:09,Tony Bradley,6:58,Dante Exum,6:29
1,.333,3,50.000,1,1.00,120,0,5,83.3,4,.667,3.0,100.0,3.0,6,1,.500,2,33.333,Logos via Sports Logos.net / About logos,W,https://www.basketball-reference.com/boxscores/201911230UTA.html,Home,128,15:28,1,16.7,NOP,Brandon Ingram,,,,,,,,,,,,,36:39,Jrue Holiday,35:32,Kenrich Williams,32:28,JJ Redick,30:41,Jaxson Hayes,30:28,Lonzo Ball,24:40,E'Twaun Moore,19:03,Nicolò Melli,15:41,Frank Jackson,14:48,120,1,10,6.0,60.0,3.0,30.0,1.0,10.0,Emmanuel Mudiay,8,0,2019-2020,0.0,1,6.0,UTA,128,Bojan Bogdanović,,,,,,,,,,,,,36:29,Donovan Mitchell,36:14,Royce O'Neale,35:36,Mike Conley,29:57,Jeff Green,26:15,Joe Ingles,24:56,Tony Bradley,21:45,Georges Niang,8:18,Dante Exum,5:02
1,1.000,1,16.667,5,1.25,118,0,5,100.0,5,.833,4.0,80.0,5.0,6,1,.500,2,33.333,Logos via Sports Logos.net / About logos,L,https://www.basketball-reference.com/boxscores/201911250MIL.html,Away,122,19:10,0,0.0,MIL,Giannis Antetokounmpo,Robin Lopez,2:46,,,,,,,,,,,38:30,Donte DiVincenzo,33:28,Brook Lopez,32:53,Wesley Matthews,31:50,Pat Connaughton,27:19,Eric Bledsoe,26:49,Sterling Brown,25:43,Ersan İlyasova,15:55,Kyle Korver,4:47,122,5,12,8.0,66.7,3.0,25.0,1.0,8.3,Emmanuel Mudiay,4,0,2019-2020,0.0,4,5.0,UTA,118,Bojan Bogdanović,,,,,,,,,,,,,34:23,Donovan Mitchell,34:09,Royce O'Neale,30:18,Mike Conley,28:50,Joe Ingles,27:10,Jeff Green,25:07,Tony Bradley,23:26,Georges Niang,17:27,,
0,.000,1,16.667,3,,102,0,2,100.0,1,.167,1.0,20.0,5.0,6,0,,0,0.000,Logos via Sports Logos.net / About logos,L,https://www.basketball-reference.com/boxscores/201911270IND.html,Away,121,13:17,0,0.0,IND,Domantas Sabonis,Goga Bitadze,11:32,T.J. Leaf,2:10,Alize Johnson,2:10,,,,,,,32:54,T.J. Warren,32:36,Jeremy Lamb,31:48,Malcolm Brogdon,29:33,Myles Turner,24:35,Justin Holiday,21:23,T.J. McConnell,18:27,Aaron Holiday,16:48,Doug McDermott,16:04,121,1,2,2.0,100.0,0.0,0.0,0.0,0.0,Emmanuel Mudiay,19,0,2019-2020,0.0,0,2.0,UTA,102,Bojan Bogdanović,Dante Exum,2:58,Juwan Morgan,2:58,Miye Oni,2:58,,,,,,,37:47,Donovan Mitchell,30:36,Rudy Gobert,30:18,Joe Ingles,28:07,Mike Conley,28:03,Royce O'Neale,26:45,Georges Niang,15:37,Jeff Green,15:13,Tony Bradley,5:23
0,.000,1,20.000,1,,103,0,0,0.0,1,.200,1.0,25.0,4.0,5,0,,0,0.000,Logos via Sports Logos.net / About logos,W,https://www.basketball-reference.com/boxscores/201911290MEM.html,Away,94,9:37,1,100.0,MEM,Jonas Valančiūnas,Grayson Allen,12:34,Marko Gudurić,12:25,,,,,,,,,31:48,Ja Morant,31:02,Jaren Jackson Jr.,30:28,Jae Crowder,29:17,Dillon Brooks,27:23,Brandon Clarke,18:21,Tyus Jones,16:58,Solomon Hill,15:23,Kyle Anderson,14:21,94,0,2,2.0,100.0,0.0,0.0,0.0,0.0,Emmanuel Mudiay,9,0,2019-2020,0.0,0,1.0,UTA,103,Donovan Mitchell,,,,,,,,,,,,,37:01,Rudy Gobert,35:53,Bojan Bogdanović,34:29,Royce O'Neale,33:18,Mike Conley,31:41,Joe Ingles,25:41,Jeff Green,15:50,Ed Davis,12:07,Dante Exum,4:23
0,.000,3,42.857,3,1.00,110,0,1,100.0,1,.143,1.0,25.0,4.0,7,0,,0,0.000,Logos via Sports Logos.net / About logos,L,https://www.basketball-reference.com/boxscores/201912010TOR.html,Away,130,17:03,0,0.0,TOR,Pascal Siakam,Oshae Brissett,4:31,Malcolm Miller,4:31,Dewan Hernandez,1:41,Shamorie Ponds,1:41,,,,,34:36,Norman Powell,32:49,Fred VanVleet,32:26,OG Anunoby,29:56,Marc Gasol,25:27,Rondae Hollis-Jefferson,23:30,Terence Davis,23:02,Serge Ibaka,20:52,Chris Boucher,4:57,130,3,2,2.0,100.0,0.0,0.0,0.0,0.0,Emmanuel Mudiay,20,0,2019-2020,0.0,3,1.0,UTA,110,Donovan Mitchell,Dante Exum,11:28,Tony Bradley,6:34,Nigel Williams-Goss,6:34,,,,,,,30:44,Bojan Bogdanović,29:35,Rudy Gobert,28:25,Joe Ingles,25:34,Mike Conley,25:06,Royce O'Neale,19:24,Jeff Green,14:31,Ed Davis,13:00,Georges Niang,12:00
0,,0,0.000,0,,94,0,1,100.0,1,.500,1.0,50.0,2.0,2,0,,0,0.000,Logos via Sports Logos.net / About logos,L,https://www.basketball-reference.com/boxscores/201912020PHI.html,Away,103,4:34,0,0.0,PHI,Tobias Harris,,,,,,,,,,,,,35:13,Al Horford,34:36,Ben Simmons,33:50,Joel Embiid,29:54,James Ennis III,27:16,Matisse Thybulle,25:32,Furkan Korkmaz,23:49,Mike Scott,15:40,Raul Neto,14:10,103,0,2,2.0,100.0,0.0,0.0,0.0,0.0,Emmanuel Mudiay,9,0,2019-2020,0.0,0,1.0,UTA,94,Rudy Gobert,Dante Exum,6:40,Tony Bradley,1:15,,,,,,,,,36:27,Donovan Mitchell,35:59,Bojan Bogdanović,32:46,Joe Ingles,30:36,Royce O'Neale,29:31,Mike Conley,23:19,Jeff Green,16:30,Georges Niang,12:05,Ed Davis,10:18
0,,0,0.000,1,,121,0,1,100.0,1,.333,1.0,33.3,3.0,3,0,,0,0.000,Logos via Sports Logos.net / About logos,L,https://www.basketball-reference.com/boxscores/201912040UTA.html,Home,96,10:10,0,0.0,LAL,Rajon Rondo,Troy Daniels,12:37,Jared Dudley,4:44,Quinn Cook,4:44,,,,,,,32:00,Kyle Kuzma,30:59,LeBron James,29:28,Anthony Davis,26:02,Kentavious Caldwell-Pope,24:32,Alex Caruso,21:04,Danny Green,20:47,Dwight Howard,19:16,JaVale McGee,13:45,121,0,2,2.0,100.0,0.0,0.0,0.0,0.0,Emmanuel Mudiay,25,0,2019-2020,0.0,0,1.0,UTA,96,Bojan Bogdanović,Tony Bradley,7:15,Jarrell Brantley,3:51,Nigel Williams-Goss,3:51,,,,,,,35:17,Donovan Mitchell,33:04,Joe Ingles,27:38,Rudy Gobert,27:01,Jeff Green,23:04,Royce O'Neale,22:54,Georges Niang,19:50,Ed Davis,13:15,Dante Exum,12:49
2,.667,3,50.000,7,2.33,112,0,3,100.0,3,.500,1.0,33.3,3.0,6,3,1.000,3,50.000,Logos via Sports Logos.net / About logos,W,https://www.basketball-reference.com/boxscores/201912070UTA.html,Home,126,21:44,0,0.0,MEM,Jaren Jackson Jr.,Bruno Caboclo,11:05,Yuta Watanabe,3:53,,,,,,,,,32:43,Jae Crowder,30:54,Tyus Jones,27:38,Solomon Hill,27:34,Grayson Allen,25:23,Dillon Brooks,22:37,Jonas Valančiūnas,20:45,De'Anthony Melton,20:22,Marko Gudurić,17:06,112,3,11,2.0,18.2,6.0,54.5,3.0,27.3,Emmanuel Mudiay,14,0,2019-2020,0.0,3,3.0,UTA,126,Donovan Mitchell,Dante Exum,3:53,Miye Oni,3:53,Juwan Morgan,1:38,,,,,,,32:58,Bojan Bogdanović,31:12,Rudy Gobert,30:40,Royce O'Neale,27:33,Joe Ingles,27:27,Jeff Green,25:47,Georges Niang,16:02,Ed Davis,13:20,Tony Bradley,3:53
0,.000,1,33.333,1,1.00,104,0,2,100.0,0,.000,0.0,0.0,2.0,3,2,1.000,2,66.667,Logos via Sports Logos.net / About logos,L,https://www.basketball-reference.com/boxscores/201912090UTA.html,Home,90,17:31,0,0.0,OKC,Shai Gilgeous-Alexander,Devon Hall,0:52,,,,,,,,,,,33:28,Dennis Schröder,31:29,Chris Paul,30:24,Luguentz Dort,29:00,Steven Adams,28:26,Abdel Nader,28:04,Darius Bazley,25:57,Nerlens Noel,16:49,Mike Muscala,15:31,104,3,2,0.0,0.0,0.0,0.0,2.0,100.0,Emmanuel Mudiay,14,0,2019-2020,0.0,1,2.0,UTA,90,Donovan Mitchell,Juwan Morgan,3:55,Tony Bradley,2:45,Nigel Williams-Goss,2:45,,,,,,,35:16,Joe Ingles,34:09,Rudy Gobert,33:00,Bojan Bogdanović,31:51,Royce O'Neale,26:15,Georges Niang,19:05,Jeff Green,13:32,Ed Davis,12:15,Dante Exum,7:41
2,.667,3,42.857,2,2.00,127,2,4,80.0,4,.571,2.0,50.0,4.0,7,3,.750,4,57.143,Logos via Sports Logos.net / About logos,W,https://www.basketball-reference.com/boxscores/201912110MIN.html,Away,116,22:10,1,20.0,MIN,Andrew Wiggins,Treveon Graham,10:08,,,,,,,,,,,37:32,Karl-Anthony Towns,36:26,Jeff Teague,35:50,Josh Okogie,30:54,Robert Covington,30:15,Jarrett Culver,21:14,Jordan Bell,13:34,Shabazz Napier,12:42,Gorgui Dieng,11:25,116,4,13,4.0,30.8,6.0,46.2,3.0,23.1,Emmanuel Mudiay,11,0,2019-2020,2.0,1,5.0,UTA,127,Rudy Gobert,,,,,,,,,,,,,36:27,Donovan Mitchell,36:19,Joe Ingles,36:16,Bojan Bogdanović,34:45,Royce O'Neale,30:53,Jeff Green,17:07,Georges Niang,14:30,Ed Davis,11:33,,
0,,0,0.000,3,3.00,106,0,2,100.0,0,.000,0.0,0.0,2.0,2,4,.667,6,300.000,Logos via Sports Logos.net / About logos,W,https://www.basketball-reference.com/boxscores/201912130UTA.html,Home,114,19:09,0,0.0,GSW,Glenn Robinson III,Jordan Poole,9:35,,,,,,,,,,,31:33,D'Angelo Russell,30:21,Alec Burks,29:32,Jacob Evans,27:23,Damion Lee,25:57,Willie Cauley-Stein,23:24,Marquese Chriss,23:05,Omari Spellman,20:49,Kevon Looney,18:21,106,1,4,0.0,0.0,0.0,0.0,4.0,100.0,Emmanuel Mudiay,8,0,2019-2020,0.0,1,2.0,UTA,114,Bojan Bogdanović,,,,,,,,,,,,,37:05,Rudy Gobert,36:24,Donovan Mitchell,35:25,Joe Ingles,33:41,Royce O'Neale,32:48,Georges Niang,17:38,Jeff Green,16:14,Ed Davis,11:36,,
0,,0,0.000,2,1.00,102,0,2,100.0,0,.000,0.0,0.0,1.0,1,0,.000,2,200.000,Logos via Sports Logos.net / About logos,W,https://www.basketball-reference.com/boxscores/201912170UTA.html,Home,109,10:47,0,0.0,ORL,Evan Fournier,,,,,,,,,,,,,33:24,Nikola Vučević,33:19,Jonathan Isaac,31:47,Aaron Gordon,29:59,Markelle Fultz,27:32,D.J. Augustin,26:11,Terrence Ross,24:51,Michael Carter-Williams,18:16,Mo Bamba,14:41,102,1,0,0.0,,0.0,,0.0,,Emmanuel Mudiay,7,0,2019-2020,0.0,2,2.0,UTA,109,Rudy Gobert,,,,,,,,,,,,,37:28,Bojan Bogdanović,36:40,Joe Ingles,36:40,Donovan Mitchell,35:26,Royce O'Neale,34:52,Mike Conley,19:15,Jeff Green,14:45,Ed Davis,10:32,Georges Niang,3:35
2,.500,4,44.444,1,,111,1,3,75.0,3,.333,1.0,20.0,5.0,9,2,1.000,2,22.222,Logos via Sports Logos.net / About logos,W,https://www.basketball-reference.com/boxscores/201912190ATL.html,Away,106,18:54,1,25.0,ATL,Trae Young,Evan Turner,8:05,,,,,,,,,,,40:56,Cam Reddish,34:41,Kevin Huerter,32:02,Jabari Parker,23:58,Allen Crabbe,23:09,De'Andre Hunter,23:01,DeAndre' Bembry,20:11,Bruno Fernando,17:10,Alex Len,16:47,106,0,10,2.0,20.0,6.0,60.0,2.0,20.0,Emmanuel Mudiay,5,0,2019-2020,1.0,0,4.0,UTA,111,Rudy Gobert,,,,,,,,,,,,,37:05,Bojan Bogdanović,37:05,Joe Ingles,36:21,Donovan Mitchell,36:07,Royce O'Neale,29:23,Georges Niang,18:18,Jeff Green,15:52,Ed Davis,10:55,,
2,.500,4,44.444,3,3.00,114,0,2,100.0,5,.556,3.0,60.0,5.0,9,0,,0,0.000,Logos via Sports Logos.net / About logos,W,https://www.basketball-reference.com/boxscores/201912210CHO.html,Away,107,21:35,0,0.0,CHO,Devonte' Graham,,,,,,,,,,,,,38:05,Terry Rozier,36:13,Nicolas Batum,29:35,Miles Bridges,26:30,Marvin Williams,24:56,Cody Zeller,23:02,Bismack Biyombo,22:20,Cody Martin,21:33,Malik Monk,17:46,107,4,12,6.0,50.0,6.0,50.0,0.0,0.0,Emmanuel Mudiay,7,2,2019-2020,2.0,1,2.0,UTA,114,Joe Ingles,,,,,,,,,,,,,38:52,Rudy Gobert,36:45,Bojan Bogdanović,36:26,Donovan Mitchell,35:13,Royce O'Neale,35:07,Jeff Green,14:39,Georges Niang,11:31,Ed Davis,6:58,Tony Bradley,2:54
0,,0,0.000,2,2.00,104,0,2,100.0,6,.750,6.0,75.0,8.0,8,0,,0,0.000,Logos via Sports Logos.net / About logos,L,https://www.basketball-reference.com/boxscores/201912230MIA.html,Away,107,22:56,0,0.0,MIA,Bam Adebayo,,,,,,,,,,,,,38:06,Jimmy Butler,34:03,Derrick Jones Jr.,31:42,Goran Dragić,29:51,Kendrick Nunn,29:10,Tyler Herro,27:06,Meyers Leonard,21:50,Duncan Robinson,20:16,Kelly Olynyk,7:54,107,0,12,12.0,100.0,0.0,0.0,0.0,0.0,Emmanuel Mudiay,3,1,2019-2020,1.0,1,2.0,UTA,104,Donovan Mitchell,,,,,,,,,,,,,38:50,Joe Ingles,37:45,Rudy Gobert,36:09,Royce O'Neale,35:53,Bojan Bogdanović,29:13,Jeff Green,18:24,Ed Davis,11:51,Georges Niang,8:59,,
0,.000,1,25.000,4,4.00,115,0,1,100.0,2,.500,2.0,66.7,3.0,4,0,,0,0.000,Logos via Sports Logos.net / About logos,W,https://www.basketball-reference.com/boxscores/201912260UTA.html,Home,121,15:36,0,0.0,POR,CJ McCollum,,,,,,,,,,,,,38:10,Damian Lillard,37:28,Carmelo Anthony,37:17,Anfernee Simons,28:01,Skal Labissière,26:04,Kent Bazemore,23:48,Hassan Whiteside,21:40,Gary Trent Jr.,16:49,Nassir Little,10:43,115,1,4,4.0,100.0,0.0,0.0,0.0,0.0,Emmanuel Mudiay,6,0,2019-2020,0.0,1,1.0,UTA,121,Donovan Mitchell,,,,,,,,,,,,,38:25,Bojan Bogdanović,36:33,Rudy Gobert,35:40,Joe Ingles,35:30,Royce O'Neale,31:07,Jordan Clarkson,20:46,Georges Niang,14:03,Ed Davis,9:06,Tony Bradley,3:14
0,.000,1,20.000,1,0.50,120,0,4,80.0,3,.600,3.0,75.0,4.0,5,2,1.000,2,40.000,Logos via Sports Logos.net / About logos,W,https://www.basketball-reference.com/boxscores/201912280LAC.html,Away,107,15:43,1,20.0,LAC,Paul George,Patrick Patterson,7:32,Jerome Robinson,0:48,Derrick Walton,0:48,,,,,,,36:34,Kawhi Leonard,36:03,Lou Williams,32:31,Ivica Zubac,27:46,Landry Shamet,25:37,Patrick Beverley,23:08,JaMychal Green,20:14,Maurice Harkless,17:13,Rodney McGruder,11:46,107,2,8,6.0,75.0,0.0,0.0,2.0,25.0,Emmanuel Mudiay,13,0,2019-2020,0.0,2,5.0,UTA,120,Rudy Gobert,,,,,,,,,,,,,36:19,Donovan Mitchell,35:49,Bojan Bogdanović,34:10,Royce O'Neale,34:02,Joe Ingles,33:54,Jordan Clarkson,24:39,Georges Niang,13:43,Tony Bradley,11:41,,
1,1.000,1,16.667,3,1.00,81,0,2,100.0,2,.333,1.0,20.0,5.0,6,0,,0,0.000,Logos via Sports Logos.net / About logos,W,https://www.basketball-reference.com/boxscores/201912300UTA.html,Home,104,19:12,0,0.0,DET,Bruce Brown,Louis King,2:29,Sekou Doumbouya,1:59,,,,,,,,,36:41,Andre Drummond,36:30,Svi Mykhailiuk,31:41,Christian Wood,28:15,Tony Snell,28:12,Derrick Rose,26:16,Langston Galloway,19:18,Tim Frazier,17:09,Thon Maker,11:30,81,0,5,2.0,40.0,3.0,60.0,0.0,0.0,Emmanuel Mudiay,23,0,2019-2020,0.0,3,2.0,UTA,104,Bojan Bogdanović,Rayjon Tucker,2:29,Nigel Williams-Goss,2:28,,,,,,,,,34:48,Rudy Gobert,34:48,Donovan Mitchell,31:36,Joe Ingles,29:41,Jordan Clarkson,26:49,Royce O'Neale,24:34,Georges Niang,13:31,Tony Bradley,13:12,Juwan Morgan,6:52
0,,0,0.000,2,2.00,102,0,1,100.0,3,.600,3.0,60.0,5.0,5,1,.500,2,40.000,Logos via Sports Logos.net / About logos,W,https://www.basketball-reference.com/boxscores/202001020CHI.html,Away,98,17:14,0,0.0,CHI,Zach LaVine,Denzel Valentine,6:27,,,,,,,,,,,38:32,Wendell Carter Jr.,35:55,Tomáš Satoranský,34:04,Lauri Markkanen,32:03,Kris Dunn,30:43,Coby White,23:38,Thaddeus Young,15:57,Daniel Gafford,12:05,Shaquille Harrison,10:36,98,1,7,6.0,85.7,0.0,0.0,1.0,14.3,Emmanuel Mudiay,4,2,2019-2020,2.0,1,1.0,UTA,102,Donovan Mitchell,,,,,,,,,,,,,37:56,Rudy Gobert,35:17,Joe Ingles,34:18,Bojan Bogdanović,33:47,Royce O'Neale,28:36,Jordan Clarkson,22:50,Georges Niang,17:19,Tony Bradley,12:43,,
0,.000,1,9.091,2,,109,0,4,66.7,5,.455,5.0,50.0,10.0,11,2,1.000,2,18.182,Logos via Sports Logos.net / About logos,W,https://www.basketball-reference.com/boxscores/202001040ORL.html,Away,96,18:06,2,33.3,ORL,Aaron Gordon,Melvin Frazier,0:44,Amile Jefferson,0:44,Josh Magette,0:44,,,,,,,33:44,Nikola Vučević,32:38,Evan Fournier,31:51,Wes Iwundu,31:10,Terrence Ross,29:56,Markelle Fultz,28:31,D.J. Augustin,23:56,Mo Bamba,14:38,Khem Birch,11:24,96,0,12,10.0,83.3,0.0,0.0,2.0,16.7,Emmanuel Mudiay,13,0,2019-2020,0.0,0,6.0,UTA,109,Donovan Mitchell,Juwan Morgan,0:34,,,,,,,,,,,35:08,Rudy Gobert,33:34,Joe Ingles,32:57,Bojan Bogdanović,29:52,Royce O'Neale,27:45,Jordan Clarkson,26:29,Georges Niang,16:36,Tony Bradley,14:26,Rayjon Tucker,4:33
0,.000,1,12.500,2,2.00,128,0,2,100.0,4,.500,4.0,57.1,7.0,8,0,,0,0.000,Logos via Sports Logos.net / About logos,W,https://www.basketball-reference.com/boxscores/202001060NOP.html,Away,126,15:52,0,0.0,NOP,Brandon Ingram,Frank Jackson,5:26,,,,,,,,,,,38:54,Lonzo Ball,36:55,JJ Redick,31:21,Derrick Favors,29:00,E'Twaun Moore,28:07,Josh Hart,26:52,Jaxson Hayes,19:00,Nickeil Alexander-Walker,15:19,Kenrich Williams,9:06,126,2,8,8.0,100.0,0.0,0.0,0.0,0.0,Emmanuel Mudiay,2,0,2019-2020,0.0,1,2.0,UTA,128,Donovan Mitchell,,,,,,,,,,,,,34:34,Royce O'Neale,34:21,Rudy Gobert,34:08,Bojan Bogdanović,33:17,Joe Ingles,27:58,Jordan Clarkson,24:48,Georges Niang,16:07,Tony Bradley,13:52,Rayjon Tucker,5:03
2,.500,4,33.333,4,1.00,104,1,2,66.7,8,.667,6.0,75.0,8.0,12,2,.400,5,41.667,Logos via Sports Logos.net / About logos,W,https://www.basketball-reference.com/boxscores/202001080UTA.html,Home,128,25:12,1,33.3,NYK,Kevin Knox,Taj Gibson,11:40,Ignas Brazdeikis,4:59,Kadeem Allen,4:59,,,,,,,29:16,Bobby Portis,28:50,RJ Barrett,27:28,Elfrid Payton,24:18,Reggie Bullock,23:53,Mitchell Robinson,22:14,Wayne Ellington,22:07,Damyean Dotson,21:33,Frank Ntilikina,18:43,104,1,20,12.0,60.0,6.0,30.0,2.0,10.0,Emmanuel Mudiay,24,1,2019-2020,2.0,4,3.0,UTA,128,Royce O'Neale,Ed Davis,6:37,Nigel Williams-Goss,3:36,Juwan Morgan,3:36,,,,,,,29:07,Joe Ingles,26:12,Bojan Bogdanović,26:00,Rudy Gobert,26:00,Donovan Mitchell,25:21,Jordan Clarkson,23:53,Georges Niang,19:54,Tony Bradley,15:23,Rayjon Tucker,9:09
2,.400,5,50.000,6,,92,0,3,100.0,4,.400,2.0,40.0,5.0,10,0,,0,0.000,Logos via Sports Logos.net / About logos,W,https://www.basketball-reference.com/boxscores/202001100UTA.html,Home,109,28:00,0,0.0,CHO,Terry Rozier,Nicolas Batum,13:47,Malik Monk,13:11,Willy Hernangómez,10:11,Michael Kidd-Gilchrist,8:21,,,,,31:14,Miles Bridges,29:02,P.J. Washington,27:25,Devonte' Graham,25:28,Dwayne Bacon,18:11,Bismack Biyombo,16:37,Cody Zeller,16:00,Marvin Williams,15:36,Cody Martin,14:57,92,1,10,4.0,40.0,6.0,60.0,0.0,0.0,Emmanuel Mudiay,17,1,2019-2020,1.0,0,3.0,UTA,109,Rudy Gobert,Juwan Morgan,8:21,Ed Davis,5:36,,,,,,,,,29:07,Jordan Clarkson,25:43,Bojan Bogdanović,25:16,Royce O'Neale,24:20,Donovan Mitchell,22:20,Joe Ingles,21:19,Georges Niang,19:54,Rayjon Tucker,16:47,Tony Bradley,13:17
1,.250,4,40.000,5,,127,0,4,80.0,6,.600,5.0,83.3,6.0,10,1,1.000,1,10.000,Logos via Sports Logos.net / About logos,W,https://www.basketball-reference.com/boxscores/202001120WAS.html,Away,116,30:10,1,20.0,WAS,Troy Brown Jr.,Gary Payton II,12:38,Anžejs Pasečņiks,1:47,,,,,,,,,31:08,Ian Mahinmi,30:46,Ish Smith,28:02,Bradley Beal,27:02,Dāvis Bertāns,25:50,Jordan McRae,25:12,Isaac Bonga,22:10,Isaiah Thomas,19:58,Thomas Bryant,15:27,116,2,14,10.0,71.4,3.0,21.4,1.0,7.1,Emmanuel Mudiay,11,0,2019-2020,0.0,0,5.0,UTA,127,Rudy Gobert,,,,,,,,,,,,,37:31,Bojan Bogdanović,36:18,Jordan Clarkson,34:18,Joe Ingles,33:15,Royce O'Neale,28:53,Georges Niang,17:24,Rayjon Tucker,11:42,Tony Bradley,10:29,,
1,.333,3,50.000,2,,118,0,1,100.0,3,.500,2.0,66.7,3.0,6,0,,0,0.000,Logos via Sports Logos.net / About logos,W,https://www.basketball-reference.com/boxscores/202001140BRK.html,Away,107,15:34,0,0.0,BRK,Spencer Dinwiddie,,,,,,,,,,,,,36:25,Joe Harris,33:35,Kyrie Irving,32:13,Taurean Prince,29:55,Caris LeVert,26:27,Jarrett Allen,24:32,DeAndre Jordan,23:28,Timothé Luwawu-Cabarrot,17:32,Rodions Kurucs,15:53,107,0,7,4.0,57.1,3.0,42.9,0.0,0.0,Emmanuel Mudiay,11,1,2019-2020,1.0,0,1.0,UTA,118,Rudy Gobert,,,,,,,,,,,,,36:33,Donovan Mitchell,36:21,Bojan Bogdanović,32:25,Royce O'Neale,31:58,Joe Ingles,29:57,Jordan Clarkson,25:44,Georges Niang,16:02,Tony Bradley,11:27,Rayjon Tucker,3:59
0,.000,1,16.667,1,0.50,132,0,1,100.0,1,.167,1.0,20.0,5.0,6,1,.500,2,33.333,Logos via Sports Logos.net / About logos,L,https://www.basketball-reference.com/boxscores/202001160NOP.html,Away,138,15:00,0,0.0,NOP,Lonzo Ball,,,,,,,,,,,,,42:07,Brandon Ingram,41:24,Josh Hart,36:35,Derrick Favors,36:07,E'Twaun Moore,28:25,Nicolò Melli,25:55,Frank Jackson,25:36,Nickeil Alexander-Walker,16:05,Jaxson Hayes,12:46,138,1,3,2.0,66.7,0.0,0.0,1.0,33.3,Emmanuel Mudiay,6,2,2019-2020,2.0,2,1.0,UTA,132,Donovan Mitchell,,,,,,,,,,,,,42:20,Bojan Bogdanović,40:14,Joe Ingles,39:12,Rudy Gobert,38:55,Royce O'Neale,36:17,Jordan Clarkson,21:01,Georges Niang,15:04,Tony Bradley,13:56,Rayjon Tucker,3:01
0,.000,1,25.000,0,,101,0,1,100.0,1,.250,1.0,33.3,3.0,4,0,,0,0.000,Logos via Sports Logos.net / About logos,W,https://www.basketball-reference.com/boxscores/202001180UTA.html,Home,123,3:18,0,0.0,SAC,Harrison Barnes,Yogi Ferrell,3:18,Harry Giles,3:18,,,,,,,,,35:32,Buddy Hield,34:35,Nemanja Bjelica,33:21,De'Aaron Fox,30:42,Marvin Bagley III,30:10,Cory Joseph,22:57,Bogdan Bogdanović,22:48,Dewayne Dedmon,12:13,Justin James,11:06,101,0,2,2.0,100.0,0.0,0.0,0.0,0.0,Emmanuel Mudiay,22,0,2019-2020,0.0,0,1.0,UTA,123,Rudy Gobert,Juwan Morgan,3:18,Rayjon Tucker,3:18,,,,,,,,,33:39,Royce O'Neale,32:35,Donovan Mitchell,31:45,Bojan Bogdanović,30:51,Joe Ingles,30:45,Jordan Clarkson,27:01,Georges Niang,15:42,Mike Conley,15:14,Tony Bradley,12:34
0,,0,0.000,2,,88,0,0,0.0,1,.500,1.0,50.0,2.0,2,0,,0,0.000,Logos via Sports Logos.net / About logos,W,https://www.basketball-reference.com/boxscores/202001200UTA.html,Home,118,4:19,1,100.0,IND,Domantas Sabonis,Goga Bitadze,10:12,Edmond Sumner,7:27,JaKarr Sampson,4:19,T.J. Leaf,2:45,,,,,28:08,Myles Turner,26:45,Justin Holiday,25:04,T.J. Warren,23:55,T.J. McConnell,22:55,Doug McDermott,22:52,Jeremy Lamb,22:32,Malcolm Brogdon,22:20,Aaron Holiday,20:46,88,1,2,2.0,100.0,0.0,0.0,0.0,0.0,Emmanuel Mudiay,30,0,2019-2020,0.0,0,1.0,UTA,118,Bojan Bogdanović,Juwan Morgan,4:19,Rayjon Tucker,3:38,,,,,,,,,32:11,Donovan Mitchell,31:13,Rudy Gobert,31:06,Royce O'Neale,28:07,Joe Ingles,26:43,Jordan Clarkson,23:41,Georges Niang,19:53,Mike Conley,17:56,Tony Bradley,16:54
2,.667,3,75.000,2,1.00,129,0,0,,3,.750,1.0,100.0,1.0,4,0,,0,0.000,Logos via Sports Logos.net / About logos,W,https://www.basketball-reference.com/boxscores/202001220GSW.html,Away,96,9:29,0,,GSW,D'Angelo Russell,Omari Spellman,15:25,Willie Cauley-Stein,13:50,,,,,,,,,27:44,Eric Paschall,25:55,Draymond Green,25:11,Glenn Robinson III,24:49,Damion Lee,24:40,Alec Burks,24:23,Jordan Poole,21:34,Jacob Evans,18:52,Marquese Chriss,17:37,96,1,8,2.0,25.0,6.0,75.0,0.0,0.0,Emmanuel Mudiay,33,0,2019-2020,0.0,2,0.0,UTA,129,Rudy Gobert,Rayjon Tucker,7:34,Ed Davis,7:17,Juwan Morgan,5:59,,,,,,,30:16,Bojan Bogdanović,28:54,Royce O'Neale,26:22,Jordan Clarkson,26:14,Joe Ingles,25:04,Donovan Mitchell,22:22,Georges Niang,21:32,Mike Conley,18:30,Tony Bradley,10:27
0,,0,0.000,2,2.00,100,1,2,66.7,0,.000,0.0,0.0,4.0,4,0,,0,0.000,Logos via Sports Logos.net / About logos,L,https://www.basketball-reference.com/boxscores/202001300DEN.html,Away,106,16:14,1,33.3,DEN,Will Barton,,,,,,,,,,,,,36:21,Torrey Craig,35:46,Nikola Jokić,34:44,Jerami Grant,33:59,Monte Morris,32:08,Michael Porter Jr.,25:12,Malik Beasley,23:53,PJ Dozier,14:09,Jarred Vanderbilt,3:48,106,0,0,0.0,,0.0,,0.0,,Emmanuel Mudiay,6,0,2019-2020,1.0,1,3.0,UTA,100,Rudy Gobert,,,,,,,,,,,,,37:18,Bojan Bogdanović,35:17,Donovan Mitchell,34:48,Joe Ingles,33:57,Jordan Clarkson,30:43,Royce O'Neale,26:05,Georges Niang,14:56,Ed Davis,10:42,,
0,.000,1,50.000,1,1.00,107,0,0,,0,.000,0.0,0.0,1.0,2,0,,0,0.000,Logos via Sports Logos.net / About logos,L,https://www.basketball-reference.com/boxscores/202002010POR.html,Away,124,2:39,0,,POR,Damian Lillard,Wenyen Gabriel,2:39,,,,,,,,,,,36:19,Hassan Whiteside,34:47,CJ McCollum,34:00,Carmelo Anthony,32:01,Trevor Ariza,26:17,Gary Trent Jr.,24:22,Anfernee Simons,23:40,Caleb Swanigan,12:58,Nassir Little,12:56,124,0,0,0.0,,0.0,,0.0,,Emmanuel Mudiay,17,0,2019-2020,0.0,1,0.0,UTA,107,Donovan Mitchell,Juwan Morgan,2:39,Rayjon Tucker,2:39,Jarrell Brantley,2:39,,,,,,,32:24,Rudy Gobert,32:04,Mike Conley,30:01,Bojan Bogdanović,28:57,Joe Ingles,28:02,Royce O'Neale,23:28,Jordan Clarkson,22:41,Georges Niang,18:30,Ed Davis,13:17
2,1.000,2,25.000,2,2.00,123,0,2,66.7,5,.625,3.0,50.0,6.0,8,0,.000,1,12.500,Logos via Sports Logos.net / About logos,W,https://www.basketball-reference.com/boxscores/202002100DAL.html,Away,119,14:46,1,33.3,DAL,Tim Hardaway Jr.,Willie Cauley-Stein,4:45,,,,,,,,,,,37:01,Kristaps Porziņģis,35:17,Dorian Finney-Smith,35:09,Seth Curry,34:38,Jalen Brunson,25:34,Maxi Kleber,22:48,J.J. Barea,16:02,Courtney Lee,15:31,Delon Wright,13:15,119,1,12,6.0,50.0,6.0,50.0,0.0,0.0,Emmanuel Mudiay,4,1,2019-2020,1.0,1,3.0,UTA,123,Rudy Gobert,,,,,,,,,,,,,35:55,Donovan Mitchell,34:52,Bojan Bogdanović,33:23,Royce O'Neale,32:18,Joe Ingles,31:58,Jordan Clarkson,30:55,Georges Niang,13:48,Tony Bradley,12:05,,
0,.000,1,25.000,0,,101,0,2,100.0,0,.000,0.0,0.0,3.0,4,5,.833,6,150.000,Logos via Sports Logos.net / About logos,W,https://www.basketball-reference.com/boxscores/202002120UTA.html,Home,116,12:34,0,0.0,MIA,Bam Adebayo,,,,,,,,,,,,,33:23,Jimmy Butler,33:07,Goran Dragić,33:05,Duncan Robinson,30:30,Kendrick Nunn,26:16,Jae Crowder,24:32,Derrick Jones Jr.,24:02,Andre Iguodala,23:39,Kelly Olynyk,11:26,101,0,5,0.0,0.0,0.0,0.0,5.0,100.0,Emmanuel Mudiay,15,1,2019-2020,1.0,0,2.0,UTA,116,Royce O'Neale,,,,,,,,,,,,,38:54,Rudy Gobert,36:35,Donovan Mitchell,35:26,Bojan Bogdanović,35:00,Joe Ingles,31:44,Jordan Clarkson,25:22,Georges Niang,13:00,Tony Bradley,11:25,,
1,.333,3,30.000,3,3.00,113,1,4,80.0,6,.600,5.0,71.4,7.0,10,5,1.000,5,50.000,Logos via Sports Logos.net / About logos,L,https://www.basketball-reference.com/boxscores/202002210UTA.html,Home,104,17:44,1,20.0,SAS,DeMar DeRozan,Lonnie Walker IV,12:29,,,,,,,,,,,35:31,LaMarcus Aldridge,34:42,Dejounte Murray,34:26,Trey Lyles,29:09,Bryn Forbes,25:26,Patty Mills,20:18,Derrick White,19:35,Rudy Gay,15:06,Jakob Poeltl,13:17,113,2,18,10.0,55.6,3.0,16.7,5.0,27.8,Emmanuel Mudiay,9,1,2019-2020,2.0,1,5.0,UTA,104,Rudy Gobert,Rayjon Tucker,1:32,Justin Wright-Foreman,1:32,,,,,,,,,37:59,Jordan Clarkson,34:33,Bojan Bogdanović,32:33,Donovan Mitchell,32:04,Joe Ingles,30:00,Royce O'Neale,25:03,Georges Niang,15:27,Tony Bradley,10:01,Juwan Morgan,1:32
0,,0,0.000,0,0.00,131,0,0,,1,.333,1.0,33.3,3.0,3,2,1.000,2,66.667,Logos via Sports Logos.net / About logos,L,https://www.basketball-reference.com/boxscores/202002240UTA.html,Home,111,6:26,0,,PHO,Kelly Oubre Jr.,Elie Okobo,11:17,Cheick Diallo,2:08,Ty Jerome,2:08,,,,,,,37:55,Devin Booker,34:19,Ricky Rubio,32:50,Mikal Bridges,30:13,Deandre Ayton,21:20,Cameron Johnson,20:20,Aron Baynes,16:21,Dario Šarić,16:01,Jevon Carter,15:08,131,1,4,2.0,50.0,0.0,0.0,2.0,50.0,Emmanuel Mudiay,20,0,2019-2020,0.0,1,0.0,UTA,111,Rudy Gobert,Juwan Morgan,5:39,Rayjon Tucker,2:24,,,,,,,,,36:41,Donovan Mitchell,35:20,Bojan Bogdanović,33:58,Joe Ingles,29:25,Royce O'Neale,24:58,Jordan Clarkson,24:46,Mike Conley,22:26,Georges Niang,10:00,Tony Bradley,7:57
0,.000,1,50.000,0,0.00,112,0,1,100.0,1,.500,1.0,100.0,1.0,2,0,,0,0.000,Logos via Sports Logos.net / About logos,W,https://www.basketball-reference.com/boxscores/202003040NYK.html,Away,104,3:57,0,0.0,NYK,Julius Randle,Taj Gibson,13:48,,,,,,,,,,,32:11,Bobby Portis,30:15,RJ Barrett,29:40,Elfrid Payton,28:13,Wayne Ellington,25:04,Maurice Harkless,20:48,Reggie Bullock,20:19,Kevin Knox,19:55,Frank Ntilikina,19:47,104,2,2,2.0,100.0,0.0,0.0,0.0,0.0,Emmanuel Mudiay,8,0,2019-2020,0.0,1,1.0,UTA,112,Rudy Gobert,Jarrell Brantley,1:35,Miye Oni,1:35,,,,,,,,,34:24,Donovan Mitchell,33:47,Bojan Bogdanović,33:14,Joe Ingles,29:40,Royce O'Neale,28:59,Mike Conley,26:50,Jordan Clarkson,20:39,Tony Bradley,13:36,Georges Niang,11:44
0,,0,0.000,2,,105,0,0,,0,.000,0.0,0.0,2.0,2,0,,0,0.000,Logos via Sports Logos.net / About logos,L,https://www.basketball-reference.com/boxscores/202112220SAC.html,Home,89,8:02,0,,LAC,Eric Bledsoe,Justise Winslow,7:21,Jay Scrubb,1:28,Moses Wright,1:28,,,,,,,36:04,Paul George,32:15,Terance Mann,31:53,Ivica Zubac,26:39,Amir Coffey,24:56,Brandon Boston Jr.,22:32,Nicolas Batum,21:03,Serge Ibaka,19:46,Keon Johnson,14:35,105,1,0,0.0,,0.0,,0.0,,Emmanuel Mudiay,16,0,2021-2022,0.0,0,0.0,SAC,89,Buddy Hield,Ade Murkey,1:28,Robert Woodard II,1:28,,,,,,,,,43:20,Tyrese Haliburton,43:10,Harrison Barnes,39:42,Chimezie Metu,31:04,Tristan Thompson,23:39,Maurice Harkless,22:18,Richaun Holmes,16:56,Damian Jones,7:25,Jahmi'us Ramsey,1:28
0,,0,,2,2.00,127,0,0,,0,,0.0,,0.0,0,3,.750,4,,Logos via Sports Logos.net / About logos,L,https://www.basketball-reference.com/boxscores/202112260SAC.html,Home,102,2:57,0,,MEM,Desmond Bane,Xavier Tillman Sr.,7:56,Tyrell Terry,2:57,Shaq Buchanan,2:57,,,,,,,32:06,Ja Morant,29:49,John Konchar,28:05,Steven Adams,26:48,Killian Tillie,26:48,Kyle Anderson,26:23,Jaren Jackson Jr.,25:55,Tyus Jones,15:14,Brandon Clarke,15:01,127,0,3,0.0,0.0,0.0,0.0,3.0,100.0,Emmanuel Mudiay,25,1,2021-2022,1.0,1,0.0,SAC,102,Harrison Barnes,Marvin Bagley III,9:39,Tristan Thompson,7:07,Louis King,2:57,Robert Woodard II,2:57,Jahmi'us Ramsey,2:57,,,32:25,Tyrese Haliburton,31:57,De'Aaron Fox,29:46,Damian Jones,27:04,Buddy Hield,23:53,Chimezie Metu,19:11,Maurice Harkless,18:14,Terence Davis,15:41,Richaun Holmes,13:12
