3P,3P%,3PA,3PAr,AST,AST/TOV,Away_Score,BLK,DRB,DRB_Pct_of_TRB,FG,FG%,FG2,FG2%,FG2A,FGA,FT,FT%,FTA,FTr,Game_Date,Game_Result,Game_URL,Home/Away,Home_Score,MP,ORB,ORB_Pct_of_TRB,Opponent,Opponent_1,Opponent_10,Opponent_10_MP,Opponent_11,Opponent_11_MP,Opponent_12,Opponent_12_MP,Opponent_13,Opponent_13_MP,Opponent_14,Opponent_14_MP,Opponent_15,Opponent_15_MP,Opponent_1_MP,Opponent_2,Opponent_2_MP,Opponent_3,Opponent_3_MP,Opponent_4,Opponent_4_MP,Opponent_5,Opponent_5_MP,Opponent_6,Opponent_6_MP,Opponent_7,Opponent_7_MP,Opponent_8,Opponent_8_MP,Opponent_9,Opponent_9_MP,Opponent_Score,PF,PTS,PTS_2P,PTS_2P_Pct,PTS_3P,PTS_3P_Pct,PTS_FT,PTS_FT_Pct,Player,Point_Differential,STL,Season,Stocks,TOV,TRB,Team,Team_Score,Teammate_1,Teammate_10,Teammate_10_MP,Teammate_11,Teammate_11_MP,Teammate_12,Teammate_12_MP,Teammate_13,Teammate_13_MP,Teammate_14,Teammate_14_MP,Teammate_15,Teammate_15_MP,Teammate_1_MP,Teammate_2,Teammate_2_MP,Teammate_3,Teammate_3_MP,Teammate_4,Teammate_4_MP,Teammate_5,Teammate_5_MP,Teammate_6,Teammate_6_MP,Teammate_7,Teammate_7_MP,Teammate_8,Teammate_8_MP,Teammate_9,Teammate_9_MP
0,.000,2,25.000,0,0.00,87,0,2,100.0,2,.250,2.0,33.3,6.0,8,3,.750,4,50.000,Logos via Sports Logos.net / About logos,W,https://www.basketball-reference.com/boxscores/201310290IND.html,Home,97,29:04,0,0.0,ORL,Arron Afflalo,Ronnie Price,8:37,Solomon Jones,5:22,,,,,,,,,32:59,Nikola Vučević,30:39,Jameer Nelson,30:34,Jason Maxiell,26:19,E'Twaun Moore,25:45,Maurice Harkless,23:30,Victor Oladipo,22:35,Andrew Nicholson,19:17,Kyle O'Quinn,14:23,87,0,7,4.0,57.1,0.0,0.0,3.0,42.9,George Hill,10,0,2013-2014,0.0,1,2.0,IND,97,Paul George,Rasual Butler,0:58,,,,,,,,,,,36:05,Lance Stephenson,35:38,David West,30:43,Roy Hibbert,26:54,Luis Scola,20:43,C.J. Watson,19:54,Ian Mahinmi,16:42,Orlando Johnson,15:12,Solomon Hill,8:07
4,.571,7,53.846,4,1.33,95,0,1,100.0,6,.462,2.0,33.3,6.0,13,3,.750,4,30.769,Logos via Sports Logos.net / About logos,W,https://www.basketball-reference.com/boxscores/201310300NOP.html,Away,90,35:43,0,0.0,NOP,Anthony Davis,Anthony Morrow,14:04,Lance Thomas,7:09,,,,,,,,,37:44,Jrue Holiday,36:08,Eric Gordon,33:29,Al-Farouq Aminu,23:13,Tyreke Evans,22:40,Jason Smith,20:27,Arinze Onuaku,15:25,Greg Stiemsma,14:58,Brian Roberts,14:43,90,4,19,4.0,21.1,12.0,63.2,3.0,15.8,George Hill,5,1,2013-2014,1.0,3,1.0,IND,95,Lance Stephenson,,,,,,,,,,,,,41:20,Paul George,39:26,David West,33:21,Ian Mahinmi,24:14,Roy Hibbert,21:37,Luis Scola,16:35,C.J. Watson,15:08,Orlando Johnson,12:36,,
3,.750,4,50.000,2,2.00,84,0,3,75.0,4,.500,1.0,25.0,4.0,8,3,1.000,3,37.500,Logos via Sports Logos.net / About logos,W,https://www.basketball-reference.com/boxscores/201311080IND.html,Home,91,19:25,1,25.0,TOR,Kyle Lowry,D.J. Augustin,5:46,Julyan Stone,3:37,Steve Novak,1:54,Dwight Buycks,1:52,,,,,36:43,DeMar DeRozan,36:06,Rudy Gay,35:13,Jonas Valančiūnas,34:19,Amir Johnson,34:06,Tyler Hansbrough,19:26,Landry Fields,13:38,Terrence Ross,11:04,Aaron Gray,6:16,84,1,14,2.0,14.3,9.0,64.3,3.0,21.4,George Hill,7,0,2013-2014,0.0,1,4.0,IND,91,Paul George,Rasual Butler,0:11,,,,,,,,,,,38:47,Roy Hibbert,31:26,David West,29:19,Lance Stephenson,29:12,C.J. Watson,28:35,Luis Scola,18:30,Ian Mahinmi,16:23,Solomon Hill,14:38,Orlando Johnson,13:34
0,.000,2,33.333,7,7.00,96,0,1,100.0,1,.167,1.0,25.0,4.0,6,4,.800,5,83.333,Logos via Sports Logos.net / About logos,W,https://www.basketball-reference.com/boxscores/201311090BRK.html,Away,91,31:09,0,0.0,BRK,Deron Williams,Shaun Livingston,15:16,,,,,,,,,,,32:44,Paul Pierce,32:44,Joe Johnson,32:15,Brook Lopez,32:06,Kevin Garnett,27:11,Andray Blatche,19:26,Alan Anderson,16:39,Jason Terry,16:02,Mason Plumlee,15:37,91,1,6,2.0,33.3,0.0,0.0,4.0,66.7,George Hill,5,0,2013-2014,0.0,1,1.0,IND,96,Lance Stephenson,,,,,,,,,,,,,39:26,Paul George,36:05,David West,32:43,Roy Hibbert,31:54,C.J. Watson,16:51,Ian Mahinmi,16:06,Luis Scola,15:17,Orlando Johnson,13:50,Solomon Hill,6:39
0,,0,0.000,2,2.00,79,1,2,100.0,6,.667,6.0,66.7,9.0,9,1,1.000,1,11.111,Logos via Sports Logos.net / About logos,W,https://www.basketball-reference.com/boxscores/201311110IND.html,Home,95,24:47,0,0.0,MEM,Marc Gasol,Jamaal Franklin,10:55,Quincy Pondexter,7:11,,,,,,,,,29:33,Mike Conley,29:26,Zach Randolph,27:03,Tayshaun Prince,25:51,Nick Calathes,25:11,Tony Allen,23:46,Kosta Koufos,22:07,Mike Miller,21:40,Ed Davis,17:17,79,0,13,12.0,92.3,0.0,0.0,1.0,7.7,George Hill,16,1,2013-2014,2.0,1,2.0,IND,95,Lance Stephenson,Chris Copeland,3:11,Donald Sloan,3:11,,,,,,,,,34:09,Paul George,31:47,David West,25:53,Roy Hibbert,24:12,Ian Mahinmi,23:48,C.J. Watson,20:02,Luis Scola,18:56,Orlando Johnson,16:27,Solomon Hill,13:37
1,.333,3,23.077,5,5.00,77,2,1,50.0,4,.308,3.0,30.0,10.0,13,0,,0,0.000,Logos via Sports Logos.net / About logos,W,https://www.basketball-reference.com/boxscores/201311150IND.html,Home,104,32:49,1,50.0,MIL,Nate Wolters,Giannis Antetokounmpo,11:46,,,,,,,,,,,33:36,Khris Middleton,30:51,O.J. Mayo,30:06,John Henson,28:48,Gary Neal,26:20,Zaza Pachulia,24:42,Luke Ridnour,21:00,Miroslav Raduljica,18:13,Ekpe Udoh,14:38,77,2,9,6.0,66.7,3.0,33.3,0.0,0.0,George Hill,27,0,2013-2014,2.0,1,2.0,IND,104,Roy Hibbert,Chris Copeland,2:52,Donald Sloan,2:52,,,,,,,,,30:53,Paul George,29:33,C.J. Watson,25:20,Lance Stephenson,24:16,David West,23:50,Luis Scola,21:18,Solomon Hill,18:56,Ian Mahinmi,17:07,Orlando Johnson,10:14
1,.500,2,28.571,5,2.50,94,1,2,100.0,3,.429,2.0,40.0,5.0,7,4,.800,5,71.429,Logos via Sports Logos.net / About logos,L,https://www.basketball-reference.com/boxscores/201311160CHI.html,Away,110,34:44,0,0.0,CHI,Kirk Hinrich,Erik Murphy,0:22,Tony Snell,0:22,,,,,,,,,32:34,Luol Deng,32:27,Joakim Noah,31:58,Derrick Rose,30:59,Taj Gibson,26:34,Carlos Boozer,26:16,Jimmy Butler,24:38,Mike Dunleavy,23:22,Nazr Mohammed,10:50,110,2,11,4.0,36.4,3.0,27.3,4.0,36.4,George Hill,16,1,2013-2014,2.0,2,2.0,IND,94,Paul George,Ian Mahinmi,6:40,Rasual Butler,0:22,,,,,,,,,32:44,Lance Stephenson,32:04,Roy Hibbert,29:19,David West,27:36,Luis Scola,20:24,Chris Copeland,16:30,Orlando Johnson,15:36,C.J. Watson,13:49,Solomon Hill,10:12
4,.400,10,55.556,3,1.50,103,1,6,75.0,7,.389,3.0,37.5,8.0,18,5,.625,8,44.444,Logos via Sports Logos.net / About logos,W,https://www.basketball-reference.com/boxscores/201311200NYK.html,Away,96,43:25,2,25.0,NYK,Carmelo Anthony,Cole Aldrich,0:02,,,,,,,,,,,41:49,J.R. Smith,38:08,Kenyon Martin,38:04,Andrea Bargnani,37:53,Beno Udrih,37:50,Iman Shumpert,36:21,Metta World Peace,16:14,Pablo Prigioni,14:36,Tim Hardaway Jr.,4:03,96,1,23,6.0,26.1,12.0,52.2,5.0,21.7,George Hill,7,0,2013-2014,1.0,2,8.0,IND,103,Paul George,,,,,,,,,,,,,48:50,Lance Stephenson,42:17,David West,40:26,Roy Hibbert,36:53,Luis Scola,16:08,C.J. Watson,15:46,Ian Mahinmi,9:39,Chris Copeland,6:35,Orlando Johnson,5:01
2,.400,5,62.500,1,0.33,97,0,1,100.0,3,.375,1.0,33.3,3.0,8,0,,0,0.000,Logos via Sports Logos.net / About logos,W,https://www.basketball-reference.com/boxscores/201311220BOS.html,Away,82,37:36,0,0.0,BOS,Jeff Green,Vítor Luiz Faverani,10:48,Phil Pressey,6:17,,,,,,,,,37:32,Jordan Crawford,34:12,Jared Sullinger,31:28,Avery Bradley,31:10,Brandon Bass,22:26,Gerald Wallace,21:59,Courtney Lee,16:14,Kris Humphries,15:40,Kelly Olynyk,12:14,82,2,8,2.0,25.0,6.0,75.0,0.0,0.0,George Hill,15,2,2013-2014,2.0,3,1.0,IND,97,Lance Stephenson,,,,,,,,,,,,,41:25,Paul George,37:34,David West,29:23,Roy Hibbert,28:44,Luis Scola,25:17,Ian Mahinmi,12:36,Donald Sloan,10:24,Orlando Johnson,9:16,Chris Copeland,7:45
1,.250,4,40.000,5,1.67,98,1,5,83.3,4,.400,3.0,50.0,6.0,10,2,1.000,2,20.000,Logos via Sports Logos.net / About logos,W,https://www.basketball-reference.com/boxscores/201311230IND.html,Home,106,36:10,1,16.7,PHI,Evan Turner,,,,,,,,,,,,,38:55,Michael Carter-Williams,37:50,James Anderson,36:40,Daniel Orton,35:36,Hollis Thompson,30:53,Lavoy Allen,26:17,Elliot Williams,16:52,Lorenzo Brown,10:10,Brandon Davies,6:47,98,3,11,6.0,54.5,3.0,27.3,2.0,18.2,George Hill,8,1,2013-2014,2.0,3,6.0,IND,106,Paul George,,,,,,,,,,,,,37:13,Lance Stephenson,37:12,Roy Hibbert,32:56,David West,30:56,Luis Scola,20:39,Orlando Johnson,15:00,C.J. Watson,11:50,Chris Copeland,11:30,Solomon Hill,6:34
3,.750,4,30.769,7,3.50,84,1,3,100.0,9,.692,6.0,66.7,9.0,13,5,.833,6,46.154,Logos via Sports Logos.net / About logos,W,https://www.basketball-reference.com/boxscores/201311250IND.html,Home,98,39:02,0,0.0,MIN,Kevin Love,,,,,,,,,,,,,41:04,Corey Brewer,40:09,Kevin Martin,37:47,Nikola Peković,37:22,Ricky Rubio,35:50,J.J. Barea,19:27,Dante Cunningham,17:34,Robbie Hummel,10:47,,,84,4,26,12.0,46.2,9.0,34.6,5.0,19.2,George Hill,14,5,2013-2014,6.0,2,3.0,IND,98,Paul George,,,,,,,,,,,,,39:20,Lance Stephenson,29:36,David West,28:31,Roy Hibbert,27:24,Ian Mahinmi,20:36,Luis Scola,19:29,Orlando Johnson,18:50,C.J. Watson,17:12,,
1,.200,5,50.000,4,4.00,99,2,5,71.4,2,.200,1.0,20.0,5.0,10,2,1.000,2,20.000,Logos via Sports Logos.net / About logos,W,https://www.basketball-reference.com/boxscores/201311270CHA.html,Away,74,28:17,2,28.6,CHA,Kemba Walker,Bismack Biyombo,10:57,Jannero Pargo,4:52,Jeff Adrien,4:35,,,,,,,35:47,Michael Kidd-Gilchrist,33:32,Al Jefferson,32:28,Gerald Henderson,31:07,Jeff Taylor,19:42,Cody Zeller,19:08,Josh McRoberts,17:40,Anthony Tolliver,15:38,Ramon Sessions,14:34,74,3,7,2.0,28.6,3.0,42.9,2.0,28.6,George Hill,25,1,2013-2014,3.0,1,7.0,IND,99,Lance Stephenson,Donald Sloan,2:27,Rasual Butler,2:27,Solomon Hill,2:27,,,,,,,36:36,Roy Hibbert,29:45,C.J. Watson,29:37,Paul George,26:55,David West,24:51,Luis Scola,20:42,Ian Mahinmi,18:15,Orlando Johnson,8:57,Chris Copeland,8:44
2,.250,8,50.000,3,1.50,73,0,5,83.3,5,.313,3.0,37.5,8.0,16,1,1.000,1,6.250,Logos via Sports Logos.net / About logos,W,https://www.basketball-reference.com/boxscores/201311290IND.html,Home,93,29:57,1,16.7,WAS,Martell Webster,Chris Singleton,8:02,Glen Rice Jr.,3:54,,,,,,,,,36:38,John Wall,34:42,Marcin Gortat,34:24,Trevor Ariza,33:43,Trevor Booker,25:04,Garrett Temple,22:11,Jan Veselý,20:29,Kevin Séraphin,12:07,Eric Maynor,8:46,73,0,13,6.0,46.2,6.0,46.2,1.0,7.7,George Hill,20,1,2013-2014,1.0,2,6.0,IND,93,Lance Stephenson,Orlando Johnson,3:04,Donald Sloan,2:07,,,,,,,,,36:37,Paul George,35:35,Roy Hibbert,27:55,David West,27:24,Luis Scola,20:51,Solomon Hill,20:44,C.J. Watson,15:56,Ian Mahinmi,15:56,Chris Copeland,3:54
1,.250,4,80.000,6,2.00,105,0,5,100.0,2,.400,1.0,100.0,1.0,5,6,1.000,6,120.000,Logos via Sports Logos.net / About logos,W,https://www.basketball-reference.com/boxscores/201312010LAC.html,Away,100,35:32,0,0.0,LAC,Blake Griffin,Ryan Hollins,8:37,,,,,,,,,,,36:32,DeAndre Jordan,35:19,Chris Paul,34:00,Jamal Crawford,32:58,Darren Collison,23:32,Reggie Bullock,19:19,Jared Dudley,19:14,Antawn Jamison,15:32,Willie Green,14:57,100,3,11,2.0,18.2,3.0,27.3,6.0,54.5,George Hill,5,1,2013-2014,1.0,3,5.0,IND,105,Lance Stephenson,,,,,,,,,,,,,39:25,Roy Hibbert,36:19,Paul George,34:54,David West,34:43,C.J. Watson,18:13,Luis Scola,13:17,Ian Mahinmi,11:41,Orlando Johnson,9:08,Solomon Hill,6:48
1,.500,2,25.000,11,5.50,102,0,1,50.0,1,.125,0.0,0.0,6.0,8,3,.750,4,50.000,Logos via Sports Logos.net / About logos,L,https://www.basketball-reference.com/boxscores/201312020POR.html,Away,106,40:33,1,50.0,POR,Damian Lillard,Earl Watson,0:22,,,,,,,,,,,37:28,LaMarcus Aldridge,36:46,Nicolas Batum,35:43,Wesley Matthews,35:39,Robin Lopez,31:55,Mo Williams,22:42,Joel Freeland,16:05,Dorell Wright,12:06,Thomas Robinson,11:14,106,5,6,0.0,0.0,3.0,50.0,3.0,50.0,George Hill,4,3,2013-2014,3.0,2,2.0,IND,102,Paul George,,,,,,,,,,,,,37:59,Roy Hibbert,36:38,David West,32:30,Lance Stephenson,29:05,C.J. Watson,18:29,Luis Scola,15:31,Orlando Johnson,13:21,Ian Mahinmi,11:23,Solomon Hill,4:31
0,.000,2,22.222,3,3.00,95,0,4,100.0,5,.556,5.0,71.4,7.0,9,0,,0,0.000,Logos via Sports Logos.net / About logos,W,https://www.basketball-reference.com/boxscores/201312040UTA.html,Away,86,29:54,0,0.0,UTA,Enes Freedom,Rudy Gobert,6:52,Andris Biedriņš,4:13,,,,,,,,,39:54,Trey Burke,38:49,Gordon Hayward,37:40,Derrick Favors,37:28,Alec Burks,26:56,Richard Jefferson,21:04,Brandon Rush,10:20,Diante Garrett,9:11,Mike Harris,7:33,86,1,10,10.0,100.0,0.0,0.0,0.0,0.0,George Hill,9,0,2013-2014,0.0,1,4.0,IND,95,Paul George,,,,,,,,,,,,,40:49,Roy Hibbert,34:09,Lance Stephenson,33:23,David West,32:14,Orlando Johnson,21:07,C.J. Watson,18:47,Luis Scola,16:27,Ian Mahinmi,13:10,,
2,.500,4,50.000,1,,111,0,3,75.0,5,.625,3.0,75.0,4.0,8,0,,0,0.000,Logos via Sports Logos.net / About logos,W,https://www.basketball-reference.com/boxscores/201312070SAS.html,Away,100,26:37,1,25.0,SAS,Kawhi Leonard,Jeff Ayres,9:18,Tiago Splitter,8:14,Aron Baynes,6:06,Cory Joseph,5:46,,,,,36:30,Tony Parker,26:29,Tim Duncan,26:29,Boris Diaw,25:30,Patty Mills,20:44,Matt Bonner,20:23,Marco Belinelli,19:17,Manu Ginóbili,18:34,Danny Green,16:40,100,1,12,6.0,50.0,6.0,50.0,0.0,0.0,George Hill,11,0,2013-2014,0.0,0,4.0,IND,111,Paul George,Donald Sloan,1:38,,,,,,,,,,,36:30,Lance Stephenson,36:08,David West,34:00,Luis Scola,28:28,Roy Hibbert,27:02,C.J. Watson,24:23,Orlando Johnson,16:05,Ian Mahinmi,6:30,Solomon Hill,2:39
0,.000,3,37.500,2,0.67,94,1,3,100.0,2,.250,2.0,40.0,5.0,8,0,,0,0.000,Logos via Sports Logos.net / About logos,L,https://www.basketball-reference.com/boxscores/201312080OKC.html,Away,118,30:42,0,0.0,OKC,Kevin Durant,Derek Fisher,14:03,Perry Jones,3:58,,,,,,,,,34:51,Russell Westbrook,31:58,Serge Ibaka,30:05,Thabo Sefolosha,27:00,Reggie Jackson,26:28,Kendrick Perkins,22:00,Steven Adams,17:52,Jeremy Lamb,16:14,Nick Collison,15:31,118,1,4,4.0,100.0,0.0,0.0,0.0,0.0,George Hill,24,3,2013-2014,4.0,3,3.0,IND,94,Paul George,Solomon Hill,6:41,Chris Copeland,6:41,Donald Sloan,6:41,,,,,,,36:26,David West,26:52,Lance Stephenson,26:25,Roy Hibbert,25:06,Ian Mahinmi,19:26,Luis Scola,17:55,Orlando Johnson,17:39,C.J. Watson,12:45,Rasual Butler,6:41
1,.500,2,50.000,6,6.00,84,0,6,75.0,2,.500,1.0,50.0,2.0,4,0,.000,2,50.000,Logos via Sports Logos.net / About logos,W,https://www.basketball-reference.com/boxscores/201312100IND.html,Home,90,30:27,2,25.0,MIA,LeBron James,,,,,,,,,,,,,38:32,Dwyane Wade,34:54,Chris Bosh,32:24,Mario Chalmers,27:52,Ray Allen,26:16,Norris Cole,23:23,Rashard Lewis,21:04,Chris Andersen,20:46,Shane Battier,14:49,84,1,5,2.0,40.0,3.0,60.0,0.0,0.0,George Hill,6,2,2013-2014,2.0,1,8.0,IND,90,Paul George,,,,,,,,,,,,,41:50,Roy Hibbert,37:20,Lance Stephenson,33:55,David West,32:13,Orlando Johnson,20:15,C.J. Watson,17:33,Luis Scola,15:47,Ian Mahinmi,10:40,,
3,.600,5,71.429,3,,94,3,1,50.0,4,.571,1.0,50.0,2.0,7,2,1.000,2,28.571,Logos via Sports Logos.net / About logos,W,https://www.basketball-reference.com/boxscores/201312130IND.html,Home,99,34:13,1,50.0,CHA,Jeff Taylor,Jeff Adrien,3:02,,,,,,,,,,,36:03,Kemba Walker,34:34,Josh McRoberts,29:01,Al Jefferson,27:40,Gerald Henderson,26:16,Ben Gordon,23:48,Ramon Sessions,23:19,Cody Zeller,18:59,Bismack Biyombo,17:18,94,2,13,2.0,15.4,9.0,69.2,2.0,15.4,George Hill,5,1,2013-2014,4.0,0,2.0,IND,99,Paul George,,,,,,,,,,,,,36:36,Lance Stephenson,35:25,Roy Hibbert,34:37,David West,32:33,Rasual Butler,23:47,Luis Scola,16:07,C.J. Watson,13:59,Ian Mahinmi,12:43,,
1,.500,2,33.333,1,,101,0,6,100.0,2,.333,1.0,25.0,4.0,6,2,1.000,2,33.333,Logos via Sports Logos.net / About logos,L,https://www.basketball-reference.com/boxscores/201312160IND.html,Home,96,32:14,0,0.0,DET,Greg Monroe,Jonas Jerebko,1:23,,,,,,,,,,,38:33,Brandon Jennings,37:18,Josh Smith,36:36,Kentavious Caldwell-Pope,36:25,Kyle Singler,26:29,Andre Drummond,20:42,Josh Harrellson,16:19,Rodney Stuckey,15:33,Will Bynum,10:42,101,5,7,2.0,28.6,3.0,42.9,2.0,28.6,George Hill,5,1,2013-2014,1.0,0,6.0,IND,96,Lance Stephenson,,,,,,,,,,,,,39:32,Paul George,39:00,Roy Hibbert,35:28,David West,28:28,Luis Scola,19:32,C.J. Watson,15:46,Rasual Butler,13:55,Ian Mahinmi,12:29,Orlando Johnson,3:36
1,.333,3,37.500,1,1.00,94,0,1,33.3,2,.250,1.0,20.0,5.0,8,2,1.000,2,25.000,Logos via Sports Logos.net / About logos,L,https://www.basketball-reference.com/boxscores/201312180MIA.html,Away,97,30:54,2,66.7,MIA,Dwyane Wade,Udonis Haslem,7:20,,,,,,,,,,,37:10,LeBron James,36:14,Chris Bosh,30:35,Chris Andersen,27:50,Ray Allen,27:01,Norris Cole,24:56,Mario Chalmers,18:39,Rashard Lewis,15:29,Shane Battier,14:46,97,1,7,2.0,28.6,3.0,42.9,2.0,28.6,George Hill,3,0,2013-2014,0.0,1,3.0,IND,94,Paul George,,,,,,,,,,,,,43:04,Lance Stephenson,41:05,David West,35:57,Roy Hibbert,22:55,Ian Mahinmi,22:46,C.J. Watson,17:06,Luis Scola,14:22,Rasual Butler,11:51,,
2,.500,4,50.000,5,5.00,81,0,2,100.0,5,.625,3.0,75.0,4.0,8,0,,0,0.000,Logos via Sports Logos.net / About logos,W,https://www.basketball-reference.com/boxscores/201312200IND.html,Home,114,25:43,0,0.0,HOU,Chandler Parsons,Donatas Motiejūnas,7:59,Ronnie Brewer,4:46,,,,,,,,,33:29,James Harden,32:32,Dwight Howard,31:26,Patrick Beverley,30:01,Terrence Jones,24:55,Francisco García,24:09,Omri Casspi,20:39,Aaron Brooks,17:59,Greg Smith,12:05,81,2,12,6.0,50.0,6.0,50.0,0.0,0.0,George Hill,33,0,2013-2014,0.0,1,2.0,IND,114,Lance Stephenson,Rasual Butler,5:39,Donald Sloan,3:56,Orlando Johnson,2:28,,,,,,,35:28,Paul George,30:20,Roy Hibbert,28:20,David West,26:09,Danny Granger,22:05,Ian Mahinmi,19:40,C.J. Watson,18:21,Luis Scola,16:12,Chris Copeland,5:39
1,.333,3,37.500,0,0.00,79,0,2,100.0,3,.375,2.0,40.0,5.0,8,0,,0,0.000,Logos via Sports Logos.net / About logos,W,https://www.basketball-reference.com/boxscores/201312220IND.html,Home,106,26:51,0,0.0,BOS,Avery Bradley,Gerald Wallace,14:34,Vítor Luiz Faverani,13:05,MarShon Brooks,10:18,,,,,,,31:11,Jeff Green,25:33,Brandon Bass,25:14,Jordan Crawford,24:15,Courtney Lee,22:55,Kelly Olynyk,22:46,Kris Humphries,18:36,Jared Sullinger,16:19,Phil Pressey,15:14,79,1,7,4.0,57.1,3.0,42.9,0.0,0.0,George Hill,27,0,2013-2014,0.0,3,2.0,IND,106,Lance Stephenson,Donald Sloan,4:19,Rasual Butler,3:45,Orlando Johnson,3:45,,,,,,,34:48,Paul George,28:07,Roy Hibbert,26:17,Danny Granger,25:01,David West,24:50,Ian Mahinmi,21:43,Luis Scola,18:51,C.J. Watson,17:24,Chris Copeland,4:19
0,.000,2,28.571,3,,103,0,4,100.0,2,.286,2.0,40.0,5.0,7,6,1.000,6,85.714,Logos via Sports Logos.net / About logos,W,https://www.basketball-reference.com/boxscores/201312230BRK.html,Away,86,23:30,0,0.0,BRK,Joe Johnson,Jason Terry,15:08,,,,,,,,,,,34:43,Deron Williams,31:40,Mirza Teletović,30:25,Alan Anderson,26:47,Andray Blatche,25:42,Mason Plumlee,21:15,Shaun Livingston,20:26,Kevin Garnett,18:38,Paul Pierce,15:16,86,4,10,4.0,40.0,0.0,0.0,6.0,60.0,George Hill,17,1,2013-2014,1.0,0,4.0,IND,103,Lance Stephenson,Orlando Johnson,2:19,Donald Sloan,2:19,Rasual Butler,1:52,,,,,,,39:12,Paul George,37:36,Roy Hibbert,29:12,David West,26:21,C.J. Watson,22:38,Luis Scola,19:20,Ian Mahinmi,18:48,Danny Granger,14:34,Chris Copeland,2:19
3,.600,5,50.000,4,,91,0,3,75.0,6,.600,3.0,60.0,5.0,10,6,.857,7,70.000,Logos via Sports Logos.net / About logos,W,https://www.basketball-reference.com/boxscores/201312280IND.html,Home,105,32:53,1,25.0,BRK,Paul Pierce,Reggie Evans,12:48,,,,,,,,,,,36:04,Joe Johnson,36:02,Deron Williams,33:02,Mirza Teletović,30:37,Mason Plumlee,22:33,Kevin Garnett,20:53,Jason Terry,18:09,Shaun Livingston,14:58,Alan Anderson,14:54,91,1,21,6.0,28.6,9.0,42.9,6.0,28.6,George Hill,14,1,2013-2014,1.0,0,4.0,IND,105,Lance Stephenson,Orlando Johnson,0:53,,,,,,,,,,,37:35,Paul George,33:03,Roy Hibbert,31:29,David West,30:15,Danny Granger,22:57,Luis Scola,17:38,Ian Mahinmi,16:31,C.J. Watson,15:14,Rasual Butler,1:32
3,.500,6,66.667,2,,76,0,5,83.3,5,.556,2.0,66.7,3.0,9,0,,0,0.000,Logos via Sports Logos.net / About logos,W,https://www.basketball-reference.com/boxscores/201312310IND.html,Home,91,34:38,1,16.7,CLE,Tristan Thompson,Henry Sims,1:27,Alonzo Gee,0:24,,,,,,,,,36:51,Kyrie Irving,35:09,Dion Waiters,35:08,Earl Clark,34:10,Anderson Varejão,30:10,Jarrett Jack,24:45,Tyler Zeller,16:27,C.J. Miles,14:48,Anthony Bennett,10:41,76,2,13,4.0,30.8,9.0,69.2,0.0,0.0,George Hill,15,2,2013-2014,2.0,0,6.0,IND,91,Paul George,Donald Sloan,1:25,,,,,,,,,,,38:29,Roy Hibbert,35:03,Lance Stephenson,32:15,David West,28:11,Luis Scola,19:25,Danny Granger,18:58,C.J. Watson,17:14,Ian Mahinmi,12:57,Rasual Butler,1:25
2,.500,4,66.667,2,1.00,82,0,1,100.0,2,.333,0.0,0.0,2.0,6,0,,0,0.000,Logos via Sports Logos.net / About logos,L,https://www.basketball-reference.com/boxscores/201401010TOR.html,Away,95,31:06,0,0.0,TOR,DeMar DeRozan,,,,,,,,,,,,,39:04,Terrence Ross,38:13,Kyle Lowry,33:33,Amir Johnson,32:15,Jonas Valančiūnas,31:23,John Salmons,18:43,Patrick Patterson,16:27,Tyler Hansbrough,15:55,Greivis Vásquez,14:27,95,4,6,0.0,0.0,6.0,100.0,0.0,0.0,George Hill,13,0,2013-2014,0.0,2,1.0,IND,82,Paul George,Orlando Johnson,1:16,Donald Sloan,1:16,,,,,,,,,36:30,Lance Stephenson,34:20,David West,31:25,Danny Granger,22:38,Ian Mahinmi,21:37,Roy Hibbert,21:18,Luis Scola,20:24,C.J. Watson,16:54,Rasual Butler,1:16
2,.333,6,66.667,1,,82,1,1,100.0,4,.444,2.0,66.7,3.0,9,0,,0,0.000,Logos via Sports Logos.net / About logos,W,https://www.basketball-reference.com/boxscores/201401040IND.html,Home,99,31:10,0,0.0,NOP,Eric Gordon,Jeff Withey,3:49,,,,,,,,,,,38:43,Anthony Davis,34:01,Jrue Holiday,33:36,Alexis Ajinça,31:30,Al-Farouq Aminu,28:29,Tyreke Evans,25:34,Greg Stiemsma,20:37,Brian Roberts,14:24,Darius Miller,9:17,82,3,10,4.0,40.0,6.0,60.0,0.0,0.0,George Hill,17,0,2013-2014,1.0,0,1.0,IND,99,Paul George,Orlando Johnson,1:16,Donald Sloan,1:16,,,,,,,,,36:42,Lance Stephenson,36:14,Roy Hibbert,33:35,David West,29:26,Danny Granger,20:32,Luis Scola,17:18,C.J. Watson,16:50,Ian Mahinmi,14:25,Rasual Butler,1:16
2,.500,4,80.000,0,,82,0,4,100.0,3,.600,1.0,100.0,1.0,5,0,,0,0.000,Logos via Sports Logos.net / About logos,W,https://www.basketball-reference.com/boxscores/201401050CLE.html,Away,78,25:52,0,0.0,CLE,Matthew Dellavedova,,,,,,,,,,,,,41:12,C.J. Miles,36:44,Tristan Thompson,35:28,Dion Waiters,31:42,Anderson Varejão,27:05,Tyler Zeller,20:55,Earl Clark,18:15,Alonzo Gee,16:08,Anthony Bennett,12:31,78,0,8,2.0,25.0,6.0,75.0,0.0,0.0,George Hill,4,1,2013-2014,1.0,0,4.0,IND,82,Paul George,,,,,,,,,,,,,35:48,David West,34:04,Lance Stephenson,34:03,Roy Hibbert,33:15,Danny Granger,26:16,C.J. Watson,22:10,Ian Mahinmi,14:36,Luis Scola,13:56,,
0,.000,3,33.333,2,2.00,79,0,3,100.0,4,.444,4.0,66.7,6.0,9,3,1.000,3,33.333,Logos via Sports Logos.net / About logos,W,https://www.basketball-reference.com/boxscores/201401070IND.html,Home,86,33:26,0,0.0,TOR,DeMar DeRozan,,,,,,,,,,,,,37:14,Kyle Lowry,33:54,Jonas Valančiūnas,32:07,Patrick Patterson,31:41,Terrence Ross,29:45,John Salmons,29:24,Amir Johnson,20:37,Greivis Vásquez,13:43,Chuck Hayes,11:35,79,3,11,8.0,72.7,0.0,0.0,3.0,27.3,George Hill,7,0,2013-2014,0.0,1,3.0,IND,86,Lance Stephenson,,,,,,,,,,,,,35:59,Roy Hibbert,35:03,Danny Granger,32:17,David West,32:13,Paul George,27:44,Luis Scola,15:47,C.J. Watson,14:34,Ian Mahinmi,12:57,,
2,.250,8,66.667,3,,87,0,0,0.0,4,.333,2.0,50.0,4.0,12,0,,0,0.000,Logos via Sports Logos.net / About logos,L,https://www.basketball-reference.com/boxscores/201401080ATL.html,Away,97,32:51,1,100.0,ATL,DeMarre Carroll,,,,,,,,,,,,,38:34,Kyle Korver,36:32,Jeff Teague,35:04,Paul Millsap,32:52,Pero Antić,26:39,Lou Williams,20:54,Elton Brand,19:51,Mike Scott,16:38,Shelvin Mack,12:56,97,2,10,4.0,40.0,6.0,60.0,0.0,0.0,George Hill,10,1,2013-2014,1.0,0,1.0,IND,87,Paul George,,,,,,,,,,,,,41:39,David West,33:27,Danny Granger,32:23,C.J. Watson,24:06,Roy Hibbert,22:22,Luis Scola,18:41,Ian Mahinmi,18:27,Rasual Butler,16:04,,
1,.500,2,40.000,4,1.33,66,0,6,100.0,2,.400,1.0,33.3,3.0,5,0,.000,2,40.000,Logos via Sports Logos.net / About logos,W,https://www.basketball-reference.com/boxscores/201401100IND.html,Home,93,28:44,0,0.0,WAS,John Wall,Otto Porter Jr.,7:41,Kevin Séraphin,3:28,Chris Singleton,2:55,,,,,,,38:45,Trevor Ariza,33:00,Marcin Gortat,30:00,Nenê,28:52,Bradley Beal,28:20,Martell Webster,24:30,Trevor Booker,17:56,Jan Veselý,15:18,Garrett Temple,9:15,66,3,5,2.0,40.0,3.0,60.0,0.0,0.0,George Hill,27,1,2013-2014,1.0,3,6.0,IND,93,Paul George,Chris Copeland,2:40,Orlando Johnson,2:19,Donald Sloan,2:19,,,,,,,38:25,Lance Stephenson,33:57,Roy Hibbert,31:11,David West,27:16,Danny Granger,18:39,Luis Scola,18:26,C.J. Watson,17:23,Ian Mahinmi,16:01,Rasual Butler,2:40
1,.500,2,22.222,3,,92,0,1,20.0,4,.444,3.0,42.9,7.0,9,0,,0,0.000,Logos via Sports Logos.net / About logos,W,https://www.basketball-reference.com/boxscores/201401140IND.html,Home,116,26:43,4,80.0,SAC,DeMarcus Cousins,Aaron Gray,10:24,Travis Outlaw,7:36,,,,,,,,,30:02,Rudy Gay,29:34,Marcus Thornton,27:50,Isaiah Thomas,27:11,Derrick Williams,25:13,Quincy Acy,23:22,Jimmer Fredette,20:49,Jason Thompson,19:08,Ben McLemore,18:51,92,0,9,6.0,66.7,3.0,33.3,0.0,0.0,George Hill,24,0,2013-2014,0.0,0,5.0,IND,116,Paul George,Chris Copeland,4:51,Donald Sloan,4:51,Orlando Johnson,3:52,,,,,,,34:11,Lance Stephenson,29:54,Roy Hibbert,27:56,David West,27:36,Danny Granger,21:21,Ian Mahinmi,20:04,C.J. Watson,16:26,Luis Scola,15:33,Rasual Butler,6:42
0,.000,1,50.000,5,,89,0,3,100.0,1,.500,1.0,100.0,1.0,2,1,1.000,1,50.000,Logos via Sports Logos.net / About logos,W,https://www.basketball-reference.com/boxscores/201401160IND.html,Home,117,22:05,0,0.0,NYK,Andrea Bargnani,Kenyon Martin,7:10,Jeremy Tyler,6:56,Cole Aldrich,5:29,Toure' Murry,2:38,,,,,31:48,Carmelo Anthony,31:22,Raymond Felton,29:08,J.R. Smith,27:50,Tyson Chandler,26:00,Tim Hardaway Jr.,21:15,Iman Shumpert,20:10,Beno Udrih,16:14,Amar'e Stoudemire,14:00,89,2,3,2.0,66.7,0.0,0.0,1.0,33.3,George Hill,28,1,2013-2014,1.0,0,3.0,IND,117,Lance Stephenson,Rasual Butler,5:27,Donald Sloan,3:45,Orlando Johnson,2:38,,,,,,,35:14,Paul George,33:08,David West,27:01,Roy Hibbert,26:55,C.J. Watson,22:10,Ian Mahinmi,21:05,Danny Granger,19:33,Luis Scola,15:30,Chris Copeland,5:29
0,,0,0.000,3,,92,0,3,100.0,2,.400,2.0,40.0,5.0,5,2,1.000,2,40.000,Logos via Sports Logos.net / About logos,W,https://www.basketball-reference.com/boxscores/201401180IND.html,Home,106,28:14,0,0.0,LAC,DeAndre Jordan,Darius Morris,6:15,Byron Mullens,2:17,,,,,,,,,38:58,Blake Griffin,34:36,Darren Collison,29:48,JJ Redick,28:25,Jamal Crawford,28:17,Matt Barnes,27:40,Jared Dudley,23:24,Hedo Türkoğlu,13:24,Ryan Hollins,6:56,92,1,6,4.0,66.7,0.0,0.0,2.0,33.3,George Hill,14,0,2013-2014,0.0,0,3.0,IND,106,Lance Stephenson,Orlando Johnson,3:10,Chris Copeland,2:17,Donald Sloan,2:17,,,,,,,41:06,Paul George,35:57,Danny Granger,26:34,Roy Hibbert,25:55,C.J. Watson,20:42,Ian Mahinmi,19:48,David West,15:29,Luis Scola,15:21,Rasual Butler,3:10
3,.750,4,50.000,2,1.00,102,0,3,75.0,5,.625,2.0,50.0,4.0,8,2,1.000,2,25.000,Logos via Sports Logos.net / About logos,W,https://www.basketball-reference.com/boxscores/201401200GSW.html,Away,94,32:43,1,25.0,GSW,Stephen Curry,,,,,,,,,,,,,41:28,Klay Thompson,39:26,David Lee,35:50,Andrew Bogut,30:53,Andre Iguodala,29:30,Harrison Barnes,20:56,Draymond Green,17:26,Jordan Crawford,12:53,Marreese Speights,11:38,94,2,15,4.0,26.7,9.0,60.0,2.0,13.3,George Hill,8,2,2013-2014,2.0,2,4.0,IND,102,Lance Stephenson,,,,,,,,,,,,,42:58,Roy Hibbert,35:49,Paul George,35:33,David West,30:31,Danny Granger,17:49,Luis Scola,17:17,C.J. Watson,15:17,Ian Mahinmi,12:03,,
1,1.000,1,25.000,1,0.50,100,0,3,75.0,4,1.000,3.0,100.0,3.0,4,7,.875,8,200.000,Logos via Sports Logos.net / About logos,L,https://www.basketball-reference.com/boxscores/201401220PHO.html,Away,124,30:19,1,25.0,PHO,Channing Frye,Dionte Christmas,5:27,Alex Len,5:27,Archie Goodwin,2:58,Viacheslav Kravtsov,2:26,,,,,30:50,Gerald Green,29:49,Miles Plumlee,29:44,P.J. Tucker,27:37,Markieff Morris,27:01,Leandro Barbosa,22:35,Goran Dragić,22:18,Marcus Morris,19:19,Ish Smith,14:29,124,4,16,6.0,37.5,3.0,18.8,7.0,43.8,George Hill,24,2,2013-2014,2.0,2,4.0,IND,100,Paul George,Donald Sloan,6:06,Rasual Butler,6:06,Solomon Hill,6:06,,,,,,,34:06,Lance Stephenson,28:52,Roy Hibbert,28:14,David West,27:17,Danny Granger,21:18,Ian Mahinmi,19:18,Luis Scola,14:37,C.J. Watson,11:35,Chris Copeland,6:06
1,.167,6,66.667,8,2.67,116,0,7,87.5,3,.333,2.0,66.7,3.0,9,3,1.000,3,33.333,Logos via Sports Logos.net / About logos,W,https://www.basketball-reference.com/boxscores/201401240SAC.html,Away,111,39:52,1,12.5,SAC,Isaiah Thomas,Jimmer Fredette,9:53,,,,,,,,,,,43:09,Marcus Thornton,42:06,Aaron Gray,36:18,Derrick Williams,34:15,Jason Thompson,32:15,Carl Landry,25:52,Travis Outlaw,18:47,Quincy Acy,11:32,Ben McLemore,10:53,111,3,10,4.0,40.0,3.0,30.0,3.0,30.0,George Hill,5,3,2013-2014,3.0,3,8.0,IND,116,Lance Stephenson,,,,,,,,,,,,,45:34,Paul George,41:18,Roy Hibbert,38:55,David West,36:57,Danny Granger,19:08,Luis Scola,17:06,C.J. Watson,13:10,Ian Mahinmi,13:00,,
2,1.000,2,33.333,4,4.00,96,0,5,100.0,4,.667,2.0,50.0,4.0,6,0,,0,0.000,Logos via Sports Logos.net / About logos,L,https://www.basketball-reference.com/boxscores/201401250DEN.html,Away,109,32:40,0,0.0,DEN,Kenneth Faried,,,,,,,,,,,,,37:38,J.J. Hickson,34:06,Wilson Chandler,33:48,Randy Foye,32:10,Ty Lawson,32:05,Timofey Mozgov,24:06,Nate Robinson,19:00,Quincy Miller,14:11,Evan Fournier,12:56,109,2,10,4.0,40.0,6.0,60.0,0.0,0.0,George Hill,13,1,2013-2014,1.0,1,5.0,IND,96,Lance Stephenson,Rasual Butler,1:44,Orlando Johnson,1:44,Donald Sloan,1:43,,,,,,,40:18,Paul George,34:13,David West,32:00,Luis Scola,21:21,Roy Hibbert,19:47,Ian Mahinmi,19:24,Danny Granger,17:51,C.J. Watson,15:31,Chris Copeland,1:44
1,.500,2,22.222,3,,104,0,6,85.7,6,.667,5.0,71.4,7.0,9,0,,0,0.000,Logos via Sports Logos.net / About logos,W,https://www.basketball-reference.com/boxscores/201401280LAL.html,Away,92,28:58,1,14.3,LAL,Kendall Marshall,,,,,,,,,,,,,39:19,Pau Gasol,35:48,Jodie Meeks,32:40,Wesley Johnson,30:30,Jordan Hill,28:47,Nick Young,24:01,Ryan Kelly,19:13,Manny Harris,17:30,Robert Sacre,12:12,92,0,13,10.0,76.9,3.0,23.1,0.0,0.0,George Hill,12,1,2013-2014,1.0,0,7.0,IND,104,Lance Stephenson,Orlando Johnson,0:43,,,,,,,,,,,37:30,Paul George,34:27,Roy Hibbert,29:55,David West,29:04,Danny Granger,22:37,C.J. Watson,19:02,Luis Scola,18:56,Ian Mahinmi,18:05,Rasual Butler,0:43
0,.000,1,12.500,0,0.00,102,1,1,50.0,7,.875,7.0,100.0,7.0,8,3,.750,4,50.000,Logos via Sports Logos.net / About logos,L,https://www.basketball-reference.com/boxscores/201401300IND.html,Home,94,33:57,1,50.0,PHO,Channing Frye,Ish Smith,7:53,,,,,,,,,,,37:57,P.J. Tucker,36:06,Goran Dragić,33:48,Gerald Green,30:26,Markieff Morris,24:07,Marcus Morris,20:59,Miles Plumlee,19:06,Leandro Barbosa,15:16,Alex Len,14:22,102,3,17,14.0,82.4,0.0,0.0,3.0,17.6,George Hill,8,1,2013-2014,2.0,1,2.0,IND,94,Paul George,,,,,,,,,,,,,38:17,Roy Hibbert,37:45,Lance Stephenson,36:53,David West,32:18,Danny Granger,21:18,Luis Scola,15:14,C.J. Watson,14:03,Ian Mahinmi,10:15,,
1,.200,5,62.500,2,2.00,96,0,3,75.0,3,.375,2.0,66.7,3.0,8,3,.750,4,50.000,Logos via Sports Logos.net / About logos,W,https://www.basketball-reference.com/boxscores/201402010IND.html,Home,97,33:30,1,25.0,BRK,Deron Williams,Reggie Evans,4:22,,,,,,,,,,,39:11,Joe Johnson,38:45,Shaun Livingston,34:44,Paul Pierce,32:36,Kevin Garnett,24:38,Mason Plumlee,18:59,Alan Anderson,18:40,Mirza Teletović,15:24,Jason Terry,12:41,96,5,10,4.0,40.0,3.0,30.0,3.0,30.0,George Hill,1,0,2013-2014,0.0,1,4.0,IND,97,Paul George,,,,,,,,,,,,,39:23,Lance Stephenson,34:40,Roy Hibbert,34:27,David West,32:12,C.J. Watson,18:33,Danny Granger,18:02,Luis Scola,15:49,Ian Mahinmi,13:24,,
0,.000,6,75.000,3,,79,0,1,50.0,1,.125,1.0,50.0,2.0,8,0,,0,0.000,Logos via Sports Logos.net / About logos,W,https://www.basketball-reference.com/boxscores/201402030IND.html,Home,98,19:21,1,50.0,ORL,Glen Davis,Doron Lamb,11:42,,,,,,,,,,,35:30,Victor Oladipo,34:49,Nikola Vučević,34:33,Arron Afflalo,33:56,Tobias Harris,30:20,Maurice Harkless,19:43,E'Twaun Moore,13:30,Kyle O'Quinn,13:27,Andrew Nicholson,12:30,79,1,2,2.0,100.0,0.0,0.0,0.0,0.0,George Hill,19,1,2013-2014,1.0,0,2.0,IND,98,Lance Stephenson,Rasual Butler,4:15,Orlando Johnson,3:00,Donald Sloan,3:00,,,,,,,37:21,Paul George,26:47,David West,26:11,Roy Hibbert,25:44,C.J. Watson,25:39,Danny Granger,24:37,Luis Scola,21:49,Ian Mahinmi,18:01,Chris Copeland,4:15
1,.333,3,75.000,7,7.00,89,0,1,50.0,2,.500,1.0,100.0,1.0,4,0,,0,0.000,Logos via Sports Logos.net / About logos,W,https://www.basketball-reference.com/boxscores/201402040ATL.html,Away,85,37:07,1,50.0,ATL,Paul Millsap,Cartier Martin,12:00,Dennis Schröder,9:43,,,,,,,,,32:26,Kyle Korver,31:34,DeMarre Carroll,27:30,Jeff Teague,24:37,Mike Scott,24:26,Elton Brand,20:36,Lou Williams,20:01,Shelvin Mack,18:35,Gustavo Ayón,18:32,85,1,5,2.0,40.0,3.0,60.0,0.0,0.0,George Hill,4,0,2013-2014,0.0,1,2.0,IND,89,Paul George,,,,,,,,,,,,,35:34,David West,32:01,Roy Hibbert,30:23,Danny Granger,23:03,Lance Stephenson,23:02,C.J. Watson,21:34,Ian Mahinmi,16:54,Luis Scola,15:59,Rasual Butler,4:23
2,.500,4,21.053,8,8.00,113,1,7,77.8,12,.632,10.0,66.7,15.0,19,11,.917,12,63.158,Logos via Sports Logos.net / About logos,W,https://www.basketball-reference.com/boxscores/201402070IND.html,Home,118,38:19,2,22.2,POR,Damian Lillard,Dorell Wright,6:23,,,,,,,,,,,44:48,Nicolas Batum,44:48,Robin Lopez,40:13,LaMarcus Aldridge,40:12,Wesley Matthews,39:14,Joel Freeland,17:36,Earl Watson,12:12,CJ McCollum,12:03,Thomas Robinson,7:31,113,4,37,20.0,54.1,6.0,16.2,11.0,29.7,George Hill,5,2,2013-2014,3.0,1,9.0,IND,118,Paul George,,,,,,,,,,,,,46:46,Danny Granger,40:10,David West,39:59,Roy Hibbert,39:18,Rasual Butler,19:17,C.J. Watson,14:55,Ian Mahinmi,13:15,Luis Scola,13:01,,
2,.400,5,45.455,7,7.00,92,0,4,100.0,5,.455,3.0,50.0,6.0,11,0,,0,0.000,Logos via Sports Logos.net / About logos,L,https://www.basketball-reference.com/boxscores/201402090ORL.html,Away,93,29:54,0,0.0,ORL,Nikola Vučević,Andrew Nicholson,8:28,,,,,,,,,,,37:13,Arron Afflalo,34:05,Tobias Harris,33:19,Victor Oladipo,33:18,Glen Davis,26:03,Jameer Nelson,23:54,Maurice Harkless,19:54,E'Twaun Moore,12:59,Kyle O'Quinn,10:47,93,3,12,6.0,50.0,6.0,50.0,0.0,0.0,George Hill,1,0,2013-2014,0.0,1,4.0,IND,92,Lance Stephenson,,,,,,,,,,,,,39:27,Paul George,35:22,Roy Hibbert,34:11,David West,32:42,Danny Granger,21:11,C.J. Watson,18:21,Luis Scola,15:18,Ian Mahinmi,13:34,,
0,.000,3,50.000,5,1.67,80,0,7,100.0,3,.500,3.0,100.0,3.0,6,4,.800,5,83.333,Logos via Sports Logos.net / About logos,W,https://www.basketball-reference.com/boxscores/201402100IND.html,Home,119,24:59,0,0.0,DEN,Randy Foye,Darrell Arthur,11:59,,,,,,,,,,,34:08,Wilson Chandler,29:39,J.J. Hickson,27:39,Quincy Miller,27:08,Kenneth Faried,26:00,Jordan Hamilton,25:17,Timofey Mozgov,24:16,Evan Fournier,18:55,Anthony Randolph,14:59,80,0,10,6.0,60.0,0.0,0.0,4.0,40.0,George Hill,39,2,2013-2014,2.0,3,7.0,IND,119,Lance Stephenson,Chris Copeland,7:16,Solomon Hill,7:16,Donald Sloan,7:16,,,,,,,28:17,Paul George,26:50,David West,26:45,Roy Hibbert,26:26,Danny Granger,21:41,Ian Mahinmi,21:34,C.J. Watson,15:45,Luis Scola,13:55,Rasual Butler,12:00
3,.375,8,72.727,5,1.67,81,0,2,100.0,5,.455,2.0,66.7,3.0,11,1,.500,2,18.182,Logos via Sports Logos.net / About logos,L,https://www.basketball-reference.com/boxscores/201402120IND.html,Home,73,33:32,0,0.0,DAL,Monta Ellis,Jae Crowder,11:31,,,,,,,,,,,41:16,Shawn Marion,37:23,Dirk Nowitzki,34:28,Shane Larkin,22:38,José Calderón,22:29,Vince Carter,22:15,Samuel Dalembert,20:02,DeJuan Blair,16:16,Brandan Wright,11:42,81,2,14,4.0,28.6,9.0,64.3,1.0,7.1,George Hill,8,1,2013-2014,1.0,3,2.0,IND,73,Paul George,,,,,,,,,,,,,38:07,Lance Stephenson,37:59,David West,34:45,Roy Hibbert,33:23,Danny Granger,20:24,C.J. Watson,14:29,Ian Mahinmi,14:16,Luis Scola,13:05,,
1,1.000,1,25.000,7,,98,0,1,100.0,4,1.000,3.0,100.0,3.0,4,0,,0,0.000,Logos via Sports Logos.net / About logos,W,https://www.basketball-reference.com/boxscores/201402180IND.html,Home,108,24:46,0,0.0,ATL,Kyle Korver,Gustavo Ayón,6:53,,,,,,,,,,,33:04,Jeff Teague,32:44,Elton Brand,30:12,Lou Williams,29:33,Paul Millsap,28:17,Shelvin Mack,25:42,Mike Scott,24:58,Cartier Martin,20:18,Dennis Schröder,8:19,98,3,9,6.0,66.7,3.0,33.3,0.0,0.0,George Hill,10,1,2013-2014,1.0,0,1.0,IND,108,Lance Stephenson,Rasual Butler,4:49,Chris Copeland,3:27,Orlando Johnson,1:27,,,,,,,35:43,Paul George,28:16,David West,28:16,Roy Hibbert,24:57,Ian Mahinmi,23:03,Danny Granger,22:54,C.J. Watson,21:47,Luis Scola,14:55,Donald Sloan,5:40
2,.667,3,37.500,1,0.50,91,1,6,100.0,4,.500,2.0,40.0,5.0,8,3,.750,4,50.000,Logos via Sports Logos.net / About logos,L,https://www.basketball-reference.com/boxscores/201402190MIN.html,Away,104,31:41,0,0.0,MIN,Kevin Love,Gorgui Dieng,4:00,Robbie Hummel,0:50,Shabazz Muhammad,0:50,A.J. Price,0:50,,,,,37:22,Ricky Rubio,32:57,Ronny Turiaf,29:32,Chase Budinger,28:22,Corey Brewer,27:37,Luc Mbah a Moute,24:31,Dante Cunningham,24:16,J.J. Barea,14:35,Alexey Shved,14:18,104,3,13,4.0,30.8,6.0,46.2,3.0,23.1,George Hill,13,1,2013-2014,2.0,2,6.0,IND,91,Lance Stephenson,Rasual Butler,2:31,Orlando Johnson,2:31,Donald Sloan,2:31,,,,,,,37:15,Paul George,36:05,David West,27:19,Roy Hibbert,23:37,Ian Mahinmi,23:05,Danny Granger,17:38,C.J. Watson,15:06,Chris Copeland,10:45,Luis Scola,9:56
0,.000,1,33.333,1,0.50,110,0,0,,0,.000,0.0,0.0,2.0,3,0,,0,0.000,Logos via Sports Logos.net / About logos,W,https://www.basketball-reference.com/boxscores/201402220MIL.html,Away,100,30:51,0,,MIL,Brandon Knight,O.J. Mayo,16:45,,,,,,,,,,,38:38,Zaza Pachulia,27:00,Ersan İlyasova,25:47,Giannis Antetokounmpo,24:17,Khris Middleton,24:10,John Henson,23:40,Ramon Sessions,22:37,Nate Wolters,19:03,Jeff Adrien,18:03,100,2,0,0.0,,0.0,,0.0,,George Hill,10,2,2013-2014,2.0,2,0.0,IND,110,Lance Stephenson,,,,,,,,,,,,,37:17,Paul George,36:12,Roy Hibbert,34:02,David West,33:09,Rasual Butler,22:31,C.J. Watson,17:25,Luis Scola,14:51,Ian Mahinmi,13:42,,
1,.500,2,22.222,3,,98,1,3,100.0,6,.667,5.0,71.4,7.0,9,1,1.000,1,11.111,Logos via Sports Logos.net / About logos,W,https://www.basketball-reference.com/boxscores/201402250IND.html,Home,118,24:03,0,0.0,LAL,Kent Bazemore,Jordan Hill,10:20,Robert Sacre,6:12,,,,,,,,,38:32,Jodie Meeks,37:42,Pau Gasol,27:20,MarShon Brooks,26:30,Wesley Johnson,25:04,Jordan Farmar,21:14,Kendall Marshall,18:05,Ryan Kelly,14:33,Chris Kaman,14:28,98,1,14,10.0,71.4,3.0,21.4,1.0,7.1,George Hill,20,2,2013-2014,3.0,0,3.0,IND,118,Lance Stephenson,Chris Copeland,6:12,Donald Sloan,6:12,Lavoy Allen,4:34,,,,,,,32:33,Paul George,27:58,David West,27:58,Evan Turner,26:11,Roy Hibbert,24:05,C.J. Watson,20:51,Ian Mahinmi,19:21,Luis Scola,13:50,Rasual Butler,6:12
1,1.000,1,25.000,3,0.75,96,0,3,75.0,3,.750,2.0,66.7,3.0,4,2,1.000,2,50.000,Logos via Sports Logos.net / About logos,W,https://www.basketball-reference.com/boxscores/201402270IND.html,Home,101,29:03,1,25.0,MIL,Brandon Knight,Nate Wolters,17:17,,,,,,,,,,,29:04,Ersan İlyasova,28:21,Ramon Sessions,26:33,Khris Middleton,26:11,Zaza Pachulia,25:39,O.J. Mayo,23:36,John Henson,22:21,Giannis Antetokounmpo,21:19,Jeff Adrien,19:39,96,2,9,4.0,44.4,3.0,33.3,2.0,22.2,George Hill,5,0,2013-2014,0.0,4,4.0,IND,101,Lance Stephenson,,,,,,,,,,,,,41:24,Paul George,34:25,Roy Hibbert,33:40,David West,32:07,Evan Turner,20:27,C.J. Watson,18:57,Luis Scola,15:53,Ian Mahinmi,14:04,,
0,.000,2,22.222,3,3.00,98,0,7,100.0,3,.333,3.0,42.9,7.0,9,2,1.000,2,22.222,Logos via Sports Logos.net / About logos,L,https://www.basketball-reference.com/boxscores/201403040IND.html,Home,96,35:16,0,0.0,GSW,Klay Thompson,Jordan Crawford,6:46,,,,,,,,,,,41:14,Stephen Curry,31:59,Jermaine O'Neal,30:22,Harrison Barnes,23:33,Andre Iguodala,23:24,David Lee,22:19,Andrew Bogut,22:10,Draymond Green,21:10,Steve Blake,17:03,98,3,8,6.0,75.0,0.0,0.0,2.0,25.0,George Hill,2,0,2013-2014,0.0,1,7.0,IND,96,Paul George,,,,,,,,,,,,,39:43,Lance Stephenson,38:29,Roy Hibbert,34:06,David West,33:33,Evan Turner,17:44,Luis Scola,14:27,Ian Mahinmi,13:54,C.J. Watson,12:48,,
3,.600,5,50.000,1,,87,0,3,100.0,6,.600,3.0,60.0,5.0,10,2,.667,3,30.000,Logos via Sports Logos.net / About logos,L,https://www.basketball-reference.com/boxscores/201403050CHA.html,Away,109,31:18,0,0.0,CHA,Al Jefferson,Bismack Biyombo,6:11,Jannero Pargo,1:29,,,,,,,,,35:50,Josh McRoberts,34:25,Kemba Walker,33:29,Chris Douglas-Roberts,28:36,Anthony Tolliver,26:47,Gary Neal,25:16,Cody Zeller,19:34,Michael Kidd-Gilchrist,15:21,Luke Ridnour,13:02,109,2,17,6.0,35.3,9.0,52.9,2.0,11.8,George Hill,22,0,2013-2014,0.0,0,3.0,IND,87,Lance Stephenson,Rasual Butler,5:28,Lavoy Allen,2:48,,,,,,,,,34:34,Paul George,33:50,Evan Turner,31:20,David West,31:08,Roy Hibbert,22:13,Luis Scola,14:04,Ian Mahinmi,13:47,Chris Copeland,12:00,Donald Sloan,7:30
0,.000,1,20.000,3,3.00,86,0,0,,2,.400,2.0,50.0,4.0,5,0,,0,0.000,Logos via Sports Logos.net / About logos,L,https://www.basketball-reference.com/boxscores/201403070HOU.html,Away,112,27:47,0,,HOU,Chandler Parsons,Omri Casspi,7:57,Isaiah Canaan,5:32,Troy Daniels,5:32,,,,,,,35:10,James Harden,30:31,Dwight Howard,27:59,Patrick Beverley,26:26,Terrence Jones,24:12,Donatas Motiejūnas,23:22,Ömer Aşık,20:01,Jordan Hamilton,17:16,Jeremy Lin,16:02,112,2,4,4.0,100.0,0.0,0.0,0.0,0.0,George Hill,26,0,2013-2014,0.0,1,0.0,IND,86,Paul George,Donald Sloan,7:57,Chris Copeland,5:32,Lavoy Allen,5:32,,,,,,,33:45,Lance Stephenson,29:19,Roy Hibbert,28:57,David West,23:06,Rasual Butler,21:52,Luis Scola,19:22,Evan Turner,15:23,Ian Mahinmi,13:31,Solomon Hill,7:57
2,.400,5,31.250,3,3.00,94,0,3,60.0,7,.438,5.0,45.5,11.0,16,4,.667,6,37.500,Logos via Sports Logos.net / About logos,L,https://www.basketball-reference.com/boxscores/201403090DAL.html,Away,105,38:24,2,40.0,DAL,Monta Ellis,Jae Crowder,6:42,,,,,,,,,,,38:05,Dirk Nowitzki,35:00,Shawn Marion,34:08,José Calderón,30:00,Vince Carter,24:32,Devin Harris,23:33,Samuel Dalembert,18:06,DeJuan Blair,18:04,Brandan Wright,11:50,105,3,20,10.0,50.0,6.0,30.0,4.0,20.0,George Hill,11,2,2013-2014,2.0,1,5.0,IND,94,Roy Hibbert,Solomon Hill,0:09,Chris Copeland,0:02,,,,,,,,,37:24,Lance Stephenson,36:21,David West,32:36,Paul George,30:49,Evan Turner,24:54,Luis Scola,15:24,Ian Mahinmi,10:34,Donald Sloan,9:36,Rasual Butler,3:47
2,.333,6,54.545,4,4.00,83,1,2,66.7,4,.364,2.0,40.0,5.0,11,2,1.000,2,18.182,Logos via Sports Logos.net / About logos,W,https://www.basketball-reference.com/boxscores/201403110IND.html,Home,94,35:39,1,33.3,BOS,Rajon Rondo,Phil Pressey,7:15,Joel Anthony,0:12,,,,,,,,,40:45,Jeff Green,36:46,Chris Johnson,28:06,Jared Sullinger,26:00,Kris Humphries,25:50,Brandon Bass,22:50,Jerryd Bayless,21:29,Kelly Olynyk,21:08,Chris Babb,9:39,83,1,12,4.0,33.3,6.0,50.0,2.0,16.7,George Hill,11,1,2013-2014,2.0,1,3.0,IND,94,Lance Stephenson,Chris Copeland,0:03,,,,,,,,,,,36:03,David West,34:59,Roy Hibbert,32:20,Paul George,29:34,Evan Turner,22:33,Andrew Bynum,15:37,Luis Scola,13:01,Donald Sloan,12:20,Rasual Butler,7:51
3,.375,8,72.727,9,4.50,101,0,5,83.3,4,.364,1.0,33.3,3.0,11,3,.750,4,36.364,Logos via Sports Logos.net / About logos,W,https://www.basketball-reference.com/boxscores/201403140PHI.html,Away,94,39:08,1,16.7,PHI,Thaddeus Young,,,,,,,,,,,,,45:10,Michael Carter-Williams,41:24,James Anderson,38:31,Hollis Thompson,32:43,Byron Mullens,23:53,Henry Sims,20:48,Elliot Williams,18:13,Tony Wroten,13:18,Jarvis Varnado,6:00,94,2,14,2.0,14.3,9.0,64.3,3.0,21.4,George Hill,7,2,2013-2014,2.0,2,6.0,IND,101,Lance Stephenson,,,,,,,,,,,,,40:14,Paul George,35:39,David West,32:46,Roy Hibbert,30:24,Evan Turner,21:28,Lavoy Allen,17:36,Luis Scola,15:14,C.J. Watson,7:31,,
0,.000,3,42.857,3,3.00,112,0,7,100.0,1,.143,1.0,25.0,4.0,7,0,,0,0.000,Logos via Sports Logos.net / About logos,W,https://www.basketball-reference.com/boxscores/201403150DET.html,Away,104,34:02,0,0.0,DET,Kyle Singler,Andre Drummond,5:28,,,,,,,,,,,46:17,Rodney Stuckey,44:13,Greg Monroe,40:46,Brandon Jennings,37:16,Josh Smith,35:24,Jonas Jerebko,17:36,Will Bynum,15:44,Charlie Villanueva,12:14,Kentavious Caldwell-Pope,10:02,104,4,2,2.0,100.0,0.0,0.0,0.0,0.0,George Hill,8,2,2013-2014,2.0,1,7.0,IND,112,Paul George,,,,,,,,,,,,,46:02,Lance Stephenson,35:35,David West,35:33,Roy Hibbert,32:42,Evan Turner,29:39,Andrew Bynum,20:00,Luis Scola,17:27,Rasual Butler,13:30,Solomon Hill,0:30
3,.429,7,63.636,3,3.00,90,1,2,40.0,4,.364,1.0,25.0,4.0,11,0,,0,0.000,Logos via Sports Logos.net / About logos,W,https://www.basketball-reference.com/boxscores/201403170IND.html,Home,99,36:02,3,60.0,PHI,Michael Carter-Williams,Brandon Davies,3:19,,,,,,,,,,,42:47,Thaddeus Young,41:00,Hollis Thompson,40:52,Tony Wroten,36:08,Henry Sims,28:04,Elliot Williams,15:29,Byron Mullens,14:59,James Nunnally,8:44,Jarvis Varnado,8:38,90,2,11,2.0,18.2,9.0,81.8,0.0,0.0,George Hill,9,2,2013-2014,3.0,1,5.0,IND,99,Lance Stephenson,,,,,,,,,,,,,37:55,Paul George,35:57,David West,35:03,Roy Hibbert,27:35,Evan Turner,22:08,Ian Mahinmi,19:28,Luis Scola,13:36,Donald Sloan,11:58,Chris Copeland,0:18
1,.250,4,57.143,4,2.00,86,1,6,100.0,3,.429,2.0,66.7,3.0,7,0,,0,0.000,Logos via Sports Logos.net / About logos,L,https://www.basketball-reference.com/boxscores/201403190NYK.html,Away,92,40:12,0,0.0,NYK,Carmelo Anthony,Shannon Brown,0:01,,,,,,,,,,,42:32,Tyson Chandler,39:25,Amar'e Stoudemire,28:51,Iman Shumpert,28:36,J.R. Smith,28:31,Raymond Felton,28:12,Pablo Prigioni,19:48,Tim Hardaway Jr.,15:15,Cole Aldrich,8:49,92,2,7,4.0,57.1,3.0,42.9,0.0,0.0,George Hill,6,0,2013-2014,1.0,2,6.0,IND,86,Lance Stephenson,Lavoy Allen,3:52,,,,,,,,,,,37:06,David West,36:27,Paul George,36:24,Roy Hibbert,29:53,Evan Turner,17:20,Ian Mahinmi,13:52,Luis Scola,11:33,Chris Copeland,7:19,Donald Sloan,6:02
0,.000,4,40.000,3,3.00,79,0,2,66.7,3,.300,3.0,50.0,6.0,10,4,1.000,4,40.000,Logos via Sports Logos.net / About logos,W,https://www.basketball-reference.com/boxscores/201403210IND.html,Home,91,35:47,1,33.3,CHI,Jimmy Butler,,,,,,,,,,,,,45:21,Joakim Noah,38:08,Mike Dunleavy,37:56,Carlos Boozer,31:07,D.J. Augustin,29:36,Kirk Hinrich,28:28,Taj Gibson,22:14,Nazr Mohammed,4:31,Tony Snell,2:39,79,4,10,6.0,60.0,0.0,0.0,4.0,40.0,George Hill,12,1,2013-2014,1.0,1,3.0,IND,91,Paul George,Rasual Butler,1:01,,,,,,,,,,,36:34,Roy Hibbert,31:57,Lance Stephenson,28:26,David West,27:16,Evan Turner,20:34,Luis Scola,20:29,Ian Mahinmi,16:03,Donald Sloan,12:13,Chris Copeland,9:40
0,.000,1,14.286,5,,71,1,2,100.0,2,.286,2.0,33.3,6.0,7,0,,0,0.000,Logos via Sports Logos.net / About logos,L,https://www.basketball-reference.com/boxscores/201403220MEM.html,Away,82,35:20,0,0.0,MEM,Marc Gasol,Jon Leuer,1:52,Beno Udrih,1:52,James Johnson,1:51,,,,,,,38:54,Zach Randolph,35:36,Mike Conley,31:42,Mike Miller,24:43,Courtney Lee,24:40,Tony Allen,23:52,Kosta Koufos,19:36,Tayshaun Prince,19:02,Nick Calathes,16:20,82,2,4,4.0,100.0,0.0,0.0,0.0,0.0,George Hill,11,0,2013-2014,1.0,0,2.0,IND,71,Paul George,Solomon Hill,1:52,Lavoy Allen,1:52,Rasual Butler,1:51,,,,,,,35:37,David West,32:52,Lance Stephenson,31:18,Ian Mahinmi,22:41,Roy Hibbert,20:37,Evan Turner,19:26,Luis Scola,16:06,Chris Copeland,10:47,Donald Sloan,9:41
2,.667,3,30.000,4,,77,0,2,100.0,6,.600,4.0,57.1,7.0,10,3,1.000,3,30.000,Logos via Sports Logos.net / About logos,L,https://www.basketball-reference.com/boxscores/201403240CHI.html,Away,89,39:08,0,0.0,CHI,Mike Dunleavy,Erik Murphy,0:13,Tornike Shengelia,0:13,,,,,,,,,38:15,Joakim Noah,34:40,Taj Gibson,33:24,Jimmy Butler,32:30,D.J. Augustin,27:46,Kirk Hinrich,27:34,Carlos Boozer,23:49,Tony Snell,17:55,Nazr Mohammed,3:41,89,0,17,8.0,47.1,6.0,35.3,3.0,17.6,George Hill,12,1,2013-2014,1.0,0,2.0,IND,77,Paul George,Lavoy Allen,1:03,Rasual Butler,1:03,Solomon Hill,1:03,,,,,,,40:36,David West,36:01,Lance Stephenson,30:11,Roy Hibbert,26:06,Evan Turner,19:32,Ian Mahinmi,16:33,Luis Scola,14:42,Donald Sloan,8:52,Chris Copeland,5:10
0,.000,1,25.000,4,2.00,83,0,2,50.0,1,.250,1.0,33.3,3.0,4,0,.000,2,50.000,Logos via Sports Logos.net / About logos,W,https://www.basketball-reference.com/boxscores/201403260IND.html,Home,84,41:07,2,50.0,MIA,LeBron James,Toney Douglas,3:54,,,,,,,,,,,43:24,Mario Chalmers,39:56,Dwyane Wade,31:34,Chris Bosh,26:00,Norris Cole,25:12,Rashard Lewis,24:17,Udonis Haslem,20:51,Chris Andersen,18:43,Greg Oden,6:09,83,2,2,2.0,100.0,0.0,0.0,0.0,0.0,George Hill,1,0,2013-2014,0.0,2,4.0,IND,84,Paul George,,,,,,,,,,,,,41:31,David West,36:48,Roy Hibbert,33:40,Lance Stephenson,33:28,Evan Turner,21:01,Ian Mahinmi,14:19,Luis Scola,11:13,Donald Sloan,6:53,,
0,,0,0.000,6,6.00,78,0,2,66.7,3,.500,3.0,50.0,6.0,6,2,1.000,2,33.333,Logos via Sports Logos.net / About logos,L,https://www.basketball-reference.com/boxscores/201403280WAS.html,Away,91,37:34,1,33.3,WAS,John Wall,Garrett Temple,1:46,,,,,,,,,,,38:00,Bradley Beal,35:14,Marcin Gortat,34:08,Trevor Ariza,34:04,Martell Webster,24:14,Al Harrington,22:05,Drew Gooden,20:18,Trevor Booker,19:29,Andre Miller,10:42,91,2,8,6.0,75.0,0.0,0.0,2.0,25.0,George Hill,13,2,2013-2014,2.0,1,3.0,IND,78,Paul George,Lavoy Allen,2:03,Rasual Butler,2:03,Solomon Hill,2:03,,,,,,,38:06,Lance Stephenson,35:29,David West,32:18,Roy Hibbert,31:58,Evan Turner,14:02,Ian Mahinmi,13:49,Luis Scola,13:39,Donald Sloan,10:26,Chris Copeland,6:30
1,.333,3,33.333,6,3.00,76,0,5,71.4,3,.333,2.0,33.3,6.0,9,2,.500,4,44.444,Logos via Sports Logos.net / About logos,L,https://www.basketball-reference.com/boxscores/201403300CLE.html,Away,90,36:21,2,28.6,CLE,Luol Deng,,,,,,,,,,,,,35:30,Jarrett Jack,35:30,Spencer Hawes,33:06,Dion Waiters,33:05,Tristan Thompson,30:22,Matthew Dellavedova,30:02,Tyler Zeller,16:25,Anderson Varejão,13:30,Alonzo Gee,12:30,90,1,9,4.0,44.4,3.0,33.3,2.0,22.2,George Hill,14,2,2013-2014,2.0,2,7.0,IND,76,Paul George,Lavoy Allen,1:20,Rasual Butler,1:20,Solomon Hill,1:20,,,,,,,38:25,David West,35:08,Lance Stephenson,33:27,Roy Hibbert,23:31,Luis Scola,17:37,Ian Mahinmi,15:46,Donald Sloan,14:31,Chris Copeland,10:52,Evan Turner,10:22
1,1.000,1,16.667,0,,103,1,3,100.0,3,.500,2.0,40.0,5.0,6,0,,0,0.000,Logos via Sports Logos.net / About logos,L,https://www.basketball-reference.com/boxscores/201403310IND.html,Home,77,36:37,0,0.0,SAS,Kawhi Leonard,Austin Daye,4:12,Jeff Ayres,3:37,Cory Joseph,3:37,,,,,,,36:44,Tony Parker,33:43,Tiago Splitter,31:42,Tim Duncan,30:45,Boris Diaw,25:44,Marco Belinelli,20:30,Danny Green,19:21,Manu Ginóbili,16:49,Patty Mills,13:16,103,0,7,4.0,57.1,3.0,42.9,0.0,0.0,George Hill,26,0,2013-2014,1.0,0,3.0,IND,77,Paul George,Lavoy Allen,3:37,Chris Copeland,3:37,Solomon Hill,3:37,,,,,,,35:49,Roy Hibbert,33:52,David West,28:58,Lance Stephenson,27:30,Rasual Butler,22:05,Luis Scola,15:25,Donald Sloan,11:23,Ian Mahinmi,10:31,Evan Turner,6:59
0,.000,3,33.333,2,,94,0,1,100.0,4,.444,4.0,66.7,6.0,9,4,.800,5,55.556,Logos via Sports Logos.net / About logos,W,https://www.basketball-reference.com/boxscores/201404020IND.html,Home,101,38:43,0,0.0,DET,Kyle Singler,Charlie Villanueva,5:40,,,,,,,,,,,39:28,Josh Smith,37:20,Brandon Jennings,35:07,Rodney Stuckey,32:16,Andre Drummond,31:20,Greg Monroe,31:07,Will Bynum,12:53,Jonas Jerebko,8:49,Kentavious Caldwell-Pope,6:00,94,3,12,8.0,66.7,0.0,0.0,4.0,33.3,George Hill,7,1,2013-2014,1.0,0,1.0,IND,101,Paul George,,,,,,,,,,,,,37:43,Lance Stephenson,34:00,David West,33:10,Roy Hibbert,29:02,Ian Mahinmi,18:58,Evan Turner,17:24,Luis Scola,14:50,Donald Sloan,9:17,Rasual Butler,6:53
1,.333,3,60.000,5,5.00,94,0,4,100.0,2,.400,1.0,50.0,2.0,5,3,.750,4,80.000,Logos via Sports Logos.net / About logos,L,https://www.basketball-reference.com/boxscores/201404040TOR.html,Away,102,35:06,0,0.0,TOR,DeMar DeRozan,,,,,,,,,,,,,39:35,Jonas Valančiūnas,33:42,Terrence Ross,33:09,Greivis Vásquez,32:43,Patrick Patterson,25:26,Nando De Colo,22:53,Tyler Hansbrough,19:40,Chuck Hayes,17:11,John Salmons,15:41,102,1,8,2.0,25.0,3.0,37.5,3.0,37.5,George Hill,8,1,2013-2014,1.0,1,4.0,IND,94,Paul George,,,,,,,,,,,,,40:16,David West,34:21,Roy Hibbert,31:51,Lance Stephenson,28:13,Evan Turner,19:48,Ian Mahinmi,16:08,Luis Scola,13:39,Donald Sloan,12:54,Rasual Butler,7:44
2,.400,5,50.000,0,0.00,107,0,2,28.6,3,.300,1.0,20.0,5.0,10,4,.667,6,60.000,Logos via Sports Logos.net / About logos,L,https://www.basketball-reference.com/boxscores/201404060IND.html,Home,88,37:17,5,71.4,ATL,Kyle Korver,,,,,,,,,,,,,35:59,Jeff Teague,33:55,Paul Millsap,33:23,Pero Antić,26:47,Shelvin Mack,26:14,DeMarre Carroll,25:53,Elton Brand,22:27,Cartier Martin,21:59,Mike Scott,13:23,107,4,12,2.0,16.7,6.0,50.0,4.0,33.3,George Hill,19,2,2013-2014,2.0,2,7.0,IND,88,Paul George,Roy Hibbert,9:03,Chris Copeland,6:22,,,,,,,,,37:47,David West,37:34,Lance Stephenson,29:56,Ian Mahinmi,17:00,Luis Scola,15:39,Evan Turner,15:27,Rasual Butler,12:55,Donald Sloan,10:38,Lavoy Allen,10:22
0,,0,,4,2.00,86,0,0,,0,,0.0,,0.0,0,0,,0,,Logos via Sports Logos.net / About logos,L,https://www.basketball-reference.com/boxscores/201404110MIA.html,Away,98,32:44,0,,MIA,Chris Bosh,Shane Battier,3:15,Michael Beasley,0:33,Justin Hamilton,0:33,James Jones,0:33,,,,,36:55,LeBron James,34:52,Udonis Haslem,31:16,Mario Chalmers,28:41,Ray Allen,28:34,Norris Cole,23:01,Rashard Lewis,20:25,Chris Andersen,16:11,Toney Douglas,15:11,98,1,0,0.0,,0.0,,0.0,,George Hill,12,0,2013-2014,0.0,2,0.0,IND,86,Paul George,Lavoy Allen,0:33,Rasual Butler,0:33,Donald Sloan,0:33,,,,,,,39:40,Lance Stephenson,34:55,Roy Hibbert,33:45,David West,25:48,C.J. Watson,19:19,Luis Scola,18:51,Evan Turner,16:16,Ian Mahinmi,13:42,Chris Copeland,3:21
0,.000,2,66.667,2,,97,0,0,,1,.333,1.0,100.0,1.0,3,1,.500,2,66.667,Logos via Sports Logos.net / About logos,W,https://www.basketball-reference.com/boxscores/201404130IND.html,Home,102,23:11,0,,OKC,Kevin Durant,Steven Adams,13:06,,,,,,,,,,,42:02,Russell Westbrook,33:03,Serge Ibaka,31:57,Caron Butler,30:08,Kendrick Perkins,22:38,Thabo Sefolosha,20:45,Nick Collison,16:03,Derek Fisher,15:21,Reggie Jackson,14:57,97,4,3,2.0,66.7,0.0,0.0,1.0,33.3,George Hill,5,0,2013-2014,0.0,0,0.0,IND,102,Lance Stephenson,,,,,,,,,,,,,41:20,Paul George,35:42,David West,33:01,Roy Hibbert,27:11,C.J. Watson,25:04,Ian Mahinmi,20:34,Evan Turner,18:58,Luis Scola,14:59,,
1,.500,2,40.000,2,,101,0,2,50.0,2,.400,1.0,33.3,3.0,5,0,,0,0.000,Logos via Sports Logos.net / About logos,W,https://www.basketball-reference.com/boxscores/201404160ORL.html,Away,86,14:25,2,50.0,ORL,Doron Lamb,Arron Afflalo,6:15,Jason Maxiell,4:59,,,,,,,,,39:59,Maurice Harkless,37:38,Andrew Nicholson,33:07,E'Twaun Moore,30:36,Dewayne Dedmon,26:53,Kyle O'Quinn,20:56,Victor Oladipo,17:24,Ronnie Price,12:08,Tobias Harris,10:05,86,1,5,2.0,40.0,3.0,60.0,0.0,0.0,George Hill,15,2,2013-2014,2.0,0,4.0,IND,101,Rasual Butler,,,,,,,,,,,,,37:43,Evan Turner,34:28,Donald Sloan,31:01,Lavoy Allen,27:57,Chris Copeland,26:23,Solomon Hill,26:23,Luis Scola,24:11,Roy Hibbert,17:29,,
0,.000,2,25.000,4,,101,0,3,100.0,5,.625,5.0,83.3,6.0,8,2,.667,3,37.500,Logos via Sports Logos.net / About logos,L,https://www.basketball-reference.com/boxscores/201404190IND.html,Home,93,34:50,0,0.0,ATL,DeMarre Carroll,Cartier Martin,4:12,,,,,,,,,,,38:35,Paul Millsap,36:22,Jeff Teague,35:26,Kyle Korver,33:49,Pero Antić,28:00,Elton Brand,20:00,Lou Williams,17:58,Shelvin Mack,14:00,Mike Scott,11:38,101,2,12,10.0,83.3,0.0,0.0,2.0,16.7,George Hill,8,1,2013-2014,1.0,0,3.0,IND,93,Paul George,,,,,,,,,,,,,40:37,Lance Stephenson,35:27,Roy Hibbert,29:53,David West,29:23,Luis Scola,18:37,Evan Turner,18:21,Ian Mahinmi,17:16,C.J. Watson,15:36,,
0,.000,2,25.000,2,1.00,85,0,3,75.0,5,.625,5.0,83.3,6.0,8,5,.833,6,75.000,Logos via Sports Logos.net / About logos,W,https://www.basketball-reference.com/boxscores/201404220IND.html,Home,101,32:53,1,25.0,ATL,Paul Millsap,Cartier Martin,10:10,Dennis Schröder,6:58,Mike Muscala,5:13,,,,,,,30:31,DeMarre Carroll,29:22,Jeff Teague,27:41,Kyle Korver,27:23,Pero Antić,24:52,Lou Williams,22:07,Shelvin Mack,20:19,Elton Brand,17:55,Mike Scott,17:29,85,3,15,10.0,66.7,0.0,0.0,5.0,33.3,George Hill,16,0,2013-2014,0.0,2,4.0,IND,101,Paul George,Rasual Butler,3:58,Donald Sloan,3:58,Lavoy Allen,3:43,,,,,,,38:47,C.J. Watson,27:47,Lance Stephenson,25:18,Roy Hibbert,24:16,David West,23:43,Ian Mahinmi,20:01,Luis Scola,19:19,Evan Turner,11:19,Chris Copeland,4:58
0,.000,3,27.273,4,2.00,85,0,3,100.0,1,.091,1.0,12.5,8.0,11,2,1.000,2,18.182,Logos via Sports Logos.net / About logos,L,https://www.basketball-reference.com/boxscores/201404240ATL.html,Away,98,36:02,0,0.0,ATL,DeMarre Carroll,Mike Muscala,0:03,Dennis Schröder,0:03,,,,,,,,,40:57,Paul Millsap,37:55,Jeff Teague,36:36,Kyle Korver,35:09,Pero Antić,23:06,Lou Williams,19:48,Mike Scott,19:32,Elton Brand,15:26,Shelvin Mack,11:25,98,3,4,2.0,50.0,0.0,0.0,2.0,50.0,George Hill,13,1,2013-2014,1.0,2,3.0,IND,85,Lance Stephenson,,,,,,,,,,,,,41:14,David West,37:03,Paul George,36:17,C.J. Watson,22:06,Luis Scola,20:21,Ian Mahinmi,19:32,Roy Hibbert,18:38,Evan Turner,8:21,Chris Copeland,0:26
2,.500,4,50.000,5,5.00,91,1,2,66.7,5,.625,3.0,75.0,4.0,8,3,.750,4,50.000,Logos via Sports Logos.net / About logos,W,https://www.basketball-reference.com/boxscores/201404260ATL.html,Away,88,35:37,1,33.3,ATL,DeMarre Carroll,Cartier Martin,0:27,,,,,,,,,,,40:18,Paul Millsap,37:24,Kyle Korver,36:42,Jeff Teague,35:10,Mike Scott,26:03,Pero Antić,25:06,Lou Williams,17:21,Shelvin Mack,13:57,Elton Brand,7:32,88,3,15,6.0,40.0,6.0,40.0,3.0,20.0,George Hill,3,2,2013-2014,3.0,1,3.0,IND,91,Paul George,,,,,,,,,,,,,43:39,David West,35:24,Lance Stephenson,26:19,Roy Hibbert,24:34,Luis Scola,21:15,Evan Turner,20:34,C.J. Watson,17:51,Ian Mahinmi,14:47,,
3,.429,7,58.333,5,2.50,107,0,1,33.3,6,.500,3.0,60.0,5.0,12,1,.500,2,16.667,Logos via Sports Logos.net / About logos,L,https://www.basketball-reference.com/boxscores/201404280IND.html,Home,97,37:43,2,66.7,ATL,Kyle Korver,,,,,,,,,,,,,41:52,Paul Millsap,38:59,Jeff Teague,31:57,DeMarre Carroll,27:59,Shelvin Mack,25:20,Mike Scott,22:35,Pero Antić,20:23,Lou Williams,19:42,Elton Brand,11:13,107,3,16,6.0,37.5,9.0,56.2,1.0,6.2,George Hill,10,0,2013-2014,0.0,2,3.0,IND,97,Paul George,,,,,,,,,,,,,42:59,David West,40:16,Lance Stephenson,31:39,C.J. Watson,27:10,Chris Copeland,19:43,Ian Mahinmi,15:54,Roy Hibbert,12:13,Luis Scola,7:54,Evan Turner,4:29
2,.400,5,41.667,4,2.00,95,0,3,75.0,5,.417,3.0,42.9,7.0,12,2,.500,4,33.333,Logos via Sports Logos.net / About logos,W,https://www.basketball-reference.com/boxscores/201405010ATL.html,Away,88,37:26,1,25.0,ATL,Paul Millsap,,,,,,,,,,,,,42:02,Jeff Teague,40:28,DeMarre Carroll,39:09,Kyle Korver,30:01,Pero Antić,27:17,Lou Williams,24:32,Mike Scott,20:29,Shelvin Mack,10:02,Elton Brand,6:00,88,1,14,6.0,42.9,6.0,42.9,2.0,14.3,George Hill,7,0,2013-2014,0.0,2,4.0,IND,95,Lance Stephenson,,,,,,,,,,,,,41:00,David West,39:57,Paul George,38:29,C.J. Watson,26:50,Ian Mahinmi,23:19,Chris Copeland,18:28,Roy Hibbert,12:25,Rasual Butler,1:54,Luis Scola,0:12
0,.000,5,50.000,4,4.00,80,0,4,80.0,3,.300,3.0,60.0,5.0,10,9,1.000,9,90.000,Logos via Sports Logos.net / About logos,W,https://www.basketball-reference.com/boxscores/201405030IND.html,Home,92,43:38,1,20.0,ATL,Kyle Korver,,,,,,,,,,,,,45:17,Paul Millsap,43:51,Jeff Teague,34:41,DeMarre Carroll,29:29,Mike Scott,28:13,Shelvin Mack,22:56,Pero Antić,20:48,Lou Williams,11:37,Elton Brand,3:08,80,2,15,6.0,40.0,0.0,0.0,9.0,60.0,George Hill,12,2,2013-2014,2.0,1,5.0,IND,92,Paul George,,,,,,,,,,,,,43:27,David West,43:14,Lance Stephenson,39:16,Roy Hibbert,30:57,C.J. Watson,18:42,Ian Mahinmi,13:58,Chris Copeland,6:48,,,,
3,.500,6,54.545,1,1.00,102,0,3,75.0,6,.545,3.0,60.0,5.0,11,3,.600,5,45.455,Logos via Sports Logos.net / About logos,L,https://www.basketball-reference.com/boxscores/201405050IND.html,Home,96,33:13,1,25.0,WAS,Bradley Beal,Garrett Temple,0:46,,,,,,,,,,,42:42,John Wall,39:43,Trevor Ariza,37:20,Marcin Gortat,36:17,Nenê,32:12,Drew Gooden,17:47,Martell Webster,15:58,Trevor Booker,8:58,Andre Miller,8:17,102,3,18,6.0,33.3,9.0,50.0,3.0,16.7,George Hill,6,0,2013-2014,0.0,1,4.0,IND,96,Paul George,,,,,,,,,,,,,42:31,David West,37:38,Lance Stephenson,34:43,Luis Scola,27:14,Evan Turner,18:46,Roy Hibbert,17:43,C.J. Watson,14:47,Ian Mahinmi,12:17,Chris Copeland,1:08
1,.500,2,16.667,3,,82,1,4,100.0,6,.500,5.0,50.0,10.0,12,1,.500,2,16.667,Logos via Sports Logos.net / About logos,W,https://www.basketball-reference.com/boxscores/201405070IND.html,Home,86,32:39,0,0.0,WAS,Bradley Beal,Garrett Temple,0:01,,,,,,,,,,,43:48,Marcin Gortat,36:38,Trevor Ariza,36:37,John Wall,36:28,Nenê,35:53,Drew Gooden,15:58,Martell Webster,15:55,Andre Miller,11:32,Trevor Booker,7:10,82,2,14,10.0,71.4,3.0,21.4,1.0,7.1,George Hill,4,1,2013-2014,2.0,0,4.0,IND,86,Lance Stephenson,,,,,,,,,,,,,43:48,Paul George,41:18,David West,37:11,Roy Hibbert,33:29,C.J. Watson,18:12,Ian Mahinmi,14:19,Luis Scola,10:50,Evan Turner,8:03,Chris Copeland,0:11
3,.600,5,83.333,5,2.50,85,0,4,100.0,3,.500,0.0,0.0,1.0,6,0,,0,0.000,Logos via Sports Logos.net / About logos,W,https://www.basketball-reference.com/boxscores/201405090WAS.html,Away,63,36:14,0,0.0,WAS,Bradley Beal,Trevor Booker,4:25,Garrett Temple,2:30,Otto Porter Jr.,1:32,Kevin Séraphin,1:32,,,,,40:27,John Wall,40:20,Trevor Ariza,36:07,Nenê,33:46,Marcin Gortat,30:15,Drew Gooden,17:20,Martell Webster,16:56,Al Harrington,8:42,Andre Miller,6:08,63,2,9,0.0,0.0,9.0,100.0,0.0,0.0,George Hill,22,3,2013-2014,3.0,2,4.0,IND,85,Paul George,,,,,,,,,,,,,42:11,Lance Stephenson,34:45,David West,33:22,Roy Hibbert,29:34,Ian Mahinmi,18:26,Evan Turner,17:32,Luis Scola,14:38,C.J. Watson,11:46,Rasual Butler,1:32
1,.200,5,41.667,4,4.00,95,0,1,50.0,6,.500,5.0,71.4,7.0,12,2,.500,4,33.333,Logos via Sports Logos.net / About logos,W,https://www.basketball-reference.com/boxscores/201405110WAS.html,Away,92,37:29,1,50.0,WAS,Bradley Beal,Garrett Temple,0:04,,,,,,,,,,,41:59,Trevor Ariza,33:26,John Wall,32:11,Drew Gooden,27:20,Nenê,24:35,Al Harrington,22:35,Marcin Gortat,21:26,Martell Webster,20:35,Andre Miller,15:49,92,4,15,10.0,66.7,3.0,20.0,2.0,13.3,George Hill,3,2,2013-2014,2.0,1,2.0,IND,95,Paul George,,,,,,,,,,,,,46:23,David West,43:51,Lance Stephenson,41:03,Roy Hibbert,38:42,C.J. Watson,10:30,Evan Turner,8:34,Luis Scola,8:11,Ian Mahinmi,5:17,,
0,.000,2,25.000,2,1.00,102,1,2,100.0,1,.125,1.0,16.7,6.0,8,1,.500,2,25.000,Logos via Sports Logos.net / About logos,L,https://www.basketball-reference.com/boxscores/201405130IND.html,Home,79,31:12,0,0.0,WAS,Bradley Beal,Otto Porter Jr.,3:53,Trevor Booker,3:53,Garrett Temple,3:41,Kevin Séraphin,2:32,,,,,39:59,Marcin Gortat,36:00,John Wall,33:46,Trevor Ariza,32:45,Nenê,24:01,Martell Webster,19:23,Drew Gooden,16:47,Al Harrington,12:47,Andre Miller,10:33,102,1,3,2.0,66.7,0.0,0.0,1.0,33.3,George Hill,23,1,2013-2014,2.0,2,2.0,IND,79,Paul George,Lavoy Allen,6:25,Rasual Butler,6:25,Donald Sloan,6:25,,,,,,,38:36,David West,33:31,Lance Stephenson,27:52,Roy Hibbert,25:24,Evan Turner,18:04,C.J. Watson,15:26,Ian Mahinmi,11:21,Chris Copeland,10:04,Luis Scola,9:15
1,.500,2,28.571,3,1.00,93,0,6,100.0,4,.571,3.0,60.0,5.0,7,2,1.000,2,28.571,Logos via Sports Logos.net / About logos,W,https://www.basketball-reference.com/boxscores/201405150WAS.html,Away,80,43:15,0,0.0,WAS,John Wall,Garrett Temple,0:48,Otto Porter Jr.,0:39,Kevin Séraphin,0:39,,,,,,,43:59,Bradley Beal,43:23,Marcin Gortat,41:09,Trevor Ariza,35:53,Nenê,31:24,Martell Webster,16:05,Drew Gooden,14:23,Al Harrington,8:16,Andre Miller,3:22,80,3,11,6.0,54.5,3.0,27.3,2.0,18.2,George Hill,13,2,2013-2014,2.0,3,6.0,IND,93,Paul George,Chris Copeland,0:09,,,,,,,,,,,42:39,Lance Stephenson,40:50,David West,38:28,Roy Hibbert,36:03,Ian Mahinmi,11:57,Evan Turner,11:36,Luis Scola,9:32,C.J. Watson,4:45,Rasual Butler,0:46
3,.429,7,77.778,0,0.00,96,1,1,50.0,3,.333,0.0,0.0,2.0,9,6,1.000,6,66.667,Logos via Sports Logos.net / About logos,W,https://www.basketball-reference.com/boxscores/201405180IND.html,Home,107,36:08,1,50.0,MIA,LeBron James,James Jones,3:33,Toney Douglas,0:33,,,,,,,,,40:50,Dwyane Wade,39:02,Mario Chalmers,36:30,Chris Bosh,31:37,Ray Allen,29:56,Chris Andersen,18:36,Shane Battier,15:46,Norris Cole,12:42,Udonis Haslem,10:55,96,1,15,0.0,0.0,9.0,60.0,6.0,40.0,George Hill,11,1,2013-2014,2.0,1,2.0,IND,107,Lance Stephenson,Chris Copeland,0:33,Solomon Hill,0:33,Donald Sloan,0:33,,,,,,,41:00,Paul George,38:40,Roy Hibbert,38:37,David West,33:53,C.J. Watson,17:49,Luis Scola,13:34,Rasual Butler,9:17,Ian Mahinmi,8:50,Lavoy Allen,0:33
3,.600,5,55.556,1,,87,0,4,80.0,5,.556,2.0,50.0,4.0,9,0,,0,0.000,Logos via Sports Logos.net / About logos,L,https://www.basketball-reference.com/boxscores/201405200IND.html,Home,83,39:45,1,20.0,MIA,LeBron James,,,,,,,,,,,,,42:21,Chris Bosh,34:31,Dwyane Wade,33:37,Chris Andersen,28:30,Norris Cole,26:32,Ray Allen,23:59,Mario Chalmers,23:40,Udonis Haslem,18:32,Shane Battier,8:18,87,2,13,4.0,30.8,9.0,69.2,0.0,0.0,George Hill,4,3,2013-2014,3.0,0,5.0,IND,83,Lance Stephenson,,,,,,,,,,,,,43:33,Paul George,43:20,Roy Hibbert,40:53,David West,34:01,C.J. Watson,13:00,Luis Scola,10:56,Rasual Butler,8:23,Ian Mahinmi,6:09,,
1,.333,3,60.000,2,0.50,87,0,2,100.0,2,.400,1.0,50.0,2.0,5,3,1.000,3,60.000,Logos via Sports Logos.net / About logos,L,https://www.basketball-reference.com/boxscores/201405240MIA.html,Away,99,21:04,0,0.0,MIA,LeBron James,Shane Battier,7:23,Toney Douglas,0:43,James Jones,0:40,,,,,,,39:46,Dwyane Wade,36:51,Norris Cole,33:02,Ray Allen,26:54,Chris Bosh,23:12,Chris Andersen,22:40,Udonis Haslem,17:26,Rashard Lewis,17:26,Mario Chalmers,13:57,99,5,8,2.0,25.0,3.0,37.5,3.0,37.5,George Hill,12,0,2013-2014,0.0,4,2.0,IND,87,Lance Stephenson,,,,,,,,,,,,,45:33,Roy Hibbert,36:24,David West,34:38,Paul George,32:14,C.J. Watson,27:38,Rasual Butler,16:47,Luis Scola,13:22,Ian Mahinmi,8:46,Evan Turner,3:34
4,.571,7,70.000,4,2.00,90,0,2,100.0,5,.500,1.0,33.3,3.0,10,1,.500,2,20.000,Logos via Sports Logos.net / About logos,L,https://www.basketball-reference.com/boxscores/201405260MIA.html,Away,102,43:35,0,0.0,MIA,Dwyane Wade,,,,,,,,,,,,,37:36,LeBron James,35:48,Chris Bosh,35:42,Ray Allen,27:04,Norris Cole,26:38,Rashard Lewis,25:49,Mario Chalmers,24:40,Udonis Haslem,18:09,Shane Battier,8:34,102,3,15,2.0,13.3,12.0,80.0,1.0,6.7,George Hill,12,0,2013-2014,0.0,2,2.0,IND,90,Paul George,,,,,,,,,,,,,42:54,David West,37:04,Lance Stephenson,32:18,Roy Hibbert,22:14,C.J. Watson,20:03,Ian Mahinmi,16:08,Luis Scola,13:38,Rasual Butler,9:32,Chris Copeland,2:34
1,.500,2,22.222,1,,90,0,5,71.4,4,.444,3.0,42.9,7.0,9,0,.000,2,22.222,Logos via Sports Logos.net / About logos,W,https://www.basketball-reference.com/boxscores/201405280IND.html,Home,93,37:53,2,28.6,MIA,Chris Bosh,Toney Douglas,4:30,Michael Beasley,3:11,,,,,,,,,41:07,Dwyane Wade,40:00,Mario Chalmers,35:23,Rashard Lewis,31:20,LeBron James,24:21,Ray Allen,22:49,Norris Cole,18:20,Shane Battier,11:50,Udonis Haslem,7:09,90,0,9,6.0,66.7,3.0,33.3,0.0,0.0,George Hill,3,2,2013-2014,2.0,0,7.0,IND,93,Paul George,,,,,,,,,,,,,45:04,Lance Stephenson,43:01,David West,41:10,Roy Hibbert,37:52,Luis Scola,16:46,C.J. Watson,13:15,Rasual Butler,4:47,Ian Mahinmi,0:12,,
0,.000,3,27.273,3,1.50,92,0,5,83.3,4,.364,4.0,50.0,8.0,11,1,.333,3,27.273,Logos via Sports Logos.net / About logos,L,https://www.basketball-reference.com/boxscores/201405300MIA.html,Away,117,36:01,1,16.7,MIA,Mario Chalmers,Toney Douglas,8:01,Udonis Haslem,6:34,James Jones,4:33,Greg Oden,4:33,,,,,31:50,LeBron James,31:39,Chris Bosh,28:51,Ray Allen,26:38,Rashard Lewis,25:28,Dwyane Wade,25:09,Shane Battier,21:47,Chris Andersen,12:35,Norris Cole,12:22,117,0,9,8.0,88.9,0.0,0.0,1.0,11.1,George Hill,25,2,2013-2014,2.0,2,6.0,IND,92,Paul George,Lavoy Allen,4:33,Ian Mahinmi,2:10,,,,,,,,,41:17,Lance Stephenson,36:28,David West,33:40,Roy Hibbert,31:54,C.J. Watson,18:58,Chris Copeland,16:45,Luis Scola,6:58,Rasual Butler,6:43,Donald Sloan,4:33
2,.667,3,37.500,3,1.50,84,0,4,100.0,5,.625,3.0,60.0,5.0,8,3,.750,4,50.000,Logos via Sports Logos.net / About logos,W,https://www.basketball-reference.com/boxscores/201412230IND.html,Home,96,21:15,0,0.0,NOP,Tyreke Evans,John Salmons,10:11,,,,,,,,,,,37:17,Anthony Davis,37:12,Jrue Holiday,32:07,Ryan Anderson,28:39,Dante Cunningham,23:14,Ömer Aşık,21:38,Luke Babbitt,21:08,Austin Rivers,17:46,Alexis Ajinça,10:48,84,2,15,6.0,40.0,6.0,40.0,3.0,20.0,George Hill,12,1,2014-2015,1.0,2,4.0,IND,96,Solomon Hill,,,,,,,,,,,,,35:22,Rodney Stuckey,32:23,David West,31:22,C.J. Watson,27:42,C.J. Miles,27:18,Lavoy Allen,25:23,Roy Hibbert,22:37,Luis Scola,16:38,,
3,.375,8,66.667,2,1.00,109,0,2,66.7,5,.417,2.0,50.0,4.0,12,0,,0,0.000,Logos via Sports Logos.net / About logos,L,https://www.basketball-reference.com/boxscores/201412260DET.html,Away,119,26:58,1,33.3,DET,Kentavious Caldwell-Pope,Joel Anthony,8:56,,,,,,,,,,,34:01,Greg Monroe,30:55,Brandon Jennings,28:25,Jonas Jerebko,28:20,Andre Drummond,27:48,D.J. Augustin,24:06,Kyle Singler,22:17,Jodie Meeks,20:34,Caron Butler,14:37,119,2,13,4.0,30.8,9.0,69.2,0.0,0.0,George Hill,10,0,2014-2015,0.0,2,3.0,IND,109,Solomon Hill,Chris Copeland,2:34,Shayne Whittington,1:24,,,,,,,,,37:28,C.J. Watson,32:18,David West,28:36,Luis Scola,23:53,Roy Hibbert,22:53,Lavoy Allen,19:14,Rodney Stuckey,18:48,C.J. Miles,18:16,Donald Sloan,7:39
2,.500,4,44.444,5,2.50,110,0,4,66.7,5,.556,3.0,60.0,5.0,9,0,,0,0.000,Logos via Sports Logos.net / About logos,W,https://www.basketball-reference.com/boxscores/201412270BRK.html,Away,85,23:14,2,33.3,BRK,Jarrett Jack,Bojan Bogdanović,11:06,Jerome Jordan,4:45,Brandon Davies,3:04,Darius Morris,3:04,,,,,38:49,Joe Johnson,35:13,Mason Plumlee,31:51,Sergey Karasev,24:22,Alan Anderson,22:45,Deron Williams,19:33,Mirza Teletović,16:17,Brook Lopez,14:57,Kevin Garnett,14:14,85,1,12,6.0,50.0,6.0,50.0,0.0,0.0,George Hill,25,0,2014-2015,0.0,2,6.0,IND,110,Rodney Stuckey,,,,,,,,,,,,,36:12,Chris Copeland,33:51,C.J. Watson,29:33,David West,28:43,Lavoy Allen,26:24,Roy Hibbert,21:36,Solomon Hill,21:10,Luis Scola,17:13,Shayne Whittington,2:04
1,.333,3,27.273,1,,92,0,4,100.0,4,.364,3.0,37.5,8.0,11,2,1.000,2,18.182,Logos via Sports Logos.net / About logos,L,https://www.basketball-reference.com/boxscores/201412290IND.html,Home,90,24:09,0,0.0,CHI,Jimmy Butler,Tony Snell,2:24,,,,,,,,,,,44:07,Pau Gasol,34:52,Derrick Rose,34:50,Joakim Noah,28:43,Mike Dunleavy,24:09,Aaron Brooks,22:04,Taj Gibson,21:38,E'Twaun Moore,16:25,Nikola Mirotić,10:47,92,3,11,6.0,54.5,3.0,27.3,2.0,18.2,George Hill,2,1,2014-2015,1.0,0,4.0,IND,90,Lavoy Allen,,,,,,,,,,,,,32:16,Solomon Hill,30:03,C.J. Watson,26:52,David West,24:52,C.J. Miles,23:47,Luis Scola,23:08,Rodney Stuckey,21:32,Chris Copeland,17:37,Roy Hibbert,15:44
2,.500,4,28.571,1,1.00,95,1,2,66.7,7,.500,5.0,50.0,10.0,14,4,1.000,4,28.571,Logos via Sports Logos.net / About logos,W,https://www.basketball-reference.com/boxscores/201412310IND.html,Home,106,31:25,1,33.3,MIA,Dwyane Wade,,,,,,,,,,,,,38:01,Chris Bosh,37:41,Mario Chalmers,32:44,Luol Deng,32:19,Danny Granger,25:20,Norris Cole,23:10,Chris Andersen,20:36,Hassan Whiteside,19:50,Shawne Williams,10:19,95,4,20,10.0,50.0,6.0,30.0,4.0,20.0,George Hill,11,0,2014-2015,1.0,1,3.0,IND,106,C.J. Miles,,,,,,,,,,,,,33:32,David West,30:31,Roy Hibbert,29:18,Solomon Hill,24:56,C.J. Watson,21:26,Rodney Stuckey,19:06,Lavoy Allen,18:42,Luis Scola,17:29,Chris Copeland,13:35
0,.000,2,20.000,2,,87,0,0,,5,.500,5.0,62.5,8.0,10,3,.750,4,40.000,Logos via Sports Logos.net / About logos,L,https://www.basketball-reference.com/boxscores/201501230MIA.html,Away,89,19:38,0,,MIA,Luol Deng,Norris Cole,12:16,,,,,,,,,,,35:08,Chris Bosh,33:16,Dwyane Wade,32:20,Mario Chalmers,29:54,Chris Andersen,28:17,Shabazz Napier,21:54,Shawne Williams,17:54,Udonis Haslem,16:09,Danny Granger,12:52,89,1,13,10.0,76.9,0.0,0.0,3.0,23.1,George Hill,2,1,2014-2015,1.0,0,0.0,IND,87,Rodney Stuckey,C.J. Miles,6:32,Chris Copeland,3:24,,,,,,,,,33:32,David West,32:38,Ian Mahinmi,29:57,C.J. Watson,26:44,Solomon Hill,25:38,Damjan Rudež,19:36,Roy Hibbert,17:51,Luis Scola,15:22,Donald Sloan,9:08
1,.167,6,40.000,3,,106,1,5,83.3,7,.467,6.0,66.7,9.0,15,2,.667,3,20.000,Logos via Sports Logos.net / About logos,W,https://www.basketball-reference.com/boxscores/201501250ORL.html,Away,99,20:17,1,16.7,ORL,Nikola Vučević,Devyn Marble,9:58,,,,,,,,,,,34:29,Victor Oladipo,33:36,Channing Frye,32:07,Elfrid Payton,31:11,Tobias Harris,29:52,Aaron Gordon,21:11,Evan Fournier,17:16,Willie Green,16:49,Kyle O'Quinn,13:31,99,1,17,12.0,70.6,3.0,17.6,2.0,11.8,George Hill,7,1,2014-2015,2.0,0,6.0,IND,106,C.J. Watson,,,,,,,,,,,,,36:13,David West,34:03,Solomon Hill,30:28,Damjan Rudež,29:17,Rodney Stuckey,27:45,Ian Mahinmi,24:26,Roy Hibbert,23:34,Luis Scola,13:57,,
2,.400,5,35.714,3,3.00,104,0,1,50.0,5,.357,3.0,33.3,9.0,14,1,.500,2,14.286,Logos via Sports Logos.net / About logos,L,https://www.basketball-reference.com/boxscores/201501270IND.html,Home,91,20:04,1,50.0,TOR,Kyle Lowry,Greg Stiemsma,0:49,,,,,,,,,,,34:05,DeMar DeRozan,33:14,Lou Williams,29:13,Greivis Vásquez,28:27,Jonas Valančiūnas,27:00,Patrick Patterson,24:09,Amir Johnson,23:03,Tyler Hansbrough,21:00,Terrence Ross,19:01,104,1,13,6.0,46.2,6.0,46.2,1.0,7.7,George Hill,13,1,2014-2015,1.0,1,2.0,IND,91,Rodney Stuckey,Donald Sloan,3:51,Chris Copeland,0:49,,,,,,,,,38:52,David West,36:12,Solomon Hill,35:50,C.J. Watson,28:56,Roy Hibbert,24:30,Ian Mahinmi,18:14,Damjan Rudež,16:27,Luis Scola,11:48,Lavoy Allen,4:27
0,.000,1,20.000,3,3.00,82,0,2,100.0,2,.400,2.0,50.0,4.0,5,4,1.000,4,80.000,Logos via Sports Logos.net / About logos,W,https://www.basketball-reference.com/boxscores/201501290IND.html,Home,103,12:17,0,0.0,NYK,Langston Galloway,Shane Larkin,17:30,,,,,,,,,,,34:54,Jason Smith,29:41,José Calderón,27:48,Carmelo Anthony,25:12,Lance Thomas,24:12,Lou Amundson,21:06,Quincy Acy,21:01,Tim Hardaway Jr.,20:22,Cleanthony Early,18:14,82,0,8,4.0,50.0,0.0,0.0,4.0,50.0,George Hill,21,0,2014-2015,0.0,1,2.0,IND,103,C.J. Watson,Lavoy Allen,9:24,,,,,,,,,,,35:43,Solomon Hill,32:59,Rodney Stuckey,31:31,David West,26:36,Ian Mahinmi,24:24,Roy Hibbert,23:36,Damjan Rudež,18:49,C.J. Miles,12:41,Chris Copeland,12:00
2,.250,8,53.333,4,2.00,99,0,6,100.0,6,.400,4.0,57.1,7.0,15,0,,0,0.000,Logos via Sports Logos.net / About logos,L,https://www.basketball-reference.com/boxscores/201501310IND.html,Home,94,22:06,0,0.0,SAC,Rudy Gay,Ryan Hollins,4:07,,,,,,,,,,,43:57,Darren Collison,39:43,DeMarcus Cousins,38:46,Ben McLemore,36:27,Jason Thompson,26:10,Carl Landry,25:32,Ramon Sessions,9:29,Omri Casspi,8:30,Nik Stauskas,7:19,99,2,14,8.0,57.1,6.0,42.9,0.0,0.0,George Hill,5,1,2014-2015,1.0,2,6.0,IND,94,C.J. Miles,,,,,,,,,,,,,29:35,David West,27:02,C.J. Watson,26:07,Solomon Hill,25:38,Roy Hibbert,24:37,Ian Mahinmi,23:16,Damjan Rudež,21:30,Luis Scola,20:58,Rodney Stuckey,19:11
1,.500,2,16.667,6,6.00,109,1,3,100.0,8,.667,7.0,70.0,10.0,12,3,.375,8,66.667,Logos via Sports Logos.net / About logos,W,https://www.basketball-reference.com/boxscores/201502040IND.html,Home,114,25:31,0,0.0,DET,Greg Monroe,Joel Anthony,5:38,Kentavious Caldwell-Pope,3:29,,,,,,,,,35:58,Andre Drummond,33:05,D.J. Augustin,32:18,Jodie Meeks,30:25,Kyle Singler,27:34,Caron Butler,23:36,Anthony Tolliver,21:13,John Lucas III,15:42,Cartier Martin,11:02,109,2,20,14.0,70.0,3.0,15.0,3.0,15.0,George Hill,5,0,2014-2015,1.0,1,3.0,IND,114,Roy Hibbert,Ian Mahinmi,4:25,,,,,,,,,,,36:10,David West,31:09,C.J. Miles,26:40,Damjan Rudež,26:29,C.J. Watson,22:29,Rodney Stuckey,21:37,Solomon Hill,21:20,Luis Scola,16:45,Shayne Whittington,7:25
2,.667,3,37.500,7,1.75,99,1,1,33.3,3,.375,1.0,20.0,5.0,8,12,.800,15,187.500,Logos via Sports Logos.net / About logos,W,https://www.basketball-reference.com/boxscores/201502060IND.html,Home,103,26:24,2,66.7,CLE,Kyrie Irving,,,,,,,,,,,,,39:19,LeBron James,38:34,Kevin Love,33:41,Timofey Mozgov,31:49,J.R. Smith,31:04,Tristan Thompson,23:57,Iman Shumpert,20:00,Matthew Dellavedova,16:00,Shawn Marion,5:35,99,2,20,2.0,10.0,6.0,30.0,12.0,60.0,George Hill,4,1,2014-2015,2.0,4,3.0,IND,103,Roy Hibbert,,,,,,,,,,,,,39:53,Solomon Hill,36:18,C.J. Miles,32:07,David West,28:32,Luis Scola,21:36,C.J. Watson,21:36,Rodney Stuckey,19:37,Damjan Rudež,8:12,Shayne Whittington,5:45
1,.250,4,40.000,3,1.50,103,0,1,100.0,4,.400,3.0,50.0,6.0,10,2,1.000,2,20.000,Logos via Sports Logos.net / About logos,W,https://www.basketball-reference.com/boxscores/201502080CHO.html,Away,102,27:00,0,0.0,CHO,Brian Roberts,,,,,,,,,,,,,40:01,Gerald Henderson,38:48,Al Jefferson,36:11,Cody Zeller,27:06,Gary Neal,23:36,Jeff Taylor,21:46,Marvin Williams,21:18,Lance Stephenson,19:56,Jason Maxiell,11:18,102,5,11,6.0,54.5,3.0,27.3,2.0,18.2,George Hill,1,2,2014-2015,2.0,2,1.0,IND,103,David West,,,,,,,,,,,,,31:02,Roy Hibbert,30:02,Rodney Stuckey,29:07,Luis Scola,25:46,C.J. Watson,24:33,Solomon Hill,24:02,C.J. Miles,23:58,Damjan Rudež,15:27,Shayne Whittington,9:04
1,.500,2,28.571,5,,95,1,4,100.0,3,.429,2.0,40.0,5.0,7,0,,0,0.000,Logos via Sports Logos.net / About logos,L,https://www.basketball-reference.com/boxscores/201502090IND.html,Home,93,28:47,0,0.0,SAS,Danny Green,Matt Bonner,11:31,Cory Joseph,5:50,,,,,,,,,33:29,Kawhi Leonard,31:22,Tony Parker,30:23,Tim Duncan,30:23,Boris Diaw,27:27,Marco Belinelli,25:39,Patty Mills,17:37,Tiago Splitter,13:36,Aron Baynes,12:44,95,1,7,4.0,57.1,3.0,42.9,0.0,0.0,George Hill,2,0,2014-2015,1.0,0,4.0,IND,93,Rodney Stuckey,,,,,,,,,,,,,34:43,David West,33:13,Roy Hibbert,32:44,C.J. Miles,32:16,Luis Scola,20:44,C.J. Watson,19:13,Solomon Hill,17:42,Damjan Rudež,11:31,Shayne Whittington,9:07
4,.800,5,45.455,9,9.00,106,0,3,100.0,6,.545,2.0,33.3,6.0,11,1,1.000,1,9.091,Logos via Sports Logos.net / About logos,W,https://www.basketball-reference.com/boxscores/201502110NOP.html,Away,93,28:50,0,0.0,NOP,Luke Babbitt,Jeff Withey,17:45,,,,,,,,,,,34:05,Ömer Aşık,29:26,Alexis Ajinça,25:26,Toney Douglas,25:03,Eric Gordon,23:49,Tyreke Evans,23:39,Dante Cunningham,21:50,Quincy Pondexter,20:07,Jimmer Fredette,18:50,93,1,17,4.0,23.5,12.0,70.6,1.0,5.9,George Hill,13,2,2014-2015,2.0,1,3.0,IND,106,David West,Donald Sloan,6:07,Shayne Whittington,5:58,Chris Copeland,5:58,,,,,,,27:34,Solomon Hill,27:05,C.J. Watson,26:15,C.J. Miles,22:52,Damjan Rudež,19:59,Ian Mahinmi,19:09,Roy Hibbert,19:03,Luis Scola,18:18,Rodney Stuckey,12:52
0,.000,1,12.500,4,2.00,106,0,4,100.0,2,.250,2.0,28.6,7.0,8,3,.750,4,50.000,Logos via Sports Logos.net / About logos,W,https://www.basketball-reference.com/boxscores/201502200PHI.html,Away,95,22:58,0,0.0,PHI,Nerlens Noel,JaVale McGee,11:11,Furkan Aldemir,3:35,,,,,,,,,33:14,Tim Frazier,32:36,Luc Mbah a Moute,31:36,Robert Covington,28:42,Jerami Grant,27:45,Hollis Thompson,20:26,JaKarr Sampson,20:02,Jason Richardson,18:04,Henry Sims,12:49,95,1,7,4.0,57.1,0.0,0.0,3.0,42.9,George Hill,11,0,2014-2015,0.0,2,4.0,IND,106,Rodney Stuckey,Lavoy Allen,6:00,Donald Sloan,3:35,,,,,,,,,26:50,C.J. Miles,24:54,David West,24:54,Luis Scola,23:06,Damjan Rudež,23:06,Roy Hibbert,21:55,C.J. Watson,21:27,Solomon Hill,21:10,Ian Mahinmi,20:05
2,.667,3,23.077,2,2.00,98,0,1,50.0,4,.308,2.0,20.0,10.0,13,2,.667,3,23.077,Logos via Sports Logos.net / About logos,W,https://www.basketball-reference.com/boxscores/201502220IND.html,Home,104,30:11,1,50.0,GSW,Klay Thompson,Brandon Rush,5:00,Marreese Speights,3:21,,,,,,,,,37:27,Draymond Green,34:16,Andre Iguodala,32:26,Harrison Barnes,28:47,Andrew Bogut,27:08,Shaun Livingston,26:29,Leandro Barbosa,20:55,David Lee,18:01,Justin Holiday,6:10,98,5,12,4.0,33.3,6.0,50.0,2.0,16.7,George Hill,6,0,2014-2015,0.0,1,2.0,IND,104,David West,,,,,,,,,,,,,30:11,C.J. Miles,29:42,Rodney Stuckey,28:18,C.J. Watson,26:20,Ian Mahinmi,24:17,Roy Hibbert,23:34,Solomon Hill,18:24,Luis Scola,17:59,Damjan Rudež,11:05
1,.200,5,41.667,8,8.00,92,0,2,100.0,5,.417,4.0,57.1,7.0,12,2,1.000,2,16.667,Logos via Sports Logos.net / About logos,L,https://www.basketball-reference.com/boxscores/201502240OKC.html,Away,105,29:23,0,0.0,OKC,Dion Waiters,Andre Roberson,17:14,Jeremy Lamb,5:02,Perry Jones,5:02,,,,,,,29:26,Serge Ibaka,29:01,Russell Westbrook,28:15,D.J. Augustin,24:49,Enes Freedom,23:27,Anthony Morrow,20:34,Nick Collison,19:36,Mitch McGary,18:54,Kyle Singler,18:40,105,2,13,8.0,61.5,3.0,23.1,2.0,15.4,George Hill,13,3,2014-2015,3.0,1,2.0,IND,92,C.J. Miles,Chris Copeland,5:02,Lavoy Allen,5:02,Donald Sloan,5:02,,,,,,,27:05,Rodney Stuckey,26:05,David West,25:51,Roy Hibbert,24:33,Solomon Hill,24:16,Luis Scola,19:32,Damjan Rudež,18:08,Ian Mahinmi,16:00,C.J. Watson,14:01
0,.000,5,33.333,12,6.00,86,1,9,90.0,4,.267,4.0,40.0,10.0,15,7,.875,8,53.333,Logos via Sports Logos.net / About logos,W,https://www.basketball-reference.com/boxscores/201502270IND.html,Home,93,34:17,1,10.0,CLE,Matthew Dellavedova,,,,,,,,,,,,,37:53,Kevin Love,35:38,Iman Shumpert,32:27,J.R. Smith,31:15,James Jones,30:10,Tristan Thompson,28:19,Timofey Mozgov,18:59,Mike Miller,12:54,Kendrick Perkins,12:25,86,4,15,8.0,53.3,0.0,0.0,7.0,46.7,George Hill,7,2,2014-2015,3.0,2,10.0,IND,93,David West,,,,,,,,,,,,,33:54,C.J. Miles,32:33,Rodney Stuckey,31:43,Luis Scola,23:11,Roy Hibbert,20:50,Solomon Hill,17:49,Ian Mahinmi,17:40,C.J. Watson,16:07,Damjan Rudež,11:56
1,.200,5,31.250,4,2.00,74,0,8,88.9,8,.500,7.0,63.6,11.0,16,0,.000,2,12.500,Logos via Sports Logos.net / About logos,W,https://www.basketball-reference.com/boxscores/201503010IND.html,Home,94,32:15,1,11.1,PHI,Nerlens Noel,JaKarr Sampson,11:18,JaVale McGee,7:56,,,,,,,,,34:45,Jason Richardson,25:38,Ish Smith,24:35,Thomas Robinson,24:32,Robert Covington,24:08,Luc Mbah a Moute,23:28,Hollis Thompson,23:09,Isaiah Canaan,22:24,Jerami Grant,18:07,74,1,17,14.0,82.4,3.0,17.6,0.0,0.0,George Hill,20,2,2014-2015,2.0,2,9.0,IND,94,Rodney Stuckey,Lavoy Allen,0:58,,,,,,,,,,,31:58,Roy Hibbert,31:10,C.J. Miles,29:21,David West,28:52,Solomon Hill,19:55,Luis Scola,19:08,C.J. Watson,16:45,Ian Mahinmi,15:52,Damjan Rudež,13:46
3,.600,5,38.462,6,6.00,82,0,3,100.0,8,.615,5.0,62.5,8.0,13,2,1.000,2,15.385,Logos via Sports Logos.net / About logos,W,https://www.basketball-reference.com/boxscores/201503040IND.html,Home,105,27:16,0,0.0,NYK,Andrea Bargnani,Cole Aldrich,13:50,,,,,,,,,,,38:21,Tim Hardaway Jr.,32:39,Langston Galloway,31:18,Lou Amundson,29:15,Shane Larkin,26:08,Cleanthony Early,23:41,Alexey Shved,16:05,Jason Smith,14:34,Lance Thomas,14:09,82,1,21,10.0,47.6,9.0,42.9,2.0,9.5,George Hill,23,1,2014-2015,1.0,1,3.0,IND,105,Solomon Hill,Shayne Whittington,6:08,Chris Copeland,6:08,,,,,,,,,32:03,David West,26:03,Lavoy Allen,24:25,Ian Mahinmi,23:35,C.J. Miles,21:02,Donald Sloan,20:44,Rodney Stuckey,18:49,Damjan Rudež,17:58,Luis Scola,15:49
1,.500,2,22.222,6,6.00,84,1,1,33.3,3,.333,2.0,28.6,7.0,9,0,,0,0.000,Logos via Sports Logos.net / About logos,W,https://www.basketball-reference.com/boxscores/201503060IND.html,Home,98,24:14,2,66.7,CHI,Pau Gasol,,,,,,,,,,,,,34:31,Mike Dunleavy,31:31,Nikola Mirotić,30:55,Joakim Noah,30:34,Tony Snell,25:13,Aaron Brooks,24:25,E'Twaun Moore,23:14,Kirk Hinrich,23:07,Doug McDermott,16:29,84,5,7,4.0,57.1,3.0,42.9,0.0,0.0,George Hill,14,1,2014-2015,2.0,1,3.0,IND,98,Rodney Stuckey,,,,,,,,,,,,,31:47,Ian Mahinmi,26:52,C.J. Miles,26:21,Solomon Hill,26:02,David West,24:28,Luis Scola,24:25,C.J. Watson,23:41,Roy Hibbert,20:15,Damjan Rudež,11:55
1,.200,5,45.455,3,3.00,92,0,3,60.0,4,.364,3.0,50.0,6.0,11,6,1.000,6,54.545,Logos via Sports Logos.net / About logos,W,https://www.basketball-reference.com/boxscores/201503070NYK.html,Away,86,28:35,2,40.0,NYK,Andrea Bargnani,Jason Smith,18:36,Travis Wear,5:14,,,,,,,,,31:30,Alexey Shved,27:04,Langston Galloway,26:07,Cole Aldrich,25:35,Shane Larkin,22:16,Lance Thomas,21:36,Tim Hardaway Jr.,20:56,Cleanthony Early,20:47,Quincy Acy,20:19,86,4,15,6.0,40.0,3.0,20.0,6.0,40.0,George Hill,6,1,2014-2015,1.0,1,5.0,IND,92,Roy Hibbert,,,,,,,,,,,,,34:35,Rodney Stuckey,29:14,Solomon Hill,29:07,David West,29:02,C.J. Watson,22:06,C.J. Miles,19:46,Luis Scola,18:58,Damjan Rudež,15:07,Ian Mahinmi,13:30
2,.250,8,57.143,6,6.00,86,0,1,100.0,5,.357,3.0,50.0,6.0,14,1,.500,2,14.286,Logos via Sports Logos.net / About logos,W,https://www.basketball-reference.com/boxscores/201503100IND.html,Home,118,25:21,0,0.0,ORL,Victor Oladipo,Aaron Gordon,11:53,Willie Green,8:53,Kyle O'Quinn,6:43,Ben Gordon,6:28,,,,,32:04,Elfrid Payton,31:53,Tobias Harris,29:41,Nikola Vučević,28:04,Luke Ridnour,19:31,Channing Frye,19:27,Dewayne Dedmon,16:54,Maurice Harkless,15:54,Andrew Nicholson,12:35,86,3,13,6.0,46.2,6.0,46.2,1.0,7.7,George Hill,32,1,2014-2015,1.0,1,1.0,IND,118,Rodney Stuckey,Lavoy Allen,5:17,Chris Copeland,5:17,Donald Sloan,5:17,,,,,,,30:35,Ian Mahinmi,27:49,Solomon Hill,27:38,Damjan Rudež,26:33,C.J. Watson,23:19,David West,22:22,Luis Scola,20:21,Roy Hibbert,14:54,Shayne Whittington,5:17
2,.286,7,43.750,5,1.25,103,0,4,100.0,6,.375,4.0,44.4,9.0,16,3,.750,4,25.000,Logos via Sports Logos.net / About logos,W,https://www.basketball-reference.com/boxscores/201503120IND.html,Home,109,31:23,0,0.0,MIL,Khris Middleton,Miles Plumlee,7:10,,,,,,,,,,,45:20,Michael Carter-Williams,40:00,Ersan İlyasova,35:17,Giannis Antetokounmpo,34:48,Zaza Pachulia,33:51,Chris Johnson,24:12,Jared Dudley,17:54,Tyler Ennis,14:41,John Henson,11:48,103,5,17,8.0,47.1,6.0,35.3,3.0,17.6,George Hill,6,2,2014-2015,2.0,4,4.0,IND,109,Rodney Stuckey,,,,,,,,,,,,,36:58,Luis Scola,33:32,C.J. Miles,30:12,Ian Mahinmi,29:15,David West,28:24,Solomon Hill,25:29,C.J. Watson,22:46,Lavoy Allen,14:22,Damjan Rudež,12:40
2,.286,7,38.889,8,2.67,93,0,4,80.0,11,.611,9.0,81.8,11.0,18,6,1.000,6,33.333,Logos via Sports Logos.net / About logos,L,https://www.basketball-reference.com/boxscores/201503140IND.html,Home,89,34:46,1,20.0,BOS,Avery Bradley,Gigi Datome,5:40,,,,,,,,,,,34:26,Jae Crowder,32:56,Brandon Bass,32:32,Marcus Smart,27:22,Evan Turner,26:38,Tyler Zeller,26:04,Kelly Olynyk,20:04,Phil Pressey,17:28,Jonas Jerebko,16:52,93,3,30,18.0,60.0,6.0,20.0,6.0,20.0,George Hill,4,1,2014-2015,1.0,3,5.0,IND,89,David West,,,,,,,,,,,,,29:52,C.J. Miles,29:34,Solomon Hill,24:46,Rodney Stuckey,24:05,Roy Hibbert,24:03,Ian Mahinmi,22:16,C.J. Watson,19:51,Luis Scola,19:27,Damjan Rudež,11:19
1,.333,3,20.000,2,2.00,117,0,2,100.0,9,.600,8.0,66.7,12.0,15,4,.800,5,33.333,Logos via Sports Logos.net / About logos,L,https://www.basketball-reference.com/boxscores/201503160IND.html,Home,98,33:35,0,0.0,TOR,Kyle Lowry,Landry Fields,1:18,,,,,,,,,,,38:09,DeMar DeRozan,36:34,Amir Johnson,28:54,Jonas Valančiūnas,25:54,Greivis Vásquez,24:42,Lou Williams,22:47,Patrick Patterson,22:29,Terrence Ross,20:30,Tyler Hansbrough,18:43,117,5,23,16.0,69.6,3.0,13.0,4.0,17.4,George Hill,19,1,2014-2015,1.0,1,2.0,IND,98,Solomon Hill,Chris Copeland,2:08,Damjan Rudež,2:08,Donald Sloan,2:08,,,,,,,35:10,David West,30:15,Roy Hibbert,28:51,Rodney Stuckey,27:42,C.J. Miles,25:14,C.J. Watson,18:58,Ian Mahinmi,16:06,Luis Scola,15:37,Lavoy Allen,2:08
0,.000,4,44.444,2,0.67,86,0,4,100.0,4,.444,4.0,80.0,5.0,9,2,.500,4,44.444,Logos via Sports Logos.net / About logos,L,https://www.basketball-reference.com/boxscores/201503180CHI.html,Away,103,30:23,0,0.0,CHI,Tony Snell,Nazr Mohammed,5:36,Cameron Bairstow,0:30,,,,,,,,,39:53,Mike Dunleavy,38:31,Pau Gasol,33:03,Nikola Mirotić,30:41,Joakim Noah,29:08,Aaron Brooks,27:23,Kirk Hinrich,22:30,Doug McDermott,6:31,E'Twaun Moore,6:14,103,1,10,8.0,80.0,0.0,0.0,2.0,20.0,George Hill,17,1,2014-2015,1.0,3,4.0,IND,86,Roy Hibbert,Lavoy Allen,2:12,Chris Copeland,2:12,Donald Sloan,2:12,,,,,,,31:06,Rodney Stuckey,30:36,C.J. Miles,30:00,David West,27:25,Solomon Hill,25:32,Luis Scola,18:23,C.J. Watson,16:28,Ian Mahinmi,14:42,Damjan Rudež,8:49
4,.500,8,53.333,3,1.50,92,0,0,0.0,9,.600,5.0,71.4,7.0,15,2,1.000,2,13.333,Logos via Sports Logos.net / About logos,L,https://www.basketball-reference.com/boxscores/201503200CLE.html,Away,95,32:42,1,100.0,CLE,LeBron James,,,,,,,,,,,,,39:18,Kevin Love,38:56,Timofey Mozgov,34:11,Kyrie Irving,32:45,J.R. Smith,31:30,Iman Shumpert,23:40,Tristan Thompson,18:17,Matthew Dellavedova,16:47,James Jones,4:36,95,2,24,10.0,41.7,12.0,50.0,2.0,8.3,George Hill,3,0,2014-2015,0.0,2,1.0,IND,92,Roy Hibbert,Lavoy Allen,4:28,,,,,,,,,,,35:18,Luis Scola,31:26,Solomon Hill,29:32,Rodney Stuckey,25:03,C.J. Miles,23:17,Damjan Rudež,18:28,C.J. Watson,15:19,David West,12:21,Ian Mahinmi,12:06
0,.000,2,13.333,9,9.00,123,0,3,75.0,8,.533,8.0,61.5,13.0,15,2,.667,3,20.000,Logos via Sports Logos.net / About logos,L,https://www.basketball-reference.com/boxscores/201503210IND.html,Home,111,32:17,1,25.0,BRK,Alan Anderson,Cory Jefferson,13:21,,,,,,,,,,,34:22,Brook Lopez,31:29,Bojan Bogdanović,28:48,Thaddeus Young,27:28,Joe Johnson,25:57,Jarrett Jack,24:27,Deron Williams,23:33,Mason Plumlee,15:31,Markel Brown,15:04,123,6,18,16.0,88.9,0.0,0.0,2.0,11.1,George Hill,12,0,2014-2015,0.0,1,4.0,IND,111,Solomon Hill,,,,,,,,,,,,,35:09,C.J. Miles,33:22,David West,27:54,Roy Hibbert,27:26,Luis Scola,20:06,C.J. Watson,19:37,Ian Mahinmi,19:34,Rodney Stuckey,13:08,Damjan Rudež,11:27
2,.333,6,40.000,3,3.00,110,3,5,83.3,9,.600,7.0,77.8,9.0,15,0,.000,1,6.667,Logos via Sports Logos.net / About logos,L,https://www.basketball-reference.com/boxscores/201503230IND.html,Home,100,35:43,1,16.7,HOU,James Harden,,,,,,,,,,,,,43:05,Donatas Motiejūnas,37:58,Trevor Ariza,31:42,Josh Smith,28:49,Corey Brewer,25:19,Joey Dorsey,25:06,Patrick Beverley,19:42,Jason Terry,18:06,Pablo Prigioni,10:13,110,4,20,14.0,70.0,6.0,30.0,0.0,0.0,George Hill,10,3,2014-2015,6.0,1,6.0,IND,100,C.J. Miles,,,,,,,,,,,,,32:11,Roy Hibbert,31:38,David West,30:50,C.J. Watson,30:27,Solomon Hill,25:11,Damjan Rudež,21:23,Luis Scola,17:10,Ian Mahinmi,15:26,,
0,.000,4,16.667,9,2.25,103,1,5,71.4,12,.500,12.0,60.0,20.0,24,5,1.000,5,20.833,Logos via Sports Logos.net / About logos,W,https://www.basketball-reference.com/boxscores/201503250WAS.html,Away,101,42:39,2,28.6,WAS,John Wall,Bradley Beal,10:50,Otto Porter Jr.,0:12,,,,,,,,,40:32,Marcin Gortat,29:56,Martell Webster,27:59,Nenê,27:41,Rasual Butler,22:49,Paul Pierce,22:32,Kevin Séraphin,21:22,Ramon Sessions,19:26,Drew Gooden,16:41,101,3,29,24.0,82.8,0.0,0.0,5.0,17.2,George Hill,2,1,2014-2015,2.0,4,7.0,IND,103,Solomon Hill,,,,,,,,,,,,,31:38,C.J. Miles,30:55,David West,28:50,Lavoy Allen,23:43,Damjan Rudež,19:51,C.J. Watson,19:08,Roy Hibbert,17:05,Ian Mahinmi,15:03,Luis Scola,11:08
6,.600,10,83.333,5,1.00,107,0,2,66.7,7,.583,1.0,50.0,2.0,12,4,.800,5,41.667,Logos via Sports Logos.net / About logos,L,https://www.basketball-reference.com/boxscores/201503260MIL.html,Away,111,33:41,1,33.3,MIL,Giannis Antetokounmpo,Tyler Ennis,5:52,,,,,,,,,,,43:02,Ersan İlyasova,35:40,Khris Middleton,33:55,Zaza Pachulia,32:23,Michael Carter-Williams,29:12,Jerryd Bayless,18:48,John Henson,15:37,O.J. Mayo,13:11,Jared Dudley,12:20,111,4,24,2.0,8.3,18.0,75.0,4.0,16.7,George Hill,4,1,2014-2015,1.0,5,3.0,IND,107,C.J. Miles,,,,,,,,,,,,,32:11,C.J. Watson,31:57,Luis Scola,29:20,Roy Hibbert,27:20,Damjan Rudež,23:30,Solomon Hill,22:52,Ian Mahinmi,20:28,Lavoy Allen,18:40,,
2,.400,5,41.667,5,5.00,99,1,4,100.0,6,.500,4.0,57.1,7.0,12,0,,0,0.000,Logos via Sports Logos.net / About logos,W,https://www.basketball-reference.com/boxscores/201503290IND.html,Home,104,36:23,0,0.0,DAL,Rajon Rondo,Charlie Villanueva,11:39,,,,,,,,,,,37:59,Chandler Parsons,36:35,Dirk Nowitzki,33:42,Tyson Chandler,28:11,Devin Harris,27:12,Amar'e Stoudemire,19:11,Richard Jefferson,16:27,Al-Farouq Aminu,14:39,Raymond Felton,14:26,99,0,14,8.0,57.1,6.0,42.9,0.0,0.0,George Hill,5,0,2014-2015,1.0,1,4.0,IND,104,Rodney Stuckey,Lavoy Allen,3:26,,,,,,,,,,,30:01,David West,28:18,C.J. Miles,28:07,Roy Hibbert,25:06,C.J. Watson,23:36,Luis Scola,22:09,Ian Mahinmi,17:01,Solomon Hill,14:17,Damjan Rudež,11:36
4,.500,8,47.059,3,,106,0,6,100.0,10,.588,6.0,66.7,9.0,17,4,.800,5,29.412,Logos via Sports Logos.net / About logos,L,https://www.basketball-reference.com/boxscores/201503310BRK.html,Away,111,31:55,0,0.0,BRK,Brook Lopez,Earl Clark,2:04,,,,,,,,,,,39:45,Thaddeus Young,39:25,Joe Johnson,34:40,Markel Brown,31:10,Deron Williams,30:17,Alan Anderson,23:34,Jarrett Jack,18:49,Mason Plumlee,12:19,Bojan Bogdanović,7:56,111,1,28,12.0,42.9,12.0,42.9,4.0,14.3,George Hill,5,0,2014-2015,0.0,0,6.0,IND,106,Solomon Hill,C.J. Miles,6:23,,,,,,,,,,,33:40,C.J. Watson,28:19,David West,26:49,Rodney Stuckey,25:26,Luis Scola,21:11,Roy Hibbert,19:36,Damjan Rudež,18:32,Lavoy Allen,15:16,Ian Mahinmi,12:53
3,.750,4,36.364,6,6.00,87,0,6,100.0,9,.818,6.0,85.7,7.0,11,0,,0,0.000,Logos via Sports Logos.net / About logos,L,https://www.basketball-reference.com/boxscores/201504010BOS.html,Away,100,36:02,0,0.0,BOS,Evan Turner,,,,,,,,,,,,,35:10,Marcus Smart,34:03,Avery Bradley,31:28,Brandon Bass,28:26,Jae Crowder,24:28,Tyler Zeller,23:37,Kelly Olynyk,21:43,Isaiah Thomas,21:31,Jonas Jerebko,19:34,100,4,21,12.0,57.1,9.0,42.9,0.0,0.0,George Hill,13,0,2014-2015,0.0,1,6.0,IND,87,C.J. Miles,Lavoy Allen,8:38,,,,,,,,,,,29:18,David West,28:50,Solomon Hill,25:43,C.J. Watson,22:03,Rodney Stuckey,19:45,Luis Scola,19:10,Roy Hibbert,19:01,Ian Mahinmi,17:24,Damjan Rudež,14:06
0,.000,1,9.091,10,5.00,74,0,6,100.0,2,.182,2.0,20.0,10.0,11,0,,0,0.000,Logos via Sports Logos.net / About logos,W,https://www.basketball-reference.com/boxscores/201504030IND.html,Home,93,28:37,0,0.0,CHO,Marvin Williams,Noah Vonleh,12:00,Al Jefferson,11:40,P.J. Hairston,10:06,Troy Daniels,7:56,,,,,29:00,Kemba Walker,27:51,Gerald Henderson,27:45,Mo Williams,25:25,Bismack Biyombo,24:22,Jason Maxiell,18:58,Jeff Taylor,18:39,Lance Stephenson,14:18,Brian Roberts,12:00,74,3,4,4.0,100.0,0.0,0.0,0.0,0.0,George Hill,19,3,2014-2015,3.0,2,6.0,IND,93,C.J. Miles,Damjan Rudež,12:19,Donald Sloan,5:56,Chris Copeland,3:50,,,,,,,28:20,Solomon Hill,26:43,Luis Scola,24:10,Rodney Stuckey,22:18,David West,20:00,C.J. Watson,19:47,Ian Mahinmi,19:36,Roy Hibbert,15:45,Lavoy Allen,12:39
0,.000,2,40.000,5,,89,0,5,83.3,0,.000,0.0,0.0,3.0,5,3,.750,4,80.000,Logos via Sports Logos.net / About logos,W,https://www.basketball-reference.com/boxscores/201504050IND.html,Home,112,25:43,1,16.7,MIA,Udonis Haslem,Zoran Dragić,4:17,,,,,,,,,,,35:50,Goran Dragić,34:30,Dwyane Wade,33:30,Luol Deng,29:24,James Ennis III,27:58,Mario Chalmers,26:56,Henry Walker,18:49,Michael Beasley,15:34,Tyler Johnson,13:12,89,2,3,0.0,0.0,0.0,0.0,3.0,100.0,George Hill,23,2,2014-2015,2.0,0,6.0,IND,112,David West,Lavoy Allen,6:52,Damjan Rudež,5:25,Chris Copeland,2:54,,,,,,,26:22,C.J. Miles,25:38,Solomon Hill,25:37,Rodney Stuckey,24:42,Donald Sloan,22:31,Ian Mahinmi,20:35,Roy Hibbert,20:23,Luis Scola,18:44,Paul George,14:34
1,.500,2,18.182,5,2.50,102,0,6,100.0,7,.636,6.0,66.7,9.0,11,5,.833,6,54.545,Logos via Sports Logos.net / About logos,W,https://www.basketball-reference.com/boxscores/201504080NYK.html,Away,86,26:39,0,0.0,NYK,Shane Larkin,Cole Aldrich,10:50,,,,,,,,,,,37:49,Langston Galloway,34:06,Jason Smith,28:03,Lance Thomas,25:48,Andrea Bargnani,25:31,Tim Hardaway Jr.,24:11,Ricky Ledo,21:51,Quincy Acy,19:45,Lou Amundson,12:06,86,1,20,12.0,60.0,3.0,15.0,5.0,25.0,George Hill,16,3,2014-2015,3.0,2,6.0,IND,102,Solomon Hill,Lavoy Allen,11:24,Damjan Rudež,4:28,,,,,,,,,28:59,C.J. Miles,28:01,David West,26:25,Luis Scola,21:35,Donald Sloan,21:21,Ian Mahinmi,20:12,Rodney Stuckey,19:01,Roy Hibbert,16:24,Paul George,15:31
1,.500,2,33.333,9,9.00,107,0,3,100.0,2,.333,1.0,25.0,4.0,6,8,1.000,8,133.333,Logos via Sports Logos.net / About logos,W,https://www.basketball-reference.com/boxscores/201504100DET.html,Away,103,36:23,0,0.0,DET,Greg Monroe,Joel Anthony,1:41,,,,,,,,,,,35:05,Reggie Jackson,34:18,Andre Drummond,34:11,Kentavious Caldwell-Pope,30:05,Jodie Meeks,26:50,Anthony Tolliver,25:03,Caron Butler,20:00,Tayshaun Prince,19:05,John Lucas III,13:42,103,3,13,2.0,15.4,3.0,23.1,8.0,61.5,George Hill,4,1,2014-2015,1.0,1,3.0,IND,107,Rodney Stuckey,Lavoy Allen,2:55,,,,,,,,,,,32:20,David West,28:57,C.J. Miles,27:34,Roy Hibbert,23:52,Solomon Hill,22:42,Ian Mahinmi,20:43,Luis Scola,19:03,Paul George,13:54,Donald Sloan,11:37
2,.667,3,30.000,7,7.00,104,0,3,100.0,6,.600,4.0,57.1,7.0,10,5,.714,7,70.000,Logos via Sports Logos.net / About logos,W,https://www.basketball-reference.com/boxscores/201504120IND.html,Home,116,39:31,0,0.0,OKC,Russell Westbrook,,,,,,,,,,,,,40:22,Dion Waiters,39:00,Enes Freedom,32:23,Anthony Morrow,28:56,Steven Adams,24:47,Nick Collison,24:07,Andre Roberson,23:56,D.J. Augustin,14:51,Mitch McGary,11:39,104,5,19,8.0,42.1,6.0,31.6,5.0,26.3,George Hill,12,1,2014-2015,1.0,1,3.0,IND,116,C.J. Miles,Donald Sloan,8:12,,,,,,,,,,,35:58,Rodney Stuckey,30:29,Roy Hibbert,27:05,David West,22:41,Ian Mahinmi,21:01,Luis Scola,16:08,Solomon Hill,16:00,Paul George,14:09,Lavoy Allen,8:46
2,.200,10,40.000,10,3.33,95,1,8,88.9,11,.440,9.0,60.0,15.0,25,0,,0,0.000,Logos via Sports Logos.net / About logos,W,https://www.basketball-reference.com/boxscores/201504140IND.html,Home,99,48:03,1,11.1,WAS,John Wall,Ramon Sessions,13:41,Will Bynum,0:17,,,,,,,,,44:19,Marcin Gortat,43:31,Otto Porter Jr.,42:32,Bradley Beal,41:45,Drew Gooden,38:28,Kris Humphries,18:42,Paul Pierce,17:30,Rasual Butler,14:47,Kevin Séraphin,14:29,95,1,24,18.0,75.0,6.0,25.0,0.0,0.0,George Hill,4,0,2014-2015,1.0,3,9.0,IND,99,C.J. Miles,Lavoy Allen,7:54,,,,,,,,,,,42:07,David West,41:09,Roy Hibbert,37:15,Rodney Stuckey,34:04,Solomon Hill,22:26,Paul George,17:46,Luis Scola,16:51,Ian Mahinmi,12:49,Donald Sloan,9:36
2,.333,6,37.500,6,2.00,83,1,4,80.0,9,.563,7.0,70.0,10.0,16,0,,0,0.000,Logos via Sports Logos.net / About logos,L,https://www.basketball-reference.com/boxscores/201504150MEM.html,Away,95,38:17,1,20.0,MEM,Marc Gasol,JaMychal Green,0:49,,,,,,,,,,,37:42,Zach Randolph,35:19,Jeff Green,34:27,Nick Calathes,31:49,Courtney Lee,25:33,Jordan Adams,23:20,Vince Carter,19:07,Beno Udrih,16:11,Kosta Koufos,15:43,95,4,20,14.0,70.0,6.0,30.0,0.0,0.0,George Hill,12,2,2014-2015,3.0,3,5.0,IND,83,C.J. Miles,Lavoy Allen,5:04,Damjan Rudež,0:49,,,,,,,,,33:17,David West,28:12,Rodney Stuckey,28:07,Roy Hibbert,25:25,Solomon Hill,21:26,Luis Scola,19:10,Ian Mahinmi,17:05,Paul George,15:01,Donald Sloan,8:07
5,.714,7,70.000,2,1.00,99,1,3,100.0,6,.600,1.0,33.3,3.0,10,2,.667,3,30.000,Logos via Sports Logos.net / About logos,L,https://www.basketball-reference.com/boxscores/201510280TOR.html,Away,106,37:41,0,0.0,TOR,DeMarre Carroll,James Johnson,3:02,,,,,,,,,,,41:11,Kyle Lowry,38:58,DeMar DeRozan,35:52,Jonas Valančiūnas,32:17,Cory Joseph,27:43,Patrick Patterson,19:18,Luis Scola,17:29,Bismack Biyombo,15:43,Terrence Ross,8:27,106,5,19,2.0,10.5,15.0,78.9,2.0,10.5,George Hill,7,2,2015-2016,3.0,2,3.0,IND,99,Paul George,,,,,,,,,,,,,36:35,C.J. Miles,35:40,Monta Ellis,28:32,Ian Mahinmi,24:47,Rodney Stuckey,24:12,Jordan Hill,23:15,Chase Budinger,14:51,Lavoy Allen,12:22,Joe Young,2:04
3,.375,8,53.333,4,0.80,112,0,3,100.0,6,.400,3.0,42.9,7.0,15,5,.833,6,40.000,Logos via Sports Logos.net / About logos,L,https://www.basketball-reference.com/boxscores/201510290IND.html,Home,103,38:46,0,0.0,MEM,Marc Gasol,JaMychal Green,12:45,,,,,,,,,,,32:31,Mike Conley,30:16,Zach Randolph,29:32,Courtney Lee,29:14,Jeff Green,29:08,Tony Allen,22:12,Matt Barnes,21:08,Beno Udrih,17:48,Brandan Wright,15:24,112,2,20,6.0,30.0,9.0,45.0,5.0,25.0,George Hill,9,1,2015-2016,1.0,5,3.0,IND,103,Paul George,,,,,,,,,,,,,34:40,Monta Ellis,32:16,Ian Mahinmi,29:30,Rodney Stuckey,25:31,C.J. Miles,20:46,Jordan Hill,19:49,Myles Turner,17:58,Chase Budinger,13:20,Lavoy Allen,7:25
3,.600,5,55.556,1,0.14,97,0,4,66.7,5,.556,2.0,50.0,4.0,9,4,.800,5,55.556,Logos via Sports Logos.net / About logos,L,https://www.basketball-reference.com/boxscores/201510310IND.html,Home,76,37:22,2,33.3,UTA,Rudy Gobert,Trey Lyles,4:31,Elijah Millsap,3:35,Chris Johnson,2:25,Jeff Withey,1:21,,,,,31:14,Derrick Favors,31:11,Rodney Hood,28:43,Gordon Hayward,28:15,Trevor Booker,27:43,Trey Burke,21:27,Alec Burks,20:33,Raul Neto,19:46,Joe Ingles,19:16,97,3,17,4.0,23.5,9.0,52.9,4.0,23.5,George Hill,21,2,2015-2016,2.0,7,6.0,IND,76,Paul George,Shayne Whittington,1:56,Joe Young,1:56,,,,,,,,,33:37,Monta Ellis,32:05,C.J. Miles,26:22,Ian Mahinmi,23:23,Myles Turner,22:41,Rodney Stuckey,22:41,Lavoy Allen,21:38,Chase Budinger,14:23,Solomon Hill,1:56
2,.333,6,50.000,6,,94,1,5,83.3,5,.417,3.0,50.0,6.0,12,0,,0,0.000,Logos via Sports Logos.net / About logos,W,https://www.basketball-reference.com/boxscores/201511030DET.html,Away,82,36:19,1,16.7,DET,Andre Drummond,Aron Baynes,4:47,Reggie Bullock,3:41,,,,,,,,,43:13,Kentavious Caldwell-Pope,41:46,Marcus Morris,39:00,Ersan İlyasova,34:36,Reggie Jackson,34:17,Anthony Tolliver,13:24,Stanley Johnson,11:33,Spencer Dinwiddie,7:04,Steve Blake,6:39,82,1,12,6.0,50.0,6.0,50.0,0.0,0.0,George Hill,12,4,2015-2016,5.0,0,6.0,IND,94,Paul George,,,,,,,,,,,,,37:32,Monta Ellis,33:25,C.J. Miles,29:48,Rodney Stuckey,26:16,Jordan Hill,23:21,Lavoy Allen,21:53,Myles Turner,15:29,Chase Budinger,10:28,Ian Mahinmi,5:29
1,.250,4,40.000,4,1.33,98,0,2,100.0,2,.200,1.0,16.7,6.0,10,5,.625,8,80.000,Logos via Sports Logos.net / About logos,W,https://www.basketball-reference.com/boxscores/201511040IND.html,Home,100,34:03,0,0.0,BOS,Isaiah Thomas,Kelly Olynyk,10:32,Terry Rozier,6:09,Tyler Zeller,3:29,,,,,,,35:46,Avery Bradley,35:26,Jae Crowder,32:55,Jared Sullinger,27:18,Evan Turner,21:23,Amir Johnson,20:36,David Lee,18:12,Jonas Jerebko,15:32,R.J. Hunter,12:41,98,2,10,2.0,20.0,3.0,30.0,5.0,50.0,George Hill,2,3,2015-2016,3.0,3,2.0,IND,100,Monta Ellis,,,,,,,,,,,,,33:28,Paul George,31:11,Jordan Hill,29:19,Lavoy Allen,28:38,Rodney Stuckey,27:02,Glenn Robinson III,19:12,Chase Budinger,18:38,Myles Turner,18:29,,
3,.750,4,66.667,4,,87,0,0,,3,.500,0.0,0.0,2.0,6,3,.600,5,83.333,Logos via Sports Logos.net / About logos,W,https://www.basketball-reference.com/boxscores/201511060IND.html,Home,90,39:58,0,,MIA,Chris Bosh,,,,,,,,,,,,,35:10,Hassan Whiteside,33:07,Justise Winslow,30:52,Goran Dragić,30:36,Dwyane Wade,29:42,Luol Deng,26:14,Mario Chalmers,18:52,Tyler Johnson,18:49,Josh McRoberts,16:38,87,3,12,0.0,0.0,9.0,75.0,3.0,25.0,George Hill,3,0,2015-2016,0.0,0,0.0,IND,90,Paul George,,,,,,,,,,,,,37:53,Monta Ellis,36:27,Ian Mahinmi,25:17,Jordan Hill,23:44,Lavoy Allen,22:34,Glenn Robinson III,15:41,Chase Budinger,15:17,Myles Turner,12:45,Rodney Stuckey,10:24
0,.000,5,31.250,5,,97,0,4,80.0,6,.375,6.0,54.5,11.0,16,2,1.000,2,12.500,Logos via Sports Logos.net / About logos,L,https://www.basketball-reference.com/boxscores/201511080CLE.html,Away,101,39:57,1,20.0,CLE,Kevin Love,,,,,,,,,,,,,39:03,Mo Williams,37:43,LeBron James,35:01,Matthew Dellavedova,32:35,Tristan Thompson,30:27,Richard Jefferson,30:15,Timofey Mozgov,22:58,Jared Cunningham,8:53,James Jones,3:05,101,2,14,12.0,85.7,0.0,0.0,2.0,14.3,George Hill,4,0,2015-2016,0.0,0,5.0,IND,97,Paul George,,,,,,,,,,,,,38:58,Monta Ellis,34:27,Jordan Hill,32:12,Lavoy Allen,24:46,Ian Mahinmi,20:18,Myles Turner,18:17,Chase Budinger,18:00,Glenn Robinson III,13:05,,
4,.667,6,46.154,2,,84,1,7,100.0,8,.615,4.0,57.1,7.0,13,3,.750,4,30.769,Logos via Sports Logos.net / About logos,W,https://www.basketball-reference.com/boxscores/201511090IND.html,Home,97,35:23,0,0.0,ORL,Evan Fournier,Shabazz Napier,2:11,,,,,,,,,,,39:33,Victor Oladipo,37:53,Elfrid Payton,37:29,Tobias Harris,28:54,Dewayne Dedmon,23:10,Channing Frye,22:39,Aaron Gordon,17:22,C.J. Watson,16:52,Mario Hezonja,13:56,84,3,23,8.0,34.8,12.0,52.2,3.0,13.0,George Hill,13,2,2015-2016,3.0,0,7.0,IND,97,Paul George,,,,,,,,,,,,,36:20,Monta Ellis,33:27,Ian Mahinmi,28:12,C.J. Miles,26:48,Jordan Hill,21:12,Myles Turner,19:48,Rodney Stuckey,17:49,Chase Budinger,16:51,Glenn Robinson III,4:10
1,.333,3,37.500,5,5.00,102,0,4,100.0,3,.375,2.0,40.0,5.0,8,0,,0,0.000,Logos via Sports Logos.net / About logos,W,https://www.basketball-reference.com/boxscores/201511110BOS.html,Away,91,36:38,0,0.0,BOS,Jared Sullinger,Kelly Olynyk,14:40,Amir Johnson,13:53,,,,,,,,,33:01,Evan Turner,32:55,Isaiah Thomas,29:52,Jae Crowder,26:18,Marcus Smart,21:28,R.J. Hunter,19:34,Jonas Jerebko,16:26,Terry Rozier,16:05,David Lee,15:48,91,5,7,4.0,57.1,3.0,42.9,0.0,0.0,George Hill,11,0,2015-2016,0.0,1,4.0,IND,102,Paul George,,,,,,,,,,,,,36:56,Monta Ellis,35:02,C.J. Miles,29:06,Ian Mahinmi,24:41,Jordan Hill,22:39,Chase Budinger,21:39,Lavoy Allen,18:15,Glenn Robinson III,13:45,Myles Turner,1:19
2,.400,5,71.429,4,2.00,103,0,0,0.0,2,.286,0.0,0.0,2.0,7,0,,0,0.000,Logos via Sports Logos.net / About logos,W,https://www.basketball-reference.com/boxscores/201511130IND.html,Home,107,32:26,1,100.0,MIN,Andrew Wiggins,Gorgui Dieng,11:24,Damjan Rudež,6:57,,,,,,,,,41:36,Zach LaVine,40:05,Karl-Anthony Towns,27:11,Nemanja Bjelica,25:02,Andre Miller,22:42,Shabazz Muhammad,18:38,Tayshaun Prince,18:34,Kevin Garnett,14:54,Kevin Martin,12:56,103,1,6,0.0,0.0,6.0,100.0,0.0,0.0,George Hill,4,2,2015-2016,2.0,2,1.0,IND,107,Paul George,,,,,,,,,,,,,38:30,Monta Ellis,36:51,Ian Mahinmi,30:54,Lavoy Allen,28:18,Glenn Robinson III,21:20,C.J. Miles,20:37,Jordan Hill,16:11,Chase Budinger,14:53,,
2,.400,5,45.455,5,2.50,123,0,2,50.0,5,.455,3.0,50.0,6.0,11,2,1.000,2,18.182,Logos via Sports Logos.net / About logos,W,https://www.basketball-reference.com/boxscores/201511240WAS.html,Away,106,32:29,2,50.0,WAS,Bradley Beal,Kris Humphries,8:51,DeJuan Blair,1:43,Kelly Oubre Jr.,1:43,,,,,,,34:39,John Wall,30:32,Gary Neal,28:53,Jared Dudley,27:24,Otto Porter Jr.,24:59,Marcin Gortat,23:40,Nenê,22:37,Garrett Temple,17:31,Ramon Sessions,17:28,106,1,14,6.0,42.9,6.0,42.9,2.0,14.3,George Hill,17,1,2015-2016,1.0,2,4.0,IND,123,Paul George,Glenn Robinson III,0:42,Joe Young,0:42,,,,,,,,,36:35,Monta Ellis,35:16,C.J. Miles,32:49,Jordan Hill,25:18,Rodney Stuckey,23:27,Ian Mahinmi,22:00,Chase Budinger,15:13,Lavoy Allen,14:47,Solomon Hill,0:42
0,.000,2,25.000,3,3.00,92,1,8,80.0,3,.375,3.0,50.0,6.0,8,0,.000,1,12.500,Logos via Sports Logos.net / About logos,W,https://www.basketball-reference.com/boxscores/201511270IND.html,Home,104,31:45,2,20.0,CHI,Jimmy Butler,Doug McDermott,6:01,Cristiano Felício,2:08,Bobby Portis,2:08,,,,,,,39:49,Derrick Rose,31:15,Nikola Mirotić,29:09,E'Twaun Moore,27:10,Pau Gasol,27:05,Kirk Hinrich,21:38,Taj Gibson,18:51,Joakim Noah,18:47,Tony Snell,15:59,92,1,6,6.0,100.0,0.0,0.0,0.0,0.0,George Hill,12,1,2015-2016,2.0,1,10.0,IND,104,Paul George,Joe Young,1:36,,,,,,,,,,,38:30,C.J. Miles,31:58,Monta Ellis,30:05,Rodney Stuckey,28:15,Lavoy Allen,27:16,Ian Mahinmi,26:35,Solomon Hill,11:47,Chase Budinger,10:37,Glenn Robinson III,1:36
1,.333,3,30.000,3,1.50,107,0,6,100.0,4,.400,3.0,42.9,7.0,10,2,.667,3,30.000,Logos via Sports Logos.net / About logos,W,https://www.basketball-reference.com/boxscores/201511290LAL.html,Away,103,33:10,0,0.0,LAL,Jordan Clarkson,,,,,,,,,,,,,39:12,Kobe Bryant,33:29,Nick Young,27:32,Julius Randle,27:05,Metta World Peace,27:03,Roy Hibbert,26:40,D'Angelo Russell,26:13,Brandon Bass,18:07,Larry Nance Jr.,14:39,103,3,11,6.0,54.5,3.0,27.3,2.0,18.2,George Hill,4,2,2015-2016,2.0,2,6.0,IND,107,Paul George,,,,,,,,,,,,,36:49,Monta Ellis,36:24,C.J. Miles,30:20,Ian Mahinmi,27:58,Rodney Stuckey,27:09,Jordan Hill,20:00,Lavoy Allen,16:57,Chase Budinger,11:12,,
0,.000,1,20.000,3,1.00,103,0,4,100.0,0,.000,0.0,0.0,4.0,5,5,.833,6,120.000,Logos via Sports Logos.net / About logos,W,https://www.basketball-reference.com/boxscores/201512020LAC.html,Away,91,32:40,0,0.0,LAC,Jamal Crawford,Wesley Johnson,9:26,JJ Redick,0:18,C.J. Wilcox,0:01,,,,,,,37:05,Blake Griffin,36:23,Austin Rivers,34:47,Lance Stephenson,28:09,DeAndre Jordan,28:06,Luc Mbah a Moute,21:21,Josh Smith,17:04,Paul Pierce,14:07,Pablo Prigioni,13:13,91,3,5,0.0,0.0,0.0,0.0,5.0,100.0,George Hill,12,0,2015-2016,0.0,3,4.0,IND,103,Paul George,,,,,,,,,,,,,40:38,Monta Ellis,34:02,Rodney Stuckey,32:15,Ian Mahinmi,26:39,C.J. Miles,24:25,Lavoy Allen,20:38,Jordan Hill,20:25,Chase Budinger,8:18,,
2,.500,4,23.529,3,1.50,111,0,0,0.0,7,.412,5.0,38.5,13.0,17,2,1.000,2,11.765,Logos via Sports Logos.net / About logos,L,https://www.basketball-reference.com/boxscores/201512030POR.html,Away,123,28:02,1,100.0,POR,Damian Lillard,Gerald Henderson,8:56,,,,,,,,,,,35:08,CJ McCollum,32:54,Al-Farouq Aminu,31:54,Mason Plumlee,26:08,Allen Crabbe,24:51,Meyers Leonard,24:40,Ed Davis,21:52,Noah Vonleh,17:31,Maurice Harkless,16:06,123,4,18,10.0,55.6,6.0,33.3,2.0,11.1,George Hill,12,0,2015-2016,0.0,2,1.0,IND,111,Paul George,Solomon Hill,1:09,Joe Young,1:09,,,,,,,,,34:13,C.J. Miles,31:57,Rodney Stuckey,31:10,Ian Mahinmi,26:07,Chase Budinger,22:57,Jordan Hill,20:44,Monta Ellis,17:59,Lavoy Allen,16:03,Glenn Robinson III,8:30
2,.400,5,50.000,5,5.00,119,1,2,100.0,4,.400,2.0,40.0,5.0,10,0,,0,0.000,Logos via Sports Logos.net / About logos,L,https://www.basketball-reference.com/boxscores/201512050UTA.html,Away,122,41:33,0,0.0,UTA,Derrick Favors,Jeff Withey,9:28,Chris Johnson,6:03,Joe Ingles,2:30,,,,,,,43:32,Gordon Hayward,43:28,Trey Burke,33:35,Alec Burks,32:56,Trevor Booker,23:28,Rodney Hood,20:43,Trey Lyles,19:51,Raul Neto,18:24,Elijah Millsap,11:02,122,0,10,4.0,40.0,6.0,60.0,0.0,0.0,George Hill,3,4,2015-2016,5.0,1,2.0,IND,119,Paul George,,,,,,,,,,,,,42:05,C.J. Miles,34:38,Rodney Stuckey,32:22,Monta Ellis,30:42,Ian Mahinmi,23:19,Jordan Hill,22:53,Lavoy Allen,22:41,Chase Budinger,14:46,,
3,.750,4,40.000,1,0.50,131,0,2,100.0,4,.400,1.0,16.7,6.0,10,1,1.000,1,10.000,Logos via Sports Logos.net / About logos,L,https://www.basketball-reference.com/boxscores/201512080IND.html,Home,123,28:47,0,0.0,GSW,Stephen Curry,Marreese Speights,0:37,,,,,,,,,,,35:39,Draymond Green,35:39,Klay Thompson,34:28,Andre Iguodala,32:46,Brandon Rush,24:33,Andrew Bogut,23:22,Shaun Livingston,22:24,Festus Ezeli,18:12,Ian Clark,12:21,131,2,12,2.0,16.7,9.0,75.0,1.0,8.3,George Hill,8,0,2015-2016,0.0,2,2.0,IND,123,Monta Ellis,,,,,,,,,,,,,38:08,Paul George,35:39,C.J. Miles,34:12,Solomon Hill,21:08,Ian Mahinmi,20:39,Rodney Stuckey,20:12,Chase Budinger,18:10,Jordan Hill,17:27,Lavoy Allen,5:38
0,.000,3,33.333,4,4.00,83,0,4,80.0,3,.333,3.0,50.0,6.0,9,0,,0,0.000,Logos via Sports Logos.net / About logos,W,https://www.basketball-reference.com/boxscores/201512110IND.html,Home,96,31:20,1,20.0,MIA,Chris Bosh,Amar'e Stoudemire,7:04,,,,,,,,,,,36:03,Dwyane Wade,34:06,Luol Deng,34:00,Goran Dragić,31:28,Justise Winslow,29:01,Gerald Green,27:52,Hassan Whiteside,17:29,Beno Udrih,14:12,Josh Richardson,8:45,83,0,6,6.0,100.0,0.0,0.0,0.0,0.0,George Hill,13,1,2015-2016,1.0,1,5.0,IND,96,Paul George,,,,,,,,,,,,,37:01,Monta Ellis,36:04,Ian Mahinmi,35:58,C.J. Miles,34:09,Rodney Stuckey,28:36,Chase Budinger,13:11,Jordan Hill,12:02,Lavoy Allen,11:39,,
0,.000,3,25.000,3,,96,0,7,87.5,7,.583,7.0,77.8,9.0,12,0,,0,0.000,Logos via Sports Logos.net / About logos,L,https://www.basketball-reference.com/boxscores/201512120DET.html,Away,118,32:14,1,12.5,DET,Kentavious Caldwell-Pope,Darrun Hilliard,3:23,Joel Anthony,3:23,Reggie Bullock,3:23,Spencer Dinwiddie,3:23,,,,,37:24,Marcus Morris,29:45,Ersan İlyasova,28:47,Andre Drummond,28:17,Reggie Jackson,25:38,Stanley Johnson,25:28,Steve Blake,18:59,Aron Baynes,16:20,Anthony Tolliver,15:50,118,2,14,14.0,100.0,0.0,0.0,0.0,0.0,George Hill,22,0,2015-2016,0.0,0,8.0,IND,96,Paul George,Solomon Hill,5:30,,,,,,,,,,,34:17,Jordan Hill,25:45,Monta Ellis,24:22,C.J. Miles,23:44,Rodney Stuckey,23:05,Ian Mahinmi,22:15,Lavoy Allen,22:09,Chase Budinger,14:50,Glenn Robinson III,11:49
0,.000,1,16.667,3,3.00,90,2,1,100.0,3,.500,3.0,60.0,5.0,6,0,,0,0.000,Logos via Sports Logos.net / About logos,W,https://www.basketball-reference.com/boxscores/201512140IND.html,Home,106,35:15,0,0.0,TOR,DeMar DeRozan,Norman Powell,6:31,Anthony Bennett,3:27,,,,,,,,,37:33,Kyle Lowry,34:08,Bismack Biyombo,31:28,Terrence Ross,30:41,Cory Joseph,28:03,Patrick Patterson,22:47,James Johnson,18:58,Luis Scola,18:27,Lucas Nogueira,7:57,90,1,6,6.0,100.0,0.0,0.0,0.0,0.0,George Hill,16,1,2015-2016,3.0,1,1.0,IND,106,Jordan Hill,Solomon Hill,3:27,Joe Young,1:30,,,,,,,,,31:00,Monta Ellis,30:28,Lavoy Allen,29:41,Rodney Stuckey,26:57,Paul George,23:50,C.J. Miles,22:33,Chase Budinger,18:13,Ian Mahinmi,13:39,Glenn Robinson III,3:27
1,.250,4,40.000,3,,81,0,0,,5,.500,4.0,66.7,6.0,10,0,.000,2,20.000,Logos via Sports Logos.net / About logos,W,https://www.basketball-reference.com/boxscores/201512160IND.html,Home,107,30:11,0,,DAL,Raymond Felton,Dwight Powell,7:28,Devin Harris,6:10,Justin Anderson,5:44,Jeremy Evans,5:44,,,,,31:40,Wesley Matthews,29:12,Chandler Parsons,28:51,Deron Williams,26:45,Zaza Pachulia,25:59,Dirk Nowitzki,25:33,J.J. Barea,21:15,Charlie Villanueva,15:03,JaVale McGee,10:36,81,0,11,8.0,72.7,3.0,27.3,0.0,0.0,George Hill,26,2,2015-2016,2.0,0,0.0,IND,107,Monta Ellis,Joe Young,3:10,Solomon Hill,3:10,,,,,,,,,32:49,Paul George,32:08,C.J. Miles,28:41,Rodney Stuckey,26:16,Jordan Hill,22:47,Ian Mahinmi,22:03,Lavoy Allen,18:24,Chase Budinger,16:55,Glenn Robinson III,3:26
3,.429,7,63.636,3,3.00,97,0,4,100.0,3,.273,0.0,0.0,4.0,11,0,,0,0.000,Logos via Sports Logos.net / About logos,W,https://www.basketball-reference.com/boxscores/201512180IND.html,Home,104,35:11,0,0.0,BRK,Jarrett Jack,Markel Brown,2:30,,,,,,,,,,,38:55,Thaddeus Young,32:57,Joe Johnson,32:48,Brook Lopez,32:35,Bojan Bogdanović,30:58,Donald Sloan,23:59,Andrea Bargnani,21:49,Wayne Ellington,14:50,Willie Reed,8:39,97,0,9,0.0,0.0,9.0,100.0,0.0,0.0,George Hill,7,0,2015-2016,0.0,1,4.0,IND,104,Paul George,,,,,,,,,,,,,35:44,Monta Ellis,34:05,C.J. Miles,26:33,Rodney Stuckey,25:44,Ian Mahinmi,25:28,Jordan Hill,22:32,Lavoy Allen,21:27,Chase Budinger,13:16,,
0,.000,3,42.857,2,2.00,84,0,4,80.0,3,.429,3.0,75.0,4.0,7,2,.500,4,57.143,Logos via Sports Logos.net / About logos,L,https://www.basketball-reference.com/boxscores/201512190MEM.html,Away,96,29:32,1,20.0,MEM,Marc Gasol,,,,,,,,,,,,,39:35,Matt Barnes,39:06,Jeff Green,34:02,Mike Conley,33:16,Courtney Lee,30:29,Vince Carter,22:24,Mario Chalmers,18:20,Zach Randolph,14:23,JaMychal Green,8:25,96,3,8,6.0,75.0,0.0,0.0,2.0,25.0,George Hill,12,1,2015-2016,1.0,1,5.0,IND,84,Paul George,Solomon Hill,1:01,Joe Young,1:01,,,,,,,,,39:14,Monta Ellis,36:48,Rodney Stuckey,27:38,Jordan Hill,26:34,Lavoy Allen,25:47,C.J. Miles,24:20,Ian Mahinmi,18:18,Chase Budinger,7:58,Glenn Robinson III,1:49
3,.750,4,30.769,1,0.50,92,0,2,100.0,6,.462,3.0,33.3,9.0,13,0,,0,0.000,Logos via Sports Logos.net / About logos,L,https://www.basketball-reference.com/boxscores/201512210SAS.html,Away,106,35:37,0,0.0,SAS,Kawhi Leonard,Jonathon Simmons,11:13,Kyle Anderson,4:00,Boban Marjanović,1:57,Rasual Butler,1:57,,,,,34:44,Tony Parker,27:51,LaMarcus Aldridge,27:04,Danny Green,25:44,Boris Diaw,25:29,Tim Duncan,22:52,Manu Ginóbili,20:19,Patty Mills,20:09,David West,16:41,106,3,15,6.0,40.0,9.0,60.0,0.0,0.0,George Hill,14,1,2015-2016,1.0,2,2.0,IND,92,Paul George,Solomon Hill,1:57,Glenn Robinson III,1:57,,,,,,,,,34:42,Monta Ellis,28:45,Lavoy Allen,28:18,Rodney Stuckey,26:30,Jordan Hill,25:06,Ian Mahinmi,24:02,C.J. Miles,17:51,Chase Budinger,13:18,Joe Young,1:57
4,.400,10,71.429,5,,108,0,4,100.0,7,.500,3.0,75.0,4.0,14,2,1.000,2,14.286,Logos via Sports Logos.net / About logos,L,https://www.basketball-reference.com/boxscores/201512230IND.html,Home,106,38:51,0,0.0,SAC,Omri Casspi,,,,,,,,,,,,,41:18,Rajon Rondo,37:06,Darren Collison,35:12,DeMarcus Cousins,35:06,Rudy Gay,34:30,Marco Belinelli,20:50,Kosta Koufos,18:35,Ben McLemore,12:48,Seth Curry,4:35,108,2,20,6.0,30.0,12.0,60.0,2.0,10.0,George Hill,2,3,2015-2016,3.0,0,4.0,IND,106,Paul George,,,,,,,,,,,,,40:16,Monta Ellis,37:18,C.J. Miles,30:52,Ian Mahinmi,27:45,Jordan Hill,20:15,Rodney Stuckey,19:51,Chase Budinger,14:01,Lavoy Allen,10:51,,
1,.333,3,50.000,4,4.00,102,0,4,80.0,3,.500,2.0,66.7,3.0,6,0,,0,0.000,Logos via Sports Logos.net / About logos,W,https://www.basketball-reference.com/boxscores/201512260MIN.html,Away,88,31:48,1,20.0,MIN,Karl-Anthony Towns,Adreian Payne,10:12,,,,,,,,,,,39:58,Andrew Wiggins,37:40,Ricky Rubio,36:36,Gorgui Dieng,34:31,Zach LaVine,26:18,Tayshaun Prince,22:09,Tyus Jones,11:24,Kevin Garnett,10:52,Shabazz Muhammad,10:20,88,2,7,4.0,57.1,3.0,42.9,0.0,0.0,George Hill,14,3,2015-2016,3.0,1,5.0,IND,102,Monta Ellis,,,,,,,,,,,,,36:01,Paul George,32:12,Lavoy Allen,28:52,Jordan Hill,27:30,Rodney Stuckey,23:42,Ian Mahinmi,22:38,C.J. Miles,17:00,Chase Budinger,15:48,Glenn Robinson III,4:29
1,.250,4,44.444,0,0.00,87,1,1,50.0,3,.333,2.0,40.0,5.0,9,1,.500,2,22.222,Logos via Sports Logos.net / About logos,W,https://www.basketball-reference.com/boxscores/201512280IND.html,Home,93,34:44,1,50.0,ATL,Paul Millsap,Mike Muscala,8:00,,,,,,,,,,,38:18,Jeff Teague,35:07,Kent Bazemore,31:43,Al Horford,30:49,Kyle Korver,28:43,Thabo Sefolosha,27:41,Mike Scott,17:15,Dennis Schröder,11:44,Lamar Patterson,10:40,87,1,8,4.0,50.0,3.0,37.5,1.0,12.5,George Hill,6,4,2015-2016,5.0,1,2.0,IND,93,Monta Ellis,,,,,,,,,,,,,36:15,Paul George,33:06,Solomon Hill,25:51,Jordan Hill,25:40,Rodney Stuckey,25:13,Ian Mahinmi,24:41,Lavoy Allen,20:12,Chase Budinger,14:19,,
3,.600,5,33.333,3,1.50,100,0,3,42.9,8,.533,5.0,50.0,10.0,15,1,1.000,1,6.667,Logos via Sports Logos.net / About logos,L,https://www.basketball-reference.com/boxscores/201512300CHI.html,Away,102,39:12,4,57.1,CHI,Jimmy Butler,,,,,,,,,,,,,43:44,Aaron Brooks,40:55,Pau Gasol,37:26,Taj Gibson,37:24,Tony Snell,26:45,Bobby Portis,26:00,Doug McDermott,20:17,Nikola Mirotić,19:55,Kirk Hinrich,12:34,102,0,20,10.0,50.0,9.0,45.0,1.0,5.0,George Hill,2,4,2015-2016,4.0,2,7.0,IND,100,Paul George,,,,,,,,,,,,,42:01,Lavoy Allen,37:55,Monta Ellis,35:25,Rodney Stuckey,31:28,Ian Mahinmi,26:16,Myles Turner,21:30,Solomon Hill,20:13,Chase Budinger,11:00,,
3,.500,6,42.857,3,1.50,120,1,4,66.7,6,.429,3.0,37.5,8.0,14,0,,0,0.000,Logos via Sports Logos.net / About logos,L,https://www.basketball-reference.com/boxscores/201512310IND.html,Home,116,38:22,2,33.3,MIL,Michael Carter-Williams,,,,,,,,,,,,,38:15,Giannis Antetokounmpo,37:20,Khris Middleton,36:51,Jabari Parker,29:50,Greg Monroe,29:45,Jerryd Bayless,25:01,O.J. Mayo,22:33,John Henson,13:34,Rashad Vaughn,6:51,120,3,15,6.0,40.0,9.0,60.0,0.0,0.0,George Hill,4,0,2015-2016,1.0,2,6.0,IND,116,Paul George,,,,,,,,,,,,,33:36,Monta Ellis,32:41,C.J. Miles,29:30,Lavoy Allen,26:11,Rodney Stuckey,24:57,Solomon Hill,18:27,Myles Turner,17:08,Chase Budinger,14:24,Shayne Whittington,4:44
1,1.000,1,12.500,1,0.50,82,0,3,75.0,7,.875,6.0,85.7,7.0,8,3,.750,4,50.000,Logos via Sports Logos.net / About logos,W,https://www.basketball-reference.com/boxscores/201601020IND.html,Home,94,37:00,1,25.0,DET,Kentavious Caldwell-Pope,,,,,,,,,,,,,41:26,Marcus Morris,36:02,Andre Drummond,35:51,Ersan İlyasova,31:57,Reggie Jackson,28:43,Brandon Jennings,19:17,Stanley Johnson,18:32,Anthony Tolliver,16:03,Aron Baynes,12:09,82,3,18,12.0,66.7,3.0,16.7,3.0,16.7,George Hill,12,1,2015-2016,1.0,2,4.0,IND,94,Monta Ellis,,,,,,,,,,,,,33:39,Paul George,32:36,C.J. Miles,25:38,Rodney Stuckey,25:21,Jordan Hill,22:05,Lavoy Allen,21:02,Solomon Hill,16:44,Ian Mahinmi,15:36,Myles Turner,10:19
3,1.000,3,33.333,3,,95,0,3,100.0,5,.556,2.0,33.3,6.0,9,3,1.000,3,33.333,Logos via Sports Logos.net / About logos,W,https://www.basketball-reference.com/boxscores/201601060ORL.html,Away,86,33:39,0,0.0,ORL,Victor Oladipo,Shabazz Napier,7:27,Dewayne Dedmon,7:08,,,,,,,,,40:33,Evan Fournier,35:36,Tobias Harris,34:12,Nikola Vučević,32:31,Andrew Nicholson,23:17,Mario Hezonja,20:32,Aaron Gordon,16:26,Channing Frye,13:56,Jason Smith,8:21,86,2,16,4.0,25.0,9.0,56.2,3.0,18.8,George Hill,9,1,2015-2016,1.0,0,3.0,IND,95,Paul George,,,,,,,,,,,,,35:41,Monta Ellis,35:20,Rodney Stuckey,27:01,Lavoy Allen,25:34,Ian Mahinmi,23:13,C.J. Miles,22:26,Myles Turner,12:31,Glenn Robinson III,12:19,Jordan Hill,12:16
1,.500,2,22.222,2,0.67,91,0,4,80.0,2,.222,1.0,14.3,7.0,9,2,1.000,2,22.222,Logos via Sports Logos.net / About logos,W,https://www.basketball-reference.com/boxscores/201601080NOP.html,Away,86,35:11,1,20.0,NOP,Tyreke Evans,Alonzo Gee,0:06,,,,,,,,,,,38:19,Ryan Anderson,36:36,Eric Gordon,35:35,Jrue Holiday,35:15,Dante Cunningham,26:17,Alexis Ajinça,25:48,Norris Cole,22:47,Ömer Aşık,15:56,Anthony Davis,3:21,86,4,7,2.0,28.6,3.0,42.9,2.0,28.6,George Hill,5,1,2015-2016,1.0,3,5.0,IND,91,Monta Ellis,,,,,,,,,,,,,33:38,Paul George,32:04,Rodney Stuckey,28:27,C.J. Miles,28:20,Ian Mahinmi,24:32,Lavoy Allen,19:34,Glenn Robinson III,14:40,Jordan Hill,12:54,Myles Turner,10:40
3,.500,6,54.545,5,2.50,103,0,5,100.0,5,.455,2.0,40.0,5.0,11,0,,0,0.000,Logos via Sports Logos.net / About logos,L,https://www.basketball-reference.com/boxscores/201601100HOU.html,Away,107,38:45,0,0.0,HOU,Dwight Howard,,,,,,,,,,,,,42:44,James Harden,42:34,Trevor Ariza,41:38,Patrick Beverley,38:46,Marcus Thornton,22:44,Clint Capela,19:47,Jason Terry,19:44,Terrence Jones,18:36,Corey Brewer,18:27,107,3,13,4.0,30.8,9.0,69.2,0.0,0.0,George Hill,4,0,2015-2016,0.0,2,5.0,IND,103,Paul George,Joe Young,6:48,,,,,,,,,,,40:27,Monta Ellis,38:48,Rodney Stuckey,29:38,Ian Mahinmi,28:34,C.J. Miles,26:59,Lavoy Allen,18:02,Myles Turner,12:47,Glenn Robinson III,12:33,Jordan Hill,11:39
4,.500,8,61.538,5,2.50,97,0,3,100.0,8,.615,4.0,80.0,5.0,13,0,,0,0.000,Logos via Sports Logos.net / About logos,W,https://www.basketball-reference.com/boxscores/201601120IND.html,Home,116,37:08,0,0.0,PHO,P.J. Tucker,Sonny Weems,2:27,,,,,,,,,,,34:35,T.J. Warren,32:05,Archie Goodwin,31:28,Mirza Teletović,29:33,Devin Booker,29:03,Markieff Morris,26:40,Lorenzo Brown,20:02,Jon Leuer,17:12,Tyson Chandler,16:55,97,0,20,8.0,40.0,12.0,60.0,0.0,0.0,George Hill,19,0,2015-2016,0.0,2,3.0,IND,116,Monta Ellis,Solomon Hill,3:19,Myles Turner,2:27,Joe Young,2:27,,,,,,,34:13,C.J. Miles,30:32,Paul George,26:45,Ian Mahinmi,24:44,Lavoy Allen,22:22,Jordan Hill,19:57,Glenn Robinson III,18:37,Chase Budinger,13:03,Rodney Stuckey,4:26
1,.250,4,40.000,2,,94,0,1,33.3,4,.400,3.0,50.0,6.0,10,4,.800,5,50.000,Logos via Sports Logos.net / About logos,L,https://www.basketball-reference.com/boxscores/201601130BOS.html,Away,103,39:18,2,66.7,BOS,Avery Bradley,,,,,,,,,,,,,41:16,Jae Crowder,36:02,Isaiah Thomas,34:40,Marcus Smart,30:53,Amir Johnson,28:47,Evan Turner,20:04,Jared Sullinger,19:56,Kelly Olynyk,15:16,Jonas Jerebko,13:06,103,3,13,6.0,46.2,3.0,23.1,4.0,30.8,George Hill,9,1,2015-2016,1.0,0,3.0,IND,94,Paul George,,,,,,,,,,,,,37:03,Monta Ellis,34:40,C.J. Miles,30:17,Ian Mahinmi,22:09,Chase Budinger,19:34,Lavoy Allen,17:48,Jordan Hill,15:28,Glenn Robinson III,13:20,Myles Turner,10:22
2,.500,4,28.571,1,0.50,118,0,5,62.5,8,.571,6.0,60.0,10.0,14,1,.500,2,14.286,Logos via Sports Logos.net / About logos,L,https://www.basketball-reference.com/boxscores/201601150IND.html,Home,104,33:39,3,37.5,WAS,John Wall,Drew Gooden,17:14,Jarell Eddie,2:40,,,,,,,,,31:23,Jared Dudley,30:04,Garrett Temple,28:14,Gary Neal,23:35,Ramon Sessions,23:02,DeJuan Blair,22:49,Bradley Beal,21:58,Nenê,21:02,Kelly Oubre Jr.,17:59,118,2,19,12.0,63.2,6.0,31.6,1.0,5.3,George Hill,14,1,2015-2016,1.0,2,8.0,IND,104,Monta Ellis,Solomon Hill,7:34,Joe Young,3:13,,,,,,,,,37:16,Paul George,33:49,C.J. Miles,26:35,Ian Mahinmi,20:30,Lavoy Allen,20:26,Chase Budinger,19:47,Myles Turner,18:15,Glenn Robinson III,10:44,Jordan Hill,8:12
1,.500,2,28.571,4,,97,0,1,100.0,2,.286,1.0,20.0,5.0,7,3,.750,4,57.143,Logos via Sports Logos.net / About logos,L,https://www.basketball-reference.com/boxscores/201601230SAC.html,Away,108,32:31,0,0.0,SAC,DeMarcus Cousins,,,,,,,,,,,,,39:07,Willie Cauley-Stein,34:14,Rajon Rondo,33:36,Omri Casspi,27:45,Darren Collison,24:43,Marco Belinelli,21:17,Kosta Koufos,20:49,James Anderson,20:05,Ben McLemore,18:24,108,4,8,2.0,25.0,3.0,37.5,3.0,37.5,George Hill,11,2,2015-2016,2.0,0,1.0,IND,97,Jordan Hill,,,,,,,,,,,,,35:33,Monta Ellis,34:57,Paul George,34:30,Myles Turner,31:45,Lavoy Allen,28:39,Joe Young,18:39,C.J. Miles,13:30,Glenn Robinson III,9:56,,
3,.500,6,42.857,2,1.00,91,0,0,0.0,5,.357,2.0,25.0,8.0,14,2,1.000,2,14.286,Logos via Sports Logos.net / About logos,L,https://www.basketball-reference.com/boxscores/201601260IND.html,Home,89,39:48,1,100.0,LAC,DeAndre Jordan,Cole Aldrich,6:46,,,,,,,,,,,41:14,Chris Paul,36:06,JJ Redick,33:18,Luc Mbah a Moute,23:31,Paul Pierce,23:05,Austin Rivers,22:58,Wesley Johnson,19:56,Jamal Crawford,19:43,Pablo Prigioni,13:23,91,0,15,4.0,26.7,9.0,60.0,2.0,13.3,George Hill,2,1,2015-2016,1.0,2,1.0,IND,89,Paul George,,,,,,,,,,,,,38:18,Monta Ellis,37:32,Ian Mahinmi,29:25,Lavoy Allen,27:25,Myles Turner,18:08,C.J. Miles,17:33,Jordan Hill,13:51,Joe Young,10:13,Glenn Robinson III,7:47
3,.750,4,44.444,3,1.00,92,0,8,100.0,7,.778,4.0,80.0,5.0,9,1,.500,2,22.222,Logos via Sports Logos.net / About logos,W,https://www.basketball-reference.com/boxscores/201601280IND.html,Home,111,37:10,0,0.0,ATL,Al Horford,Paul Millsap,13:17,Shelvin Mack,2:00,Mike Muscala,2:00,Lamar Patterson,2:00,,,,,34:12,Jeff Teague,30:49,Kent Bazemore,30:09,Kyle Korver,29:40,Thabo Sefolosha,27:14,Tiago Splitter,20:00,Mike Scott,17:24,Tim Hardaway Jr.,17:21,Dennis Schröder,13:54,92,1,18,8.0,44.4,9.0,50.0,1.0,5.6,George Hill,19,0,2015-2016,0.0,3,8.0,IND,111,Monta Ellis,Shayne Whittington,1:23,Chase Budinger,0:54,Solomon Hill,0:54,,,,,,,34:42,Paul George,30:32,Ian Mahinmi,29:34,Myles Turner,26:28,C.J. Miles,23:13,Lavoy Allen,20:09,Jordan Hill,17:32,Glenn Robinson III,9:58,Joe Young,7:32
1,.200,5,50.000,4,,105,0,2,66.7,3,.300,2.0,40.0,5.0,10,2,1.000,2,20.000,Logos via Sports Logos.net / About logos,W,https://www.basketball-reference.com/boxscores/201601300IND.html,Home,109,44:41,1,33.3,DEN,Danilo Gallinari,Randy Foye,12:25,,,,,,,,,,,41:03,Emmanuel Mudiay,36:35,Gary Harris,35:41,Nikola Jokić,35:18,Kenneth Faried,35:04,Darrell Arthur,18:20,Will Barton,17:19,Jusuf Nurkić,16:51,Jameer Nelson,16:25,105,3,9,4.0,44.4,3.0,33.3,2.0,22.2,George Hill,4,1,2015-2016,1.0,0,3.0,IND,109,Monta Ellis,,,,,,,,,,,,,41:28,Myles Turner,40:10,Paul George,39:24,Jordan Hill,38:22,Lavoy Allen,16:18,C.J. Miles,13:36,Joe Young,12:35,Solomon Hill,11:10,Glenn Robinson III,7:16
4,.500,8,50.000,4,,111,0,4,80.0,9,.563,5.0,62.5,8.0,16,1,1.000,1,6.250,Logos via Sports Logos.net / About logos,L,https://www.basketball-reference.com/boxscores/201602010IND.html,Home,106,38:57,1,20.0,CLE,LeBron James,,,,,,,,,,,,,43:35,J.R. Smith,42:06,Kevin Love,41:48,Kyrie Irving,40:59,Tristan Thompson,40:55,Iman Shumpert,22:05,Matthew Dellavedova,12:07,Timofey Mozgov,12:00,Richard Jefferson,9:25,111,2,23,10.0,43.5,12.0,52.2,1.0,4.3,George Hill,5,2,2015-2016,2.0,0,5.0,IND,106,Monta Ellis,,,,,,,,,,,,,41:01,Paul George,39:52,Myles Turner,36:30,Jordan Hill,36:03,Lavoy Allen,26:39,Solomon Hill,19:56,C.J. Miles,11:29,Joe Young,7:45,Glenn Robinson III,6:48
2,1.000,2,25.000,2,1.00,114,0,2,50.0,4,.500,2.0,33.3,6.0,8,3,1.000,3,37.500,Logos via Sports Logos.net / About logos,W,https://www.basketball-reference.com/boxscores/201602030BRK.html,Away,100,26:00,2,50.0,BRK,Brook Lopez,Markel Brown,7:00,Sergey Karasev,1:38,,,,,,,,,37:54,Joe Johnson,35:54,Thaddeus Young,34:44,Wayne Ellington,33:08,Donald Sloan,32:26,Bojan Bogdanović,19:58,Shane Larkin,15:34,Andrea Bargnani,12:03,Thomas Robinson,9:41,100,0,13,4.0,30.8,6.0,46.2,3.0,23.1,George Hill,14,3,2015-2016,3.0,2,4.0,IND,114,Paul George,Shayne Whittington,1:38,,,,,,,,,,,32:56,Monta Ellis,30:37,Myles Turner,30:36,Lavoy Allen,25:28,C.J. Miles,21:44,Solomon Hill,21:00,Jordan Hill,18:56,Joe Young,17:26,Glenn Robinson III,13:39
1,.500,2,25.000,8,8.00,96,0,2,66.7,3,.375,2.0,33.3,6.0,8,0,,0,0.000,Logos via Sports Logos.net / About logos,L,https://www.basketball-reference.com/boxscores/201602050ATL.html,Away,102,35:10,1,33.3,ATL,Al Horford,Tim Hardaway Jr.,12:35,,,,,,,,,,,34:13,Paul Millsap,33:01,Kent Bazemore,32:04,Jeff Teague,30:11,Kyle Korver,27:05,Thabo Sefolosha,23:27,Dennis Schröder,18:38,Mike Scott,16:06,Mike Muscala,12:40,102,3,7,4.0,57.1,3.0,42.9,0.0,0.0,George Hill,6,0,2015-2016,0.0,1,3.0,IND,96,Paul George,,,,,,,,,,,,,37:37,Monta Ellis,34:33,Lavoy Allen,30:01,Jordan Hill,28:16,Myles Turner,22:57,C.J. Miles,18:34,Solomon Hill,14:46,Glenn Robinson III,10:23,Joe Young,7:43
1,.333,3,21.429,2,,104,0,4,100.0,7,.500,6.0,54.5,11.0,14,2,1.000,2,14.286,Logos via Sports Logos.net / About logos,W,https://www.basketball-reference.com/boxscores/201602060IND.html,Home,112,33:07,0,0.0,DET,Stanley Johnson,Reggie Bullock,3:02,,,,,,,,,,,37:45,Andre Drummond,36:54,Marcus Morris,34:28,Reggie Jackson,32:18,Anthony Tolliver,30:06,Darrun Hilliard,20:48,Ersan İlyasova,17:54,Brandon Jennings,15:42,Aron Baynes,11:04,104,3,17,12.0,70.6,3.0,17.6,2.0,11.8,George Hill,8,0,2015-2016,0.0,0,4.0,IND,112,Monta Ellis,Solomon Hill,6:53,,,,,,,,,,,33:13,Myles Turner,31:59,Paul George,29:59,Jordan Hill,27:28,Ian Mahinmi,20:15,C.J. Miles,19:58,Lavoy Allen,15:46,Joe Young,13:10,Glenn Robinson III,8:12
2,.333,6,54.545,6,3.00,87,0,1,100.0,5,.455,3.0,60.0,5.0,11,3,.750,4,36.364,Logos via Sports Logos.net / About logos,W,https://www.basketball-reference.com/boxscores/201602080IND.html,Home,89,34:31,0,0.0,LAL,Julius Randle,Anthony Brown,4:23,,,,,,,,,,,33:38,Kobe Bryant,33:23,Jordan Clarkson,32:54,Brandon Bass,32:21,D'Angelo Russell,32:20,Lou Williams,26:23,Robert Sacre,15:01,Tarik Black,14:50,Nick Young,14:47,87,1,15,6.0,40.0,6.0,40.0,3.0,20.0,George Hill,2,3,2015-2016,3.0,2,1.0,IND,89,Paul George,,,,,,,,,,,,,34:49,Monta Ellis,32:41,Myles Turner,29:52,Ian Mahinmi,26:44,Jordan Hill,21:16,Lavoy Allen,17:48,C.J. Miles,16:16,Joe Young,13:29,Glenn Robinson III,12:35
1,.200,5,41.667,2,1.00,117,1,2,100.0,5,.417,4.0,57.1,7.0,12,1,.500,2,16.667,Logos via Sports Logos.net / About logos,L,https://www.basketball-reference.com/boxscores/201602100IND.html,Home,95,32:12,0,0.0,CHO,Kemba Walker,Brian Roberts,1:37,Troy Daniels,1:37,Tyler Hansbrough,1:37,P.J. Hairston,1:37,,,,,39:47,Nicolas Batum,38:15,Frank Kaminsky,29:56,Jeremy Lin,27:48,Spencer Hawes,23:24,Cody Zeller,22:59,Michael Kidd-Gilchrist,18:55,Marvin Williams,18:04,Jeremy Lamb,14:24,117,2,12,8.0,66.7,3.0,25.0,1.0,8.3,George Hill,22,1,2015-2016,2.0,2,2.0,IND,95,Monta Ellis,Jordan Hill,8:19,Chase Budinger,8:01,,,,,,,,,37:14,Paul George,32:48,Ian Mahinmi,26:16,Myles Turner,23:00,Lavoy Allen,17:07,Solomon Hill,16:04,Glenn Robinson III,15:12,C.J. Miles,14:50,Joe Young,8:57
3,.500,6,54.545,9,9.00,101,0,8,72.7,3,.273,0.0,0.0,5.0,11,0,,0,0.000,Logos via Sports Logos.net / About logos,W,https://www.basketball-reference.com/boxscores/201602190OKC.html,Away,98,37:59,3,27.3,OKC,Kevin Durant,Nick Collison,8:42,,,,,,,,,,,38:21,Russell Westbrook,37:09,Serge Ibaka,34:57,Steven Adams,32:12,Dion Waiters,31:34,Enes Freedom,20:09,Kyle Singler,13:16,Anthony Morrow,12:04,Cameron Payne,11:36,98,1,9,0.0,0.0,9.0,100.0,0.0,0.0,George Hill,3,1,2015-2016,1.0,1,11.0,IND,101,Monta Ellis,,,,,,,,,,,,,38:26,Myles Turner,35:34,Ian Mahinmi,35:28,Paul George,34:15,Solomon Hill,13:26,Lavoy Allen,12:26,Jordan Hill,12:26,Joe Young,10:01,Chase Budinger,9:59
0,.000,3,27.273,7,,105,1,6,85.7,2,.182,2.0,25.0,8.0,11,4,.667,6,54.545,Logos via Sports Logos.net / About logos,W,https://www.basketball-reference.com/boxscores/201602210ORL.html,Away,102,34:09,1,14.3,ORL,Victor Oladipo,Mario Hezonja,8:48,,,,,,,,,,,41:18,Nikola Vučević,35:29,Evan Fournier,34:11,Aaron Gordon,29:37,Brandon Jennings,25:08,Elfrid Payton,22:52,Ersan İlyasova,18:23,Jason Smith,12:31,C.J. Watson,11:43,102,1,8,4.0,50.0,0.0,0.0,4.0,50.0,George Hill,3,1,2015-2016,2.0,0,7.0,IND,105,Monta Ellis,,,,,,,,,,,,,38:49,Paul George,36:25,Ian Mahinmi,31:34,Myles Turner,30:42,Lavoy Allen,17:18,Jordan Hill,16:26,Solomon Hill,13:38,C.J. Miles,13:02,Joe Young,7:57
0,.000,2,28.571,3,1.00,93,0,4,100.0,0,.000,0.0,0.0,5.0,7,1,.500,2,28.571,Logos via Sports Logos.net / About logos,L,https://www.basketball-reference.com/boxscores/201602220MIA.html,Away,101,36:32,0,0.0,MIA,Hassan Whiteside,Beno Udrih,6:14,,,,,,,,,,,41:09,Goran Dragić,40:48,Justise Winslow,39:44,Dwyane Wade,39:11,Luol Deng,37:16,Josh McRoberts,21:52,Gerald Green,18:24,Amar'e Stoudemire,11:49,Josh Richardson,8:33,101,0,1,0.0,0.0,0.0,0.0,1.0,100.0,George Hill,8,1,2015-2016,1.0,3,4.0,IND,93,Paul George,,,,,,,,,,,,,42:00,Monta Ellis,40:47,Ian Mahinmi,30:33,Myles Turner,30:32,Jordan Hill,22:10,Lavoy Allen,21:58,Joe Young,17:10,Solomon Hill,16:40,Chase Budinger,6:39
0,.000,2,25.000,1,,105,0,3,100.0,5,.625,5.0,83.3,6.0,8,0,,0,0.000,Logos via Sports Logos.net / About logos,W,https://www.basketball-reference.com/boxscores/201602240IND.html,Home,108,31:04,0,0.0,NYK,Kristaps Porziņģis,,,,,,,,,,,,,35:48,Carmelo Anthony,34:46,José Calderón,32:40,Lance Thomas,32:04,Langston Galloway,29:01,Robin Lopez,25:12,Arron Afflalo,23:36,Kyle O'Quinn,16:10,Sasha Vujačić,10:43,105,0,10,10.0,100.0,0.0,0.0,0.0,0.0,George Hill,3,2,2015-2016,2.0,0,3.0,IND,108,Paul George,,,,,,,,,,,,,36:29,Monta Ellis,35:49,Ian Mahinmi,30:39,Myles Turner,29:43,Lavoy Allen,18:17,Jordan Hill,17:21,Joe Young,15:03,Solomon Hill,14:04,Chase Budinger,11:31
2,.333,6,46.154,7,7.00,96,0,4,66.7,3,.231,1.0,14.3,7.0,13,2,1.000,2,15.385,Logos via Sports Logos.net / About logos,L,https://www.basketball-reference.com/boxscores/201602260IND.html,Home,95,36:27,2,33.3,CHO,Courtney Lee,,,,,,,,,,,,,39:05,Kemba Walker,37:24,Marvin Williams,34:53,Nicolas Batum,32:48,Cody Zeller,27:27,Jeremy Lin,21:45,Al Jefferson,20:33,Frank Kaminsky,13:07,Jeremy Lamb,12:58,96,3,10,2.0,20.0,6.0,60.0,2.0,20.0,George Hill,1,2,2015-2016,2.0,1,6.0,IND,95,Monta Ellis,,,,,,,,,,,,,41:25,Paul George,35:02,Ian Mahinmi,32:12,Myles Turner,28:05,Solomon Hill,16:13,Jordan Hill,15:46,Rodney Stuckey,12:20,Chase Budinger,11:36,Lavoy Allen,10:54
1,.333,3,30.000,5,5.00,111,0,4,66.7,4,.400,3.0,42.9,7.0,10,5,.833,6,60.000,Logos via Sports Logos.net / About logos,L,https://www.basketball-reference.com/boxscores/201602280IND.html,Home,102,28:35,2,33.3,POR,CJ McCollum,,,,,,,,,,,,,35:43,Damian Lillard,35:05,Al-Farouq Aminu,29:53,Ed Davis,26:45,Allen Crabbe,26:33,Mason Plumlee,24:54,Gerald Henderson,22:53,Meyers Leonard,20:37,Noah Vonleh,17:37,111,1,14,6.0,42.9,3.0,21.4,5.0,35.7,George Hill,9,0,2015-2016,0.0,1,6.0,IND,102,Monta Ellis,Glenn Robinson III,5:37,Joe Young,5:37,,,,,,,,,34:20,Paul George,29:41,Myles Turner,28:25,Jordan Hill,23:43,Rodney Stuckey,18:51,Ian Mahinmi,18:40,Lavoy Allen,16:21,Solomon Hill,15:05,Chase Budinger,15:05
1,.250,4,50.000,5,5.00,96,0,2,100.0,4,.500,3.0,75.0,4.0,8,2,1.000,2,25.000,Logos via Sports Logos.net / About logos,L,https://www.basketball-reference.com/boxscores/201602290CLE.html,Away,100,38:32,0,0.0,CLE,Kevin Love,,,,,,,,,,,,,40:23,LeBron James,36:49,Kyrie Irving,35:21,J.R. Smith,33:47,Tristan Thompson,31:01,Matthew Dellavedova,21:34,Iman Shumpert,16:52,Timofey Mozgov,15:44,Richard Jefferson,8:29,100,4,11,6.0,54.5,3.0,27.3,2.0,18.2,George Hill,4,0,2015-2016,0.0,1,2.0,IND,96,Paul George,,,,,,,,,,,,,35:31,Monta Ellis,35:12,Myles Turner,29:24,Jordan Hill,25:14,Ian Mahinmi,21:11,Lavoy Allen,18:32,Rodney Stuckey,17:33,Chase Budinger,14:31,Solomon Hill,4:19
2,.500,4,50.000,3,3.00,104,0,2,66.7,4,.500,2.0,50.0,4.0,8,0,,0,0.000,Logos via Sports Logos.net / About logos,W,https://www.basketball-reference.com/boxscores/201603020MIL.html,Away,99,33:44,1,33.3,MIL,Giannis Antetokounmpo,,,,,,,,,,,,,41:27,Khris Middleton,38:26,Jabari Parker,36:52,O.J. Mayo,33:55,Jerryd Bayless,31:46,Greg Monroe,28:51,Miles Plumlee,19:09,Rashad Vaughn,9:34,,,99,0,10,4.0,40.0,6.0,60.0,0.0,0.0,George Hill,5,0,2015-2016,0.0,1,3.0,IND,104,Monta Ellis,,,,,,,,,,,,,36:26,Paul George,33:47,Myles Turner,31:04,Ian Mahinmi,24:22,Jordan Hill,23:12,Rodney Stuckey,18:45,Lavoy Allen,17:07,Chase Budinger,14:14,Solomon Hill,7:18
2,.286,7,43.750,2,2.00,101,0,3,42.9,5,.313,3.0,33.3,9.0,16,0,,0,0.000,Logos via Sports Logos.net / About logos,L,https://www.basketball-reference.com/boxscores/201603040CHO.html,Away,108,39:42,4,57.1,CHO,Nicolas Batum,,,,,,,,,,,,,38:42,Kemba Walker,36:42,Courtney Lee,34:22,Marvin Williams,27:20,Cody Zeller,27:14,Jeremy Lin,22:47,Al Jefferson,20:46,Frank Kaminsky,20:40,Jeremy Lamb,11:27,108,4,12,6.0,50.0,6.0,50.0,0.0,0.0,George Hill,7,1,2015-2016,1.0,1,7.0,IND,101,Monta Ellis,,,,,,,,,,,,,36:55,Paul George,36:24,Ian Mahinmi,32:24,Solomon Hill,30:07,Rodney Stuckey,19:23,Myles Turner,18:27,Jordan Hill,15:02,Chase Budinger,11:36,,
2,.333,6,60.000,5,2.50,100,1,1,33.3,4,.400,2.0,50.0,4.0,10,2,1.000,2,20.000,Logos via Sports Logos.net / About logos,W,https://www.basketball-reference.com/boxscores/201603050WAS.html,Away,99,31:53,2,66.7,WAS,John Wall,Ramon Sessions,10:56,,,,,,,,,,,39:20,Marcin Gortat,33:22,Markieff Morris,32:02,Garrett Temple,26:26,Bradley Beal,24:11,Alan Anderson,23:32,Otto Porter Jr.,19:32,Jared Dudley,16:01,Nenê,14:38,99,3,12,4.0,33.3,6.0,50.0,2.0,16.7,George Hill,1,0,2015-2016,1.0,2,3.0,IND,100,Paul George,,,,,,,,,,,,,38:10,Monta Ellis,38:10,Lavoy Allen,25:48,Myles Turner,24:45,Ian Mahinmi,24:41,Solomon Hill,21:42,Rodney Stuckey,17:43,Jordan Hill,17:08,,
1,.333,3,42.857,5,5.00,91,0,9,90.0,2,.286,1.0,25.0,4.0,7,0,,0,0.000,Logos via Sports Logos.net / About logos,W,https://www.basketball-reference.com/boxscores/201603070IND.html,Home,99,35:03,1,10.0,SAS,Kawhi Leonard,Kyle Anderson,9:23,,,,,,,,,,,39:40,LaMarcus Aldridge,38:19,Danny Green,27:53,Tim Duncan,27:37,Tony Parker,24:54,Patty Mills,22:16,Manu Ginóbili,19:54,David West,15:54,Boris Diaw,14:10,91,1,5,2.0,40.0,3.0,60.0,0.0,0.0,George Hill,8,0,2015-2016,0.0,1,10.0,IND,99,Monta Ellis,,,,,,,,,,,,,37:19,Paul George,36:45,Myles Turner,36:37,Ian Mahinmi,31:05,Jordan Hill,27:35,Rodney Stuckey,18:33,Solomon Hill,11:57,Ty Lawson,5:05,,
3,.429,7,70.000,3,1.50,112,0,3,100.0,5,.500,2.0,66.7,3.0,10,3,.750,4,40.000,Logos via Sports Logos.net / About logos,W,https://www.basketball-reference.com/boxscores/201603120DAL.html,Away,105,36:09,0,0.0,DAL,Chandler Parsons,,,,,,,,,,,,,40:47,Wesley Matthews,35:50,Dirk Nowitzki,35:19,Deron Williams,32:21,J.J. Barea,23:43,David Lee,19:11,Raymond Felton,18:07,Devin Harris,17:23,Zaza Pachulia,17:19,105,3,16,4.0,25.0,9.0,56.2,3.0,18.8,George Hill,7,1,2015-2016,1.0,2,3.0,IND,112,Paul George,,,,,,,,,,,,,36:31,Monta Ellis,36:31,Ian Mahinmi,30:33,Rodney Stuckey,23:20,Solomon Hill,20:47,Myles Turner,19:19,Jordan Hill,16:54,C.J. Miles,11:29,Lavoy Allen,8:26
0,.000,4,50.000,2,2.00,75,0,2,50.0,2,.250,2.0,50.0,4.0,8,1,1.000,1,12.500,Logos via Sports Logos.net / About logos,L,https://www.basketball-reference.com/boxscores/201603130ATL.html,Away,104,22:32,2,50.0,ATL,Paul Millsap,Thabo Sefolosha,16:19,Mike Muscala,12:00,Kirk Hinrich,12:00,,,,,,,29:44,Al Horford,24:51,Kyle Korver,24:22,Tim Hardaway Jr.,23:04,Jeff Teague,22:00,Kris Humphries,21:30,Dennis Schröder,18:53,Kent Bazemore,18:28,Mike Scott,16:49,104,0,5,4.0,80.0,0.0,0.0,1.0,20.0,George Hill,29,1,2015-2016,1.0,1,4.0,IND,75,Myles Turner,Glenn Robinson III,12:00,Rodney Stuckey,10:01,,,,,,,,,28:10,Paul George,25:11,Monta Ellis,24:39,C.J. Miles,23:41,Lavoy Allen,22:57,Ian Mahinmi,21:07,Solomon Hill,19:06,Joe Young,15:43,Jordan Hill,14:53
0,.000,2,22.222,3,1.50,98,1,4,80.0,2,.222,2.0,28.6,7.0,9,6,.750,8,88.889,Logos via Sports Logos.net / About logos,W,https://www.basketball-reference.com/boxscores/201603150IND.html,Home,103,30:21,1,20.0,BOS,Avery Bradley,Coty Clarke,3:16,,,,,,,,,,,38:33,Isaiah Thomas,34:52,Marcus Smart,31:56,Jared Sullinger,29:58,Evan Turner,26:59,Jonas Jerebko,26:17,Amir Johnson,22:46,Tyler Zeller,13:42,Terry Rozier,11:40,98,4,10,4.0,40.0,0.0,0.0,6.0,60.0,George Hill,5,0,2015-2016,1.0,2,5.0,IND,103,Paul George,,,,,,,,,,,,,34:55,Monta Ellis,33:50,Lavoy Allen,26:13,Ian Mahinmi,24:36,Jordan Hill,23:11,Myles Turner,21:18,Rodney Stuckey,19:27,Solomon Hill,17:31,Joe Young,8:39
3,.600,5,50.000,2,,101,1,2,100.0,6,.600,3.0,60.0,5.0,10,3,.750,4,40.000,Logos via Sports Logos.net / About logos,L,https://www.basketball-reference.com/boxscores/201603170IND.html,Home,94,41:19,0,0.0,TOR,DeMar DeRozan,,,,,,,,,,,,,44:01,Kyle Lowry,43:24,Bismack Biyombo,42:12,Patrick Patterson,33:00,Cory Joseph,30:06,Terrence Ross,21:17,Norman Powell,20:13,Luis Scola,20:00,Jason Thompson,10:47,101,3,18,6.0,33.3,9.0,50.0,3.0,16.7,George Hill,7,0,2015-2016,1.0,0,2.0,IND,94,Monta Ellis,Shayne Whittington,3:30,,,,,,,,,,,42:47,Paul George,42:13,Jordan Hill,37:23,Solomon Hill,33:10,Myles Turner,18:12,Rodney Stuckey,17:02,Lavoy Allen,13:07,C.J. Miles,11:42,Joe Young,4:35
3,.500,6,60.000,9,9.00,115,0,3,100.0,6,.600,3.0,75.0,4.0,10,5,.833,6,60.000,Logos via Sports Logos.net / About logos,L,https://www.basketball-reference.com/boxscores/201603190IND.html,Home,111,38:10,0,0.0,OKC,Kevin Durant,Anthony Morrow,8:03,,,,,,,,,,,37:16,Russell Westbrook,35:56,Randy Foye,29:27,Andre Roberson,28:35,Steven Adams,25:32,Enes Freedom,23:57,Serge Ibaka,23:27,Dion Waiters,17:38,Cameron Payne,10:09,115,2,20,6.0,30.0,9.0,45.0,5.0,25.0,George Hill,4,2,2015-2016,2.0,1,3.0,IND,111,Monta Ellis,,,,,,,,,,,,,42:28,Paul George,40:51,Ian Mahinmi,35:34,Myles Turner,31:04,Rodney Stuckey,15:22,Solomon Hill,13:19,Lavoy Allen,10:06,Jordan Hill,7:40,C.J. Miles,5:27
0,.000,2,25.000,4,,75,0,3,75.0,6,.750,6.0,100.0,6.0,8,0,,0,0.000,Logos via Sports Logos.net / About logos,W,https://www.basketball-reference.com/boxscores/201603210IND.html,Home,91,25:26,1,25.0,PHI,Jerami Grant,Elton Brand,12:33,,,,,,,,,,,34:25,Hollis Thompson,32:43,Ish Smith,31:02,Isaiah Canaan,29:56,Nerlens Noel,24:32,Carl Landry,21:57,T.J. McConnell,21:15,Sonny Weems,16:20,Nik Stauskas,15:17,75,2,12,12.0,100.0,0.0,0.0,0.0,0.0,George Hill,16,0,2015-2016,0.0,0,4.0,IND,91,Paul George,Solomon Hill,3:20,,,,,,,,,,,34:50,Monta Ellis,32:50,Ian Mahinmi,30:51,Myles Turner,26:09,Lavoy Allen,18:31,Rodney Stuckey,18:13,C.J. Miles,17:31,Jordan Hill,17:09,Ty Lawson,15:10
2,.400,5,83.333,8,1.60,84,1,4,100.0,2,.333,0.0,0.0,1.0,6,0,,0,0.000,Logos via Sports Logos.net / About logos,W,https://www.basketball-reference.com/boxscores/201603240IND.html,Home,92,32:38,0,0.0,NOP,Alonzo Gee,,,,,,,,,,,,,41:21,Dante Cunningham,37:46,Alexis Ajinça,36:09,Toney Douglas,28:43,Tim Frazier,28:40,Luke Babbitt,24:21,Ömer Aşık,23:53,Kendrick Perkins,19:07,,,84,2,6,0.0,0.0,6.0,100.0,0.0,0.0,George Hill,8,0,2015-2016,1.0,5,4.0,IND,92,Myles Turner,Lavoy Allen,8:36,,,,,,,,,,,32:36,Monta Ellis,31:53,Ian Mahinmi,29:49,C.J. Miles,26:13,Paul George,19:54,Rodney Stuckey,18:19,Jordan Hill,15:22,Ty Lawson,15:22,Solomon Hill,9:18
2,1.000,2,25.000,2,1.00,110,0,3,100.0,7,.875,5.0,83.3,6.0,8,1,1.000,1,12.500,Logos via Sports Logos.net / About logos,L,https://www.basketball-reference.com/boxscores/201603260BRK.html,Away,120,32:08,0,0.0,BRK,Brook Lopez,Markel Brown,9:06,Henry Sims,9:00,,,,,,,,,38:06,Thaddeus Young,29:48,Bojan Bogdanović,28:11,Shane Larkin,26:46,Sergey Karasev,25:44,Sean Kilpatrick,23:10,Donald Sloan,21:14,Rondae Hollis-Jefferson,16:05,Chris McCullough,12:50,120,3,17,10.0,58.8,6.0,35.3,1.0,5.9,George Hill,10,3,2015-2016,3.0,2,3.0,IND,110,Paul George,Solomon Hill,0:32,,,,,,,,,,,34:31,Monta Ellis,32:13,Myles Turner,28:03,Ian Mahinmi,26:16,Jordan Hill,21:21,Lavoy Allen,18:56,Rodney Stuckey,17:00,Ty Lawson,14:38,C.J. Miles,14:21
1,.250,4,80.000,3,,101,0,3,100.0,1,.200,0.0,0.0,1.0,5,0,,0,0.000,Logos via Sports Logos.net / About logos,W,https://www.basketball-reference.com/boxscores/201603270IND.html,Home,104,29:15,0,0.0,HOU,James Harden,Jason Terry,9:48,,,,,,,,,,,43:32,Trevor Ariza,38:39,Dwight Howard,30:24,Patrick Beverley,26:09,Corey Brewer,22:49,Michael Beasley,22:03,Clint Capela,17:36,Donatas Motiejūnas,15:40,K.J. McDaniels,13:19,101,4,3,0.0,0.0,3.0,100.0,0.0,0.0,George Hill,3,0,2015-2016,0.0,0,3.0,IND,104,Paul George,Jordan Hill,7:33,,,,,,,,,,,37:39,Monta Ellis,34:13,Ian Mahinmi,34:02,Lavoy Allen,19:42,Myles Turner,19:13,Solomon Hill,15:30,C.J. Miles,15:19,Ty Lawson,13:47,Rodney Stuckey,13:47
0,.000,1,16.667,4,4.00,98,0,3,100.0,3,.500,3.0,60.0,5.0,6,0,,0,0.000,Logos via Sports Logos.net / About logos,L,https://www.basketball-reference.com/boxscores/201603290IND.html,Home,96,31:30,0,0.0,CHI,Nikola Mirotić,Bobby Portis,9:59,Cristiano Felício,6:38,Justin Holiday,2:52,,,,,,,36:31,Jimmy Butler,35:30,Pau Gasol,32:32,Derrick Rose,28:52,E'Twaun Moore,24:03,Aaron Brooks,20:16,Mike Dunleavy,16:53,Doug McDermott,15:34,Taj Gibson,10:19,98,0,6,6.0,100.0,0.0,0.0,0.0,0.0,George Hill,2,0,2015-2016,0.0,1,3.0,IND,96,Paul George,Jordan Hill,7:25,,,,,,,,,,,36:30,Monta Ellis,31:30,Ian Mahinmi,28:58,Solomon Hill,26:56,Lavoy Allen,16:48,Ty Lawson,16:30,Rodney Stuckey,16:30,Myles Turner,15:49,C.J. Miles,11:34
2,.500,4,44.444,2,2.00,114,0,1,50.0,3,.333,1.0,20.0,5.0,9,1,.500,2,22.222,Logos via Sports Logos.net / About logos,L,https://www.basketball-reference.com/boxscores/201603310IND.html,Home,94,26:50,1,50.0,ORL,Evan Fournier,C.J. Watson,9:07,Jason Smith,8:05,Devyn Marble,2:17,,,,,,,36:07,Victor Oladipo,35:31,Elfrid Payton,29:31,Andrew Nicholson,25:27,Nikola Vučević,25:23,Aaron Gordon,19:41,Brandon Jennings,18:29,Mario Hezonja,15:15,Dewayne Dedmon,15:07,114,2,9,2.0,22.2,6.0,66.7,1.0,11.1,George Hill,20,1,2015-2016,1.0,1,2.0,IND,94,Paul George,Solomon Hill,2:17,Glenn Robinson III,2:17,Joe Young,2:17,,,,,,,33:52,Ian Mahinmi,33:19,Monta Ellis,27:44,Myles Turner,24:16,Lavoy Allen,23:44,Ty Lawson,20:12,C.J. Miles,17:05,Rodney Stuckey,15:02,Jordan Hill,11:05
0,.000,4,40.000,1,,115,1,4,100.0,5,.500,5.0,83.3,6.0,10,1,1.000,1,10.000,Logos via Sports Logos.net / About logos,W,https://www.basketball-reference.com/boxscores/201604020PHI.html,Away,102,26:01,0,0.0,PHI,Isaiah Canaan,,,,,,,,,,,,,39:14,Jerami Grant,37:11,Ish Smith,35:35,Robert Covington,32:14,Nik Stauskas,27:09,Carl Landry,23:09,Elton Brand,22:53,T.J. McConnell,16:49,Kendall Marshall,5:46,102,0,11,10.0,90.9,0.0,0.0,1.0,9.1,George Hill,13,0,2015-2016,1.0,0,4.0,IND,115,Paul George,,,,,,,,,,,,,33:41,Solomon Hill,28:30,Myles Turner,26:35,Monta Ellis,26:01,Rodney Stuckey,21:59,Ty Lawson,21:59,Ian Mahinmi,21:25,C.J. Miles,21:17,Lavoy Allen,12:32
2,.286,7,77.778,0,0.00,92,0,5,83.3,3,.333,1.0,50.0,2.0,9,2,.667,3,33.333,Logos via Sports Logos.net / About logos,W,https://www.basketball-reference.com/boxscores/201604030NYK.html,Away,87,28:25,1,16.7,NYK,Robin Lopez,,,,,,,,,,,,,35:14,Arron Afflalo,34:01,Sasha Vujačić,32:25,Langston Galloway,31:22,Derrick Williams,27:51,Jerian Grant,26:02,Kevin Séraphin,23:14,Cleanthony Early,17:25,Kyle O'Quinn,12:26,87,3,10,2.0,20.0,6.0,60.0,2.0,20.0,George Hill,5,1,2015-2016,1.0,2,6.0,IND,92,Ian Mahinmi,,,,,,,,,,,,,32:02,Myles Turner,30:33,Monta Ellis,29:39,Paul George,28:30,C.J. Miles,19:44,Rodney Stuckey,19:35,Solomon Hill,18:30,Ty Lawson,18:21,Lavoy Allen,14:41
1,1.000,1,12.500,5,5.00,109,0,2,50.0,4,.500,3.0,42.9,7.0,8,0,,0,0.000,Logos via Sports Logos.net / About logos,W,https://www.basketball-reference.com/boxscores/201604060IND.html,Home,123,31:36,2,50.0,CLE,Iman Shumpert,Mo Williams,5:14,James Jones,5:08,Sasha Kaun,5:08,Jordan McRae,5:08,,,,,35:00,Richard Jefferson,31:11,Kyrie Irving,30:13,J.R. Smith,24:04,Tristan Thompson,22:27,Matthew Dellavedova,21:29,Channing Frye,20:37,Kevin Love,18:32,Timofey Mozgov,15:49,109,4,9,6.0,66.7,3.0,33.3,0.0,0.0,George Hill,14,1,2015-2016,1.0,1,4.0,IND,123,Monta Ellis,Glenn Robinson III,3:27,Shayne Whittington,3:27,Joe Young,3:27,,,,,,,32:36,Paul George,31:32,Solomon Hill,31:14,C.J. Miles,24:11,Rodney Stuckey,21:57,Ian Mahinmi,21:44,Lavoy Allen,20:51,Jordan Hill,8:54,Myles Turner,5:04
1,.500,2,33.333,3,,98,0,0,,2,.333,1.0,25.0,4.0,6,0,,0,0.000,Logos via Sports Logos.net / About logos,L,https://www.basketball-reference.com/boxscores/201604080TOR.html,Away,111,31:57,0,,TOR,Norman Powell,Bismack Biyombo,9:34,,,,,,,,,,,41:12,Cory Joseph,34:44,James Johnson,27:52,Patrick Patterson,26:42,Delon Wright,25:56,Jason Thompson,21:33,Jonas Valančiūnas,21:23,Terrence Ross,20:11,Lucas Nogueira,10:53,111,2,5,2.0,40.0,3.0,60.0,0.0,0.0,George Hill,13,0,2015-2016,0.0,0,0.0,IND,98,Monta Ellis,Joe Young,2:52,Glenn Robinson III,2:52,,,,,,,,,28:46,Paul George,27:52,Solomon Hill,27:50,Myles Turner,23:11,C.J. Miles,22:42,Lavoy Allen,19:37,Ian Mahinmi,18:21,Ty Lawson,18:03,Rodney Stuckey,15:57
4,.667,6,60.000,4,,105,0,5,100.0,6,.600,2.0,50.0,4.0,10,2,1.000,2,20.000,Logos via Sports Logos.net / About logos,W,https://www.basketball-reference.com/boxscores/201604100IND.html,Home,129,21:04,0,0.0,BRK,Shane Larkin,Thomas Robinson,9:20,,,,,,,,,,,35:15,Donald Sloan,34:35,Markel Brown,33:56,Bojan Bogdanović,28:54,Sean Kilpatrick,28:23,Wayne Ellington,24:44,Henry Sims,18:53,Sergey Karasev,13:17,Chris McCullough,12:43,105,0,18,4.0,22.2,12.0,66.7,2.0,11.1,George Hill,24,1,2015-2016,1.0,0,5.0,IND,129,Solomon Hill,Glenn Robinson III,12:00,Joe Young,12:00,,,,,,,,,31:38,Myles Turner,26:24,Ty Lawson,26:19,Paul George,22:28,Monta Ellis,21:41,Ian Mahinmi,21:36,C.J. Miles,15:51,Rodney Stuckey,14:56,Lavoy Allen,14:03
3,.600,5,41.667,2,0.67,90,1,3,100.0,8,.667,5.0,71.4,7.0,12,0,.000,1,8.333,Logos via Sports Logos.net / About logos,W,https://www.basketball-reference.com/boxscores/201604120IND.html,Home,102,37:19,0,0.0,NYK,Jerian Grant,Lou Amundson,7:41,,,,,,,,,,,38:35,Langston Galloway,35:10,Derrick Williams,31:46,Cleanthony Early,30:22,Arron Afflalo,26:11,Robin Lopez,22:15,Sasha Vujačić,22:15,Kyle O'Quinn,14:55,Kevin Séraphin,10:50,90,3,19,10.0,52.6,9.0,47.4,0.0,0.0,George Hill,12,2,2015-2016,3.0,3,3.0,IND,102,Solomon Hill,,,,,,,,,,,,,33:45,Ian Mahinmi,30:19,Paul George,28:40,Rodney Stuckey,25:45,Monta Ellis,24:16,Ty Lawson,23:44,Lavoy Allen,18:31,Myles Turner,17:41,,
1,.333,3,50.000,0,0.00,100,0,2,66.7,3,.500,2.0,66.7,3.0,6,3,.600,5,83.333,Logos via Sports Logos.net / About logos,W,https://www.basketball-reference.com/boxscores/201604160TOR.html,Away,90,31:16,1,33.3,TOR,Kyle Lowry,Terrence Ross,13:58,,,,,,,,,,,40:48,DeMar DeRozan,36:44,Patrick Patterson,27:48,Bismack Biyombo,24:29,Cory Joseph,24:11,Jonas Valančiūnas,21:17,DeMarre Carroll,19:17,Norman Powell,16:49,Luis Scola,14:39,90,2,10,4.0,40.0,3.0,30.0,3.0,30.0,George Hill,10,1,2015-2016,1.0,1,3.0,IND,100,Paul George,Jordan Hill,4:48,,,,,,,,,,,37:33,Monta Ellis,29:18,Myles Turner,26:04,Solomon Hill,25:33,Rodney Stuckey,19:19,C.J. Miles,18:32,Ty Lawson,16:44,Ian Mahinmi,16:31,Lavoy Allen,14:22
0,.000,3,60.000,1,0.50,87,0,0,0.0,2,.400,2.0,100.0,2.0,5,0,,0,0.000,Logos via Sports Logos.net / About logos,L,https://www.basketball-reference.com/boxscores/201604180TOR.html,Away,98,31:24,1,100.0,TOR,Kyle Lowry,Terrence Ross,9:40,Jason Thompson,2:24,Delon Wright,1:21,,,,,,,39:49,Patrick Patterson,31:10,Jonas Valančiūnas,30:59,DeMar DeRozan,30:34,Cory Joseph,24:16,Norman Powell,22:02,DeMarre Carroll,20:12,Bismack Biyombo,17:01,Luis Scola,10:32,98,4,4,4.0,100.0,0.0,0.0,0.0,0.0,George Hill,11,1,2015-2016,1.0,2,1.0,IND,87,Paul George,Joe Young,3:16,Glenn Robinson III,3:16,Jordan Hill,3:16,,,,,,,33:20,Monta Ellis,30:31,Solomon Hill,26:54,Ian Mahinmi,21:32,Lavoy Allen,20:56,C.J. Miles,19:21,Rodney Stuckey,16:55,Myles Turner,16:04,Ty Lawson,13:15
2,.500,4,57.143,2,2.00,101,0,2,66.7,3,.429,1.0,33.3,3.0,7,5,.833,6,85.714,Logos via Sports Logos.net / About logos,L,https://www.basketball-reference.com/boxscores/201604210IND.html,Home,85,32:58,1,33.3,TOR,Kyle Lowry,Norman Powell,2:59,Delon Wright,1:24,,,,,,,,,40:27,DeMar DeRozan,36:01,DeMarre Carroll,35:10,Jonas Valančiūnas,27:21,Patrick Patterson,26:13,Cory Joseph,24:14,Bismack Biyombo,20:39,Luis Scola,15:41,Terrence Ross,9:51,101,3,13,2.0,15.4,6.0,46.2,5.0,38.5,George Hill,16,1,2015-2016,1.0,1,3.0,IND,85,Paul George,Joe Young,1:24,Jordan Hill,1:24,Glenn Robinson III,1:24,,,,,,,41:55,Monta Ellis,36:29,Myles Turner,31:12,Solomon Hill,28:20,Ian Mahinmi,23:52,Rodney Stuckey,16:55,Lavoy Allen,8:56,C.J. Miles,8:21,Ty Lawson,6:50
2,.500,4,36.364,3,,83,0,3,75.0,9,.818,7.0,100.0,7.0,11,2,1.000,2,18.182,Logos via Sports Logos.net / About logos,W,https://www.basketball-reference.com/boxscores/201604230IND.html,Home,100,31:14,1,25.0,TOR,Kyle Lowry,Bismack Biyombo,12:51,James Johnson,3:19,Jason Thompson,3:19,Delon Wright,3:19,,,,,36:09,DeMar DeRozan,33:03,DeMarre Carroll,32:23,Jonas Valančiūnas,27:31,Patrick Patterson,26:34,Terrence Ross,19:28,Luis Scola,14:23,Cory Joseph,14:08,Norman Powell,13:33,83,1,22,14.0,63.6,6.0,27.3,2.0,9.1,George Hill,17,0,2015-2016,0.0,0,4.0,IND,100,Paul George,Lavoy Allen,2:31,Jordan Hill,2:31,Joe Young,2:31,,,,,,,35:06,Ian Mahinmi,33:12,Monta Ellis,29:58,Solomon Hill,28:23,Myles Turner,26:51,Rodney Stuckey,15:37,C.J. Miles,15:26,Ty Lawson,14:09,Glenn Robinson III,2:31
4,.571,7,77.778,3,,99,1,2,100.0,5,.556,1.0,50.0,2.0,9,1,1.000,1,11.111,Logos via Sports Logos.net / About logos,L,https://www.basketball-reference.com/boxscores/201604260TOR.html,Away,102,34:04,0,0.0,TOR,DeMar DeRozan,,,,,,,,,,,,,39:38,Kyle Lowry,36:59,Norman Powell,28:09,Patrick Patterson,25:55,DeMarre Carroll,25:49,Bismack Biyombo,23:31,Cory Joseph,23:01,Jonas Valančiūnas,22:34,Terrence Ross,14:24,102,3,15,2.0,13.3,12.0,80.0,1.0,6.7,George Hill,3,1,2015-2016,2.0,0,2.0,IND,99,Paul George,,,,,,,,,,,,,41:05,Myles Turner,35:10,Monta Ellis,32:56,Solomon Hill,30:23,Rodney Stuckey,21:31,Ian Mahinmi,18:54,C.J. Miles,17:29,Ty Lawson,7:29,Lavoy Allen,0:59
1,.500,2,25.000,4,1.33,83,0,4,80.0,2,.250,1.0,16.7,6.0,8,7,.875,8,100.000,Logos via Sports Logos.net / About logos,W,https://www.basketball-reference.com/boxscores/201604290IND.html,Home,101,34:28,1,20.0,TOR,Kyle Lowry,Jason Thompson,3:27,Delon Wright,3:27,,,,,,,,,38:30,DeMar DeRozan,37:21,DeMarre Carroll,29:39,Patrick Patterson,26:44,Jonas Valančiūnas,25:50,Cory Joseph,24:30,Norman Powell,18:57,Bismack Biyombo,18:43,Terrence Ross,12:52,83,0,12,2.0,16.7,3.0,25.0,7.0,58.3,George Hill,18,1,2015-2016,1.0,3,5.0,IND,101,Paul George,Joe Young,3:08,Lavoy Allen,3:08,Glenn Robinson III,3:08,,,,,,,40:26,Myles Turner,33:05,Ian Mahinmi,29:49,Monta Ellis,28:50,Solomon Hill,24:14,Rodney Stuckey,19:43,Ty Lawson,9:51,C.J. Miles,7:01,Jordan Hill,3:09
3,.750,4,36.364,2,2.00,84,0,0,0.0,8,.727,5.0,71.4,7.0,11,0,,0,0.000,Logos via Sports Logos.net / About logos,L,https://www.basketball-reference.com/boxscores/201605010TOR.html,Away,89,39:46,1,100.0,TOR,DeMar DeRozan,,,,,,,,,,,,,39:54,Kyle Lowry,37:26,DeMarre Carroll,36:44,Jonas Valančiūnas,28:15,Cory Joseph,26:50,Norman Powell,23:13,Patrick Patterson,22:47,Bismack Biyombo,19:45,Terrence Ross,5:06,89,3,19,10.0,52.6,9.0,47.4,0.0,0.0,George Hill,5,1,2015-2016,1.0,1,1.0,IND,84,Paul George,,,,,,,,,,,,,46:00,Monta Ellis,37:16,Solomon Hill,34:28,Myles Turner,28:44,Ian Mahinmi,28:06,Rodney Stuckey,14:40,C.J. Miles,5:45,Ty Lawson,5:16,,
1,.167,6,33.333,6,6.00,104,1,2,100.0,7,.389,6.0,50.0,12.0,18,4,1.000,4,22.222,Logos via Sports Logos.net / About logos,L,https://www.basketball-reference.com/boxscores/201610250POR.html,Away,113,38:45,0,0.0,POR,Damian Lillard,Meyers Leonard,9:15,,,,,,,,,,,35:25,CJ McCollum,34:36,Allen Crabbe,29:09,Al-Farouq Aminu,28:24,Evan Turner,26:01,Ed Davis,24:07,Maurice Harkless,22:21,Noah Vonleh,16:06,Mason Plumlee,14:34,113,2,19,12.0,63.2,3.0,15.8,4.0,21.1,George Hill,9,2,2016-2017,3.0,1,2.0,UTA,104,Rudy Gobert,,,,,,,,,,,,,40:57,Rodney Hood,37:39,Boris Diaw,32:10,Joe Johnson,30:30,Trey Lyles,17:55,Shelvin Mack,14:48,Joe Ingles,14:06,Dante Exum,8:20,Jeff Withey,4:51
2,.286,7,50.000,3,3.00,89,1,3,100.0,7,.500,5.0,71.4,7.0,14,7,.778,9,64.286,Logos via Sports Logos.net / About logos,W,https://www.basketball-reference.com/boxscores/201610280UTA.html,Home,96,35:18,0,0.0,LAL,Luol Deng,Tarik Black,10:08,Brandon Ingram,4:11,Thomas Robinson,1:54,,,,,,,34:03,D'Angelo Russell,31:53,Julius Randle,27:20,Lou Williams,27:16,Jordan Clarkson,25:28,Nick Young,23:33,Timofey Mozgov,23:03,Larry Nance Jr.,16:08,Marcelo Huertas,15:03,89,4,23,10.0,43.5,6.0,26.1,7.0,30.4,George Hill,7,0,2016-2017,1.0,1,3.0,UTA,96,Rodney Hood,,,,,,,,,,,,,32:21,Rudy Gobert,31:52,Joe Johnson,31:50,Shelvin Mack,22:34,Dante Exum,21:31,Derrick Favors,20:04,Boris Diaw,18:24,Trey Lyles,17:50,Joe Ingles,8:16
2,.500,4,30.769,3,1.50,75,0,1,50.0,8,.615,6.0,66.7,9.0,13,0,,0,0.000,Logos via Sports Logos.net / About logos,L,https://www.basketball-reference.com/boxscores/201610300LAC.html,Away,88,31:56,1,50.0,LAC,Blake Griffin,Luc Mbah a Moute,16:22,Brandon Bass,2:24,Diamond Stone,2:24,,,,,,,29:47,Chris Paul,28:56,Austin Rivers,28:51,DeAndre Jordan,28:06,JJ Redick,27:32,Jamal Crawford,20:51,Raymond Felton,19:04,Wesley Johnson,18:43,Marreese Speights,17:00,88,3,18,12.0,66.7,6.0,33.3,0.0,0.0,George Hill,13,2,2016-2017,2.0,2,2.0,UTA,75,Rodney Hood,Joel Bolomboy,4:08,Raul Neto,4:08,,,,,,,,,28:16,Rudy Gobert,26:07,Dante Exum,25:39,Joe Johnson,25:07,Derrick Favors,22:47,Joe Ingles,20:27,Trey Lyles,18:53,Boris Diaw,18:45,Shelvin Mack,13:48
3,.600,5,38.462,7,,106,0,2,100.0,9,.692,6.0,75.0,8.0,13,1,1.000,1,7.692,Logos via Sports Logos.net / About logos,W,https://www.basketball-reference.com/boxscores/201611010SAS.html,Away,91,32:44,0,0.0,SAS,Kawhi Leonard,Dewayne Dedmon,12:16,Bryn Forbes,0:45,Nicolás Laprovíttola,0:45,Dejounte Murray,0:45,,,,,35:47,LaMarcus Aldridge,35:12,Tony Parker,32:38,Jonathon Simmons,29:12,Pau Gasol,26:33,Manu Ginóbili,23:07,Patty Mills,14:37,Kyle Anderson,14:19,David Lee,14:04,91,2,22,12.0,54.5,9.0,40.9,1.0,4.5,George Hill,15,1,2016-2017,1.0,0,2.0,UTA,106,Joe Johnson,,,,,,,,,,,,,34:17,Rudy Gobert,33:22,Rodney Hood,33:02,Trey Lyles,28:51,Shelvin Mack,19:05,Joe Ingles,18:35,Derrick Favors,15:37,Dante Exum,13:52,Jeff Withey,10:35
4,.667,6,40.000,4,1.33,81,0,5,83.3,9,.600,5.0,55.6,9.0,15,3,1.000,3,20.000,Logos via Sports Logos.net / About logos,W,https://www.basketball-reference.com/boxscores/201611020UTA.html,Home,97,34:56,1,16.7,DAL,Harrison Barnes,Salah Mejri,5:22,Nicolás Brussino,1:50,Quincy Acy,1:50,Dorian Finney-Smith,1:50,,,,,35:42,Wesley Matthews,35:42,Deron Williams,34:11,Dirk Nowitzki,28:48,J.J. Barea,26:46,Justin Anderson,19:58,Andrew Bogut,17:19,Dwight Powell,15:55,Seth Curry,14:47,81,2,25,10.0,40.0,12.0,48.0,3.0,12.0,George Hill,16,0,2016-2017,0.0,3,6.0,UTA,97,Rodney Hood,Joel Bolomboy,1:00,Raul Neto,1:00,,,,,,,,,34:37,Joe Johnson,33:09,Joe Ingles,23:10,Derrick Favors,23:03,Rudy Gobert,22:50,Trey Lyles,22:45,Dante Exum,19:44,Shelvin Mack,14:29,Jeff Withey,9:17
3,.500,6,46.154,3,3.00,100,0,2,66.7,5,.385,2.0,28.6,7.0,13,0,,0,0.000,Logos via Sports Logos.net / About logos,L,https://www.basketball-reference.com/boxscores/201611040UTA.html,Home,86,28:23,1,33.3,SAS,Kawhi Leonard,David Lee,13:50,Dewayne Dedmon,12:27,Dejounte Murray,3:13,Bryn Forbes,3:13,,,,,31:30,Patty Mills,29:38,LaMarcus Aldridge,29:01,Kyle Anderson,24:12,Pau Gasol,23:20,Jonathon Simmons,20:50,Nicolás Laprovíttola,18:22,Dāvis Bertāns,16:17,Manu Ginóbili,14:07,100,2,13,4.0,30.8,9.0,69.2,0.0,0.0,George Hill,14,0,2016-2017,0.0,1,3.0,UTA,86,Rudy Gobert,,,,,,,,,,,,,29:29,Trey Lyles,29:08,Dante Exum,28:35,Derrick Favors,27:03,Rodney Hood,23:53,Joe Johnson,23:41,Shelvin Mack,21:22,Joe Ingles,21:19,Jeff Withey,7:07
1,.333,3,25.000,8,,114,0,2,100.0,8,.667,7.0,77.8,9.0,12,6,.857,7,58.333,Logos via Sports Logos.net / About logos,W,https://www.basketball-reference.com/boxscores/201611060NYK.html,Away,109,34:36,0,0.0,NYK,Courtney Lee,Mindaugas Kuzminskas,7:49,,,,,,,,,,,36:27,Derrick Rose,36:11,Carmelo Anthony,35:28,Kristaps Porziņģis,33:21,Lance Thomas,29:05,Joakim Noah,20:02,Brandon Jennings,15:55,Justin Holiday,13:01,Kyle O'Quinn,12:40,109,1,23,14.0,60.9,3.0,13.0,6.0,26.1,George Hill,5,2,2016-2017,2.0,0,2.0,UTA,114,Rodney Hood,,,,,,,,,,,,,38:17,Gordon Hayward,35:33,Rudy Gobert,33:23,Derrick Favors,27:01,Joe Johnson,23:44,Trey Lyles,20:37,Shelvin Mack,12:26,Dante Exum,10:41,Joe Ingles,3:42
3,.500,6,46.154,3,1.50,83,0,5,100.0,8,.615,5.0,71.4,7.0,13,3,.750,4,30.769,Logos via Sports Logos.net / About logos,W,https://www.basketball-reference.com/boxscores/201611230UTA.html,Home,108,28:58,0,0.0,DEN,Jamal Murray,Jusuf Nurkić,14:48,Alonzo Gee,12:24,Malik Beasley,12:00,,,,,,,35:10,Juancho Hernangómez,27:56,Wilson Chandler,24:52,Nikola Jokić,22:39,Kenneth Faried,21:41,Emmanuel Mudiay,17:54,Jameer Nelson,17:42,Will Barton,17:05,Darrell Arthur,15:49,83,3,22,10.0,45.5,9.0,40.9,3.0,13.6,George Hill,25,2,2016-2017,2.0,2,5.0,UTA,108,Gordon Hayward,Dante Exum,8:14,Raul Neto,2:22,Joel Bolomboy,1:57,,,,,,,35:44,Rudy Gobert,32:05,Rodney Hood,29:18,Joe Johnson,23:22,Boris Diaw,22:35,Jeff Withey,15:55,Trey Lyles,14:39,Joe Ingles,12:36,Shelvin Mack,12:15
5,.625,8,57.143,1,,68,0,5,100.0,8,.571,3.0,50.0,6.0,14,2,1.000,2,14.286,Logos via Sports Logos.net / About logos,W,https://www.basketball-reference.com/boxscores/201611250UTA.html,Home,95,28:09,0,0.0,ATL,Dennis Schröder,Malcolm Delaney,13:03,Ryan Kelly,7:00,DeAndre' Bembry,7:00,Kris Humphries,7:00,,,,,27:57,Paul Millsap,27:36,Dwight Howard,26:49,Kyle Korver,26:19,Thabo Sefolosha,23:12,Kent Bazemore,20:18,Taurean Prince,18:59,Tim Hardaway Jr.,17:30,Mike Muscala,17:18,68,1,23,6.0,26.1,15.0,65.2,2.0,8.7,George Hill,27,2,2016-2017,2.0,0,5.0,UTA,95,Gordon Hayward,Dante Exum,5:18,Raul Neto,2:58,Joel Bolomboy,1:45,,,,,,,30:30,Rudy Gobert,29:10,Rodney Hood,28:08,Trey Lyles,27:24,Joe Johnson,23:59,Boris Diaw,19:07,Shelvin Mack,18:06,Jeff Withey,15:04,Joe Ingles,10:22
0,.000,3,20.000,4,2.00,112,0,7,87.5,7,.467,7.0,58.3,12.0,15,10,.909,11,73.333,Logos via Sports Logos.net / About logos,W,https://www.basketball-reference.com/boxscores/201611280MIN.html,Away,103,34:28,1,12.5,MIN,Zach LaVine,Cole Aldrich,4:28,,,,,,,,,,,44:08,Andrew Wiggins,34:28,Karl-Anthony Towns,33:57,Gorgui Dieng,31:32,Nemanja Bjelica,26:03,Ricky Rubio,25:06,Shabazz Muhammad,17:24,Tyus Jones,14:10,Kris Dunn,8:44,103,3,24,14.0,58.3,0.0,0.0,10.0,41.7,George Hill,9,0,2016-2017,0.0,2,8.0,UTA,112,Rudy Gobert,,,,,,,,,,,,,34:28,Gordon Hayward,34:05,Rodney Hood,32:18,Boris Diaw,28:50,Trey Lyles,21:20,Joe Johnson,15:43,Joe Ingles,13:54,Shelvin Mack,13:32,Jeff Withey,11:22
2,.667,3,50.000,4,1.33,101,0,1,100.0,2,.333,0.0,0.0,3.0,6,2,1.000,2,33.333,Logos via Sports Logos.net / About logos,W,https://www.basketball-reference.com/boxscores/201611290UTA.html,Home,120,31:45,0,0.0,HOU,James Harden,Montrezl Harrell,6:49,Tyler Ennis,3:24,K.J. McDaniels,3:21,,,,,,,35:08,Eric Gordon,32:13,Clint Capela,28:25,Sam Dekker,27:14,Trevor Ariza,26:23,Patrick Beverley,21:54,Ryan Anderson,20:46,Corey Brewer,18:09,Nenê,16:14,101,3,8,0.0,0.0,6.0,75.0,2.0,25.0,George Hill,19,1,2016-2017,1.0,3,1.0,UTA,120,Gordon Hayward,Dante Exum,8:18,,,,,,,,,,,36:16,Rudy Gobert,33:20,Joe Johnson,26:25,Trey Lyles,23:55,Rodney Hood,20:26,Shelvin Mack,20:05,Jeff Withey,14:40,Boris Diaw,12:41,Joe Ingles,12:09
2,1.000,2,20.000,6,3.00,83,1,7,87.5,8,.800,6.0,75.0,8.0,10,3,.500,6,60.000,Logos via Sports Logos.net / About logos,W,https://www.basketball-reference.com/boxscores/201612290UTA.html,Home,100,29:17,1,12.5,PHI,Nik Stauskas,Timothé Luwawu-Cabarrot,14:57,,,,,,,,,,,34:09,Robert Covington,31:41,T.J. McConnell,26:32,Dario Šarić,25:22,Ersan İlyasova,24:19,Jahlil Okafor,24:01,Nerlens Noel,22:18,Hollis Thompson,21:10,Sergio Rodríguez,15:31,83,1,21,12.0,57.1,6.0,28.6,3.0,14.3,George Hill,17,3,2016-2017,4.0,2,8.0,UTA,100,Rudy Gobert,Raul Neto,0:34,Jeff Withey,0:34,,,,,,,,,33:25,Rodney Hood,32:19,Gordon Hayward,32:05,Derrick Favors,24:39,Trey Lyles,18:48,Shelvin Mack,18:43,Boris Diaw,16:58,Joe Johnson,16:57,Joe Ingles,15:42
0,,0,0.000,2,,86,0,1,100.0,1,.333,1.0,33.3,3.0,3,1,.500,2,66.667,Logos via Sports Logos.net / About logos,W,https://www.basketball-reference.com/boxscores/201612310UTA.html,Home,91,7:02,0,0.0,PHO,Devin Booker,Tyler Ulis,9:51,Brandon Knight,7:47,,,,,,,,,35:32,P.J. Tucker,34:58,Eric Bledsoe,30:22,Tyson Chandler,23:56,Alex Len,22:40,Marquese Chriss,21:53,Dragan Bender,20:40,T.J. Warren,18:56,Leandro Barbosa,13:25,86,1,3,2.0,66.7,0.0,0.0,1.0,33.3,George Hill,5,0,2016-2017,0.0,0,1.0,UTA,91,Rudy Gobert,Boris Diaw,14:01,,,,,,,,,,,37:24,Gordon Hayward,34:41,Shelvin Mack,26:08,Rodney Hood,25:08,Derrick Favors,23:51,Joe Ingles,22:47,Trey Lyles,17:38,Joe Johnson,17:18,Raul Neto,14:02
2,.500,4,33.333,7,7.00,94,0,3,60.0,5,.417,3.0,37.5,8.0,12,7,1.000,7,58.333,Logos via Sports Logos.net / About logos,W,https://www.basketball-reference.com/boxscores/201701070MIN.html,Away,92,32:46,2,40.0,MIN,Karl-Anthony Towns,Brandon Rush,1:40,,,,,,,,,,,40:35,Gorgui Dieng,40:05,Andrew Wiggins,38:19,Zach LaVine,38:18,Ricky Rubio,33:58,Shabazz Muhammad,17:43,Kris Dunn,14:02,Nemanja Bjelica,11:27,Cole Aldrich,3:54,92,2,19,6.0,31.6,6.0,31.6,7.0,36.8,George Hill,2,1,2016-2017,1.0,1,5.0,UTA,94,Derrick Favors,Alec Burks,6:45,,,,,,,,,,,34:26,Gordon Hayward,32:13,Rudy Gobert,31:15,Joe Ingles,23:36,Rodney Hood,20:30,Trey Lyles,19:48,Shelvin Mack,15:14,Joe Johnson,12:56,Boris Diaw,10:31
2,.500,4,26.667,2,0.50,79,1,4,100.0,6,.400,4.0,36.4,11.0,15,1,.500,2,13.333,Logos via Sports Logos.net / About logos,L,https://www.basketball-reference.com/boxscores/201701080MEM.html,Away,88,32:31,0,0.0,MEM,Mike Conley,Andrew Harrison,8:24,,,,,,,,,,,34:44,Marc Gasol,33:48,JaMychal Green,31:49,James Ennis III,27:26,Zach Randolph,27:18,Vince Carter,24:50,Tony Allen,23:06,Chandler Parsons,15:50,Troy Daniels,12:45,88,4,15,8.0,53.3,6.0,40.0,1.0,6.7,George Hill,9,1,2016-2017,2.0,4,4.0,UTA,79,Rudy Gobert,Alec Burks,2:08,,,,,,,,,,,36:16,Gordon Hayward,33:44,Rodney Hood,31:05,Derrick Favors,24:37,Boris Diaw,18:42,Joe Johnson,16:50,Joe Ingles,16:48,Shelvin Mack,15:29,Trey Lyles,11:50
2,.667,3,27.273,7,3.50,92,0,2,66.7,5,.455,3.0,37.5,8.0,11,1,.250,4,36.364,Logos via Sports Logos.net / About logos,W,https://www.basketball-reference.com/boxscores/201701100UTA.html,Home,100,36:39,1,33.3,CLE,Kyrie Irving,Kay Felder,4:56,James Jones,0:27,Jordan McRae,0:27,,,,,,,39:00,Kevin Love,37:09,LeBron James,36:55,Tristan Thompson,34:41,Iman Shumpert,21:17,DeAndre Liggins,18:59,Channing Frye,18:30,Kyle Korver,17:47,Richard Jefferson,9:52,92,3,13,6.0,46.2,6.0,46.2,1.0,7.7,George Hill,8,0,2016-2017,0.0,2,3.0,UTA,100,Gordon Hayward,,,,,,,,,,,,,37:27,Rudy Gobert,36:26,Rodney Hood,35:14,Joe Ingles,26:53,Derrick Favors,25:13,Trey Lyles,17:28,Joe Johnson,13:20,Shelvin Mack,8:52,Boris Diaw,2:28
5,.833,6,46.154,1,1.00,77,0,3,75.0,8,.615,3.0,42.9,7.0,13,1,.333,3,23.077,Logos via Sports Logos.net / About logos,W,https://www.basketball-reference.com/boxscores/201701130UTA.html,Home,110,27:07,1,25.0,DET,Tobias Harris,Henry Ellenson,4:44,Darrun Hilliard,4:44,,,,,,,,,34:01,Andre Drummond,33:29,Marcus Morris,30:20,Reggie Jackson,27:10,Reggie Bullock,26:15,Stanley Johnson,25:49,Beno Udrih,20:50,Aron Baynes,18:07,Boban Marjanović,14:31,77,1,22,6.0,27.3,15.0,68.2,1.0,4.5,George Hill,33,0,2016-2017,0.0,1,4.0,UTA,110,Rudy Gobert,Alec Burks,4:44,Shelvin Mack,4:38,Jeff Withey,3:23,,,,,,,30:59,Rodney Hood,28:40,Derrick Favors,27:09,Gordon Hayward,26:20,Joe Ingles,19:20,Boris Diaw,17:46,Joe Johnson,16:56,Trey Lyles,16:43,Dante Exum,16:15
0,.000,5,38.462,7,3.50,107,0,0,,4,.308,4.0,50.0,8.0,13,6,.750,8,61.538,Logos via Sports Logos.net / About logos,W,https://www.basketball-reference.com/boxscores/201701140UTA.html,Home,114,33:37,0,,ORL,Elfrid Payton,Mario Hezonja,4:13,,,,,,,,,,,39:21,Aaron Gordon,39:19,Jodie Meeks,38:07,Nikola Vučević,32:58,Serge Ibaka,32:34,Jeff Green,17:37,Bismack Biyombo,15:02,D.J. Augustin,12:27,C.J. Watson,8:22,107,3,14,8.0,57.1,0.0,0.0,6.0,42.9,George Hill,7,2,2016-2017,2.0,2,0.0,UTA,114,Gordon Hayward,Raul Neto,6:50,Jeff Withey,0:01,,,,,,,,,38:33,Rudy Gobert,36:02,Rodney Hood,32:36,Derrick Favors,31:49,Alec Burks,14:46,Boris Diaw,13:54,Trey Lyles,13:47,Joe Ingles,10:32,Dante Exum,7:33
1,.125,8,44.444,3,1.00,106,1,6,75.0,7,.389,6.0,60.0,10.0,18,2,1.000,2,11.111,Logos via Sports Logos.net / About logos,W,https://www.basketball-reference.com/boxscores/201701160PHO.html,Away,101,33:21,2,25.0,PHO,Devin Booker,Alan Williams,4:14,,,,,,,,,,,46:02,Eric Bledsoe,36:59,T.J. Warren,30:56,P.J. Tucker,27:10,Dragan Bender,24:44,Marquese Chriss,22:06,Alex Len,20:50,Leandro Barbosa,15:49,Tyler Ulis,11:10,101,1,17,12.0,70.6,3.0,17.6,2.0,11.8,George Hill,5,0,2016-2017,1.0,3,8.0,UTA,106,Rudy Gobert,Trey Lyles,5:56,,,,,,,,,,,36:27,Joe Ingles,33:42,Gordon Hayward,32:24,Derrick Favors,24:28,Joe Johnson,24:22,Boris Diaw,21:57,Raul Neto,10:43,Alec Burks,9:04,Dante Exum,7:36
1,.250,4,30.769,1,0.50,112,0,1,100.0,5,.385,4.0,44.4,9.0,13,2,1.000,2,15.385,Logos via Sports Logos.net / About logos,W,https://www.basketball-reference.com/boxscores/201701200DAL.html,Away,107,31:06,0,0.0,DAL,Harrison Barnes,Salah Mejri,11:53,Justin Anderson,2:10,,,,,,,,,39:36,Wesley Matthews,38:59,Deron Williams,35:08,Seth Curry,30:17,Dwight Powell,26:49,Dirk Nowitzki,25:09,J.J. Barea,22:42,Devin Harris,17:52,Dorian Finney-Smith,14:26,107,6,13,8.0,61.5,3.0,23.1,2.0,15.4,George Hill,5,0,2016-2017,0.0,2,1.0,UTA,112,Rudy Gobert,,,,,,,,,,,,,41:29,Gordon Hayward,38:14,Joe Ingles,37:45,Joe Johnson,31:24,Derrick Favors,26:02,Boris Diaw,16:54,Trey Lyles,16:10,Raul Neto,13:47,Alec Burks,12:09
3,.600,5,31.250,5,5.00,100,0,5,83.3,9,.563,6.0,54.5,11.0,16,9,.818,11,68.750,Logos via Sports Logos.net / About logos,W,https://www.basketball-reference.com/boxscores/201701210UTA.html,Home,109,34:21,1,16.7,IND,Thaddeus Young,Aaron Brooks,5:38,Georges Niang,0:40,Kevin Séraphin,0:40,,,,,,,38:21,Jeff Teague,37:33,Monta Ellis,33:29,Myles Turner,32:51,Paul George,29:07,C.J. Miles,27:37,Glenn Robinson III,14:31,Al Jefferson,13:41,Lavoy Allen,5:52,100,4,30,12.0,40.0,9.0,30.0,9.0,30.0,George Hill,9,1,2016-2017,1.0,1,6.0,UTA,109,Rudy Gobert,Jeff Withey,0:40,,,,,,,,,,,33:26,Joe Ingles,32:40,Gordon Hayward,31:09,Derrick Favors,24:18,Joe Johnson,21:14,Alec Burks,19:19,Boris Diaw,19:07,Raul Neto,12:08,Trey Lyles,11:38
0,.000,4,40.000,3,1.50,97,1,2,100.0,2,.200,2.0,33.3,6.0,10,5,.833,6,60.000,Logos via Sports Logos.net / About logos,L,https://www.basketball-reference.com/boxscores/201701230UTA.html,Home,95,31:51,0,0.0,OKC,Steven Adams,Joffrey Lauvergne,11:05,,,,,,,,,,,37:18,Russell Westbrook,36:14,Andre Roberson,31:19,Victor Oladipo,30:19,Enes Freedom,29:18,Jerami Grant,19:17,Domantas Sabonis,18:06,Cameron Payne,13:45,Álex Abrines,13:19,97,3,9,4.0,44.4,0.0,0.0,5.0,55.6,George Hill,2,1,2016-2017,2.0,2,2.0,UTA,95,Rudy Gobert,,,,,,,,,,,,,36:01,Gordon Hayward,35:42,Derrick Favors,26:44,Alec Burks,24:46,Joe Ingles,21:56,Trey Lyles,17:16,Joe Johnson,15:51,Boris Diaw,15:46,Dante Exum,14:07
1,.167,6,33.333,5,5.00,93,0,3,100.0,6,.333,5.0,41.7,12.0,18,4,1.000,4,22.222,Logos via Sports Logos.net / About logos,L,https://www.basketball-reference.com/boxscores/201701240DEN.html,Away,103,34:50,0,0.0,DEN,Nikola Jokić,Jusuf Nurkić,7:43,,,,,,,,,,,35:12,Danilo Gallinari,30:57,Jameer Nelson,30:35,Kenneth Faried,27:52,Gary Harris,27:16,Darrell Arthur,21:41,Will Barton,21:33,Wilson Chandler,19:46,Jamal Murray,17:25,103,2,17,10.0,58.8,3.0,17.6,4.0,23.5,George Hill,10,1,2016-2017,1.0,1,3.0,UTA,93,Gordon Hayward,Raul Neto,3:34,,,,,,,,,,,34:46,Rudy Gobert,24:47,Derrick Favors,24:40,Boris Diaw,24:06,Alec Burks,22:22,Trey Lyles,20:47,Joe Ingles,19:53,Joe Johnson,18:14,Shelvin Mack,12:01
1,.200,5,35.714,3,3.00,88,0,4,57.1,4,.286,3.0,33.3,9.0,14,3,.750,4,28.571,Logos via Sports Logos.net / About logos,W,https://www.basketball-reference.com/boxscores/201701260UTA.html,Home,96,34:18,3,42.9,LAL,Jordan Clarkson,José Calderón,12:29,,,,,,,,,,,35:31,Tarik Black,30:29,Nick Young,29:25,Ivica Zubac,26:19,Lou Williams,24:51,Larry Nance Jr.,22:38,Luol Deng,21:16,Brandon Ingram,20:28,Timofey Mozgov,16:34,88,0,12,6.0,50.0,3.0,25.0,3.0,25.0,George Hill,8,3,2016-2017,3.0,1,7.0,UTA,96,Rudy Gobert,,,,,,,,,,,,,37:31,Gordon Hayward,32:02,Joe Ingles,25:48,Rodney Hood,22:12,Derrick Favors,21:32,Trey Lyles,18:30,Boris Diaw,18:27,Joe Johnson,15:58,Alec Burks,13:42
1,.200,5,38.462,5,1.67,102,0,3,100.0,7,.538,6.0,75.0,8.0,13,1,1.000,1,7.692,Logos via Sports Logos.net / About logos,L,https://www.basketball-reference.com/boxscores/201701280UTA.html,Home,95,33:21,0,0.0,MEM,Marc Gasol,,,,,,,,,,,,,36:41,Zach Randolph,33:39,Vince Carter,29:35,Mike Conley,28:17,Tony Allen,26:13,JaMychal Green,25:40,James Ennis III,22:38,Troy Daniels,18:57,Andrew Harrison,18:20,102,4,16,12.0,75.0,3.0,18.8,1.0,6.2,George Hill,7,0,2016-2017,0.0,3,3.0,UTA,95,Rudy Gobert,,,,,,,,,,,,,38:14,Gordon Hayward,36:19,Rodney Hood,30:39,Joe Johnson,27:21,Trey Lyles,20:43,Boris Diaw,17:32,Alec Burks,15:44,Joe Ingles,15:18,Dante Exum,4:49
1,.333,3,33.333,4,4.00,88,0,2,100.0,3,.333,2.0,33.3,6.0,9,0,,0,0.000,Logos via Sports Logos.net / About logos,W,https://www.basketball-reference.com/boxscores/201702010UTA.html,Home,104,34:12,0,0.0,MIL,Giannis Antetokounmpo,Mirza Teletović,8:12,,,,,,,,,,,38:46,Jabari Parker,31:55,Malcolm Brogdon,30:53,Matthew Dellavedova,25:58,Thon Maker,24:03,Greg Monroe,23:57,Tony Snell,21:53,Jason Terry,17:16,Michael Beasley,17:07,88,1,7,4.0,57.1,3.0,42.9,0.0,0.0,George Hill,16,1,2016-2017,1.0,1,2.0,UTA,104,Rudy Gobert,Dante Exum,7:49,,,,,,,,,,,34:07,Gordon Hayward,32:05,Joe Johnson,27:10,Alec Burks,24:41,Joe Ingles,23:11,Boris Diaw,19:40,Trey Lyles,15:13,Jeff Withey,13:53,Rodney Hood,7:59
5,.625,8,72.727,1,,98,1,1,100.0,8,.727,3.0,100.0,3.0,11,4,1.000,4,36.364,Logos via Sports Logos.net / About logos,W,https://www.basketball-reference.com/boxscores/201702040UTA.html,Home,105,32:08,0,0.0,CHO,Marvin Williams,Treveon Graham,2:59,,,,,,,,,,,38:02,Kemba Walker,34:42,Nicolas Batum,33:26,Frank Kaminsky,31:39,Michael Kidd-Gilchrist,29:18,Marco Belinelli,23:40,Miles Plumlee,17:57,Jeremy Lamb,14:59,Brian Roberts,13:18,98,4,25,6.0,24.0,15.0,60.0,4.0,16.0,George Hill,7,0,2016-2017,1.0,0,1.0,UTA,105,Rudy Gobert,,,,,,,,,,,,,37:47,Gordon Hayward,36:59,Joe Ingles,29:57,Joe Johnson,29:51,Dante Exum,21:49,Alec Burks,19:37,Trey Lyles,11:00,Boris Diaw,10:39,Derrick Favors,10:13
3,.375,8,53.333,8,8.00,120,1,3,75.0,8,.533,5.0,71.4,7.0,15,3,.750,4,26.667,Logos via Sports Logos.net / About logos,W,https://www.basketball-reference.com/boxscores/201702060ATL.html,Away,95,34:33,1,25.0,ATL,Paul Millsap,Mike Scott,12:00,Lamar Patterson,3:38,Taurean Prince,3:38,,,,,,,35:44,Dennis Schröder,29:34,Tim Hardaway Jr.,28:44,Kent Bazemore,28:40,Dwight Howard,25:16,Mike Muscala,20:51,DeAndre' Bembry,18:24,Malcolm Delaney,17:57,Mike Dunleavy,15:34,95,2,22,10.0,45.5,9.0,40.9,3.0,13.6,George Hill,25,1,2016-2017,2.0,1,4.0,UTA,120,Rudy Gobert,Shelvin Mack,1:19,Raul Neto,1:19,Jeff Withey,1:19,,,,,,,33:45,Gordon Hayward,30:26,Derrick Favors,26:14,Joe Ingles,24:27,Joe Johnson,21:08,Alec Burks,20:53,Boris Diaw,20:06,Dante Exum,13:45,Trey Lyles,10:46
2,.333,6,54.545,3,,127,0,1,100.0,6,.545,4.0,80.0,5.0,11,5,.625,8,72.727,Logos via Sports Logos.net / About logos,W,https://www.basketball-reference.com/boxscores/201702080NOP.html,Away,94,24:49,0,0.0,NOP,Terrence Jones,Langston Galloway,12:00,,,,,,,,,,,35:24,Jrue Holiday,30:58,Anthony Davis,30:03,Solomon Hill,25:20,Tim Frazier,24:27,Dante Cunningham,23:30,Donatas Motiejūnas,19:40,Buddy Hield,19:22,E'Twaun Moore,19:16,94,3,19,8.0,42.1,6.0,31.6,5.0,26.3,George Hill,33,1,2016-2017,1.0,0,1.0,UTA,127,Rudy Gobert,Shelvin Mack,5:10,Jeff Withey,5:10,Raul Neto,3:18,,,,,,,29:54,Gordon Hayward,26:17,Derrick Favors,25:11,Joe Johnson,23:40,Dante Exum,23:11,Alec Burks,22:56,Joe Ingles,21:46,Boris Diaw,14:44,Trey Lyles,13:54
2,.333,6,37.500,4,4.00,112,0,1,33.3,7,.438,5.0,50.0,10.0,16,6,.857,7,43.750,Logos via Sports Logos.net / About logos,L,https://www.basketball-reference.com/boxscores/201702110UTA.html,Home,104,36:00,2,66.7,BOS,Marcus Smart,Jaylen Brown,11:42,,,,,,,,,,,36:39,Isaiah Thomas,35:13,Al Horford,34:15,Kelly Olynyk,27:14,Terry Rozier,22:53,Gerald Green,22:51,Jonas Jerebko,20:36,James Young,14:55,Amir Johnson,13:42,112,3,22,10.0,45.5,6.0,27.3,6.0,27.3,George Hill,8,3,2016-2017,3.0,1,3.0,UTA,104,Gordon Hayward,Shelvin Mack,5:20,,,,,,,,,,,37:39,Rudy Gobert,33:45,Joe Ingles,30:17,Derrick Favors,25:47,Trey Lyles,22:05,Joe Johnson,19:03,Alec Burks,17:43,Boris Diaw,6:28,Dante Exum,5:53
1,.167,6,54.545,1,,88,0,1,100.0,2,.182,1.0,20.0,5.0,11,1,.500,2,18.182,Logos via Sports Logos.net / About logos,L,https://www.basketball-reference.com/boxscores/201702130UTA.html,Home,72,26:08,0,0.0,LAC,Luc Mbah a Moute,Wesley Johnson,10:06,Diamond Stone,0:53,,,,,,,,,37:43,Blake Griffin,33:33,Austin Rivers,32:28,DeAndre Jordan,31:09,JJ Redick,25:05,Jamal Crawford,22:28,Raymond Felton,21:20,Marreese Speights,15:09,Alan Anderson,10:06,88,2,6,2.0,33.3,3.0,50.0,1.0,16.7,George Hill,16,0,2016-2017,0.0,0,1.0,UTA,72,Gordon Hayward,Raul Neto,5:49,Jeff Withey,5:19,,,,,,,,,29:09,Joe Johnson,28:19,Rudy Gobert,24:52,Derrick Favors,23:34,Alec Burks,22:02,Dante Exum,21:52,Joe Ingles,21:34,Boris Diaw,17:53,Trey Lyles,13:29
2,.400,5,33.333,5,1.25,88,0,5,100.0,7,.467,5.0,50.0,10.0,15,3,.750,4,26.667,Logos via Sports Logos.net / About logos,W,https://www.basketball-reference.com/boxscores/201702150UTA.html,Home,111,30:57,0,0.0,POR,Damian Lillard,Shabazz Napier,12:04,Tim Quarterman,4:15,Jake Layman,4:15,,,,,,,34:36,Allen Crabbe,26:23,Maurice Harkless,25:08,CJ McCollum,24:40,Noah Vonleh,24:28,Meyers Leonard,23:27,Jusuf Nurkić,21:18,Pat Connaughton,20:25,Ed Davis,19:02,88,4,19,10.0,52.6,6.0,31.6,3.0,15.8,George Hill,23,0,2016-2017,0.0,4,5.0,UTA,111,Gordon Hayward,Jeff Withey,2:18,Trey Lyles,2:18,,,,,,,,,33:30,Rudy Gobert,32:20,Joe Ingles,31:40,Derrick Favors,25:30,Joe Johnson,22:58,Boris Diaw,20:07,Dante Exum,19:42,Alec Burks,16:00,Raul Neto,2:40
3,.750,4,66.667,1,0.33,109,0,1,100.0,4,.667,1.0,50.0,2.0,6,8,1.000,8,133.333,Logos via Sports Logos.net / About logos,W,https://www.basketball-reference.com/boxscores/201702240MIL.html,Away,95,34:01,0,0.0,MIL,Giannis Antetokounmpo,John Henson,12:58,Rashad Vaughn,3:12,,,,,,,,,34:27,Michael Beasley,32:03,Tony Snell,28:25,Matthew Dellavedova,27:16,Khris Middleton,24:15,Malcolm Brogdon,22:24,Greg Monroe,21:27,Jason Terry,19:58,Thon Maker,13:35,95,4,19,2.0,10.5,9.0,47.4,8.0,42.1,George Hill,14,4,2016-2017,4.0,3,1.0,UTA,109,Gordon Hayward,,,,,,,,,,,,,34:11,Rudy Gobert,33:18,Joe Johnson,27:04,Derrick Favors,26:00,Joe Ingles,25:50,Rodney Hood,21:25,Dante Exum,15:57,Alec Burks,12:36,Boris Diaw,9:38
5,.625,8,61.538,6,1.20,102,1,3,100.0,7,.538,2.0,40.0,5.0,13,2,.500,4,30.769,Logos via Sports Logos.net / About logos,W,https://www.basketball-reference.com/boxscores/201702260WAS.html,Away,92,36:53,0,0.0,WAS,Otto Porter Jr.,Trey Burke,5:16,Sheldon Mac,0:43,Daniel Ochefu,0:43,,,,,,,40:11,John Wall,36:40,Bradley Beal,34:04,Bojan Bogdanović,33:09,Markieff Morris,29:26,Marcin Gortat,28:27,Ian Mahinmi,15:47,Kelly Oubre Jr.,8:47,Tomáš Satoranský,6:47,92,1,21,4.0,19.0,15.0,71.4,2.0,9.5,George Hill,10,1,2016-2017,2.0,5,3.0,UTA,102,Gordon Hayward,,,,,,,,,,,,,40:11,Rudy Gobert,36:11,Rodney Hood,26:40,Derrick Favors,23:53,Joe Johnson,23:33,Joe Ingles,18:59,Boris Diaw,12:36,Dante Exum,10:54,Alec Burks,10:10
0,.000,4,26.667,8,4.00,106,1,2,100.0,6,.400,6.0,54.5,11.0,15,3,1.000,3,20.000,Logos via Sports Logos.net / About logos,L,https://www.basketball-reference.com/boxscores/201702280OKC.html,Away,109,38:11,0,0.0,OKC,Russell Westbrook,Semaj Christon,9:14,,,,,,,,,,,38:47,Andre Roberson,29:36,Enes Freedom,26:59,Steven Adams,26:53,Álex Abrines,26:29,Taj Gibson,26:24,Doug McDermott,25:27,Jerami Grant,18:46,Domantas Sabonis,11:26,109,2,15,12.0,80.0,0.0,0.0,3.0,20.0,George Hill,3,2,2016-2017,3.0,2,2.0,UTA,106,Gordon Hayward,,,,,,,,,,,,,32:38,Rudy Gobert,31:58,Rodney Hood,30:59,Derrick Favors,27:28,Joe Johnson,23:09,Joe Ingles,19:21,Alec Burks,15:12,Boris Diaw,13:25,Dante Exum,7:39
0,.000,1,33.333,3,1.50,107,0,2,100.0,1,.333,1.0,50.0,2.0,3,0,,0,0.000,Logos via Sports Logos.net / About logos,L,https://www.basketball-reference.com/boxscores/201703010UTA.html,Home,80,20:16,0,0.0,MIN,Karl-Anthony Towns,Cole Aldrich,5:24,,,,,,,,,,,35:05,Nemanja Bjelica,32:22,Andrew Wiggins,31:09,Ricky Rubio,28:36,Brandon Rush,24:06,Shabazz Muhammad,23:54,Gorgui Dieng,23:00,Kris Dunn,19:33,Tyus Jones,16:51,107,2,2,2.0,100.0,0.0,0.0,0.0,0.0,George Hill,27,0,2016-2017,0.0,2,2.0,UTA,80,Dante Exum,Raul Neto,8:12,Boris Diaw,4:06,,,,,,,,,28:58,Alec Burks,27:46,Derrick Favors,26:51,Joe Ingles,25:33,Gordon Hayward,24:59,Joe Johnson,21:41,Rudy Gobert,21:11,Trey Lyles,20:16,Jeff Withey,10:11
3,1.000,3,25.000,7,1.75,97,0,2,100.0,10,.833,7.0,77.8,9.0,12,11,.917,12,100.000,Logos via Sports Logos.net / About logos,W,https://www.basketball-reference.com/boxscores/201703030UTA.html,Home,112,31:45,0,0.0,BRK,Brook Lopez,K.J. McDaniels,14:42,Randy Foye,13:24,Joe Harris,10:20,Andrew Nicholson,6:07,,,,,29:11,Trevor Booker,25:00,Isaiah Whitehead,24:50,Sean Kilpatrick,22:56,Spencer Dinwiddie,21:19,Caris LeVert,20:03,Quincy Acy,18:17,Rondae Hollis-Jefferson,17:25,Jeremy Lin,16:26,97,4,34,14.0,41.2,9.0,26.5,11.0,32.4,George Hill,15,0,2016-2017,0.0,4,2.0,UTA,112,Joe Ingles,Raul Neto,2:28,,,,,,,,,,,36:05,Gordon Hayward,34:48,Derrick Favors,33:34,Rudy Gobert,33:00,Alec Burks,22:39,Dante Exum,16:15,Trey Lyles,13:40,Boris Diaw,13:18,Jeff Withey,2:28
2,.333,6,42.857,8,8.00,110,0,4,80.0,4,.286,2.0,25.0,8.0,14,5,.625,8,57.143,Logos via Sports Logos.net / About logos,W,https://www.basketball-reference.com/boxscores/201703050SAC.html,Away,109,39:38,1,20.0,SAC,Darren Collison,,,,,,,,,,,,,40:42,Arron Afflalo,39:40,Willie Cauley-Stein,39:18,Kosta Koufos,37:10,Ty Lawson,37:04,Anthony Tolliver,26:34,Garrett Temple,24:00,Buddy Hield,18:37,Skal Labissière,1:55,109,3,15,4.0,26.7,6.0,40.0,5.0,33.3,George Hill,1,1,2016-2017,1.0,1,5.0,UTA,110,Rudy Gobert,,,,,,,,,,,,,41:27,Gordon Hayward,40:29,Rodney Hood,32:53,Joe Ingles,27:37,Derrick Favors,26:00,Boris Diaw,25:43,Alec Burks,15:27,Dante Exum,13:22,Trey Lyles,2:24
1,1.000,1,16.667,1,0.50,104,0,1,100.0,3,.500,2.0,40.0,5.0,6,2,1.000,2,33.333,Logos via Sports Logos.net / About logos,L,https://www.basketball-reference.com/boxscores/201703110OKC.html,Away,112,18:26,0,0.0,OKC,Victor Oladipo,Domantas Sabonis,11:39,Doug McDermott,4:48,,,,,,,,,38:14,Russell Westbrook,36:18,Andre Roberson,32:19,Steven Adams,31:55,Taj Gibson,22:02,Enes Freedom,18:21,Semaj Christon,17:02,Álex Abrines,15:19,Jerami Grant,12:03,112,1,9,4.0,44.4,3.0,33.3,2.0,22.2,George Hill,8,2,2016-2017,2.0,2,1.0,UTA,104,Dante Exum,Raul Neto,13:05,Boris Diaw,10:44,,,,,,,,,26:25,Trey Lyles,26:23,Alec Burks,23:32,Joe Ingles,23:04,Jeff Withey,22:44,Rodney Hood,21:11,Gordon Hayward,21:00,Joe Johnson,18:54,Joel Bolomboy,14:32
2,.500,4,26.667,6,,108,0,8,100.0,7,.467,5.0,45.5,11.0,15,3,.600,5,33.333,Logos via Sports Logos.net / About logos,W,https://www.basketball-reference.com/boxscores/201703130UTA.html,Home,114,36:48,0,0.0,LAC,DeAndre Jordan,Marreese Speights,10:44,,,,,,,,,,,37:16,Blake Griffin,36:36,Chris Paul,35:03,JJ Redick,32:50,Austin Rivers,25:34,Luc Mbah a Moute,20:35,Jamal Crawford,15:48,Raymond Felton,14:10,Wesley Johnson,11:24,108,4,19,10.0,52.6,6.0,31.6,3.0,15.8,George Hill,6,1,2016-2017,1.0,0,8.0,UTA,114,Rudy Gobert,,,,,,,,,,,,,37:08,Gordon Hayward,35:38,Joe Johnson,28:22,Joe Ingles,26:23,Boris Diaw,21:12,Rodney Hood,20:13,Dante Exum,14:22,Alec Burks,11:25,Jeff Withey,8:29
1,.250,4,33.333,3,1.50,97,0,4,100.0,6,.500,5.0,62.5,8.0,12,4,.800,5,41.667,Logos via Sports Logos.net / About logos,W,https://www.basketball-reference.com/boxscores/201703150DET.html,Away,83,30:45,0,0.0,DET,Marcus Morris,Reggie Bullock,9:24,Boban Marjanović,4:46,,,,,,,,,33:23,Tobias Harris,30:12,Jon Leuer,29:37,Kentavious Caldwell-Pope,29:10,Ish Smith,27:38,Aron Baynes,23:11,Reggie Jackson,20:22,Andre Drummond,20:03,Stanley Johnson,12:14,83,0,17,10.0,58.8,3.0,17.6,4.0,23.5,George Hill,14,0,2016-2017,0.0,2,4.0,UTA,97,Rudy Gobert,Raul Neto,7:03,,,,,,,,,,,35:53,Gordon Hayward,33:51,Joe Johnson,28:57,Joe Ingles,27:10,Dante Exum,22:46,Boris Diaw,19:03,Alec Burks,13:04,Jeff Withey,12:07,Rodney Hood,9:21
1,.200,5,50.000,2,2.00,83,0,2,100.0,3,.300,2.0,40.0,5.0,10,2,.667,3,30.000,Logos via Sports Logos.net / About logos,L,https://www.basketball-reference.com/boxscores/201703160CLE.html,Away,91,30:58,0,0.0,CLE,LeBron James,DeAndre Liggins,0:08,,,,,,,,,,,38:15,Kyrie Irving,30:15,J.R. Smith,29:42,Tristan Thompson,28:16,Richard Jefferson,27:56,Deron Williams,25:22,Iman Shumpert,22:08,Kevin Love,19:45,Channing Frye,18:14,91,2,9,4.0,44.4,3.0,33.3,2.0,22.2,George Hill,8,1,2016-2017,1.0,1,2.0,UTA,83,Rudy Gobert,,,,,,,,,,,,,36:50,Joe Ingles,35:56,Gordon Hayward,34:39,Joe Johnson,29:27,Alec Burks,20:45,Dante Exum,19:31,Boris Diaw,17:11,Trey Lyles,11:16,Jeff Withey,3:27
2,.400,5,45.455,4,1.33,86,1,6,85.7,6,.545,4.0,66.7,6.0,11,4,1.000,4,36.364,Logos via Sports Logos.net / About logos,L,https://www.basketball-reference.com/boxscores/201703180CHI.html,Away,95,37:09,1,14.3,CHI,Jimmy Butler,Joffrey Lauvergne,7:08,,,,,,,,,,,38:10,Bobby Portis,30:51,Robin Lopez,29:51,Paul Zipser,29:26,Denzel Valentine,28:24,Michael Carter-Williams,26:38,Rajon Rondo,21:22,Nikola Mirotić,17:09,Cristiano Felício,11:01,95,1,18,8.0,44.4,6.0,33.3,4.0,22.2,George Hill,9,2,2016-2017,3.0,3,7.0,UTA,86,Gordon Hayward,,,,,,,,,,,,,36:12,Joe Ingles,35:47,Rudy Gobert,35:23,Joe Johnson,33:18,Alec Burks,19:20,Boris Diaw,15:50,Dante Exum,15:32,Jeff Withey,11:29,,
0,.000,6,35.294,6,3.00,100,0,4,66.7,7,.412,7.0,63.6,11.0,17,2,1.000,2,11.765,Logos via Sports Logos.net / About logos,L,https://www.basketball-reference.com/boxscores/201703200IND.html,Away,107,37:45,2,33.3,IND,Jeff Teague,Al Jefferson,10:49,Rakeem Christmas,2:01,,,,,,,,,37:02,Paul George,36:11,Myles Turner,35:10,Thaddeus Young,31:54,Monta Ellis,24:54,C.J. Miles,23:12,Lavoy Allen,16:01,Glenn Robinson III,11:49,Aaron Brooks,10:58,107,1,16,14.0,87.5,0.0,0.0,2.0,12.5,George Hill,7,0,2016-2017,0.0,2,6.0,UTA,100,Rudy Gobert,Dante Exum,5:49,Trey Lyles,3:43,,,,,,,,,37:10,Gordon Hayward,36:43,Joe Johnson,30:43,Joe Ingles,26:30,Rodney Hood,15:33,Alec Burks,15:31,Boris Diaw,13:34,Jeff Withey,10:49,Raul Neto,6:10
1,.250,4,22.222,4,1.00,101,0,7,100.0,7,.389,6.0,42.9,14.0,18,0,,0,0.000,Logos via Sports Logos.net / About logos,W,https://www.basketball-reference.com/boxscores/201703220UTA.html,Home,108,35:07,0,0.0,NYK,Carmelo Anthony,Mindaugas Kuzminskas,5:05,Chasson Randle,1:30,,,,,,,,,35:39,Courtney Lee,35:15,Lance Thomas,32:27,Derrick Rose,32:17,Kristaps Porziņģis,31:22,Ron Baker,21:17,Justin Holiday,19:07,Willy Hernangómez,17:21,Kyle O'Quinn,8:40,101,1,15,12.0,80.0,3.0,20.0,0.0,0.0,George Hill,7,1,2016-2017,1.0,4,7.0,UTA,108,Gordon Hayward,Trey Lyles,3:27,,,,,,,,,,,39:08,Rudy Gobert,38:05,Joe Ingles,24:31,Joe Johnson,22:42,Rodney Hood,20:54,Alec Burks,18:48,Boris Diaw,13:49,Raul Neto,13:34,Jeff Withey,9:55
1,.333,3,27.273,1,0.25,95,0,1,100.0,4,.364,3.0,37.5,8.0,11,0,,0,0.000,Logos via Sports Logos.net / About logos,L,https://www.basketball-reference.com/boxscores/201703250LAC.html,Away,108,32:27,0,0.0,LAC,Blake Griffin,Paul Pierce,15:25,,,,,,,,,,,32:35,Chris Paul,28:42,Luc Mbah a Moute,26:06,DeAndre Jordan,25:41,Jamal Crawford,25:01,Austin Rivers,24:37,JJ Redick,22:59,Marreese Speights,22:19,Raymond Felton,16:28,108,2,9,6.0,66.7,3.0,33.3,0.0,0.0,George Hill,13,0,2016-2017,0.0,4,1.0,UTA,95,Rudy Gobert,Dante Exum,2:31,Trey Lyles,2:31,,,,,,,,,36:03,Gordon Hayward,30:35,Joe Ingles,26:59,Joe Johnson,25:55,Rodney Hood,23:23,Boris Diaw,20:42,Raul Neto,15:33,Alec Burks,12:32,Jeff Withey,10:49
3,.500,6,42.857,5,1.67,100,0,2,100.0,7,.500,4.0,50.0,8.0,14,0,,0,0.000,Logos via Sports Logos.net / About logos,W,https://www.basketball-reference.com/boxscores/201703270UTA.html,Home,108,32:38,0,0.0,NOP,Anthony Davis,,,,,,,,,,,,,41:13,Dante Cunningham,39:01,Jrue Holiday,38:03,Solomon Hill,37:21,Jordan Crawford,29:56,E'Twaun Moore,23:38,Tim Frazier,22:45,Alexis Ajinça,8:03,,,100,3,17,8.0,47.1,9.0,52.9,0.0,0.0,George Hill,8,1,2016-2017,1.0,3,2.0,UTA,108,Rudy Gobert,Shelvin Mack,3:08,,,,,,,,,,,39:31,Joe Ingles,35:28,Joe Johnson,31:14,Rodney Hood,30:09,Dante Exum,24:25,Raul Neto,18:12,Boris Diaw,12:58,Jeff Withey,8:29,Trey Lyles,3:48
5,.714,7,77.778,5,,105,0,1,100.0,7,.778,2.0,100.0,2.0,9,1,1.000,1,11.111,Logos via Sports Logos.net / About logos,W,https://www.basketball-reference.com/boxscores/201704100GSW.html,Away,99,18:44,0,0.0,GSW,Kevin Durant,JaVale McGee,15:22,James Michael McAdoo,5:22,,,,,,,,,32:37,Stephen Curry,29:57,Patrick McCaw,27:04,Zaza Pachulia,24:57,Draymond Green,24:34,Andre Iguodala,23:07,Ian Clark,20:11,Shaun Livingston,19:22,David West,17:27,99,2,20,4.0,20.0,15.0,75.0,1.0,5.0,George Hill,6,2,2016-2017,2.0,0,1.0,UTA,105,Dante Exum,,,,,,,,,,,,,35:45,Joe Ingles,34:21,Rudy Gobert,33:15,Shelvin Mack,31:22,Joe Johnson,28:13,Boris Diaw,25:09,Alec Burks,18:26,Joel Bolomboy,14:45,,
1,.500,2,28.571,5,,97,0,1,50.0,4,.571,3.0,60.0,5.0,7,4,.800,5,71.429,Logos via Sports Logos.net / About logos,W,https://www.basketball-reference.com/boxscores/201704120UTA.html,Home,101,21:38,1,50.0,SAS,LaMarcus Aldridge,Jonathon Simmons,12:42,David Lee,12:32,Dāvis Bertāns,12:00,Dejounte Murray,5:14,,,,,34:29,Kawhi Leonard,30:30,Tony Parker,24:05,Pau Gasol,22:53,Danny Green,19:37,Patty Mills,18:41,Manu Ginóbili,17:38,Kyle Anderson,15:33,Dewayne Dedmon,14:06,97,1,13,6.0,46.2,3.0,23.1,4.0,30.8,George Hill,4,1,2016-2017,1.0,0,2.0,UTA,101,Rudy Gobert,Trey Lyles,8:56,Jeff Withey,5:57,Alec Burks,5:14,,,,,,,28:58,Joe Ingles,28:11,Shelvin Mack,26:22,Rodney Hood,22:56,Gordon Hayward,22:42,Derrick Favors,20:47,Dante Exum,16:57,Joe Johnson,16:40,Boris Diaw,14:42
1,.500,2,15.385,2,1.00,97,0,3,75.0,7,.538,6.0,54.5,11.0,13,1,.500,2,15.385,Logos via Sports Logos.net / About logos,W,https://www.basketball-reference.com/boxscores/201704150LAC.html,Away,95,37:14,1,25.0,LAC,Blake Griffin,,,,,,,,,,,,,42:41,Chris Paul,37:14,DeAndre Jordan,36:42,Luc Mbah a Moute,35:36,Jamal Crawford,29:02,JJ Redick,27:16,Raymond Felton,14:52,Marreese Speights,14:04,Paul Pierce,2:33,95,5,16,12.0,75.0,3.0,18.8,1.0,6.2,George Hill,2,1,2016-2017,1.0,2,4.0,UTA,97,Gordon Hayward,,,,,,,,,,,,,40:10,Joe Ingles,32:48,Derrick Favors,32:16,Joe Johnson,31:17,Boris Diaw,22:58,Rodney Hood,19:28,Shelvin Mack,14:20,Jeff Withey,9:12,Rudy Gobert,0:17
2,.333,6,50.000,4,1.33,91,0,7,100.0,5,.417,3.0,50.0,6.0,12,0,,0,0.000,Logos via Sports Logos.net / About logos,L,https://www.basketball-reference.com/boxscores/201704180LAC.html,Away,99,36:47,0,0.0,LAC,Blake Griffin,,,,,,,,,,,,,38:44,Luc Mbah a Moute,37:47,DeAndre Jordan,34:30,Chris Paul,32:56,JJ Redick,32:39,Jamal Crawford,24:16,Raymond Felton,16:35,Marreese Speights,13:17,Paul Pierce,9:16,99,3,12,6.0,50.0,6.0,50.0,0.0,0.0,George Hill,8,0,2016-2017,0.0,3,7.0,UTA,91,Gordon Hayward,,,,,,,,,,,,,38:40,Derrick Favors,33:20,Joe Ingles,32:57,Joe Johnson,28:49,Boris Diaw,25:19,Rodney Hood,24:36,Shelvin Mack,11:00,Jeff Withey,8:32,,
4,.667,6,40.000,3,,111,0,2,66.7,9,.600,5.0,55.6,9.0,15,4,.667,6,40.000,Logos via Sports Logos.net / About logos,L,https://www.basketball-reference.com/boxscores/201704210UTA.html,Home,106,36:16,1,33.3,LAC,DeAndre Jordan,Wesley Johnson,3:30,,,,,,,,,,,38:42,Luc Mbah a Moute,36:32,Chris Paul,36:14,JJ Redick,27:03,Jamal Crawford,26:43,Paul Pierce,20:32,Marreese Speights,18:35,Blake Griffin,18:01,Raymond Felton,14:09,111,5,26,10.0,38.5,12.0,46.2,4.0,15.4,George Hill,5,1,2016-2017,1.0,0,3.0,UTA,106,Gordon Hayward,,,,,,,,,,,,,42:03,Derrick Favors,38:14,Joe Ingles,34:05,Joe Johnson,33:58,Boris Diaw,23:48,Rodney Hood,19:54,Shelvin Mack,8:27,Raul Neto,3:16,,
1,.333,3,27.273,2,0.67,98,0,1,100.0,4,.364,3.0,37.5,8.0,11,4,.800,5,45.455,Logos via Sports Logos.net / About logos,W,https://www.basketball-reference.com/boxscores/201704230UTA.html,Home,105,40:44,0,0.0,LAC,JJ Redick,,,,,,,,,,,,,41:45,Chris Paul,38:08,DeAndre Jordan,36:54,Luc Mbah a Moute,33:42,Jamal Crawford,31:27,Raymond Felton,21:30,Marreese Speights,20:36,Paul Pierce,12:07,Wesley Johnson,3:51,98,1,13,6.0,46.2,3.0,23.1,4.0,30.8,George Hill,7,0,2016-2017,0.0,3,1.0,UTA,105,Joe Ingles,Shelvin Mack,4:54,,,,,,,,,,,37:55,Rodney Hood,35:12,Joe Johnson,34:36,Derrick Favors,24:12,Rudy Gobert,23:50,Dante Exum,11:45,Boris Diaw,10:25,Gordon Hayward,9:12,Raul Neto,7:16
1,.143,7,58.333,7,3.50,96,0,4,80.0,3,.250,2.0,40.0,5.0,12,5,1.000,5,41.667,Logos via Sports Logos.net / About logos,W,https://www.basketball-reference.com/boxscores/201704250LAC.html,Away,92,35:46,1,20.0,LAC,DeAndre Jordan,Brandon Bass,3:47,Wesley Johnson,3:27,,,,,,,,,39:42,Chris Paul,37:42,Luc Mbah a Moute,36:52,JJ Redick,34:14,Jamal Crawford,23:01,Austin Rivers,17:47,Raymond Felton,16:31,Paul Pierce,13:47,Marreese Speights,13:11,92,3,12,4.0,33.3,3.0,25.0,5.0,41.7,George Hill,4,0,2016-2017,0.0,2,5.0,UTA,96,Gordon Hayward,,,,,,,,,,,,,40:46,Rudy Gobert,35:53,Joe Johnson,30:51,Rodney Hood,29:17,Joe Ingles,29:02,Boris Diaw,14:20,Derrick Favors,11:52,Raul Neto,8:08,Dante Exum,4:05
1,.500,2,15.385,3,,98,1,4,80.0,8,.615,7.0,63.6,11.0,13,5,.556,9,69.231,Logos via Sports Logos.net / About logos,L,https://www.basketball-reference.com/boxscores/201704280UTA.html,Home,93,31:30,1,20.0,LAC,DeAndre Jordan,,,,,,,,,,,,,38:20,Chris Paul,37:53,Austin Rivers,34:34,Jamal Crawford,29:03,Luc Mbah a Moute,28:44,Paul Pierce,21:43,JJ Redick,20:31,Raymond Felton,19:33,Marreese Speights,9:40,98,3,22,14.0,63.6,3.0,13.6,5.0,22.7,George Hill,5,0,2016-2017,1.0,0,5.0,UTA,93,Gordon Hayward,,,,,,,,,,,,,42:08,Joe Johnson,33:45,Rudy Gobert,33:27,Joe Ingles,32:22,Rodney Hood,24:26,Derrick Favors,14:33,Boris Diaw,14:15,Raul Neto,13:34,,
1,.500,2,15.385,5,2.50,104,0,2,50.0,7,.538,6.0,54.5,11.0,13,2,1.000,2,15.385,Logos via Sports Logos.net / About logos,W,https://www.basketball-reference.com/boxscores/201704300LAC.html,Away,91,34:54,2,50.0,LAC,Chris Paul,,,,,,,,,,,,,40:03,DeAndre Jordan,39:30,Austin Rivers,37:50,Jamal Crawford,32:05,Raymond Felton,23:43,JJ Redick,22:16,Paul Pierce,21:30,Luc Mbah a Moute,14:34,Marreese Speights,8:30,91,3,17,12.0,70.6,3.0,17.6,2.0,11.8,George Hill,13,0,2016-2017,0.0,2,4.0,UTA,104,Gordon Hayward,Jeff Withey,2:56,Raul Neto,1:55,,,,,,,,,42:27,Joe Ingles,36:03,Joe Johnson,30:19,Derrick Favors,29:47,Rodney Hood,19:48,Boris Diaw,17:22,Rudy Gobert,13:26,Dante Exum,7:50,Shelvin Mack,3:13
1,.333,3,33.333,3,3.00,94,0,2,50.0,3,.333,2.0,33.3,6.0,9,0,,0,0.000,Logos via Sports Logos.net / About logos,L,https://www.basketball-reference.com/boxscores/201705020GSW.html,Away,106,27:45,2,50.0,GSW,Draymond Green,JaVale McGee,9:57,Matt Barnes,4:00,James Michael McAdoo,3:24,Patrick McCaw,3:22,,,,,34:14,Kevin Durant,30:58,Klay Thompson,30:35,Stephen Curry,29:59,Andre Iguodala,23:36,Shaun Livingston,20:16,Ian Clark,18:01,David West,17:37,Zaza Pachulia,14:01,106,2,7,4.0,57.1,3.0,42.9,0.0,0.0,George Hill,12,0,2016-2017,0.0,1,4.0,UTA,94,Gordon Hayward,Trey Lyles,5:37,Joel Bolomboy,5:16,Raul Neto,2:52,,,,,,,34:32,Rudy Gobert,30:36,Joe Ingles,23:18,Rodney Hood,22:41,Joe Johnson,22:23,Shelvin Mack,20:58,Boris Diaw,20:00,Derrick Favors,12:08,Dante Exum,11:54
1,.500,2,18.182,3,0.75,105,0,2,66.7,6,.545,5.0,55.6,9.0,11,3,.750,4,36.364,Logos via Sports Logos.net / About logos,L,https://www.basketball-reference.com/boxscores/201710180SAC.html,Home,100,32:35,1,33.3,HOU,James Harden,,,,,,,,,,,,,37:46,Eric Gordon,34:49,Trevor Ariza,32:26,P.J. Tucker,29:06,Clint Capela,28:20,Ryan Anderson,25:41,Luc Mbah a Moute,24:01,Nenê,17:37,Demetrius Jackson,10:14,105,3,16,10.0,62.5,3.0,18.8,3.0,18.8,George Hill,5,0,2017-2018,0.0,4,3.0,SAC,100,Buddy Hield,,,,,,,,,,,,,32:49,Skal Labissière,32:46,Willie Cauley-Stein,31:38,Garrett Temple,29:54,De'Aaron Fox,23:36,Justin Jackson,19:26,Kosta Koufos,17:33,Vince Carter,14:11,Malachi Richardson,5:32
3,1.000,3,25.000,2,0.40,93,0,4,80.0,9,.750,6.0,66.7,9.0,12,0,.000,1,8.333,Logos via Sports Logos.net / About logos,W,https://www.basketball-reference.com/boxscores/201710200DAL.html,Away,88,31:56,1,20.0,DAL,Harrison Barnes,Dwight Powell,9:44,,,,,,,,,,,38:49,Wesley Matthews,33:32,Yogi Ferrell,30:21,Dirk Nowitzki,29:13,J.J. Barea,27:18,Nerlens Noel,27:09,Dorian Finney-Smith,21:08,Salah Mejri,12:48,Gian Clavell,9:58,88,1,21,12.0,57.1,9.0,42.9,0.0,0.0,George Hill,5,2,2017-2018,2.0,5,5.0,SAC,93,Zach Randolph,,,,,,,,,,,,,30:19,Garrett Temple,28:29,Buddy Hield,27:28,Willie Cauley-Stein,26:51,De'Aaron Fox,26:19,Kosta Koufos,21:09,Vince Carter,17:20,Justin Jackson,17:12,Skal Labissière,12:57
0,.000,2,40.000,1,0.33,79,0,0,,1,.200,1.0,33.3,3.0,5,2,1.000,2,40.000,Logos via Sports Logos.net / About logos,L,https://www.basketball-reference.com/boxscores/201710210DEN.html,Away,96,22:21,0,,DEN,Nikola Jokić,Juancho Hernangómez,6:47,Trey Lyles,3:21,Malik Beasley,1:11,,,,,,,30:32,Gary Harris,29:59,Wilson Chandler,29:39,Paul Millsap,28:54,Will Barton,28:24,Emmanuel Mudiay,28:06,Kenneth Faried,22:34,Jamal Murray,19:54,Mason Plumlee,10:39,96,0,4,2.0,50.0,0.0,0.0,2.0,50.0,George Hill,17,0,2017-2018,0.0,3,0.0,SAC,79,De'Aaron Fox,Malachi Richardson,14:27,JaKarr Sampson,5:56,Vince Carter,5:33,,,,,,,28:51,Willie Cauley-Stein,26:32,Skal Labissière,25:01,Buddy Hield,22:16,Zach Randolph,20:01,Justin Jackson,19:36,Frank Mason III,17:08,Garrett Temple,16:46,Kosta Koufos,15:32
0,.000,1,20.000,4,,115,0,2,66.7,0,.000,0.0,0.0,4.0,5,2,1.000,2,40.000,Logos via Sports Logos.net / About logos,L,https://www.basketball-reference.com/boxscores/201710230PHO.html,Away,117,25:29,1,33.3,PHO,Tyson Chandler,Dragan Bender,13:48,Jared Dudley,4:41,,,,,,,,,30:32,Marquese Chriss,29:22,Devin Booker,28:50,Mike James,26:48,T.J. Warren,24:08,Josh Jackson,23:57,Tyler Ulis,21:12,Troy Daniels,19:16,Alex Len,17:26,117,1,2,0.0,0.0,0.0,0.0,2.0,100.0,George Hill,2,2,2017-2018,2.0,0,3.0,SAC,115,De'Aaron Fox,Vince Carter,6:49,,,,,,,,,,,30:20,Skal Labissière,28:26,Willie Cauley-Stein,28:10,Bogdan Bogdanović,25:29,Garrett Temple,23:45,Kosta Koufos,21:53,Justin Jackson,17:26,Buddy Hield,16:46,Zach Randolph,15:27
0,,0,0.000,5,5.00,114,0,3,100.0,2,.500,2.0,50.0,4.0,4,2,1.000,2,50.000,Logos via Sports Logos.net / About logos,L,https://www.basketball-reference.com/boxscores/201710260SAC.html,Home,106,30:17,0,0.0,NOP,DeMarcus Cousins,,,,,,,,,,,,,43:46,Jrue Holiday,40:36,E'Twaun Moore,38:12,Jameer Nelson,35:31,Dante Cunningham,34:28,Ian Clark,20:25,Tony Allen,12:09,Cheick Diallo,9:05,Darius Miller,5:48,114,3,6,4.0,66.7,0.0,0.0,2.0,33.3,George Hill,8,0,2017-2018,0.0,1,3.0,SAC,106,Willie Cauley-Stein,Vince Carter,7:17,,,,,,,,,,,29:42,Zach Randolph,29:01,Bogdan Bogdanović,25:27,De'Aaron Fox,25:00,Garrett Temple,24:29,Buddy Hield,19:32,Kosta Koufos,18:18,Justin Jackson,15:32,Skal Labissière,15:25
0,.000,1,8.333,2,1.00,83,0,6,100.0,4,.333,4.0,36.4,11.0,12,0,,0,0.000,Logos via Sports Logos.net / About logos,L,https://www.basketball-reference.com/boxscores/201710310IND.html,Away,101,27:04,0,0.0,IND,Victor Oladipo,Joe Young,9:54,Ike Anigbogu,4:55,Damien Wilkins,4:55,Alex Poythress,2:06,,,,,28:07,Thaddeus Young,27:24,Bojan Bogdanović,27:11,Domantas Sabonis,25:07,Darren Collison,24:49,Lance Stephenson,24:18,Cory Joseph,22:40,T.J. Leaf,20:36,Al Jefferson,17:58,101,1,8,8.0,100.0,0.0,0.0,0.0,0.0,George Hill,18,0,2017-2018,0.0,2,6.0,SAC,83,Bogdan Bogdanović,Frank Mason III,4:55,Georgios Papagiannis,4:55,,,,,,,,,28:06,De'Aaron Fox,27:46,Skal Labissière,24:59,Zach Randolph,23:01,Willie Cauley-Stein,22:38,Kosta Koufos,20:27,Malachi Richardson,19:26,Buddy Hield,19:18,Justin Jackson,17:25
2,.667,3,37.500,2,2.00,86,0,0,,4,.500,2.0,40.0,5.0,8,0,,0,0.000,Logos via Sports Logos.net / About logos,L,https://www.basketball-reference.com/boxscores/201711010BOS.html,Away,113,23:09,0,,BOS,Kyrie Irving,Abdel Nader,13:04,Shane Larkin,8:15,Guerschon Yabusele,6:59,,,,,,,27:00,Jayson Tatum,26:25,Marcus Smart,25:36,Al Horford,25:33,Jaylen Brown,24:41,Aron Baynes,22:43,Semi Ojeleye,22:27,Terry Rozier,18:59,Daniel Theis,18:18,113,2,10,4.0,40.0,6.0,60.0,0.0,0.0,George Hill,27,1,2017-2018,1.0,1,0.0,SAC,86,De'Aaron Fox,Vince Carter,9:09,Malachi Richardson,8:15,Frank Mason III,6:59,,,,,,,28:05,Buddy Hield,26:45,Zach Randolph,22:47,Kosta Koufos,20:34,Garrett Temple,20:24,Justin Jackson,19:27,Bogdan Bogdanović,19:11,Willie Cauley-Stein,19:11,Skal Labissière,16:04
0,.000,2,66.667,3,3.00,86,0,5,100.0,0,.000,0.0,0.0,1.0,3,1,.500,2,66.667,Logos via Sports Logos.net / About logos,W,https://www.basketball-reference.com/boxscores/201711070SAC.html,Home,94,24:06,0,0.0,OKC,Paul George,Álex Abrines,5:13,Terrance Ferguson,4:42,,,,,,,,,36:57,Russell Westbrook,36:35,Carmelo Anthony,34:03,Steven Adams,29:01,Andre Roberson,28:44,Jerami Grant,26:41,Patrick Patterson,15:13,Raymond Felton,13:54,Josh Huestis,8:58,86,2,1,0.0,0.0,0.0,0.0,1.0,100.0,George Hill,8,0,2017-2018,0.0,1,5.0,SAC,94,Garrett Temple,Kosta Koufos,9:05,,,,,,,,,,,30:46,Justin Jackson,30:27,Buddy Hield,27:37,Zach Randolph,26:32,De'Aaron Fox,23:54,Bogdan Bogdanović,21:05,Willie Cauley-Stein,21:05,Vince Carter,14:50,Skal Labissière,10:34
0,.000,1,25.000,7,7.00,108,0,3,100.0,0,.000,0.0,0.0,3.0,4,2,.500,4,100.000,Logos via Sports Logos.net / About logos,W,https://www.basketball-reference.com/boxscores/201711090SAC.html,Home,109,19:17,0,0.0,PHI,Robert Covington,Amir Johnson,6:47,,,,,,,,,,,35:02,Dario Šarić,34:36,JJ Redick,33:33,Joel Embiid,32:19,T.J. McConnell,28:44,Ben Simmons,26:53,Justin Anderson,16:40,Timothé Luwawu-Cabarrot,16:32,Richaun Holmes,8:54,108,1,2,0.0,0.0,0.0,0.0,2.0,100.0,George Hill,1,0,2017-2018,0.0,1,3.0,SAC,109,Justin Jackson,Malachi Richardson,7:27,,,,,,,,,,,29:34,De'Aaron Fox,29:34,Zach Randolph,29:12,Garrett Temple,25:56,Willie Cauley-Stein,24:28,Bogdan Bogdanović,22:39,Kosta Koufos,20:56,Buddy Hield,20:27,Skal Labissière,10:31
1,.333,3,60.000,2,2.00,91,1,3,100.0,1,.200,0.0,0.0,2.0,5,1,.500,2,40.000,Logos via Sports Logos.net / About logos,L,https://www.basketball-reference.com/boxscores/201711110NYK.html,Away,118,21:00,0,0.0,NYK,Courtney Lee,Kyle O'Quinn,12:51,Willy Hernangómez,8:42,,,,,,,,,29:30,Doug McDermott,28:29,Kristaps Porziņģis,26:37,Enes Freedom,26:27,Jarrett Jack,24:51,Tim Hardaway Jr.,23:42,Frank Ntilikina,23:09,Michael Beasley,21:23,Damyean Dotson,14:19,118,2,4,0.0,0.0,3.0,75.0,1.0,25.0,George Hill,27,0,2017-2018,1.0,1,3.0,SAC,91,Buddy Hield,Frank Mason III,12:00,,,,,,,,,,,27:07,Kosta Koufos,25:46,Justin Jackson,25:19,De'Aaron Fox,24:56,Skal Labissière,24:52,Garrett Temple,21:37,Bogdan Bogdanović,20:53,Zach Randolph,19:50,Willie Cauley-Stein,16:40
3,1.000,3,33.333,2,,92,0,3,75.0,5,.556,2.0,33.3,6.0,9,3,1.000,3,33.333,Logos via Sports Logos.net / About logos,L,https://www.basketball-reference.com/boxscores/201711130WAS.html,Away,110,25:00,1,25.0,WAS,Bradley Beal,Ian Mahinmi,13:25,Chris McCullough,3:08,Tomáš Satoranský,3:08,,,,,,,33:09,Marcin Gortat,30:58,John Wall,27:26,Otto Porter Jr.,27:00,Mike Scott,25:46,Kelly Oubre Jr.,22:06,Markieff Morris,20:11,Tim Frazier,18:52,Jodie Meeks,14:51,110,0,16,4.0,25.0,9.0,56.2,3.0,18.8,George Hill,18,1,2017-2018,1.0,0,4.0,SAC,92,Buddy Hield,Georgios Papagiannis,3:08,,,,,,,,,,,26:01,Justin Jackson,26:01,De'Aaron Fox,25:46,Skal Labissière,25:02,Willie Cauley-Stein,23:21,Zach Randolph,22:42,Garrett Temple,21:18,Kosta Koufos,21:18,Bogdan Bogdanović,20:23
1,.200,5,45.455,2,,80,0,1,100.0,4,.364,3.0,50.0,6.0,11,3,1.000,3,27.273,Logos via Sports Logos.net / About logos,L,https://www.basketball-reference.com/boxscores/201711150ATL.html,Away,126,24:21,0,0.0,ATL,Taurean Prince,Ersan İlyasova,17:58,Luke Babbitt,11:03,,,,,,,,,31:43,Dennis Schröder,25:12,Dewayne Dedmon,23:53,Malcolm Delaney,23:18,Kent Bazemore,23:16,John Collins,22:23,Isaiah Taylor,22:02,Marco Belinelli,19:53,Tyler Cavanaugh,19:19,126,1,12,6.0,50.0,3.0,25.0,3.0,25.0,George Hill,46,3,2017-2018,3.0,0,1.0,SAC,80,Justin Jackson,Georgios Papagiannis,10:31,Frank Mason III,9:31,Skal Labissière,7:10,,,,,,,25:53,Zach Randolph,24:30,Bogdan Bogdanović,22:49,Willie Cauley-Stein,20:43,Buddy Hield,20:35,Malachi Richardson,20:22,De'Aaron Fox,18:55,Garrett Temple,17:54,Kosta Koufos,16:46
1,.333,3,25.000,0,0.00,82,1,2,50.0,6,.500,5.0,55.6,9.0,12,1,1.000,1,8.333,Logos via Sports Logos.net / About logos,W,https://www.basketball-reference.com/boxscores/201711170SAC.html,Home,86,27:25,2,50.0,POR,CJ McCollum,Caleb Swanigan,9:37,Jake Layman,4:06,Meyers Leonard,3:50,,,,,,,37:30,Damian Lillard,36:51,Jusuf Nurkić,27:26,Maurice Harkless,23:59,Noah Vonleh,23:20,Ed Davis,22:05,Shabazz Napier,21:31,Evan Turner,19:45,Pat Connaughton,9:59,82,4,14,10.0,71.4,3.0,21.4,1.0,7.1,George Hill,4,0,2017-2018,1.0,2,4.0,SAC,86,Kosta Koufos,,,,,,,,,,,,,32:30,Willie Cauley-Stein,31:13,Garrett Temple,28:51,De'Aaron Fox,26:33,Bogdan Bogdanović,24:20,Frank Mason III,21:27,Skal Labissière,16:47,Buddy Hield,16:33,Zach Randolph,14:21
2,.667,3,27.273,1,1.00,90,1,4,100.0,5,.455,3.0,37.5,8.0,11,0,.000,1,9.091,Logos via Sports Logos.net / About logos,L,https://www.basketball-reference.com/boxscores/201711180POR.html,Away,102,30:55,0,0.0,POR,CJ McCollum,Evan Turner,16:27,Zach Collins,1:36,Jake Layman,1:36,Caleb Swanigan,1:36,,,,,34:54,Damian Lillard,33:57,Jusuf Nurkić,24:51,Pat Connaughton,21:59,Meyers Leonard,21:49,Ed Davis,21:33,Shabazz Napier,20:36,Noah Vonleh,20:03,Maurice Harkless,19:04,102,4,12,6.0,50.0,6.0,50.0,0.0,0.0,George Hill,12,2,2017-2018,3.0,1,4.0,SAC,90,Willie Cauley-Stein,Jack Cooley,1:36,,,,,,,,,,,32:35,Bogdan Bogdanović,27:38,De'Aaron Fox,27:36,Garrett Temple,27:23,Kosta Koufos,22:52,Zach Randolph,21:47,Frank Mason III,19:32,Malachi Richardson,17:01,Skal Labissière,11:05
3,.600,5,50.000,2,,114,1,3,100.0,6,.600,3.0,60.0,5.0,10,1,1.000,1,10.000,Logos via Sports Logos.net / About logos,L,https://www.basketball-reference.com/boxscores/201711200SAC.html,Home,98,32:30,0,0.0,DEN,Gary Harris,Malik Beasley,2:31,Tyler Lydon,2:10,,,,,,,,,38:43,Will Barton,36:43,Nikola Jokić,34:57,Jamal Murray,24:07,Juancho Hernangómez,22:38,Mason Plumlee,20:25,Emmanuel Mudiay,19:39,Kenneth Faried,19:09,Trey Lyles,18:58,114,2,16,6.0,37.5,9.0,56.2,1.0,6.2,George Hill,16,4,2017-2018,5.0,0,3.0,SAC,98,De'Aaron Fox,Malachi Richardson,8:52,,,,,,,,,,,32:23,Kosta Koufos,28:00,Zach Randolph,25:43,Garrett Temple,25:39,Willie Cauley-Stein,22:45,Frank Mason III,21:11,Bogdan Bogdanović,21:00,Skal Labissière,12:34,Justin Jackson,9:23
0,.000,1,50.000,1,,102,0,3,100.0,0,.000,0.0,0.0,1.0,2,0,,0,0.000,Logos via Sports Logos.net / About logos,W,https://www.basketball-reference.com/boxscores/201711220SAC.html,Home,113,22:20,0,0.0,LAL,Lonzo Ball,Andrew Bogut,5:46,Tyler Ennis,1:12,Ivica Zubac,1:12,,,,,,,37:16,Kyle Kuzma,35:33,Kentavious Caldwell-Pope,35:21,Brandon Ingram,32:38,Julius Randle,29:21,Jordan Clarkson,25:51,Brook Lopez,17:27,Josh Hart,10:10,Corey Brewer,8:13,102,1,0,0.0,,0.0,,0.0,,George Hill,11,0,2017-2018,0.0,0,3.0,SAC,113,Zach Randolph,Kosta Koufos,7:55,Justin Jackson,1:12,Malachi Richardson,1:12,,,,,,,30:12,Garrett Temple,29:32,Willie Cauley-Stein,28:09,Bogdan Bogdanović,26:44,Frank Mason III,26:10,De'Aaron Fox,23:02,Skal Labissière,19:12,Buddy Hield,15:00,Vince Carter,9:20
1,.500,2,28.571,3,3.00,97,0,3,100.0,4,.571,3.0,60.0,5.0,7,1,.500,2,28.571,Logos via Sports Logos.net / About logos,L,https://www.basketball-reference.com/boxscores/201711250SAC.html,Home,95,23:25,0,0.0,LAC,Wesley Johnson,Jawun Evans,5:12,C.J. Williams,4:45,,,,,,,,,39:39,Blake Griffin,38:26,Austin Rivers,37:24,Lou Williams,36:11,DeAndre Jordan,28:24,Sindarius Thornwell,19:46,Montrezl Harrell,16:03,Sam Dekker,8:54,Willie Reed,5:16,97,2,10,6.0,60.0,3.0,30.0,1.0,10.0,George Hill,2,0,2017-2018,0.0,1,3.0,SAC,95,Garrett Temple,,,,,,,,,,,,,32:50,Zach Randolph,30:40,Willie Cauley-Stein,29:55,De'Aaron Fox,28:57,Buddy Hield,25:58,Bogdan Bogdanović,22:58,Kosta Koufos,22:40,Skal Labissière,12:43,Frank Mason III,9:54
4,.800,5,50.000,1,1.00,110,0,0,0.0,6,.600,2.0,40.0,5.0,10,0,,0,0.000,Logos via Sports Logos.net / About logos,W,https://www.basketball-reference.com/boxscores/201711270GSW.html,Away,106,30:41,2,100.0,GSW,Draymond Green,JaVale McGee,8:25,Jordan Bell,6:08,Kevon Looney,4:03,,,,,,,38:50,Patrick McCaw,33:17,Klay Thompson,32:30,Omri Casspi,30:28,Andre Iguodala,25:37,Shaun Livingston,17:49,David West,16:37,Zaza Pachulia,14:03,Nick Young,12:13,106,1,16,4.0,25.0,12.0,75.0,0.0,0.0,George Hill,4,0,2017-2018,0.0,1,2.0,SAC,110,Garrett Temple,Kosta Koufos,9:34,,,,,,,,,,,30:27,Willie Cauley-Stein,29:19,Frank Mason III,24:54,De'Aaron Fox,23:06,Bogdan Bogdanović,21:51,Zach Randolph,21:49,Vince Carter,17:49,Skal Labissière,15:20,Buddy Hield,15:10
0,.000,2,100.000,2,,112,0,2,100.0,0,.000,0.0,,0.0,2,2,1.000,2,100.000,Logos via Sports Logos.net / About logos,L,https://www.basketball-reference.com/boxscores/201711280SAC.html,Home,87,19:52,0,0.0,MIL,Tony Snell,D.J. Wilson,12:52,Rashad Vaughn,4:23,Joel Bolomboy,4:23,Gary Payton II,4:23,,,,,29:41,Giannis Antetokounmpo,26:15,DeAndre Liggins,24:41,John Henson,24:01,Eric Bledsoe,23:49,Khris Middleton,23:32,Jason Terry,22:36,Malcolm Brogdon,19:48,Thon Maker,19:36,112,3,2,0.0,0.0,0.0,0.0,2.0,100.0,George Hill,25,0,2017-2018,0.0,0,2.0,SAC,87,Garrett Temple,Vince Carter,9:21,Malachi Richardson,8:23,Justin Jackson,7:13,,,,,,,24:30,Willie Cauley-Stein,24:24,Skal Labissière,24:14,Frank Mason III,24:02,De'Aaron Fox,23:58,Buddy Hield,21:19,Bogdan Bogdanović,19:36,Zach Randolph,19:16,Kosta Koufos,13:52
0,.000,2,28.571,4,,107,0,2,66.7,4,.571,4.0,80.0,5.0,7,1,1.000,1,14.286,Logos via Sports Logos.net / About logos,W,https://www.basketball-reference.com/boxscores/201712010CHI.html,Away,106,25:45,1,33.3,CHI,Justin Holiday,Antonio Blakeney,4:36,,,,,,,,,,,36:23,Robin Lopez,29:17,Lauri Markkanen,27:50,Kris Dunn,27:33,Jerian Grant,26:48,Denzel Valentine,25:35,Paul Zipser,23:16,David Nwaba,22:27,Cristiano Felício,16:16,106,1,9,8.0,88.9,0.0,0.0,1.0,11.1,George Hill,1,2,2017-2018,2.0,0,3.0,SAC,107,Garrett Temple,Buddy Hield,7:27,,,,,,,,,,,36:48,Zach Randolph,31:41,Bogdan Bogdanović,30:29,De'Aaron Fox,27:47,Willie Cauley-Stein,23:52,Frank Mason III,15:44,Skal Labissière,14:38,Kosta Koufos,13:56,Vince Carter,11:53
0,,0,0.000,1,0.50,104,0,0,,1,.500,1.0,50.0,2.0,2,4,1.000,4,200.000,Logos via Sports Logos.net / About logos,L,https://www.basketball-reference.com/boxscores/201712020MIL.html,Away,109,18:12,0,,MIL,Khris Middleton,,,,,,,,,,,,,34:25,Giannis Antetokounmpo,33:57,Eric Bledsoe,32:36,Tony Snell,31:07,John Henson,28:52,Malcolm Brogdon,25:16,Jason Terry,21:46,Thon Maker,19:08,DeAndre Liggins,12:54,109,0,6,2.0,33.3,0.0,0.0,4.0,66.7,George Hill,5,1,2017-2018,1.0,2,0.0,SAC,104,Zach Randolph,Vince Carter,7:48,Skal Labissière,4:19,,,,,,,,,33:36,Garrett Temple,32:27,Buddy Hield,29:48,Bogdan Bogdanović,27:23,JaKarr Sampson,24:54,Frank Mason III,23:22,De'Aaron Fox,20:37,Kosta Koufos,8:50,Willie Cauley-Stein,8:44
2,.333,6,60.000,3,3.00,95,2,5,100.0,4,.400,2.0,50.0,4.0,10,0,,0,0.000,Logos via Sports Logos.net / About logos,L,https://www.basketball-reference.com/boxscores/201712060CLE.html,Away,101,30:02,0,0.0,CLE,LeBron James,Cedi Osman,3:51,,,,,,,,,,,41:03,J.R. Smith,33:36,Kevin Love,29:52,Kyle Korver,25:52,Dwyane Wade,24:45,Jeff Green,24:03,Jae Crowder,23:52,Channing Frye,17:52,José Calderón,15:14,101,1,10,4.0,40.0,6.0,60.0,0.0,0.0,George Hill,6,1,2017-2018,3.0,1,5.0,SAC,95,JaKarr Sampson,,,,,,,,,,,,,32:57,Zach Randolph,31:55,De'Aaron Fox,28:50,Buddy Hield,25:43,Frank Mason III,19:10,Garrett Temple,19:04,Vince Carter,18:32,Bogdan Bogdanović,17:41,Kosta Koufos,16:06
1,.333,3,37.500,3,3.00,116,0,0,0.0,4,.500,3.0,60.0,5.0,8,0,,0,0.000,Logos via Sports Logos.net / About logos,W,https://www.basketball-reference.com/boxscores/201712080NOP.html,Away,109,18:27,2,100.0,NOP,DeMarcus Cousins,,,,,,,,,,,,,41:07,E'Twaun Moore,39:56,Jrue Holiday,37:45,Anthony Davis,30:35,Jameer Nelson,30:24,Ian Clark,27:50,Dante Cunningham,25:08,Darius Miller,23:05,Ömer Aşık,9:10,109,0,9,6.0,66.7,3.0,33.3,0.0,0.0,George Hill,7,1,2017-2018,1.0,1,2.0,SAC,116,De'Aaron Fox,Georgios Papagiannis,9:22,,,,,,,,,,,36:27,Zach Randolph,33:54,Buddy Hield,33:21,Vince Carter,32:17,Frank Mason III,25:31,Bogdan Bogdanović,24:47,Garrett Temple,20:27,Kosta Koufos,17:59,JaKarr Sampson,12:28
2,.667,3,33.333,3,1.00,92,0,7,100.0,6,.667,4.0,66.7,6.0,9,4,.667,6,66.667,Logos via Sports Logos.net / About logos,W,https://www.basketball-reference.com/boxscores/201712120SAC.html,Home,99,28:00,0,0.0,PHO,T.J. Warren,,,,,,,,,,,,,38:30,Tyler Ulis,31:45,Josh Jackson,30:17,Tyson Chandler,29:21,Troy Daniels,27:58,Marquese Chriss,22:58,Dragan Bender,20:53,Mike James,19:39,Alex Len,18:39,92,0,18,8.0,44.4,6.0,33.3,4.0,22.2,George Hill,7,3,2017-2018,3.0,3,7.0,SAC,99,Bogdan Bogdanović,,,,,,,,,,,,,32:47,Willie Cauley-Stein,29:32,Zach Randolph,27:34,Frank Mason III,26:47,Buddy Hield,25:07,De'Aaron Fox,21:13,Kosta Koufos,20:26,Garrett Temple,15:13,Skal Labissière,13:21
4,.800,5,55.556,3,1.50,96,0,2,100.0,5,.556,1.0,25.0,4.0,9,2,1.000,2,22.222,Logos via Sports Logos.net / About logos,L,https://www.basketball-reference.com/boxscores/201712140MIN.html,Away,119,29:47,0,0.0,MIN,Jimmy Butler,Aaron Brooks,2:41,Cole Aldrich,2:41,,,,,,,,,35:33,Karl-Anthony Towns,34:53,Andrew Wiggins,33:49,Jeff Teague,30:12,Taj Gibson,24:22,Gorgui Dieng,24:12,Tyus Jones,17:48,Jamal Crawford,16:55,Marcus Georges-Hunt,16:54,119,2,16,2.0,12.5,12.0,75.0,2.0,12.5,George Hill,23,0,2017-2018,0.0,2,2.0,SAC,96,Bogdan Bogdanović,Justin Jackson,12:45,De'Aaron Fox,7:28,Malachi Richardson,5:31,,,,,,,32:37,Zach Randolph,24:22,Frank Mason III,22:11,Buddy Hield,21:40,Willie Cauley-Stein,19:33,Kosta Koufos,18:35,Garrett Temple,17:32,Vince Carter,15:06,Skal Labissière,12:53
4,.571,7,63.636,5,2.50,93,0,1,100.0,6,.545,2.0,50.0,4.0,11,0,.000,2,18.182,Logos via Sports Logos.net / About logos,L,https://www.basketball-reference.com/boxscores/201712170TOR.html,Away,108,33:04,0,0.0,TOR,DeMar DeRozan,Delon Wright,13:14,,,,,,,,,,,33:30,Kyle Lowry,32:30,OG Anunoby,29:03,Jonas Valančiūnas,27:26,Fred VanVleet,22:06,C.J. Miles,21:30,Norman Powell,21:10,Jakob Poeltl,20:34,Pascal Siakam,18:57,108,1,16,4.0,25.0,12.0,75.0,0.0,0.0,George Hill,15,1,2017-2018,1.0,2,1.0,SAC,93,Willie Cauley-Stein,Skal Labissière,9:07,,,,,,,,,,,33:22,Bogdan Bogdanović,28:35,Garrett Temple,27:42,Kosta Koufos,25:26,Vince Carter,25:09,Buddy Hield,17:09,Frank Mason III,14:56,Justin Jackson,13:38,Georgios Papagiannis,11:53
4,1.000,4,44.444,4,1.33,104,0,5,71.4,7,.778,3.0,60.0,5.0,9,4,1.000,4,44.444,Logos via Sports Logos.net / About logos,W,https://www.basketball-reference.com/boxscores/201712200BRK.html,Away,99,34:46,2,28.6,BRK,Rondae Hollis-Jefferson,Nik Stauskas,3:06,,,,,,,,,,,36:27,Allen Crabbe,32:53,Spencer Dinwiddie,31:22,Caris LeVert,26:47,Joe Harris,25:07,DeMarre Carroll,24:45,Tyler Zeller,20:44,Jarrett Allen,19:51,Quincy Acy,18:58,99,3,22,6.0,27.3,12.0,54.5,4.0,18.2,George Hill,5,0,2017-2018,0.0,3,7.0,SAC,104,Bogdan Bogdanović,,,,,,,,,,,,,33:12,Willie Cauley-Stein,30:45,Garrett Temple,28:00,Zach Randolph,26:28,Kosta Koufos,21:25,Justin Jackson,20:29,Frank Mason III,16:19,Buddy Hield,16:15,Skal Labissière,12:21
1,.500,2,33.333,6,2.00,108,1,2,100.0,3,.500,2.0,50.0,4.0,6,0,,0,0.000,Logos via Sports Logos.net / About logos,L,https://www.basketball-reference.com/boxscores/201712230SAC.html,Home,99,34:10,0,0.0,SAS,LaMarcus Aldridge,Dāvis Bertāns,9:44,,,,,,,,,,,38:33,Pau Gasol,30:40,Kyle Anderson,26:58,Bryn Forbes,26:14,Dejounte Murray,24:56,Tony Parker,23:04,Patty Mills,21:46,Manu Ginóbili,21:24,Rudy Gay,16:41,108,1,7,4.0,57.1,3.0,42.9,0.0,0.0,George Hill,9,0,2017-2018,1.0,3,2.0,SAC,99,Buddy Hield,,,,,,,,,,,,,31:50,Willie Cauley-Stein,31:06,Zach Randolph,31:04,Garrett Temple,31:03,Bogdan Bogdanović,28:39,Kosta Koufos,18:08,Frank Mason III,16:00,Malachi Richardson,9:28,Justin Jackson,8:32
0,.000,2,18.182,5,,95,1,2,100.0,3,.273,3.0,33.3,9.0,11,1,.500,2,18.182,Logos via Sports Logos.net / About logos,L,https://www.basketball-reference.com/boxscores/201712260LAC.html,Away,122,27:10,0,0.0,LAC,Lou Williams,Jamil Wilson,18:54,Willie Reed,5:21,,,,,,,,,26:40,Jawun Evans,26:38,DeAndre Jordan,26:16,Austin Rivers,25:55,Sam Dekker,23:45,Sindarius Thornwell,22:05,C.J. Williams,22:02,Montrezl Harrell,21:44,Miloš Teodosić,20:40,122,0,7,6.0,85.7,0.0,0.0,1.0,14.3,George Hill,27,3,2017-2018,4.0,0,2.0,SAC,95,Malachi Richardson,Georgios Papagiannis,7:55,,,,,,,,,,,30:40,Bogdan Bogdanović,28:52,Willie Cauley-Stein,25:18,Justin Jackson,22:17,Frank Mason III,22:12,Garrett Temple,21:46,Zach Randolph,21:03,Buddy Hield,17:33,Kosta Koufos,15:14
0,.000,2,40.000,1,0.50,95,1,4,80.0,3,.600,3.0,100.0,3.0,5,4,1.000,4,80.000,Logos via Sports Logos.net / About logos,W,https://www.basketball-reference.com/boxscores/201712270SAC.html,Home,109,37:38,1,20.0,CLE,LeBron James,Channing Frye,10:09,Cedi Osman,2:20,,,,,,,,,37:42,Kevin Love,29:40,J.R. Smith,29:30,Jae Crowder,29:17,Jeff Green,26:07,José Calderón,22:43,Kyle Korver,20:35,Dwyane Wade,18:34,Tristan Thompson,13:23,95,4,10,6.0,60.0,0.0,0.0,4.0,40.0,George Hill,14,1,2017-2018,2.0,2,5.0,SAC,109,Willie Cauley-Stein,,,,,,,,,,,,,35:50,Bogdan Bogdanović,30:31,Vince Carter,29:40,Garrett Temple,28:13,Buddy Hield,24:07,Zach Randolph,19:45,Malachi Richardson,15:37,Frank Mason III,10:02,Justin Jackson,8:37
1,.167,6,54.545,1,1.00,111,0,2,66.7,2,.182,1.0,20.0,5.0,11,7,.778,9,81.818,Logos via Sports Logos.net / About logos,L,https://www.basketball-reference.com/boxscores/201712290SAC.html,Home,101,29:58,1,33.3,PHO,T.J. Warren,Josh Jackson,10:00,,,,,,,,,,,38:00,Devin Booker,31:51,Tyson Chandler,29:38,Marquese Chriss,28:15,Tyler Ulis,23:59,Troy Daniels,20:45,Dragan Bender,19:45,Isaiah Canaan,19:25,Alex Len,18:22,111,4,12,2.0,16.7,3.0,25.0,7.0,58.3,George Hill,10,0,2017-2018,0.0,1,3.0,SAC,101,Frank Mason III,,,,,,,,,,,,,34:03,Willie Cauley-Stein,30:40,Bogdan Bogdanović,30:26,Garrett Temple,27:35,Buddy Hield,24:42,Zach Randolph,24:34,Kosta Koufos,22:14,Skal Labissière,15:48,,
1,.250,4,40.000,2,2.00,114,0,1,100.0,4,.400,3.0,50.0,6.0,10,0,,0,0.000,Logos via Sports Logos.net / About logos,L,https://www.basketball-reference.com/boxscores/201712310SAC.html,Home,96,23:44,0,0.0,MEM,Tyreke Evans,Wayne Selden,16:52,Mario Chalmers,13:25,Ben McLemore,12:00,Brandan Wright,4:56,,,,,25:40,Marc Gasol,24:15,Jarell Martin,24:06,Deyonta Davis,23:45,Kobi Simmons,21:04,JaMychal Green,18:59,Andrew Harrison,18:59,Dillon Brooks,18:39,James Ennis III,17:21,114,1,9,6.0,66.7,3.0,33.3,0.0,0.0,George Hill,18,0,2017-2018,0.0,1,1.0,SAC,96,Buddy Hield,Kosta Koufos,9:58,Georgios Papagiannis,9:12,Frank Mason III,4:56,,,,,,,30:31,Willie Cauley-Stein,28:50,Bogdan Bogdanović,27:43,Garrett Temple,21:56,Skal Labissière,19:56,Malachi Richardson,18:42,Zach Randolph,18:28,Vince Carter,15:22,Justin Jackson,10:42
3,1.000,3,42.857,2,0.50,131,1,1,100.0,4,.571,1.0,25.0,4.0,7,0,,0,0.000,Logos via Sports Logos.net / About logos,L,https://www.basketball-reference.com/boxscores/201801020SAC.html,Home,111,28:14,0,0.0,CHO,Nicolas Batum,Michael Carter-Williams,16:13,Malik Monk,5:11,Dwayne Bacon,4:05,Julyan Stone,2:02,,,,,30:36,Kemba Walker,29:45,Dwight Howard,29:07,Frank Kaminsky,24:39,Jeremy Lamb,23:15,Michael Kidd-Gilchrist,20:40,Marvin Williams,19:16,Johnny O'Bryant,18:53,Treveon Graham,16:18,131,2,11,2.0,18.2,9.0,81.8,0.0,0.0,George Hill,20,0,2017-2018,1.0,4,1.0,SAC,111,De'Aaron Fox,Justin Jackson,6:21,Malachi Richardson,6:21,,,,,,,,,32:49,Skal Labissière,28:21,Zach Randolph,25:08,Buddy Hield,24:33,Bogdan Bogdanović,23:38,Willie Cauley-Stein,22:44,Garrett Temple,22:04,Kosta Koufos,13:04,Georgios Papagiannis,6:43
1,.167,6,46.154,3,1.50,121,1,2,66.7,5,.385,4.0,57.1,7.0,13,10,.769,13,100.000,Logos via Sports Logos.net / About logos,L,https://www.basketball-reference.com/boxscores/201801110SAC.html,Home,115,35:13,1,33.3,LAC,Tyrone Wallace,Willie Reed,10:02,,,,,,,,,,,36:37,Lou Williams,34:39,Blake Griffin,32:53,Montrezl Harrell,27:04,Miloš Teodosić,25:32,Wesley Johnson,24:44,Jawun Evans,22:28,Sam Dekker,15:07,DeAndre Jordan,10:54,121,4,21,8.0,38.1,3.0,14.3,10.0,47.6,George Hill,6,2,2017-2018,3.0,2,3.0,SAC,115,Buddy Hield,,,,,,,,,,,,,31:33,Bogdan Bogdanović,30:54,De'Aaron Fox,29:22,Zach Randolph,26:41,Kosta Koufos,24:54,Willie Cauley-Stein,23:09,Skal Labissière,21:06,Garrett Temple,17:08,,
0,.000,2,50.000,4,,105,1,0,0.0,1,.250,1.0,50.0,2.0,4,0,,0,0.000,Logos via Sports Logos.net / About logos,L,https://www.basketball-reference.com/boxscores/201801130LAC.html,Away,126,19:26,1,100.0,LAC,Lou Williams,Sindarius Thornwell,5:00,,,,,,,,,,,35:23,Tyrone Wallace,32:03,Blake Griffin,28:39,Willie Reed,26:03,Jawun Evans,24:45,Wesley Johnson,23:34,Miloš Teodosić,23:15,Montrezl Harrell,21:57,Sam Dekker,19:21,126,2,2,2.0,100.0,0.0,0.0,0.0,0.0,George Hill,21,0,2017-2018,1.0,0,1.0,SAC,105,De'Aaron Fox,Justin Jackson,6:26,,,,,,,,,,,35:21,Willie Cauley-Stein,32:31,Garrett Temple,26:11,Bogdan Bogdanović,25:28,Skal Labissière,21:40,Buddy Hield,21:28,Zach Randolph,19:16,Kosta Koufos,17:46,Vince Carter,14:27
2,.333,6,75.000,1,0.50,88,0,3,75.0,4,.500,2.0,100.0,2.0,8,0,,0,0.000,Logos via Sports Logos.net / About logos,L,https://www.basketball-reference.com/boxscores/201801150OKC.html,Away,95,24:17,1,25.0,OKC,Paul George,Patrick Patterson,16:01,,,,,,,,,,,35:40,Russell Westbrook,32:55,Steven Adams,31:59,Carmelo Anthony,31:46,Jerami Grant,20:05,Álex Abrines,18:28,Terrance Ferguson,18:17,Josh Huestis,17:26,Raymond Felton,17:23,95,4,10,4.0,40.0,6.0,60.0,0.0,0.0,George Hill,7,2,2017-2018,2.0,2,4.0,SAC,88,Willie Cauley-Stein,,,,,,,,,,,,,39:51,Bogdan Bogdanović,30:22,Buddy Hield,27:54,Skal Labissière,27:40,De'Aaron Fox,27:07,Justin Jackson,24:26,Kosta Koufos,19:12,Garrett Temple,17:48,Georgios Papagiannis,1:23
4,.800,5,50.000,5,,120,0,2,50.0,6,.600,2.0,40.0,5.0,10,4,.800,5,50.000,Logos via Sports Logos.net / About logos,L,https://www.basketball-reference.com/boxscores/201801170SAC.html,Home,105,36:38,2,50.0,UTA,Donovan Mitchell,Jonas Jerebko,11:26,,,,,,,,,,,34:03,Derrick Favors,31:19,Rodney Hood,30:59,Joe Ingles,30:28,Ricky Rubio,29:08,Joe Johnson,26:00,Royce O'Neale,18:15,Ekpe Udoh,16:41,Raul Neto,11:41,120,0,20,4.0,20.0,12.0,60.0,4.0,20.0,George Hill,15,3,2017-2018,3.0,0,4.0,SAC,105,Bogdan Bogdanović,,,,,,,,,,,,,39:02,Willie Cauley-Stein,36:52,De'Aaron Fox,35:58,Buddy Hield,24:40,Zach Randolph,22:28,Kosta Koufos,21:31,Justin Jackson,12:15,Malachi Richardson,8:35,Georgios Papagiannis,2:01
0,.000,1,50.000,5,5.00,107,0,0,,1,.500,1.0,100.0,1.0,2,1,1.000,1,50.000,Logos via Sports Logos.net / About logos,L,https://www.basketball-reference.com/boxscores/201801220CHO.html,Away,112,19:02,0,,CHO,Kemba Walker,Malik Monk,5:51,,,,,,,,,,,39:58,Nicolas Batum,34:43,Dwight Howard,32:54,Marvin Williams,29:30,Jeremy Lamb,26:45,Treveon Graham,21:15,Frank Kaminsky,20:41,Michael Carter-Williams,15:28,Johnny O'Bryant,12:55,112,2,3,2.0,66.7,0.0,0.0,1.0,33.3,George Hill,5,1,2017-2018,1.0,1,0.0,SAC,107,Willie Cauley-Stein,,,,,,,,,,,,,37:01,De'Aaron Fox,31:11,Skal Labissière,29:27,Bogdan Bogdanović,28:31,Buddy Hield,26:42,Justin Jackson,19:58,Vince Carter,18:36,Kosta Koufos,16:42,Georgios Papagiannis,12:50
3,.500,6,54.545,4,2.00,98,0,1,100.0,6,.545,3.0,60.0,5.0,11,4,1.000,4,36.364,Logos via Sports Logos.net / About logos,L,https://www.basketball-reference.com/boxscores/201801280SAS.html,Away,113,26:03,0,0.0,SAS,LaMarcus Aldridge,Danny Green,9:05,Darrun Hilliard,6:41,Joffrey Lauvergne,4:27,Brandon Paul,0:49,,,,,31:12,Bryn Forbes,27:35,Dejounte Murray,26:27,Manu Ginóbili,25:22,Pau Gasol,24:50,Kyle Anderson,21:15,Dāvis Bertāns,20:58,Tony Parker,20:44,Patty Mills,20:35,113,1,19,6.0,31.6,9.0,47.4,4.0,21.1,George Hill,15,0,2017-2018,0.0,2,1.0,SAC,98,De'Aaron Fox,,,,,,,,,,,,,33:26,Bogdan Bogdanović,32:45,Zach Randolph,31:58,Kosta Koufos,30:50,Justin Jackson,29:58,Vince Carter,26:50,Buddy Hield,19:55,JaKarr Sampson,8:15,,
1,.500,2,25.000,0,,114,0,0,,5,.625,4.0,66.7,6.0,8,3,1.000,3,37.500,Logos via Sports Logos.net / About logos,W,https://www.basketball-reference.com/boxscores/201801300NOP.html,Away,103,27:31,0,,NOP,Anthony Davis,Cheick Diallo,6:14,Mike James,3:50,,,,,,,,,36:25,Jrue Holiday,34:28,Ian Clark,29:32,E'Twaun Moore,29:02,Darius Miller,28:58,Ömer Aşık,24:18,Jameer Nelson,19:16,Rajon Rondo,18:05,Dante Cunningham,9:52,103,3,14,8.0,57.1,3.0,21.4,3.0,21.4,George Hill,11,0,2017-2018,0.0,0,0.0,SAC,114,Kosta Koufos,,,,,,,,,,,,,37:25,Zach Randolph,32:15,Garrett Temple,31:55,De'Aaron Fox,27:12,Buddy Hield,21:41,Bogdan Bogdanović,18:16,Justin Jackson,17:42,Vince Carter,15:28,Georgios Papagiannis,10:35
0,,0,0.000,1,1.00,119,0,2,100.0,0,.000,0.0,0.0,1.0,1,0,.000,2,200.000,Logos via Sports Logos.net / About logos,L,https://www.basketball-reference.com/boxscores/201802020SAC.html,Home,104,21:39,0,0.0,GSW,Kevin Durant,Kevon Looney,9:41,Quinn Cook,1:26,Damian Jones,1:26,,,,,,,36:45,Stephen Curry,35:35,Klay Thompson,35:19,Draymond Green,34:06,Patrick McCaw,27:37,Zaza Pachulia,21:48,Nick Young,15:50,JaVale McGee,10:30,Omri Casspi,9:57,119,2,0,0.0,,0.0,,0.0,,George Hill,15,2,2017-2018,2.0,1,2.0,SAC,104,Willie Cauley-Stein,JaKarr Sampson,3:46,Georgios Papagiannis,1:26,,,,,,,,,34:53,Justin Jackson,33:47,De'Aaron Fox,31:05,Bogdan Bogdanović,28:33,Zach Randolph,28:26,Buddy Hield,21:37,Vince Carter,19:52,Garrett Temple,9:46,Kosta Koufos,5:10
0,,0,0.000,3,3.00,106,0,0,,2,1.000,2.0,100.0,2.0,2,0,,0,0.000,Logos via Sports Logos.net / About logos,L,https://www.basketball-reference.com/boxscores/201802030SAC.html,Home,99,14:53,0,,DAL,Harrison Barnes,Maxi Kleber,1:04,,,,,,,,,,,33:42,Dennis Smith Jr.,32:13,Dwight Powell,31:13,Wesley Matthews,31:06,Yogi Ferrell,30:10,Dirk Nowitzki,25:30,J.J. Barea,24:06,Devin Harris,16:31,Salah Mejri,14:25,106,0,4,4.0,100.0,0.0,0.0,0.0,0.0,George Hill,7,1,2017-2018,1.0,1,0.0,SAC,99,De'Aaron Fox,JaKarr Sampson,7:46,,,,,,,,,,,35:07,Garrett Temple,31:27,Willie Cauley-Stein,31:06,Bogdan Bogdanović,26:08,Justin Jackson,23:52,Buddy Hield,20:44,Zach Randolph,20:43,Vince Carter,14:33,Kosta Koufos,13:41
2,.500,4,44.444,5,2.50,98,0,2,50.0,4,.444,2.0,40.0,5.0,9,4,.800,5,55.556,Logos via Sports Logos.net / About logos,W,https://www.basketball-reference.com/boxscores/201802050SAC.html,Home,104,25:42,2,50.0,CHI,Jerian Grant,Ryan Arcidiacono,6:35,,,,,,,,,,,36:10,Justin Holiday,35:42,Bobby Portis,32:24,Paul Zipser,32:10,Zach LaVine,31:18,Denzel Valentine,22:11,Cristiano Felício,17:48,Robin Lopez,13:09,David Nwaba,12:33,98,3,14,4.0,28.6,6.0,42.9,4.0,28.6,George Hill,6,0,2017-2018,0.0,2,4.0,SAC,104,Bogdan Bogdanović,Vince Carter,15:32,,,,,,,,,,,30:30,Zach Randolph,28:35,Garrett Temple,26:45,Justin Jackson,23:18,Buddy Hield,21:14,JaKarr Sampson,18:17,Willie Cauley-Stein,16:48,De'Aaron Fox,16:45,Kosta Koufos,16:34
2,.500,4,50.000,1,0.33,121,0,3,100.0,3,.375,1.0,25.0,4.0,8,4,1.000,4,50.000,Logos via Sports Logos.net / About logos,W,https://www.basketball-reference.com/boxscores/201802110BOS.html,Away,99,21:12,0,0.0,BOS,Terry Rozier,Daniel Theis,11:25,Abdel Nader,10:32,,,,,,,,,33:52,Jaylen Brown,32:20,Jayson Tatum,27:26,Kyrie Irving,26:14,Marcus Morris,24:48,Semi Ojeleye,24:29,Al Horford,24:06,Aron Baynes,13:03,Greg Monroe,11:45,99,3,12,2.0,16.7,6.0,50.0,4.0,33.3,George Hill,22,0,2017-2018,0.0,3,3.0,CLE,121,Cedi Osman,José Calderón,3:37,John Holland,3:37,Ante Žižić,3:21,,,,,,,29:27,J.R. Smith,28:47,LeBron James,27:54,Tristan Thompson,27:01,Jordan Clarkson,23:11,Larry Nance Jr.,20:59,Rodney Hood,18:33,Jeff Green,16:45,Kyle Korver,15:36
1,.250,4,57.143,4,,120,0,0,0.0,3,.429,2.0,66.7,3.0,7,0,,0,0.000,Logos via Sports Logos.net / About logos,W,https://www.basketball-reference.com/boxscores/201802130OKC.html,Away,112,23:42,1,100.0,OKC,Steven Adams,,,,,,,,,,,,,42:07,Paul George,39:31,Russell Westbrook,38:58,Carmelo Anthony,36:16,Álex Abrines,23:25,Jerami Grant,21:22,Josh Huestis,14:46,Raymond Felton,14:00,Patrick Patterson,9:35,112,3,7,4.0,57.1,3.0,42.9,0.0,0.0,George Hill,8,1,2017-2018,1.0,0,1.0,CLE,120,LeBron James,,,,,,,,,,,,,39:44,J.R. Smith,30:56,Jeff Green,26:35,Larry Nance Jr.,24:52,Rodney Hood,24:26,Jordan Clarkson,23:32,Tristan Thompson,23:08,Cedi Osman,14:49,Kyle Korver,8:16
0,.000,4,40.000,3,1.00,110,0,2,66.7,2,.200,2.0,33.3,6.0,10,2,.667,3,30.000,Logos via Sports Logos.net / About logos,L,https://www.basketball-reference.com/boxscores/201802220CLE.html,Home,103,31:09,1,33.3,WAS,Bradley Beal,Tim Frazier,11:39,,,,,,,,,,,35:35,Kelly Oubre Jr.,32:07,Tomáš Satoranský,31:27,Otto Porter Jr.,29:30,Markieff Morris,28:22,Ian Mahinmi,20:06,Marcin Gortat,17:36,Jodie Meeks,17:19,Mike Scott,16:19,110,2,6,4.0,66.7,0.0,0.0,2.0,33.3,George Hill,7,1,2017-2018,1.0,3,3.0,CLE,103,LeBron James,,,,,,,,,,,,,36:36,J.R. Smith,32:30,Tristan Thompson,27:37,Rodney Hood,27:10,Kyle Korver,18:33,Cedi Osman,17:12,Jordan Clarkson,16:49,Jeff Green,16:24,Larry Nance Jr.,16:00
1,.250,4,36.364,1,0.33,112,3,0,0.0,5,.455,4.0,57.1,7.0,11,7,.875,8,72.727,Logos via Sports Logos.net / About logos,W,https://www.basketball-reference.com/boxscores/201802230MEM.html,Away,89,34:21,2,100.0,MEM,Dillon Brooks,Ivan Rabb,4:37,,,,,,,,,,,31:18,Tyreke Evans,30:44,Marc Gasol,30:29,Andrew Harrison,28:16,Mario Chalmers,25:37,Ben McLemore,24:12,JaMychal Green,23:56,Jarell Martin,23:20,Deyonta Davis,17:31,89,2,18,8.0,44.4,3.0,16.7,7.0,38.9,George Hill,23,1,2017-2018,4.0,3,2.0,CLE,112,LeBron James,John Holland,3:18,José Calderón,3:18,Ante Žižić,1:54,,,,,,,36:40,Larry Nance Jr.,26:38,Rodney Hood,24:31,Cedi Osman,21:27,Kyle Korver,21:13,Jordan Clarkson,19:51,Tristan Thompson,16:20,J.R. Smith,15:25,Jeff Green,15:04
0,.000,2,28.571,1,,110,1,0,0.0,1,.143,1.0,20.0,5.0,7,0,,0,0.000,Logos via Sports Logos.net / About logos,L,https://www.basketball-reference.com/boxscores/201802250CLE.html,Home,94,25:28,2,100.0,SAS,LaMarcus Aldridge,Joffrey Lauvergne,4:44,Dāvis Bertāns,1:01,Brandon Paul,1:01,,,,,,,36:52,Patty Mills,35:23,Dejounte Murray,33:45,Kyle Anderson,29:32,Pau Gasol,25:00,Danny Green,22:40,Bryn Forbes,20:18,Rudy Gay,15:34,Tony Parker,14:10,110,2,2,2.0,100.0,0.0,0.0,0.0,0.0,George Hill,16,0,2017-2018,1.0,0,2.0,CLE,94,LeBron James,José Calderón,1:01,John Holland,1:01,Ante Žižić,1:01,,,,,,,39:58,Rodney Hood,28:04,Kyle Korver,25:01,Jordan Clarkson,23:13,Tristan Thompson,22:53,Jeff Green,21:03,J.R. Smith,20:55,Larry Nance Jr.,15:13,Cedi Osman,15:09
3,.750,4,23.529,5,5.00,123,0,2,66.7,9,.529,6.0,46.2,13.0,17,5,.625,8,47.059,Logos via Sports Logos.net / About logos,W,https://www.basketball-reference.com/boxscores/201802270CLE.html,Home,129,36:32,1,33.3,BRK,D'Angelo Russell,Quincy Acy,3:15,,,,,,,,,,,32:25,Allen Crabbe,32:24,DeMarre Carroll,32:01,Spencer Dinwiddie,30:40,Jarrett Allen,27:53,Joe Harris,22:07,Rondae Hollis-Jefferson,20:43,Dante Cunningham,19:50,Caris LeVert,18:42,123,3,26,12.0,46.2,9.0,34.6,5.0,19.2,George Hill,6,3,2017-2018,3.0,1,3.0,CLE,129,LeBron James,,,,,,,,,,,,,38:46,Rodney Hood,30:31,Larry Nance Jr.,25:48,Kyle Korver,25:19,J.R. Smith,22:03,Tristan Thompson,21:42,Jordan Clarkson,21:01,Cedi Osman,17:41,John Holland,0:37
0,.000,4,40.000,3,3.00,108,1,1,33.3,3,.300,3.0,50.0,6.0,10,1,.500,2,20.000,Logos via Sports Logos.net / About logos,L,https://www.basketball-reference.com/boxscores/201803010CLE.html,Home,97,22:29,2,66.7,PHI,Robert Covington,,,,,,,,,,,,,40:47,Joel Embiid,34:03,Ben Simmons,31:49,Dario Šarić,29:37,JJ Redick,29:07,Marco Belinelli,23:22,T.J. McConnell,19:19,Ersan İlyasova,18:11,Amir Johnson,13:45,108,2,7,6.0,85.7,0.0,0.0,1.0,14.3,George Hill,11,0,2017-2018,1.0,1,3.0,CLE,97,LeBron James,,,,,,,,,,,,,39:02,Rodney Hood,38:50,Kyle Korver,27:56,Larry Nance Jr.,26:17,Jordan Clarkson,26:05,Jeff Green,22:00,Tristan Thompson,21:43,Cedi Osman,15:26,London Perrantes,0:12
3,.750,4,40.000,4,2.00,126,0,2,50.0,6,.600,3.0,50.0,6.0,10,2,1.000,2,20.000,Logos via Sports Logos.net / About logos,L,https://www.basketball-reference.com/boxscores/201803030CLE.html,Home,117,33:39,2,50.0,DEN,Gary Harris,Malik Beasley,5:16,,,,,,,,,,,36:45,Will Barton,33:24,Nikola Jokić,32:13,Jamal Murray,31:01,Wilson Chandler,27:17,Paul Millsap,26:13,Devin Harris,16:39,Mason Plumlee,15:47,Richard Jefferson,15:25,126,3,17,6.0,35.3,9.0,52.9,2.0,11.8,George Hill,9,0,2017-2018,0.0,2,4.0,CLE,117,LeBron James,London Perrantes,0:21,,,,,,,,,,,42:23,J.R. Smith,34:36,Tristan Thompson,27:58,Rodney Hood,26:19,Cedi Osman,23:39,Jordan Clarkson,23:26,Larry Nance Jr.,20:02,Kyle Korver,7:16,John Holland,0:21
0,.000,1,20.000,5,,90,0,1,33.3,1,.200,1.0,25.0,4.0,5,1,1.000,1,20.000,Logos via Sports Logos.net / About logos,W,https://www.basketball-reference.com/boxscores/201803050CLE.html,Home,112,23:25,2,66.7,DET,Ish Smith,Langston Galloway,10:19,Henry Ellenson,5:13,Luke Kennard,4:42,,,,,,,30:04,Andre Drummond,29:47,Blake Griffin,29:00,Reggie Bullock,29:00,James Ennis III,28:27,Stanley Johnson,28:19,Anthony Tolliver,19:17,Dwight Buycks,13:09,Eric Moreland,12:43,90,2,3,2.0,66.7,0.0,0.0,1.0,33.3,George Hill,22,0,2017-2018,0.0,0,3.0,CLE,112,Larry Nance Jr.,John Holland,4:42,London Perrantes,1:53,,,,,,,,,31:54,Rodney Hood,30:04,LeBron James,28:44,Kyle Korver,23:20,Cedi Osman,22:44,J.R. Smith,21:42,Jordan Clarkson,19:53,Ante Žižić,16:06,José Calderón,15:33
1,.333,3,50.000,5,,113,1,1,100.0,3,.500,2.0,66.7,3.0,6,0,,0,0.000,Logos via Sports Logos.net / About logos,W,https://www.basketball-reference.com/boxscores/201803070DEN.html,Away,108,30:53,0,0.0,DEN,Gary Harris,Malik Beasley,6:40,Richard Jefferson,0:53,,,,,,,,,38:15,Wilson Chandler,36:01,Nikola Jokić,33:30,Will Barton,28:50,Jamal Murray,27:24,Paul Millsap,26:17,Devin Harris,14:53,Mason Plumlee,14:25,Trey Lyles,12:54,108,2,7,4.0,57.1,3.0,42.9,0.0,0.0,George Hill,5,0,2017-2018,1.0,0,1.0,CLE,113,LeBron James,,,,,,,,,,,,,39:08,Larry Nance Jr.,37:05,Rodney Hood,30:49,J.R. Smith,24:43,Kyle Korver,20:50,Jordan Clarkson,19:39,Jeff Green,16:44,Cedi Osman,11:36,Ante Žižić,8:35
2,.500,4,80.000,5,5.00,102,1,3,100.0,3,.600,1.0,100.0,1.0,5,2,.667,3,60.000,Logos via Sports Logos.net / About logos,L,https://www.basketball-reference.com/boxscores/201803090LAC.html,Away,116,32:29,0,0.0,LAC,Lou Williams,,,,,,,,,,,,,41:08,Austin Rivers,37:48,Sindarius Thornwell,37:15,DeAndre Jordan,33:35,Tobias Harris,32:44,Montrezl Harrell,20:05,Miloš Teodosić,18:27,Boban Marjanović,9:36,Jawun Evans,9:22,116,4,10,2.0,20.0,6.0,60.0,2.0,20.0,George Hill,14,1,2017-2018,2.0,1,3.0,CLE,102,LeBron James,José Calderón,1:48,John Holland,1:46,London Perrantes,1:46,,,,,,,38:53,J.R. Smith,34:32,Larry Nance Jr.,29:50,Jordan Clarkson,25:22,Jeff Green,24:30,Kyle Korver,23:39,Cedi Osman,10:50,Ante Žižić,7:49,Rodney Hood,6:46
1,.333,3,37.500,3,3.00,113,0,0,,4,.500,3.0,60.0,5.0,8,0,,0,0.000,Logos via Sports Logos.net / About logos,L,https://www.basketball-reference.com/boxscores/201803110LAL.html,Away,127,27:08,0,,LAL,Kyle Kuzma,Derrick Williams,0:25,,,,,,,,,,,38:48,Julius Randle,37:59,Kentavious Caldwell-Pope,37:40,Brook Lopez,32:46,Lonzo Ball,31:31,Isaiah Thomas,30:44,Alex Caruso,12:18,Travis Wear,12:08,Ivica Zubac,5:41,127,3,9,6.0,66.7,3.0,33.3,0.0,0.0,George Hill,14,0,2017-2018,0.0,1,0.0,CLE,113,LeBron James,London Perrantes,6:24,,,,,,,,,,,31:27,Kyle Korver,28:29,Larry Nance Jr.,26:06,J.R. Smith,22:50,Jeff Green,22:02,José Calderón,20:39,Ante Žižić,19:47,John Holland,18:45,Jordan Clarkson,16:23
2,.333,6,66.667,2,1.00,129,0,3,100.0,3,.333,1.0,33.3,3.0,9,2,1.000,2,22.222,Logos via Sports Logos.net / About logos,W,https://www.basketball-reference.com/boxscores/201803130PHO.html,Away,107,26:51,0,0.0,PHO,Josh Jackson,Shaquille Harrison,11:04,Davon Reed,6:13,Alex Len,4:45,,,,,,,34:50,Devin Booker,33:59,T.J. Warren,32:30,Dragan Bender,23:34,Elfrid Payton,23:21,Jared Dudley,20:13,Troy Daniels,17:22,Marquese Chriss,17:19,Tyler Ulis,14:50,107,3,10,2.0,20.0,6.0,60.0,2.0,20.0,George Hill,22,2,2017-2018,2.0,2,3.0,CLE,129,LeBron James,London Perrantes,6:13,,,,,,,,,,,33:13,John Holland,28:04,Jeff Green,27:29,Jordan Clarkson,26:46,Kyle Korver,23:15,J.R. Smith,22:04,José Calderón,17:05,Ante Žižić,14:32,Larry Nance Jr.,14:28
2,.500,4,80.000,3,3.00,105,1,3,75.0,3,.600,1.0,100.0,1.0,5,0,,0,0.000,Logos via Sports Logos.net / About logos,L,https://www.basketball-reference.com/boxscores/201803150POR.html,Away,113,35:37,1,25.0,POR,CJ McCollum,Zach Collins,7:54,,,,,,,,,,,37:42,Al-Farouq Aminu,36:33,Damian Lillard,36:17,Maurice Harkless,26:21,Evan Turner,25:45,Ed Davis,21:17,Jusuf Nurkić,18:43,Shabazz Napier,15:35,Pat Connaughton,13:53,113,4,8,2.0,25.0,6.0,75.0,0.0,0.0,George Hill,8,2,2017-2018,3.0,1,4.0,CLE,105,LeBron James,,,,,,,,,,,,,41:05,Kyle Korver,38:17,Jeff Green,33:48,J.R. Smith,27:18,Jordan Clarkson,24:23,Rodney Hood,18:25,John Holland,14:49,Ante Žižić,6:18,,
1,.250,4,57.143,2,2.00,114,0,3,50.0,2,.286,1.0,33.3,3.0,7,3,.750,4,57.143,Logos via Sports Logos.net / About logos,W,https://www.basketball-reference.com/boxscores/201803170CHI.html,Away,109,32:52,3,50.0,CHI,Denzel Valentine,,,,,,,,,,,,,38:34,Bobby Portis,34:53,Cameron Payne,31:48,Cristiano Felício,30:13,Antonio Blakeney,27:22,Paul Zipser,23:55,David Nwaba,19:52,Justin Holiday,17:12,Jerian Grant,16:11,109,1,8,2.0,25.0,3.0,37.5,3.0,37.5,George Hill,5,1,2017-2018,1.0,1,6.0,CLE,114,Jeff Green,,,,,,,,,,,,,42:46,LeBron James,39:53,José Calderón,36:10,Jordan Clarkson,31:31,J.R. Smith,21:48,Ante Žižić,20:12,John Holland,10:36,London Perrantes,4:12,,
0,.000,2,100.000,3,3.00,117,1,3,100.0,0,.000,0.0,,0.0,2,0,,0,0.000,Logos via Sports Logos.net / About logos,W,https://www.basketball-reference.com/boxscores/201803190CLE.html,Home,124,20:42,0,0.0,MIL,Giannis Antetokounmpo,Sterling Brown,5:42,,,,,,,,,,,38:36,Khris Middleton,37:41,Eric Bledsoe,34:30,Tony Snell,31:14,Jabari Parker,25:19,Thon Maker,23:08,John Henson,20:01,Brandon Jennings,13:30,Jason Terry,10:19,117,0,0,0.0,,0.0,,0.0,,George Hill,7,0,2017-2018,1.0,1,3.0,CLE,124,Jeff Green,,,,,,,,,,,,,40:42,LeBron James,40:01,Jordan Clarkson,28:04,Kyle Korver,27:57,Kevin Love,24:41,J.R. Smith,22:36,José Calderón,18:19,Ante Žižić,16:58,,
2,1.000,2,18.182,0,0.00,129,2,4,100.0,10,.909,8.0,88.9,9.0,11,0,,0,0.000,Logos via Sports Logos.net / About logos,W,https://www.basketball-reference.com/boxscores/201803210CLE.html,Home,132,35:53,0,0.0,TOR,DeMar DeRozan,Norman Powell,10:14,,,,,,,,,,,35:25,Kyle Lowry,32:38,Fred VanVleet,29:13,Jakob Poeltl,26:41,Pascal Siakam,26:15,Serge Ibaka,23:12,Delon Wright,20:45,Jonas Valančiūnas,20:11,OG Anunoby,15:26,129,4,22,16.0,72.7,6.0,27.3,0.0,0.0,George Hill,3,1,2017-2018,3.0,2,4.0,CLE,132,LeBron James,,,,,,,,,,,,,39:24,Jeff Green,37:57,Kevin Love,29:44,J.R. Smith,27:29,José Calderón,27:09,Jordan Clarkson,20:48,Ante Žižić,15:37,John Holland,5:59,,
1,.500,2,40.000,2,2.00,95,2,5,100.0,3,.600,2.0,66.7,3.0,5,0,,0,0.000,Logos via Sports Logos.net / About logos,W,https://www.basketball-reference.com/boxscores/201803230CLE.html,Home,120,26:14,0,0.0,PHO,Marquese Chriss,Shaquille Harrison,7:49,,,,,,,,,,,35:19,Troy Daniels,33:28,Tyler Ulis,30:19,Dragan Bender,28:16,Josh Jackson,27:44,Alex Len,25:06,Elfrid Payton,22:01,Jared Dudley,19:37,Davon Reed,10:21,95,1,7,4.0,57.1,3.0,42.9,0.0,0.0,George Hill,25,1,2017-2018,3.0,1,5.0,CLE,120,Kevin Love,Ante Žižić,5:25,London Perrantes,3:10,John Holland,3:10,,,,,,,29:58,LeBron James,29:16,J.R. Smith,27:19,Jordan Clarkson,25:53,Larry Nance Jr.,22:25,Rodney Hood,20:29,José Calderón,18:59,Tristan Thompson,16:05,Jeff Green,11:37
3,.600,5,45.455,5,5.00,121,1,2,50.0,6,.545,3.0,50.0,6.0,11,2,1.000,2,18.182,Logos via Sports Logos.net / About logos,W,https://www.basketball-reference.com/boxscores/201803250BRK.html,Away,114,37:04,2,50.0,BRK,DeMarre Carroll,,,,,,,,,,,,,33:47,Rondae Hollis-Jefferson,32:50,Allen Crabbe,27:32,Joe Harris,27:19,D'Angelo Russell,26:04,Caris LeVert,24:59,Spencer Dinwiddie,24:44,Dante Cunningham,21:31,Jarrett Allen,21:14,114,2,17,6.0,35.3,9.0,52.9,2.0,11.8,George Hill,7,2,2017-2018,3.0,1,4.0,CLE,121,LeBron James,,,,,,,,,,,,,38:03,Rodney Hood,33:19,Kevin Love,32:35,Jordan Clarkson,28:29,J.R. Smith,19:24,Larry Nance Jr.,17:00,José Calderón,16:05,Tristan Thompson,15:24,John Holland,2:37
0,.000,3,50.000,2,,79,0,2,100.0,2,.333,2.0,66.7,3.0,6,0,,0,0.000,Logos via Sports Logos.net / About logos,L,https://www.basketball-reference.com/boxscores/201803270MIA.html,Away,98,25:51,0,0.0,MIA,James Johnson,Luke Babbitt,1:36,Derrick Jones Jr.,1:36,Rodney McGruder,1:36,,,,,,,32:46,Josh Richardson,30:22,Tyler Johnson,29:17,Goran Dragić,29:12,Justise Winslow,25:49,Kelly Olynyk,25:20,Jordan Mickey,22:40,Wayne Ellington,22:26,Dwyane Wade,17:20,98,2,4,4.0,100.0,0.0,0.0,0.0,0.0,George Hill,19,2,2017-2018,2.0,0,2.0,CLE,79,LeBron James,Ante Žižić,2:46,John Holland,2:46,London Perrantes,2:46,,,,,,,37:59,Jeff Green,31:04,Jordan Clarkson,26:43,José Calderón,25:48,Rodney Hood,25:35,Larry Nance Jr.,18:08,Tristan Thompson,17:27,J.R. Smith,16:07,Kevin Love,7:00
1,.200,5,38.462,4,,118,0,1,50.0,4,.308,3.0,37.5,8.0,13,0,,0,0.000,Logos via Sports Logos.net / About logos,W,https://www.basketball-reference.com/boxscores/201803280CHO.html,Away,105,34:33,1,50.0,CHO,Marvin Williams,Treveon Graham,9:36,Willy Hernangómez,1:28,,,,,,,,,38:24,Kemba Walker,32:34,Dwight Howard,28:47,Nicolas Batum,25:55,Jeremy Lamb,24:56,Dwayne Bacon,23:42,Michael Kidd-Gilchrist,21:27,Frank Kaminsky,17:45,Malik Monk,15:26,105,3,9,6.0,66.7,3.0,33.3,0.0,0.0,George Hill,13,0,2017-2018,0.0,0,2.0,CLE,118,LeBron James,John Holland,1:31,London Perrantes,1:31,Ante Žižić,1:31,,,,,,,36:53,Jeff Green,31:37,J.R. Smith,30:52,Rodney Hood,26:35,Larry Nance Jr.,19:51,Jordan Clarkson,18:59,Tristan Thompson,15:44,José Calderón,14:13,Cedi Osman,6:10
0,,0,0.000,0,0.00,102,0,0,,4,.571,4.0,57.1,7.0,7,0,,0,0.000,Logos via Sports Logos.net / About logos,W,https://www.basketball-reference.com/boxscores/201803300CLE.html,Home,107,22:23,0,,NOP,Anthony Davis,Emeka Okafor,3:22,,,,,,,,,,,36:32,Jrue Holiday,33:00,Darius Miller,29:56,E'Twaun Moore,29:20,Nikola Mirotić,29:05,Rajon Rondo,24:43,Solomon Hill,21:38,Ian Clark,20:56,Cheick Diallo,11:28,102,1,8,8.0,100.0,0.0,0.0,0.0,0.0,George Hill,5,0,2017-2018,0.0,2,0.0,CLE,107,LeBron James,,,,,,,,,,,,,41:45,Jordan Clarkson,29:42,Rodney Hood,28:29,Jeff Green,24:17,Kevin Love,23:36,Tristan Thompson,20:52,J.R. Smith,20:15,Larry Nance Jr.,14:32,José Calderón,14:09
1,.333,3,75.000,4,4.00,123,0,2,100.0,1,.250,0.0,0.0,1.0,4,2,1.000,2,50.000,Logos via Sports Logos.net / About logos,W,https://www.basketball-reference.com/boxscores/201804090NYK.html,Away,109,19:35,0,0.0,NYK,Frank Ntilikina,Isaiah Hicks,4:52,,,,,,,,,,,40:02,Trey Burke,33:44,Lance Thomas,32:02,Kyle O'Quinn,28:50,Michael Beasley,26:57,Courtney Lee,26:45,Damyean Dotson,19:23,Luke Kornet,19:10,Jarrett Jack,8:15,109,0,5,0.0,0.0,3.0,60.0,2.0,40.0,George Hill,14,2,2017-2018,2.0,1,2.0,CLE,123,LeBron James,Ante Žižić,1:05,John Holland,1:05,Cedi Osman,1:05,,,,,,,38:38,J.R. Smith,31:31,Kevin Love,31:29,Jeff Green,29:16,Jordan Clarkson,22:12,José Calderón,19:39,Larry Nance Jr.,18:48,Kyle Korver,16:29,Tristan Thompson,9:08
0,,0,0.000,0,0.00,110,1,1,100.0,2,.667,2.0,66.7,3.0,3,0,,0,0.000,Logos via Sports Logos.net / About logos,L,https://www.basketball-reference.com/boxscores/201804110CLE.html,Home,98,8:59,0,0.0,NYK,Trey Burke,,,,,,,,,,,,,42:17,Frank Ntilikina,37:29,Damyean Dotson,33:05,Isaiah Hicks,30:19,Luke Kornet,28:29,Michael Beasley,21:09,Jarrett Jack,19:09,Kyle O'Quinn,17:30,Lance Thomas,10:33,110,1,4,4.0,100.0,0.0,0.0,0.0,0.0,George Hill,12,2,2017-2018,3.0,1,1.0,CLE,98,Cedi Osman,José Calderón,6:27,J.R. Smith,6:19,Jordan Clarkson,6:11,,,,,,,39:03,John Holland,37:27,London Perrantes,32:34,Tristan Thompson,29:39,Ante Žižić,27:10,Kendrick Perkins,14:32,LeBron James,10:33,Larry Nance Jr.,10:33,Jeff Green,10:33
1,.333,3,42.857,1,0.50,98,0,1,33.3,3,.429,2.0,50.0,4.0,7,0,,0,0.000,Logos via Sports Logos.net / About logos,L,https://www.basketball-reference.com/boxscores/201804150CLE.html,Home,80,18:42,2,66.7,IND,Bojan Bogdanović,,,,,,,,,,,,,38:46,Victor Oladipo,36:52,Myles Turner,33:32,Thaddeus Young,31:19,Darren Collison,30:44,Cory Joseph,20:46,Domantas Sabonis,18:56,Lance Stephenson,17:26,Trevor Booker,11:40,98,2,7,4.0,57.1,3.0,42.9,0.0,0.0,George Hill,18,1,2017-2018,1.0,2,3.0,CLE,80,LeBron James,Cedi Osman,1:59,Tristan Thompson,1:59,,,,,,,,,43:56,Kevin Love,34:06,Larry Nance Jr.,29:38,J.R. Smith,28:56,Jeff Green,26:31,Jordan Clarkson,20:36,Rodney Hood,20:34,José Calderón,9:26,Kyle Korver,3:38
1,1.000,1,33.333,3,1.50,97,0,0,,2,.667,1.0,50.0,2.0,3,1,.500,2,66.667,Logos via Sports Logos.net / About logos,W,https://www.basketball-reference.com/boxscores/201804180CLE.html,Home,100,20:01,0,,IND,Myles Turner,Glenn Robinson III,1:26,,,,,,,,,,,35:35,Thaddeus Young,34:55,Darren Collison,33:29,Bojan Bogdanović,31:35,Victor Oladipo,28:07,Cory Joseph,25:27,Lance Stephenson,23:59,Domantas Sabonis,15:59,Trevor Booker,9:28,97,6,6,2.0,33.3,3.0,50.0,1.0,16.7,George Hill,3,0,2017-2018,0.0,2,0.0,CLE,100,LeBron James,,,,,,,,,,,,,39:53,J.R. Smith,35:00,Kevin Love,34:24,Kyle Korver,30:54,Larry Nance Jr.,24:07,Rodney Hood,15:36,Jordan Clarkson,14:00,José Calderón,13:27,Jeff Green,12:37
0,.000,2,33.333,1,0.50,90,0,1,100.0,4,.667,4.0,100.0,4.0,6,5,.833,6,100.000,Logos via Sports Logos.net / About logos,L,https://www.basketball-reference.com/boxscores/201804200IND.html,Away,92,23:23,0,0.0,IND,Victor Oladipo,,,,,,,,,,,,,38:58,Bojan Bogdanović,35:48,Thaddeus Young,33:23,Myles Turner,30:22,Darren Collison,29:40,Domantas Sabonis,24:14,Lance Stephenson,23:05,Cory Joseph,19:09,Trevor Booker,5:21,92,2,13,8.0,61.5,0.0,0.0,5.0,38.5,George Hill,2,0,2017-2018,0.0,2,1.0,CLE,90,LeBron James,,,,,,,,,,,,,41:41,Kevin Love,37:29,J.R. Smith,34:21,Rodney Hood,28:20,Jordan Clarkson,20:26,Kyle Korver,19:59,Larry Nance Jr.,17:59,Jeff Green,16:18,Cedi Osman,0:04
0,.000,2,66.667,3,3.00,101,1,5,83.3,1,.333,1.0,100.0,1.0,3,9,.818,11,366.667,Logos via Sports Logos.net / About logos,W,https://www.basketball-reference.com/boxscores/201804290CLE.html,Home,105,19:12,1,16.7,IND,Victor Oladipo,,,,,,,,,,,,,41:27,Darren Collison,40:26,Thaddeus Young,37:37,Bojan Bogdanović,37:02,Domantas Sabonis,26:01,Myles Turner,25:02,Cory Joseph,13:23,Lance Stephenson,11:57,Trevor Booker,7:04,101,0,11,2.0,18.2,0.0,0.0,9.0,81.8,George Hill,4,0,2017-2018,1.0,1,6.0,CLE,105,LeBron James,,,,,,,,,,,,,43:25,J.R. Smith,35:16,Tristan Thompson,34:54,Kevin Love,32:14,Kyle Korver,22:38,Jeff Green,21:28,Larry Nance Jr.,12:44,Jordan Clarkson,10:55,Rodney Hood,7:14
0,,0,0.000,3,,113,1,0,,2,.286,2.0,28.6,7.0,7,0,,0,0.000,Logos via Sports Logos.net / About logos,W,https://www.basketball-reference.com/boxscores/201805010TOR.html,Away,112,28:20,0,,TOR,DeMar DeRozan,Fred VanVleet,15:09,,,,,,,,,,,40:17,Kyle Lowry,39:40,Jonas Valančiūnas,34:28,OG Anunoby,30:27,Serge Ibaka,28:30,Pascal Siakam,22:24,C.J. Miles,21:17,Jakob Poeltl,16:48,Delon Wright,16:00,112,2,4,4.0,100.0,0.0,0.0,0.0,0.0,George Hill,1,0,2017-2018,1.0,0,0.0,CLE,113,LeBron James,,,,,,,,,,,,,46:56,Kyle Korver,37:42,J.R. Smith,36:01,Kevin Love,34:12,Jeff Green,27:36,Tristan Thompson,26:02,Rodney Hood,16:04,Jordan Clarkson,12:07,,
0,.000,2,25.000,2,,128,0,2,66.7,5,.625,5.0,83.3,6.0,8,3,1.000,3,37.500,Logos via Sports Logos.net / About logos,W,https://www.basketball-reference.com/boxscores/201805030TOR.html,Away,110,35:20,1,33.3,TOR,DeMar DeRozan,Serge Ibaka,12:12,Norman Powell,3:12,Lorenzo Brown,2:34,Lucas Nogueira,2:34,,,,,35:06,Kyle Lowry,33:47,Jonas Valančiūnas,26:51,Fred VanVleet,23:55,Delon Wright,23:39,OG Anunoby,23:09,C.J. Miles,20:04,Pascal Siakam,18:15,Jakob Poeltl,14:42,110,1,13,10.0,76.9,0.0,0.0,3.0,23.1,George Hill,18,0,2017-2018,0.0,0,3.0,CLE,128,LeBron James,Cedi Osman,2:34,,,,,,,,,,,40:30,Kevin Love,35:14,J.R. Smith,35:05,Kyle Korver,27:47,Jeff Green,20:11,Tristan Thompson,15:10,Jordan Clarkson,13:40,Rodney Hood,11:55,Larry Nance Jr.,2:34
2,.667,3,42.857,2,0.67,103,1,1,100.0,4,.571,2.0,50.0,4.0,7,2,1.000,2,28.571,Logos via Sports Logos.net / About logos,W,https://www.basketball-reference.com/boxscores/201805050CLE.html,Home,105,34:38,0,0.0,TOR,Kyle Lowry,,,,,,,,,,,,,41:11,C.J. Miles,34:15,Fred VanVleet,33:11,OG Anunoby,32:57,Serge Ibaka,28:17,DeMar DeRozan,27:48,Jonas Valančiūnas,19:35,Pascal Siakam,14:24,Delon Wright,8:22,103,4,12,4.0,33.3,6.0,50.0,2.0,16.7,George Hill,2,0,2017-2018,1.0,3,1.0,CLE,105,LeBron James,,,,,,,,,,,,,41:16,Kevin Love,38:22,Kyle Korver,33:09,Jeff Green,31:09,J.R. Smith,25:57,Tristan Thompson,13:31,Jordan Clarkson,11:20,Rodney Hood,10:38,,
0,.000,1,12.500,5,5.00,93,0,3,100.0,5,.625,5.0,71.4,7.0,8,2,1.000,2,25.000,Logos via Sports Logos.net / About logos,W,https://www.basketball-reference.com/boxscores/201805070CLE.html,Home,128,29:01,0,0.0,TOR,DeMar DeRozan,Norman Powell,12:24,Jakob Poeltl,12:00,Lorenzo Brown,7:38,Lucas Nogueira,1:51,,,,,33:03,Kyle Lowry,29:30,Pascal Siakam,27:35,C.J. Miles,23:02,Fred VanVleet,20:30,OG Anunoby,20:19,Serge Ibaka,18:26,Delon Wright,17:59,Jonas Valančiūnas,15:43,93,3,12,10.0,83.3,0.0,0.0,2.0,16.7,George Hill,35,0,2017-2018,0.0,1,3.0,CLE,128,LeBron James,Larry Nance Jr.,5:40,Ante Žižić,3:29,,,,,,,,,38:24,Kevin Love,30:25,J.R. Smith,28:30,Kyle Korver,27:29,Cedi Osman,20:31,Jordan Clarkson,18:59,Jeff Green,16:06,Tristan Thompson,13:48,José Calderón,7:38
1,.500,2,50.000,0,,83,0,0,,2,.500,1.0,50.0,2.0,4,0,,0,0.000,Logos via Sports Logos.net / About logos,L,https://www.basketball-reference.com/boxscores/201805130BOS.html,Away,108,28:18,0,,BOS,Jayson Tatum,Abdel Nader,4:35,Guerschon Yabusele,4:35,,,,,,,,,37:00,Terry Rozier,34:23,Marcus Morris,34:03,Jaylen Brown,28:02,Al Horford,27:24,Aron Baynes,25:03,Marcus Smart,24:51,Semi Ojeleye,15:29,Greg Monroe,4:35,108,1,5,2.0,40.0,3.0,60.0,0.0,0.0,George Hill,25,0,2017-2018,0.0,0,0.0,CLE,83,LeBron James,José Calderón,3:53,Larry Nance Jr.,3:53,Ante Žižić,2:52,,,,,,,36:07,Kevin Love,30:31,J.R. Smith,28:38,Kyle Korver,23:27,Tristan Thompson,20:43,Jeff Green,19:45,Rodney Hood,18:55,Jordan Clarkson,15:49,Cedi Osman,7:09
0,.000,2,50.000,1,,94,2,1,50.0,1,.250,1.0,50.0,2.0,4,1,.500,2,50.000,Logos via Sports Logos.net / About logos,L,https://www.basketball-reference.com/boxscores/201805150BOS.html,Away,107,33:18,1,50.0,BOS,Al Horford,Guerschon Yabusele,1:21,Abdel Nader,1:05,,,,,,,,,37:27,Terry Rozier,35:54,Jaylen Brown,35:10,Marcus Morris,34:03,Jayson Tatum,31:32,Marcus Smart,30:58,Aron Baynes,17:06,Semi Ojeleye,9:18,Greg Monroe,6:06,107,3,3,2.0,66.7,0.0,0.0,1.0,33.3,George Hill,13,0,2017-2018,2.0,0,2.0,CLE,94,LeBron James,Cedi Osman,1:48,,,,,,,,,,,38:46,Kevin Love,35:15,Tristan Thompson,29:39,Jeff Green,27:52,J.R. Smith,27:22,Kyle Korver,21:30,Rodney Hood,11:21,Larry Nance Jr.,11:21,José Calderón,1:48
3,.333,9,81.818,2,,86,0,3,100.0,4,.364,1.0,50.0,2.0,11,2,.500,4,36.364,Logos via Sports Logos.net / About logos,W,https://www.basketball-reference.com/boxscores/201805190CLE.html,Home,116,29:45,0,0.0,BOS,Jayson Tatum,Guerschon Yabusele,11:08,Abdel Nader,6:49,,,,,,,,,31:12,Al Horford,29:59,Terry Rozier,27:39,Marcus Smart,26:22,Marcus Morris,25:42,Aron Baynes,23:40,Jaylen Brown,20:45,Semi Ojeleye,20:23,Greg Monroe,16:21,86,3,13,2.0,15.4,9.0,69.2,2.0,15.4,George Hill,30,1,2017-2018,1.0,0,3.0,CLE,116,LeBron James,Ante Žižić,4:33,José Calderón,4:33,,,,,,,,,37:30,Kevin Love,29:45,J.R. Smith,26:02,Tristan Thompson,22:38,Larry Nance Jr.,21:15,Kyle Korver,20:05,Jeff Green,18:50,Jordan Clarkson,18:15,Cedi Osman,6:49
1,.333,3,33.333,3,,102,0,3,75.0,6,.667,5.0,83.3,6.0,9,0,.000,1,11.111,Logos via Sports Logos.net / About logos,W,https://www.basketball-reference.com/boxscores/201805210CLE.html,Home,111,38:11,1,25.0,BOS,Al Horford,,,,,,,,,,,,,41:49,Jaylen Brown,39:43,Terry Rozier,39:16,Jayson Tatum,38:20,Marcus Smart,30:35,Marcus Morris,24:25,Aron Baynes,16:25,Semi Ojeleye,9:27,,,102,3,13,10.0,76.9,3.0,23.1,0.0,0.0,George Hill,9,2,2017-2018,2.0,0,4.0,CLE,111,LeBron James,,,,,,,,,,,,,41:53,Tristan Thompson,38:24,J.R. Smith,32:51,Kevin Love,28:57,Kyle Korver,25:05,Jeff Green,20:02,Larry Nance Jr.,10:23,Jordan Clarkson,4:02,Cedi Osman,0:12
0,,0,0.000,2,1.00,83,1,1,100.0,1,.200,1.0,20.0,5.0,5,5,.833,6,120.000,Logos via Sports Logos.net / About logos,L,https://www.basketball-reference.com/boxscores/201805230BOS.html,Away,96,30:10,0,0.0,BOS,Jayson Tatum,,,,,,,,,,,,,40:45,Marcus Morris,37:28,Al Horford,34:59,Jaylen Brown,34:34,Terry Rozier,34:16,Aron Baynes,29:20,Marcus Smart,23:26,Abdel Nader,2:36,Guerschon Yabusele,2:36,96,2,7,2.0,28.6,0.0,0.0,5.0,71.4,George Hill,13,0,2017-2018,1.0,2,1.0,CLE,83,LeBron James,Rodney Hood,2:53,Ante Žižić,2:36,José Calderón,2:36,,,,,,,39:16,Kevin Love,30:39,Tristan Thompson,26:10,J.R. Smith,26:05,Jeff Green,25:44,Kyle Korver,18:37,Larry Nance Jr.,16:49,Jordan Clarkson,15:14,Cedi Osman,3:11
0,.000,3,25.000,3,3.00,99,1,1,33.3,7,.583,7.0,77.8,9.0,12,6,1.000,6,50.000,Logos via Sports Logos.net / About logos,W,https://www.basketball-reference.com/boxscores/201805250CLE.html,Home,109,33:47,2,66.7,BOS,Terry Rozier,Abdel Nader,0:58,Guerschon Yabusele,0:58,,,,,,,,,39:45,Jayson Tatum,39:04,Al Horford,37:20,Jaylen Brown,33:58,Marcus Smart,32:32,Marcus Morris,30:00,Aron Baynes,18:56,Greg Monroe,5:32,Semi Ojeleye,0:58,99,1,20,14.0,70.0,0.0,0.0,6.0,30.0,George Hill,10,2,2017-2018,3.0,1,3.0,CLE,109,LeBron James,,,,,,,,,,,,,46:06,J.R. Smith,38:08,Jeff Green,31:21,Kyle Korver,26:10,Tristan Thompson,22:42,Larry Nance Jr.,21:34,Jordan Clarkson,14:13,Kevin Love,5:02,Cedi Osman,0:57
0,.000,2,33.333,2,1.00,87,0,2,100.0,2,.333,2.0,50.0,4.0,6,2,1.000,2,33.333,Logos via Sports Logos.net / About logos,W,https://www.basketball-reference.com/boxscores/201805270BOS.html,Away,79,38:02,0,0.0,BOS,Jayson Tatum,,,,,,,,,,,,,42:09,Al Horford,40:11,Jaylen Brown,38:56,Terry Rozier,36:16,Marcus Morris,32:50,Marcus Smart,30:50,Aron Baynes,18:48,,,,,79,3,6,4.0,66.7,0.0,0.0,2.0,33.3,George Hill,8,1,2017-2018,1.0,2,2.0,CLE,87,LeBron James,,,,,,,,,,,,,48:00,J.R. Smith,42:26,Jeff Green,41:54,Tristan Thompson,34:51,Kyle Korver,17:36,Jordan Clarkson,9:20,Larry Nance Jr.,7:51,,,,
2,.500,4,66.667,1,,114,0,1,50.0,2,.333,0.0,0.0,2.0,6,1,.500,2,33.333,Logos via Sports Logos.net / About logos,L,https://www.basketball-reference.com/boxscores/201805310GSW.html,Away,124,30:29,1,50.0,GSW,Draymond Green,David West,4:12,Patrick McCaw,3:35,Quinn Cook,0:03,,,,,,,47:06,Stephen Curry,46:26,Kevin Durant,46:17,Klay Thompson,45:25,Kevon Looney,24:32,Shaun Livingston,18:09,Jordan Bell,12:49,Nick Young,10:09,JaVale McGee,6:17,124,5,7,0.0,0.0,6.0,85.7,1.0,14.3,George Hill,10,1,2017-2018,1.0,0,2.0,CLE,114,LeBron James,Rodney Hood,0:03,Cedi Osman,0:03,Ante Žižić,0:02,,,,,,,47:32,Kevin Love,39:04,J.R. Smith,38:59,Jeff Green,35:58,Tristan Thompson,20:16,Larry Nance Jr.,19:21,Jordan Clarkson,17:09,Kyle Korver,16:01,José Calderón,0:03
3,.500,6,50.000,3,3.00,103,1,0,0.0,5,.417,2.0,33.3,6.0,12,2,1.000,2,16.667,Logos via Sports Logos.net / About logos,L,https://www.basketball-reference.com/boxscores/201806030GSW.html,Away,122,33:55,2,100.0,GSW,Draymond Green,Jordan Bell,10:52,Zaza Pachulia,3:27,Quinn Cook,3:27,Patrick McCaw,3:27,,,,,39:21,Kevin Durant,38:10,Stephen Curry,37:53,Klay Thompson,33:42,JaVale McGee,17:48,Shaun Livingston,15:18,Nick Young,14:11,Kevon Looney,11:28,David West,10:56,122,5,15,4.0,26.7,9.0,60.0,2.0,13.3,George Hill,19,2,2017-2018,3.0,1,2.0,CLE,103,LeBron James,Rodney Hood,4:09,José Calderón,3:27,Ante Žižić,3:27,,,,,,,43:51,Kevin Love,34:54,J.R. Smith,31:07,Tristan Thompson,23:19,Jeff Green,19:47,Kyle Korver,17:21,Larry Nance Jr.,12:22,Jordan Clarkson,8:04,Cedi Osman,4:17
1,.500,2,33.333,4,1.00,110,0,1,50.0,2,.333,1.0,25.0,4.0,6,0,,0,0.000,Logos via Sports Logos.net / About logos,L,https://www.basketball-reference.com/boxscores/201806060CLE.html,Home,102,27:17,1,50.0,GSW,Kevin Durant,Nick Young,4:48,Patrick McCaw,0:58,Kevon Looney,0:01,,,,,,,43:15,Klay Thompson,40:35,Draymond Green,40:22,Stephen Curry,39:15,Andre Iguodala,21:53,Shaun Livingston,17:23,JaVale McGee,14:29,Jordan Bell,11:58,David West,5:04,110,3,5,2.0,40.0,3.0,60.0,0.0,0.0,George Hill,8,0,2017-2018,0.0,4,2.0,CLE,102,LeBron James,,,,,,,,,,,,,46:52,Tristan Thompson,33:46,J.R. Smith,33:08,Kevin Love,31:12,Rodney Hood,25:38,Jeff Green,18:00,Larry Nance Jr.,13:20,Kyle Korver,10:47,,
1,.250,4,57.143,1,1.00,108,0,2,66.7,1,.143,0.0,0.0,3.0,7,0,.000,2,28.571,Logos via Sports Logos.net / About logos,L,https://www.basketball-reference.com/boxscores/201806080CLE.html,Home,85,25:05,1,33.3,GSW,Stephen Curry,David West,7:36,Kevon Looney,2:47,Zaza Pachulia,2:47,Patrick McCaw,2:47,,,,,38:44,Draymond Green,38:37,Kevin Durant,37:38,Klay Thompson,28:29,Andre Iguodala,22:41,Jordan Bell,18:24,JaVale McGee,16:28,Shaun Livingston,14:04,Nick Young,8:58,108,3,3,0.0,0.0,3.0,100.0,0.0,0.0,George Hill,23,0,2017-2018,0.0,1,3.0,CLE,85,LeBron James,José Calderón,4:03,Ante Žižić,1:40,,,,,,,,,40:34,Kevin Love,27:44,J.R. Smith,26:35,Rodney Hood,26:31,Jeff Green,23:40,Larry Nance Jr.,23:11,Kyle Korver,20:42,Tristan Thompson,16:12,Cedi Osman,4:03
2,.667,3,27.273,7,7.00,104,0,1,50.0,5,.455,3.0,37.5,8.0,11,3,.750,4,36.364,Logos via Sports Logos.net / About logos,L,https://www.basketball-reference.com/boxscores/201810170TOR.html,Away,116,31:27,1,50.0,TOR,Kawhi Leonard,C.J. Miles,10:23,Lorenzo Brown,0:44,Malachi Richardson,0:25,,,,,,,37:15,Kyle Lowry,35:35,Danny Green,32:45,Serge Ibaka,27:11,Fred VanVleet,25:24,Jonas Valančiūnas,20:24,Pascal Siakam,19:57,OG Anunoby,17:32,Norman Powell,12:25,116,3,15,6.0,40.0,6.0,40.0,3.0,20.0,George Hill,12,0,2018-2019,0.0,1,2.0,CLE,104,Kevin Love,David Nwaba,1:42,John Holland,0:44,,,,,,,,,34:05,Cedi Osman,33:05,Tristan Thompson,27:05,Rodney Hood,26:19,Jordan Clarkson,23:09,Collin Sexton,17:43,Sam Dekker,16:16,Ante Žižić,14:24,Kyle Korver,14:01
0,.000,2,28.571,2,2.00,123,0,0,0.0,3,.429,3.0,60.0,5.0,7,1,.500,2,28.571,Logos via Sports Logos.net / About logos,L,https://www.basketball-reference.com/boxscores/201810190MIN.html,Away,131,24:57,1,100.0,MIN,Andrew Wiggins,,,,,,,,,,,,,36:32,Jimmy Butler,36:05,Karl-Anthony Towns,34:41,Jeff Teague,31:28,Taj Gibson,28:10,Derrick Rose,23:23,Anthony Tolliver,19:47,Tyus Jones,16:35,Gorgui Dieng,13:19,131,3,7,6.0,85.7,0.0,0.0,1.0,14.3,George Hill,8,0,2018-2019,0.0,1,1.0,CLE,123,Kevin Love,J.R. Smith,3:40,,,,,,,,,,,39:28,Tristan Thompson,35:56,Cedi Osman,35:06,Rodney Hood,29:09,Jordan Clarkson,23:42,Collin Sexton,23:03,Ante Žižić,10:51,Sam Dekker,8:54,Kyle Korver,5:14
2,1.000,2,22.222,3,3.00,133,0,0,,7,.778,5.0,71.4,7.0,9,0,,0,0.000,Logos via Sports Logos.net / About logos,L,https://www.basketball-reference.com/boxscores/201810210CLE.html,Home,111,27:33,0,,ATL,Trae Young,Jeremy Lin,9:42,Jaylen Adams,0:53,,,,,,,,,37:40,Alex Len,32:21,Kent Bazemore,32:17,Taurean Prince,25:49,Kevin Huerter,25:04,Alex Poythress,23:48,Omari Spellman,23:45,DeAndre' Bembry,16:23,Vince Carter,12:18,133,2,16,10.0,62.5,6.0,37.5,0.0,0.0,George Hill,22,1,2018-2019,1.0,1,0.0,CLE,111,Cedi Osman,,,,,,,,,,,,,39:12,Kevin Love,33:31,Collin Sexton,27:33,Tristan Thompson,27:17,Rodney Hood,26:40,Jordan Clarkson,23:02,Larry Nance Jr.,17:18,Sam Dekker,14:29,Ante Žižić,3:25
1,.250,4,50.000,0,0.00,102,0,0,0.0,3,.375,2.0,50.0,4.0,8,0,,0,0.000,Logos via Sports Logos.net / About logos,L,https://www.basketball-reference.com/boxscores/201810240CLE.html,Home,86,24:30,3,100.0,BRK,Caris LeVert,Shabazz Napier,14:55,Džanan Musa,3:50,Kenneth Faried,3:50,Theo Pinson,3:50,,,,,31:41,D'Angelo Russell,27:09,Jarrett Allen,27:09,Joe Harris,26:37,Jared Dudley,24:11,Rondae Hollis-Jefferson,21:05,Spencer Dinwiddie,20:37,Allen Crabbe,18:05,Ed Davis,17:01,102,2,7,4.0,57.1,3.0,42.9,0.0,0.0,George Hill,16,0,2018-2019,0.0,1,3.0,CLE,86,Kevin Love,Ante Žižić,4:02,Sam Dekker,3:50,David Nwaba,3:50,,,,,,,28:42,Collin Sexton,25:01,Cedi Osman,24:16,Tristan Thompson,23:36,Jordan Clarkson,22:35,Rodney Hood,22:16,Larry Nance Jr.,20:22,Kyle Korver,18:54,J.R. Smith,18:06
0,.000,1,9.091,0,0.00,103,0,3,100.0,6,.545,6.0,60.0,10.0,11,3,1.000,3,27.273,Logos via Sports Logos.net / About logos,L,https://www.basketball-reference.com/boxscores/201810250DET.html,Away,110,22:58,0,0.0,DET,Andre Drummond,Glenn Robinson III,9:38,Bruce Brown,1:55,,,,,,,,,36:38,Blake Griffin,36:03,Reggie Bullock,32:06,Langston Galloway,26:57,Ish Smith,26:23,Stanley Johnson,24:34,Reggie Jackson,22:40,Luke Kennard,12:40,Zaza Pachulia,10:26,110,1,15,12.0,80.0,0.0,0.0,3.0,20.0,George Hill,7,1,2018-2019,1.0,2,3.0,CLE,103,Rodney Hood,,,,,,,,,,,,,29:51,Cedi Osman,29:44,Larry Nance Jr.,27:34,Collin Sexton,25:02,Kyle Korver,22:13,Channing Frye,21:12,Tristan Thompson,20:42,Jordan Clarkson,20:40,J.R. Smith,20:04
1,.333,3,27.273,2,1.00,119,1,0,0.0,5,.455,4.0,50.0,8.0,11,3,1.000,3,27.273,Logos via Sports Logos.net / About logos,L,https://www.basketball-reference.com/boxscores/201810270CLE.html,Home,107,28:34,2,100.0,IND,Victor Oladipo,Edmond Sumner,5:04,Aaron Holiday,1:47,Alize Johnson,1:28,,,,,,,36:41,Thaddeus Young,32:59,Bojan Bogdanović,31:33,Darren Collison,29:52,Cory Joseph,28:30,Myles Turner,27:34,Domantas Sabonis,21:27,Doug McDermott,17:49,T.J. Leaf,5:16,119,3,14,8.0,57.1,3.0,21.4,3.0,21.4,George Hill,12,2,2018-2019,3.0,2,2.0,CLE,107,Cedi Osman,J.R. Smith,6:12,Ante Žižić,3:28,,,,,,,,,31:49,Rodney Hood,29:16,Sam Dekker,24:05,Larry Nance Jr.,22:41,Collin Sexton,22:34,Tristan Thompson,21:51,Jordan Clarkson,19:34,Kyle Korver,15:28,David Nwaba,14:28
2,1.000,2,25.000,3,3.00,114,0,2,100.0,6,.750,4.0,66.7,6.0,8,3,1.000,3,37.500,Logos via Sports Logos.net / About logos,W,https://www.basketball-reference.com/boxscores/201810300CLE.html,Home,136,20:18,0,0.0,ATL,Trae Young,Kevin Huerter,15:20,Tyler Dorsey,2:42,Jaylen Adams,2:42,Miles Plumlee,1:09,,,,,31:23,Kent Bazemore,28:02,Alex Len,26:38,Taurean Prince,26:16,Vince Carter,23:43,Jeremy Lin,23:30,DeAndre' Bembry,22:29,Omari Spellman,20:23,Dewayne Dedmon,15:43,114,4,17,8.0,47.1,6.0,35.3,3.0,17.6,George Hill,22,1,2018-2019,1.0,1,2.0,CLE,136,Cedi Osman,Ante Žižić,2:28,,,,,,,,,,,33:39,Rodney Hood,30:52,Tristan Thompson,29:17,Sam Dekker,28:49,Collin Sexton,27:42,Jordan Clarkson,27:15,Larry Nance Jr.,16:15,Kyle Korver,14:49,David Nwaba,8:36
2,1.000,2,28.571,3,1.50,110,0,0,0.0,4,.571,2.0,40.0,5.0,7,0,,0,0.000,Logos via Sports Logos.net / About logos,L,https://www.basketball-reference.com/boxscores/201811010CLE.html,Home,91,23:49,1,100.0,DEN,Juancho Hernangómez,Torrey Craig,18:12,Tyler Lydon,3:56,DeVaughn Akoon-Purcell,2:32,,,,,,,28:59,Gary Harris,27:56,Trey Lyles,24:37,Malik Beasley,23:58,Jamal Murray,22:44,Nikola Jokić,22:21,Monte Morris,22:11,Mason Plumlee,21:43,Paul Millsap,20:51,110,4,10,4.0,40.0,6.0,60.0,0.0,0.0,George Hill,19,1,2018-2019,1.0,2,1.0,CLE,91,Sam Dekker,Ante Žižić,4:46,,,,,,,,,,,34:30,Cedi Osman,29:47,Tristan Thompson,28:14,Rodney Hood,27:32,Collin Sexton,25:04,Jordan Clarkson,19:43,Larry Nance Jr.,18:34,Kyle Korver,18:12,David Nwaba,9:49
0,.000,4,66.667,4,1.33,94,0,1,100.0,1,.167,1.0,50.0,2.0,6,1,1.000,1,16.667,Logos via Sports Logos.net / About logos,L,https://www.basketball-reference.com/boxscores/201811030CHO.html,Away,126,28:00,0,0.0,CHO,Kemba Walker,Cody Zeller,17:38,Bismack Biyombo,7:14,Dwayne Bacon,7:14,Frank Kaminsky,4:35,,,,,29:56,Nicolas Batum,26:18,Jeremy Lamb,24:09,Miles Bridges,22:52,Marvin Williams,22:26,Malik Monk,21:05,Willy Hernangómez,20:00,Michael Kidd-Gilchrist,18:26,Tony Parker,18:06,126,3,3,2.0,66.7,0.0,0.0,1.0,33.3,George Hill,32,0,2018-2019,0.0,3,1.0,CLE,94,Cedi Osman,David Nwaba,5:24,Ante Žižić,4:23,,,,,,,,,31:48,Tristan Thompson,27:22,J.R. Smith,24:19,Sam Dekker,24:09,Rodney Hood,23:29,Jordan Clarkson,21:24,Collin Sexton,19:18,Larry Nance Jr.,16:11,Kyle Korver,14:10
2,1.000,2,16.667,6,3.00,100,0,4,100.0,10,.833,8.0,80.0,10.0,12,0,,0,0.000,Logos via Sports Logos.net / About logos,L,https://www.basketball-reference.com/boxscores/201811050ORL.html,Away,102,32:30,0,0.0,ORL,Aaron Gordon,Wes Iwundu,12:55,,,,,,,,,,,33:27,Evan Fournier,31:58,Terrence Ross,30:11,Nikola Vučević,26:57,D.J. Augustin,26:37,Jonathon Simmons,21:13,Jerian Grant,21:06,Mo Bamba,21:03,Jarell Martin,14:33,102,2,22,16.0,72.7,6.0,27.3,0.0,0.0,George Hill,2,4,2018-2019,4.0,2,4.0,CLE,100,Cedi Osman,,,,,,,,,,,,,42:36,Tristan Thompson,34:20,Rodney Hood,30:42,Jordan Clarkson,25:34,J.R. Smith,25:10,Collin Sexton,16:44,Sam Dekker,14:25,Larry Nance Jr.,13:37,Kyle Korver,4:22
1,.500,2,40.000,1,,106,0,1,100.0,3,.600,2.0,66.7,3.0,5,1,.500,2,40.000,Logos via Sports Logos.net / About logos,L,https://www.basketball-reference.com/boxscores/201812010CLE.html,Home,95,18:59,0,0.0,TOR,Kawhi Leonard,,,,,,,,,,,,,36:50,Pascal Siakam,33:22,Fred VanVleet,33:00,Danny Green,31:37,Serge Ibaka,31:04,OG Anunoby,21:36,Delon Wright,19:34,Jonas Valančiūnas,18:17,C.J. Miles,14:40,106,1,8,4.0,50.0,3.0,37.5,1.0,12.5,George Hill,11,0,2018-2019,0.0,0,1.0,CLE,95,Rodney Hood,,,,,,,,,,,,,41:32,Tristan Thompson,39:45,Cedi Osman,35:08,Jordan Clarkson,29:01,Collin Sexton,26:25,Alec Burks,23:57,Larry Nance Jr.,21:45,Channing Frye,3:28,,
0,,0,0.000,2,1.00,99,0,3,60.0,2,.286,2.0,28.6,7.0,7,2,1.000,2,28.571,Logos via Sports Logos.net / About logos,W,https://www.basketball-reference.com/boxscores/201812030BRK.html,Away,97,35:22,2,40.0,BRK,D'Angelo Russell,Rodions Kurucs,13:58,,,,,,,,,,,32:41,Allen Crabbe,32:34,Jarrett Allen,32:24,Spencer Dinwiddie,32:15,DeMarre Carroll,22:56,Rondae Hollis-Jefferson,21:56,Shabazz Napier,17:53,Jared Dudley,17:47,Ed Davis,15:36,97,3,6,4.0,66.7,0.0,0.0,2.0,33.3,George Hill,2,1,2018-2019,1.0,2,5.0,CLE,99,Tristan Thompson,,,,,,,,,,,,,34:13,Rodney Hood,33:45,Collin Sexton,31:59,Alec Burks,28:57,Cedi Osman,28:21,Jordan Clarkson,28:03,Larry Nance Jr.,15:33,Jalen Jones,3:47,,
0,.000,1,20.000,3,1.50,129,0,0,0.0,0,.000,0.0,0.0,4.0,5,0,,0,0.000,Logos via Sports Logos.net / About logos,L,https://www.basketball-reference.com/boxscores/201812050CLE.html,Home,105,25:13,2,100.0,GSW,Kevin Durant,Alfonzo McKinnie,13:04,Marcus Derrickson,5:50,Jacob Evans,3:05,,,,,,,33:59,Stephen Curry,33:47,Klay Thompson,31:49,Kevon Looney,25:00,Jonas Jerebko,22:01,Andre Iguodala,21:51,Jordan Bell,17:30,Shaun Livingston,16:15,Quinn Cook,15:49,129,4,0,0.0,,0.0,,0.0,,George Hill,24,1,2018-2019,1.0,2,2.0,CLE,105,Collin Sexton,Channing Frye,3:05,,,,,,,,,,,35:16,Cedi Osman,33:08,Rodney Hood,30:38,Jordan Clarkson,30:02,Tristan Thompson,29:56,Larry Nance Jr.,23:48,Alec Burks,22:44,Jalen Jones,3:05,Jaron Blossomgame,3:05
0,.000,1,33.333,2,,92,0,2,100.0,1,.333,1.0,50.0,2.0,3,0,.000,1,33.333,Logos via Sports Logos.net / About logos,W,https://www.basketball-reference.com/boxscores/201812100MIL.html,Home,108,12:36,0,0.0,CLE,Collin Sexton,Matthew Dellavedova,15:45,Channing Frye,5:10,,,,,,,,,32:15,Cedi Osman,30:02,Alec Burks,29:04,Jaron Blossomgame,25:38,Larry Nance Jr.,25:03,Rodney Hood,20:23,Jordan Clarkson,20:16,Jalen Jones,18:37,Tristan Thompson,17:47,92,1,2,2.0,100.0,0.0,0.0,0.0,0.0,George Hill,16,1,2018-2019,1.0,0,2.0,MIL,108,Sterling Brown,D.J. Wilson,13:09,Jason Smith,4:52,,,,,,,,,30:38,Malcolm Brogdon,28:31,Khris Middleton,28:27,Eric Bledsoe,28:00,Brook Lopez,24:29,Ersan İlyasova,21:16,Tony Snell,19:12,Thon Maker,15:31,Donte DiVincenzo,13:19
0,.000,2,50.000,1,1.00,97,1,0,,2,.500,2.0,100.0,2.0,4,0,,0,0.000,Logos via Sports Logos.net / About logos,L,https://www.basketball-reference.com/boxscores/201812120IND.html,Away,113,22:29,0,,IND,Thaddeus Young,,,,,,,,,,,,,33:54,Bojan Bogdanović,33:22,Myles Turner,31:21,Darren Collison,29:23,Victor Oladipo,29:09,Cory Joseph,25:12,Domantas Sabonis,24:06,Doug McDermott,18:27,Tyreke Evans,15:06,113,1,4,4.0,100.0,0.0,0.0,0.0,0.0,George Hill,16,1,2018-2019,2.0,1,0.0,MIL,97,Khris Middleton,,,,,,,,,,,,,33:38,Eric Bledsoe,33:25,Giannis Antetokounmpo,31:29,Brook Lopez,31:20,Sterling Brown,27:24,Malcolm Brogdon,25:27,Ersan İlyasova,13:02,Tony Snell,10:57,Thon Maker,10:49
0,.000,3,50.000,1,,114,0,4,66.7,1,.167,1.0,33.3,3.0,6,0,,0,0.000,Logos via Sports Logos.net / About logos,W,https://www.basketball-reference.com/boxscores/201812140CLE.html,Away,102,23:49,2,33.3,CLE,Larry Nance Jr.,Jaron Blossomgame,11:28,,,,,,,,,,,36:53,Jordan Clarkson,32:46,Rodney Hood,28:31,Alec Burks,27:18,Matthew Dellavedova,26:45,Cedi Osman,26:04,Collin Sexton,23:58,Channing Frye,13:44,David Nwaba,12:33,102,2,2,2.0,100.0,0.0,0.0,0.0,0.0,George Hill,12,1,2018-2019,1.0,0,6.0,MIL,114,Giannis Antetokounmpo,,,,,,,,,,,,,37:31,Brook Lopez,32:23,Eric Bledsoe,30:52,Pat Connaughton,30:26,Tony Snell,26:44,Donte DiVincenzo,23:19,Ersan İlyasova,15:37,Thon Maker,10:29,Jaylen Morris,8:50
0,.000,2,33.333,1,1.00,107,0,2,100.0,0,.000,0.0,0.0,4.0,6,1,.500,2,33.333,Logos via Sports Logos.net / About logos,W,https://www.basketball-reference.com/boxscores/201812170DET.html,Away,104,13:59,0,0.0,DET,Blake Griffin,Bruce Brown,4:07,,,,,,,,,,,34:57,Andre Drummond,34:15,Reggie Bullock,34:13,Stanley Johnson,24:57,José Calderón,24:12,Reggie Jackson,23:48,Luke Kennard,23:09,Langston Galloway,22:37,Jon Leuer,13:45,104,0,1,0.0,0.0,0.0,0.0,1.0,100.0,George Hill,3,0,2018-2019,0.0,1,2.0,MIL,107,Khris Middleton,,,,,,,,,,,,,36:33,Eric Bledsoe,34:49,Giannis Antetokounmpo,31:11,Tony Snell,28:58,Brook Lopez,28:45,Sterling Brown,26:28,D.J. Wilson,25:44,Donte DiVincenzo,7:31,Thon Maker,6:02
2,1.000,2,40.000,1,,115,0,1,50.0,4,.800,2.0,66.7,3.0,5,1,1.000,1,20.000,Logos via Sports Logos.net / About logos,W,https://www.basketball-reference.com/boxscores/201812190MIL.html,Home,123,28:45,1,50.0,NOP,Jrue Holiday,Kenrich Williams,6:33,Cheick Diallo,5:46,Andrew Harrison,4:17,,,,,,,36:56,Darius Miller,36:32,Solomon Hill,31:55,Anthony Davis,29:11,E'Twaun Moore,24:25,Tim Frazier,24:24,Frank Jackson,18:09,Jahlil Okafor,13:03,Wesley Johnson,8:49,115,0,11,4.0,36.4,6.0,54.5,1.0,9.1,George Hill,8,2,2018-2019,2.0,0,2.0,MIL,123,Giannis Antetokounmpo,,,,,,,,,,,,,33:45,Khris Middleton,33:15,Malcolm Brogdon,25:33,D.J. Wilson,23:55,Eric Bledsoe,23:32,Brook Lopez,20:16,Sterling Brown,18:47,Tony Snell,17:42,Thon Maker,14:30
1,.333,3,75.000,3,,120,0,3,100.0,2,.500,1.0,100.0,1.0,4,2,1.000,2,50.000,Logos via Sports Logos.net / About logos,W,https://www.basketball-reference.com/boxscores/201812210BOS.html,Away,107,22:56,0,0.0,BOS,Kyrie Irving,Guerschon Yabusele,4:37,Brad Wanamaker,1:44,,,,,,,,,38:47,Gordon Hayward,35:35,Jayson Tatum,31:48,Jaylen Brown,30:06,Marcus Smart,29:09,Daniel Theis,24:05,Terry Rozier,19:26,Semi Ojeleye,16:40,Robert Williams,8:03,107,3,7,2.0,28.6,3.0,42.9,2.0,28.6,George Hill,13,0,2018-2019,0.0,0,3.0,MIL,120,Khris Middleton,,,,,,,,,,,,,33:37,Giannis Antetokounmpo,33:07,Eric Bledsoe,29:39,Malcolm Brogdon,25:52,Sterling Brown,24:58,Brook Lopez,23:32,Tony Snell,18:28,Thon Maker,15:03,D.J. Wilson,12:47
1,.500,2,33.333,3,,87,0,2,66.7,4,.667,3.0,75.0,4.0,6,1,.500,2,33.333,Logos via Sports Logos.net / About logos,L,https://www.basketball-reference.com/boxscores/201812220MIA.html,Away,94,16:31,1,33.3,MIA,Josh Richardson,Derrick Jones Jr.,8:32,,,,,,,,,,,38:40,James Johnson,30:20,Hassan Whiteside,27:44,Justise Winslow,27:33,Dwyane Wade,26:32,Rodney McGruder,24:19,Kelly Olynyk,19:57,Tyler Johnson,18:24,Bam Adebayo,17:59,94,3,10,6.0,60.0,3.0,30.0,1.0,10.0,George Hill,7,0,2018-2019,0.0,0,3.0,MIL,87,Khris Middleton,,,,,,,,,,,,,34:31,Eric Bledsoe,34:06,Giannis Antetokounmpo,33:37,Tony Snell,32:59,Brook Lopez,27:51,D.J. Wilson,26:08,Pat Connaughton,14:25,Sterling Brown,11:35,Thon Maker,8:17
1,.333,3,75.000,4,,109,0,2,66.7,2,.500,1.0,100.0,1.0,4,0,,0,0.000,Logos via Sports Logos.net / About logos,W,https://www.basketball-reference.com/boxscores/201812250NYK.html,Away,95,27:33,1,33.3,NYK,Kevin Knox,Lance Thomas,12:17,,,,,,,,,,,37:28,Emmanuel Mudiay,33:32,Tim Hardaway Jr.,33:15,Noah Vonleh,33:12,Enes Freedom,25:02,Damyean Dotson,19:07,Allonzo Trier,17:50,Trey Burke,14:28,Luke Kornet,13:49,95,3,5,2.0,40.0,3.0,60.0,0.0,0.0,George Hill,14,0,2018-2019,0.0,0,3.0,MIL,109,Giannis Antetokounmpo,Donte DiVincenzo,2:42,,,,,,,,,,,35:11,Khris Middleton,29:28,Brook Lopez,29:24,Eric Bledsoe,28:39,Malcolm Brogdon,26:49,D.J. Wilson,16:20,Thon Maker,15:05,Tony Snell,14:25,Sterling Brown,14:24
0,.000,2,28.571,1,,96,0,1,33.3,1,.143,1.0,20.0,5.0,7,1,1.000,1,14.286,Logos via Sports Logos.net / About logos,W,https://www.basketball-reference.com/boxscores/201812270MIL.html,Home,112,20:21,2,66.7,NYK,Kevin Knox,,,,,,,,,,,,,38:41,Noah Vonleh,34:55,Luke Kornet,33:34,Damyean Dotson,28:41,Emmanuel Mudiay,27:15,Courtney Lee,23:06,Frank Ntilikina,20:45,Allonzo Trier,18:37,Enes Freedom,14:26,96,4,3,2.0,66.7,0.0,0.0,1.0,33.3,George Hill,16,1,2018-2019,1.0,0,3.0,MIL,112,Giannis Antetokounmpo,,,,,,,,,,,,,34:42,Khris Middleton,32:35,Malcolm Brogdon,31:21,Eric Bledsoe,30:51,Brook Lopez,26:04,D.J. Wilson,20:47,Tony Snell,17:17,Sterling Brown,13:27,Thon Maker,12:35
2,.400,5,71.429,4,,115,1,1,50.0,2,.286,0.0,0.0,2.0,7,0,,0,0.000,Logos via Sports Logos.net / About logos,W,https://www.basketball-reference.com/boxscores/201812290MIL.html,Home,129,23:54,1,50.0,BRK,DeMarre Carroll,Rondae Hollis-Jefferson,2:59,,,,,,,,,,,35:09,Shabazz Napier,33:00,Jared Dudley,28:58,Theo Pinson,27:54,Kenneth Faried,27:18,Rodions Kurucs,22:02,Joe Harris,21:19,Jarrett Allen,20:42,Spencer Dinwiddie,20:39,115,1,6,0.0,0.0,6.0,100.0,0.0,0.0,George Hill,14,0,2018-2019,1.0,0,2.0,MIL,129,Khris Middleton,,,,,,,,,,,,,34:48,Giannis Antetokounmpo,34:20,Malcolm Brogdon,29:33,Brook Lopez,28:42,Eric Bledsoe,23:38,D.J. Wilson,19:49,Sterling Brown,17:58,Tony Snell,14:09,Thon Maker,13:09
0,.000,1,25.000,4,4.00,98,0,3,100.0,3,.750,3.0,100.0,3.0,4,2,.400,5,125.000,Logos via Sports Logos.net / About logos,W,https://www.basketball-reference.com/boxscores/201901010MIL.html,Home,121,19:31,0,0.0,DET,Blake Griffin,Langston Galloway,10:20,Glenn Robinson III,7:25,,,,,,,,,33:07,Andre Drummond,30:16,Bruce Brown,28:51,Reggie Bullock,26:41,Jon Leuer,25:12,Reggie Jackson,22:22,Luke Kennard,20:04,Khyri Thomas,19:32,José Calderón,16:10,98,4,8,6.0,75.0,0.0,0.0,2.0,25.0,George Hill,23,1,2018-2019,1.0,1,3.0,MIL,121,Brook Lopez,Pat Connaughton,4:23,Jason Smith,4:23,Donte DiVincenzo,3:36,,,,,,,30:16,Eric Bledsoe,29:37,Khris Middleton,28:01,Giannis Antetokounmpo,26:23,Malcolm Brogdon,25:32,Tony Snell,17:45,Thon Maker,17:44,D.J. Wilson,17:14,Sterling Brown,15:35
1,.250,4,57.143,1,,112,0,1,33.3,4,.571,3.0,100.0,3.0,7,3,.750,4,57.143,Logos via Sports Logos.net / About logos,W,https://www.basketball-reference.com/boxscores/201901040MIL.html,Home,144,16:33,2,66.7,ATL,Kevin Huerter,Tyler Dorsey,16:07,Vince Carter,8:52,,,,,,,,,33:32,Trae Young,31:31,John Collins,25:34,DeAndre' Bembry,22:41,Daniel Hamilton,22:14,Alex Len,21:22,Dewayne Dedmon,21:00,Jeremy Lin,20:40,Justin Anderson,16:27,112,0,12,6.0,50.0,3.0,25.0,3.0,25.0,George Hill,32,1,2018-2019,1.0,0,3.0,MIL,144,Pat Connaughton,Thon Maker,14:22,Jason Smith,14:02,,,,,,,,,25:48,Tony Snell,22:45,Khris Middleton,22:07,Eric Bledsoe,22:07,D.J. Wilson,21:57,Brook Lopez,21:56,Malcolm Brogdon,19:32,Ersan İlyasova,19:26,Giannis Antetokounmpo,19:24
1,.333,3,75.000,1,1.00,123,0,2,100.0,2,.500,1.0,100.0,1.0,4,6,1.000,6,150.000,Logos via Sports Logos.net / About logos,L,https://www.basketball-reference.com/boxscores/201901050MIL.html,Home,116,28:20,0,0.0,TOR,Danny Green,,,,,,,,,,,,,40:26,Pascal Siakam,38:50,Kawhi Leonard,38:01,Serge Ibaka,35:45,Fred VanVleet,35:14,OG Anunoby,16:41,Norman Powell,15:19,Delon Wright,13:48,Greg Monroe,5:56,123,1,11,2.0,18.2,3.0,27.3,6.0,54.5,George Hill,7,2,2018-2019,2.0,1,2.0,MIL,116,Giannis Antetokounmpo,,,,,,,,,,,,,39:38,Malcolm Brogdon,33:26,Eric Bledsoe,32:18,Khris Middleton,32:04,Brook Lopez,24:08,Sterling Brown,14:26,Ersan İlyasova,13:23,Tony Snell,13:21,D.J. Wilson,8:55
0,,0,0.000,3,,102,0,1,100.0,0,.000,0.0,0.0,1.0,1,0,,0,0.000,Logos via Sports Logos.net / About logos,W,https://www.basketball-reference.com/boxscores/201901070MIL.html,Home,114,22:38,0,0.0,UTA,Donovan Mitchell,Tyler Cavanaugh,0:42,Naz Mitrou-Long,0:42,Georges Niang,0:42,,,,,,,39:55,Rudy Gobert,38:35,Joe Ingles,31:48,Jae Crowder,29:23,Raul Neto,29:09,Derrick Favors,27:23,Kyle Korver,25:01,Royce O'Neale,12:03,Ricky Rubio,4:37,102,2,0,0.0,,0.0,,0.0,,George Hill,12,2,2018-2019,2.0,0,1.0,MIL,114,Giannis Antetokounmpo,,,,,,,,,,,,,35:23,Khris Middleton,32:39,Malcolm Brogdon,31:01,Brook Lopez,30:35,Eric Bledsoe,28:26,Thon Maker,18:07,Tony Snell,17:34,Sterling Brown,12:52,Ersan İlyasova,10:45
0,.000,2,28.571,3,,116,0,1,50.0,3,.429,3.0,60.0,5.0,7,0,,0,0.000,Logos via Sports Logos.net / About logos,W,https://www.basketball-reference.com/boxscores/201901090HOU.html,Away,109,23:47,1,50.0,HOU,P.J. Tucker,,,,,,,,,,,,,43:26,James Harden,40:54,Austin Rivers,39:16,Clint Capela,35:03,Gerald Green,32:51,Danuel House Jr.,25:07,James Ennis III,10:49,Brandon Knight,7:06,Gary Clark,5:28,109,1,6,6.0,100.0,0.0,0.0,0.0,0.0,George Hill,7,1,2018-2019,1.0,0,2.0,MIL,116,Giannis Antetokounmpo,,,,,,,,,,,,,36:32,Malcolm Brogdon,35:55,Khris Middleton,34:33,Brook Lopez,33:27,Eric Bledsoe,28:05,Sterling Brown,21:16,Ersan İlyasova,16:39,Tony Snell,6:56,Thon Maker,2:50
0,.000,1,25.000,0,0.00,106,0,1,100.0,0,.000,0.0,0.0,3.0,4,0,,0,0.000,Logos via Sports Logos.net / About logos,L,https://www.basketball-reference.com/boxscores/201901110WAS.html,Away,113,14:55,0,0.0,WAS,Trevor Ariza,,,,,,,,,,,,,40:08,Bradley Beal,39:25,Jeff Green,39:07,Tomáš Satoranský,35:18,Otto Porter Jr.,30:14,Thomas Bryant,24:14,Sam Dekker,13:24,Chasson Randle,12:42,Ian Mahinmi,5:28,113,2,0,0.0,,0.0,,0.0,,George Hill,7,0,2018-2019,0.0,2,1.0,MIL,106,Khris Middleton,,,,,,,,,,,,,36:38,Brook Lopez,31:22,Malcolm Brogdon,30:32,Eric Bledsoe,27:46,Sterling Brown,26:41,Ersan İlyasova,26:05,Tony Snell,20:31,D.J. Wilson,20:09,Thon Maker,5:21
1,.333,3,42.857,3,3.00,133,0,1,100.0,5,.714,4.0,100.0,4.0,7,0,,0,0.000,Logos via Sports Logos.net / About logos,W,https://www.basketball-reference.com/boxscores/201901130ATL.html,Away,114,26:06,0,0.0,ATL,Kevin Huerter,Justin Anderson,3:04,Tyler Dorsey,3:04,,,,,,,,,37:52,Trae Young,33:36,John Collins,33:34,DeAndre' Bembry,31:59,Omari Spellman,29:54,Jeremy Lin,26:22,Alex Len,17:04,Vince Carter,12:24,Taurean Prince,11:07,114,3,11,8.0,72.7,3.0,27.3,0.0,0.0,George Hill,19,1,2018-2019,1.0,1,1.0,MIL,133,Giannis Antetokounmpo,Jason Smith,3:23,Pat Connaughton,2:17,,,,,,,,,30:52,Khris Middleton,28:09,Malcolm Brogdon,27:12,Brook Lopez,26:21,Eric Bledsoe,26:15,Tony Snell,18:30,D.J. Wilson,17:18,Ersan İlyasova,17:13,Sterling Brown,16:24
1,.333,3,60.000,4,4.00,86,0,4,100.0,2,.400,1.0,50.0,2.0,5,2,1.000,2,40.000,Logos via Sports Logos.net / About logos,W,https://www.basketball-reference.com/boxscores/201901150MIL.html,Home,124,17:00,0,0.0,MIA,Justise Winslow,Kelly Olynyk,13:07,Dion Waiters,11:56,Wayne Ellington,7:42,,,,,,,28:49,Hassan Whiteside,26:11,Josh Richardson,25:19,Tyler Johnson,24:41,Bam Adebayo,23:20,Dwyane Wade,22:08,James Johnson,21:23,Derrick Jones Jr.,18:01,Rodney McGruder,17:23,86,0,7,2.0,28.6,3.0,42.9,2.0,28.6,George Hill,38,0,2018-2019,0.0,1,4.0,MIL,124,Khris Middleton,Pat Connaughton,10:37,Thon Maker,9:46,Jason Smith,7:42,,,,,,,26:05,Brook Lopez,25:04,Giannis Antetokounmpo,24:52,Malcolm Brogdon,23:06,Eric Bledsoe,22:27,Sterling Brown,21:59,Tony Snell,21:10,D.J. Wilson,17:04,Ersan İlyasova,13:08
1,.500,2,33.333,2,,111,0,3,100.0,3,.500,2.0,50.0,4.0,6,2,1.000,2,33.333,Logos via Sports Logos.net / About logos,W,https://www.basketball-reference.com/boxscores/201901160MEM.html,Away,101,14:58,0,0.0,MEM,Omri Casspi,Joakim Noah,12:33,Ivan Rabb,6:06,Yuta Watanabe,6:06,,,,,,,35:46,Jevon Carter,28:25,JaMychal Green,26:28,Marc Gasol,24:48,Mike Conley,23:25,Jaren Jackson Jr.,21:17,Garrett Temple,20:31,Shelvin Mack,17:43,Justin Holiday,16:52,101,2,9,4.0,44.4,3.0,33.3,2.0,22.2,George Hill,10,1,2018-2019,1.0,0,3.0,MIL,111,Sterling Brown,Thon Maker,8:36,Jason Smith,6:06,Tony Snell,5:17,,,,,,,28:03,Khris Middleton,26:51,Malcolm Brogdon,26:08,Brook Lopez,25:02,Eric Bledsoe,24:37,D.J. Wilson,22:56,Giannis Antetokounmpo,21:34,Ersan İlyasova,17:52,Pat Connaughton,12:00
0,.000,2,50.000,4,2.00,118,0,1,50.0,1,.250,1.0,50.0,2.0,4,0,,0,0.000,Logos via Sports Logos.net / About logos,W,https://www.basketball-reference.com/boxscores/201901190ORL.html,Away,108,23:27,1,50.0,ORL,Evan Fournier,Wes Iwundu,16:05,,,,,,,,,,,31:20,Nikola Vučević,29:48,Terrence Ross,29:40,Jonathan Isaac,29:19,D.J. Augustin,28:36,Isaiah Briscoe,19:24,Jonathon Simmons,18:55,Jarell Martin,18:41,Mo Bamba,18:12,108,3,2,2.0,100.0,0.0,0.0,0.0,0.0,George Hill,10,3,2018-2019,3.0,2,2.0,MIL,118,Giannis Antetokounmpo,,,,,,,,,,,,,32:24,Eric Bledsoe,30:58,Malcolm Brogdon,29:21,Khris Middleton,27:52,Brook Lopez,27:16,D.J. Wilson,21:40,Sterling Brown,18:33,Ersan İlyasova,14:40,Tony Snell,13:49
1,.500,2,40.000,2,,106,0,6,100.0,2,.400,1.0,33.3,3.0,5,0,,0,0.000,Logos via Sports Logos.net / About logos,W,https://www.basketball-reference.com/boxscores/201901210MIL.html,Home,116,21:31,0,0.0,DAL,Dorian Finney-Smith,,,,,,,,,,,,,33:06,Luka Dončić,32:55,Harrison Barnes,31:09,Wesley Matthews,31:04,DeAndre Jordan,31:02,Jalen Brunson,29:46,Devin Harris,17:54,Maxi Kleber,16:51,Dwight Powell,16:13,106,2,5,2.0,40.0,3.0,60.0,0.0,0.0,George Hill,10,0,2018-2019,0.0,0,6.0,MIL,116,Giannis Antetokounmpo,Thon Maker,4:02,,,,,,,,,,,35:46,Brook Lopez,34:13,Khris Middleton,33:06,Malcolm Brogdon,32:51,Eric Bledsoe,32:30,Sterling Brown,19:09,D.J. Wilson,14:07,Ersan İlyasova,6:45,Tony Snell,6:00
0,.000,1,25.000,0,0.00,99,0,1,50.0,0,.000,0.0,0.0,3.0,4,0,,0,0.000,Logos via Sports Logos.net / About logos,W,https://www.basketball-reference.com/boxscores/201901250MIL.html,Home,108,14:18,1,50.0,CHO,Nicolas Batum,Willy Hernangómez,8:09,,,,,,,,,,,38:07,Kemba Walker,35:27,Marvin Williams,34:58,Jeremy Lamb,29:32,Michael Kidd-Gilchrist,25:33,Devonte' Graham,21:13,Miles Bridges,18:46,Bismack Biyombo,16:02,Malik Monk,12:13,99,1,0,0.0,,0.0,,0.0,,George Hill,9,1,2018-2019,1.0,1,2.0,MIL,108,Giannis Antetokounmpo,Ersan İlyasova,9:09,,,,,,,,,,,37:54,Khris Middleton,33:12,Eric Bledsoe,30:45,Malcolm Brogdon,28:40,Brook Lopez,24:22,Sterling Brown,22:52,Tony Snell,14:16,D.J. Wilson,12:27,Pat Connaughton,12:05
0,.000,2,66.667,2,,112,1,2,100.0,1,.333,1.0,100.0,1.0,3,0,,0,0.000,Logos via Sports Logos.net / About logos,L,https://www.basketball-reference.com/boxscores/201901270OKC.html,Away,118,21:15,0,0.0,OKC,Paul George,,,,,,,,,,,,,37:39,Russell Westbrook,36:05,Jerami Grant,33:27,Steven Adams,30:54,Dennis Schröder,27:41,Terrance Ferguson,27:12,Nerlens Noel,17:06,Abdel Nader,15:23,Patrick Patterson,14:33,118,1,2,2.0,100.0,0.0,0.0,0.0,0.0,George Hill,6,1,2018-2019,2.0,0,2.0,MIL,112,Giannis Antetokounmpo,,,,,,,,,,,,,34:40,Khris Middleton,34:10,Malcolm Brogdon,32:35,Eric Bledsoe,31:22,Brook Lopez,30:28,Sterling Brown,20:22,D.J. Wilson,16:02,Tony Snell,14:17,Ersan İlyasova,4:49
1,.200,5,55.556,3,3.00,115,0,4,100.0,4,.444,3.0,75.0,4.0,9,0,,0,0.000,Logos via Sports Logos.net / About logos,W,https://www.basketball-reference.com/boxscores/201901290DET.html,Away,105,29:34,0,0.0,DET,Blake Griffin,Khyri Thomas,10:15,José Calderón,3:25,,,,,,,,,38:48,Reggie Jackson,36:57,Andre Drummond,35:34,Stanley Johnson,29:18,Luke Kennard,27:53,Langston Galloway,20:07,Bruce Brown,13:14,Zaza Pachulia,12:26,Glenn Robinson III,12:03,105,1,9,6.0,66.7,3.0,33.3,0.0,0.0,George Hill,10,2,2018-2019,2.0,1,4.0,MIL,115,Giannis Antetokounmpo,,,,,,,,,,,,,34:52,Khris Middleton,33:52,Brook Lopez,33:46,Eric Bledsoe,30:14,Tony Snell,23:50,Pat Connaughton,21:55,D.J. Wilson,18:01,Ersan İlyasova,13:56,,
2,.400,5,71.429,0,0.00,105,0,2,66.7,3,.429,1.0,50.0,2.0,7,2,1.000,2,28.571,Logos via Sports Logos.net / About logos,W,https://www.basketball-reference.com/boxscores/201901310TOR.html,Away,92,23:57,1,33.3,TOR,Serge Ibaka,Patrick McCaw,4:04,Greg Monroe,1:08,,,,,,,,,39:15,Pascal Siakam,37:31,Kawhi Leonard,35:04,Kyle Lowry,34:20,Fred VanVleet,30:02,Norman Powell,23:14,Delon Wright,16:06,Danny Green,12:43,OG Anunoby,6:33,92,0,10,2.0,20.0,6.0,60.0,2.0,20.0,George Hill,13,0,2018-2019,0.0,2,3.0,MIL,105,Khris Middleton,,,,,,,,,,,,,35:25,Malcolm Brogdon,33:34,Brook Lopez,33:24,Eric Bledsoe,30:56,Giannis Antetokounmpo,28:10,D.J. Wilson,22:20,Tony Snell,15:13,Sterling Brown,10:28,Ersan İlyasova,6:33
3,.500,6,60.000,3,3.00,131,0,2,100.0,4,.400,1.0,25.0,4.0,10,2,1.000,2,20.000,Logos via Sports Logos.net / About logos,W,https://www.basketball-reference.com/boxscores/201902020WAS.html,Away,115,22:59,0,0.0,WAS,Trevor Ariza,John Jenkins,3:55,Troy Brown Jr.,3:55,,,,,,,,,38:45,Bradley Beal,37:28,Otto Porter Jr.,34:27,Jeff Green,33:45,Tomáš Satoranský,24:00,Thomas Bryant,18:04,Sam Dekker,17:49,Chasson Randle,14:22,Jordan McRae,13:30,115,1,13,2.0,15.4,9.0,69.2,2.0,15.4,George Hill,16,4,2018-2019,4.0,1,2.0,MIL,131,Giannis Antetokounmpo,Christian Wood,3:55,,,,,,,,,,,32:42,Khris Middleton,29:40,Brook Lopez,27:16,Malcolm Brogdon,26:34,Pat Connaughton,25:51,Tony Snell,24:24,D.J. Wilson,22:46,Sterling Brown,17:08,Ersan İlyasova,6:45
1,.333,3,100.000,3,,113,0,3,100.0,1,.333,0.0,,0.0,3,2,1.000,2,66.667,Logos via Sports Logos.net / About logos,W,https://www.basketball-reference.com/boxscores/201902040BRK.html,Away,94,16:48,0,0.0,BRK,D'Angelo Russell,Džanan Musa,7:49,Ed Davis,6:31,Alan Williams,6:28,,,,,,,28:34,Shabazz Napier,28:26,Rodions Kurucs,26:47,DeMarre Carroll,26:40,Theo Pinson,26:14,Jarrett Allen,23:56,Treveon Graham,22:54,Rondae Hollis-Jefferson,20:20,Mitch Creek,15:21,94,0,5,0.0,0.0,3.0,60.0,2.0,40.0,George Hill,19,1,2018-2019,1.0,0,3.0,MIL,113,Giannis Antetokounmpo,Pat Connaughton,8:32,Christian Wood,3:23,,,,,,,,,31:43,Eric Bledsoe,26:50,Malcolm Brogdon,25:56,Khris Middleton,24:41,D.J. Wilson,22:48,Brook Lopez,21:56,Tony Snell,21:38,Ersan İlyasova,19:33,Sterling Brown,16:12
1,.500,2,25.000,2,1.00,129,1,1,50.0,4,.500,3.0,50.0,6.0,8,0,,0,0.000,Logos via Sports Logos.net / About logos,W,https://www.basketball-reference.com/boxscores/201902060MIL.html,Home,148,24:56,1,50.0,WAS,Bradley Beal,,,,,,,,,,,,,39:08,Tomáš Satoranský,37:37,Jeff Green,37:08,Trevor Ariza,31:53,Thomas Bryant,31:45,Sam Dekker,20:57,Jordan McRae,19:19,Chasson Randle,15:20,John Jenkins,6:53,129,1,9,6.0,66.7,3.0,33.3,0.0,0.0,George Hill,19,1,2018-2019,2.0,2,2.0,MIL,148,Giannis Antetokounmpo,Pat Connaughton,2:48,Christian Wood,2:48,,,,,,,,,31:28,Malcolm Brogdon,27:14,Khris Middleton,26:54,Eric Bledsoe,26:42,Brook Lopez,22:10,D.J. Wilson,21:52,Sterling Brown,18:19,Ersan İlyasova,17:44,Tony Snell,17:05
0,.000,2,50.000,2,,122,0,1,50.0,2,.500,2.0,100.0,2.0,4,0,,0,0.000,Logos via Sports Logos.net / About logos,W,https://www.basketball-reference.com/boxscores/201902080DAL.html,Away,107,21:39,1,50.0,DAL,Tim Hardaway Jr.,Devin Harris,16:30,Justin Jackson,4:23,Courtney Lee,4:23,Daryl Macon,3:07,,,,,27:07,Luka Dončić,26:42,Trey Burke,26:38,Dorian Finney-Smith,25:54,Maxi Kleber,24:36,Jalen Brunson,24:03,Dwight Powell,20:17,Ryan Broekhoff,18:37,Dirk Nowitzki,17:43,107,2,4,4.0,100.0,0.0,0.0,0.0,0.0,George Hill,15,2,2018-2019,2.0,0,2.0,MIL,122,Giannis Antetokounmpo,Trevon Duval,0:53,,,,,,,,,,,30:42,Sterling Brown,28:19,Eric Bledsoe,27:27,Brook Lopez,26:43,Malcolm Brogdon,26:10,D.J. Wilson,21:23,Tony Snell,19:32,Ersan İlyasova,19:01,Pat Connaughton,18:11
2,1.000,2,40.000,1,,103,1,0,0.0,2,.400,0.0,0.0,3.0,5,0,,0,0.000,Logos via Sports Logos.net / About logos,L,https://www.basketball-reference.com/boxscores/201902090MIL.html,Home,83,14:21,1,100.0,ORL,Evan Fournier,Melvin Frazier,3:06,Jerian Grant,3:06,Amile Jefferson,3:06,Jarell Martin,3:06,,,,,32:02,Jonathan Isaac,31:00,Aaron Gordon,29:08,Nikola Vučević,26:16,Terrence Ross,24:58,Isaiah Briscoe,24:30,Wes Iwundu,20:40,D.J. Augustin,20:24,Khem Birch,18:38,103,0,6,0.0,0.0,6.0,100.0,0.0,0.0,George Hill,20,0,2018-2019,1.0,0,1.0,MIL,83,Khris Middleton,Trevon Duval,4:26,Christian Wood,4:26,,,,,,,,,32:16,D.J. Wilson,29:16,Eric Bledsoe,29:13,Brook Lopez,26:02,Ersan İlyasova,25:20,Malcolm Brogdon,23:33,Tony Snell,19:49,Pat Connaughton,17:18,Sterling Brown,14:00
0,.000,3,100.000,3,,112,1,5,100.0,0,.000,0.0,,0.0,3,2,1.000,2,66.667,Logos via Sports Logos.net / About logos,W,https://www.basketball-reference.com/boxscores/201902110CHI.html,Away,99,16:39,0,0.0,CHI,Lauri Markkanen,,,,,,,,,,,,,37:57,Otto Porter Jr.,37:22,Zach LaVine,35:59,Robin Lopez,32:55,Kris Dunn,32:46,Wayne Selden,21:18,Timothé Luwawu-Cabarrot,16:02,Ryan Arcidiacono,15:14,Shaquille Harrison,10:27,99,0,2,0.0,0.0,0.0,0.0,2.0,100.0,George Hill,13,0,2018-2019,1.0,0,5.0,MIL,112,Giannis Antetokounmpo,D.J. Wilson,7:17,Trevon Duval,0:16,Christian Wood,0:16,,,,,,,34:50,Khris Middleton,32:50,Malcolm Brogdon,30:44,Brook Lopez,30:28,Eric Bledsoe,29:33,Ersan İlyasova,18:13,Sterling Brown,16:02,Tony Snell,15:34,Pat Connaughton,7:18
1,.333,3,37.500,0,0.00,106,0,3,75.0,5,.625,4.0,80.0,5.0,8,1,1.000,1,12.500,Logos via Sports Logos.net / About logos,W,https://www.basketball-reference.com/boxscores/201902130IND.html,Away,97,19:25,1,25.0,IND,Thaddeus Young,T.J. Leaf,0:57,,,,,,,,,,,38:04,Bojan Bogdanović,32:22,Wesley Matthews,31:20,Darren Collison,29:38,Myles Turner,27:51,Domantas Sabonis,26:06,Cory Joseph,19:36,Tyreke Evans,18:18,Doug McDermott,15:48,97,0,12,8.0,66.7,3.0,25.0,1.0,8.3,George Hill,9,0,2018-2019,0.0,1,4.0,MIL,106,Giannis Antetokounmpo,,,,,,,,,,,,,38:02,Brook Lopez,34:35,Khris Middleton,33:30,Malcolm Brogdon,30:13,Ersan İlyasova,22:57,Eric Bledsoe,20:43,Tony Snell,16:33,Sterling Brown,14:51,D.J. Wilson,9:11
0,.000,2,66.667,4,2.00,97,0,4,100.0,0,.000,0.0,0.0,1.0,3,0,,0,0.000,Logos via Sports Logos.net / About logos,W,https://www.basketball-reference.com/boxscores/201902210MIL.html,Home,98,21:22,0,0.0,BOS,Kyrie Irving,Guerschon Yabusele,4:40,,,,,,,,,,,41:06,Al Horford,37:08,Jayson Tatum,34:14,Marcus Morris,31:02,Marcus Smart,30:55,Jaylen Brown,23:40,Terry Rozier,19:31,Semi Ojeleye,11:32,Daniel Theis,6:12,97,1,0,0.0,,0.0,,0.0,,George Hill,1,1,2018-2019,1.0,2,4.0,MIL,98,Giannis Antetokounmpo,,,,,,,,,,,,,36:44,Brook Lopez,34:29,Malcolm Brogdon,34:04,Eric Bledsoe,31:49,Khris Middleton,30:52,Tony Snell,16:19,Nikola Mirotić,13:58,Ersan İlyasova,11:38,Sterling Brown,8:45
0,.000,2,100.000,3,,128,0,0,,0,.000,0.0,,0.0,2,0,,0,0.000,Logos via Sports Logos.net / About logos,W,https://www.basketball-reference.com/boxscores/201902230MIL.html,Home,140,3:39,0,,MIN,Andrew Wiggins,Keita Bates-Diop,14:51,,,,,,,,,,,37:49,Dario Šarić,29:36,Tyus Jones,28:22,Taj Gibson,24:59,Anthony Tolliver,24:59,Derrick Rose,23:11,Luol Deng,19:40,Jeff Teague,18:35,Josh Okogie,17:58,128,0,0,0.0,,0.0,,0.0,,George Hill,12,0,2018-2019,0.0,0,0.0,MIL,140,Giannis Antetokounmpo,Tony Snell,9:23,,,,,,,,,,,32:44,Khris Middleton,32:32,Brook Lopez,31:33,Malcolm Brogdon,30:34,Eric Bledsoe,29:55,Ersan İlyasova,20:10,Nikola Mirotić,18:14,Pat Connaughton,15:39,Sterling Brown,15:37
0,,0,0.000,0,,113,0,0,,0,.000,0.0,0.0,1.0,1,0,,0,0.000,Logos via Sports Logos.net / About logos,W,https://www.basketball-reference.com/boxscores/201903150MIA.html,Away,98,7:23,0,,MIA,Josh Richardson,Rodney McGruder,11:23,,,,,,,,,,,36:35,Kelly Olynyk,34:33,Justise Winslow,30:32,Bam Adebayo,29:21,Dion Waiters,23:35,Dwyane Wade,21:21,Goran Dragić,19:04,Hassan Whiteside,18:39,Derrick Jones Jr.,14:57,98,0,0,0.0,,0.0,,0.0,,George Hill,15,0,2018-2019,0.0,0,0.0,MIL,113,Giannis Antetokounmpo,Malcolm Brogdon,6:30,,,,,,,,,,,34:47,Eric Bledsoe,33:53,Khris Middleton,32:21,Brook Lopez,30:27,Nikola Mirotić,28:52,Pat Connaughton,25:00,Ersan İlyasova,20:49,Tony Snell,11:01,D.J. Wilson,8:57
0,.000,1,50.000,1,,130,0,1,50.0,1,.500,1.0,100.0,1.0,2,0,,0,0.000,Logos via Sports Logos.net / About logos,L,https://www.basketball-reference.com/boxscores/201903170MIL.html,Home,125,10:51,1,50.0,PHI,Joel Embiid,,,,,,,,,,,,,35:39,Ben Simmons,34:48,Jimmy Butler,34:09,Tobias Harris,34:09,JJ Redick,32:54,Mike Scott,24:09,T.J. McConnell,17:33,James Ennis III,15:45,Boban Marjanović,10:54,130,0,2,2.0,100.0,0.0,0.0,0.0,0.0,George Hill,5,0,2018-2019,0.0,0,2.0,MIL,125,Giannis Antetokounmpo,,,,,,,,,,,,,36:12,Khris Middleton,35:45,Brook Lopez,33:24,Eric Bledsoe,33:11,Pat Connaughton,24:38,Nikola Mirotić,23:51,Ersan İlyasova,17:51,D.J. Wilson,16:02,Tony Snell,8:15
0,.000,3,50.000,1,,101,0,2,100.0,2,.333,2.0,66.7,3.0,6,0,,0,0.000,Logos via Sports Logos.net / About logos,W,https://www.basketball-reference.com/boxscores/201903190MIL.html,Home,115,17:54,0,0.0,LAL,Rajon Rondo,Johnathan Williams,6:07,Isaac Bonga,1:21,Andre Ingram,1:21,,,,,,,39:29,Kyle Kuzma,34:57,Kentavious Caldwell-Pope,34:10,JaVale McGee,31:48,Reggie Bullock,24:19,Alex Caruso,22:20,Josh Hart,17:15,Moritz Wagner,16:13,Mike Muscala,10:40,101,2,4,4.0,100.0,0.0,0.0,0.0,0.0,George Hill,14,1,2018-2019,1.0,0,2.0,MIL,115,Khris Middleton,,,,,,,,,,,,,36:15,Pat Connaughton,36:13,Brook Lopez,34:51,Eric Bledsoe,32:27,D.J. Wilson,31:28,Nikola Mirotić,24:02,Tony Snell,14:57,Tim Frazier,11:53,,
2,.500,4,57.143,1,0.25,87,0,1,50.0,3,.429,1.0,33.3,3.0,7,0,,0,0.000,Logos via Sports Logos.net / About logos,W,https://www.basketball-reference.com/boxscores/201903220MIL.html,Home,116,17:49,1,50.0,MIA,Josh Richardson,Duncan Robinson,6:23,Ryan Anderson,4:44,,,,,,,,,34:41,Dion Waiters,30:21,Derrick Jones Jr.,25:27,Dwyane Wade,25:25,James Johnson,25:06,Kelly Olynyk,24:13,Hassan Whiteside,23:47,Goran Dragić,21:43,Bam Adebayo,18:10,87,4,8,2.0,25.0,6.0,75.0,0.0,0.0,George Hill,29,1,2018-2019,1.0,4,2.0,MIL,116,Giannis Antetokounmpo,Tim Frazier,4:11,,,,,,,,,,,28:28,Brook Lopez,28:26,Eric Bledsoe,28:23,Pat Connaughton,28:12,Khris Middleton,28:06,Ersan İlyasova,26:44,Tony Snell,22:27,Sterling Brown,14:52,D.J. Wilson,12:22
1,.500,2,25.000,1,,105,0,1,50.0,7,.875,6.0,100.0,6.0,8,2,1.000,2,25.000,Logos via Sports Logos.net / About logos,W,https://www.basketball-reference.com/boxscores/201903240MIL.html,Home,127,21:02,1,50.0,CLE,Collin Sexton,Marquese Chriss,3:37,,,,,,,,,,,36:40,Jordan Clarkson,34:31,Cedi Osman,33:14,Kevin Love,31:32,Larry Nance Jr.,30:06,Brandon Knight,21:42,David Nwaba,19:49,Tristan Thompson,15:26,Nik Stauskas,13:22,105,0,17,12.0,70.6,3.0,17.6,2.0,11.8,George Hill,22,0,2018-2019,0.0,0,2.0,MIL,127,Khris Middleton,Bonzie Colson,1:31,Tim Frazier,1:31,,,,,,,,,32:45,Giannis Antetokounmpo,31:36,Eric Bledsoe,28:13,Brook Lopez,26:49,Pat Connaughton,25:12,Ersan İlyasova,19:59,Tony Snell,18:10,Sterling Brown,17:06,D.J. Wilson,16:05
0,.000,1,16.667,4,4.00,94,0,1,50.0,1,.167,1.0,20.0,5.0,6,2,1.000,2,33.333,Logos via Sports Logos.net / About logos,W,https://www.basketball-reference.com/boxscores/201903260MIL.html,Home,108,21:11,1,50.0,HOU,James Harden,Chris Chiozza,1:15,Isaiah Hartenstein,1:10,,,,,,,,,37:55,Clint Capela,35:36,P.J. Tucker,35:30,Chris Paul,32:08,Danuel House Jr.,27:39,Eric Gordon,23:12,Austin Rivers,19:48,Iman Shumpert,15:59,Gary Clark,9:47,94,3,4,2.0,50.0,0.0,0.0,2.0,50.0,George Hill,14,3,2018-2019,3.0,1,2.0,MIL,108,Khris Middleton,Bonzie Colson,1:10,,,,,,,,,,,34:05,Giannis Antetokounmpo,32:40,Pat Connaughton,30:44,Brook Lopez,30:28,Eric Bledsoe,29:29,Sterling Brown,26:14,Ersan İlyasova,16:46,D.J. Wilson,15:56,Tim Frazier,1:15
0,.000,2,50.000,3,,118,0,2,100.0,1,.250,1.0,50.0,2.0,4,0,,0,0.000,Logos via Sports Logos.net / About logos,W,https://www.basketball-reference.com/boxscores/201903280MIL.html,Home,128,20:22,0,0.0,LAC,Garrett Temple,Tyrone Wallace,8:03,Sindarius Thornwell,5:42,Ángel Delgado,1:10,Johnathan Motley,1:10,,,,,36:26,Shai Gilgeous-Alexander,31:46,Landry Shamet,30:38,JaMychal Green,24:24,Danilo Gallinari,24:11,Jerome Robinson,21:43,Montrezl Harrell,19:36,Ivica Zubac,17:45,Wilson Chandler,17:26,118,1,2,2.0,100.0,0.0,0.0,0.0,0.0,George Hill,10,1,2018-2019,1.0,0,2.0,MIL,128,Khris Middleton,Tim Frazier,1:10,,,,,,,,,,,33:14,Giannis Antetokounmpo,31:56,Eric Bledsoe,31:26,Brook Lopez,31:02,Pat Connaughton,30:05,Sterling Brown,23:42,Ersan İlyasova,21:48,D.J. Wilson,14:05,Bonzie Colson,1:10
2,.286,7,46.667,1,1.00,135,1,3,50.0,7,.467,5.0,62.5,8.0,15,2,1.000,2,13.333,Logos via Sports Logos.net / About logos,L,https://www.basketball-reference.com/boxscores/201903310ATL.html,Away,136,25:22,3,50.0,ATL,John Collins,Jaylen Adams,17:33,,,,,,,,,,,38:10,Trae Young,35:27,Justin Anderson,30:58,Kevin Huerter,29:08,Alex Len,26:56,Kent Bazemore,24:23,DeAndre' Bembry,21:37,Deyonta Davis,21:36,Vince Carter,19:12,136,1,18,10.0,55.6,6.0,33.3,2.0,11.1,George Hill,1,0,2018-2019,1.0,1,6.0,MIL,135,Tim Frazier,,,,,,,,,,,,,53:00,Bonzie Colson,41:05,D.J. Wilson,34:03,Sterling Brown,33:12,Pat Connaughton,28:59,Brook Lopez,27:21,Ersan İlyasova,21:58,,,,
0,.000,2,18.182,3,3.00,131,0,2,100.0,8,.727,8.0,88.9,9.0,11,6,.857,7,63.636,Logos via Sports Logos.net / About logos,W,https://www.basketball-reference.com/boxscores/201904010BRK.html,Away,121,27:06,0,0.0,BRK,D'Angelo Russell,,,,,,,,,,,,,35:22,Joe Harris,35:09,DeMarre Carroll,34:49,Caris LeVert,30:27,Jarrett Allen,27:24,Jared Dudley,21:35,Ed Davis,19:33,Spencer Dinwiddie,19:01,Rodions Kurucs,16:40,121,4,22,16.0,72.7,0.0,0.0,6.0,27.3,George Hill,10,1,2018-2019,1.0,1,2.0,MIL,131,Sterling Brown,,,,,,,,,,,,,35:46,Pat Connaughton,34:24,Eric Bledsoe,34:12,Brook Lopez,33:09,Giannis Antetokounmpo,29:58,Tim Frazier,22:17,D.J. Wilson,21:41,Bonzie Colson,1:27,,
2,.667,3,23.077,5,,128,0,5,100.0,7,.538,5.0,50.0,10.0,13,4,.800,5,38.462,Logos via Sports Logos.net / About logos,W,https://www.basketball-reference.com/boxscores/201904040PHI.html,Away,122,32:50,0,0.0,PHI,Joel Embiid,Boban Marjanović,3:02,,,,,,,,,,,36:54,Ben Simmons,36:19,Mike Scott,35:49,Tobias Harris,30:21,JJ Redick,29:42,Jonah Bolden,20:15,Shake Milton,18:18,Zhaire Smith,17:39,T.J. McConnell,11:41,122,2,20,10.0,50.0,6.0,30.0,4.0,20.0,George Hill,6,0,2018-2019,0.0,0,5.0,MIL,128,Sterling Brown,,,,,,,,,,,,,34:59,Giannis Antetokounmpo,34:58,Pat Connaughton,31:23,Brook Lopez,31:21,Khris Middleton,25:11,Ersan İlyasova,19:13,D.J. Wilson,16:27,Tim Frazier,11:02,Eric Bledsoe,2:36
2,.500,4,50.000,2,2.00,133,0,0,,5,.625,3.0,75.0,4.0,8,2,1.000,2,25.000,Logos via Sports Logos.net / About logos,L,https://www.basketball-reference.com/boxscores/201904060MIL.html,Home,128,24:02,0,,BRK,Joe Harris,Ed Davis,8:28,,,,,,,,,,,34:43,D'Angelo Russell,32:36,Spencer Dinwiddie,28:56,DeMarre Carroll,26:44,Caris LeVert,25:57,Rodions Kurucs,24:01,Jared Dudley,23:23,Treveon Graham,22:49,Jarrett Allen,12:22,133,2,14,6.0,42.9,6.0,42.9,2.0,14.3,George Hill,5,0,2018-2019,0.0,1,0.0,MIL,128,Eric Bledsoe,,,,,,,,,,,,,32:42,Pat Connaughton,30:32,Brook Lopez,29:49,Khris Middleton,29:38,Sterling Brown,29:14,Ersan İlyasova,25:25,D.J. Wilson,20:31,Tim Frazier,18:06,,
1,.200,5,62.500,2,0.67,107,0,4,80.0,2,.250,1.0,33.3,3.0,8,4,.667,6,75.000,Logos via Sports Logos.net / About logos,W,https://www.basketball-reference.com/boxscores/201904070MIL.html,Home,115,20:58,1,20.0,ATL,Alex Len,Deyonta Davis,13:14,,,,,,,,,,,34:09,Vince Carter,30:50,Taurean Prince,26:57,Jaylen Adams,25:55,Kent Bazemore,24:54,Kevin Huerter,24:46,DeAndre' Bembry,23:14,Justin Anderson,18:50,Isaac Humphries,17:10,107,2,9,2.0,22.2,3.0,33.3,4.0,44.4,George Hill,8,1,2018-2019,1.0,3,5.0,MIL,115,Sterling Brown,Bonzie Colson,4:11,,,,,,,,,,,27:24,Khris Middleton,24:57,Giannis Antetokounmpo,24:36,Eric Bledsoe,24:20,Pat Connaughton,24:12,Brook Lopez,23:55,Tim Frazier,23:40,D.J. Wilson,23:18,Ersan İlyasova,18:29
1,.200,5,100.000,1,,127,0,2,66.7,1,.200,0.0,,0.0,5,1,.500,2,40.000,Logos via Sports Logos.net / About logos,L,https://www.basketball-reference.com/boxscores/201904100MIL.html,Home,116,18:51,1,33.3,OKC,Jerami Grant,Deonte Burton,0:34,Jawun Evans,0:34,,,,,,,,,43:16,Dennis Schröder,39:51,Russell Westbrook,36:28,Terrance Ferguson,33:09,Markieff Morris,25:43,Raymond Felton,24:12,Abdel Nader,14:18,Steven Adams,12:21,Nerlens Noel,9:34,127,0,4,0.0,0.0,3.0,75.0,1.0,25.0,George Hill,11,1,2018-2019,1.0,0,3.0,MIL,116,Tim Frazier,,,,,,,,,,,,,48:00,D.J. Wilson,46:49,Bonzie Colson,44:50,Ersan İlyasova,23:43,Sterling Brown,22:39,Pat Connaughton,18:10,Khris Middleton,16:58,,,,
1,.250,4,36.364,2,,86,0,2,66.7,6,.545,5.0,71.4,7.0,11,3,1.000,3,27.273,Logos via Sports Logos.net / About logos,W,https://www.basketball-reference.com/boxscores/201904140MIL.html,Home,121,23:20,1,33.3,DET,Wayne Ellington,Bruce Brown,12:21,Khyri Thomas,9:09,Jon Leuer,4:52,José Calderón,3:46,,,,,28:21,Luke Kennard,27:38,Andre Drummond,26:16,Langston Galloway,24:10,Ish Smith,22:41,Thon Maker,22:05,Reggie Jackson,21:33,Glenn Robinson III,19:31,Zaza Pachulia,17:37,86,1,16,10.0,62.5,3.0,18.8,3.0,18.8,George Hill,35,1,2018-2019,1.0,0,3.0,MIL,121,Pat Connaughton,Tim Frazier,12:00,,,,,,,,,,,28:17,Khris Middleton,25:21,Eric Bledsoe,25:02,Sterling Brown,24:40,Brook Lopez,24:38,Giannis Antetokounmpo,23:28,Ersan İlyasova,22:56,D.J. Wilson,15:34,Nikola Mirotić,14:44
0,,0,0.000,5,5.00,99,2,2,100.0,2,.286,2.0,28.6,7.0,7,0,,0,0.000,Logos via Sports Logos.net / About logos,W,https://www.basketball-reference.com/boxscores/201904170MIL.html,Home,120,25:38,0,0.0,DET,Andre Drummond,José Calderón,1:34,Khyri Thomas,1:34,,,,,,,,,37:35,Wayne Ellington,35:10,Luke Kennard,35:05,Langston Galloway,31:26,Reggie Jackson,24:59,Ish Smith,21:27,Thon Maker,21:00,Bruce Brown,16:45,Glenn Robinson III,13:25,99,4,4,4.0,100.0,0.0,0.0,0.0,0.0,George Hill,21,0,2018-2019,2.0,1,2.0,MIL,120,Brook Lopez,D.J. Wilson,1:34,,,,,,,,,,,33:48,Khris Middleton,32:58,Pat Connaughton,30:58,Giannis Antetokounmpo,29:50,Eric Bledsoe,28:25,Sterling Brown,25:59,Ersan İlyasova,17:36,Nikola Mirotić,11:40,Tim Frazier,1:34
1,.250,4,57.143,5,,119,0,3,60.0,3,.429,2.0,66.7,3.0,7,4,1.000,4,57.143,Logos via Sports Logos.net / About logos,W,https://www.basketball-reference.com/boxscores/201904200DET.html,Away,103,23:29,2,40.0,DET,Wayne Ellington,Zaza Pachulia,4:05,,,,,,,,,,,39:12,Luke Kennard,37:29,Blake Griffin,30:33,Andre Drummond,30:28,Reggie Jackson,29:42,Ish Smith,24:34,Langston Galloway,21:56,Bruce Brown,11:28,Thon Maker,10:33,103,3,11,4.0,36.4,3.0,27.3,4.0,36.4,George Hill,16,0,2018-2019,0.0,0,5.0,MIL,119,Brook Lopez,Tim Frazier,2:01,Tony Snell,1:10,,,,,,,,,33:57,Khris Middleton,29:59,Eric Bledsoe,29:38,Giannis Antetokounmpo,27:59,Pat Connaughton,26:27,Sterling Brown,24:33,Ersan İlyasova,22:37,Nikola Mirotić,14:06,D.J. Wilson,4:04
1,.500,2,66.667,2,1.00,127,0,1,100.0,2,.667,1.0,100.0,1.0,3,2,1.000,2,66.667,Logos via Sports Logos.net / About logos,W,https://www.basketball-reference.com/boxscores/201904220DET.html,Away,104,19:38,0,0.0,DET,Andre Drummond,Khyri Thomas,4:20,José Calderón,4:20,Glenn Robinson III,2:39,,,,,,,33:02,Luke Kennard,32:28,Langston Galloway,32:22,Reggie Jackson,31:33,Wayne Ellington,28:32,Blake Griffin,27:32,Bruce Brown,16:07,Thon Maker,14:58,Ish Smith,12:07,104,3,7,2.0,28.6,3.0,42.9,2.0,28.6,George Hill,23,1,2018-2019,1.0,2,1.0,MIL,127,Giannis Antetokounmpo,Tim Frazier,4:20,Tony Snell,4:20,,,,,,,,,31:55,Khris Middleton,30:01,Eric Bledsoe,27:43,Sterling Brown,27:23,Brook Lopez,26:17,Pat Connaughton,25:38,Nikola Mirotić,19:38,Ersan İlyasova,17:22,D.J. Wilson,5:45
1,.333,3,37.500,3,,112,0,2,100.0,4,.500,3.0,60.0,5.0,8,0,.000,2,25.000,Logos via Sports Logos.net / About logos,L,https://www.basketball-reference.com/boxscores/201904280MIL.html,Home,90,24:08,0,0.0,BOS,Jaylen Brown,Daniel Theis,6:01,Brad Wanamaker,2:47,Guerschon Yabusele,2:47,Robert Williams,1:29,,,,,35:45,Kyrie Irving,33:08,Al Horford,31:39,Marcus Morris,30:21,Jayson Tatum,29:43,Gordon Hayward,29:31,Terry Rozier,19:39,Aron Baynes,8:55,Semi Ojeleye,8:14,112,0,9,6.0,66.7,3.0,33.3,0.0,0.0,George Hill,22,0,2018-2019,0.0,0,2.0,MIL,90,Giannis Antetokounmpo,D.J. Wilson,3:23,Tony Snell,3:23,,,,,,,,,34:18,Khris Middleton,33:50,Brook Lopez,25:45,Eric Bledsoe,25:20,Pat Connaughton,24:25,Sterling Brown,22:23,Nikola Mirotić,20:33,Ersan İlyasova,19:07,Tim Frazier,3:23
2,.500,4,66.667,1,,102,0,0,0.0,3,.500,1.0,50.0,2.0,6,2,1.000,2,33.333,Logos via Sports Logos.net / About logos,W,https://www.basketball-reference.com/boxscores/201904300MIL.html,Home,123,24:54,1,100.0,BOS,Jaylen Brown,Robert Williams,8:59,Brad Wanamaker,7:04,Guerschon Yabusele,5:22,,,,,,,33:18,Kyrie Irving,30:54,Gordon Hayward,30:38,Al Horford,28:54,Marcus Morris,24:52,Terry Rozier,24:44,Jayson Tatum,24:30,Semi Ojeleye,10:38,Aron Baynes,10:07,102,1,10,2.0,20.0,6.0,60.0,2.0,20.0,George Hill,21,0,2018-2019,0.0,0,1.0,MIL,123,Khris Middleton,Tim Frazier,5:22,D.J. Wilson,5:22,,,,,,,,,32:34,Giannis Antetokounmpo,31:02,Pat Connaughton,29:31,Eric Bledsoe,26:21,Nikola Mirotić,24:51,Brook Lopez,24:00,Ersan İlyasova,17:47,Sterling Brown,12:54,Tony Snell,5:22
2,.667,3,25.000,3,,123,0,1,25.0,9,.750,7.0,77.8,9.0,12,1,.500,2,16.667,Logos via Sports Logos.net / About logos,W,https://www.basketball-reference.com/boxscores/201905030BOS.html,Away,116,29:00,3,75.0,BOS,Kyrie Irving,Aron Baynes,2:07,,,,,,,,,,,41:34,Al Horford,37:18,Jayson Tatum,36:59,Gordon Hayward,33:22,Jaylen Brown,30:32,Marcus Morris,29:54,Terry Rozier,14:29,Semi Ojeleye,11:02,Daniel Theis,2:43,116,5,21,14.0,66.7,6.0,28.6,1.0,4.8,George Hill,7,0,2018-2019,0.0,0,4.0,MIL,123,Giannis Antetokounmpo,,,,,,,,,,,,,39:05,Khris Middleton,38:34,Nikola Mirotić,29:19,Brook Lopez,29:19,Pat Connaughton,28:14,Eric Bledsoe,27:11,Ersan İlyasova,13:29,Tony Snell,5:30,Tim Frazier,0:19
1,.333,3,27.273,5,,113,0,3,75.0,6,.545,5.0,62.5,8.0,11,2,1.000,2,18.182,Logos via Sports Logos.net / About logos,W,https://www.basketball-reference.com/boxscores/201905060BOS.html,Away,101,26:43,1,25.0,BOS,Kyrie Irving,Semi Ojeleye,0:06,,,,,,,,,,,43:30,Al Horford,38:14,Jayson Tatum,35:07,Marcus Morris,34:28,Jaylen Brown,29:55,Gordon Hayward,26:37,Marcus Smart,14:39,Terry Rozier,10:27,Aron Baynes,6:57,101,4,15,10.0,66.7,3.0,20.0,2.0,13.3,George Hill,12,0,2018-2019,0.0,0,4.0,MIL,113,Khris Middleton,Tony Snell,0:19,,,,,,,,,,,37:01,Giannis Antetokounmpo,34:28,Pat Connaughton,32:40,Brook Lopez,29:20,Eric Bledsoe,28:04,Nikola Mirotić,24:35,Ersan İlyasova,17:24,Sterling Brown,9:07,Tim Frazier,0:19
3,.500,6,60.000,1,1.00,91,0,1,33.3,6,.600,3.0,75.0,4.0,10,1,.500,2,20.000,Logos via Sports Logos.net / About logos,W,https://www.basketball-reference.com/boxscores/201905080MIL.html,Home,116,21:18,2,66.7,BOS,Al Horford,Daniel Theis,6:01,Guerschon Yabusele,5:20,Brad Wanamaker,4:01,Semi Ojeleye,4:01,,,,,35:37,Kyrie Irving,33:15,Marcus Morris,30:03,Jaylen Brown,27:38,Jayson Tatum,26:43,Gordon Hayward,22:05,Marcus Smart,17:50,Terry Rozier,17:06,Aron Baynes,10:20,91,3,16,6.0,37.5,9.0,56.2,1.0,6.2,George Hill,25,1,2018-2019,1.0,1,3.0,MIL,116,Khris Middleton,Sterling Brown,4:01,Tony Snell,1:51,,,,,,,,,34:17,Giannis Antetokounmpo,31:07,Eric Bledsoe,28:26,Pat Connaughton,27:44,Nikola Mirotić,27:35,Ersan İlyasova,25:12,Brook Lopez,17:55,Malcolm Brogdon,16:33,Tim Frazier,4:01
0,.000,1,16.667,4,,100,1,1,100.0,0,.000,0.0,0.0,5.0,6,0,,0,0.000,Logos via Sports Logos.net / About logos,W,https://www.basketball-reference.com/boxscores/201905150MIL.html,Home,108,27:20,0,0.0,TOR,Pascal Siakam,,,,,,,,,,,,,42:19,Kawhi Leonard,42:13,Kyle Lowry,40:09,Marc Gasol,39:55,Danny Green,35:09,Serge Ibaka,17:02,Fred VanVleet,13:16,Norman Powell,9:54,,,100,2,0,0.0,,0.0,,0.0,,George Hill,8,4,2018-2019,5.0,0,1.0,MIL,108,Giannis Antetokounmpo,,,,,,,,,,,,,37:15,Khris Middleton,34:54,Brook Lopez,34:39,Eric Bledsoe,29:30,Malcolm Brogdon,26:38,Nikola Mirotić,24:52,Ersan İlyasova,14:14,Pat Connaughton,10:34,,
1,.333,3,37.500,2,,103,0,4,80.0,5,.625,4.0,80.0,5.0,8,2,1.000,2,25.000,Logos via Sports Logos.net / About logos,W,https://www.basketball-reference.com/boxscores/201905170MIL.html,Home,125,24:32,1,20.0,TOR,Kyle Lowry,Malcolm Miller,3:51,Jeremy Lin,3:23,Eric Moreland,3:23,Chris Boucher,1:56,,,,,38:40,Kawhi Leonard,37:48,Serge Ibaka,27:15,Pascal Siakam,25:50,Norman Powell,24:36,Fred VanVleet,23:53,Danny Green,21:47,Marc Gasol,19:21,Jodie Meeks,8:17,103,2,13,8.0,61.5,3.0,23.1,2.0,15.4,George Hill,22,0,2018-2019,0.0,0,5.0,MIL,125,Giannis Antetokounmpo,D.J. Wilson,3:23,Tim Frazier,3:23,Tony Snell,3:23,,,,,,,34:47,Eric Bledsoe,29:18,Khris Middleton,28:40,Brook Lopez,26:51,Malcolm Brogdon,25:23,Nikola Mirotić,22:41,Ersan İlyasova,21:17,Pat Connaughton,12:38,Sterling Brown,3:44
3,.750,4,44.444,2,2.00,112,1,6,85.7,7,.778,4.0,80.0,5.0,9,7,.875,8,88.889,Logos via Sports Logos.net / About logos,L,https://www.basketball-reference.com/boxscores/201905190TOR.html,Away,118,36:49,1,14.3,TOR,Kawhi Leonard,,,,,,,,,,,,,52:08,Pascal Siakam,51:23,Marc Gasol,44:47,Danny Green,34:23,Kyle Lowry,31:33,Fred VanVleet,30:58,Norman Powell,29:37,Serge Ibaka,14:29,Jodie Meeks,0:42,118,2,24,8.0,33.3,9.0,37.5,7.0,29.2,George Hill,6,1,2018-2019,2.0,1,7.0,MIL,112,Giannis Antetokounmpo,,,,,,,,,,,,,44:41,Khris Middleton,44:10,Brook Lopez,40:11,Malcolm Brogdon,36:41,Eric Bledsoe,33:43,Nikola Mirotić,29:15,Ersan İlyasova,12:56,Pat Connaughton,11:34,,
1,.500,2,100.000,3,,102,0,4,80.0,1,.500,0.0,,0.0,2,2,1.000,2,100.000,Logos via Sports Logos.net / About logos,L,https://www.basketball-reference.com/boxscores/201905210TOR.html,Away,120,26:50,1,20.0,TOR,Kawhi Leonard,Chris Boucher,2:08,Jeremy Lin,2:08,Malcolm Miller,2:08,Eric Moreland,2:08,,,,,34:06,Kyle Lowry,34:04,Norman Powell,32:26,Marc Gasol,30:32,Fred VanVleet,25:08,Danny Green,24:52,Serge Ibaka,24:05,Pascal Siakam,23:10,Jodie Meeks,3:05,120,1,5,0.0,0.0,3.0,60.0,2.0,40.0,George Hill,18,2,2018-2019,2.0,0,5.0,MIL,102,Khris Middleton,D.J. Wilson,3:39,Tim Frazier,3:05,Tony Snell,3:05,,,,,,,36:15,Giannis Antetokounmpo,34:12,Malcolm Brogdon,27:33,Brook Lopez,25:06,Nikola Mirotić,24:47,Eric Bledsoe,20:27,Ersan İlyasova,17:52,Pat Connaughton,13:30,Sterling Brown,3:39
2,.500,4,50.000,1,,105,0,7,87.5,5,.625,3.0,75.0,4.0,8,0,,0,0.000,Logos via Sports Logos.net / About logos,L,https://www.basketball-reference.com/boxscores/201905230MIL.html,Home,99,28:51,1,12.5,TOR,Kawhi Leonard,,,,,,,,,,,,,40:17,Kyle Lowry,38:51,Fred VanVleet,37:10,Pascal Siakam,36:08,Marc Gasol,28:58,Norman Powell,23:50,Serge Ibaka,19:16,Danny Green,15:30,,,105,1,12,6.0,50.0,6.0,50.0,0.0,0.0,George Hill,6,0,2018-2019,0.0,0,8.0,MIL,99,Giannis Antetokounmpo,,,,,,,,,,,,,39:15,Khris Middleton,36:05,Malcolm Brogdon,33:59,Eric Bledsoe,33:33,Brook Lopez,32:10,Pat Connaughton,12:20,Ersan İlyasova,11:01,Nikola Mirotić,9:14,Sterling Brown,3:32
1,.200,5,50.000,3,3.00,94,0,1,50.0,4,.400,3.0,60.0,5.0,10,1,.500,2,20.000,Logos via Sports Logos.net / About logos,L,https://www.basketball-reference.com/boxscores/201905250TOR.html,Away,100,32:00,1,50.0,TOR,Pascal Siakam,,,,,,,,,,,,,41:30,Kawhi Leonard,41:26,Kyle Lowry,41:06,Fred VanVleet,33:51,Marc Gasol,26:18,Serge Ibaka,24:53,Norman Powell,16:31,Danny Green,14:25,,,100,2,10,6.0,60.0,3.0,30.0,1.0,10.0,George Hill,6,2,2018-2019,2.0,1,2.0,MIL,94,Khris Middleton,,,,,,,,,,,,,40:36,Giannis Antetokounmpo,40:32,Brook Lopez,34:01,Malcolm Brogdon,31:26,Eric Bledsoe,30:13,Ersan İlyasova,21:31,Pat Connaughton,9:41,,,,
2,.500,4,57.143,7,,117,0,0,,3,.429,1.0,33.3,3.0,7,0,,0,0.000,Logos via Sports Logos.net / About logos,W,https://www.basketball-reference.com/boxscores/201910240HOU.html,Away,111,30:47,0,,HOU,P.J. Tucker,Thabo Sefolosha,10:24,,,,,,,,,,,38:21,James Harden,36:26,Russell Westbrook,32:52,Clint Capela,30:54,Eric Gordon,27:37,Danuel House Jr.,26:04,Ben McLemore,14:44,Austin Rivers,12:07,Tyson Chandler,10:31,111,2,8,2.0,25.0,6.0,75.0,0.0,0.0,George Hill,6,2,2019-2020,2.0,0,0.0,MIL,117,Khris Middleton,Sterling Brown,5:41,,,,,,,,,,,33:20,Wesley Matthews,30:23,Giannis Antetokounmpo,28:10,Brook Lopez,26:53,Ersan İlyasova,20:04,Pat Connaughton,16:48,Robin Lopez,16:35,Eric Bledsoe,16:05,Kyle Korver,15:14
1,.333,3,75.000,4,4.00,131,1,2,100.0,2,.500,1.0,100.0,1.0,4,0,,0,0.000,Logos via Sports Logos.net / About logos,L,https://www.basketball-reference.com/boxscores/201910260MIL.html,Home,126,28:47,0,0.0,MIA,Justise Winslow,Chris Silva,0:30,,,,,,,,,,,40:40,Bam Adebayo,38:28,Goran Dragić,34:31,Tyler Herro,32:20,Kendrick Nunn,28:31,Kelly Olynyk,27:40,Meyers Leonard,23:30,Duncan Robinson,23:18,Derrick Jones Jr.,15:32,131,6,5,2.0,40.0,3.0,60.0,0.0,0.0,George Hill,5,1,2019-2020,2.0,1,2.0,MIL,126,Khris Middleton,Sterling Brown,0:15,,,,,,,,,,,37:23,Giannis Antetokounmpo,36:38,Brook Lopez,34:39,Eric Bledsoe,33:14,Wesley Matthews,30:07,Ersan İlyasova,20:28,Kyle Korver,17:41,Pat Connaughton,13:02,Robin Lopez,12:46
1,.500,2,20.000,3,,112,0,6,75.0,7,.700,6.0,75.0,8.0,10,4,.571,7,70.000,Logos via Sports Logos.net / About logos,W,https://www.basketball-reference.com/boxscores/201910280MIL.html,Home,129,19:22,2,25.0,CLE,Tristan Thompson,Tyler Cook,2:15,Alfonzo McKinnie,2:15,,,,,,,,,33:25,Kevin Love,33:08,Collin Sexton,30:17,Cedi Osman,27:04,Jordan Clarkson,25:16,Larry Nance Jr.,25:15,Darius Garland,23:02,Matthew Dellavedova,21:37,Kevin Porter Jr.,16:26,112,0,19,12.0,63.2,3.0,15.8,4.0,21.1,George Hill,17,2,2019-2020,2.0,0,8.0,MIL,129,Giannis Antetokounmpo,Donte DiVincenzo,2:14,D.J. Wilson,2:14,,,,,,,,,29:12,Khris Middleton,28:41,Wesley Matthews,28:27,Brook Lopez,27:36,Eric Bledsoe,26:24,Pat Connaughton,20:55,Ersan İlyasova,19:26,Kyle Korver,18:05,Robin Lopez,17:24
2,.400,5,55.556,2,2.00,105,0,2,40.0,5,.556,3.0,75.0,4.0,9,0,,0,0.000,Logos via Sports Logos.net / About logos,L,https://www.basketball-reference.com/boxscores/201910300BOS.html,Away,116,20:13,3,60.0,BOS,Marcus Smart,Carsen Edwards,3:39,Javonte Green,0:25,Romeo Langford,0:14,,,,,,,38:49,Jayson Tatum,38:35,Kemba Walker,38:08,Gordon Hayward,37:43,Daniel Theis,27:59,Semi Ojeleye,19:50,Grant Williams,15:19,Robert Williams,13:41,Brad Wanamaker,5:38,116,2,12,6.0,50.0,6.0,50.0,0.0,0.0,George Hill,11,0,2019-2020,0.0,1,5.0,MIL,105,Giannis Antetokounmpo,,,,,,,,,,,,,34:38,Khris Middleton,33:53,Wesley Matthews,30:05,Eric Bledsoe,27:47,Brook Lopez,26:54,Pat Connaughton,21:19,Kyle Korver,16:22,Ersan İlyasova,15:19,Robin Lopez,13:30
1,1.000,1,16.667,2,,123,0,1,50.0,4,.667,3.0,60.0,5.0,6,0,.000,1,16.667,Logos via Sports Logos.net / About logos,W,https://www.basketball-reference.com/boxscores/201911010ORL.html,Away,91,15:20,1,50.0,ORL,Jonathan Isaac,Wes Iwundu,12:44,Amile Jefferson,5:36,Josh Magette,5:36,Melvin Frazier,5:36,,,,,28:34,Aaron Gordon,28:15,Nikola Vučević,25:05,D.J. Augustin,23:05,Khem Birch,22:55,Evan Fournier,21:32,Terrence Ross,20:52,Al-Farouq Aminu,20:51,Markelle Fultz,19:19,91,0,9,6.0,66.7,3.0,33.3,0.0,0.0,George Hill,32,1,2019-2020,1.0,0,2.0,MIL,123,Giannis Antetokounmpo,Pat Connaughton,16:23,Thanasis Antetokounmpo,6:27,D.J. Wilson,5:36,,,,,,,30:16,Eric Bledsoe,27:04,Brook Lopez,25:15,Sterling Brown,21:25,Khris Middleton,20:23,Wesley Matthews,19:36,Robin Lopez,17:59,Donte DiVincenzo,17:22,Ersan İlyasova,16:54
1,.500,2,50.000,4,,105,0,1,50.0,2,.500,1.0,50.0,2.0,4,2,1.000,2,50.000,Logos via Sports Logos.net / About logos,W,https://www.basketball-reference.com/boxscores/201911020MIL.html,Home,115,26:58,1,50.0,TOR,Fred VanVleet,Chris Boucher,4:09,,,,,,,,,,,41:17,Kyle Lowry,38:02,Marc Gasol,33:50,Pascal Siakam,32:23,OG Anunoby,31:04,Serge Ibaka,22:25,Norman Powell,19:18,Matt Thomas,8:49,Terence Davis,8:43,105,1,7,2.0,28.6,3.0,42.9,2.0,28.6,George Hill,10,0,2019-2020,0.0,0,2.0,MIL,115,Giannis Antetokounmpo,Wesley Matthews,9:17,,,,,,,,,,,36:26,Khris Middleton,33:42,Brook Lopez,26:16,Eric Bledsoe,24:28,Donte DiVincenzo,21:29,Ersan İlyasova,21:28,Kyle Korver,15:30,Sterling Brown,13:15,Robin Lopez,11:11
1,1.000,1,25.000,1,1.00,134,0,1,100.0,2,.500,1.0,33.3,3.0,4,2,1.000,2,50.000,Logos via Sports Logos.net / About logos,W,https://www.basketball-reference.com/boxscores/201911040MIN.html,Away,106,16:56,0,0.0,MIN,Andrew Wiggins,Noah Vonleh,16:08,Jordan Bell,14:31,,,,,,,,,30:38,Jake Layman,26:27,Shabazz Napier,24:36,Jarrett Culver,24:08,Robert Covington,23:04,Treveon Graham,22:57,Josh Okogie,22:05,Jeff Teague,18:05,Gorgui Dieng,17:21,106,1,7,2.0,28.6,3.0,42.9,2.0,28.6,George Hill,28,0,2019-2020,0.0,1,1.0,MIL,134,Khris Middleton,Ersan İlyasova,15:57,D.J. Wilson,6:38,Sterling Brown,3:38,,,,,,,27:03,Giannis Antetokounmpo,26:42,Brook Lopez,25:40,Eric Bledsoe,23:37,Wesley Matthews,21:50,Donte DiVincenzo,20:15,Robin Lopez,18:33,Kyle Korver,17:09,Pat Connaughton,16:02
6,.857,7,50.000,0,,129,0,1,33.3,9,.643,3.0,42.9,7.0,14,0,,0,0.000,Logos via Sports Logos.net / About logos,W,https://www.basketball-reference.com/boxscores/201911060LAC.html,Away,124,24:09,2,66.7,LAC,Montrezl Harrell,Ivica Zubac,8:32,,,,,,,,,,,39:28,Lou Williams,39:16,Patrick Beverley,35:08,JaMychal Green,32:16,Landry Shamet,29:11,Maurice Harkless,15:57,Jerome Robinson,14:29,Patrick Patterson,13:22,Rodney McGruder,12:21,124,2,24,6.0,25.0,18.0,75.0,0.0,0.0,George Hill,5,1,2019-2020,1.0,0,3.0,MIL,129,Giannis Antetokounmpo,Robin Lopez,13:33,,,,,,,,,,,35:43,Khris Middleton,33:03,Brook Lopez,32:02,Eric Bledsoe,26:19,Wesley Matthews,18:06,Kyle Korver,15:35,Pat Connaughton,13:58,Ersan İlyasova,13:54,Donte DiVincenzo,13:38
0,.000,1,50.000,1,1.00,100,0,1,33.3,0,.000,0.0,0.0,1.0,2,2,.667,3,150.000,Logos via Sports Logos.net / About logos,L,https://www.basketball-reference.com/boxscores/201911080UTA.html,Away,103,22:35,2,66.7,UTA,Donovan Mitchell,,,,,,,,,,,,,38:19,Bojan Bogdanović,37:33,Royce O'Neale,36:58,Rudy Gobert,36:31,Mike Conley,31:42,Joe Ingles,20:47,Jeff Green,15:00,Georges Niang,11:41,Tony Bradley,11:29,103,1,2,0.0,0.0,0.0,0.0,2.0,100.0,George Hill,3,2,2019-2020,2.0,1,3.0,MIL,100,Khris Middleton,Ersan İlyasova,8:15,D.J. Wilson,2:16,,,,,,,,,37:31,Giannis Antetokounmpo,36:26,Eric Bledsoe,32:01,Wesley Matthews,22:37,Sterling Brown,22:33,Brook Lopez,16:35,Robin Lopez,14:15,Donte DiVincenzo,13:41,Kyle Korver,11:15
0,,0,0.000,5,5.00,121,0,3,60.0,3,.500,3.0,50.0,6.0,6,2,1.000,2,33.333,Logos via Sports Logos.net / About logos,W,https://www.basketball-reference.com/boxscores/201911100OKC.html,Away,119,23:26,2,40.0,OKC,Shai Gilgeous-Alexander,,,,,,,,,,,,,36:48,Chris Paul,31:46,Nerlens Noel,29:53,Danilo Gallinari,29:47,Dennis Schröder,29:41,Terrance Ferguson,24:07,Hamidou Diallo,21:38,Darius Bazley,18:13,Mike Muscala,18:07,119,3,8,6.0,75.0,0.0,0.0,2.0,25.0,George Hill,2,0,2019-2020,0.0,1,5.0,MIL,121,Giannis Antetokounmpo,Donte DiVincenzo,8:50,,,,,,,,,,,36:25,Wesley Matthews,31:57,Brook Lopez,30:46,Eric Bledsoe,29:16,Khris Middleton,22:31,Sterling Brown,18:10,Ersan İlyasova,16:27,Pat Connaughton,12:59,Robin Lopez,9:13
0,.000,2,40.000,6,3.00,115,0,1,50.0,1,.200,1.0,33.3,3.0,5,1,1.000,1,20.000,Logos via Sports Logos.net / About logos,W,https://www.basketball-reference.com/boxscores/201911140MIL.html,Home,124,28:44,1,50.0,CHI,Coby White,Shaquille Harrison,0:43,,,,,,,,,,,34:42,Zach LaVine,32:47,Lauri Markkanen,31:54,Tomáš Satoranský,27:25,Thaddeus Young,25:00,Ryan Arcidiacono,23:42,Kris Dunn,21:42,Chandler Hutchison,21:11,Wendell Carter Jr.,20:52,115,2,3,2.0,66.7,0.0,0.0,1.0,33.3,George Hill,9,1,2019-2020,1.0,2,2.0,MIL,124,Giannis Antetokounmpo,Ersan İlyasova,9:49,,,,,,,,,,,35:50,Eric Bledsoe,31:34,Wesley Matthews,26:35,Donte DiVincenzo,24:02,Brook Lopez,21:17,Sterling Brown,20:47,Pat Connaughton,19:17,Kyle Korver,11:11,Robin Lopez,10:52
0,.000,4,80.000,4,4.00,102,0,4,80.0,0,.000,0.0,0.0,1.0,5,0,,0,0.000,Logos via Sports Logos.net / About logos,W,https://www.basketball-reference.com/boxscores/201911160IND.html,Away,83,18:45,1,20.0,IND,T.J. Warren,JaKarr Sampson,7:42,Alize Johnson,4:51,Brian Bowen,4:46,,,,,,,35:13,Justin Holiday,34:06,Aaron Holiday,33:37,Myles Turner,33:14,Domantas Sabonis,29:54,Doug McDermott,19:57,Naz Mitrou-Long,14:23,Goga Bitadze,11:58,T.J. Leaf,10:15,83,1,0,0.0,,0.0,,0.0,,George Hill,19,0,2019-2020,0.0,1,5.0,MIL,102,Giannis Antetokounmpo,Pat Connaughton,11:41,D.J. Wilson,4:46,Thanasis Antetokounmpo,3:50,,,,,,,28:24,Brook Lopez,26:59,Eric Bledsoe,26:06,Sterling Brown,25:53,Donte DiVincenzo,24:04,Wesley Matthews,20:05,Kyle Korver,19:10,Robin Lopez,17:05,Ersan İlyasova,13:09
4,.571,7,77.778,0,0.00,115,0,4,100.0,5,.556,1.0,50.0,2.0,9,4,1.000,4,44.444,Logos via Sports Logos.net / About logos,W,https://www.basketball-reference.com/boxscores/201911180CHI.html,Away,101,26:50,0,0.0,CHI,Zach LaVine,Tomáš Satoranský,17:53,,,,,,,,,,,27:56,Wendell Carter Jr.,27:32,Ryan Arcidiacono,27:15,Lauri Markkanen,26:37,Kris Dunn,25:03,Coby White,24:36,Thaddeus Young,21:23,Chandler Hutchison,21:17,Daniel Gafford,20:28,101,4,18,2.0,11.1,12.0,66.7,4.0,22.2,George Hill,14,0,2019-2020,0.0,1,4.0,MIL,115,Giannis Antetokounmpo,Robin Lopez,6:20,,,,,,,,,,,33:44,Brook Lopez,30:56,Eric Bledsoe,28:58,Donte DiVincenzo,28:43,Sterling Brown,24:31,Wesley Matthews,17:20,Ersan İlyasova,15:16,Kyle Korver,14:34,Pat Connaughton,12:48
1,.333,3,50.000,4,4.00,135,0,3,100.0,3,.500,2.0,66.7,3.0,6,2,1.000,2,33.333,Logos via Sports Logos.net / About logos,W,https://www.basketball-reference.com/boxscores/201911200ATL.html,Away,127,22:59,0,0.0,ATL,Trae Young,Bruno Fernando,12:53,Alex Len,8:32,,,,,,,,,33:02,De'Andre Hunter,28:32,Cam Reddish,28:17,Jabari Parker,26:39,Vince Carter,23:46,DeAndre' Bembry,23:45,Damian Jones,19:56,Allen Crabbe,19:38,Evan Turner,14:58,127,3,9,4.0,44.4,3.0,33.3,2.0,22.2,George Hill,8,0,2019-2020,0.0,1,3.0,MIL,135,Giannis Antetokounmpo,Kyle Korver,12:05,,,,,,,,,,,30:08,Wesley Matthews,27:37,Eric Bledsoe,25:01,Donte DiVincenzo,24:34,Brook Lopez,24:18,Robin Lopez,19:48,Sterling Brown,19:38,D.J. Wilson,17:51,Pat Connaughton,15:56
1,.333,3,75.000,3,,129,0,2,50.0,2,.500,1.0,100.0,1.0,4,2,1.000,2,50.000,Logos via Sports Logos.net / About logos,W,https://www.basketball-reference.com/boxscores/201911210MIL.html,Home,137,17:08,2,50.0,POR,CJ McCollum,Mario Hezonja,9:38,,,,,,,,,,,38:29,Anthony Tolliver,31:06,Rodney Hood,29:56,Carmelo Anthony,28:59,Skal Labissière,28:25,Gary Trent Jr.,20:58,Kent Bazemore,18:26,Anfernee Simons,17:26,Nassir Little,16:37,129,4,7,2.0,28.6,3.0,42.9,2.0,28.6,George Hill,8,1,2019-2020,1.0,0,4.0,MIL,137,Giannis Antetokounmpo,,,,,,,,,,,,,35:49,Eric Bledsoe,31:01,Brook Lopez,30:04,Wesley Matthews,29:46,Donte DiVincenzo,27:17,Pat Connaughton,21:37,Sterling Brown,18:15,Ersan İlyasova,14:58,Robin Lopez,14:05
2,.667,3,60.000,3,3.00,90,1,2,100.0,3,.600,1.0,50.0,2.0,5,1,.500,2,40.000,Logos via Sports Logos.net / About logos,W,https://www.basketball-reference.com/boxscores/201911230MIL.html,Home,104,16:16,0,0.0,DET,Langston Galloway,Tim Frazier,4:43,Sekou Doumbouya,2:14,Jordan Bone,1:45,,,,,,,39:40,Andre Drummond,36:47,Markieff Morris,34:16,Luke Kennard,30:37,Derrick Rose,26:11,Bruce Brown,22:33,Svi Mykhailiuk,18:31,Christian Wood,11:30,Thon Maker,11:13,90,0,9,2.0,22.2,6.0,66.7,1.0,11.1,George Hill,14,1,2019-2020,2.0,1,2.0,MIL,104,Eric Bledsoe,Robin Lopez,12:48,Thanasis Antetokounmpo,2:14,Dragan Bender,2:14,,,,,,,28:21,Giannis Antetokounmpo,27:12,Brook Lopez,24:05,Donte DiVincenzo,23:55,Wesley Matthews,22:43,Sterling Brown,22:12,Kyle Korver,22:12,Pat Connaughton,20:38,D.J. Wilson,15:10
4,.667,6,60.000,4,,119,0,1,50.0,6,.600,2.0,50.0,4.0,10,2,1.000,2,20.000,Logos via Sports Logos.net / About logos,W,https://www.basketball-reference.com/boxscores/201911290CLE.html,Away,110,22:17,1,50.0,CLE,Cedi Osman,Alfonzo McKinnie,4:21,Ante Žižić,2:47,,,,,,,,,38:00,Darius Garland,35:15,Collin Sexton,31:43,Kevin Love,31:15,Tristan Thompson,30:46,Larry Nance Jr.,26:47,Jordan Clarkson,19:34,Kevin Porter Jr.,12:54,Matthew Dellavedova,6:38,110,0,18,4.0,22.2,12.0,66.7,2.0,11.1,George Hill,9,0,2019-2020,0.0,0,2.0,MIL,119,Giannis Antetokounmpo,Frank Mason III,0:09,,,,,,,,,,,32:03,Wesley Matthews,27:10,Donte DiVincenzo,26:20,Brook Lopez,26:05,Eric Bledsoe,25:31,Pat Connaughton,23:47,Khris Middleton,23:17,Ersan İlyasova,18:53,Robin Lopez,14:28
2,.667,3,60.000,4,,96,0,0,,4,.800,2.0,100.0,2.0,5,0,,0,0.000,Logos via Sports Logos.net / About logos,W,https://www.basketball-reference.com/boxscores/201911300MIL.html,Home,137,15:21,0,,CHO,Miles Bridges,Bismack Biyombo,10:00,Willy Hernangómez,8:53,,,,,,,,,34:21,P.J. Washington,32:31,Terry Rozier,30:18,Devonte' Graham,28:32,Malik Monk,24:01,Cody Zeller,19:58,Dwayne Bacon,19:42,Marvin Williams,18:38,Nicolas Batum,13:06,96,0,10,4.0,40.0,6.0,60.0,0.0,0.0,George Hill,41,1,2019-2020,1.0,0,0.0,MIL,137,D.J. Wilson,Ersan İlyasova,15:35,Dragan Bender,13:31,Frank Mason III,10:02,,,,,,,23:45,Robin Lopez,23:32,Eric Bledsoe,22:37,Wesley Matthews,21:20,Donte DiVincenzo,19:44,Giannis Antetokounmpo,19:37,Pat Connaughton,19:29,Kyle Korver,19:21,Khris Middleton,16:06
3,.750,4,50.000,4,2.00,88,0,1,50.0,5,.625,2.0,50.0,4.0,8,1,1.000,1,12.500,Logos via Sports Logos.net / About logos,W,https://www.basketball-reference.com/boxscores/201912020MIL.html,Home,132,16:22,1,50.0,NYK,Damyean Dotson,Kadeem Allen,15:32,Allonzo Trier,11:50,Wayne Ellington,8:20,,,,,,,28:45,Dennis Smith Jr.,25:39,Julius Randle,25:19,Mitchell Robinson,23:28,Kevin Knox,23:07,Taj Gibson,20:39,RJ Barrett,19:58,Bobby Portis,19:21,Ignas Brazdeikis,18:01,88,0,14,4.0,28.6,9.0,64.3,1.0,7.1,George Hill,44,1,2019-2020,1.0,2,2.0,MIL,132,D.J. Wilson,Ersan İlyasova,14:21,Dragan Bender,13:25,Thanasis Antetokounmpo,12:00,,,,,,,23:36,Robin Lopez,22:40,Giannis Antetokounmpo,21:58,Kyle Korver,20:50,Wesley Matthews,19:42,Eric Bledsoe,19:38,Donte DiVincenzo,19:23,Pat Connaughton,18:24,Khris Middleton,17:40
0,,0,0.000,3,1.50,127,0,3,75.0,0,.000,0.0,0.0,2.0,2,3,1.000,3,150.000,Logos via Sports Logos.net / About logos,W,https://www.basketball-reference.com/boxscores/201912040DET.html,Away,103,14:53,1,25.0,DET,Langston Galloway,Thon Maker,2:41,Sekou Doumbouya,2:41,Tim Frazier,2:41,,,,,,,37:40,Andre Drummond,32:54,Blake Griffin,30:49,Svi Mykhailiuk,27:37,Tony Snell,26:45,Derrick Rose,25:19,Bruce Brown,21:17,Markieff Morris,15:21,Christian Wood,14:15,103,0,3,0.0,0.0,0.0,0.0,3.0,100.0,George Hill,24,0,2019-2020,0.0,2,4.0,MIL,127,Giannis Antetokounmpo,D.J. Wilson,15:51,Ersan İlyasova,15:39,,,,,,,,,27:55,Eric Bledsoe,26:44,Khris Middleton,25:28,Donte DiVincenzo,21:34,Kyle Korver,20:19,Robin Lopez,18:29,Brook Lopez,18:06,Pat Connaughton,17:48,Wesley Matthews,17:14
0,.000,1,33.333,4,,91,0,1,50.0,2,.667,2.0,100.0,2.0,3,2,1.000,2,66.667,Logos via Sports Logos.net / About logos,W,https://www.basketball-reference.com/boxscores/201912060MIL.html,Home,119,16:09,1,50.0,LAC,Paul George,Derrick Walton,9:47,Mfiondu Kabengele,9:25,Patrick Patterson,7:23,,,,,,,31:14,Patrick Beverley,29:53,Kawhi Leonard,29:30,Ivica Zubac,24:26,Montrezl Harrell,23:34,Lou Williams,23:14,Maurice Harkless,21:50,Jerome Robinson,19:37,Terance Mann,10:07,91,1,6,4.0,66.7,0.0,0.0,2.0,33.3,George Hill,28,3,2019-2020,3.0,0,2.0,MIL,119,Giannis Antetokounmpo,Ersan İlyasova,9:53,Sterling Brown,8:56,D.J. Wilson,8:56,,,,,,,26:21,Khris Middleton,25:29,Brook Lopez,24:42,Eric Bledsoe,22:55,Wesley Matthews,22:43,Donte DiVincenzo,22:09,Pat Connaughton,21:08,Kyle Korver,18:50,Robin Lopez,11:49
1,.500,2,40.000,1,0.33,101,0,2,66.7,4,.800,3.0,100.0,3.0,5,1,1.000,1,20.000,Logos via Sports Logos.net / About logos,W,https://www.basketball-reference.com/boxscores/201912090MIL.html,Home,110,20:47,1,33.3,ORL,Aaron Gordon,Amile Jefferson,1:12,,,,,,,,,,,38:18,Evan Fournier,32:01,Terrence Ross,30:30,Markelle Fultz,30:07,Jonathan Isaac,28:17,Khem Birch,27:54,D.J. Augustin,23:14,Michael Carter-Williams,16:00,Mo Bamba,12:27,101,4,10,6.0,60.0,3.0,30.0,1.0,10.0,George Hill,9,0,2019-2020,0.0,3,3.0,MIL,110,Giannis Antetokounmpo,Kyle Korver,11:18,,,,,,,,,,,34:43,Eric Bledsoe,31:57,Khris Middleton,29:15,Wesley Matthews,25:09,Brook Lopez,23:38,Donte DiVincenzo,20:16,Ersan İlyasova,16:14,Robin Lopez,14:00,Pat Connaughton,12:43
3,1.000,3,42.857,3,3.00,112,0,2,66.7,5,.714,2.0,50.0,4.0,7,0,,0,0.000,Logos via Sports Logos.net / About logos,W,https://www.basketball-reference.com/boxscores/201912110MIL.html,Home,127,18:59,1,33.3,NOP,Jrue Holiday,Nicolò Melli,7:11,Frank Jackson,1:12,,,,,,,,,37:34,Brandon Ingram,32:38,JJ Redick,32:16,Kenrich Williams,26:04,Josh Hart,26:01,Jaxson Hayes,23:53,Lonzo Ball,22:50,Jahlil Okafor,20:14,Nickeil Alexander-Walker,10:07,112,1,13,4.0,30.8,9.0,69.2,0.0,0.0,George Hill,15,3,2019-2020,3.0,1,3.0,MIL,127,Khris Middleton,D.J. Wilson,11:35,Pat Connaughton,5:11,,,,,,,,,30:50,Ersan İlyasova,26:53,Eric Bledsoe,25:27,Brook Lopez,24:45,Donte DiVincenzo,23:48,Sterling Brown,19:59,Wesley Matthews,19:44,Robin Lopez,16:30,Kyle Korver,16:19
1,.500,2,40.000,5,,127,0,4,66.7,2,.400,1.0,33.3,3.0,5,3,1.000,3,60.000,Logos via Sports Logos.net / About logos,W,https://www.basketball-reference.com/boxscores/201912130MEM.html,Away,114,28:53,2,33.3,MEM,Dillon Brooks,Marko Gudurić,12:36,,,,,,,,,,,34:45,Jae Crowder,33:02,Solomon Hill,29:58,Jaren Jackson Jr.,29:19,Tyus Jones,24:50,De'Anthony Melton,23:10,Jonas Valančiūnas,19:25,Kyle Anderson,18:31,Bruno Caboclo,14:24,114,2,8,2.0,25.0,3.0,37.5,3.0,37.5,George Hill,13,0,2019-2020,0.0,0,6.0,MIL,127,Khris Middleton,Robin Lopez,7:48,Thanasis Antetokounmpo,0:42,,,,,,,,,35:04,Giannis Antetokounmpo,26:46,Wesley Matthews,25:13,Brook Lopez,23:38,D.J. Wilson,21:06,Donte DiVincenzo,19:00,Sterling Brown,18:38,Eric Bledsoe,16:58,Pat Connaughton,16:14
2,.500,4,50.000,1,0.50,108,0,3,60.0,4,.500,2.0,50.0,4.0,8,1,.500,2,25.000,Logos via Sports Logos.net / About logos,W,https://www.basketball-reference.com/boxscores/201912140MIL.html,Home,125,21:41,2,40.0,CLE,Darius Garland,Matthew Dellavedova,12:13,Brandon Knight,7:10,Ante Žižić,5:38,Alfonzo McKinnie,5:38,,,,,30:09,Collin Sexton,28:15,Tristan Thompson,27:26,Kevin Love,25:54,Kevin Porter Jr.,25:00,Cedi Osman,23:00,Jordan Clarkson,18:13,Larry Nance Jr.,16:28,John Henson,14:56,108,0,11,4.0,36.4,6.0,54.5,1.0,9.1,George Hill,17,1,2019-2020,1.0,2,5.0,MIL,125,Brook Lopez,Kyle Korver,14:22,D.J. Wilson,5:13,Frank Mason III,2:46,,,,,,,27:11,Donte DiVincenzo,25:10,Giannis Antetokounmpo,23:59,Khris Middleton,22:40,Pat Connaughton,21:57,Robin Lopez,20:49,Sterling Brown,19:38,Wesley Matthews,17:23,Ersan İlyasova,17:11
0,.000,4,40.000,3,,120,0,1,50.0,4,.400,4.0,66.7,6.0,10,2,1.000,2,20.000,Logos via Sports Logos.net / About logos,L,https://www.basketball-reference.com/boxscores/201912160MIL.html,Home,116,24:07,1,50.0,DAL,Dorian Finney-Smith,Courtney Lee,6:32,Boban Marjanović,0:00,,,,,,,,,35:01,Kristaps Porziņģis,32:34,Jalen Brunson,32:20,Maxi Kleber,28:33,Seth Curry,26:19,Tim Hardaway Jr.,24:15,Dwight Powell,19:10,Delon Wright,18:41,Justin Jackson,16:31,120,2,10,8.0,80.0,0.0,0.0,2.0,20.0,George Hill,4,2,2019-2020,2.0,0,2.0,MIL,116,Giannis Antetokounmpo,Robin Lopez,2:42,,,,,,,,,,,34:23,Donte DiVincenzo,29:33,Khris Middleton,28:26,Wesley Matthews,24:45,Kyle Korver,24:39,Sterling Brown,22:27,Brook Lopez,20:01,Ersan İlyasova,17:18,Pat Connaughton,11:35
3,.600,5,41.667,1,1.00,104,0,2,66.7,7,.583,4.0,57.1,7.0,12,4,1.000,4,33.333,Logos via Sports Logos.net / About logos,W,https://www.basketball-reference.com/boxscores/201912190MIL.html,Home,111,27:16,1,33.3,LAL,Anthony Davis,Jared Dudley,3:30,Troy Daniels,3:01,,,,,,,,,43:06,LeBron James,36:44,Danny Green,35:07,Kentavious Caldwell-Pope,34:19,Avery Bradley,17:49,Rajon Rondo,17:41,Alex Caruso,16:55,JaVale McGee,16:40,Dwight Howard,15:05,104,0,21,8.0,38.1,9.0,42.9,4.0,19.0,George Hill,7,0,2019-2020,0.0,1,3.0,MIL,111,Brook Lopez,Robin Lopez,7:38,,,,,,,,,,,32:32,Giannis Antetokounmpo,32:19,Wesley Matthews,30:47,Khris Middleton,28:59,Donte DiVincenzo,27:07,Ersan İlyasova,16:38,Sterling Brown,14:08,Kyle Korver,13:53,Pat Connaughton,8:39
2,.667,3,50.000,2,2.00,123,0,3,100.0,4,.667,2.0,66.7,3.0,6,0,,0,0.000,Logos via Sports Logos.net / About logos,W,https://www.basketball-reference.com/boxscores/201912210NYK.html,Away,102,12:44,0,0.0,NYK,RJ Barrett,Damyean Dotson,9:56,Frank Ntilikina,9:33,Taj Gibson,9:30,,,,,,,33:21,Julius Randle,31:35,Elfrid Payton,27:10,Bobby Portis,25:28,Marcus Morris,24:29,Kevin Knox,23:31,Mitchell Robinson,22:10,Allonzo Trier,12:00,Dennis Smith Jr.,11:17,102,1,10,4.0,40.0,6.0,60.0,0.0,0.0,George Hill,21,0,2019-2020,0.0,1,3.0,MIL,123,Brook Lopez,D.J. Wilson,15:07,Thanasis Antetokounmpo,6:43,,,,,,,,,27:03,Giannis Antetokounmpo,26:02,Donte DiVincenzo,25:26,Pat Connaughton,24:07,Kyle Korver,23:43,Khris Middleton,23:30,Sterling Brown,19:34,Ersan İlyasova,19:17,Robin Lopez,16:44
3,.500,6,60.000,4,4.00,89,0,8,88.9,6,.600,3.0,75.0,4.0,10,2,1.000,2,20.000,Logos via Sports Logos.net / About logos,W,https://www.basketball-reference.com/boxscores/201912220MIL.html,Home,117,21:58,1,11.1,IND,Aaron Holiday,Goga Bitadze,8:19,JaKarr Sampson,4:46,T.J. Leaf,2:54,,,,,,,32:14,Domantas Sabonis,30:58,Malcolm Brogdon,29:52,T.J. Warren,26:15,Doug McDermott,25:46,Justin Holiday,23:38,Myles Turner,21:59,Edmond Sumner,19:02,T.J. McConnell,14:17,89,0,17,6.0,35.3,9.0,52.9,2.0,11.8,George Hill,28,1,2019-2020,1.0,1,9.0,MIL,117,Giannis Antetokounmpo,Frank Mason III,4:46,D.J. Wilson,2:54,,,,,,,,,30:55,Khris Middleton,29:44,Wesley Matthews,27:51,Brook Lopez,26:40,Donte DiVincenzo,24:40,Pat Connaughton,19:55,Kyle Korver,17:49,Robin Lopez,17:47,Ersan İlyasova,15:01
3,1.000,3,42.857,2,2.00,109,1,1,100.0,6,.857,3.0,75.0,4.0,7,0,,0,0.000,Logos via Sports Logos.net / About logos,L,https://www.basketball-reference.com/boxscores/201912250PHI.html,Away,121,26:16,0,0.0,PHI,Ben Simmons,,,,,,,,,,,,,38:03,Josh Richardson,36:52,Tobias Harris,34:51,Al Horford,32:54,Joel Embiid,28:26,Furkan Korkmaz,25:10,Mike Scott,17:24,James Ennis III,16:23,Trey Burke,9:57,121,1,15,6.0,40.0,9.0,60.0,0.0,0.0,George Hill,12,0,2019-2020,1.0,1,1.0,MIL,109,Khris Middleton,Robin Lopez,7:41,,,,,,,,,,,33:00,Brook Lopez,32:43,Giannis Antetokounmpo,30:19,Donte DiVincenzo,26:17,Wesley Matthews,24:41,Kyle Korver,20:29,Ersan İlyasova,15:05,Sterling Brown,12:00,Pat Connaughton,11:29
0,,0,0.000,2,0.67,112,0,3,100.0,4,.571,4.0,57.1,7.0,7,0,,0,0.000,Logos via Sports Logos.net / About logos,W,https://www.basketball-reference.com/boxscores/201912270ATL.html,Away,86,20:04,0,0.0,ATL,Cam Reddish,Brandon Goodwin,14:13,Vince Carter,12:27,Chandler Parsons,10:57,Evan Turner,10:23,,,,,30:06,Kevin Huerter,27:04,John Collins,26:03,De'Andre Hunter,22:42,Allen Crabbe,21:01,Damian Jones,18:56,Bruno Fernando,15:39,DeAndre' Bembry,15:17,Trae Young,15:12,86,1,8,8.0,100.0,0.0,0.0,0.0,0.0,George Hill,26,1,2019-2020,1.0,3,3.0,MIL,112,Khris Middleton,D.J. Wilson,12:10,Thanasis Antetokounmpo,6:56,,,,,,,,,25:19,Sterling Brown,25:00,Ersan İlyasova,24:22,Brook Lopez,23:29,Donte DiVincenzo,22:42,Pat Connaughton,22:22,Robin Lopez,20:43,Wesley Matthews,19:16,Kyle Korver,17:37
3,.500,6,54.545,3,1.50,100,0,4,80.0,7,.636,4.0,80.0,5.0,11,0,.000,1,9.091,Logos via Sports Logos.net / About logos,W,https://www.basketball-reference.com/boxscores/201912280MIL.html,Home,111,20:49,1,20.0,ORL,Evan Fournier,Josh Magette,1:48,Melvin Frazier,1:48,Amile Jefferson,1:48,,,,,,,31:42,Nikola Vučević,31:42,Jonathan Isaac,29:54,Markelle Fultz,29:37,D.J. Augustin,28:15,Terrence Ross,27:24,Aaron Gordon,21:24,Wes Iwundu,18:19,Khem Birch,16:18,100,0,17,8.0,47.1,9.0,52.9,0.0,0.0,George Hill,11,0,2019-2020,0.0,2,5.0,MIL,111,Khris Middleton,Sterling Brown,7:17,Thanasis Antetokounmpo,0:55,,,,,,,,,33:00,Brook Lopez,27:24,Ersan İlyasova,26:35,Donte DiVincenzo,26:27,Robin Lopez,23:16,Pat Connaughton,23:04,Kyle Korver,22:52,Wesley Matthews,20:48,D.J. Wilson,7:30
1,.500,2,66.667,3,3.00,123,0,1,50.0,2,.667,1.0,100.0,1.0,3,0,,0,0.000,Logos via Sports Logos.net / About logos,W,https://www.basketball-reference.com/boxscores/201912300CHI.html,Away,102,20:09,1,50.0,CHI,Coby White,Ryan Arcidiacono,13:41,Shaquille Harrison,3:03,Luke Kornet,2:51,Adam Mokoka,2:33,,,,,33:09,Zach LaVine,32:37,Wendell Carter Jr.,28:20,Lauri Markkanen,27:24,Tomáš Satoranský,25:52,Kris Dunn,19:08,Thaddeus Young,17:44,Daniel Gafford,17:07,Denzel Valentine,16:29,102,2,5,2.0,40.0,3.0,60.0,0.0,0.0,George Hill,21,0,2019-2020,0.0,1,2.0,MIL,123,Khris Middleton,Thanasis Antetokounmpo,2:41,D.J. Wilson,2:41,,,,,,,,,31:37,Giannis Antetokounmpo,27:22,Brook Lopez,26:35,Pat Connaughton,26:27,Donte DiVincenzo,25:18,Kyle Korver,21:30,Robin Lopez,20:10,Ersan İlyasova,19:11,Eric Bledsoe,16:17
0,.000,2,40.000,2,,104,0,0,0.0,2,.400,2.0,66.7,3.0,5,1,.500,2,40.000,Logos via Sports Logos.net / About logos,W,https://www.basketball-reference.com/boxscores/202001010MIL.html,Home,106,22:31,1,100.0,MIN,Robert Covington,Jordan Bell,14:14,,,,,,,,,,,33:17,Jarrett Culver,32:56,Shabazz Napier,31:07,Josh Okogie,26:10,Gorgui Dieng,23:32,Kelan Martin,23:31,Keita Bates-Diop,21:14,Naz Reid,18:20,Jaylen Nowell,15:39,104,2,5,4.0,80.0,0.0,0.0,1.0,20.0,George Hill,2,0,2019-2020,0.0,0,1.0,MIL,106,Khris Middleton,,,,,,,,,,,,,32:30,Giannis Antetokounmpo,31:29,Brook Lopez,30:58,Pat Connaughton,26:07,Donte DiVincenzo,24:29,Eric Bledsoe,20:12,Kyle Korver,18:11,Ersan İlyasova,16:51,Robin Lopez,16:42
0,.000,2,40.000,5,,118,1,5,83.3,1,.200,1.0,33.3,3.0,5,1,.500,2,40.000,Logos via Sports Logos.net / About logos,W,https://www.basketball-reference.com/boxscores/202001040MIL.html,Home,127,21:58,1,16.7,SAS,LaMarcus Aldridge,Jakob Poeltl,13:00,Chimezie Metu,4:21,Keldon Johnson,4:21,,,,,,,32:45,DeMar DeRozan,31:54,Lonnie Walker IV,25:37,Trey Lyles,24:18,Derrick White,23:35,Rudy Gay,21:36,Patty Mills,20:08,Bryn Forbes,19:47,Marco Belinelli,18:37,118,2,3,2.0,66.7,0.0,0.0,1.0,33.3,George Hill,9,1,2019-2020,2.0,0,6.0,MIL,127,Khris Middleton,Thanasis Antetokounmpo,2:10,Sterling Brown,2:10,D.J. Wilson,2:10,,,,,,,31:10,Giannis Antetokounmpo,28:57,Wesley Matthews,26:24,Brook Lopez,24:46,Eric Bledsoe,23:52,Ersan İlyasova,20:51,Robin Lopez,19:14,Kyle Korver,18:09,Pat Connaughton,18:06
3,.750,4,36.364,4,4.00,104,0,1,25.0,6,.545,3.0,42.9,7.0,11,0,,0,0.000,Logos via Sports Logos.net / About logos,L,https://www.basketball-reference.com/boxscores/202001060SAS.html,Away,126,21:21,3,75.0,SAS,DeMar DeRozan,Jakob Poeltl,12:46,Chimezie Metu,2:18,DeMarre Carroll,2:18,,,,,,,32:40,LaMarcus Aldridge,32:30,Dejounte Murray,25:33,Bryn Forbes,25:10,Rudy Gay,24:35,Patty Mills,22:50,Derrick White,20:09,Trey Lyles,19:41,Lonnie Walker IV,19:30,126,0,15,6.0,40.0,9.0,60.0,0.0,0.0,George Hill,22,0,2019-2020,0.0,1,4.0,MIL,104,Giannis Antetokounmpo,Thanasis Antetokounmpo,2:36,Sterling Brown,2:36,D.J. Wilson,2:36,,,,,,,33:50,Khris Middleton,29:44,Wesley Matthews,28:44,Donte DiVincenzo,26:39,Eric Bledsoe,26:25,Brook Lopez,22:09,Ersan İlyasova,15:19,Robin Lopez,14:26,Kyle Korver,13:35
1,.500,2,40.000,6,6.00,127,0,3,100.0,3,.600,2.0,66.7,3.0,5,2,1.000,2,40.000,Logos via Sports Logos.net / About logos,W,https://www.basketball-reference.com/boxscores/202001100SAC.html,Away,106,22:25,0,0.0,SAC,Nemanja Bjelica,Yogi Ferrell,2:40,Wenyen Gabriel,2:40,Kyle Guy,2:40,Caleb Swanigan,2:40,,,,,39:31,De'Aaron Fox,38:21,Harrison Barnes,36:16,Buddy Hield,34:19,Trevor Ariza,32:01,Cory Joseph,19:15,Harry Giles,15:07,Dewayne Dedmon,11:31,Justin James,2:59,106,0,9,4.0,44.4,3.0,33.3,2.0,22.2,George Hill,21,3,2019-2020,3.0,1,3.0,MIL,127,Eric Bledsoe,Kyle Korver,8:57,Thanasis Antetokounmpo,2:40,D.J. Wilson,2:40,,,,,,,30:35,Khris Middleton,28:53,Giannis Antetokounmpo,28:18,Pat Connaughton,24:02,Donte DiVincenzo,23:39,Wesley Matthews,20:46,Brook Lopez,19:33,Sterling Brown,18:14,Robin Lopez,9:18
1,.333,3,60.000,5,,122,0,1,50.0,1,.200,0.0,0.0,2.0,5,1,.500,2,40.000,Logos via Sports Logos.net / About logos,W,https://www.basketball-reference.com/boxscores/202001110POR.html,Away,101,17:44,1,50.0,POR,Damian Lillard,Mario Hezonja,10:53,,,,,,,,,,,35:01,CJ McCollum,34:18,Carmelo Anthony,32:52,Kent Bazemore,29:00,Anthony Tolliver,27:39,Anfernee Simons,22:37,Gary Trent Jr.,17:27,Jaylen Hoard,16:42,Nassir Little,13:31,101,2,4,0.0,0.0,3.0,75.0,1.0,25.0,George Hill,21,0,2019-2020,0.0,0,2.0,MIL,122,Giannis Antetokounmpo,Ersan İlyasova,11:45,D.J. Wilson,5:15,Thanasis Antetokounmpo,5:15,,,,,,,28:30,Khris Middleton,28:07,Eric Bledsoe,27:14,Brook Lopez,26:26,Donte DiVincenzo,23:41,Wesley Matthews,20:05,Pat Connaughton,18:48,Robin Lopez,14:38,Sterling Brown,12:32
1,.500,2,50.000,0,,102,0,3,100.0,2,.500,1.0,50.0,2.0,4,1,.500,2,50.000,Logos via Sports Logos.net / About logos,W,https://www.basketball-reference.com/boxscores/202001140MIL.html,Home,128,11:17,0,0.0,NYK,RJ Barrett,Taj Gibson,10:50,Allonzo Trier,9:22,Damyean Dotson,7:47,,,,,,,31:53,Bobby Portis,27:09,Julius Randle,26:49,Kadeem Allen,24:09,Reggie Bullock,23:27,Kevin Knox,23:12,Elfrid Payton,19:12,Mitchell Robinson,18:22,Wayne Ellington,17:48,102,0,6,2.0,33.3,3.0,50.0,1.0,16.7,George Hill,26,0,2019-2020,0.0,0,3.0,MIL,128,Wesley Matthews,Ersan İlyasova,16:16,Sterling Brown,12:00,D.J. Wilson,9:56,,,,,,,26:29,Brook Lopez,22:21,Giannis Antetokounmpo,21:26,Eric Bledsoe,21:25,Dragan Bender,21:14,Kyle Korver,21:06,Khris Middleton,20:55,Pat Connaughton,19:01,Donte DiVincenzo,16:34
3,1.000,3,50.000,2,1.00,123,0,2,100.0,4,.667,1.0,33.3,3.0,6,2,1.000,2,33.333,Logos via Sports Logos.net / About logos,W,https://www.basketball-reference.com/boxscores/202001160MIL.html,Home,128,25:28,0,0.0,BOS,Jayson Tatum,Grant Williams,7:09,,,,,,,,,,,40:20,Kemba Walker,38:14,Marcus Smart,36:19,Gordon Hayward,32:14,Daniel Theis,22:32,Semi Ojeleye,19:51,Enes Freedom,15:36,Brad Wanamaker,14:43,Javonte Green,13:02,123,4,13,2.0,15.4,9.0,69.2,2.0,15.4,George Hill,5,0,2019-2020,0.0,2,2.0,MIL,128,Giannis Antetokounmpo,Pat Connaughton,0:08,,,,,,,,,,,34:54,Khris Middleton,30:53,Brook Lopez,30:16,Wesley Matthews,28:50,Donte DiVincenzo,27:46,Eric Bledsoe,20:06,Kyle Korver,18:05,Ersan İlyasova,15:45,Robin Lopez,7:49
2,1.000,2,50.000,3,,117,0,1,50.0,2,.500,0.0,0.0,2.0,4,0,,0,0.000,Logos via Sports Logos.net / About logos,W,https://www.basketball-reference.com/boxscores/202001180BRK.html,Away,97,14:51,1,50.0,BRK,Kyrie Irving,Džanan Musa,12:39,Chris Chiozza,7:12,Theo Pinson,7:12,,,,,,,30:39,Jarrett Allen,28:59,Spencer Dinwiddie,26:31,Caris LeVert,24:53,Taurean Prince,23:51,Wilson Chandler,20:10,Timothé Luwawu-Cabarrot,19:40,Rodions Kurucs,19:13,Nic Claxton,19:01,97,0,6,0.0,0.0,6.0,100.0,0.0,0.0,George Hill,20,0,2019-2020,0.0,0,2.0,MIL,117,Khris Middleton,Sterling Brown,5:27,Pat Connaughton,5:27,D.J. Wilson,4:58,,,,,,,29:01,Eric Bledsoe,27:42,Wesley Matthews,26:33,Brook Lopez,26:29,Donte DiVincenzo,25:36,Giannis Antetokounmpo,25:24,Dragan Bender,20:35,Kyle Korver,17:08,Ersan İlyasova,10:49
0,,0,0.000,2,1.00,98,0,0,,3,.500,3.0,50.0,6.0,6,0,,0,0.000,Logos via Sports Logos.net / About logos,W,https://www.basketball-reference.com/boxscores/202001200MIL.html,Home,111,17:36,0,,CHI,Zach LaVine,Ryan Arcidiacono,12:00,Shaquille Harrison,2:04,Denzel Valentine,2:04,,,,,,,35:50,Kris Dunn,31:58,Lauri Markkanen,31:20,Thaddeus Young,27:57,Tomáš Satoranský,25:37,Coby White,24:50,Chandler Hutchison,19:16,Luke Kornet,15:00,Cristiano Felício,12:03,98,1,6,6.0,100.0,0.0,0.0,0.0,0.0,George Hill,13,2,2019-2020,2.0,2,0.0,MIL,111,Giannis Antetokounmpo,Sterling Brown,2:04,D.J. Wilson,2:04,,,,,,,,,31:00,Khris Middleton,30:32,Eric Bledsoe,28:30,Brook Lopez,27:28,Wesley Matthews,26:44,Kyle Korver,21:57,Donte DiVincenzo,20:54,Ersan İlyasova,17:04,Dragan Bender,14:05
2,.333,6,60.000,2,1.00,116,0,3,100.0,6,.600,4.0,100.0,4.0,10,2,1.000,2,20.000,Logos via Sports Logos.net / About logos,W,https://www.basketball-reference.com/boxscores/202001240CHO.html,Away,103,23:49,0,0.0,CHO,Terry Rozier,Bismack Biyombo,7:40,,,,,,,,,,,37:13,Malik Monk,33:35,Nicolas Batum,33:32,Devonte' Graham,31:45,Marvin Williams,28:27,P.J. Washington,20:19,Cody Zeller,20:15,Miles Bridges,19:25,Willy Hernangómez,7:47,103,1,16,8.0,50.0,6.0,37.5,2.0,12.5,George Hill,13,1,2019-2020,1.0,2,3.0,MIL,116,Khris Middleton,Dragan Bender,5:39,Thanasis Antetokounmpo,0:31,,,,,,,,,34:38,Giannis Antetokounmpo,32:13,Eric Bledsoe,31:06,Donte DiVincenzo,25:36,Brook Lopez,25:21,Kyle Korver,18:28,Wesley Matthews,17:29,Ersan İlyasova,15:49,Pat Connaughton,9:17
0,.000,3,100.000,3,1.00,131,0,0,0.0,0,.000,0.0,,0.0,3,2,1.000,2,66.667,Logos via Sports Logos.net / About logos,W,https://www.basketball-reference.com/boxscores/202001280MIL.html,Home,151,21:13,1,100.0,WAS,Bradley Beal,Anžejs Pasečņiks,9:29,Admiral Schofield,1:30,,,,,,,,,37:39,Troy Brown Jr.,34:39,Thomas Bryant,31:54,Dāvis Bertāns,29:45,Ish Smith,27:03,Ian Mahinmi,20:56,Isaiah Thomas,19:09,Isaac Bonga,17:03,Gary Payton II,10:53,131,4,2,0.0,0.0,0.0,0.0,2.0,100.0,George Hill,20,0,2019-2020,0.0,3,1.0,MIL,151,Khris Middleton,,,,,,,,,,,,,35:52,Brook Lopez,31:34,Eric Bledsoe,30:38,Wesley Matthews,24:56,Donte DiVincenzo,22:27,Pat Connaughton,21:39,Ersan İlyasova,20:41,Robin Lopez,16:26,Kyle Korver,14:34
0,,0,0.000,3,,126,0,1,100.0,1,.500,1.0,50.0,2.0,2,2,1.000,2,100.000,Logos via Sports Logos.net / About logos,W,https://www.basketball-reference.com/boxscores/202002200DET.html,Away,106,20:01,0,0.0,DET,Sekou Doumbouya,Brandon Knight,12:21,Jordan Bone,5:08,,,,,,,,,33:38,Bruce Brown,31:41,Svi Mykhailiuk,28:30,Christian Wood,27:00,Langston Galloway,23:24,Derrick Rose,23:07,Tony Snell,22:05,Thon Maker,18:27,John Henson,14:39,106,2,4,2.0,50.0,0.0,0.0,2.0,50.0,George Hill,20,3,2019-2020,3.0,0,1.0,MIL,126,Khris Middleton,Marvin Williams,8:41,D.J. Wilson,3:28,Sterling Brown,3:28,,,,,,,32:25,Giannis Antetokounmpo,31:47,Wesley Matthews,28:15,Eric Bledsoe,26:39,Brook Lopez,24:25,Donte DiVincenzo,17:59,Robin Lopez,14:54,Pat Connaughton,14:19,Ersan İlyasova,13:39
0,.000,1,20.000,1,,98,0,2,66.7,2,.400,2.0,50.0,4.0,5,0,,0,0.000,Logos via Sports Logos.net / About logos,W,https://www.basketball-reference.com/boxscores/202002220MIL.html,Home,119,20:28,1,33.3,PHI,Tobias Harris,Matisse Thybulle,10:50,Norvel Pelle,6:20,Raul Neto,6:20,Ben Simmons,4:44,,,,,30:55,Joel Embiid,29:13,Josh Richardson,26:36,Furkan Korkmaz,25:49,Al Horford,24:28,Shake Milton,21:52,Alec Burks,21:21,Glenn Robinson III,19:50,Mike Scott,11:42,98,1,4,4.0,100.0,0.0,0.0,0.0,0.0,George Hill,21,0,2019-2020,0.0,0,3.0,MIL,119,Khris Middleton,Sterling Brown,5:48,D.J. Wilson,4:46,,,,,,,,,30:46,Giannis Antetokounmpo,29:07,Eric Bledsoe,27:20,Brook Lopez,24:57,Wesley Matthews,20:00,Donte DiVincenzo,19:34,Pat Connaughton,19:31,Marvin Williams,19:27,Robin Lopez,18:15
2,.333,6,50.000,1,1.00,137,0,2,100.0,6,.500,4.0,66.7,6.0,12,0,,0,0.000,Logos via Sports Logos.net / About logos,W,https://www.basketball-reference.com/boxscores/202002240WAS.html,Away,134,23:46,0,0.0,WAS,Rui Hachimura,,,,,,,,,,,,,46:06,Bradley Beal,41:01,Shabazz Napier,36:06,Moritz Wagner,28:28,Ish Smith,25:55,Ian Mahinmi,24:32,Isaac Bonga,24:01,Troy Brown Jr.,21:09,Jerome Robinson,17:42,134,3,14,8.0,57.1,6.0,42.9,0.0,0.0,George Hill,3,0,2019-2020,0.0,1,2.0,MIL,137,Khris Middleton,Sterling Brown,5:18,,,,,,,,,,,40:43,Eric Bledsoe,33:01,Robin Lopez,32:53,Donte DiVincenzo,28:32,Giannis Antetokounmpo,24:51,Wesley Matthews,23:57,Marvin Williams,22:19,Ersan İlyasova,16:00,Pat Connaughton,13:40
1,.250,4,80.000,2,2.00,108,0,1,100.0,2,.400,1.0,100.0,1.0,5,4,1.000,4,80.000,Logos via Sports Logos.net / About logos,W,https://www.basketball-reference.com/boxscores/202002250TOR.html,Away,97,24:44,0,0.0,TOR,Kyle Lowry,,,,,,,,,,,,,41:03,Pascal Siakam,38:19,Fred VanVleet,36:37,OG Anunoby,29:51,Serge Ibaka,28:33,Chris Boucher,19:08,Rondae Hollis-Jefferson,18:09,Terence Davis,16:38,Matt Thomas,11:42,97,2,9,2.0,22.2,3.0,33.3,4.0,44.4,George Hill,11,3,2019-2020,3.0,1,1.0,MIL,108,Giannis Antetokounmpo,,,,,,,,,,,,,38:00,Eric Bledsoe,34:10,Khris Middleton,31:39,Brook Lopez,28:15,Donte DiVincenzo,20:59,Wesley Matthews,20:23,Marvin Williams,16:12,Robin Lopez,13:33,Pat Connaughton,12:05
2,1.000,2,50.000,6,6.00,86,0,5,100.0,4,1.000,2.0,100.0,2.0,4,4,1.000,4,100.000,Logos via Sports Logos.net / About logos,W,https://www.basketball-reference.com/boxscores/202002280MIL.html,Home,133,19:29,0,0.0,OKC,Shai Gilgeous-Alexander,Mike Muscala,13:07,Nerlens Noel,11:38,Isaiah Roby,6:28,Kevin Hervey,6:17,,,,,26:52,Chris Paul,26:42,Abdel Nader,25:28,Luguentz Dort,24:41,Terrance Ferguson,22:13,Dennis Schröder,20:55,Hamidou Diallo,20:36,Deonte Burton,18:05,Steven Adams,16:58,86,1,14,4.0,28.6,6.0,42.9,4.0,28.6,George Hill,47,1,2019-2020,1.0,1,5.0,MIL,133,Wesley Matthews,D.J. Wilson,12:00,Ersan İlyasova,10:24,Thanasis Antetokounmpo,9:05,,,,,,,27:59,Giannis Antetokounmpo,27:17,Sterling Brown,23:38,Eric Bledsoe,22:29,Donte DiVincenzo,19:26,Pat Connaughton,18:18,Brook Lopez,17:43,Robin Lopez,16:13,Marvin Williams,15:59
1,.250,4,36.364,2,0.67,93,0,3,60.0,4,.364,3.0,42.9,7.0,11,2,.667,3,27.273,Logos via Sports Logos.net / About logos,W,https://www.basketball-reference.com/boxscores/202003010CHO.html,Away,85,25:43,2,40.0,CHO,Terry Rozier,,,,,,,,,,,,,36:05,Miles Bridges,35:15,Devonte' Graham,32:21,P.J. Washington,31:52,Cody Martin,29:08,Caleb Martin,23:30,Bismack Biyombo,22:07,Willy Hernangómez,20:21,Jalen McDaniels,9:21,85,1,11,6.0,54.5,3.0,27.3,2.0,18.2,George Hill,8,2,2019-2020,2.0,3,5.0,MIL,93,Giannis Antetokounmpo,,,,,,,,,,,,,34:55,Donte DiVincenzo,27:35,Wesley Matthews,27:08,Brook Lopez,26:25,Pat Connaughton,24:52,Eric Bledsoe,22:17,Marvin Williams,19:37,Sterling Brown,18:10,Robin Lopez,13:18
0,.000,2,22.222,3,3.00,89,0,2,66.7,5,.556,5.0,71.4,7.0,9,2,.667,3,33.333,Logos via Sports Logos.net / About logos,L,https://www.basketball-reference.com/boxscores/202003020MIA.html,Away,105,24:25,1,33.3,MIA,Bam Adebayo,Solomon Hill,0:21,Chris Silva,0:21,Gabe Vincent,0:21,,,,,,,37:03,Jimmy Butler,34:59,Duncan Robinson,33:39,Kendrick Nunn,33:17,Jae Crowder,29:43,Goran Dragić,29:04,Derrick Jones Jr.,17:52,Andre Iguodala,12:40,Kelly Olynyk,10:40,105,1,12,10.0,83.3,0.0,0.0,2.0,16.7,George Hill,16,0,2019-2020,0.0,1,3.0,MIL,89,Giannis Antetokounmpo,Sterling Brown,3:42,D.J. Wilson,3:42,,,,,,,,,30:45,Brook Lopez,28:12,Khris Middleton,27:34,Donte DiVincenzo,26:38,Wesley Matthews,26:09,Eric Bledsoe,21:16,Pat Connaughton,17:45,Marvin Williams,15:31,Ersan İlyasova,14:21
0,.000,2,40.000,1,,131,0,0,0.0,1,.200,1.0,33.3,3.0,5,0,,0,0.000,Logos via Sports Logos.net / About logos,L,https://www.basketball-reference.com/boxscores/202003080PHO.html,Away,140,16:29,1,100.0,PHO,Mikal Bridges,,,,,,,,,,,,,42:49,Devin Booker,39:14,Ricky Rubio,37:44,Aron Baynes,33:26,Jevon Carter,32:25,Dario Šarić,26:17,Cheick Diallo,14:03,Ty Jerome,14:02,,,140,1,2,2.0,100.0,0.0,0.0,0.0,0.0,George Hill,9,1,2019-2020,1.0,0,1.0,MIL,131,Khris Middleton,Robin Lopez,6:59,,,,,,,,,,,35:07,Eric Bledsoe,34:57,Donte DiVincenzo,28:48,Brook Lopez,27:11,Marvin Williams,25:51,Pat Connaughton,18:09,Wesley Matthews,17:36,Ersan İlyasova,15:18,Kyle Korver,13:35
4,1.000,4,44.444,3,3.00,109,0,3,75.0,8,.889,4.0,80.0,5.0,9,1,.500,2,22.222,Logos via Sports Logos.net / About logos,W,https://www.basketball-reference.com/boxscores/202012260CHO.html,Away,107,24:03,1,25.0,CHO,Gordon Hayward,Jalen McDaniels,10:43,,,,,,,,,,,34:41,Devonte' Graham,33:50,Terry Rozier,31:18,Bismack Biyombo,30:19,P.J. Washington,29:09,Miles Bridges,23:07,Cody Martin,16:11,Caleb Martin,15:23,LaMelo Ball,15:19,107,2,21,8.0,38.1,12.0,57.1,1.0,4.8,George Hill,2,1,2020-2021,1.0,1,4.0,OKC,109,Luguentz Dort,,,,,,,,,,,,,34:34,Shai Gilgeous-Alexander,34:22,Darius Bazley,32:56,Al Horford,28:33,Théo Maledon,20:26,Hamidou Diallo,19:40,Mike Muscala,18:10,Kenrich Williams,16:20,Aleksej Pokusevski,10:56
0,.000,4,30.769,4,,110,0,2,40.0,5,.385,5.0,55.6,9.0,13,4,.800,5,38.462,Logos via Sports Logos.net / About logos,L,https://www.basketball-reference.com/boxscores/202012280OKC.html,Home,109,25:04,3,60.0,UTA,Rudy Gobert,Miye Oni,1:40,,,,,,,,,,,36:49,Donovan Mitchell,34:47,Bojan Bogdanović,34:44,Royce O'Neale,33:59,Mike Conley,32:22,Jordan Clarkson,25:42,Joe Ingles,20:23,Derrick Favors,11:10,Georges Niang,8:23,110,0,14,10.0,71.4,0.0,0.0,4.0,28.6,George Hill,1,1,2020-2021,1.0,0,5.0,OKC,109,Shai Gilgeous-Alexander,,,,,,,,,,,,,36:25,Darius Bazley,33:21,Luguentz Dort,31:42,Al Horford,29:12,Hamidou Diallo,19:52,Théo Maledon,19:44,Mike Muscala,18:48,Aleksej Pokusevski,14:26,Kenrich Williams,11:26
2,.400,5,71.429,4,2.00,113,0,0,,3,.429,1.0,50.0,2.0,7,0,,0,0.000,Logos via Sports Logos.net / About logos,L,https://www.basketball-reference.com/boxscores/202012310OKC.html,Home,80,24:13,0,,NOP,Josh Hart,Jaxson Hayes,14:10,Kira Lewis Jr.,3:08,Sindarius Thornwell,3:08,,,,,,,34:20,Lonzo Ball,32:27,Steven Adams,31:27,Brandon Ingram,26:01,Eric Bledsoe,25:11,Nickeil Alexander-Walker,19:05,Zion Williamson,17:25,JJ Redick,17:01,Nicolò Melli,16:37,113,1,8,2.0,25.0,6.0,75.0,0.0,0.0,George Hill,33,0,2020-2021,0.0,2,0.0,OKC,80,Shai Gilgeous-Alexander,Josh Hall,10:19,Kenrich Williams,7:18,Moses Brown,3:08,,,,,,,28:30,Darius Bazley,26:44,Théo Maledon,26:21,Al Horford,24:13,Aleksej Pokusevski,20:42,Isaiah Roby,18:17,Hamidou Diallo,17:47,Luguentz Dort,16:51,Mike Muscala,15:37
3,.429,7,58.333,5,5.00,108,0,1,100.0,7,.583,4.0,80.0,5.0,12,1,1.000,1,8.333,Logos via Sports Logos.net / About logos,W,https://www.basketball-reference.com/boxscores/202101020ORL.html,Away,99,27:33,0,0.0,ORL,Nikola Vučević,,,,,,,,,,,,,34:58,Markelle Fultz,34:58,Michael Carter-Williams,31:09,Terrence Ross,30:49,Dwayne Bacon,29:57,Aaron Gordon,27:44,Gary Clark,18:04,Cole Anthony,17:07,Khem Birch,15:14,99,0,18,8.0,44.4,9.0,50.0,1.0,5.6,George Hill,9,2,2020-2021,2.0,1,1.0,OKC,108,Shai Gilgeous-Alexander,,,,,,,,,,,,,34:46,Darius Bazley,32:24,Luguentz Dort,30:11,Al Horford,27:46,Mike Muscala,20:14,Théo Maledon,19:21,Hamidou Diallo,18:55,Kenrich Williams,14:35,Aleksej Pokusevski,14:15
1,.333,3,60.000,2,,90,1,0,,1,.200,0.0,0.0,2.0,5,0,,0,0.000,Logos via Sports Logos.net / About logos,L,https://www.basketball-reference.com/boxscores/202101040MIA.html,Away,118,21:14,0,,MIA,Duncan Robinson,Kendrick Nunn,5:59,KZ Okpala,5:59,Maurice Harkless,5:48,Chris Silva,5:01,,,,,33:08,Tyler Herro,29:05,Bam Adebayo,28:24,Kelly Olynyk,27:30,Jimmy Butler,25:42,Goran Dragić,22:00,Precious Achiuwa,19:36,Avery Bradley,17:17,Andre Iguodala,14:31,118,0,3,0.0,0.0,3.0,100.0,0.0,0.0,George Hill,28,0,2020-2021,1.0,0,0.0,OKC,90,Shai Gilgeous-Alexander,Kenrich Williams,8:09,Darius Miller,7:18,Josh Hall,7:18,Moses Brown,5:48,,,,,27:51,Darius Bazley,25:55,Isaiah Roby,24:06,Luguentz Dort,23:34,Al Horford,21:14,Justin Jackson,18:58,Théo Maledon,17:45,Hamidou Diallo,17:08,Mike Muscala,13:42
3,.429,7,77.778,4,4.00,111,0,2,66.7,4,.444,1.0,50.0,2.0,9,2,1.000,2,22.222,Logos via Sports Logos.net / About logos,W,https://www.basketball-reference.com/boxscores/202101060NOP.html,Away,110,27:12,1,33.3,NOP,Brandon Ingram,,,,,,,,,,,,,35:52,Lonzo Ball,35:52,Steven Adams,34:17,Zion Williamson,32:23,Josh Hart,27:45,Nickeil Alexander-Walker,26:46,Eric Bledsoe,25:04,Jaxson Hayes,13:43,JJ Redick,8:18,110,1,13,2.0,15.4,9.0,69.2,2.0,15.4,George Hill,1,2,2020-2021,2.0,1,3.0,OKC,111,Shai Gilgeous-Alexander,,,,,,,,,,,,,36:30,Darius Bazley,33:57,Luguentz Dort,30:51,Al Horford,27:12,Mike Muscala,20:48,Hamidou Diallo,20:48,Théo Maledon,19:12,Kenrich Williams,12:45,Isaiah Roby,10:43
0,.000,2,50.000,3,3.00,101,1,1,50.0,1,.250,1.0,50.0,2.0,4,2,1.000,2,50.000,Logos via Sports Logos.net / About logos,W,https://www.basketball-reference.com/boxscores/202101080NYK.html,Away,89,28:28,1,50.0,NYK,RJ Barrett,,,,,,,,,,,,,44:14,Austin Rivers,32:08,Julius Randle,30:42,Elfrid Payton,30:38,Mitchell Robinson,26:43,Reggie Bullock,24:24,Kevin Knox,22:29,Immanuel Quickley,17:22,Nerlens Noel,11:20,89,4,4,2.0,50.0,0.0,0.0,2.0,50.0,George Hill,12,0,2020-2021,1.0,1,2.0,OKC,101,Shai Gilgeous-Alexander,Isaiah Roby,4:09,,,,,,,,,,,34:29,Luguentz Dort,29:27,Hamidou Diallo,29:03,Al Horford,28:58,Darius Bazley,23:23,Théo Maledon,22:14,Aleksej Pokusevski,18:33,Mike Muscala,14:53,Kenrich Williams,6:23
2,.333,6,50.000,3,3.00,129,0,0,,6,.500,4.0,66.7,6.0,12,0,,0,0.000,Logos via Sports Logos.net / About logos,W,https://www.basketball-reference.com/boxscores/202101100BRK.html,Away,116,28:05,0,,BRK,Kevin Durant,Bruce Brown,4:47,Rodions Kurucs,2:15,,,,,,,,,37:40,Caris LeVert,35:32,Jarrett Allen,33:05,Joe Harris,31:41,Jeff Green,24:38,Taurean Prince,23:45,Timothé Luwawu-Cabarrot,20:43,Landry Shamet,15:28,DeAndre Jordan,10:26,116,1,14,8.0,57.1,6.0,42.9,0.0,0.0,George Hill,13,2,2020-2021,2.0,1,0.0,OKC,129,Shai Gilgeous-Alexander,Moses Brown,0:56,,,,,,,,,,,36:01,Darius Bazley,33:19,Al Horford,27:47,Luguentz Dort,25:23,Hamidou Diallo,23:53,Isaiah Roby,19:17,Théo Maledon,18:39,Aleksej Pokusevski,13:38,Kenrich Williams,13:02
0,.000,1,25.000,5,2.50,112,0,5,100.0,3,.750,3.0,100.0,3.0,4,6,1.000,6,150.000,Logos via Sports Logos.net / About logos,L,https://www.basketball-reference.com/boxscores/202101120OKC.html,Home,102,28:01,0,0.0,SAS,Keldon Johnson,,,,,,,,,,,,,38:31,Lonnie Walker IV,35:35,LaMarcus Aldridge,31:34,Dejounte Murray,31:23,Patty Mills,25:22,Devin Vassell,21:38,Rudy Gay,21:13,Trey Lyles,18:18,Jakob Poeltl,16:26,112,2,12,6.0,50.0,0.0,0.0,6.0,50.0,George Hill,10,0,2020-2021,0.0,2,5.0,OKC,102,Shai Gilgeous-Alexander,Justin Jackson,4:11,Kenrich Williams,3:26,Darius Miller,0:02,,,,,,,33:29,Darius Bazley,32:43,Al Horford,28:56,Luguentz Dort,27:02,Hamidou Diallo,21:13,Mike Muscala,16:34,Aleksej Pokusevski,15:36,Théo Maledon,15:13,Isaiah Roby,13:34
0,.000,1,12.500,2,,128,0,2,100.0,4,.500,4.0,57.1,7.0,8,2,1.000,2,25.000,Logos via Sports Logos.net / About logos,L,https://www.basketball-reference.com/boxscores/202101130OKC.html,Home,99,21:35,0,0.0,LAL,Dennis Schröder,Talen Horton-Tucker,13:24,Quinn Cook,5:59,Alfonzo McKinnie,5:10,,,,,,,31:57,LeBron James,27:29,Montrezl Harrell,24:55,Anthony Davis,24:37,Markieff Morris,23:27,Marc Gasol,23:01,Alex Caruso,22:07,Kentavious Caldwell-Pope,19:54,Kyle Kuzma,18:00,128,0,10,8.0,80.0,0.0,0.0,2.0,20.0,George Hill,29,2,2020-2021,2.0,0,2.0,OKC,99,Shai Gilgeous-Alexander,Josh Hall,7:09,Moses Brown,5:59,Justin Jackson,5:10,,,,,,,27:16,Théo Maledon,25:47,Luguentz Dort,24:39,Darius Bazley,24:35,Isaiah Roby,24:09,Aleksej Pokusevski,20:44,Hamidou Diallo,20:17,Mike Muscala,18:04,Kenrich Williams,14:36
0,.000,5,45.455,3,,125,0,1,50.0,3,.273,3.0,50.0,6.0,11,2,.500,4,36.364,Logos via Sports Logos.net / About logos,W,https://www.basketball-reference.com/boxscores/202101150OKC.html,Home,127,32:53,1,50.0,CHI,Coby White,,,,,,,,,,,,,44:24,Zach LaVine,42:31,Patrick Williams,35:59,Lauri Markkanen,35:01,Wendell Carter Jr.,32:54,Otto Porter Jr.,25:08,Garrett Temple,20:12,Denzel Valentine,15:26,Thaddeus Young,13:25,125,1,8,6.0,75.0,0.0,0.0,2.0,25.0,George Hill,2,0,2020-2021,0.0,0,2.0,OKC,127,Shai Gilgeous-Alexander,,,,,,,,,,,,,43:31,Luguentz Dort,39:47,Darius Bazley,27:33,Kenrich Williams,27:18,Mike Muscala,27:03,Isaiah Roby,25:41,Théo Maledon,14:51,Hamidou Diallo,13:59,Aleksej Pokusevski,12:24
2,.667,3,60.000,2,2.00,101,0,0,,2,.400,0.0,0.0,2.0,5,0,,0,0.000,Logos via Sports Logos.net / About logos,L,https://www.basketball-reference.com/boxscores/202101190DEN.html,Away,119,21:59,0,,DEN,Nikola Jokić,Isaiah Hartenstein,12:55,R.J. Hampton,6:39,Bol Bol,6:37,Zeke Nnaji,5:01,Vlatko Čančar,4:21,Markus Howard,3:41,28:24,Paul Millsap,26:22,Gary Harris,25:37,Will Barton,24:37,Monte Morris,21:29,Jamal Murray,20:35,PJ Dozier,19:02,Facundo Campazzo,18:00,JaMychal Green,16:37,119,0,6,0.0,0.0,6.0,100.0,0.0,0.0,George Hill,18,0,2020-2021,0.0,1,0.0,OKC,101,Shai Gilgeous-Alexander,Justin Jackson,7:20,Darius Miller,6:37,Kenrich Williams,6:08,Moses Brown,5:40,,,,,27:13,Isaiah Roby,26:11,Luguentz Dort,24:35,Aleksej Pokusevski,24:17,Darius Bazley,23:43,Théo Maledon,20:30,Hamidou Diallo,18:41,Mike Muscala,14:02,Josh Hall,13:03
2,.400,5,55.556,1,0.50,106,0,4,80.0,5,.556,3.0,75.0,4.0,9,0,,0,0.000,Logos via Sports Logos.net / About logos,L,https://www.basketball-reference.com/boxscores/202101220LAC.html,Away,120,29:58,1,20.0,LAC,Kawhi Leonard,Daniel Oturu,0:51,Mfiondu Kabengele,0:51,Terance Mann,0:51,,,,,,,37:08,Paul George,34:42,Nicolas Batum,33:11,Patrick Beverley,29:39,Serge Ibaka,27:40,Marcus Morris,24:15,Lou Williams,20:24,Luke Kennard,15:34,Ivica Zubac,14:54,120,0,12,6.0,50.0,6.0,50.0,0.0,0.0,George Hill,14,0,2020-2021,0.0,2,5.0,OKC,106,Shai Gilgeous-Alexander,,,,,,,,,,,,,38:37,Darius Bazley,33:22,Luguentz Dort,31:55,Isaiah Roby,27:37,Hamidou Diallo,19:24,Théo Maledon,19:19,Mike Muscala,15:42,Aleksej Pokusevski,14:43,Kenrich Williams,9:23
3,.750,4,33.333,2,,100,0,0,,9,.750,6.0,75.0,8.0,12,1,1.000,1,8.333,Logos via Sports Logos.net / About logos,L,https://www.basketball-reference.com/boxscores/202101240LAC.html,Away,108,28:17,0,,LAC,Kawhi Leonard,Patrick Patterson,12:12,Terance Mann,4:25,Amir Coffey,0:17,,,,,,,36:29,Nicolas Batum,35:48,Paul George,33:01,Luke Kennard,24:24,Ivica Zubac,24:02,Serge Ibaka,22:22,Reggie Jackson,19:43,Lou Williams,14:14,Patrick Beverley,13:03,108,0,22,12.0,54.5,9.0,40.9,1.0,4.5,George Hill,8,2,2020-2021,2.0,0,0.0,OKC,100,Shai Gilgeous-Alexander,,,,,,,,,,,,,36:43,Luguentz Dort,30:52,Darius Bazley,28:59,Isaiah Roby,26:03,Mike Muscala,21:57,Hamidou Diallo,19:43,Aleksej Pokusevski,17:08,Théo Maledon,16:47,Kenrich Williams,13:31
0,.000,1,20.000,2,1.00,107,2,1,50.0,1,.200,1.0,25.0,4.0,5,0,,0,0.000,Logos via Sports Logos.net / About logos,L,https://www.basketball-reference.com/boxscores/202104190PHI.html,Home,96,17:30,1,50.0,GSW,Andrew Wiggins,Gary Payton II,0:18,Alen Smailagić,0:18,Nico Mannion,0:09,,,,,,,41:35,Stephen Curry,36:55,Kevon Looney,33:41,Damion Lee,31:31,Draymond Green,30:53,Kelly Oubre Jr.,21:55,Jordan Poole,17:21,Kent Bazemore,14:11,Mychal Mulder,11:13,107,0,2,2.0,100.0,0.0,0.0,0.0,0.0,George Hill,11,0,2020-2021,2.0,2,2.0,PHI,96,Seth Curry,Rayjon Tucker,0:29,Isaiah Joe,0:29,,,,,,,,,35:10,Danny Green,32:41,Joel Embiid,32:28,Matisse Thybulle,31:13,Furkan Korkmaz,25:11,Shake Milton,19:52,Tyrese Maxey,16:11,Dwight Howard,14:45,Mike Scott,14:01
2,1.000,2,40.000,2,,116,1,1,100.0,4,.800,2.0,66.7,3.0,5,1,.333,3,60.000,Logos via Sports Logos.net / About logos,L,https://www.basketball-reference.com/boxscores/202104210PHI.html,Home,113,23:07,0,0.0,PHO,Mikal Bridges,Jae Crowder,13:20,,,,,,,,,,,36:57,Chris Paul,33:55,Cameron Johnson,30:01,Devin Booker,29:59,Deandre Ayton,29:28,Dario Šarić,18:27,Torrey Craig,17:19,Jevon Carter,16:29,Cameron Payne,14:05,116,4,11,4.0,36.4,6.0,54.5,1.0,9.1,George Hill,3,0,2020-2021,1.0,0,1.0,PHI,113,Matisse Thybulle,,,,,,,,,,,,,35:44,Danny Green,34:29,Joel Embiid,32:36,Tyrese Maxey,31:29,Shake Milton,24:12,Mike Scott,21:36,Furkan Korkmaz,21:23,Dwight Howard,15:24,,
0,,0,0.000,0,0.00,117,0,3,75.0,3,.750,3.0,75.0,4.0,4,0,,0,0.000,Logos via Sports Logos.net / About logos,L,https://www.basketball-reference.com/boxscores/202104220MIL.html,Away,124,21:08,1,25.0,MIL,Giannis Antetokounmpo,Thanasis Antetokounmpo,1:06,Sam Merrill,1:06,Jordan Nwora,1:06,,,,,,,35:26,Jrue Holiday,34:30,Khris Middleton,33:30,Donte DiVincenzo,25:51,Brook Lopez,23:11,Pat Connaughton,22:50,P.J. Tucker,22:50,Bobby Portis,22:35,Bryn Forbes,15:59,124,0,6,6.0,100.0,0.0,0.0,0.0,0.0,George Hill,7,0,2020-2021,0.0,1,4.0,PHI,117,Tobias Harris,Anthony Tolliver,4:23,Paul Reed,3:31,Rayjon Tucker,3:31,Isaiah Joe,3:31,,,,,29:57,Joel Embiid,26:50,Shake Milton,26:20,Seth Curry,25:42,Matisse Thybulle,24:50,Mike Scott,22:01,Tyrese Maxey,19:19,Danny Green,14:50,Dwight Howard,14:07
0,.000,1,16.667,1,0.50,94,0,1,100.0,2,.333,2.0,40.0,5.0,6,2,1.000,2,33.333,Logos via Sports Logos.net / About logos,L,https://www.basketball-reference.com/boxscores/202104240MIL.html,Away,132,16:56,0,0.0,MIL,Jrue Holiday,Jeff Teague,15:11,Thanasis Antetokounmpo,10:33,Jordan Nwora,8:33,Mamadi Diakite,6:58,Sam Merrill,5:55,Rodions Kurucs,3:52,27:12,Giannis Antetokounmpo,23:43,Pat Connaughton,22:47,Donte DiVincenzo,21:52,Khris Middleton,19:57,Bobby Portis,19:18,Brook Lopez,18:27,P.J. Tucker,18:10,Bryn Forbes,17:32,132,0,6,4.0,66.7,0.0,0.0,2.0,33.3,George Hill,38,1,2020-2021,1.0,2,1.0,PHI,94,Shake Milton,Rayjon Tucker,6:10,Mason Jones,5:55,Isaiah Joe,5:55,,,,,,,26:42,Tobias Harris,25:52,Seth Curry,25:02,Dwight Howard,24:57,Matisse Thybulle,23:31,Tyrese Maxey,21:29,Anthony Tolliver,21:26,Danny Green,21:01,Mike Scott,15:04
0,,0,0.000,3,1.50,90,0,0,0.0,1,.500,1.0,50.0,2.0,2,0,,0,0.000,Logos via Sports Logos.net / About logos,W,https://www.basketball-reference.com/boxscores/202104260PHI.html,Home,121,14:01,1,100.0,OKC,Ty Jerome,Charlie Brown Jr.,11:32,,,,,,,,,,,30:59,Darius Bazley,30:45,Aleksej Pokusevski,29:38,Moses Brown,27:19,Kenrich Williams,26:04,Svi Mykhailiuk,24:28,Théo Maledon,22:13,Isaiah Roby,21:12,Jaylen Hoard,15:50,90,1,2,2.0,100.0,0.0,0.0,0.0,0.0,George Hill,31,2,2020-2021,2.0,2,1.0,PHI,121,Tobias Harris,Tyrese Maxey,12:00,Paul Reed,10:23,Isaiah Joe,10:05,Rayjon Tucker,8:08,Mason Jones,5:56,,,25:26,Seth Curry,23:54,Joel Embiid,22:59,Ben Simmons,22:37,Furkan Korkmaz,20:31,Matisse Thybulle,18:08,Anthony Tolliver,16:38,Dwight Howard,14:38,Shake Milton,14:36
1,.250,4,57.143,3,3.00,83,0,6,100.0,3,.429,2.0,66.7,3.0,7,0,.000,1,14.286,Logos via Sports Logos.net / About logos,W,https://www.basketball-reference.com/boxscores/202104280PHI.html,Home,127,22:00,0,0.0,ATL,Brandon Goodwin,Nathan Knight,9:46,Bruno Fernando,8:15,,,,,,,,,32:15,Lou Williams,30:57,Solomon Hill,30:17,John Collins,28:55,Clint Capela,24:18,Skylar Mays,22:31,Danilo Gallinari,21:50,Onyeka Okongwu,16:06,Kris Dunn,14:50,83,1,7,4.0,57.1,3.0,42.9,0.0,0.0,George Hill,44,0,2020-2021,0.0,1,6.0,PHI,127,Tobias Harris,Shake Milton,13:27,Mike Scott,8:44,Paul Reed,6:33,Isaiah Joe,5:39,Anthony Tolliver,5:39,,,25:40,Seth Curry,25:38,Joel Embiid,25:09,Danny Green,25:09,Matisse Thybulle,16:40,Furkan Korkmaz,16:21,Ben Simmons,15:42,Dwight Howard,14:07,Tyrese Maxey,13:32
0,.000,1,16.667,2,2.00,104,0,2,40.0,0,.000,0.0,0.0,5.0,6,4,1.000,4,66.667,Logos via Sports Logos.net / About logos,W,https://www.basketball-reference.com/boxscores/202104300PHI.html,Home,126,19:43,3,60.0,ATL,Solomon Hill,Brandon Goodwin,8:54,Bruno Fernando,6:23,Skylar Mays,5:54,Nathan Knight,5:54,,,,,35:35,Trae Young,28:14,John Collins,26:10,Danilo Gallinari,24:28,Tony Snell,24:00,Lou Williams,22:10,Onyeka Okongwu,21:33,Clint Capela,16:53,Kris Dunn,13:52,104,0,4,0.0,0.0,0.0,0.0,4.0,100.0,George Hill,22,0,2020-2021,0.0,1,5.0,PHI,126,Ben Simmons,Tyrese Maxey,5:54,Mike Scott,5:21,Paul Reed,3:23,Isaiah Joe,3:23,Anthony Tolliver,2:50,,,26:40,Joel Embiid,24:49,Tobias Harris,23:44,Seth Curry,23:44,Matisse Thybulle,22:57,Shake Milton,21:56,Danny Green,20:48,Furkan Korkmaz,17:27,Dwight Howard,17:21
0,,0,0.000,1,,113,0,1,50.0,1,.333,1.0,33.3,3.0,3,3,.750,4,133.333,Logos via Sports Logos.net / About logos,W,https://www.basketball-reference.com/boxscores/202105020SAS.html,Away,111,19:13,1,50.0,SAS,Keldon Johnson,Keita Bates-Diop,15:01,,,,,,,,,,,37:59,Rudy Gay,36:16,Gorgui Dieng,31:29,Lonnie Walker IV,31:27,Patty Mills,31:20,Devin Vassell,22:44,Tre Jones,21:40,Drew Eubanks,21:31,Luka Šamanić,15:33,111,0,5,2.0,40.0,0.0,0.0,3.0,60.0,George Hill,2,0,2020-2021,0.0,0,2.0,PHI,113,Tobias Harris,,,,,,,,,,,,,36:08,Seth Curry,35:23,Ben Simmons,34:46,Joel Embiid,34:37,Danny Green,34:04,Matisse Thybulle,20:59,Dwight Howard,18:23,Shake Milton,17:57,Furkan Korkmaz,13:30
0,.000,1,33.333,1,0.33,106,0,2,100.0,2,.667,2.0,100.0,2.0,3,1,.500,2,66.667,Logos via Sports Logos.net / About logos,W,https://www.basketball-reference.com/boxscores/202105030CHI.html,Away,94,13:20,0,0.0,CHI,Daniel Theis,Javonte Green,11:13,Ryan Arcidiacono,4:37,,,,,,,,,40:11,Coby White,28:48,Thaddeus Young,27:43,Patrick Williams,27:40,Garrett Temple,27:30,Tomáš Satoranský,22:39,Lauri Markkanen,16:48,Denzel Valentine,16:33,Al-Farouq Aminu,16:18,94,1,5,4.0,80.0,0.0,0.0,1.0,20.0,George Hill,12,0,2020-2021,0.0,3,2.0,PHI,106,Seth Curry,Furkan Korkmaz,4:37,Tyrese Maxey,2:23,,,,,,,,,35:10,Tobias Harris,34:37,Ben Simmons,33:26,Joel Embiid,32:57,Danny Green,28:43,Matisse Thybulle,20:16,Shake Milton,14:34,Dwight Howard,14:28,Mike Scott,5:29
0,,0,0.000,4,,135,0,1,100.0,1,.500,1.0,50.0,2.0,2,0,,0,0.000,Logos via Sports Logos.net / About logos,W,https://www.basketball-reference.com/boxscores/202105050HOU.html,Away,115,18:52,0,0.0,HOU,KJ Martin,,,,,,,,,,,,,44:26,DaQuan Jeffries,40:58,Kelly Olynyk,39:29,Anthony Lamb,35:49,Armoni Brooks,30:57,Avery Bradley,25:19,Kevin Porter Jr.,23:02,,,,,115,3,2,2.0,100.0,0.0,0.0,0.0,0.0,George Hill,20,3,2020-2021,3.0,0,1.0,PHI,135,Tobias Harris,Isaiah Joe,6:34,Mike Scott,5:56,Paul Reed,4:39,Anthony Tolliver,1:30,,,,,26:26,Joel Embiid,24:38,Ben Simmons,24:29,Danny Green,23:33,Shake Milton,23:13,Tyrese Maxey,22:10,Seth Curry,21:56,Matisse Thybulle,20:26,Dwight Howard,15:38
1,.333,3,42.857,0,0.00,107,0,2,100.0,4,.571,3.0,75.0,4.0,7,2,1.000,2,28.571,Logos via Sports Logos.net / About logos,W,https://www.basketball-reference.com/boxscores/202105070PHI.html,Home,109,16:46,0,0.0,NOP,Eric Bledsoe,,,,,,,,,,,,,40:05,Lonzo Ball,34:26,Naji Marshall,26:49,James Johnson,26:28,Jaxson Hayes,23:51,Willy Hernangómez,23:49,Wes Iwundu,21:35,Kira Lewis Jr.,21:29,Wenyen Gabriel,21:28,107,1,11,6.0,54.5,3.0,27.3,2.0,18.2,George Hill,2,0,2020-2021,0.0,1,2.0,PHI,109,Tobias Harris,,,,,,,,,,,,,36:00,Ben Simmons,33:32,Joel Embiid,33:01,Seth Curry,32:25,Danny Green,31:19,Shake Milton,15:30,Dwight Howard,14:59,Matisse Thybulle,14:28,Mike Scott,12:00
1,.333,3,42.857,2,0.67,104,0,1,50.0,2,.286,1.0,25.0,4.0,7,0,,0,0.000,Logos via Sports Logos.net / About logos,W,https://www.basketball-reference.com/boxscores/202105080PHI.html,Home,118,23:44,1,50.0,DET,Mason Plumlee,Frank Jackson,19:50,Saben Lee,10:57,Jahlil Okafor,3:16,Tyler Cook,1:54,,,,,24:34,Saddiq Bey,24:00,Jerami Grant,24:00,Wayne Ellington,24:00,Deividas Sirvydis,24:00,Sekou Doumbouya,22:06,Killian Hayes,21:22,Isaiah Stewart,20:10,Cory Joseph,19:51,104,2,5,2.0,40.0,3.0,60.0,0.0,0.0,George Hill,14,1,2020-2021,1.0,3,2.0,PHI,118,Tyrese Maxey,Paul Reed,2:43,Rayjon Tucker,1:53,,,,,,,,,35:13,Danny Green,31:32,Tobias Harris,29:57,Shake Milton,25:47,Joel Embiid,22:51,Dwight Howard,22:26,Matisse Thybulle,19:15,Mike Scott,18:03,Isaiah Joe,6:36
0,.000,1,16.667,3,3.00,94,0,1,100.0,3,.500,3.0,60.0,5.0,6,2,.667,3,50.000,Logos via Sports Logos.net / About logos,L,https://www.basketball-reference.com/boxscores/202105110IND.html,Away,103,19:17,0,0.0,IND,Domantas Sabonis,JaKarr Sampson,3:56,,,,,,,,,,,39:59,Caris LeVert,39:47,Justin Holiday,32:22,Oshae Brissett,28:49,Doug McDermott,28:21,T.J. McConnell,25:30,Kelan Martin,18:37,Goga Bitadze,17:30,Cassius Stanley,5:09,103,2,8,6.0,75.0,0.0,0.0,2.0,25.0,George Hill,9,2,2020-2021,2.0,1,1.0,PHI,94,Ben Simmons,,,,,,,,,,,,,36:45,Seth Curry,34:33,Tobias Harris,34:09,Danny Green,29:01,Mike Scott,26:23,Dwight Howard,21:20,Tyrese Maxey,16:34,Anthony Tolliver,11:28,Isaiah Joe,10:30
0,,0,0.000,1,1.00,94,0,1,100.0,1,.333,1.0,33.3,3.0,3,3,1.000,3,100.000,Logos via Sports Logos.net / About logos,L,https://www.basketball-reference.com/boxscores/202105130MIA.html,Away,106,17:14,0,0.0,MIA,Bam Adebayo,Udonis Haslem,2:40,Precious Achiuwa,1:43,KZ Okpala,1:43,Max Strus,1:43,Gabe Vincent,1:43,,,34:36,Trevor Ariza,34:05,Jimmy Butler,29:22,Tyler Herro,29:18,Duncan Robinson,26:05,Goran Dragić,23:12,Andre Iguodala,23:11,Kendrick Nunn,21:38,Dewayne Dedmon,9:01,106,1,5,2.0,40.0,0.0,0.0,3.0,60.0,George Hill,12,1,2020-2021,1.0,1,1.0,PHI,94,Tobias Harris,Isaiah Joe,6:26,Mike Scott,5:51,Paul Reed,3:52,Anthony Tolliver,1:43,,,,,30:14,Ben Simmons,26:08,Joel Embiid,25:19,Seth Curry,25:16,Shake Milton,23:10,Furkan Korkmaz,21:28,Danny Green,20:06,Tyrese Maxey,17:17,Dwight Howard,15:56
1,.500,2,40.000,1,1.00,97,0,0,,1,.200,0.0,0.0,3.0,5,0,,0,0.000,Logos via Sports Logos.net / About logos,W,https://www.basketball-reference.com/boxscores/202105140PHI.html,Home,122,17:41,0,,ORL,Ignas Brazdeikis,Gary Harris,15:25,Donta Hall,7:24,,,,,,,,,31:30,Chasson Randle,30:25,R.J. Hampton,29:37,Sindarius Thornwell,26:10,Dwayne Bacon,21:50,Wendell Carter Jr.,21:29,Cole Anthony,20:33,Mo Bamba,19:07,Moritz Wagner,16:30,97,3,3,0.0,0.0,3.0,100.0,0.0,0.0,George Hill,25,0,2020-2021,0.0,1,0.0,PHI,122,Ben Simmons,Isaiah Joe,6:58,Paul Reed,6:58,Anthony Tolliver,6:18,Gary Clark,3:57,,,,,26:27,Tobias Harris,25:37,Seth Curry,23:08,Tyrese Maxey,22:53,Joel Embiid,22:35,Danny Green,21:28,Furkan Korkmaz,20:41,Mike Scott,17:46,Shake Milton,17:33
3,.750,4,66.667,4,,117,0,1,100.0,5,.833,2.0,100.0,2.0,6,1,1.000,1,16.667,Logos via Sports Logos.net / About logos,W,https://www.basketball-reference.com/boxscores/202105160PHI.html,Home,128,22:28,0,0.0,ORL,Cole Anthony,,,,,,,,,,,,,37:50,Moritz Wagner,34:38,Ignas Brazdeikis,34:02,Dwayne Bacon,27:05,Donta Hall,25:05,Chasson Randle,25:05,Mo Bamba,22:55,Sindarius Thornwell,19:07,Gary Harris,14:13,117,0,14,4.0,28.6,9.0,64.3,1.0,7.1,George Hill,11,1,2020-2021,1.0,0,1.0,PHI,128,Tyrese Maxey,Gary Clark,8:50,,,,,,,,,,,34:52,Isaiah Joe,33:16,Shake Milton,25:36,Mike Scott,25:10,Paul Reed,23:32,Furkan Korkmaz,18:41,Rayjon Tucker,17:39,Dwight Howard,17:03,Anthony Tolliver,12:53
1,.333,3,37.500,2,,118,0,1,50.0,5,.625,4.0,80.0,5.0,8,0,,0,0.000,Logos via Sports Logos.net / About logos,W,https://www.basketball-reference.com/boxscores/202105230PHI.html,Home,125,18:25,1,50.0,WAS,Russell Westbrook,,,,,,,,,,,,,42:41,Bradley Beal,40:59,Rui Hachimura,36:08,Dāvis Bertāns,27:54,Ish Smith,22:34,Raul Neto,21:44,Daniel Gafford,20:01,Alex Len,16:11,Robin Lopez,11:48,118,3,11,8.0,72.7,3.0,27.3,0.0,0.0,George Hill,7,0,2020-2021,0.0,0,2.0,PHI,125,Ben Simmons,Furkan Korkmaz,4:53,,,,,,,,,,,38:05,Tobias Harris,37:02,Seth Curry,32:08,Danny Green,31:21,Joel Embiid,29:46,Dwight Howard,18:14,Matisse Thybulle,13:46,Shake Milton,9:39,Tyrese Maxey,6:41
1,1.000,1,20.000,2,2.00,95,0,1,100.0,2,.400,1.0,25.0,4.0,5,2,1.000,2,40.000,Logos via Sports Logos.net / About logos,W,https://www.basketball-reference.com/boxscores/202105260PHI.html,Home,120,22:40,0,0.0,WAS,Bradley Beal,Robin Lopez,10:15,Anthony Gill,7:58,Garrison Mathews,7:58,Cassius Winston,5:29,Isaac Bonga,3:45,,,34:36,Russell Westbrook,29:07,Rui Hachimura,25:50,Dāvis Bertāns,23:44,Ish Smith,23:20,Daniel Gafford,20:00,Raul Neto,19:19,Chandler Hutchison,16:28,Alex Len,12:11,95,4,7,2.0,28.6,3.0,42.9,2.0,28.6,George Hill,25,1,2020-2021,1.0,1,1.0,PHI,120,Ben Simmons,Shake Milton,13:30,Mike Scott,5:29,Paul Reed,5:06,Isaiah Joe,3:20,Anthony Tolliver,1:44,,,28:34,Joel Embiid,26:17,Tobias Harris,23:17,Seth Curry,23:05,Danny Green,21:44,Matisse Thybulle,19:54,Dwight Howard,15:57,Furkan Korkmaz,15:42,Tyrese Maxey,13:41
1,1.000,1,50.000,2,1.00,132,1,2,100.0,2,1.000,1.0,100.0,1.0,2,0,,0,0.000,Logos via Sports Logos.net / About logos,W,https://www.basketball-reference.com/boxscores/202105290WAS.html,Away,103,18:09,0,0.0,WAS,Bradley Beal,Alex Len,10:45,Garrison Mathews,6:10,Isaac Bonga,3:44,,,,,,,37:21,Russell Westbrook,34:11,Dāvis Bertāns,31:17,Rui Hachimura,27:03,Daniel Gafford,22:23,Ish Smith,20:15,Raul Neto,20:06,Robin Lopez,14:52,Anthony Gill,11:53,103,3,5,2.0,40.0,3.0,60.0,0.0,0.0,George Hill,29,0,2020-2021,1.0,2,2.0,PHI,132,Tobias Harris,Furkan Korkmaz,9:20,Mike Scott,6:10,Paul Reed,3:44,Isaiah Joe,3:36,,,,,31:41,Ben Simmons,30:16,Joel Embiid,27:54,Seth Curry,27:18,Danny Green,25:45,Matisse Thybulle,18:20,Dwight Howard,16:02,Tyrese Maxey,11:15,Shake Milton,10:30
3,.600,5,100.000,2,2.00,114,0,0,0.0,3,.600,0.0,,0.0,5,5,.833,6,120.000,Logos via Sports Logos.net / About logos,L,https://www.basketball-reference.com/boxscores/202105310WAS.html,Away,122,22:18,1,100.0,WAS,Bradley Beal,Alex Len,1:23,Isaac Bonga,0:21,,,,,,,,,42:51,Russell Westbrook,42:15,Rui Hachimura,41:32,Daniel Gafford,26:00,Dāvis Bertāns,23:02,Raul Neto,21:40,Ish Smith,19:31,Robin Lopez,18:59,Anthony Gill,2:26,122,1,14,0.0,0.0,9.0,64.3,5.0,35.7,George Hill,8,0,2020-2021,0.0,1,1.0,PHI,114,Tobias Harris,Furkan Korkmaz,11:17,Shake Milton,7:03,,,,,,,,,37:26,Danny Green,30:57,Seth Curry,28:06,Ben Simmons,24:31,Tyrese Maxey,21:34,Mike Scott,16:37,Matisse Thybulle,15:08,Dwight Howard,13:39,Joel Embiid,11:24
0,,0,,2,2.00,112,0,1,50.0,0,,0.0,,0.0,0,2,1.000,2,,Logos via Sports Logos.net / About logos,W,https://www.basketball-reference.com/boxscores/202106020PHI.html,Home,129,14:07,1,50.0,WAS,Rui Hachimura,Chandler Hutchison,1:40,Isaac Bonga,1:40,Alex Len,1:40,,,,,,,42:39,Bradley Beal,39:41,Russell Westbrook,37:56,Raul Neto,29:36,Daniel Gafford,28:44,Ish Smith,25:37,Robin Lopez,17:10,Anthony Gill,10:37,Garrison Mathews,3:00,112,1,2,0.0,0.0,0.0,0.0,2.0,100.0,George Hill,17,1,2020-2021,1.0,1,2.0,PHI,129,Ben Simmons,Mike Scott,5:01,Rayjon Tucker,1:40,Isaiah Joe,1:40,Paul Reed,1:40,,,,,39:00,Tobias Harris,36:39,Seth Curry,30:58,Danny Green,29:13,Tyrese Maxey,26:28,Matisse Thybulle,16:27,Dwight Howard,15:58,Furkan Korkmaz,14:23,Shake Milton,6:46
0,.000,1,50.000,0,0.00,128,0,0,0.0,0,.000,0.0,0.0,1.0,2,0,,0,0.000,Logos via Sports Logos.net / About logos,L,https://www.basketball-reference.com/boxscores/202106060PHI.html,Home,124,10:30,1,100.0,ATL,Trae Young,Tony Snell,3:55,,,,,,,,,,,39:01,Bogdan Bogdanović,36:03,John Collins,33:52,Clint Capela,32:27,Kevin Huerter,28:50,Solomon Hill,25:00,Danilo Gallinari,17:53,Onyeka Okongwu,11:54,Lou Williams,11:05,128,1,0,0.0,,0.0,,0.0,,George Hill,4,0,2020-2021,0.0,1,1.0,PHI,124,Joel Embiid,Shake Milton,0:38,,,,,,,,,,,38:03,Ben Simmons,37:13,Seth Curry,36:23,Tobias Harris,35:52,Danny Green,29:55,Matisse Thybulle,18:35,Tyrese Maxey,13:46,Furkan Korkmaz,10:54,Dwight Howard,8:11
0,,0,0.000,2,,102,1,1,100.0,2,.500,2.0,50.0,4.0,4,0,,0,0.000,Logos via Sports Logos.net / About logos,W,https://www.basketball-reference.com/boxscores/202106080PHI.html,Home,118,18:34,0,0.0,ATL,Bogdan Bogdanović,Tony Snell,2:43,Nathan Knight,1:38,Bruno Fernando,1:38,Skylar Mays,1:38,,,,,41:14,Trae Young,37:50,Kevin Huerter,35:38,John Collins,34:50,Clint Capela,27:38,Danilo Gallinari,26:02,Lou Williams,15:09,Solomon Hill,8:10,Onyeka Okongwu,5:52,102,0,4,4.0,100.0,0.0,0.0,0.0,0.0,George Hill,16,2,2020-2021,3.0,0,1.0,PHI,118,Tobias Harris,Tyrese Maxey,5:06,Mike Scott,1:03,,,,,,,,,36:49,Joel Embiid,34:40,Ben Simmons,34:31,Seth Curry,28:52,Danny Green,25:50,Matisse Thybulle,23:38,Shake Milton,14:15,Dwight Howard,10:42,Furkan Korkmaz,6:00
1,1.000,1,33.333,2,1.00,127,1,0,0.0,1,.333,0.0,0.0,2.0,3,0,.000,2,66.667,Logos via Sports Logos.net / About logos,W,https://www.basketball-reference.com/boxscores/202106110ATL.html,Away,111,13:25,1,100.0,ATL,Bogdan Bogdanović,Onyeka Okongwu,8:51,Bruno Fernando,0:50,Skylar Mays,0:50,,,,,,,39:24,Trae Young,36:44,John Collins,33:08,Danilo Gallinari,29:37,Clint Capela,28:03,Kevin Huerter,23:14,Solomon Hill,14:13,Lou Williams,13:16,Tony Snell,11:50,111,0,3,0.0,0.0,3.0,100.0,0.0,0.0,George Hill,16,0,2020-2021,1.0,2,1.0,PHI,127,Tobias Harris,Danny Green,3:45,Isaiah Joe,0:50,,,,,,,,,38:27,Joel Embiid,33:55,Ben Simmons,33:48,Seth Curry,31:43,Furkan Korkmaz,27:25,Shake Milton,21:01,Matisse Thybulle,16:45,Dwight Howard,13:15,Tyrese Maxey,5:41
0,.000,1,33.333,1,1.00,100,0,2,100.0,1,.333,1.0,50.0,2.0,3,0,,0,0.000,Logos via Sports Logos.net / About logos,L,https://www.basketball-reference.com/boxscores/202106140ATL.html,Away,103,13:05,0,0.0,ATL,Bogdan Bogdanović,,,,,,,,,,,,,42:19,Trae Young,40:01,John Collins,36:32,Kevin Huerter,35:26,Clint Capela,35:21,Danilo Gallinari,22:42,Lou Williams,13:35,Tony Snell,7:43,Onyeka Okongwu,6:21,103,2,2,2.0,100.0,0.0,0.0,0.0,0.0,George Hill,3,1,2020-2021,1.0,1,2.0,PHI,100,Tobias Harris,,,,,,,,,,,,,38:49,Ben Simmons,36:29,Joel Embiid,36:15,Seth Curry,35:05,Furkan Korkmaz,25:06,Matisse Thybulle,21:19,Shake Milton,15:11,Dwight Howard,11:45,Tyrese Maxey,6:56
0,.000,2,40.000,1,,109,0,0,,1,.200,1.0,33.3,3.0,5,0,,0,0.000,Logos via Sports Logos.net / About logos,L,https://www.basketball-reference.com/boxscores/202106160PHI.html,Home,106,11:49,0,,ATL,Trae Young,Tony Snell,2:51,,,,,,,,,,,40:18,Clint Capela,37:58,John Collins,36:10,Danilo Gallinari,30:22,Kevin Huerter,27:29,Lou Williams,22:34,Bogdan Bogdanović,21:24,Solomon Hill,12:38,Onyeka Okongwu,8:16,109,0,2,2.0,100.0,0.0,0.0,0.0,0.0,George Hill,3,1,2020-2021,1.0,0,0.0,PHI,106,Joel Embiid,,,,,,,,,,,,,39:26,Ben Simmons,38:25,Tobias Harris,37:41,Seth Curry,37:33,Furkan Korkmaz,28:40,Matisse Thybulle,23:56,Shake Milton,12:36,Dwight Howard,8:34,Tyrese Maxey,1:20
1,.500,2,66.667,2,,104,0,2,100.0,1,.333,0.0,0.0,1.0,3,0,,0,0.000,Logos via Sports Logos.net / About logos,W,https://www.basketball-reference.com/boxscores/202106180ATL.html,Away,99,20:40,0,0.0,ATL,Kevin Huerter,,,,,,,,,,,,,44:13,Trae Young,40:11,Clint Capela,37:54,John Collins,37:09,Bogdan Bogdanović,28:37,Danilo Gallinari,23:23,Lou Williams,11:11,Onyeka Okongwu,9:46,Solomon Hill,7:36,99,3,3,0.0,0.0,3.0,100.0,0.0,0.0,George Hill,5,2,2020-2021,2.0,0,2.0,PHI,104,Tobias Harris,,,,,,,,,,,,,39:05,Seth Curry,39:04,Joel Embiid,38:14,Tyrese Maxey,29:28,Ben Simmons,25:27,Furkan Korkmaz,22:45,Matisse Thybulle,11:12,Dwight Howard,9:46,Shake Milton,4:19
0,.000,2,66.667,0,0.00,103,0,1,100.0,1,.333,1.0,100.0,1.0,3,1,1.000,1,33.333,Logos via Sports Logos.net / About logos,L,https://www.basketball-reference.com/boxscores/202106200PHI.html,Home,96,21:30,0,0.0,ATL,Trae Young,,,,,,,,,,,,,43:00,John Collins,41:13,Kevin Huerter,39:35,Clint Capela,32:21,Danilo Gallinari,30:26,Bogdan Bogdanović,21:27,Onyeka Okongwu,15:39,Lou Williams,11:19,Solomon Hill,5:00,103,0,3,2.0,66.7,0.0,0.0,1.0,33.3,George Hill,7,0,2020-2021,0.0,1,1.0,PHI,96,Tobias Harris,,,,,,,,,,,,,45:01,Joel Embiid,40:59,Ben Simmons,35:51,Seth Curry,30:56,Matisse Thybulle,20:46,Furkan Korkmaz,18:06,Tyrese Maxey,14:29,Dwight Howard,7:01,Shake Milton,5:21
0,.000,2,66.667,3,3.00,104,1,3,60.0,0,.000,0.0,0.0,1.0,3,1,.500,2,66.667,Logos via Sports Logos.net / About logos,W,https://www.basketball-reference.com/boxscores/202110190MIL.html,Home,127,23:21,2,40.0,BRK,Joe Harris,Paul Millsap,5:13,Cam Thomas,3:45,DeAndre' Bembry,3:45,Bruce Brown,3:45,,,,,30:46,James Harden,30:38,Kevin Durant,30:15,Patty Mills,29:22,Nic Claxton,24:10,Blake Griffin,22:59,James Johnson,20:43,Jevon Carter,18:57,LaMarcus Aldridge,15:42,104,5,1,0.0,0.0,0.0,0.0,1.0,100.0,George Hill,23,0,2021-2022,1.0,1,5.0,MIL,127,Giannis Antetokounmpo,Justin Robinson,4:01,Georgios Kalaitzakis,1:16,,,,,,,,,30:57,Khris Middleton,30:57,Pat Connaughton,29:58,Brook Lopez,28:10,Grayson Allen,27:43,Jordan Nwora,26:28,Jrue Holiday,17:43,Thanasis Antetokounmpo,12:24,Sandro Mamukelashvili,7:02
2,.500,4,57.143,2,2.00,95,0,2,100.0,3,.429,1.0,33.3,3.0,7,0,,0,0.000,Logos via Sports Logos.net / About logos,L,https://www.basketball-reference.com/boxscores/202110210MIA.html,Away,137,21:26,0,0.0,MIA,Jimmy Butler,Gabe Vincent,12:27,Omer Yurtseven,8:15,Caleb Martin,8:15,KZ Okpala,8:15,Marcus Garrett,5:20,,,29:02,Kyle Lowry,24:28,Tyler Herro,24:12,Duncan Robinson,23:30,Bam Adebayo,23:10,P.J. Tucker,21:58,Max Strus,18:07,Markieff Morris,18:00,Dewayne Dedmon,15:01,137,2,8,2.0,25.0,6.0,75.0,0.0,0.0,George Hill,42,1,2021-2022,1.0,1,2.0,MIL,95,Grayson Allen,,,,,,,,,,,,,28:38,Justin Robinson,27:28,Sandro Mamukelashvili,27:20,Pat Connaughton,27:14,Jordan Nwora,26:03,Khris Middleton,23:28,Giannis Antetokounmpo,22:48,Thanasis Antetokounmpo,17:49,Georgios Kalaitzakis,17:46
3,1.000,3,50.000,1,1.00,121,0,1,50.0,5,.833,2.0,66.7,3.0,6,2,1.000,2,33.333,Logos via Sports Logos.net / About logos,W,https://www.basketball-reference.com/boxscores/202110230SAS.html,Away,111,25:11,1,50.0,SAS,Jakob Poeltl,Tre Jones,4:42,Joshua Primo,0:48,Keita Bates-Diop,0:48,Jock Landale,0:48,,,,,34:35,Dejounte Murray,34:25,Doug McDermott,32:27,Derrick White,31:15,Keldon Johnson,29:29,Lonnie Walker IV,24:56,Devin Vassell,19:06,Bryn Forbes,14:04,Drew Eubanks,12:37,111,2,15,4.0,26.7,9.0,60.0,2.0,13.3,George Hill,10,1,2021-2022,1.0,1,2.0,MIL,121,Pat Connaughton,,,,,,,,,,,,,36:57,Khris Middleton,35:00,Giannis Antetokounmpo,30:24,Grayson Allen,26:01,Jrue Holiday,25:25,Thanasis Antetokounmpo,21:36,Jordan Nwora,20:52,Justin Robinson,12:46,Sandro Mamukelashvili,5:48
0,.000,2,28.571,3,,119,0,5,100.0,3,.429,3.0,60.0,5.0,7,0,,0,0.000,Logos via Sports Logos.net / About logos,W,https://www.basketball-reference.com/boxscores/202110250IND.html,Away,109,26:32,0,0.0,IND,Justin Holiday,Torrey Craig,6:28,,,,,,,,,,,37:52,Domantas Sabonis,37:27,Malcolm Brogdon,37:22,Chris Duarte,33:27,Oshae Brissett,22:44,T.J. McConnell,17:51,Goga Bitadze,17:39,Jeremy Lamb,15:05,Myles Turner,14:05,109,5,6,6.0,100.0,0.0,0.0,0.0,0.0,George Hill,10,2,2021-2022,2.0,0,5.0,MIL,119,Giannis Antetokounmpo,Georgios Kalaitzakis,0:33,,,,,,,,,,,36:16,Khris Middleton,32:01,Pat Connaughton,31:55,Grayson Allen,31:45,Jordan Nwora,23:19,Thanasis Antetokounmpo,19:23,Justin Robinson,18:20,Rodney Hood,10:03,Sandro Mamukelashvili,9:53
1,.333,3,42.857,4,4.00,113,0,1,50.0,3,.429,2.0,50.0,4.0,7,2,1.000,2,28.571,Logos via Sports Logos.net / About logos,L,https://www.basketball-reference.com/boxscores/202110270MIL.html,Home,108,30:23,1,50.0,MIN,Karl-Anthony Towns,Jordan McLaughlin,5:22,,,,,,,,,,,38:24,D'Angelo Russell,36:06,Anthony Edwards,33:14,Jaden McDaniels,31:59,Jarred Vanderbilt,30:19,Patrick Beverley,21:28,Malik Beasley,17:11,Taurean Prince,16:21,Naz Reid,9:36,113,1,9,4.0,44.4,3.0,33.3,2.0,22.2,George Hill,5,3,2021-2022,3.0,1,2.0,MIL,108,Giannis Antetokounmpo,Thanasis Antetokounmpo,8:00,,,,,,,,,,,34:53,Khris Middleton,34:11,Pat Connaughton,30:29,Grayson Allen,29:55,Jordan Nwora,20:43,Bobby Portis,15:21,Rodney Hood,13:09,Semi Ojeleye,12:24,Justin Robinson,10:32
0,.000,2,22.222,3,3.00,102,1,3,60.0,4,.444,4.0,57.1,7.0,9,2,1.000,2,22.222,Logos via Sports Logos.net / About logos,L,https://www.basketball-reference.com/boxscores/202110300MIL.html,Home,93,32:02,2,40.0,SAS,Dejounte Murray,Drew Eubanks,9:08,Tre Jones,5:32,Jock Landale,0:17,,,,,,,36:40,Derrick White,33:27,Keldon Johnson,31:11,Bryn Forbes,24:37,Devin Vassell,24:00,Jakob Poeltl,23:20,Lonnie Walker IV,19:47,Keita Bates-Diop,16:46,Thaddeus Young,15:14,102,0,10,8.0,80.0,0.0,0.0,2.0,20.0,George Hill,9,0,2021-2022,1.0,1,5.0,MIL,93,Giannis Antetokounmpo,Georgios Kalaitzakis,0:47,Sandro Mamukelashvili,0:47,,,,,,,,,34:04,Khris Middleton,33:09,Grayson Allen,29:20,Pat Connaughton,28:33,Rodney Hood,18:02,Thanasis Antetokounmpo,17:50,Jordan Nwora,17:31,Justin Robinson,14:46,Semi Ojeleye,13:04
1,.500,2,20.000,2,2.00,107,0,5,83.3,5,.500,4.0,50.0,8.0,10,0,,0,0.000,Logos via Sports Logos.net / About logos,L,https://www.basketball-reference.com/boxscores/202110310MIL.html,Home,95,30:27,1,16.7,UTA,Donovan Mitchell,Jared Butler,3:03,,,,,,,,,,,32:37,Royce O'Neale,31:20,Bojan Bogdanović,31:19,Rudy Gobert,30:56,Mike Conley,30:08,Jordan Clarkson,25:44,Joe Ingles,22:32,Hassan Whiteside,17:04,Eric Paschall,15:17,107,1,11,8.0,72.7,3.0,27.3,0.0,0.0,George Hill,12,1,2021-2022,1.0,1,6.0,MIL,95,Giannis Antetokounmpo,,,,,,,,,,,,,34:55,Thanasis Antetokounmpo,32:04,Grayson Allen,31:16,Pat Connaughton,28:40,Justin Robinson,24:17,Jordan Nwora,23:31,Bobby Portis,19:10,Rodney Hood,10:59,Sandro Mamukelashvili,4:41
0,,0,0.000,7,3.50,117,0,4,80.0,1,.250,1.0,25.0,4.0,4,2,1.000,2,50.000,Logos via Sports Logos.net / About logos,W,https://www.basketball-reference.com/boxscores/202111020DET.html,Away,89,21:38,1,20.0,DET,Saddiq Bey,Cory Joseph,14:35,Luka Garza,7:06,Rodney McGruder,6:47,Hamidou Diallo,5:35,Saben Lee,4:34,,,31:15,Cade Cunningham,29:14,Killian Hayes,26:19,Isaiah Stewart,24:26,Jerami Grant,23:55,Trey Lyles,18:30,Kelly Olynyk,16:28,Josh Jackson,15:45,Frank Jackson,15:31,89,1,4,2.0,50.0,0.0,0.0,2.0,50.0,George Hill,28,1,2021-2022,1.0,2,5.0,MIL,117,Giannis Antetokounmpo,Georgios Kalaitzakis,7:54,Sandro Mamukelashvili,5:35,,,,,,,,,26:48,Pat Connaughton,25:28,Justin Robinson,24:22,Jordan Nwora,24:08,Thanasis Antetokounmpo,23:27,Bobby Portis,22:29,Grayson Allen,21:15,Semi Ojeleye,19:59,Rodney Hood,16:57
2,1.000,2,100.000,4,4.00,113,0,1,50.0,2,1.000,0.0,,0.0,2,0,,0,0.000,Logos via Sports Logos.net / About logos,L,https://www.basketball-reference.com/boxscores/202111050MIL.html,Home,98,25:01,1,50.0,NYK,RJ Barrett,Alec Burks,12:46,Jericho Sims,2:22,Kevin Knox,1:23,Quentin Grimes,1:23,Miles McBride,0:27,,,39:23,Julius Randle,33:17,Derrick Rose,30:25,Evan Fournier,24:44,Nerlens Noel,24:29,Mitchell Robinson,21:09,Immanuel Quickley,18:15,Kemba Walker,15:13,Obi Toppin,14:43,113,3,6,0.0,0.0,6.0,100.0,0.0,0.0,George Hill,15,1,2021-2022,1.0,1,2.0,MIL,98,Grayson Allen,Justin Robinson,4:00,,,,,,,,,,,31:10,Giannis Antetokounmpo,30:30,Pat Connaughton,27:38,Bobby Portis,24:21,Jordan Nwora,23:32,Jrue Holiday,20:19,Semi Ojeleye,18:49,Thanasis Antetokounmpo,18:02,Rodney Hood,16:35
0,.000,5,50.000,3,1.50,94,0,0,,3,.300,3.0,60.0,5.0,10,0,,0,0.000,Logos via Sports Logos.net / About logos,L,https://www.basketball-reference.com/boxscores/202111070WAS.html,Away,101,32:53,0,,WAS,Bradley Beal,Aaron Holiday,11:25,,,,,,,,,,,37:23,Kyle Kuzma,29:43,Deni Avdija,27:23,Spencer Dinwiddie,26:28,Montrezl Harrell,26:05,Kentavious Caldwell-Pope,25:46,Raul Neto,22:21,Daniel Gafford,21:39,Corey Kispert,11:46,101,1,6,6.0,100.0,0.0,0.0,0.0,0.0,George Hill,7,0,2021-2022,0.0,2,0.0,MIL,94,Giannis Antetokounmpo,,,,,,,,,,,,,39:11,Grayson Allen,34:05,Bobby Portis,30:40,Jrue Holiday,29:53,Pat Connaughton,28:41,Semi Ojeleye,17:40,Jordan Nwora,13:21,Justin Robinson,7:36,Thanasis Antetokounmpo,5:58
1,.333,3,50.000,1,0.50,118,0,2,50.0,3,.500,2.0,66.7,3.0,6,1,1.000,1,16.667,Logos via Sports Logos.net / About logos,W,https://www.basketball-reference.com/boxscores/202111090PHI.html,Away,109,32:22,2,50.0,PHI,Furkan Korkmaz,,,,,,,,,,,,,44:58,Shake Milton,41:36,Tyrese Maxey,39:00,Andre Drummond,33:06,Danny Green,28:38,Georges Niang,24:24,Paul Reed,23:32,Charles Bassey,4:46,,,109,2,8,4.0,50.0,3.0,37.5,1.0,12.5,George Hill,9,0,2021-2022,0.0,2,4.0,MIL,118,Giannis Antetokounmpo,,,,,,,,,,,,,36:13,Bobby Portis,35:23,Grayson Allen,32:50,Jrue Holiday,31:12,Pat Connaughton,24:01,Semi Ojeleye,22:14,Jordan Nwora,14:41,Justin Robinson,11:04,,
2,.667,3,42.857,5,5.00,112,0,4,80.0,3,.429,1.0,25.0,4.0,7,0,,0,0.000,Logos via Sports Logos.net / About logos,W,https://www.basketball-reference.com/boxscores/202111100NYK.html,Away,100,33:02,1,20.0,NYK,Derrick Rose,Kemba Walker,18:13,,,,,,,,,,,29:47,Alec Burks,28:47,Immanuel Quickley,27:14,Julius Randle,27:13,Taj Gibson,24:55,Mitchell Robinson,23:05,Obi Toppin,20:47,RJ Barrett,20:46,Evan Fournier,19:13,100,1,8,2.0,25.0,6.0,75.0,0.0,0.0,George Hill,12,2,2021-2022,2.0,1,5.0,MIL,112,Giannis Antetokounmpo,,,,,,,,,,,,,37:40,Pat Connaughton,31:19,Jrue Holiday,30:18,Semi Ojeleye,28:34,Grayson Allen,28:06,Bobby Portis,24:06,Jordan Nwora,18:26,Rodney Hood,5:38,Thanasis Antetokounmpo,2:51
2,.222,9,56.250,3,3.00,113,0,3,75.0,7,.438,5.0,71.4,7.0,16,0,,0,0.000,Logos via Sports Logos.net / About logos,L,https://www.basketball-reference.com/boxscores/202111120BOS.html,Away,122,38:20,1,25.0,BOS,Marcus Smart,,,,,,,,,,,,,42:19,Jayson Tatum,41:36,Dennis Schröder,41:18,Robert Williams,40:40,Al Horford,29:50,Josh Richardson,28:19,Romeo Langford,19:20,Grant Williams,16:08,Aaron Nesmith,5:30,122,3,16,10.0,62.5,6.0,37.5,0.0,0.0,George Hill,9,1,2021-2022,1.0,1,4.0,MIL,113,Bobby Portis,,,,,,,,,,,,,41:14,Jrue Holiday,40:42,Pat Connaughton,34:51,Grayson Allen,34:36,Semi Ojeleye,31:03,Jordan Nwora,20:21,Rodney Hood,12:07,Thanasis Antetokounmpo,11:46,,
0,.000,1,100.000,2,1.00,102,0,9,100.0,0,.000,0.0,,0.0,1,0,,0,0.000,Logos via Sports Logos.net / About logos,W,https://www.basketball-reference.com/boxscores/202111170MIL.html,Home,109,22:14,0,0.0,LAL,Talen Horton-Tucker,Dwight Howard,8:17,DeAndre Jordan,5:01,,,,,,,,,38:58,Anthony Davis,37:00,Russell Westbrook,35:38,Carmelo Anthony,31:38,Malik Monk,23:30,Wayne Ellington,19:55,Avery Bradley,16:48,Rajon Rondo,12:22,Kent Bazemore,10:52,102,1,0,0.0,,0.0,,0.0,,George Hill,7,0,2021-2022,0.0,2,9.0,MIL,109,Jrue Holiday,,,,,,,,,,,,,38:48,Giannis Antetokounmpo,36:17,Pat Connaughton,31:38,Grayson Allen,30:40,Khris Middleton,30:05,Bobby Portis,28:31,Semi Ojeleye,14:12,Jordan Nwora,7:34,,
2,.667,3,50.000,0,,89,0,1,50.0,4,.667,2.0,66.7,3.0,6,2,1.000,2,33.333,Logos via Sports Logos.net / About logos,W,https://www.basketball-reference.com/boxscores/202111190MIL.html,Home,96,25:43,1,50.0,OKC,Shai Gilgeous-Alexander,Aleksej Pokusevski,11:48,,,,,,,,,,,35:58,Darius Bazley,33:03,Luguentz Dort,32:23,Josh Giddey,31:54,Jeremiah Robinson-Earl,27:53,Mike Muscala,20:18,Kenrich Williams,17:49,Ty Jerome,14:35,Aaron Wiggins,14:19,89,4,12,4.0,33.3,6.0,50.0,2.0,16.7,George Hill,7,0,2021-2022,0.0,0,2.0,MIL,96,Jrue Holiday,,,,,,,,,,,,,35:51,Giannis Antetokounmpo,35:45,Khris Middleton,31:59,Bobby Portis,31:03,Pat Connaughton,29:57,Grayson Allen,29:09,Semi Ojeleye,17:31,Justin Robinson,3:02,,
1,.500,2,50.000,3,3.00,108,0,1,100.0,2,.500,1.0,50.0,2.0,4,0,,0,0.000,Logos via Sports Logos.net / About logos,W,https://www.basketball-reference.com/boxscores/202111200MIL.html,Home,117,23:01,0,0.0,ORL,R.J. Hampton,Wendell Carter Jr.,14:13,Ignas Brazdeikis,11:41,Moritz Wagner,10:45,,,,,,,28:03,Jalen Suggs,25:26,Mo Bamba,24:38,Gary Harris,24:06,Chuma Okeke,24:00,Terrence Ross,22:27,Franz Wagner,20:42,Robin Lopez,17:43,Mychal Mulder,16:16,108,2,5,2.0,40.0,3.0,60.0,0.0,0.0,George Hill,9,1,2021-2022,1.0,1,1.0,MIL,117,Bobby Portis,,,,,,,,,,,,,34:04,Giannis Antetokounmpo,30:22,Khris Middleton,30:12,Jrue Holiday,30:11,Grayson Allen,28:44,Pat Connaughton,24:13,Rodney Hood,17:23,Thanasis Antetokounmpo,14:00,Justin Robinson,7:50
1,.500,2,50.000,0,0.00,92,0,2,100.0,2,.500,1.0,50.0,2.0,4,2,1.000,2,50.000,Logos via Sports Logos.net / About logos,W,https://www.basketball-reference.com/boxscores/202111220MIL.html,Home,123,19:00,0,0.0,ORL,R.J. Hampton,Robin Lopez,13:26,Ignas Brazdeikis,12:00,,,,,,,,,31:09,Wendell Carter Jr.,27:36,Mychal Mulder,27:01,Chuma Okeke,26:16,Franz Wagner,23:42,Moritz Wagner,23:36,Mo Bamba,20:20,Terrence Ross,18:03,Jalen Suggs,16:51,92,0,7,2.0,28.6,3.0,42.9,2.0,28.6,George Hill,31,1,2021-2022,1.0,1,2.0,MIL,123,Jordan Nwora,Thanasis Antetokounmpo,14:22,Georgios Kalaitzakis,13:24,,,,,,,,,26:23,Giannis Antetokounmpo,23:44,Jrue Holiday,23:25,Bobby Portis,22:30,Pat Connaughton,22:26,Rodney Hood,21:32,Khris Middleton,20:11,Grayson Allen,18:41,Justin Robinson,14:22
0,.000,2,40.000,2,,93,0,2,33.3,2,.400,2.0,66.7,3.0,5,0,,0,0.000,Logos via Sports Logos.net / About logos,W,https://www.basketball-reference.com/boxscores/202111240MIL.html,Home,114,26:38,4,66.7,DET,Saddiq Bey,Cory Joseph,7:20,Rodney McGruder,3:20,,,,,,,,,33:05,Cade Cunningham,29:54,Saben Lee,29:06,Jerami Grant,28:20,Frank Jackson,23:29,Luka Garza,22:35,Trey Lyles,22:34,Josh Jackson,20:10,Hamidou Diallo,20:07,93,1,4,4.0,100.0,0.0,0.0,0.0,0.0,George Hill,21,0,2021-2022,0.0,0,6.0,MIL,114,Jrue Holiday,Justin Robinson,2:32,Thanasis Antetokounmpo,2:18,Georgios Kalaitzakis,2:18,,,,,,,34:27,Giannis Antetokounmpo,31:10,Bobby Portis,31:06,Khris Middleton,28:07,Grayson Allen,24:16,Pat Connaughton,23:47,Jordan Nwora,16:10,Rodney Hood,14:26,Sandro Mamukelashvili,2:45
1,.333,3,75.000,2,,120,1,1,100.0,2,.500,1.0,100.0,1.0,4,0,,0,0.000,Logos via Sports Logos.net / About logos,W,https://www.basketball-reference.com/boxscores/202111260DEN.html,Away,109,25:17,0,0.0,DEN,Will Barton,Markus Howard,5:02,Petr Cornelie,3:14,Bol Bol,3:14,,,,,,,39:02,Aaron Gordon,37:20,Monte Morris,32:24,Jeff Green,28:47,Facundo Campazzo,28:11,Austin Rivers,16:31,JaMychal Green,16:22,Zeke Nnaji,14:58,Vlatko Čančar,14:55,109,1,5,2.0,40.0,3.0,60.0,0.0,0.0,George Hill,11,0,2021-2022,1.0,0,1.0,MIL,120,Jrue Holiday,Thanasis Antetokounmpo,3:14,Sandro Mamukelashvili,3:14,,,,,,,,,33:27,Khris Middleton,30:37,Giannis Antetokounmpo,30:06,Bobby Portis,28:29,Pat Connaughton,27:08,Grayson Allen,24:26,Rodney Hood,17:28,Jordan Nwora,13:20,Georgios Kalaitzakis,3:14
1,.200,5,62.500,2,1.00,118,0,4,66.7,3,.375,2.0,66.7,3.0,8,6,1.000,6,75.000,Logos via Sports Logos.net / About logos,W,https://www.basketball-reference.com/boxscores/202111280IND.html,Away,100,29:04,2,33.3,IND,Malcolm Brogdon,Isaiah Jackson,9:15,Torrey Craig,6:56,Oshae Brissett,6:51,Brad Wanamaker,6:51,Goga Bitadze,5:27,,,33:46,Chris Duarte,30:12,Caris LeVert,26:38,Justin Holiday,25:10,Myles Turner,22:38,Domantas Sabonis,21:45,T.J. McConnell,16:26,Kelan Martin,15:13,Jeremy Lamb,12:52,100,3,13,4.0,30.8,3.0,23.1,6.0,46.2,George Hill,18,2,2021-2022,2.0,2,6.0,MIL,118,Giannis Antetokounmpo,Georgios Kalaitzakis,0:34,Justin Robinson,0:34,,,,,,,,,32:40,Jrue Holiday,31:00,Grayson Allen,30:08,Khris Middleton,29:36,Pat Connaughton,29:28,Bobby Portis,26:26,Rodney Hood,21:39,Jordan Nwora,5:27,Sandro Mamukelashvili,3:24
1,.250,4,57.143,0,0.00,125,0,3,100.0,3,.429,2.0,66.7,3.0,7,4,1.000,4,57.143,Logos via Sports Logos.net / About logos,W,https://www.basketball-reference.com/boxscores/202112010MIL.html,Home,127,28:06,0,0.0,CHO,LaMelo Ball,,,,,,,,,,,,,41:11,Terry Rozier,38:24,P.J. Washington,35:38,Miles Bridges,35:28,Gordon Hayward,32:00,Kelly Oubre Jr.,30:34,Jalen McDaniels,23:12,Ish Smith,2:32,Nick Richards,1:01,125,1,11,4.0,36.4,3.0,27.3,4.0,36.4,George Hill,2,1,2021-2022,1.0,2,3.0,MIL,127,Jrue Holiday,,,,,,,,,,,,,37:47,Giannis Antetokounmpo,37:41,Khris Middleton,32:53,Grayson Allen,30:20,Pat Connaughton,26:32,Bobby Portis,26:13,DeMarcus Cousins,14:36,Rodney Hood,5:50,Thanasis Antetokounmpo,0:02
1,.200,5,100.000,3,,93,0,3,100.0,1,.200,0.0,,0.0,5,2,.667,3,60.000,Logos via Sports Logos.net / About logos,L,https://www.basketball-reference.com/boxscores/202112020TOR.html,Away,97,27:52,0,0.0,TOR,Scottie Barnes,Isaac Bonga,3:16,,,,,,,,,,,38:48,Fred VanVleet,38:44,Pascal Siakam,35:19,Gary Trent Jr.,34:54,Precious Achiuwa,34:30,Svi Mykhailiuk,18:32,Dalano Banton,13:58,Chris Boucher,11:30,Yuta Watanabe,10:26,97,0,5,0.0,0.0,3.0,60.0,2.0,40.0,George Hill,4,0,2021-2022,0.0,0,3.0,MIL,93,Jrue Holiday,,,,,,,,,,,,,37:17,Khris Middleton,35:08,Grayson Allen,32:17,Pat Connaughton,30:44,Bobby Portis,30:06,Sandro Mamukelashvili,22:39,Thanasis Antetokounmpo,10:59,Rodney Hood,8:27,Jordan Nwora,4:28
0,.000,1,100.000,2,2.00,112,0,1,50.0,0,.000,0.0,,0.0,1,0,,0,0.000,Logos via Sports Logos.net / About logos,W,https://www.basketball-reference.com/boxscores/202112120NYK.html,Away,97,13:53,1,50.0,NYK,Quentin Grimes,,,,,,,,,,,,,39:30,Derrick Rose,36:31,Julius Randle,35:28,Kevin Knox,28:47,Nerlens Noel,28:04,Evan Fournier,26:40,Immanuel Quickley,26:01,Mitchell Robinson,18:12,Miles McBride,0:46,97,0,0,0.0,,0.0,,0.0,,George Hill,15,1,2021-2022,1.0,1,2.0,MIL,112,Jrue Holiday,Sandro Mamukelashvili,0:46,Javonte Smart,0:46,,,,,,,,,34:13,Giannis Antetokounmpo,32:25,Khris Middleton,31:53,Bobby Portis,29:54,Grayson Allen,28:45,Pat Connaughton,23:53,Rodney Hood,23:02,DeMarcus Cousins,11:46,Jordan Nwora,8:42
1,.333,3,60.000,3,0.75,99,0,1,50.0,2,.400,1.0,50.0,2.0,5,4,1.000,4,80.000,Logos via Sports Logos.net / About logos,W,https://www.basketball-reference.com/boxscores/202112150MIL.html,Home,114,21:20,1,50.0,IND,Domantas Sabonis,Jeremy Lamb,3:02,Isaiah Jackson,3:02,,,,,,,,,34:46,Caris LeVert,32:07,Myles Turner,30:02,Malcolm Brogdon,29:58,Chris Duarte,26:08,Oshae Brissett,23:22,Kelan Martin,21:18,Justin Holiday,19:34,Brad Wanamaker,16:41,99,0,9,2.0,22.2,3.0,33.3,4.0,44.4,George Hill,15,0,2021-2022,0.0,4,2.0,MIL,114,Jrue Holiday,,,,,,,,,,,,,32:59,Pat Connaughton,30:51,Grayson Allen,29:47,Bobby Portis,28:07,Jordan Nwora,27:05,Thanasis Antetokounmpo,21:17,Rodney Hood,19:43,Sandro Mamukelashvili,15:50,Javonte Smart,13:01
0,,0,0.000,2,2.00,112,0,1,50.0,3,.600,3.0,60.0,5.0,5,1,1.000,1,20.000,Logos via Sports Logos.net / About logos,L,https://www.basketball-reference.com/boxscores/202112170NOP.html,Away,116,29:29,1,50.0,NOP,Brandon Ingram,Trey Murphy III,4:06,,,,,,,,,,,42:59,Josh Hart,41:37,Jonas Valančiūnas,39:49,Devonte' Graham,36:02,Herbert Jones,33:08,Nickeil Alexander-Walker,29:48,Garrett Temple,14:57,Tomáš Satoranský,12:17,Willy Hernangómez,10:17,116,2,7,6.0,85.7,0.0,0.0,1.0,14.3,George Hill,4,2,2021-2022,2.0,1,2.0,MIL,112,Jrue Holiday,,,,,,,,,,,,,44:15,Jordan Nwora,42:20,Pat Connaughton,41:21,Grayson Allen,39:29,Rodney Hood,18:27,Sandro Mamukelashvili,18:02,DeMarcus Cousins,15:55,Javonte Smart,15:42,,
0,.000,2,18.182,4,4.00,119,0,3,100.0,7,.636,7.0,77.8,9.0,11,0,,0,0.000,Logos via Sports Logos.net / About logos,L,https://www.basketball-reference.com/boxscores/202112180MIL.html,Home,90,21:32,0,0.0,CLE,Darius Garland,Ed Davis,10:13,Dylan Windler,6:30,RJ Nembhard Jr.,3:20,Kevin Pangos,3:20,,,,,32:16,Lauri Markkanen,29:10,Ricky Rubio,29:10,Jarrett Allen,29:07,Cedi Osman,27:05,Kevin Love,23:03,Dean Wade,22:27,Denzel Valentine,12:24,Lamar Stevens,11:55,119,0,14,14.0,100.0,0.0,0.0,0.0,0.0,George Hill,29,0,2021-2022,0.0,1,3.0,MIL,90,Javonte Smart,,,,,,,,,,,,,44:29,Sandro Mamukelashvili,42:15,Jordan Nwora,42:04,DeMarcus Cousins,27:12,Thanasis Antetokounmpo,25:11,Pat Connaughton,19:23,Semi Ojeleye,17:54,,,,
0,.000,2,50.000,2,,106,0,3,100.0,1,.250,1.0,50.0,2.0,4,2,1.000,2,50.000,Logos via Sports Logos.net / About logos,W,https://www.basketball-reference.com/boxscores/202112220MIL.html,Home,126,26:17,0,0.0,HOU,KJ Martin,Jae'Sean Tate,14:05,Trevelin Queen,4:20,Usman Garuba,4:20,,,,,,,30:58,Christian Wood,28:16,Garrison Mathews,27:26,Armoni Brooks,25:37,Eric Gordon,24:13,Alperen Sengun,23:48,Josh Christopher,22:23,D.J. Augustin,19:21,David Nwaba,15:13,106,1,4,2.0,50.0,0.0,0.0,2.0,50.0,George Hill,20,0,2021-2022,0.0,0,3.0,MIL,126,Pat Connaughton,Javonte Smart,1:07,,,,,,,,,,,30:50,Jrue Holiday,30:42,Khris Middleton,28:21,DeMarcus Cousins,27:59,Jordan Nwora,26:33,Rodney Hood,21:50,Wesley Matthews,20:25,Semi Ojeleye,16:54,Thanasis Antetokounmpo,9:02
0,.000,2,40.000,3,3.00,102,0,2,66.7,2,.400,2.0,66.7,3.0,5,0,,0,0.000,Logos via Sports Logos.net / About logos,W,https://www.basketball-reference.com/boxscores/202112230DAL.html,Away,95,25:54,1,33.3,DAL,Jalen Brunson,Moses Brown,8:49,George King,4:18,,,,,,,,,38:48,Dorian Finney-Smith,38:45,Frank Ntilikina,37:41,Sterling Brown,36:32,Theo Pinson,21:56,Dwight Powell,21:29,Marquese Chriss,12:57,Brandon Knight,9:35,Carlik Jones,9:10,95,1,4,4.0,100.0,0.0,0.0,0.0,0.0,George Hill,7,0,2021-2022,0.0,1,3.0,MIL,102,Jrue Holiday,,,,,,,,,,,,,34:19,Khris Middleton,31:32,Pat Connaughton,30:11,DeMarcus Cousins,27:51,Jordan Nwora,27:44,Grayson Allen,18:29,Wesley Matthews,18:28,Rodney Hood,15:56,Semi Ojeleye,9:36
1,.333,3,75.000,1,,113,1,1,50.0,2,.500,1.0,100.0,1.0,4,0,,0,0.000,Logos via Sports Logos.net / About logos,W,https://www.basketball-reference.com/boxscores/202112250MIL.html,Home,117,21:13,1,50.0,BOS,Marcus Smart,,,,,,,,,,,,,40:15,Jayson Tatum,39:48,Robert Williams,38:40,Jaylen Brown,37:14,Payton Pritchard,30:27,Romeo Langford,25:40,Juancho Hernangómez,15:32,Jabari Parker,12:24,,,113,3,5,2.0,40.0,3.0,60.0,0.0,0.0,George Hill,4,0,2021-2022,1.0,0,2.0,MIL,117,Jrue Holiday,,,,,,,,,,,,,37:03,Khris Middleton,35:47,Giannis Antetokounmpo,29:48,Grayson Allen,25:42,Bobby Portis,22:17,Pat Connaughton,17:41,Wesley Matthews,17:40,DeMarcus Cousins,17:08,Donte DiVincenzo,15:41
2,.667,3,75.000,2,,127,0,1,100.0,3,.750,1.0,100.0,1.0,4,0,,0,0.000,Logos via Sports Logos.net / About logos,W,https://www.basketball-reference.com/boxscores/202112280ORL.html,Away,110,24:14,0,0.0,ORL,Franz Wagner,Freddie Gillespie,10:32,Ignas Brazdeikis,5:13,,,,,,,,,38:17,Gary Harris,37:18,Wendell Carter Jr.,33:19,R.J. Hampton,28:15,Robin Lopez,23:59,Tim Frazier,20:59,Hassani Gravett,18:37,Admiral Schofield,12:45,Moritz Wagner,10:46,110,0,8,2.0,25.0,6.0,75.0,0.0,0.0,George Hill,17,1,2021-2022,1.0,0,1.0,MIL,127,Jrue Holiday,Thanasis Antetokounmpo,0:43,,,,,,,,,,,34:07,Khris Middleton,31:28,Giannis Antetokounmpo,29:34,Bobby Portis,28:43,Grayson Allen,23:22,Pat Connaughton,21:52,DeMarcus Cousins,15:51,Donte DiVincenzo,15:43,Wesley Matthews,14:23
0,.000,1,25.000,1,,136,0,1,50.0,1,.250,1.0,33.3,3.0,4,0,,0,0.000,Logos via Sports Logos.net / About logos,W,https://www.basketball-reference.com/boxscores/202112300ORL.html,Away,118,16:06,1,50.0,ORL,Franz Wagner,,,,,,,,,,,,,34:04,Wendell Carter Jr.,33:04,Gary Harris,32:37,R.J. Hampton,32:09,Tim Frazier,30:00,Moritz Wagner,25:11,Ignas Brazdeikis,21:18,Admiral Schofield,17:50,Freddie Gillespie,13:47,118,0,2,2.0,100.0,0.0,0.0,0.0,0.0,George Hill,18,0,2021-2022,0.0,0,2.0,MIL,136,Jrue Holiday,,,,,,,,,,,,,33:09,Khris Middleton,32:55,Giannis Antetokounmpo,30:55,Bobby Portis,26:16,Grayson Allen,22:33,Wesley Matthews,21:45,Pat Connaughton,21:32,Donte DiVincenzo,18:42,DeMarcus Cousins,16:07
2,1.000,2,50.000,2,,113,0,1,100.0,2,.500,0.0,0.0,2.0,4,2,1.000,2,50.000,Logos via Sports Logos.net / About logos,W,https://www.basketball-reference.com/boxscores/202201010MIL.html,Home,136,20:10,0,0.0,NOP,Josh Hart,Trey Murphy III,2:48,Jose Alvarado,2:48,Naji Marshall,2:48,,,,,,,35:42,Herbert Jones,35:26,Devonte' Graham,30:24,Jaxson Hayes,27:32,Nickeil Alexander-Walker,26:48,Garrett Temple,25:12,Willy Hernangómez,19:39,Gary Clark,17:09,Tomáš Satoranský,13:44,113,0,8,0.0,0.0,6.0,75.0,2.0,25.0,George Hill,23,1,2021-2022,1.0,0,1.0,MIL,136,Jrue Holiday,Sandro Mamukelashvili,2:48,Javin DeLaurier,2:48,Javonte Smart,2:48,,,,,,,33:28,Giannis Antetokounmpo,32:12,Grayson Allen,30:46,Pat Connaughton,28:45,Bobby Portis,21:10,Jordan Nwora,18:47,DeMarcus Cousins,18:08,Wesley Matthews,15:53,Rodney Hood,12:17
0,.000,5,83.333,2,,115,1,2,66.7,1,.167,1.0,100.0,1.0,6,1,1.000,1,16.667,Logos via Sports Logos.net / About logos,L,https://www.basketball-reference.com/boxscores/202201030MIL.html,Home,106,24:49,1,33.3,DET,Saddiq Bey,Micah Potter,2:07,,,,,,,,,,,38:53,Cade Cunningham,37:02,Trey Lyles,34:17,Hamidou Diallo,32:23,Killian Hayes,23:47,Justin Robinson,22:58,Josh Jackson,19:31,Luka Garza,15:21,Saben Lee,13:41,115,1,3,2.0,66.7,0.0,0.0,1.0,33.3,George Hill,9,3,2021-2022,4.0,0,3.0,MIL,106,Giannis Antetokounmpo,,,,,,,,,,,,,35:36,Jrue Holiday,35:28,Bobby Portis,29:57,Khris Middleton,27:50,Grayson Allen,27:03,Pat Connaughton,22:06,Wesley Matthews,18:38,DeMarcus Cousins,14:16,Rodney Hood,4:17
0,.000,2,50.000,4,4.00,99,0,2,66.7,0,.000,0.0,0.0,2.0,4,0,,0,0.000,Logos via Sports Logos.net / About logos,W,https://www.basketball-reference.com/boxscores/202201130MIL.html,Home,118,17:37,1,33.3,GSW,Stephen Curry,Otto Porter Jr.,14:54,Chris Chiozza,13:47,Andre Iguodala,13:24,Gary Payton II,4:55,,,,,29:15,Andrew Wiggins,27:38,Jordan Poole,24:23,Damion Lee,23:20,Klay Thompson,20:34,Jonathan Kuminga,19:14,Juan Toscano-Anderson,17:58,Kevon Looney,15:19,Nemanja Bjelica,15:19,99,1,0,0.0,,0.0,,0.0,,George Hill,19,0,2021-2022,0.0,1,3.0,MIL,118,Giannis Antetokounmpo,Sandro Mamukelashvili,5:43,Semi Ojeleye,4:33,Thanasis Antetokounmpo,4:33,Lindell Wigginton,4:33,,,,,29:58,Khris Middleton,29:43,Grayson Allen,27:01,Bobby Portis,24:34,Wesley Matthews,22:34,Jordan Nwora,19:53,Donte DiVincenzo,19:41,Pat Connaughton,16:20,Rodney Hood,13:16
2,.400,5,55.556,3,3.00,103,0,3,100.0,3,.333,1.0,25.0,4.0,9,0,,0,0.000,Logos via Sports Logos.net / About logos,L,https://www.basketball-reference.com/boxscores/202201150MIL.html,Home,96,26:35,0,0.0,TOR,Fred VanVleet,,,,,,,,,,,,,41:39,Pascal Siakam,40:04,Precious Achiuwa,39:25,OG Anunoby,39:08,Chris Boucher,36:26,Justin Champagnie,30:30,Svi Mykhailiuk,7:25,Yuta Watanabe,5:20,,,103,2,8,2.0,25.0,6.0,75.0,0.0,0.0,George Hill,7,1,2021-2022,1.0,1,3.0,MIL,96,Khris Middleton,,,,,,,,,,,,,36:56,Giannis Antetokounmpo,35:29,Bobby Portis,33:32,Wesley Matthews,30:00,Grayson Allen,27:38,Pat Connaughton,20:01,Donte DiVincenzo,16:54,Rodney Hood,8:13,Jordan Nwora,4:40
1,.333,3,75.000,2,,114,0,2,66.7,2,.500,1.0,100.0,1.0,4,0,,0,0.000,Logos via Sports Logos.net / About logos,L,https://www.basketball-reference.com/boxscores/202201170ATL.html,Away,121,31:22,1,33.3,ATL,Trae Young,,,,,,,,,,,,,39:38,Kevin Huerter,36:31,Onyeka Okongwu,35:44,De'Andre Hunter,34:57,John Collins,30:38,Danilo Gallinari,29:37,Delon Wright,15:14,Lou Williams,13:46,Timothé Luwawu-Cabarrot,3:52,121,3,5,2.0,40.0,3.0,60.0,0.0,0.0,George Hill,7,0,2021-2022,0.0,0,3.0,MIL,114,Giannis Antetokounmpo,,,,,,,,,,,,,36:59,Khris Middleton,35:12,Bobby Portis,32:20,Grayson Allen,28:40,Pat Connaughton,26:48,Donte DiVincenzo,21:29,Wesley Matthews,20:49,Jordan Nwora,6:19,,
2,.500,4,57.143,6,,114,0,6,100.0,5,.714,3.0,100.0,3.0,7,2,1.000,2,28.571,Logos via Sports Logos.net / About logos,W,https://www.basketball-reference.com/boxscores/202201190MIL.html,Home,126,30:08,0,0.0,MEM,Ja Morant,Xavier Tillman Sr.,5:45,,,,,,,,,,,39:20,Ziaire Williams,33:07,John Konchar,32:03,Jaren Jackson Jr.,31:13,Steven Adams,26:08,Brandon Clarke,25:32,De'Anthony Melton,17:17,Jarrett Culver,16:17,Santi Aldama,13:16,114,1,14,6.0,42.9,6.0,42.9,2.0,14.3,George Hill,12,1,2021-2022,1.0,0,6.0,MIL,126,Khris Middleton,,,,,,,,,,,,,35:49,Bobby Portis,32:13,Giannis Antetokounmpo,31:13,Grayson Allen,25:50,Pat Connaughton,25:44,Jrue Holiday,21:41,Wesley Matthews,18:44,Donte DiVincenzo,18:36,,
0,.000,2,40.000,1,1.00,90,0,2,50.0,1,.200,1.0,33.3,3.0,5,2,1.000,2,40.000,Logos via Sports Logos.net / About logos,W,https://www.basketball-reference.com/boxscores/202201210MIL.html,Home,94,26:26,2,50.0,CHI,Ayo Dosunmu,,,,,,,,,,,,,39:23,DeMar DeRozan,38:27,Coby White,36:59,Nikola Vučević,35:10,Tyler Cook,25:32,Alex Caruso,23:34,Troy Brown Jr.,19:24,Matt Thomas,19:14,Malcolm Hill,2:14,90,0,4,2.0,50.0,0.0,0.0,2.0,50.0,George Hill,4,0,2021-2022,0.0,1,4.0,MIL,94,Giannis Antetokounmpo,,,,,,,,,,,,,36:40,Khris Middleton,35:32,Bobby Portis,27:01,Jrue Holiday,26:52,Pat Connaughton,26:52,Donte DiVincenzo,22:05,Grayson Allen,20:23,Wesley Matthews,18:09,,
3,.500,6,85.714,2,2.00,127,0,1,25.0,4,.571,1.0,100.0,1.0,7,6,1.000,6,85.714,Logos via Sports Logos.net / About logos,W,https://www.basketball-reference.com/boxscores/202201220MIL.html,Home,133,29:42,3,75.0,SAC,Harrison Barnes,,,,,,,,,,,,,38:41,Tyrese Haliburton,38:23,Terence Davis,30:11,Buddy Hield,28:45,Richaun Holmes,24:30,Damian Jones,23:30,Marvin Bagley III,23:22,Davion Mitchell,19:58,Chimezie Metu,12:40,127,0,17,2.0,11.8,9.0,52.9,6.0,35.3,George Hill,6,1,2021-2022,1.0,1,4.0,MIL,133,Khris Middleton,,,,,,,,,,,,,33:37,Bobby Portis,32:53,Jrue Holiday,32:07,Pat Connaughton,29:14,Donte DiVincenzo,24:30,Jordan Nwora,22:13,Wesley Matthews,17:31,Rodney Hood,12:37,Sandro Mamukelashvili,5:36
0,.000,2,66.667,2,,99,1,2,66.7,0,.000,0.0,0.0,1.0,3,0,,0,0.000,Logos via Sports Logos.net / About logos,L,https://www.basketball-reference.com/boxscores/202201260CLE.html,Away,115,22:34,1,33.3,CLE,Cedi Osman,Ed Davis,1:02,Brandon Goodwin,1:02,Kevin Pangos,1:02,Dylan Windler,1:02,,,,,34:09,Evan Mobley,33:54,Jarrett Allen,33:11,Isaac Okoro,28:55,Kevin Love,26:51,Darius Garland,25:56,Rajon Rondo,20:19,Lamar Stevens,19:05,Dean Wade,13:32,115,1,0,0.0,,0.0,,0.0,,George Hill,16,2,2021-2022,3.0,0,3.0,MIL,99,Khris Middleton,Thanasis Antetokounmpo,1:57,Semi Ojeleye,1:54,,,,,,,,,35:22,Bobby Portis,32:27,Pat Connaughton,32:18,Jrue Holiday,31:41,Giannis Antetokounmpo,29:20,Donte DiVincenzo,28:22,Jordan Nwora,15:04,Sandro Mamukelashvili,5:03,Rodney Hood,3:58
1,.500,2,50.000,2,,108,0,2,100.0,2,.500,1.0,50.0,2.0,4,2,1.000,2,50.000,Logos via Sports Logos.net / About logos,W,https://www.basketball-reference.com/boxscores/202201280MIL.html,Home,123,14:36,0,0.0,NYK,Julius Randle,Immanuel Quickley,11:19,,,,,,,,,,,36:38,RJ Barrett,34:34,Evan Fournier,31:58,Kemba Walker,29:46,Mitchell Robinson,25:03,Nerlens Noel,20:16,Alec Burks,18:14,Quentin Grimes,18:09,Obi Toppin,14:03,108,1,7,2.0,28.6,3.0,42.9,2.0,28.6,George Hill,15,2,2021-2022,2.0,0,2.0,MIL,123,Jrue Holiday,Jordan Nwora,1:08,Lindell Wigginton,1:08,Sandro Mamukelashvili,1:03,,,,,,,34:37,Giannis Antetokounmpo,34:06,Khris Middleton,32:03,Grayson Allen,30:28,Bobby Portis,27:17,Donte DiVincenzo,24:17,Pat Connaughton,24:13,Wesley Matthews,13:56,Thanasis Antetokounmpo,1:08
0,,0,0.000,2,,117,0,2,100.0,0,.000,0.0,0.0,1.0,1,0,,0,0.000,Logos via Sports Logos.net / About logos,W,https://www.basketball-reference.com/boxscores/202203140UTA.html,Away,111,13:32,0,0.0,UTA,Donovan Mitchell,Nickeil Alexander-Walker,3:51,Jared Butler,0:34,,,,,,,,,40:21,Royce O'Neale,38:08,Mike Conley,32:16,Jordan Clarkson,31:56,Rudy Gobert,31:43,Rudy Gay,22:19,Hassan Whiteside,16:17,Eric Paschall,15:34,Danuel House Jr.,7:01,111,0,0,0.0,,0.0,,0.0,,George Hill,6,2,2021-2022,2.0,0,2.0,MIL,117,Jrue Holiday,,,,,,,,,,,,,36:57,Khris Middleton,35:08,Giannis Antetokounmpo,33:52,Bobby Portis,28:26,Wesley Matthews,25:38,Grayson Allen,23:31,Jevon Carter,21:12,Brook Lopez,14:32,Serge Ibaka,7:12
2,.667,3,75.000,1,,135,0,2,100.0,2,.500,0.0,0.0,1.0,4,0,.000,2,50.000,Logos via Sports Logos.net / About logos,W,https://www.basketball-reference.com/boxscores/202203160SAC.html,Away,126,17:08,0,0.0,SAC,Domantas Sabonis,Maurice Harkless,3:10,,,,,,,,,,,38:55,De'Aaron Fox,37:27,Trey Lyles,33:25,Davion Mitchell,30:11,Donte DiVincenzo,29:44,Harrison Barnes,22:27,Justin Holiday,19:40,Richaun Holmes,12:50,Chimezie Metu,12:11,126,1,6,0.0,0.0,6.0,100.0,0.0,0.0,George Hill,9,0,2021-2022,0.0,0,2.0,MIL,135,Giannis Antetokounmpo,Thanasis Antetokounmpo,0:25,,,,,,,,,,,34:54,Jrue Holiday,34:39,Khris Middleton,33:59,Bobby Portis,29:39,Grayson Allen,23:04,Wesley Matthews,20:24,Serge Ibaka,17:41,Brook Lopez,15:22,Jevon Carter,12:45
0,,0,,0,,119,0,0,,0,,0.0,,0.0,0,0,,0,,Logos via Sports Logos.net / About logos,L,https://www.basketball-reference.com/boxscores/202203190MIN.html,Away,138,4:26,0,,MIN,Anthony Edwards,Patrick Beverley,9:49,Nathan Knight,3:36,Jake Layman,3:36,Josh Okogie,3:36,Leandro Bolmaro,2:29,,,33:03,Jarred Vanderbilt,32:08,Karl-Anthony Towns,31:43,D'Angelo Russell,30:13,Malik Beasley,21:49,Jaylen Nowell,20:48,Jordan McLaughlin,17:40,Taurean Prince,16:49,Naz Reid,12:41,138,1,0,0.0,,0.0,,0.0,,George Hill,19,1,2021-2022,1.0,0,0.0,MIL,119,Jevon Carter,Wesley Matthews,16:41,Thanasis Antetokounmpo,12:00,,,,,,,,,27:44,Khris Middleton,25:50,Bobby Portis,25:34,Jrue Holiday,23:35,Grayson Allen,21:29,Serge Ibaka,21:02,Jordan Nwora,20:53,Brook Lopez,20:27,Pat Connaughton,20:19
0,.000,2,66.667,0,0.00,98,0,1,100.0,1,.333,1.0,100.0,1.0,3,0,,0,0.000,Logos via Sports Logos.net / About logos,W,https://www.basketball-reference.com/boxscores/202203220MIL.html,Home,126,15:35,0,0.0,CHI,DeMar DeRozan,Troy Brown Jr.,4:28,,,,,,,,,,,35:47,Zach LaVine,33:46,Nikola Vučević,32:03,Alex Caruso,29:46,Ayo Dosunmu,27:29,Coby White,22:38,Javonte Green,19:44,Patrick Williams,18:22,Tristan Thompson,15:57,98,1,2,2.0,100.0,0.0,0.0,0.0,0.0,George Hill,28,1,2021-2022,1.0,1,1.0,MIL,126,Jrue Holiday,Jordan Nwora,4:28,Thanasis Antetokounmpo,4:28,,,,,,,,,31:46,Giannis Antetokounmpo,29:44,Wesley Matthews,24:22,Brook Lopez,23:54,Pat Connaughton,23:02,Grayson Allen,23:01,Bobby Portis,22:12,Serge Ibaka,18:58,Jevon Carter,18:28
0,.000,1,16.667,2,,102,0,4,100.0,4,.667,4.0,80.0,5.0,6,2,1.000,2,33.333,Logos via Sports Logos.net / About logos,W,https://www.basketball-reference.com/boxscores/202203240MIL.html,Home,114,23:10,0,0.0,WAS,Kentavious Caldwell-Pope,Tomáš Satoranský,12:59,,,,,,,,,,,32:30,Kristaps Porziņģis,32:03,Deni Avdija,31:37,Corey Kispert,29:34,Ish Smith,27:42,Rui Hachimura,23:34,Raul Neto,20:18,Daniel Gafford,15:38,Anthony Gill,14:05,102,0,10,8.0,80.0,0.0,0.0,2.0,20.0,George Hill,12,0,2021-2022,0.0,0,4.0,MIL,114,Jrue Holiday,,,,,,,,,,,,,32:51,Bobby Portis,29:13,Grayson Allen,28:30,Brook Lopez,28:06,Wesley Matthews,27:42,Pat Connaughton,22:35,Jordan Nwora,18:09,Serge Ibaka,16:34,Jevon Carter,13:10
1,.250,4,66.667,3,3.00,102,0,1,100.0,2,.333,1.0,50.0,2.0,6,0,,0,0.000,Logos via Sports Logos.net / About logos,L,https://www.basketball-reference.com/boxscores/202203260MEM.html,Away,127,24:12,0,0.0,MEM,Tyus Jones,John Konchar,15:39,Santi Aldama,3:22,Jarrett Culver,3:22,Yves Pons,3:22,,,,,28:57,Desmond Bane,28:13,Jaren Jackson Jr.,27:17,Dillon Brooks,24:30,Steven Adams,24:12,De'Anthony Melton,21:51,Xavier Tillman Sr.,21:31,Kyle Anderson,20:02,Ziaire Williams,17:42,127,1,5,2.0,40.0,3.0,60.0,0.0,0.0,George Hill,25,0,2021-2022,0.0,1,1.0,MIL,102,Grayson Allen,Lindell Wigginton,5:20,Thanasis Antetokounmpo,4:23,Sandro Mamukelashvili,4:23,,,,,,,29:58,Khris Middleton,28:42,Giannis Antetokounmpo,28:17,Jevon Carter,22:56,Pat Connaughton,21:59,Brook Lopez,21:43,Bobby Portis,20:31,Wesley Matthews,17:06,Jordan Nwora,10:30
0,,0,,0,,118,0,0,,0,,0.0,,0.0,0,1,.500,2,,Logos via Sports Logos.net / About logos,W,https://www.basketball-reference.com/boxscores/202203290PHI.html,Away,116,8:57,0,,PHI,Tyrese Maxey,,,,,,,,,,,,,39:42,Joel Embiid,38:35,James Harden,37:07,Tobias Harris,35:57,Danny Green,23:00,Matisse Thybulle,20:34,Georges Niang,19:55,Shake Milton,15:44,Paul Millsap,9:26,116,1,1,0.0,0.0,0.0,0.0,1.0,100.0,George Hill,2,0,2021-2022,0.0,0,0.0,MIL,118,Jrue Holiday,,,,,,,,,,,,,40:01,Khris Middleton,39:24,Giannis Antetokounmpo,37:30,Brook Lopez,29:01,Wesley Matthews,25:25,Grayson Allen,24:30,Pat Connaughton,18:15,Bobby Portis,13:38,Serge Ibaka,3:19
0,,0,0.000,1,,120,0,1,100.0,0,.000,0.0,0.0,1.0,1,0,,0,0.000,Logos via Sports Logos.net / About logos,W,https://www.basketball-reference.com/boxscores/202203310BRK.html,Away,119,15:58,0,0.0,BRK,Kevin Durant,Kessler Edwards,5:35,,,,,,,,,,,45:13,Kyrie Irving,44:43,Seth Curry,34:41,Bruce Brown,34:06,Andre Drummond,28:51,Nic Claxton,23:48,Goran Dragić,21:17,Patty Mills,16:06,James Johnson,10:40,119,1,0,0.0,,0.0,,0.0,,George Hill,1,1,2021-2022,1.0,0,1.0,MIL,120,Jrue Holiday,,,,,,,,,,,,,42:48,Giannis Antetokounmpo,39:19,Wesley Matthews,35:49,Bobby Portis,30:30,Khris Middleton,30:02,Grayson Allen,28:47,Brook Lopez,20:51,Pat Connaughton,20:32,Jevon Carter,0:24
0,.000,1,12.500,5,2.50,153,0,3,75.0,2,.250,2.0,28.6,7.0,8,0,,0,0.000,Logos via Sports Logos.net / About logos,L,https://www.basketball-reference.com/boxscores/202204010MIL.html,Home,119,20:45,1,25.0,LAC,Robert Covington,,,,,,,,,,,,,45:33,Amir Coffey,42:31,Luke Kennard,32:23,Terance Mann,31:44,Isaiah Hartenstein,26:46,Ivica Zubac,21:14,Rodney Hood,21:06,Xavier Moon,18:43,,,153,0,4,4.0,100.0,0.0,0.0,0.0,0.0,George Hill,34,0,2021-2022,0.0,2,4.0,MIL,119,Jordan Nwora,,,,,,,,,,,,,40:24,Jevon Carter,29:44,Serge Ibaka,27:47,Bobby Portis,26:02,Thanasis Antetokounmpo,25:02,Lindell Wigginton,24:54,Sandro Mamukelashvili,22:47,Pat Connaughton,22:35,,
0,.000,1,33.333,1,1.00,118,0,3,75.0,0,.000,0.0,0.0,2.0,3,0,,0,0.000,Logos via Sports Logos.net / About logos,L,https://www.basketball-reference.com/boxscores/202204030MIL.html,Home,112,18:16,1,25.0,DAL,Dorian Finney-Smith,,,,,,,,,,,,,41:11,Reggie Bullock,40:15,Luka Dončić,39:04,Jalen Brunson,36:14,Dwight Powell,31:22,Spencer Dinwiddie,20:48,Dāvis Bertāns,17:11,Josh Green,10:08,Marquese Chriss,3:47,118,3,0,0.0,,0.0,,0.0,,George Hill,6,2,2021-2022,2.0,1,4.0,MIL,112,Giannis Antetokounmpo,,,,,,,,,,,,,39:40,Khris Middleton,36:52,Jrue Holiday,36:24,Bobby Portis,23:10,Grayson Allen,23:00,Pat Connaughton,22:28,Brook Lopez,22:19,Wesley Matthews,17:51,,
0,,0,0.000,1,,127,0,2,100.0,1,1.000,1.0,100.0,1.0,1,3,1.000,3,300.000,Logos via Sports Logos.net / About logos,W,https://www.basketball-reference.com/boxscores/202204050CHI.html,Away,106,17:07,0,0.0,CHI,DeMar DeRozan,Troy Brown Jr.,5:11,Tony Bradley,3:39,,,,,,,,,36:35,Patrick Williams,31:44,Coby White,31:11,Nikola Vučević,26:10,Ayo Dosunmu,24:13,Alex Caruso,22:10,Javonte Green,22:00,Derrick Jones Jr.,20:44,Tristan Thompson,16:23,106,0,5,2.0,40.0,0.0,0.0,3.0,60.0,George Hill,21,0,2021-2022,0.0,0,2.0,MIL,127,Jrue Holiday,Thanasis Antetokounmpo,4:01,Jordan Nwora,4:01,Jevon Carter,4:01,,,,,,,34:49,Brook Lopez,29:22,Khris Middleton,27:30,Bobby Portis,26:26,Grayson Allen,24:29,Giannis Antetokounmpo,24:00,Wesley Matthews,22:23,Pat Connaughton,17:27,Sandro Mamukelashvili,4:20
0,.000,1,50.000,2,,121,0,1,50.0,1,.500,1.0,100.0,1.0,2,0,,0,0.000,Logos via Sports Logos.net / About logos,W,https://www.basketball-reference.com/boxscores/202204070MIL.html,Home,127,14:23,1,50.0,BOS,Derrick White,,,,,,,,,,,,,38:36,Jaylen Brown,37:28,Grant Williams,36:33,Daniel Theis,31:51,Marcus Smart,30:21,Payton Pritchard,19:16,Sam Hauser,17:57,Luke Kornet,16:09,Aaron Nesmith,11:48,121,3,2,2.0,100.0,0.0,0.0,0.0,0.0,George Hill,6,2,2021-2022,2.0,0,2.0,MIL,127,Khris Middleton,,,,,,,,,,,,,39:20,Jrue Holiday,38:56,Giannis Antetokounmpo,38:04,Wesley Matthews,27:14,Bobby Portis,26:54,Brook Lopez,23:34,Pat Connaughton,20:38,Jevon Carter,10:56,,
1,.250,4,66.667,1,1.00,131,0,0,,3,.500,2.0,100.0,2.0,6,3,1.000,3,50.000,Logos via Sports Logos.net / About logos,W,https://www.basketball-reference.com/boxscores/202204080DET.html,Away,101,16:12,0,,DET,Cade Cunningham,Carsen Edwards,13:14,,,,,,,,,,,38:31,Saddiq Bey,32:34,Killian Hayes,27:20,Isaiah Stewart,26:31,Rodney McGruder,23:59,Kelly Olynyk,22:48,Braxton Key,19:54,Isaiah Livers,19:23,Frank Jackson,15:46,101,1,10,4.0,40.0,3.0,30.0,3.0,30.0,George Hill,30,0,2021-2022,0.0,1,0.0,MIL,131,Khris Middleton,Lindell Wigginton,7:51,Thanasis Antetokounmpo,5:57,Sandro Mamukelashvili,5:57,Jordan Nwora,5:57,Rayjon Tucker,2:24,,,28:18,Giannis Antetokounmpo,27:41,Jrue Holiday,26:49,Pat Connaughton,23:32,Wesley Matthews,21:39,Bobby Portis,21:36,Brook Lopez,21:04,Jevon Carter,13:46,Serge Ibaka,11:17
0,.000,1,100.000,1,,101,0,0,,0,.000,0.0,,0.0,1,0,,0,0.000,Logos via Sports Logos.net / About logos,W,https://www.basketball-reference.com/boxscores/202205070MIL.html,Home,103,10:53,0,,BOS,Jayson Tatum,,,,,,,,,,,,,41:20,Jaylen Brown,39:39,Al Horford,39:09,Grant Williams,33:47,Marcus Smart,29:14,Robert Williams,23:20,Derrick White,20:36,Payton Pritchard,10:38,Daniel Theis,2:17,101,1,0,0.0,,0.0,,0.0,,George Hill,2,0,2021-2022,0.0,0,0.0,MIL,103,Jrue Holiday,,,,,,,,,,,,,42:50,Giannis Antetokounmpo,38:54,Pat Connaughton,32:46,Wesley Matthews,32:07,Brook Lopez,29:15,Bobby Portis,25:30,Grayson Allen,25:27,Jevon Carter,2:18,,
1,1.000,1,100.000,2,,116,0,1,100.0,1,1.000,0.0,,0.0,1,2,1.000,2,200.000,Logos via Sports Logos.net / About logos,L,https://www.basketball-reference.com/boxscores/202205090MIL.html,Home,108,23:05,0,0.0,BOS,Jayson Tatum,,,,,,,,,,,,,41:48,Al Horford,41:36,Marcus Smart,41:21,Derrick White,34:18,Jaylen Brown,32:04,Grant Williams,24:46,Payton Pritchard,13:10,Daniel Theis,10:57,,,116,1,5,0.0,0.0,3.0,60.0,2.0,40.0,George Hill,8,0,2021-2022,0.0,0,1.0,MIL,108,Giannis Antetokounmpo,Jevon Carter,0:43,Jordan Nwora,0:43,Luca Vildoza,0:43,,,,,,,41:03,Jrue Holiday,40:54,Pat Connaughton,30:18,Grayson Allen,28:47,Brook Lopez,28:43,Wesley Matthews,28:38,Bobby Portis,14:57,Rayjon Tucker,0:43,Thanasis Antetokounmpo,0:43
0,,0,,0,,110,0,2,100.0,0,,0.0,,0.0,0,0,,0,,Logos via Sports Logos.net / About logos,W,https://www.basketball-reference.com/boxscores/202205110BOS.html,Away,107,12:36,0,0.0,BOS,Jayson Tatum,,,,,,,,,,,,,41:39,Al Horford,40:53,Marcus Smart,38:15,Jaylen Brown,35:15,Derrick White,32:07,Grant Williams,30:37,Daniel Theis,11:29,Payton Pritchard,9:45,,,107,2,0,0.0,,0.0,,0.0,,George Hill,3,0,2021-2022,0.0,0,2.0,MIL,110,Jrue Holiday,,,,,,,,,,,,,40:51,Giannis Antetokounmpo,40:20,Wesley Matthews,36:38,Pat Connaughton,31:11,Grayson Allen,29:43,Bobby Portis,28:26,Brook Lopez,20:15,,,,
0,,0,0.000,0,,108,0,0,0.0,0,.000,0.0,0.0,3.0,3,0,,0,0.000,Logos via Sports Logos.net / About logos,L,https://www.basketball-reference.com/boxscores/202205130MIL.html,Home,95,18:35,1,100.0,BOS,Jayson Tatum,Aaron Nesmith,1:17,,,,,,,,,,,42:43,Jaylen Brown,40:40,Marcus Smart,40:12,Al Horford,38:13,Derrick White,29:46,Grant Williams,28:03,Daniel Theis,10:26,Payton Pritchard,7:23,Nik Stauskas,1:17,108,5,0,0.0,,0.0,,0.0,,George Hill,13,0,2021-2022,0.0,0,1.0,MIL,95,Jrue Holiday,Jordan Nwora,1:24,Rayjon Tucker,1:24,Luca Vildoza,1:24,,,,,,,42:21,Giannis Antetokounmpo,40:49,Pat Connaughton,33:05,Bobby Portis,29:08,Wesley Matthews,27:43,Grayson Allen,22:08,Brook Lopez,19:11,Jevon Carter,1:24,Thanasis Antetokounmpo,1:24
0,,0,,0,0.00,81,0,2,100.0,0,,0.0,,0.0,0,0,,0,,Logos via Sports Logos.net / About logos,L,https://www.basketball-reference.com/boxscores/202205150BOS.html,Away,109,11:15,0,0.0,BOS,Al Horford,Aaron Nesmith,2:03,Luke Kornet,2:03,Nik Stauskas,2:03,Juwan Morgan,0:56,,,,,39:39,Grant Williams,39:20,Marcus Smart,37:05,Jaylen Brown,36:46,Jayson Tatum,36:30,Derrick White,18:13,Payton Pritchard,17:01,Daniel Theis,6:18,Malik Fitts,2:03,109,1,0,0.0,,0.0,,0.0,,George Hill,28,0,2021-2022,0.0,1,2.0,MIL,81,Giannis Antetokounmpo,Thanasis Antetokounmpo,2:03,Jevon Carter,2:03,Rayjon Tucker,2:03,,,,,,,43:09,Jrue Holiday,40:57,Brook Lopez,37:09,Pat Connaughton,32:02,Bobby Portis,21:54,Wesley Matthews,21:41,Grayson Allen,21:38,Jordan Nwora,2:03,Luca Vildoza,2:03
0,,0,0.000,0,0.00,90,0,1,100.0,2,1.000,2.0,100.0,2.0,2,0,,0,0.000,Logos via Sports Logos.net / About logos,W,https://www.basketball-reference.com/boxscores/202210200PHI.html,Away,88,20:32,0,0.0,PHI,James Harden,Montrezl Harrell,2:36,Matisse Thybulle,0:18,,,,,,,,,40:20,P.J. Tucker,39:11,Joel Embiid,36:09,Tyrese Maxey,34:10,Tobias Harris,33:23,Danuel House Jr.,21:16,De'Anthony Melton,19:34,Georges Niang,8:08,Paul Reed,4:55,88,2,4,4.0,100.0,0.0,0.0,0.0,0.0,George Hill,2,0,2022-2023,0.0,2,1.0,MIL,90,Giannis Antetokounmpo,,,,,,,,,,,,,36:05,Jrue Holiday,35:47,Grayson Allen,32:04,Brook Lopez,30:56,Bobby Portis,22:42,Jevon Carter,22:00,Wesley Matthews,20:23,Jordan Nwora,15:52,Serge Ibaka,3:39
2,.667,3,75.000,6,,105,0,2,100.0,3,.750,1.0,100.0,1.0,4,1,.500,2,50.000,Logos via Sports Logos.net / About logos,W,https://www.basketball-reference.com/boxscores/202210220MIL.html,Home,125,23:39,0,0.0,HOU,Kevin Porter Jr.,Garrison Mathews,12:34,Trevor Hudgins,3:47,Boban Marjanović,3:47,,,,,,,33:44,Jalen Green,31:39,KJ Martin,29:53,Jabari Smith Jr.,27:36,Usman Garuba,25:02,Alperen Sengun,22:58,Tari Eason,18:49,Josh Christopher,15:55,Daishen Nix,14:16,105,2,9,2.0,22.2,6.0,66.7,1.0,11.1,George Hill,20,0,2022-2023,0.0,0,2.0,MIL,125,Jrue Holiday,MarJon Beauchamp,2:14,A.J. Green,2:14,Sandro Mamukelashvili,2:14,Thanasis Antetokounmpo,0:52,,,,,32:09,Brook Lopez,28:47,Grayson Allen,27:52,Giannis Antetokounmpo,27:38,Jevon Carter,25:15,Bobby Portis,22:30,Jordan Nwora,17:41,Serge Ibaka,14:51,Wesley Matthews,12:04
0,.000,1,33.333,4,4.00,99,0,2,66.7,2,.667,2.0,100.0,2.0,3,4,1.000,4,133.333,Logos via Sports Logos.net / About logos,W,https://www.basketball-reference.com/boxscores/202210260MIL.html,Home,110,29:49,1,33.3,BRK,Kyrie Irving,Edmond Sumner,6:11,Kessler Edwards,0:58,Cam Thomas,0:58,,,,,,,38:59,Kevin Durant,38:52,Royce O'Neale,37:03,Ben Simmons,34:28,Nic Claxton,23:26,Joe Harris,20:36,Patty Mills,17:44,Day'Ron Sharpe,13:09,Yuta Watanabe,7:36,99,3,8,4.0,50.0,0.0,0.0,4.0,50.0,George Hill,11,1,2022-2023,1.0,1,3.0,MIL,110,Giannis Antetokounmpo,,,,,,,,,,,,,37:52,Jrue Holiday,35:56,Grayson Allen,28:08,Brook Lopez,27:51,Bobby Portis,26:09,Wesley Matthews,21:54,Jordan Nwora,16:39,Jevon Carter,15:42,,
2,.333,6,60.000,2,,108,0,2,50.0,4,.400,2.0,50.0,4.0,10,2,.667,3,30.000,Logos via Sports Logos.net / About logos,W,https://www.basketball-reference.com/boxscores/202210280MIL.html,Home,119,26:37,2,50.0,NYK,RJ Barrett,Cam Reddish,11:33,Miles McBride,0:01,Jericho Sims,0:01,,,,,,,36:27,Jalen Brunson,33:08,Julius Randle,31:14,Immanuel Quickley,27:54,Isaiah Hartenstein,27:35,Mitchell Robinson,20:24,Evan Fournier,20:05,Obi Toppin,16:46,Derrick Rose,14:52,108,2,12,4.0,33.3,6.0,50.0,2.0,16.7,George Hill,11,0,2022-2023,0.0,0,4.0,MIL,119,Giannis Antetokounmpo,,,,,,,,,,,,,38:55,Jevon Carter,33:28,Brook Lopez,33:25,Jrue Holiday,31:58,Grayson Allen,28:47,Bobby Portis,25:15,Jordan Nwora,11:52,Serge Ibaka,5:29,Wesley Matthews,4:14
0,.000,1,100.000,2,,115,0,0,,0,.000,0.0,,0.0,1,0,,0,0.000,Logos via Sports Logos.net / About logos,W,https://www.basketball-reference.com/boxscores/202210290MIL.html,Home,123,16:37,0,,ATL,Trae Young,AJ Griffin,5:05,,,,,,,,,,,36:26,Dejounte Murray,34:16,De'Andre Hunter,31:25,John Collins,31:25,Clint Capela,28:47,Aaron Holiday,24:03,Onyeka Okongwu,19:13,Jalen Johnson,16:35,Justin Holiday,12:45,115,2,0,0.0,,0.0,,0.0,,George Hill,8,0,2022-2023,0.0,0,0.0,MIL,123,Jrue Holiday,MarJon Beauchamp,6:48,,,,,,,,,,,36:40,Brook Lopez,34:00,Giannis Antetokounmpo,32:37,Jevon Carter,25:46,Bobby Portis,24:14,Grayson Allen,20:06,Wesley Matthews,17:33,Jordan Nwora,15:00,Serge Ibaka,10:39
0,.000,3,100.000,2,,108,0,1,100.0,0,.000,0.0,,0.0,3,3,.750,4,133.333,Logos via Sports Logos.net / About logos,W,https://www.basketball-reference.com/boxscores/202210310MIL.html,Home,110,17:26,0,0.0,DET,Jaden Ivey,,,,,,,,,,,,,40:16,Cade Cunningham,36:24,Bojan Bogdanović,35:05,Isaiah Stewart,29:30,Saddiq Bey,26:51,Hamidou Diallo,20:08,Nerlens Noel,18:30,Isaiah Livers,16:43,Killian Hayes,16:33,108,1,3,0.0,0.0,0.0,0.0,3.0,100.0,George Hill,2,0,2022-2023,0.0,0,1.0,MIL,110,Jrue Holiday,MarJon Beauchamp,3:40,,,,,,,,,,,37:19,Brook Lopez,34:25,Giannis Antetokounmpo,31:44,Bobby Portis,27:46,Jevon Carter,24:08,Wesley Matthews,20:57,Grayson Allen,19:53,Jordan Nwora,13:11,Serge Ibaka,9:31
1,.333,3,50.000,3,,91,0,4,100.0,2,.333,1.0,33.3,3.0,6,2,.667,3,50.000,Logos via Sports Logos.net / About logos,W,https://www.basketball-reference.com/boxscores/202211020MIL.html,Home,116,18:21,0,0.0,DET,Saddiq Bey,Cory Joseph,10:27,Kevin Knox,5:04,Braxton Key,2:15,Rodney McGruder,1:30,,,,,35:07,Isaiah Stewart,32:30,Cade Cunningham,31:14,Jaden Ivey,30:15,Bojan Bogdanović,27:48,Killian Hayes,22:29,Isaiah Livers,16:42,Nerlens Noel,13:15,Hamidou Diallo,11:23,91,1,7,2.0,28.6,3.0,42.9,2.0,28.6,George Hill,25,0,2022-2023,0.0,0,4.0,MIL,116,Jrue Holiday,Serge Ibaka,5:37,Thanasis Antetokounmpo,5:37,,,,,,,,,29:58,Giannis Antetokounmpo,29:31,Brook Lopez,27:02,Jordan Nwora,25:31,Grayson Allen,24:59,Bobby Portis,24:02,Jevon Carter,18:27,MarJon Beauchamp,16:06,Wesley Matthews,14:48
0,.000,1,33.333,1,,115,0,0,,1,.333,1.0,50.0,2.0,3,0,,0,0.000,Logos via Sports Logos.net / About logos,W,https://www.basketball-reference.com/boxscores/202211040MIN.html,Away,102,17:52,0,,MIN,Karl-Anthony Towns,Jordan McLaughlin,14:55,,,,,,,,,,,37:06,Anthony Edwards,37:00,Rudy Gobert,30:29,D'Angelo Russell,27:10,Naz Reid,22:01,Kyle Anderson,20:32,Jaden McDaniels,18:28,Jaylen Nowell,17:10,Taurean Prince,15:09,102,0,2,2.0,100.0,0.0,0.0,0.0,0.0,George Hill,13,1,2022-2023,1.0,0,0.0,MIL,115,Jrue Holiday,Thanasis Antetokounmpo,0:32,,,,,,,,,,,33:37,Giannis Antetokounmpo,33:35,Brook Lopez,32:42,Bobby Portis,30:26,Grayson Allen,29:56,Jevon Carter,19:44,MarJon Beauchamp,18:23,Jordan Nwora,13:04,Wesley Matthews,10:09
0,,0,0.000,2,0.67,94,0,2,100.0,1,.500,1.0,50.0,2.0,2,0,.000,2,100.000,Logos via Sports Logos.net / About logos,W,https://www.basketball-reference.com/boxscores/202211050MIL.html,Home,108,21:11,0,0.0,OKC,Shai Gilgeous-Alexander,Isaiah Joe,14:41,Tre Mann,13:59,Aaron Wiggins,8:41,Jaylin Williams,5:08,Eugene Omoruyi,2:30,,,31:46,Josh Giddey,26:02,Luguentz Dort,24:28,Ousmane Dieng,22:19,Jalen Williams,19:55,Darius Bazley,19:27,Jeremiah Robinson-Earl,17:33,Kenrich Williams,16:53,Mike Muscala,16:32,94,3,2,2.0,100.0,0.0,0.0,0.0,0.0,George Hill,14,0,2022-2023,0.0,3,2.0,MIL,108,Jevon Carter,Thanasis Antetokounmpo,0:58,,,,,,,,,,,30:40,Bobby Portis,29:16,Jrue Holiday,28:50,MarJon Beauchamp,24:48,Serge Ibaka,24:05,Brook Lopez,23:42,Jordan Nwora,22:18,Grayson Allen,20:53,Wesley Matthews,13:15
0,.000,2,50.000,0,,98,0,0,,1,.250,1.0,50.0,2.0,4,0,,0,0.000,Logos via Sports Logos.net / About logos,L,https://www.basketball-reference.com/boxscores/202211070ATL.html,Away,117,16:46,0,,ATL,Dejounte Murray,Trent Forrest,3:51,Frank Kaminsky,3:51,Vit Krejci,2:32,Jarrett Culver,2:32,Tyrese Martin,2:32,,,32:03,AJ Griffin,31:23,Aaron Holiday,24:44,De'Andre Hunter,23:55,John Collins,23:31,Justin Holiday,23:00,Clint Capela,22:09,Onyeka Okongwu,22:00,Jalen Johnson,21:57,117,0,2,2.0,100.0,0.0,0.0,0.0,0.0,George Hill,19,0,2022-2023,0.0,0,0.0,MIL,98,Jrue Holiday,MarJon Beauchamp,10:33,Sandro Mamukelashvili,6:09,Thanasis Antetokounmpo,3:51,,,,,,,28:49,Brook Lopez,27:50,Grayson Allen,27:44,Giannis Antetokounmpo,26:47,Jevon Carter,26:27,Bobby Portis,23:02,Jordan Nwora,17:04,Wesley Matthews,13:26,Serge Ibaka,11:32
1,1.000,1,16.667,5,5.00,136,0,2,100.0,3,.500,2.0,40.0,5.0,6,5,.833,6,100.000,Logos via Sports Logos.net / About logos,W,https://www.basketball-reference.com/boxscores/202211090OKC.html,Away,132,35:24,0,0.0,OKC,Shai Gilgeous-Alexander,Aaron Wiggins,6:32,Isaiah Joe,4:57,Darius Bazley,3:58,,,,,,,46:05,Josh Giddey,44:10,Luguentz Dort,40:02,Aleksej Pokusevski,39:05,Tre Mann,35:51,Jalen Williams,22:34,Mike Muscala,17:08,Kenrich Williams,17:01,Jeremiah Robinson-Earl,12:32,132,1,12,4.0,33.3,3.0,25.0,5.0,41.7,George Hill,4,3,2022-2023,3.0,1,2.0,MIL,136,Brook Lopez,,,,,,,,,,,,,45:39,Jevon Carter,44:45,Grayson Allen,35:02,Bobby Portis,34:15,MarJon Beauchamp,29:55,Wesley Matthews,29:07,Jordan Nwora,17:18,Serge Ibaka,12:15,Sandro Mamukelashvili,6:15
0,.000,5,55.556,4,4.00,93,1,0,0.0,1,.111,1.0,25.0,4.0,9,3,.750,4,44.444,Logos via Sports Logos.net / About logos,L,https://www.basketball-reference.com/boxscores/202211110SAS.html,Away,111,27:39,2,100.0,SAS,Keldon Johnson,Keita Bates-Diop,1:39,Jordan Hall,1:39,Isaiah Roby,1:39,,,,,,,31:57,Devin Vassell,31:18,Jeremy Sochan,29:50,Jakob Poeltl,29:47,Tre Jones,29:42,Doug McDermott,23:47,Josh Richardson,23:10,Charles Bassey,18:13,Romeo Langford,17:19,111,1,5,2.0,40.0,0.0,0.0,3.0,60.0,George Hill,18,0,2022-2023,1.0,1,2.0,MIL,93,MarJon Beauchamp,,,,,,,,,,,,,34:23,Jevon Carter,32:57,Bobby Portis,31:00,Brook Lopez,29:33,Jordan Nwora,29:03,Wesley Matthews,22:29,Serge Ibaka,18:42,Sandro Mamukelashvili,8:28,Thanasis Antetokounmpo,5:46
0,,0,0.000,3,1.50,121,1,3,100.0,0,.000,0.0,0.0,1.0,1,2,1.000,2,200.000,Logos via Sports Logos.net / About logos,L,https://www.basketball-reference.com/boxscores/202211140MIL.html,Home,106,25:53,0,0.0,ATL,Dejounte Murray,Jarrett Culver,0:52,Vit Krejci,0:52,Tyrese Martin,0:52,,,,,,,36:01,De'Andre Hunter,35:11,Trae Young,33:46,John Collins,33:28,Clint Capela,30:00,Aaron Holiday,20:12,Onyeka Okongwu,17:08,AJ Griffin,17:06,Jalen Johnson,14:32,121,0,2,0.0,0.0,0.0,0.0,2.0,100.0,George Hill,15,0,2022-2023,1.0,2,3.0,MIL,106,MarJon Beauchamp,Sandro Mamukelashvili,1:35,Thanasis Antetokounmpo,1:35,,,,,,,,,34:11,Jevon Carter,33:25,Brook Lopez,33:06,Giannis Antetokounmpo,30:55,Bobby Portis,22:59,Jordan Nwora,21:19,Serge Ibaka,13:18,Wesley Matthews,12:07,Grayson Allen,9:37
1,.250,4,66.667,3,1.50,98,0,2,66.7,3,.500,2.0,100.0,2.0,6,0,,0,0.000,Logos via Sports Logos.net / About logos,W,https://www.basketball-reference.com/boxscores/202211160MIL.html,Home,113,18:59,1,33.3,CLE,Darius Garland,Mamadi Diakite,4:57,Isaiah Mobley,4:57,Raul Neto,4:57,,,,,,,34:47,Donovan Mitchell,34:26,Lamar Stevens,33:45,Evan Mobley,31:09,Isaac Okoro,24:50,Kevin Love,19:43,Caris LeVert,19:36,Robin Lopez,13:41,Cedi Osman,13:12,98,4,7,4.0,57.1,3.0,42.9,0.0,0.0,George Hill,15,0,2022-2023,0.0,2,3.0,MIL,113,Jevon Carter,Thanasis Antetokounmpo,1:55,,,,,,,,,,,31:51,Giannis Antetokounmpo,31:32,Brook Lopez,30:20,Bobby Portis,29:43,Jordan Nwora,28:40,MarJon Beauchamp,26:38,Serge Ibaka,17:33,A.J. Green,15:15,Sandro Mamukelashvili,7:34
2,.500,4,80.000,2,,102,0,0,,2,.400,0.0,0.0,1.0,5,1,.500,2,40.000,Logos via Sports Logos.net / About logos,L,https://www.basketball-reference.com/boxscores/202211180PHI.html,Away,110,13:53,0,,PHI,Joel Embiid,Matisse Thybulle,4:20,,,,,,,,,,,36:50,De'Anthony Melton,36:03,P.J. Tucker,32:21,Shake Milton,31:11,Danuel House Jr.,30:36,Georges Niang,30:26,Tyrese Maxey,20:50,Paul Reed,12:26,Montrezl Harrell,4:57,110,1,7,0.0,0.0,6.0,85.7,1.0,14.3,George Hill,8,1,2022-2023,1.0,0,0.0,MIL,102,Brook Lopez,,,,,,,,,,,,,34:23,Giannis Antetokounmpo,34:16,Bobby Portis,33:53,Jevon Carter,27:17,Grayson Allen,26:36,Jordan Nwora,24:40,Jrue Holiday,23:12,MarJon Beauchamp,14:35,Serge Ibaka,7:15
0,.000,1,100.000,5,,111,1,5,100.0,0,.000,0.0,,0.0,1,0,,0,0.000,Logos via Sports Logos.net / About logos,W,https://www.basketball-reference.com/boxscores/202211210MIL.html,Home,119,19:45,0,0.0,POR,Josh Hart,John Butler,1:23,Jabari Walker,1:23,,,,,,,,,39:57,Anfernee Simons,37:02,Jerami Grant,35:06,Jusuf Nurkić,31:37,Shaedon Sharpe,26:52,Nassir Little,20:56,Justise Winslow,17:50,Drew Eubanks,15:00,Trendon Watford,12:54,111,0,0,0.0,,0.0,,0.0,,George Hill,8,2,2022-2023,3.0,0,5.0,MIL,119,Giannis Antetokounmpo,Serge Ibaka,4:11,Sandro Mamukelashvili,1:23,A.J. Green,0:39,,,,,,,35:05,Grayson Allen,31:48,Brook Lopez,30:22,Jrue Holiday,27:56,Jevon Carter,25:50,Bobby Portis,24:04,Jordan Nwora,18:12,Pat Connaughton,15:31,MarJon Beauchamp,5:12
2,.500,4,57.143,0,,118,0,1,100.0,3,.429,1.0,33.3,3.0,7,2,1.000,2,28.571,Logos via Sports Logos.net / About logos,L,https://www.basketball-reference.com/boxscores/202211230MIL.html,Home,113,18:36,0,0.0,CHI,DeMar DeRozan,,,,,,,,,,,,,37:33,Zach LaVine,33:56,Nikola Vučević,29:48,Alex Caruso,27:18,Patrick Williams,26:05,Coby White,25:25,Ayo Dosunmu,24:24,Javonte Green,18:34,Andre Drummond,16:57,118,0,10,2.0,20.0,6.0,60.0,2.0,20.0,George Hill,5,0,2022-2023,0.0,0,1.0,MIL,113,Jrue Holiday,,,,,,,,,,,,,35:50,Giannis Antetokounmpo,34:00,Grayson Allen,32:48,Brook Lopez,31:59,Bobby Portis,24:54,Jevon Carter,24:16,Wesley Matthews,16:51,Pat Connaughton,14:24,Jordan Nwora,6:22
1,.333,3,60.000,2,2.00,102,0,2,100.0,2,.400,1.0,50.0,2.0,5,0,.000,2,40.000,Logos via Sports Logos.net / About logos,W,https://www.basketball-reference.com/boxscores/202211250MIL.html,Home,117,20:02,0,0.0,CLE,Darius Garland,Isaiah Mobley,3:03,Raul Neto,3:03,,,,,,,,,38:06,Dean Wade,36:17,Donovan Mitchell,32:21,Cedi Osman,32:08,Isaac Okoro,31:42,Evan Mobley,29:05,Robin Lopez,19:08,Jarrett Allen,12:04,Mamadi Diakite,3:03,102,2,5,2.0,40.0,3.0,60.0,0.0,0.0,George Hill,15,0,2022-2023,0.0,1,2.0,MIL,117,Giannis Antetokounmpo,MarJon Beauchamp,3:03,Thanasis Antetokounmpo,3:03,A.J. Green,3:03,,,,,,,30:58,Grayson Allen,28:15,Brook Lopez,27:32,Bobby Portis,25:26,Jevon Carter,24:32,Jordan Nwora,24:22,Jrue Holiday,23:02,Wesley Matthews,17:16,Sandro Mamukelashvili,9:26
1,1.000,1,50.000,2,2.00,115,0,2,100.0,2,1.000,1.0,100.0,1.0,2,0,,0,0.000,Logos via Sports Logos.net / About logos,W,https://www.basketball-reference.com/boxscores/202211270MIL.html,Home,124,15:22,0,0.0,DAL,Dorian Finney-Smith,JaVale McGee,3:32,Facundo Campazzo,3:26,Frank Ntilikina,3:26,Theo Pinson,3:26,,,,,38:02,Luka Dončić,35:05,Christian Wood,32:05,Spencer Dinwiddie,31:10,Maxi Kleber,24:17,Tim Hardaway Jr.,20:58,Josh Green,19:58,Dāvis Bertāns,16:51,Dwight Powell,7:44,115,2,5,2.0,40.0,3.0,60.0,0.0,0.0,George Hill,9,0,2022-2023,0.0,1,2.0,MIL,124,Jrue Holiday,Sandro Mamukelashvili,7:12,MarJon Beauchamp,1:58,A.J. Green,1:58,Thanasis Antetokounmpo,1:08,,,,,34:27,Grayson Allen,31:54,Bobby Portis,31:38,Jevon Carter,30:47,Giannis Antetokounmpo,29:24,Brook Lopez,23:25,Jordan Nwora,11:02,Pat Connaughton,10:52,Wesley Matthews,8:53
0,.000,1,33.333,1,,109,0,1,50.0,2,.667,2.0,100.0,2.0,3,1,.500,2,66.667,Logos via Sports Logos.net / About logos,W,https://www.basketball-reference.com/boxscores/202211300NYK.html,Away,103,10:21,1,50.0,NYK,Julius Randle,Isaiah Hartenstein,10:00,,,,,,,,,,,38:48,Jalen Brunson,34:03,Quentin Grimes,33:34,RJ Barrett,33:20,Mitchell Robinson,33:05,Immanuel Quickley,18:10,Cam Reddish,14:26,Obi Toppin,13:56,Derrick Rose,10:38,103,0,5,4.0,80.0,0.0,0.0,1.0,20.0,George Hill,6,0,2022-2023,0.0,0,2.0,MIL,109,Giannis Antetokounmpo,,,,,,,,,,,,,36:37,Jrue Holiday,34:26,Brook Lopez,34:17,Jevon Carter,31:52,Grayson Allen,30:24,Bobby Portis,25:22,Pat Connaughton,23:42,Wesley Matthews,12:57,A.J. Green,0:02
0,,0,,1,,133,0,1,100.0,0,,0.0,,0.0,0,0,,0,,Logos via Sports Logos.net / About logos,L,https://www.basketball-reference.com/boxscores/202212020MIL.html,Home,129,8:40,0,0.0,LAL,Anthony Davis,Kendrick Nunn,2:24,,,,,,,,,,,39:37,LeBron James,37:11,Lonnie Walker IV,33:35,Austin Reaves,32:17,Russell Westbrook,28:34,Troy Brown Jr.,24:18,Patrick Beverley,23:22,Wenyen Gabriel,14:24,Thomas Bryant,4:18,133,1,0,0.0,,0.0,,0.0,,George Hill,4,0,2022-2023,0.0,0,1.0,MIL,129,Jrue Holiday,,,,,,,,,,,,,39:20,Giannis Antetokounmpo,35:06,Brook Lopez,31:42,Grayson Allen,28:03,Khris Middleton,26:34,Bobby Portis,21:31,Jevon Carter,20:17,Pat Connaughton,18:36,Wesley Matthews,10:11
0,,0,0.000,5,1.25,105,0,1,50.0,4,.571,4.0,57.1,7.0,7,0,,0,0.000,Logos via Sports Logos.net / About logos,W,https://www.basketball-reference.com/boxscores/202212030CHO.html,Away,96,26:00,1,50.0,CHO,Kelly Oubre Jr.,,,,,,,,,,,,,39:20,Terry Rozier,35:31,Jalen McDaniels,33:01,P.J. Washington,33:01,Mason Plumlee,30:17,Théo Maledon,18:36,Nick Richards,17:43,Bryce McGowens,17:32,Kai Jones,14:59,96,2,8,8.0,100.0,0.0,0.0,0.0,0.0,George Hill,9,1,2022-2023,1.0,4,2.0,MIL,105,Brook Lopez,,,,,,,,,,,,,32:09,Jordan Nwora,31:55,Bobby Portis,31:01,Jevon Carter,27:41,Grayson Allen,25:06,Pat Connaughton,19:34,Thanasis Antetokounmpo,17:52,Sandro Mamukelashvili,14:58,A.J. Green,13:44
0,.000,1,100.000,2,,109,0,1,100.0,0,.000,0.0,,0.0,1,0,,0,0.000,Logos via Sports Logos.net / About logos,W,https://www.basketball-reference.com/boxscores/202212050ORL.html,Away,102,18:52,0,0.0,ORL,Franz Wagner,R.J. Hampton,6:26,,,,,,,,,,,36:04,Paolo Banchero,32:33,Markelle Fultz,32:09,Moritz Wagner,31:43,Caleb Houstan,23:40,Terrence Ross,22:59,Cole Anthony,21:21,Bol Bol,18:48,Admiral Schofield,14:16,102,0,0,0.0,,0.0,,0.0,,George Hill,7,1,2022-2023,1.0,0,1.0,MIL,109,Jrue Holiday,,,,,,,,,,,,,35:06,Giannis Antetokounmpo,33:12,Bobby Portis,27:21,Khris Middleton,25:51,Jevon Carter,25:06,Sandro Mamukelashvili,23:02,Pat Connaughton,21:59,Jordan Nwora,19:17,A.J. Green,10:10
1,.333,3,75.000,3,,113,0,1,50.0,1,.250,0.0,0.0,1.0,4,0,,0,0.000,Logos via Sports Logos.net / About logos,W,https://www.basketball-reference.com/boxscores/202212070MIL.html,Home,126,13:55,1,50.0,SAC,Domantas Sabonis,Trey Lyles,6:35,Richaun Holmes,1:18,Matthew Dellavedova,1:18,Keon Ellis,1:18,Alex Len,1:18,,,36:16,Harrison Barnes,32:48,Kevin Huerter,32:40,De'Aaron Fox,32:10,Malik Monk,28:32,Keegan Murray,27:07,Davion Mitchell,20:15,Chimezie Metu,10:13,KZ Okpala,8:10,113,1,3,0.0,0.0,3.0,100.0,0.0,0.0,George Hill,13,0,2022-2023,0.0,0,2.0,MIL,126,Jrue Holiday,A.J. Green,1:18,Sandro Mamukelashvili,1:18,,,,,,,,,34:34,Brook Lopez,34:02,Giannis Antetokounmpo,32:43,Khris Middleton,29:11,Grayson Allen,28:50,Pat Connaughton,24:15,Bobby Portis,19:57,Jevon Carter,18:36,Thanasis Antetokounmpo,1:18
2,.667,3,100.000,4,4.00,106,0,3,100.0,2,.667,0.0,,0.0,3,0,,0,0.000,Logos via Sports Logos.net / About logos,W,https://www.basketball-reference.com/boxscores/202212090DAL.html,Away,105,21:01,0,0.0,DAL,Luka Dončić,,,,,,,,,,,,,36:33,Spencer Dinwiddie,31:54,Dorian Finney-Smith,28:27,Maxi Kleber,28:10,Tim Hardaway Jr.,28:00,Josh Green,25:51,Christian Wood,23:10,Dwight Powell,18:59,Reggie Bullock,18:56,105,0,6,0.0,0.0,6.0,100.0,0.0,0.0,George Hill,1,0,2022-2023,0.0,1,3.0,MIL,106,Jrue Holiday,,,,,,,,,,,,,36:50,Giannis Antetokounmpo,35:08,Grayson Allen,33:29,Khris Middleton,31:13,Brook Lopez,29:04,Pat Connaughton,24:53,Bobby Portis,16:27,Jevon Carter,11:55,,
0,,0,,1,1.00,92,0,2,100.0,0,,0.0,,0.0,0,0,,0,,Logos via Sports Logos.net / About logos,L,https://www.basketball-reference.com/boxscores/202212110HOU.html,Away,97,13:47,0,0.0,HOU,Kevin Porter Jr.,Garrison Mathews,10:22,Bruno Fernando,9:58,,,,,,,,,35:44,Jabari Smith Jr.,34:54,Jalen Green,33:36,Eric Gordon,30:28,Alperen Sengun,27:12,KJ Martin,21:52,Tari Eason,13:06,Daishen Nix,12:16,Usman Garuba,10:32,97,0,0,0.0,,0.0,,0.0,,George Hill,5,0,2022-2023,0.0,1,2.0,MIL,92,Giannis Antetokounmpo,,,,,,,,,,,,,36:46,Jrue Holiday,35:14,Brook Lopez,32:42,Grayson Allen,28:47,Bobby Portis,28:19,Jevon Carter,27:59,Pat Connaughton,24:43,Khris Middleton,6:29,Jordan Nwora,5:14
1,1.000,1,100.000,3,1.00,111,0,4,80.0,1,1.000,0.0,,0.0,1,2,1.000,2,200.000,Logos via Sports Logos.net / About logos,W,https://www.basketball-reference.com/boxscores/202212130MIL.html,Home,128,19:02,1,20.0,GSW,Jordan Poole,Moses Moody,10:24,Patrick Baldwin Jr.,8:14,,,,,,,,,31:53,Jonathan Kuminga,27:24,Stephen Curry,27:19,Klay Thompson,27:08,Donte DiVincenzo,26:58,Anthony Lamb,25:47,Draymond Green,23:06,Kevon Looney,18:45,JaMychal Green,13:02,111,1,5,0.0,0.0,3.0,60.0,2.0,40.0,George Hill,17,1,2022-2023,1.0,3,5.0,MIL,128,Bobby Portis,Thanasis Antetokounmpo,2:53,A.J. Green,2:53,Jordan Nwora,2:53,,,,,,,32:02,Giannis Antetokounmpo,29:52,Khris Middleton,28:51,Brook Lopez,28:20,Jevon Carter,28:15,Grayson Allen,27:00,Pat Connaughton,19:14,Wesley Matthews,13:47,MarJon Beauchamp,4:58
1,.167,6,85.714,5,,101,0,3,100.0,2,.286,1.0,100.0,1.0,7,0,,0,0.000,Logos via Sports Logos.net / About logos,L,https://www.basketball-reference.com/boxscores/202212150MEM.html,Away,142,20:02,0,0.0,MEM,Santi Aldama,Jaren Jackson Jr.,12:53,Xavier Tillman Sr.,12:00,Kennedy Chandler,12:00,Jake LaRavia,12:00,,,,,26:55,Ja Morant,25:39,David Roddy,23:31,Ziaire Williams,22:06,Dillon Brooks,21:20,Steven Adams,20:38,Tyus Jones,19:03,John Konchar,16:33,Brandon Clarke,15:22,142,1,5,2.0,40.0,3.0,60.0,0.0,0.0,George Hill,41,0,2022-2023,0.0,0,3.0,MIL,101,Giannis Antetokounmpo,Pat Connaughton,14:50,A.J. Green,14:06,Wesley Matthews,5:11,,,,,,,25:36,Khris Middleton,22:23,Grayson Allen,22:19,Bobby Portis,22:18,Jevon Carter,22:07,MarJon Beauchamp,21:52,Brook Lopez,18:06,Thanasis Antetokounmpo,15:36,Jordan Nwora,15:34
1,.500,2,50.000,3,1.00,97,0,3,60.0,3,.750,2.0,100.0,2.0,4,2,1.000,2,50.000,Logos via Sports Logos.net / About logos,W,https://www.basketball-reference.com/boxscores/202212170MIL.html,Home,123,16:39,2,40.0,UTA,Lauri Markkanen,Rudy Gay,13:10,Ochai Agbaji,7:21,Talen Horton-Tucker,7:21,Udoka Azubuike,5:23,Leandro Bolmaro,3:58,,,28:14,Malik Beasley,28:00,Kelly Olynyk,27:04,Jordan Clarkson,25:41,Mike Conley,25:22,Jarred Vanderbilt,20:30,Nickeil Alexander-Walker,18:40,Simone Fontecchio,14:52,Walker Kessler,14:24,97,1,9,4.0,44.4,3.0,33.3,2.0,22.2,George Hill,26,1,2022-2023,1.0,3,5.0,MIL,123,Bobby Portis,Serge Ibaka,11:07,A.J. Green,3:58,Jordan Nwora,3:58,Thanasis Antetokounmpo,3:18,,,,,30:09,Grayson Allen,27:46,Jrue Holiday,27:23,Brook Lopez,25:52,Sandro Mamukelashvili,23:28,MarJon Beauchamp,19:23,Jevon Carter,17:25,Pat Connaughton,16:03,Wesley Matthews,13:31
0,.000,4,57.143,1,1.00,113,0,1,100.0,3,.429,3.0,100.0,3.0,7,2,1.000,2,28.571,Logos via Sports Logos.net / About logos,L,https://www.basketball-reference.com/boxscores/202212280CHI.html,Away,119,28:21,0,0.0,CHI,DeMar DeRozan,Dalen Terry,4:16,,,,,,,,,,,44:25,Zach LaVine,42:40,Patrick Williams,41:13,Ayo Dosunmu,37:47,Nikola Vučević,36:30,Goran Dragić,19:30,Javonte Green,16:40,Andre Drummond,16:18,Coby White,5:41,119,3,8,6.0,75.0,0.0,0.0,2.0,25.0,George Hill,6,2,2022-2023,2.0,1,1.0,MIL,113,Giannis Antetokounmpo,,,,,,,,,,,,,42:15,Brook Lopez,37:23,Grayson Allen,30:52,Wesley Matthews,30:51,Bobby Portis,28:21,Jevon Carter,24:50,Pat Connaughton,21:19,Joe Ingles,19:11,MarJon Beauchamp,1:37
1,1.000,1,50.000,3,,138,0,2,100.0,2,1.000,1.0,100.0,1.0,2,0,,0,0.000,Logos via Sports Logos.net / About logos,L,https://www.basketball-reference.com/boxscores/202301060MIL.html,Home,109,12:00,0,0.0,CHO,LaMelo Ball,Bryce McGowens,2:28,Nick Richards,2:28,,,,,,,,,35:47,Terry Rozier,34:05,Jalen McDaniels,32:24,Mason Plumlee,31:22,P.J. Washington,28:05,Cody Martin,21:42,Dennis Smith Jr.,20:19,JT Thor,17:10,Mark Williams,14:10,138,0,5,2.0,40.0,3.0,60.0,0.0,0.0,George Hill,29,1,2022-2023,1.0,0,2.0,MIL,109,MarJon Beauchamp,Jevon Carter,16:06,Jordan Nwora,12:00,Thanasis Antetokounmpo,9:18,Wesley Matthews,9:18,,,,,23:19,Bobby Portis,22:47,Giannis Antetokounmpo,21:58,Grayson Allen,21:29,Joe Ingles,19:27,Jrue Holiday,19:26,Brook Lopez,18:57,A.J. Green,17:46,Pat Connaughton,16:09
1,.333,3,50.000,6,,119,0,0,,4,.667,3.0,100.0,3.0,6,0,,0,0.000,Logos via Sports Logos.net / About logos,W,https://www.basketball-reference.com/boxscores/202301160MIL.html,Home,132,22:28,0,,IND,Buddy Hield,Isaiah Jackson,1:24,,,,,,,,,,,37:59,Myles Turner,36:05,Andrew Nembhard,32:40,T.J. McConnell,31:39,Bennedict Mathurin,28:04,Aaron Nesmith,24:09,Chris Duarte,20:09,Oshae Brissett,17:20,Jalen Smith,10:31,119,2,9,6.0,66.7,3.0,33.3,0.0,0.0,George Hill,13,3,2022-2023,3.0,0,0.0,MIL,132,Jrue Holiday,,,,,,,,,,,,,37:14,Bobby Portis,33:49,Brook Lopez,33:37,Grayson Allen,31:50,Pat Connaughton,28:28,Jordan Nwora,23:15,A.J. Green,11:54,Jevon Carter,11:12,Wesley Matthews,6:13
1,.333,3,75.000,1,,122,0,0,,2,.500,1.0,100.0,1.0,4,0,,0,0.000,Logos via Sports Logos.net / About logos,W,https://www.basketball-reference.com/boxscores/202301170MIL.html,Home,130,13:38,0,,TOR,Gary Trent Jr.,,,,,,,,,,,,,43:05,Pascal Siakam,40:11,Fred VanVleet,37:07,Scottie Barnes,36:43,OG Anunoby,34:59,Precious Achiuwa,26:02,Chris Boucher,14:15,Juancho Hernangómez,7:38,,,122,1,5,2.0,40.0,3.0,60.0,0.0,0.0,George Hill,8,0,2022-2023,0.0,0,0.0,MIL,130,Jrue Holiday,,,,,,,,,,,,,35:20,Bobby Portis,34:36,Grayson Allen,32:56,Joe Ingles,31:15,Pat Connaughton,30:25,Brook Lopez,29:22,Jordan Nwora,19:21,Jevon Carter,7:05,A.J. Green,6:02
1,.333,3,100.000,2,,102,0,0,0.0,1,.333,0.0,,0.0,3,2,1.000,2,66.667,Logos via Sports Logos.net / About logos,L,https://www.basketball-reference.com/boxscores/202301210CLE.html,Away,114,17:44,1,100.0,CLE,Evan Mobley,Dean Wade,10:10,,,,,,,,,,,37:58,Darius Garland,35:32,Caris LeVert,28:33,Jarrett Allen,27:20,Isaac Okoro,24:02,Cedi Osman,22:19,Ricky Rubio,18:47,Kevin Love,18:28,Lamar Stevens,16:51,114,1,5,0.0,0.0,3.0,60.0,2.0,40.0,George Hill,12,1,2022-2023,1.0,0,1.0,MIL,102,Jrue Holiday,,,,,,,,,,,,,37:04,Pat Connaughton,35:30,Brook Lopez,34:26,Bobby Portis,30:57,Joe Ingles,28:15,Grayson Allen,27:56,Jevon Carter,12:09,Jordan Nwora,11:50,A.J. Green,4:09
0,,0,,0,,105,0,0,,0,,0.0,,0.0,0,0,,0,,Logos via Sports Logos.net / About logos,W,https://www.basketball-reference.com/boxscores/202302020MIL.html,Home,106,1:17,0,,LAC,Kawhi Leonard,,,,,,,,,,,,,39:39,Paul George,36:10,Marcus Morris,32:15,Norman Powell,31:04,Ivica Zubac,29:14,Reggie Jackson,24:40,Terance Mann,23:59,Nicolas Batum,16:47,Robert Covington,6:12,105,0,0,0.0,,0.0,,0.0,,George Hill,1,0,2022-2023,0.0,0,0.0,MIL,106,Giannis Antetokounmpo,,,,,,,,,,,,,36:26,Jrue Holiday,34:13,Pat Connaughton,31:49,Joe Ingles,27:16,Wesley Matthews,24:49,Grayson Allen,24:01,Brook Lopez,23:22,Khris Middleton,19:59,Jevon Carter,16:48
0,,0,,0,,123,0,0,,0,,0.0,,0.0,0,0,,0,,Logos via Sports Logos.net / About logos,L,https://www.basketball-reference.com/boxscores/202302130IND.html,Home,117,9:35,0,,UTA,Lauri Markkanen,Simone Fontecchio,12:47,,,,,,,,,,,36:32,Jordan Clarkson,34:15,Kelly Olynyk,31:23,Collin Sexton,29:27,Ochai Agbaji,29:24,Walker Kessler,19:12,Talen Horton-Tucker,18:33,Rudy Gay,15:38,Udoka Azubuike,12:49,123,0,0,0.0,,0.0,,0.0,,George Hill,6,1,2022-2023,1.0,0,0.0,IND,117,Tyrese Haliburton,,,,,,,,,,,,,34:53,Bennedict Mathurin,31:50,Aaron Nesmith,29:54,Buddy Hield,28:55,Isaiah Jackson,26:03,Andrew Nembhard,23:09,Daniel Theis,21:57,Jordan Nwora,17:24,T.J. McConnell,16:20
1,.500,2,50.000,0,,99,1,1,100.0,3,.750,2.0,100.0,2.0,4,0,,0,0.000,Logos via Sports Logos.net / About logos,L,https://www.basketball-reference.com/boxscores/202303020SAS.html,Away,110,14:58,0,0.0,SAS,Devonte' Graham,Doug McDermott,7:22,Dominick Barlow,4:14,,,,,,,,,32:11,Keita Bates-Diop,31:47,Jeremy Sochan,31:19,Zach Collins,31:09,Malaki Branham,24:20,Devin Vassell,22:31,Tre Jones,20:53,Blake Wesley,17:23,Charles Bassey,16:51,110,2,7,4.0,57.1,3.0,42.9,0.0,0.0,George Hill,11,1,2022-2023,2.0,0,1.0,IND,99,Buddy Hield,,,,,,,,,,,,,34:03,Chris Duarte,33:56,T.J. McConnell,31:04,Myles Turner,30:49,Jordan Nwora,26:17,Andrew Nembhard,20:57,Isaiah Jackson,17:11,Aaron Nesmith,15:58,Bennedict Mathurin,14:47
0,.000,1,25.000,5,1.67,121,0,3,75.0,2,.500,2.0,66.7,3.0,4,0,,0,0.000,Logos via Sports Logos.net / About logos,W,https://www.basketball-reference.com/boxscores/202303110DET.html,Away,115,17:47,1,25.0,DET,Isaiah Livers,,,,,,,,,,,,,37:39,Killian Hayes,36:51,Cory Joseph,27:06,Eugene Omoruyi,26:09,James Wiseman,25:50,Rodney McGruder,23:19,Marvin Bagley III,22:17,Jalen Duren,20:27,R.J. Hampton,20:22,115,1,4,4.0,100.0,0.0,0.0,0.0,0.0,George Hill,6,1,2022-2023,1.0,3,4.0,IND,121,Chris Duarte,,,,,,,,,,,,,32:48,Andrew Nembhard,32:45,Buddy Hield,27:24,Isaiah Jackson,25:41,Jalen Smith,25:21,James Johnson,21:42,Aaron Nesmith,20:42,Oshae Brissett,19:26,Jordan Nwora,16:24
1,.500,2,50.000,2,2.00,97,0,1,100.0,1,.250,0.0,0.0,2.0,4,0,,0,0.000,Logos via Sports Logos.net / About logos,L,https://www.basketball-reference.com/boxscores/202303130DET.html,Away,117,15:27,0,0.0,DET,Cory Joseph,Jared Rhoden,0:52,,,,,,,,,,,32:17,Eugene Omoruyi,31:56,Rodney McGruder,31:30,Killian Hayes,28:46,James Wiseman,24:28,R.J. Hampton,24:09,Jalen Duren,23:32,Buddy Boeheim,22:34,Isaiah Livers,19:53,117,0,3,0.0,0.0,3.0,100.0,0.0,0.0,George Hill,20,0,2022-2023,0.0,1,1.0,IND,97,Andrew Nembhard,,,,,,,,,,,,,35:59,Jordan Nwora,31:16,Aaron Nesmith,30:34,Oshae Brissett,27:53,Isaiah Jackson,27:09,Chris Duarte,24:09,Buddy Hield,22:20,Jalen Smith,20:51,James Johnson,4:22
3,.750,4,66.667,2,,139,1,2,100.0,5,.833,2.0,100.0,2.0,6,2,1.000,2,33.333,Logos via Sports Logos.net / About logos,W,https://www.basketball-reference.com/boxscores/202303160MIL.html,Away,123,23:17,0,0.0,MIL,Bobby Portis,A.J. Green,7:49,Lindell Wigginton,2:13,MarJon Beauchamp,2:13,,,,,,,33:05,Khris Middleton,32:36,Jrue Holiday,32:13,Pat Connaughton,30:50,Joe Ingles,27:48,Giannis Antetokounmpo,26:34,Meyers Leonard,16:19,Jevon Carter,15:01,Wesley Matthews,13:19,123,2,15,4.0,26.7,9.0,60.0,2.0,13.3,George Hill,16,1,2022-2023,2.0,0,2.0,IND,139,Buddy Hield,,,,,,,,,,,,,33:54,Jordan Nwora,33:14,Aaron Nesmith,31:08,T.J. McConnell,29:52,Andrew Nembhard,27:46,Myles Turner,25:10,Jalen Smith,22:50,Oshae Brissett,11:17,Isaiah Jackson,1:32
0,.000,3,100.000,1,1.00,141,1,4,100.0,0,.000,0.0,,0.0,3,0,,0,0.000,Logos via Sports Logos.net / About logos,L,https://www.basketball-reference.com/boxscores/202303180IND.html,Home,121,18:09,0,0.0,PHI,Tyrese Maxey,Jaden Springer,3:21,Dewayne Dedmon,2:49,Furkan Korkmaz,1:36,,,,,,,35:19,De'Anthony Melton,34:13,Tobias Harris,32:23,Joel Embiid,29:33,Shake Milton,28:00,Georges Niang,22:38,Danuel House Jr.,18:45,Jalen McDaniels,15:45,Paul Reed,15:38,141,2,0,0.0,,0.0,,0.0,,George Hill,20,0,2022-2023,1.0,1,4.0,IND,121,Andrew Nembhard,,,,,,,,,,,,,36:57,Aaron Nesmith,32:15,Myles Turner,29:38,Buddy Hield,29:34,Jordan Nwora,29:13,T.J. McConnell,26:36,Oshae Brissett,19:16,Jalen Smith,18:22,,
0,.000,1,100.000,2,,95,0,1,100.0,0,.000,0.0,,0.0,1,0,,0,0.000,Logos via Sports Logos.net / About logos,L,https://www.basketball-reference.com/boxscores/202303240BOS.html,Away,120,7:22,0,0.0,BOS,Derrick White,Mike Muscala,4:34,JD Davison,2:02,,,,,,,,,37:45,Jaylen Brown,33:22,Jayson Tatum,32:26,Grant Williams,29:12,Al Horford,28:31,Marcus Smart,26:57,Sam Hauser,23:40,Robert Williams,15:30,Luke Kornet,6:01,120,1,0,0.0,,0.0,,0.0,,George Hill,25,1,2022-2023,1.0,0,1.0,IND,95,Tyrese Haliburton,Oshae Brissett,7:22,James Johnson,7:22,Jalen Smith,7:22,,,,,,,28:59,Buddy Hield,25:55,Bennedict Mathurin,25:03,Myles Turner,24:19,Andrew Nembhard,23:32,T.J. McConnell,22:36,Isaiah Jackson,22:20,Aaron Nesmith,19:33,Jordan Nwora,18:15
0,,0,,0,,127,0,1,100.0,0,,0.0,,0.0,0,0,,0,,Logos via Sports Logos.net / About logos,L,https://www.basketball-reference.com/boxscores/202303270IND.html,Home,104,5:52,0,0.0,DAL,Kyrie Irving,Dwight Powell,11:44,Markieff Morris,10:43,Justin Holiday,9:05,Dāvis Bertāns,6:57,Theo Pinson,6:43,McKinley Wright IV,5:12,29:50,Luka Dončić,28:01,Tim Hardaway Jr.,24:09,Jaden Hardy,23:59,Reggie Bullock,21:57,Josh Green,20:32,Frank Ntilikina,15:35,JaVale McGee,13:17,Christian Wood,12:16,127,1,0,0.0,,0.0,,0.0,,George Hill,23,0,2022-2023,0.0,0,1.0,IND,104,Bennedict Mathurin,,,,,,,,,,,,,38:22,Andrew Nembhard,36:19,Aaron Nesmith,34:00,Jordan Nwora,30:50,T.J. McConnell,27:41,Isaiah Jackson,24:09,Jalen Smith,23:51,Oshae Brissett,18:56,,
0,,0,,1,,149,0,0,,0,,0.0,,0.0,0,2,1.000,2,,Logos via Sports Logos.net / About logos,L,https://www.basketball-reference.com/boxscores/202303290IND.html,Home,136,13:58,0,,MIL,Jrue Holiday,Goran Dragić,4:42,Thanasis Antetokounmpo,2:14,MarJon Beauchamp,2:14,,,,,,,32:28,Giannis Antetokounmpo,32:10,Brook Lopez,31:19,Jevon Carter,27:30,Grayson Allen,25:58,Bobby Portis,23:13,Wesley Matthews,20:21,Pat Connaughton,19:42,A.J. Green,18:09,149,1,2,0.0,0.0,0.0,0.0,2.0,100.0,George Hill,13,1,2022-2023,1.0,0,0.0,IND,136,Bennedict Mathurin,,,,,,,,,,,,,40:34,Jordan Nwora,34:29,Aaron Nesmith,30:50,Andrew Nembhard,27:41,Oshae Brissett,24:12,Isaiah Jackson,22:27,T.J. McConnell,20:16,Jalen Smith,19:34,James Johnson,5:59
1,.500,2,40.000,5,5.00,122,0,0,0.0,3,.600,2.0,66.7,3.0,5,2,1.000,2,40.000,Logos via Sports Logos.net / About logos,L,https://www.basketball-reference.com/boxscores/202304070IND.html,Home,115,17:55,1,100.0,DET,Jaden Ivey,,,,,,,,,,,,,42:05,Killian Hayes,39:52,Jared Rhoden,34:08,Cory Joseph,32:32,R.J. Hampton,31:59,Jalen Duren,22:57,Marvin Bagley III,22:50,James Wiseman,7:31,Buddy Boeheim,6:06,122,1,9,4.0,44.4,3.0,33.3,2.0,22.2,George Hill,7,0,2022-2023,0.0,1,1.0,IND,115,Bennedict Mathurin,,,,,,,,,,,,,38:35,Andrew Nembhard,30:05,Gabe York,29:28,Isaiah Jackson,29:22,Jordan Nwora,24:57,Buddy Hield,21:48,James Johnson,18:38,Aaron Nesmith,17:25,Oshae Brissett,11:47
5,.833,6,85.714,3,3.00,141,0,3,100.0,5,.714,0.0,0.0,1.0,7,2,.667,3,42.857,Logos via Sports Logos.net / About logos,W,https://www.basketball-reference.com/boxscores/202304090NYK.html,Away,136,21:56,0,0.0,NYK,RJ Barrett,,,,,,,,,,,,,37:17,Immanuel Quickley,36:47,Obi Toppin,36:33,Quentin Grimes,31:54,Mitchell Robinson,27:11,Josh Hart,25:30,Isaiah Hartenstein,20:49,Miles McBride,12:16,Evan Fournier,11:43,136,3,17,0.0,0.0,15.0,88.2,2.0,11.8,George Hill,5,1,2022-2023,1.0,1,3.0,IND,141,Andrew Nembhard,,,,,,,,,,,,,37:34,Bennedict Mathurin,36:49,Oshae Brissett,27:49,Isaiah Jackson,25:40,Aaron Nesmith,24:30,Buddy Hield,23:29,Jordan Nwora,23:20,Gabe York,12:21,James Johnson,6:32
