3P,3P%,3PA,3PAr,AST,AST/TOV,Away_Score,BLK,DRB,DRB_Pct_of_TRB,FG,FG%,FG2,FG2%,FG2A,FGA,FT,FT%,FTA,FTr,Game_Date,Game_Result,Game_URL,Home/Away,Home_Score,MP,ORB,ORB_Pct_of_TRB,Opponent,Opponent_1,Opponent_10,Opponent_10_MP,Opponent_11,Opponent_11_MP,Opponent_12,Opponent_12_MP,Opponent_13,Opponent_13_MP,Opponent_14,Opponent_14_MP,Opponent_15,Opponent_15_MP,Opponent_1_MP,Opponent_2,Opponent_2_MP,Opponent_3,Opponent_3_MP,Opponent_4,Opponent_4_MP,Opponent_5,Opponent_5_MP,Opponent_6,Opponent_6_MP,Opponent_7,Opponent_7_MP,Opponent_8,Opponent_8_MP,Opponent_9,Opponent_9_MP,Opponent_Score,PF,PTS,PTS_2P,PTS_2P_Pct,PTS_3P,PTS_3P_Pct,PTS_FT,PTS_FT_Pct,Player,Point_Differential,STL,Season,Stocks,TOV,TRB,Team,Team_Score,Teammate_1,Teammate_10,Teammate_10_MP,Teammate_11,Teammate_11_MP,Teammate_12,Teammate_12_MP,Teammate_13,Teammate_13_MP,Teammate_14,Teammate_14_MP,Teammate_15,Teammate_15_MP,Teammate_1_MP,Teammate_2,Teammate_2_MP,Teammate_3,Teammate_3_MP,Teammate_4,Teammate_4_MP,Teammate_5,Teammate_5_MP,Teammate_6,Teammate_6_MP,Teammate_7,Teammate_7_MP,Teammate_8,Teammate_8_MP,Teammate_9,Teammate_9_MP
1,.143,7,53.846,2,2.00,141,0,2,100.0,2,.154,1.0,16.7,6.0,13,0,,0,0.000,Logos via Sports Logos.net / About logos,L,https://www.basketball-reference.com/boxscores/201910240GSW.html,Home,122,20:48,0,0.0,LAC,Landry Shamet,Mfiondu Kabengele,4:06,Johnathan Motley,4:06,Jerome Robinson,4:06,Terance Mann,4:06,,,,,33:56,Lou Williams,29:24,Patrick Beverley,28:14,Patrick Patterson,28:10,Montrezl Harrell,24:34,Maurice Harkless,24:16,Kawhi Leonard,21:26,Ivica Zubac,17:52,JaMychal Green,15:44,141,0,5,2.0,40.0,3.0,60.0,0.0,0.0,Jordan Poole,19,1,2019-2020,1.0,1,2.0,GSW,122,D'Angelo Russell,Damion Lee,4:19,Ky Bowman,4:06,,,,,,,,,33:15,Eric Paschall,31:28,Glenn Robinson III,30:14,Stephen Curry,29:48,Draymond Green,28:25,Jacob Evans,21:43,Marquese Chriss,14:29,Omari Spellman,10:58,Kevon Looney,10:27
1,.200,5,55.556,1,0.50,92,0,2,100.0,1,.111,0.0,0.0,4.0,9,3,1.000,3,33.333,Logos via Sports Logos.net / About logos,L,https://www.basketball-reference.com/boxscores/201910270OKC.html,Away,120,23:27,0,0.0,OKC,Terrance Ferguson,Abdel Nader,12:28,Deonte Burton,8:36,Mike Muscala,7:45,Justin Patton,6:21,,,,,29:50,Shai Gilgeous-Alexander,29:40,Darius Bazley,26:19,Steven Adams,25:24,Dennis Schröder,25:20,Danilo Gallinari,21:41,Chris Paul,19:04,Nerlens Noel,14:51,Hamidou Diallo,12:41,120,1,6,0.0,0.0,3.0,50.0,3.0,50.0,Jordan Poole,28,1,2019-2020,1.0,2,2.0,GSW,92,Stephen Curry,Ky Bowman,12:00,,,,,,,,,,,30:08,Omari Spellman,24:49,Eric Paschall,24:04,Draymond Green,23:57,Marquese Chriss,23:10,D'Angelo Russell,22:23,Glenn Robinson III,20:46,Jacob Evans,18:15,Damion Lee,17:01
3,.600,5,50.000,0,0.00,134,0,1,100.0,4,.400,1.0,20.0,5.0,10,2,1.000,2,20.000,Logos via Sports Logos.net / About logos,W,https://www.basketball-reference.com/boxscores/201910280NOP.html,Away,123,26:26,0,0.0,NOP,Josh Hart,Nicolò Melli,12:04,,,,,,,,,,,31:13,Lonzo Ball,31:05,Brandon Ingram,31:04,Kenrich Williams,26:28,JJ Redick,25:06,Nickeil Alexander-Walker,23:45,Jaxson Hayes,23:37,Frank Jackson,23:19,Jahlil Okafor,12:18,123,5,13,2.0,15.4,9.0,69.2,2.0,15.4,Jordan Poole,11,2,2019-2020,2.0,1,1.0,GSW,134,Draymond Green,Jacob Evans,3:14,,,,,,,,,,,33:53,D'Angelo Russell,33:39,Stephen Curry,31:00,Glenn Robinson III,30:58,Damion Lee,27:52,Eric Paschall,19:17,Omari Spellman,17:29,Marquese Chriss,8:34,Ky Bowman,7:37
2,.400,5,62.500,2,2.00,121,0,4,100.0,2,.250,0.0,0.0,3.0,8,3,1.000,3,37.500,Logos via Sports Logos.net / About logos,L,https://www.basketball-reference.com/boxscores/201910300GSW.html,Home,110,21:05,0,0.0,PHO,Devin Booker,Tyler Johnson,12:10,Cheick Diallo,2:08,Elie Okobo,2:08,,,,,,,35:55,Ricky Rubio,33:02,Kelly Oubre Jr.,32:34,Dario Šarić,31:23,Aron Baynes,28:01,Frank Kaminsky,17:51,Mikal Bridges,15:26,Jevon Carter,14:58,Cameron Johnson,14:23,121,2,9,0.0,0.0,6.0,66.7,3.0,33.3,Jordan Poole,11,0,2019-2020,0.0,1,4.0,GSW,110,Eric Paschall,Damion Lee,11:06,,,,,,,,,,,37:33,Glenn Robinson III,31:03,D'Angelo Russell,29:48,Draymond Green,23:45,Omari Spellman,22:23,Stephen Curry,21:09,Alec Burks,17:49,Willie Cauley-Stein,12:19,Ky Bowman,12:00
4,.571,7,53.846,1,1.00,127,0,0,,7,.538,3.0,50.0,6.0,13,2,1.000,2,15.385,Logos via Sports Logos.net / About logos,L,https://www.basketball-reference.com/boxscores/201911010GSW.html,Home,110,28:37,0,,SAS,DeMar DeRozan,DeMarre Carroll,16:31,Chimezie Metu,3:49,Lonnie Walker IV,2:11,Drew Eubanks,1:58,,,,,29:18,Trey Lyles,28:10,Bryn Forbes,26:24,LaMarcus Aldridge,26:04,Derrick White,25:59,Patty Mills,22:01,Marco Belinelli,21:36,Jakob Poeltl,18:07,Rudy Gay,17:52,127,3,20,6.0,30.0,12.0,60.0,2.0,10.0,Jordan Poole,17,0,2019-2020,0.0,1,0.0,GSW,110,Draymond Green,Omari Spellman,5:02,,,,,,,,,,,34:26,D'Angelo Russell,33:02,Glenn Robinson III,26:40,Damion Lee,25:15,Eric Paschall,20:04,Marquese Chriss,19:20,Willie Cauley-Stein,17:01,Alec Burks,15:35,Ky Bowman,14:58
0,.000,2,22.222,3,1.00,93,0,1,100.0,2,.222,2.0,28.6,7.0,9,1,1.000,1,11.111,Logos via Sports Logos.net / About logos,L,https://www.basketball-reference.com/boxscores/201911020GSW.html,Home,87,30:45,0,0.0,CHO,Dwayne Bacon,Cody Martin,4:28,,,,,,,,,,,37:21,Terry Rozier,36:33,P.J. Washington,32:47,Devonte' Graham,30:40,Miles Bridges,29:28,Marvin Williams,24:04,Malik Monk,20:07,Cody Zeller,19:39,Bismack Biyombo,4:53,93,5,5,4.0,80.0,0.0,0.0,1.0,20.0,Jordan Poole,6,0,2019-2020,0.0,3,1.0,GSW,87,Ky Bowman,,,,,,,,,,,,,38:42,Glenn Robinson III,36:22,Eric Paschall,34:59,Damion Lee,26:47,Alec Burks,24:47,Willie Cauley-Stein,21:13,Omari Spellman,18:54,Marquese Chriss,7:31,,
2,.222,9,56.250,5,5.00,118,1,3,100.0,3,.188,1.0,14.3,7.0,16,8,1.000,8,50.000,Logos via Sports Logos.net / About logos,W,https://www.basketball-reference.com/boxscores/201911040GSW.html,Home,127,30:32,0,0.0,POR,Damian Lillard,Gary Trent Jr.,5:12,,,,,,,,,,,37:18,Rodney Hood,35:42,CJ McCollum,33:37,Hassan Whiteside,28:16,Mario Hezonja,25:52,Kent Bazemore,22:21,Anfernee Simons,19:07,Anthony Tolliver,17:10,Skal Labissière,15:25,118,2,16,2.0,12.5,6.0,37.5,8.0,50.0,Jordan Poole,9,0,2019-2020,1.0,1,3.0,GSW,127,Eric Paschall,,,,,,,,,,,,,39:32,Ky Bowman,37:15,Glenn Robinson III,30:46,Damion Lee,29:10,Alec Burks,27:58,Willie Cauley-Stein,15:30,Omari Spellman,15:12,Marquese Chriss,14:05,,
2,.250,8,72.727,2,1.00,112,1,1,50.0,2,.182,0.0,0.0,3.0,11,2,1.000,2,18.182,Logos via Sports Logos.net / About logos,L,https://www.basketball-reference.com/boxscores/201911060HOU.html,Away,129,26:35,1,50.0,HOU,Danuel House Jr.,Tyson Chandler,2:41,,,,,,,,,,,38:44,P.J. Tucker,37:59,Clint Capela,35:39,James Harden,35:18,Russell Westbrook,30:17,Austin Rivers,27:29,Ben McLemore,19:41,Thabo Sefolosha,9:16,Chris Clemons,2:56,129,1,8,0.0,0.0,6.0,75.0,2.0,25.0,Jordan Poole,17,1,2019-2020,2.0,2,2.0,GSW,112,Ky Bowman,,,,,,,,,,,,,35:46,Glenn Robinson III,33:44,Eric Paschall,33:43,Alec Burks,31:24,Damion Lee,27:52,Willie Cauley-Stein,19:59,Omari Spellman,18:15,Marquese Chriss,12:42,,
1,.167,6,60.000,0,0.00,119,1,1,100.0,3,.300,2.0,50.0,4.0,10,2,1.000,2,20.000,Logos via Sports Logos.net / About logos,L,https://www.basketball-reference.com/boxscores/201911080MIN.html,Away,125,25:08,0,0.0,MIN,Andrew Wiggins,Gorgui Dieng,7:43,,,,,,,,,,,44:37,Robert Covington,35:56,Karl-Anthony Towns,35:29,Treveon Graham,32:46,Josh Okogie,31:42,Jake Layman,29:33,Jarrett Culver,22:50,Jordan McLaughlin,15:02,Noah Vonleh,9:18,125,1,9,4.0,44.4,3.0,33.3,2.0,22.2,Jordan Poole,6,2,2019-2020,3.0,2,1.0,GSW,119,Glenn Robinson III,,,,,,,,,,,,,41:43,D'Angelo Russell,40:05,Eric Paschall,33:56,Alec Burks,31:45,Damion Lee,26:59,Willie Cauley-Stein,24:51,Omari Spellman,15:09,Marquese Chriss,12:58,Ky Bowman,12:22
0,.000,2,33.333,6,3.00,108,0,3,100.0,2,.333,2.0,50.0,4.0,6,0,,0,0.000,Logos via Sports Logos.net / About logos,L,https://www.basketball-reference.com/boxscores/201911090OKC.html,Away,114,34:57,0,0.0,OKC,Shai Gilgeous-Alexander,Nerlens Noel,7:16,,,,,,,,,,,36:33,Dennis Schröder,33:12,Chris Paul,30:34,Danilo Gallinari,30:27,Steven Adams,25:08,Hamidou Diallo,23:14,Terrance Ferguson,20:27,Darius Bazley,17:33,Mike Muscala,15:36,114,4,4,4.0,100.0,0.0,0.0,0.0,0.0,Jordan Poole,6,2,2019-2020,2.0,2,3.0,GSW,108,Alec Burks,,,,,,,,,,,,,36:41,Glenn Robinson III,34:15,D'Angelo Russell,34:11,Marquese Chriss,24:28,Willie Cauley-Stein,23:32,Damion Lee,22:20,Ky Bowman,17:26,Omari Spellman,12:10,,
1,.333,3,27.273,2,1.00,122,0,5,83.3,5,.455,4.0,50.0,8.0,11,0,.000,1,9.091,Logos via Sports Logos.net / About logos,L,https://www.basketball-reference.com/boxscores/201911110GSW.html,Home,108,32:16,1,16.7,UTA,Rudy Gobert,Stanton Kidd,1:51,Georges Niang,1:51,Nigel Williams-Goss,1:51,Miye Oni,1:31,,,,,34:30,Donovan Mitchell,33:01,Mike Conley,31:13,Bojan Bogdanović,30:24,Royce O'Neale,27:37,Joe Ingles,27:00,Jeff Green,20:45,Emmanuel Mudiay,14:56,Tony Bradley,13:30,122,4,11,8.0,72.7,3.0,27.3,0.0,0.0,Jordan Poole,14,0,2019-2020,0.0,2,6.0,GSW,108,D'Angelo Russell,,,,,,,,,,,,,32:20,Eric Paschall,29:49,Willie Cauley-Stein,26:14,Glenn Robinson III,24:08,Draymond Green,22:20,Damion Lee,21:58,Alec Burks,18:44,Marquese Chriss,16:31,Ky Bowman,15:40
3,.250,12,80.000,0,0.00,94,0,1,100.0,4,.267,1.0,33.3,3.0,15,0,,0,0.000,Logos via Sports Logos.net / About logos,L,https://www.basketball-reference.com/boxscores/201911130LAL.html,Away,120,31:32,0,0.0,LAL,Kyle Kuzma,Danny Green,18:38,,,,,,,,,,,30:15,JaVale McGee,27:36,Alex Caruso,27:05,LeBron James,26:29,Quinn Cook,24:23,Avery Bradley,23:37,Jared Dudley,22:43,Dwight Howard,20:24,Kentavious Caldwell-Pope,18:50,120,2,11,2.0,18.2,9.0,81.8,0.0,0.0,Jordan Poole,26,1,2019-2020,1.0,1,1.0,GSW,94,Eric Paschall,,,,,,,,,,,,,32:23,D'Angelo Russell,31:00,Draymond Green,28:14,Glenn Robinson III,27:56,Willie Cauley-Stein,22:42,Alec Burks,21:37,Marquese Chriss,16:34,Omari Spellman,15:27,Ky Bowman,12:35
0,.000,5,62.500,1,1.00,105,0,6,100.0,1,.125,1.0,33.3,3.0,8,2,1.000,2,25.000,Logos via Sports Logos.net / About logos,L,https://www.basketball-reference.com/boxscores/201911150GSW.html,Home,100,21:40,0,0.0,BOS,Jayson Tatum,Robert Williams,10:02,Semi Ojeleye,4:14,,,,,,,,,37:54,Marcus Smart,34:55,Kemba Walker,34:52,Jaylen Brown,34:47,Daniel Theis,21:51,Brad Wanamaker,18:25,Grant Williams,15:37,Enes Freedom,14:41,Carsen Edwards,12:42,105,4,4,2.0,50.0,0.0,0.0,2.0,50.0,Jordan Poole,5,1,2019-2020,1.0,1,6.0,GSW,100,Draymond Green,,,,,,,,,,,,,34:02,Eric Paschall,33:25,Glenn Robinson III,32:12,Alec Burks,30:30,D'Angelo Russell,25:06,Willie Cauley-Stein,25:04,Ky Bowman,13:31,Marquese Chriss,12:55,Omari Spellman,11:34
0,.000,3,42.857,3,1.50,100,0,5,100.0,0,.000,0.0,0.0,4.0,7,0,.000,1,14.286,Logos via Sports Logos.net / About logos,L,https://www.basketball-reference.com/boxscores/201911170NOP.html,Away,108,23:09,0,0.0,NOP,Jrue Holiday,,,,,,,,,,,,,37:28,JJ Redick,35:50,Kenrich Williams,35:50,Nickeil Alexander-Walker,34:31,Jaxson Hayes,31:57,Nicolò Melli,26:48,E'Twaun Moore,24:28,Josh Gray,7:16,Zylan Cheatham,5:52,108,1,0,0.0,,0.0,,0.0,,Jordan Poole,8,0,2019-2020,0.0,2,5.0,GSW,100,Glenn Robinson III,,,,,,,,,,,,,35:20,Eric Paschall,34:40,Draymond Green,32:30,Alec Burks,29:44,Ky Bowman,27:39,Willie Cauley-Stein,24:38,Marquese Chriss,18:22,Omari Spellman,13:57,,
1,.200,5,62.500,3,,114,1,2,66.7,2,.250,1.0,33.3,3.0,8,0,,0,0.000,Logos via Sports Logos.net / About logos,W,https://www.basketball-reference.com/boxscores/201911190MEM.html,Away,95,16:32,1,33.3,MEM,Ja Morant,Marko Gudurić,6:09,De'Anthony Melton,5:29,Bruno Caboclo,1:26,,,,,,,34:35,Jae Crowder,33:08,Dillon Brooks,32:20,Jonas Valančiūnas,26:29,Brandon Clarke,25:43,Solomon Hill,22:01,Kyle Anderson,20:47,Jaren Jackson Jr.,18:28,Tyus Jones,13:25,95,0,5,2.0,40.0,3.0,60.0,0.0,0.0,Jordan Poole,19,0,2019-2020,1.0,0,3.0,GSW,114,Alec Burks,,,,,,,,,,,,,35:41,Draymond Green,34:38,Glenn Robinson III,33:42,Willie Cauley-Stein,26:21,Ky Bowman,24:44,Eric Paschall,24:22,Omari Spellman,22:48,Marquese Chriss,21:12,,
0,.000,4,28.571,7,7.00,94,0,1,100.0,5,.357,5.0,50.0,10.0,14,1,.500,2,14.286,Logos via Sports Logos.net / About logos,L,https://www.basketball-reference.com/boxscores/201911200DAL.html,Away,142,30:03,0,0.0,DAL,Justin Jackson,Maxi Kleber,13:46,Courtney Lee,12:00,Ryan Broekhoff,12:00,,,,,,,29:26,Luka Dončić,25:30,Dwight Powell,24:46,Kristaps Porziņģis,24:09,Jalen Brunson,22:30,Tim Hardaway Jr.,22:05,Boban Marjanović,19:31,Dorian Finney-Smith,18:34,Delon Wright,15:43,142,3,11,10.0,90.9,0.0,0.0,1.0,9.1,Jordan Poole,48,0,2019-2020,0.0,1,1.0,GSW,94,Eric Paschall,,,,,,,,,,,,,40:05,Ky Bowman,32:00,Alec Burks,28:39,Omari Spellman,28:25,Glenn Robinson III,28:21,Marquese Chriss,26:56,Willie Cauley-Stein,25:29,,,,
1,.200,5,38.462,1,1.00,109,0,1,100.0,4,.308,3.0,37.5,8.0,13,4,1.000,4,30.769,Logos via Sports Logos.net / About logos,L,https://www.basketball-reference.com/boxscores/201911220UTA.html,Away,113,25:14,0,0.0,UTA,Donovan Mitchell,Dante Exum,6:29,,,,,,,,,,,34:59,Bojan Bogdanović,34:33,Rudy Gobert,34:33,Royce O'Neale,31:32,Mike Conley,30:52,Joe Ingles,27:26,Jeff Green,17:09,Emmanuel Mudiay,15:29,Tony Bradley,6:58,113,2,13,6.0,46.2,3.0,23.1,4.0,30.8,Jordan Poole,4,0,2019-2020,0.0,1,1.0,GSW,109,Ky Bowman,,,,,,,,,,,,,36:25,Glenn Robinson III,35:47,Alec Burks,34:40,Eric Paschall,29:32,Omari Spellman,28:18,Willie Cauley-Stein,28:03,Marquese Chriss,22:01,,,,
2,.400,5,38.462,4,4.00,100,0,5,83.3,3,.231,1.0,12.5,8.0,13,3,.750,4,30.769,Logos via Sports Logos.net / About logos,L,https://www.basketball-reference.com/boxscores/201911250GSW.html,Home,97,24:22,1,16.7,OKC,Chris Paul,Deonte Burton,7:44,,,,,,,,,,,34:55,Dennis Schröder,34:08,Danilo Gallinari,33:35,Shai Gilgeous-Alexander,31:30,Steven Adams,27:37,Terrance Ferguson,27:17,Nerlens Noel,20:23,Darius Bazley,12:20,Abdel Nader,10:31,100,1,11,2.0,18.2,6.0,54.5,3.0,27.3,Jordan Poole,3,1,2019-2020,1.0,1,6.0,GSW,97,Ky Bowman,,,,,,,,,,,,,38:33,Glenn Robinson III,36:08,Alec Burks,32:58,Eric Paschall,31:25,Willie Cauley-Stein,29:24,Omari Spellman,23:48,Marquese Chriss,23:22,,,,
0,.000,4,66.667,2,0.67,90,0,3,100.0,2,.333,2.0,100.0,2.0,6,2,.667,3,50.000,Logos via Sports Logos.net / About logos,W,https://www.basketball-reference.com/boxscores/201911270GSW.html,Home,104,22:02,0,0.0,CHI,Zach LaVine,Daniel Gafford,8:39,Shaquille Harrison,7:17,Denzel Valentine,5:34,Chandler Hutchison,2:07,,,,,36:12,Tomáš Satoranský,35:02,Wendell Carter Jr.,30:30,Coby White,26:02,Lauri Markkanen,25:18,Thaddeus Young,21:11,Kris Dunn,18:42,Ryan Arcidiacono,13:04,Luke Kornet,10:22,90,2,6,4.0,66.7,0.0,0.0,2.0,33.3,Jordan Poole,14,0,2019-2020,0.0,3,3.0,GSW,104,Eric Paschall,,,,,,,,,,,,,35:41,Alec Burks,35:20,Glenn Robinson III,34:21,Ky Bowman,27:40,Omari Spellman,24:23,Draymond Green,23:38,Marquese Chriss,20:19,Willie Cauley-Stein,16:36,,
5,.833,6,60.000,1,,105,0,1,100.0,5,.500,0.0,0.0,4.0,10,5,.833,6,60.000,Logos via Sports Logos.net / About logos,L,https://www.basketball-reference.com/boxscores/201911290MIA.html,Away,122,28:17,0,0.0,MIA,Kendrick Nunn,Meyers Leonard,16:08,,,,,,,,,,,28:32,Jimmy Butler,27:46,Tyler Herro,26:56,Goran Dragić,26:48,Justise Winslow,26:11,Kelly Olynyk,24:52,Bam Adebayo,24:19,Duncan Robinson,20:37,Chris Silva,17:48,122,1,20,0.0,0.0,15.0,75.0,5.0,25.0,Jordan Poole,17,0,2019-2020,0.0,0,1.0,GSW,105,Ky Bowman,,,,,,,,,,,,,32:28,Alec Burks,31:11,Glenn Robinson III,29:09,Eric Paschall,28:57,Willie Cauley-Stein,24:01,Marquese Chriss,23:59,Omari Spellman,22:39,Draymond Green,19:18,,
0,.000,4,50.000,0,,96,1,0,,0,.000,0.0,0.0,4.0,8,1,.500,2,25.000,Logos via Sports Logos.net / About logos,L,https://www.basketball-reference.com/boxscores/201912010ORL.html,Away,100,15:48,0,,ORL,Evan Fournier,Melvin Frazier,0:46,,,,,,,,,,,34:34,Jonathan Isaac,33:19,Khem Birch,30:27,Aaron Gordon,30:06,Markelle Fultz,30:00,Terrence Ross,28:56,D.J. Augustin,24:14,Mo Bamba,17:27,Wes Iwundu,10:11,100,0,1,0.0,0.0,0.0,0.0,1.0,100.0,Jordan Poole,4,0,2019-2020,1.0,0,0.0,GSW,96,Glenn Robinson III,,,,,,,,,,,,,37:28,Alec Burks,36:13,Eric Paschall,35:05,Ky Bowman,28:34,Willie Cauley-Stein,24:03,Draymond Green,23:23,Marquese Chriss,22:44,Omari Spellman,16:42,,
0,.000,3,60.000,2,2.00,79,1,2,100.0,0,.000,0.0,0.0,2.0,5,0,,0,0.000,Logos via Sports Logos.net / About logos,L,https://www.basketball-reference.com/boxscores/201912020ATL.html,Away,104,19:40,0,0.0,ATL,Trae Young,Tyrone Wallace,10:34,Bruno Fernando,7:12,Brandon Goodwin,2:27,,,,,,,33:51,De'Andre Hunter,31:39,DeAndre' Bembry,28:08,Jabari Parker,28:05,Damian Jones,25:40,Cam Reddish,23:35,Evan Turner,19:50,Alex Len,17:06,Vince Carter,11:53,104,0,0,0.0,,0.0,,0.0,,Jordan Poole,25,3,2019-2020,4.0,1,2.0,GSW,79,Ky Bowman,,,,,,,,,,,,,36:48,Eric Paschall,35:59,Glenn Robinson III,34:28,Alec Burks,31:35,Omari Spellman,27:44,Marquese Chriss,19:49,Willie Cauley-Stein,19:14,Kevon Looney,14:43,,
0,.000,2,66.667,1,,91,0,0,,0,.000,0.0,0.0,1.0,3,0,,0,0.000,Logos via Sports Logos.net / About logos,L,https://www.basketball-reference.com/boxscores/201912040CHO.html,Away,106,11:08,0,,CHO,Devonte' Graham,Dwayne Bacon,13:10,,,,,,,,,,,35:54,Terry Rozier,35:38,P.J. Washington,33:27,Marvin Williams,27:21,Nicolas Batum,24:47,Miles Bridges,18:35,Cody Zeller,17:38,Bismack Biyombo,17:34,Malik Monk,15:55,106,0,0,0.0,,0.0,,0.0,,Jordan Poole,15,0,2019-2020,0.0,0,0.0,GSW,91,Eric Paschall,Kevon Looney,12:18,,,,,,,,,,,36:11,Glenn Robinson III,30:17,Alec Burks,30:13,D'Angelo Russell,24:47,Draymond Green,24:36,Ky Bowman,24:31,Willie Cauley-Stein,17:57,Marquese Chriss,14:48,Omari Spellman,13:11
0,.000,1,33.333,0,,100,0,0,,0,.000,0.0,0.0,2.0,3,1,1.000,1,33.333,Logos via Sports Logos.net / About logos,W,https://www.basketball-reference.com/boxscores/201912060CHI.html,Away,98,5:48,0,,CHI,Lauri Markkanen,Shaquille Harrison,6:17,Luke Kornet,5:36,,,,,,,,,36:07,Wendell Carter Jr.,34:58,Zach LaVine,34:11,Tomáš Satoranský,32:19,Kris Dunn,28:32,Coby White,19:28,Ryan Arcidiacono,15:41,Denzel Valentine,13:49,Daniel Gafford,13:02,98,0,1,0.0,0.0,0.0,0.0,1.0,100.0,Jordan Poole,2,0,2019-2020,0.0,0,0.0,GSW,100,Glenn Robinson III,Kevon Looney,7:48,,,,,,,,,,,33:58,Eric Paschall,31:22,Draymond Green,30:18,Alec Burks,29:43,D'Angelo Russell,28:35,Willie Cauley-Stein,24:15,Ky Bowman,20:55,Marquese Chriss,15:13,Omari Spellman,12:05
1,.333,3,100.000,3,,106,0,0,,1,.333,0.0,,0.0,3,1,.333,3,100.000,Logos via Sports Logos.net / About logos,L,https://www.basketball-reference.com/boxscores/201912130UTA.html,Away,114,9:35,0,,UTA,Bojan Bogdanović,,,,,,,,,,,,,37:05,Rudy Gobert,36:24,Donovan Mitchell,35:25,Joe Ingles,33:41,Royce O'Neale,32:48,Emmanuel Mudiay,19:09,Georges Niang,17:38,Jeff Green,16:14,Ed Davis,11:36,114,1,4,0.0,0.0,3.0,75.0,1.0,25.0,Jordan Poole,8,0,2019-2020,0.0,0,0.0,GSW,106,Glenn Robinson III,,,,,,,,,,,,,31:33,D'Angelo Russell,30:21,Alec Burks,29:32,Jacob Evans,27:23,Damion Lee,25:57,Willie Cauley-Stein,23:24,Marquese Chriss,23:05,Omari Spellman,20:49,Kevon Looney,18:21
1,.167,6,85.714,1,1.00,100,0,0,,1,.143,0.0,0.0,1.0,7,2,1.000,2,28.571,Logos via Sports Logos.net / About logos,L,https://www.basketball-reference.com/boxscores/201912150GSW.html,Home,79,16:18,0,,SAC,Harrison Barnes,Justin James,2:44,Caleb Swanigan,1:57,,,,,,,,,33:50,Buddy Hield,33:19,Cory Joseph,31:25,Bogdan Bogdanović,29:28,Trevor Ariza,26:24,Richaun Holmes,25:54,Nemanja Bjelica,22:39,Marvin Bagley III,22:06,Yogi Ferrell,10:14,100,1,5,0.0,0.0,3.0,60.0,2.0,40.0,Jordan Poole,21,2,2019-2020,2.0,1,0.0,GSW,79,Damion Lee,Marquese Chriss,10:35,,,,,,,,,,,34:30,Willie Cauley-Stein,29:43,D'Angelo Russell,27:13,Draymond Green,26:10,Glenn Robinson III,24:23,Alec Burks,22:03,Jacob Evans,19:33,Omari Spellman,18:16,Kevon Looney,11:16
0,.000,2,66.667,0,,112,0,0,,1,.333,1.0,100.0,1.0,3,0,,0,0.000,Logos via Sports Logos.net / About logos,L,https://www.basketball-reference.com/boxscores/201912180POR.html,Away,122,8:52,0,,POR,CJ McCollum,,,,,,,,,,,,,38:19,Damian Lillard,37:16,Hassan Whiteside,32:52,Carmelo Anthony,30:19,Kent Bazemore,29:08,Gary Trent Jr.,20:43,Anfernee Simons,19:14,Anthony Tolliver,17:41,Skal Labissière,14:28,122,1,2,2.0,100.0,0.0,0.0,0.0,0.0,Jordan Poole,10,0,2019-2020,0.0,0,0.0,GSW,112,Alec Burks,Omari Spellman,11:23,,,,,,,,,,,33:22,D'Angelo Russell,32:58,Glenn Robinson III,29:59,Draymond Green,29:25,Damion Lee,24:54,Willie Cauley-Stein,22:36,Eric Paschall,17:56,Marquese Chriss,16:54,Jacob Evans,11:41
1,.333,3,75.000,0,0.00,102,1,2,100.0,1,.250,0.0,0.0,1.0,4,2,1.000,2,50.000,Logos via Sports Logos.net / About logos,W,https://www.basketball-reference.com/boxscores/201912200GSW.html,Home,106,13:07,0,0.0,NOP,Brandon Ingram,Nickeil Alexander-Walker,3:52,,,,,,,,,,,36:46,Jrue Holiday,36:44,JJ Redick,33:15,Kenrich Williams,28:16,Derrick Favors,27:18,Josh Hart,26:31,Lonzo Ball,21:51,Jaxson Hayes,20:16,E'Twaun Moore,5:09,102,1,5,0.0,0.0,3.0,60.0,2.0,40.0,Jordan Poole,4,0,2019-2020,1.0,1,2.0,GSW,106,Damion Lee,Omari Spellman,6:36,Kevon Looney,5:42,,,,,,,,,34:38,D'Angelo Russell,32:15,Draymond Green,31:20,Alec Burks,29:58,Glenn Robinson III,28:07,Willie Cauley-Stein,27:40,Marquese Chriss,12:31,Jacob Evans,11:30,Eric Paschall,6:36
0,,0,0.000,0,,104,0,1,100.0,0,.000,0.0,0.0,2.0,2,0,,0,0.000,Logos via Sports Logos.net / About logos,W,https://www.basketball-reference.com/boxscores/201912230GSW.html,Home,113,6:45,0,0.0,MIN,Andrew Wiggins,Keita Bates-Diop,14:41,Jarrett Culver,13:42,Robert Covington,12:15,Jordan Bell,4:08,,,,,38:36,Gorgui Dieng,29:50,Jordan McLaughlin,22:20,Treveon Graham,20:58,Jeff Teague,19:20,Noah Vonleh,16:36,Kelan Martin,16:27,Jaylen Nowell,16:09,Josh Okogie,14:58,104,0,0,0.0,,0.0,,0.0,,Jordan Poole,9,0,2019-2020,0.0,0,1.0,GSW,113,Alec Burks,Kevon Looney,8:43,Omari Spellman,4:27,,,,,,,,,34:26,D'Angelo Russell,33:21,Draymond Green,32:55,Willie Cauley-Stein,30:15,Damion Lee,28:21,Ky Bowman,22:53,Eric Paschall,15:32,Marquese Chriss,11:52,Jacob Evans,10:29
0,.000,3,60.000,2,,111,0,0,,2,.400,2.0,100.0,2.0,5,0,,0,0.000,Logos via Sports Logos.net / About logos,L,https://www.basketball-reference.com/boxscores/202001040GSW.html,Home,104,18:28,0,,DET,Sekou Doumbouya,Thon Maker,7:09,,,,,,,,,,,38:14,Svi Mykhailiuk,30:23,Bruce Brown,30:20,Andre Drummond,28:39,Derrick Rose,28:13,Tony Snell,21:33,Langston Galloway,20:05,Christian Wood,18:05,Tim Frazier,17:19,111,1,4,4.0,100.0,0.0,0.0,0.0,0.0,Jordan Poole,7,2,2019-2020,2.0,0,0.0,GSW,104,Damion Lee,Ky Bowman,13:32,,,,,,,,,,,32:29,Alec Burks,31:33,Glenn Robinson III,31:15,Draymond Green,21:36,Omari Spellman,20:27,Jacob Evans,19:47,Eric Paschall,19:07,Marquese Chriss,17:36,Willie Cauley-Stein,14:10
1,.333,3,75.000,1,,98,0,1,100.0,2,.500,1.0,100.0,1.0,4,4,1.000,4,100.000,Logos via Sports Logos.net / About logos,L,https://www.basketball-reference.com/boxscores/202001060SAC.html,Away,111,16:19,0,0.0,SAC,Buddy Hield,Caleb Swanigan,6:59,Yogi Ferrell,4:38,Justin James,3:18,,,,,,,35:42,Harrison Barnes,33:27,Trevor Ariza,32:12,De'Aaron Fox,30:18,Nemanja Bjelica,27:17,Cory Joseph,22:04,Richaun Holmes,20:08,Harry Giles,15:46,Wenyen Gabriel,8:11,111,1,9,2.0,22.2,3.0,33.3,4.0,44.4,Jordan Poole,13,2,2019-2020,2.0,0,1.0,GSW,98,Eric Paschall,Alen Smailagić,7:03,,,,,,,,,,,30:52,Damion Lee,29:07,Glenn Robinson III,26:41,Willie Cauley-Stein,26:16,Alec Burks,25:41,Ky Bowman,22:21,Omari Spellman,22:06,Jacob Evans,18:53,Marquese Chriss,14:41
0,.000,1,33.333,2,,107,0,3,100.0,0,.000,0.0,0.0,2.0,3,0,.000,2,66.667,Logos via Sports Logos.net / About logos,L,https://www.basketball-reference.com/boxscores/202001080GSW.html,Home,98,14:26,0,0.0,MIL,Khris Middleton,Robin Lopez,10:37,,,,,,,,,,,33:00,Giannis Antetokounmpo,32:05,Eric Bledsoe,29:39,Pat Connaughton,28:07,Brook Lopez,28:04,Wesley Matthews,27:18,Donte DiVincenzo,24:49,Kyle Korver,13:31,Ersan İlyasova,12:50,107,1,0,0.0,,0.0,,0.0,,Jordan Poole,9,0,2019-2020,0.0,0,3.0,GSW,98,Draymond Green,Alen Smailagić,11:29,,,,,,,,,,,33:38,Damion Lee,32:03,Glenn Robinson III,29:10,Alec Burks,26:24,Ky Bowman,23:07,Willie Cauley-Stein,20:54,Jacob Evans,18:50,Omari Spellman,17:37,Eric Paschall,12:22
1,.200,5,71.429,2,2.00,100,0,0,,2,.286,1.0,50.0,2.0,7,0,,0,0.000,Logos via Sports Logos.net / About logos,L,https://www.basketball-reference.com/boxscores/202001100LAC.html,Away,109,15:31,0,,LAC,Kawhi Leonard,Jerome Robinson,4:07,Patrick Patterson,2:36,Terance Mann,0:06,,,,,,,37:32,Patrick Beverley,35:01,Lou Williams,30:47,Montrezl Harrell,30:12,Landry Shamet,25:51,JaMychal Green,24:04,Maurice Harkless,21:01,Ivica Zubac,15:12,Rodney McGruder,13:31,109,2,5,2.0,40.0,3.0,60.0,0.0,0.0,Jordan Poole,9,0,2019-2020,0.0,1,0.0,GSW,100,Glenn Robinson III,Alen Smailagić,4:18,,,,,,,,,,,33:59,Alec Burks,31:37,Draymond Green,31:03,Damion Lee,30:59,Omari Spellman,27:48,Eric Paschall,18:34,Ky Bowman,18:13,Willie Cauley-Stein,16:13,Jacob Evans,11:45
4,.444,9,81.818,2,2.00,102,0,3,100.0,4,.364,0.0,0.0,2.0,11,1,1.000,1,9.091,Logos via Sports Logos.net / About logos,L,https://www.basketball-reference.com/boxscores/202001120MEM.html,Away,122,27:27,0,0.0,MEM,Ja Morant,Grayson Allen,15:44,Kyle Anderson,13:25,Bruno Caboclo,2:14,Marko Gudurić,2:14,,,,,29:35,Jonas Valančiūnas,28:42,Jaren Jackson Jr.,27:36,Dillon Brooks,26:09,Jae Crowder,20:21,De'Anthony Melton,19:37,Brandon Clarke,18:46,Tyus Jones,18:25,Solomon Hill,17:12,122,2,13,0.0,0.0,12.0,92.3,1.0,7.7,Jordan Poole,20,0,2019-2020,0.0,1,3.0,GSW,102,D'Angelo Russell,,,,,,,,,,,,,34:39,Eric Paschall,29:55,Glenn Robinson III,28:48,Alec Burks,27:32,Omari Spellman,26:46,Draymond Green,23:03,Jacob Evans,17:48,Willie Cauley-Stein,16:58,Alen Smailagić,7:04
3,.429,7,58.333,5,5.00,124,0,2,100.0,6,.500,3.0,60.0,5.0,12,2,.500,4,33.333,Logos via Sports Logos.net / About logos,L,https://www.basketball-reference.com/boxscores/202001140GSW.html,Home,97,28:01,0,0.0,DAL,Luka Dončić,Jalen Brunson,13:29,J.J. Barea,8:12,Courtney Lee,8:12,Antonius Cleveland,8:01,,,,,27:01,Dorian Finney-Smith,26:54,Maxi Kleber,24:19,Dwight Powell,24:08,Tim Hardaway Jr.,23:48,Delon Wright,20:24,Boban Marjanović,20:16,Justin Jackson,19:16,Seth Curry,16:00,124,0,17,6.0,35.3,9.0,52.9,2.0,11.8,Jordan Poole,27,0,2019-2020,0.0,1,2.0,GSW,97,D'Angelo Russell,,,,,,,,,,,,,34:10,Glenn Robinson III,31:37,Alec Burks,29:15,Omari Spellman,27:25,Draymond Green,27:17,Eric Paschall,25:19,Willie Cauley-Stein,17:38,Alen Smailagić,11:58,Jacob Evans,7:20
2,.400,5,55.556,2,2.00,134,0,2,100.0,4,.444,2.0,50.0,4.0,9,0,,0,0.000,Logos via Sports Logos.net / About logos,L,https://www.basketball-reference.com/boxscores/202001160GSW.html,Home,131,11:38,0,0.0,DEN,Nikola Jokić,Juancho Hernangómez,5:08,,,,,,,,,,,43:48,Will Barton,43:03,Malik Beasley,39:13,Michael Porter Jr.,29:18,Jerami Grant,27:20,Mason Plumlee,26:57,Monte Morris,25:51,Torrey Craig,16:55,PJ Dozier,7:27,134,0,10,4.0,40.0,6.0,60.0,0.0,0.0,Jordan Poole,3,2,2019-2020,2.0,1,2.0,GSW,131,Damion Lee,,,,,,,,,,,,,37:12,D'Angelo Russell,36:24,Draymond Green,35:49,Willie Cauley-Stein,33:10,Alec Burks,31:44,Glenn Robinson III,30:38,Eric Paschall,19:53,Omari Spellman,17:06,Marquese Chriss,11:26
4,.400,10,52.632,2,1.00,95,0,3,100.0,8,.421,4.0,44.4,9.0,19,1,1.000,1,5.263,Logos via Sports Logos.net / About logos,W,https://www.basketball-reference.com/boxscores/202001180GSW.html,Home,109,27:45,0,0.0,ORL,Aaron Gordon,Gary Clark,12:23,,,,,,,,,,,35:24,Markelle Fultz,34:02,Nikola Vučević,33:16,Evan Fournier,32:14,Terrence Ross,26:49,Wes Iwundu,20:42,Khem Birch,16:28,Mo Bamba,14:44,Michael Carter-Williams,13:58,95,0,21,8.0,38.1,12.0,57.1,1.0,4.8,Jordan Poole,14,1,2019-2020,1.0,2,3.0,GSW,109,Eric Paschall,,,,,,,,,,,,,34:38,D'Angelo Russell,34:31,Damion Lee,33:04,Alec Burks,32:02,Willie Cauley-Stein,25:03,Omari Spellman,21:18,Ky Bowman,16:38,Marquese Chriss,15:01,,
1,.200,5,45.455,3,,124,0,4,80.0,2,.182,1.0,16.7,6.0,11,4,.667,6,54.545,Logos via Sports Logos.net / About logos,L,https://www.basketball-reference.com/boxscores/202001200POR.html,Away,129,29:37,1,20.0,POR,Anfernee Simons,,,,,,,,,,,,,46:23,Damian Lillard,45:08,Hassan Whiteside,43:31,Carmelo Anthony,42:44,Gary Trent Jr.,41:04,Mario Hezonja,19:23,Nassir Little,14:30,Jaylen Hoard,10:02,Moses Brown,2:15,129,3,9,2.0,22.2,3.0,33.3,4.0,44.4,Jordan Poole,5,1,2019-2020,1.0,0,5.0,GSW,124,Eric Paschall,,,,,,,,,,,,,42:13,D'Angelo Russell,39:54,Alec Burks,39:16,Damion Lee,39:13,Willie Cauley-Stein,32:23,Omari Spellman,21:35,Marquese Chriss,20:49,,,,
0,.000,1,16.667,2,,129,1,1,100.0,0,.000,0.0,0.0,5.0,6,2,1.000,2,33.333,Logos via Sports Logos.net / About logos,L,https://www.basketball-reference.com/boxscores/202001220GSW.html,Home,96,21:34,0,0.0,UTA,Rudy Gobert,Emmanuel Mudiay,9:29,Rayjon Tucker,7:34,Ed Davis,7:17,Juwan Morgan,5:59,,,,,30:16,Bojan Bogdanović,28:54,Royce O'Neale,26:22,Jordan Clarkson,26:14,Joe Ingles,25:04,Donovan Mitchell,22:22,Georges Niang,21:32,Mike Conley,18:30,Tony Bradley,10:27,129,1,2,0.0,0.0,0.0,0.0,2.0,100.0,Jordan Poole,33,0,2019-2020,1.0,0,1.0,GSW,96,D'Angelo Russell,Willie Cauley-Stein,13:50,,,,,,,,,,,27:44,Eric Paschall,25:55,Draymond Green,25:11,Glenn Robinson III,24:49,Damion Lee,24:40,Alec Burks,24:23,Jacob Evans,18:52,Marquese Chriss,17:37,Omari Spellman,15:25
2,.500,4,66.667,2,0.67,129,0,0,,2,.333,0.0,0.0,2.0,6,3,1.000,3,50.000,Logos via Sports Logos.net / About logos,L,https://www.basketball-reference.com/boxscores/202001240GSW.html,Home,118,18:31,0,,IND,Domantas Sabonis,,,,,,,,,,,,,36:30,T.J. Warren,35:10,Aaron Holiday,29:38,T.J. McConnell,29:32,Myles Turner,27:38,Jeremy Lamb,27:37,Doug McDermott,23:46,Justin Holiday,22:10,Edmond Sumner,7:59,129,2,9,0.0,0.0,6.0,66.7,3.0,33.3,Jordan Poole,11,0,2019-2020,0.0,3,0.0,GSW,118,Glenn Robinson III,,,,,,,,,,,,,37:14,D'Angelo Russell,35:50,Draymond Green,31:56,Damion Lee,26:31,Eric Paschall,26:31,Alec Burks,25:54,Marquese Chriss,21:29,Omari Spellman,16:04,,
1,.250,4,80.000,0,,104,0,2,100.0,1,.200,0.0,0.0,1.0,5,0,,0,0.000,Logos via Sports Logos.net / About logos,L,https://www.basketball-reference.com/boxscores/202001280PHI.html,Away,115,15:06,0,0.0,PHI,Tobias Harris,Zhaire Smith,9:50,James Ennis III,4:59,,,,,,,,,36:46,Al Horford,31:29,Ben Simmons,27:16,Joel Embiid,26:15,Shake Milton,25:45,Matisse Thybulle,23:47,Furkan Korkmaz,21:55,Raul Neto,20:44,Mike Scott,11:14,115,2,3,0.0,0.0,3.0,100.0,0.0,0.0,Jordan Poole,11,0,2019-2020,0.0,0,2.0,GSW,104,D'Angelo Russell,,,,,,,,,,,,,36:52,Glenn Robinson III,33:27,Draymond Green,33:27,Marquese Chriss,31:07,Damion Lee,26:54,Alec Burks,25:55,Omari Spellman,18:35,Eric Paschall,11:20,Jacob Evans,7:17
0,.000,4,66.667,1,1.00,104,1,3,100.0,1,.167,1.0,50.0,2.0,6,3,1.000,3,50.000,Logos via Sports Logos.net / About logos,L,https://www.basketball-reference.com/boxscores/202001300BOS.html,Away,119,18:53,0,0.0,BOS,Gordon Hayward,Vincent Poirier,5:34,Romeo Langford,3:29,Carsen Edwards,2:59,,,,,,,32:37,Kemba Walker,31:00,Semi Ojeleye,29:24,Marcus Smart,27:25,Jaylen Brown,26:39,Daniel Theis,25:43,Jayson Tatum,23:52,Grant Williams,16:43,Brad Wanamaker,14:35,119,3,5,2.0,40.0,0.0,0.0,3.0,60.0,Jordan Poole,15,0,2019-2020,1.0,1,3.0,GSW,104,Damion Lee,,,,,,,,,,,,,31:58,D'Angelo Russell,28:20,Glenn Robinson III,27:51,Draymond Green,27:20,Alec Burks,24:23,Eric Paschall,23:13,Marquese Chriss,23:00,Omari Spellman,21:37,Jacob Evans,13:25
1,1.000,1,25.000,3,3.00,131,0,3,100.0,1,.250,0.0,0.0,3.0,4,0,,0,0.000,Logos via Sports Logos.net / About logos,W,https://www.basketball-reference.com/boxscores/202002010CLE.html,Away,112,12:31,0,0.0,CLE,Collin Sexton,John Henson,14:42,Marques Bolden,2:49,,,,,,,,,33:00,Darius Garland,32:03,Kevin Love,29:12,Tristan Thompson,26:19,Kevin Porter Jr.,23:55,Larry Nance Jr.,22:58,Cedi Osman,21:43,Alfonzo McKinnie,18:09,Dante Exum,15:10,112,0,3,0.0,0.0,3.0,100.0,0.0,0.0,Jordan Poole,19,0,2019-2020,0.0,1,3.0,GSW,131,D'Angelo Russell,Kevon Looney,12:30,,,,,,,,,,,28:55,Damion Lee,27:04,Glenn Robinson III,25:50,Draymond Green,25:50,Marquese Chriss,24:55,Alec Burks,23:47,Omari Spellman,22:42,Eric Paschall,22:10,Jacob Evans,13:46
0,,0,0.000,1,1.00,125,0,0,,1,.500,1.0,50.0,2.0,2,0,,0,0.000,Logos via Sports Logos.net / About logos,W,https://www.basketball-reference.com/boxscores/202002030WAS.html,Away,117,14:06,0,,WAS,Bradley Beal,Isaac Bonga,9:47,Ian Mahinmi,9:12,,,,,,,,,39:18,Dāvis Bertāns,32:02,Thomas Bryant,29:26,Rui Hachimura,25:52,Isaiah Thomas,24:31,Ish Smith,23:29,Troy Brown Jr.,22:38,Moritz Wagner,12:16,Gary Payton II,11:29,117,3,2,2.0,100.0,0.0,0.0,0.0,0.0,Jordan Poole,8,0,2019-2020,0.0,1,0.0,GSW,125,Damion Lee,,,,,,,,,,,,,34:11,Draymond Green,33:12,Glenn Robinson III,31:39,Alec Burks,28:59,Jacob Evans,25:42,Marquese Chriss,25:40,Eric Paschall,24:11,Omari Spellman,12:48,Kevon Looney,9:32
1,.143,7,50.000,4,1.33,88,0,2,100.0,6,.429,5.0,71.4,7.0,14,3,1.000,3,21.429,Logos via Sports Logos.net / About logos,L,https://www.basketball-reference.com/boxscores/202002050BRK.html,Away,129,26:36,0,0.0,BRK,Caris LeVert,Theo Pinson,9:30,Džanan Musa,9:27,Chris Chiozza,8:37,Jeremiah Martin,8:37,,,,,26:42,Rodions Kurucs,26:31,Spencer Dinwiddie,24:06,Wilson Chandler,23:22,Joe Harris,22:09,DeAndre Jordan,21:27,Garrett Temple,21:19,Taurean Prince,20:17,Jarrett Allen,17:56,129,2,16,10.0,62.5,3.0,18.8,3.0,18.8,Jordan Poole,41,3,2019-2020,3.0,3,2.0,GSW,88,Eric Paschall,,,,,,,,,,,,,33:27,D'Angelo Russell,32:32,Damion Lee,28:59,Marquese Chriss,28:25,Omari Spellman,27:46,Jacob Evans,23:43,Draymond Green,20:41,Kevon Looney,17:51,,
3,.429,7,58.333,3,3.00,125,0,1,50.0,8,.667,5.0,100.0,5.0,12,0,,0,0.000,Logos via Sports Logos.net / About logos,L,https://www.basketball-reference.com/boxscores/202002080GSW.html,Home,120,22:48,1,50.0,LAL,Anthony Davis,Alex Caruso,6:51,Kentavious Caldwell-Pope,3:31,,,,,,,,,35:10,LeBron James,33:34,Avery Bradley,30:24,Danny Green,29:28,Kyle Kuzma,29:24,Rajon Rondo,21:10,JaVale McGee,20:58,Troy Daniels,16:51,Dwight Howard,12:39,125,2,19,10.0,52.6,9.0,47.4,0.0,0.0,Jordan Poole,5,1,2019-2020,1.0,1,2.0,GSW,120,Andrew Wiggins,Alen Smailagić,14:05,,,,,,,,,,,30:54,Ky Bowman,29:07,Eric Paschall,27:55,Marquese Chriss,27:19,Damion Lee,22:23,Juan Toscano-Anderson,19:27,Zach Norvell,17:22,Kevon Looney,14:25,Jeremy Pargo,14:15
0,.000,4,36.364,2,,113,0,6,100.0,3,.273,3.0,42.9,7.0,11,6,1.000,6,54.545,Logos via Sports Logos.net / About logos,L,https://www.basketball-reference.com/boxscores/202002100GSW.html,Home,101,30:59,0,0.0,MIA,Duncan Robinson,Gabe Vincent,1:37,Chris Silva,0:12,,,,,,,,,36:47,Jimmy Butler,33:04,Jae Crowder,31:28,Goran Dragić,29:35,Bam Adebayo,26:48,Kendrick Nunn,23:09,Kelly Olynyk,20:40,Derrick Jones Jr.,19:47,Andre Iguodala,16:53,113,2,12,6.0,50.0,0.0,0.0,6.0,50.0,Jordan Poole,12,0,2019-2020,0.0,0,6.0,GSW,101,Andrew Wiggins,Jeremy Pargo,9:09,Alen Smailagić,4:51,,,,,,,,,34:04,Draymond Green,31:25,Damion Lee,30:02,Marquese Chriss,26:43,Eric Paschall,16:35,Kevon Looney,16:26,Ky Bowman,15:15,Juan Toscano-Anderson,13:56,Zach Norvell,10:35
2,.286,7,58.333,3,1.50,106,0,3,100.0,4,.333,2.0,40.0,5.0,12,2,1.000,2,16.667,Logos via Sports Logos.net / About logos,L,https://www.basketball-reference.com/boxscores/202002120PHO.html,Away,112,32:01,0,0.0,PHO,Devin Booker,Ty Jerome,8:01,,,,,,,,,,,37:15,Kelly Oubre Jr.,32:20,Mikal Bridges,32:18,Jonah Bolden,26:19,Ricky Rubio,23:34,Elie Okobo,22:00,Cheick Diallo,21:34,Jevon Carter,19:04,Cameron Johnson,17:35,112,1,12,4.0,33.3,6.0,50.0,2.0,16.7,Jordan Poole,6,1,2019-2020,1.0,2,3.0,GSW,106,Andrew Wiggins,Ky Bowman,4:10,,,,,,,,,,,33:47,Damion Lee,31:42,Marquese Chriss,31:06,Draymond Green,30:20,Eric Paschall,26:47,Jeremy Pargo,20:54,Juan Toscano-Anderson,14:00,Zach Norvell,8:01,Alen Smailagić,7:12
3,.300,10,66.667,2,0.67,135,0,3,75.0,7,.467,4.0,80.0,5.0,15,2,.667,3,20.000,Logos via Sports Logos.net / About logos,L,https://www.basketball-reference.com/boxscores/202002200GSW.html,Home,105,32:01,1,25.0,HOU,Russell Westbrook,Thabo Sefolosha,8:38,Michael Frazier,6:04,Bruno Caboclo,5:11,,,,,,,30:22,P.J. Tucker,30:22,James Harden,30:10,Robert Covington,27:22,Austin Rivers,24:45,Jeff Green,24:27,Ben McLemore,20:38,Danuel House Jr.,18:33,DeMarre Carroll,13:28,135,5,19,8.0,42.1,9.0,47.4,2.0,10.5,Jordan Poole,30,1,2019-2020,1.0,3,4.0,GSW,105,Eric Paschall,,,,,,,,,,,,,31:53,Andrew Wiggins,28:57,Damion Lee,28:32,Ky Bowman,27:41,Juan Toscano-Anderson,24:45,Kevon Looney,18:26,Draymond Green,18:11,Marquese Chriss,17:52,Alen Smailagić,11:42
1,.250,4,28.571,5,1.25,115,0,4,100.0,8,.571,7.0,70.0,10.0,14,2,.667,3,21.429,Logos via Sports Logos.net / About logos,L,https://www.basketball-reference.com/boxscores/202002230GSW.html,Home,101,32:38,0,0.0,NOP,Jrue Holiday,Jaxson Hayes,2:53,,,,,,,,,,,38:22,Brandon Ingram,33:43,Zion Williamson,33:08,Josh Hart,27:28,Lonzo Ball,27:03,Derrick Favors,24:04,Nicolò Melli,22:57,JJ Redick,20:52,E'Twaun Moore,9:29,115,1,19,14.0,73.7,3.0,15.8,2.0,10.5,Jordan Poole,14,0,2019-2020,0.0,4,4.0,GSW,101,Damion Lee,,,,,,,,,,,,,34:41,Andrew Wiggins,34:20,Ky Bowman,32:18,Eric Paschall,30:55,Juan Toscano-Anderson,27:32,Dragan Bender,20:05,Kevon Looney,18:47,Alen Smailagić,8:44,,
1,.143,7,50.000,4,1.33,112,0,1,100.0,5,.357,4.0,57.1,7.0,14,2,.667,3,21.429,Logos via Sports Logos.net / About logos,L,https://www.basketball-reference.com/boxscores/202002250GSW.html,Home,94,31:31,0,0.0,SAC,Harrison Barnes,,,,,,,,,,,,,37:55,De'Aaron Fox,31:58,Bogdan Bogdanović,31:54,Kent Bazemore,31:14,Nemanja Bjelica,26:33,Buddy Hield,25:20,Harry Giles,23:42,Cory Joseph,16:02,Alex Len,15:22,112,5,13,8.0,61.5,3.0,23.1,2.0,15.4,Jordan Poole,18,1,2019-2020,1.0,3,1.0,GSW,94,Eric Paschall,,,,,,,,,,,,,36:04,Andrew Wiggins,30:31,Damion Lee,30:24,Marquese Chriss,25:21,Ky Bowman,25:09,Dragan Bender,24:43,Juan Toscano-Anderson,21:32,Kevon Looney,14:45,,
2,.400,5,38.462,8,2.00,116,0,1,100.0,7,.538,5.0,62.5,8.0,13,0,,0,0.000,Logos via Sports Logos.net / About logos,L,https://www.basketball-reference.com/boxscores/202002270GSW.html,Home,86,32:17,0,0.0,LAL,Kyle Kuzma,Alex Caruso,15:27,Quinn Cook,6:47,Troy Daniels,6:47,Jared Dudley,6:47,,,,,28:34,Rajon Rondo,25:46,Anthony Davis,25:11,Dwight Howard,24:22,Kentavious Caldwell-Pope,22:41,Avery Bradley,21:17,Markieff Morris,18:57,JaVale McGee,18:52,Danny Green,18:32,116,0,16,10.0,62.5,6.0,37.5,0.0,0.0,Jordan Poole,30,0,2019-2020,0.0,4,1.0,GSW,86,Damion Lee,,,,,,,,,,,,,33:34,Ky Bowman,30:47,Eric Paschall,26:37,Marquese Chriss,23:04,Dragan Bender,22:14,Mychal Mulder,22:03,Juan Toscano-Anderson,20:24,Kevon Looney,19:16,Draymond Green,9:44
2,.667,3,33.333,7,1.75,124,0,1,33.3,5,.556,3.0,50.0,6.0,9,5,.714,7,77.778,Logos via Sports Logos.net / About logos,L,https://www.basketball-reference.com/boxscores/202003010GSW.html,Home,110,27:47,2,66.7,WAS,Bradley Beal,Moritz Wagner,10:56,Anžejs Pasečņiks,10:38,Gary Payton II,2:12,,,,,,,35:09,Dāvis Bertāns,30:20,Rui Hachimura,29:47,Shabazz Napier,25:12,Jerome Robinson,21:42,Isaac Bonga,21:27,Ish Smith,20:36,Troy Brown Jr.,16:38,Thomas Bryant,15:23,124,2,17,6.0,35.3,6.0,35.3,5.0,29.4,Jordan Poole,14,0,2019-2020,0.0,4,3.0,GSW,110,Andrew Wiggins,,,,,,,,,,,,,35:22,Damion Lee,34:12,Eric Paschall,33:22,Mychal Mulder,31:11,Marquese Chriss,30:13,Juan Toscano-Anderson,28:38,Dragan Bender,19:15,,,,
4,.667,6,85.714,6,,116,0,3,100.0,4,.571,0.0,0.0,1.0,7,3,.750,4,57.143,Logos via Sports Logos.net / About logos,W,https://www.basketball-reference.com/boxscores/202003030DEN.html,Away,100,22:27,0,0.0,DEN,Jamal Murray,Vlatko Čančar,0:55,PJ Dozier,0:55,,,,,,,,,37:44,Gary Harris,34:36,Will Barton,34:31,Nikola Jokić,32:19,Paul Millsap,25:59,Jerami Grant,22:55,Monte Morris,22:45,Mason Plumlee,13:52,Michael Porter Jr.,13:29,100,1,15,0.0,0.0,12.0,80.0,3.0,20.0,Jordan Poole,16,1,2019-2020,1.0,0,3.0,GSW,116,Eric Paschall,,,,,,,,,,,,,35:04,Mychal Mulder,34:47,Andrew Wiggins,33:53,Damion Lee,33:24,Marquese Chriss,24:52,Dragan Bender,22:59,Juan Toscano-Anderson,20:28,Chasson Randle,12:06,,
0,.000,1,50.000,2,0.67,121,1,2,100.0,0,.000,0.0,0.0,1.0,2,0,,0,0.000,Logos via Sports Logos.net / About logos,L,https://www.basketball-reference.com/boxscores/202003050GSW.html,Home,113,15:53,0,0.0,TOR,Norman Powell,Matt Thomas,6:25,,,,,,,,,,,38:04,Pascal Siakam,37:55,OG Anunoby,37:38,Kyle Lowry,33:27,Serge Ibaka,29:53,Patrick McCaw,24:03,Terence Davis,16:37,Rondae Hollis-Jefferson,8:07,Chris Boucher,7:51,121,1,0,0.0,,0.0,,0.0,,Jordan Poole,8,0,2019-2020,1.0,3,2.0,GSW,113,Andrew Wiggins,,,,,,,,,,,,,37:25,Damion Lee,35:33,Eric Paschall,32:01,Marquese Chriss,29:56,Stephen Curry,27:14,Mychal Mulder,23:52,Juan Toscano-Anderson,21:55,Dragan Bender,16:11,,
1,.250,4,36.364,2,0.67,114,0,1,100.0,5,.455,4.0,57.1,7.0,11,0,.000,2,18.182,Logos via Sports Logos.net / About logos,W,https://www.basketball-reference.com/boxscores/202003070GSW.html,Home,118,20:26,0,0.0,PHI,Al Horford,,,,,,,,,,,,,35:39,Tobias Harris,34:47,Mike Scott,33:41,Shake Milton,29:23,Glenn Robinson III,28:11,Furkan Korkmaz,24:18,Raul Neto,18:37,Alec Burks,17:56,Matisse Thybulle,17:28,114,3,11,8.0,72.7,3.0,27.3,0.0,0.0,Jordan Poole,4,1,2019-2020,1.0,3,1.0,GSW,118,Andrew Wiggins,,,,,,,,,,,,,37:04,Damion Lee,34:01,Marquese Chriss,32:41,Mychal Mulder,31:48,Eric Paschall,29:26,Juan Toscano-Anderson,27:43,Chasson Randle,13:36,Dragan Bender,13:15,,
2,.333,6,60.000,3,3.00,131,0,1,100.0,6,.600,4.0,100.0,4.0,10,3,.750,4,40.000,Logos via Sports Logos.net / About logos,L,https://www.basketball-reference.com/boxscores/202003100GSW.html,Home,107,26:06,0,0.0,LAC,Landry Shamet,Reggie Jackson,19:12,Patrick Patterson,8:35,Amir Coffey,8:35,,,,,,,26:38,JaMychal Green,25:46,Kawhi Leonard,25:15,Paul George,22:38,Marcus Morris,22:14,Rodney McGruder,21:01,Patrick Beverley,20:41,Ivica Zubac,19:50,Montrezl Harrell,19:35,131,0,17,8.0,47.1,6.0,35.3,3.0,17.6,Jordan Poole,24,1,2019-2020,1.0,1,1.0,GSW,107,Andrew Wiggins,,,,,,,,,,,,,32:21,Eric Paschall,32:13,Damion Lee,30:52,Marquese Chriss,27:09,Mychal Mulder,26:21,Dragan Bender,25:22,Ky Bowman,24:04,Chasson Randle,14:42,Juan Toscano-Anderson,0:50
0,.000,1,25.000,3,1.50,99,0,2,100.0,1,.250,1.0,33.3,3.0,4,0,,0,0.000,Logos via Sports Logos.net / About logos,L,https://www.basketball-reference.com/boxscores/202012220BRK.html,Away,125,17:55,0,0.0,BRK,Kyrie Irving,Taurean Prince,16:06,Reggie Perry,7:46,Bruce Brown,7:31,Timothé Luwawu-Cabarrot,6:36,Rodions Kurucs,6:36,Tyler Johnson,5:59,25:18,Kevin Durant,24:56,Caris LeVert,24:49,Joe Harris,20:46,Spencer Dinwiddie,19:57,Landry Shamet,19:43,Jarrett Allen,19:37,Jeff Green,17:17,DeAndre Jordan,17:03,125,2,2,2.0,100.0,0.0,0.0,0.0,0.0,Jordan Poole,26,0,2020-2021,0.0,2,2.0,GSW,99,Andrew Wiggins,Kent Bazemore,11:35,Kevon Looney,11:17,Mychal Mulder,6:36,,,,,,,31:14,Stephen Curry,30:19,Kelly Oubre Jr.,25:39,James Wiseman,24:17,Brad Wanamaker,21:40,Eric Paschall,21:33,Juan Toscano-Anderson,13:15,Marquese Chriss,12:26,Damion Lee,12:14
1,.167,6,54.545,0,,99,0,1,100.0,4,.364,3.0,60.0,5.0,11,2,1.000,2,18.182,Logos via Sports Logos.net / About logos,L,https://www.basketball-reference.com/boxscores/202012250MIL.html,Away,138,19:02,0,0.0,MIL,Giannis Antetokounmpo,Bryn Forbes,13:21,Jordan Nwora,9:46,Thanasis Antetokounmpo,9:46,Torrey Craig,9:46,Sam Merrill,7:37,,,26:42,Bobby Portis,25:53,Khris Middleton,25:47,Jrue Holiday,25:22,Donte DiVincenzo,19:59,Brook Lopez,19:43,Pat Connaughton,18:53,D.J. Wilson,13:56,D.J. Augustin,13:27,138,1,11,6.0,54.5,3.0,27.3,2.0,18.2,Jordan Poole,39,0,2020-2021,0.0,0,1.0,GSW,99,Stephen Curry,Juan Toscano-Anderson,12:33,Kevon Looney,11:01,Kent Bazemore,3:56,,,,,,,28:58,James Wiseman,25:03,Eric Paschall,24:59,Andrew Wiggins,24:54,Kelly Oubre Jr.,19:46,Brad Wanamaker,19:02,Damion Lee,18:54,Mychal Mulder,17:34,Marquese Chriss,14:17
2,.333,6,85.714,1,,129,0,2,100.0,3,.429,1.0,100.0,1.0,7,2,1.000,2,28.571,Logos via Sports Logos.net / About logos,W,https://www.basketball-reference.com/boxscores/202012270CHI.html,Away,128,13:25,0,0.0,CHI,Coby White,,,,,,,,,,,,,35:38,Zach LaVine,34:48,Wendell Carter Jr.,31:28,Lauri Markkanen,29:15,Patrick Williams,26:21,Tomáš Satoranský,22:50,Otto Porter Jr.,20:45,Garrett Temple,19:28,Chandler Hutchison,19:27,128,2,10,2.0,20.0,6.0,60.0,2.0,20.0,Jordan Poole,1,0,2020-2021,0.0,0,2.0,GSW,129,Stephen Curry,Mychal Mulder,10:34,,,,,,,,,,,36:26,Andrew Wiggins,36:26,Kelly Oubre Jr.,30:18,James Wiseman,22:37,Damion Lee,20:37,Juan Toscano-Anderson,19:12,Eric Paschall,19:07,Kevon Looney,16:53,Brad Wanamaker,14:24
0,,0,0.000,0,0.00,116,0,0,0.0,1,1.000,1.0,100.0,1.0,1,0,,0,0.000,Logos via Sports Logos.net / About logos,W,https://www.basketball-reference.com/boxscores/202012290DET.html,Away,106,9:34,1,100.0,DET,Jerami Grant,Svi Mykhailiuk,11:55,Sekou Doumbouya,10:04,,,,,,,,,37:02,Josh Jackson,29:27,Delon Wright,28:01,Derrick Rose,26:26,Mason Plumlee,24:49,Isaiah Stewart,23:11,Blake Griffin,16:59,Killian Hayes,16:57,Saddiq Bey,15:09,106,1,2,2.0,100.0,0.0,0.0,0.0,0.0,Jordan Poole,10,0,2020-2021,0.0,1,1.0,GSW,116,Andrew Wiggins,Mychal Mulder,10:59,,,,,,,,,,,38:04,Stephen Curry,34:50,Kelly Oubre Jr.,29:01,Juan Toscano-Anderson,23:55,Kevon Looney,21:49,James Wiseman,21:44,Damion Lee,18:58,Brad Wanamaker,17:37,Eric Paschall,13:29
0,.000,1,100.000,1,,123,0,1,100.0,0,.000,0.0,,0.0,1,5,1.000,5,500.000,Logos via Sports Logos.net / About logos,L,https://www.basketball-reference.com/boxscores/202101010GSW.html,Home,98,3:21,0,0.0,POR,Robert Covington,Rodney Hood,5:22,Keljin Blevins,3:59,CJ Elleby,3:59,,,,,,,36:29,Damian Lillard,35:23,CJ McCollum,33:34,Derrick Jones Jr.,32:47,Carmelo Anthony,23:50,Anfernee Simons,22:07,Jusuf Nurkić,17:35,Harry Giles,13:49,Enes Freedom,11:06,123,0,5,0.0,0.0,0.0,0.0,5.0,100.0,Jordan Poole,25,1,2020-2021,1.0,0,1.0,GSW,98,Stephen Curry,Brad Wanamaker,15:29,Kevon Looney,12:05,Mychal Mulder,10:29,,,,,,,33:38,Andrew Wiggins,32:34,Kelly Oubre Jr.,28:07,James Wiseman,19:00,Draymond Green,17:38,Juan Toscano-Anderson,17:16,Kent Bazemore,17:15,Eric Paschall,16:55,Damion Lee,16:13
2,.667,3,60.000,0,0.00,106,0,1,100.0,3,.600,1.0,50.0,2.0,5,0,,0,0.000,Logos via Sports Logos.net / About logos,W,https://www.basketball-reference.com/boxscores/202101040GSW.html,Home,137,7:47,0,0.0,SAC,De'Aaron Fox,Hassan Whiteside,11:46,Justin James,7:47,Chimezie Metu,4:45,Robert Woodard II,4:45,Jahmi'us Ramsey,4:45,,,30:48,Buddy Hield,29:59,Harrison Barnes,29:52,Marvin Bagley III,24:05,Cory Joseph,22:03,Richaun Holmes,18:45,Glenn Robinson III,18:44,Kyle Guy,16:00,Nemanja Bjelica,15:55,106,1,8,2.0,25.0,6.0,75.0,0.0,0.0,Jordan Poole,31,0,2020-2021,0.0,1,1.0,GSW,137,Stephen Curry,Mychal Mulder,14:29,Kevon Looney,12:23,Nico Mannion,7:47,,,,,,,30:34,Andrew Wiggins,28:05,Kelly Oubre Jr.,25:31,Eric Paschall,21:49,Draymond Green,21:14,Damion Lee,19:54,James Wiseman,17:26,Brad Wanamaker,17:26,Kent Bazemore,15:31
0,,0,,1,,104,0,0,,0,,0.0,,0.0,0,0,,0,,Logos via Sports Logos.net / About logos,L,https://www.basketball-reference.com/boxscores/202101140DEN.html,Away,114,1:01,0,,DEN,Jamal Murray,Isaiah Hartenstein,6:43,,,,,,,,,,,37:29,Nikola Jokić,35:54,Monte Morris,32:03,Will Barton,32:02,JaMychal Green,28:05,Paul Millsap,23:11,PJ Dozier,22:58,Facundo Campazzo,12:02,Bol Bol,9:33,114,0,0,0.0,,0.0,,0.0,,Jordan Poole,10,0,2020-2021,0.0,0,0.0,GSW,104,Stephen Curry,Kevon Looney,9:43,Mychal Mulder,6:49,,,,,,,,,36:58,Andrew Wiggins,35:34,Kelly Oubre Jr.,30:25,James Wiseman,27:23,Draymond Green,25:15,Eric Paschall,20:50,Damion Lee,18:51,Brad Wanamaker,16:45,Kent Bazemore,10:26
0,.000,1,100.000,1,,115,0,0,,0,.000,0.0,,0.0,1,0,,0,0.000,Logos via Sports Logos.net / About logos,W,https://www.basketball-reference.com/boxscores/202101180LAL.html,Away,113,5:23,0,,LAL,LeBron James,Markieff Morris,5:39,,,,,,,,,,,37:58,Anthony Davis,37:02,Dennis Schröder,33:08,Montrezl Harrell,28:09,Kyle Kuzma,24:45,Kentavious Caldwell-Pope,22:54,Alex Caruso,19:30,Marc Gasol,16:15,Wesley Matthews,14:37,113,0,0,0.0,,0.0,,0.0,,Jordan Poole,2,0,2020-2021,0.0,0,0.0,GSW,115,Kelly Oubre Jr.,Kent Bazemore,12:41,,,,,,,,,,,37:05,Stephen Curry,35:37,Andrew Wiggins,31:47,Draymond Green,30:54,Kevon Looney,19:21,Eric Paschall,19:16,Damion Lee,18:04,Brad Wanamaker,16:59,James Wiseman,12:51
3,.750,4,66.667,0,0.00,99,0,0,,3,.500,0.0,0.0,2.0,6,0,,0,0.000,Logos via Sports Logos.net / About logos,W,https://www.basketball-reference.com/boxscores/202101200GSW.html,Home,121,8:56,0,,SAS,Dejounte Murray,Trey Lyles,11:45,Tre Jones,4:58,,,,,,,,,29:31,Keldon Johnson,27:12,Devin Vassell,26:54,Jakob Poeltl,24:42,Lonnie Walker IV,24:39,DeMar DeRozan,24:35,Patty Mills,23:45,LaMarcus Aldridge,23:18,Rudy Gay,18:41,99,2,9,0.0,0.0,9.0,100.0,0.0,0.0,Jordan Poole,22,0,2020-2021,0.0,2,0.0,GSW,121,Stephen Curry,Damion Lee,13:25,Mychal Mulder,3:56,,,,,,,,,31:28,Andrew Wiggins,30:49,Kelly Oubre Jr.,30:37,Draymond Green,25:33,James Wiseman,25:20,Brad Wanamaker,20:44,Kent Bazemore,19:30,Eric Paschall,16:03,Kevon Looney,13:38
0,.000,3,100.000,1,,119,0,2,100.0,0,.000,0.0,,0.0,3,1,.500,2,66.667,Logos via Sports Logos.net / About logos,L,https://www.basketball-reference.com/boxscores/202101210GSW.html,Home,104,8:21,0,0.0,NYK,Elfrid Payton,Immanuel Quickley,10:45,,,,,,,,,,,37:15,RJ Barrett,36:45,Julius Randle,36:23,Alec Burks,30:57,Mitchell Robinson,27:23,Nerlens Noel,20:26,Reggie Bullock,17:03,Obi Toppin,11:47,Kevin Knox,11:15,119,1,1,0.0,0.0,0.0,0.0,1.0,100.0,Jordan Poole,15,0,2020-2021,0.0,0,2.0,GSW,104,Stephen Curry,Kevon Looney,12:37,Nico Mannion,8:06,Mychal Mulder,4:24,,,,,,,34:39,Andrew Wiggins,32:32,Kelly Oubre Jr.,31:18,James Wiseman,24:47,Eric Paschall,18:49,Brad Wanamaker,17:37,Draymond Green,17:05,Damion Lee,16:04,Kent Bazemore,13:40
1,.250,4,57.143,4,4.00,108,0,3,100.0,3,.429,2.0,66.7,3.0,7,3,1.000,3,42.857,Logos via Sports Logos.net / About logos,L,https://www.basketball-reference.com/boxscores/202101230UTA.html,Away,127,18:18,0,0.0,UTA,Donovan Mitchell,Miye Oni,11:13,Udoka Azubuike,9:37,Juwan Morgan,9:37,Shaquille Harrison,9:37,,,,,27:28,Mike Conley,26:57,Royce O'Neale,26:28,Bojan Bogdanović,26:00,Rudy Gobert,24:06,Jordan Clarkson,18:36,Georges Niang,18:09,Joe Ingles,17:55,Derrick Favors,14:17,127,0,10,4.0,40.0,3.0,30.0,3.0,30.0,Jordan Poole,19,2,2020-2021,2.0,1,3.0,GSW,108,Stephen Curry,Mychal Mulder,12:00,Nico Mannion,9:37,Kent Bazemore,9:34,Juan Toscano-Anderson,8:32,,,,,27:06,Andrew Wiggins,25:17,James Wiseman,24:47,Draymond Green,24:43,Kelly Oubre Jr.,24:20,Damion Lee,15:18,Eric Paschall,13:33,Brad Wanamaker,13:33,Kevon Looney,13:21
0,,0,0.000,0,,108,0,2,100.0,1,1.000,1.0,100.0,1.0,1,0,,0,0.000,Logos via Sports Logos.net / About logos,W,https://www.basketball-reference.com/boxscores/202101250GSW.html,Home,130,2:27,0,0.0,MIN,Malik Beasley,Jake Layman,13:32,Ed Davis,12:52,Ashton Hagans,2:27,,,,,,,30:03,Anthony Edwards,27:13,Jaden McDaniels,25:42,Ricky Rubio,25:36,Jarred Vanderbilt,24:35,Naz Reid,24:02,Jordan McLaughlin,22:24,Josh Okogie,16:51,Jarrett Culver,14:43,108,0,2,2.0,100.0,0.0,0.0,0.0,0.0,Jordan Poole,22,0,2020-2021,0.0,0,2.0,GSW,130,Stephen Curry,Kent Bazemore,14:06,Eric Paschall,13:19,Nico Mannion,2:27,,,,,,,33:53,Draymond Green,30:23,Andrew Wiggins,29:40,Kelly Oubre Jr.,27:33,Brad Wanamaker,19:10,Kevon Looney,18:54,Damion Lee,17:32,James Wiseman,15:47,Mychal Mulder,14:49
0,.000,1,100.000,0,,111,0,0,,0,.000,0.0,,0.0,1,0,,0,0.000,Logos via Sports Logos.net / About logos,W,https://www.basketball-reference.com/boxscores/202101270GSW.html,Home,123,1:37,0,,MIN,Anthony Edwards,Jaden McDaniels,14:29,Ed Davis,8:54,Ashton Hagans,1:37,,,,,,,32:23,Malik Beasley,30:28,Naz Reid,27:24,Jordan McLaughlin,26:27,Jarred Vanderbilt,24:49,Ricky Rubio,21:33,Jake Layman,18:52,Josh Okogie,17:08,Jaylen Nowell,15:56,111,0,0,0.0,,0.0,,0.0,,Jordan Poole,12,0,2020-2021,0.0,0,0.0,GSW,123,Stephen Curry,Kent Bazemore,12:29,Kevon Looney,11:48,Nico Mannion,2:29,,,,,,,33:13,Andrew Wiggins,30:52,Draymond Green,29:38,Kelly Oubre Jr.,24:22,James Wiseman,24:18,Damion Lee,23:41,Mychal Mulder,16:05,Eric Paschall,14:47,Brad Wanamaker,14:41
1,.333,3,60.000,0,,93,1,1,100.0,3,.600,2.0,100.0,2.0,5,0,,0,0.000,Logos via Sports Logos.net / About logos,L,https://www.basketball-reference.com/boxscores/202101280PHO.html,Away,114,5:38,0,0.0,PHO,Mikal Bridges,Jalen Smith,5:04,Jevon Carter,3:25,,,,,,,,,31:48,Cameron Johnson,30:03,Jae Crowder,28:42,Chris Paul,27:08,Abdel Nader,25:08,Frank Kaminsky,24:30,Deandre Ayton,23:19,E'Twaun Moore,20:52,Langston Galloway,20:01,114,0,7,4.0,57.1,3.0,42.9,0.0,0.0,Jordan Poole,21,0,2020-2021,1.0,0,1.0,GSW,93,Stephen Curry,Mychal Mulder,15:28,Kent Bazemore,15:16,Nico Mannion,5:38,,,,,,,31:14,Andrew Wiggins,28:10,Kelly Oubre Jr.,25:32,Draymond Green,24:55,Eric Paschall,18:40,James Wiseman,18:31,Damion Lee,18:24,Brad Wanamaker,17:04,Kevon Looney,15:30
3,.500,6,75.000,1,1.00,91,1,1,50.0,4,.500,1.0,50.0,2.0,8,5,1.000,5,62.500,Logos via Sports Logos.net / About logos,W,https://www.basketball-reference.com/boxscores/202101300GSW.html,Home,118,20:42,1,50.0,DET,Jerami Grant,Saddiq Bey,15:27,Jahlil Okafor,12:00,Svi Mykhailiuk,9:25,Frank Jackson,7:33,Rodney McGruder,6:24,,,28:26,Josh Jackson,24:12,Delon Wright,23:24,Blake Griffin,21:26,Sekou Doumbouya,21:06,Isaiah Stewart,19:44,Wayne Ellington,17:34,Derrick Rose,17:03,Mason Plumlee,16:16,91,4,16,2.0,12.5,9.0,56.2,5.0,31.2,Jordan Poole,27,0,2020-2021,1.0,1,2.0,GSW,118,Stephen Curry,Eric Paschall,8:14,Mychal Mulder,4:24,,,,,,,,,29:57,Draymond Green,27:45,Kelly Oubre Jr.,27:03,Andrew Wiggins,25:28,Kevon Looney,22:31,Brad Wanamaker,21:09,Damion Lee,19:55,James Wiseman,17:15,Kent Bazemore,15:37
5,.500,10,62.500,1,,98,1,3,100.0,10,.625,5.0,83.3,6.0,16,1,1.000,1,6.250,Logos via Sports Logos.net / About logos,L,https://www.basketball-reference.com/boxscores/202103040PHO.html,Away,120,26:11,0,0.0,PHO,Devin Booker,Jevon Carter,12:00,E'Twaun Moore,6:11,Jalen Smith,3:39,,,,,,,29:49,Mikal Bridges,27:24,Cameron Payne,26:41,Frank Kaminsky,24:41,Abdel Nader,24:11,Jae Crowder,23:49,Deandre Ayton,22:27,Chris Paul,21:19,Dario Šarić,17:49,120,0,26,10.0,38.5,15.0,57.7,1.0,3.8,Jordan Poole,22,1,2020-2021,2.0,0,3.0,GSW,98,James Wiseman,Mychal Mulder,4:13,,,,,,,,,,,34:35,Juan Toscano-Anderson,32:44,Nico Mannion,31:16,Andrew Wiggins,31:15,Damion Lee,23:21,Brad Wanamaker,16:44,Eric Paschall,15:16,Kevon Looney,13:25,Kent Bazemore,11:00
2,.333,6,60.000,4,,104,0,3,100.0,5,.500,3.0,75.0,4.0,10,2,1.000,2,20.000,Logos via Sports Logos.net / About logos,L,https://www.basketball-reference.com/boxscores/202103110LAC.html,Away,130,19:40,0,0.0,LAC,Kawhi Leonard,Luke Kennard,12:00,Patrick Patterson,11:04,Amir Coffey,11:04,Patrick Beverley,10:46,Mfiondu Kabengele,4:42,,,31:18,Paul George,26:50,Reggie Jackson,23:20,Marcus Morris,23:11,Serge Ibaka,22:58,Terance Mann,16:52,Ivica Zubac,15:57,Nicolas Batum,15:48,Lou Williams,14:10,130,2,14,6.0,42.9,6.0,42.9,2.0,14.3,Jordan Poole,26,0,2020-2021,0.0,0,3.0,GSW,104,Kelly Oubre Jr.,James Wiseman,12:00,Damion Lee,10:34,,,,,,,,,32:27,Andrew Wiggins,28:49,Stephen Curry,26:40,Draymond Green,25:10,Nico Mannion,21:20,Juan Toscano-Anderson,19:11,Eric Paschall,15:49,Kent Bazemore,15:25,Kevon Looney,12:55
3,.600,5,45.455,3,,119,0,0,,6,.545,3.0,50.0,6.0,11,3,.750,4,36.364,Logos via Sports Logos.net / About logos,W,https://www.basketball-reference.com/boxscores/202103140GSW.html,Home,131,21:40,0,,UTA,Donovan Mitchell,,,,,,,,,,,,,35:39,Rudy Gobert,32:28,Mike Conley,31:57,Royce O'Neale,30:59,Joe Ingles,30:03,Bojan Bogdanović,26:30,Jordan Clarkson,24:31,Derrick Favors,15:32,Georges Niang,12:21,119,2,18,6.0,33.3,9.0,50.0,3.0,16.7,Jordan Poole,12,0,2020-2021,0.0,0,0.0,GSW,131,Andrew Wiggins,Kent Bazemore,10:27,,,,,,,,,,,37:46,Stephen Curry,35:38,Draymond Green,35:38,Kelly Oubre Jr.,30:12,James Wiseman,23:12,Nico Mannion,12:22,Eric Paschall,11:38,Kevon Looney,10:50,Juan Toscano-Anderson,10:37
1,.200,5,50.000,1,0.50,128,0,2,100.0,5,.500,4.0,80.0,5.0,10,3,.750,4,40.000,Logos via Sports Logos.net / About logos,L,https://www.basketball-reference.com/boxscores/202103150GSW.html,Home,97,20:38,0,0.0,LAL,LeBron James,Alfonzo McKinnie,12:57,Devontae Cacok,5:46,,,,,,,,,30:29,Kyle Kuzma,28:10,Talen Horton-Tucker,27:59,Dennis Schröder,27:53,Montrezl Harrell,25:04,Wesley Matthews,23:47,Damian Jones,21:12,Kentavious Caldwell-Pope,20:54,Markieff Morris,15:48,128,1,14,8.0,57.1,3.0,21.4,3.0,21.4,Jordan Poole,31,0,2020-2021,0.0,2,2.0,GSW,97,Stephen Curry,Damion Lee,7:19,Juan Toscano-Anderson,3:40,Alen Smailagić,3:19,,,,,,,29:13,Draymond Green,29:13,Kelly Oubre Jr.,28:22,James Wiseman,27:58,Andrew Wiggins,27:10,Nico Mannion,18:47,Eric Paschall,18:36,Kent Bazemore,14:14,Kevon Looney,11:30
6,.545,11,68.750,2,,108,0,1,100.0,8,.500,2.0,40.0,5.0,16,1,1.000,1,6.250,Logos via Sports Logos.net / About logos,W,https://www.basketball-reference.com/boxscores/202103170HOU.html,Away,94,24:14,0,0.0,HOU,Kevin Porter Jr.,,,,,,,,,,,,,36:40,Sterling Brown,33:49,KJ Martin,30:00,Jae'Sean Tate,27:15,Anthony Lamb,26:43,Christian Wood,26:18,Danuel House Jr.,24:15,Mason Jones,23:45,Justin Patton,11:15,94,3,23,4.0,17.4,18.0,78.3,1.0,4.3,Jordan Poole,14,2,2020-2021,2.0,0,1.0,GSW,108,Kelly Oubre Jr.,,,,,,,,,,,,,35:38,Draymond Green,32:27,Stephen Curry,30:05,Andrew Wiggins,27:51,Kevon Looney,23:03,Damion Lee,20:19,Nico Mannion,17:55,Kent Bazemore,14:40,Juan Toscano-Anderson,13:48
3,.500,6,40.000,2,,116,0,1,50.0,10,.667,7.0,77.8,9.0,15,2,1.000,2,13.333,Logos via Sports Logos.net / About logos,W,https://www.basketball-reference.com/boxscores/202103190MEM.html,Away,103,34:11,1,50.0,MEM,Ja Morant,Justise Winslow,15:41,Xavier Tillman Sr.,5:52,John Konchar,5:52,Killian Tillie,5:52,,,,,29:48,Jonas Valančiūnas,25:03,Dillon Brooks,24:34,Grayson Allen,24:27,De'Anthony Melton,23:14,Brandon Clarke,22:17,Kyle Anderson,21:29,Tyus Jones,19:54,Desmond Bane,15:57,103,2,25,14.0,56.0,9.0,36.0,2.0,8.0,Jordan Poole,13,1,2020-2021,1.0,0,2.0,GSW,116,Andrew Wiggins,Juan Toscano-Anderson,8:13,Alen Smailagić,1:32,,,,,,,,,34:21,Draymond Green,34:21,Kelly Oubre Jr.,28:53,Damion Lee,27:51,Kevon Looney,20:33,Brad Wanamaker,15:09,Nico Mannion,13:51,Kent Bazemore,12:33,Mychal Mulder,8:32
3,.333,9,42.857,5,,103,0,4,100.0,10,.476,7.0,58.3,12.0,21,3,1.000,3,14.286,Logos via Sports Logos.net / About logos,L,https://www.basketball-reference.com/boxscores/202103200MEM.html,Away,111,38:03,0,0.0,MEM,Ja Morant,De'Anthony Melton,10:26,,,,,,,,,,,35:25,Grayson Allen,32:16,Kyle Anderson,29:45,Jonas Valančiūnas,27:15,Dillon Brooks,26:12,Desmond Bane,23:51,Brandon Clarke,22:12,Justise Winslow,20:03,Tyus Jones,12:35,111,4,26,14.0,53.8,9.0,34.6,3.0,11.5,Jordan Poole,8,1,2020-2021,1.0,0,4.0,GSW,103,Andrew Wiggins,Alen Smailagić,8:04,,,,,,,,,,,35:11,Draymond Green,31:21,Kelly Oubre Jr.,28:19,Juan Toscano-Anderson,24:28,Kent Bazemore,22:13,Damion Lee,18:21,Nico Mannion,12:49,Brad Wanamaker,11:21,Mychal Mulder,9:50
2,.222,9,56.250,2,0.50,108,0,4,100.0,5,.313,3.0,42.9,7.0,16,7,1.000,7,43.750,Logos via Sports Logos.net / About logos,L,https://www.basketball-reference.com/boxscores/202103230GSW.html,Home,98,38:54,0,0.0,PHI,Tobias Harris,Tyrese Maxey,11:17,,,,,,,,,,,36:10,Ben Simmons,34:51,Tony Bradley,32:56,Danny Green,32:41,Furkan Korkmaz,26:30,Shake Milton,22:03,Matisse Thybulle,17:18,Dwight Howard,14:21,Mike Scott,11:50,108,0,19,6.0,31.6,6.0,31.6,7.0,36.8,Jordan Poole,10,0,2020-2021,0.0,4,4.0,GSW,98,Kelly Oubre Jr.,,,,,,,,,,,,,35:10,Draymond Green,33:54,Andrew Wiggins,33:47,James Wiseman,25:51,Damion Lee,23:47,Nico Mannion,17:50,Kevon Looney,17:24,Kent Bazemore,13:23,,
2,.333,6,46.154,5,5.00,119,0,2,66.7,5,.385,3.0,42.9,7.0,13,5,1.000,5,38.462,Logos via Sports Logos.net / About logos,L,https://www.basketball-reference.com/boxscores/202103250SAC.html,Away,141,29:39,1,33.3,SAC,Harrison Barnes,Robert Woodard II,1:00,,,,,,,,,,,36:10,De'Aaron Fox,35:40,Tyrese Haliburton,33:52,Richaun Holmes,32:00,Buddy Hield,29:49,Kyle Guy,22:18,DaQuan Jeffries,21:38,Chimezie Metu,16:00,Justin James,11:33,141,3,17,6.0,35.3,6.0,35.3,5.0,29.4,Jordan Poole,22,0,2020-2021,0.0,1,3.0,GSW,119,Andrew Wiggins,Alen Smailagić,2:29,,,,,,,,,,,33:37,Kelly Oubre Jr.,32:36,James Wiseman,29:26,Nico Mannion,29:26,Juan Toscano-Anderson,26:26,Damion Lee,19:01,Kevon Looney,18:34,Kent Bazemore,16:17,Mychal Mulder,2:29
3,.500,6,54.545,4,1.33,124,0,0,,5,.455,2.0,40.0,5.0,11,2,.667,3,27.273,Logos via Sports Logos.net / About logos,L,https://www.basketball-reference.com/boxscores/202103260GSW.html,Home,108,32:25,0,,ATL,Trae Young,Onyeka Okongwu,8:57,Nathan Knight,2:49,Brandon Goodwin,2:17,Bruno Fernando,1:39,,,,,36:04,John Collins,34:00,Clint Capela,29:34,Kevin Huerter,27:32,Tony Snell,23:11,Bogdan Bogdanović,21:19,Danilo Gallinari,20:40,Solomon Hill,20:16,Skylar Mays,11:42,124,2,15,4.0,26.7,9.0,60.0,2.0,13.3,Jordan Poole,16,0,2020-2021,0.0,3,0.0,GSW,108,Andrew Wiggins,Eric Paschall,8:38,Damion Lee,8:19,,,,,,,,,33:16,Kelly Oubre Jr.,28:12,Draymond Green,27:14,James Wiseman,26:32,Nico Mannion,25:11,Kevon Looney,19:17,Kent Bazemore,11:54,Mychal Mulder,9:32,Juan Toscano-Anderson,9:30
1,.167,6,75.000,1,0.50,102,0,1,100.0,3,.375,2.0,100.0,2.0,8,0,,0,0.000,Logos via Sports Logos.net / About logos,W,https://www.basketball-reference.com/boxscores/202103290GSW.html,Home,116,17:56,0,0.0,CHI,Patrick Williams,Javonte Green,12:36,Devon Dotson,3:18,Garrett Temple,2:09,Cristiano Felício,1:41,,,,,32:40,Zach LaVine,31:35,Tomáš Satoranský,30:02,Nikola Vučević,26:33,Thaddeus Young,23:33,Lauri Markkanen,22:09,Daniel Theis,22:08,Troy Brown Jr.,16:50,Ryan Arcidiacono,14:46,102,1,7,4.0,57.1,3.0,42.9,0.0,0.0,Jordan Poole,14,1,2020-2021,1.0,2,1.0,GSW,116,Kelly Oubre Jr.,Juan Toscano-Anderson,1:47,Mychal Mulder,1:43,,,,,,,,,35:49,Andrew Wiggins,34:33,Draymond Green,33:42,Stephen Curry,30:17,James Wiseman,27:48,Kevon Looney,17:17,Kent Bazemore,17:11,Damion Lee,15:32,Nico Mannion,6:25
3,.500,6,66.667,0,0.00,109,0,0,0.0,3,.333,0.0,0.0,3.0,9,0,,0,0.000,Logos via Sports Logos.net / About logos,L,https://www.basketball-reference.com/boxscores/202104010MIA.html,Away,116,12:45,1,100.0,MIA,Duncan Robinson,,,,,,,,,,,,,36:55,Tyler Herro,35:25,Jimmy Butler,34:58,Bam Adebayo,30:28,Trevor Ariza,26:16,Victor Oladipo,23:05,Andre Iguodala,23:02,Nemanja Bjelica,17:05,Gabe Vincent,12:42,116,4,9,0.0,0.0,9.0,100.0,0.0,0.0,Jordan Poole,7,1,2020-2021,1.0,1,1.0,GSW,109,Stephen Curry,Nico Mannion,1:26,Juan Toscano-Anderson,0:09,,,,,,,,,36:21,Draymond Green,35:48,Andrew Wiggins,35:29,Kelly Oubre Jr.,34:52,Damion Lee,22:59,Kevon Looney,20:52,James Wiseman,19:29,Kent Bazemore,18:09,Mychal Mulder,1:38
3,.333,9,60.000,1,0.33,77,0,2,100.0,3,.200,0.0,0.0,6.0,15,1,.500,2,13.333,Logos via Sports Logos.net / About logos,L,https://www.basketball-reference.com/boxscores/202104020TOR.html,Away,130,29:37,0,0.0,TOR,Pascal Siakam,Yuta Watanabe,13:28,,,,,,,,,,,31:08,Malachi Flynn,30:36,Gary Trent Jr.,29:49,OG Anunoby,26:26,Chris Boucher,25:18,Aron Baynes,24:14,DeAndre' Bembry,20:22,Stanley Johnson,20:03,Fred VanVleet,18:36,130,1,10,0.0,0.0,9.0,90.0,1.0,10.0,Jordan Poole,53,1,2020-2021,1.0,3,2.0,GSW,77,James Wiseman,Alen Smailagić,10:06,Kevon Looney,9:29,,,,,,,,,30:34,Nico Mannion,30:24,Andrew Wiggins,26:30,Eric Paschall,22:37,Kelly Oubre Jr.,18:28,Mychal Mulder,18:09,Damion Lee,18:00,Kent Bazemore,14:49,Juan Toscano-Anderson,11:17
0,.000,5,50.000,4,,111,0,1,100.0,3,.300,3.0,60.0,5.0,10,0,,0,0.000,Logos via Sports Logos.net / About logos,L,https://www.basketball-reference.com/boxscores/202104040ATL.html,Away,117,15:50,0,0.0,ATL,Bogdan Bogdanović,,,,,,,,,,,,,33:06,Clint Capela,32:10,Tony Snell,29:03,Danilo Gallinari,28:59,Kevin Huerter,28:03,Trae Young,27:53,Lou Williams,26:05,Solomon Hill,19:01,Onyeka Okongwu,15:40,117,3,6,6.0,100.0,0.0,0.0,0.0,0.0,Jordan Poole,6,0,2020-2021,0.0,0,1.0,GSW,111,Kelly Oubre Jr.,,,,,,,,,,,,,37:11,Stephen Curry,36:44,Draymond Green,36:01,Andrew Wiggins,35:54,Damion Lee,23:09,James Wiseman,17:39,Kevon Looney,16:10,Kent Bazemore,15:49,Juan Toscano-Anderson,5:33
1,.250,4,44.444,6,,121,0,1,100.0,4,.444,3.0,60.0,5.0,9,1,1.000,1,11.111,Logos via Sports Logos.net / About logos,W,https://www.basketball-reference.com/boxscores/202104060GSW.html,Home,122,16:34,0,0.0,MIL,Khris Middleton,Jordan Nwora,2:44,Axel Toupane,0:32,,,,,,,,,37:22,Jrue Holiday,33:59,Brook Lopez,33:13,Donte DiVincenzo,29:36,Bobby Portis,28:16,Pat Connaughton,25:25,Thanasis Antetokounmpo,19:43,Jeff Teague,15:35,Bryn Forbes,13:35,121,2,10,6.0,60.0,3.0,30.0,1.0,10.0,Jordan Poole,1,0,2020-2021,0.0,0,1.0,GSW,122,Stephen Curry,,,,,,,,,,,,,37:47,Kelly Oubre Jr.,37:06,Andrew Wiggins,33:16,Draymond Green,29:29,Kent Bazemore,26:06,James Wiseman,25:19,Damion Lee,17:44,Kevon Looney,16:39,,
0,.000,3,75.000,2,1.00,110,0,1,100.0,0,.000,0.0,0.0,1.0,4,0,,0,0.000,Logos via Sports Logos.net / About logos,L,https://www.basketball-reference.com/boxscores/202104090GSW.html,Home,107,14:47,0,0.0,WAS,Rui Hachimura,Raul Neto,7:00,,,,,,,,,,,37:49,Russell Westbrook,37:23,Bradley Beal,29:56,Robin Lopez,27:13,Dāvis Bertāns,26:58,Deni Avdija,21:24,Alex Len,20:14,Ish Smith,19:11,Garrison Mathews,12:52,110,4,0,0.0,,0.0,,0.0,,Jordan Poole,3,0,2020-2021,0.0,2,1.0,GSW,107,Kelly Oubre Jr.,,,,,,,,,,,,,36:36,Andrew Wiggins,35:36,Stephen Curry,34:52,Draymond Green,33:12,Kent Bazemore,27:49,James Wiseman,23:18,Kevon Looney,18:56,Damion Lee,14:54,,
3,.600,5,45.455,4,2.00,109,0,1,100.0,8,.727,5.0,83.3,6.0,11,2,1.000,2,18.182,Logos via Sports Logos.net / About logos,W,https://www.basketball-reference.com/boxscores/202104100GSW.html,Home,125,25:27,0,0.0,HOU,John Wall,Sterling Brown,4:20,,,,,,,,,,,36:54,Christian Wood,35:06,Kevin Porter Jr.,33:16,Kelly Olynyk,32:20,Jae'Sean Tate,32:12,D.J. Augustin,22:24,Avery Bradley,18:07,KJ Martin,16:02,D.J. Wilson,9:19,109,2,21,10.0,47.6,9.0,42.9,2.0,9.5,Jordan Poole,16,3,2020-2021,3.0,2,1.0,GSW,125,Andrew Wiggins,Gary Payton II,0:14,,,,,,,,,,,35:32,Stephen Curry,34:56,Draymond Green,34:38,Kent Bazemore,32:03,Kevon Looney,21:48,Damion Lee,20:51,Juan Toscano-Anderson,17:02,Mychal Mulder,11:22,James Wiseman,6:07
0,.000,5,55.556,1,1.00,107,1,1,100.0,2,.222,2.0,50.0,4.0,9,0,,0,0.000,Logos via Sports Logos.net / About logos,W,https://www.basketball-reference.com/boxscores/202104120GSW.html,Home,116,17:28,0,0.0,DEN,Michael Porter Jr.,PJ Dozier,7:39,,,,,,,,,,,37:50,Nikola Jokić,37:17,Jamal Murray,33:10,Will Barton,32:53,Aaron Gordon,23:27,Facundo Campazzo,21:05,Monte Morris,20:45,JaMychal Green,15:11,JaVale McGee,10:43,107,1,4,4.0,100.0,0.0,0.0,0.0,0.0,Jordan Poole,9,0,2020-2021,1.0,1,1.0,GSW,116,Andrew Wiggins,Mychal Mulder,0:11,,,,,,,,,,,41:23,Draymond Green,36:43,Stephen Curry,35:42,Kent Bazemore,34:58,Kevon Looney,31:03,Juan Toscano-Anderson,24:17,Damion Lee,14:11,Nico Mannion,3:50,Gary Payton II,0:14
3,.429,7,53.846,4,0.80,147,0,1,100.0,5,.385,2.0,33.3,6.0,13,4,1.000,4,30.769,Logos via Sports Logos.net / About logos,W,https://www.basketball-reference.com/boxscores/202104140OKC.html,Away,109,24:59,0,0.0,OKC,Théo Maledon,Justin Robinson,10:37,Josh Hall,10:25,,,,,,,,,31:19,Darius Bazley,28:20,Isaiah Roby,28:17,Moses Brown,28:02,Svi Mykhailiuk,25:28,Kenrich Williams,22:56,Ty Jerome,21:17,Jaylen Hoard,18:42,Tony Bradley,14:35,109,2,17,4.0,23.5,9.0,52.9,4.0,23.5,Jordan Poole,38,0,2020-2021,0.0,5,1.0,GSW,147,Draymond Green,Gary Payton II,9:14,Alen Smailagić,9:14,,,,,,,,,30:21,Stephen Curry,29:23,Andrew Wiggins,26:26,Kevon Looney,21:44,Kent Bazemore,21:19,Juan Toscano-Anderson,19:22,Mychal Mulder,19:14,Damion Lee,16:41,Nico Mannion,12:00
2,.250,8,66.667,4,,119,0,0,,5,.417,3.0,75.0,4.0,12,2,.667,3,25.000,Logos via Sports Logos.net / About logos,W,https://www.basketball-reference.com/boxscores/202104150CLE.html,Away,101,23:18,0,,CLE,Darius Garland,Isaiah Hartenstein,3:36,Lamar Stevens,1:18,Mfiondu Kabengele,1:18,Brodric Thomas,1:18,,,,,34:46,Jarrett Allen,34:44,Collin Sexton,34:20,Isaac Okoro,33:36,Larry Nance Jr.,23:45,Kevin Love,21:47,Taurean Prince,19:25,Dean Wade,16:53,Matthew Dellavedova,13:14,101,3,14,6.0,42.9,6.0,42.9,2.0,14.3,Jordan Poole,18,3,2020-2021,3.0,0,0.0,GSW,119,Stephen Curry,Gary Payton II,1:18,Alen Smailagić,1:18,,,,,,,,,34:35,Andrew Wiggins,34:26,Draymond Green,32:18,Juan Toscano-Anderson,30:32,Kevon Looney,27:58,Kent Bazemore,23:53,Damion Lee,23:08,Mychal Mulder,5:58,Nico Mannion,1:18
1,.167,6,60.000,2,2.00,114,0,1,50.0,4,.400,3.0,75.0,4.0,10,3,1.000,3,30.000,Logos via Sports Logos.net / About logos,L,https://www.basketball-reference.com/boxscores/202104170BOS.html,Away,119,21:39,1,50.0,BOS,Jayson Tatum,Luke Kornet,5:37,,,,,,,,,,,39:50,Kemba Walker,38:24,Marcus Smart,37:04,Tristan Thompson,27:37,Grant Williams,24:13,Payton Pritchard,21:59,Semi Ojeleye,20:55,Jabari Parker,15:45,Romeo Langford,8:36,119,4,12,6.0,50.0,3.0,25.0,3.0,25.0,Jordan Poole,5,0,2020-2021,0.0,1,2.0,GSW,114,Andrew Wiggins,,,,,,,,,,,,,40:36,Draymond Green,37:21,Stephen Curry,37:09,Kent Bazemore,31:54,Kevon Looney,25:35,Juan Toscano-Anderson,25:20,Damion Lee,12:59,Gary Payton II,7:27,,
1,.250,4,57.143,0,,107,2,1,100.0,1,.143,0.0,0.0,3.0,7,3,.750,4,57.143,Logos via Sports Logos.net / About logos,W,https://www.basketball-reference.com/boxscores/202104190PHI.html,Away,96,17:21,0,0.0,PHI,Seth Curry,Mike Scott,14:01,Rayjon Tucker,0:29,Isaiah Joe,0:29,,,,,,,35:10,Danny Green,32:41,Joel Embiid,32:28,Matisse Thybulle,31:13,Furkan Korkmaz,25:11,Shake Milton,19:52,George Hill,17:30,Tyrese Maxey,16:11,Dwight Howard,14:45,96,1,6,0.0,0.0,3.0,50.0,3.0,50.0,Jordan Poole,11,0,2020-2021,2.0,0,1.0,GSW,107,Andrew Wiggins,Alen Smailagić,0:18,Nico Mannion,0:09,,,,,,,,,41:35,Stephen Curry,36:55,Kevon Looney,33:41,Damion Lee,31:31,Draymond Green,30:53,Kelly Oubre Jr.,21:55,Kent Bazemore,14:11,Mychal Mulder,11:13,Gary Payton II,0:18
6,.600,10,62.500,0,0.00,114,0,2,66.7,7,.438,1.0,16.7,6.0,16,2,.667,3,18.750,Logos via Sports Logos.net / About logos,L,https://www.basketball-reference.com/boxscores/202104210WAS.html,Away,118,25:01,1,33.3,WAS,Russell Westbrook,Robin Lopez,9:49,Garrison Mathews,6:40,,,,,,,,,40:44,Bradley Beal,36:27,Raul Neto,36:17,Dāvis Bertāns,30:01,Daniel Gafford,24:07,Ish Smith,18:49,Deni Avdija,13:51,Alex Len,13:09,Isaac Bonga,10:06,118,4,22,2.0,9.1,18.0,81.8,2.0,9.1,Jordan Poole,4,2,2020-2021,2.0,1,3.0,GSW,114,Andrew Wiggins,,,,,,,,,,,,,37:46,Kelly Oubre Jr.,36:36,Stephen Curry,36:03,Kent Bazemore,35:14,Draymond Green,32:18,Kevon Looney,26:17,Mychal Mulder,10:36,Gary Payton II,0:09,,
2,.333,6,50.000,3,,97,0,1,100.0,5,.417,3.0,50.0,6.0,12,3,1.000,3,25.000,Logos via Sports Logos.net / About logos,W,https://www.basketball-reference.com/boxscores/202104230GSW.html,Home,118,25:12,0,0.0,DEN,Michael Porter Jr.,Markus Howard,2:08,Bol Bol,2:08,Vlatko Čančar,2:08,Zeke Nnaji,2:08,Will Barton,0:59,,,36:39,Nikola Jokić,33:24,Facundo Campazzo,31:43,PJ Dozier,29:41,Aaron Gordon,27:12,Austin Rivers,22:59,JaMychal Green,18:15,Shaquille Harrison,18:08,Paul Millsap,12:28,97,2,15,6.0,40.0,6.0,40.0,3.0,20.0,Jordan Poole,21,2,2020-2021,2.0,0,1.0,GSW,118,Andrew Wiggins,Alen Smailagić,2:08,,,,,,,,,,,33:59,Stephen Curry,33:44,Draymond Green,32:31,Kelly Oubre Jr.,32:30,Kevon Looney,27:01,Juan Toscano-Anderson,25:51,Mychal Mulder,22:48,Gary Payton II,2:08,Nico Mannion,2:08
1,.333,3,60.000,1,1.00,113,1,4,80.0,1,.200,0.0,0.0,2.0,5,1,.500,2,40.000,Logos via Sports Logos.net / About logos,W,https://www.basketball-reference.com/boxscores/202104250GSW.html,Home,117,20:29,1,20.0,SAC,Harrison Barnes,Kyle Guy,3:39,,,,,,,,,,,40:18,Tyrese Haliburton,37:29,Buddy Hield,36:35,Maurice Harkless,30:59,Delon Wright,27:04,Richaun Holmes,22:14,Chimezie Metu,17:23,Terence Davis,15:54,Damian Jones,8:23,113,2,4,0.0,0.0,3.0,75.0,1.0,25.0,Jordan Poole,4,1,2020-2021,2.0,1,5.0,GSW,117,Stephen Curry,,,,,,,,,,,,,37:46,Andrew Wiggins,37:44,Draymond Green,36:43,Kelly Oubre Jr.,31:08,Juan Toscano-Anderson,31:07,Kevon Looney,25:25,Mychal Mulder,14:06,Gary Payton II,5:30,,
2,.286,7,50.000,3,1.50,133,0,4,80.0,3,.214,1.0,14.3,7.0,14,2,1.000,2,14.286,Logos via Sports Logos.net / About logos,L,https://www.basketball-reference.com/boxscores/202104270GSW.html,Home,103,22:03,1,20.0,DAL,Trey Burke,Josh Green,10:06,Tyler Bey,8:56,Nate Hinton,8:56,JJ Redick,7:10,Boban Marjanović,3:52,,,31:16,Dorian Finney-Smith,30:10,Luka Dončić,28:06,Willie Cauley-Stein,23:12,Maxi Kleber,21:12,Dwight Powell,18:31,Tim Hardaway Jr.,18:26,Jalen Brunson,18:07,Nicolò Melli,12:00,133,0,10,2.0,20.0,6.0,60.0,2.0,20.0,Jordan Poole,30,0,2020-2021,0.0,2,5.0,GSW,103,Mychal Mulder,Alen Smailagić,6:31,,,,,,,,,,,30:55,Andrew Wiggins,30:35,Stephen Curry,29:50,Draymond Green,28:44,Kelly Oubre Jr.,23:08,Kevon Looney,20:37,Juan Toscano-Anderson,20:22,Gary Payton II,13:49,Nico Mannion,13:26
1,.333,3,50.000,1,1.00,114,0,1,100.0,2,.333,1.0,33.3,3.0,6,0,,0,0.000,Logos via Sports Logos.net / About logos,L,https://www.basketball-reference.com/boxscores/202104290MIN.html,Away,126,15:36,0,0.0,MIN,Anthony Edwards,Jordan McLaughlin,11:57,,,,,,,,,,,34:30,Karl-Anthony Towns,32:47,Jaden McDaniels,32:28,Ricky Rubio,31:18,D'Angelo Russell,24:23,Juancho Hernangómez,23:17,Josh Okogie,18:30,Jarred Vanderbilt,15:37,Naz Reid,15:13,126,0,5,2.0,40.0,3.0,60.0,0.0,0.0,Jordan Poole,12,0,2020-2021,0.0,1,1.0,GSW,114,Andrew Wiggins,,,,,,,,,,,,,38:22,Stephen Curry,36:51,Draymond Green,36:08,Kent Bazemore,32:56,Kevon Looney,28:06,Juan Toscano-Anderson,27:54,Mychal Mulder,24:07,,,,
2,.250,8,66.667,6,6.00,113,0,3,100.0,5,.417,3.0,75.0,4.0,12,5,.833,6,50.000,Logos via Sports Logos.net / About logos,W,https://www.basketball-reference.com/boxscores/202105010HOU.html,Away,87,25:01,0,0.0,HOU,Kevin Porter Jr.,,,,,,,,,,,,,36:03,KJ Martin,33:02,Armoni Brooks,30:50,Jae'Sean Tate,30:48,Christian Wood,28:39,Kelly Olynyk,26:55,D.J. Wilson,24:34,DaQuan Jeffries,21:45,Anthony Lamb,7:24,87,1,17,6.0,35.3,6.0,35.3,5.0,29.4,Jordan Poole,26,2,2020-2021,2.0,1,3.0,GSW,113,Juan Toscano-Anderson,,,,,,,,,,,,,34:21,Andrew Wiggins,33:54,Stephen Curry,30:22,Draymond Green,29:18,Kent Bazemore,28:41,Kevon Looney,24:32,Mychal Mulder,23:23,Nico Mannion,5:14,Alen Smailagić,5:14
2,.333,6,60.000,1,,123,0,1,100.0,4,.400,2.0,50.0,4.0,10,1,.500,2,20.000,Logos via Sports Logos.net / About logos,W,https://www.basketball-reference.com/boxscores/202105030NOP.html,Away,108,17:24,0,0.0,NOP,Lonzo Ball,Wenyen Gabriel,2:29,James Nunnally,2:29,Wes Iwundu,2:29,,,,,,,37:38,Zion Williamson,36:52,Brandon Ingram,35:18,Eric Bledsoe,32:45,Naji Marshall,27:20,Willy Hernangómez,25:07,James Johnson,16:16,Jaxson Hayes,14:12,Kira Lewis Jr.,7:05,108,1,11,4.0,36.4,6.0,54.5,1.0,9.1,Jordan Poole,15,0,2020-2021,0.0,0,1.0,GSW,123,Andrew Wiggins,,,,,,,,,,,,,38:18,Draymond Green,36:58,Stephen Curry,35:17,Juan Toscano-Anderson,33:05,Kent Bazemore,31:05,Kevon Looney,22:33,Mychal Mulder,21:56,Nico Mannion,2:29,Alen Smailagić,0:55
2,.286,7,77.778,2,2.00,103,1,1,50.0,3,.333,1.0,50.0,2.0,9,1,.500,2,22.222,Logos via Sports Logos.net / About logos,L,https://www.basketball-reference.com/boxscores/202105040NOP.html,Away,108,13:03,1,50.0,NOP,Zion Williamson,Kira Lewis Jr.,6:40,,,,,,,,,,,37:17,Eric Bledsoe,34:07,Lonzo Ball,33:37,Brandon Ingram,25:18,Jaxson Hayes,23:54,Steven Adams,23:41,James Johnson,23:27,Naji Marshall,23:15,James Nunnally,8:44,108,3,9,2.0,22.2,6.0,66.7,1.0,11.1,Jordan Poole,5,0,2020-2021,1.0,1,2.0,GSW,103,Andrew Wiggins,,,,,,,,,,,,,38:45,Stephen Curry,37:06,Draymond Green,36:22,Kevon Looney,32:12,Kent Bazemore,30:00,Mychal Mulder,27:16,Juan Toscano-Anderson,25:16,,,,
0,.000,6,54.545,3,3.00,97,0,3,75.0,4,.364,4.0,80.0,5.0,11,6,.857,7,63.636,Logos via Sports Logos.net / About logos,W,https://www.basketball-reference.com/boxscores/202105060GSW.html,Home,118,26:20,1,25.0,OKC,Théo Maledon,Charlie Brown Jr.,15:46,Jaylen Hoard,2:06,,,,,,,,,29:46,Darius Bazley,28:36,Moses Brown,27:33,Josh Hall,24:10,Isaiah Roby,23:50,Gabriel Deck,23:38,Ty Jerome,22:21,Luguentz Dort,21:45,Tony Bradley,20:27,97,3,14,8.0,57.1,0.0,0.0,6.0,42.9,Jordan Poole,21,0,2020-2021,0.0,1,4.0,GSW,118,Juan Toscano-Anderson,,,,,,,,,,,,,32:23,Andrew Wiggins,32:16,Draymond Green,32:15,Stephen Curry,31:21,Kent Bazemore,30:17,Kevon Looney,27:22,Mychal Mulder,19:46,Nico Mannion,3:59,Alen Smailagić,3:59
4,.500,8,80.000,1,0.33,97,0,2,100.0,6,.600,2.0,100.0,2.0,10,0,,0,0.000,Logos via Sports Logos.net / About logos,W,https://www.basketball-reference.com/boxscores/202105080GSW.html,Home,136,33:47,0,0.0,OKC,Darius Bazley,Moses Brown,19:43,Charlie Brown Jr.,7:23,,,,,,,,,27:57,Josh Hall,25:49,Svi Mykhailiuk,25:13,Jaylen Hoard,24:18,Luguentz Dort,24:11,Théo Maledon,22:47,Isaiah Roby,22:11,Kenrich Williams,20:25,Gabriel Deck,20:03,97,1,16,4.0,25.0,12.0,75.0,0.0,0.0,Jordan Poole,39,0,2020-2021,0.0,3,2.0,GSW,136,Juan Toscano-Anderson,,,,,,,,,,,,,31:39,Draymond Green,30:18,Stephen Curry,29:20,Kent Bazemore,24:26,Andrew Wiggins,24:23,Kevon Looney,23:40,Mychal Mulder,21:34,Nico Mannion,12:00,Alen Smailagić,8:53
4,.444,9,81.818,0,,116,0,0,0.0,6,.545,2.0,100.0,2.0,11,4,1.000,4,36.364,Logos via Sports Logos.net / About logos,W,https://www.basketball-reference.com/boxscores/202105100GSW.html,Home,119,18:43,1,100.0,UTA,Jordan Clarkson,Matt Thomas,3:59,,,,,,,,,,,35:19,Bojan Bogdanović,33:46,Royce O'Neale,32:42,Rudy Gobert,30:50,Joe Ingles,30:50,Georges Niang,26:30,Trent Forrest,18:38,Derrick Favors,17:10,Miye Oni,10:15,116,4,20,4.0,20.0,12.0,60.0,4.0,20.0,Jordan Poole,3,0,2020-2021,0.0,0,1.0,GSW,119,Draymond Green,,,,,,,,,,,,,37:05,Stephen Curry,36:55,Andrew Wiggins,35:32,Kent Bazemore,33:35,Kevon Looney,29:56,Juan Toscano-Anderson,28:59,Mychal Mulder,19:12,,,,
3,.429,7,70.000,0,,116,0,3,75.0,6,.600,3.0,100.0,3.0,10,5,1.000,5,50.000,Logos via Sports Logos.net / About logos,W,https://www.basketball-reference.com/boxscores/202105110GSW.html,Home,122,20:23,1,25.0,PHO,Devin Booker,,,,,,,,,,,,,39:03,Mikal Bridges,37:47,Chris Paul,32:48,Deandre Ayton,31:38,Jae Crowder,31:34,Torrey Craig,23:00,Cameron Payne,21:59,Frank Kaminsky,16:13,Jevon Carter,5:58,116,1,20,6.0,30.0,9.0,45.0,5.0,25.0,Jordan Poole,6,0,2020-2021,0.0,0,4.0,GSW,122,Andrew Wiggins,,,,,,,,,,,,,39:59,Draymond Green,37:16,Stephen Curry,36:31,Kent Bazemore,30:48,Juan Toscano-Anderson,30:35,Kevon Looney,23:41,Mychal Mulder,20:47,,,,
4,.444,9,40.909,6,3.00,122,1,4,100.0,12,.545,8.0,61.5,13.0,22,10,.909,11,50.000,Logos via Sports Logos.net / About logos,W,https://www.basketball-reference.com/boxscores/202105140GSW.html,Home,125,33:10,0,0.0,NOP,Nickeil Alexander-Walker,James Nunnally,0:30,,,,,,,,,,,40:03,Naji Marshall,35:55,Wenyen Gabriel,30:41,Kira Lewis Jr.,28:44,Jaxson Hayes,24:25,Willy Hernangómez,23:35,Didi Louzada,23:05,James Johnson,17:19,Eric Bledsoe,15:43,122,2,38,16.0,42.1,12.0,31.6,10.0,26.3,Jordan Poole,3,0,2020-2021,1.0,2,4.0,GSW,125,Mychal Mulder,,,,,,,,,,,,,34:02,Juan Toscano-Anderson,33:26,Kent Bazemore,32:26,Nico Mannion,32:14,Kevon Looney,21:34,Alen Smailagić,19:51,Eric Paschall,18:35,Jordan Bell,14:42,,
3,.429,7,77.778,1,0.33,101,0,1,33.3,5,.556,2.0,100.0,2.0,9,2,1.000,2,22.222,Logos via Sports Logos.net / About logos,W,https://www.basketball-reference.com/boxscores/202105160GSW.html,Home,113,24:54,2,66.7,MEM,Ja Morant,Xavier Tillman Sr.,2:36,,,,,,,,,,,37:58,Jonas Valančiūnas,35:30,Jaren Jackson Jr.,31:27,Dillon Brooks,29:55,Kyle Anderson,29:10,Desmond Bane,28:35,De'Anthony Melton,20:55,Brandon Clarke,13:52,Tyus Jones,10:02,101,1,15,4.0,26.7,9.0,60.0,2.0,13.3,Jordan Poole,12,2,2020-2021,2.0,3,3.0,GSW,113,Stephen Curry,,,,,,,,,,,,,39:57,Draymond Green,37:52,Andrew Wiggins,37:06,Kevon Looney,31:11,Kent Bazemore,27:20,Juan Toscano-Anderson,26:49,Mychal Mulder,14:51,,,,
2,.400,5,55.556,3,3.00,100,0,1,100.0,4,.444,2.0,50.0,4.0,9,0,,0,0.000,Logos via Sports Logos.net / About logos,L,https://www.basketball-reference.com/boxscores/202105190LAL.html,Away,103,26:25,0,0.0,LAL,Anthony Davis,Talen Horton-Tucker,5:46,,,,,,,,,,,42:14,LeBron James,34:51,Kentavious Caldwell-Pope,32:31,Dennis Schröder,30:28,Alex Caruso,30:17,Kyle Kuzma,22:54,Andre Drummond,16:45,Wesley Matthews,14:28,Montrezl Harrell,9:46,103,3,10,4.0,40.0,6.0,60.0,0.0,0.0,Jordan Poole,3,0,2020-2021,0.0,1,1.0,GSW,100,Draymond Green,,,,,,,,,,,,,41:22,Stephen Curry,40:37,Andrew Wiggins,39:25,Juan Toscano-Anderson,25:54,Kent Bazemore,24:31,Mychal Mulder,21:50,Kevon Looney,19:56,,,,
3,.600,5,45.455,4,4.00,117,1,3,100.0,6,.545,3.0,50.0,6.0,11,4,1.000,4,36.364,Logos via Sports Logos.net / About logos,L,https://www.basketball-reference.com/boxscores/202105210GSW.html,Home,112,37:54,0,0.0,MEM,Ja Morant,Tyus Jones,7:15,,,,,,,,,,,45:45,Dillon Brooks,45:04,Kyle Anderson,39:01,Desmond Bane,29:20,Jonas Valančiūnas,25:33,Grayson Allen,25:18,Xavier Tillman Sr.,23:08,Jaren Jackson Jr.,14:56,De'Anthony Melton,9:40,117,4,19,6.0,31.6,9.0,47.4,4.0,21.1,Jordan Poole,5,0,2020-2021,1.0,1,3.0,GSW,112,Stephen Curry,,,,,,,,,,,,,47:23,Draymond Green,45:05,Andrew Wiggins,44:18,Juan Toscano-Anderson,31:41,Kent Bazemore,25:30,Kevon Looney,24:27,Mychal Mulder,8:42,,,,
4,.364,11,61.111,3,1.50,121,0,2,100.0,8,.444,4.0,57.1,7.0,18,0,.000,1,5.556,Logos via Sports Logos.net / About logos,W,https://www.basketball-reference.com/boxscores/202110190LAL.html,Away,114,25:04,0,0.0,LAL,Anthony Davis,Avery Bradley,8:14,,,,,,,,,,,38:55,LeBron James,36:44,Russell Westbrook,35:08,Kent Bazemore,30:37,Carmelo Anthony,26:04,Rajon Rondo,19:49,Malik Monk,18:44,DeAndre Jordan,12:55,Dwight Howard,12:49,114,2,20,8.0,40.0,12.0,60.0,0.0,0.0,Jordan Poole,7,1,2021-2022,1.0,2,2.0,GSW,121,Stephen Curry,Moses Moody,5:34,Gary Payton II,0:07,,,,,,,,,36:11,Draymond Green,29:56,Damion Lee,29:03,Nemanja Bjelica,25:55,Andrew Wiggins,25:44,Andre Iguodala,22:58,Kevon Looney,15:28,Juan Toscano-Anderson,12:23,Otto Porter Jr.,11:35
1,.167,6,42.857,4,0.57,113,0,3,75.0,4,.286,3.0,37.5,8.0,14,0,,0,0.000,Logos via Sports Logos.net / About logos,W,https://www.basketball-reference.com/boxscores/202110210GSW.html,Home,115,25:11,1,25.0,LAC,Terance Mann,,,,,,,,,,,,,39:24,Reggie Jackson,39:17,Paul George,36:33,Eric Bledsoe,29:52,Marcus Morris,25:02,Luke Kennard,24:27,Ivica Zubac,17:12,Amir Coffey,14:42,Justise Winslow,13:31,113,4,9,6.0,66.7,3.0,33.3,0.0,0.0,Jordan Poole,2,1,2021-2022,1.0,7,4.0,GSW,115,Stephen Curry,Moses Moody,3:42,Gary Payton II,0:03,,,,,,,,,37:33,Draymond Green,33:43,Andrew Wiggins,30:45,Damion Lee,29:23,Andre Iguodala,23:36,Otto Porter Jr.,18:17,Nemanja Bjelica,16:25,Kevon Looney,14:07,Juan Toscano-Anderson,7:15
2,.400,5,31.250,3,1.50,119,1,3,100.0,8,.500,6.0,54.5,11.0,16,4,1.000,4,25.000,Logos via Sports Logos.net / About logos,W,https://www.basketball-reference.com/boxscores/202110240SAC.html,Away,107,31:54,0,0.0,SAC,Harrison Barnes,,,,,,,,,,,,,36:01,De'Aaron Fox,34:02,Davion Mitchell,32:02,Richaun Holmes,31:39,Tyrese Haliburton,29:52,Buddy Hield,25:03,Maurice Harkless,22:35,Tristan Thompson,16:21,Terence Davis,12:25,107,3,22,12.0,54.5,6.0,27.3,4.0,18.2,Jordan Poole,12,3,2021-2022,4.0,2,3.0,GSW,119,Stephen Curry,,,,,,,,,,,,,35:16,Draymond Green,34:23,Andrew Wiggins,31:12,Otto Porter Jr.,24:02,Damion Lee,22:36,Kevon Looney,18:56,Gary Payton II,17:17,Juan Toscano-Anderson,14:39,Nemanja Bjelica,9:45
0,.000,7,50.000,7,7.00,106,2,2,100.0,5,.357,5.0,71.4,7.0,14,0,,0,0.000,Logos via Sports Logos.net / About logos,W,https://www.basketball-reference.com/boxscores/202110260OKC.html,Away,98,29:17,0,0.0,OKC,Shai Gilgeous-Alexander,Tre Mann,9:26,Isaiah Roby,2:18,,,,,,,,,35:43,Luguentz Dort,32:52,Jeremiah Robinson-Earl,27:12,Josh Giddey,27:11,Kenrich Williams,24:43,Théo Maledon,23:55,Darius Bazley,19:44,Mike Muscala,18:30,Aleksej Pokusevski,18:26,98,0,10,10.0,100.0,0.0,0.0,0.0,0.0,Jordan Poole,8,0,2021-2022,2.0,1,2.0,GSW,106,Stephen Curry,Gary Payton II,4:55,Chris Chiozza,4:32,Moses Moody,0:46,,,,,,,32:18,Draymond Green,32:05,Andrew Wiggins,30:42,Damion Lee,25:58,Andre Iguodala,19:18,Kevon Looney,18:04,Otto Porter Jr.,17:23,Juan Toscano-Anderson,17:06,Nemanja Bjelica,7:36
0,.000,2,22.222,3,0.50,104,0,2,100.0,4,.444,4.0,57.1,7.0,9,1,1.000,1,11.111,Logos via Sports Logos.net / About logos,L,https://www.basketball-reference.com/boxscores/202110280GSW.html,Home,101,23:53,0,0.0,MEM,Ja Morant,John Konchar,7:35,,,,,,,,,,,41:39,Desmond Bane,38:06,De'Anthony Melton,34:35,Jaren Jackson Jr.,31:55,Kyle Anderson,29:12,Xavier Tillman Sr.,22:17,Steven Adams,21:20,Ziaire Williams,20:57,Tyus Jones,17:24,104,2,9,8.0,88.9,0.0,0.0,1.0,11.1,Jordan Poole,3,1,2021-2022,1.0,6,2.0,GSW,101,Stephen Curry,Gary Payton II,8:43,,,,,,,,,,,40:40,Draymond Green,37:37,Andrew Wiggins,37:24,Damion Lee,32:37,Andre Iguodala,25:24,Otto Porter Jr.,19:48,Juan Toscano-Anderson,14:21,Nemanja Bjelica,13:51,Kevon Looney,10:42
2,.333,6,40.000,4,,82,0,2,66.7,6,.400,4.0,44.4,9.0,15,0,,0,0.000,Logos via Sports Logos.net / About logos,W,https://www.basketball-reference.com/boxscores/202110300GSW.html,Home,103,31:21,1,33.3,OKC,Luguentz Dort,Derrick Favors,10:28,Isaiah Roby,8:25,Théo Maledon,8:25,Gabriel Deck,6:59,,,,,29:49,Shai Gilgeous-Alexander,28:41,Josh Giddey,27:46,Darius Bazley,27:23,Kenrich Williams,20:01,Ty Jerome,19:27,Aleksej Pokusevski,19:17,Jeremiah Robinson-Earl,18:50,Mike Muscala,14:29,82,4,14,8.0,57.1,6.0,42.9,0.0,0.0,Jordan Poole,21,1,2021-2022,1.0,0,3.0,GSW,103,Stephen Curry,Juan Toscano-Anderson,8:25,Gary Payton II,6:12,Jonathan Kuminga,6:04,,,,,,,27:11,Draymond Green,25:30,Andrew Wiggins,24:50,Moses Moody,20:46,Nemanja Bjelica,20:17,Kevon Looney,18:17,Otto Porter Jr.,17:18,Andre Iguodala,17:15,Chris Chiozza,16:34
7,.438,16,76.190,1,1.00,92,0,3,100.0,11,.524,4.0,80.0,5.0,21,2,1.000,2,9.524,Logos via Sports Logos.net / About logos,W,https://www.basketball-reference.com/boxscores/202111030GSW.html,Home,114,32:26,0,0.0,CHO,Miles Bridges,Jalen McDaniels,2:23,James Bouknight,1:51,Nick Richards,1:51,,,,,,,37:35,Gordon Hayward,37:23,Terry Rozier,34:47,LaMelo Ball,33:33,Cody Martin,25:19,Mason Plumlee,20:04,P.J. Washington,17:22,Ish Smith,14:27,Kelly Oubre Jr.,13:25,92,3,31,8.0,25.8,21.0,67.7,2.0,6.5,Jordan Poole,22,4,2021-2022,4.0,1,3.0,GSW,114,Stephen Curry,Otto Porter Jr.,11:20,Jeff Dowtin,1:51,Jonathan Kuminga,1:51,Moses Moody,1:51,,,,,35:25,Draymond Green,34:48,Andrew Wiggins,28:45,Gary Payton II,17:26,Andre Iguodala,17:24,Damion Lee,15:43,Kevon Looney,14:37,Juan Toscano-Anderson,13:57,Nemanja Bjelica,12:33
6,.667,9,60.000,1,1.00,85,0,0,,10,.667,4.0,66.7,6.0,15,0,,0,0.000,Logos via Sports Logos.net / About logos,W,https://www.basketball-reference.com/boxscores/202111050GSW.html,Home,126,27:51,0,,NOP,Jonas Valančiūnas,Jose Alvarado,5:53,Didi Louzada,5:53,Willy Hernangómez,3:16,,,,,,,31:21,Josh Hart,30:26,Devonte' Graham,29:43,Nickeil Alexander-Walker,28:15,Garrett Temple,26:02,Naji Marshall,21:40,Tomáš Satoranský,20:51,Trey Murphy III,18:25,Kira Lewis Jr.,18:13,85,3,26,8.0,30.8,18.0,69.2,0.0,0.0,Jordan Poole,41,0,2021-2022,0.0,1,0.0,GSW,126,Stephen Curry,Kevon Looney,11:04,Moses Moody,8:14,Jonathan Kuminga,7:14,,,,,,,29:45,Andrew Wiggins,26:10,Draymond Green,24:30,Damion Lee,20:54,Nemanja Bjelica,17:42,Gary Payton II,17:33,Andre Iguodala,17:24,Otto Porter Jr.,16:55,Juan Toscano-Anderson,14:43
2,.286,7,53.846,5,1.67,107,0,4,100.0,7,.538,5.0,83.3,6.0,13,9,1.000,9,69.231,Logos via Sports Logos.net / About logos,W,https://www.basketball-reference.com/boxscores/202111070GSW.html,Home,120,29:50,0,0.0,HOU,Jae'Sean Tate,Armoni Brooks,16:13,D.J. Augustin,11:16,Usman Garuba,4:35,,,,,,,32:54,Jalen Green,29:57,Kevin Porter Jr.,27:01,Christian Wood,23:55,Daniel Theis,21:20,David Nwaba,20:13,Josh Christopher,18:32,KJ Martin,17:37,Alperen Sengun,16:26,107,5,25,10.0,40.0,6.0,24.0,9.0,36.0,Jordan Poole,13,1,2021-2022,1.0,3,4.0,GSW,120,Andrew Wiggins,Moses Moody,12:05,Chris Chiozza,5:28,Jonathan Kuminga,1:29,,,,,,,29:48,Stephen Curry,26:49,Damion Lee,23:18,Draymond Green,22:22,Juan Toscano-Anderson,20:19,Gary Payton II,19:37,Otto Porter Jr.,18:23,Kevon Looney,16:18,Nemanja Bjelica,14:12
3,.300,10,58.824,4,,113,0,4,100.0,6,.353,3.0,42.9,7.0,17,1,1.000,1,5.882,Logos via Sports Logos.net / About logos,W,https://www.basketball-reference.com/boxscores/202111080GSW.html,Home,127,31:38,0,0.0,ATL,Trae Young,Solomon Hill,13:02,Timothé Luwawu-Cabarrot,5:00,Gorgui Dieng,5:00,,,,,,,32:06,Bogdan Bogdanović,31:24,John Collins,30:48,Kevin Huerter,25:04,Clint Capela,23:20,De'Andre Hunter,22:41,Danilo Gallinari,22:13,Delon Wright,15:54,Cam Reddish,13:28,113,2,16,6.0,37.5,9.0,56.2,1.0,6.2,Jordan Poole,14,2,2021-2022,2.0,0,4.0,GSW,127,Stephen Curry,Jonathan Kuminga,6:51,Jeff Dowtin,3:52,Moses Moody,2:57,,,,,,,35:02,Draymond Green,29:51,Andrew Wiggins,26:01,Gary Payton II,21:16,Andre Iguodala,19:46,Damion Lee,17:45,Kevon Looney,17:22,Juan Toscano-Anderson,14:33,Nemanja Bjelica,13:06
2,.182,11,64.706,2,2.00,110,0,4,80.0,5,.294,3.0,50.0,6.0,17,2,1.000,2,11.765,Logos via Sports Logos.net / About logos,W,https://www.basketball-reference.com/boxscores/202111100GSW.html,Home,123,36:56,1,20.0,MIN,Anthony Edwards,Jordan McLaughlin,5:00,,,,,,,,,,,41:45,Karl-Anthony Towns,38:10,Patrick Beverley,34:55,D'Angelo Russell,34:07,Naz Reid,25:12,Malik Beasley,22:09,Jarred Vanderbilt,18:03,Jaden McDaniels,14:23,Josh Okogie,6:14,110,2,14,6.0,42.9,6.0,42.9,2.0,14.3,Jordan Poole,13,1,2021-2022,1.0,1,5.0,GSW,123,Stephen Curry,Moses Moody,5:13,Chris Chiozza,0:58,,,,,,,,,34:06,Andrew Wiggins,31:43,Kevon Looney,28:56,Andre Iguodala,24:54,Draymond Green,21:14,Nemanja Bjelica,19:03,Gary Payton II,15:37,Otto Porter Jr.,14:29,Juan Toscano-Anderson,6:47
2,.222,9,75.000,2,0.50,93,0,1,100.0,5,.417,3.0,100.0,3.0,12,2,1.000,2,16.667,Logos via Sports Logos.net / About logos,W,https://www.basketball-reference.com/boxscores/202111120GSW.html,Home,119,31:47,0,0.0,CHI,Lonzo Ball,Tyler Cook,12:00,Troy Brown Jr.,4:18,Matt Thomas,4:18,,,,,,,36:40,DeMar DeRozan,35:47,Zach LaVine,34:27,Alex Caruso,24:45,Alize Johnson,21:11,Derrick Jones Jr.,20:30,Ayo Dosunmu,16:17,Javonte Green,16:11,Tony Bradley,13:36,93,2,14,6.0,42.9,6.0,42.9,2.0,14.3,Jordan Poole,26,3,2021-2022,3.0,4,1.0,GSW,119,Stephen Curry,Moses Moody,6:14,Juan Toscano-Anderson,4:18,,,,,,,,,34:13,Andrew Wiggins,29:20,Draymond Green,28:01,Gary Payton II,20:51,Kevon Looney,20:27,Andre Iguodala,18:13,Jonathan Kuminga,15:41,Nemanja Bjelica,15:33,Otto Porter Jr.,15:21
2,.250,8,66.667,3,1.00,102,0,1,100.0,4,.333,2.0,50.0,4.0,12,3,1.000,3,25.000,Logos via Sports Logos.net / About logos,L,https://www.basketball-reference.com/boxscores/202111140CHO.html,Away,106,28:36,0,0.0,CHO,Miles Bridges,,,,,,,,,,,,,41:35,LaMelo Ball,37:32,Terry Rozier,32:10,Gordon Hayward,31:20,Mason Plumlee,28:46,Cody Martin,28:15,Jalen McDaniels,21:02,Kelly Oubre Jr.,15:57,Ish Smith,3:23,106,0,13,4.0,30.8,6.0,46.2,3.0,23.1,Jordan Poole,4,1,2021-2022,1.0,3,1.0,GSW,102,Stephen Curry,Jonathan Kuminga,9:50,,,,,,,,,,,35:42,Draymond Green,32:27,Andrew Wiggins,32:10,Andre Iguodala,24:32,Kevon Looney,20:18,Otto Porter Jr.,15:46,Gary Payton II,15:21,Damion Lee,14:53,Nemanja Bjelica,10:25
0,.000,7,53.846,4,0.80,117,1,4,100.0,6,.462,6.0,100.0,6.0,13,5,.833,6,46.154,Logos via Sports Logos.net / About logos,W,https://www.basketball-reference.com/boxscores/202111160BRK.html,Away,99,28:10,0,0.0,BRK,Kevin Durant,Kessler Edwards,9:04,Day'Ron Sharpe,9:04,James Johnson,5:13,,,,,,,32:14,Patty Mills,31:52,James Harden,31:51,DeAndre' Bembry,30:50,Bruce Brown,26:49,Blake Griffin,22:35,Jevon Carter,15:57,Cam Thomas,15:03,LaMarcus Aldridge,9:28,99,5,17,12.0,70.6,0.0,0.0,5.0,29.4,Jordan Poole,18,0,2021-2022,1.0,5,4.0,GSW,117,Stephen Curry,Nemanja Bjelica,11:32,Moses Moody,7:39,Juan Toscano-Anderson,5:25,,,,,,,29:15,Draymond Green,28:43,Andrew Wiggins,22:08,Damion Lee,21:41,Andre Iguodala,19:03,Jonathan Kuminga,18:47,Otto Porter Jr.,17:01,Gary Payton II,15:58,Kevon Looney,14:38
1,.200,5,50.000,2,,104,0,2,100.0,3,.300,2.0,40.0,5.0,10,1,1.000,1,10.000,Logos via Sports Logos.net / About logos,W,https://www.basketball-reference.com/boxscores/202111180CLE.html,Away,89,23:37,0,0.0,CLE,Isaac Okoro,Tacko Fall,1:24,RJ Nembhard Jr.,1:24,,,,,,,,,43:27,Dean Wade,40:03,Darius Garland,38:01,Ricky Rubio,37:37,Ed Davis,28:10,Kevin Love,21:32,Dylan Windler,18:18,Denzel Valentine,8:40,Kevin Pangos,1:24,89,3,8,4.0,50.0,3.0,37.5,1.0,12.5,Jordan Poole,15,1,2021-2022,1.0,0,2.0,GSW,104,Stephen Curry,Jonathan Kuminga,6:45,Chris Chiozza,2:25,Moses Moody,0:53,,,,,,,35:23,Draymond Green,29:49,Andrew Wiggins,24:09,Nemanja Bjelica,23:27,Damion Lee,22:59,Otto Porter Jr.,19:57,Kevon Looney,19:27,Juan Toscano-Anderson,15:58,Gary Payton II,15:11
4,.500,8,36.364,2,0.50,105,0,6,85.7,13,.591,9.0,64.3,14.0,22,2,1.000,2,9.091,Logos via Sports Logos.net / About logos,W,https://www.basketball-reference.com/boxscores/202111190DET.html,Away,102,37:25,1,14.3,DET,Cade Cunningham,Luka Garza,7:22,,,,,,,,,,,36:15,Saddiq Bey,36:00,Jerami Grant,34:04,Frank Jackson,32:54,Cory Joseph,29:49,Killian Hayes,18:11,Trey Lyles,16:47,Isaiah Stewart,15:31,Hamidou Diallo,13:07,102,4,32,18.0,56.2,12.0,37.5,2.0,6.2,Jordan Poole,3,0,2021-2022,0.0,4,7.0,GSW,105,Juan Toscano-Anderson,,,,,,,,,,,,,37:01,Andrew Wiggins,36:31,Gary Payton II,29:13,Kevon Looney,26:30,Nemanja Bjelica,21:24,Damion Lee,16:16,Chris Chiozza,16:00,Jonathan Kuminga,11:39,Moses Moody,8:01
8,.727,11,84.615,4,0.80,104,0,3,75.0,10,.769,2.0,100.0,2.0,13,5,.833,6,46.154,Logos via Sports Logos.net / About logos,W,https://www.basketball-reference.com/boxscores/202111210GSW.html,Home,119,30:40,1,25.0,TOR,Fred VanVleet,Malachi Flynn,7:58,,,,,,,,,,,38:58,Pascal Siakam,34:13,Gary Trent Jr.,28:39,Scottie Barnes,28:17,Precious Achiuwa,26:14,Khem Birch,21:46,Dalano Banton,20:11,Svi Mykhailiuk,20:10,Chris Boucher,13:34,104,5,33,4.0,12.1,24.0,72.7,5.0,15.2,Jordan Poole,15,0,2021-2022,0.0,5,4.0,GSW,119,Stephen Curry,Nemanja Bjelica,3:56,Moses Moody,1:33,,,,,,,,,37:04,Andrew Wiggins,32:41,Draymond Green,31:59,Kevon Looney,26:17,Otto Porter Jr.,22:25,Chris Chiozza,20:29,Juan Toscano-Anderson,17:33,Damion Lee,7:45,Jonathan Kuminga,7:38
2,.286,7,53.846,6,3.00,96,0,5,100.0,5,.385,3.0,50.0,6.0,13,5,.833,6,46.154,Logos via Sports Logos.net / About logos,W,https://www.basketball-reference.com/boxscores/202111240GSW.html,Home,116,33:10,0,0.0,PHI,Seth Curry,Charles Bassey,7:34,Paul Reed,2:10,,,,,,,,,33:21,Matisse Thybulle,33:15,Tyrese Maxey,33:07,Andre Drummond,27:12,Georges Niang,25:33,Shake Milton,23:38,Furkan Korkmaz,22:20,Danny Green,17:00,Isaiah Joe,14:50,96,4,17,6.0,35.3,6.0,35.3,5.0,29.4,Jordan Poole,20,0,2021-2022,0.0,2,5.0,GSW,116,Stephen Curry,Jonathan Kuminga,4:15,,,,,,,,,,,34:55,Andrew Wiggins,33:46,Draymond Green,28:23,Juan Toscano-Anderson,25:07,Kevon Looney,22:37,Otto Porter Jr.,19:33,Gary Payton II,17:34,Damion Lee,14:35,Nemanja Bjelica,6:05
2,.333,6,50.000,5,5.00,103,0,1,50.0,5,.417,3.0,50.0,6.0,12,2,1.000,2,16.667,Logos via Sports Logos.net / About logos,W,https://www.basketball-reference.com/boxscores/202111260GSW.html,Home,118,34:34,1,50.0,POR,CJ McCollum,,,,,,,,,,,,,39:09,Damian Lillard,38:00,Robert Covington,30:30,Anfernee Simons,28:53,Norman Powell,25:32,Larry Nance Jr.,24:07,Jusuf Nurkić,23:53,Nassir Little,19:57,Tony Snell,9:59,103,3,14,6.0,42.9,6.0,42.9,2.0,14.3,Jordan Poole,15,0,2021-2022,0.0,1,2.0,GSW,118,Stephen Curry,,,,,,,,,,,,,38:04,Draymond Green,34:18,Andrew Wiggins,34:00,Juan Toscano-Anderson,23:12,Otto Porter Jr.,21:14,Kevon Looney,20:03,Chris Chiozza,12:32,Gary Payton II,11:45,Nemanja Bjelica,10:18
4,.400,10,62.500,2,,105,0,3,100.0,6,.375,2.0,33.3,6.0,16,1,1.000,1,6.250,Logos via Sports Logos.net / About logos,W,https://www.basketball-reference.com/boxscores/202111280LAC.html,Away,90,30:42,0,0.0,LAC,Paul George,Serge Ibaka,9:07,Justise Winslow,4:05,,,,,,,,,36:31,Marcus Morris,34:16,Luke Kennard,33:32,Eric Bledsoe,32:36,Terance Mann,25:52,Reggie Jackson,21:14,Ivica Zubac,21:06,Isaiah Hartenstein,11:36,Amir Coffey,10:05,90,2,17,4.0,23.5,12.0,70.6,1.0,5.9,Jordan Poole,15,1,2021-2022,1.0,0,3.0,GSW,105,Andrew Wiggins,Jonathan Kuminga,2:45,Moses Moody,2:32,,,,,,,,,36:07,Stephen Curry,34:47,Draymond Green,30:04,Otto Porter Jr.,25:46,Juan Toscano-Anderson,21:34,Chris Chiozza,18:31,Kevon Looney,13:31,Gary Payton II,12:00,Nemanja Bjelica,11:41
6,.500,12,80.000,3,0.75,96,1,5,100.0,9,.600,3.0,100.0,3.0,15,4,.800,5,33.333,Logos via Sports Logos.net / About logos,L,https://www.basketball-reference.com/boxscores/202111300PHO.html,Away,104,34:59,0,0.0,PHO,Mikal Bridges,Elfrid Payton,4:17,,,,,,,,,,,41:24,Chris Paul,39:25,Deandre Ayton,34:18,Cameron Johnson,29:22,Jae Crowder,28:12,Landry Shamet,23:46,Cameron Payne,15:32,Devin Booker,15:27,JaVale McGee,8:17,104,2,28,6.0,21.4,18.0,64.3,4.0,14.3,Jordan Poole,8,2,2021-2022,3.0,4,5.0,GSW,96,Stephen Curry,Jonathan Kuminga,0:07,,,,,,,,,,,35:58,Andrew Wiggins,33:17,Draymond Green,32:25,Otto Porter Jr.,30:01,Kevon Looney,17:23,Nemanja Bjelica,15:34,Gary Payton II,15:32,Juan Toscano-Anderson,12:42,Chris Chiozza,12:02
2,.400,5,41.667,5,1.00,96,0,1,100.0,5,.417,3.0,42.9,7.0,12,2,1.000,2,16.667,Logos via Sports Logos.net / About logos,W,https://www.basketball-reference.com/boxscores/202112030GSW.html,Home,118,31:52,0,0.0,PHO,Cameron Johnson,Elfrid Payton,7:08,Jalen Smith,3:23,,,,,,,,,32:50,Chris Paul,32:22,Deandre Ayton,31:43,Jae Crowder,31:13,Mikal Bridges,30:27,Landry Shamet,26:53,Cameron Payne,25:49,Ish Wainright,9:19,JaVale McGee,8:53,96,6,14,6.0,42.9,6.0,42.9,2.0,14.3,Jordan Poole,22,1,2021-2022,1.0,5,1.0,GSW,118,Stephen Curry,,,,,,,,,,,,,33:24,Draymond Green,30:27,Andrew Wiggins,29:53,Gary Payton II,26:25,Juan Toscano-Anderson,26:10,Otto Porter Jr.,24:11,Nemanja Bjelica,15:12,Kevon Looney,14:47,Damion Lee,7:39
3,.500,6,66.667,3,1.50,112,0,1,33.3,6,.667,3.0,100.0,3.0,9,0,,0,0.000,Logos via Sports Logos.net / About logos,L,https://www.basketball-reference.com/boxscores/202112040GSW.html,Home,107,23:12,2,66.7,SAS,Keldon Johnson,,,,,,,,,,,,,38:12,Dejounte Murray,36:36,Derrick White,36:18,Jakob Poeltl,31:08,Lonnie Walker IV,30:26,Doug McDermott,25:18,Bryn Forbes,14:02,Tre Jones,14:00,Thaddeus Young,14:00,112,3,15,6.0,40.0,9.0,60.0,0.0,0.0,Jordan Poole,5,0,2021-2022,0.0,2,3.0,GSW,107,Stephen Curry,,,,,,,,,,,,,36:52,Draymond Green,32:50,Juan Toscano-Anderson,32:01,Andrew Wiggins,30:55,Damion Lee,30:52,Chris Chiozza,14:09,Nemanja Bjelica,13:22,Kevon Looney,13:07,Gary Payton II,12:40
2,.333,6,40.000,7,7.00,95,0,7,100.0,4,.267,2.0,22.2,9.0,15,2,1.000,2,13.333,Logos via Sports Logos.net / About logos,W,https://www.basketball-reference.com/boxscores/202112060GSW.html,Home,126,32:20,0,0.0,ORL,Franz Wagner,Mychal Mulder,14:16,Ignas Brazdeikis,5:23,,,,,,,,,30:30,Wendell Carter Jr.,29:32,Gary Harris,27:40,Cole Anthony,27:27,Chuma Okeke,25:21,R.J. Hampton,23:29,Terrence Ross,21:19,Mo Bamba,17:57,Moritz Wagner,17:06,95,1,12,4.0,33.3,6.0,50.0,2.0,16.7,Jordan Poole,31,1,2021-2022,1.0,1,7.0,GSW,126,Stephen Curry,Nemanja Bjelica,11:06,Jeff Dowtin,4:30,Moses Moody,4:30,,,,,,,30:58,Andrew Wiggins,29:57,Draymond Green,28:30,Damion Lee,23:25,Otto Porter Jr.,19:40,Gary Payton II,17:31,Juan Toscano-Anderson,12:58,Kevon Looney,12:35,Jonathan Kuminga,12:00
2,.200,10,71.429,2,2.00,94,1,3,100.0,5,.357,3.0,75.0,4.0,14,8,.889,9,64.286,Logos via Sports Logos.net / About logos,W,https://www.basketball-reference.com/boxscores/202112080GSW.html,Home,104,34:37,0,0.0,POR,Norman Powell,,,,,,,,,,,,,42:44,Dennis Smith Jr.,41:54,Robert Covington,35:07,Jusuf Nurkić,27:47,Nassir Little,25:30,Ben McLemore,25:09,Larry Nance Jr.,22:52,Tony Snell,12:50,CJ Elleby,6:06,94,2,20,6.0,30.0,6.0,30.0,8.0,40.0,Jordan Poole,10,3,2021-2022,4.0,1,3.0,GSW,104,Stephen Curry,,,,,,,,,,,,,33:21,Andrew Wiggins,32:49,Draymond Green,32:27,Otto Porter Jr.,26:15,Nemanja Bjelica,19:45,Kevon Looney,17:33,Juan Toscano-Anderson,16:34,Damion Lee,13:57,Gary Payton II,12:42
4,.444,9,64.286,2,0.67,93,0,3,100.0,7,.500,3.0,60.0,5.0,14,5,1.000,5,35.714,Logos via Sports Logos.net / About logos,L,https://www.basketball-reference.com/boxscores/202112110PHI.html,Away,102,36:34,0,0.0,PHI,Seth Curry,Furkan Korkmaz,9:09,,,,,,,,,,,35:17,Tobias Harris,34:04,Matisse Thybulle,33:44,Joel Embiid,32:31,Tyrese Maxey,29:40,Shake Milton,19:22,Danny Green,16:48,Andre Drummond,15:29,Georges Niang,13:56,102,1,23,6.0,26.1,12.0,52.2,5.0,21.7,Jordan Poole,9,1,2021-2022,1.0,3,3.0,GSW,93,Andrew Wiggins,Damion Lee,10:06,Jonathan Kuminga,0:46,Moses Moody,0:46,,,,,,,36:38,Stephen Curry,36:14,Draymond Green,28:30,Kevon Looney,25:08,Otto Porter Jr.,18:21,Nemanja Bjelica,13:05,Gary Payton II,12:20,Juan Toscano-Anderson,10:56,Andre Iguodala,10:36
1,.250,4,44.444,4,2.00,102,0,4,100.0,3,.333,2.0,40.0,5.0,9,1,.333,3,33.333,Logos via Sports Logos.net / About logos,W,https://www.basketball-reference.com/boxscores/202112130IND.html,Away,100,28:40,0,0.0,IND,Caris LeVert,,,,,,,,,,,,,36:50,Malcolm Brogdon,36:24,Domantas Sabonis,36:23,Myles Turner,35:36,Kelan Martin,26:23,Oshae Brissett,24:35,Chris Duarte,21:55,Jeremy Lamb,16:55,Brad Wanamaker,4:59,100,4,8,4.0,50.0,3.0,37.5,1.0,12.5,Jordan Poole,2,0,2021-2022,0.0,2,4.0,GSW,102,Stephen Curry,Jonathan Kuminga,6:01,Moses Moody,1:58,,,,,,,,,35:21,Andrew Wiggins,34:06,Draymond Green,31:02,Kevon Looney,27:01,Otto Porter Jr.,25:01,Damion Lee,19:29,Juan Toscano-Anderson,13:32,Gary Payton II,9:01,Nemanja Bjelica,8:48
0,.000,6,54.545,3,1.00,105,0,9,100.0,3,.273,3.0,60.0,5.0,11,13,1.000,13,118.182,Logos via Sports Logos.net / About logos,W,https://www.basketball-reference.com/boxscores/202112140NYK.html,Away,96,34:07,0,0.0,NYK,Alec Burks,,,,,,,,,,,,,38:51,Julius Randle,37:16,Derrick Rose,34:17,Evan Fournier,28:55,Nerlens Noel,24:18,Immanuel Quickley,21:38,Miles McBride,20:19,Kevin Knox,20:17,Mitchell Robinson,14:09,96,4,19,6.0,31.6,0.0,0.0,13.0,68.4,Jordan Poole,9,0,2021-2022,0.0,3,9.0,GSW,105,Stephen Curry,Gary Payton II,9:57,,,,,,,,,,,34:43,Andrew Wiggins,33:41,Draymond Green,31:48,Kevon Looney,23:43,Damion Lee,17:12,Nemanja Bjelica,16:58,Andre Iguodala,14:26,Juan Toscano-Anderson,13:09,Jonathan Kuminga,10:16
1,.500,2,33.333,2,0.50,123,0,2,100.0,3,.500,2.0,50.0,4.0,6,3,.750,4,66.667,Logos via Sports Logos.net / About logos,W,https://www.basketball-reference.com/boxscores/202201010UTA.html,Away,116,16:53,0,0.0,UTA,Donovan Mitchell,,,,,,,,,,,,,36:13,Royce O'Neale,35:55,Bojan Bogdanović,35:01,Rudy Gobert,34:58,Mike Conley,27:45,Joe Ingles,25:53,Jordan Clarkson,24:23,Rudy Gay,19:52,,,116,3,10,4.0,40.0,3.0,30.0,3.0,30.0,Jordan Poole,7,0,2021-2022,0.0,4,2.0,GSW,123,Andrew Wiggins,,,,,,,,,,,,,38:06,Otto Porter Jr.,36:10,Stephen Curry,35:31,Kevon Looney,30:47,Gary Payton II,28:10,Andre Iguodala,23:54,Nemanja Bjelica,12:24,Juan Toscano-Anderson,11:50,Jonathan Kuminga,6:15
5,.556,9,52.941,5,5.00,108,0,2,100.0,12,.706,7.0,87.5,8.0,17,3,.600,5,29.412,Logos via Sports Logos.net / About logos,W,https://www.basketball-reference.com/boxscores/202201030GSW.html,Home,115,26:11,0,0.0,MIA,Tyler Herro,,,,,,,,,,,,,41:33,Kyle Lowry,38:31,Caleb Martin,35:46,Omer Yurtseven,33:20,P.J. Tucker,27:56,Jimmy Butler,27:44,Kyle Guy,25:05,Chris Silva,10:05,,,108,2,32,14.0,43.8,15.0,46.9,3.0,9.4,Jordan Poole,7,0,2021-2022,0.0,1,2.0,GSW,115,Draymond Green,Jonathan Kuminga,6:51,Quinndary Weatherspoon,0:19,,,,,,,,,36:14,Andrew Wiggins,34:07,Stephen Curry,32:01,Gary Payton II,30:03,Kevon Looney,25:08,Otto Porter Jr.,18:49,Nemanja Bjelica,10:51,Damion Lee,10:41,Juan Toscano-Anderson,8:45
0,.000,4,50.000,3,1.50,82,0,2,100.0,3,.375,3.0,75.0,4.0,8,0,,0,0.000,Logos via Sports Logos.net / About logos,L,https://www.basketball-reference.com/boxscores/202201050DAL.html,Away,99,24:00,0,0.0,DAL,Dorian Finney-Smith,Marquese Chriss,4:06,Frank Ntilikina,1:19,Theo Pinson,1:19,,,,,,,37:28,Maxi Kleber,35:03,Luka Dončić,34:14,Jalen Brunson,34:10,Reggie Bullock,27:04,Tim Hardaway Jr.,25:27,Dwight Powell,19:42,Sterling Brown,14:43,Josh Green,5:25,99,2,6,6.0,100.0,0.0,0.0,0.0,0.0,Jordan Poole,17,0,2021-2022,0.0,2,2.0,GSW,82,Stephen Curry,Quinndary Weatherspoon,1:33,Chris Chiozza,1:33,Moses Moody,1:33,,,,,,,36:04,Andrew Wiggins,32:30,Draymond Green,31:48,Gary Payton II,24:13,Kevon Looney,21:28,Juan Toscano-Anderson,19:42,Damion Lee,18:45,Nemanja Bjelica,14:29,Jonathan Kuminga,12:22
2,.222,9,64.286,5,1.67,96,0,0,,3,.214,1.0,20.0,5.0,14,3,1.000,3,21.429,Logos via Sports Logos.net / About logos,L,https://www.basketball-reference.com/boxscores/202201060NOP.html,Away,101,32:34,0,,NOP,Herbert Jones,Jose Alvarado,10:47,,,,,,,,,,,37:28,Brandon Ingram,34:47,Josh Hart,34:05,Jonas Valančiūnas,31:35,Devonte' Graham,28:36,Garrett Temple,18:31,Nickeil Alexander-Walker,16:42,Gary Clark,15:38,Jaxson Hayes,11:51,101,5,11,2.0,18.2,6.0,54.5,3.0,27.3,Jordan Poole,5,3,2021-2022,3.0,3,0.0,GSW,96,Andrew Wiggins,Chris Chiozza,3:27,,,,,,,,,,,31:56,Damion Lee,29:37,Otto Porter Jr.,23:58,Moses Moody,23:04,Nemanja Bjelica,21:15,Andre Iguodala,20:17,Jonathan Kuminga,20:12,Kevon Looney,19:39,Gary Payton II,14:01
2,.333,6,50.000,2,2.00,82,1,2,100.0,6,.500,4.0,66.7,6.0,12,0,,0,0.000,Logos via Sports Logos.net / About logos,W,https://www.basketball-reference.com/boxscores/202201090GSW.html,Home,96,24:26,0,0.0,CLE,Evan Mobley,,,,,,,,,,,,,35:32,Lamar Stevens,33:54,Darius Garland,32:53,Jarrett Allen,29:49,Lauri Markkanen,29:06,Rajon Rondo,28:38,Cedi Osman,19:49,Dylan Windler,16:13,Kevin Love,14:06,82,1,14,8.0,57.1,6.0,42.9,0.0,0.0,Jordan Poole,14,0,2021-2022,1.0,1,2.0,GSW,96,Stephen Curry,Draymond Green,0:07,,,,,,,,,,,36:31,Andrew Wiggins,33:58,Kevon Looney,29:29,Andre Iguodala,24:52,Klay Thompson,19:55,Otto Porter Jr.,19:44,Gary Payton II,19:29,Juan Toscano-Anderson,18:37,Nemanja Bjelica,12:49
1,.167,6,54.545,2,2.00,108,2,1,100.0,3,.273,2.0,40.0,5.0,11,5,1.000,5,45.455,Logos via Sports Logos.net / About logos,L,https://www.basketball-reference.com/boxscores/202201110MEM.html,Away,116,22:14,0,0.0,MEM,Ja Morant,De'Anthony Melton,12:08,,,,,,,,,,,36:56,Desmond Bane,32:07,Ziaire Williams,30:25,Brandon Clarke,25:47,Kyle Anderson,24:12,Tyus Jones,23:21,Jaren Jackson Jr.,22:23,John Konchar,17:02,Xavier Tillman Sr.,15:39,116,0,12,4.0,33.3,3.0,25.0,5.0,41.7,Jordan Poole,8,0,2021-2022,2.0,1,1.0,GSW,108,Stephen Curry,Juan Toscano-Anderson,7:21,Moses Moody,7:11,,,,,,,,,38:41,Andrew Wiggins,33:33,Otto Porter Jr.,28:23,Gary Payton II,22:44,Andre Iguodala,20:56,Klay Thompson,19:37,Kevon Looney,18:23,Nemanja Bjelica,11:54,Damion Lee,9:03
2,.286,7,100.000,0,0.00,99,0,3,100.0,2,.286,0.0,,0.0,7,3,1.000,3,42.857,Logos via Sports Logos.net / About logos,L,https://www.basketball-reference.com/boxscores/202201130MIL.html,Away,118,24:23,0,0.0,MIL,Giannis Antetokounmpo,Rodney Hood,13:16,Sandro Mamukelashvili,5:43,Semi Ojeleye,4:33,Thanasis Antetokounmpo,4:33,Lindell Wigginton,4:33,,,29:58,Khris Middleton,29:43,Grayson Allen,27:01,Bobby Portis,24:34,Wesley Matthews,22:34,Jordan Nwora,19:53,Donte DiVincenzo,19:41,George Hill,17:37,Pat Connaughton,16:20,118,2,9,0.0,0.0,6.0,66.7,3.0,33.3,Jordan Poole,19,0,2021-2022,0.0,2,3.0,GSW,99,Stephen Curry,Chris Chiozza,13:47,Andre Iguodala,13:24,Gary Payton II,4:55,,,,,,,29:15,Andrew Wiggins,27:38,Damion Lee,23:20,Klay Thompson,20:34,Jonathan Kuminga,19:14,Juan Toscano-Anderson,17:58,Kevon Looney,15:19,Nemanja Bjelica,15:19,Otto Porter Jr.,14:54
5,.556,9,47.368,5,2.50,138,0,1,100.0,8,.421,3.0,30.0,10.0,19,1,1.000,1,5.263,Logos via Sports Logos.net / About logos,W,https://www.basketball-reference.com/boxscores/202201140CHI.html,Away,96,28:30,0,0.0,CHI,Ayo Dosunmu,Devon Dotson,7:36,Marko Simonovic,6:33,Zach LaVine,3:32,,,,,,,31:48,Nikola Vučević,29:44,DeMar DeRozan,29:03,Coby White,28:38,Troy Brown Jr.,27:10,Lonzo Ball,23:36,Alfonzo McKinnie,19:25,Matt Thomas,18:23,Tony Bradley,14:32,96,2,22,6.0,27.3,15.0,68.2,1.0,4.5,Jordan Poole,42,0,2021-2022,0.0,2,1.0,GSW,138,Andrew Wiggins,Andre Iguodala,10:38,,,,,,,,,,,27:39,Stephen Curry,27:37,Damion Lee,26:42,Jonathan Kuminga,25:36,Kevon Looney,24:09,Nemanja Bjelica,23:51,Otto Porter Jr.,19:12,Juan Toscano-Anderson,14:06,Chris Chiozza,12:00
3,.429,7,53.846,3,0.75,99,0,3,75.0,5,.385,2.0,33.3,6.0,13,7,1.000,7,53.846,Logos via Sports Logos.net / About logos,L,https://www.basketball-reference.com/boxscores/202201160MIN.html,Away,119,33:13,1,25.0,MIN,Karl-Anthony Towns,Taurean Prince,11:47,McKinley Wright IV,3:15,Nathan Knight,3:15,Josh Okogie,2:38,Jake Layman,2:38,Leandro Bolmaro,1:42,29:56,Anthony Edwards,27:54,Patrick Beverley,25:29,Jaylen Nowell,24:43,Jarred Vanderbilt,24:08,Malik Beasley,24:07,D'Angelo Russell,22:25,Jaden McDaniels,21:14,Naz Reid,14:49,119,4,20,4.0,20.0,9.0,45.0,7.0,35.0,Jordan Poole,20,0,2021-2022,0.0,4,4.0,GSW,99,Jonathan Kuminga,Chris Chiozza,5:08,,,,,,,,,,,33:00,Andrew Wiggins,29:00,Otto Porter Jr.,25:31,Kevon Looney,24:38,Damion Lee,24:13,Klay Thompson,22:43,Andre Iguodala,20:25,Nemanja Bjelica,14:37,Juan Toscano-Anderson,7:32
0,.000,2,33.333,3,1.50,86,0,0,0.0,2,.333,2.0,50.0,4.0,6,1,1.000,1,16.667,Logos via Sports Logos.net / About logos,W,https://www.basketball-reference.com/boxscores/202201180GSW.html,Home,102,20:55,1,100.0,DET,Hamidou Diallo,Killian Hayes,8:50,,,,,,,,,,,35:22,Saddiq Bey,30:13,Isaiah Stewart,27:55,Cade Cunningham,27:38,Trey Lyles,24:52,Cory Joseph,23:33,Saben Lee,22:27,Rodney McGruder,22:17,Josh Jackson,16:53,86,3,5,4.0,80.0,0.0,0.0,1.0,20.0,Jordan Poole,16,0,2021-2022,0.0,2,1.0,GSW,102,Stephen Curry,Damion Lee,12:29,Moses Moody,7:36,Chris Chiozza,3:59,,,,,,,28:33,Andrew Wiggins,27:38,Jonathan Kuminga,24:52,Kevon Looney,23:24,Klay Thompson,22:18,Otto Porter Jr.,22:00,Nemanja Bjelica,17:51,Juan Toscano-Anderson,14:32,Gary Payton II,13:53
0,.000,5,71.429,4,,121,0,2,100.0,1,.143,1.0,50.0,2.0,7,3,.750,4,57.143,Logos via Sports Logos.net / About logos,L,https://www.basketball-reference.com/boxscores/202201200GSW.html,Home,117,24:40,0,0.0,IND,Chris Duarte,Lance Stephenson,17:48,,,,,,,,,,,38:32,Justin Holiday,34:13,Torrey Craig,34:13,Goga Bitadze,31:21,Keifer Sykes,31:01,Oshae Brissett,21:59,Jeremy Lamb,18:53,Isaiah Jackson,18:38,Duane Washington Jr.,18:22,121,2,5,2.0,40.0,0.0,0.0,3.0,60.0,Jordan Poole,4,0,2021-2022,0.0,0,2.0,GSW,117,Stephen Curry,Damion Lee,14:00,,,,,,,,,,,43:57,Andrew Wiggins,38:02,Andre Iguodala,31:19,Kevon Looney,28:10,Klay Thompson,23:06,Gary Payton II,17:24,Jonathan Kuminga,15:22,Juan Toscano-Anderson,14:52,Nemanja Bjelica,14:08
2,.500,4,26.667,3,0.75,103,2,3,100.0,7,.467,5.0,45.5,11.0,15,4,1.000,4,26.667,Logos via Sports Logos.net / About logos,W,https://www.basketball-reference.com/boxscores/202201210GSW.html,Home,105,31:31,0,0.0,HOU,Christian Wood,Armoni Brooks,13:36,,,,,,,,,,,33:43,Kevin Porter Jr.,33:43,Eric Gordon,33:42,KJ Martin,26:00,Jalen Green,25:25,Garrison Mathews,23:52,Jae'Sean Tate,21:58,Alperen Sengun,14:17,Josh Christopher,13:42,103,2,20,10.0,50.0,6.0,30.0,4.0,20.0,Jordan Poole,2,0,2021-2022,2.0,4,3.0,GSW,105,Stephen Curry,,,,,,,,,,,,,38:56,Andrew Wiggins,34:48,Kevon Looney,31:55,Otto Porter Jr.,26:54,Gary Payton II,21:11,Damion Lee,20:33,Nemanja Bjelica,15:59,Jonathan Kuminga,15:14,Juan Toscano-Anderson,2:55
4,.444,9,69.231,2,1.00,92,1,2,66.7,7,.538,3.0,75.0,4.0,13,2,1.000,2,15.385,Logos via Sports Logos.net / About logos,W,https://www.basketball-reference.com/boxscores/202201230GSW.html,Home,94,34:23,1,33.3,UTA,Rudy Gobert,,,,,,,,,,,,,35:59,Joe Ingles,33:19,Bojan Bogdanović,32:46,Royce O'Neale,31:42,Mike Conley,29:08,Jordan Clarkson,28:16,Trent Forrest,18:52,Rudy Gay,17:57,Eric Paschall,12:01,92,4,20,6.0,30.0,12.0,60.0,2.0,10.0,Jordan Poole,2,0,2021-2022,1.0,2,3.0,GSW,94,Stephen Curry,,,,,,,,,,,,,35:02,Andrew Wiggins,34:57,Otto Porter Jr.,30:34,Kevon Looney,27:34,Damion Lee,23:56,Nemanja Bjelica,20:26,Gary Payton II,17:26,Jonathan Kuminga,8:21,Juan Toscano-Anderson,7:21
2,.333,6,60.000,3,3.00,92,0,2,100.0,6,.600,4.0,100.0,4.0,10,3,1.000,3,30.000,Logos via Sports Logos.net / About logos,W,https://www.basketball-reference.com/boxscores/202201250GSW.html,Home,130,26:17,0,0.0,DAL,Jalen Brunson,Marquese Chriss,8:21,Trey Burke,7:31,Theo Pinson,7:31,Dwight Powell,4:27,,,,,36:04,Luka Dončić,26:46,Dorian Finney-Smith,26:21,Kristaps Porziņģis,25:22,Reggie Bullock,23:59,Maxi Kleber,23:42,Josh Green,21:39,Frank Ntilikina,18:03,Tim Hardaway Jr.,10:14,92,1,17,8.0,47.1,6.0,35.3,3.0,17.6,Jordan Poole,38,1,2021-2022,1.0,1,2.0,GSW,130,Stephen Curry,Juan Toscano-Anderson,7:15,Moses Moody,7:12,Chris Chiozza,5:08,,,,,,,28:58,Andrew Wiggins,25:45,Klay Thompson,25:38,Damion Lee,23:59,Kevon Looney,22:29,Otto Porter Jr.,19:44,Nemanja Bjelica,18:18,Jonathan Kuminga,17:46,Gary Payton II,11:28
3,.750,4,40.000,5,2.50,115,0,1,33.3,5,.500,2.0,33.3,6.0,10,6,1.000,6,60.000,Logos via Sports Logos.net / About logos,W,https://www.basketball-reference.com/boxscores/202201270GSW.html,Home,124,24:03,2,66.7,MIN,Anthony Edwards,Josh Okogie,6:35,Nathan Knight,0:33,Jordan McLaughlin,0:33,,,,,,,37:20,Karl-Anthony Towns,35:53,Jaden McDaniels,32:59,Jarred Vanderbilt,30:08,Jaylen Nowell,28:50,Malik Beasley,20:03,D'Angelo Russell,19:49,Taurean Prince,16:11,Naz Reid,11:04,115,3,19,4.0,21.1,9.0,47.4,6.0,31.6,Jordan Poole,9,1,2021-2022,1.0,2,3.0,GSW,124,Stephen Curry,Juan Toscano-Anderson,1:51,,,,,,,,,,,38:21,Andrew Wiggins,35:57,Klay Thompson,26:59,Otto Porter Jr.,26:28,Kevon Looney,24:10,Jonathan Kuminga,17:44,Nemanja Bjelica,16:04,Gary Payton II,14:34,Damion Lee,13:47
3,.375,8,53.333,6,,106,1,3,100.0,6,.400,3.0,42.9,7.0,15,2,1.000,2,13.333,Logos via Sports Logos.net / About logos,W,https://www.basketball-reference.com/boxscores/202201290GSW.html,Home,110,27:36,0,0.0,BRK,Kyrie Irving,LaMarcus Aldridge,15:11,,,,,,,,,,,39:20,Patty Mills,37:35,Kessler Edwards,31:33,James Johnson,25:50,Bruce Brown,20:45,DeAndre' Bembry,18:49,Cam Thomas,18:10,Nic Claxton,17:00,Blake Griffin,15:45,106,3,17,6.0,35.3,9.0,52.9,2.0,11.8,Jordan Poole,4,0,2021-2022,1.0,0,3.0,GSW,110,Andrew Wiggins,,,,,,,,,,,,,37:11,Stephen Curry,35:31,Kevon Looney,29:39,Otto Porter Jr.,27:44,Klay Thompson,26:47,Gary Payton II,19:13,Damion Lee,14:21,Juan Toscano-Anderson,11:27,Jonathan Kuminga,10:29
2,.667,3,75.000,2,0.40,122,0,2,100.0,2,.500,0.0,0.0,1.0,4,0,,0,0.000,Logos via Sports Logos.net / About logos,W,https://www.basketball-reference.com/boxscores/202201310HOU.html,Away,108,26:07,0,0.0,HOU,Eric Gordon,,,,,,,,,,,,,35:25,Christian Wood,33:50,Kevin Porter Jr.,33:16,Jalen Green,32:57,Jae'Sean Tate,30:22,Garrison Mathews,22:59,Josh Christopher,19:23,KJ Martin,19:23,Alperen Sengun,12:25,108,2,6,0.0,0.0,6.0,100.0,0.0,0.0,Jordan Poole,14,0,2021-2022,0.0,5,2.0,GSW,122,Stephen Curry,Chris Chiozza,1:07,,,,,,,,,,,37:57,Andrew Wiggins,33:40,Klay Thompson,26:17,Kevon Looney,26:10,Moses Moody,24:35,Gary Payton II,23:39,Juan Toscano-Anderson,20:43,Jonathan Kuminga,10:44,Damion Lee,9:01
4,.308,13,54.167,5,5.00,124,1,3,50.0,9,.375,5.0,45.5,11.0,24,9,1.000,9,37.500,Logos via Sports Logos.net / About logos,W,https://www.basketball-reference.com/boxscores/202202010SAS.html,Away,120,33:59,3,50.0,SAS,Dejounte Murray,Jock Landale,8:17,Drew Eubanks,5:08,,,,,,,,,37:33,Keldon Johnson,35:07,Derrick White,35:00,Devin Vassell,30:29,Lonnie Walker IV,26:04,Joshua Primo,19:24,Doug McDermott,19:18,Jakob Poeltl,12:18,Keita Bates-Diop,11:21,120,0,31,10.0,32.3,12.0,38.7,9.0,29.0,Jordan Poole,4,1,2021-2022,2.0,1,6.0,GSW,124,Damion Lee,,,,,,,,,,,,,37:04,Moses Moody,36:52,Jonathan Kuminga,28:59,Chris Chiozza,27:04,Kevon Looney,22:59,Juan Toscano-Anderson,21:03,Gary Payton II,16:54,Quinndary Weatherspoon,15:06,,
0,.000,4,50.000,3,0.75,114,1,3,60.0,4,.500,4.0,100.0,4.0,8,4,1.000,4,50.000,Logos via Sports Logos.net / About logos,W,https://www.basketball-reference.com/boxscores/202202030GSW.html,Home,126,25:15,2,40.0,SAC,Harrison Barnes,,,,,,,,,,,,,39:18,Davion Mitchell,37:49,Tyrese Haliburton,36:23,Maurice Harkless,31:27,Buddy Hield,26:30,Richaun Holmes,24:02,Damian Jones,23:58,Chimezie Metu,20:33,,,114,0,12,8.0,66.7,0.0,0.0,4.0,33.3,Jordan Poole,12,2,2021-2022,3.0,4,5.0,GSW,126,Stephen Curry,Quinndary Weatherspoon,2:17,,,,,,,,,,,31:40,Andrew Wiggins,27:44,Damion Lee,27:18,Jonathan Kuminga,25:56,Moses Moody,23:50,Klay Thompson,23:45,Kevon Looney,20:53,Juan Toscano-Anderson,19:49,Gary Payton II,11:33
1,.250,4,50.000,8,2.67,110,0,6,75.0,5,.625,4.0,100.0,4.0,8,0,,0,0.000,Logos via Sports Logos.net / About logos,W,https://www.basketball-reference.com/boxscores/202202070OKC.html,Away,98,29:56,2,25.0,OKC,Luguentz Dort,,,,,,,,,,,,,37:57,Darius Bazley,37:06,Tre Mann,34:49,Kenrich Williams,30:51,Josh Giddey,30:12,Derrick Favors,26:07,Ty Jerome,18:57,Mamadi Diakite,13:33,Théo Maledon,10:28,98,4,11,8.0,72.7,3.0,27.3,0.0,0.0,Jordan Poole,12,2,2021-2022,2.0,3,8.0,GSW,110,Stephen Curry,Andre Iguodala,5:46,Juan Toscano-Anderson,0:06,,,,,,,,,36:34,Andrew Wiggins,35:16,Klay Thompson,28:58,Kevon Looney,27:28,Jonathan Kuminga,22:49,Otto Porter Jr.,15:24,Damion Lee,14:26,Gary Payton II,14:09,Moses Moody,9:08
3,.375,8,57.143,3,1.50,85,0,1,33.3,5,.357,2.0,33.3,6.0,14,5,1.000,5,35.714,Logos via Sports Logos.net / About logos,L,https://www.basketball-reference.com/boxscores/202202090UTA.html,Away,111,32:28,2,66.7,UTA,Donovan Mitchell,Jared Butler,3:38,,,,,,,,,,,33:22,Bojan Bogdanović,30:42,Royce O'Neale,29:27,Jordan Clarkson,28:48,Hassan Whiteside,28:43,Mike Conley,24:52,Trent Forrest,22:38,Udoka Azubuike,19:17,Eric Paschall,18:33,111,3,18,4.0,22.2,9.0,50.0,5.0,27.8,Jordan Poole,26,1,2021-2022,1.0,2,3.0,GSW,85,Stephen Curry,,,,,,,,,,,,,29:39,Andrew Wiggins,27:44,Damion Lee,27:08,Jonathan Kuminga,22:50,Kevon Looney,22:37,Gary Payton II,22:37,Moses Moody,21:03,Juan Toscano-Anderson,19:00,Otto Porter Jr.,14:54
1,.200,5,45.455,2,2.00,116,0,2,100.0,5,.455,4.0,66.7,6.0,11,0,,0,0.000,Logos via Sports Logos.net / About logos,L,https://www.basketball-reference.com/boxscores/202202100GSW.html,Home,114,26:29,0,0.0,NYK,Julius Randle,Obi Toppin,11:21,,,,,,,,,,,36:39,Quentin Grimes,31:03,Evan Fournier,30:50,Mitchell Robinson,27:45,Alec Burks,24:36,Kemba Walker,22:27,Taj Gibson,20:06,Cam Reddish,19:24,Immanuel Quickley,15:46,116,2,11,8.0,72.7,3.0,27.3,0.0,0.0,Jordan Poole,2,0,2021-2022,0.0,1,2.0,GSW,114,Stephen Curry,Moses Moody,3:05,,,,,,,,,,,39:08,Jonathan Kuminga,36:22,Andrew Wiggins,35:39,Klay Thompson,29:34,Nemanja Bjelica,19:09,Kevon Looney,18:52,Damion Lee,17:02,Gary Payton II,9:04,Juan Toscano-Anderson,5:33
1,.200,5,62.500,4,2.00,115,0,0,0.0,2,.250,1.0,33.3,3.0,8,6,1.000,6,75.000,Logos via Sports Logos.net / About logos,W,https://www.basketball-reference.com/boxscores/202202120GSW.html,Home,117,24:59,1,100.0,LAL,LeBron James,,,,,,,,,,,,,38:21,Anthony Davis,35:23,Russell Westbrook,35:09,Talen Horton-Tucker,29:38,Avery Bradley,25:43,Austin Reaves,23:22,Malik Monk,20:03,Stanley Johnson,16:17,Trevor Ariza,16:02,115,2,11,2.0,18.2,3.0,27.3,6.0,54.5,Jordan Poole,2,0,2021-2022,0.0,2,1.0,GSW,117,Stephen Curry,Juan Toscano-Anderson,0:13,,,,,,,,,,,36:36,Andrew Wiggins,32:53,Klay Thompson,30:01,Kevon Looney,28:30,Jonathan Kuminga,25:14,Otto Porter Jr.,23:39,Damion Lee,15:21,Nemanja Bjelica,11:28,Gary Payton II,11:01
1,.200,5,45.455,3,1.50,104,0,6,85.7,5,.455,4.0,66.7,6.0,11,2,1.000,2,18.182,Logos via Sports Logos.net / About logos,L,https://www.basketball-reference.com/boxscores/202202140LAC.html,Away,119,25:01,1,14.3,LAC,Terance Mann,Brandon Boston Jr.,4:25,Semi Ojeleye,4:25,,,,,,,,,39:05,Reggie Jackson,37:32,Nicolas Batum,28:35,Marcus Morris,26:45,Robert Covington,26:41,Ivica Zubac,22:38,Isaiah Hartenstein,22:35,Amir Coffey,22:33,Rodney Hood,4:46,119,2,13,8.0,61.5,3.0,23.1,2.0,15.4,Jordan Poole,15,1,2021-2022,1.0,2,7.0,GSW,104,Stephen Curry,Nemanja Bjelica,10:56,Juan Toscano-Anderson,7:11,,,,,,,,,33:49,Jonathan Kuminga,28:05,Andrew Wiggins,27:44,Klay Thompson,26:41,Damion Lee,20:38,Kevon Looney,19:20,Otto Porter Jr.,16:10,Moses Moody,13:07,Gary Payton II,11:18
2,.500,4,36.364,5,1.67,117,1,1,100.0,6,.545,4.0,57.1,7.0,11,1,.500,2,18.182,Logos via Sports Logos.net / About logos,L,https://www.basketball-reference.com/boxscores/202202160GSW.html,Home,116,22:20,0,0.0,DEN,Nikola Jokić,DeMarcus Cousins,13:15,,,,,,,,,,,34:21,Monte Morris,31:28,Aaron Gordon,30:05,Bryn Forbes,29:50,Austin Rivers,27:46,Will Barton,20:36,Jeff Green,18:10,JaMychal Green,17:57,Bones Hyland,16:32,117,2,15,8.0,53.3,6.0,40.0,1.0,6.7,Jordan Poole,1,2,2021-2022,3.0,3,1.0,GSW,116,Stephen Curry,,,,,,,,,,,,,39:06,Andrew Wiggins,36:17,Klay Thompson,31:08,Kevon Looney,27:21,Gary Payton II,25:06,Otto Porter Jr.,22:34,Jonathan Kuminga,20:32,Nemanja Bjelica,15:36,,
2,.333,6,60.000,6,3.00,132,0,1,50.0,5,.500,3.0,75.0,4.0,10,3,1.000,3,30.000,Logos via Sports Logos.net / About logos,W,https://www.basketball-reference.com/boxscores/202202240POR.html,Away,95,24:54,1,50.0,POR,Anfernee Simons,Ben McLemore,16:49,Elijah Hughes,10:37,Keljin Blevins,6:41,,,,,,,28:30,Josh Hart,26:51,Greg Brown III,25:29,Trendon Watford,22:51,CJ Elleby,22:23,Justise Winslow,21:53,Drew Eubanks,20:57,Brandon Williams,19:30,Keon Johnson,17:28,95,3,15,6.0,40.0,6.0,40.0,3.0,20.0,Jordan Poole,37,1,2021-2022,1.0,2,2.0,GSW,132,Stephen Curry,Moses Moody,12:00,Nemanja Bjelica,8:48,,,,,,,,,27:27,Jonathan Kuminga,27:26,Andrew Wiggins,25:39,Klay Thompson,24:56,Damion Lee,21:34,Gary Payton II,19:13,Juan Toscano-Anderson,16:43,Otto Porter Jr.,16:02,Kevon Looney,15:16
0,.000,4,57.143,1,1.00,107,0,6,100.0,0,.000,0.0,0.0,3.0,7,4,1.000,4,57.143,Logos via Sports Logos.net / About logos,L,https://www.basketball-reference.com/boxscores/202202270GSW.html,Home,101,19:08,0,0.0,DAL,Luka Dončić,,,,,,,,,,,,,36:36,Dorian Finney-Smith,36:11,Reggie Bullock,33:51,Jalen Brunson,31:41,Spencer Dinwiddie,31:21,Dāvis Bertāns,21:03,Maxi Kleber,18:19,Dwight Powell,17:48,Josh Green,13:10,107,1,4,0.0,0.0,0.0,0.0,4.0,100.0,Jordan Poole,6,0,2021-2022,0.0,1,6.0,GSW,101,Stephen Curry,Juan Toscano-Anderson,1:38,,,,,,,,,,,38:04,Andrew Wiggins,33:58,Gary Payton II,26:43,Kevon Looney,26:09,Moses Moody,25:23,Otto Porter Jr.,21:50,Jonathan Kuminga,17:23,Nemanja Bjelica,16:22,Damion Lee,13:22
1,.167,6,50.000,3,1.50,114,0,0,0.0,5,.417,4.0,66.7,6.0,12,1,1.000,1,8.333,Logos via Sports Logos.net / About logos,L,https://www.basketball-reference.com/boxscores/202203010MIN.html,Away,129,26:34,2,100.0,MIN,Karl-Anthony Towns,Naz Reid,15:54,,,,,,,,,,,32:06,D'Angelo Russell,29:24,Jordan McLaughlin,28:30,Malik Beasley,27:32,Jarred Vanderbilt,24:13,Jaden McDaniels,23:08,Patrick Beverley,21:51,Taurean Prince,20:44,Jaylen Nowell,16:38,129,4,12,8.0,66.7,3.0,25.0,1.0,8.3,Jordan Poole,15,0,2021-2022,0.0,2,2.0,GSW,114,Stephen Curry,,,,,,,,,,,,,33:13,Andrew Wiggins,30:19,Kevon Looney,27:26,Gary Payton II,27:05,Damion Lee,26:49,Jonathan Kuminga,23:11,Juan Toscano-Anderson,21:38,Otto Porter Jr.,16:44,Moses Moody,7:01
3,.500,6,50.000,2,1.00,113,1,3,100.0,8,.667,5.0,83.3,6.0,12,4,1.000,4,33.333,Logos via Sports Logos.net / About logos,L,https://www.basketball-reference.com/boxscores/202203030DAL.html,Away,122,26:31,0,0.0,DAL,Reggie Bullock,,,,,,,,,,,,,42:04,Luka Dončić,40:24,Dorian Finney-Smith,35:25,Dwight Powell,32:40,Jalen Brunson,29:13,Spencer Dinwiddie,28:36,Josh Green,17:21,Dāvis Bertāns,10:35,Sterling Brown,3:42,122,1,23,10.0,43.5,9.0,39.1,4.0,17.4,Jordan Poole,9,2,2021-2022,3.0,2,3.0,GSW,113,Stephen Curry,Juan Toscano-Anderson,0:31,,,,,,,,,,,40:26,Andrew Wiggins,37:02,Klay Thompson,28:14,Kevon Looney,25:11,Gary Payton II,21:14,Otto Porter Jr.,20:31,Jonathan Kuminga,17:23,Moses Moody,15:42,Nemanja Bjelica,7:15
4,.500,8,53.333,5,2.50,116,0,1,100.0,9,.600,5.0,71.4,7.0,15,1,1.000,1,6.667,Logos via Sports Logos.net / About logos,L,https://www.basketball-reference.com/boxscores/202203050LAL.html,Away,124,32:04,0,0.0,LAL,LeBron James,,,,,,,,,,,,,38:33,Austin Reaves,33:31,Russell Westbrook,32:00,Malik Monk,31:50,Stanley Johnson,26:14,Carmelo Anthony,24:35,D.J. Augustin,19:16,Talen Horton-Tucker,17:49,Avery Bradley,16:11,124,1,23,10.0,43.5,12.0,52.2,1.0,4.3,Jordan Poole,8,1,2021-2022,1.0,2,1.0,GSW,116,Stephen Curry,,,,,,,,,,,,,35:41,Andrew Wiggins,32:04,Klay Thompson,31:24,Jonathan Kuminga,28:55,Otto Porter Jr.,24:21,Juan Toscano-Anderson,21:58,Moses Moody,20:58,Kevon Looney,12:31,,
8,.667,12,63.158,7,1.40,124,0,3,100.0,11,.579,3.0,42.9,7.0,19,2,1.000,2,10.526,Logos via Sports Logos.net / About logos,L,https://www.basketball-reference.com/boxscores/202203070DEN.html,Away,131,34:09,0,0.0,DEN,Austin Rivers,Bones Hyland,10:23,Facundo Campazzo,5:38,,,,,,,,,34:57,Nikola Jokić,34:44,Jeff Green,32:27,Monte Morris,31:59,Aaron Gordon,27:54,Davon Reed,19:32,JaMychal Green,15:52,Bryn Forbes,13:31,DeMarcus Cousins,13:03,131,4,32,6.0,18.8,24.0,75.0,2.0,6.2,Jordan Poole,7,1,2021-2022,1.0,5,3.0,GSW,124,Moses Moody,,,,,,,,,,,,,36:28,Chris Chiozza,29:20,Kevon Looney,29:13,Jonathan Kuminga,29:12,Damion Lee,26:08,Juan Toscano-Anderson,21:35,Nemanja Bjelica,18:12,Quinndary Weatherspoon,15:43,,
4,.667,6,46.154,4,1.33,97,0,3,100.0,8,.615,4.0,57.1,7.0,13,0,,0,0.000,Logos via Sports Logos.net / About logos,W,https://www.basketball-reference.com/boxscores/202203080GSW.html,Home,112,29:46,0,0.0,LAC,Amir Coffey,Rodney Hood,10:54,Semi Ojeleye,10:54,,,,,,,,,29:44,Reggie Jackson,28:01,Terance Mann,27:30,Nicolas Batum,26:39,Isaiah Hartenstein,25:31,Marcus Morris,23:23,Ivica Zubac,22:29,Brandon Boston Jr.,18:07,Luke Kennard,16:48,97,1,20,8.0,40.0,12.0,60.0,0.0,0.0,Jordan Poole,15,2,2021-2022,2.0,3,3.0,GSW,112,Stephen Curry,Quinndary Weatherspoon,1:27,,,,,,,,,,,35:03,Klay Thompson,33:42,Andrew Wiggins,31:09,Moses Moody,29:58,Jonathan Kuminga,26:01,Kevon Looney,21:13,Nemanja Bjelica,19:12,Juan Toscano-Anderson,11:02,Chris Chiozza,1:27
4,.571,7,53.846,7,3.50,113,0,4,80.0,8,.615,4.0,66.7,6.0,13,1,.500,2,15.385,Logos via Sports Logos.net / About logos,W,https://www.basketball-reference.com/boxscores/202203100DEN.html,Away,102,34:15,1,20.0,DEN,Nikola Jokić,DeMarcus Cousins,13:30,Facundo Campazzo,0:11,Markus Howard,0:10,,,,,,,31:46,Aaron Gordon,31:45,Austin Rivers,30:58,Monte Morris,30:26,Jeff Green,28:52,Bones Hyland,21:58,JaMychal Green,17:29,Bryn Forbes,17:02,Davon Reed,15:53,102,5,21,8.0,38.1,12.0,57.1,1.0,4.8,Jordan Poole,11,0,2021-2022,0.0,2,5.0,GSW,113,Stephen Curry,,,,,,,,,,,,,37:58,Andrew Wiggins,33:55,Klay Thompson,33:26,Kevon Looney,27:23,Jonathan Kuminga,21:52,Nemanja Bjelica,20:26,Moses Moody,18:05,Juan Toscano-Anderson,6:42,Damion Lee,5:58
5,.500,10,62.500,5,5.00,109,0,6,100.0,9,.563,4.0,66.7,6.0,16,7,1.000,7,43.750,Logos via Sports Logos.net / About logos,W,https://www.basketball-reference.com/boxscores/202203120GSW.html,Home,122,35:13,0,0.0,MIL,Khris Middleton,DeAndre' Bembry,3:55,Thanasis Antetokounmpo,3:26,Sandro Mamukelashvili,3:26,,,,,,,35:18,Giannis Antetokounmpo,34:01,Jrue Holiday,33:18,Grayson Allen,28:19,Jevon Carter,25:30,Wesley Matthews,23:19,Bobby Portis,21:44,Serge Ibaka,17:14,Jordan Nwora,10:30,109,2,30,8.0,26.7,15.0,50.0,7.0,23.3,Jordan Poole,13,1,2021-2022,1.0,1,6.0,GSW,122,Andrew Wiggins,Damion Lee,2:57,Quinndary Weatherspoon,2:27,,,,,,,,,35:53,Klay Thompson,33:51,Stephen Curry,33:09,Jonathan Kuminga,28:08,Kevon Looney,22:55,Nemanja Bjelica,21:34,Moses Moody,17:59,Juan Toscano-Anderson,2:57,Chris Chiozza,2:57
1,.250,4,30.769,3,1.50,112,1,2,100.0,7,.538,6.0,66.7,9.0,13,5,.714,7,53.846,Logos via Sports Logos.net / About logos,W,https://www.basketball-reference.com/boxscores/202203140GSW.html,Home,126,32:29,0,0.0,WAS,Kentavious Caldwell-Pope,Tomáš Satoranský,6:23,Anthony Gill,1:30,,,,,,,,,34:49,Kyle Kuzma,31:17,Deni Avdija,28:41,Kristaps Porziņģis,27:27,Ish Smith,23:33,Rui Hachimura,23:11,Raul Neto,22:28,Daniel Gafford,20:33,Corey Kispert,20:08,112,4,20,12.0,60.0,3.0,15.0,5.0,25.0,Jordan Poole,14,2,2021-2022,3.0,2,2.0,GSW,126,Stephen Curry,,,,,,,,,,,,,35:26,Klay Thompson,33:13,Jonathan Kuminga,27:53,Nemanja Bjelica,24:25,Kevon Looney,23:35,Otto Porter Jr.,22:25,Draymond Green,20:07,Moses Moody,18:30,Juan Toscano-Anderson,1:57
6,.462,13,65.000,3,,110,1,2,100.0,10,.500,4.0,57.1,7.0,20,3,.750,4,20.000,Logos via Sports Logos.net / About logos,L,https://www.basketball-reference.com/boxscores/202203160GSW.html,Home,88,34:26,0,0.0,BOS,Jayson Tatum,Sam Hauser,2:36,Nik Stauskas,2:36,Malik Fitts,2:05,,,,,,,36:49,Jaylen Brown,34:51,Marcus Smart,33:36,Al Horford,31:38,Robert Williams,23:34,Derrick White,21:51,Grant Williams,20:59,Payton Pritchard,18:11,Daniel Theis,11:14,110,4,29,8.0,27.6,18.0,62.1,3.0,10.3,Jordan Poole,22,2,2021-2022,3.0,0,2.0,GSW,88,Klay Thompson,Moses Moody,9:18,Chris Chiozza,6:35,,,,,,,,,32:57,Kevon Looney,27:02,Otto Porter Jr.,24:35,Jonathan Kuminga,22:23,Draymond Green,22:17,Damion Lee,17:17,Quinndary Weatherspoon,15:06,Juan Toscano-Anderson,14:24,Stephen Curry,13:40
4,.444,9,42.857,3,1.00,110,0,5,100.0,11,.524,7.0,58.3,12.0,21,2,1.000,2,9.524,Logos via Sports Logos.net / About logos,L,https://www.basketball-reference.com/boxscores/202203200GSW.html,Home,108,36:17,0,0.0,SAS,Joshua Primo,Joe Wieskamp,5:02,,,,,,,,,,,34:05,Dejounte Murray,33:59,Keldon Johnson,33:57,Devin Vassell,33:11,Josh Richardson,27:08,Jakob Poeltl,25:43,Tre Jones,20:52,Zach Collins,19:26,Jock Landale,6:37,110,4,28,14.0,50.0,12.0,42.9,2.0,7.1,Jordan Poole,2,0,2021-2022,0.0,3,5.0,GSW,108,Klay Thompson,,,,,,,,,,,,,38:18,Andrew Wiggins,33:04,Otto Porter Jr.,29:22,Nemanja Bjelica,24:39,Jonathan Kuminga,23:28,Chris Chiozza,19:16,Draymond Green,18:13,Kevon Looney,17:23,,
5,.385,13,56.522,6,1.50,90,0,2,100.0,9,.391,4.0,40.0,10.0,23,3,1.000,3,13.043,Logos via Sports Logos.net / About logos,L,https://www.basketball-reference.com/boxscores/202203220ORL.html,Away,94,39:41,0,0.0,ORL,Wendell Carter Jr.,Moritz Wagner,15:14,,,,,,,,,,,32:46,Franz Wagner,29:56,Cole Anthony,28:48,R.J. Hampton,27:32,Chuma Okeke,24:30,Mo Bamba,23:29,Gary Harris,20:28,Markelle Fultz,19:12,Admiral Schofield,18:04,94,2,26,8.0,30.8,15.0,57.7,3.0,11.5,Jordan Poole,4,0,2021-2022,0.0,4,2.0,GSW,90,Andrew Wiggins,Moses Moody,4:55,Chris Chiozza,4:02,,,,,,,,,36:05,Klay Thompson,32:19,Draymond Green,29:23,Otto Porter Jr.,26:11,Jonathan Kuminga,19:43,Damion Lee,15:52,Nemanja Bjelica,13:59,Kevon Looney,11:53,Gary Payton II,5:56
7,.538,13,72.222,9,1.80,118,0,3,75.0,10,.556,3.0,60.0,5.0,18,3,1.000,3,16.667,Logos via Sports Logos.net / About logos,W,https://www.basketball-reference.com/boxscores/202203230MIA.html,Away,104,39:02,1,25.0,MIA,Jimmy Butler,Markieff Morris,4:24,,,,,,,,,,,40:31,Kyle Lowry,38:01,P.J. Tucker,35:41,Bam Adebayo,33:53,Duncan Robinson,32:55,Victor Oladipo,19:55,Max Strus,14:56,Caleb Martin,10:00,Dewayne Dedmon,9:43,104,3,30,6.0,20.0,21.0,70.0,3.0,10.0,Jordan Poole,14,0,2021-2022,0.0,5,4.0,GSW,118,Andrew Wiggins,,,,,,,,,,,,,37:17,Damion Lee,30:49,Jonathan Kuminga,29:45,Kevon Looney,28:56,Gary Payton II,26:45,Nemanja Bjelica,19:03,Moses Moody,17:21,Chris Chiozza,8:56,Juan Toscano-Anderson,2:03
4,.308,13,59.091,10,2.00,110,0,4,100.0,8,.364,4.0,44.4,9.0,22,4,1.000,4,18.182,Logos via Sports Logos.net / About logos,L,https://www.basketball-reference.com/boxscores/202203250ATL.html,Away,121,38:57,0,0.0,ATL,Trae Young,,,,,,,,,,,,,39:06,Kevin Huerter,37:17,Danilo Gallinari,37:08,De'Andre Hunter,33:45,Clint Capela,30:58,Delon Wright,18:53,Onyeka Okongwu,17:02,Timothé Luwawu-Cabarrot,16:14,Lou Williams,9:37,121,5,24,8.0,33.3,12.0,50.0,4.0,16.7,Jordan Poole,11,0,2021-2022,0.0,5,4.0,GSW,110,Klay Thompson,,,,,,,,,,,,,40:23,Gary Payton II,29:37,Damion Lee,27:22,Kevon Looney,23:59,Draymond Green,23:50,Andrew Wiggins,22:05,Otto Porter Jr.,19:02,Jonathan Kuminga,14:22,Juan Toscano-Anderson,0:23
1,.100,10,40.000,2,1.00,115,0,6,100.0,8,.320,7.0,46.7,15.0,25,9,.818,11,44.000,Logos via Sports Logos.net / About logos,L,https://www.basketball-reference.com/boxscores/202203270WAS.html,Away,123,39:30,0,0.0,WAS,Corey Kispert,,,,,,,,,,,,,40:48,Kristaps Porziņģis,31:11,Kentavious Caldwell-Pope,30:55,Tomáš Satoranský,30:03,Deni Avdija,28:10,Rui Hachimura,23:52,Anthony Gill,20:51,Ish Smith,17:57,Daniel Gafford,16:13,123,3,26,14.0,53.8,3.0,11.5,9.0,34.6,Jordan Poole,8,3,2021-2022,3.0,2,6.0,GSW,115,Klay Thompson,,,,,,,,,,,,,36:49,Andrew Wiggins,34:46,Otto Porter Jr.,26:35,Draymond Green,25:31,Kevon Looney,24:10,Gary Payton II,21:01,Damion Lee,17:48,Jonathan Kuminga,13:50,,
3,.500,6,35.294,3,3.00,95,0,5,100.0,7,.412,4.0,36.4,11.0,17,8,1.000,8,47.059,Logos via Sports Logos.net / About logos,L,https://www.basketball-reference.com/boxscores/202203280MEM.html,Away,123,27:53,0,0.0,MEM,Desmond Bane,John Konchar,16:18,Jarrett Culver,8:07,,,,,,,,,26:44,Tyus Jones,25:40,Xavier Tillman Sr.,25:22,Kyle Anderson,25:11,Brandon Clarke,25:09,Ziaire Williams,23:49,Dillon Brooks,22:00,De'Anthony Melton,21:22,Steven Adams,20:18,123,1,25,8.0,32.0,9.0,36.0,8.0,32.0,Jordan Poole,28,0,2021-2022,0.0,1,5.0,GSW,95,Jonathan Kuminga,Juan Toscano-Anderson,12:43,,,,,,,,,,,34:39,Andrew Wiggins,29:16,Moses Moody,27:12,Kevon Looney,20:47,Chris Chiozza,20:07,Damion Lee,19:25,Nemanja Bjelica,18:29,Andre Iguodala,15:38,Gary Payton II,13:51
7,.467,15,68.182,7,3.50,107,0,8,88.9,11,.500,4.0,57.1,7.0,22,9,.900,10,45.455,Logos via Sports Logos.net / About logos,L,https://www.basketball-reference.com/boxscores/202203300GSW.html,Home,103,36:30,1,11.1,PHO,Mikal Bridges,,,,,,,,,,,,,40:30,Devin Booker,37:26,Deandre Ayton,35:22,Jae Crowder,34:00,Chris Paul,32:49,Landry Shamet,18:08,Torrey Craig,17:51,Cameron Payne,15:14,Bismack Biyombo,8:40,107,4,38,8.0,21.1,21.0,55.3,9.0,23.7,Jordan Poole,4,1,2021-2022,1.0,2,9.0,GSW,103,Klay Thompson,Moses Moody,0:40,,,,,,,,,,,33:35,Andrew Wiggins,32:41,Draymond Green,31:28,Otto Porter Jr.,28:47,Gary Payton II,21:18,Nemanja Bjelica,19:08,Andre Iguodala,15:59,Kevon Looney,14:30,Jonathan Kuminga,5:24
6,.400,15,68.182,6,1.20,107,1,5,83.3,9,.409,3.0,42.9,7.0,22,7,1.000,7,31.818,Logos via Sports Logos.net / About logos,W,https://www.basketball-reference.com/boxscores/202204020GSW.html,Home,111,37:35,1,16.7,UTA,Rudy Gobert,,,,,,,,,,,,,37:32,Mike Conley,35:42,Donovan Mitchell,32:44,Bojan Bogdanović,31:25,Royce O'Neale,30:02,Jordan Clarkson,27:34,Danuel House Jr.,17:58,Juancho Hernangómez,16:35,Hassan Whiteside,10:28,107,4,31,6.0,19.4,18.0,58.1,7.0,22.6,Jordan Poole,4,0,2021-2022,1.0,5,6.0,GSW,111,Klay Thompson,,,,,,,,,,,,,39:18,Draymond Green,33:07,Andrew Wiggins,32:58,Otto Porter Jr.,29:57,Gary Payton II,21:48,Andre Iguodala,14:51,Nemanja Bjelica,13:30,Kevon Looney,12:42,Jonathan Kuminga,4:14
4,.444,9,60.000,4,1.00,109,1,5,100.0,9,.600,5.0,83.3,6.0,15,0,,0,0.000,Logos via Sports Logos.net / About logos,W,https://www.basketball-reference.com/boxscores/202204030SAC.html,Away,90,33:50,0,0.0,SAC,Davion Mitchell,,,,,,,,,,,,,38:26,Harrison Barnes,34:39,Damian Jones,34:32,Donte DiVincenzo,30:22,Justin Holiday,26:19,Chimezie Metu,22:24,Trey Lyles,21:05,Josh Jackson,20:00,Jeremy Lamb,12:13,90,5,22,10.0,45.5,12.0,54.5,0.0,0.0,Jordan Poole,19,0,2021-2022,1.0,4,5.0,GSW,109,Andrew Wiggins,Quinndary Weatherspoon,1:21,,,,,,,,,,,36:01,Jonathan Kuminga,31:19,Nemanja Bjelica,30:17,Damion Lee,27:35,Draymond Green,23:58,Juan Toscano-Anderson,19:30,Gary Payton II,19:04,Kevon Looney,14:38,Moses Moody,2:27
3,.375,8,53.333,11,2.75,112,0,4,100.0,7,.467,4.0,57.1,7.0,15,2,1.000,2,13.333,Logos via Sports Logos.net / About logos,W,https://www.basketball-reference.com/boxscores/202204070GSW.html,Home,128,33:14,0,0.0,LAL,Malik Monk,,,,,,,,,,,,,37:06,Talen Horton-Tucker,37:00,Stanley Johnson,34:47,Austin Reaves,32:31,Dwight Howard,25:27,D.J. Augustin,23:14,Wenyen Gabriel,20:14,Wayne Ellington,16:28,Kent Bazemore,13:13,112,4,19,8.0,42.1,9.0,47.4,2.0,10.5,Jordan Poole,16,1,2021-2022,1.0,4,4.0,GSW,128,Klay Thompson,Damion Lee,2:07,Juan Toscano-Anderson,2:07,Moses Moody,2:06,,,,,,,33:28,Otto Porter Jr.,29:39,Andrew Wiggins,27:21,Draymond Green,26:26,Gary Payton II,24:40,Andre Iguodala,20:40,Nemanja Bjelica,15:28,Kevon Looney,15:03,Jonathan Kuminga,7:41
1,.091,11,57.895,8,4.00,100,0,4,66.7,3,.158,2.0,25.0,8.0,19,11,1.000,11,57.895,Logos via Sports Logos.net / About logos,W,https://www.basketball-reference.com/boxscores/202204090SAS.html,Away,94,34:16,2,33.3,SAS,Tre Jones,Romeo Langford,10:34,,,,,,,,,,,32:33,Joshua Primo,31:36,Jock Landale,27:39,Lonnie Walker IV,27:16,Josh Richardson,22:26,Joe Wieskamp,22:23,Zach Collins,22:03,Keita Bates-Diop,22:01,Devontae Cacok,21:29,94,3,18,4.0,22.2,3.0,16.7,11.0,61.1,Jordan Poole,6,0,2021-2022,0.0,2,6.0,GSW,100,Andrew Wiggins,,,,,,,,,,,,,34:56,Draymond Green,31:41,Otto Porter Jr.,25:04,Damion Lee,23:14,Gary Payton II,23:13,Jonathan Kuminga,21:53,Andre Iguodala,17:17,Nemanja Bjelica,16:19,Kevon Looney,12:07
4,.444,9,56.250,5,1.00,128,2,3,75.0,7,.438,3.0,42.9,7.0,16,4,1.000,4,25.000,Logos via Sports Logos.net / About logos,W,https://www.basketball-reference.com/boxscores/202204100NOP.html,Away,107,28:16,1,25.0,NOP,Naji Marshall,Jaxson Hayes,16:29,CJ McCollum,5:33,,,,,,,,,32:19,Gary Clark,27:39,Trey Murphy III,26:45,Tony Snell,25:11,Garrett Temple,23:56,Jose Alvarado,22:08,Jared Harper,20:19,Larry Nance Jr.,20:05,Willy Hernangómez,19:36,107,1,22,6.0,27.3,12.0,54.5,4.0,18.2,Jordan Poole,21,0,2021-2022,2.0,5,4.0,GSW,128,Klay Thompson,Quinndary Weatherspoon,4:09,,,,,,,,,,,30:55,Jonathan Kuminga,28:55,Draymond Green,24:54,Juan Toscano-Anderson,24:19,Damion Lee,23:38,Nemanja Bjelica,22:52,Moses Moody,19:18,Gary Payton II,17:45,Kevon Looney,14:59
5,.714,7,53.846,3,1.00,107,0,1,100.0,9,.692,4.0,66.7,6.0,13,7,.875,8,61.538,Logos via Sports Logos.net / About logos,W,https://www.basketball-reference.com/boxscores/202204160GSW.html,Home,123,30:06,0,0.0,DEN,Will Barton,DeMarcus Cousins,9:39,Zeke Nnaji,3:47,Vlatko Čančar,3:47,,,,,,,35:34,Nikola Jokić,34:34,Monte Morris,31:23,Aaron Gordon,26:21,Austin Rivers,26:06,Jeff Green,23:11,Bones Hyland,17:07,JaMychal Green,14:44,Bryn Forbes,13:47,107,3,30,8.0,26.7,15.0,50.0,7.0,23.3,Jordan Poole,16,0,2021-2022,0.0,3,1.0,GSW,123,Andrew Wiggins,Juan Toscano-Anderson,3:37,Damion Lee,3:37,Jonathan Kuminga,3:37,Moses Moody,3:37,,,,,29:29,Klay Thompson,29:05,Draymond Green,28:55,Otto Porter Jr.,25:05,Stephen Curry,21:41,Gary Payton II,19:40,Nemanja Bjelica,14:57,Andre Iguodala,13:25,Kevon Looney,13:09
5,.500,10,62.500,8,4.00,106,1,5,100.0,10,.625,5.0,83.3,6.0,16,4,1.000,4,25.000,Logos via Sports Logos.net / About logos,W,https://www.basketball-reference.com/boxscores/202204180GSW.html,Home,126,33:41,0,0.0,DEN,Will Barton,DeMarcus Cousins,12:13,Facundo Campazzo,5:53,Vlatko Čančar,4:46,Zeke Nnaji,4:46,,,,,30:56,Nikola Jokić,28:17,Aaron Gordon,25:24,Monte Morris,25:23,Bryn Forbes,24:04,Jeff Green,22:51,Austin Rivers,20:49,JaMychal Green,17:33,Bones Hyland,17:05,106,2,29,10.0,34.5,15.0,51.7,4.0,13.8,Jordan Poole,20,2,2021-2022,3.0,2,5.0,GSW,126,Klay Thompson,Juan Toscano-Anderson,4:46,Jonathan Kuminga,4:46,Moses Moody,4:46,,,,,,,35:48,Andrew Wiggins,30:41,Draymond Green,29:40,Stephen Curry,22:57,Otto Porter Jr.,22:28,Gary Payton II,18:01,Nemanja Bjelica,16:20,Kevon Looney,11:20,Damion Lee,4:46
3,.600,5,38.462,3,1.00,118,1,3,100.0,9,.692,6.0,75.0,8.0,13,6,.667,9,69.231,Logos via Sports Logos.net / About logos,W,https://www.basketball-reference.com/boxscores/202204210DEN.html,Away,113,33:46,0,0.0,DEN,Nikola Jokić,DeMarcus Cousins,9:31,Facundo Campazzo,3:59,,,,,,,,,38:22,Aaron Gordon,34:08,Will Barton,33:44,Monte Morris,33:42,Jeff Green,22:12,Austin Rivers,21:09,Bryn Forbes,16:57,Bones Hyland,14:18,JaMychal Green,11:58,113,3,27,12.0,44.4,9.0,33.3,6.0,22.2,Jordan Poole,5,1,2021-2022,2.0,3,3.0,GSW,118,Klay Thompson,,,,,,,,,,,,,37:27,Draymond Green,35:24,Stephen Curry,30:45,Andrew Wiggins,28:37,Otto Porter Jr.,21:58,Andre Iguodala,16:19,Gary Payton II,14:28,Nemanja Bjelica,12:14,Kevon Looney,9:02
1,.200,5,50.000,9,3.00,121,0,0,0.0,3,.300,2.0,40.0,5.0,10,4,1.000,4,40.000,Logos via Sports Logos.net / About logos,L,https://www.basketball-reference.com/boxscores/202204240DEN.html,Away,126,38:34,2,100.0,DEN,Nikola Jokić,DeMarcus Cousins,10:07,Facundo Campazzo,0:23,,,,,,,,,37:42,Austin Rivers,35:49,Aaron Gordon,34:33,Will Barton,32:09,Monte Morris,29:11,Bones Hyland,19:39,Jeff Green,15:49,JaMychal Green,14:05,Bryn Forbes,10:33,126,2,11,4.0,36.4,3.0,27.3,4.0,36.4,Jordan Poole,5,3,2021-2022,3.0,3,2.0,GSW,121,Andrew Wiggins,Nemanja Bjelica,4:50,,,,,,,,,,,37:11,Stephen Curry,36:50,Draymond Green,34:04,Klay Thompson,30:42,Otto Porter Jr.,15:26,Andre Iguodala,12:33,Kevon Looney,11:50,Jonathan Kuminga,11:11,Gary Payton II,6:49
1,.250,4,40.000,4,4.00,98,0,1,100.0,3,.300,2.0,33.3,6.0,10,1,1.000,1,10.000,Logos via Sports Logos.net / About logos,W,https://www.basketball-reference.com/boxscores/202204270GSW.html,Home,102,25:41,0,0.0,DEN,Will Barton,Austin Rivers,4:33,Facundo Campazzo,3:09,,,,,,,,,39:47,Aaron Gordon,39:42,Monte Morris,36:03,Nikola Jokić,32:12,Jeff Green,29:20,Bones Hyland,18:33,DeMarcus Cousins,15:17,Bryn Forbes,11:00,JaMychal Green,10:24,98,5,8,4.0,50.0,3.0,37.5,1.0,12.5,Jordan Poole,4,1,2021-2022,1.0,1,1.0,GSW,102,Klay Thompson,,,,,,,,,,,,,39:33,Stephen Curry,37:51,Draymond Green,36:13,Gary Payton II,25:46,Otto Porter Jr.,24:21,Andrew Wiggins,23:33,Kevon Looney,21:35,Jonathan Kuminga,5:27,,
5,.500,10,50.000,9,2.25,117,2,5,62.5,12,.600,7.0,70.0,10.0,20,2,1.000,2,10.000,Logos via Sports Logos.net / About logos,W,https://www.basketball-reference.com/boxscores/202205010MEM.html,Away,116,37:30,3,37.5,MEM,Ja Morant,John Konchar,8:45,,,,,,,,,,,38:29,Desmond Bane,32:28,Jaren Jackson Jr.,30:49,Brandon Clarke,30:35,Dillon Brooks,30:18,De'Anthony Melton,25:00,Kyle Anderson,18:31,Xavier Tillman Sr.,13:05,Tyus Jones,12:00,116,3,31,14.0,45.2,15.0,48.4,2.0,6.5,Jordan Poole,1,0,2021-2022,2.0,4,8.0,GSW,117,Stephen Curry,Juan Toscano-Anderson,0:03,,,,,,,,,,,37:06,Andrew Wiggins,34:22,Klay Thompson,30:34,Gary Payton II,23:11,Otto Porter Jr.,22:32,Kevon Looney,18:44,Draymond Green,17:01,Jonathan Kuminga,15:28,Damion Lee,3:29
1,.167,6,37.500,5,1.67,101,0,2,66.7,8,.500,7.0,70.0,10.0,16,3,1.000,3,18.750,Logos via Sports Logos.net / About logos,L,https://www.basketball-reference.com/boxscores/202205030MEM.html,Away,106,33:45,1,33.3,MEM,Ja Morant,John Konchar,4:20,Dillon Brooks,2:52,,,,,,,,,40:35,Desmond Bane,32:13,Jaren Jackson Jr.,28:36,Ziaire Williams,28:03,Brandon Clarke,27:25,De'Anthony Melton,25:59,Tyus Jones,20:43,Kyle Anderson,16:09,Xavier Tillman Sr.,13:05,106,5,20,14.0,70.0,3.0,15.0,3.0,15.0,Jordan Poole,5,0,2021-2022,0.0,3,3.0,GSW,101,Klay Thompson,Juan Toscano-Anderson,0:01,,,,,,,,,,,41:10,Stephen Curry,39:27,Andrew Wiggins,38:06,Draymond Green,32:23,Otto Porter Jr.,21:13,Jonathan Kuminga,14:02,Kevon Looney,8:55,Damion Lee,8:06,Gary Payton II,2:52
3,.600,5,29.412,2,1.00,112,0,4,100.0,11,.647,8.0,66.7,12.0,17,2,1.000,2,11.765,Logos via Sports Logos.net / About logos,W,https://www.basketball-reference.com/boxscores/202205070GSW.html,Home,142,31:10,0,0.0,MEM,Ja Morant,John Konchar,9:10,Jarrett Culver,5:37,Steven Adams,5:37,,,,,,,36:10,Ziaire Williams,29:52,Desmond Bane,29:41,Jaren Jackson Jr.,28:41,De'Anthony Melton,27:28,Xavier Tillman Sr.,21:32,Brandon Clarke,16:35,Kyle Anderson,16:14,Tyus Jones,13:23,112,1,27,16.0,59.3,9.0,33.3,2.0,7.4,Jordan Poole,30,0,2021-2022,0.0,2,4.0,GSW,142,Klay Thompson,Moses Moody,4:12,Nemanja Bjelica,4:12,,,,,,,,,35:04,Stephen Curry,34:42,Draymond Green,26:47,Andrew Wiggins,25:39,Otto Porter Jr.,24:23,Jonathan Kuminga,17:35,Kevon Looney,17:01,Damion Lee,14:33,Juan Toscano-Anderson,4:42
0,.000,3,25.000,5,1.25,98,0,5,83.3,4,.333,4.0,44.4,9.0,12,6,1.000,6,50.000,Logos via Sports Logos.net / About logos,W,https://www.basketball-reference.com/boxscores/202205090GSW.html,Home,101,32:14,1,16.7,MEM,Tyus Jones,,,,,,,,,,,,,41:11,Dillon Brooks,39:01,Desmond Bane,36:40,Jaren Jackson Jr.,33:52,Steven Adams,27:12,Kyle Anderson,22:49,Ziaire Williams,18:26,Brandon Clarke,11:37,De'Anthony Melton,9:12,98,3,14,8.0,57.1,0.0,0.0,6.0,42.9,Jordan Poole,3,0,2021-2022,0.0,4,6.0,GSW,101,Andrew Wiggins,,,,,,,,,,,,,39:26,Klay Thompson,38:25,Stephen Curry,37:42,Draymond Green,32:49,Otto Porter Jr.,25:33,Kevon Looney,15:11,Damion Lee,13:12,Jonathan Kuminga,5:28,,
1,.333,3,50.000,3,0.75,95,1,1,100.0,1,.167,0.0,0.0,3.0,6,0,,0,0.000,Logos via Sports Logos.net / About logos,L,https://www.basketball-reference.com/boxscores/202205110MEM.html,Away,134,19:57,0,0.0,MEM,Jaren Jackson Jr.,Brandon Clarke,14:11,Xavier Tillman Sr.,12:00,Jarrett Culver,12:00,,,,,,,25:13,Tyus Jones,24:25,De'Anthony Melton,24:18,Dillon Brooks,24:14,Desmond Bane,24:09,Ziaire Williams,22:42,Steven Adams,21:49,Kyle Anderson,19:05,John Konchar,15:54,134,3,3,0.0,0.0,3.0,100.0,0.0,0.0,Jordan Poole,39,1,2021-2022,2.0,4,1.0,GSW,95,Klay Thompson,Juan Toscano-Anderson,15:44,Otto Porter Jr.,12:17,,,,,,,,,25:21,Stephen Curry,25:00,Jonathan Kuminga,23:54,Damion Lee,23:38,Draymond Green,22:14,Nemanja Bjelica,19:40,Andrew Wiggins,19:25,Moses Moody,17:01,Kevon Looney,15:49
2,.182,11,73.333,2,1.00,96,1,3,100.0,4,.267,2.0,50.0,4.0,15,2,.667,3,20.000,Logos via Sports Logos.net / About logos,W,https://www.basketball-reference.com/boxscores/202205130GSW.html,Home,110,24:18,0,0.0,MEM,Desmond Bane,,,,,,,,,,,,,44:21,Dillon Brooks,39:08,Jaren Jackson Jr.,37:34,Tyus Jones,35:56,Steven Adams,28:29,Brandon Clarke,19:31,Ziaire Williams,13:22,De'Anthony Melton,11:12,Kyle Anderson,10:26,96,0,12,4.0,33.3,6.0,50.0,2.0,16.7,Jordan Poole,14,0,2021-2022,1.0,2,3.0,GSW,110,Klay Thompson,,,,,,,,,,,,,42:06,Andrew Wiggins,41:18,Stephen Curry,40:12,Draymond Green,38:45,Kevon Looney,35:12,Damion Lee,10:30,Nemanja Bjelica,7:38,,,,
1,.250,4,33.333,3,3.00,87,0,1,50.0,8,.667,7.0,87.5,8.0,12,2,1.000,2,16.667,Logos via Sports Logos.net / About logos,W,https://www.basketball-reference.com/boxscores/202205180GSW.html,Home,112,26:19,1,50.0,DAL,Reggie Bullock,Josh Green,8:08,Trey Burke,5:03,Sterling Brown,5:03,Marquese Chriss,5:03,,,,,35:56,Luka Dončić,34:53,Dorian Finney-Smith,33:49,Jalen Brunson,31:43,Spencer Dinwiddie,23:35,Maxi Kleber,18:56,Dwight Powell,14:14,Dāvis Bertāns,13:22,Frank Ntilikina,10:15,87,5,19,14.0,73.7,3.0,15.8,2.0,10.5,Jordan Poole,25,1,2021-2022,1.0,1,2.0,GSW,112,Andrew Wiggins,Nemanja Bjelica,5:03,Juan Toscano-Anderson,5:03,,,,,,,,,35:09,Klay Thompson,34:34,Stephen Curry,30:44,Draymond Green,28:50,Kevon Looney,28:21,Otto Porter Jr.,23:25,Damion Lee,12:26,Moses Moody,5:03,Jonathan Kuminga,5:03
2,.500,4,40.000,5,1.67,117,0,1,100.0,7,.700,5.0,83.3,6.0,10,7,1.000,7,70.000,Logos via Sports Logos.net / About logos,W,https://www.basketball-reference.com/boxscores/202205200GSW.html,Home,126,28:48,0,0.0,DAL,Reggie Bullock,Frank Ntilikina,3:32,,,,,,,,,,,44:23,Dorian Finney-Smith,42:14,Luka Dončić,38:11,Jalen Brunson,36:23,Maxi Kleber,33:06,Spencer Dinwiddie,22:07,Dwight Powell,7:49,Dāvis Bertāns,7:14,Josh Green,5:01,117,2,23,10.0,43.5,6.0,26.1,7.0,30.4,Jordan Poole,9,2,2021-2022,2.0,3,1.0,GSW,126,Andrew Wiggins,,,,,,,,,,,,,38:00,Klay Thompson,37:17,Stephen Curry,37:01,Kevon Looney,32:11,Draymond Green,28:24,Otto Porter Jr.,23:52,Moses Moody,9:35,Damion Lee,4:52,,
2,.500,4,100.000,1,0.50,109,0,4,80.0,2,.500,0.0,,0.0,4,4,1.000,4,100.000,Logos via Sports Logos.net / About logos,W,https://www.basketball-reference.com/boxscores/202205220DAL.html,Away,100,27:56,1,20.0,DAL,Dorian Finney-Smith,,,,,,,,,,,,,42:01,Luka Dončić,40:23,Reggie Bullock,39:58,Jalen Brunson,36:35,Spencer Dinwiddie,31:45,Maxi Kleber,24:41,Dāvis Bertāns,12:38,Dwight Powell,7:59,Frank Ntilikina,4:00,100,4,10,0.0,0.0,6.0,60.0,4.0,40.0,Jordan Poole,9,2,2021-2022,2.0,2,5.0,GSW,109,Andrew Wiggins,,,,,,,,,,,,,39:49,Klay Thompson,39:02,Stephen Curry,39:01,Draymond Green,36:55,Kevon Looney,29:11,Moses Moody,16:14,Otto Porter Jr.,6:49,Juan Toscano-Anderson,5:03,,
2,.400,5,50.000,4,4.00,109,1,0,,5,.500,3.0,60.0,5.0,10,2,1.000,2,20.000,Logos via Sports Logos.net / About logos,L,https://www.basketball-reference.com/boxscores/202205240DAL.html,Away,119,28:36,0,,DAL,Dorian Finney-Smith,Josh Green,2:28,,,,,,,,,,,38:52,Reggie Bullock,38:22,Luka Dončić,37:42,Jalen Brunson,34:21,Spencer Dinwiddie,27:38,Maxi Kleber,22:07,Frank Ntilikina,17:02,Dwight Powell,11:45,Dāvis Bertāns,9:43,119,6,14,6.0,42.9,6.0,42.9,2.0,14.3,Jordan Poole,10,0,2021-2022,1.0,1,0.0,GSW,109,Stephen Curry,Juan Toscano-Anderson,0:06,,,,,,,,,,,32:34,Andrew Wiggins,30:32,Klay Thompson,28:10,Draymond Green,25:51,Moses Moody,22:40,Jonathan Kuminga,21:39,Kevon Looney,19:48,Damion Lee,15:14,Nemanja Bjelica,14:50
1,.333,3,37.500,6,2.00,110,0,6,100.0,6,.750,5.0,100.0,5.0,8,3,1.000,3,37.500,Logos via Sports Logos.net / About logos,W,https://www.basketball-reference.com/boxscores/202205260GSW.html,Home,120,28:26,0,0.0,DAL,Luka Dončić,Trey Burke,2:02,Sterling Brown,2:02,Marquese Chriss,2:02,Josh Green,2:02,,,,,39:38,Dorian Finney-Smith,39:23,Reggie Bullock,37:48,Spencer Dinwiddie,32:07,Jalen Brunson,30:09,Maxi Kleber,26:59,Frank Ntilikina,14:24,Dwight Powell,7:27,Dāvis Bertāns,3:57,110,3,16,10.0,62.5,3.0,18.8,3.0,18.8,Jordan Poole,10,1,2021-2022,1.0,3,6.0,GSW,120,Andrew Wiggins,Damion Lee,1:37,,,,,,,,,,,40:03,Klay Thompson,37:20,Stephen Curry,34:50,Draymond Green,31:25,Kevon Looney,30:42,Nemanja Bjelica,21:41,Moses Moody,10:36,Juan Toscano-Anderson,1:43,Jonathan Kuminga,1:37
1,.200,5,71.429,2,0.50,120,0,2,100.0,2,.286,1.0,50.0,2.0,7,4,1.000,4,57.143,Logos via Sports Logos.net / About logos,L,https://www.basketball-reference.com/boxscores/202206020GSW.html,Home,108,25:01,0,0.0,BOS,Jayson Tatum,Malik Fitts,0:48,Sam Hauser,0:48,Juwan Morgan,0:48,Aaron Nesmith,0:48,Nik Stauskas,0:48,,,41:35,Jaylen Brown,38:00,Al Horford,32:42,Derrick White,31:49,Marcus Smart,29:55,Robert Williams,24:11,Grant Williams,16:17,Payton Pritchard,15:32,Daniel Theis,5:59,120,1,9,2.0,22.2,3.0,33.3,4.0,44.4,Jordan Poole,12,0,2021-2022,0.0,4,2.0,GSW,108,Klay Thompson,Damion Lee,0:48,Moses Moody,0:48,Juan Toscano-Anderson,0:48,,,,,,,38:57,Stephen Curry,38:17,Draymond Green,38:02,Andrew Wiggins,34:55,Kevon Looney,25:16,Otto Porter Jr.,23:31,Andre Iguodala,12:01,Nemanja Bjelica,0:48,Jonathan Kuminga,0:48
5,.556,9,64.286,3,1.00,88,0,2,100.0,6,.429,1.0,20.0,5.0,14,0,,0,0.000,Logos via Sports Logos.net / About logos,W,https://www.basketball-reference.com/boxscores/202206050GSW.html,Home,107,22:38,0,0.0,BOS,Jayson Tatum,Aaron Nesmith,10:45,Sam Hauser,5:38,Malik Fitts,3:35,Nik Stauskas,3:35,Luke Kornet,3:35,,,34:18,Derrick White,30:15,Al Horford,27:38,Jaylen Brown,27:37,Marcus Smart,25:08,Grant Williams,20:54,Payton Pritchard,18:35,Daniel Theis,14:25,Robert Williams,14:02,88,1,17,2.0,11.8,15.0,88.2,0.0,0.0,Jordan Poole,19,2,2021-2022,2.0,3,2.0,GSW,107,Draymond Green,Jonathan Kuminga,3:35,Damion Lee,3:35,Juan Toscano-Anderson,3:35,,,,,,,34:53,Stephen Curry,32:11,Andrew Wiggins,30:30,Klay Thompson,30:27,Gary Payton II,25:19,Kevon Looney,21:22,Otto Porter Jr.,14:52,Nemanja Bjelica,10:36,Moses Moody,6:27
1,.250,4,50.000,3,1.00,100,0,3,100.0,4,.500,3.0,75.0,4.0,8,1,.500,2,25.000,Logos via Sports Logos.net / About logos,L,https://www.basketball-reference.com/boxscores/202206080BOS.html,Away,116,24:28,0,0.0,BOS,Jayson Tatum,Aaron Nesmith,2:02,Malik Fitts,2:00,Juwan Morgan,2:00,Nik Stauskas,2:00,,,,,41:18,Jaylen Brown,39:40,Marcus Smart,39:23,Al Horford,30:07,Robert Williams,25:57,Derrick White,23:35,Grant Williams,20:09,Payton Pritchard,9:47,Sam Hauser,2:02,116,2,10,6.0,60.0,3.0,30.0,1.0,10.0,Jordan Poole,16,0,2021-2022,0.0,3,3.0,GSW,100,Andrew Wiggins,Damion Lee,2:19,Moses Moody,2:19,Juan Toscano-Anderson,2:19,Andre Iguodala,2:09,,,,,40:22,Klay Thompson,39:02,Stephen Curry,37:08,Draymond Green,34:47,Otto Porter Jr.,21:07,Kevon Looney,16:49,Gary Payton II,11:25,Nemanja Bjelica,3:27,Jonathan Kuminga,2:19
2,.286,7,53.846,1,1.00,107,1,1,100.0,6,.462,4.0,66.7,6.0,13,0,,0,0.000,Logos via Sports Logos.net / About logos,W,https://www.basketball-reference.com/boxscores/202206100BOS.html,Away,97,20:33,0,0.0,BOS,Jayson Tatum,,,,,,,,,,,,,42:40,Marcus Smart,39:57,Jaylen Brown,39:42,Derrick White,35:33,Robert Williams,31:27,Al Horford,28:05,Grant Williams,12:32,Payton Pritchard,10:04,,,97,4,14,8.0,57.1,6.0,42.9,0.0,0.0,Jordan Poole,10,1,2021-2022,2.0,1,1.0,GSW,107,Andrew Wiggins,,,,,,,,,,,,,43:25,Klay Thompson,40:50,Stephen Curry,40:41,Draymond Green,32:57,Kevon Looney,28:10,Otto Porter Jr.,14:30,Gary Payton II,9:54,Nemanja Bjelica,9:00,,
3,.500,6,75.000,0,0.00,94,0,0,,4,.500,1.0,50.0,2.0,8,3,1.000,3,37.500,Logos via Sports Logos.net / About logos,W,https://www.basketball-reference.com/boxscores/202206130GSW.html,Home,104,14:17,0,,BOS,Jayson Tatum,Aaron Nesmith,1:19,Sam Hauser,1:19,Juwan Morgan,1:19,Nik Stauskas,1:19,,,,,44:25,Jaylen Brown,44:03,Marcus Smart,39:43,Al Horford,32:50,Robert Williams,30:15,Derrick White,21:24,Grant Williams,16:04,Payton Pritchard,4:41,Luke Kornet,1:19,94,1,14,2.0,14.3,9.0,64.3,3.0,21.4,Jordan Poole,10,0,2021-2022,0.0,1,0.0,GSW,104,Andrew Wiggins,Jonathan Kuminga,1:19,Damion Lee,1:19,Moses Moody,1:19,Juan Toscano-Anderson,1:19,,,,,42:32,Klay Thompson,39:37,Stephen Curry,37:08,Draymond Green,34:59,Gary Payton II,26:10,Kevon Looney,16:45,Otto Porter Jr.,14:37,Nemanja Bjelica,4:43,Andre Iguodala,3:56
3,.375,8,66.667,2,,103,0,2,66.7,5,.417,2.0,50.0,4.0,12,2,1.000,2,16.667,Logos via Sports Logos.net / About logos,W,https://www.basketball-reference.com/boxscores/202206160BOS.html,Away,90,17:46,1,33.3,BOS,Jaylen Brown,Luke Kornet,1:03,Aaron Nesmith,1:03,Nik Stauskas,1:03,Juwan Morgan,1:01,,,,,44:00,Jayson Tatum,40:13,Al Horford,39:13,Marcus Smart,38:29,Robert Williams,32:37,Derrick White,16:27,Grant Williams,15:51,Payton Pritchard,7:57,Sam Hauser,1:03,90,3,15,4.0,26.7,9.0,60.0,2.0,13.3,Jordan Poole,13,0,2021-2022,0.0,0,3.0,GSW,103,Andrew Wiggins,,,,,,,,,,,,,43:41,Draymond Green,41:49,Klay Thompson,41:19,Stephen Curry,39:56,Kevon Looney,21:40,Gary Payton II,19:46,Otto Porter Jr.,13:02,Andre Iguodala,1:01,,
2,.222,9,60.000,7,1.75,109,0,2,100.0,4,.267,2.0,33.3,6.0,15,2,1.000,2,13.333,Logos via Sports Logos.net / About logos,W,https://www.basketball-reference.com/boxscores/202210180GSW.html,Home,123,28:11,0,0.0,LAL,Anthony Davis,Wenyen Gabriel,7:48,Max Christie,1:52,Scotty Pippen Jr.,1:52,Cole Swider,1:52,,,,,35:36,LeBron James,35:12,Russell Westbrook,30:41,Lonnie Walker IV,29:17,Patrick Beverley,24:40,Kendrick Nunn,23:03,Matt Ryan,17:49,Austin Reaves,16:00,Juan Toscano-Anderson,14:18,109,2,12,4.0,33.3,6.0,50.0,2.0,16.7,Jordan Poole,14,2,2022-2023,2.0,4,2.0,GSW,123,Stephen Curry,Moses Moody,7:35,Ryan Rollins,1:52,,,,,,,,,32:48,Andrew Wiggins,29:28,Draymond Green,24:41,JaMychal Green,23:26,Donte DiVincenzo,21:37,Kevon Looney,21:08,Klay Thompson,19:39,James Wiseman,16:31,Jonathan Kuminga,13:04
0,.000,2,40.000,7,1.75,128,0,1,100.0,2,.400,2.0,66.7,3.0,5,3,.750,4,80.000,Logos via Sports Logos.net / About logos,L,https://www.basketball-reference.com/boxscores/202210210GSW.html,Home,123,27:20,0,0.0,DEN,Nikola Jokić,Davon Reed,10:57,,,,,,,,,,,34:24,Kentavious Caldwell-Pope,32:47,Bruce Brown,30:30,Aaron Gordon,28:47,Michael Porter Jr.,27:54,Christian Braun,22:46,Bones Hyland,19:15,Jeff Green,19:04,DeAndre Jordan,13:36,128,0,7,4.0,57.1,0.0,0.0,3.0,42.9,Jordan Poole,5,3,2022-2023,3.0,4,1.0,GSW,123,Andrew Wiggins,Jonathan Kuminga,7:34,,,,,,,,,,,37:25,Stephen Curry,35:55,Draymond Green,26:38,JaMychal Green,23:57,Klay Thompson,23:34,Kevon Looney,18:45,James Wiseman,16:12,Moses Moody,13:00,Donte DiVincenzo,9:40
3,.600,5,35.714,4,4.00,125,0,0,,7,.500,4.0,44.4,9.0,14,7,.778,9,64.286,Logos via Sports Logos.net / About logos,W,https://www.basketball-reference.com/boxscores/202210230GSW.html,Home,130,27:03,0,,SAC,Keegan Murray,Chimezie Metu,10:33,Trey Lyles,3:56,KZ Okpala,3:34,,,,,,,38:26,De'Aaron Fox,36:21,Kevin Huerter,30:56,Malik Monk,28:33,Domantas Sabonis,22:21,Harrison Barnes,21:27,Richaun Holmes,16:15,Terence Davis,15:52,Davion Mitchell,11:46,125,2,24,8.0,33.3,9.0,37.5,7.0,29.2,Jordan Poole,5,1,2022-2023,1.0,1,0.0,GSW,130,Andrew Wiggins,Jonathan Kuminga,7:22,Ryan Rollins,0:59,,,,,,,,,31:30,Stephen Curry,31:21,Draymond Green,28:21,Klay Thompson,27:03,Kevon Looney,24:46,James Wiseman,19:47,Moses Moody,18:09,JaMychal Green,12:57,Donte DiVincenzo,10:42
2,.400,5,41.667,5,5.00,105,0,2,100.0,6,.500,4.0,57.1,7.0,12,3,.750,4,33.333,Logos via Sports Logos.net / About logos,L,https://www.basketball-reference.com/boxscores/202210250PHO.html,Away,134,27:05,0,0.0,PHO,Devin Booker,Torrey Craig,10:29,Josh Okogie,1:31,,,,,,,,,35:19,Chris Paul,35:13,Cameron Johnson,33:23,Mikal Bridges,32:54,Deandre Ayton,25:04,Jock Landale,22:09,Damion Lee,15:20,Landry Shamet,15:08,Cameron Payne,13:30,134,5,17,8.0,47.1,6.0,35.3,3.0,17.6,Jordan Poole,29,0,2022-2023,0.0,1,2.0,GSW,105,Andrew Wiggins,Ty Jerome,12:28,,,,,,,,,,,31:20,Stephen Curry,29:55,Draymond Green,29:11,Moses Moody,24:30,Klay Thompson,18:32,James Wiseman,18:04,Kevon Looney,17:07,JaMychal Green,16:39,Jonathan Kuminga,15:09
1,.250,4,57.143,7,3.50,110,0,1,100.0,4,.571,3.0,100.0,3.0,7,2,1.000,2,28.571,Logos via Sports Logos.net / About logos,W,https://www.basketball-reference.com/boxscores/202210270GSW.html,Home,123,21:21,0,0.0,MIA,Bam Adebayo,,,,,,,,,,,,,37:44,Jimmy Butler,37:04,Kyle Lowry,33:08,Max Strus,32:08,Tyler Herro,31:46,Caleb Martin,29:28,Gabe Vincent,17:57,Duncan Robinson,13:09,Nikola Jović,7:36,110,2,11,6.0,54.5,3.0,27.3,2.0,18.2,Jordan Poole,13,1,2022-2023,1.0,2,1.0,GSW,123,Stephen Curry,,,,,,,,,,,,,36:57,Andrew Wiggins,36:41,Draymond Green,30:05,Kevon Looney,29:12,Klay Thompson,29:02,JaMychal Green,17:55,Moses Moody,17:22,James Wiseman,13:52,Ty Jerome,7:33
4,.364,11,55.000,4,1.33,113,1,2,100.0,10,.500,6.0,66.7,9.0,20,0,,0,0.000,Logos via Sports Logos.net / About logos,L,https://www.basketball-reference.com/boxscores/202210290CHO.html,Away,120,36:30,0,0.0,CHO,P.J. Washington,JT Thor,8:45,,,,,,,,,,,40:07,Kelly Oubre Jr.,38:16,Dennis Smith Jr.,37:05,Gordon Hayward,34:35,Jalen McDaniels,32:29,Mason Plumlee,23:13,Nick Richards,19:51,Théo Maledon,15:55,James Bouknight,14:44,120,4,24,12.0,50.0,12.0,50.0,0.0,0.0,Jordan Poole,7,2,2022-2023,3.0,3,2.0,GSW,113,Andrew Wiggins,Jonathan Kuminga,2:49,,,,,,,,,,,40:52,Stephen Curry,38:54,Draymond Green,34:56,Klay Thompson,31:49,Kevon Looney,27:46,JaMychal Green,16:53,Ty Jerome,15:42,Moses Moody,14:05,James Wiseman,4:44
5,.385,13,61.905,4,1.33,114,0,2,66.7,10,.476,5.0,62.5,8.0,21,5,1.000,5,23.810,Logos via Sports Logos.net / About logos,L,https://www.basketball-reference.com/boxscores/202210300DET.html,Away,128,36:02,1,33.3,DET,Cade Cunningham,Cory Joseph,4:56,,,,,,,,,,,39:14,Bojan Bogdanović,34:48,Saddiq Bey,34:32,Isaiah Stewart,32:56,Jaden Ivey,31:29,Killian Hayes,17:53,Isaiah Livers,16:55,Jalen Duren,15:04,Hamidou Diallo,12:13,128,4,30,10.0,33.3,15.0,50.0,5.0,16.7,Jordan Poole,14,2,2022-2023,2.0,3,3.0,GSW,114,Stephen Curry,Anthony Lamb,8:34,Patrick Baldwin Jr.,0:46,Ryan Rollins,0:46,,,,,,,34:58,Draymond Green,26:00,Andrew Wiggins,25:06,Moses Moody,23:50,Kevon Looney,21:32,Jonathan Kuminga,19:11,JaMychal Green,15:52,Ty Jerome,14:19,James Wiseman,13:04
1,.143,7,70.000,2,0.40,109,0,2,100.0,3,.300,2.0,66.7,3.0,10,2,.500,4,40.000,Logos via Sports Logos.net / About logos,L,https://www.basketball-reference.com/boxscores/202211010MIA.html,Away,116,28:53,0,0.0,MIA,Bam Adebayo,,,,,,,,,,,,,37:11,Jimmy Butler,36:50,Kyle Lowry,36:34,Max Strus,32:36,Gabe Vincent,30:59,Duncan Robinson,25:41,Caleb Martin,19:23,Dewayne Dedmon,10:49,Tyler Herro,9:57,116,2,9,4.0,44.4,3.0,33.3,2.0,22.2,Jordan Poole,7,0,2022-2023,0.0,5,2.0,GSW,109,Andrew Wiggins,,,,,,,,,,,,,34:39,Stephen Curry,34:30,Draymond Green,32:10,Klay Thompson,30:37,Kevon Looney,23:51,JaMychal Green,17:41,Moses Moody,14:45,Ty Jerome,13:27,James Wiseman,9:27
1,.200,5,41.667,2,0.50,129,0,1,50.0,4,.333,3.0,42.9,7.0,12,2,.667,3,25.000,Logos via Sports Logos.net / About logos,L,https://www.basketball-reference.com/boxscores/202211030ORL.html,Away,130,24:19,1,50.0,ORL,Franz Wagner,Caleb Houstan,4:52,,,,,,,,,,,36:38,Jalen Suggs,36:13,Paolo Banchero,36:06,Wendell Carter Jr.,33:19,Chuma Okeke,27:28,Kevon Harris,20:50,R.J. Hampton,20:17,Bol Bol,18:39,Mo Bamba,5:38,130,2,11,6.0,54.5,3.0,27.3,2.0,18.2,Jordan Poole,1,0,2022-2023,0.0,4,2.0,GSW,129,Stephen Curry,,,,,,,,,,,,,38:20,Klay Thompson,34:01,Andrew Wiggins,32:57,Draymond Green,29:51,Kevon Looney,29:22,JaMychal Green,16:20,Ty Jerome,13:46,Moses Moody,11:30,James Wiseman,9:34
3,.300,10,55.556,9,1.80,105,0,0,,5,.278,2.0,25.0,8.0,18,7,1.000,7,38.889,Logos via Sports Logos.net / About logos,L,https://www.basketball-reference.com/boxscores/202211040NOP.html,Away,114,38:24,0,,NOP,Brandon Ingram,Naji Marshall,9:05,,,,,,,,,,,36:14,CJ McCollum,34:26,Herbert Jones,29:23,Larry Nance Jr.,28:33,Zion Williamson,27:55,Trey Murphy III,27:33,Jonas Valančiūnas,19:27,Jose Alvarado,18:00,Devonte' Graham,9:24,114,2,20,4.0,20.0,9.0,45.0,7.0,35.0,Jordan Poole,9,2,2022-2023,2.0,5,0.0,GSW,105,Jonathan Kuminga,,,,,,,,,,,,,37:45,Anthony Lamb,36:40,Moses Moody,32:03,Ty Jerome,31:30,Kevon Looney,24:35,James Wiseman,16:36,JaMychal Green,9:28,Ryan Rollins,9:05,Patrick Baldwin Jr.,3:54
0,.000,2,50.000,3,1.00,113,0,0,0.0,1,.250,1.0,50.0,2.0,4,0,.000,1,25.000,Logos via Sports Logos.net / About logos,W,https://www.basketball-reference.com/boxscores/202211070GSW.html,Home,116,21:49,1,100.0,SAC,De'Aaron Fox,Trey Lyles,4:00,,,,,,,,,,,36:33,Domantas Sabonis,33:13,Kevin Huerter,31:48,Malik Monk,30:35,Keegan Murray,26:58,Harrison Barnes,22:28,Davion Mitchell,21:24,Terence Davis,18:13,Chimezie Metu,14:46,113,2,2,2.0,100.0,0.0,0.0,0.0,0.0,Jordan Poole,3,0,2022-2023,0.0,3,1.0,GSW,116,Andrew Wiggins,,,,,,,,,,,,,40:14,Klay Thompson,37:57,Stephen Curry,37:43,Draymond Green,36:21,Kevon Looney,20:43,Anthony Lamb,15:53,Ty Jerome,11:33,Jonathan Kuminga,8:57,Moses Moody,8:49
4,.500,8,61.538,3,1.00,101,0,4,100.0,6,.462,2.0,40.0,5.0,13,2,1.000,2,15.385,Logos via Sports Logos.net / About logos,W,https://www.basketball-reference.com/boxscores/202211110GSW.html,Home,106,33:30,0,0.0,CLE,Evan Mobley,,,,,,,,,,,,,38:45,Donovan Mitchell,37:16,Darius Garland,36:00,Caris LeVert,33:40,Jarrett Allen,33:11,Kevin Love,22:01,Cedi Osman,20:39,Isaac Okoro,18:26,,,101,2,18,4.0,22.2,12.0,66.7,2.0,11.1,Jordan Poole,5,0,2022-2023,0.0,3,4.0,GSW,106,Andrew Wiggins,,,,,,,,,,,,,36:38,Stephen Curry,34:00,Draymond Green,32:24,Kevon Looney,30:25,Klay Thompson,29:27,Anthony Lamb,23:40,Donte DiVincenzo,15:36,Jonathan Kuminga,4:19,,
3,.429,7,50.000,1,0.25,115,0,3,100.0,6,.429,3.0,42.9,7.0,14,3,1.000,3,21.429,Logos via Sports Logos.net / About logos,L,https://www.basketball-reference.com/boxscores/202211130SAC.html,Away,122,20:21,0,0.0,SAC,Keegan Murray,Trey Lyles,5:26,,,,,,,,,,,36:36,De'Aaron Fox,34:21,Domantas Sabonis,34:12,Kevin Huerter,32:27,Harrison Barnes,27:25,Malik Monk,24:22,Terence Davis,17:37,Davion Mitchell,14:09,Chimezie Metu,13:25,122,3,18,6.0,33.3,9.0,50.0,3.0,16.7,Jordan Poole,7,1,2022-2023,1.0,4,3.0,GSW,115,Stephen Curry,,,,,,,,,,,,,36:51,Andrew Wiggins,34:19,Draymond Green,34:07,Klay Thompson,32:28,Kevon Looney,29:21,Donte DiVincenzo,24:16,Jonathan Kuminga,14:24,Anthony Lamb,13:53,,
5,.500,10,50.000,2,,95,1,2,100.0,13,.650,8.0,80.0,10.0,20,5,.833,6,30.000,Logos via Sports Logos.net / About logos,W,https://www.basketball-reference.com/boxscores/202211140GSW.html,Home,132,29:08,0,0.0,SAS,Keita Bates-Diop,Jordan Hall,16:03,Gorgui Dieng,8:58,,,,,,,,,30:39,Josh Richardson,25:10,Devin Vassell,25:05,Jeremy Sochan,24:36,Isaiah Roby,24:09,Charles Bassey,23:49,Doug McDermott,22:36,Jakob Poeltl,20:20,Keldon Johnson,18:35,95,1,36,16.0,44.4,15.0,41.7,5.0,13.9,Jordan Poole,37,3,2022-2023,4.0,0,2.0,GSW,132,Stephen Curry,Donte DiVincenzo,9:10,Ryan Rollins,8:04,,,,,,,,,27:01,Moses Moody,26:43,Draymond Green,25:29,Jonathan Kuminga,24:40,Anthony Lamb,24:10,Andrew Wiggins,23:20,Kevon Looney,17:33,JaMychal Green,15:25,James Wiseman,9:14
0,.000,3,60.000,8,8.00,119,1,1,50.0,0,.000,0.0,0.0,2.0,5,2,1.000,2,40.000,Logos via Sports Logos.net / About logos,L,https://www.basketball-reference.com/boxscores/202211160PHO.html,Away,130,26:45,1,50.0,PHO,Mikal Bridges,Ish Wainright,1:26,,,,,,,,,,,41:47,Devin Booker,36:38,Cameron Payne,33:01,Deandre Ayton,31:31,Torrey Craig,29:36,Damion Lee,27:21,Jock Landale,16:29,Duane Washington Jr.,13:33,Josh Okogie,8:38,130,2,2,0.0,0.0,0.0,0.0,2.0,100.0,Jordan Poole,11,0,2022-2023,1.0,1,2.0,GSW,119,Stephen Curry,,,,,,,,,,,,,36:14,Andrew Wiggins,31:51,Klay Thompson,29:34,Draymond Green,29:19,Anthony Lamb,24:18,Kevon Looney,20:25,Donte DiVincenzo,18:31,JaMychal Green,17:01,Moses Moody,6:02
3,.375,8,47.059,4,1.33,101,1,2,66.7,5,.294,2.0,22.2,9.0,17,0,,0,0.000,Logos via Sports Logos.net / About logos,W,https://www.basketball-reference.com/boxscores/202211180GSW.html,Home,111,26:09,1,33.3,NYK,RJ Barrett,Miles McBride,2:31,Quentin Grimes,2:07,Ryan Arcidiacono,2:07,Svi Mykhailiuk,2:07,,,,,39:40,Jalen Brunson,31:41,Julius Randle,30:15,Jericho Sims,27:15,Immanuel Quickley,26:43,Cam Reddish,25:23,Obi Toppin,18:59,Isaiah Hartenstein,17:24,Derrick Rose,13:48,101,3,13,4.0,30.8,9.0,69.2,0.0,0.0,Jordan Poole,10,0,2022-2023,1.0,3,3.0,GSW,111,Stephen Curry,Moses Moody,2:39,,,,,,,,,,,33:50,Draymond Green,31:55,Klay Thompson,31:24,Andrew Wiggins,30:18,Kevon Looney,23:51,Donte DiVincenzo,19:46,JaMychal Green,16:51,Anthony Lamb,14:23,Jonathan Kuminga,8:54
1,.500,2,25.000,4,4.00,127,1,2,100.0,3,.375,2.0,33.3,6.0,8,3,1.000,3,37.500,Logos via Sports Logos.net / About logos,W,https://www.basketball-reference.com/boxscores/202211200HOU.html,Away,120,24:33,0,0.0,HOU,Jalen Green,,,,,,,,,,,,,37:54,Kevin Porter Jr.,34:45,Jabari Smith Jr.,32:23,Eric Gordon,29:43,KJ Martin,23:39,Alperen Sengun,23:25,Tari Eason,22:40,Usman Garuba,22:15,Daishen Nix,13:15,120,0,10,4.0,40.0,3.0,30.0,3.0,30.0,Jordan Poole,7,0,2022-2023,1.0,1,2.0,GSW,127,Stephen Curry,Anthony Lamb,4:27,,,,,,,,,,,36:59,Andrew Wiggins,36:32,Klay Thompson,35:34,Draymond Green,31:46,Kevon Looney,28:46,Donte DiVincenzo,15:30,JaMychal Green,14:45,Jonathan Kuminga,6:27,Moses Moody,4:39
2,.222,9,50.000,0,0.00,83,1,0,,9,.500,7.0,77.8,9.0,18,6,.857,7,38.889,Logos via Sports Logos.net / About logos,L,https://www.basketball-reference.com/boxscores/202211210NOP.html,Away,128,26:56,0,,NOP,Brandon Ingram,Jose Alvarado,16:12,Willy Hernangómez,7:22,Jaxson Hayes,7:22,Garrett Temple,7:22,,,,,30:50,Naji Marshall,23:26,Zion Williamson,23:06,Jonas Valančiūnas,22:47,Devonte' Graham,22:02,CJ McCollum,21:30,Dyson Daniels,20:24,Herbert Jones,19:46,Larry Nance Jr.,17:51,128,1,26,14.0,53.8,6.0,23.1,6.0,23.1,Jordan Poole,45,1,2022-2023,2.0,4,0.0,GSW,83,Jonathan Kuminga,,,,,,,,,,,,,39:30,Anthony Lamb,34:24,Moses Moody,32:52,Ty Jerome,26:19,JaMychal Green,23:11,Donte DiVincenzo,19:09,Ryan Rollins,16:45,Patrick Baldwin Jr.,15:31,Kevon Looney,5:23
0,.000,8,53.333,5,2.50,107,1,1,100.0,3,.200,3.0,42.9,7.0,15,2,.667,3,20.000,Logos via Sports Logos.net / About logos,W,https://www.basketball-reference.com/boxscores/202211230GSW.html,Home,124,21:38,0,0.0,LAC,Amir Coffey,Nicolas Batum,10:49,,,,,,,,,,,35:55,Terance Mann,33:02,Norman Powell,29:11,Marcus Morris,28:28,Ivica Zubac,25:57,Reggie Jackson,22:26,Robert Covington,21:13,John Wall,20:38,Moses Brown,12:21,107,3,8,6.0,75.0,0.0,0.0,2.0,25.0,Jordan Poole,17,0,2022-2023,1.0,2,1.0,GSW,124,Draymond Green,Moses Moody,5:02,Ryan Rollins,5:02,Patrick Baldwin Jr.,3:52,,,,,,,33:00,Andrew Wiggins,32:04,Stephen Curry,31:41,Klay Thompson,27:13,Anthony Lamb,21:00,Donte DiVincenzo,17:23,Kevon Looney,16:31,Jonathan Kuminga,13:46,JaMychal Green,11:48
2,.250,8,53.333,6,2.00,118,0,4,100.0,7,.467,5.0,71.4,7.0,15,3,1.000,3,20.000,Logos via Sports Logos.net / About logos,W,https://www.basketball-reference.com/boxscores/202211250GSW.html,Home,129,25:33,0,0.0,UTA,Lauri Markkanen,,,,,,,,,,,,,37:12,Jordan Clarkson,34:46,Kelly Olynyk,33:08,Nickeil Alexander-Walker,30:11,Jarred Vanderbilt,27:16,Collin Sexton,24:09,Walker Kessler,20:44,Malik Beasley,20:23,Talen Horton-Tucker,12:11,118,1,19,10.0,52.6,6.0,31.6,3.0,15.8,Jordan Poole,11,0,2022-2023,0.0,3,4.0,GSW,129,Stephen Curry,,,,,,,,,,,,,35:43,Klay Thompson,35:07,Andrew Wiggins,34:13,Draymond Green,30:57,Kevon Looney,27:56,Donte DiVincenzo,19:28,Jonathan Kuminga,13:00,JaMychal Green,9:38,Anthony Lamb,8:25
3,.333,9,52.941,6,1.50,137,0,3,75.0,9,.529,6.0,75.0,8.0,17,3,.750,4,23.529,Logos via Sports Logos.net / About logos,W,https://www.basketball-reference.com/boxscores/202211270MIN.html,Away,114,26:52,1,25.0,MIN,Anthony Edwards,Nathan Knight,3:25,Wendell Moore Jr.,3:25,,,,,,,,,35:36,D'Angelo Russell,31:25,Karl-Anthony Towns,30:51,Rudy Gobert,30:04,Austin Rivers,28:58,Jaylen Nowell,24:12,Kyle Anderson,19:01,Bryn Forbes,17:02,Naz Reid,16:01,114,4,24,12.0,50.0,9.0,37.5,3.0,12.5,Jordan Poole,23,0,2022-2023,0.0,4,4.0,GSW,137,Draymond Green,Moses Moody,3:25,,,,,,,,,,,32:38,Stephen Curry,32:37,Andrew Wiggins,31:23,Klay Thompson,29:56,Kevon Looney,22:07,Jonathan Kuminga,19:50,Donte DiVincenzo,18:04,JaMychal Green,14:24,Anthony Lamb,8:44
1,.167,6,66.667,9,1.80,113,0,2,100.0,3,.333,2.0,66.7,3.0,9,2,1.000,2,22.222,Logos via Sports Logos.net / About logos,L,https://www.basketball-reference.com/boxscores/202211290DAL.html,Away,116,26:52,0,0.0,DAL,Luka Dončić,Dāvis Bertāns,7:16,,,,,,,,,,,39:17,Tim Hardaway Jr.,31:21,Dorian Finney-Smith,29:25,Josh Green,26:59,Christian Wood,25:48,Maxi Kleber,25:07,Spencer Dinwiddie,22:45,Dwight Powell,18:25,Reggie Bullock,13:37,116,4,9,4.0,44.4,3.0,33.3,2.0,22.2,Jordan Poole,3,1,2022-2023,1.0,5,2.0,GSW,113,Stephen Curry,,,,,,,,,,,,,37:48,Draymond Green,32:45,Klay Thompson,31:02,Andrew Wiggins,27:17,Jonathan Kuminga,25:34,Kevon Looney,17:38,Donte DiVincenzo,16:53,Anthony Lamb,16:06,JaMychal Green,8:05
7,.538,13,72.222,1,0.33,111,0,1,100.0,11,.611,4.0,80.0,5.0,18,1,.500,2,11.111,Logos via Sports Logos.net / About logos,W,https://www.basketball-reference.com/boxscores/202212020GSW.html,Home,119,23:24,0,0.0,CHI,Zach LaVine,Coby White,6:43,Andre Drummond,5:28,,,,,,,,,35:50,DeMar DeRozan,35:45,Nikola Vučević,32:11,Alex Caruso,27:51,Goran Dragić,23:18,Javonte Green,22:44,Ayo Dosunmu,20:55,Patrick Williams,18:54,Derrick Jones Jr.,10:21,111,1,30,8.0,26.7,21.0,70.0,1.0,3.3,Jordan Poole,8,1,2022-2023,1.0,3,1.0,GSW,119,Klay Thompson,,,,,,,,,,,,,36:50,Draymond Green,35:53,Stephen Curry,33:23,Andrew Wiggins,30:04,Kevon Looney,27:17,Donte DiVincenzo,16:32,Anthony Lamb,15:30,Jonathan Kuminga,10:42,JaMychal Green,10:25
5,.625,8,57.143,5,2.50,101,0,2,100.0,8,.571,3.0,50.0,6.0,14,0,,0,0.000,Logos via Sports Logos.net / About logos,W,https://www.basketball-reference.com/boxscores/202212030GSW.html,Home,120,27:42,0,0.0,HOU,Kevin Porter Jr.,Josh Christopher,11:10,Bruno Fernando,10:47,,,,,,,,,32:24,Jalen Green,30:46,Tari Eason,29:08,KJ Martin,27:36,Jabari Smith Jr.,22:53,Alperen Sengun,20:07,Daishen Nix,19:32,Garrison Mathews,18:31,Usman Garuba,17:06,101,4,21,6.0,28.6,15.0,71.4,0.0,0.0,Jordan Poole,19,1,2022-2023,1.0,2,2.0,GSW,120,Stephen Curry,Ty Jerome,2:07,,,,,,,,,,,34:32,Andrew Wiggins,33:46,Draymond Green,31:45,Kevon Looney,27:13,Donte DiVincenzo,20:27,Jonathan Kuminga,17:35,Anthony Lamb,17:26,Moses Moody,17:00,JaMychal Green,10:27
2,.250,8,38.095,4,1.33,112,1,4,80.0,10,.476,8.0,61.5,13.0,21,1,1.000,1,4.762,Logos via Sports Logos.net / About logos,L,https://www.basketball-reference.com/boxscores/202212050GSW.html,Home,104,31:45,1,20.0,IND,Andrew Nembhard,,,,,,,,,,,,,41:18,Buddy Hield,40:06,Bennedict Mathurin,39:56,Oshae Brissett,31:31,Jalen Smith,28:02,Isaiah Jackson,19:19,Kendall Brown,17:59,Aaron Nesmith,15:07,Trevelin Queen,6:42,112,1,23,16.0,69.6,6.0,26.1,1.0,4.3,Jordan Poole,8,0,2022-2023,1.0,3,5.0,GSW,104,Stephen Curry,,,,,,,,,,,,,37:42,Klay Thompson,36:34,Draymond Green,33:58,Anthony Lamb,24:25,Jonathan Kuminga,23:28,Donte DiVincenzo,21:51,Kevon Looney,13:41,JaMychal Green,8:26,Moses Moody,8:10
4,.308,13,56.522,8,1.33,123,0,3,75.0,10,.435,6.0,60.0,10.0,23,12,.923,13,56.522,Logos via Sports Logos.net / About logos,L,https://www.basketball-reference.com/boxscores/202212070UTA.html,Away,124,36:49,1,25.0,UTA,Jordan Clarkson,Ochai Agbaji,0:24,,,,,,,,,,,37:24,Malik Beasley,34:29,Kelly Olynyk,30:20,Nickeil Alexander-Walker,28:53,Collin Sexton,26:34,Walker Kessler,23:59,Jarred Vanderbilt,23:37,Simone Fontecchio,19:33,Rudy Gay,14:47,124,1,36,12.0,33.3,12.0,33.3,12.0,33.3,Jordan Poole,1,0,2022-2023,0.0,6,4.0,GSW,123,Klay Thompson,,,,,,,,,,,,,35:42,Jonathan Kuminga,29:36,Kevon Looney,29:13,Donte DiVincenzo,28:11,Ty Jerome,23:35,Moses Moody,18:40,JaMychal Green,17:01,Anthony Lamb,16:11,James Wiseman,5:02
1,.111,9,56.250,4,2.00,107,1,3,100.0,5,.313,4.0,57.1,7.0,16,9,.900,10,62.500,Logos via Sports Logos.net / About logos,W,https://www.basketball-reference.com/boxscores/202212100GSW.html,Home,123,32:35,0,0.0,BOS,Jayson Tatum,Payton Pritchard,7:15,Justin Jackson,1:52,Noah Vonleh,1:52,,,,,,,39:45,Jaylen Brown,37:13,Marcus Smart,34:47,Grant Williams,31:26,Malcolm Brogdon,22:48,Derrick White,22:14,Blake Griffin,20:09,Sam Hauser,10:47,Luke Kornet,9:52,107,1,20,8.0,40.0,3.0,15.0,9.0,45.0,Jordan Poole,16,0,2022-2023,1.0,2,3.0,GSW,123,Stephen Curry,Ty Jerome,1:52,,,,,,,,,,,37:27,Draymond Green,35:55,Klay Thompson,35:46,Kevon Looney,26:30,Jonathan Kuminga,21:23,Donte DiVincenzo,17:29,Moses Moody,11:56,Anthony Lamb,10:19,JaMychal Green,8:48
3,.429,7,41.176,3,0.75,111,0,2,100.0,6,.353,3.0,30.0,10.0,17,3,1.000,3,17.647,Logos via Sports Logos.net / About logos,L,https://www.basketball-reference.com/boxscores/202212130MIL.html,Away,128,31:53,0,0.0,MIL,Bobby Portis,MarJon Beauchamp,4:58,Thanasis Antetokounmpo,2:53,A.J. Green,2:53,Jordan Nwora,2:53,,,,,32:02,Giannis Antetokounmpo,29:52,Khris Middleton,28:51,Brook Lopez,28:20,Jevon Carter,28:15,Grayson Allen,27:00,Pat Connaughton,19:14,George Hill,19:02,Wesley Matthews,13:47,128,2,18,6.0,33.3,9.0,50.0,3.0,16.7,Jordan Poole,17,0,2022-2023,0.0,4,2.0,GSW,111,Jonathan Kuminga,Patrick Baldwin Jr.,8:14,,,,,,,,,,,27:24,Stephen Curry,27:19,Klay Thompson,27:08,Donte DiVincenzo,26:58,Anthony Lamb,25:47,Draymond Green,23:06,Kevon Looney,18:45,JaMychal Green,13:02,Moses Moody,10:24
1,.143,7,31.818,5,1.25,119,0,3,60.0,8,.364,7.0,46.7,15.0,22,3,1.000,3,13.636,Logos via Sports Logos.net / About logos,L,https://www.basketball-reference.com/boxscores/202212140IND.html,Away,125,33:16,2,40.0,IND,Bennedict Mathurin,,,,,,,,,,,,,36:21,Buddy Hield,34:34,Tyrese Haliburton,34:21,Myles Turner,31:23,Andrew Nembhard,30:53,Oshae Brissett,20:16,Aaron Nesmith,19:31,Jalen Smith,16:37,T.J. McConnell,16:04,125,5,20,14.0,70.0,3.0,15.0,3.0,15.0,Jordan Poole,6,1,2022-2023,1.0,4,5.0,GSW,119,Donte DiVincenzo,,,,,,,,,,,,,37:48,Stephen Curry,29:33,Draymond Green,27:03,Jonathan Kuminga,24:22,Moses Moody,22:57,Kevon Looney,21:23,JaMychal Green,19:07,Ty Jerome,12:53,Anthony Lamb,11:38
4,.444,9,45.000,4,1.00,106,0,1,100.0,10,.500,6.0,54.5,11.0,20,5,.833,6,30.000,Logos via Sports Logos.net / About logos,L,https://www.basketball-reference.com/boxscores/202212160PHI.html,Away,118,36:51,0,0.0,PHI,De'Anthony Melton,Paul Reed,0:59,,,,,,,,,,,38:11,James Harden,36:30,Joel Embiid,35:57,Shake Milton,30:57,P.J. Tucker,26:35,Georges Niang,23:01,Matisse Thybulle,21:10,Danuel House Jr.,15:36,Montrezl Harrell,11:04,118,2,29,12.0,41.4,12.0,41.4,5.0,17.2,Jordan Poole,12,1,2022-2023,1.0,4,1.0,GSW,106,Klay Thompson,Ryan Rollins,1:20,Patrick Baldwin Jr.,1:20,,,,,,,,,35:00,Donte DiVincenzo,34:37,Jonathan Kuminga,28:43,Kevon Looney,26:14,Anthony Lamb,19:44,Ty Jerome,18:38,Moses Moody,15:47,James Wiseman,11:13,JaMychal Green,10:33
5,.455,11,47.826,6,1.50,126,0,1,100.0,14,.609,9.0,75.0,12.0,23,10,.909,11,47.826,Logos via Sports Logos.net / About logos,W,https://www.basketball-reference.com/boxscores/202212180TOR.html,Away,110,34:35,0,0.0,TOR,Malachi Flynn,Khem Birch,1:29,,,,,,,,,,,37:10,Pascal Siakam,36:58,Fred VanVleet,34:40,Scottie Barnes,31:35,Chris Boucher,24:43,Juancho Hernangómez,23:13,Christian Koloko,20:05,Thaddeus Young,17:20,Dalano Banton,12:47,110,4,43,18.0,41.9,15.0,34.9,10.0,23.3,Jordan Poole,16,1,2022-2023,1.0,4,1.0,GSW,126,Draymond Green,Patrick Baldwin Jr.,2:21,Ryan Rollins,2:21,James Wiseman,2:21,,,,,,,36:34,Klay Thompson,34:32,Donte DiVincenzo,32:34,Kevon Looney,28:10,Ty Jerome,17:56,JaMychal Green,17:22,Anthony Lamb,14:57,Moses Moody,10:51,Jonathan Kuminga,5:23
2,.250,8,44.444,1,0.25,94,0,2,100.0,8,.444,6.0,60.0,10.0,18,8,.889,9,50.000,Logos via Sports Logos.net / About logos,L,https://www.basketball-reference.com/boxscores/202212200NYK.html,Away,132,29:00,0,0.0,NYK,Quentin Grimes,Svi Mykhailiuk,6:08,Ryan Arcidiacono,3:29,,,,,,,,,31:40,RJ Barrett,31:07,Julius Randle,29:57,Jalen Brunson,29:40,Mitchell Robinson,28:59,Immanuel Quickley,22:34,Miles McBride,19:22,Isaiah Hartenstein,18:56,Jericho Sims,18:08,132,1,26,12.0,46.2,6.0,23.1,8.0,30.8,Jordan Poole,38,1,2022-2023,1.0,4,2.0,GSW,94,Moses Moody,Ryan Rollins,7:40,,,,,,,,,,,31:41,Jonathan Kuminga,26:52,Klay Thompson,26:26,Draymond Green,26:03,Ty Jerome,24:11,James Wiseman,22:05,Kevon Looney,20:50,Anthony Lamb,17:32,Patrick Baldwin Jr.,7:40
1,.091,11,64.706,2,0.29,113,0,1,100.0,4,.235,3.0,50.0,6.0,17,4,1.000,4,23.529,Logos via Sports Logos.net / About logos,L,https://www.basketball-reference.com/boxscores/202212210BRK.html,Away,143,26:11,0,0.0,BRK,Kevin Durant,Patty Mills,12:52,Markieff Morris,12:52,Cam Thomas,8:58,,,,,,,29:06,Royce O'Neale,26:50,Edmond Sumner,26:34,Nic Claxton,25:30,T.J. Warren,21:41,Yuta Watanabe,19:35,Joe Harris,18:51,Ben Simmons,18:38,Seth Curry,18:33,143,1,13,6.0,46.2,3.0,23.1,4.0,30.8,Jordan Poole,30,1,2022-2023,1.0,7,1.0,GSW,113,Moses Moody,,,,,,,,,,,,,30:55,Jonathan Kuminga,30:15,Anthony Lamb,29:02,James Wiseman,27:48,Ty Jerome,26:21,Patrick Baldwin Jr.,23:18,Draymond Green,23:16,Kevon Looney,16:55,Ryan Rollins,5:59
3,.300,10,40.000,2,0.40,109,0,3,100.0,11,.440,8.0,53.3,15.0,25,7,.875,8,32.000,Logos via Sports Logos.net / About logos,W,https://www.basketball-reference.com/boxscores/202212250GSW.html,Home,123,29:12,0,0.0,MEM,Ja Morant,Ziaire Williams,14:41,,,,,,,,,,,40:54,Dillon Brooks,30:15,Brandon Clarke,26:48,Desmond Bane,24:25,Steven Adams,21:12,Santi Aldama,20:47,Jaren Jackson Jr.,20:39,Tyus Jones,20:10,John Konchar,20:09,109,1,32,16.0,50.0,9.0,28.1,7.0,21.9,Jordan Poole,14,0,2022-2023,0.0,5,3.0,GSW,123,Klay Thompson,,,,,,,,,,,,,39:47,Draymond Green,35:13,Donte DiVincenzo,31:29,Kevon Looney,22:42,Ty Jerome,22:09,Moses Moody,17:21,Anthony Lamb,17:01,Jonathan Kuminga,16:49,James Wiseman,8:17
1,.143,7,35.000,6,2.00,105,0,2,100.0,9,.450,8.0,61.5,13.0,20,5,.833,6,30.000,Logos via Sports Logos.net / About logos,W,https://www.basketball-reference.com/boxscores/202212270GSW.html,Home,110,35:01,0,0.0,CHO,Gordon Hayward,,,,,,,,,,,,,36:47,LaMelo Ball,34:53,Terry Rozier,34:09,P.J. Washington,33:13,Mason Plumlee,29:20,Jalen McDaniels,25:55,Mark Williams,18:26,JT Thor,15:32,Théo Maledon,11:45,105,4,24,16.0,66.7,3.0,12.5,5.0,20.8,Jordan Poole,5,0,2022-2023,0.0,3,2.0,GSW,110,Klay Thompson,,,,,,,,,,,,,38:33,Draymond Green,34:42,Donte DiVincenzo,29:58,Jonathan Kuminga,22:34,Ty Jerome,20:06,Anthony Lamb,18:44,Kevon Looney,17:31,Moses Moody,13:07,James Wiseman,9:44
2,.200,10,45.455,1,0.17,107,0,3,100.0,7,.318,5.0,41.7,12.0,22,10,.833,12,54.545,Logos via Sports Logos.net / About logos,W,https://www.basketball-reference.com/boxscores/202212280GSW.html,Home,112,35:49,0,0.0,UTA,Lauri Markkanen,Nickeil Alexander-Walker,10:08,,,,,,,,,,,35:48,Jordan Clarkson,34:18,Mike Conley,32:19,Jarred Vanderbilt,27:32,Kelly Olynyk,25:33,Malik Beasley,22:46,Walker Kessler,20:09,Collin Sexton,16:15,Rudy Gay,15:12,107,4,26,10.0,38.5,6.0,23.1,10.0,38.5,Jordan Poole,5,0,2022-2023,0.0,6,3.0,GSW,112,Donte DiVincenzo,,,,,,,,,,,,,38:59,Draymond Green,29:50,Ty Jerome,29:41,Kevon Looney,26:04,Anthony Lamb,25:33,Jonathan Kuminga,21:08,Moses Moody,12:56,Patrick Baldwin Jr.,12:39,James Wiseman,7:21
5,.500,10,43.478,6,0.86,112,0,4,80.0,14,.609,9.0,69.2,13.0,23,8,.889,9,39.130,Logos via Sports Logos.net / About logos,W,https://www.basketball-reference.com/boxscores/202212300GSW.html,Home,118,36:10,1,20.0,POR,Damian Lillard,,,,,,,,,,,,,42:12,Josh Hart,41:03,Jerami Grant,40:52,Anfernee Simons,35:04,Drew Eubanks,31:45,Shaedon Sharpe,19:24,Trendon Watford,15:41,Jabari Walker,13:59,,,112,4,41,18.0,43.9,15.0,36.6,8.0,19.5,Jordan Poole,6,0,2022-2023,0.0,7,5.0,GSW,118,Klay Thompson,,,,,,,,,,,,,36:40,Donte DiVincenzo,34:22,Draymond Green,32:38,Jonathan Kuminga,26:19,Kevon Looney,25:51,Ty Jerome,20:49,Anthony Lamb,18:43,Moses Moody,8:28,,
2,.167,12,38.710,5,0.83,141,0,4,66.7,11,.355,9.0,47.4,19.0,31,4,.667,6,19.355,Logos via Sports Logos.net / About logos,W,https://www.basketball-reference.com/boxscores/202301020GSW.html,Home,143,45:23,2,33.3,ATL,Dejounte Murray,Jalen Johnson,0:27,,,,,,,,,,,50:42,Trae Young,43:31,Bogdan Bogdanović,43:15,John Collins,39:38,Onyeka Okongwu,38:26,De'Andre Hunter,38:06,Aaron Holiday,15:35,AJ Griffin,15:25,Justin Holiday,4:51,141,2,28,18.0,64.3,6.0,21.4,4.0,14.3,Jordan Poole,2,2,2022-2023,2.0,6,6.0,GSW,143,Klay Thompson,,,,,,,,,,,,,45:51,Draymond Green,44:35,Donte DiVincenzo,44:22,Anthony Lamb,32:53,Kevon Looney,32:25,Ty Jerome,21:56,Moses Moody,11:42,Patrick Baldwin Jr.,10:51,,
3,.300,10,45.455,6,2.00,122,0,4,80.0,9,.409,6.0,50.0,12.0,22,3,1.000,3,13.636,Logos via Sports Logos.net / About logos,L,https://www.basketball-reference.com/boxscores/202301040GSW.html,Home,119,33:58,1,20.0,DET,Killian Hayes,,,,,,,,,,,,,35:09,Bojan Bogdanović,33:14,Jalen Duren,31:49,Isaiah Stewart,30:40,Alec Burks,30:37,Saddiq Bey,28:46,Jaden Ivey,27:20,Hamidou Diallo,17:40,Rodney McGruder,4:45,122,2,24,12.0,50.0,9.0,37.5,3.0,12.5,Jordan Poole,3,0,2022-2023,0.0,3,5.0,GSW,119,Klay Thompson,,,,,,,,,,,,,34:04,Donte DiVincenzo,34:00,Draymond Green,30:05,Anthony Lamb,27:57,Kevon Looney,27:42,Ty Jerome,26:38,Moses Moody,15:06,Patrick Baldwin Jr.,10:30,,
2,.182,11,64.706,6,1.50,115,1,4,100.0,5,.294,3.0,50.0,6.0,17,9,.900,10,58.824,Logos via Sports Logos.net / About logos,L,https://www.basketball-reference.com/boxscores/202301070GSW.html,Home,101,38:10,0,0.0,ORL,Franz Wagner,Caleb Houstan,2:11,,,,,,,,,,,34:48,Paolo Banchero,31:18,Markelle Fultz,30:56,Wendell Carter Jr.,30:43,Cole Anthony,30:07,Gary Harris,23:49,Terrence Ross,23:04,Moritz Wagner,17:17,Jalen Suggs,15:47,115,1,21,6.0,28.6,6.0,28.6,9.0,42.9,Jordan Poole,14,0,2022-2023,1.0,4,4.0,GSW,101,Donte DiVincenzo,Ryan Rollins,2:11,,,,,,,,,,,35:22,Anthony Lamb,33:01,Draymond Green,32:31,Kevon Looney,25:38,Andrew Wiggins,19:05,Ty Jerome,18:24,Patrick Baldwin Jr.,14:32,Andre Iguodala,11:58,Moses Moody,9:08
4,.571,7,46.667,6,3.00,125,0,4,80.0,8,.533,4.0,50.0,8.0,15,7,.875,8,53.333,Logos via Sports Logos.net / About logos,L,https://www.basketball-reference.com/boxscores/202301100GSW.html,Home,113,33:30,1,20.0,PHO,Mikal Bridges,,,,,,,,,,,,,40:35,Torrey Craig,33:00,Damion Lee,30:32,Dario Šarić,30:21,Duane Washington Jr.,26:58,Josh Okogie,24:18,Jock Landale,22:40,Bismack Biyombo,17:18,Ish Wainright,14:18,125,4,27,8.0,29.6,12.0,44.4,7.0,25.9,Jordan Poole,12,1,2022-2023,1.0,2,5.0,GSW,113,Klay Thompson,,,,,,,,,,,,,34:46,Draymond Green,34:21,Stephen Curry,31:16,Andrew Wiggins,28:36,Kevon Looney,21:09,Donte DiVincenzo,17:59,Anthony Lamb,16:52,Andre Iguodala,12:32,Ty Jerome,8:59
2,.333,6,37.500,6,3.00,144,0,2,66.7,8,.500,6.0,60.0,10.0,16,7,.875,8,50.000,Logos via Sports Logos.net / About logos,W,https://www.basketball-reference.com/boxscores/202301130SAS.html,Away,113,31:15,1,33.3,SAS,Keldon Johnson,Stanley Johnson,10:12,Isaiah Roby,9:47,Keita Bates-Diop,6:47,Blake Wesley,6:47,,,,,30:57,Tre Jones,30:12,Jakob Poeltl,26:06,Jeremy Sochan,24:01,Doug McDermott,22:11,Malaki Branham,21:47,Josh Richardson,21:01,Romeo Langford,18:05,Zach Collins,12:07,113,4,25,12.0,48.0,6.0,24.0,7.0,28.0,Jordan Poole,31,1,2022-2023,1.0,2,3.0,GSW,144,Draymond Green,,,,,,,,,,,,,28:58,Andrew Wiggins,27:29,Donte DiVincenzo,25:17,Anthony Lamb,24:16,Stephen Curry,23:07,Klay Thompson,22:40,Kevon Looney,20:59,Moses Moody,18:03,Andre Iguodala,17:56
1,.250,4,50.000,3,0.75,118,0,2,100.0,5,.625,4.0,100.0,4.0,8,4,1.000,4,50.000,Logos via Sports Logos.net / About logos,L,https://www.basketball-reference.com/boxscores/202301150CHI.html,Away,132,26:05,0,0.0,CHI,Zach LaVine,,,,,,,,,,,,,40:22,Ayo Dosunmu,40:22,Nikola Vučević,39:01,Patrick Williams,31:34,Alex Caruso,30:54,Coby White,25:57,Derrick Jones Jr.,21:43,Goran Dragić,9:26,Dalen Terry,0:38,132,4,15,8.0,53.3,3.0,20.0,4.0,26.7,Jordan Poole,14,2,2022-2023,2.0,4,2.0,GSW,118,Stephen Curry,Patrick Baldwin Jr.,1:57,,,,,,,,,,,34:29,Klay Thompson,33:01,Draymond Green,30:11,Andrew Wiggins,28:52,Kevon Looney,26:14,Donte DiVincenzo,25:52,Anthony Lamb,23:19,Moses Moody,6:03,Ty Jerome,3:56
7,.538,13,65.000,3,0.75,127,1,7,100.0,12,.600,5.0,71.4,7.0,20,1,1.000,1,5.000,Logos via Sports Logos.net / About logos,W,https://www.basketball-reference.com/boxscores/202301160WAS.html,Away,118,36:40,0,0.0,WAS,Kyle Kuzma,,,,,,,,,,,,,40:06,Kristaps Porziņģis,36:39,Monte Morris,31:16,Delon Wright,27:42,Corey Kispert,27:39,Rui Hachimura,26:15,Daniel Gafford,22:01,Jordan Goodwin,14:24,Deni Avdija,13:58,118,3,32,10.0,31.2,21.0,65.6,1.0,3.1,Jordan Poole,9,2,2022-2023,3.0,4,7.0,GSW,127,Stephen Curry,,,,,,,,,,,,,37:50,Draymond Green,35:12,Andrew Wiggins,31:45,Kevon Looney,27:06,Donte DiVincenzo,27:00,Anthony Lamb,24:49,Ty Jerome,14:15,Moses Moody,5:23,,
2,.200,10,40.000,4,2.00,118,0,6,100.0,10,.400,8.0,53.3,15.0,25,2,1.000,2,8.000,Logos via Sports Logos.net / About logos,L,https://www.basketball-reference.com/boxscores/202301190BOS.html,Away,121,43:20,0,0.0,BOS,Jayson Tatum,,,,,,,,,,,,,48:07,Jaylen Brown,41:26,Marcus Smart,37:35,Al Horford,37:15,Malcolm Brogdon,35:46,Robert Williams,27:04,Derrick White,17:28,Grant Williams,12:49,Luke Kornet,7:30,121,4,24,16.0,66.7,6.0,25.0,2.0,8.3,Jordan Poole,3,3,2022-2023,3.0,2,6.0,GSW,118,Stephen Curry,,,,,,,,,,,,,43:05,Andrew Wiggins,39:46,Draymond Green,37:09,Klay Thompson,36:03,Donte DiVincenzo,27:36,Kevon Looney,20:05,Anthony Lamb,17:56,,,,
5,.417,12,52.174,2,0.40,120,0,2,66.7,10,.435,5.0,45.5,11.0,23,7,.875,8,34.783,Logos via Sports Logos.net / About logos,W,https://www.basketball-reference.com/boxscores/202301200CLE.html,Away,114,40:35,1,33.3,CLE,Darius Garland,,,,,,,,,,,,,40:07,Evan Mobley,36:49,Jarrett Allen,31:14,Caris LeVert,31:08,Cedi Osman,25:02,Isaac Okoro,21:38,Kevin Love,20:40,Raul Neto,17:04,Lamar Stevens,16:18,114,5,32,10.0,31.2,15.0,46.9,7.0,21.9,Jordan Poole,6,1,2022-2023,1.0,5,3.0,GSW,120,Ty Jerome,,,,,,,,,,,,,41:06,Donte DiVincenzo,35:24,Kevon Looney,31:45,Jonathan Kuminga,26:38,Anthony Lamb,24:34,JaMychal Green,16:15,Moses Moody,14:15,Patrick Baldwin Jr.,9:27,,
3,.500,6,54.545,3,1.50,120,1,2,50.0,5,.455,2.0,40.0,5.0,11,4,1.000,4,36.364,Logos via Sports Logos.net / About logos,L,https://www.basketball-reference.com/boxscores/202301220GSW.html,Home,116,29:29,2,50.0,BRK,Kyrie Irving,,,,,,,,,,,,,40:45,Royce O'Neale,39:11,Nic Claxton,36:13,Joe Harris,31:12,Seth Curry,31:07,Ben Simmons,29:21,T.J. Warren,11:05,Edmond Sumner,10:46,Yuta Watanabe,10:18,120,4,17,4.0,23.5,9.0,52.9,4.0,23.5,Jordan Poole,4,4,2022-2023,5.0,2,4.0,GSW,116,Stephen Curry,,,,,,,,,,,,,37:35,Klay Thompson,33:46,Draymond Green,32:46,Donte DiVincenzo,26:56,Andrew Wiggins,26:47,Jonathan Kuminga,24:36,Kevon Looney,19:31,Ty Jerome,8:31,,
2,.333,6,42.857,7,2.33,120,0,4,80.0,8,.571,6.0,75.0,8.0,14,3,.750,4,28.571,Logos via Sports Logos.net / About logos,W,https://www.basketball-reference.com/boxscores/202301250GSW.html,Home,122,30:37,1,20.0,MEM,Ja Morant,David Roddy,3:05,,,,,,,,,,,35:26,Desmond Bane,34:07,Brandon Clarke,32:01,Dillon Brooks,30:49,Jaren Jackson Jr.,27:52,Ziaire Williams,23:39,Santi Aldama,20:33,Tyus Jones,19:00,Xavier Tillman Sr.,13:28,120,5,21,12.0,57.1,6.0,28.6,3.0,14.3,Jordan Poole,2,1,2022-2023,1.0,3,5.0,GSW,122,Stephen Curry,,,,,,,,,,,,,34:47,Donte DiVincenzo,34:20,Klay Thompson,34:07,Draymond Green,32:08,Jonathan Kuminga,23:44,Kevon Looney,20:26,Anthony Lamb,19:24,JaMychal Green,10:27,,
1,.333,3,37.500,2,0.67,117,0,2,100.0,4,.500,3.0,60.0,5.0,8,0,,0,0.000,Logos via Sports Logos.net / About logos,W,https://www.basketball-reference.com/boxscores/202301270GSW.html,Home,129,24:24,0,0.0,TOR,Fred VanVleet,,,,,,,,,,,,,40:18,Pascal Siakam,39:49,Gary Trent Jr.,36:43,Scottie Barnes,36:33,Precious Achiuwa,36:27,Chris Boucher,19:22,Juancho Hernangómez,11:17,OG Anunoby,10:00,Thaddeus Young,9:31,117,4,9,6.0,66.7,3.0,33.3,0.0,0.0,Jordan Poole,12,0,2022-2023,0.0,3,2.0,GSW,129,Stephen Curry,,,,,,,,,,,,,38:47,Klay Thompson,37:52,Donte DiVincenzo,33:10,Draymond Green,32:44,Kevon Looney,23:45,Jonathan Kuminga,23:15,JaMychal Green,15:32,Anthony Lamb,10:31,,
2,.333,6,50.000,4,2.00,128,0,0,,4,.333,2.0,33.3,6.0,12,5,.625,8,66.667,Logos via Sports Logos.net / About logos,W,https://www.basketball-reference.com/boxscores/202301300OKC.html,Away,120,30:54,0,,OKC,Shai Gilgeous-Alexander,Darius Bazley,9:56,Ousmane Dieng,6:58,,,,,,,,,36:31,Kenrich Williams,33:09,Jalen Williams,30:58,Josh Giddey,29:22,Isaiah Joe,25:26,Aaron Wiggins,22:47,Jaylin Williams,17:48,Mike Muscala,14:04,Tre Mann,12:57,120,1,15,4.0,26.7,6.0,40.0,5.0,33.3,Jordan Poole,8,2,2022-2023,2.0,2,0.0,GSW,128,Klay Thompson,,,,,,,,,,,,,36:49,Stephen Curry,36:36,Andrew Wiggins,32:15,Draymond Green,31:23,Donte DiVincenzo,26:10,Kevon Looney,22:31,Jonathan Kuminga,12:06,Anthony Lamb,11:12,,
1,.200,5,38.462,5,2.50,114,0,6,85.7,4,.308,3.0,37.5,8.0,13,9,.900,10,76.923,Logos via Sports Logos.net / About logos,L,https://www.basketball-reference.com/boxscores/202302010MIN.html,Away,119,31:39,1,14.3,MIN,Kyle Anderson,,,,,,,,,,,,,39:18,Anthony Edwards,39:11,Jaden McDaniels,38:21,Naz Reid,35:20,D'Angelo Russell,34:41,Austin Rivers,27:32,Taurean Prince,20:54,Jaylen Nowell,16:31,Luka Garza,13:12,119,3,18,6.0,33.3,3.0,16.7,9.0,50.0,Jordan Poole,5,0,2022-2023,0.0,2,7.0,GSW,114,Stephen Curry,,,,,,,,,,,,,42:22,Klay Thompson,40:27,Draymond Green,39:28,Andrew Wiggins,35:07,Kevon Looney,28:42,Donte DiVincenzo,24:51,Jonathan Kuminga,14:57,Anthony Lamb,7:27,,
4,.500,8,53.333,5,2.50,117,0,3,100.0,8,.533,4.0,57.1,7.0,15,2,.667,3,20.000,Logos via Sports Logos.net / About logos,L,https://www.basketball-reference.com/boxscores/202302020DEN.html,Away,134,26:21,0,0.0,DEN,Nikola Jokić,Davon Reed,1:26,Ish Smith,1:26,Peyton Watson,1:26,,,,,,,32:42,Vlatko Čančar,32:19,Kentavious Caldwell-Pope,32:11,Bruce Brown,30:54,Jamal Murray,30:17,Michael Porter Jr.,27:24,Christian Braun,18:56,Zeke Nnaji,17:09,Jeff Green,13:50,134,4,22,8.0,36.4,12.0,54.5,2.0,9.1,Jordan Poole,17,1,2022-2023,1.0,2,3.0,GSW,117,Stephen Curry,,,,,,,,,,,,,33:11,Jonathan Kuminga,32:13,Andrew Wiggins,31:18,Ty Jerome,23:34,Kevon Looney,23:32,Donte DiVincenzo,21:53,James Wiseman,16:35,Moses Moody,15:52,JaMychal Green,15:31
1,.333,3,50.000,1,0.25,113,0,3,100.0,1,.167,0.0,0.0,3.0,6,0,,0,0.000,Logos via Sports Logos.net / About logos,W,https://www.basketball-reference.com/boxscores/202302040GSW.html,Home,119,26:45,0,0.0,DAL,Reggie Bullock,Theo Pinson,6:58,Frank Ntilikina,1:46,,,,,,,,,35:12,Tim Hardaway Jr.,35:04,Dorian Finney-Smith,33:41,Spencer Dinwiddie,32:37,Dwight Powell,29:51,Josh Green,26:41,McKinley Wright IV,13:37,Jaden Hardy,13:24,A.J. Lawson,11:09,113,3,3,0.0,0.0,3.0,100.0,0.0,0.0,Jordan Poole,6,0,2022-2023,0.0,4,3.0,GSW,119,Draymond Green,,,,,,,,,,,,,32:20,Klay Thompson,30:38,Andrew Wiggins,28:34,Stephen Curry,25:33,Donte DiVincenzo,23:56,Jonathan Kuminga,19:54,Kevon Looney,19:02,Ty Jerome,17:41,JaMychal Green,15:37
5,.500,10,71.429,12,3.00,114,0,3,75.0,8,.571,3.0,75.0,4.0,14,0,,0,0.000,Logos via Sports Logos.net / About logos,W,https://www.basketball-reference.com/boxscores/202302060GSW.html,Home,141,29:18,1,25.0,OKC,Shai Gilgeous-Alexander,Mike Muscala,15:12,Darius Bazley,8:47,Eugene Omoruyi,8:47,,,,,,,29:09,Josh Giddey,28:47,Jalen Williams,25:24,Aaron Wiggins,25:14,Tre Mann,25:13,Jaylin Williams,20:38,Kenrich Williams,19:06,Isaiah Joe,18:20,Lindy Waters III,15:23,114,3,21,6.0,28.6,15.0,71.4,0.0,0.0,Jordan Poole,27,0,2022-2023,0.0,4,4.0,GSW,141,Klay Thompson,James Wiseman,4:41,,,,,,,,,,,33:14,Andrew Wiggins,31:56,Draymond Green,27:55,Donte DiVincenzo,27:45,Jonathan Kuminga,22:50,Kevon Looney,21:33,Ty Jerome,18:42,JaMychal Green,11:31,Moses Moody,10:35
7,.583,12,48.000,7,3.50,122,0,0,0.0,13,.520,6.0,46.2,13.0,25,5,1.000,5,20.000,Logos via Sports Logos.net / About logos,L,https://www.basketball-reference.com/boxscores/202302080POR.html,Away,125,34:53,1,100.0,POR,Jerami Grant,,,,,,,,,,,,,40:14,Damian Lillard,39:39,Anfernee Simons,35:50,Trendon Watford,31:11,Nassir Little,25:46,Gary Payton II,22:14,Shaedon Sharpe,21:31,Drew Eubanks,16:49,Jabari Walker,6:45,125,2,38,12.0,31.6,21.0,55.3,5.0,13.2,Jordan Poole,3,0,2022-2023,0.0,2,1.0,GSW,122,Klay Thompson,,,,,,,,,,,,,37:53,Andrew Wiggins,36:57,Draymond Green,34:30,Donte DiVincenzo,30:20,Jonathan Kuminga,22:18,Ty Jerome,18:06,Kevon Looney,14:13,JaMychal Green,10:50,,
3,.300,10,40.000,6,2.00,109,2,5,100.0,11,.440,8.0,53.3,15.0,25,4,1.000,4,16.000,Logos via Sports Logos.net / About logos,L,https://www.basketball-reference.com/boxscores/202302110GSW.html,Home,103,37:15,0,0.0,LAL,Anthony Davis,Wenyen Gabriel,12:09,,,,,,,,,,,35:44,D'Angelo Russell,35:13,Rui Hachimura,31:06,Dennis Schröder,30:03,Austin Reaves,26:16,Troy Brown Jr.,21:38,Jarred Vanderbilt,16:54,Malik Beasley,16:17,Lonnie Walker IV,14:40,109,4,29,16.0,55.2,9.0,31.0,4.0,13.8,Jordan Poole,6,1,2022-2023,3.0,3,5.0,GSW,103,Klay Thompson,,,,,,,,,,,,,35:46,Draymond Green,33:54,Andrew Wiggins,30:59,Donte DiVincenzo,25:41,Kevon Looney,22:57,JaMychal Green,19:04,Ty Jerome,18:22,Jonathan Kuminga,13:42,Moses Moody,2:20
3,.500,6,54.545,4,1.00,126,0,3,75.0,4,.364,1.0,20.0,5.0,11,3,.600,5,45.455,Logos via Sports Logos.net / About logos,W,https://www.basketball-reference.com/boxscores/202302130GSW.html,Home,135,29:37,1,25.0,WAS,Kristaps Porziņģis,Quenton Jackson,2:55,,,,,,,,,,,35:50,Bradley Beal,34:36,Kendrick Nunn,29:00,Monte Morris,28:34,Daniel Gafford,28:15,Deni Avdija,27:13,Corey Kispert,21:43,Delon Wright,19:26,Anthony Gill,12:25,126,4,14,2.0,14.3,9.0,64.3,3.0,21.4,Jordan Poole,9,0,2022-2023,0.0,4,4.0,GSW,135,Andrew Wiggins,,,,,,,,,,,,,38:53,Klay Thompson,35:56,Kevon Looney,30:38,Donte DiVincenzo,25:20,Draymond Green,23:59,Ty Jerome,18:23,JaMychal Green,15:54,Jonathan Kuminga,13:03,Moses Moody,8:15
3,.300,10,50.000,6,,124,0,2,100.0,10,.500,7.0,70.0,10.0,20,5,.833,6,30.000,Logos via Sports Logos.net / About logos,L,https://www.basketball-reference.com/boxscores/202302140LAC.html,Away,134,32:45,0,0.0,LAC,Kawhi Leonard,Nicolas Batum,8:21,Brandon Boston Jr.,2:28,Amir Coffey,2:28,Moussa Diabaté,2:28,,,,,34:26,Paul George,31:32,Ivica Zubac,28:10,Terance Mann,26:54,Norman Powell,25:09,Marcus Morris,23:27,Eric Gordon,21:35,Mason Plumlee,17:11,Bones Hyland,15:51,134,4,28,14.0,50.0,9.0,32.1,5.0,17.9,Jordan Poole,10,0,2022-2023,0.0,0,2.0,GSW,124,Draymond Green,Patrick Baldwin Jr.,2:28,,,,,,,,,,,33:10,Donte DiVincenzo,29:15,Klay Thompson,28:28,Kevon Looney,27:03,Anthony Lamb,25:29,Jonathan Kuminga,22:02,Ty Jerome,16:31,Moses Moody,13:21,JaMychal Green,9:28
2,.286,7,53.846,4,2.00,111,0,1,100.0,3,.231,1.0,16.7,6.0,13,8,.889,9,69.231,Logos via Sports Logos.net / About logos,L,https://www.basketball-reference.com/boxscores/202302230LAL.html,Away,124,29:00,0,0.0,LAL,Dennis Schröder,D'Angelo Russell,8:48,Lonnie Walker IV,8:06,Davon Reed,8:06,Wenyen Gabriel,6:59,,,,,27:22,LeBron James,26:19,Malik Beasley,25:56,Anthony Davis,25:31,Rui Hachimura,25:29,Mo Bamba,22:29,Austin Reaves,18:49,Jarred Vanderbilt,18:14,Troy Brown Jr.,17:52,124,3,16,2.0,12.5,6.0,37.5,8.0,50.0,Jordan Poole,13,2,2022-2023,2.0,2,1.0,GSW,111,Ty Jerome,Moses Moody,10:01,,,,,,,,,,,29:55,Klay Thompson,26:40,Jonathan Kuminga,24:58,Draymond Green,24:45,Anthony Lamb,24:28,Donte DiVincenzo,24:01,Kevon Looney,19:55,JaMychal Green,16:16,Patrick Baldwin Jr.,10:01
2,.250,8,61.538,8,8.00,101,0,2,100.0,5,.385,3.0,60.0,5.0,13,3,1.000,3,23.077,Logos via Sports Logos.net / About logos,W,https://www.basketball-reference.com/boxscores/202302240GSW.html,Home,116,30:58,0,0.0,HOU,KJ Martin,Frank Kaminsky,4:08,Darius Days,1:41,Trevor Hudgins,1:41,,,,,,,35:40,Jabari Smith Jr.,34:04,TyTy Washington Jr.,33:39,Jae'Sean Tate,28:28,Alperen Sengun,24:08,Daishen Nix,23:35,Tari Eason,22:42,Josh Christopher,17:32,Usman Garuba,12:42,101,2,15,6.0,40.0,6.0,40.0,3.0,20.0,Jordan Poole,15,0,2022-2023,0.0,1,2.0,GSW,116,Klay Thompson,,,,,,,,,,,,,35:32,Donte DiVincenzo,35:14,Kevon Looney,25:30,Jonathan Kuminga,24:13,Ty Jerome,24:09,Anthony Lamb,20:09,JaMychal Green,15:42,Patrick Baldwin Jr.,15:40,Moses Moody,12:53
1,.125,8,40.000,4,1.00,104,1,2,66.7,5,.250,4.0,33.3,12.0,20,4,.800,5,25.000,Logos via Sports Logos.net / About logos,W,https://www.basketball-reference.com/boxscores/202302260GSW.html,Home,109,34:42,1,33.3,MIN,Anthony Edwards,Luka Garza,3:43,,,,,,,,,,,38:32,Naz Reid,36:11,Mike Conley,33:50,Jaden McDaniels,32:54,Kyle Anderson,30:22,Austin Rivers,21:19,Nickeil Alexander-Walker,20:53,Jordan McLaughlin,14:30,Nathan Knight,7:46,104,4,15,8.0,53.3,3.0,20.0,4.0,26.7,Jordan Poole,5,2,2022-2023,3.0,4,3.0,GSW,109,Donte DiVincenzo,,,,,,,,,,,,,38:10,Klay Thompson,32:58,Kevon Looney,31:45,Jonathan Kuminga,27:18,Anthony Lamb,24:34,Ty Jerome,21:24,Patrick Baldwin Jr.,12:51,JaMychal Green,12:00,Moses Moody,4:18
3,.300,10,41.667,6,1.50,105,0,5,100.0,10,.417,7.0,50.0,14.0,24,6,.857,7,29.167,Logos via Sports Logos.net / About logos,W,https://www.basketball-reference.com/boxscores/202302280GSW.html,Home,123,32:37,0,0.0,POR,Jerami Grant,Kevin Knox,3:23,Jabari Walker,3:23,,,,,,,,,36:57,Damian Lillard,35:10,Shaedon Sharpe,30:39,Cam Reddish,29:23,Drew Eubanks,25:13,Matisse Thybulle,25:01,Trendon Watford,22:47,Nassir Little,15:14,Keon Johnson,12:50,105,3,29,14.0,48.3,9.0,31.0,6.0,20.7,Jordan Poole,18,0,2022-2023,0.0,4,5.0,GSW,123,Klay Thompson,Moses Moody,2:39,,,,,,,,,,,34:45,Donte DiVincenzo,32:43,Draymond Green,32:10,Anthony Lamb,28:19,Jonathan Kuminga,25:02,Kevon Looney,23:26,Ty Jerome,16:56,Patrick Baldwin Jr.,6:46,JaMychal Green,4:37
5,.417,12,60.000,3,1.00,91,0,2,50.0,9,.450,4.0,50.0,8.0,20,11,.917,12,60.000,Logos via Sports Logos.net / About logos,W,https://www.basketball-reference.com/boxscores/202303020GSW.html,Home,115,31:30,2,50.0,LAC,Eric Gordon,Robert Covington,7:28,Amir Coffey,7:28,,,,,,,,,33:36,Kawhi Leonard,31:53,Mason Plumlee,29:02,Russell Westbrook,27:41,Paul George,26:33,Terance Mann,23:51,Norman Powell,20:34,Nicolas Batum,19:36,Bones Hyland,12:18,91,1,34,8.0,23.5,15.0,44.1,11.0,32.4,Jordan Poole,24,2,2022-2023,2.0,3,4.0,GSW,115,Donte DiVincenzo,JaMychal Green,4:38,,,,,,,,,,,31:24,Klay Thompson,29:47,Draymond Green,29:03,Jonathan Kuminga,28:40,Anthony Lamb,26:37,Kevon Looney,24:47,Ty Jerome,19:38,Patrick Baldwin Jr.,8:40,Moses Moody,5:04
0,.000,5,38.462,7,2.33,99,0,2,100.0,3,.231,3.0,37.5,8.0,13,12,1.000,12,92.308,Logos via Sports Logos.net / About logos,W,https://www.basketball-reference.com/boxscores/202303030GSW.html,Home,108,33:54,0,0.0,NOP,CJ McCollum,,,,,,,,,,,,,40:14,Trey Murphy III,37:48,Brandon Ingram,37:36,Herbert Jones,35:40,Naji Marshall,29:18,Jaxson Hayes,21:04,Willy Hernangómez,15:23,Dyson Daniels,13:15,Kira Lewis Jr.,9:42,99,2,18,6.0,33.3,0.0,0.0,12.0,66.7,Jordan Poole,9,1,2022-2023,1.0,3,2.0,GSW,108,Klay Thompson,,,,,,,,,,,,,33:38,Jonathan Kuminga,32:03,Donte DiVincenzo,31:54,Kevon Looney,24:22,Draymond Green,23:37,Ty Jerome,22:13,Anthony Lamb,17:03,JaMychal Green,15:23,Moses Moody,5:53
3,.300,10,90.909,4,2.00,105,0,2,66.7,3,.273,0.0,0.0,1.0,11,1,.500,2,18.182,Logos via Sports Logos.net / About logos,L,https://www.basketball-reference.com/boxscores/202303050LAL.html,Away,113,28:19,1,33.3,LAL,Troy Brown Jr.,Mo Bamba,2:03,,,,,,,,,,,41:11,Anthony Davis,37:35,Dennis Schröder,33:16,Malik Beasley,30:50,Austin Reaves,27:39,Jarred Vanderbilt,23:39,Rui Hachimura,20:01,Lonnie Walker IV,15:24,Wenyen Gabriel,8:22,113,1,10,0.0,0.0,9.0,90.0,1.0,10.0,Jordan Poole,8,0,2022-2023,0.0,2,3.0,GSW,105,Donte DiVincenzo,,,,,,,,,,,,,37:01,Klay Thompson,32:07,Stephen Curry,32:02,Draymond Green,31:03,Anthony Lamb,27:08,Kevon Looney,20:24,Andre Iguodala,14:28,Jonathan Kuminga,13:02,JaMychal Green,4:26
1,.143,7,58.333,3,,128,1,3,100.0,4,.333,3.0,60.0,5.0,12,2,1.000,2,16.667,Logos via Sports Logos.net / About logos,L,https://www.basketball-reference.com/boxscores/202303070OKC.html,Away,137,31:30,0,0.0,OKC,Josh Giddey,,,,,,,,,,,,,37:57,Shai Gilgeous-Alexander,36:05,Luguentz Dort,36:01,Aaron Wiggins,33:03,Isaiah Joe,29:39,Jaylin Williams,27:05,Ousmane Dieng,19:08,Dario Šarić,15:03,Lindy Waters III,5:59,137,2,11,6.0,54.5,3.0,27.3,2.0,18.2,Jordan Poole,9,0,2022-2023,1.0,0,3.0,GSW,128,Klay Thompson,,,,,,,,,,,,,39:40,Stephen Curry,35:28,Donte DiVincenzo,33:12,Draymond Green,32:43,Jonathan Kuminga,27:46,JaMychal Green,12:56,Andre Iguodala,11:32,Kevon Looney,11:03,Patrick Baldwin Jr.,4:10
2,.400,5,50.000,4,1.00,110,0,2,66.7,5,.500,3.0,60.0,5.0,10,10,1.000,10,100.000,Logos via Sports Logos.net / About logos,L,https://www.basketball-reference.com/boxscores/202303090MEM.html,Away,131,34:10,1,33.3,MEM,Dillon Brooks,Ziaire Williams,6:42,Kenneth Lofton Jr.,1:43,Kennedy Chandler,1:43,,,,,,,34:30,Tyus Jones,33:12,Jaren Jackson Jr.,32:16,Desmond Bane,31:50,Santi Aldama,29:33,Xavier Tillman Sr.,22:15,John Konchar,22:12,Luke Kennard,17:21,David Roddy,6:43,131,1,22,6.0,27.3,6.0,27.3,10.0,45.5,Jordan Poole,21,1,2022-2023,1.0,4,3.0,GSW,110,Stephen Curry,,,,,,,,,,,,,34:24,Draymond Green,30:13,Klay Thompson,27:46,Ty Jerome,23:14,Donte DiVincenzo,21:24,Kevon Looney,18:59,JaMychal Green,17:52,Andre Iguodala,17:39,Patrick Baldwin Jr.,14:19
2,.400,5,38.462,4,1.00,116,0,1,50.0,4,.308,2.0,25.0,8.0,13,3,1.000,3,23.077,Logos via Sports Logos.net / About logos,W,https://www.basketball-reference.com/boxscores/202303110GSW.html,Home,125,25:00,1,50.0,MIL,Jrue Holiday,,,,,,,,,,,,,39:04,Brook Lopez,38:14,Khris Middleton,33:48,Joe Ingles,32:00,Bobby Portis,31:40,Grayson Allen,31:14,Pat Connaughton,23:24,Jevon Carter,20:50,Jae Crowder,14:46,116,1,13,4.0,30.8,6.0,46.2,3.0,23.1,Jordan Poole,9,1,2022-2023,1.0,4,2.0,GSW,125,Stephen Curry,,,,,,,,,,,,,43:24,Donte DiVincenzo,37:14,Kevon Looney,36:00,Draymond Green,35:55,Klay Thompson,32:51,JaMychal Green,23:12,Ty Jerome,14:28,Andre Iguodala,10:29,Moses Moody,6:27
4,.500,8,50.000,6,2.00,112,0,1,100.0,8,.500,4.0,50.0,8.0,16,0,.000,1,6.250,Logos via Sports Logos.net / About logos,W,https://www.basketball-reference.com/boxscores/202303130GSW.html,Home,123,30:51,0,0.0,PHO,Devin Booker,Bismack Biyombo,9:41,Jock Landale,2:51,T.J. Warren,2:51,,,,,,,35:15,Deandre Ayton,35:05,Josh Okogie,32:03,Chris Paul,30:28,Torrey Craig,28:23,Damion Lee,17:41,Cameron Payne,17:32,Terrence Ross,15:16,Ish Wainright,12:54,112,3,20,8.0,40.0,12.0,60.0,0.0,0.0,Jordan Poole,11,0,2022-2023,0.0,3,1.0,GSW,123,Klay Thompson,,,,,,,,,,,,,33:35,Stephen Curry,33:28,Donte DiVincenzo,31:00,Draymond Green,30:01,Kevon Looney,26:36,JaMychal Green,21:07,Andre Iguodala,16:02,Moses Moody,14:57,Patrick Baldwin Jr.,2:23
3,.600,5,45.455,5,1.25,126,0,1,100.0,6,.545,3.0,50.0,6.0,11,4,.800,5,45.455,Logos via Sports Logos.net / About logos,L,https://www.basketball-reference.com/boxscores/202303150LAC.html,Away,134,24:58,0,0.0,LAC,Paul George,Amir Coffey,1:06,,,,,,,,,,,40:21,Kawhi Leonard,36:09,Ivica Zubac,30:26,Eric Gordon,27:57,Russell Westbrook,27:05,Terance Mann,25:13,Nicolas Batum,19:57,Mason Plumlee,17:12,Marcus Morris,14:34,134,3,19,6.0,31.6,9.0,47.4,4.0,21.1,Jordan Poole,8,0,2022-2023,0.0,4,1.0,GSW,126,Stephen Curry,,,,,,,,,,,,,38:32,Klay Thompson,37:14,Draymond Green,35:08,Donte DiVincenzo,32:52,Kevon Looney,25:21,Jonathan Kuminga,18:32,JaMychal Green,15:31,Moses Moody,10:24,Patrick Baldwin Jr.,1:28
2,.250,8,66.667,4,1.33,119,0,2,100.0,4,.333,2.0,50.0,4.0,12,2,1.000,2,16.667,Logos via Sports Logos.net / About logos,L,https://www.basketball-reference.com/boxscores/202303170ATL.html,Away,127,23:38,0,0.0,ATL,Dejounte Murray,,,,,,,,,,,,,36:30,Trae Young,32:18,John Collins,28:47,De'Andre Hunter,27:24,Bogdan Bogdanović,25:35,Onyeka Okongwu,23:55,Clint Capela,22:23,Saddiq Bey,22:18,AJ Griffin,20:50,127,3,12,4.0,33.3,6.0,50.0,2.0,16.7,Jordan Poole,8,1,2022-2023,1.0,3,2.0,GSW,119,Stephen Curry,,,,,,,,,,,,,37:18,Donte DiVincenzo,35:49,Klay Thompson,35:18,Kevon Looney,34:06,Jonathan Kuminga,25:53,Anthony Lamb,21:22,JaMychal Green,13:54,Moses Moody,12:42,,
2,.667,3,25.000,3,0.75,119,1,1,100.0,5,.417,3.0,33.3,9.0,12,9,1.000,9,75.000,Logos via Sports Logos.net / About logos,L,https://www.basketball-reference.com/boxscores/202303180MEM.html,Away,133,29:36,0,0.0,MEM,Desmond Bane,Kenneth Lofton Jr.,3:00,Kennedy Chandler,3:00,Jake LaRavia,3:00,,,,,,,34:07,Xavier Tillman Sr.,32:29,Tyus Jones,30:12,Jaren Jackson Jr.,29:09,Dillon Brooks,29:01,Luke Kennard,22:52,David Roddy,20:03,Santi Aldama,18:03,John Konchar,15:04,133,5,21,6.0,28.6,6.0,28.6,9.0,42.9,Jordan Poole,14,0,2022-2023,1.0,4,1.0,GSW,119,Klay Thompson,Patrick Baldwin Jr.,4:17,,,,,,,,,,,32:06,Draymond Green,30:28,Jonathan Kuminga,30:08,Stephen Curry,30:03,Donte DiVincenzo,22:30,Kevon Looney,20:23,Anthony Lamb,18:01,Moses Moody,11:59,JaMychal Green,10:29
1,.167,6,75.000,8,4.00,121,1,2,100.0,1,.125,0.0,0.0,2.0,8,2,1.000,2,25.000,Logos via Sports Logos.net / About logos,W,https://www.basketball-reference.com/boxscores/202303200HOU.html,Away,108,26:22,0,0.0,HOU,Jalen Green,,,,,,,,,,,,,40:57,Jabari Smith Jr.,38:56,Kevin Porter Jr.,38:16,KJ Martin,32:32,Tari Eason,30:59,Josh Christopher,22:17,Usman Garuba,18:59,Daishen Nix,17:04,,,108,0,5,0.0,0.0,3.0,60.0,2.0,40.0,Jordan Poole,13,1,2022-2023,2.0,2,2.0,GSW,121,Klay Thompson,,,,,,,,,,,,,37:10,Stephen Curry,36:06,Draymond Green,33:46,Jonathan Kuminga,25:33,Kevon Looney,23:47,Donte DiVincenzo,19:15,Anthony Lamb,17:01,JaMychal Green,12:54,Moses Moody,8:06
0,.000,4,30.769,6,,127,0,0,0.0,6,.462,6.0,66.7,9.0,13,4,.800,5,38.462,Logos via Sports Logos.net / About logos,W,https://www.basketball-reference.com/boxscores/202303220DAL.html,Away,125,26:05,1,100.0,DAL,Luka Dončić,,,,,,,,,,,,,41:07,Reggie Bullock,38:39,Josh Green,36:25,Maxi Kleber,28:49,Jaden Hardy,25:05,Christian Wood,24:35,Justin Holiday,23:00,Dwight Powell,18:44,Dāvis Bertāns,3:34,125,2,16,12.0,75.0,0.0,0.0,4.0,25.0,Jordan Poole,2,0,2022-2023,0.0,0,1.0,GSW,127,Klay Thompson,,,,,,,,,,,,,34:48,Stephen Curry,34:42,Jonathan Kuminga,30:29,Kevon Looney,27:52,Draymond Green,24:44,Donte DiVincenzo,24:16,Anthony Lamb,21:27,JaMychal Green,8:43,Moses Moody,6:52
6,.545,11,57.895,3,3.00,112,0,3,100.0,10,.526,4.0,50.0,8.0,19,7,.875,8,42.105,Logos via Sports Logos.net / About logos,W,https://www.basketball-reference.com/boxscores/202303240GSW.html,Home,120,32:16,0,0.0,PHI,Tyrese Maxey,Jaden Springer,0:15,,,,,,,,,,,38:59,Tobias Harris,37:49,Joel Embiid,37:48,De'Anthony Melton,36:20,Georges Niang,29:04,P.J. Tucker,25:15,Shake Milton,23:22,Paul Reed,5:36,Furkan Korkmaz,5:27,112,0,33,8.0,24.2,18.0,54.5,7.0,21.2,Jordan Poole,8,0,2022-2023,0.0,1,3.0,GSW,120,Stephen Curry,,,,,,,,,,,,,38:26,Klay Thompson,36:12,Draymond Green,34:37,Kevon Looney,30:16,Donte DiVincenzo,18:59,Jonathan Kuminga,15:54,JaMychal Green,13:31,Anthony Lamb,11:34,Moses Moody,8:12
3,.375,8,50.000,2,0.67,99,0,4,100.0,8,.500,5.0,62.5,8.0,16,8,.889,9,56.250,Logos via Sports Logos.net / About logos,L,https://www.basketball-reference.com/boxscores/202303260GSW.html,Home,96,30:31,0,0.0,MIN,Anthony Edwards,Jaden McDaniels,9:53,,,,,,,,,,,34:39,Rudy Gobert,34:20,Karl-Anthony Towns,32:08,Kyle Anderson,31:37,Mike Conley,31:23,Naz Reid,20:46,Nickeil Alexander-Walker,16:29,Jordan McLaughlin,14:49,Taurean Prince,13:56,99,2,27,10.0,37.0,9.0,33.3,8.0,29.6,Jordan Poole,3,2,2022-2023,2.0,3,4.0,GSW,96,Stephen Curry,,,,,,,,,,,,,36:12,Draymond Green,35:44,Klay Thompson,34:47,Kevon Looney,30:00,Donte DiVincenzo,20:40,Anthony Lamb,17:55,Gary Payton II,15:29,Jonathan Kuminga,14:45,JaMychal Green,3:57
2,.333,6,40.000,2,2.00,109,1,5,100.0,8,.533,6.0,66.7,9.0,15,3,.750,4,26.667,Logos via Sports Logos.net / About logos,W,https://www.basketball-reference.com/boxscores/202303280GSW.html,Home,120,29:24,0,0.0,NOP,Brandon Ingram,,,,,,,,,,,,,38:14,CJ McCollum,37:57,Trey Murphy III,37:43,Herbert Jones,35:23,Larry Nance Jr.,24:43,Jonas Valančiūnas,22:10,Josh Richardson,20:37,Naji Marshall,13:10,Dyson Daniels,10:03,109,1,21,12.0,57.1,6.0,28.6,3.0,14.3,Jordan Poole,11,1,2022-2023,2.0,1,5.0,GSW,120,Stephen Curry,Patrick Baldwin Jr.,1:01,,,,,,,,,,,36:57,Klay Thompson,34:07,Draymond Green,32:54,Jonathan Kuminga,31:13,Donte DiVincenzo,22:52,Kevon Looney,22:04,Anthony Lamb,17:28,Gary Payton II,9:00,Moses Moody,3:00
6,.462,13,76.471,6,2.00,115,1,1,50.0,8,.471,2.0,50.0,4.0,17,5,.833,6,35.294,Logos via Sports Logos.net / About logos,W,https://www.basketball-reference.com/boxscores/202303310GSW.html,Home,130,27:23,1,50.0,SAS,Keldon Johnson,Dominick Barlow,11:02,,,,,,,,,,,31:54,Tre Jones,30:11,Sandro Mamukelashvili,29:13,Malaki Branham,28:16,Keita Bates-Diop,27:38,Devonte' Graham,23:16,Blake Wesley,21:31,Julian Champagnie,19:36,Gorgui Dieng,17:23,115,4,27,4.0,14.8,18.0,66.7,5.0,18.5,Jordan Poole,15,1,2022-2023,2.0,3,2.0,GSW,130,Klay Thompson,Patrick Baldwin Jr.,1:28,Lester Quiñones,1:28,,,,,,,,,34:17,Stephen Curry,32:43,Draymond Green,29:27,Jonathan Kuminga,27:12,Kevon Looney,23:35,Anthony Lamb,22:47,Donte DiVincenzo,20:25,Gary Payton II,17:47,Moses Moody,1:28
0,.000,3,23.077,3,3.00,110,0,2,100.0,7,.538,7.0,70.0,10.0,13,3,1.000,3,23.077,Logos via Sports Logos.net / About logos,L,https://www.basketball-reference.com/boxscores/202304020DEN.html,Away,112,19:43,0,0.0,DEN,Jamal Murray,Vlatko Čančar,3:23,,,,,,,,,,,41:29,Aaron Gordon,38:56,Michael Porter Jr.,33:39,Bruce Brown,31:43,Jeff Green,26:11,Kentavious Caldwell-Pope,20:59,Peyton Watson,20:28,Christian Braun,16:04,Reggie Jackson,7:08,112,4,17,14.0,82.4,0.0,0.0,3.0,17.6,Jordan Poole,2,1,2022-2023,1.0,1,2.0,GSW,110,Klay Thompson,,,,,,,,,,,,,39:06,Stephen Curry,36:53,Draymond Green,36:34,Donte DiVincenzo,31:34,Kevon Looney,27:04,Jonathan Kuminga,22:36,Anthony Lamb,15:10,Gary Payton II,11:20,,
5,.417,12,63.158,4,1.00,125,1,2,100.0,8,.421,3.0,42.9,7.0,19,9,.818,11,57.895,Logos via Sports Logos.net / About logos,W,https://www.basketball-reference.com/boxscores/202304040GSW.html,Home,136,30:37,0,0.0,OKC,Luguentz Dort,Jared Butler,2:44,Tre Mann,2:44,Olivier Sarr,2:44,,,,,,,35:37,Shai Gilgeous-Alexander,33:41,Jalen Williams,32:31,Isaiah Joe,28:23,Josh Giddey,28:20,Aaron Wiggins,27:26,Dario Šarić,19:21,Jaylin Williams,18:34,Ousmane Dieng,7:55,125,3,30,6.0,20.0,15.0,50.0,9.0,30.0,Jordan Poole,11,0,2022-2023,1.0,4,2.0,GSW,136,Stephen Curry,Patrick Baldwin Jr.,1:36,Ty Jerome,1:36,,,,,,,,,36:46,Draymond Green,35:50,Donte DiVincenzo,31:33,Moses Moody,25:52,Kevon Looney,25:45,Jonathan Kuminga,19:39,Gary Payton II,17:08,Anthony Lamb,12:02,Lester Quiñones,1:36
0,.000,6,60.000,5,2.50,119,0,3,100.0,0,.000,0.0,0.0,4.0,10,8,.889,9,90.000,Logos via Sports Logos.net / About logos,W,https://www.basketball-reference.com/boxscores/202304070SAC.html,Away,97,19:27,0,0.0,SAC,Keegan Murray,Richaun Holmes,14:46,Keon Ellis,4:22,,,,,,,,,33:33,Terence Davis,31:57,Harrison Barnes,29:23,Davion Mitchell,27:41,Kessler Edwards,22:35,Trey Lyles,22:10,PJ Dozier,20:19,Chimezie Metu,16:47,Alex Len,16:27,97,4,8,0.0,0.0,0.0,0.0,8.0,100.0,Jordan Poole,22,0,2022-2023,0.0,2,3.0,GSW,119,Klay Thompson,Lester Quiñones,4:22,Patrick Baldwin Jr.,2:08,,,,,,,,,34:30,Draymond Green,33:17,Stephen Curry,32:41,Donte DiVincenzo,29:25,Kevon Looney,29:24,Gary Payton II,21:18,Jonathan Kuminga,19:09,Moses Moody,9:57,Anthony Lamb,4:22
4,.800,5,55.556,2,1.00,157,0,4,100.0,7,.778,3.0,75.0,4.0,9,3,.750,4,44.444,Logos via Sports Logos.net / About logos,W,https://www.basketball-reference.com/boxscores/202304090POR.html,Away,101,17:16,0,0.0,POR,Skylar Mays,,,,,,,,,,,,,40:43,Kevin Knox,33:03,Jeenathan Williams,31:01,Shaedon Sharpe,28:16,Justin Minaya,23:47,John Butler,22:01,Chance Comanche,20:47,Jabari Walker,20:44,Trendon Watford,19:38,101,3,21,6.0,28.6,12.0,57.1,3.0,14.3,Jordan Poole,56,0,2022-2023,0.0,2,4.0,GSW,157,Moses Moody,Lester Quiñones,10:41,Anthony Lamb,10:41,Patrick Baldwin Jr.,9:42,,,,,,,29:07,Jonathan Kuminga,24:00,Stephen Curry,22:27,Klay Thompson,21:40,Donte DiVincenzo,21:17,Kevon Looney,21:10,Gary Payton II,20:20,Draymond Green,19:41,JaMychal Green,11:58
2,.400,5,50.000,3,3.00,123,1,1,100.0,4,.400,2.0,40.0,5.0,10,7,.875,8,80.000,Logos via Sports Logos.net / About logos,L,https://www.basketball-reference.com/boxscores/202304150SAC.html,Away,126,21:43,0,0.0,SAC,De'Aaron Fox,,,,,,,,,,,,,40:25,Harrison Barnes,36:24,Domantas Sabonis,34:53,Kevin Huerter,30:58,Malik Monk,28:51,Davion Mitchell,21:47,Trey Lyles,17:57,Keegan Murray,15:50,Alex Len,12:55,126,1,17,4.0,23.5,6.0,35.3,7.0,41.2,Jordan Poole,3,0,2022-2023,1.0,1,1.0,GSW,123,Stephen Curry,,,,,,,,,,,,,37:25,Klay Thompson,37:04,Draymond Green,33:26,Kevon Looney,32:13,Andrew Wiggins,28:12,Gary Payton II,20:24,Donte DiVincenzo,19:48,Jonathan Kuminga,9:45,,
0,.000,3,42.857,1,1.00,106,0,2,66.7,1,.143,1.0,25.0,4.0,7,2,1.000,2,28.571,Logos via Sports Logos.net / About logos,L,https://www.basketball-reference.com/boxscores/202304170SAC.html,Away,114,15:30,1,33.3,SAC,Domantas Sabonis,Terence Davis,1:44,Kessler Edwards,0:10,,,,,,,,,39:37,De'Aaron Fox,35:53,Harrison Barnes,33:58,Malik Monk,31:24,Kevin Huerter,29:45,Davion Mitchell,28:17,Keegan Murray,16:19,Trey Lyles,14:36,Alex Len,8:17,114,2,4,2.0,50.0,0.0,0.0,2.0,50.0,Jordan Poole,8,1,2022-2023,1.0,1,3.0,GSW,106,Stephen Curry,JaMychal Green,0:50,,,,,,,,,,,40:46,Andrew Wiggins,39:07,Klay Thompson,37:42,Draymond Green,31:18,Gary Payton II,26:48,Kevon Looney,22:56,Donte DiVincenzo,12:39,Moses Moody,8:28,Jonathan Kuminga,3:56
1,.143,7,53.846,4,4.00,97,0,3,60.0,4,.308,3.0,50.0,6.0,13,7,.875,8,61.538,Logos via Sports Logos.net / About logos,W,https://www.basketball-reference.com/boxscores/202304200GSW.html,Home,114,27:51,2,40.0,SAC,De'Aaron Fox,Alex Len,7:51,Kessler Edwards,3:08,PJ Dozier,3:01,Chimezie Metu,3:01,,,,,37:42,Domantas Sabonis,34:43,Harrison Barnes,34:21,Kevin Huerter,28:41,Malik Monk,24:36,Keegan Murray,21:49,Davion Mitchell,17:33,Trey Lyles,12:45,Terence Davis,10:49,97,2,16,6.0,37.5,3.0,18.8,7.0,43.8,Jordan Poole,17,3,2022-2023,3.0,1,5.0,GSW,114,Stephen Curry,Patrick Baldwin Jr.,2:31,,,,,,,,,,,36:57,Klay Thompson,34:32,Andrew Wiggins,34:10,Kevon Looney,30:56,Donte DiVincenzo,26:47,Moses Moody,15:47,Jonathan Kuminga,13:13,JaMychal Green,10:10,Anthony Lamb,7:06
2,.333,6,40.000,4,2.00,125,0,2,100.0,8,.533,6.0,66.7,9.0,15,4,.800,5,33.333,Logos via Sports Logos.net / About logos,W,https://www.basketball-reference.com/boxscores/202304230GSW.html,Home,126,26:08,0,0.0,SAC,De'Aaron Fox,Kessler Edwards,0:23,,,,,,,,,,,39:53,Domantas Sabonis,37:01,Keegan Murray,32:52,Harrison Barnes,30:34,Davion Mitchell,28:29,Malik Monk,28:21,Kevin Huerter,19:55,Trey Lyles,11:56,Alex Len,10:36,125,2,22,12.0,54.5,6.0,27.3,4.0,18.2,Jordan Poole,1,1,2022-2023,1.0,2,2.0,GSW,126,Stephen Curry,,,,,,,,,,,,,42:42,Klay Thompson,39:07,Andrew Wiggins,37:31,Kevon Looney,32:01,Draymond Green,30:59,Donte DiVincenzo,16:05,Gary Payton II,7:14,Moses Moody,5:22,Jonathan Kuminga,2:51
1,.167,6,50.000,6,,123,1,3,100.0,4,.333,3.0,50.0,6.0,12,1,.333,3,25.000,Logos via Sports Logos.net / About logos,W,https://www.basketball-reference.com/boxscores/202304260SAC.html,Away,116,23:16,0,0.0,SAC,De'Aaron Fox,Kessler Edwards,0:07,,,,,,,,,,,41:43,Domantas Sabonis,36:18,Keegan Murray,34:37,Harrison Barnes,33:07,Malik Monk,29:09,Davion Mitchell,24:13,Kevin Huerter,16:07,Trey Lyles,13:03,Alex Len,11:35,116,1,10,6.0,60.0,3.0,30.0,1.0,10.0,Jordan Poole,7,2,2022-2023,3.0,0,3.0,GSW,123,Stephen Curry,,,,,,,,,,,,,41:58,Andrew Wiggins,38:45,Kevon Looney,34:32,Klay Thompson,32:25,Draymond Green,31:45,Donte DiVincenzo,17:13,Gary Payton II,15:37,Moses Moody,4:29,,
1,.500,2,18.182,1,1.00,118,0,0,,2,.182,1.0,11.1,9.0,11,2,.500,4,36.364,Logos via Sports Logos.net / About logos,L,https://www.basketball-reference.com/boxscores/202304280GSW.html,Home,99,26:12,0,,SAC,Keegan Murray,Kessler Edwards,0:30,PJ Dozier,0:27,Alex Len,0:27,Chimezie Metu,0:27,,,,,45:06,De'Aaron Fox,36:55,Malik Monk,31:54,Kevin Huerter,29:27,Trey Lyles,26:42,Domantas Sabonis,23:01,Terence Davis,19:24,Harrison Barnes,14:32,Davion Mitchell,11:08,118,3,7,2.0,28.6,3.0,42.9,2.0,28.6,Jordan Poole,19,2,2022-2023,2.0,1,0.0,GSW,99,Stephen Curry,Jonathan Kuminga,3:45,Anthony Lamb,3:45,,,,,,,,,36:18,Klay Thompson,35:03,Andrew Wiggins,33:07,Kevon Looney,27:25,Draymond Green,25:44,Donte DiVincenzo,18:10,Moses Moody,16:14,Gary Payton II,10:29,JaMychal Green,3:48
2,.333,6,66.667,2,2.00,120,1,3,100.0,3,.333,1.0,33.3,3.0,9,0,,0,0.000,Logos via Sports Logos.net / About logos,W,https://www.basketball-reference.com/boxscores/202304300SAC.html,Away,100,19:09,0,0.0,SAC,Domantas Sabonis,PJ Dozier,2:39,Chimezie Metu,2:39,Kessler Edwards,2:39,Alex Len,2:39,,,,,37:24,De'Aaron Fox,37:05,Malik Monk,31:06,Kevin Huerter,28:14,Keegan Murray,27:31,Terence Davis,25:42,Trey Lyles,20:33,Harrison Barnes,13:33,Davion Mitchell,8:16,100,2,8,2.0,25.0,6.0,75.0,0.0,0.0,Jordan Poole,20,0,2022-2023,1.0,1,3.0,GSW,120,Draymond Green,,,,,,,,,,,,,37:58,Stephen Curry,37:41,Andrew Wiggins,37:02,Klay Thompson,34:52,Kevon Looney,30:52,Gary Payton II,16:16,Moses Moody,15:06,Donte DiVincenzo,8:25,Jonathan Kuminga,2:39
6,.545,11,73.333,6,,117,0,0,,7,.467,1.0,25.0,4.0,15,1,1.000,1,6.667,Logos via Sports Logos.net / About logos,L,https://www.basketball-reference.com/boxscores/202305020GSW.html,Home,112,29:55,0,,LAL,Anthony Davis,,,,,,,,,,,,,43:50,LeBron James,40:05,Austin Reaves,38:32,D'Angelo Russell,32:56,Dennis Schröder,31:12,Jarred Vanderbilt,25:47,Troy Brown Jr.,12:10,Rui Hachimura,11:18,Wenyen Gabriel,4:10,117,5,21,2.0,9.5,18.0,85.7,1.0,4.8,Jordan Poole,5,1,2022-2023,1.0,0,0.0,GSW,112,Stephen Curry,,,,,,,,,,,,,37:30,Klay Thompson,37:27,Draymond Green,33:52,Andrew Wiggins,33:44,Kevon Looney,29:29,Donte DiVincenzo,12:11,Gary Payton II,12:03,JaMychal Green,7:45,Moses Moody,6:04
0,.000,2,33.333,3,3.00,100,0,3,75.0,3,.500,3.0,75.0,4.0,6,0,,0,0.000,Logos via Sports Logos.net / About logos,W,https://www.basketball-reference.com/boxscores/202305040GSW.html,Home,127,15:42,1,25.0,LAL,Anthony Davis,Malik Beasley,12:00,Max Christie,9:15,Shaquille Harrison,8:44,Troy Brown Jr.,8:29,Wenyen Gabriel,2:43,,,32:55,LeBron James,28:07,D'Angelo Russell,27:45,Austin Reaves,24:53,Rui Hachimura,22:19,Jarred Vanderbilt,19:55,Dennis Schröder,18:55,Lonnie Walker IV,12:00,Tristan Thompson,12:00,100,5,6,6.0,100.0,0.0,0.0,0.0,0.0,Jordan Poole,27,0,2022-2023,0.0,1,4.0,GSW,127,Klay Thompson,Gary Payton II,8:44,Anthony Lamb,8:44,,,,,,,,,31:12,Andrew Wiggins,29:48,Stephen Curry,29:32,Donte DiVincenzo,28:16,Draymond Green,28:07,Moses Moody,25:56,JaMychal Green,12:32,Kevon Looney,11:44,Jonathan Kuminga,9:43
0,.000,4,44.444,6,1.50,97,0,3,100.0,2,.222,2.0,40.0,5.0,9,1,.500,2,22.222,Logos via Sports Logos.net / About logos,L,https://www.basketball-reference.com/boxscores/202305060LAL.html,Away,127,22:06,0,0.0,LAL,Anthony Davis,Troy Brown Jr.,8:33,Max Christie,5:44,Tristan Thompson,5:44,Malik Beasley,5:44,Wenyen Gabriel,4:56,,,33:01,LeBron James,32:23,Austin Reaves,29:37,D'Angelo Russell,29:27,Lonnie Walker IV,24:24,Dennis Schröder,20:12,Rui Hachimura,16:29,Jarred Vanderbilt,15:13,Shaquille Harrison,8:33,127,1,5,4.0,80.0,0.0,0.0,1.0,20.0,Jordan Poole,30,0,2022-2023,0.0,4,3.0,GSW,97,Klay Thompson,Jonathan Kuminga,9:11,Anthony Lamb,5:44,Patrick Baldwin Jr.,5:13,,,,,,,32:33,Stephen Curry,32:03,Andrew Wiggins,27:50,Draymond Green,22:45,Donte DiVincenzo,22:06,Moses Moody,20:17,Kevon Looney,15:54,Gary Payton II,12:50,JaMychal Green,11:28
0,.000,2,50.000,2,1.00,101,0,3,100.0,0,.000,0.0,0.0,2.0,4,0,,0,0.000,Logos via Sports Logos.net / About logos,L,https://www.basketball-reference.com/boxscores/202305080LAL.html,Away,104,10:24,0,0.0,LAL,Anthony Davis,,,,,,,,,,,,,43:06,LeBron James,42:57,Dennis Schröder,34:50,Austin Reaves,34:08,D'Angelo Russell,31:01,Lonnie Walker IV,27:00,Rui Hachimura,13:46,Jarred Vanderbilt,11:19,Wenyen Gabriel,1:53,104,1,0,0.0,,0.0,,0.0,,Jordan Poole,3,0,2022-2023,0.0,2,3.0,GSW,101,Stephen Curry,,,,,,,,,,,,,41:59,Klay Thompson,41:00,Andrew Wiggins,38:40,Draymond Green,37:14,Gary Payton II,23:22,Moses Moody,19:17,Donte DiVincenzo,14:55,Kevon Looney,10:53,JaMychal Green,2:16
1,.167,6,42.857,4,,106,0,1,100.0,5,.357,4.0,50.0,8.0,14,0,,0,0.000,Logos via Sports Logos.net / About logos,W,https://www.basketball-reference.com/boxscores/202305100GSW.html,Home,121,22:58,0,0.0,LAL,LeBron James,Troy Brown Jr.,2:47,Wenyen Gabriel,2:47,Max Christie,2:47,Shaquille Harrison,2:47,,,,,39:10,Austin Reaves,35:36,Anthony Davis,32:18,D'Angelo Russell,30:00,Dennis Schröder,28:53,Lonnie Walker IV,28:19,Rui Hachimura,20:51,Jarred Vanderbilt,10:58,Malik Beasley,2:47,106,3,11,8.0,72.7,3.0,27.3,0.0,0.0,Jordan Poole,15,0,2022-2023,0.0,0,1.0,GSW,121,Stephen Curry,Anthony Lamb,2:24,,,,,,,,,,,39:20,Klay Thompson,37:12,Andrew Wiggins,35:43,Draymond Green,29:43,Gary Payton II,27:27,Kevon Looney,20:16,Donte DiVincenzo,12:50,Moses Moody,9:43,Jonathan Kuminga,2:24
0,.000,3,30.000,4,4.00,101,0,0,,3,.300,3.0,42.9,7.0,10,1,1.000,1,10.000,Logos via Sports Logos.net / About logos,L,https://www.basketball-reference.com/boxscores/202305120LAL.html,Away,122,23:01,0,,LAL,LeBron James,Troy Brown Jr.,3:45,Shaquille Harrison,3:45,Tristan Thompson,3:45,Max Christie,2:11,,,,,43:08,D'Angelo Russell,41:01,Anthony Davis,39:31,Austin Reaves,39:20,Dennis Schröder,25:11,Rui Hachimura,16:11,Lonnie Walker IV,14:28,Jarred Vanderbilt,3:57,Malik Beasley,3:45,122,4,7,6.0,85.7,0.0,0.0,1.0,14.3,Jordan Poole,21,0,2022-2023,0.0,1,0.0,GSW,101,Stephen Curry,Anthony Lamb,3:45,Patrick Baldwin Jr.,3:45,,,,,,,,,38:57,Klay Thompson,37:37,Andrew Wiggins,28:15,Kevon Looney,26:08,Donte DiVincenzo,25:39,Draymond Green,24:01,Moses Moody,14:39,Gary Payton II,10:25,Jonathan Kuminga,3:45
0,.000,6,33.333,5,1.25,120,1,2,100.0,7,.389,7.0,58.3,12.0,18,4,.800,5,27.778,Logos via Sports Logos.net / About logos,L,https://www.basketball-reference.com/boxscores/202310250IND.html,Away,143,26:19,0,0.0,IND,Bruce Brown,Isaiah Jackson,11:15,T.J. McConnell,6:00,Jordan Nwora,5:41,Ben Sheppard,5:41,Jarace Walker,5:41,,,27:12,Tyrese Haliburton,26:54,Bennedict Mathurin,25:50,Buddy Hield,25:06,Myles Turner,23:20,Aaron Nesmith,23:05,Andrew Nembhard,21:36,Obi Toppin,19:14,Jalen Smith,13:25,143,1,18,14.0,77.8,0.0,0.0,4.0,22.2,Jordan Poole,23,1,2023-2024,2.0,4,2.0,WAS,120,Tyus Jones,Eugene Omoruyi,7:46,Ryan Rollins,6:00,Jared Butler,3:23,Patrick Baldwin Jr.,3:23,,,,,28:20,Delon Wright,25:19,Kyle Kuzma,24:52,Corey Kispert,24:27,Bilal Coulibaly,23:08,Daniel Gafford,21:03,Deni Avdija,20:40,Danilo Gallinari,17:10,Mike Muscala,8:10
4,.333,12,52.174,2,0.40,106,1,4,100.0,8,.348,4.0,36.4,11.0,23,7,.778,9,39.130,Logos via Sports Logos.net / About logos,W,https://www.basketball-reference.com/boxscores/202310280WAS.html,Home,113,35:45,0,0.0,MEM,Desmond Bane,Kenneth Lofton Jr.,5:12,,,,,,,,,,,33:59,Ziaire Williams,33:48,Marcus Smart,32:11,Jaren Jackson Jr.,31:08,David Roddy,23:58,Xavier Tillman Sr.,23:44,John Konchar,21:57,Derrick Rose,18:28,Jake LaRavia,15:35,106,2,27,8.0,29.6,12.0,44.4,7.0,25.9,Jordan Poole,7,1,2023-2024,2.0,5,4.0,WAS,113,Kyle Kuzma,,,,,,,,,,,,,35:51,Corey Kispert,31:42,Daniel Gafford,28:20,Tyus Jones,27:33,Deni Avdija,27:26,Delon Wright,20:27,Bilal Coulibaly,14:13,Mike Muscala,11:07,Danilo Gallinari,7:36
1,.200,5,45.455,2,0.67,126,1,1,33.3,5,.455,4.0,66.7,6.0,11,0,,0,0.000,Logos via Sports Logos.net / About logos,L,https://www.basketball-reference.com/boxscores/202310300WAS.html,Home,107,25:16,2,66.7,BOS,Jaylen Brown,Oshae Brissett,10:16,Dalano Banton,9:41,Lamar Stevens,5:31,Svi Mykhailiuk,4:50,,,,,31:32,Jayson Tatum,27:36,Jrue Holiday,26:42,Sam Hauser,25:08,Payton Pritchard,25:03,Kristaps Porziņģis,23:52,Derrick White,23:36,Al Horford,15:31,Luke Kornet,10:42,126,3,11,8.0,72.7,3.0,27.3,0.0,0.0,Jordan Poole,19,3,2023-2024,4.0,3,3.0,WAS,107,Bilal Coulibaly,Delon Wright,11:30,Anthony Gill,9:44,Patrick Baldwin Jr.,5:31,Jared Butler,5:31,,,,,27:51,Tyus Jones,26:32,Kyle Kuzma,26:20,Corey Kispert,23:35,Deni Avdija,22:13,Danilo Gallinari,16:11,Johnny Davis,15:46,Eugene Omoruyi,12:00,Ryan Rollins,12:00
2,.333,6,46.154,1,1.00,121,0,0,,5,.385,3.0,42.9,7.0,13,1,1.000,1,7.692,Logos via Sports Logos.net / About logos,L,https://www.basketball-reference.com/boxscores/202311010ATL.html,Away,130,20:29,0,,ATL,Trae Young,,,,,,,,,,,,,35:16,Dejounte Murray,33:59,De'Andre Hunter,32:38,Saddiq Bey,31:39,Onyeka Okongwu,27:24,Jalen Johnson,23:45,Bogdan Bogdanović,23:01,Clint Capela,20:36,AJ Griffin,11:42,130,1,13,6.0,46.2,6.0,46.2,1.0,7.7,Jordan Poole,9,1,2023-2024,1.0,1,0.0,WAS,121,Bilal Coulibaly,Johnny Davis,10:28,Eugene Omoruyi,7:53,Ryan Rollins,7:09,Anthony Gill,7:09,,,,,27:37,Kyle Kuzma,25:13,Deni Avdija,23:34,Tyus Jones,22:07,Mike Muscala,21:59,Delon Wright,21:36,Danilo Gallinari,18:52,Corey Kispert,13:48,Landry Shamet,12:05
3,.750,4,28.571,6,3.00,114,0,1,100.0,8,.571,5.0,50.0,10.0,14,0,.000,1,7.143,Logos via Sports Logos.net / About logos,L,https://www.basketball-reference.com/boxscores/202311030MIA.html,Away,121,28:25,0,0.0,MIA,Tyler Herro,,,,,,,,,,,,,36:39,Jimmy Butler,31:23,Bam Adebayo,29:59,Duncan Robinson,29:32,Kyle Lowry,25:33,Josh Richardson,25:32,Haywood Highsmith,21:43,Jaime Jaquez Jr.,21:36,Thomas Bryant,18:01,121,3,19,10.0,52.6,9.0,47.4,0.0,0.0,Jordan Poole,7,4,2023-2024,4.0,2,1.0,WAS,114,Kyle Kuzma,Danilo Gallinari,9:23,Ryan Rollins,7:20,Anthony Gill,6:36,Eugene Omoruyi,6:36,,,,,31:03,Bilal Coulibaly,26:17,Tyus Jones,24:10,Deni Avdija,23:46,Daniel Gafford,19:39,Delon Wright,17:14,Landry Shamet,14:03,Johnny Davis,13:06,Mike Muscala,12:22
4,.444,9,60.000,6,3.00,128,1,1,100.0,8,.533,4.0,66.7,6.0,15,3,1.000,3,20.000,Logos via Sports Logos.net / About logos,L,https://www.basketball-reference.com/boxscores/202311060PHI.html,Away,146,31:16,0,0.0,PHI,Tyrese Maxey,Patrick Beverley,11:36,Danuel House Jr.,6:43,Marcus Morris,6:27,Robert Covington,4:03,Mo Bamba,3:58,KJ Martin,3:58,31:43,Tobias Harris,30:38,Joel Embiid,30:31,Kelly Oubre Jr.,26:35,De'Anthony Melton,26:15,Nicolas Batum,17:27,Furkan Korkmaz,14:19,Paul Reed,13:31,Jaden Springer,12:16,146,4,23,8.0,34.8,12.0,52.2,3.0,13.0,Jordan Poole,18,0,2023-2024,1.0,2,1.0,WAS,128,Tyus Jones,Anthony Gill,8:01,Delon Wright,4:55,Danilo Gallinari,3:43,Mike Muscala,3:24,,,,,32:36,Kyle Kuzma,29:58,Daniel Gafford,29:58,Deni Avdija,27:34,Bilal Coulibaly,19:19,Corey Kispert,14:02,Johnny Davis,13:50,Eugene Omoruyi,10:55,Ryan Rollins,10:29
1,.200,5,41.667,1,1.00,132,0,1,50.0,3,.250,2.0,28.6,7.0,12,4,.800,5,41.667,Logos via Sports Logos.net / About logos,W,https://www.basketball-reference.com/boxscores/202311080CHO.html,Away,116,20:24,1,50.0,CHO,LaMelo Ball,Ish Smith,10:01,Nick Smith Jr.,4:07,Leaky Black,4:07,,,,,,,36:12,P.J. Washington,35:47,Gordon Hayward,32:18,Brandon Miller,30:00,JT Thor,20:59,Mark Williams,18:20,Théo Maledon,17:46,Nick Richards,15:32,Bryce McGowens,14:50,116,2,11,4.0,36.4,3.0,27.3,4.0,36.4,Jordan Poole,16,0,2023-2024,0.0,1,2.0,WAS,132,Kyle Kuzma,Anthony Gill,4:07,Ryan Rollins,2:55,Johnny Davis,2:55,Eugene Omoruyi,2:55,,,,,31:18,Bilal Coulibaly,29:34,Deni Avdija,27:32,Delon Wright,26:01,Corey Kispert,23:01,Danilo Gallinari,19:39,Tyus Jones,19:04,Landry Shamet,17:08,Daniel Gafford,13:24
1,.200,5,35.714,6,2.00,124,0,2,100.0,6,.429,5.0,55.6,9.0,14,1,1.000,1,7.143,Logos via Sports Logos.net / About logos,L,https://www.basketball-reference.com/boxscores/202311100WAS.html,Home,117,31:14,0,0.0,CHO,P.J. Washington,,,,,,,,,,,,,37:50,LaMelo Ball,37:44,Gordon Hayward,36:01,Brandon Miller,31:35,Mark Williams,29:46,JT Thor,20:20,Nick Richards,18:14,Théo Maledon,15:35,Bryce McGowens,12:55,124,4,14,10.0,71.4,3.0,21.4,1.0,7.1,Jordan Poole,7,0,2023-2024,0.0,3,2.0,WAS,117,Tyus Jones,,,,,,,,,,,,,33:45,Deni Avdija,30:44,Daniel Gafford,30:05,Kyle Kuzma,29:05,Bilal Coulibaly,19:38,Danilo Gallinari,17:55,Landry Shamet,16:57,Corey Kispert,16:21,Delon Wright,14:15
2,.250,8,66.667,2,0.67,94,1,5,100.0,5,.417,3.0,75.0,4.0,12,0,.000,1,8.333,Logos via Sports Logos.net / About logos,L,https://www.basketball-reference.com/boxscores/202311120BRK.html,Away,102,32:12,0,0.0,BRK,Cameron Johnson,Trendon Watford,9:21,,,,,,,,,,,34:40,Mikal Bridges,34:22,Spencer Dinwiddie,30:43,Royce O'Neale,30:33,Nic Claxton,27:53,Dorian Finney-Smith,20:04,Dennis Smith Jr.,19:26,Day'Ron Sharpe,19:21,Lonnie Walker IV,13:36,102,6,12,6.0,50.0,6.0,50.0,0.0,0.0,Jordan Poole,8,0,2023-2024,1.0,3,5.0,WAS,94,Deni Avdija,,,,,,,,,,,,,37:36,Bilal Coulibaly,33:54,Kyle Kuzma,31:17,Corey Kispert,26:31,Tyus Jones,22:56,Danilo Gallinari,19:34,Landry Shamet,19:33,Daniel Gafford,16:26,,
2,.333,6,37.500,6,1.50,107,1,2,50.0,6,.375,4.0,40.0,10.0,16,0,,0,0.000,Logos via Sports Logos.net / About logos,L,https://www.basketball-reference.com/boxscores/202311130TOR.html,Away,111,35:10,2,50.0,TOR,Scottie Barnes,Jalen McDaniels,4:32,,,,,,,,,,,38:05,Pascal Siakam,37:32,Dennis Schröder,34:54,Jakob Poeltl,24:10,Gradey Dick,24:01,Malachi Flynn,22:45,Chris Boucher,20:30,Precious Achiuwa,19:16,Otto Porter Jr.,14:15,111,5,14,8.0,57.1,6.0,42.9,0.0,0.0,Jordan Poole,4,3,2023-2024,4.0,4,4.0,WAS,107,Kyle Kuzma,,,,,,,,,,,,,37:57,Bilal Coulibaly,33:16,Tyus Jones,30:59,Deni Avdija,29:48,Daniel Gafford,25:50,Corey Kispert,24:21,Landry Shamet,15:22,Mike Muscala,7:15,,
2,.286,7,41.176,3,0.60,130,0,4,80.0,6,.353,4.0,40.0,10.0,17,2,1.000,2,11.765,Logos via Sports Logos.net / About logos,L,https://www.basketball-reference.com/boxscores/202311150WAS.html,Home,117,32:04,1,20.0,DAL,Josh Green,Dwight Powell,6:43,Jaden Hardy,4:22,Richaun Holmes,1:47,,,,,,,36:43,Grant Williams,35:37,Luka Dončić,32:25,Tim Hardaway Jr.,26:48,Derrick Jones Jr.,26:02,Dereck Lively II,23:38,Seth Curry,19:52,Dante Exum,18:37,Olivier-Maxence Prosper,7:26,130,4,16,8.0,50.0,6.0,37.5,2.0,12.5,Jordan Poole,13,1,2023-2024,1.0,5,5.0,WAS,117,Kyle Kuzma,Anthony Gill,5:20,Ryan Rollins,1:47,Patrick Baldwin Jr.,1:47,,,,,,,29:48,Bilal Coulibaly,27:58,Corey Kispert,25:44,Deni Avdija,23:59,Daniel Gafford,23:38,Tyus Jones,22:19,Landry Shamet,20:52,Danilo Gallinari,18:07,Johnny Davis,6:37
0,.000,6,54.545,4,0.80,120,0,1,100.0,2,.182,2.0,40.0,5.0,11,4,1.000,4,36.364,Logos via Sports Logos.net / About logos,L,https://www.basketball-reference.com/boxscores/202311170WAS.html,Home,99,28:31,0,0.0,NYK,Julius Randle,DaQuan Jeffries,2:19,Ryan Arcidiacono,1:12,Jericho Sims,1:12,,,,,,,35:08,Jalen Brunson,33:54,Immanuel Quickley,33:22,Josh Hart,31:41,Mitchell Robinson,27:13,Donte DiVincenzo,24:40,Isaiah Hartenstein,19:35,Evan Fournier,15:38,Miles McBride,14:05,120,2,8,4.0,50.0,0.0,0.0,4.0,50.0,Jordan Poole,21,0,2023-2024,0.0,5,1.0,WAS,99,Kyle Kuzma,Anthony Gill,2:19,Jared Butler,2:19,Johnny Davis,2:19,,,,,,,31:49,Deni Avdija,31:39,Bilal Coulibaly,30:55,Tyus Jones,29:59,Daniel Gafford,27:37,Corey Kispert,26:16,Danilo Gallinari,17:24,Landry Shamet,6:33,Eugene Omoruyi,2:19
3,.333,9,34.615,1,,142,0,1,100.0,11,.423,8.0,47.1,17.0,26,5,1.000,5,19.231,Logos via Sports Logos.net / About logos,L,https://www.basketball-reference.com/boxscores/202311200WAS.html,Home,129,32:42,0,0.0,MIL,Giannis Antetokounmpo,Thanasis Antetokounmpo,1:19,Andre Jackson Jr.,1:19,Robin Lopez,1:19,,,,,,,33:54,Malik Beasley,33:16,Damian Lillard,32:58,Brook Lopez,32:08,Pat Connaughton,26:22,Bobby Portis,23:20,Khris Middleton,23:05,Cameron Payne,16:29,A.J. Green,14:31,142,4,30,16.0,53.3,9.0,30.0,5.0,16.7,Jordan Poole,13,0,2023-2024,0.0,0,1.0,WAS,129,Deni Avdija,Eugene Omoruyi,1:15,Jared Butler,1:15,Anthony Gill,1:15,Ryan Rollins,1:15,,,,,31:27,Kyle Kuzma,30:58,Daniel Gafford,28:38,Tyus Jones,26:18,Bilal Coulibaly,25:16,Corey Kispert,21:02,Danilo Gallinari,18:07,Landry Shamet,14:27,Johnny Davis,6:05
4,.364,11,52.381,2,0.67,114,0,3,60.0,8,.381,4.0,40.0,10.0,21,4,1.000,4,19.048,Logos via Sports Logos.net / About logos,L,https://www.basketball-reference.com/boxscores/202311220CHO.html,Away,117,33:06,2,40.0,CHO,LaMelo Ball,,,,,,,,,,,,,39:49,Miles Bridges,37:18,Mark Williams,34:34,Brandon Miller,31:29,Gordon Hayward,29:55,JT Thor,22:46,Bryce McGowens,22:36,Ish Smith,20:11,Nick Smith Jr.,1:22,117,1,24,8.0,33.3,12.0,50.0,4.0,16.7,Jordan Poole,3,3,2023-2024,3.0,3,5.0,WAS,114,Kyle Kuzma,,,,,,,,,,,,,35:25,Tyus Jones,34:42,Daniel Gafford,34:25,Deni Avdija,28:20,Bilal Coulibaly,19:00,Corey Kispert,18:13,Landry Shamet,17:48,Danilo Gallinari,13:35,Johnny Davis,5:25
1,.167,6,30.000,7,3.50,128,0,4,80.0,9,.450,8.0,57.1,14.0,20,7,.778,9,45.000,Logos via Sports Logos.net / About logos,L,https://www.basketball-reference.com/boxscores/202311240MIL.html,Away,131,33:45,1,20.0,MIL,Giannis Antetokounmpo,Andre Jackson Jr.,8:49,A.J. Green,3:40,,,,,,,,,37:13,Damian Lillard,36:52,Brook Lopez,32:08,Malik Beasley,27:00,Pat Connaughton,26:40,Bobby Portis,24:41,Cameron Payne,16:49,MarJon Beauchamp,13:19,Khris Middleton,12:47,131,5,26,16.0,61.5,3.0,11.5,7.0,26.9,Jordan Poole,3,0,2023-2024,0.0,2,5.0,WAS,128,Corey Kispert,,,,,,,,,,,,,32:38,Kyle Kuzma,31:09,Tyus Jones,30:36,Daniel Gafford,29:05,Deni Avdija,28:24,Landry Shamet,24:00,Danilo Gallinari,17:54,Johnny Davis,12:27,,
0,.000,2,22.222,3,0.75,126,0,0,,3,.333,3.0,42.9,7.0,9,4,1.000,4,44.444,Logos via Sports Logos.net / About logos,W,https://www.basketball-reference.com/boxscores/202311270DET.html,Away,107,25:23,0,,DET,Jalen Duren,James Wiseman,9:17,Stanley Umude,2:08,,,,,,,,,33:23,Jaden Ivey,32:32,Cade Cunningham,32:11,Isaiah Stewart,28:38,Ausar Thompson,27:52,Isaiah Livers,23:05,Marcus Sasser,22:15,Killian Hayes,15:35,Alec Burks,13:01,107,3,10,6.0,60.0,0.0,0.0,4.0,40.0,Jordan Poole,19,1,2023-2024,1.0,4,0.0,WAS,126,Kyle Kuzma,Eugene Omoruyi,1:50,Jared Butler,1:50,Anthony Gill,1:50,,,,,,,34:55,Bilal Coulibaly,27:34,Daniel Gafford,26:53,Tyus Jones,25:57,Deni Avdija,25:56,Landry Shamet,22:02,Danilo Gallinari,19:17,Corey Kispert,19:04,Johnny Davis,7:29
4,.571,7,58.333,2,1.00,120,1,5,100.0,5,.417,1.0,20.0,5.0,12,5,.833,6,50.000,Logos via Sports Logos.net / About logos,L,https://www.basketball-reference.com/boxscores/202311290ORL.html,Away,139,26:08,0,0.0,ORL,Franz Wagner,Caleb Houstan,10:00,Chuma Okeke,5:07,Admiral Schofield,4:07,,,,,,,30:48,Jalen Suggs,28:41,Anthony Black,26:58,Paolo Banchero,26:46,Cole Anthony,26:09,Goga Bitadze,23:43,Joe Ingles,19:52,Gary Harris,19:19,Moritz Wagner,18:30,139,3,19,2.0,10.5,12.0,63.2,5.0,26.3,Jordan Poole,19,2,2023-2024,3.0,2,5.0,WAS,120,Kyle Kuzma,Johnny Davis,9:38,Jared Butler,5:07,Anthony Gill,4:35,,,,,,,34:32,Deni Avdija,27:39,Daniel Gafford,26:19,Bilal Coulibaly,25:07,Tyus Jones,20:49,Corey Kispert,20:24,Landry Shamet,18:25,Danilo Gallinari,11:37,Eugene Omoruyi,9:40
0,.000,5,41.667,4,2.00,125,0,4,100.0,3,.250,3.0,42.9,7.0,12,8,.889,9,75.000,Logos via Sports Logos.net / About logos,L,https://www.basketball-reference.com/boxscores/202312010ORL.html,Away,130,30:20,0,0.0,ORL,Paolo Banchero,Jonathan Isaac,6:49,,,,,,,,,,,38:02,Franz Wagner,34:29,Jalen Suggs,26:37,Joe Ingles,24:37,Goga Bitadze,24:13,Anthony Black,23:04,Moritz Wagner,22:53,Gary Harris,22:16,Cole Anthony,16:58,130,5,14,6.0,42.9,0.0,0.0,8.0,57.1,Jordan Poole,5,1,2023-2024,1.0,2,4.0,WAS,125,Kyle Kuzma,,,,,,,,,,,,,37:20,Bilal Coulibaly,31:37,Daniel Gafford,27:20,Tyus Jones,25:50,Corey Kispert,22:39,Danilo Gallinari,20:40,Deni Avdija,20:27,Landry Shamet,17:35,Johnny Davis,6:10
3,.600,5,31.250,2,0.67,131,0,1,100.0,10,.625,7.0,63.6,11.0,16,0,,0,0.000,Logos via Sports Logos.net / About logos,L,https://www.basketball-reference.com/boxscores/202312060WAS.html,Home,126,31:46,0,0.0,PHI,Tyrese Maxey,Robert Covington,4:00,,,,,,,,,,,38:10,Joel Embiid,38:02,Tobias Harris,34:52,Nicolas Batum,32:34,De'Anthony Melton,27:18,Patrick Beverley,20:35,Kelly Oubre Jr.,19:25,Marcus Morris,15:06,Paul Reed,9:58,131,3,23,14.0,60.9,9.0,39.1,0.0,0.0,Jordan Poole,5,1,2023-2024,1.0,3,1.0,WAS,126,Kyle Kuzma,,,,,,,,,,,,,33:38,Tyus Jones,31:22,Deni Avdija,30:46,Bilal Coulibaly,27:31,Corey Kispert,24:50,Daniel Gafford,22:58,Danilo Gallinari,17:25,Jared Butler,13:45,Mike Muscala,5:58
0,.000,2,28.571,2,0.67,97,0,2,100.0,3,.429,3.0,60.0,5.0,7,2,1.000,2,28.571,Logos via Sports Logos.net / About logos,L,https://www.basketball-reference.com/boxscores/202312080BRK.html,Away,124,23:36,0,0.0,BRK,Spencer Dinwiddie,Harry Giles,4:57,,,,,,,,,,,33:12,Mikal Bridges,30:29,Cam Thomas,29:17,Nic Claxton,26:24,Royce O'Neale,26:20,Dorian Finney-Smith,26:00,Cameron Johnson,24:43,Day'Ron Sharpe,19:33,Trendon Watford,19:04,124,3,8,6.0,75.0,0.0,0.0,2.0,25.0,Jordan Poole,27,0,2023-2024,0.0,3,2.0,WAS,97,Kyle Kuzma,Eugene Omoruyi,3:56,Anthony Gill,3:56,Patrick Baldwin Jr.,3:56,Jules Bernard,3:56,,,,,30:07,Tyus Jones,27:55,Deni Avdija,27:17,Bilal Coulibaly,25:27,Daniel Gafford,21:37,Corey Kispert,20:44,Danilo Gallinari,18:41,Mike Muscala,15:14,Jared Butler,13:38
1,.333,3,27.273,3,1.00,101,0,0,,3,.273,2.0,25.0,8.0,11,4,1.000,4,36.364,Logos via Sports Logos.net / About logos,L,https://www.basketball-reference.com/boxscores/202312110PHI.html,Away,146,26:06,0,,PHI,Tobias Harris,Patrick Beverley,11:28,Danuel House Jr.,9:14,Jaden Springer,9:14,Furkan Korkmaz,9:14,Mo Bamba,7:47,KJ Martin,5:46,29:37,Joel Embiid,29:36,De'Anthony Melton,26:41,Tyrese Maxey,24:46,Nicolas Batum,20:28,Kelly Oubre Jr.,17:33,Robert Covington,13:53,Paul Reed,12:38,Marcus Morris,12:05,146,1,11,4.0,36.4,3.0,27.3,4.0,36.4,Jordan Poole,45,0,2023-2024,0.0,3,0.0,WAS,101,Bilal Coulibaly,Anthony Gill,10:26,Jules Bernard,6:11,Eugene Omoruyi,2:03,,,,,,,30:52,Kyle Kuzma,27:28,Deni Avdija,25:50,Corey Kispert,22:59,Tyus Jones,20:56,Mike Muscala,20:16,Jared Butler,19:10,Patrick Baldwin Jr.,16:59,Danilo Gallinari,10:44
1,.200,5,41.667,4,1.00,142,1,1,100.0,5,.417,4.0,57.1,7.0,12,0,,0,0.000,Logos via Sports Logos.net / About logos,L,https://www.basketball-reference.com/boxscores/202312130WAS.html,Home,122,31:29,0,0.0,NOP,Jonas Valančiūnas,Cody Zeller,5:14,Kira Lewis Jr.,3:36,Jeremiah Robinson-Earl,2:26,,,,,,,32:49,Trey Murphy III,32:38,CJ McCollum,32:14,Brandon Ingram,30:39,Naji Marshall,27:31,Herbert Jones,19:52,Jordan Hawkins,18:54,Jose Alvarado,18:18,Dyson Daniels,15:49,142,2,11,8.0,72.7,3.0,27.3,0.0,0.0,Jordan Poole,20,2,2023-2024,3.0,4,1.0,WAS,122,Bilal Coulibaly,Patrick Baldwin Jr.,4:09,Mike Muscala,4:09,,,,,,,,,31:50,Deni Avdija,29:35,Kyle Kuzma,29:30,Tyus Jones,26:08,Daniel Gafford,23:37,Corey Kispert,21:09,Danilo Gallinari,15:33,Jared Butler,13:05,Anthony Gill,9:46
3,.750,4,22.222,8,4.00,123,0,4,100.0,12,.667,9.0,64.3,14.0,18,3,.750,4,22.222,Logos via Sports Logos.net / About logos,W,https://www.basketball-reference.com/boxscores/202312150WAS.html,Home,137,32:13,0,0.0,IND,Tyrese Haliburton,Jarace Walker,13:21,Ben Sheppard,8:38,Jordan Nwora,4:11,Oscar Tshiebwe,4:11,,,,,27:43,Buddy Hield,27:24,Obi Toppin,26:23,Aaron Nesmith,23:59,Bruce Brown,22:59,Bennedict Mathurin,21:49,Isaiah Jackson,19:53,Myles Turner,19:50,T.J. McConnell,19:39,123,4,30,18.0,60.0,9.0,30.0,3.0,10.0,Jordan Poole,14,1,2023-2024,1.0,2,4.0,WAS,137,Bilal Coulibaly,Jared Butler,2:59,Anthony Gill,2:59,,,,,,,,,30:02,Kyle Kuzma,29:35,Tyus Jones,28:52,Corey Kispert,28:28,Daniel Gafford,28:24,Deni Avdija,24:42,Mike Muscala,18:40,Danilo Gallinari,10:05,Patrick Baldwin Jr.,2:59
2,.222,9,52.941,4,1.00,108,0,4,100.0,5,.294,3.0,37.5,8.0,17,2,1.000,2,11.765,Logos via Sports Logos.net / About logos,L,https://www.basketball-reference.com/boxscores/202312170PHO.html,Away,112,31:53,0,0.0,PHO,Devin Booker,,,,,,,,,,,,,41:24,Kevin Durant,34:50,Grayson Allen,33:17,Eric Gordon,30:16,Jusuf Nurkić,30:07,Nassir Little,23:17,Jordan Goodwin,20:04,Drew Eubanks,17:26,Chimezie Metu,9:19,112,4,14,6.0,42.9,6.0,42.9,2.0,14.3,Jordan Poole,4,1,2023-2024,1.0,4,4.0,WAS,108,Tyus Jones,Eugene Omoruyi,0:20,,,,,,,,,,,38:31,Daniel Gafford,35:06,Kyle Kuzma,34:23,Deni Avdija,31:33,Corey Kispert,25:14,Bilal Coulibaly,20:01,Danilo Gallinari,12:17,Mike Muscala,10:22,Anthony Gill,0:20
8,.615,13,72.222,2,2.00,131,0,0,,10,.556,2.0,40.0,5.0,18,0,,0,0.000,Logos via Sports Logos.net / About logos,L,https://www.basketball-reference.com/boxscores/202312180SAC.html,Away,143,28:32,0,,SAC,Harrison Barnes,Juan Toscano-Anderson,4:48,Kessler Edwards,3:56,Chris Duarte,3:56,Colby Jones,3:38,Davion Mitchell,3:38,,,33:37,De'Aaron Fox,33:04,Keegan Murray,32:13,Domantas Sabonis,32:08,Kevin Huerter,23:11,Malik Monk,21:35,Trey Lyles,17:48,Keon Ellis,14:42,Sasha Vezenkov,11:46,143,4,28,4.0,14.3,24.0,85.7,0.0,0.0,Jordan Poole,12,0,2023-2024,0.0,1,0.0,WAS,131,Bilal Coulibaly,Eugene Omoruyi,4:41,,,,,,,,,,,33:02,Kyle Kuzma,29:12,Tyus Jones,28:19,Daniel Gafford,24:38,Deni Avdija,23:28,Mike Muscala,23:22,Corey Kispert,20:32,Anthony Gill,19:33,Jared Butler,4:41
0,.000,4,30.769,6,2.00,118,0,2,100.0,4,.308,4.0,44.4,9.0,13,5,1.000,5,38.462,Logos via Sports Logos.net / About logos,W,https://www.basketball-reference.com/boxscores/202312210POR.html,Away,117,34:23,0,0.0,POR,Anfernee Simons,,,,,,,,,,,,,37:50,Deandre Ayton,34:54,Jerami Grant,32:14,Matisse Thybulle,29:47,Malcolm Brogdon,27:45,Scoot Henderson,26:17,Jabari Walker,23:37,Toumani Camara,17:57,Duop Reath,9:39,117,2,13,8.0,61.5,0.0,0.0,5.0,38.5,Jordan Poole,1,1,2023-2024,1.0,3,2.0,WAS,118,Kyle Kuzma,,,,,,,,,,,,,37:16,Tyus Jones,35:33,Deni Avdija,34:46,Daniel Gafford,31:16,Corey Kispert,21:36,Bilal Coulibaly,17:51,Mike Muscala,14:25,Danilo Gallinari,12:42,Anthony Gill,0:12
3,.250,12,57.143,3,3.00,118,0,2,66.7,7,.333,4.0,44.4,9.0,21,8,.889,9,42.857,Logos via Sports Logos.net / About logos,L,https://www.basketball-reference.com/boxscores/202312220GSW.html,Away,129,26:53,1,33.3,GSW,Brandin Podziemski,Kevon Looney,11:16,Gui Santos,6:05,Lester Quiñones,6:05,Usman Garuba,2:14,Jerome Robinson,2:14,,,28:57,Jonathan Kuminga,27:11,Klay Thompson,27:07,Stephen Curry,26:54,Chris Paul,25:02,Trayce Jackson-Davis,24:34,Dario Šarić,20:12,Moses Moody,18:39,Cory Joseph,13:30,129,3,25,8.0,32.0,9.0,36.0,8.0,32.0,Jordan Poole,11,2,2023-2024,2.0,1,3.0,WAS,118,Bilal Coulibaly,Ryan Rollins,10:42,Jared Butler,7:27,Patrick Baldwin Jr.,7:27,,,,,,,32:03,Tyus Jones,24:58,Corey Kispert,24:58,Kyle Kuzma,24:43,Daniel Gafford,23:29,Deni Avdija,20:14,Mike Muscala,13:49,Landry Shamet,12:35,Anthony Gill,10:42
6,.545,11,55.000,3,1.00,127,0,2,100.0,11,.550,5.0,55.6,9.0,20,2,1.000,2,10.000,Logos via Sports Logos.net / About logos,L,https://www.basketball-reference.com/boxscores/202312260WAS.html,Home,119,32:51,0,0.0,ORL,Franz Wagner,Goga Bitadze,11:31,,,,,,,,,,,38:24,Paolo Banchero,38:14,Anthony Black,32:35,Jalen Suggs,29:13,Cole Anthony,22:35,Wendell Carter Jr.,21:19,Gary Harris,19:16,Moritz Wagner,15:10,Caleb Houstan,11:43,127,3,30,10.0,33.3,18.0,60.0,2.0,6.7,Jordan Poole,8,3,2023-2024,3.0,3,2.0,WAS,119,Kyle Kuzma,,,,,,,,,,,,,35:52,Tyus Jones,33:33,Daniel Gafford,31:48,Bilal Coulibaly,25:33,Deni Avdija,23:13,Corey Kispert,19:18,Danilo Gallinari,16:12,Delon Wright,13:27,Landry Shamet,8:13
1,.143,7,58.333,4,2.00,132,1,2,50.0,5,.417,4.0,80.0,5.0,12,3,.750,4,33.333,Logos via Sports Logos.net / About logos,L,https://www.basketball-reference.com/boxscores/202312270WAS.html,Home,102,27:32,2,50.0,TOR,Scottie Barnes,Precious Achiuwa,10:33,Malachi Flynn,4:53,Gradey Dick,4:53,Thaddeus Young,4:53,,,,,33:29,Pascal Siakam,31:48,OG Anunoby,29:20,Dennis Schröder,28:26,Gary Trent Jr.,26:22,Jakob Poeltl,21:22,Jalen McDaniels,18:51,Otto Porter Jr.,12:55,Chris Boucher,12:15,132,1,14,8.0,57.1,3.0,21.4,3.0,21.4,Jordan Poole,30,0,2023-2024,1.0,2,4.0,WAS,102,Tyus Jones,Ryan Rollins,6:16,Patrick Baldwin Jr.,6:16,Johnny Davis,6:16,Danilo Gallinari,4:40,Anthony Gill,4:33,,,30:38,Kyle Kuzma,30:00,Daniel Gafford,30:00,Bilal Coulibaly,24:34,Deni Avdija,24:24,Corey Kispert,20:40,Landry Shamet,10:44,Mike Muscala,7:11,Eugene Omoruyi,6:16
1,.250,4,66.667,5,5.00,104,0,0,,2,.333,1.0,50.0,2.0,6,0,,0,0.000,Logos via Sports Logos.net / About logos,W,https://www.basketball-reference.com/boxscores/202312290WAS.html,Home,110,24:41,0,,BRK,Mikal Bridges,,,,,,,,,,,,,36:18,Dorian Finney-Smith,33:19,Cameron Johnson,33:18,Nic Claxton,29:34,Spencer Dinwiddie,27:19,Cam Thomas,24:01,Dennis Smith Jr.,20:17,Day'Ron Sharpe,18:19,Royce O'Neale,17:35,104,4,5,2.0,40.0,3.0,60.0,0.0,0.0,Jordan Poole,6,0,2023-2024,0.0,1,0.0,WAS,110,Deni Avdija,,,,,,,,,,,,,33:51,Tyus Jones,31:21,Mike Muscala,31:09,Kyle Kuzma,30:59,Bilal Coulibaly,19:32,Landry Shamet,17:56,Corey Kispert,17:01,Daniel Gafford,16:51,Delon Wright,16:39
1,.143,7,50.000,6,,130,1,3,100.0,6,.429,5.0,71.4,7.0,14,0,,0,0.000,Logos via Sports Logos.net / About logos,L,https://www.basketball-reference.com/boxscores/202312310WAS.html,Home,126,28:44,0,0.0,ATL,Trae Young,,,,,,,,,,,,,39:46,Jalen Johnson,36:36,Dejounte Murray,34:10,Clint Capela,32:53,Saddiq Bey,32:12,Bogdan Bogdanović,27:20,Bruno Fernando,14:59,Garrison Mathews,13:50,Patty Mills,8:14,130,3,13,10.0,76.9,3.0,23.1,0.0,0.0,Jordan Poole,4,0,2023-2024,1.0,0,3.0,WAS,126,Kyle Kuzma,,,,,,,,,,,,,33:33,Deni Avdija,31:12,Daniel Gafford,28:20,Tyus Jones,27:25,Mike Muscala,19:32,Landry Shamet,18:31,Delon Wright,17:41,Corey Kispert,17:37,Bilal Coulibaly,17:25
2,.500,4,36.364,2,2.00,101,0,0,0.0,3,.273,1.0,14.3,7.0,11,0,,0,0.000,Logos via Sports Logos.net / About logos,L,https://www.basketball-reference.com/boxscores/202401030CLE.html,Away,140,22:42,3,100.0,CLE,Jarrett Allen,Craig Porter Jr.,14:37,Damian Jones,6:11,,,,,,,,,29:26,Sam Merrill,28:32,Max Strus,28:00,Georges Niang,27:54,Donovan Mitchell,24:15,Caris LeVert,22:54,Dean Wade,20:06,Isaac Okoro,19:30,Tristan Thompson,18:34,140,3,8,2.0,25.0,6.0,75.0,0.0,0.0,Jordan Poole,39,0,2023-2024,0.0,1,3.0,WAS,101,Bilal Coulibaly,Jared Butler,8:45,Eugene Omoruyi,6:55,Johnny Davis,5:13,Anthony Gill,4:35,,,,,32:33,Kyle Kuzma,22:42,Deni Avdija,21:28,Mike Muscala,20:54,Tyus Jones,20:49,Daniel Gafford,20:11,Corey Kispert,19:39,Delon Wright,18:26,Landry Shamet,15:08
0,.000,2,50.000,1,,90,1,0,,0,.000,0.0,0.0,2.0,4,2,1.000,2,50.000,Logos via Sports Logos.net / About logos,L,https://www.basketball-reference.com/boxscores/202401050CLE.html,Away,114,23:20,0,,CLE,Max Strus,Craig Porter Jr.,11:47,Damian Jones,5:24,,,,,,,,,30:09,Jarrett Allen,28:31,Caris LeVert,27:28,Sam Merrill,26:24,Donovan Mitchell,25:31,Georges Niang,24:42,Dean Wade,21:37,Isaac Okoro,21:36,Tristan Thompson,16:51,114,4,2,0.0,0.0,0.0,0.0,2.0,100.0,Jordan Poole,24,0,2023-2024,1.0,0,0.0,WAS,90,Bilal Coulibaly,Johnny Davis,6:16,Jared Butler,5:24,Anthony Gill,5:24,,,,,,,36:08,Tyus Jones,26:11,Deni Avdija,25:52,Kyle Kuzma,25:28,Daniel Gafford,24:12,Corey Kispert,20:08,Mike Muscala,18:24,Delon Wright,16:25,Eugene Omoruyi,6:48
1,.200,5,50.000,4,2.00,121,0,3,100.0,4,.400,3.0,60.0,5.0,10,1,.500,2,20.000,Logos via Sports Logos.net / About logos,L,https://www.basketball-reference.com/boxscores/202401060WAS.html,Home,105,29:53,0,0.0,NYK,Isaiah Hartenstein,Jericho Sims,1:51,Malachi Flynn,0:48,,,,,,,,,39:13,Julius Randle,37:43,Jalen Brunson,34:56,Josh Hart,32:18,OG Anunoby,31:13,Donte DiVincenzo,26:22,Quentin Grimes,14:50,Miles McBride,13:04,Precious Achiuwa,7:42,121,3,10,6.0,60.0,3.0,30.0,1.0,10.0,Jordan Poole,16,2,2023-2024,2.0,2,3.0,WAS,105,Deni Avdija,Anthony Gill,3:27,Johnny Davis,3:27,Eugene Omoruyi,3:27,,,,,,,33:00,Kyle Kuzma,31:47,Daniel Gafford,30:38,Tyus Jones,27:58,Bilal Coulibaly,27:46,Delon Wright,16:35,Corey Kispert,14:40,Mike Muscala,13:55,Jared Butler,3:27
4,.500,8,47.059,5,5.00,136,0,0,,8,.471,4.0,44.4,9.0,17,4,.800,5,29.412,Logos via Sports Logos.net / About logos,L,https://www.basketball-reference.com/boxscores/202401080WAS.html,Home,128,29:19,0,,OKC,Shai Gilgeous-Alexander,,,,,,,,,,,,,35:42,Jalen Williams,33:50,Chet Holmgren,31:47,Luguentz Dort,27:19,Josh Giddey,26:11,Cason Wallace,24:00,Aaron Wiggins,22:35,Isaiah Joe,21:22,Kenrich Williams,17:14,136,5,24,8.0,33.3,12.0,50.0,4.0,16.7,Jordan Poole,8,0,2023-2024,0.0,1,0.0,WAS,128,Kyle Kuzma,,,,,,,,,,,,,37:11,Deni Avdija,32:45,Tyus Jones,30:56,Daniel Gafford,25:31,Bilal Coulibaly,24:46,Corey Kispert,18:26,Delon Wright,17:04,Landry Shamet,16:12,Mike Muscala,7:50
2,.286,7,33.333,7,7.00,104,0,3,75.0,11,.524,9.0,64.3,14.0,21,4,.667,6,28.571,Logos via Sports Logos.net / About logos,L,https://www.basketball-reference.com/boxscores/202401100IND.html,Away,112,33:35,1,25.0,IND,Myles Turner,Isaiah Jackson,17:15,,,,,,,,,,,30:45,Bennedict Mathurin,28:22,Obi Toppin,27:59,Bruce Brown,27:13,Andrew Nembhard,26:11,Aaron Nesmith,24:11,T.J. McConnell,21:49,Buddy Hield,18:47,Jordan Nwora,17:28,112,3,28,18.0,64.3,6.0,21.4,4.0,14.3,Jordan Poole,8,3,2023-2024,3.0,1,4.0,WAS,104,Daniel Gafford,,,,,,,,,,,,,37:28,Kyle Kuzma,33:55,Tyus Jones,33:36,Corey Kispert,29:36,Deni Avdija,24:34,Bilal Coulibaly,22:20,Delon Wright,14:24,Mike Muscala,10:32,,
2,.333,6,37.500,2,2.00,127,1,2,100.0,8,.500,6.0,60.0,10.0,16,2,1.000,2,12.500,Logos via Sports Logos.net / About logos,W,https://www.basketball-reference.com/boxscores/202401130ATL.html,Away,99,25:50,0,0.0,ATL,Trae Young,Bruno Fernando,4:47,Seth Lundy,4:47,AJ Griffin,4:47,,,,,,,36:09,Jalen Johnson,35:52,Dejounte Murray,31:06,Saddiq Bey,26:49,Clint Capela,24:13,Bogdan Bogdanović,23:45,Onyeka Okongwu,19:00,Garrison Mathews,15:25,Trent Forrest,13:20,99,1,20,12.0,60.0,6.0,30.0,2.0,10.0,Jordan Poole,28,1,2023-2024,2.0,1,2.0,WAS,127,Deni Avdija,Hamidou Diallo,3:40,,,,,,,,,,,37:07,Daniel Gafford,29:49,Bilal Coulibaly,27:49,Kyle Kuzma,27:24,Tyus Jones,26:06,Delon Wright,21:54,Patrick Baldwin Jr.,18:11,Corey Kispert,17:34,Jules Bernard,4:36
2,.286,7,50.000,2,2.00,129,0,0,,6,.429,4.0,57.1,7.0,14,2,1.000,2,14.286,Logos via Sports Logos.net / About logos,L,https://www.basketball-reference.com/boxscores/202401150WAS.html,Home,117,31:50,0,,DET,Isaiah Stewart,Joe Harris,4:49,,,,,,,,,,,37:41,Kevin Knox,32:52,Jaden Ivey,32:28,Alec Burks,28:37,Ausar Thompson,27:11,Jalen Duren,26:00,Killian Hayes,24:29,James Wiseman,14:44,Marcus Sasser,11:08,129,3,16,8.0,50.0,6.0,37.5,2.0,12.5,Jordan Poole,12,0,2023-2024,0.0,1,0.0,WAS,117,Kyle Kuzma,Anthony Gill,2:37,Johnny Davis,1:05,Hamidou Diallo,1:05,,,,,,,33:09,Tyus Jones,31:11,Deni Avdija,27:33,Bilal Coulibaly,27:08,Daniel Gafford,26:11,Delon Wright,15:44,Corey Kispert,15:05,Landry Shamet,13:57,Patrick Baldwin Jr.,13:25
2,.222,9,47.368,2,,109,0,4,100.0,7,.368,5.0,50.0,10.0,19,8,1.000,8,42.105,Logos via Sports Logos.net / About logos,L,https://www.basketball-reference.com/boxscores/202401180NYK.html,Away,113,34:02,0,0.0,NYK,OG Anunoby,,,,,,,,,,,,,42:38,Jalen Brunson,40:21,Julius Randle,38:57,Isaiah Hartenstein,38:31,Donte DiVincenzo,37:35,Quentin Grimes,19:14,Precious Achiuwa,9:28,Miles McBride,7:39,Evan Fournier,5:36,113,1,24,10.0,41.7,6.0,25.0,8.0,33.3,Jordan Poole,4,1,2023-2024,1.0,0,4.0,WAS,109,Marvin Bagley III,,,,,,,,,,,,,39:07,Kyle Kuzma,38:29,Tyus Jones,36:49,Deni Avdija,26:13,Corey Kispert,17:04,Bilal Coulibaly,16:59,Landry Shamet,14:00,Delon Wright,11:10,Patrick Baldwin Jr.,6:04
0,.000,3,20.000,2,2.00,131,1,0,,7,.467,7.0,58.3,12.0,15,2,1.000,2,13.333,Logos via Sports Logos.net / About logos,L,https://www.basketball-reference.com/boxscores/202401200WAS.html,Home,127,28:44,0,,SAS,Devin Vassell,Doug McDermott,9:56,Malaki Branham,4:25,,,,,,,,,33:37,Tre Jones,32:13,Keldon Johnson,28:14,Jeremy Sochan,28:13,Victor Wembanyama,27:45,Julian Champagnie,22:53,Zach Collins,20:15,Cedi Osman,17:21,Blake Wesley,15:08,131,4,16,14.0,87.5,0.0,0.0,2.0,12.5,Jordan Poole,4,2,2023-2024,3.0,1,0.0,WAS,127,Marvin Bagley III,,,,,,,,,,,,,35:38,Deni Avdija,32:29,Kyle Kuzma,29:04,Tyus Jones,27:35,Corey Kispert,24:38,Bilal Coulibaly,23:00,Delon Wright,20:12,Patrick Baldwin Jr.,12:22,Landry Shamet,6:18
1,.250,4,57.143,0,0.00,113,0,1,100.0,1,.143,0.0,0.0,3.0,7,1,1.000,1,14.286,Logos via Sports Logos.net / About logos,L,https://www.basketball-reference.com/boxscores/202401210WAS.html,Home,104,27:55,0,0.0,DEN,Jamal Murray,Zeke Nnaji,5:05,,,,,,,,,,,38:48,Nikola Jokić,36:05,Kentavious Caldwell-Pope,35:21,Michael Porter Jr.,32:25,Aaron Gordon,31:03,Christian Braun,21:03,Reggie Jackson,20:50,Peyton Watson,12:43,DeAndre Jordan,6:37,113,4,4,0.0,0.0,3.0,75.0,1.0,25.0,Jordan Poole,9,0,2023-2024,0.0,2,1.0,WAS,104,Kyle Kuzma,,,,,,,,,,,,,33:04,Tyus Jones,31:15,Bilal Coulibaly,31:00,Daniel Gafford,30:13,Deni Avdija,18:24,Corey Kispert,17:46,Marvin Bagley III,17:35,Delon Wright,16:45,Landry Shamet,16:03
1,.250,4,36.364,3,0.75,118,0,2,100.0,2,.182,1.0,14.3,7.0,11,2,1.000,2,18.182,Logos via Sports Logos.net / About logos,L,https://www.basketball-reference.com/boxscores/202401240WAS.html,Home,107,28:11,0,0.0,MIN,Rudy Gobert,Luka Garza,0:39,Wendell Moore Jr.,0:39,,,,,,,,,34:44,Karl-Anthony Towns,34:35,Anthony Edwards,34:02,Nickeil Alexander-Walker,30:48,Jaden McDaniels,30:22,Kyle Anderson,21:49,Naz Reid,20:45,Shake Milton,18:34,Jordan McLaughlin,13:01,118,3,7,2.0,28.6,3.0,42.9,2.0,28.6,Jordan Poole,11,0,2023-2024,0.0,4,2.0,WAS,107,Deni Avdija,Patrick Baldwin Jr.,0:39,Anthony Gill,0:39,Trey Jemison,0:39,,,,,,,37:32,Kyle Kuzma,34:44,Tyus Jones,32:28,Marvin Bagley III,25:59,Daniel Gafford,21:21,Bilal Coulibaly,20:25,Corey Kispert,16:00,Landry Shamet,12:24,Delon Wright,8:54
3,.429,7,58.333,2,,123,2,2,100.0,6,.500,3.0,60.0,5.0,12,3,.750,4,33.333,Logos via Sports Logos.net / About logos,L,https://www.basketball-reference.com/boxscores/202401250WAS.html,Home,108,28:20,0,0.0,UTA,John Collins,Walker Kessler,15:12,Luka Šamanić,0:58,Omer Yurtseven,0:58,,,,,,,32:48,Lauri Markkanen,32:46,Keyonte George,31:08,Jordan Clarkson,30:09,Simone Fontecchio,21:13,Kelly Olynyk,21:01,Ochai Agbaji,20:01,Collin Sexton,16:52,Kris Dunn,16:52,123,5,18,6.0,33.3,9.0,50.0,3.0,16.7,Jordan Poole,15,2,2023-2024,4.0,0,2.0,WAS,108,Kyle Kuzma,Trey Jemison,0:50,Anthony Gill,0:50,Johnny Davis,0:50,Jules Bernard,0:50,Patrick Baldwin Jr.,0:50,,,34:18,Tyus Jones,34:09,Daniel Gafford,30:59,Bilal Coulibaly,28:53,Deni Avdija,27:07,Corey Kispert,20:18,Marvin Bagley III,16:11,Landry Shamet,10:31,Delon Wright,5:04
3,.500,6,50.000,2,,118,0,0,0.0,6,.500,3.0,50.0,6.0,12,2,1.000,2,16.667,Logos via Sports Logos.net / About logos,W,https://www.basketball-reference.com/boxscores/202401270DET.html,Away,104,29:10,1,100.0,DET,Jalen Duren,Killian Hayes,9:30,Monte Morris,7:58,,,,,,,,,36:03,Bojan Bogdanović,35:36,Cade Cunningham,34:41,Isaiah Stewart,32:06,Jaden Ivey,26:00,Alec Burks,17:58,Ausar Thompson,17:11,Mike Muscala,11:57,Kevin Knox,10:58,104,1,17,6.0,35.3,9.0,52.9,2.0,11.8,Jordan Poole,14,1,2023-2024,1.0,0,1.0,WAS,118,Kyle Kuzma,,,,,,,,,,,,,32:06,Bilal Coulibaly,31:10,Tyus Jones,30:03,Daniel Gafford,27:34,Deni Avdija,23:51,Corey Kispert,22:02,Marvin Bagley III,19:56,Landry Shamet,12:42,Delon Wright,11:25
1,.200,5,38.462,3,0.75,118,1,1,100.0,6,.462,5.0,62.5,8.0,13,0,,0,0.000,Logos via Sports Logos.net / About logos,W,https://www.basketball-reference.com/boxscores/202401290SAS.html,Away,113,33:15,0,0.0,SAS,Devin Vassell,Doug McDermott,9:56,,,,,,,,,,,34:59,Tre Jones,32:31,Victor Wembanyama,30:46,Keldon Johnson,30:41,Cedi Osman,28:32,Jeremy Sochan,26:17,Julian Champagnie,20:00,Dominick Barlow,14:17,Blake Wesley,11:59,113,2,13,10.0,76.9,3.0,23.1,0.0,0.0,Jordan Poole,5,2,2023-2024,3.0,4,1.0,WAS,118,Tyus Jones,,,,,,,,,,,,,32:29,Kyle Kuzma,31:38,Bilal Coulibaly,30:37,Daniel Gafford,28:15,Deni Avdija,25:09,Corey Kispert,19:51,Marvin Bagley III,19:44,Landry Shamet,10:00,Delon Wright,9:00
2,.143,14,66.667,10,10.00,110,1,4,100.0,6,.286,4.0,57.1,7.0,21,2,.667,3,14.286,Logos via Sports Logos.net / About logos,L,https://www.basketball-reference.com/boxscores/202402020WAS.html,Home,102,32:36,0,0.0,MIA,Jimmy Butler,,,,,,,,,,,,,35:31,Bam Adebayo,32:51,Tyler Herro,31:49,Terry Rozier,30:22,Caleb Martin,28:39,Jaime Jaquez Jr.,25:48,Josh Richardson,24:44,Kevin Love,15:09,Haywood Highsmith,15:05,110,3,16,8.0,50.0,6.0,37.5,2.0,12.5,Jordan Poole,8,2,2023-2024,3.0,1,4.0,WAS,102,Kyle Kuzma,Anthony Gill,0:05,,,,,,,,,,,36:14,Deni Avdija,34:59,Daniel Gafford,32:10,Corey Kispert,31:28,Tyus Jones,25:53,Bilal Coulibaly,25:12,Landry Shamet,13:09,Delon Wright,6:14,Johnny Davis,1:58
0,.000,3,42.857,7,7.00,140,0,5,100.0,1,.143,1.0,25.0,4.0,7,2,1.000,2,28.571,Logos via Sports Logos.net / About logos,L,https://www.basketball-reference.com/boxscores/202402040WAS.html,Home,112,19:47,0,0.0,PHO,Bradley Beal,Jordan Goodwin,8:44,Yuta Watanabe,7:54,Chimezie Metu,7:41,Keita Bates-Diop,7:41,Nassir Little,7:41,,,31:01,Grayson Allen,27:20,Kevin Durant,26:07,Devin Booker,25:39,Jusuf Nurkić,24:56,Eric Gordon,18:30,Josh Okogie,15:54,Bol Bol,15:28,Drew Eubanks,15:23,140,3,4,2.0,50.0,0.0,0.0,2.0,50.0,Jordan Poole,28,0,2023-2024,0.0,1,5.0,WAS,112,Bilal Coulibaly,Patrick Baldwin Jr.,6:56,Jules Bernard,6:56,Anthony Gill,6:56,,,,,,,25:10,Deni Avdija,25:03,Corey Kispert,24:51,Daniel Gafford,24:45,Tyus Jones,24:23,Eugene Omoruyi,23:15,Landry Shamet,21:13,Johnny Davis,17:38,Delon Wright,13:07
0,.000,4,80.000,5,5.00,114,0,2,100.0,0,.000,0.0,0.0,1.0,5,0,,0,0.000,Logos via Sports Logos.net / About logos,L,https://www.basketball-reference.com/boxscores/202402070WAS.html,Home,106,24:34,0,0.0,CLE,Donovan Mitchell,Dean Wade,11:51,,,,,,,,,,,37:34,Jarrett Allen,37:04,Darius Garland,28:25,Max Strus,28:19,Isaac Okoro,27:39,Evan Mobley,25:07,Georges Niang,17:06,Sam Merrill,14:22,Caris LeVert,12:33,114,6,0,0.0,,0.0,,0.0,,Jordan Poole,8,1,2023-2024,1.0,1,2.0,WAS,106,Daniel Gafford,,,,,,,,,,,,,35:08,Corey Kispert,33:23,Kyle Kuzma,32:08,Tyus Jones,28:43,Bilal Coulibaly,28:17,Deni Avdija,19:59,Eugene Omoruyi,12:52,Delon Wright,12:36,Landry Shamet,12:20
3,.300,10,52.632,5,1.67,129,0,2,100.0,7,.368,4.0,44.4,9.0,19,2,.667,3,15.789,Logos via Sports Logos.net / About logos,L,https://www.basketball-reference.com/boxscores/202402090BOS.html,Away,133,37:10,0,0.0,BOS,Jayson Tatum,,,,,,,,,,,,,38:04,Jaylen Brown,34:43,Jrue Holiday,33:56,Derrick White,33:03,Kristaps Porziņģis,32:53,Al Horford,23:07,Payton Pritchard,16:54,Sam Hauser,16:13,Luke Kornet,11:07,133,5,19,8.0,42.1,9.0,47.4,2.0,10.5,Jordan Poole,4,1,2023-2024,1.0,3,2.0,WAS,129,Deni Avdija,,,,,,,,,,,,,41:47,Tyus Jones,37:23,Kyle Kuzma,37:02,Bilal Coulibaly,32:31,Corey Kispert,23:51,Landry Shamet,13:36,Eugene Omoruyi,13:07,Delon Wright,3:33,,
2,.500,4,50.000,4,2.00,119,0,3,75.0,4,.500,2.0,50.0,4.0,8,1,.500,2,25.000,Logos via Sports Logos.net / About logos,L,https://www.basketball-reference.com/boxscores/202402100WAS.html,Home,113,29:17,1,25.0,PHI,Kelly Oubre Jr.,,,,,,,,,,,,,39:05,Buddy Hield,36:21,Tyrese Maxey,35:50,Tobias Harris,32:47,Ricky Council IV,29:11,KJ Martin,23:15,Paul Reed,22:22,Cameron Payne,21:09,,,119,4,11,4.0,36.4,6.0,54.5,1.0,9.1,Jordan Poole,6,2,2023-2024,2.0,2,4.0,WAS,113,Deni Avdija,,,,,,,,,,,,,39:18,Kyle Kuzma,37:10,Tyus Jones,30:58,Bilal Coulibaly,30:11,Corey Kispert,24:21,Landry Shamet,19:01,Marvin Bagley III,14:52,Eugene Omoruyi,8:13,Delon Wright,6:39
1,.167,6,50.000,3,3.00,104,1,6,100.0,1,.083,0.0,0.0,6.0,12,0,,0,0.000,Logos via Sports Logos.net / About logos,L,https://www.basketball-reference.com/boxscores/202402120DAL.html,Away,112,26:30,0,0.0,DAL,Kyrie Irving,A.J. Lawson,0:03,Olivier-Maxence Prosper,0:03,Brandon Williams,0:03,,,,,,,42:54,Luka Dončić,37:17,P.J. Washington,35:41,Josh Green,29:04,Daniel Gafford,24:07,Maxi Kleber,23:52,Tim Hardaway Jr.,21:58,Jaden Hardy,12:55,Derrick Jones Jr.,11:58,112,4,3,0.0,0.0,3.0,100.0,0.0,0.0,Jordan Poole,8,3,2023-2024,4.0,1,6.0,WAS,104,Deni Avdija,,,,,,,,,,,,,33:56,Tyus Jones,33:01,Kyle Kuzma,32:05,Bilal Coulibaly,30:24,Marvin Bagley III,28:04,Corey Kispert,24:27,Landry Shamet,13:54,Richaun Holmes,12:33,Delon Wright,5:02
5,.500,10,66.667,6,1.50,126,0,3,60.0,7,.467,2.0,40.0,5.0,15,0,,0,0.000,Logos via Sports Logos.net / About logos,L,https://www.basketball-reference.com/boxscores/202402140NOP.html,Away,133,35:06,2,40.0,NOP,Brandon Ingram,,,,,,,,,,,,,34:33,Zion Williamson,34:03,CJ McCollum,33:17,Trey Murphy III,30:42,Herbert Jones,27:23,Naji Marshall,23:57,Jose Alvarado,21:43,Larry Nance Jr.,18:54,Jonas Valančiūnas,15:28,133,5,19,4.0,21.1,15.0,78.9,0.0,0.0,Jordan Poole,7,3,2023-2024,3.0,4,5.0,WAS,126,Deni Avdija,Jared Butler,2:12,,,,,,,,,,,39:54,Tyus Jones,39:32,Corey Kispert,32:22,Marvin Bagley III,30:05,Bilal Coulibaly,26:38,Landry Shamet,16:52,Richaun Holmes,10:59,Eugene Omoruyi,3:21,Delon Wright,2:59
3,.333,9,52.941,1,0.50,110,0,1,100.0,4,.235,1.0,12.5,8.0,17,7,.778,9,52.941,Logos via Sports Logos.net / About logos,L,https://www.basketball-reference.com/boxscores/202402220DEN.html,Away,130,30:09,0,0.0,DEN,Nikola Jokić,Justin Holiday,15:12,Jay Huff,4:22,Julian Strawther,4:11,Jalen Pickett,2:03,,,,,31:23,Jamal Murray,31:16,Michael Porter Jr.,30:41,Christian Braun,23:07,Peyton Watson,22:09,Reggie Jackson,21:38,Aaron Gordon,21:29,Zeke Nnaji,16:37,Kentavious Caldwell-Pope,15:52,130,3,18,2.0,11.1,9.0,50.0,7.0,38.9,Jordan Poole,20,2,2023-2024,2.0,2,1.0,WAS,110,Bilal Coulibaly,Justin Champagnie,4:22,Anthony Gill,4:22,Patrick Baldwin Jr.,4:22,Richaun Holmes,4:04,,,,,32:02,Kyle Kuzma,31:01,Tyus Jones,30:51,Deni Avdija,27:09,Corey Kispert,24:38,Marvin Bagley III,17:21,Johnny Davis,13:39,Eugene Omoruyi,10:51,Landry Shamet,5:09
2,.250,8,42.105,3,1.00,106,0,3,100.0,7,.368,5.0,45.5,11.0,19,5,1.000,5,26.316,Logos via Sports Logos.net / About logos,L,https://www.basketball-reference.com/boxscores/202402230OKC.html,Away,147,22:30,0,0.0,OKC,Shai Gilgeous-Alexander,Gordon Hayward,14:39,Kenrich Williams,14:26,Bismack Biyombo,8:08,Keyontae Johnson,6:24,Adam Flagler,5:30,,,29:39,Luguentz Dort,23:12,Chet Holmgren,23:04,Cason Wallace,22:00,Josh Giddey,21:31,Isaiah Joe,20:06,Jalen Williams,19:47,Jaylin Williams,16:19,Aaron Wiggins,15:15,147,4,21,10.0,47.6,6.0,28.6,5.0,23.8,Jordan Poole,41,0,2023-2024,0.0,3,3.0,WAS,106,Bilal Coulibaly,Jared Butler,9:31,Justin Champagnie,5:30,Anthony Gill,5:30,,,,,,,30:31,Kyle Kuzma,26:30,Corey Kispert,24:53,Tyus Jones,23:12,Johnny Davis,21:32,Marvin Bagley III,20:58,Landry Shamet,18:37,Patrick Baldwin Jr.,15:36,Eugene Omoruyi,15:10
6,.462,13,61.905,5,2.50,114,0,5,100.0,11,.524,5.0,62.5,8.0,21,3,1.000,3,14.286,Logos via Sports Logos.net / About logos,L,https://www.basketball-reference.com/boxscores/202402250WAS.html,Home,105,37:33,0,0.0,CLE,Jarrett Allen,Sam Merrill,6:29,,,,,,,,,,,36:56,Donovan Mitchell,36:18,Darius Garland,32:56,Evan Mobley,28:40,Caris LeVert,28:26,Max Strus,26:35,Isaac Okoro,18:33,Georges Niang,17:12,Dean Wade,7:52,114,6,31,10.0,32.3,18.0,58.1,3.0,9.7,Jordan Poole,9,1,2023-2024,1.0,2,5.0,WAS,105,Kyle Kuzma,,,,,,,,,,,,,39:02,Landry Shamet,37:18,Tyus Jones,35:25,Marvin Bagley III,32:59,Johnny Davis,15:49,Richaun Holmes,14:40,Jared Butler,12:17,Patrick Baldwin Jr.,9:17,Bilal Coulibaly,5:38
2,.250,8,47.059,5,0.83,123,0,2,66.7,5,.294,3.0,33.3,9.0,17,0,,0,0.000,Logos via Sports Logos.net / About logos,L,https://www.basketball-reference.com/boxscores/202402270WAS.html,Home,112,29:22,1,33.3,GSW,Stephen Curry,Kevon Looney,10:18,Trayce Jackson-Davis,8:49,Lester Quiñones,1:29,Jerome Robinson,1:29,,,,,29:38,Draymond Green,28:53,Jonathan Kuminga,28:11,Brandin Podziemski,28:04,Klay Thompson,27:18,Moses Moody,22:31,Chris Paul,21:40,Gary Payton II,18:00,Dario Šarić,13:40,123,3,12,6.0,50.0,6.0,50.0,0.0,0.0,Jordan Poole,11,2,2023-2024,2.0,6,3.0,WAS,112,Kyle Kuzma,,,,,,,,,,,,,37:47,Tyus Jones,36:23,Corey Kispert,33:22,Marvin Bagley III,32:56,Landry Shamet,32:10,Richaun Holmes,11:47,Jared Butler,10:50,Johnny Davis,7:54,Eugene Omoruyi,7:29
5,.417,12,46.154,7,2.33,131,1,3,100.0,13,.500,8.0,57.1,14.0,26,3,.750,4,15.385,Logos via Sports Logos.net / About logos,L,https://www.basketball-reference.com/boxscores/202402290LAL.html,Away,134,38:06,0,0.0,LAL,D'Angelo Russell,Cam Reddish,4:08,,,,,,,,,,,43:48,Anthony Davis,41:15,Austin Reaves,39:24,LeBron James,38:44,Rui Hachimura,35:09,Spencer Dinwiddie,25:43,Taurean Prince,17:21,Jaxson Hayes,10:55,Max Christie,8:33,134,4,34,16.0,47.1,15.0,44.1,3.0,8.8,Jordan Poole,3,1,2023-2024,2.0,3,3.0,WAS,131,Deni Avdija,Anthony Gill,0:04,,,,,,,,,,,43:17,Kyle Kuzma,37:15,Tyus Jones,36:39,Marvin Bagley III,33:41,Corey Kispert,27:27,Johnny Davis,16:41,Landry Shamet,16:29,Richaun Holmes,13:56,Jules Bernard,1:25
1,.250,4,26.667,4,4.00,115,0,4,100.0,7,.467,6.0,54.5,11.0,15,1,1.000,1,6.667,Logos via Sports Logos.net / About logos,L,https://www.basketball-reference.com/boxscores/202403010LAC.html,Away,140,21:24,0,0.0,LAC,Paul George,Russell Westbrook,10:23,Moussa Diabaté,6:31,Brandon Boston Jr.,5:17,Kobe Brown,5:17,Joshua Primo,5:17,,,30:23,Kawhi Leonard,29:25,James Harden,25:01,Amir Coffey,22:05,Terance Mann,22:00,Norman Powell,21:48,Daniel Theis,20:22,Mason Plumlee,19:45,Bones Hyland,16:26,140,4,16,12.0,75.0,3.0,18.8,1.0,6.2,Jordan Poole,25,0,2023-2024,0.0,1,4.0,WAS,115,Kyle Kuzma,Richaun Holmes,7:25,Jules Bernard,6:31,Justin Champagnie,6:31,,,,,,,29:09,Marvin Bagley III,27:50,Deni Avdija,26:21,Johnny Davis,24:20,Tyus Jones,22:45,Corey Kispert,22:36,Landry Shamet,17:14,Jared Butler,15:09,Eugene Omoruyi,12:45
6,.600,10,55.556,2,0.67,115,1,1,100.0,11,.611,5.0,62.5,8.0,18,4,1.000,4,22.222,Logos via Sports Logos.net / About logos,L,https://www.basketball-reference.com/boxscores/202403040UTA.html,Away,127,28:52,0,0.0,UTA,Jordan Clarkson,Omer Yurtseven,7:51,Keyonte George,5:46,,,,,,,,,36:19,John Collins,34:36,Collin Sexton,33:46,Kris Dunn,27:53,Luka Šamanić,23:01,Brice Sensabaugh,20:58,Johnny Juzang,20:09,Talen Horton-Tucker,15:28,Taylor Hendricks,14:13,127,2,32,10.0,31.2,18.0,56.2,4.0,12.5,Jordan Poole,12,2,2023-2024,3.0,3,1.0,WAS,115,Kyle Kuzma,Eugene Omoruyi,3:37,,,,,,,,,,,35:22,Deni Avdija,35:03,Bilal Coulibaly,33:13,Tyus Jones,30:00,Marvin Bagley III,23:04,Landry Shamet,17:48,Corey Kispert,16:07,Richaun Holmes,9:19,Johnny Davis,7:35
4,.333,12,63.158,5,1.67,119,0,3,75.0,9,.474,5.0,71.4,7.0,19,4,1.000,4,21.053,Logos via Sports Logos.net / About logos,L,https://www.basketball-reference.com/boxscores/202403060WAS.html,Home,109,32:22,1,25.0,ORL,Franz Wagner,Caleb Houstan,4:24,,,,,,,,,,,38:59,Paolo Banchero,38:49,Jalen Suggs,31:55,Goga Bitadze,24:58,Cole Anthony,24:38,Anthony Black,21:53,Moritz Wagner,21:12,Markelle Fultz,19:27,Joe Ingles,13:45,119,4,26,10.0,38.5,12.0,46.2,4.0,15.4,Jordan Poole,10,0,2023-2024,0.0,3,4.0,WAS,109,Deni Avdija,,,,,,,,,,,,,35:34,Kyle Kuzma,31:27,Bilal Coulibaly,28:13,Tyus Jones,27:22,Richaun Holmes,25:00,Corey Kispert,19:22,Johnny Davis,18:04,Landry Shamet,15:57,Eugene Omoruyi,6:39
2,.200,10,58.824,7,1.75,100,3,4,80.0,6,.353,4.0,57.1,7.0,17,1,.500,2,11.765,Logos via Sports Logos.net / About logos,W,https://www.basketball-reference.com/boxscores/202403080WAS.html,Home,112,34:05,1,20.0,CHO,Miles Bridges,,,,,,,,,,,,,40:43,Grant Williams,37:57,Vasilije Micić,32:00,Dāvis Bertāns,31:40,Brandon Miller,30:08,Nick Richards,30:05,Nick Smith Jr.,16:00,JT Thor,11:15,Bryce McGowens,10:12,100,2,15,8.0,53.3,6.0,40.0,1.0,6.7,Jordan Poole,12,2,2023-2024,5.0,4,5.0,WAS,112,Kyle Kuzma,,,,,,,,,,,,,39:56,Richaun Holmes,36:02,Deni Avdija,35:03,Corey Kispert,30:00,Bilal Coulibaly,27:05,Tyus Jones,21:45,Johnny Davis,7:31,Eugene Omoruyi,6:10,Anthony Gill,2:23
2,.400,5,83.333,6,1.50,110,0,4,100.0,2,.333,0.0,0.0,1.0,6,0,,0,0.000,Logos via Sports Logos.net / About logos,W,https://www.basketball-reference.com/boxscores/202403100MIA.html,Away,108,22:34,0,0.0,MIA,Jimmy Butler,Orlando Robinson,2:42,,,,,,,,,,,36:29,Bam Adebayo,34:59,Terry Rozier,34:59,Duncan Robinson,33:33,Caleb Martin,30:28,Jaime Jaquez Jr.,24:51,Nikola Jović,22:53,Patty Mills,14:04,Haywood Highsmith,4:59,108,5,6,0.0,0.0,6.0,100.0,0.0,0.0,Jordan Poole,2,1,2023-2024,1.0,4,4.0,WAS,110,Corey Kispert,Anthony Gill,0:06,,,,,,,,,,,39:16,Kyle Kuzma,38:26,Tyus Jones,38:11,Bilal Coulibaly,36:19,Deni Avdija,35:29,Patrick Baldwin Jr.,11:07,Johnny Davis,8:47,Landry Shamet,7:01,Eugene Omoruyi,2:42
2,.333,6,54.545,4,2.00,97,1,2,66.7,4,.364,2.0,40.0,5.0,11,0,,0,0.000,Logos via Sports Logos.net / About logos,L,https://www.basketball-reference.com/boxscores/202403120MEM.html,Away,109,26:32,1,33.3,MEM,John Konchar,,,,,,,,,,,,,32:33,Jordan Goodwin,32:09,Trey Jemison,31:08,Santi Aldama,29:54,GG Jackson II,26:38,Luke Kennard,26:08,Jake LaRavia,23:41,DeJon Jarreau,20:57,Wenyen Gabriel,16:52,109,2,10,4.0,40.0,6.0,60.0,0.0,0.0,Jordan Poole,12,0,2023-2024,1.0,2,3.0,WAS,97,Kyle Kuzma,Anthony Gill,4:13,,,,,,,,,,,36:33,Corey Kispert,35:52,Deni Avdija,35:43,Tyus Jones,34:10,Bilal Coulibaly,32:21,Patrick Baldwin Jr.,11:27,Jared Butler,10:08,Eugene Omoruyi,7:55,Johnny Davis,5:06
5,.417,12,63.158,2,1.00,119,0,1,100.0,10,.526,5.0,71.4,7.0,19,0,,0,0.000,Logos via Sports Logos.net / About logos,L,https://www.basketball-reference.com/boxscores/202403140HOU.html,Away,135,31:33,0,0.0,HOU,Fred VanVleet,Aaron Holiday,10:55,Jeenathan Williams,2:11,,,,,,,,,37:13,Jalen Green,36:48,Dillon Brooks,31:02,Amen Thompson,27:37,Jock Landale,26:44,Jabari Smith Jr.,25:50,Jae'Sean Tate,14:39,Reggie Bullock,14:07,Jeff Green,12:54,135,4,25,10.0,40.0,15.0,60.0,0.0,0.0,Jordan Poole,16,2,2023-2024,2.0,2,1.0,WAS,119,Deni Avdija,Anthony Gill,3:59,Jules Bernard,3:00,Justin Champagnie,3:00,,,,,,,36:02,Bilal Coulibaly,33:55,Tyus Jones,30:57,Kyle Kuzma,30:50,Corey Kispert,26:56,Jared Butler,13:45,Patrick Baldwin Jr.,11:46,Johnny Davis,7:32,Eugene Omoruyi,6:45
3,.500,6,50.000,8,2.00,98,0,0,,4,.333,1.0,16.7,6.0,12,2,1.000,2,16.667,Logos via Sports Logos.net / About logos,L,https://www.basketball-reference.com/boxscores/202403160CHI.html,Away,127,22:31,0,,CHI,Ayo Dosunmu,Terry Taylor,2:23,Adama Sanogo,1:08,Andrew Funk,1:08,,,,,,,40:30,DeMar DeRozan,34:53,Alex Caruso,34:12,Nikola Vučević,30:41,Onuralp Bitim,23:56,Jevon Carter,19:06,Dalen Terry,18:40,Torrey Craig,18:27,Andre Drummond,14:56,127,0,13,2.0,15.4,9.0,69.2,2.0,15.4,Jordan Poole,29,1,2023-2024,1.0,4,0.0,WAS,98,Bilal Coulibaly,Anthony Gill,4:36,Jules Bernard,3:40,,,,,,,,,30:21,Kyle Kuzma,28:57,Corey Kispert,28:54,Richaun Holmes,26:01,Justin Champagnie,25:02,Jared Butler,21:49,Eugene Omoruyi,17:23,Patrick Baldwin Jr.,15:58,Johnny Davis,14:48
3,.500,6,31.579,4,4.00,130,0,1,50.0,12,.632,9.0,69.2,13.0,19,4,.800,5,26.316,Logos via Sports Logos.net / About logos,L,https://www.basketball-reference.com/boxscores/202403170WAS.html,Home,104,23:23,1,50.0,BOS,Payton Pritchard,Xavier Tillman Sr.,14:46,Neemias Queta,8:22,,,,,,,,,34:54,Oshae Brissett,28:54,Jayson Tatum,26:36,Sam Hauser,22:49,Al Horford,22:48,Svi Mykhailiuk,22:35,Jrue Holiday,22:13,Luke Kornet,20:03,Jaden Springer,16:00,130,2,31,18.0,58.1,9.0,29.0,4.0,12.9,Jordan Poole,26,0,2023-2024,0.0,1,2.0,WAS,104,Justin Champagnie,,,,,,,,,,,,,36:02,Patrick Baldwin Jr.,31:50,Anthony Gill,24:44,Jules Bernard,23:49,Johnny Davis,22:24,Jared Butler,22:07,Corey Kispert,21:09,Richaun Holmes,19:12,Eugene Omoruyi,15:20
2,.333,6,33.333,2,1.00,137,0,5,100.0,5,.278,3.0,25.0,12.0,18,1,1.000,1,5.556,Logos via Sports Logos.net / About logos,L,https://www.basketball-reference.com/boxscores/202403190WAS.html,Home,114,27:33,0,0.0,HOU,Jalen Green,Reggie Bullock,8:16,Jeenathan Williams,2:29,Boban Marjanović,2:07,,,,,,,35:42,Amen Thompson,32:14,Fred VanVleet,32:07,Jabari Smith Jr.,30:40,Dillon Brooks,23:28,Aaron Holiday,20:58,Jock Landale,19:45,Jeff Green,17:34,Jae'Sean Tate,14:40,137,4,13,6.0,46.2,6.0,46.2,1.0,7.7,Jordan Poole,23,0,2023-2024,0.0,2,5.0,WAS,114,Corey Kispert,,,,,,,,,,,,,35:20,Justin Champagnie,31:16,Jared Butler,30:50,Johnny Davis,27:17,Richaun Holmes,25:57,Anthony Gill,22:03,Patrick Baldwin Jr.,20:46,Jules Bernard,18:58,,
1,.250,4,36.364,2,0.67,102,0,1,50.0,5,.455,4.0,57.1,7.0,11,3,1.000,3,27.273,Logos via Sports Logos.net / About logos,W,https://www.basketball-reference.com/boxscores/202403210WAS.html,Home,109,35:58,1,50.0,SAC,Domantas Sabonis,Alex Len,8:36,,,,,,,,,,,38:37,De'Aaron Fox,36:47,Keegan Murray,29:33,Malik Monk,29:29,Harrison Barnes,28:12,Keon Ellis,20:50,Davion Mitchell,19:22,Chris Duarte,19:18,Kessler Edwards,9:12,102,2,14,8.0,57.1,3.0,21.4,3.0,21.4,Jordan Poole,7,3,2023-2024,3.0,3,2.0,WAS,109,Corey Kispert,,,,,,,,,,,,,37:27,Kyle Kuzma,36:34,Deni Avdija,31:59,Richaun Holmes,29:28,Jared Butler,19:05,Anthony Gill,18:16,Johnny Davis,13:08,Patrick Baldwin Jr.,9:27,Justin Champagnie,8:36
2,.250,8,57.143,12,4.00,109,0,3,75.0,6,.429,4.0,66.7,6.0,14,4,1.000,4,28.571,Logos via Sports Logos.net / About logos,W,https://www.basketball-reference.com/boxscores/202403230WAS.html,Home,112,38:07,1,25.0,TOR,Gary Trent Jr.,Mouhamadou Gueye,7:23,,,,,,,,,,,34:26,Gradey Dick,33:39,Bruce Brown,32:30,Kelly Olynyk,32:22,Ochai Agbaji,32:02,Javon Freeman-Liberty,23:00,Jahmi'us Ramsey,18:05,Jordan Nwora,15:42,Garrett Temple,10:51,109,3,18,8.0,44.4,6.0,33.3,4.0,22.2,Jordan Poole,3,3,2023-2024,3.0,3,4.0,WAS,112,Deni Avdija,Justin Champagnie,2:55,,,,,,,,,,,35:49,Kyle Kuzma,34:17,Corey Kispert,33:08,Richaun Holmes,28:13,Jared Butler,19:51,Johnny Davis,17:12,Marvin Bagley III,16:24,Patrick Baldwin Jr.,11:04,Tristan Vukcevic,3:00
4,.333,12,60.000,5,2.50,107,0,2,66.7,8,.400,4.0,50.0,8.0,20,3,1.000,3,15.000,Logos via Sports Logos.net / About logos,W,https://www.basketball-reference.com/boxscores/202403250CHI.html,Away,105,29:19,1,33.3,CHI,DeMar DeRozan,Onuralp Bitim,4:21,,,,,,,,,,,37:46,Coby White,36:17,Ayo Dosunmu,33:45,Alex Caruso,33:13,Nikola Vučević,29:39,Torrey Craig,19:01,Andre Drummond,18:33,Jevon Carter,15:57,Dalen Terry,11:28,105,4,23,8.0,34.8,12.0,52.2,3.0,13.0,Jordan Poole,2,0,2023-2024,0.0,2,3.0,WAS,107,Corey Kispert,Anthony Gill,0:02,,,,,,,,,,,38:34,Richaun Holmes,30:38,Justin Champagnie,27:44,Jared Butler,27:22,Patrick Baldwin Jr.,26:24,Johnny Davis,20:16,Marvin Bagley III,17:20,Jules Bernard,13:21,Tristan Vukcevic,9:00
5,.417,12,50.000,8,2.00,122,0,7,100.0,15,.625,10.0,83.3,12.0,24,3,1.000,3,12.500,Logos via Sports Logos.net / About logos,L,https://www.basketball-reference.com/boxscores/202403270WAS.html,Home,119,44:30,0,0.0,BRK,Mikal Bridges,Jacob Gilyard,3:30,,,,,,,,,,,47:23,Cam Thomas,45:08,Dennis Schröder,42:43,Nic Claxton,37:29,Dorian Finney-Smith,36:09,Trendon Watford,19:23,Day'Ron Sharpe,14:09,Noah Clowney,10:35,Jalen Wilson,8:28,122,4,38,20.0,52.6,15.0,39.5,3.0,7.9,Jordan Poole,3,0,2023-2024,0.0,4,7.0,WAS,119,Kyle Kuzma,Patrick Baldwin Jr.,3:32,,,,,,,,,,,43:33,Corey Kispert,40:06,Deni Avdija,37:49,Marvin Bagley III,24:50,Jared Butler,21:27,Johnny Davis,16:42,Anthony Gill,15:58,Richaun Holmes,12:17,Tristan Vukcevic,4:14
1,.125,8,53.333,6,1.20,96,1,3,100.0,3,.200,2.0,28.6,7.0,15,0,,0,0.000,Logos via Sports Logos.net / About logos,L,https://www.basketball-reference.com/boxscores/202403290WAS.html,Home,87,37:14,0,0.0,DET,Jaden Ivey,,,,,,,,,,,,,37:27,Cade Cunningham,36:56,Jalen Duren,34:41,Tosan Evbuomwan,33:03,Chimezie Metu,26:05,Evan Fournier,25:34,Troy Brown Jr.,18:53,Malachi Flynn,14:02,James Wiseman,13:19,96,3,7,4.0,57.1,3.0,42.9,0.0,0.0,Jordan Poole,9,0,2023-2024,1.0,5,3.0,WAS,87,Deni Avdija,Tristan Vukcevic,2:24,,,,,,,,,,,38:45,Corey Kispert,37:58,Kyle Kuzma,36:37,Marvin Bagley III,27:09,Jared Butler,20:17,Anthony Gill,17:51,Johnny Davis,9:59,Patrick Baldwin Jr.,7:09,Jules Bernard,4:36
4,.333,12,60.000,8,2.00,119,0,3,75.0,8,.400,4.0,50.0,8.0,20,2,1.000,2,10.000,Logos via Sports Logos.net / About logos,L,https://www.basketball-reference.com/boxscores/202403310WAS.html,Home,107,34:06,1,25.0,MIA,Bam Adebayo,Jamal Cain,0:32,Orlando Robinson,0:32,Cole Swider,0:32,Alondes Williams,0:32,,,,,37:20,Terry Rozier,35:03,Jimmy Butler,34:52,Haywood Highsmith,29:19,Duncan Robinson,28:05,Nikola Jović,22:27,Delon Wright,21:17,Jaime Jaquez Jr.,19:18,Thomas Bryant,10:07,119,3,22,8.0,36.4,12.0,54.5,2.0,9.1,Jordan Poole,12,1,2023-2024,1.0,4,4.0,WAS,107,Corey Kispert,,,,,,,,,,,,,40:48,Deni Avdija,38:16,Marvin Bagley III,25:53,Jared Butler,22:45,Anthony Gill,20:01,Johnny Davis,18:44,Patrick Baldwin Jr.,17:55,Tristan Vukcevic,13:20,Jules Bernard,8:10
1,.167,6,42.857,13,4.33,113,0,4,100.0,6,.429,5.0,62.5,8.0,14,3,1.000,3,21.429,Logos via Sports Logos.net / About logos,W,https://www.basketball-reference.com/boxscores/202404020WAS.html,Home,117,35:18,0,0.0,MIL,Giannis Antetokounmpo,Danilo Gallinari,5:36,,,,,,,,,,,36:19,Khris Middleton,30:51,Malik Beasley,29:54,Pat Connaughton,29:09,Brook Lopez,26:25,Bobby Portis,25:29,Patrick Beverley,21:57,Jae Crowder,20:44,A.J. Green,13:34,113,3,16,10.0,62.5,3.0,18.8,3.0,18.8,Jordan Poole,4,2,2023-2024,2.0,3,4.0,WAS,117,Deni Avdija,,,,,,,,,,,,,38:49,Corey Kispert,38:04,Anthony Gill,38:01,Tristan Vukcevic,31:02,Johnny Davis,17:52,Jared Butler,17:29,Eugene Omoruyi,14:01,Marvin Bagley III,9:21,,
5,.556,9,47.368,5,1.67,125,0,2,100.0,10,.526,5.0,50.0,10.0,19,4,1.000,4,21.053,Logos via Sports Logos.net / About logos,L,https://www.basketball-reference.com/boxscores/202404030WAS.html,Home,120,34:01,0,0.0,LAL,Anthony Davis,Max Christie,4:14,Colin Castleton,1:03,Maxwell Lewis,1:03,,,,,,,38:08,D'Angelo Russell,37:32,LeBron James,36:11,Austin Reaves,35:02,Rui Hachimura,27:28,Spencer Dinwiddie,19:09,Taurean Prince,15:54,Gabe Vincent,14:21,Jaxson Hayes,9:51,125,1,29,10.0,34.5,15.0,51.7,4.0,13.8,Jordan Poole,5,2,2023-2024,2.0,3,2.0,WAS,120,Kyle Kuzma,Jules Bernard,1:21,,,,,,,,,,,38:33,Corey Kispert,34:51,Jared Butler,29:20,Deni Avdija,21:36,Anthony Gill,20:44,Tristan Vukcevic,20:32,Justin Champagnie,18:35,Eugene Omoruyi,10:29,Patrick Baldwin Jr.,9:57
3,.300,10,50.000,9,4.50,108,0,4,80.0,8,.400,5.0,50.0,10.0,20,1,.500,2,10.000,Logos via Sports Logos.net / About logos,L,https://www.basketball-reference.com/boxscores/202404050WAS.html,Home,102,35:29,1,20.0,POR,Deandre Ayton,,,,,,,,,,,,,40:27,Jabari Walker,39:24,Dalano Banton,33:34,Rayan Rupert,31:59,Scoot Henderson,30:27,Kris Murray,28:05,Justin Minaya,25:29,Duop Reath,10:35,,,108,1,20,10.0,50.0,9.0,45.0,1.0,5.0,Jordan Poole,6,0,2023-2024,0.0,2,5.0,WAS,102,Corey Kispert,,,,,,,,,,,,,40:35,Deni Avdija,38:30,Anthony Gill,30:36,Tristan Vukcevic,24:12,Johnny Davis,20:31,Eugene Omoruyi,17:04,Justin Champagnie,13:28,Jared Butler,12:46,Patrick Baldwin Jr.,6:49
4,.400,10,43.478,12,4.00,122,0,3,75.0,10,.435,6.0,46.2,13.0,23,5,1.000,5,21.739,Logos via Sports Logos.net / About logos,L,https://www.basketball-reference.com/boxscores/202404070TOR.html,Away,130,39:59,1,25.0,TOR,Immanuel Quickley,Malik Williams,4:40,Jalen McDaniels,3:54,,,,,,,,,36:23,RJ Barrett,36:11,Gary Trent Jr.,35:06,Kelly Olynyk,34:33,Ochai Agbaji,27:34,Gradey Dick,24:30,Bruce Brown,19:41,Garrett Temple,8:48,Javon Freeman-Liberty,8:40,130,2,29,12.0,41.4,12.0,41.4,5.0,17.2,Jordan Poole,8,2,2023-2024,2.0,3,4.0,WAS,122,Deni Avdija,,,,,,,,,,,,,41:14,Corey Kispert,39:33,Patrick Baldwin Jr.,33:26,Tristan Vukcevic,23:24,Eugene Omoruyi,21:00,Jared Butler,16:50,Justin Champagnie,13:55,Johnny Davis,6:19,Jules Bernard,4:20
5,.385,13,59.091,6,3.00,121,0,2,66.7,9,.409,4.0,44.4,9.0,22,1,1.000,1,4.545,Logos via Sports Logos.net / About logos,L,https://www.basketball-reference.com/boxscores/202404090MIN.html,Away,130,32:46,1,33.3,MIN,Rudy Gobert,Leonard Miller,1:11,Josh Minott,1:11,Wendell Moore Jr.,1:11,Daishen Nix,1:11,T.J. Warren,1:11,,,38:21,Anthony Edwards,37:34,Nickeil Alexander-Walker,31:00,Mike Conley,28:00,Jaden McDaniels,27:33,Kyle Anderson,26:24,Jordan McLaughlin,25:07,Monte Morris,11:41,Naz Reid,8:24,130,2,24,8.0,33.3,15.0,62.5,1.0,4.2,Jordan Poole,9,1,2023-2024,1.0,2,3.0,WAS,121,Patrick Baldwin Jr.,,,,,,,,,,,,,38:21,Corey Kispert,36:15,Anthony Gill,35:32,Deni Avdija,35:00,Jared Butler,22:04,Johnny Davis,19:41,Eugene Omoruyi,12:28,Jules Bernard,7:51,,
