3P,3P%,3PA,3PAr,AST,AST/TOV,Away_Score,BLK,DRB,DRB_Pct_of_TRB,FG,FG%,FG2,FG2%,FG2A,FGA,FT,FT%,FTA,FTr,Game_Date,Game_Result,Game_URL,Home/Away,Home_Score,MP,ORB,ORB_Pct_of_TRB,Opponent,Opponent_1,Opponent_10,Opponent_10_MP,Opponent_11,Opponent_11_MP,Opponent_12,Opponent_12_MP,Opponent_13,Opponent_13_MP,Opponent_14,Opponent_14_MP,Opponent_15,Opponent_15_MP,Opponent_1_MP,Opponent_2,Opponent_2_MP,Opponent_3,Opponent_3_MP,Opponent_4,Opponent_4_MP,Opponent_5,Opponent_5_MP,Opponent_6,Opponent_6_MP,Opponent_7,Opponent_7_MP,Opponent_8,Opponent_8_MP,Opponent_9,Opponent_9_MP,Opponent_Score,PF,PTS,PTS_2P,PTS_2P_Pct,PTS_3P,PTS_3P_Pct,PTS_FT,PTS_FT_Pct,Player,Point_Differential,STL,Season,Stocks,TOV,TRB,Team,Team_Score,Teammate_1,Teammate_10,Teammate_10_MP,Teammate_11,Teammate_11_MP,Teammate_12,Teammate_12_MP,Teammate_13,Teammate_13_MP,Teammate_14,Teammate_14_MP,Teammate_15,Teammate_15_MP,Teammate_1_MP,Teammate_2,Teammate_2_MP,Teammate_3,Teammate_3_MP,Teammate_4,Teammate_4_MP,Teammate_5,Teammate_5_MP,Teammate_6,Teammate_6_MP,Teammate_7,Teammate_7_MP,Teammate_8,Teammate_8_MP,Teammate_9,Teammate_9_MP
0,,0,0.000,0,0.00,95,0,0,0.0,0,.000,0.0,0.0,2.0,2,0,,0,0.000,Logos via Sports Logos.net / About logos,L,https://www.basketball-reference.com/boxscores/201310300NOP.html,Home,90,7:09,1,100.0,IND,Lance Stephenson,,,,,,,,,,,,,41:20,Paul George,39:26,George Hill,35:43,David West,33:21,Ian Mahinmi,24:14,Roy Hibbert,21:37,Luis Scola,16:35,C.J. Watson,15:08,Orlando Johnson,12:36,95,1,0,0.0,,0.0,,0.0,,Lance Thomas,5,0,2013-2014,0.0,1,1.0,NOP,90,Anthony Davis,Anthony Morrow,14:04,,,,,,,,,,,37:44,Jrue Holiday,36:08,Eric Gordon,33:29,Al-Farouq Aminu,23:13,Tyreke Evans,22:40,Jason Smith,20:27,Arinze Onuaku,15:25,Greg Stiemsma,14:58,Brian Roberts,14:43
0,,0,0.000,0,0.00,84,0,2,100.0,1,.500,1.0,50.0,2.0,2,2,.500,4,200.000,Logos via Sports Logos.net / About logos,W,https://www.basketball-reference.com/boxscores/201311020NOP.html,Home,105,13:49,0,0.0,CHA,Ramon Sessions,Cody Zeller,9:34,Ben Gordon,8:46,Jannero Pargo,4:42,,,,,,,34:16,Kemba Walker,27:09,Gerald Henderson,26:59,Bismack Biyombo,25:30,Jeff Taylor,24:59,Anthony Tolliver,23:32,Jeff Adrien,22:30,Michael Kidd-Gilchrist,17:09,Josh McRoberts,14:54,84,1,4,2.0,50.0,0.0,0.0,2.0,50.0,Lance Thomas,21,0,2013-2014,0.0,1,2.0,NOP,105,Anthony Davis,Jeff Withey,1:42,,,,,,,,,,,36:40,Jrue Holiday,32:28,Tyreke Evans,31:07,Jason Smith,27:09,Al-Farouq Aminu,22:14,Anthony Morrow,21:32,Eric Gordon,21:06,Greg Stiemsma,16:41,Brian Roberts,15:32
0,,0,,0,,99,0,0,,0,,0.0,,0.0,0,0,,0,,Logos via Sports Logos.net / About logos,W,https://www.basketball-reference.com/boxscores/201311060MEM.html,Away,84,3:45,0,,MEM,Mike Conley,Jon Leuer,12:43,Jamaal Franklin,10:33,Nick Calathes,10:09,Zach Randolph,7:53,,,,,33:41,Marc Gasol,30:41,Ed Davis,24:16,Mike Miller,23:54,Tony Allen,21:52,Kosta Koufos,17:12,Tayshaun Prince,16:46,Quincy Pondexter,16:46,Jerryd Bayless,13:34,84,0,0,0.0,,0.0,,0.0,,Lance Thomas,15,0,2013-2014,0.0,0,0.0,NOP,99,Anthony Davis,Austin Rivers,0:05,,,,,,,,,,,36:48,Eric Gordon,33:58,Jrue Holiday,30:37,Tyreke Evans,30:03,Jason Smith,28:47,Greg Stiemsma,24:20,Al-Farouq Aminu,23:49,Brian Roberts,16:06,Anthony Morrow,11:42
0,,0,0.000,2,,85,0,2,66.7,0,.000,0.0,0.0,1.0,1,0,,0,0.000,Logos via Sports Logos.net / About logos,W,https://www.basketball-reference.com/boxscores/201311080NOP.html,Home,96,10:22,1,33.3,LAL,Jodie Meeks,,,,,,,,,,,,,41:35,Steve Blake,36:29,Nick Young,28:27,Pau Gasol,27:30,Chris Kaman,23:31,Jordan Farmar,22:39,Jordan Hill,22:17,Wesley Johnson,21:09,Xavier Henry,16:23,85,2,0,0.0,,0.0,,0.0,,Lance Thomas,11,0,2013-2014,0.0,0,3.0,NOP,96,Jrue Holiday,Arinze Onuaku,0:09,Jeff Withey,0:09,Austin Rivers,0:08,,,,,,,39:25,Anthony Davis,37:10,Eric Gordon,31:09,Jason Smith,29:23,Tyreke Evans,26:46,Al-Farouq Aminu,18:30,Greg Stiemsma,18:28,Anthony Morrow,16:44,Brian Roberts,11:37
0,,0,0.000,1,,94,0,1,100.0,1,.250,1.0,25.0,4.0,4,0,,0,0.000,Logos via Sports Logos.net / About logos,L,https://www.basketball-reference.com/boxscores/201311100PHO.html,Away,101,7:09,0,0.0,PHO,Markieff Morris,Dionte Christmas,5:26,Viacheslav Kravtsov,1:42,,,,,,,,,33:53,Eric Bledsoe,33:21,Goran Dragić,29:34,Miles Plumlee,27:54,Gerald Green,24:59,P.J. Tucker,23:53,Marcus Morris,22:13,Channing Frye,20:24,Archie Goodwin,16:41,101,0,2,2.0,100.0,0.0,0.0,0.0,0.0,Lance Thomas,7,0,2013-2014,0.0,0,1.0,NOP,94,Jason Smith,Greg Stiemsma,3:59,,,,,,,,,,,41:15,Anthony Davis,36:17,Jrue Holiday,35:53,Eric Gordon,32:20,Anthony Morrow,28:05,Al-Farouq Aminu,25:30,Austin Rivers,11:56,Brian Roberts,10:24,Tyreke Evans,7:12
0,,0,0.000,2,,89,0,2,66.7,7,.700,7.0,70.0,10.0,10,0,,0,0.000,Logos via Sports Logos.net / About logos,L,https://www.basketball-reference.com/boxscores/201410290POR.html,Away,106,31:11,1,33.3,POR,Wesley Matthews,Dorell Wright,4:50,Allen Crabbe,2:20,Thomas Robinson,2:20,Will Barton,2:20,,,,,34:38,Nicolas Batum,34:12,LaMarcus Aldridge,34:06,Robin Lopez,32:24,Damian Lillard,29:38,Chris Kaman,21:30,Steve Blake,20:19,CJ McCollum,15:43,Joel Freeland,5:40,106,2,14,14.0,100.0,0.0,0.0,0.0,0.0,Lance Thomas,17,0,2014-2015,0.0,0,3.0,OKC,89,Andre Roberson,,,,,,,,,,,,,34:56,Russell Westbrook,32:39,Perry Jones,30:41,Serge Ibaka,28:32,Steven Adams,26:37,Kendrick Perkins,20:35,Nick Collison,19:28,Sebastian Telfair,15:21,,
0,,0,0.000,2,2.00,90,0,0,0.0,1,.333,1.0,33.3,3.0,3,2,1.000,2,66.667,Logos via Sports Logos.net / About logos,L,https://www.basketball-reference.com/boxscores/201410300LAC.html,Away,93,18:41,1,100.0,LAC,Blake Griffin,Ekpe Udoh,3:32,,,,,,,,,,,38:27,Chris Paul,37:36,DeAndre Jordan,35:18,JJ Redick,29:34,Jamal Crawford,27:14,Matt Barnes,26:50,Spencer Hawes,18:39,Chris Douglas-Roberts,12:26,Jordan Farmar,10:24,93,1,4,2.0,50.0,0.0,0.0,2.0,50.0,Lance Thomas,3,0,2014-2015,0.0,1,1.0,OKC,90,Perry Jones,,,,,,,,,,,,,41:42,Sebastian Telfair,37:41,Andre Roberson,37:11,Serge Ibaka,32:44,Steven Adams,29:03,Kendrick Perkins,18:57,Nick Collison,15:18,Russell Westbrook,8:43,,
0,,0,0.000,2,1.00,91,0,6,75.0,3,.333,3.0,33.3,9.0,9,6,.667,9,100.000,Logos via Sports Logos.net / About logos,W,https://www.basketball-reference.com/boxscores/201411010OKC.html,Home,102,25:07,2,25.0,DEN,Arron Afflalo,Nate Robinson,13:16,Darrell Arthur,9:26,Jusuf Nurkić,5:36,,,,,,,36:10,Ty Lawson,34:44,Kenneth Faried,25:03,Randy Foye,22:03,Danilo Gallinari,20:27,JaVale McGee,20:10,Timofey Mozgov,18:01,Wilson Chandler,17:59,Alonzo Gee,17:05,91,2,12,6.0,50.0,0.0,0.0,6.0,50.0,Lance Thomas,11,0,2014-2015,0.0,2,8.0,OKC,102,Perry Jones,,,,,,,,,,,,,40:36,Sebastian Telfair,38:35,Andre Roberson,35:25,Serge Ibaka,29:41,Steven Adams,26:49,Nick Collison,24:04,Kendrick Perkins,19:44,,,,
0,,0,0.000,0,0.00,85,0,2,66.7,1,.100,1.0,10.0,10.0,10,0,,0,0.000,Logos via Sports Logos.net / About logos,L,https://www.basketball-reference.com/boxscores/201411030BRK.html,Away,116,22:17,1,33.3,BRK,Deron Williams,Jerome Jordan,11:14,Jorge Gutiérrez,4:41,Sergey Karasev,4:41,Andrei Kirilenko,4:41,,,,,36:46,Joe Johnson,27:49,Jarrett Jack,27:37,Bojan Bogdanović,26:56,Brook Lopez,23:52,Mirza Teletović,20:59,Kevin Garnett,19:44,Alan Anderson,15:30,Mason Plumlee,15:30,116,0,2,2.0,100.0,0.0,0.0,0.0,0.0,Lance Thomas,31,1,2014-2015,1.0,1,3.0,OKC,85,Reggie Jackson,,,,,,,,,,,,,41:45,Sebastian Telfair,34:40,Perry Jones,33:50,Steven Adams,29:51,Serge Ibaka,29:00,Nick Collison,19:00,Kendrick Perkins,18:09,Andre Roberson,11:28,,
0,,0,0.000,1,0.50,88,0,4,80.0,6,.545,6.0,54.5,11.0,11,2,.667,3,27.273,Logos via Sports Logos.net / About logos,L,https://www.basketball-reference.com/boxscores/201411040TOR.html,Away,100,32:53,1,20.0,TOR,Patrick Patterson,Greg Stiemsma,12:35,Chuck Hayes,7:08,,,,,,,,,35:50,DeMar DeRozan,30:43,Kyle Lowry,30:43,Tyler Hansbrough,26:50,Terrence Ross,24:46,James Johnson,21:29,Lou Williams,18:50,Greivis Vásquez,18:17,Jonas Valančiūnas,12:49,100,0,14,12.0,85.7,0.0,0.0,2.0,14.3,Lance Thomas,12,1,2014-2015,1.0,2,5.0,OKC,88,Serge Ibaka,,,,,,,,,,,,,45:58,Reggie Jackson,41:43,Steven Adams,30:58,Sebastian Telfair,27:14,Nick Collison,26:38,Perry Jones,17:34,Kendrick Perkins,17:02,,,,
0,,0,0.000,1,0.33,91,0,6,100.0,1,.333,1.0,33.3,3.0,3,1,.500,2,66.667,Logos via Sports Logos.net / About logos,L,https://www.basketball-reference.com/boxscores/201411070OKC.html,Home,89,29:16,0,0.0,MEM,Marc Gasol,Jon Leuer,5:15,,,,,,,,,,,40:46,Courtney Lee,35:25,Mike Conley,35:00,Zach Randolph,34:33,Tony Allen,25:23,Vince Carter,19:08,Quincy Pondexter,16:04,Kosta Koufos,15:26,Beno Udrih,13:00,91,1,3,2.0,66.7,0.0,0.0,1.0,33.3,Lance Thomas,2,0,2014-2015,0.0,3,6.0,OKC,89,Reggie Jackson,,,,,,,,,,,,,41:28,Jeremy Lamb,41:23,Steven Adams,33:54,Serge Ibaka,33:01,Nick Collison,24:30,Sebastian Telfair,18:08,Kendrick Perkins,14:06,Ish Smith,4:14,,
0,,0,0.000,0,,93,0,1,50.0,2,.400,2.0,40.0,5.0,5,0,,0,0.000,Logos via Sports Logos.net / About logos,W,https://www.basketball-reference.com/boxscores/201411090OKC.html,Home,101,30:42,1,50.0,SAC,Rudy Gay,Omri Casspi,10:39,Ray McCallum,4:50,,,,,,,,,37:38,Darren Collison,34:54,DeMarcus Cousins,34:09,Jason Thompson,28:16,Ben McLemore,27:43,Carl Landry,19:22,Nik Stauskas,15:32,Reggie Evans,13:51,Ramon Sessions,13:06,93,3,4,4.0,100.0,0.0,0.0,0.0,0.0,Lance Thomas,8,2,2014-2015,2.0,0,2.0,OKC,101,Reggie Jackson,,,,,,,,,,,,,41:48,Serge Ibaka,35:08,Jeremy Lamb,34:09,Nick Collison,25:22,Kendrick Perkins,24:56,Steven Adams,22:44,Sebastian Telfair,17:18,Ish Smith,7:53,,
0,,0,0.000,0,0.00,78,0,1,33.3,2,.200,2.0,20.0,10.0,10,1,.500,2,20.000,Logos via Sports Logos.net / About logos,L,https://www.basketball-reference.com/boxscores/201411110MIL.html,Away,85,26:35,2,66.7,MIL,Brandon Knight,Nate Wolters,17:57,John Henson,5:08,,,,,,,,,34:06,O.J. Mayo,29:02,Giannis Antetokounmpo,25:40,Ersan İlyasova,23:09,Zaza Pachulia,22:29,Larry Sanders,22:14,Jerryd Bayless,20:46,Jabari Parker,20:31,Jared Dudley,18:58,85,1,5,4.0,80.0,0.0,0.0,1.0,20.0,Lance Thomas,7,1,2014-2015,1.0,2,3.0,OKC,78,Reggie Jackson,,,,,,,,,,,,,43:09,Serge Ibaka,35:14,Jeremy Lamb,34:18,Steven Adams,25:00,Kendrick Perkins,20:53,Sebastian Telfair,16:11,Nick Collison,14:53,Anthony Morrow,14:28,Ish Smith,9:19
0,,0,0.000,6,3.00,109,0,8,61.5,3,.600,3.0,60.0,5.0,5,1,.500,2,40.000,Logos via Sports Logos.net / About logos,W,https://www.basketball-reference.com/boxscores/201411120BOS.html,Away,94,39:06,5,38.5,BOS,Jeff Green,Gerald Wallace,4:43,James Young,3:31,,,,,,,,,39:10,Rajon Rondo,36:16,Jared Sullinger,33:31,Kelly Olynyk,32:17,Avery Bradley,31:45,Evan Turner,20:44,Tyler Zeller,15:24,Brandon Bass,14:07,Phil Pressey,8:32,94,2,7,6.0,85.7,0.0,0.0,1.0,14.3,Lance Thomas,15,0,2014-2015,0.0,2,13.0,OKC,109,Reggie Jackson,,,,,,,,,,,,,39:55,Anthony Morrow,31:26,Serge Ibaka,29:45,Nick Collison,27:09,Steven Adams,24:03,Kendrick Perkins,23:57,Jeremy Lamb,16:34,Sebastian Telfair,8:05,,
0,,0,0.000,1,,96,0,2,66.7,1,.143,1.0,14.3,7.0,7,0,,0,0.000,Logos via Sports Logos.net / About logos,L,https://www.basketball-reference.com/boxscores/201411140OKC.html,Home,89,20:32,1,33.3,DET,Kentavious Caldwell-Pope,,,,,,,,,,,,,41:15,Brandon Jennings,35:59,Josh Smith,35:36,Greg Monroe,34:18,Andre Drummond,32:03,Caron Butler,25:49,Kyle Singler,25:35,Jonas Jerebko,17:24,D.J. Augustin,17:01,96,0,2,2.0,100.0,0.0,0.0,0.0,0.0,Lance Thomas,7,0,2014-2015,0.0,0,3.0,OKC,89,Jeremy Lamb,,,,,,,,,,,,,44:56,Reggie Jackson,44:20,Serge Ibaka,41:57,Anthony Morrow,35:50,Steven Adams,31:59,Kendrick Perkins,17:43,Nick Collison,16:38,Sebastian Telfair,11:05,,
0,,0,0.000,2,,69,0,0,0.0,4,.364,4.0,36.4,11.0,11,7,.875,8,72.727,Logos via Sports Logos.net / About logos,L,https://www.basketball-reference.com/boxscores/201411160OKC.html,Home,65,26:11,1,100.0,HOU,Dwight Howard,Troy Daniels,4:17,,,,,,,,,,,39:48,James Harden,37:13,Trevor Ariza,37:01,Donatas Motiejūnas,32:22,Patrick Beverley,28:54,Jason Terry,19:12,Kostas Papanikolaou,15:01,Tarik Black,13:17,Francisco García,12:55,69,3,15,8.0,53.3,0.0,0.0,7.0,46.7,Lance Thomas,4,1,2014-2015,1.0,0,1.0,OKC,65,Reggie Jackson,,,,,,,,,,,,,36:36,Serge Ibaka,34:55,Anthony Morrow,28:40,Jeremy Lamb,25:23,Kendrick Perkins,22:47,Steven Adams,22:42,Sebastian Telfair,21:14,Nick Collison,15:36,Ish Smith,5:56
0,,0,0.000,0,0.00,81,0,4,50.0,3,.300,3.0,30.0,10.0,10,0,.000,1,10.000,Logos via Sports Logos.net / About logos,L,https://www.basketball-reference.com/boxscores/201411180UTA.html,Away,98,29:32,4,50.0,UTA,Alec Burks,Jeremy Evans,2:28,,,,,,,,,,,37:52,Trey Burke,37:22,Gordon Hayward,29:59,Enes Freedom,26:58,Derrick Favors,25:36,Joe Ingles,25:20,Trevor Booker,22:38,Rudy Gobert,16:23,Dante Exum,15:24,98,3,6,6.0,100.0,0.0,0.0,0.0,0.0,Lance Thomas,17,2,2014-2015,2.0,1,8.0,OKC,81,Jeremy Lamb,,,,,,,,,,,,,36:28,Anthony Morrow,34:18,Reggie Jackson,34:03,Steven Adams,26:37,Serge Ibaka,22:09,Nick Collison,21:33,Kendrick Perkins,21:23,Sebastian Telfair,9:48,Ish Smith,4:09
0,,0,0.000,2,,100,0,1,50.0,3,.375,3.0,37.5,8.0,8,0,,0,0.000,Logos via Sports Logos.net / About logos,L,https://www.basketball-reference.com/boxscores/201411190DEN.html,Away,107,19:33,1,50.0,DEN,Timofey Mozgov,Nate Robinson,12:05,,,,,,,,,,,35:55,Ty Lawson,35:55,Arron Afflalo,33:32,Kenneth Faried,30:04,Wilson Chandler,27:01,Danilo Gallinari,20:59,Darrell Arthur,17:56,Randy Foye,14:28,JaVale McGee,12:05,107,3,6,6.0,100.0,0.0,0.0,0.0,0.0,Lance Thomas,7,0,2014-2015,0.0,0,2.0,OKC,100,Reggie Jackson,,,,,,,,,,,,,37:08,Serge Ibaka,36:50,Sebastian Telfair,29:36,Anthony Morrow,28:11,Kendrick Perkins,24:13,Jeremy Lamb,20:44,Nick Collison,19:39,Steven Adams,17:25,Andre Roberson,6:41
0,,0,0.000,0,,94,0,2,66.7,2,.333,2.0,33.3,6.0,6,1,.500,2,33.333,Logos via Sports Logos.net / About logos,L,https://www.basketball-reference.com/boxscores/201411210OKC.html,Home,92,32:22,1,33.3,BRK,Brook Lopez,Mason Plumlee,2:55,,,,,,,,,,,34:41,Joe Johnson,32:19,Jarrett Jack,31:28,Deron Williams,31:26,Mirza Teletović,27:43,Alan Anderson,25:04,Bojan Bogdanović,23:43,Kevin Garnett,17:33,Jerome Jordan,13:08,94,3,5,4.0,80.0,0.0,0.0,1.0,20.0,Lance Thomas,2,1,2014-2015,1.0,0,3.0,OKC,92,Serge Ibaka,,,,,,,,,,,,,36:52,Reggie Jackson,34:00,Steven Adams,25:42,Anthony Morrow,25:16,Andre Roberson,21:37,Kendrick Perkins,18:00,Jeremy Lamb,16:45,Nick Collison,15:26,Sebastian Telfair,14:00
0,.000,1,16.667,0,0.00,91,0,1,100.0,1,.167,1.0,20.0,5.0,6,0,,0,0.000,Logos via Sports Logos.net / About logos,L,https://www.basketball-reference.com/boxscores/201411230OKC.html,Home,86,15:45,0,0.0,GSW,Draymond Green,Brandon Rush,7:23,Leandro Barbosa,5:45,,,,,,,,,40:28,Klay Thompson,38:09,Stephen Curry,38:07,Andre Iguodala,27:29,Marreese Speights,25:03,Harrison Barnes,23:23,Festus Ezeli,14:01,Shaun Livingston,12:03,Andrew Bogut,8:09,91,1,2,2.0,100.0,0.0,0.0,0.0,0.0,Lance Thomas,5,0,2014-2015,0.0,1,1.0,OKC,86,Reggie Jackson,,,,,,,,,,,,,35:59,Serge Ibaka,34:20,Andre Roberson,33:22,Anthony Morrow,33:11,Steven Adams,26:00,Kendrick Perkins,18:29,Nick Collison,16:15,Sebastian Telfair,15:06,Jeremy Lamb,11:33
0,,0,0.000,1,,82,0,3,100.0,0,.000,0.0,0.0,1.0,1,0,,0,0.000,Logos via Sports Logos.net / About logos,W,https://www.basketball-reference.com/boxscores/201411260OKC.html,Home,97,16:36,0,0.0,UTA,Gordon Hayward,,,,,,,,,,,,,36:20,Derrick Favors,35:30,Alec Burks,35:01,Enes Freedom,32:37,Trey Burke,31:09,Joe Ingles,24:39,Dante Exum,16:51,Trevor Booker,15:23,Rudy Gobert,12:30,82,1,0,0.0,,0.0,,0.0,,Lance Thomas,15,0,2014-2015,0.0,0,3.0,OKC,97,Serge Ibaka,Ish Smith,1:37,,,,,,,,,,,34:35,Reggie Jackson,33:23,Anthony Morrow,31:50,Andre Roberson,25:23,Kendrick Perkins,23:59,Steven Adams,23:58,Jeremy Lamb,23:48,Sebastian Telfair,13:03,Nick Collison,11:48
0,,0,0.000,0,0.00,78,0,1,16.7,3,.429,3.0,42.9,7.0,7,0,,0,0.000,Logos via Sports Logos.net / About logos,W,https://www.basketball-reference.com/boxscores/201411280OKC.html,Home,105,19:07,5,83.3,NYK,Tim Hardaway Jr.,Travis Wear,15:20,Cole Aldrich,12:28,Pablo Prigioni,11:32,,,,,,,25:40,Amar'e Stoudemire,25:24,Shane Larkin,25:07,Quincy Acy,22:53,José Calderón,22:53,J.R. Smith,22:00,Iman Shumpert,21:28,Samuel Dalembert,19:07,Jason Smith,16:08,78,6,6,6.0,100.0,0.0,0.0,0.0,0.0,Lance Thomas,27,1,2014-2015,1.0,1,6.0,OKC,105,Reggie Jackson,Grant Jerrett,8:39,Ish Smith,5:41,,,,,,,,,29:17,Andre Roberson,24:42,Russell Westbrook,23:48,Steven Adams,23:43,Anthony Morrow,23:31,Jeremy Lamb,22:07,Serge Ibaka,20:26,Kendrick Perkins,20:04,Nick Collison,18:55
0,,0,,0,,104,0,0,0.0,0,,0.0,,0.0,0,2,1.000,2,,Logos via Sports Logos.net / About logos,L,https://www.basketball-reference.com/boxscores/201412020NOP.html,Away,112,4:14,1,100.0,NOP,Anthony Davis,Jimmer Fredette,4:09,,,,,,,,,,,38:56,Tyreke Evans,38:49,Jrue Holiday,38:22,Ryan Anderson,34:52,Ömer Aşık,27:01,John Salmons,24:45,Luke Babbitt,15:17,Austin Rivers,11:53,Alexis Ajinça,5:56,112,3,2,0.0,0.0,0.0,0.0,2.0,100.0,Lance Thomas,8,0,2014-2015,0.0,0,1.0,OKC,104,Serge Ibaka,Nick Collison,6:37,Ish Smith,0:16,,,,,,,,,35:56,Reggie Jackson,33:39,Russell Westbrook,33:02,Kevin Durant,29:34,Anthony Morrow,23:03,Steven Adams,22:08,Kendrick Perkins,18:34,Andre Roberson,18:06,Jeremy Lamb,14:49
0,,0,0.000,0,0.00,103,0,0,,1,1.000,1.0,100.0,1.0,1,0,,0,0.000,Logos via Sports Logos.net / About logos,W,https://www.basketball-reference.com/boxscores/201412050PHI.html,Away,91,1:31,0,,PHI,Michael Carter-Williams,Brandon Davies,4:59,,,,,,,,,,,41:59,Nerlens Noel,34:22,K.J. McDaniels,32:32,Robert Covington,28:29,Hollis Thompson,27:17,Luc Mbah a Moute,27:14,Henry Sims,23:13,Jerami Grant,12:14,JaKarr Sampson,7:41,91,1,2,2.0,100.0,0.0,0.0,0.0,0.0,Lance Thomas,12,0,2014-2015,0.0,1,0.0,OKC,103,Serge Ibaka,Nick Collison,8:05,Perry Jones,6:12,Ish Smith,1:31,,,,,,,31:35,Russell Westbrook,30:43,Jeremy Lamb,29:34,Kevin Durant,29:08,Reggie Jackson,29:00,Kendrick Perkins,21:37,Anthony Morrow,20:01,Andre Roberson,17:51,Steven Adams,13:12
0,,0,,0,,101,0,1,100.0,0,,0.0,,0.0,0,0,,0,,Logos via Sports Logos.net / About logos,W,https://www.basketball-reference.com/boxscores/201412090OKC.html,Home,114,3:36,0,0.0,MIL,Brandon Knight,Larry Sanders,12:43,,,,,,,,,,,31:11,Zaza Pachulia,29:37,Jabari Parker,29:12,O.J. Mayo,29:08,Giannis Antetokounmpo,26:25,Jared Dudley,24:21,Khris Middleton,21:42,Jerryd Bayless,20:26,Kendall Marshall,15:15,101,1,0,0.0,,0.0,,0.0,,Lance Thomas,13,0,2014-2015,0.0,0,1.0,OKC,114,Russell Westbrook,Steven Adams,12:31,Ish Smith,3:36,,,,,,,,,32:07,Reggie Jackson,30:13,Kevin Durant,28:56,Serge Ibaka,24:05,Andre Roberson,22:40,Anthony Morrow,22:26,Kendrick Perkins,22:00,Perry Jones,21:34,Jeremy Lamb,16:16
0,,0,0.000,0,,75,0,1,100.0,1,.333,1.0,33.3,3.0,3,0,,0,0.000,Logos via Sports Logos.net / About logos,W,https://www.basketball-reference.com/boxscores/201412260OKC.html,Home,98,4:52,0,0.0,CHO,Kemba Walker,Gary Neal,17:08,Jeff Taylor,9:05,Jason Maxiell,8:07,Noah Vonleh,7:22,,,,,29:31,P.J. Hairston,27:14,Gerald Henderson,23:10,Marvin Williams,22:11,Al Jefferson,21:56,Michael Kidd-Gilchrist,19:23,Bismack Biyombo,18:36,Brian Roberts,18:35,Cody Zeller,17:42,75,1,2,2.0,100.0,0.0,0.0,0.0,0.0,Lance Thomas,23,1,2014-2015,1.0,0,1.0,OKC,98,Anthony Morrow,Reggie Jackson,14:43,Ish Smith,7:56,Grant Jerrett,7:56,,,,,,,28:17,Andre Roberson,26:06,Russell Westbrook,25:27,Steven Adams,25:04,Serge Ibaka,24:44,Perry Jones,20:54,Jeremy Lamb,20:43,Kendrick Perkins,17:58,Nick Collison,15:20
0,,0,,0,,107,0,1,100.0,0,,0.0,,0.0,0,0,,0,,Logos via Sports Logos.net / About logos,L,https://www.basketball-reference.com/boxscores/201412280DAL.html,Away,112,0:47,0,0.0,DAL,Chandler Parsons,Raymond Felton,1:13,,,,,,,,,,,34:53,Rajon Rondo,34:17,Monta Ellis,32:31,Dirk Nowitzki,29:03,Greg Smith,25:22,Devin Harris,23:44,J.J. Barea,22:35,Richard Jefferson,21:45,Charlie Villanueva,14:37,112,0,0,0.0,,0.0,,0.0,,Lance Thomas,5,0,2014-2015,0.0,0,1.0,OKC,107,Serge Ibaka,Nick Collison,10:40,,,,,,,,,,,37:20,Russell Westbrook,36:22,Reggie Jackson,35:20,Perry Jones,26:50,Steven Adams,25:29,Anthony Morrow,22:08,Andre Roberson,20:16,Kendrick Perkins,13:10,Ish Smith,11:38
0,,0,0.000,2,,79,0,4,100.0,2,.400,2.0,40.0,5.0,5,3,.750,4,80.000,Logos via Sports Logos.net / About logos,L,https://www.basketball-reference.com/boxscores/201501150MIL.html,Away,95,17:41,0,0.0,MIL,Brandon Knight,Johnny O'Bryant,10:08,Kendall Marshall,3:40,Kenyon Martin,1:58,,,,,,,35:16,Khris Middleton,33:23,Giannis Antetokounmpo,32:54,Zaza Pachulia,28:09,O.J. Mayo,24:14,Jared Dudley,22:32,John Henson,17:53,Jerryd Bayless,17:38,Ersan İlyasova,12:15,95,0,7,4.0,57.1,0.0,0.0,3.0,42.9,Lance Thomas,16,0,2014-2015,0.0,0,4.0,NYK,79,José Calderón,Amar'e Stoudemire,8:02,Pablo Prigioni,4:51,Quincy Acy,4:18,,,,,,,37:15,Langston Galloway,28:20,Carmelo Anthony,27:38,Tim Hardaway Jr.,25:36,Travis Wear,21:21,Shane Larkin,19:11,Lou Amundson,16:51,Cole Aldrich,14:30,Jason Smith,14:26
0,,0,0.000,1,,92,1,2,66.7,1,.250,1.0,25.0,4.0,4,2,1.000,2,50.000,Logos via Sports Logos.net / About logos,W,https://www.basketball-reference.com/boxscores/201501190NYK.html,Home,99,22:04,1,33.3,NOP,Tyreke Evans,Jeff Withey,2:54,Luke Babbitt,1:58,,,,,,,,,41:17,Eric Gordon,36:53,Ryan Anderson,36:51,Ömer Aşık,27:09,Alexis Ajinça,25:59,Quincy Pondexter,25:56,Dante Cunningham,23:13,Jimmer Fredette,10:10,Nate Wolters,7:40,92,0,4,2.0,50.0,0.0,0.0,2.0,50.0,Lance Thomas,7,1,2014-2015,2.0,0,3.0,NYK,99,Jason Smith,,,,,,,,,,,,,37:35,Carmelo Anthony,35:47,Langston Galloway,30:44,Tim Hardaway Jr.,27:00,Lou Amundson,24:09,José Calderón,22:32,Amar'e Stoudemire,20:30,Shane Larkin,15:11,Travis Wear,4:28
0,,0,0.000,3,,98,0,4,80.0,3,.300,3.0,30.0,10.0,10,0,,0,0.000,Logos via Sports Logos.net / About logos,W,https://www.basketball-reference.com/boxscores/201501210PHI.html,Away,91,23:43,1,20.0,PHI,Robert Covington,JaKarr Sampson,11:58,,,,,,,,,,,39:02,Michael Carter-Williams,37:43,Henry Sims,31:44,Jerami Grant,24:57,K.J. McDaniels,24:32,Furkan Aldemir,19:02,Larry Drew II,17:52,Malcolm Thomas,17:43,Hollis Thompson,15:27,91,0,6,6.0,100.0,0.0,0.0,0.0,0.0,Lance Thomas,7,0,2014-2015,0.0,0,5.0,NYK,98,Carmelo Anthony,,,,,,,,,,,,,39:43,Langston Galloway,34:02,Jason Smith,32:07,José Calderón,30:33,Lou Amundson,24:17,Tim Hardaway Jr.,20:16,Amar'e Stoudemire,15:53,Shane Larkin,11:09,Travis Wear,8:17
0,,0,0.000,4,4.00,106,0,3,75.0,8,.800,8.0,80.0,10.0,10,0,,0,0.000,Logos via Sports Logos.net / About logos,W,https://www.basketball-reference.com/boxscores/201501230NYK.html,Home,113,24:53,1,25.0,ORL,Nikola Vučević,Luke Ridnour,8:39,Ben Gordon,6:05,,,,,,,,,37:46,Elfrid Payton,37:13,Victor Oladipo,35:01,Channing Frye,34:47,Tobias Harris,28:50,Evan Fournier,16:56,Aaron Gordon,13:00,Devyn Marble,11:29,Kyle O'Quinn,10:14,106,0,16,16.0,100.0,0.0,0.0,0.0,0.0,Lance Thomas,7,2,2014-2015,2.0,1,4.0,NYK,113,Carmelo Anthony,Quincy Acy,4:50,Cleanthony Early,3:34,,,,,,,,,41:34,Jason Smith,33:39,Langston Galloway,30:47,José Calderón,19:51,Lou Amundson,19:21,Pablo Prigioni,18:50,Tim Hardaway Jr.,17:13,Cole Aldrich,16:09,Shane Larkin,9:19
0,,0,0.000,3,0.60,71,1,8,100.0,7,.500,7.0,50.0,14.0,14,2,.500,4,28.571,Logos via Sports Logos.net / About logos,L,https://www.basketball-reference.com/boxscores/201501240CHO.html,Away,76,41:25,0,0.0,CHO,Brian Roberts,Jason Maxiell,10:44,Bismack Biyombo,7:12,,,,,,,,,32:59,Cody Zeller,32:18,Al Jefferson,30:29,Michael Kidd-Gilchrist,29:54,Gerald Henderson,29:35,Lance Stephenson,28:40,Gary Neal,15:31,Marvin Williams,11:45,P.J. Hairston,10:53,76,3,16,14.0,87.5,0.0,0.0,2.0,12.5,Lance Thomas,5,1,2014-2015,2.0,5,8.0,NYK,71,Tim Hardaway Jr.,Quincy Acy,8:59,,,,,,,,,,,34:44,Langston Galloway,32:07,Jason Smith,31:53,Lou Amundson,22:18,Shane Larkin,18:46,Cole Aldrich,17:55,Amar'e Stoudemire,12:00,Pablo Prigioni,10:23,Travis Wear,9:30
0,,0,0.000,1,0.33,92,0,5,100.0,8,.615,8.0,61.5,13.0,13,1,.500,2,15.385,Logos via Sports Logos.net / About logos,W,https://www.basketball-reference.com/boxscores/201501280NYK.html,Home,100,24:48,0,0.0,OKC,Russell Westbrook,Andre Roberson,14:43,Ish Smith,1:35,,,,,,,,,34:33,Serge Ibaka,33:08,Steven Adams,29:32,Reggie Jackson,28:00,Perry Jones,24:23,Anthony Morrow,23:21,Dion Waiters,19:34,Nick Collison,16:11,Kendrick Perkins,15:00,92,0,17,16.0,94.1,0.0,0.0,1.0,5.9,Lance Thomas,8,0,2014-2015,0.0,3,5.0,NYK,100,Carmelo Anthony,Quincy Acy,4:14,,,,,,,,,,,38:29,Langston Galloway,36:46,Lou Amundson,32:27,Jason Smith,31:39,José Calderón,27:18,Tim Hardaway Jr.,22:37,Shane Larkin,10:08,Cole Aldrich,7:06,Pablo Prigioni,4:28
0,,0,0.000,0,0.00,82,0,2,100.0,4,.400,4.0,40.0,10.0,10,0,,0,0.000,Logos via Sports Logos.net / About logos,L,https://www.basketball-reference.com/boxscores/201501290IND.html,Away,103,24:12,0,0.0,IND,C.J. Watson,Chris Copeland,12:00,Lavoy Allen,9:24,,,,,,,,,35:43,Solomon Hill,32:59,Rodney Stuckey,31:31,David West,26:36,Ian Mahinmi,24:24,Roy Hibbert,23:36,Damjan Rudež,18:49,C.J. Miles,12:41,George Hill,12:17,103,2,8,8.0,100.0,0.0,0.0,0.0,0.0,Lance Thomas,21,0,2014-2015,0.0,2,2.0,NYK,82,Langston Galloway,,,,,,,,,,,,,34:54,Jason Smith,29:41,José Calderón,27:48,Carmelo Anthony,25:12,Lou Amundson,21:06,Quincy Acy,21:01,Tim Hardaway Jr.,20:22,Cleanthony Early,18:14,Shane Larkin,17:30
0,,0,0.000,0,0.00,80,0,1,100.0,1,.333,1.0,33.3,3.0,3,0,,0,0.000,Logos via Sports Logos.net / About logos,W,https://www.basketball-reference.com/boxscores/201502010NYK.html,Home,92,15:45,0,0.0,LAL,Wayne Ellington,Jordan Hill,7:20,,,,,,,,,,,37:55,Jordan Clarkson,34:22,Wesley Johnson,29:09,Carlos Boozer,24:44,Jeremy Lin,23:43,Robert Sacre,22:04,Ed Davis,21:35,Ryan Kelly,21:33,Tarik Black,17:35,80,0,2,2.0,100.0,0.0,0.0,0.0,0.0,Lance Thomas,12,1,2014-2015,1.0,2,1.0,NYK,92,Lou Amundson,,,,,,,,,,,,,35:54,Jason Smith,34:06,Carmelo Anthony,33:47,Langston Galloway,29:42,José Calderón,26:19,Tim Hardaway Jr.,23:27,Quincy Acy,20:37,Shane Larkin,20:23,,
0,,0,0.000,2,1.00,108,0,0,0.0,4,.571,4.0,57.1,7.0,7,3,.750,4,57.143,Logos via Sports Logos.net / About logos,L,https://www.basketball-reference.com/boxscores/201502030NYK.html,Home,97,24:51,2,100.0,BOS,Marcus Smart,,,,,,,,,,,,,36:43,Jared Sullinger,35:59,Avery Bradley,32:38,Evan Turner,32:34,Brandon Bass,30:01,Jae Crowder,28:55,James Young,17:01,Marcus Thornton,15:01,Tyler Zeller,11:08,108,2,11,8.0,72.7,0.0,0.0,3.0,27.3,Lance Thomas,11,1,2014-2015,1.0,2,2.0,NYK,97,Lou Amundson,,,,,,,,,,,,,36:22,Carmelo Anthony,32:52,José Calderón,30:59,Jason Smith,30:39,Langston Galloway,29:32,Tim Hardaway Jr.,22:59,Shane Larkin,16:11,Quincy Acy,12:58,Cleanthony Early,2:37
0,,0,0.000,2,,88,0,0,0.0,7,.538,7.0,53.8,13.0,13,0,,0,0.000,Logos via Sports Logos.net / About logos,L,https://www.basketball-reference.com/boxscores/201502060BRK.html,Away,92,29:25,1,100.0,BRK,Jarrett Jack,,,,,,,,,,,,,42:12,Joe Johnson,36:02,Alan Anderson,33:19,Brook Lopez,32:53,Bojan Bogdanović,30:37,Deron Williams,25:51,Kevin Garnett,21:57,Mason Plumlee,16:59,Cory Jefferson,0:10,92,3,14,14.0,100.0,0.0,0.0,0.0,0.0,Lance Thomas,4,1,2014-2015,1.0,0,1.0,NYK,88,Carmelo Anthony,,,,,,,,,,,,,36:32,Langston Galloway,36:01,José Calderón,33:29,Lou Amundson,22:30,Jason Smith,22:25,Amar'e Stoudemire,17:59,Shane Larkin,16:54,Tim Hardaway Jr.,15:29,Cole Aldrich,9:16
0,,0,0.000,0,0.00,106,0,4,100.0,4,.444,4.0,44.4,9.0,9,2,1.000,2,22.222,Logos via Sports Logos.net / About logos,L,https://www.basketball-reference.com/boxscores/201502070NYK.html,Home,92,34:41,0,0.0,GSW,Klay Thompson,Leandro Barbosa,12:39,,,,,,,,,,,38:25,Draymond Green,33:55,Stephen Curry,31:19,Harrison Barnes,26:21,Andre Iguodala,24:41,David Lee,22:24,Andrew Bogut,17:57,Shaun Livingston,16:41,Marreese Speights,15:38,106,1,10,8.0,80.0,0.0,0.0,2.0,20.0,Lance Thomas,14,0,2014-2015,0.0,2,4.0,NYK,92,Langston Galloway,Cleanthony Early,3:00,Travis Wear,2:23,,,,,,,,,35:35,Jason Smith,33:41,Tim Hardaway Jr.,29:39,Shane Larkin,27:38,José Calderón,23:26,Quincy Acy,17:18,Amar'e Stoudemire,16:45,Lou Amundson,9:56,Cole Aldrich,5:58
0,,0,0.000,0,0.00,95,0,0,,3,.500,3.0,50.0,6.0,6,0,,0,0.000,Logos via Sports Logos.net / About logos,L,https://www.basketball-reference.com/boxscores/201502090MIA.html,Away,109,18:14,0,,MIA,Chris Bosh,Udonis Haslem,2:32,Justin Hamilton,1:59,,,,,,,,,36:33,Mario Chalmers,35:26,Luol Deng,33:29,Norris Cole,29:14,Chris Andersen,26:47,Danny Granger,22:22,Shabazz Napier,21:36,Hassan Whiteside,18:41,Tyler Johnson,11:20,109,3,6,6.0,100.0,0.0,0.0,0.0,0.0,Lance Thomas,14,0,2014-2015,0.0,1,0.0,NYK,95,Carmelo Anthony,Cole Aldrich,3:01,Quincy Acy,3:01,,,,,,,,,31:58,Jason Smith,29:48,José Calderón,27:14,Shane Larkin,26:04,Langston Galloway,24:39,Lou Amundson,22:54,Amar'e Stoudemire,19:50,Tim Hardaway Jr.,19:40,Andrea Bargnani,13:37
0,,0,0.000,2,1.00,111,0,3,75.0,1,.111,1.0,11.1,9.0,9,0,,0,0.000,Logos via Sports Logos.net / About logos,L,https://www.basketball-reference.com/boxscores/201502200NYK.html,Home,87,19:22,1,25.0,MIA,Mario Chalmers,,,,,,,,,,,,,36:50,Luol Deng,34:01,Shabazz Napier,33:35,Udonis Haslem,27:52,Tyler Johnson,23:20,Dwyane Wade,21:55,Chris Andersen,21:23,James Ennis III,20:58,Hassan Whiteside,20:06,111,1,2,2.0,100.0,0.0,0.0,0.0,0.0,Lance Thomas,24,1,2014-2015,1.0,2,4.0,NYK,87,Langston Galloway,Lou Amundson,11:03,,,,,,,,,,,36:31,Tim Hardaway Jr.,29:57,José Calderón,29:32,Andrea Bargnani,23:46,Cleanthony Early,23:08,Jason Smith,22:57,Travis Wear,16:32,Quincy Acy,14:01,Cole Aldrich,13:11
0,,0,0.000,1,,101,0,2,40.0,5,.417,5.0,41.7,12.0,12,1,.500,2,16.667,Logos via Sports Logos.net / About logos,L,https://www.basketball-reference.com/boxscores/201502220NYK.html,Home,83,23:22,3,60.0,CLE,Iman Shumpert,Joe Harris,9:14,Brendan Haywood,6:06,,,,,,,,,29:46,J.R. Smith,29:05,Kevin Love,29:04,LeBron James,27:55,Kyrie Irving,26:41,Timofey Mozgov,24:01,Tristan Thompson,22:27,Matthew Dellavedova,21:19,James Jones,14:22,101,1,11,10.0,90.9,0.0,0.0,1.0,9.1,Lance Thomas,18,0,2014-2015,0.0,0,5.0,NYK,83,Langston Galloway,Cole Aldrich,5:37,Alexey Shved,3:24,,,,,,,,,38:12,Tim Hardaway Jr.,29:28,José Calderón,28:20,Andrea Bargnani,28:02,Jason Smith,23:31,Lou Amundson,21:50,Travis Wear,19:05,Quincy Acy,10:45,Cleanthony Early,8:24
0,,0,0.000,1,0.50,121,1,4,80.0,2,.333,2.0,33.3,6.0,6,3,1.000,3,50.000,Logos via Sports Logos.net / About logos,W,https://www.basketball-reference.com/boxscores/201502270DET.html,Away,115,23:12,1,20.0,DET,Greg Monroe,Shawne Williams,6:20,,,,,,,,,,,44:25,Kentavious Caldwell-Pope,42:21,Reggie Jackson,41:14,Andre Drummond,40:48,Jodie Meeks,32:30,Anthony Tolliver,24:27,Caron Butler,21:19,Tayshaun Prince,19:50,John Lucas III,16:46,115,0,7,4.0,57.1,0.0,0.0,3.0,42.9,Lance Thomas,6,0,2014-2015,1.0,2,5.0,NYK,121,Andrea Bargnani,Cole Aldrich,9:09,Travis Wear,6:20,,,,,,,,,36:17,Shane Larkin,35:44,Lou Amundson,35:17,Langston Galloway,34:17,Tim Hardaway Jr.,31:42,Jason Smith,28:35,Cleanthony Early,20:06,Alexey Shved,19:54,Quincy Acy,9:27
0,,0,0.000,3,3.00,98,1,2,40.0,3,.375,3.0,37.5,8.0,8,2,1.000,2,25.000,Logos via Sports Logos.net / About logos,W,https://www.basketball-reference.com/boxscores/201502280NYK.html,Home,103,25:50,3,60.0,TOR,DeMar DeRozan,,,,,,,,,,,,,40:18,Greivis Vásquez,33:59,Lou Williams,33:11,James Johnson,32:42,Patrick Patterson,27:45,Jonas Valančiūnas,27:30,Amir Johnson,19:58,Terrence Ross,15:49,Tyler Hansbrough,8:48,98,0,8,6.0,75.0,0.0,0.0,2.0,25.0,Lance Thomas,5,0,2014-2015,1.0,1,5.0,NYK,103,Tim Hardaway Jr.,,,,,,,,,,,,,35:27,Andrea Bargnani,31:20,Langston Galloway,26:12,Lou Amundson,24:26,Shane Larkin,20:04,Alexey Shved,19:58,Jason Smith,19:49,Cleanthony Early,19:38,Cole Aldrich,17:16
0,.000,1,11.111,0,0.00,124,1,3,75.0,2,.222,2.0,25.0,8.0,9,2,.667,3,33.333,Logos via Sports Logos.net / About logos,L,https://www.basketball-reference.com/boxscores/201503030NYK.html,Home,86,21:06,1,25.0,SAC,DeMarcus Cousins,Carl Landry,5:27,Ryan Hollins,5:27,,,,,,,,,28:35,Derrick Williams,28:29,Jason Thompson,28:02,Ray McCallum,27:53,Rudy Gay,26:35,Nik Stauskas,25:32,Ben McLemore,23:28,Omri Casspi,20:25,Andre Miller,20:07,124,1,6,4.0,66.7,0.0,0.0,2.0,33.3,Lance Thomas,38,1,2014-2015,2.0,1,4.0,NYK,86,Alexey Shved,Lou Amundson,12:53,Travis Wear,9:24,,,,,,,,,32:41,Shane Larkin,27:13,Langston Galloway,23:02,Jason Smith,21:30,Cole Aldrich,20:18,Quincy Acy,19:09,Cleanthony Early,18:51,Andrea Bargnani,18:13,Tim Hardaway Jr.,15:40
0,,0,0.000,0,0.00,82,0,0,,1,.250,1.0,25.0,4.0,4,1,.500,2,50.000,Logos via Sports Logos.net / About logos,L,https://www.basketball-reference.com/boxscores/201503040IND.html,Away,105,14:09,0,,IND,Solomon Hill,Luis Scola,15:49,Shayne Whittington,6:08,Chris Copeland,6:08,,,,,,,32:03,George Hill,27:16,David West,26:03,Lavoy Allen,24:25,Ian Mahinmi,23:35,C.J. Miles,21:02,Donald Sloan,20:44,Rodney Stuckey,18:49,Damjan Rudež,17:58,105,1,3,2.0,66.7,0.0,0.0,1.0,33.3,Lance Thomas,23,0,2014-2015,0.0,3,0.0,NYK,82,Andrea Bargnani,,,,,,,,,,,,,38:21,Tim Hardaway Jr.,32:39,Langston Galloway,31:18,Lou Amundson,29:15,Shane Larkin,26:08,Cleanthony Early,23:41,Alexey Shved,16:05,Jason Smith,14:34,Cole Aldrich,13:50
0,,0,0.000,1,0.50,92,0,0,0.0,0,.000,0.0,0.0,3.0,3,5,.833,6,200.000,Logos via Sports Logos.net / About logos,L,https://www.basketball-reference.com/boxscores/201503070NYK.html,Home,86,21:36,2,100.0,IND,Roy Hibbert,Ian Mahinmi,13:30,,,,,,,,,,,34:35,Rodney Stuckey,29:14,Solomon Hill,29:07,David West,29:02,George Hill,28:35,C.J. Watson,22:06,C.J. Miles,19:46,Luis Scola,18:58,Damjan Rudež,15:07,92,2,5,0.0,0.0,0.0,0.0,5.0,100.0,Lance Thomas,6,2,2014-2015,2.0,2,2.0,NYK,86,Andrea Bargnani,Travis Wear,5:14,,,,,,,,,,,31:30,Alexey Shved,27:04,Langston Galloway,26:07,Cole Aldrich,25:35,Shane Larkin,22:16,Tim Hardaway Jr.,20:56,Cleanthony Early,20:47,Quincy Acy,20:19,Jason Smith,18:36
0,,0,0.000,2,2.00,78,0,7,87.5,1,.143,1.0,14.3,7.0,7,2,1.000,2,28.571,Logos via Sports Logos.net / About logos,L,https://www.basketball-reference.com/boxscores/201503090DEN.html,Away,106,23:34,1,12.5,DEN,Kenneth Faried,Joffrey Lauvergne,14:57,Darrell Arthur,8:27,Jameer Nelson,7:53,,,,,,,27:50,Will Barton,27:07,Randy Foye,26:45,Ty Lawson,24:31,J.J. Hickson,23:30,Wilson Chandler,23:07,Gary Harris,22:12,Danilo Gallinari,18:05,Erick Green,15:36,106,2,4,2.0,50.0,0.0,0.0,2.0,50.0,Lance Thomas,28,1,2014-2015,1.0,1,8.0,NYK,78,Shane Larkin,,,,,,,,,,,,,31:59,Cleanthony Early,31:48,Langston Galloway,31:06,Alexey Shved,25:54,Andrea Bargnani,23:52,Jason Smith,21:18,Travis Wear,20:12,Cole Aldrich,16:16,Lou Amundson,14:00
0,.000,1,25.000,0,0.00,82,0,0,0.0,0,.000,0.0,0.0,3.0,4,1,.500,2,50.000,Logos via Sports Logos.net / About logos,L,https://www.basketball-reference.com/boxscores/201503100UTA.html,Away,87,24:18,1,100.0,UTA,Rudy Gobert,Jeremy Evans,4:05,Jerrelle Benimon,2:21,,,,,,,,,37:36,Dante Exum,36:49,Joe Ingles,35:56,Derrick Favors,34:33,Trey Burke,27:58,Rodney Hood,24:47,Trevor Booker,17:25,Elijah Millsap,14:09,Bryce Cotton,4:21,87,3,1,0.0,0.0,0.0,0.0,1.0,100.0,Lance Thomas,5,1,2014-2015,1.0,1,1.0,NYK,82,Alexey Shved,,,,,,,,,,,,,41:21,Andrea Bargnani,33:27,Cole Aldrich,29:19,Langston Galloway,28:46,Shane Larkin,22:51,Jason Smith,17:31,Lou Amundson,16:09,Cleanthony Early,15:02,Travis Wear,11:16
0,,0,0.000,0,,101,0,2,100.0,3,.500,3.0,50.0,6.0,6,0,,0,0.000,Logos via Sports Logos.net / About logos,W,https://www.basketball-reference.com/boxscores/201503120LAL.html,Away,94,16:36,0,0.0,LAL,Wesley Johnson,Ryan Kelly,15:27,,,,,,,,,,,32:49,Jordan Hill,28:46,Wayne Ellington,28:08,Jordan Clarkson,27:50,Tarik Black,25:04,Ed Davis,22:41,Jeremy Lin,22:24,Carlos Boozer,19:14,Jabari Brown,17:38,94,2,6,6.0,100.0,0.0,0.0,0.0,0.0,Lance Thomas,7,1,2014-2015,1.0,0,2.0,NYK,101,Alexey Shved,,,,,,,,,,,,,33:24,Andrea Bargnani,32:39,Tim Hardaway Jr.,31:16,Langston Galloway,25:34,Jason Smith,23:49,Cleanthony Early,23:33,Cole Aldrich,19:44,Lou Amundson,19:32,Shane Larkin,13:53
0,.000,1,16.667,1,,94,0,0,0.0,2,.333,2.0,40.0,5.0,6,0,,0,0.000,Logos via Sports Logos.net / About logos,L,https://www.basketball-reference.com/boxscores/201503140GSW.html,Away,125,21:52,1,100.0,GSW,Stephen Curry,Marreese Speights,17:24,Festus Ezeli,7:21,Leandro Barbosa,6:43,Brandon Rush,5:46,,,,,26:56,Klay Thompson,25:34,Draymond Green,25:13,David Lee,24:21,Justin Holiday,22:26,Andrew Bogut,21:41,Harrison Barnes,20:04,Andre Iguodala,18:21,Shaun Livingston,18:10,125,2,4,4.0,100.0,0.0,0.0,0.0,0.0,Lance Thomas,31,0,2014-2015,0.0,0,1.0,NYK,94,Langston Galloway,Lou Amundson,13:59,Jason Smith,12:12,,,,,,,,,28:34,Andrea Bargnani,28:12,Cleanthony Early,27:22,Alexey Shved,21:23,Tim Hardaway Jr.,20:11,Travis Wear,17:25,Shane Larkin,17:15,Quincy Acy,16:01,Cole Aldrich,15:34
0,,0,0.000,1,,89,0,3,75.0,4,.500,4.0,50.0,8.0,8,6,.600,10,125.000,Logos via Sports Logos.net / About logos,L,https://www.basketball-reference.com/boxscores/201503150PHO.html,Away,102,29:27,1,25.0,PHO,P.J. Tucker,Gerald Green,5:52,,,,,,,,,,,39:55,Marcus Morris,39:10,Brandan Wright,37:12,Eric Bledsoe,37:02,Markieff Morris,26:26,Archie Goodwin,22:40,T.J. Warren,16:05,Earl Barron,9:04,Seth Curry,6:34,102,0,14,8.0,57.1,0.0,0.0,6.0,42.9,Lance Thomas,13,2,2014-2015,2.0,0,4.0,NYK,89,Andrea Bargnani,Tim Hardaway Jr.,2:12,,,,,,,,,,,36:31,Alexey Shved,31:59,Langston Galloway,26:20,Shane Larkin,25:23,Travis Wear,22:18,Cole Aldrich,21:44,Jason Smith,21:10,Lou Amundson,16:35,Cleanthony Early,6:21
0,,0,0.000,0,0.00,100,0,0,0.0,4,.400,4.0,40.0,10.0,10,0,,0,0.000,Logos via Sports Logos.net / About logos,W,https://www.basketball-reference.com/boxscores/201503170NYK.html,Home,104,30:14,1,100.0,SAS,Tony Parker,Jeff Ayres,6:09,Patty Mills,5:44,Reggie Williams,5:26,,,,,,,38:18,Kawhi Leonard,36:12,Danny Green,34:07,Tim Duncan,33:36,Marco Belinelli,30:20,Tiago Splitter,27:53,Boris Diaw,25:36,Matt Bonner,12:41,Cory Joseph,8:58,100,3,8,8.0,100.0,0.0,0.0,0.0,0.0,Lance Thomas,4,1,2014-2015,1.0,1,1.0,NYK,104,Langston Galloway,,,,,,,,,,,,,47:36,Alexey Shved,36:11,Lou Amundson,30:39,Andrea Bargnani,30:34,Jason Smith,25:25,Travis Wear,22:39,Shane Larkin,22:28,Cole Aldrich,19:14,,
0,.000,1,10.000,0,0.00,95,1,1,33.3,3,.300,3.0,33.3,9.0,10,0,,0,0.000,Logos via Sports Logos.net / About logos,L,https://www.basketball-reference.com/boxscores/201503190NYK.html,Home,92,31:08,2,66.7,MIN,Gorgui Dieng,,,,,,,,,,,,,48:14,Kevin Martin,43:45,Chase Budinger,43:23,Andrew Wiggins,42:43,Zach LaVine,36:35,Lorenzo Brown,25:38,Adreian Payne,14:25,Sean Kilpatrick,10:17,,,95,2,6,6.0,100.0,0.0,0.0,0.0,0.0,Lance Thomas,3,0,2014-2015,1.0,1,3.0,NYK,92,Alexey Shved,,,,,,,,,,,,,42:34,Langston Galloway,40:59,Andrea Bargnani,33:54,Shane Larkin,24:52,Cole Aldrich,22:30,Jason Smith,21:34,Lou Amundson,20:19,Quincy Acy,14:44,Travis Wear,12:26
0,.000,1,14.286,0,0.00,81,0,1,50.0,4,.571,4.0,66.7,6.0,7,0,,0,0.000,Logos via Sports Logos.net / About logos,L,https://www.basketball-reference.com/boxscores/201503200PHI.html,Away,97,18:35,1,50.0,PHI,Nerlens Noel,Furkan Aldemir,15:57,,,,,,,,,,,32:03,Robert Covington,30:15,Luc Mbah a Moute,28:29,Ish Smith,28:13,JaKarr Sampson,26:28,Hollis Thompson,22:09,Isaiah Canaan,19:35,Jerami Grant,19:01,Jason Richardson,17:50,97,3,8,8.0,100.0,0.0,0.0,0.0,0.0,Lance Thomas,16,0,2014-2015,0.0,3,2.0,NYK,81,Alexey Shved,,,,,,,,,,,,,34:55,Langston Galloway,33:19,Shane Larkin,33:09,Travis Wear,30:12,Andrea Bargnani,26:31,Quincy Acy,21:32,Jason Smith,19:20,Lou Amundson,16:16,Cole Aldrich,6:11
2,1.000,2,16.667,1,1.00,89,0,1,50.0,9,.750,7.0,70.0,10.0,12,4,.667,6,50.000,Logos via Sports Logos.net / About logos,L,https://www.basketball-reference.com/boxscores/201503220TOR.html,Away,106,38:22,1,50.0,TOR,DeMar DeRozan,Bruno Caboclo,1:35,Landry Fields,1:00,,,,,,,,,36:20,Greivis Vásquez,34:13,Terrence Ross,30:55,Jonas Valančiūnas,27:09,Lou Williams,27:08,Patrick Patterson,26:46,Amir Johnson,24:23,Tyler Hansbrough,17:42,James Johnson,12:49,106,2,24,14.0,58.3,6.0,25.0,4.0,16.7,Lance Thomas,17,1,2014-2015,1.0,1,2.0,NYK,89,Langston Galloway,Quincy Acy,6:30,,,,,,,,,,,38:23,Andrea Bargnani,32:52,Shane Larkin,32:52,Jason Smith,22:34,Cole Aldrich,17:50,Alexey Shved,17:01,Lou Amundson,16:00,Travis Wear,9:27,Ricky Ledo,8:10
1,.333,3,25.000,1,0.20,103,0,1,50.0,6,.500,5.0,55.6,9.0,12,2,1.000,2,16.667,Logos via Sports Logos.net / About logos,L,https://www.basketball-reference.com/boxscores/201503230NYK.html,Home,82,38:24,1,50.0,MEM,Zach Randolph,JaMychal Green,6:22,Jordan Adams,2:33,Jon Leuer,2:33,Russ Smith,1:58,,,,,34:30,Jeff Green,34:06,Marc Gasol,32:14,Tony Allen,26:34,Mike Conley,25:52,Vince Carter,20:54,Beno Udrih,19:17,Nick Calathes,16:42,Kosta Koufos,16:25,103,4,15,10.0,66.7,3.0,20.0,2.0,13.3,Lance Thomas,21,2,2014-2015,2.0,5,2.0,NYK,82,Shane Larkin,,,,,,,,,,,,,43:32,Langston Galloway,42:59,Andrea Bargnani,31:04,Jason Smith,27:37,Lou Amundson,21:35,Cole Aldrich,13:46,Quincy Acy,11:34,Ricky Ledo,9:29,,
0,,0,0.000,2,2.00,111,0,2,50.0,6,.400,6.0,40.0,15.0,15,2,1.000,2,13.333,Logos via Sports Logos.net / About logos,L,https://www.basketball-reference.com/boxscores/201503250NYK.html,Home,80,28:19,2,50.0,LAC,DeAndre Jordan,Hedo Türkoğlu,13:06,C.J. Wilcox,7:32,Dahntay Jones,6:50,Ekpe Udoh,6:43,,,,,28:29,Chris Paul,28:22,Matt Barnes,27:15,Blake Griffin,26:45,JJ Redick,21:58,Glen Davis,19:31,Jordan Hamilton,19:30,Austin Rivers,19:27,Spencer Hawes,14:32,111,0,14,12.0,85.7,0.0,0.0,2.0,14.3,Lance Thomas,31,0,2014-2015,0.0,1,4.0,NYK,80,Langston Galloway,,,,,,,,,,,,,40:11,Shane Larkin,29:44,Ricky Ledo,26:05,Cleanthony Early,24:33,Jason Smith,23:29,Andrea Bargnani,19:29,Quincy Acy,18:15,Cole Aldrich,15:16,Lou Amundson,14:39
0,.000,1,14.286,2,1.00,96,0,2,66.7,3,.429,3.0,50.0,6.0,7,0,,0,0.000,Logos via Sports Logos.net / About logos,L,https://www.basketball-reference.com/boxscores/201503270NYK.html,Home,92,30:19,1,33.3,BOS,Evan Turner,Gigi Datome,4:39,,,,,,,,,,,35:53,Brandon Bass,35:43,Avery Bradley,34:03,Marcus Smart,34:02,Jae Crowder,29:07,Isaiah Thomas,23:51,Kelly Olynyk,16:49,Jonas Jerebko,13:32,Tyler Zeller,12:20,96,4,6,6.0,100.0,0.0,0.0,0.0,0.0,Lance Thomas,4,1,2014-2015,1.0,2,3.0,NYK,92,Shane Larkin,,,,,,,,,,,,,43:46,Andrea Bargnani,38:44,Langston Galloway,31:58,Cleanthony Early,28:40,Lou Amundson,21:05,Ricky Ledo,20:16,Quincy Acy,12:48,Jason Smith,12:25,,
1,1.000,1,12.500,1,0.33,80,1,0,,3,.375,2.0,28.6,7.0,8,0,,0,0.000,Logos via Sports Logos.net / About logos,L,https://www.basketball-reference.com/boxscores/201503280CHI.html,Away,111,31:21,0,,CHI,Pau Gasol,E'Twaun Moore,8:19,Nazr Mohammed,5:56,Cameron Bairstow,2:43,,,,,,,27:33,Aaron Brooks,26:05,Nikola Mirotić,25:42,Mike Dunleavy,25:40,Jimmy Butler,25:38,Tony Snell,24:29,Taj Gibson,23:45,Joakim Noah,23:29,Kirk Hinrich,20:41,111,3,7,4.0,57.1,3.0,42.9,0.0,0.0,Lance Thomas,31,1,2014-2015,2.0,3,0.0,NYK,80,Langston Galloway,,,,,,,,,,,,,36:04,Shane Larkin,31:19,Ricky Ledo,28:40,Andrea Bargnani,26:24,Cole Aldrich,19:55,Cleanthony Early,18:02,Lou Amundson,17:57,Jason Smith,17:49,Quincy Acy,12:29
0,,0,0.000,0,0.00,100,0,1,100.0,3,.429,3.0,42.9,7.0,7,1,1.000,1,14.286,Logos via Sports Logos.net / About logos,L,https://www.basketball-reference.com/boxscores/201504010NYK.html,Home,98,30:08,0,0.0,BRK,Joe Johnson,,,,,,,,,,,,,38:55,Markel Brown,34:33,Brook Lopez,34:17,Deron Williams,34:13,Thaddeus Young,33:57,Bojan Bogdanović,17:55,Alan Anderson,17:29,Jarrett Jack,15:01,Mason Plumlee,13:41,100,1,7,6.0,85.7,0.0,0.0,1.0,14.3,Lance Thomas,2,0,2014-2015,0.0,1,1.0,NYK,98,Shane Larkin,,,,,,,,,,,,,38:13,Langston Galloway,31:34,Andrea Bargnani,27:26,Cleanthony Early,26:55,Ricky Ledo,26:13,Jason Smith,23:48,Quincy Acy,18:13,Lou Amundson,17:30,,
0,.000,1,33.333,2,2.00,87,0,2,100.0,0,.000,0.0,0.0,2.0,3,0,,0,0.000,Logos via Sports Logos.net / About logos,L,https://www.basketball-reference.com/boxscores/201504030WAS.html,Away,101,16:04,0,0.0,WAS,Bradley Beal,Will Bynum,3:06,,,,,,,,,,,35:38,Marcin Gortat,29:56,John Wall,28:58,Otto Porter Jr.,28:50,Ramon Sessions,27:20,Kris Humphries,24:43,Drew Gooden,23:13,Rasual Butler,20:12,Kevin Séraphin,18:04,101,0,0,0.0,,0.0,,0.0,,Lance Thomas,14,0,2014-2015,0.0,1,2.0,NYK,87,Langston Galloway,Cleanthony Early,2:05,,,,,,,,,,,41:37,Shane Larkin,36:07,Ricky Ledo,31:38,Jason Smith,27:52,Lou Amundson,23:20,Quincy Acy,22:07,Tim Hardaway Jr.,18:11,Andrea Bargnani,18:04,Cole Aldrich,2:54
0,.000,1,12.500,1,0.50,91,1,5,55.6,6,.750,6.0,85.7,7.0,8,2,1.000,2,25.000,Logos via Sports Logos.net / About logos,W,https://www.basketball-reference.com/boxscores/201504050NYK.html,Home,101,29:52,4,44.4,PHI,Nerlens Noel,Glenn Robinson III,4:59,,,,,,,,,,,36:33,Ish Smith,31:37,Robert Covington,28:54,Furkan Aldemir,28:49,Jerami Grant,27:18,Hollis Thompson,26:20,Jason Richardson,22:50,JaKarr Sampson,16:37,Henry Sims,16:03,91,1,14,12.0,85.7,0.0,0.0,2.0,14.3,Lance Thomas,10,0,2014-2015,1.0,2,9.0,NYK,101,Shane Larkin,,,,,,,,,,,,,41:16,Andrea Bargnani,34:28,Langston Galloway,28:03,Tim Hardaway Jr.,26:10,Lou Amundson,21:24,Jason Smith,20:06,Quincy Acy,20:02,Ricky Ledo,18:39,,
0,,0,0.000,1,,102,0,3,100.0,1,.250,1.0,25.0,4.0,4,0,,0,0.000,Logos via Sports Logos.net / About logos,L,https://www.basketball-reference.com/boxscores/201504080NYK.html,Home,86,25:48,0,0.0,IND,Solomon Hill,Paul George,15:31,Lavoy Allen,11:24,Damjan Rudež,4:28,,,,,,,28:59,C.J. Miles,28:01,George Hill,26:39,David West,26:25,Luis Scola,21:35,Donald Sloan,21:21,Ian Mahinmi,20:12,Rodney Stuckey,19:01,Roy Hibbert,16:24,102,1,2,2.0,100.0,0.0,0.0,0.0,0.0,Lance Thomas,16,1,2014-2015,1.0,0,3.0,NYK,86,Shane Larkin,,,,,,,,,,,,,37:49,Langston Galloway,34:06,Jason Smith,28:03,Andrea Bargnani,25:31,Tim Hardaway Jr.,24:11,Ricky Ledo,21:51,Quincy Acy,19:45,Lou Amundson,12:06,Cole Aldrich,10:50
2,1.000,2,33.333,2,2.00,99,0,1,100.0,6,1.000,4.0,100.0,4.0,6,2,1.000,2,33.333,Logos via Sports Logos.net / About logos,L,https://www.basketball-reference.com/boxscores/201504100NYK.html,Home,91,35:15,0,0.0,MIL,Khris Middleton,Miles Plumlee,6:41,Tyler Ennis,5:36,Johnny O'Bryant,2:24,,,,,,,34:54,Giannis Antetokounmpo,31:17,Michael Carter-Williams,31:17,Jared Dudley,27:11,O.J. Mayo,24:13,John Henson,20:53,Ersan İlyasova,20:49,Zaza Pachulia,20:26,Jerryd Bayless,14:19,99,3,16,8.0,50.0,6.0,37.5,2.0,12.5,Lance Thomas,8,0,2014-2015,0.0,1,1.0,NYK,91,Langston Galloway,,,,,,,,,,,,,34:54,Shane Larkin,32:07,Quincy Acy,31:42,Jason Smith,27:01,Tim Hardaway Jr.,25:18,Lou Amundson,24:43,Ricky Ledo,15:52,Cole Aldrich,13:08,,
0,.000,1,16.667,1,1.00,80,0,0,0.0,1,.167,1.0,20.0,5.0,6,0,.000,1,16.667,Logos via Sports Logos.net / About logos,W,https://www.basketball-reference.com/boxscores/201504110ORL.html,Away,79,32:50,1,100.0,ORL,Elfrid Payton,Maurice Harkless,5:59,,,,,,,,,,,36:55,Victor Oladipo,36:53,Tobias Harris,33:05,Nikola Vučević,32:42,Willie Green,24:38,Aaron Gordon,23:20,Dewayne Dedmon,19:00,Andrew Nicholson,18:26,Channing Frye,9:02,79,2,2,2.0,100.0,0.0,0.0,0.0,0.0,Lance Thomas,1,0,2014-2015,0.0,1,1.0,NYK,80,Langston Galloway,,,,,,,,,,,,,40:51,Tim Hardaway Jr.,34:46,Jason Smith,30:44,Cole Aldrich,25:42,Shane Larkin,22:14,Quincy Acy,19:32,Lou Amundson,18:00,Cleanthony Early,15:22,,
1,.333,3,27.273,3,1.50,112,0,2,50.0,3,.273,2.0,25.0,8.0,11,0,,0,0.000,Logos via Sports Logos.net / About logos,W,https://www.basketball-reference.com/boxscores/201504130ATL.html,Away,108,33:10,2,50.0,ATL,Kyle Korver,John Jenkins,9:53,,,,,,,,,,,34:13,Jeff Teague,34:01,DeMarre Carroll,33:28,Al Horford,33:00,Mike Muscala,24:31,Mike Scott,21:48,Elton Brand,16:41,Kent Bazemore,16:25,Shelvin Mack,16:00,108,3,7,4.0,57.1,3.0,42.9,0.0,0.0,Lance Thomas,4,2,2014-2015,2.0,2,4.0,NYK,112,Jason Smith,,,,,,,,,,,,,36:23,Tim Hardaway Jr.,35:45,Langston Galloway,32:25,Quincy Acy,25:54,Lou Amundson,23:47,Shane Larkin,22:06,Cleanthony Early,12:24,Cole Aldrich,9:56,Ricky Ledo,8:10
0,.000,1,25.000,2,2.00,112,0,2,100.0,3,.750,3.0,100.0,3.0,4,0,,0,0.000,Logos via Sports Logos.net / About logos,L,https://www.basketball-reference.com/boxscores/201504150NYK.html,Home,90,24:16,0,0.0,DET,Kentavious Caldwell-Pope,Quincy Miller,13:31,Shawne Williams,4:57,,,,,,,,,34:29,Reggie Jackson,31:30,Anthony Tolliver,30:10,Caron Butler,24:00,Jodie Meeks,24:00,Andre Drummond,22:18,Greg Monroe,21:25,Joel Anthony,17:10,John Lucas III,16:30,112,2,6,6.0,100.0,0.0,0.0,0.0,0.0,Lance Thomas,22,1,2014-2015,1.0,1,2.0,NYK,90,Tim Hardaway Jr.,,,,,,,,,,,,,33:30,Langston Galloway,32:16,Cole Aldrich,27:20,Shane Larkin,23:54,Jason Smith,22:16,Cleanthony Early,20:54,Quincy Acy,19:39,Ricky Ledo,18:05,Lou Amundson,17:50
0,,0,0.000,1,1.00,122,0,2,66.7,5,1.000,5.0,100.0,5.0,5,3,1.000,3,60.000,Logos via Sports Logos.net / About logos,W,https://www.basketball-reference.com/boxscores/201510280MIL.html,Away,97,19:31,1,33.3,MIL,Khris Middleton,John Henson,10:06,Miles Plumlee,3:23,,,,,,,,,35:19,Greg Monroe,34:31,Michael Carter-Williams,33:53,Jerryd Bayless,30:03,Greivis Vásquez,29:19,Chris Copeland,19:29,Johnny O'Bryant,16:32,Damien Inglis,14:44,Rashad Vaughn,12:41,97,1,13,10.0,76.9,0.0,0.0,3.0,23.1,Lance Thomas,25,0,2015-2016,0.0,1,3.0,NYK,122,Carmelo Anthony,Cleanthony Early,6:36,,,,,,,,,,,29:16,Sasha Vujačić,28:45,Langston Galloway,24:48,Kristaps Porziņģis,24:15,Jerian Grant,24:11,Kyle O'Quinn,23:29,Derrick Williams,21:19,Robin Lopez,19:52,José Calderón,17:58
2,.667,3,50.000,1,0.50,112,0,3,100.0,2,.333,0.0,0.0,3.0,6,2,1.000,2,33.333,Logos via Sports Logos.net / About logos,L,https://www.basketball-reference.com/boxscores/201510290NYK.html,Home,101,22:23,0,0.0,ATL,Paul Millsap,Mike Scott,11:10,Edy Tavares,1:09,,,,,,,,,34:30,Kyle Korver,32:15,Al Horford,30:34,Jeff Teague,29:45,Kent Bazemore,25:10,Tiago Splitter,23:16,Lamar Patterson,21:00,Dennis Schröder,18:15,Justin Holiday,12:56,112,3,8,0.0,0.0,6.0,75.0,2.0,25.0,Lance Thomas,11,0,2015-2016,0.0,2,3.0,NYK,101,Carmelo Anthony,Cleanthony Early,1:13,,,,,,,,,,,31:54,Jerian Grant,28:45,Kristaps Porziņģis,25:37,Langston Galloway,25:18,Sasha Vujačić,25:10,Kyle O'Quinn,22:03,Robin Lopez,21:17,José Calderón,18:13,Derrick Williams,18:07
0,,0,0.000,1,0.50,117,0,1,100.0,6,.750,6.0,75.0,8.0,8,0,.000,1,12.500,Logos via Sports Logos.net / About logos,W,https://www.basketball-reference.com/boxscores/201510310WAS.html,Away,110,26:08,0,0.0,WAS,Bradley Beal,Ramon Sessions,12:15,DeJuan Blair,4:21,,,,,,,,,37:12,John Wall,35:45,Otto Porter Jr.,35:00,Marcin Gortat,25:33,Drew Gooden,24:03,Nenê,18:06,Jared Dudley,17:49,Gary Neal,15:21,Kris Humphries,14:34,110,2,12,12.0,100.0,0.0,0.0,0.0,0.0,Lance Thomas,7,1,2015-2016,1.0,2,1.0,NYK,117,Carmelo Anthony,,,,,,,,,,,,,35:45,Robin Lopez,30:55,Langston Galloway,27:37,Sasha Vujačić,26:11,Jerian Grant,21:10,José Calderón,21:02,Kristaps Porziņģis,21:02,Derrick Williams,15:22,Kyle O'Quinn,14:48
0,,0,0.000,0,,94,0,0,,1,.250,1.0,25.0,4.0,4,0,,0,0.000,Logos via Sports Logos.net / About logos,L,https://www.basketball-reference.com/boxscores/201511020NYK.html,Home,84,16:07,0,,SAS,Kawhi Leonard,Kyle Anderson,6:06,Boban Marjanović,1:22,Rasual Butler,1:22,Ray McCallum,1:22,,,,,36:05,Tim Duncan,35:10,LaMarcus Aldridge,32:10,Tony Parker,29:25,Danny Green,27:25,Patty Mills,25:09,Boris Diaw,20:00,Manu Ginóbili,17:06,David West,7:18,94,0,2,2.0,100.0,0.0,0.0,0.0,0.0,Lance Thomas,10,0,2015-2016,0.0,0,0.0,NYK,84,Carmelo Anthony,Kevin Séraphin,5:03,Cleanthony Early,1:22,,,,,,,,,35:28,Robin Lopez,32:10,Langston Galloway,28:55,Kristaps Porziņģis,24:08,Jerian Grant,23:20,José Calderón,23:16,Sasha Vujačić,20:29,Kyle O'Quinn,19:12,Derrick Williams,10:30
0,,0,0.000,1,1.00,86,0,0,0.0,1,.333,1.0,33.3,3.0,3,0,.000,1,33.333,Logos via Sports Logos.net / About logos,L,https://www.basketball-reference.com/boxscores/201511040CLE.html,Away,96,15:26,1,100.0,CLE,Mo Williams,Anderson Varejão,5:05,,,,,,,,,,,36:05,Richard Jefferson,35:17,LeBron James,35:04,Kevin Love,32:21,Matthew Dellavedova,27:25,Tristan Thompson,25:36,Timofey Mozgov,21:55,James Jones,11:03,Jared Cunningham,10:09,96,3,2,2.0,100.0,0.0,0.0,0.0,0.0,Lance Thomas,10,0,2015-2016,0.0,1,1.0,NYK,86,Carmelo Anthony,Kevin Séraphin,9:32,Cleanthony Early,3:17,,,,,,,,,36:50,José Calderón,29:01,Langston Galloway,28:32,Robin Lopez,28:19,Sasha Vujačić,21:50,Kristaps Porziņģis,20:39,Kyle O'Quinn,19:01,Jerian Grant,16:37,Derrick Williams,10:56
0,.000,1,20.000,0,,99,0,2,100.0,2,.400,2.0,50.0,4.0,5,1,1.000,1,20.000,Logos via Sports Logos.net / About logos,L,https://www.basketball-reference.com/boxscores/201511060NYK.html,Home,92,17:28,0,0.0,MIL,Khris Middleton,Chris Copeland,8:44,Miles Plumlee,1:47,,,,,,,,,38:15,Giannis Antetokounmpo,35:39,Greivis Vásquez,30:33,Jerryd Bayless,27:49,John Henson,23:15,Greg Monroe,22:43,Jabari Parker,17:31,Tyler Ennis,17:27,Johnny O'Bryant,16:17,99,1,5,4.0,80.0,0.0,0.0,1.0,20.0,Lance Thomas,7,0,2015-2016,0.0,0,2.0,NYK,92,Carmelo Anthony,Kevin Séraphin,3:31,,,,,,,,,,,33:48,Langston Galloway,31:52,Kristaps Porziņģis,28:04,Sasha Vujačić,26:34,Jerian Grant,23:23,Robin Lopez,22:14,Derrick Williams,20:06,Kyle O'Quinn,16:52,José Calderón,16:08
0,,0,0.000,0,,95,0,2,100.0,2,.667,2.0,66.7,3.0,3,3,.750,4,133.333,Logos via Sports Logos.net / About logos,W,https://www.basketball-reference.com/boxscores/201511080NYK.html,Home,99,18:14,0,0.0,LAL,Roy Hibbert,Tarik Black,15:09,,,,,,,,,,,32:51,Kobe Bryant,32:05,Julius Randle,29:57,Jordan Clarkson,28:42,D'Angelo Russell,28:23,Lou Williams,21:12,Nick Young,18:32,Larry Nance Jr.,17:14,Metta World Peace,15:55,95,0,7,4.0,57.1,0.0,0.0,3.0,42.9,Lance Thomas,4,0,2015-2016,0.0,0,2.0,NYK,99,José Calderón,Kevin Séraphin,7:46,,,,,,,,,,,35:23,Carmelo Anthony,34:57,Robin Lopez,31:00,Langston Galloway,27:29,Kristaps Porziņģis,25:45,Jerian Grant,18:21,Derrick Williams,15:08,Sasha Vujačić,14:47,Kyle O'Quinn,11:10
3,1.000,3,42.857,0,,111,0,2,66.7,5,.714,2.0,50.0,4.0,7,4,1.000,4,57.143,Logos via Sports Logos.net / About logos,W,https://www.basketball-reference.com/boxscores/201511100TOR.html,Away,109,22:14,1,33.3,TOR,DeMar DeRozan,Norman Powell,1:35,,,,,,,,,,,38:41,Kyle Lowry,36:59,Jonas Valančiūnas,31:48,James Johnson,29:29,Cory Joseph,26:48,Luis Scola,21:39,Patrick Patterson,19:25,Anthony Bennett,17:24,Bismack Biyombo,16:12,109,2,17,4.0,23.5,9.0,52.9,4.0,23.5,Lance Thomas,2,0,2015-2016,0.0,0,3.0,NYK,111,Carmelo Anthony,Derrick Williams,7:45,Cleanthony Early,5:50,Lou Amundson,5:16,,,,,,,33:02,José Calderón,29:12,Robin Lopez,29:00,Langston Galloway,27:49,Sasha Vujačić,20:35,Kristaps Porziņģis,20:26,Jerian Grant,18:24,Kyle O'Quinn,11:58,Kevin Séraphin,8:29
0,.000,3,100.000,1,,93,0,0,0.0,0,.000,0.0,,0.0,3,0,,0,0.000,Logos via Sports Logos.net / About logos,L,https://www.basketball-reference.com/boxscores/201511110CHO.html,Away,95,14:55,1,100.0,CHO,Nicolas Batum,Frank Kaminsky,9:31,,,,,,,,,,,36:21,Marvin Williams,29:01,Kemba Walker,27:17,P.J. Hairston,25:51,Cody Zeller,25:27,Jeremy Lamb,23:42,Al Jefferson,22:33,Jeremy Lin,21:08,Spencer Hawes,19:08,95,2,0,0.0,,0.0,,0.0,,Lance Thomas,2,0,2015-2016,0.0,0,1.0,NYK,93,Carmelo Anthony,Derrick Williams,4:02,Kevin Séraphin,2:34,,,,,,,,,34:41,Kristaps Porziņģis,32:04,Robin Lopez,30:56,Arron Afflalo,28:26,José Calderón,28:14,Langston Galloway,19:28,Jerian Grant,18:44,Lou Amundson,14:20,Kyle O'Quinn,11:35
0,.000,1,33.333,0,0.00,90,0,1,100.0,0,.000,0.0,0.0,2.0,3,0,,0,0.000,Logos via Sports Logos.net / About logos,L,https://www.basketball-reference.com/boxscores/201511130NYK.html,Home,84,16:01,0,0.0,CLE,LeBron James,Anderson Varejão,3:24,,,,,,,,,,,39:23,Kevin Love,34:11,Mo Williams,32:02,Matthew Dellavedova,27:38,J.R. Smith,26:46,Timofey Mozgov,26:38,Tristan Thompson,20:31,Richard Jefferson,19:12,James Jones,10:15,90,3,0,0.0,,0.0,,0.0,,Lance Thomas,6,1,2015-2016,1.0,3,1.0,NYK,84,Carmelo Anthony,Kyle O'Quinn,3:13,,,,,,,,,,,35:48,Arron Afflalo,29:47,Langston Galloway,28:58,Kristaps Porziņģis,28:09,Robin Lopez,24:43,José Calderón,22:16,Lou Amundson,19:45,Derrick Williams,16:20,Jerian Grant,15:00
1,.333,3,37.500,0,0.00,87,0,1,100.0,2,.250,1.0,20.0,5.0,8,2,1.000,2,25.000,Logos via Sports Logos.net / About logos,W,https://www.basketball-reference.com/boxscores/201511150NYK.html,Home,95,20:00,0,0.0,NOP,Anthony Davis,Luke Babbitt,7:20,Alexis Ajinça,7:01,,,,,,,,,40:23,Eric Gordon,38:34,Ryan Anderson,26:04,Alonzo Gee,25:39,Jrue Holiday,24:46,Dante Cunningham,24:43,Ish Smith,21:54,Ömer Aşık,12:50,Toney Douglas,10:46,87,1,7,2.0,28.6,3.0,42.9,2.0,28.6,Lance Thomas,8,0,2015-2016,0.0,1,1.0,NYK,95,Carmelo Anthony,Kyle O'Quinn,8:43,Sasha Vujačić,6:11,Derrick Williams,5:59,,,,,,,39:16,Langston Galloway,26:05,Jerian Grant,26:01,Arron Afflalo,25:44,Kristaps Porziņģis,22:36,José Calderón,20:47,Kevin Séraphin,14:11,Robin Lopez,14:00,Lou Amundson,10:27
0,,0,0.000,0,,94,0,0,,0,.000,0.0,0.0,2.0,2,0,,0,0.000,Logos via Sports Logos.net / About logos,W,https://www.basketball-reference.com/boxscores/201511170NYK.html,Home,102,9:51,0,,CHO,Kemba Walker,,,,,,,,,,,,,37:59,Nicolas Batum,35:11,Marvin Williams,29:52,Jeremy Lin,28:25,Al Jefferson,26:00,Frank Kaminsky,23:52,Jeremy Lamb,22:52,Cody Zeller,18:25,Spencer Hawes,17:24,94,1,0,0.0,,0.0,,0.0,,Lance Thomas,8,0,2015-2016,0.0,0,0.0,NYK,102,Carmelo Anthony,Derrick Williams,5:42,Sasha Vujačić,2:46,,,,,,,,,37:19,Arron Afflalo,36:05,Kristaps Porziņģis,31:08,José Calderón,30:39,Langston Galloway,27:43,Kevin Séraphin,20:57,Robin Lopez,17:45,Jerian Grant,12:44,Lou Amundson,7:22
2,.667,3,33.333,1,,93,0,1,33.3,5,.556,3.0,50.0,6.0,9,0,,0,0.000,Logos via Sports Logos.net / About logos,W,https://www.basketball-reference.com/boxscores/201511200OKC.html,Away,90,19:32,2,66.7,OKC,Russell Westbrook,D.J. Augustin,13:04,,,,,,,,,,,37:37,Dion Waiters,30:02,Serge Ibaka,29:35,Andre Roberson,26:17,Enes Freedom,24:48,Anthony Morrow,22:37,Steven Adams,21:17,Nick Collison,20:20,Kyle Singler,14:23,90,0,12,6.0,50.0,6.0,50.0,0.0,0.0,Lance Thomas,3,0,2015-2016,0.0,0,3.0,NYK,93,Carmelo Anthony,Sasha Vujačić,4:25,Kyle O'Quinn,3:55,,,,,,,,,34:42,Robin Lopez,32:56,José Calderón,29:48,Arron Afflalo,29:15,Kristaps Porziņģis,25:57,Langston Galloway,19:32,Derrick Williams,15:49,Jerian Grant,13:00,Kevin Séraphin,11:09
0,.000,2,25.000,2,2.00,107,0,2,66.7,3,.375,3.0,50.0,6.0,8,2,1.000,2,25.000,Logos via Sports Logos.net / About logos,W,https://www.basketball-reference.com/boxscores/201511210HOU.html,Away,102,24:22,1,33.3,HOU,James Harden,,,,,,,,,,,,,38:18,Terrence Jones,36:51,Trevor Ariza,36:48,Jason Terry,31:02,Clint Capela,30:04,Corey Brewer,20:07,Marcus Thornton,19:02,Ty Lawson,16:49,Montrezl Harrell,11:00,102,2,8,6.0,75.0,0.0,0.0,2.0,25.0,Lance Thomas,5,1,2015-2016,1.0,1,3.0,NYK,107,Kristaps Porziņģis,Kevin Séraphin,6:33,,,,,,,,,,,35:48,Arron Afflalo,35:10,José Calderón,32:46,Carmelo Anthony,24:58,Robin Lopez,24:53,Langston Galloway,24:07,Jerian Grant,13:18,Derrick Williams,10:32,Lou Amundson,7:32
0,.000,3,75.000,0,,78,0,1,100.0,0,.000,0.0,0.0,1.0,4,0,,0,0.000,Logos via Sports Logos.net / About logos,L,https://www.basketball-reference.com/boxscores/201511230MIA.html,Away,95,5:17,0,0.0,MIA,Hassan Whiteside,,,,,,,,,,,,,33:50,Luol Deng,31:08,Goran Dragić,31:02,Justise Winslow,30:37,Dwyane Wade,29:48,Chris Bosh,29:03,Tyler Johnson,20:35,Josh McRoberts,19:22,Gerald Green,14:35,95,2,0,0.0,,0.0,,0.0,,Lance Thomas,17,0,2015-2016,0.0,0,1.0,NYK,78,Carmelo Anthony,Kyle O'Quinn,4:15,Derrick Williams,4:15,Sasha Vujačić,3:01,,,,,,,41:21,Kristaps Porziņģis,37:26,Arron Afflalo,32:52,José Calderón,31:36,Robin Lopez,29:30,Langston Galloway,23:27,Jerian Grant,11:45,Lou Amundson,9:58,Kevin Séraphin,5:17
0,.000,1,33.333,0,,91,0,0,0.0,1,.333,1.0,50.0,2.0,3,4,1.000,4,133.333,Logos via Sports Logos.net / About logos,L,https://www.basketball-reference.com/boxscores/201511250ORL.html,Away,100,18:41,1,100.0,ORL,Elfrid Payton,Shabazz Napier,12:27,Mario Hezonja,0:42,Devyn Marble,0:42,,,,,,,35:33,Tobias Harris,33:33,Nikola Vučević,31:50,Victor Oladipo,26:11,Andrew Nicholson,24:56,Evan Fournier,21:07,Channing Frye,20:26,Aaron Gordon,17:05,Jason Smith,15:28,100,0,6,2.0,33.3,0.0,0.0,4.0,66.7,Lance Thomas,9,0,2015-2016,0.0,0,1.0,NYK,91,Kristaps Porziņģis,Jerian Grant,5:51,Lou Amundson,4:21,,,,,,,,,36:20,Carmelo Anthony,35:17,José Calderón,34:51,Arron Afflalo,31:28,Robin Lopez,23:25,Langston Galloway,15:41,Sasha Vujačić,13:48,Kyle O'Quinn,12:03,Kevin Séraphin,8:14
0,.000,1,25.000,1,,97,0,0,0.0,1,.250,1.0,33.3,3.0,4,2,1.000,2,50.000,Logos via Sports Logos.net / About logos,L,https://www.basketball-reference.com/boxscores/201511270NYK.html,Home,78,13:35,1,100.0,MIA,Justise Winslow,Beno Udrih,4:11,Josh Richardson,1:48,,,,,,,,,34:38,Hassan Whiteside,31:21,Chris Bosh,31:13,Goran Dragić,29:49,Dwyane Wade,28:56,Gerald Green,26:31,Josh McRoberts,23:53,Tyler Johnson,20:22,Udonis Haslem,7:18,97,1,4,2.0,50.0,0.0,0.0,2.0,50.0,Lance Thomas,19,0,2015-2016,0.0,0,1.0,NYK,78,Carmelo Anthony,Robin Lopez,13:42,Lou Amundson,5:02,,,,,,,,,33:55,Langston Galloway,28:47,José Calderón,24:58,Kristaps Porziņģis,23:44,Jerian Grant,23:02,Kyle O'Quinn,19:28,Arron Afflalo,19:13,Derrick Williams,17:41,Kevin Séraphin,16:53
1,.500,2,20.000,0,0.00,116,0,2,66.7,6,.600,5.0,62.5,8.0,10,2,1.000,2,20.000,Logos via Sports Logos.net / About logos,L,https://www.basketball-reference.com/boxscores/201511290NYK.html,Home,111,36:22,1,33.3,HOU,James Harden,K.J. McDaniels,5:14,,,,,,,,,,,45:18,Trevor Ariza,41:07,Clint Capela,36:24,Patrick Beverley,34:04,Dwight Howard,30:22,Terrence Jones,24:59,Marcus Thornton,20:37,Jason Terry,20:12,Corey Brewer,6:43,116,2,15,10.0,66.7,3.0,20.0,2.0,13.3,Lance Thomas,5,0,2015-2016,0.0,2,3.0,NYK,111,Arron Afflalo,Kyle O'Quinn,3:44,,,,,,,,,,,41:29,Kristaps Porziņģis,40:42,José Calderón,37:58,Kevin Séraphin,31:44,Langston Galloway,26:12,Derrick Williams,15:02,Robin Lopez,14:33,Jerian Grant,11:31,Cleanthony Early,5:43
0,.000,1,14.286,0,0.00,87,1,1,50.0,4,.571,4.0,66.7,6.0,7,2,.667,3,42.857,Logos via Sports Logos.net / About logos,W,https://www.basketball-reference.com/boxscores/201512020NYK.html,Home,99,21:32,1,50.0,PHI,Nerlens Noel,Phil Pressey,10:22,Christian Wood,2:11,,,,,,,,,32:20,Isaiah Canaan,30:08,Robert Covington,27:21,Hollis Thompson,26:40,T.J. McConnell,26:04,Nik Stauskas,23:46,JaKarr Sampson,22:46,Jerami Grant,20:15,Richaun Holmes,18:07,87,1,10,8.0,80.0,0.0,0.0,2.0,20.0,Lance Thomas,12,0,2015-2016,1.0,1,2.0,NYK,99,Kristaps Porziņģis,Sasha Vujačić,6:17,Cleanthony Early,2:56,Kyle O'Quinn,2:56,,,,,,,29:45,José Calderón,26:49,Carmelo Anthony,26:26,Arron Afflalo,23:05,Robin Lopez,22:05,Langston Galloway,22:01,Jerian Grant,20:53,Derrick Williams,18:38,Kevin Séraphin,16:37
1,.250,4,44.444,0,0.00,91,0,1,50.0,3,.333,2.0,40.0,5.0,9,2,1.000,2,22.222,Logos via Sports Logos.net / About logos,W,https://www.basketball-reference.com/boxscores/201512040NYK.html,Home,108,21:44,1,50.0,BRK,Brook Lopez,Willie Reed,10:44,Markel Brown,8:38,Sergey Karasev,8:28,Donald Sloan,3:34,,,,,34:31,Thaddeus Young,32:47,Joe Johnson,31:43,Jarrett Jack,23:38,Shane Larkin,22:36,Bojan Bogdanović,18:54,Rondae Hollis-Jefferson,17:46,Thomas Robinson,13:32,Wayne Ellington,13:09,91,2,9,4.0,44.4,3.0,33.3,2.0,22.2,Lance Thomas,17,1,2015-2016,1.0,2,2.0,NYK,108,Carmelo Anthony,Lou Amundson,3:34,,,,,,,,,,,31:24,Robin Lopez,30:18,Arron Afflalo,29:19,José Calderón,28:32,Kristaps Porziņģis,26:16,Langston Galloway,20:14,Jerian Grant,17:55,Derrick Williams,16:36,Kevin Séraphin,14:08
2,.500,4,36.364,1,1.00,91,0,0,,6,.545,4.0,57.1,7.0,11,3,.750,4,36.364,Logos via Sports Logos.net / About logos,L,https://www.basketball-reference.com/boxscores/201512050MIL.html,Away,106,24:41,0,,MIL,Jabari Parker,,,,,,,,,,,,,35:56,O.J. Mayo,35:09,Giannis Antetokounmpo,34:40,Greg Monroe,33:14,Khris Middleton,31:33,Michael Carter-Williams,28:25,Johnny O'Bryant,22:19,John Henson,14:46,Rashad Vaughn,3:58,106,1,17,8.0,47.1,6.0,35.3,3.0,17.6,Lance Thomas,15,0,2015-2016,0.0,1,0.0,NYK,91,Arron Afflalo,,,,,,,,,,,,,32:15,Carmelo Anthony,31:57,Langston Galloway,26:51,José Calderón,25:51,Kevin Séraphin,23:31,Kristaps Porziņģis,21:44,Robin Lopez,20:40,Jerian Grant,19:53,Derrick Williams,12:37
2,.400,5,55.556,0,0.00,104,0,2,100.0,4,.444,2.0,50.0,4.0,9,1,1.000,1,11.111,Logos via Sports Logos.net / About logos,L,https://www.basketball-reference.com/boxscores/201512070NYK.html,Home,97,27:17,0,0.0,DAL,Deron Williams,JaVale McGee,6:46,Charlie Villanueva,4:02,,,,,,,,,34:15,Wesley Matthews,34:06,Raymond Felton,33:34,Dirk Nowitzki,32:46,Zaza Pachulia,31:31,Chandler Parsons,25:01,Dwight Powell,19:01,John Jenkins,11:38,Jeremy Evans,7:20,104,3,11,4.0,36.4,6.0,54.5,1.0,9.1,Lance Thomas,7,0,2015-2016,0.0,2,2.0,NYK,97,Carmelo Anthony,,,,,,,,,,,,,37:58,Kristaps Porziņģis,35:17,José Calderón,35:17,Arron Afflalo,29:56,Langston Galloway,22:02,Robin Lopez,15:41,Kevin Séraphin,15:38,Jerian Grant,10:52,Derrick Williams,10:02
1,.333,3,30.000,1,,85,0,4,100.0,3,.300,2.0,28.6,7.0,10,1,.500,2,20.000,Logos via Sports Logos.net / About logos,L,https://www.basketball-reference.com/boxscores/201512090UTA.html,Away,106,21:50,0,0.0,UTA,Trey Lyles,Elijah Millsap,15:24,Joe Ingles,5:21,Chris Johnson,3:01,,,,,,,29:03,Rodney Hood,29:03,Derrick Favors,28:07,Gordon Hayward,27:15,Trey Burke,23:20,Raul Neto,22:59,Jeff Withey,19:53,Alec Burks,18:56,Trevor Booker,17:38,106,2,8,4.0,50.0,3.0,37.5,1.0,12.5,Lance Thomas,21,0,2015-2016,0.0,0,4.0,NYK,85,Sasha Vujačić,Kristaps Porziņģis,13:16,Lou Amundson,9:57,Kevin Séraphin,8:50,,,,,,,26:41,Carmelo Anthony,25:50,Langston Galloway,22:05,Arron Afflalo,21:38,José Calderón,21:09,Derrick Williams,19:37,Robin Lopez,18:45,Kyle O'Quinn,16:11,Jerian Grant,14:11
2,.500,4,57.143,2,1.00,97,0,5,83.3,3,.429,1.0,33.3,3.0,7,2,1.000,2,28.571,Logos via Sports Logos.net / About logos,L,https://www.basketball-reference.com/boxscores/201512100SAC.html,Away,99,23:55,1,16.7,SAC,Omri Casspi,,,,,,,,,,,,,40:16,Rajon Rondo,40:15,Rudy Gay,39:32,DeMarcus Cousins,36:39,Darren Collison,24:55,Ben McLemore,23:32,Marco Belinelli,19:55,Kosta Koufos,14:56,,,99,1,10,2.0,20.0,6.0,60.0,2.0,20.0,Lance Thomas,2,3,2015-2016,3.0,2,6.0,NYK,97,Carmelo Anthony,Jerian Grant,3:14,,,,,,,,,,,39:22,Kristaps Porziņģis,33:55,Arron Afflalo,32:41,José Calderón,31:47,Robin Lopez,19:58,Sasha Vujačić,18:24,Langston Galloway,18:06,Kyle O'Quinn,12:30,Derrick Williams,6:09
1,1.000,1,33.333,0,0.00,112,0,1,100.0,3,1.000,2.0,100.0,2.0,3,6,1.000,6,200.000,Logos via Sports Logos.net / About logos,W,https://www.basketball-reference.com/boxscores/201512120POR.html,Away,110,25:01,0,0.0,POR,Damian Lillard,Gerald Henderson,7:20,,,,,,,,,,,38:26,CJ McCollum,35:20,Al-Farouq Aminu,32:08,Mason Plumlee,27:33,Allen Crabbe,27:10,Ed Davis,20:10,Meyers Leonard,19:20,Noah Vonleh,17:25,Maurice Harkless,15:08,110,3,13,4.0,30.8,3.0,23.1,6.0,46.2,Lance Thomas,2,0,2015-2016,0.0,1,1.0,NYK,112,Arron Afflalo,,,,,,,,,,,,,40:10,Carmelo Anthony,38:28,Langston Galloway,30:25,Robin Lopez,28:43,José Calderón,19:42,Kristaps Porziņģis,19:12,Kyle O'Quinn,18:53,Derrick Williams,13:28,Sasha Vujačić,5:58
1,1.000,1,10.000,2,2.00,102,0,5,71.4,5,.500,4.0,44.4,9.0,10,3,1.000,3,30.000,Logos via Sports Logos.net / About logos,W,https://www.basketball-reference.com/boxscores/201512160NYK.html,Home,107,22:31,2,28.6,MIN,Andrew Wiggins,Damjan Rudež,6:43,Adreian Payne,5:38,,,,,,,,,37:28,Gorgui Dieng,36:14,Ricky Rubio,34:20,Karl-Anthony Towns,32:26,Zach LaVine,29:07,Tayshaun Prince,21:14,Shabazz Muhammad,17:48,Nemanja Bjelica,9:42,Andre Miller,9:21,102,1,14,8.0,57.1,3.0,21.4,3.0,21.4,Lance Thomas,5,0,2015-2016,0.0,1,7.0,NYK,107,Carmelo Anthony,Kevin Séraphin,6:46,,,,,,,,,,,34:51,Arron Afflalo,33:48,Langston Galloway,31:34,Kristaps Porziņģis,29:14,José Calderón,24:38,Robin Lopez,18:12,Kyle O'Quinn,17:19,Derrick Williams,11:08,Sasha Vujačić,9:58
1,.500,2,33.333,1,0.50,107,0,1,33.3,4,.667,3.0,75.0,4.0,6,3,.750,4,66.667,Logos via Sports Logos.net / About logos,W,https://www.basketball-reference.com/boxscores/201512180PHI.html,Away,97,19:32,2,66.7,PHI,Jahlil Okafor,T.J. McConnell,13:36,JaKarr Sampson,12:10,Nik Stauskas,7:28,,,,,,,30:01,Isaiah Canaan,28:43,Nerlens Noel,27:12,Jerami Grant,26:33,Tony Wroten,23:15,Hollis Thompson,21:11,Richaun Holmes,18:25,Kendall Marshall,15:44,Robert Covington,15:42,97,1,12,6.0,50.0,3.0,25.0,3.0,25.0,Lance Thomas,10,1,2015-2016,1.0,2,3.0,NYK,107,Carmelo Anthony,Sasha Vujačić,7:03,Kevin Séraphin,5:02,Lou Amundson,5:02,,,,,,,28:20,Kristaps Porziņģis,26:17,Arron Afflalo,25:55,José Calderón,24:12,Derrick Williams,22:29,Jerian Grant,22:22,Kyle O'Quinn,21:00,Langston Galloway,16:28,Robin Lopez,16:18
2,1.000,2,40.000,2,,91,0,0,,4,.800,2.0,66.7,3.0,5,3,1.000,3,60.000,Logos via Sports Logos.net / About logos,W,https://www.basketball-reference.com/boxscores/201512190NYK.html,Home,107,24:10,0,,CHI,Jimmy Butler,E'Twaun Moore,12:00,Doug McDermott,9:54,Cameron Bairstow,5:31,,,,,,,33:12,Joakim Noah,28:32,Nikola Mirotić,24:43,Bobby Portis,22:46,Aaron Brooks,21:08,Derrick Rose,21:02,Tony Snell,20:55,Kirk Hinrich,20:18,Taj Gibson,19:59,91,1,13,4.0,30.8,6.0,46.2,3.0,23.1,Lance Thomas,16,2,2015-2016,2.0,0,0.0,NYK,107,Carmelo Anthony,,,,,,,,,,,,,35:14,Arron Afflalo,34:06,Kristaps Porziņģis,29:29,Langston Galloway,25:20,José Calderón,22:40,Kyle O'Quinn,20:25,Robin Lopez,18:31,Derrick Williams,16:11,Jerian Grant,13:54
3,1.000,3,33.333,2,0.67,107,0,1,50.0,9,1.000,6.0,100.0,6.0,9,3,1.000,3,33.333,Logos via Sports Logos.net / About logos,L,https://www.basketball-reference.com/boxscores/201512210NYK.html,Home,99,26:33,1,50.0,ORL,Tobias Harris,Aaron Gordon,11:02,Elfrid Payton,9:51,,,,,,,,,36:58,Nikola Vučević,35:34,Evan Fournier,31:37,Jason Smith,27:14,Victor Oladipo,23:45,Channing Frye,20:46,Mario Hezonja,19:14,Andrew Nicholson,12:26,Shabazz Napier,11:33,107,0,24,12.0,50.0,9.0,37.5,3.0,12.5,Lance Thomas,8,1,2015-2016,1.0,3,2.0,NYK,99,Carmelo Anthony,Sasha Vujačić,5:17,,,,,,,,,,,39:37,Robin Lopez,34:27,Arron Afflalo,32:39,Langston Galloway,25:42,Kristaps Porziņģis,25:17,José Calderón,17:53,Jerian Grant,14:29,Derrick Williams,10:18,Kevin Séraphin,7:48
0,.000,2,18.182,3,3.00,84,0,3,75.0,4,.364,4.0,44.4,9.0,11,0,,0,0.000,Logos via Sports Logos.net / About logos,L,https://www.basketball-reference.com/boxscores/201512230CLE.html,Away,91,34:14,1,25.0,CLE,LeBron James,James Jones,4:32,Richard Jefferson,4:23,,,,,,,,,37:43,Kevin Love,34:07,Matthew Dellavedova,30:50,Tristan Thompson,29:28,Iman Shumpert,26:30,J.R. Smith,24:56,Kyrie Irving,18:57,Mo Williams,14:53,Timofey Mozgov,13:41,91,6,8,8.0,100.0,0.0,0.0,0.0,0.0,Lance Thomas,7,1,2015-2016,1.0,1,4.0,NYK,84,Kristaps Porziņģis,Kevin Séraphin,4:48,,,,,,,,,,,38:17,Arron Afflalo,36:21,José Calderón,34:45,Langston Galloway,25:45,Derrick Williams,20:46,Robin Lopez,19:37,Jerian Grant,10:43,Lou Amundson,8:47,Cleanthony Early,5:58
0,.000,3,25.000,0,0.00,98,1,2,50.0,6,.500,6.0,66.7,9.0,12,0,,0,0.000,Logos via Sports Logos.net / About logos,L,https://www.basketball-reference.com/boxscores/201512260ATL.html,Away,117,25:02,2,50.0,ATL,Paul Millsap,Tiago Splitter,4:10,Mike Muscala,3:34,Shelvin Mack,2:24,Justin Holiday,2:24,,,,,33:17,Al Horford,31:23,Thabo Sefolosha,27:43,Kent Bazemore,27:03,Jeff Teague,25:46,Kyle Korver,24:34,Dennis Schröder,21:21,Mike Scott,20:35,Lamar Patterson,15:46,117,3,12,12.0,100.0,0.0,0.0,0.0,0.0,Lance Thomas,19,1,2015-2016,2.0,3,4.0,NYK,98,Arron Afflalo,Sasha Vujačić,2:24,,,,,,,,,,,32:10,Carmelo Anthony,30:24,Langston Galloway,25:55,José Calderón,24:03,Kyle O'Quinn,22:01,Derrick Williams,21:35,Kristaps Porziņģis,21:01,Robin Lopez,20:09,Jerian Grant,15:16
2,.667,3,50.000,1,,91,0,2,100.0,3,.500,1.0,33.3,3.0,6,2,1.000,2,33.333,Logos via Sports Logos.net / About logos,L,https://www.basketball-reference.com/boxscores/201512270BOS.html,Away,100,17:08,0,0.0,BOS,Jae Crowder,R.J. Hunter,7:08,Tyler Zeller,4:37,,,,,,,,,34:20,Isaiah Thomas,32:40,Avery Bradley,31:12,Evan Turner,30:29,Jared Sullinger,23:33,Amir Johnson,22:25,Kelly Olynyk,21:20,Jonas Jerebko,19:11,Marcus Smart,13:04,100,0,10,2.0,20.0,6.0,60.0,2.0,20.0,Lance Thomas,9,2,2015-2016,2.0,0,2.0,NYK,91,Carmelo Anthony,Cleanthony Early,0:06,,,,,,,,,,,35:25,Arron Afflalo,33:17,Robin Lopez,29:33,Kristaps Porziņģis,28:02,Langston Galloway,26:24,Derrick Williams,23:01,José Calderón,21:36,Sasha Vujačić,14:43,Kyle O'Quinn,10:45
1,.500,2,33.333,2,2.00,96,0,1,100.0,2,.333,1.0,25.0,4.0,6,2,1.000,2,33.333,Logos via Sports Logos.net / About logos,W,https://www.basketball-reference.com/boxscores/201512290NYK.html,Home,108,29:20,0,0.0,DET,Kentavious Caldwell-Pope,Darrun Hilliard,2:36,,,,,,,,,,,38:29,Ersan İlyasova,36:10,Marcus Morris,36:04,Andre Drummond,36:04,Reggie Jackson,31:16,Stanley Johnson,18:51,Brandon Jennings,16:44,Aron Baynes,11:56,Anthony Tolliver,11:50,96,2,7,2.0,28.6,3.0,42.9,2.0,28.6,Lance Thomas,12,1,2015-2016,1.0,1,1.0,NYK,108,Carmelo Anthony,Cleanthony Early,0:29,,,,,,,,,,,37:53,Robin Lopez,36:22,José Calderón,33:19,Arron Afflalo,31:14,Kristaps Porziņģis,18:37,Derrick Williams,18:12,Langston Galloway,16:41,Kyle O'Quinn,11:13,Jerian Grant,6:41
0,.000,2,22.222,1,1.00,81,0,0,,3,.333,3.0,42.9,7.0,9,5,1.000,5,55.556,Logos via Sports Logos.net / About logos,L,https://www.basketball-reference.com/boxscores/201601010CHI.html,Away,108,26:30,0,,CHI,Jimmy Butler,Aaron Brooks,13:20,Cameron Bairstow,2:11,,,,,,,,,34:13,Nikola Mirotić,30:54,Bobby Portis,29:51,Pau Gasol,28:52,Taj Gibson,25:17,Doug McDermott,20:29,Tony Snell,20:13,E'Twaun Moore,18:13,Kirk Hinrich,16:27,108,3,11,6.0,54.5,0.0,0.0,5.0,45.5,Lance Thomas,27,0,2015-2016,0.0,1,0.0,NYK,81,Carmelo Anthony,Jerian Grant,3:33,Sasha Vujačić,3:33,,,,,,,,,36:46,José Calderón,34:35,Arron Afflalo,29:03,Kristaps Porziņģis,28:19,Robin Lopez,21:35,Derrick Williams,17:00,Langston Galloway,15:14,Kevin Séraphin,12:11,Kyle O'Quinn,11:41
0,.000,2,40.000,1,1.00,97,0,3,100.0,0,.000,0.0,0.0,3.0,5,2,1.000,2,40.000,Logos via Sports Logos.net / About logos,W,https://www.basketball-reference.com/boxscores/201601030NYK.html,Home,111,19:07,0,0.0,ATL,Paul Millsap,Lamar Patterson,9:59,Justin Holiday,3:00,,,,,,,,,34:16,Kent Bazemore,32:38,Jeff Teague,29:34,Kyle Korver,28:44,Al Horford,28:39,Thabo Sefolosha,21:39,Shelvin Mack,18:26,Edy Tavares,18:10,Mike Scott,14:55,97,4,2,0.0,0.0,0.0,0.0,2.0,100.0,Lance Thomas,14,0,2015-2016,0.0,1,3.0,NYK,111,Arron Afflalo,,,,,,,,,,,,,37:05,Carmelo Anthony,35:29,Kristaps Porziņģis,30:24,Robin Lopez,29:31,José Calderón,26:18,Derrick Williams,20:53,Langston Galloway,20:08,Jerian Grant,18:11,Kyle O'Quinn,2:54
1,.500,2,40.000,0,0.00,107,0,1,100.0,3,.600,2.0,66.7,3.0,5,0,,0,0.000,Logos via Sports Logos.net / About logos,W,https://www.basketball-reference.com/boxscores/201601050ATL.html,Away,101,19:13,0,0.0,ATL,Paul Millsap,Tim Hardaway Jr.,12:03,,,,,,,,,,,36:12,Al Horford,33:15,Kyle Korver,33:05,Kent Bazemore,28:30,Dennis Schröder,25:11,Jeff Teague,22:49,Thabo Sefolosha,22:22,Mike Scott,13:36,Edy Tavares,12:57,101,1,7,4.0,57.1,3.0,42.9,0.0,0.0,Lance Thomas,6,1,2015-2016,1.0,1,1.0,NYK,107,Carmelo Anthony,,,,,,,,,,,,,40:24,Arron Afflalo,36:59,José Calderón,35:39,Robin Lopez,34:48,Kristaps Porziņģis,31:30,Derrick Williams,15:39,Langston Galloway,15:38,Jerian Grant,10:10,,
0,,0,0.000,3,1.50,98,1,1,50.0,1,.333,1.0,33.3,3.0,3,0,,0,0.000,Logos via Sports Logos.net / About logos,W,https://www.basketball-reference.com/boxscores/201601060MIA.html,Away,90,18:23,1,50.0,MIA,Chris Bosh,,,,,,,,,,,,,34:07,Goran Dragić,33:40,Luol Deng,31:47,Dwyane Wade,30:30,Hassan Whiteside,28:26,Gerald Green,26:16,Tyler Johnson,21:29,Justise Winslow,21:29,Beno Udrih,12:16,90,2,2,2.0,100.0,0.0,0.0,0.0,0.0,Lance Thomas,8,0,2015-2016,1.0,2,2.0,NYK,98,Arron Afflalo,,,,,,,,,,,,,40:23,Carmelo Anthony,36:37,José Calderón,34:39,Robin Lopez,34:31,Kristaps Porziņģis,30:53,Derrick Williams,17:32,Langston Galloway,14:27,Jerian Grant,7:54,Kyle O'Quinn,4:41
2,.667,3,33.333,0,0.00,99,1,0,0.0,4,.444,2.0,33.3,6.0,9,0,,0,0.000,Logos via Sports Logos.net / About logos,L,https://www.basketball-reference.com/boxscores/201601080SAS.html,Away,100,12:33,1,100.0,SAS,Kawhi Leonard,Jonathon Simmons,9:17,,,,,,,,,,,36:54,Danny Green,34:31,LaMarcus Aldridge,34:13,Tony Parker,32:27,Manu Ginóbili,22:14,Tim Duncan,20:45,Boris Diaw,17:54,David West,16:12,Patty Mills,15:33,100,2,10,4.0,40.0,6.0,60.0,0.0,0.0,Lance Thomas,1,0,2015-2016,1.0,1,1.0,NYK,99,Arron Afflalo,,,,,,,,,,,,,40:29,Carmelo Anthony,39:13,Robin Lopez,34:22,Kristaps Porziņģis,33:25,José Calderón,31:49,Langston Galloway,22:10,Jerian Grant,15:05,Derrick Williams,10:01,Kyle O'Quinn,0:54
1,.500,2,22.222,1,,88,0,1,50.0,6,.667,5.0,71.4,7.0,9,0,,0,0.000,Logos via Sports Logos.net / About logos,W,https://www.basketball-reference.com/boxscores/201601100NYK.html,Home,100,22:21,1,50.0,MIL,Khris Middleton,Miles Plumlee,5:53,Damien Inglis,2:45,,,,,,,,,38:11,Giannis Antetokounmpo,35:38,Greg Monroe,33:20,Jabari Parker,32:00,Rashad Vaughn,29:26,Michael Carter-Williams,22:27,Tyler Ennis,16:18,Johnny O'Bryant,15:16,John Henson,8:47,88,4,13,10.0,76.9,3.0,23.1,0.0,0.0,Lance Thomas,12,0,2015-2016,0.0,0,2.0,NYK,100,Carmelo Anthony,,,,,,,,,,,,,36:44,Arron Afflalo,30:55,Kristaps Porziņģis,30:06,José Calderón,29:06,Robin Lopez,27:20,Derrick Williams,24:00,Langston Galloway,21:09,Jerian Grant,16:14,Kyle O'Quinn,2:05
0,.000,1,16.667,2,0.67,114,0,4,100.0,1,.167,1.0,20.0,5.0,6,5,1.000,5,83.333,Logos via Sports Logos.net / About logos,W,https://www.basketball-reference.com/boxscores/201601120NYK.html,Home,120,22:30,0,0.0,BOS,Avery Bradley,,,,,,,,,,,,,38:21,Isaiah Thomas,34:45,Jae Crowder,33:32,Evan Turner,28:01,Amir Johnson,25:45,Marcus Smart,24:39,Jonas Jerebko,23:59,Jared Sullinger,19:36,Kelly Olynyk,11:23,114,2,7,2.0,28.6,0.0,0.0,5.0,71.4,Lance Thomas,6,1,2015-2016,1.0,3,4.0,NYK,120,Arron Afflalo,Kevin Séraphin,2:15,Kyle O'Quinn,2:01,,,,,,,,,40:34,José Calderón,30:20,Derrick Williams,28:37,Kristaps Porziņģis,26:50,Robin Lopez,25:50,Jerian Grant,23:24,Carmelo Anthony,17:52,Langston Galloway,16:38,Lou Amundson,3:10
1,.333,3,30.000,3,3.00,104,0,2,66.7,2,.200,1.0,14.3,7.0,10,1,.500,2,20.000,Logos via Sports Logos.net / About logos,L,https://www.basketball-reference.com/boxscores/201601130BRK.html,Away,110,27:47,1,33.3,BRK,Thaddeus Young,Thomas Robinson,7:24,Willie Reed,6:20,,,,,,,,,39:01,Joe Johnson,38:47,Brook Lopez,29:32,Wayne Ellington,25:57,Shane Larkin,25:13,Bojan Bogdanović,22:56,Donald Sloan,22:47,Andrea Bargnani,13:32,Sergey Karasev,8:31,110,0,6,2.0,33.3,3.0,50.0,1.0,16.7,Lance Thomas,6,0,2015-2016,0.0,1,3.0,NYK,104,Kristaps Porziņģis,,,,,,,,,,,,,37:08,Arron Afflalo,35:49,Derrick Williams,31:34,Robin Lopez,30:40,José Calderón,28:46,Langston Galloway,23:19,Jerian Grant,21:28,Sasha Vujačić,3:30,,
1,1.000,1,16.667,1,,95,0,1,100.0,3,.500,2.0,40.0,5.0,6,2,1.000,2,33.333,Logos via Sports Logos.net / About logos,L,https://www.basketball-reference.com/boxscores/201601160MEM.html,Away,103,16:48,0,0.0,MEM,Marc Gasol,Vince Carter,5:55,,,,,,,,,,,40:44,Tony Allen,33:31,Jeff Green,30:12,Mario Chalmers,28:49,Matt Barnes,26:14,Courtney Lee,25:40,Zach Randolph,21:46,Elliot Williams,19:53,JaMychal Green,7:16,103,1,9,4.0,44.4,3.0,33.3,2.0,22.2,Lance Thomas,8,0,2015-2016,0.0,0,1.0,NYK,95,Langston Galloway,Lou Amundson,4:20,Sasha Vujačić,2:26,,,,,,,,,37:27,Arron Afflalo,36:14,José Calderón,31:50,Kristaps Porziņģis,28:25,Derrick Williams,26:03,Kyle O'Quinn,20:44,Jerian Grant,16:10,Robin Lopez,15:01,Kevin Séraphin,4:32
0,,0,0.000,2,1.00,113,1,3,75.0,4,.571,4.0,57.1,7.0,7,4,.800,5,71.429,Logos via Sports Logos.net / About logos,W,https://www.basketball-reference.com/boxscores/201601180NYK.html,Home,119,31:28,1,25.0,PHI,Nerlens Noel,Richaun Holmes,12:35,Carl Landry,4:12,,,,,,,,,47:12,Robert Covington,45:40,Ish Smith,43:51,Hollis Thompson,40:54,Jahlil Okafor,25:39,Isaiah Canaan,24:11,JaKarr Sampson,17:16,Jerami Grant,14:31,T.J. McConnell,13:59,113,1,12,8.0,66.7,0.0,0.0,4.0,33.3,Lance Thomas,6,0,2015-2016,1.0,2,4.0,NYK,119,Carmelo Anthony,Sasha Vujačić,6:00,Lou Amundson,3:27,,,,,,,,,49:11,Arron Afflalo,44:34,José Calderón,35:03,Kristaps Porziņģis,34:16,Robin Lopez,33:14,Langston Galloway,23:34,Derrick Williams,14:46,Kyle O'Quinn,7:28,Jerian Grant,7:00
1,.500,2,28.571,1,1.00,128,1,2,50.0,5,.714,4.0,80.0,5.0,7,5,.714,7,100.000,Logos via Sports Logos.net / About logos,L,https://www.basketball-reference.com/boxscores/201601260NYK.html,Home,122,40:42,2,50.0,OKC,Serge Ibaka,,,,,,,,,,,,,46:55,Russell Westbrook,44:16,Kevin Durant,43:12,Dion Waiters,42:31,Steven Adams,35:28,Enes Freedom,18:08,Cameron Payne,15:03,Kyle Singler,12:46,Anthony Morrow,6:41,128,6,16,8.0,50.0,3.0,18.8,5.0,31.2,Lance Thomas,6,1,2015-2016,2.0,1,4.0,NYK,122,Arron Afflalo,Sasha Vujačić,0:15,,,,,,,,,,,40:20,Derrick Williams,36:06,Langston Galloway,33:16,Kristaps Porziņģis,30:59,Robin Lopez,21:53,Jerian Grant,21:24,José Calderón,20:48,Kevin Séraphin,16:05,Kyle O'Quinn,3:12
0,,0,0.000,0,0.00,93,1,2,100.0,3,.500,3.0,50.0,6.0,6,1,1.000,1,16.667,Logos via Sports Logos.net / About logos,L,https://www.basketball-reference.com/boxscores/201601280TOR.html,Away,103,25:18,0,0.0,TOR,Kyle Lowry,Norman Powell,3:46,,,,,,,,,,,41:07,DeMar DeRozan,36:17,Patrick Patterson,29:17,Jonas Valančiūnas,28:19,Cory Joseph,24:22,Terrence Ross,22:27,Bismack Biyombo,19:41,Luis Scola,18:43,James Johnson,16:01,103,1,7,6.0,85.7,0.0,0.0,1.0,14.3,Lance Thomas,10,0,2015-2016,1.0,1,2.0,NYK,93,Arron Afflalo,,,,,,,,,,,,,38:19,Langston Galloway,31:27,Derrick Williams,27:30,Jerian Grant,24:58,Robin Lopez,24:54,Sasha Vujačić,24:17,Kyle O'Quinn,19:10,Kevin Séraphin,15:04,Lou Amundson,9:03
0,,0,0.000,0,,84,0,2,100.0,3,.750,3.0,75.0,4.0,4,2,1.000,2,50.000,Logos via Sports Logos.net / About logos,W,https://www.basketball-reference.com/boxscores/201601290NYK.html,Home,102,19:14,0,0.0,PHO,P.J. Tucker,Sonny Weems,14:43,Jon Leuer,11:49,,,,,,,,,35:28,Markieff Morris,28:39,Devin Booker,26:35,Jordan McRae,25:06,Archie Goodwin,23:19,Tyson Chandler,21:30,T.J. Warren,19:36,Alex Len,16:43,Mirza Teletović,16:32,84,2,8,6.0,75.0,0.0,0.0,2.0,25.0,Lance Thomas,18,0,2015-2016,0.0,0,2.0,NYK,102,Carmelo Anthony,Lou Amundson,6:20,Thanasis Antetokounmpo,2:11,,,,,,,,,30:15,Arron Afflalo,29:10,Langston Galloway,27:38,Robin Lopez,24:13,Kristaps Porziņģis,23:32,Sasha Vujačić,22:18,Jerian Grant,21:13,Derrick Williams,18:41,Kyle O'Quinn,15:15
0,.000,1,50.000,0,0.00,116,0,1,100.0,0,.000,0.0,0.0,1.0,2,2,1.000,2,100.000,Logos via Sports Logos.net / About logos,L,https://www.basketball-reference.com/boxscores/201601310NYK.html,Home,95,18:35,0,0.0,GSW,Draymond Green,Marreese Speights,11:00,Ian Clark,4:04,Jason Thompson,3:11,,,,,,,37:09,Klay Thompson,32:05,Stephen Curry,31:59,Harrison Barnes,31:04,Andre Iguodala,23:17,Leandro Barbosa,20:26,Shaun Livingston,16:26,Brandon Rush,15:18,Andrew Bogut,14:01,116,1,2,0.0,0.0,0.0,0.0,2.0,100.0,Lance Thomas,21,1,2015-2016,1.0,2,1.0,NYK,95,Arron Afflalo,Lou Amundson,6:17,Thanasis Antetokounmpo,4:04,,,,,,,,,37:32,Carmelo Anthony,36:05,Langston Galloway,31:59,Derrick Williams,23:52,Kristaps Porziņģis,20:18,Sasha Vujačić,18:34,Robin Lopez,18:28,Jerian Grant,16:39,Kyle O'Quinn,7:37
1,1.000,1,25.000,0,0.00,97,0,2,100.0,2,.500,1.0,33.3,3.0,4,1,.500,2,50.000,Logos via Sports Logos.net / About logos,L,https://www.basketball-reference.com/boxscores/201602020NYK.html,Home,89,25:25,0,0.0,BOS,Isaiah Thomas,Jonas Jerebko,7:05,,,,,,,,,,,36:58,Avery Bradley,29:56,Marcus Smart,29:06,Evan Turner,28:58,Jae Crowder,28:02,Tyler Zeller,26:32,Kelly Olynyk,22:15,Jared Sullinger,16:34,Amir Johnson,14:34,97,1,6,2.0,33.3,3.0,50.0,1.0,16.7,Lance Thomas,8,0,2015-2016,0.0,1,2.0,NYK,89,Arron Afflalo,,,,,,,,,,,,,39:45,Robin Lopez,37:22,Carmelo Anthony,34:50,Langston Galloway,34:07,Kristaps Porziņģis,27:18,Sasha Vujačić,18:03,Derrick Williams,11:24,Jerian Grant,7:25,Kevin Séraphin,4:21
1,.500,2,33.333,1,,105,0,1,100.0,2,.333,1.0,25.0,4.0,6,4,1.000,4,66.667,Logos via Sports Logos.net / About logos,L,https://www.basketball-reference.com/boxscores/201602040DET.html,Away,111,30:38,0,0.0,DET,Stanley Johnson,,,,,,,,,,,,,44:01,Marcus Morris,39:06,Reggie Jackson,31:45,Andre Drummond,31:38,Ersan İlyasova,30:54,Brandon Jennings,16:21,Aron Baynes,16:19,Darrun Hilliard,14:58,Anthony Tolliver,14:58,111,4,9,2.0,22.2,3.0,33.3,4.0,44.4,Lance Thomas,6,0,2015-2016,0.0,0,1.0,NYK,105,Arron Afflalo,Jerian Grant,0:06,,,,,,,,,,,43:18,Carmelo Anthony,40:00,Langston Galloway,35:33,Robin Lopez,35:15,Kristaps Porziņģis,24:12,José Calderón,12:39,Sasha Vujačić,10:34,Derrick Williams,5:39,Kyle O'Quinn,2:06
0,.000,2,40.000,0,,111,0,0,,1,.200,1.0,33.3,3.0,5,0,.000,2,40.000,Logos via Sports Logos.net / About logos,L,https://www.basketball-reference.com/boxscores/201602090NYK.html,Home,108,10:39,0,,WAS,John Wall,Drew Gooden,6:44,Kris Humphries,3:50,,,,,,,,,43:11,Garrett Temple,32:00,Bradley Beal,31:57,Jared Dudley,30:42,Otto Porter Jr.,28:12,Marcin Gortat,27:43,Nenê,16:35,Ramon Sessions,12:19,Kelly Oubre Jr.,6:47,111,1,2,2.0,100.0,0.0,0.0,0.0,0.0,Lance Thomas,3,0,2015-2016,0.0,0,0.0,NYK,108,Carmelo Anthony,,,,,,,,,,,,,38:42,Arron Afflalo,38:18,Kristaps Porziņģis,29:34,Langston Galloway,28:37,José Calderón,28:20,Robin Lopez,27:13,Kevin Séraphin,15:00,Sasha Vujačić,14:18,Derrick Williams,9:18
0,.000,2,40.000,0,0.00,98,0,1,50.0,0,.000,0.0,0.0,3.0,5,0,,0,0.000,Logos via Sports Logos.net / About logos,L,https://www.basketball-reference.com/boxscores/201602190BRK.html,Away,109,11:00,1,50.0,BRK,Joe Johnson,Chris McCullough,6:04,,,,,,,,,,,38:23,Thaddeus Young,37:49,Brook Lopez,36:47,Donald Sloan,30:06,Wayne Ellington,25:36,Bojan Bogdanović,23:45,Shane Larkin,18:54,Thomas Robinson,12:59,Markel Brown,9:37,109,2,0,0.0,,0.0,,0.0,,Lance Thomas,11,0,2015-2016,0.0,2,2.0,NYK,98,Arron Afflalo,Kevin Séraphin,5:10,,,,,,,,,,,38:33,Carmelo Anthony,37:30,Kristaps Porziņģis,34:31,Robin Lopez,30:43,Langston Galloway,26:14,José Calderón,21:46,Jerian Grant,16:02,Derrick Williams,11:20,Kyle O'Quinn,7:10
1,.333,3,30.000,1,,103,0,4,80.0,5,.500,4.0,57.1,7.0,10,0,,0,0.000,Logos via Sports Logos.net / About logos,W,https://www.basketball-reference.com/boxscores/201602200MIN.html,Away,95,25:52,1,20.0,MIN,Karl-Anthony Towns,,,,,,,,,,,,,41:15,Andrew Wiggins,36:11,Ricky Rubio,35:13,Shabazz Muhammad,32:32,Zach LaVine,32:32,Gorgui Dieng,24:43,Tayshaun Prince,21:13,Kevin Martin,12:28,Damjan Rudež,3:53,95,2,11,8.0,72.7,3.0,27.3,0.0,0.0,Lance Thomas,8,0,2015-2016,0.0,0,5.0,NYK,103,Carmelo Anthony,,,,,,,,,,,,,40:59,Arron Afflalo,39:24,Robin Lopez,36:04,José Calderón,34:46,Langston Galloway,23:20,Kristaps Porziņģis,11:51,Derrick Williams,11:12,Kyle O'Quinn,9:15,Sasha Vujačić,7:17
1,.333,3,33.333,1,,122,0,0,0.0,3,.333,2.0,33.3,6.0,9,2,1.000,2,22.222,Logos via Sports Logos.net / About logos,L,https://www.basketball-reference.com/boxscores/201602220NYK.html,Home,95,21:18,1,100.0,TOR,Kyle Lowry,Delon Wright,3:21,Lucas Nogueira,3:21,Anthony Bennett,1:49,Norman Powell,1:49,,,,,35:16,DeMar DeRozan,31:54,James Johnson,26:32,Patrick Patterson,26:05,Jonas Valančiūnas,25:18,Cory Joseph,24:33,Terrence Ross,20:35,Luis Scola,20:06,Bismack Biyombo,19:21,122,1,9,4.0,44.4,3.0,33.3,2.0,22.2,Lance Thomas,27,0,2015-2016,0.0,0,1.0,NYK,95,Carmelo Anthony,Sasha Vujačić,6:27,Jimmer Fredette,1:49,,,,,,,,,37:16,Arron Afflalo,33:29,Kristaps Porziņģis,32:31,Robin Lopez,27:50,Langston Galloway,24:43,José Calderón,19:21,Derrick Williams,14:13,Jerian Grant,12:00,Kyle O'Quinn,9:03
1,.500,2,50.000,4,1.33,105,0,0,,2,.500,1.0,50.0,2.0,4,0,,0,0.000,Logos via Sports Logos.net / About logos,L,https://www.basketball-reference.com/boxscores/201602240IND.html,Away,108,32:04,0,,IND,Paul George,Chase Budinger,11:31,,,,,,,,,,,36:29,Monta Ellis,35:49,George Hill,31:04,Ian Mahinmi,30:39,Myles Turner,29:43,Lavoy Allen,18:17,Jordan Hill,17:21,Joe Young,15:03,Solomon Hill,14:04,108,3,5,2.0,40.0,3.0,60.0,0.0,0.0,Lance Thomas,3,0,2015-2016,0.0,3,0.0,NYK,105,Kristaps Porziņģis,,,,,,,,,,,,,35:48,Carmelo Anthony,34:46,José Calderón,32:40,Langston Galloway,29:01,Robin Lopez,25:12,Arron Afflalo,23:36,Kyle O'Quinn,16:10,Sasha Vujačić,10:43,,
1,1.000,1,33.333,1,1.00,95,0,2,66.7,2,.667,1.0,50.0,2.0,3,6,.667,9,300.000,Logos via Sports Logos.net / About logos,W,https://www.basketball-reference.com/boxscores/201602260NYK.html,Home,108,26:25,1,33.3,ORL,Victor Oladipo,Ersan İlyasova,11:35,Jason Smith,6:40,Devyn Marble,2:10,Andrew Nicholson,2:10,,,,,35:22,Aaron Gordon,34:15,Nikola Vučević,28:21,Elfrid Payton,27:14,Mario Hezonja,26:29,Evan Fournier,24:31,C.J. Watson,14:25,Brandon Jennings,13:49,Dewayne Dedmon,12:59,95,1,11,2.0,18.2,3.0,27.3,6.0,54.5,Lance Thomas,13,1,2015-2016,1.0,1,3.0,NYK,108,Carmelo Anthony,,,,,,,,,,,,,35:46,Arron Afflalo,31:56,José Calderón,30:54,Robin Lopez,30:50,Kristaps Porziņģis,25:06,Derrick Williams,20:59,Langston Galloway,16:58,Jerian Grant,16:12,Kyle O'Quinn,4:54
2,1.000,2,22.222,1,1.00,98,0,3,100.0,4,.444,2.0,28.6,7.0,9,2,1.000,2,22.222,Logos via Sports Logos.net / About logos,L,https://www.basketball-reference.com/boxscores/201602280NYK.html,Home,81,32:33,0,0.0,MIA,Justise Winslow,,,,,,,,,,,,,35:41,Goran Dragić,33:28,Dwyane Wade,32:17,Josh Richardson,30:15,Luol Deng,30:11,Joe Johnson,30:08,Hassan Whiteside,26:03,Amar'e Stoudemire,21:57,,,98,4,12,4.0,33.3,6.0,50.0,2.0,16.7,Lance Thomas,17,1,2015-2016,1.0,1,3.0,NYK,81,Carmelo Anthony,,,,,,,,,,,,,41:28,José Calderón,39:40,Robin Lopez,36:07,Langston Galloway,35:12,Kristaps Porziņģis,21:59,Derrick Williams,11:53,Jerian Grant,11:18,Sasha Vujačić,9:50,,
1,.333,3,30.000,0,,104,0,2,100.0,2,.200,1.0,14.3,7.0,10,0,,0,0.000,Logos via Sports Logos.net / About logos,L,https://www.basketball-reference.com/boxscores/201603010NYK.html,Home,85,22:35,0,0.0,POR,CJ McCollum,Maurice Harkless,12:57,Brian Roberts,2:31,Pat Connaughton,2:31,,,,,,,33:08,Damian Lillard,32:28,Mason Plumlee,26:55,Meyers Leonard,25:08,Ed Davis,23:59,Gerald Henderson,22:37,Allen Crabbe,21:59,Al-Farouq Aminu,20:36,Noah Vonleh,15:11,104,0,5,2.0,40.0,3.0,60.0,0.0,0.0,Lance Thomas,19,0,2015-2016,0.0,0,2.0,NYK,85,Arron Afflalo,Jimmer Fredette,3:13,Sasha Vujačić,2:50,,,,,,,,,36:05,Carmelo Anthony,34:27,José Calderón,25:22,Kyle O'Quinn,25:22,Kristaps Porziņģis,24:48,Langston Galloway,20:50,Robin Lopez,19:19,Derrick Williams,17:15,Jerian Grant,7:54
0,.000,1,20.000,2,,104,0,5,100.0,1,.200,1.0,25.0,4.0,5,0,,0,0.000,Logos via Sports Logos.net / About logos,L,https://www.basketball-reference.com/boxscores/201603040BOS.html,Away,105,30:08,0,0.0,BOS,Isaiah Thomas,,,,,,,,,,,,,35:44,Jae Crowder,34:51,Avery Bradley,33:12,Evan Turner,32:18,Marcus Smart,28:18,Jared Sullinger,27:38,Tyler Zeller,18:54,Jonas Jerebko,15:57,Amir Johnson,13:08,105,5,2,2.0,100.0,0.0,0.0,0.0,0.0,Lance Thomas,1,0,2015-2016,0.0,0,5.0,NYK,104,Carmelo Anthony,,,,,,,,,,,,,40:21,Arron Afflalo,39:09,José Calderón,38:22,Robin Lopez,32:10,Langston Galloway,23:30,Kristaps Porziņģis,20:14,Kyle O'Quinn,7:57,Derrick Williams,4:43,Jerian Grant,3:27
0,.000,2,25.000,1,,89,0,5,71.4,2,.250,2.0,33.3,6.0,8,0,,0,0.000,Logos via Sports Logos.net / About logos,W,https://www.basketball-reference.com/boxscores/201603050NYK.html,Home,102,23:41,2,28.6,DET,Kentavious Caldwell-Pope,Darrun Hilliard,8:56,,,,,,,,,,,36:56,Andre Drummond,36:04,Tobias Harris,36:02,Reggie Jackson,28:19,Marcus Morris,27:03,Reggie Bullock,23:49,Steve Blake,19:41,Aron Baynes,11:56,Justin Harper,11:14,89,2,4,4.0,100.0,0.0,0.0,0.0,0.0,Lance Thomas,13,0,2015-2016,0.0,0,7.0,NYK,102,Arron Afflalo,,,,,,,,,,,,,42:17,Carmelo Anthony,40:48,José Calderón,34:06,Robin Lopez,32:11,Derrick Williams,19:19,Jerian Grant,16:53,Kyle O'Quinn,15:49,Langston Galloway,13:54,Sasha Vujačić,1:02
0,,0,0.000,1,1.00,88,0,1,100.0,1,.250,1.0,25.0,4.0,4,0,,0,0.000,Logos via Sports Logos.net / About logos,L,https://www.basketball-reference.com/boxscores/201610250CLE.html,Away,117,16:37,0,0.0,CLE,LeBron James,DeAndre Liggins,12:00,Jordan McRae,5:50,Chris Andersen,5:34,James Jones,5:30,,,,,32:23,Kyrie Irving,29:48,Richard Jefferson,25:47,J.R. Smith,25:14,Kevin Love,24:58,Mike Dunleavy,22:32,Tristan Thompson,22:25,Channing Frye,14:09,Iman Shumpert,13:51,117,2,2,2.0,100.0,0.0,0.0,0.0,0.0,Lance Thomas,29,2,2016-2017,2.0,1,1.0,NYK,88,Kristaps Porziņģis,Mindaugas Kuzminskas,9:14,Ron Baker,6:44,Sasha Vujačić,3:18,,,,,,,32:48,Carmelo Anthony,30:05,Derrick Rose,29:35,Justin Holiday,26:27,Brandon Jennings,21:14,Courtney Lee,19:37,Joakim Noah,19:31,Kyle O'Quinn,15:24,Willy Hernangómez,9:26
0,.000,1,20.000,0,,104,0,2,66.7,3,.600,3.0,75.0,4.0,5,0,,0,0.000,Logos via Sports Logos.net / About logos,W,https://www.basketball-reference.com/boxscores/201610290NYK.html,Home,111,18:38,1,33.3,MEM,Marc Gasol,Troy Daniels,12:06,Troy Williams,9:16,Deyonta Davis,0:56,,,,,,,30:55,JaMychal Green,30:27,James Ennis III,27:07,Vince Carter,25:28,Andrew Harrison,24:39,Mike Conley,23:36,Wade Baldwin,21:43,Zach Randolph,21:07,Jarell Martin,12:40,104,1,6,6.0,100.0,0.0,0.0,0.0,0.0,Lance Thomas,7,0,2016-2017,0.0,0,3.0,NYK,111,Kristaps Porziņģis,,,,,,,,,,,,,36:22,Carmelo Anthony,35:31,Courtney Lee,33:37,Derrick Rose,32:16,Joakim Noah,21:50,Justin Holiday,19:24,Kyle O'Quinn,18:48,Brandon Jennings,15:44,Willy Hernangómez,7:51
0,,0,0.000,0,0.00,89,0,4,100.0,1,.167,1.0,16.7,6.0,6,0,,0,0.000,Logos via Sports Logos.net / About logos,L,https://www.basketball-reference.com/boxscores/201611010DET.html,Away,102,26:27,0,0.0,DET,Tobias Harris,,,,,,,,,,,,,35:47,Andre Drummond,35:18,Kentavious Caldwell-Pope,33:35,Marcus Morris,32:10,Ish Smith,31:37,Jon Leuer,25:57,Stanley Johnson,16:31,Beno Udrih,16:23,Aron Baynes,12:42,102,2,2,2.0,100.0,0.0,0.0,0.0,0.0,Lance Thomas,13,0,2016-2017,0.0,2,4.0,NYK,89,Carmelo Anthony,Willy Hernangómez,5:03,Sasha Vujačić,4:47,,,,,,,,,35:13,Derrick Rose,31:41,Joakim Noah,30:44,Kristaps Porziņģis,29:47,Courtney Lee,28:50,Brandon Jennings,19:06,Justin Holiday,11:36,Kyle O'Quinn,10:50,Maurice Ndour,5:56
1,1.000,1,50.000,0,0.00,118,0,2,100.0,1,.500,0.0,0.0,1.0,2,0,,0,0.000,Logos via Sports Logos.net / About logos,L,https://www.basketball-reference.com/boxscores/201611020NYK.html,Home,99,9:43,0,0.0,HOU,James Harden,Tyler Ennis,10:19,Bobby Brown,3:45,Kyle Wiltjer,3:45,,,,,,,33:56,Trevor Ariza,30:05,Eric Gordon,29:12,Ryan Anderson,29:09,Montrezl Harrell,26:56,Clint Capela,21:04,Sam Dekker,18:51,K.J. McDaniels,18:48,Corey Brewer,14:10,118,1,3,0.0,0.0,3.0,100.0,0.0,0.0,Lance Thomas,19,0,2016-2017,0.0,1,2.0,NYK,99,Carmelo Anthony,Sasha Vujačić,9:52,Mindaugas Kuzminskas,5:56,Kyle O'Quinn,4:38,,,,,,,31:01,Derrick Rose,29:44,Courtney Lee,27:55,Kristaps Porziņģis,27:55,Brandon Jennings,22:55,Maurice Ndour,18:37,Joakim Noah,18:06,Justin Holiday,17:48,Ron Baker,15:50
1,1.000,1,20.000,1,,114,0,2,100.0,2,.400,1.0,25.0,4.0,5,0,,0,0.000,Logos via Sports Logos.net / About logos,L,https://www.basketball-reference.com/boxscores/201611060NYK.html,Home,109,29:05,0,0.0,UTA,Rodney Hood,Joe Ingles,3:42,,,,,,,,,,,38:17,Gordon Hayward,35:33,George Hill,34:36,Rudy Gobert,33:23,Derrick Favors,27:01,Joe Johnson,23:44,Trey Lyles,20:37,Shelvin Mack,12:26,Dante Exum,10:41,114,4,5,2.0,40.0,3.0,60.0,0.0,0.0,Lance Thomas,5,1,2016-2017,1.0,0,2.0,NYK,109,Courtney Lee,,,,,,,,,,,,,36:27,Derrick Rose,36:11,Carmelo Anthony,35:28,Kristaps Porziņģis,33:21,Joakim Noah,20:02,Brandon Jennings,15:55,Justin Holiday,13:01,Kyle O'Quinn,12:40,Mindaugas Kuzminskas,7:49
0,.000,1,20.000,0,,96,0,1,100.0,3,.600,3.0,75.0,4.0,5,0,,0,0.000,Logos via Sports Logos.net / About logos,W,https://www.basketball-reference.com/boxscores/201611090NYK.html,Home,110,10:26,0,0.0,BRK,Joe Harris,Luis Scola,13:37,Anthony Bennett,3:50,Chris McCullough,3:17,,,,,,,29:08,Bojan Bogdanović,28:48,Trevor Booker,28:42,Rondae Hollis-Jefferson,28:39,Sean Kilpatrick,28:17,Brook Lopez,24:02,Justin Hamilton,22:32,Randy Foye,15:06,Yogi Ferrell,14:02,96,1,6,6.0,100.0,0.0,0.0,0.0,0.0,Lance Thomas,14,1,2016-2017,1.0,0,1.0,NYK,110,Carmelo Anthony,Maurice Ndour,7:40,Justin Holiday,5:18,Kyle O'Quinn,5:09,,,,,,,34:27,Courtney Lee,31:02,Kristaps Porziņģis,30:49,Brandon Jennings,26:36,Derrick Rose,22:11,Joakim Noah,21:10,Mindaugas Kuzminskas,17:11,Willy Hernangómez,14:51,Sasha Vujačić,13:11
1,.333,3,42.857,1,1.00,87,1,4,80.0,3,.429,2.0,50.0,4.0,7,0,,0,0.000,Logos via Sports Logos.net / About logos,L,https://www.basketball-reference.com/boxscores/201611110BOS.html,Away,115,20:07,1,20.0,BOS,Marcus Smart,Jordan Mickey,3:20,Gerald Green,3:20,James Young,3:20,,,,,,,33:39,Avery Bradley,31:35,Kelly Olynyk,29:54,Isaiah Thomas,27:48,Terry Rozier,26:49,Amir Johnson,21:05,Jonas Jerebko,20:52,Tyler Zeller,20:49,Jaylen Brown,17:29,115,1,7,4.0,57.1,3.0,42.9,0.0,0.0,Lance Thomas,28,1,2016-2017,2.0,1,5.0,NYK,87,Derrick Rose,Sasha Vujačić,8:39,Ron Baker,7:50,Kyle O'Quinn,3:20,,,,,,,27:06,Brandon Jennings,27:04,Justin Holiday,26:23,Willy Hernangómez,23:32,Kristaps Porziņģis,23:16,Joakim Noah,22:27,Courtney Lee,21:48,Mindaugas Kuzminskas,16:17,Carmelo Anthony,12:11
0,.000,1,33.333,0,,107,0,0,0.0,0,.000,0.0,0.0,2.0,3,0,,0,0.000,Logos via Sports Logos.net / About logos,L,https://www.basketball-reference.com/boxscores/201611120TOR.html,Away,118,8:44,1,100.0,TOR,Kyle Lowry,,,,,,,,,,,,,40:48,DeMar DeRozan,36:13,Norman Powell,29:04,Patrick Patterson,27:45,Lucas Nogueira,25:37,Jonas Valančiūnas,22:23,Pascal Siakam,20:15,Cory Joseph,20:12,Terrence Ross,17:43,118,0,0,0.0,,0.0,,0.0,,Lance Thomas,11,0,2016-2017,0.0,0,1.0,NYK,107,Derrick Rose,Willy Hernangómez,4:05,,,,,,,,,,,38:08,Carmelo Anthony,37:41,Courtney Lee,33:46,Joakim Noah,32:38,Kristaps Porziņģis,29:49,Brandon Jennings,15:36,Justin Holiday,14:23,Kyle O'Quinn,14:20,Mindaugas Kuzminskas,10:51
1,.500,2,100.000,1,,114,0,0,,1,.500,0.0,,0.0,2,0,,0,0.000,Logos via Sports Logos.net / About logos,W,https://www.basketball-reference.com/boxscores/201612020NYK.html,Home,118,3:08,0,,MIN,Zach LaVine,,,,,,,,,,,,,39:30,Andrew Wiggins,35:50,Karl-Anthony Towns,30:04,Ricky Rubio,30:03,Cole Aldrich,27:04,Nemanja Bjelica,20:48,Shabazz Muhammad,20:40,Kris Dunn,18:14,Gorgui Dieng,17:47,114,0,3,0.0,0.0,3.0,100.0,0.0,0.0,Lance Thomas,4,0,2016-2017,0.0,0,0.0,NYK,118,Kristaps Porziņģis,,,,,,,,,,,,,40:08,Carmelo Anthony,34:26,Derrick Rose,33:54,Justin Holiday,31:18,Kyle O'Quinn,31:04,Brandon Jennings,19:21,Mindaugas Kuzminskas,18:35,Willy Hernangómez,16:39,Sasha Vujačić,11:27
2,.500,4,50.000,0,0.00,98,0,3,100.0,2,.250,0.0,0.0,4.0,8,3,.750,4,50.000,Logos via Sports Logos.net / About logos,W,https://www.basketball-reference.com/boxscores/201612040NYK.html,Home,106,17:11,0,0.0,SAC,DeMarcus Cousins,Ty Lawson,9:12,,,,,,,,,,,43:25,Darren Collison,38:48,Rudy Gay,34:34,Willie Cauley-Stein,23:12,Omri Casspi,19:33,Kosta Koufos,19:05,Garrett Temple,18:19,Matt Barnes,17:18,Arron Afflalo,16:34,98,3,9,0.0,0.0,6.0,66.7,3.0,33.3,Lance Thomas,8,0,2016-2017,0.0,3,3.0,NYK,106,Carmelo Anthony,Mindaugas Kuzminskas,3:46,,,,,,,,,,,36:12,Kristaps Porziņģis,35:09,Derrick Rose,33:37,Brandon Jennings,25:30,Joakim Noah,24:44,Justin Holiday,22:30,Sasha Vujačić,15:48,Kyle O'Quinn,13:35,Willy Hernangómez,11:58
1,1.000,1,16.667,0,,114,0,3,100.0,5,.833,4.0,80.0,5.0,6,0,,0,0.000,Logos via Sports Logos.net / About logos,W,https://www.basketball-reference.com/boxscores/201612060MIA.html,Away,103,20:48,0,0.0,MIA,Goran Dragić,,,,,,,,,,,,,39:55,Hassan Whiteside,37:35,Tyler Johnson,36:05,Rodney McGruder,35:03,Wayne Ellington,32:57,Josh McRoberts,29:20,Derrick Williams,15:07,Willie Reed,10:25,Udonis Haslem,3:33,103,1,11,8.0,72.7,3.0,27.3,0.0,0.0,Lance Thomas,11,0,2016-2017,0.0,0,3.0,NYK,114,Carmelo Anthony,Willy Hernangómez,3:23,Ron Baker,0:39,,,,,,,,,36:19,Kristaps Porziņģis,30:26,Courtney Lee,29:44,Kyle O'Quinn,27:25,Derrick Rose,24:55,Brandon Jennings,24:01,Justin Holiday,18:16,Joakim Noah,14:29,Mindaugas Kuzminskas,9:35
1,.333,3,60.000,0,,126,0,2,100.0,2,.400,1.0,50.0,2.0,5,0,,0,0.000,Logos via Sports Logos.net / About logos,L,https://www.basketball-reference.com/boxscores/201612070NYK.html,Home,94,13:48,0,0.0,CLE,Tristan Thompson,Kay Felder,10:10,James Jones,7:54,Chris Andersen,7:54,,,,,,,34:17,LeBron James,32:27,Kyrie Irving,30:27,Kevin Love,27:03,Iman Shumpert,23:24,DeAndre Liggins,20:40,Richard Jefferson,17:33,Mike Dunleavy,15:08,Channing Frye,13:03,126,1,5,2.0,40.0,3.0,60.0,0.0,0.0,Lance Thomas,32,0,2016-2017,0.0,0,2.0,NYK,94,Courtney Lee,Ron Baker,10:10,Maurice Ndour,10:10,Sasha Vujačić,9:01,,,,,,,31:24,Brandon Jennings,30:39,Kristaps Porziņģis,29:47,Carmelo Anthony,23:45,Kyle O'Quinn,20:32,Mindaugas Kuzminskas,16:47,Joakim Noah,15:04,Willy Hernangómez,14:59,Justin Holiday,13:54
2,.667,3,60.000,0,0.00,103,0,1,50.0,2,.400,0.0,0.0,2.0,5,0,,0,0.000,Logos via Sports Logos.net / About logos,W,https://www.basketball-reference.com/boxscores/201612090SAC.html,Away,100,18:12,1,50.0,SAC,DeMarcus Cousins,Willie Cauley-Stein,12:12,,,,,,,,,,,36:24,Rudy Gay,34:41,Darren Collison,30:12,Anthony Tolliver,26:37,Garrett Temple,26:14,Ben McLemore,21:46,Omri Casspi,20:14,Ty Lawson,17:48,Kosta Koufos,13:52,100,2,6,0.0,0.0,6.0,100.0,0.0,0.0,Lance Thomas,3,1,2016-2017,1.0,1,2.0,NYK,103,Brandon Jennings,,,,,,,,,,,,,38:48,Carmelo Anthony,35:53,Kristaps Porziņģis,35:11,Courtney Lee,33:00,Joakim Noah,28:01,Kyle O'Quinn,19:55,Justin Holiday,15:00,Sasha Vujačić,9:12,Mindaugas Kuzminskas,6:48
0,.000,1,50.000,0,,118,0,0,,0,.000,0.0,0.0,1.0,2,0,,0,0.000,Logos via Sports Logos.net / About logos,W,https://www.basketball-reference.com/boxscores/201612110LAL.html,Away,112,15:47,0,,LAL,Julius Randle,Thomas Robinson,10:41,,,,,,,,,,,33:48,Luol Deng,32:12,Jordan Clarkson,32:08,Lou Williams,25:50,Brandon Ingram,25:40,Timofey Mozgov,22:11,Nick Young,20:27,Larry Nance Jr.,20:24,D'Angelo Russell,16:38,112,0,0,0.0,,0.0,,0.0,,Lance Thomas,6,2,2016-2017,2.0,0,0.0,NYK,118,Kristaps Porziņģis,,,,,,,,,,,,,39:20,Carmelo Anthony,37:37,Courtney Lee,34:49,Derrick Rose,33:55,Brandon Jennings,22:58,Joakim Noah,20:01,Willy Hernangómez,19:54,Justin Holiday,15:39,,
1,.500,2,50.000,1,1.00,111,0,1,50.0,1,.250,0.0,0.0,2.0,4,3,1.000,3,75.000,Logos via Sports Logos.net / About logos,L,https://www.basketball-reference.com/boxscores/201612130PHO.html,Away,113,22:41,1,50.0,PHO,Tyson Chandler,Dragan Bender,8:11,,,,,,,,,,,41:16,P.J. Tucker,40:25,Eric Bledsoe,39:01,Devin Booker,35:45,Marquese Chriss,31:23,Jared Dudley,21:38,Brandon Knight,20:07,Leandro Barbosa,18:12,Alan Williams,9:02,113,1,6,0.0,0.0,3.0,50.0,3.0,50.0,Lance Thomas,2,1,2016-2017,1.0,1,2.0,NYK,111,Kristaps Porziņģis,Mindaugas Kuzminskas,4:04,,,,,,,,,,,41:57,Carmelo Anthony,39:11,Courtney Lee,29:05,Brandon Jennings,28:18,Kyle O'Quinn,27:44,Justin Holiday,25:28,Joakim Noah,21:55,Ron Baker,14:44,Derrick Rose,9:54
1,.250,4,44.444,0,,90,1,0,,2,.222,1.0,20.0,5.0,9,0,,0,0.000,Logos via Sports Logos.net / About logos,L,https://www.basketball-reference.com/boxscores/201612150GSW.html,Away,103,23:32,0,,GSW,Stephen Curry,Ian Clark,11:09,David West,10:14,James Michael McAdoo,2:35,,,,,,,33:49,Kevin Durant,33:16,Klay Thompson,32:15,Draymond Green,31:35,Andre Iguodala,20:51,Shaun Livingston,18:47,JaVale McGee,15:35,Kevon Looney,15:17,Patrick McCaw,14:38,103,0,5,2.0,40.0,3.0,60.0,0.0,0.0,Lance Thomas,13,0,2016-2017,1.0,0,0.0,NYK,90,Kristaps Porziņģis,Maurice Ndour,5:51,Marshall Plumlee,1:35,Sasha Vujačić,1:35,,,,,,,35:24,Courtney Lee,32:33,Brandon Jennings,29:29,Justin Holiday,23:10,Ron Baker,22:55,Willy Hernangómez,20:47,Joakim Noah,14:36,Kyle O'Quinn,14:33,Mindaugas Kuzminskas,14:00
0,,0,0.000,0,,114,1,0,,1,.500,1.0,50.0,2.0,2,2,1.000,2,100.000,Logos via Sports Logos.net / About logos,L,https://www.basketball-reference.com/boxscores/201612170DEN.html,Away,127,10:54,0,,DEN,Will Barton,Jusuf Nurkić,7:42,Darrell Arthur,4:12,Juancho Hernangómez,1:54,,,,,,,31:52,Emmanuel Mudiay,31:40,Gary Harris,30:02,Kenneth Faried,28:53,Danilo Gallinari,27:48,Wilson Chandler,27:16,Nikola Jokić,20:13,Jameer Nelson,15:40,Jamal Murray,12:48,127,1,4,2.0,50.0,0.0,0.0,2.0,50.0,Lance Thomas,13,0,2016-2017,1.0,0,0.0,NYK,114,Kristaps Porziņģis,Maurice Ndour,1:54,Mindaugas Kuzminskas,1:54,Sasha Vujačić,1:54,,,,,,,37:34,Brandon Jennings,36:24,Courtney Lee,35:46,Carmelo Anthony,35:30,Willy Hernangómez,28:13,Justin Holiday,20:18,Ron Baker,11:36,Joakim Noah,11:26,Kyle O'Quinn,6:37
0,,0,0.000,0,,111,0,1,100.0,1,1.000,1.0,100.0,1.0,1,0,,0,0.000,Logos via Sports Logos.net / About logos,W,https://www.basketball-reference.com/boxscores/201612200NYK.html,Home,118,5:41,0,0.0,IND,Jeff Teague,,,,,,,,,,,,,37:01,Thaddeus Young,36:39,Paul George,36:17,Glenn Robinson III,33:16,Myles Turner,32:27,C.J. Miles,26:27,Al Jefferson,15:33,Lavoy Allen,11:21,Aaron Brooks,10:59,111,1,2,2.0,100.0,0.0,0.0,0.0,0.0,Lance Thomas,7,0,2016-2017,0.0,0,1.0,NYK,118,Carmelo Anthony,,,,,,,,,,,,,37:05,Courtney Lee,36:39,Derrick Rose,35:54,Kristaps Porziņģis,33:27,Joakim Noah,29:39,Brandon Jennings,21:31,Justin Holiday,20:58,Kyle O'Quinn,16:44,Willy Hernangómez,2:22
0,.000,1,33.333,1,,119,0,0,0.0,1,.333,1.0,50.0,2.0,3,1,1.000,1,33.333,Logos via Sports Logos.net / About logos,L,https://www.basketball-reference.com/boxscores/201612250NYK.html,Home,114,9:05,2,100.0,BOS,Al Horford,Jaylen Brown,6:17,,,,,,,,,,,34:50,Jae Crowder,33:57,Isaiah Thomas,32:36,Avery Bradley,32:10,Marcus Smart,28:26,Amir Johnson,24:01,Kelly Olynyk,23:28,Jonas Jerebko,12:36,Gerald Green,11:40,119,2,3,2.0,66.7,0.0,0.0,1.0,33.3,Lance Thomas,5,0,2016-2017,0.0,0,2.0,NYK,114,Carmelo Anthony,Willy Hernangómez,3:28,,,,,,,,,,,38:41,Derrick Rose,37:50,Kristaps Porziņģis,37:11,Courtney Lee,34:20,Joakim Noah,27:42,Brandon Jennings,15:42,Justin Holiday,13:50,Kyle O'Quinn,13:27,Mindaugas Kuzminskas,8:45
0,.000,1,100.000,0,,98,0,1,100.0,0,.000,0.0,,0.0,1,0,,0,0.000,Logos via Sports Logos.net / About logos,L,https://www.basketball-reference.com/boxscores/201612280ATL.html,Away,102,12:01,0,0.0,ATL,Paul Millsap,Malcolm Delaney,10:21,,,,,,,,,,,40:31,Dennis Schröder,39:46,Kent Bazemore,39:36,Dwight Howard,39:22,Thabo Sefolosha,30:39,Kyle Korver,25:26,Mike Muscala,13:57,Tim Hardaway Jr.,13:28,Kris Humphries,11:55,102,2,0,0.0,,0.0,,0.0,,Lance Thomas,4,0,2016-2017,0.0,0,1.0,NYK,98,Derrick Rose,Mindaugas Kuzminskas,2:40,,,,,,,,,,,42:33,Kristaps Porziņģis,41:51,Joakim Noah,38:24,Justin Holiday,34:28,Brandon Jennings,27:52,Sasha Vujačić,27:23,Carmelo Anthony,14:48,Kyle O'Quinn,13:18,Willy Hernangómez,9:42
1,.500,2,40.000,0,,92,0,1,100.0,2,.400,1.0,33.3,3.0,5,0,,0,0.000,Logos via Sports Logos.net / About logos,L,https://www.basketball-reference.com/boxscores/201612300NOP.html,Away,104,17:32,0,0.0,NOP,Jrue Holiday,,,,,,,,,,,,,35:03,Dante Cunningham,34:36,Anthony Davis,34:28,Solomon Hill,28:13,E'Twaun Moore,26:35,Buddy Hield,23:48,Langston Galloway,20:54,Tyreke Evans,18:20,Terrence Jones,18:04,104,0,5,2.0,40.0,3.0,60.0,0.0,0.0,Lance Thomas,12,0,2016-2017,0.0,0,1.0,NYK,92,Carmelo Anthony,,,,,,,,,,,,,40:10,Derrick Rose,38:18,Kristaps Porziņģis,37:49,Brandon Jennings,28:09,Justin Holiday,27:59,Sasha Vujačić,22:15,Joakim Noah,15:59,Willy Hernangómez,6:34,Kyle O'Quinn,5:15
1,.250,4,44.444,1,1.00,122,0,1,100.0,3,.333,2.0,40.0,5.0,9,4,1.000,4,44.444,Logos via Sports Logos.net / About logos,L,https://www.basketball-reference.com/boxscores/201612310HOU.html,Away,129,32:33,0,0.0,HOU,James Harden,,,,,,,,,,,,,42:05,Trevor Ariza,38:47,Ryan Anderson,35:18,Montrezl Harrell,32:49,Eric Gordon,31:41,Corey Brewer,28:52,Sam Dekker,12:42,Nenê,11:51,Tyler Ennis,5:55,129,4,11,4.0,36.4,3.0,27.3,4.0,36.4,Lance Thomas,7,0,2016-2017,0.0,1,1.0,NYK,122,Derrick Rose,,,,,,,,,,,,,40:43,Brandon Jennings,40:40,Justin Holiday,30:07,Joakim Noah,28:31,Willy Hernangómez,19:29,Carmelo Anthony,18:50,Mindaugas Kuzminskas,15:49,Maurice Ndour,9:09,Sasha Vujačić,4:09
1,.500,2,25.000,1,1.00,115,0,1,33.3,4,.500,3.0,50.0,6.0,8,1,.500,2,25.000,Logos via Sports Logos.net / About logos,L,https://www.basketball-reference.com/boxscores/201701020NYK.html,Home,103,19:44,2,66.7,ORL,Aaron Gordon,Arinze Onuaku,1:50,Mario Hezonja,1:50,C.J. Wilcox,1:40,,,,,,,31:50,Jodie Meeks,31:41,Serge Ibaka,31:14,Nikola Vučević,31:13,Elfrid Payton,30:45,Jeff Green,27:01,Bismack Biyombo,19:02,C.J. Watson,18:22,D.J. Augustin,13:32,115,3,10,6.0,60.0,3.0,30.0,1.0,10.0,Lance Thomas,12,1,2016-2017,1.0,1,3.0,NYK,103,Carmelo Anthony,Ron Baker,1:50,Maurice Ndour,1:50,,,,,,,,,34:42,Courtney Lee,33:50,Joakim Noah,32:56,Derrick Rose,28:14,Brandon Jennings,23:55,Kyle O'Quinn,17:17,Willy Hernangómez,15:48,Mindaugas Kuzminskas,15:44,Justin Holiday,14:10
1,.500,2,25.000,2,,105,0,3,75.0,3,.375,2.0,33.3,6.0,8,0,,0,0.000,Logos via Sports Logos.net / About logos,L,https://www.basketball-reference.com/boxscores/201701040NYK.html,Home,104,38:03,1,25.0,MIL,Giannis Antetokounmpo,Miles Plumlee,3:34,,,,,,,,,,,38:33,Malcolm Brogdon,38:26,Jabari Parker,36:54,Greg Monroe,30:46,Jason Terry,27:49,Mirza Teletović,20:33,Tony Snell,20:11,John Henson,13:40,Michael Beasley,9:34,105,4,7,4.0,57.1,3.0,42.9,0.0,0.0,Lance Thomas,1,3,2016-2017,3.0,0,4.0,NYK,104,Courtney Lee,,,,,,,,,,,,,37:56,Carmelo Anthony,36:55,Derrick Rose,33:21,Joakim Noah,30:42,Mindaugas Kuzminskas,19:16,Brandon Jennings,16:25,Kyle O'Quinn,14:35,Justin Holiday,10:04,Willy Hernangómez,2:43
2,1.000,2,50.000,0,0.00,116,0,1,50.0,4,1.000,2.0,100.0,2.0,4,0,,0,0.000,Logos via Sports Logos.net / About logos,W,https://www.basketball-reference.com/boxscores/201701060MIL.html,Away,111,20:17,1,50.0,MIL,Jabari Parker,,,,,,,,,,,,,38:27,Giannis Antetokounmpo,38:10,Tony Snell,38:00,Malcolm Brogdon,30:35,Greg Monroe,27:40,John Henson,20:20,Jason Terry,17:37,Mirza Teletović,16:48,Michael Beasley,12:23,111,3,10,4.0,40.0,6.0,60.0,0.0,0.0,Lance Thomas,5,1,2016-2017,1.0,2,2.0,NYK,116,Carmelo Anthony,Brandon Jennings,4:40,,,,,,,,,,,39:02,Courtney Lee,34:50,Derrick Rose,31:46,Kristaps Porziņģis,29:53,Kyle O'Quinn,25:54,Joakim Noah,20:10,Mindaugas Kuzminskas,13:16,Ron Baker,12:00,Justin Holiday,8:12
1,.500,2,66.667,2,,109,0,0,0.0,1,.333,0.0,0.0,1.0,3,0,,0,0.000,Logos via Sports Logos.net / About logos,L,https://www.basketball-reference.com/boxscores/201701070IND.html,Away,123,16:04,1,100.0,IND,Myles Turner,Al Jefferson,15:09,Georges Niang,1:17,Joe Young,0:56,,,,,,,31:34,Jeff Teague,30:57,Thaddeus Young,28:31,Paul George,28:16,Glenn Robinson III,27:29,Monta Ellis,20:31,C.J. Miles,19:44,Kevin Séraphin,19:29,Aaron Brooks,16:07,123,1,3,0.0,0.0,3.0,100.0,0.0,0.0,Lance Thomas,14,0,2016-2017,0.0,0,1.0,NYK,109,Kristaps Porziņģis,Kyle O'Quinn,11:08,Justin Holiday,8:13,,,,,,,,,34:02,Courtney Lee,27:42,Carmelo Anthony,26:53,Derrick Rose,25:54,Brandon Jennings,23:28,Joakim Noah,21:29,Willy Hernangómez,18:29,Mindaugas Kuzminskas,14:38,Ron Baker,12:00
2,1.000,2,40.000,0,,110,0,0,0.0,2,.400,0.0,0.0,3.0,5,3,.750,4,80.000,Logos via Sports Logos.net / About logos,L,https://www.basketball-reference.com/boxscores/201701090NYK.html,Home,96,19:26,1,100.0,NOP,Dante Cunningham,Terrence Jones,13:35,Cheick Diallo,5:27,Tim Frazier,5:27,,,,,,,30:26,Anthony Davis,28:58,Buddy Hield,27:26,Jrue Holiday,25:17,E'Twaun Moore,23:57,Solomon Hill,23:04,Tyreke Evans,21:02,Langston Galloway,19:00,Donatas Motiejūnas,16:21,110,3,9,0.0,0.0,6.0,66.7,3.0,33.3,Lance Thomas,14,0,2016-2017,0.0,0,1.0,NYK,96,Brandon Jennings,Kyle O'Quinn,12:42,Sasha Vujačić,9:48,,,,,,,,,29:03,Courtney Lee,27:30,Carmelo Anthony,26:19,Ron Baker,25:11,Kristaps Porziņģis,23:55,Justin Holiday,20:30,Joakim Noah,17:45,Maurice Ndour,14:35,Willy Hernangómez,13:16
0,.000,2,66.667,2,,97,0,6,100.0,0,.000,0.0,0.0,1.0,3,0,,0,0.000,Logos via Sports Logos.net / About logos,L,https://www.basketball-reference.com/boxscores/201701110PHI.html,Away,98,19:44,0,0.0,PHI,T.J. McConnell,Timothé Luwawu-Cabarrot,12:26,,,,,,,,,,,34:04,Robert Covington,32:01,Ersan İlyasova,29:49,Joel Embiid,26:54,Gerald Henderson,26:16,Nik Stauskas,22:16,Dario Šarić,21:12,Nerlens Noel,21:06,Sergio Rodríguez,13:56,98,3,0,0.0,,0.0,,0.0,,Lance Thomas,1,0,2016-2017,0.0,0,6.0,NYK,97,Carmelo Anthony,Willy Hernangómez,2:54,,,,,,,,,,,36:43,Derrick Rose,31:41,Kristaps Porziņģis,27:37,Courtney Lee,27:29,Brandon Jennings,24:18,Kyle O'Quinn,24:11,Joakim Noah,19:58,Justin Holiday,15:14,Mindaugas Kuzminskas,10:11
0,.000,1,11.111,2,1.00,89,0,0,0.0,2,.222,2.0,25.0,8.0,9,0,,0,0.000,Logos via Sports Logos.net / About logos,W,https://www.basketball-reference.com/boxscores/201701120NYK.html,Home,104,28:54,2,100.0,CHI,Paul Zipser,Michael Carter-Williams,16:07,,,,,,,,,,,34:11,Dwyane Wade,32:58,Taj Gibson,25:21,Jerian Grant,24:52,Cristiano Felício,24:28,Robin Lopez,23:32,Rajon Rondo,22:56,Bobby Portis,18:41,Doug McDermott,16:55,89,4,4,4.0,100.0,0.0,0.0,0.0,0.0,Lance Thomas,15,0,2016-2017,0.0,2,2.0,NYK,104,Derrick Rose,Ron Baker,0:05,,,,,,,,,,,34:12,Carmelo Anthony,33:30,Courtney Lee,30:56,Mindaugas Kuzminskas,30:23,Joakim Noah,27:19,Justin Holiday,17:08,Kyle O'Quinn,16:57,Brandon Jennings,13:48,Willy Hernangómez,6:48
0,,0,0.000,0,,101,0,0,,0,.000,0.0,0.0,1.0,1,0,,0,0.000,Logos via Sports Logos.net / About logos,L,https://www.basketball-reference.com/boxscores/201701150TOR.html,Away,116,1:50,0,,TOR,Lucas Nogueira,Fred VanVleet,5:21,Jakob Poeltl,3:56,Bruno Caboclo,0:11,,,,,,,35:27,Kyle Lowry,28:27,DeMar DeRozan,28:19,Jonas Valančiūnas,27:31,DeMarre Carroll,26:44,Cory Joseph,24:31,Norman Powell,24:16,Terrence Ross,22:35,Pascal Siakam,12:42,116,0,0,0.0,,0.0,,0.0,,Lance Thomas,15,0,2016-2017,0.0,0,0.0,NYK,101,Derrick Rose,Kyle O'Quinn,10:40,Sasha Vujačić,7:21,Maurice Ndour,7:08,,,,,,,29:29,Justin Holiday,25:45,Carmelo Anthony,25:39,Courtney Lee,25:13,Brandon Jennings,24:11,Joakim Noah,23:21,Mindaugas Kuzminskas,22:46,Willy Hernangómez,20:52,Ron Baker,15:45
0,,0,0.000,0,,90,0,2,100.0,1,.500,1.0,50.0,2.0,2,0,,0,0.000,Logos via Sports Logos.net / About logos,W,https://www.basketball-reference.com/boxscores/201702120NYK.html,Home,94,16:55,0,0.0,SAS,LaMarcus Aldridge,Kyle Anderson,6:40,Dejounte Murray,0:03,,,,,,,,,37:03,Kawhi Leonard,35:42,Danny Green,33:52,Tony Parker,31:21,Dewayne Dedmon,23:46,David Lee,21:02,Patty Mills,19:48,Manu Ginóbili,17:03,Dāvis Bertāns,13:41,90,5,2,2.0,100.0,0.0,0.0,0.0,0.0,Lance Thomas,4,0,2016-2017,0.0,0,2.0,NYK,94,Carmelo Anthony,,,,,,,,,,,,,39:49,Kristaps Porziņģis,36:51,Courtney Lee,34:42,Derrick Rose,30:21,Willy Hernangómez,29:02,Kyle O'Quinn,21:23,Brandon Jennings,17:39,Justin Holiday,13:18,,
0,,0,0.000,1,,105,0,3,75.0,1,.500,1.0,50.0,2.0,2,1,1.000,1,50.000,Logos via Sports Logos.net / About logos,L,https://www.basketball-reference.com/boxscores/201702150OKC.html,Away,116,14:42,1,25.0,OKC,Russell Westbrook,Anthony Morrow,7:17,,,,,,,,,,,37:44,Victor Oladipo,37:07,Andre Roberson,33:45,Steven Adams,31:24,Jerami Grant,24:15,Domantas Sabonis,23:31,Joffrey Lauvergne,17:19,Álex Abrines,15:34,Cameron Payne,12:04,116,1,3,2.0,66.7,0.0,0.0,1.0,33.3,Lance Thomas,11,0,2016-2017,0.0,0,4.0,NYK,105,Courtney Lee,,,,,,,,,,,,,39:13,Carmelo Anthony,38:35,Derrick Rose,38:12,Kristaps Porziņģis,32:40,Willy Hernangómez,32:16,Ron Baker,17:32,Justin Holiday,15:36,Kyle O'Quinn,11:17,,
1,.500,2,28.571,2,,104,1,3,60.0,3,.429,2.0,40.0,5.0,7,2,1.000,2,28.571,Logos via Sports Logos.net / About logos,L,https://www.basketball-reference.com/boxscores/201702230CLE.html,Away,119,31:28,2,40.0,CLE,LeBron James,DeAndre Liggins,2:36,Kay Felder,2:36,James Jones,2:36,,,,,,,37:06,Kyle Korver,31:21,Tristan Thompson,31:16,Kyrie Irving,30:29,Derrick Williams,26:46,Channing Frye,26:40,Richard Jefferson,23:07,Iman Shumpert,22:51,Jordan McRae,2:36,119,3,9,4.0,44.4,3.0,33.3,2.0,22.2,Lance Thomas,15,1,2016-2017,2.0,0,5.0,NYK,104,Carmelo Anthony,Sasha Vujačić,1:54,Ron Baker,1:54,Maurice Ndour,1:48,,,,,,,40:02,Courtney Lee,36:24,Derrick Rose,31:58,Willy Hernangómez,27:22,Kyle O'Quinn,18:50,Kristaps Porziņģis,15:35,Brandon Jennings,14:08,Justin Holiday,11:36,Mindaugas Kuzminskas,7:01
1,.500,2,20.000,2,0.67,109,0,6,100.0,4,.400,3.0,37.5,8.0,10,2,.667,3,30.000,Logos via Sports Logos.net / About logos,W,https://www.basketball-reference.com/boxscores/201702250NYK.html,Home,110,36:52,0,0.0,PHI,Dario Šarić,Justin Anderson,3:47,,,,,,,,,,,39:34,Robert Covington,38:53,T.J. McConnell,33:01,Gerald Henderson,29:50,Jahlil Okafor,28:45,Nik Stauskas,23:47,Richaun Holmes,15:49,Sergio Rodríguez,14:59,Timothé Luwawu-Cabarrot,11:35,109,4,11,6.0,54.5,3.0,27.3,2.0,18.2,Lance Thomas,1,0,2016-2017,0.0,3,6.0,NYK,110,Carmelo Anthony,,,,,,,,,,,,,36:56,Derrick Rose,36:01,Kyle O'Quinn,24:45,Justin Holiday,24:13,Courtney Lee,24:07,Willy Hernangómez,23:06,Mindaugas Kuzminskas,22:00,Brandon Jennings,11:59,,
2,.667,3,75.000,0,0.00,92,0,5,83.3,3,.750,1.0,100.0,1.0,4,4,.667,6,150.000,Logos via Sports Logos.net / About logos,L,https://www.basketball-reference.com/boxscores/201702270NYK.html,Home,91,29:02,1,16.7,TOR,DeMar DeRozan,Fred VanVleet,7:52,Jakob Poeltl,0:54,Lucas Nogueira,0:02,,,,,,,37:24,Serge Ibaka,35:32,Cory Joseph,33:30,DeMarre Carroll,29:48,P.J. Tucker,25:49,Jonas Valančiūnas,18:46,Norman Powell,18:10,Patrick Patterson,17:43,Delon Wright,14:30,92,3,12,2.0,16.7,6.0,50.0,4.0,33.3,Lance Thomas,1,0,2016-2017,0.0,1,6.0,NYK,91,Courtney Lee,Mindaugas Kuzminskas,1:42,,,,,,,,,,,40:51,Derrick Rose,40:16,Carmelo Anthony,38:45,Willy Hernangómez,33:30,Ron Baker,19:00,Justin Holiday,14:57,Kyle O'Quinn,14:30,Maurice Ndour,4:03,Sasha Vujačić,3:24
0,,0,0.000,1,,101,0,4,80.0,4,.800,4.0,80.0,5.0,5,3,.750,4,80.000,Logos via Sports Logos.net / About logos,W,https://www.basketball-reference.com/boxscores/201703010ORL.html,Away,90,31:23,1,20.0,ORL,Evan Fournier,,,,,,,,,,,,,38:18,Terrence Ross,36:45,D.J. Augustin,26:50,Nikola Vučević,26:49,Jeff Green,24:11,Aaron Gordon,23:49,Bismack Biyombo,21:11,Elfrid Payton,21:10,Mario Hezonja,20:57,90,1,11,8.0,72.7,0.0,0.0,3.0,27.3,Lance Thomas,11,2,2016-2017,2.0,0,5.0,NYK,101,Carmelo Anthony,Marshall Plumlee,0:37,,,,,,,,,,,38:43,Courtney Lee,35:24,Kristaps Porziņģis,32:54,Derrick Rose,32:38,Kyle O'Quinn,19:08,Ron Baker,16:42,Justin Holiday,15:52,Mindaugas Kuzminskas,15:09,Chasson Randle,1:30
3,.600,5,31.250,0,0.00,102,0,4,66.7,8,.500,5.0,45.5,11.0,16,2,1.000,2,12.500,Logos via Sports Logos.net / About logos,L,https://www.basketball-reference.com/boxscores/201703030PHI.html,Away,105,41:38,2,33.3,PHI,Robert Covington,Justin Harper,4:46,,,,,,,,,,,35:46,T.J. McConnell,31:50,Nik Stauskas,29:58,Dario Šarić,27:11,Richaun Holmes,25:13,Timothé Luwawu-Cabarrot,24:53,Justin Anderson,24:20,Jahlil Okafor,19:51,Sergio Rodríguez,16:12,105,1,21,10.0,47.6,9.0,42.9,2.0,9.5,Lance Thomas,3,2,2016-2017,2.0,1,6.0,NYK,102,Derrick Rose,,,,,,,,,,,,,38:00,Courtney Lee,37:18,Carmelo Anthony,35:34,Kristaps Porziņģis,31:03,Justin Holiday,18:13,Kyle O'Quinn,16:55,Ron Baker,13:39,Mindaugas Kuzminskas,4:30,Marshall Plumlee,3:10
0,.000,2,33.333,2,,112,0,6,85.7,0,.000,0.0,0.0,4.0,6,0,,0,0.000,Logos via Sports Logos.net / About logos,L,https://www.basketball-reference.com/boxscores/201703050NYK.html,Home,105,26:46,1,14.3,GSW,Draymond Green,JaVale McGee,8:06,Ian Clark,5:36,James Michael McAdoo,3:22,,,,,,,39:57,Klay Thompson,37:19,Stephen Curry,36:51,Andre Iguodala,30:47,Matt Barnes,18:52,Zaza Pachulia,18:20,Patrick McCaw,16:00,Shaun Livingston,13:41,David West,11:09,112,0,0,0.0,,0.0,,0.0,,Lance Thomas,7,0,2016-2017,0.0,0,7.0,NYK,105,Kristaps Porziņģis,,,,,,,,,,,,,40:18,Carmelo Anthony,35:08,Derrick Rose,34:46,Courtney Lee,28:47,Ron Baker,22:55,Justin Holiday,15:06,Willy Hernangómez,13:58,Mindaugas Kuzminskas,11:29,Kyle O'Quinn,10:47
3,.600,5,38.462,1,1.00,113,0,3,75.0,5,.385,2.0,25.0,8.0,13,4,1.000,4,30.769,Logos via Sports Logos.net / About logos,W,https://www.basketball-reference.com/boxscores/201703060ORL.html,Away,105,27:17,1,25.0,ORL,Bismack Biyombo,Damjan Rudež,4:11,,,,,,,,,,,41:44,Terrence Ross,35:05,Elfrid Payton,34:40,Evan Fournier,33:34,Aaron Gordon,29:54,Jeff Green,20:11,Mario Hezonja,15:23,D.J. Augustin,13:20,C.J. Watson,11:58,105,3,17,4.0,23.5,9.0,52.9,4.0,23.5,Lance Thomas,8,2,2016-2017,2.0,1,4.0,NYK,113,Courtney Lee,,,,,,,,,,,,,40:55,Kristaps Porziņģis,30:07,Derrick Rose,27:14,Chasson Randle,25:55,Justin Holiday,24:45,Willy Hernangómez,17:49,Ron Baker,17:24,Mindaugas Kuzminskas,16:14,Kyle O'Quinn,12:20
0,.000,2,33.333,1,1.00,93,0,5,83.3,0,.000,0.0,0.0,4.0,6,2,1.000,2,33.333,Logos via Sports Logos.net / About logos,L,https://www.basketball-reference.com/boxscores/201703080MIL.html,Away,104,23:45,1,16.7,MIL,Giannis Antetokounmpo,Mirza Teletović,6:49,,,,,,,,,,,41:11,Tony Snell,38:27,Jason Terry,29:47,Greg Monroe,29:07,Khris Middleton,27:46,Matthew Dellavedova,25:41,Malcolm Brogdon,22:19,Thon Maker,11:21,Spencer Hawes,7:32,104,3,2,0.0,0.0,0.0,0.0,2.0,100.0,Lance Thomas,11,0,2016-2017,0.0,1,6.0,NYK,93,Carmelo Anthony,,,,,,,,,,,,,39:43,Derrick Rose,38:43,Kristaps Porziņģis,36:50,Courtney Lee,36:38,Willy Hernangómez,27:35,Justin Holiday,11:36,Kyle O'Quinn,11:25,Ron Baker,9:17,Mindaugas Kuzminskas,4:28
0,.000,2,100.000,0,,92,0,4,100.0,0,.000,0.0,,0.0,2,0,,0,0.000,Logos via Sports Logos.net / About logos,L,https://www.basketball-reference.com/boxscores/201703110DET.html,Away,112,13:18,0,0.0,DET,Marcus Morris,Reggie Bullock,7:02,Darrun Hilliard,1:50,,,,,,,,,33:37,Tobias Harris,32:35,Reggie Jackson,30:15,Andre Drummond,30:02,Kentavious Caldwell-Pope,29:29,Jon Leuer,20:56,Stanley Johnson,18:31,Aron Baynes,17:58,Ish Smith,17:45,112,1,0,0.0,,0.0,,0.0,,Lance Thomas,20,0,2016-2017,0.0,0,4.0,NYK,92,Kristaps Porziņģis,Sasha Vujačić,4:10,Ron Baker,1:50,Marshall Plumlee,1:50,,,,,,,36:25,Carmelo Anthony,35:46,Courtney Lee,34:47,Willy Hernangómez,27:19,Derrick Rose,26:54,Chasson Randle,19:16,Kyle O'Quinn,18:37,Justin Holiday,12:27,Mindaugas Kuzminskas,7:21
3,.750,4,57.143,4,,112,1,3,60.0,4,.571,1.0,33.3,3.0,7,2,.667,3,42.857,Logos via Sports Logos.net / About logos,L,https://www.basketball-reference.com/boxscores/201703120BRK.html,Away,120,32:16,2,40.0,BRK,Brook Lopez,Randy Foye,11:41,,,,,,,,,,,28:55,Spencer Dinwiddie,27:49,Jeremy Lin,27:18,Caris LeVert,26:18,Isaiah Whitehead,26:12,Trevor Booker,24:49,Sean Kilpatrick,24:42,Rondae Hollis-Jefferson,23:39,Quincy Acy,18:37,120,1,13,2.0,15.4,9.0,69.2,2.0,15.4,Lance Thomas,8,0,2016-2017,1.0,0,5.0,NYK,112,Courtney Lee,,,,,,,,,,,,,38:38,Derrick Rose,37:09,Carmelo Anthony,36:43,Kristaps Porziņģis,33:36,Willy Hernangómez,17:00,Ron Baker,16:30,Chasson Randle,12:14,Justin Holiday,9:50,Kyle O'Quinn,6:04
3,.429,7,77.778,1,1.00,81,0,5,71.4,3,.333,0.0,0.0,2.0,9,0,,0,0.000,Logos via Sports Logos.net / About logos,W,https://www.basketball-reference.com/boxscores/201703140NYK.html,Home,87,33:18,2,28.6,IND,Paul George,Kevin Séraphin,6:16,,,,,,,,,,,38:23,Thaddeus Young,37:15,Jeff Teague,32:07,Myles Turner,30:40,C.J. Miles,25:27,Monta Ellis,25:14,Rakeem Christmas,17:20,Rodney Stuckey,16:10,Glenn Robinson III,11:08,81,2,9,0.0,0.0,9.0,100.0,0.0,0.0,Lance Thomas,6,0,2016-2017,0.0,1,7.0,NYK,87,Carmelo Anthony,,,,,,,,,,,,,41:11,Derrick Rose,31:56,Willy Hernangómez,31:12,Courtney Lee,29:04,Kristaps Porziņģis,24:33,Ron Baker,21:47,Justin Holiday,19:59,Chasson Randle,7:00,,
1,1.000,1,20.000,1,,121,0,9,90.0,5,1.000,4.0,100.0,4.0,5,4,1.000,4,80.000,Logos via Sports Logos.net / About logos,L,https://www.basketball-reference.com/boxscores/201703160NYK.html,Home,110,34:22,1,10.0,BRK,Brook Lopez,Justin Hamilton,17:45,,,,,,,,,,,30:15,Jeremy Lin,29:53,Randy Foye,28:04,Caris LeVert,25:20,Rondae Hollis-Jefferson,25:03,Quincy Acy,22:57,Spencer Dinwiddie,21:23,Isaiah Whitehead,21:09,K.J. McDaniels,18:11,121,2,15,8.0,53.3,3.0,20.0,4.0,26.7,Lance Thomas,11,0,2016-2017,0.0,0,10.0,NYK,110,Carmelo Anthony,,,,,,,,,,,,,36:52,Courtney Lee,35:15,Derrick Rose,33:17,Kyle O'Quinn,25:47,Justin Holiday,25:02,Ron Baker,24:50,Willy Hernangómez,19:03,Chasson Randle,5:32,,
0,,0,0.000,1,1.00,105,0,1,100.0,1,.333,1.0,33.3,3.0,3,0,,0,0.000,Logos via Sports Logos.net / About logos,L,https://www.basketball-reference.com/boxscores/201703200LAC.html,Away,114,15:29,0,0.0,LAC,Blake Griffin,Paul Pierce,11:05,Brandon Bass,6:04,Wesley Johnson,4:02,,,,,,,30:51,Jamal Crawford,29:02,Chris Paul,28:29,DeAndre Jordan,27:48,Austin Rivers,23:22,JJ Redick,23:05,Luc Mbah a Moute,20:36,Raymond Felton,19:31,Marreese Speights,16:05,114,1,2,2.0,100.0,0.0,0.0,0.0,0.0,Lance Thomas,9,0,2016-2017,0.0,1,1.0,NYK,105,Kristaps Porziņģis,Chasson Randle,10:45,Sasha Vujačić,2:59,Kyle O'Quinn,2:58,,,,,,,31:53,Derrick Rose,27:34,Justin Holiday,26:51,Carmelo Anthony,25:25,Courtney Lee,21:56,Ron Baker,20:26,Marshall Plumlee,19:39,Mindaugas Kuzminskas,17:31,Willy Hernangómez,16:34
0,.000,1,14.286,2,,101,0,6,75.0,2,.286,2.0,33.3,6.0,7,0,,0,0.000,Logos via Sports Logos.net / About logos,L,https://www.basketball-reference.com/boxscores/201703220UTA.html,Away,108,32:27,2,25.0,UTA,Gordon Hayward,Jeff Withey,9:55,Trey Lyles,3:27,,,,,,,,,39:08,Rudy Gobert,38:05,George Hill,35:07,Joe Ingles,24:31,Joe Johnson,22:42,Rodney Hood,20:54,Alec Burks,18:48,Boris Diaw,13:49,Raul Neto,13:34,108,3,4,4.0,100.0,0.0,0.0,0.0,0.0,Lance Thomas,7,0,2016-2017,0.0,0,8.0,NYK,101,Carmelo Anthony,Chasson Randle,1:30,,,,,,,,,,,35:39,Courtney Lee,35:15,Derrick Rose,32:17,Kristaps Porziņģis,31:22,Ron Baker,21:17,Justin Holiday,19:07,Willy Hernangómez,17:21,Kyle O'Quinn,8:40,Mindaugas Kuzminskas,5:05
0,.000,2,50.000,1,0.50,84,0,1,33.3,1,.250,1.0,50.0,2.0,4,0,,0,0.000,Logos via Sports Logos.net / About logos,L,https://www.basketball-reference.com/boxscores/201710190OKC.html,Away,105,15:30,2,66.7,OKC,Paul George,Patrick Patterson,6:42,Dakari Johnson,2:48,Josh Huestis,2:34,,,,,,,39:06,Carmelo Anthony,33:41,Russell Westbrook,33:18,Steven Adams,29:36,Álex Abrines,24:15,Andre Roberson,20:58,Jerami Grant,20:31,Raymond Felton,15:52,Terrance Ferguson,10:39,105,4,2,2.0,100.0,0.0,0.0,0.0,0.0,Lance Thomas,21,0,2017-2018,0.0,2,3.0,NYK,84,Kristaps Porziņģis,Willy Hernangómez,3:46,Damyean Dotson,2:48,Michael Beasley,0:36,,,,,,,38:17,Courtney Lee,31:27,Tim Hardaway Jr.,28:56,Doug McDermott,23:49,Ron Baker,22:38,Enes Freedom,22:17,Kyle O'Quinn,21:46,Ramon Sessions,20:38,Frank Ntilikina,7:32
0,.000,1,25.000,0,,89,0,0,,1,.250,1.0,33.3,3.0,4,0,,0,0.000,Logos via Sports Logos.net / About logos,L,https://www.basketball-reference.com/boxscores/201710240BOS.html,Away,110,10:03,0,,BOS,Jaylen Brown,Abdel Nader,4:20,Jabari Bird,2:41,Guerschon Yabusele,2:03,,,,,,,32:07,Jayson Tatum,31:08,Terry Rozier,30:51,Kyrie Irving,29:32,Al Horford,29:03,Aron Baynes,22:16,Daniel Theis,20:44,Shane Larkin,19:38,Semi Ojeleye,15:37,110,0,2,2.0,100.0,0.0,0.0,0.0,0.0,Lance Thomas,21,0,2017-2018,0.0,0,0.0,NYK,89,Courtney Lee,Ron Baker,9:48,Kyle O'Quinn,6:18,Damyean Dotson,4:44,,,,,,,35:06,Kristaps Porziņģis,31:41,Enes Freedom,29:46,Tim Hardaway Jr.,27:56,Ramon Sessions,25:39,Jarrett Jack,17:37,Doug McDermott,16:42,Michael Beasley,13:30,Willy Hernangómez,11:10
0,.000,1,100.000,0,,86,0,1,100.0,0,.000,0.0,,0.0,1,0,,0,0.000,Logos via Sports Logos.net / About logos,W,https://www.basketball-reference.com/boxscores/201710270NYK.html,Home,107,6:28,0,0.0,BRK,Joe Harris,Jarrett Allen,15:32,Timofey Mozgov,13:55,Sean Kilpatrick,9:58,Tyler Zeller,9:58,,,,,27:09,Caris LeVert,25:59,DeMarre Carroll,23:09,Spencer Dinwiddie,22:05,Allen Crabbe,20:22,Quincy Acy,18:47,Trevor Booker,18:02,D'Angelo Russell,17:36,Rondae Hollis-Jefferson,17:28,86,1,0,0.0,,0.0,,0.0,,Lance Thomas,21,0,2017-2018,0.0,0,1.0,NYK,107,Tim Hardaway Jr.,Willy Hernangómez,13:26,Damyean Dotson,6:24,,,,,,,,,36:44,Courtney Lee,29:50,Kristaps Porziņģis,29:23,Jarrett Jack,25:30,Frank Ntilikina,22:30,Doug McDermott,20:39,Kyle O'Quinn,18:11,Enes Freedom,16:23,Michael Beasley,14:32
1,1.000,1,25.000,1,,114,0,1,33.3,2,.500,1.0,33.3,3.0,4,0,,0,0.000,Logos via Sports Logos.net / About logos,W,https://www.basketball-reference.com/boxscores/201710290CLE.html,Away,95,16:10,2,66.7,CLE,LeBron James,José Calderón,1:44,Channing Frye,1:44,Cedi Osman,1:44,,,,,,,39:28,Kevin Love,34:33,Derrick Rose,31:00,J.R. Smith,28:41,Dwyane Wade,23:57,Kyle Korver,23:40,Jae Crowder,20:04,Tristan Thompson,19:21,Jeff Green,14:04,95,0,5,2.0,40.0,3.0,60.0,0.0,0.0,Lance Thomas,19,0,2017-2018,0.0,0,3.0,NYK,114,Tim Hardaway Jr.,,,,,,,,,,,,,41:29,Courtney Lee,38:24,Kristaps Porziņģis,35:48,Jarrett Jack,33:31,Enes Freedom,32:40,Frank Ntilikina,16:13,Doug McDermott,13:37,Kyle O'Quinn,12:08,,
1,.500,2,66.667,0,,119,0,5,71.4,1,.333,0.0,0.0,1.0,3,0,,0,0.000,Logos via Sports Logos.net / About logos,L,https://www.basketball-reference.com/boxscores/201711010NYK.html,Home,97,14:19,2,28.6,HOU,Trevor Ariza,Zhou Qi,4:31,Demetrius Jackson,3:59,Bobby Brown,3:59,,,,,,,35:14,James Harden,34:47,Ryan Anderson,30:40,Eric Gordon,28:40,Clint Capela,27:46,P.J. Tucker,26:11,Luc Mbah a Moute,23:59,Nenê,13:34,Tarik Black,6:40,119,0,3,0.0,0.0,3.0,100.0,0.0,0.0,Lance Thomas,22,0,2017-2018,0.0,0,7.0,NYK,97,Tim Hardaway Jr.,Kyle O'Quinn,11:56,Ramon Sessions,5:47,Michael Beasley,5:33,,,,,,,30:47,Kristaps Porziņģis,27:36,Frank Ntilikina,25:58,Courtney Lee,23:31,Doug McDermott,22:23,Jarrett Jack,20:14,Enes Freedom,17:59,Damyean Dotson,17:11,Willy Hernangómez,16:46
1,.500,2,66.667,0,0.00,107,0,5,100.0,2,.667,1.0,100.0,1.0,3,0,,0,0.000,Logos via Sports Logos.net / About logos,W,https://www.basketball-reference.com/boxscores/201711030NYK.html,Home,120,13:48,0,0.0,PHO,Devin Booker,T.J. Warren,10:06,Derrick Jones Jr.,2:03,,,,,,,,,33:21,Josh Jackson,29:17,Troy Daniels,26:39,Dragan Bender,26:04,Mike James,24:50,Tyson Chandler,24:35,Alex Len,23:25,Tyler Ulis,23:10,Marquese Chriss,16:30,107,1,5,2.0,40.0,3.0,60.0,0.0,0.0,Lance Thomas,13,1,2017-2018,1.0,1,5.0,NYK,120,Courtney Lee,,,,,,,,,,,,,34:54,Tim Hardaway Jr.,32:22,Enes Freedom,31:59,Kristaps Porziņģis,31:12,Jarrett Jack,29:39,Frank Ntilikina,18:21,Michael Beasley,16:48,Kyle O'Quinn,16:01,Doug McDermott,14:56
0,,0,0.000,0,,101,0,1,100.0,1,.250,1.0,25.0,4.0,4,2,1.000,2,50.000,Logos via Sports Logos.net / About logos,W,https://www.basketball-reference.com/boxscores/201711050NYK.html,Home,108,16:37,0,0.0,IND,Darren Collison,,,,,,,,,,,,,38:12,Victor Oladipo,38:11,Thaddeus Young,35:50,Domantas Sabonis,29:21,Bojan Bogdanović,28:40,Myles Turner,24:02,Cory Joseph,19:37,Lance Stephenson,19:20,Alex Poythress,6:47,101,2,4,2.0,50.0,0.0,0.0,2.0,50.0,Lance Thomas,7,0,2017-2018,0.0,0,1.0,NYK,108,Kristaps Porziņģis,,,,,,,,,,,,,38:16,Tim Hardaway Jr.,35:47,Enes Freedom,31:12,Courtney Lee,27:50,Jarrett Jack,24:14,Frank Ntilikina,23:46,Doug McDermott,18:52,Kyle O'Quinn,16:40,Michael Beasley,6:47
2,1.000,2,66.667,0,0.00,113,0,5,100.0,3,1.000,1.0,100.0,1.0,3,2,1.000,2,66.667,Logos via Sports Logos.net / About logos,W,https://www.basketball-reference.com/boxscores/201711070NYK.html,Home,118,24:44,0,0.0,CHO,Kemba Walker,Cody Zeller,17:11,,,,,,,,,,,32:56,Dwight Howard,30:24,Marvin Williams,27:51,Jeremy Lamb,26:58,Malik Monk,26:42,Michael Carter-Williams,20:23,Frank Kaminsky,20:09,Treveon Graham,18:53,Dwayne Bacon,18:33,113,1,10,2.0,20.0,6.0,60.0,2.0,20.0,Lance Thomas,5,0,2017-2018,0.0,2,5.0,NYK,118,Courtney Lee,,,,,,,,,,,,,35:45,Tim Hardaway Jr.,33:07,Kristaps Porziņģis,28:48,Doug McDermott,27:10,Frank Ntilikina,25:34,Enes Freedom,24:30,Jarrett Jack,22:26,Kyle O'Quinn,17:56,,
0,,0,0.000,2,,99,0,1,50.0,2,.333,2.0,33.3,6.0,6,2,.667,3,50.000,Logos via Sports Logos.net / About logos,L,https://www.basketball-reference.com/boxscores/201711080ORL.html,Away,112,22:21,1,50.0,ORL,Aaron Gordon,Wes Iwundu,1:51,,,,,,,,,,,36:32,Evan Fournier,33:44,Nikola Vučević,32:34,Elfrid Payton,29:16,Terrence Ross,24:09,Jonathon Simmons,24:04,Jonathan Isaac,22:47,Shelvin Mack,19:37,Bismack Biyombo,15:26,112,2,6,4.0,66.7,0.0,0.0,2.0,33.3,Lance Thomas,13,0,2017-2018,0.0,0,2.0,NYK,99,Tim Hardaway Jr.,Damyean Dotson,1:51,Mindaugas Kuzminskas,1:51,,,,,,,,,37:33,Doug McDermott,30:21,Courtney Lee,29:43,Jarrett Jack,25:02,Frank Ntilikina,22:58,Enes Freedom,20:20,Michael Beasley,20:20,Kyle O'Quinn,19:59,Willy Hernangómez,7:41
0,,0,0.000,0,0.00,104,0,1,100.0,2,.667,2.0,66.7,3.0,3,1,.500,2,66.667,Logos via Sports Logos.net / About logos,L,https://www.basketball-reference.com/boxscores/201711130NYK.html,Home,101,17:05,0,0.0,CLE,LeBron James,Cedi Osman,5:54,,,,,,,,,,,36:16,J.R. Smith,33:29,Kyle Korver,28:35,Dwyane Wade,27:33,Channing Frye,24:33,Kevin Love,23:06,Jae Crowder,22:26,Iman Shumpert,20:27,Jeff Green,17:41,104,3,5,4.0,80.0,0.0,0.0,1.0,20.0,Lance Thomas,3,1,2017-2018,1.0,2,1.0,NYK,101,Tim Hardaway Jr.,,,,,,,,,,,,,44:03,Courtney Lee,36:46,Kristaps Porziņģis,34:13,Enes Freedom,30:35,Frank Ntilikina,24:18,Jarrett Jack,23:42,Doug McDermott,20:23,Kyle O'Quinn,7:57,Damyean Dotson,0:58
0,,0,0.000,1,,101,0,1,50.0,1,.333,1.0,33.3,3.0,3,1,.500,2,66.667,Logos via Sports Logos.net / About logos,W,https://www.basketball-reference.com/boxscores/201711150NYK.html,Home,106,12:21,1,50.0,UTA,Donovan Mitchell,,,,,,,,,,,,,36:25,Derrick Favors,34:11,Rodney Hood,32:29,Joe Ingles,31:15,Ricky Rubio,30:48,Alec Burks,22:53,Jonas Jerebko,22:22,Thabo Sefolosha,15:47,Ekpe Udoh,13:50,101,2,3,2.0,66.7,0.0,0.0,1.0,33.3,Lance Thomas,5,0,2017-2018,0.0,0,2.0,NYK,106,Courtney Lee,,,,,,,,,,,,,39:25,Tim Hardaway Jr.,36:44,Kristaps Porziņģis,36:04,Jarrett Jack,28:01,Doug McDermott,25:34,Enes Freedom,24:29,Frank Ntilikina,19:59,Kyle O'Quinn,17:23,,
1,.500,2,33.333,0,0.00,84,0,0,0.0,2,.333,1.0,25.0,4.0,6,0,,0,0.000,Logos via Sports Logos.net / About logos,L,https://www.basketball-reference.com/boxscores/201711170TOR.html,Away,107,12:48,1,100.0,TOR,Pascal Siakam,Jakob Poeltl,11:31,Alfonzo McKinnie,2:40,,,,,,,,,34:24,DeMar DeRozan,34:12,Kyle Lowry,31:58,OG Anunoby,29:30,C.J. Miles,24:15,Jonas Valančiūnas,19:21,Lorenzo Brown,17:39,Fred VanVleet,17:23,Lucas Nogueira,17:08,107,1,5,2.0,40.0,3.0,60.0,0.0,0.0,Lance Thomas,23,1,2017-2018,1.0,1,1.0,NYK,84,Courtney Lee,Ramon Sessions,3:19,Damyean Dotson,3:19,Willy Hernangómez,3:19,,,,,,,35:13,Kristaps Porziņģis,34:49,Tim Hardaway Jr.,32:50,Jarrett Jack,27:24,Enes Freedom,23:48,Doug McDermott,21:05,Frank Ntilikina,17:17,Kyle O'Quinn,12:50,Michael Beasley,12:00
0,.000,3,50.000,0,,85,0,1,100.0,1,.167,1.0,33.3,3.0,6,0,,0,0.000,Logos via Sports Logos.net / About logos,W,https://www.basketball-reference.com/boxscores/201711200NYK.html,Home,107,14:35,0,0.0,LAC,Blake Griffin,Willie Reed,11:06,C.J. Williams,4:46,Montrezl Harrell,3:46,Jamil Wilson,1:39,,,,,33:29,DeAndre Jordan,33:08,Austin Rivers,31:59,Lou Williams,26:06,Wesley Johnson,24:14,Patrick Beverley,22:14,Jawun Evans,18:56,Sindarius Thornwell,15:45,Sam Dekker,12:52,85,4,2,2.0,100.0,0.0,0.0,0.0,0.0,Lance Thomas,22,0,2017-2018,0.0,0,1.0,NYK,107,Enes Freedom,Frank Ntilikina,11:05,Michael Beasley,3:58,Willy Hernangómez,3:58,,,,,,,32:54,Doug McDermott,30:04,Kristaps Porziņģis,29:27,Courtney Lee,26:44,Tim Hardaway Jr.,26:27,Jarrett Jack,24:55,Kyle O'Quinn,12:47,Ramon Sessions,12:00,Damyean Dotson,11:06
1,.500,2,66.667,0,0.00,100,0,4,66.7,1,.333,0.0,0.0,1.0,3,0,,0,0.000,Logos via Sports Logos.net / About logos,W,https://www.basketball-reference.com/boxscores/201711220NYK.html,Home,108,14:57,2,33.3,TOR,Kyle Lowry,Jakob Poeltl,10:30,Lucas Nogueira,7:40,,,,,,,,,35:46,DeMar DeRozan,31:23,Serge Ibaka,29:19,Pascal Siakam,28:57,Norman Powell,23:10,C.J. Miles,20:28,Fred VanVleet,19:24,Jonas Valančiūnas,17:32,OG Anunoby,15:51,100,2,3,0.0,0.0,3.0,100.0,0.0,0.0,Lance Thomas,8,1,2017-2018,1.0,1,6.0,NYK,108,Tim Hardaway Jr.,,,,,,,,,,,,,36:52,Kristaps Porziņģis,35:05,Courtney Lee,33:24,Jarrett Jack,31:49,Enes Freedom,31:38,Doug McDermott,25:44,Frank Ntilikina,16:11,Kyle O'Quinn,14:20,,
0,.000,1,50.000,0,0.00,104,0,2,100.0,0,.000,0.0,0.0,1.0,2,0,,0,0.000,Logos via Sports Logos.net / About logos,L,https://www.basketball-reference.com/boxscores/201711240ATL.html,Away,116,11:49,0,0.0,ATL,Dennis Schröder,Tyler Cavanaugh,12:01,,,,,,,,,,,34:40,Taurean Prince,31:08,Kent Bazemore,30:45,Marco Belinelli,27:45,Dewayne Dedmon,25:21,Ersan İlyasova,25:09,John Collins,23:38,DeAndre' Bembry,16:13,Josh Magette,13:20,116,1,0,0.0,,0.0,,0.0,,Lance Thomas,12,0,2017-2018,0.0,1,2.0,NYK,104,Tim Hardaway Jr.,,,,,,,,,,,,,37:36,Courtney Lee,37:31,Kristaps Porziņģis,36:11,Jarrett Jack,32:47,Doug McDermott,27:20,Kyle O'Quinn,23:02,Willy Hernangómez,18:31,Frank Ntilikina,15:13,,
1,1.000,1,100.000,0,,102,0,0,,1,1.000,0.0,,0.0,1,0,,0,0.000,Logos via Sports Logos.net / About logos,L,https://www.basketball-reference.com/boxscores/201711250HOU.html,Away,117,11:57,0,,HOU,James Harden,Tarik Black,4:12,,,,,,,,,,,36:52,Chris Paul,30:53,Trevor Ariza,30:52,Clint Capela,29:31,P.J. Tucker,28:02,Eric Gordon,24:26,Luc Mbah a Moute,20:57,Ryan Anderson,19:58,Nenê,14:17,117,1,3,0.0,0.0,3.0,100.0,0.0,0.0,Lance Thomas,15,0,2017-2018,0.0,0,0.0,NYK,102,Tim Hardaway Jr.,Ron Baker,0:56,,,,,,,,,,,37:48,Michael Beasley,36:03,Courtney Lee,32:59,Jarrett Jack,32:31,Kyle O'Quinn,26:11,Willy Hernangómez,21:49,Frank Ntilikina,15:29,Doug McDermott,13:55,Damyean Dotson,10:22
0,.000,1,100.000,0,,103,0,2,66.7,0,.000,0.0,,0.0,1,0,,0,0.000,Logos via Sports Logos.net / About logos,L,https://www.basketball-reference.com/boxscores/201711270NYK.html,Home,91,5:22,1,33.3,POR,CJ McCollum,Jake Layman,3:56,,,,,,,,,,,39:31,Damian Lillard,37:54,Noah Vonleh,31:09,Jusuf Nurkić,30:05,Pat Connaughton,25:43,Evan Turner,20:21,Shabazz Napier,18:05,Ed Davis,17:48,Maurice Harkless,15:28,103,0,0,0.0,,0.0,,0.0,,Lance Thomas,12,0,2017-2018,0.0,0,3.0,NYK,91,Tim Hardaway Jr.,Ramon Sessions,7:11,Joakim Noah,2:54,Damyean Dotson,2:12,,,,,,,38:08,Courtney Lee,35:37,Kristaps Porziņģis,33:01,Kyle O'Quinn,24:51,Jarrett Jack,20:34,Frank Ntilikina,20:15,Doug McDermott,20:03,Willy Hernangómez,15:29,Michael Beasley,14:23
1,.500,2,100.000,2,2.00,86,0,4,100.0,1,.500,0.0,,0.0,2,5,.833,6,300.000,Logos via Sports Logos.net / About logos,W,https://www.basketball-reference.com/boxscores/201711290NYK.html,Home,115,21:05,0,0.0,MIA,Bam Adebayo,Jordan Mickey,5:12,Derrick Walton,4:00,,,,,,,,,30:33,Josh Richardson,30:18,Dion Waiters,29:57,Tyler Johnson,29:26,Wayne Ellington,27:04,Kelly Olynyk,25:09,Goran Dragić,23:15,James Johnson,18:35,Justise Winslow,16:31,86,2,8,0.0,0.0,3.0,37.5,5.0,62.5,Lance Thomas,29,0,2017-2018,0.0,1,4.0,NYK,115,Tim Hardaway Jr.,Ron Baker,8:48,Damyean Dotson,5:50,Kristaps Porziņģis,2:30,,,,,,,29:24,Doug McDermott,29:22,Courtney Lee,28:26,Enes Freedom,25:16,Ramon Sessions,24:01,Jarrett Jack,23:59,Michael Beasley,18:35,Kyle O'Quinn,13:56,Willy Hernangómez,8:48
0,.000,3,27.273,1,,105,0,2,40.0,4,.364,4.0,50.0,8.0,11,3,.750,4,36.364,Logos via Sports Logos.net / About logos,L,https://www.basketball-reference.com/boxscores/201712030NYK.html,Home,100,20:30,3,60.0,ORL,Aaron Gordon,,,,,,,,,,,,,38:35,Jonathon Simmons,37:49,Evan Fournier,37:25,Nikola Vučević,34:55,Elfrid Payton,34:29,Arron Afflalo,18:30,D.J. Augustin,15:53,Bismack Biyombo,12:56,Marreese Speights,9:29,105,3,11,8.0,72.7,0.0,0.0,3.0,27.3,Lance Thomas,5,0,2017-2018,0.0,0,5.0,NYK,100,Courtney Lee,Ramon Sessions,4:01,,,,,,,,,,,35:39,Enes Freedom,30:41,Doug McDermott,30:22,Jarrett Jack,27:41,Michael Beasley,27:35,Damyean Dotson,21:57,Kyle O'Quinn,17:10,Frank Ntilikina,16:16,Ron Baker,8:09
0,.000,3,42.857,1,,97,0,0,,2,.286,2.0,50.0,4.0,7,0,,0,0.000,Logos via Sports Logos.net / About logos,L,https://www.basketball-reference.com/boxscores/201712040IND.html,Away,115,16:56,0,,IND,Victor Oladipo,Joe Young,7:12,Damien Wilkins,3:55,,,,,,,,,29:31,Lance Stephenson,29:26,Bojan Bogdanović,29:16,Thaddeus Young,26:41,Darren Collison,25:46,Myles Turner,25:28,Domantas Sabonis,24:11,Cory Joseph,21:57,T.J. Leaf,16:37,115,1,4,4.0,100.0,0.0,0.0,0.0,0.0,Lance Thomas,18,1,2017-2018,1.0,0,0.0,NYK,97,Doug McDermott,Ramon Sessions,13:49,Joakim Noah,8:05,Kyle O'Quinn,7:34,,,,,,,29:21,Damyean Dotson,29:10,Frank Ntilikina,26:46,Ron Baker,21:32,Courtney Lee,19:46,Enes Freedom,18:54,Jarrett Jack,16:57,Willy Hernangómez,16:56,Michael Beasley,14:14
1,1.000,1,50.000,1,0.50,88,0,3,75.0,2,1.000,1.0,100.0,1.0,2,3,1.000,3,150.000,Logos via Sports Logos.net / About logos,W,https://www.basketball-reference.com/boxscores/201712060NYK.html,Home,99,31:55,1,25.0,MEM,Marc Gasol,Deyonta Davis,12:14,Ben McLemore,8:01,,,,,,,,,34:26,Tyreke Evans,32:59,Andrew Harrison,28:53,JaMychal Green,27:05,Mario Chalmers,22:46,Chandler Parsons,21:53,James Ennis III,20:33,Dillon Brooks,18:18,Jarell Martin,12:52,88,2,8,2.0,25.0,3.0,37.5,3.0,37.5,Lance Thomas,11,0,2017-2018,0.0,2,4.0,NYK,99,Courtney Lee,,,,,,,,,,,,,37:34,Kristaps Porziņģis,34:05,Enes Freedom,27:36,Jarrett Jack,27:06,Doug McDermott,21:25,Frank Ntilikina,20:54,Michael Beasley,17:32,Kyle O'Quinn,16:35,Damyean Dotson,5:18
0,.000,2,40.000,0,0.00,102,0,0,0.0,2,.400,2.0,66.7,3.0,5,0,,0,0.000,Logos via Sports Logos.net / About logos,L,https://www.basketball-reference.com/boxscores/201712090CHI.html,Away,104,25:25,2,100.0,CHI,David Nwaba,Bobby Portis,15:34,,,,,,,,,,,30:39,Robin Lopez,30:31,Lauri Markkanen,29:50,Kris Dunn,29:43,Justin Holiday,29:19,Nikola Mirotić,20:07,Denzel Valentine,18:30,Jerian Grant,18:17,Paul Zipser,17:31,104,2,4,4.0,100.0,0.0,0.0,0.0,0.0,Lance Thomas,2,1,2017-2018,1.0,2,2.0,NYK,102,Kristaps Porziņģis,,,,,,,,,,,,,36:06,Courtney Lee,29:44,Jarrett Jack,28:29,Enes Freedom,28:01,Doug McDermott,26:19,Frank Ntilikina,21:14,Damyean Dotson,15:10,Michael Beasley,15:00,Kyle O'Quinn,14:32
0,,0,0.000,0,0.00,107,0,1,100.0,1,1.000,1.0,100.0,1.0,1,3,.750,4,400.000,Logos via Sports Logos.net / About logos,W,https://www.basketball-reference.com/boxscores/201712100NYK.html,Home,111,22:28,0,0.0,ATL,Taurean Prince,DeAndre' Bembry,15:58,Malcolm Delaney,8:17,,,,,,,,,38:33,Ersan İlyasova,30:39,Kent Bazemore,28:26,Marco Belinelli,25:16,Dennis Schröder,22:29,Luke Babbitt,20:43,Isaiah Taylor,16:59,Tyler Cavanaugh,16:33,Miles Plumlee,16:07,107,5,5,2.0,40.0,0.0,0.0,3.0,60.0,Lance Thomas,4,1,2017-2018,1.0,1,1.0,NYK,111,Kristaps Porziņģis,,,,,,,,,,,,,37:47,Ron Baker,31:29,Doug McDermott,31:04,Frank Ntilikina,26:17,Jarrett Jack,26:07,Courtney Lee,21:33,Enes Freedom,18:16,Kyle O'Quinn,15:10,Michael Beasley,9:50
1,.500,2,100.000,0,0.00,109,0,3,100.0,1,.500,0.0,,0.0,2,2,1.000,2,100.000,Logos via Sports Logos.net / About logos,W,https://www.basketball-reference.com/boxscores/201712120NYK.html,Home,113,23:25,0,0.0,LAL,Brandon Ingram,Corey Brewer,8:58,Andrew Bogut,0:00,,,,,,,,,41:24,Lonzo Ball,39:31,Kentavious Caldwell-Pope,38:22,Kyle Kuzma,29:34,Julius Randle,27:30,Larry Nance Jr.,25:30,Brook Lopez,23:26,Jordan Clarkson,20:17,Josh Hart,10:28,109,0,5,0.0,0.0,3.0,60.0,2.0,40.0,Lance Thomas,4,1,2017-2018,1.0,1,3.0,NYK,113,Courtney Lee,,,,,,,,,,,,,40:06,Kristaps Porziņģis,40:05,Doug McDermott,32:38,Frank Ntilikina,28:50,Enes Freedom,26:44,Jarrett Jack,25:52,Michael Beasley,22:25,Kyle O'Quinn,13:31,Ron Baker,11:24
1,1.000,1,33.333,0,,111,0,1,100.0,1,.333,0.0,0.0,2.0,3,2,1.000,2,66.667,Logos via Sports Logos.net / About logos,W,https://www.basketball-reference.com/boxscores/201712140BRK.html,Away,104,24:59,0,0.0,BRK,Rondae Hollis-Jefferson,Quincy Acy,7:54,,,,,,,,,,,37:00,Spencer Dinwiddie,35:18,Allen Crabbe,35:05,DeMarre Carroll,31:54,Caris LeVert,28:18,Tyler Zeller,23:47,Joe Harris,21:58,Jarrett Allen,10:23,Timofey Mozgov,8:23,104,4,5,0.0,0.0,3.0,60.0,2.0,40.0,Lance Thomas,7,0,2017-2018,0.0,0,1.0,NYK,111,Courtney Lee,,,,,,,,,,,,,36:16,Enes Freedom,27:24,Frank Ntilikina,27:09,Doug McDermott,25:19,Jarrett Jack,22:26,Kyle O'Quinn,20:27,Michael Beasley,19:48,Ron Baker,18:27,Kristaps Porziņģis,17:45
2,.667,3,60.000,1,,96,0,2,100.0,2,.400,0.0,0.0,2.0,5,0,,0,0.000,Logos via Sports Logos.net / About logos,W,https://www.basketball-reference.com/boxscores/201712160NYK.html,Home,111,25:17,0,0.0,OKC,Paul George,Nick Collison,9:20,Álex Abrines,8:18,Terrance Ferguson,7:06,,,,,,,36:56,Russell Westbrook,35:35,Carmelo Anthony,32:20,Patrick Patterson,24:44,Jerami Grant,21:48,Andre Roberson,21:02,Raymond Felton,15:23,Dakari Johnson,13:49,Josh Huestis,13:39,96,2,6,0.0,0.0,6.0,100.0,0.0,0.0,Lance Thomas,15,1,2017-2018,1.0,0,2.0,NYK,111,Michael Beasley,,,,,,,,,,,,,37:33,Jarrett Jack,34:55,Doug McDermott,32:27,Courtney Lee,31:37,Kyle O'Quinn,24:32,Enes Freedom,22:59,Ron Baker,17:35,Frank Ntilikina,13:05,,
0,.000,3,33.333,0,,91,0,2,33.3,2,.222,2.0,33.3,6.0,9,1,1.000,1,11.111,Logos via Sports Logos.net / About logos,L,https://www.basketball-reference.com/boxscores/201712180CHO.html,Away,109,24:03,4,66.7,CHO,Michael Kidd-Gilchrist,Malik Monk,3:24,Dwayne Bacon,2:09,Mangok Mathiang,2:09,Julyan Stone,2:09,,,,,33:49,Nicolas Batum,31:08,Jeremy Lamb,29:45,Kemba Walker,29:34,Dwight Howard,28:54,Frank Kaminsky,27:00,Marvin Williams,18:51,Johnny O'Bryant,16:06,Michael Carter-Williams,15:02,109,1,5,4.0,80.0,0.0,0.0,1.0,20.0,Lance Thomas,18,1,2017-2018,1.0,0,6.0,NYK,91,Michael Beasley,Joakim Noah,6:44,Ramon Sessions,6:44,Willy Hernangómez,5:24,,,,,,,31:20,Jarrett Jack,24:39,Courtney Lee,24:13,Doug McDermott,23:53,Frank Ntilikina,23:21,Enes Freedom,22:55,Ron Baker,19:19,Kyle O'Quinn,15:41,Damyean Dotson,11:44
1,.500,2,40.000,0,,93,0,3,100.0,3,.600,2.0,66.7,3.0,5,0,,0,0.000,Logos via Sports Logos.net / About logos,W,https://www.basketball-reference.com/boxscores/201712210NYK.html,Home,102,19:51,0,0.0,BOS,Kyrie Irving,Guerschon Yabusele,4:13,Kadeem Allen,0:18,,,,,,,,,36:55,Marcus Smart,34:23,Jayson Tatum,34:06,Al Horford,32:34,Terry Rozier,27:26,Aron Baynes,22:26,Semi Ojeleye,19:16,Daniel Theis,16:49,Abdel Nader,11:34,93,1,7,4.0,57.1,3.0,42.9,0.0,0.0,Lance Thomas,9,0,2017-2018,0.0,0,3.0,NYK,102,Doug McDermott,,,,,,,,,,,,,28:09,Courtney Lee,27:53,Michael Beasley,24:59,Frank Ntilikina,24:40,Kyle O'Quinn,24:23,Jarrett Jack,23:20,Kristaps Porziņģis,23:01,Enes Freedom,22:56,Ron Baker,20:48
1,.333,3,37.500,1,1.00,101,0,6,85.7,1,.125,0.0,0.0,5.0,8,0,,0,0.000,Logos via Sports Logos.net / About logos,L,https://www.basketball-reference.com/boxscores/201712220DET.html,Away,104,34:39,1,14.3,DET,Tobias Harris,,,,,,,,,,,,,41:03,Anthony Tolliver,35:15,Reggie Bullock,30:05,Reggie Jackson,28:18,Andre Drummond,26:01,Eric Moreland,21:35,Stanley Johnson,20:06,Ish Smith,19:42,Luke Kennard,17:55,104,2,3,0.0,0.0,3.0,100.0,0.0,0.0,Lance Thomas,3,1,2017-2018,1.0,1,7.0,NYK,101,Kristaps Porziņģis,Joakim Noah,3:08,,,,,,,,,,,38:23,Courtney Lee,33:38,Enes Freedom,29:27,Jarrett Jack,28:06,Frank Ntilikina,19:55,Doug McDermott,16:22,Michael Beasley,13:02,Ron Baker,11:41,Kyle O'Quinn,11:40
0,.000,1,50.000,0,,105,0,1,100.0,1,.500,1.0,100.0,1.0,2,0,,0,0.000,Logos via Sports Logos.net / About logos,L,https://www.basketball-reference.com/boxscores/201712250NYK.html,Home,98,24:17,0,0.0,PHI,Joel Embiid,,,,,,,,,,,,,34:29,Dario Šarić,33:27,Ben Simmons,32:59,Robert Covington,30:17,T.J. McConnell,29:25,JJ Redick,27:15,Jerryd Bayless,24:04,Trevor Booker,14:33,Amir Johnson,13:31,105,2,2,2.0,100.0,0.0,0.0,0.0,0.0,Lance Thomas,7,0,2017-2018,0.0,0,1.0,NYK,98,Enes Freedom,,,,,,,,,,,,,35:58,Courtney Lee,34:57,Kristaps Porziņģis,34:26,Frank Ntilikina,26:32,Michael Beasley,22:44,Jarrett Jack,21:28,Doug McDermott,15:12,Ron Baker,13:03,Kyle O'Quinn,11:23
0,.000,1,16.667,0,0.00,87,1,1,33.3,3,.500,3.0,60.0,5.0,6,2,1.000,2,33.333,Logos via Sports Logos.net / About logos,L,https://www.basketball-reference.com/boxscores/201712270CHI.html,Away,92,28:10,2,66.7,CHI,Justin Holiday,Paul Zipser,10:47,,,,,,,,,,,37:13,Kris Dunn,32:00,Robin Lopez,29:31,Denzel Valentine,28:55,Lauri Markkanen,28:03,Nikola Mirotić,25:15,David Nwaba,19:05,Jerian Grant,16:00,Bobby Portis,13:12,92,2,8,6.0,75.0,0.0,0.0,2.0,25.0,Lance Thomas,5,1,2017-2018,2.0,1,3.0,NYK,87,Kristaps Porziņģis,,,,,,,,,,,,,38:58,Doug McDermott,36:43,Courtney Lee,34:52,Frank Ntilikina,28:12,Enes Freedom,21:51,Jarrett Jack,19:40,Kyle O'Quinn,16:49,Michael Beasley,14:46,,
0,,0,0.000,2,2.00,107,1,1,50.0,0,.000,0.0,0.0,1.0,1,0,,0,0.000,Logos via Sports Logos.net / About logos,L,https://www.basketball-reference.com/boxscores/201712280SAS.html,Away,119,13:18,1,50.0,SAS,LaMarcus Aldridge,Dejounte Murray,8:59,Brandon Paul,2:30,Dāvis Bertāns,1:21,,,,,,,35:54,Tony Parker,29:06,Kyle Anderson,29:05,Bryn Forbes,27:38,Pau Gasol,25:56,Danny Green,22:12,Patty Mills,20:06,Manu Ginóbili,20:01,Rudy Gay,17:12,119,2,0,0.0,,0.0,,0.0,,Lance Thomas,12,0,2017-2018,1.0,1,2.0,NYK,107,Courtney Lee,,,,,,,,,,,,,39:08,Kristaps Porziņģis,33:46,Michael Beasley,32:45,Frank Ntilikina,31:43,Jarrett Jack,31:00,Enes Freedom,17:20,Kyle O'Quinn,16:30,Doug McDermott,15:38,Ron Baker,8:52
1,1.000,1,33.333,0,,105,1,3,75.0,1,.333,0.0,0.0,2.0,3,0,,0,0.000,Logos via Sports Logos.net / About logos,W,https://www.basketball-reference.com/boxscores/201712300NOP.html,Away,103,17:36,1,25.0,NOP,DeMarcus Cousins,,,,,,,,,,,,,40:03,Anthony Davis,36:20,Rajon Rondo,34:01,Jrue Holiday,33:33,Darius Miller,32:03,E'Twaun Moore,30:18,Dante Cunningham,14:29,Ian Clark,11:32,Jameer Nelson,7:41,103,0,3,0.0,0.0,3.0,100.0,0.0,0.0,Lance Thomas,2,0,2017-2018,1.0,0,4.0,NYK,105,Courtney Lee,Ron Baker,9:06,Ramon Sessions,2:41,,,,,,,,,35:34,Kristaps Porziņģis,31:44,Frank Ntilikina,28:39,Jarrett Jack,24:01,Doug McDermott,22:12,Michael Beasley,20:27,Enes Freedom,19:58,Kyle O'Quinn,15:26,Joakim Noah,12:36
3,.600,5,71.429,2,,100,0,1,50.0,5,.714,2.0,100.0,2.0,7,0,,0,0.000,Logos via Sports Logos.net / About logos,L,https://www.basketball-reference.com/boxscores/201801020NYK.html,Home,91,23:08,1,50.0,SAS,LaMarcus Aldridge,Dejounte Murray,13:35,Bryn Forbes,1:40,Brandon Paul,0:18,,,,,,,37:00,Kawhi Leonard,30:32,Kyle Anderson,27:56,Pau Gasol,26:31,Tony Parker,24:25,Manu Ginóbili,23:40,Patty Mills,22:24,Dāvis Bertāns,17:49,Danny Green,14:10,100,3,13,4.0,30.8,9.0,69.2,0.0,0.0,Lance Thomas,9,0,2017-2018,0.0,0,2.0,NYK,91,Courtney Lee,Willy Hernangómez,4:01,Damyean Dotson,2:31,Joakim Noah,2:11,,,,,,,36:21,Kristaps Porziņģis,35:36,Jarrett Jack,32:41,Michael Beasley,26:27,Doug McDermott,21:03,Enes Freedom,17:26,Frank Ntilikina,15:37,Kyle O'Quinn,14:25,Ramon Sessions,8:33
1,.500,2,66.667,1,1.00,103,0,0,0.0,1,.333,0.0,0.0,1.0,3,0,,0,0.000,Logos via Sports Logos.net / About logos,L,https://www.basketball-reference.com/boxscores/201801030WAS.html,Away,121,14:16,1,100.0,WAS,Bradley Beal,Jodie Meeks,12:08,,,,,,,,,,,35:52,John Wall,34:21,Otto Porter Jr.,34:13,Markieff Morris,32:42,Marcin Gortat,29:15,Ian Mahinmi,18:45,Mike Scott,15:18,Kelly Oubre Jr.,13:47,Tomáš Satoranský,13:39,121,1,3,0.0,0.0,3.0,100.0,0.0,0.0,Lance Thomas,18,0,2017-2018,0.0,1,1.0,NYK,103,Kristaps Porziņģis,Damyean Dotson,1:38,Willy Hernangómez,1:38,,,,,,,,,35:33,Jarrett Jack,27:46,Courtney Lee,27:46,Michael Beasley,25:23,Doug McDermott,25:10,Kyle O'Quinn,24:15,Frank Ntilikina,20:14,Ron Baker,18:36,Enes Freedom,17:45
0,,0,0.000,0,0.00,103,1,2,100.0,0,.000,0.0,0.0,2.0,2,1,.500,2,100.000,Logos via Sports Logos.net / About logos,L,https://www.basketball-reference.com/boxscores/201801050MIA.html,Away,107,27:57,0,0.0,MIA,Josh Richardson,,,,,,,,,,,,,40:08,Goran Dragić,39:58,Wayne Ellington,36:21,Kelly Olynyk,34:49,Tyler Johnson,33:06,James Johnson,32:56,Hassan Whiteside,23:22,Bam Adebayo,14:53,Derrick Jones Jr.,9:27,107,3,1,0.0,0.0,0.0,0.0,1.0,100.0,Lance Thomas,4,1,2017-2018,2.0,2,2.0,NYK,103,Courtney Lee,,,,,,,,,,,,,40:17,Kristaps Porziņģis,36:59,Jarrett Jack,33:41,Frank Ntilikina,25:14,Enes Freedom,24:45,Doug McDermott,24:21,Michael Beasley,23:25,Kyle O'Quinn,16:47,Ron Baker,11:34
0,.000,1,50.000,0,0.00,100,0,4,100.0,1,.500,1.0,100.0,1.0,2,0,,0,0.000,Logos via Sports Logos.net / About logos,W,https://www.basketball-reference.com/boxscores/201801070DAL.html,Away,96,25:11,0,0.0,DAL,Harrison Barnes,Dwight Powell,14:18,,,,,,,,,,,36:00,Wesley Matthews,33:49,J.J. Barea,25:34,Dennis Smith Jr.,24:33,Devin Harris,22:43,Dirk Nowitzki,22:34,Salah Mejri,22:22,Maxi Kleber,19:05,Yogi Ferrell,19:02,96,2,2,2.0,100.0,0.0,0.0,0.0,0.0,Lance Thomas,4,1,2017-2018,1.0,1,4.0,NYK,100,Kristaps Porziņģis,,,,,,,,,,,,,38:29,Courtney Lee,34:40,Enes Freedom,25:22,Frank Ntilikina,25:12,Jarrett Jack,25:01,Doug McDermott,23:49,Kyle O'Quinn,22:38,Ron Baker,13:20,Willy Hernangómez,6:18
0,.000,1,100.000,1,,122,0,2,100.0,0,.000,0.0,,0.0,1,0,,0,0.000,Logos via Sports Logos.net / About logos,L,https://www.basketball-reference.com/boxscores/201801100NYK.html,Home,119,13:19,0,0.0,CHI,Lauri Markkanen,Paul Zipser,4:45,,,,,,,,,,,46:08,Kris Dunn,46:07,Justin Holiday,45:23,Robin Lopez,40:28,Denzel Valentine,33:33,David Nwaba,32:26,Bobby Portis,19:29,Jerian Grant,11:52,Cristiano Felício,9:48,122,0,0,0.0,,0.0,,0.0,,Lance Thomas,3,0,2017-2018,0.0,0,2.0,NYK,119,Courtney Lee,,,,,,,,,,,,,44:58,Kristaps Porziņģis,44:08,Jarrett Jack,40:04,Michael Beasley,38:58,Enes Freedom,32:20,Kyle O'Quinn,25:30,Doug McDermott,19:40,Frank Ntilikina,18:01,Ron Baker,13:02
0,.000,1,100.000,1,0.50,108,1,1,100.0,0,.000,0.0,,0.0,1,0,,0,0.000,Logos via Sports Logos.net / About logos,L,https://www.basketball-reference.com/boxscores/201801120MIN.html,Away,118,29:09,0,0.0,MIN,Karl-Anthony Towns,,,,,,,,,,,,,39:59,Andrew Wiggins,35:12,Taj Gibson,34:06,Jimmy Butler,33:53,Jeff Teague,32:38,Gorgui Dieng,20:49,Jamal Crawford,16:42,Tyus Jones,15:22,Nemanja Bjelica,11:19,118,3,0,0.0,,0.0,,0.0,,Lance Thomas,10,1,2017-2018,2.0,2,1.0,NYK,108,Kristaps Porziņģis,,,,,,,,,,,,,35:58,Jarrett Jack,33:27,Courtney Lee,32:26,Enes Freedom,26:59,Tim Hardaway Jr.,24:45,Kyle O'Quinn,21:01,Michael Beasley,15:56,Frank Ntilikina,14:33,Doug McDermott,5:46
1,1.000,1,20.000,1,,123,1,5,83.3,2,.400,1.0,25.0,4.0,5,2,1.000,2,40.000,Logos via Sports Logos.net / About logos,L,https://www.basketball-reference.com/boxscores/201801140NYK.html,Home,118,26:00,1,16.7,NOP,Anthony Davis,,,,,,,,,,,,,49:42,DeMarcus Cousins,44:57,Jrue Holiday,44:54,E'Twaun Moore,44:49,Ian Clark,25:11,Rajon Rondo,24:17,Darius Miller,19:49,Dante Cunningham,11:21,,,123,3,7,2.0,28.6,3.0,42.9,2.0,28.6,Lance Thomas,5,0,2017-2018,1.0,0,6.0,NYK,118,Kristaps Porziņģis,,,,,,,,,,,,,43:37,Jarrett Jack,36:45,Enes Freedom,36:05,Courtney Lee,35:10,Tim Hardaway Jr.,32:52,Kyle O'Quinn,16:37,Frank Ntilikina,16:15,Doug McDermott,12:15,Michael Beasley,9:23
0,,0,0.000,0,,119,0,1,100.0,2,.500,2.0,50.0,4.0,4,0,,0,0.000,Logos via Sports Logos.net / About logos,W,https://www.basketball-reference.com/boxscores/201801150BRK.html,Away,104,15:31,0,0.0,BRK,Allen Crabbe,Nik Stauskas,7:19,Jahlil Okafor,6:58,Milton Doyle,4:20,,,,,,,34:38,DeMarre Carroll,30:15,Caris LeVert,29:55,Spencer Dinwiddie,27:51,Rondae Hollis-Jefferson,26:20,Joe Harris,23:07,Quincy Acy,22:18,Jarrett Allen,15:27,Tyler Zeller,11:33,104,3,4,4.0,100.0,0.0,0.0,0.0,0.0,Lance Thomas,15,0,2017-2018,0.0,0,1.0,NYK,119,Michael Beasley,Trey Burke,8:15,Willy Hernangómez,6:14,,,,,,,,,29:15,Frank Ntilikina,28:57,Doug McDermott,28:34,Kristaps Porziņģis,26:58,Ron Baker,26:29,Courtney Lee,25:26,Kyle O'Quinn,22:30,Jarrett Jack,12:46,Enes Freedom,9:05
0,,0,,3,,99,2,0,,0,,0.0,,0.0,0,0,,0,,Logos via Sports Logos.net / About logos,L,https://www.basketball-reference.com/boxscores/201801170MEM.html,Away,105,14:45,0,,MEM,Tyreke Evans,Wayne Selden,13:48,,,,,,,,,,,33:36,Dillon Brooks,31:49,Jarell Martin,30:45,JaMychal Green,26:46,Deyonta Davis,24:03,Andrew Harrison,22:59,Mario Chalmers,21:30,James Ennis III,20:18,Ivan Rabb,14:26,105,1,0,0.0,,0.0,,0.0,,Lance Thomas,6,0,2017-2018,2.0,0,0.0,NYK,99,Courtney Lee,Ron Baker,10:19,,,,,,,,,,,34:46,Kristaps Porziņģis,33:17,Jarrett Jack,28:22,Enes Freedom,27:14,Tim Hardaway Jr.,25:43,Michael Beasley,23:44,Frank Ntilikina,19:38,Kyle O'Quinn,11:33,Doug McDermott,10:39
1,1.000,1,33.333,0,,117,0,0,,3,1.000,2.0,100.0,2.0,3,0,,0,0.000,Logos via Sports Logos.net / About logos,W,https://www.basketball-reference.com/boxscores/201801190UTA.html,Away,115,6:42,0,,UTA,Donovan Mitchell,Royce O'Neale,8:14,,,,,,,,,,,36:33,Ricky Rubio,32:19,Rudy Gobert,29:46,Rodney Hood,29:26,Joe Ingles,29:14,Derrick Favors,27:00,Joe Johnson,26:53,Jonas Jerebko,12:21,Raul Neto,8:14,115,3,7,4.0,57.1,3.0,42.9,0.0,0.0,Lance Thomas,2,0,2017-2018,0.0,0,0.0,NYK,117,Courtney Lee,Doug McDermott,12:59,Frank Ntilikina,4:55,,,,,,,,,35:44,Kristaps Porziņģis,30:44,Jarrett Jack,28:04,Tim Hardaway Jr.,27:08,Enes Freedom,25:57,Michael Beasley,24:19,Kyle O'Quinn,15:26,Trey Burke,15:01,Ron Baker,13:01
0,,0,,2,2.00,107,1,1,100.0,0,,0.0,,0.0,0,0,,0,,Logos via Sports Logos.net / About logos,L,https://www.basketball-reference.com/boxscores/201801210LAL.html,Away,127,8:43,0,0.0,LAL,Jordan Clarkson,Kyle Kuzma,10:27,Thomas Bryant,1:01,Nigel Hayes,1:01,Ivica Zubac,1:01,,,,,37:39,Julius Randle,36:33,Larry Nance Jr.,31:46,Alex Caruso,30:35,Brandon Ingram,24:25,Corey Brewer,22:35,Josh Hart,17:02,Brook Lopez,14:44,Tyler Ennis,11:11,127,0,0,0.0,,0.0,,0.0,,Lance Thomas,20,0,2017-2018,1.0,1,1.0,NYK,107,Courtney Lee,Ron Baker,10:42,Willy Hernangómez,8:10,Trey Burke,7:11,,,,,,,33:50,Tim Hardaway Jr.,29:25,Enes Freedom,29:08,Kristaps Porziņģis,28:26,Jarrett Jack,25:43,Frank Ntilikina,17:46,Kyle O'Quinn,13:54,Michael Beasley,13:40,Doug McDermott,13:22
2,.500,4,57.143,0,,112,0,4,80.0,3,.429,1.0,33.3,3.0,7,0,,0,0.000,Logos via Sports Logos.net / About logos,L,https://www.basketball-reference.com/boxscores/201801230GSW.html,Away,123,20:11,1,20.0,GSW,Klay Thompson,Shaun Livingston,12:41,Patrick McCaw,8:45,JaVale McGee,2:03,Omri Casspi,2:03,,,,,34:08,Stephen Curry,33:16,Draymond Green,32:40,Kevin Durant,32:27,Andre Iguodala,20:05,Nick Young,16:59,David West,15:25,Kevon Looney,15:14,Zaza Pachulia,14:14,123,1,8,2.0,25.0,6.0,75.0,0.0,0.0,Lance Thomas,11,0,2017-2018,0.0,0,5.0,NYK,112,Courtney Lee,Trey Burke,2:03,Ron Baker,2:03,,,,,,,,,38:24,Michael Beasley,35:17,Tim Hardaway Jr.,34:47,Jarrett Jack,28:56,Enes Freedom,25:54,Frank Ntilikina,19:04,Willy Hernangómez,17:35,Doug McDermott,11:15,Joakim Noah,4:31
3,.600,5,83.333,1,1.00,118,0,1,100.0,3,.500,0.0,0.0,1.0,6,0,,0,0.000,Logos via Sports Logos.net / About logos,L,https://www.basketball-reference.com/boxscores/201801250DEN.html,Away,130,20:11,0,0.0,DEN,Will Barton,Darrell Arthur,1:00,Malik Beasley,1:00,,,,,,,,,39:27,Nikola Jokić,35:16,Jamal Murray,34:38,Gary Harris,31:24,Wilson Chandler,29:28,Mason Plumlee,23:37,Trey Lyles,21:44,Emmanuel Mudiay,13:23,Torrey Craig,9:04,130,3,9,0.0,0.0,9.0,100.0,0.0,0.0,Lance Thomas,12,1,2017-2018,1.0,1,1.0,NYK,118,Courtney Lee,Damyean Dotson,1:00,Doug McDermott,1:00,,,,,,,,,34:02,Trey Burke,28:42,Michael Beasley,28:31,Kristaps Porziņģis,27:14,Enes Freedom,26:38,Jarrett Jack,26:10,Frank Ntilikina,19:27,Willy Hernangómez,15:02,Ron Baker,12:03
0,,0,0.000,1,1.00,107,1,1,50.0,1,1.000,1.0,100.0,1.0,1,0,,0,0.000,Logos via Sports Logos.net / About logos,W,https://www.basketball-reference.com/boxscores/201801260PHO.html,Away,85,16:20,1,50.0,PHO,T.J. Warren,Tyler Ulis,13:14,Danuel House Jr.,5:15,Alec Peters,4:41,,,,,,,33:49,Josh Jackson,29:26,Greg Monroe,25:58,Devin Booker,25:10,Troy Daniels,23:10,Jared Dudley,21:44,Marquese Chriss,19:57,Isaiah Canaan,19:44,Dragan Bender,17:52,85,1,2,2.0,100.0,0.0,0.0,0.0,0.0,Lance Thomas,22,0,2017-2018,1.0,1,2.0,NYK,107,Tim Hardaway Jr.,Frank Ntilikina,9:09,Ron Baker,4:01,Willy Hernangómez,4:01,,,,,,,34:45,Enes Freedom,29:13,Kristaps Porziņģis,27:34,Courtney Lee,26:31,Jarrett Jack,21:20,Michael Beasley,18:07,Trey Burke,17:31,Kyle O'Quinn,17:05,Doug McDermott,14:23
0,,0,,0,,95,1,0,,0,,0.0,,0.0,0,0,,0,,Logos via Sports Logos.net / About logos,W,https://www.basketball-reference.com/boxscores/201801300NYK.html,Home,111,5:45,0,,BRK,Nik Stauskas,Jarrett Allen,19:51,Isaiah Whitehead,9:49,,,,,,,,,25:17,Spencer Dinwiddie,25:13,Jahlil Okafor,24:48,Allen Crabbe,24:24,DeMarre Carroll,23:59,Joe Harris,23:16,Quincy Acy,21:50,James Webb III,21:31,D'Angelo Russell,20:02,95,0,0,0.0,,0.0,,0.0,,Lance Thomas,16,0,2017-2018,1.0,0,0.0,NYK,111,Courtney Lee,Kyle O'Quinn,11:28,Willy Hernangómez,1:22,Ron Baker,0:38,,,,,,,31:16,Enes Freedom,30:28,Kristaps Porziņģis,30:12,Frank Ntilikina,25:54,Tim Hardaway Jr.,25:14,Michael Beasley,22:30,Jarrett Jack,19:54,Doug McDermott,18:40,Trey Burke,16:39
1,.333,3,42.857,0,,73,0,3,100.0,1,.143,0.0,0.0,4.0,7,0,,0,0.000,Logos via Sports Logos.net / About logos,L,https://www.basketball-reference.com/boxscores/201801310BOS.html,Away,103,18:20,0,0.0,BOS,Terry Rozier,Kadeem Allen,6:06,Guerschon Yabusele,4:52,,,,,,,,,32:32,Jayson Tatum,30:53,Abdel Nader,28:18,Jaylen Brown,27:53,Semi Ojeleye,26:03,Al Horford,23:28,Aron Baynes,22:33,Marcus Morris,19:04,Daniel Theis,18:18,103,1,3,0.0,0.0,3.0,100.0,0.0,0.0,Lance Thomas,30,1,2017-2018,1.0,0,3.0,NYK,73,Kristaps Porziņģis,Kyle O'Quinn,8:33,Willy Hernangómez,7:37,Trey Burke,5:19,,,,,,,35:06,Courtney Lee,29:19,Tim Hardaway Jr.,27:29,Enes Freedom,26:49,Frank Ntilikina,22:28,Jarrett Jack,20:13,Damyean Dotson,14:18,Doug McDermott,12:40,Michael Beasley,11:49
1,.333,3,75.000,0,,90,1,0,0.0,1,.250,0.0,0.0,1.0,4,0,,0,0.000,Logos via Sports Logos.net / About logos,L,https://www.basketball-reference.com/boxscores/201802020MIL.html,Away,92,18:30,1,100.0,MIL,Giannis Antetokounmpo,Sean Kilpatrick,5:36,,,,,,,,,,,37:17,Khris Middleton,36:13,Tony Snell,35:26,John Henson,28:26,Matthew Dellavedova,27:29,Eric Bledsoe,20:31,Sterling Brown,17:26,Thon Maker,16:48,Jabari Parker,14:48,92,4,3,0.0,0.0,3.0,100.0,0.0,0.0,Lance Thomas,2,0,2017-2018,1.0,0,1.0,NYK,90,Courtney Lee,,,,,,,,,,,,,38:29,Kristaps Porziņģis,35:25,Tim Hardaway Jr.,33:57,Enes Freedom,31:47,Jarrett Jack,31:33,Frank Ntilikina,16:54,Michael Beasley,13:21,Kyle O'Quinn,12:31,Doug McDermott,7:33
0,,0,,0,,99,0,0,,0,,0.0,,0.0,0,0,,0,,Logos via Sports Logos.net / About logos,L,https://www.basketball-reference.com/boxscores/201802040NYK.html,Home,96,2:33,0,,ATL,Taurean Prince,Tyler Dorsey,14:04,,,,,,,,,,,32:14,Dennis Schröder,31:25,Kent Bazemore,29:33,Dewayne Dedmon,29:23,Mike Muscala,23:24,John Collins,22:25,Miles Plumlee,20:45,Marco Belinelli,20:09,Malcolm Delaney,16:38,99,0,0,0.0,,0.0,,0.0,,Lance Thomas,3,0,2017-2018,0.0,0,0.0,NYK,96,Tim Hardaway Jr.,Frank Ntilikina,6:51,,,,,,,,,,,33:50,Kristaps Porziņģis,32:25,Courtney Lee,27:05,Jarrett Jack,26:54,Doug McDermott,26:46,Enes Freedom,26:01,Kyle O'Quinn,21:56,Trey Burke,20:04,Michael Beasley,15:35
0,,0,0.000,0,0.00,103,0,1,50.0,0,.000,0.0,0.0,1.0,1,0,,0,0.000,Logos via Sports Logos.net / About logos,L,https://www.basketball-reference.com/boxscores/201802060NYK.html,Home,89,16:50,1,50.0,MIL,Giannis Antetokounmpo,Sean Kilpatrick,16:48,Tyler Zeller,6:02,Xavier Munford,1:49,,,,,,,34:39,Khris Middleton,33:59,Eric Bledsoe,29:09,Thon Maker,22:06,Jabari Parker,20:24,Marshall Plumlee,19:52,Jason Terry,19:32,Tony Snell,18:25,Sterling Brown,17:15,103,2,0,0.0,,0.0,,0.0,,Lance Thomas,14,0,2017-2018,0.0,1,2.0,NYK,89,Courtney Lee,Kristaps Porziņģis,11:24,Frank Ntilikina,10:09,Willy Hernangómez,1:49,,,,,,,35:34,Enes Freedom,32:14,Tim Hardaway Jr.,26:21,Michael Beasley,24:03,Trey Burke,22:30,Jarrett Jack,17:02,Doug McDermott,15:07,Damyean Dotson,14:03,Kyle O'Quinn,12:54
0,.000,2,66.667,2,2.00,88,0,2,100.0,1,.333,1.0,100.0,1.0,3,0,,0,0.000,Logos via Sports Logos.net / About logos,L,https://www.basketball-reference.com/boxscores/201802080TOR.html,Away,113,21:57,0,0.0,TOR,DeMar DeRozan,Jakob Poeltl,20:04,Lucas Nogueira,3:37,Norman Powell,3:37,,,,,,,28:47,Serge Ibaka,25:00,Kyle Lowry,25:00,Jonas Valančiūnas,24:19,Fred VanVleet,23:41,Pascal Siakam,23:00,Delon Wright,22:00,OG Anunoby,20:33,C.J. Miles,20:22,113,3,2,2.0,100.0,0.0,0.0,0.0,0.0,Lance Thomas,25,1,2017-2018,1.0,1,2.0,NYK,88,Michael Beasley,Damyean Dotson,6:53,,,,,,,,,,,30:44,Tim Hardaway Jr.,29:52,Courtney Lee,28:14,Kyle O'Quinn,25:42,Jarrett Jack,23:02,Luke Kornet,22:18,Frank Ntilikina,20:59,Isaiah Hicks,17:16,Trey Burke,13:03
1,.200,5,100.000,0,,113,0,0,,1,.200,0.0,,0.0,5,0,,0,0.000,Logos via Sports Logos.net / About logos,L,https://www.basketball-reference.com/boxscores/201802110IND.html,Away,121,13:52,0,,IND,Victor Oladipo,,,,,,,,,,,,,38:44,Thaddeus Young,32:10,Bojan Bogdanović,32:06,Joe Young,30:39,Myles Turner,26:58,Domantas Sabonis,25:09,Lance Stephenson,21:25,Cory Joseph,21:08,Al Jefferson,11:41,121,1,3,0.0,0.0,3.0,100.0,0.0,0.0,Lance Thomas,8,1,2017-2018,1.0,0,0.0,NYK,113,Frank Ntilikina,Jarrett Jack,8:08,Trey Burke,7:50,,,,,,,,,30:32,Emmanuel Mudiay,29:12,Michael Beasley,29:00,Tim Hardaway Jr.,28:59,Enes Freedom,26:47,Courtney Lee,20:47,Kyle O'Quinn,20:40,Luke Kornet,13:16,Damyean Dotson,10:57
0,,0,,1,,92,0,1,100.0,0,,0.0,,0.0,0,0,,0,,Logos via Sports Logos.net / About logos,L,https://www.basketball-reference.com/boxscores/201802120PHI.html,Away,108,14:02,0,0.0,PHI,T.J. McConnell,Justin Anderson,5:14,,,,,,,,,,,37:10,Robert Covington,35:50,Ben Simmons,32:44,Dario Šarić,32:26,JJ Redick,26:02,Amir Johnson,24:30,Joel Embiid,23:30,Trevor Booker,15:34,Timothé Luwawu-Cabarrot,7:00,108,0,0,0.0,,0.0,,0.0,,Lance Thomas,16,0,2017-2018,0.0,0,1.0,NYK,92,Michael Beasley,Trey Burke,4:23,Luke Kornet,4:23,Damyean Dotson,2:59,,,,,,,39:09,Tim Hardaway Jr.,34:25,Enes Freedom,33:07,Courtney Lee,30:02,Frank Ntilikina,21:16,Emmanuel Mudiay,19:17,Jarrett Jack,17:35,Kyle O'Quinn,11:56,Isaiah Hicks,7:26
2,1.000,2,50.000,0,,118,0,2,100.0,3,.750,1.0,50.0,2.0,4,0,,0,0.000,Logos via Sports Logos.net / About logos,L,https://www.basketball-reference.com/boxscores/201802140NYK.html,Home,113,19:16,0,0.0,WAS,Bradley Beal,,,,,,,,,,,,,42:52,Otto Porter Jr.,38:20,Tomáš Satoranský,33:12,Kelly Oubre Jr.,27:01,Ian Mahinmi,25:36,Markieff Morris,24:53,Marcin Gortat,22:16,Jodie Meeks,13:21,Mike Scott,12:29,118,0,8,2.0,25.0,6.0,75.0,0.0,0.0,Lance Thomas,5,0,2017-2018,0.0,0,2.0,NYK,113,Michael Beasley,,,,,,,,,,,,,40:11,Tim Hardaway Jr.,39:51,Enes Freedom,34:16,Courtney Lee,33:44,Jarrett Jack,27:32,Emmanuel Mudiay,20:28,Kyle O'Quinn,13:44,Frank Ntilikina,10:58,,
0,.000,1,100.000,1,,120,1,4,80.0,0,.000,0.0,,0.0,1,6,1.000,6,600.000,Logos via Sports Logos.net / About logos,W,https://www.basketball-reference.com/boxscores/201802220ORL.html,Away,113,25:17,1,20.0,ORL,Evan Fournier,Arron Afflalo,7:10,Khem Birch,3:53,Rashad Vaughn,0:24,,,,,,,34:59,Jonathon Simmons,29:53,Mario Hezonja,27:25,D.J. Augustin,27:07,Aaron Gordon,24:39,Nikola Vučević,24:27,Shelvin Mack,20:53,Bismack Biyombo,19:40,Wes Iwundu,19:30,113,1,6,0.0,0.0,0.0,0.0,6.0,100.0,Lance Thomas,7,1,2017-2018,2.0,0,5.0,NYK,120,Tim Hardaway Jr.,Damyean Dotson,7:23,Troy Williams,6:06,,,,,,,,,34:31,Frank Ntilikina,29:46,Trey Burke,29:42,Emmanuel Mudiay,22:46,Michael Beasley,22:43,Enes Freedom,21:07,Kyle O'Quinn,18:56,Courtney Lee,14:02,Luke Kornet,7:41
0,,0,0.000,2,,121,0,2,100.0,1,1.000,1.0,100.0,1.0,1,0,,0,0.000,Logos via Sports Logos.net / About logos,L,https://www.basketball-reference.com/boxscores/201802240NYK.html,Home,112,24:12,0,0.0,BOS,Kyrie Irving,Shane Larkin,5:17,Semi Ojeleye,4:21,,,,,,,,,34:51,Al Horford,32:33,Marcus Morris,30:28,Jaylen Brown,29:21,Marcus Smart,27:30,Jayson Tatum,26:01,Terry Rozier,20:43,Daniel Theis,18:13,Greg Monroe,10:42,121,2,2,2.0,100.0,0.0,0.0,0.0,0.0,Lance Thomas,9,1,2017-2018,1.0,0,2.0,NYK,112,Tim Hardaway Jr.,Damyean Dotson,6:37,,,,,,,,,,,33:22,Michael Beasley,28:54,Trey Burke,26:26,Emmanuel Mudiay,25:24,Frank Ntilikina,23:47,Enes Freedom,22:57,Kyle O'Quinn,19:57,Courtney Lee,16:24,Troy Williams,12:00
3,.750,4,66.667,0,,125,0,3,100.0,4,.667,1.0,50.0,2.0,6,0,,0,0.000,Logos via Sports Logos.net / About logos,L,https://www.basketball-reference.com/boxscores/201802260NYK.html,Home,111,17:20,0,0.0,GSW,Klay Thompson,Jordan Bell,13:20,Quinn Cook,12:00,Shaun Livingston,7:57,Omri Casspi,6:43,,,,,33:21,Draymond Green,31:49,Stephen Curry,30:17,Kevin Durant,27:34,Andre Iguodala,19:25,Nick Young,14:39,JaVale McGee,14:35,Zaza Pachulia,14:29,David West,13:51,125,1,11,2.0,18.2,9.0,81.8,0.0,0.0,Lance Thomas,14,0,2017-2018,0.0,0,3.0,NYK,111,Emmanuel Mudiay,Courtney Lee,11:28,Damyean Dotson,8:11,,,,,,,,,30:32,Tim Hardaway Jr.,28:38,Frank Ntilikina,28:05,Michael Beasley,25:42,Trey Burke,24:57,Kyle O'Quinn,21:15,Enes Freedom,17:12,Troy Williams,14:44,Isaiah Hicks,11:56
1,.250,4,100.000,1,1.00,105,0,1,50.0,1,.250,0.0,,0.0,4,0,,0,0.000,Logos via Sports Logos.net / About logos,L,https://www.basketball-reference.com/boxscores/201803020LAC.html,Away,128,18:11,1,50.0,LAC,Tobias Harris,Wesley Johnson,13:22,Boban Marjanović,5:14,,,,,,,,,30:53,Lou Williams,29:06,Miloš Teodosić,28:34,DeAndre Jordan,28:22,Austin Rivers,28:05,C.J. Williams,26:17,Sindarius Thornwell,18:36,Sam Dekker,15:48,Montrezl Harrell,15:43,128,3,3,0.0,0.0,3.0,100.0,0.0,0.0,Lance Thomas,23,0,2017-2018,0.0,1,2.0,NYK,105,Tim Hardaway Jr.,Damyean Dotson,6:38,Luke Kornet,6:38,,,,,,,,,34:29,Enes Freedom,29:59,Courtney Lee,26:22,Emmanuel Mudiay,26:09,Frank Ntilikina,20:06,Michael Beasley,19:47,Trey Burke,18:31,Troy Williams,16:55,Kyle O'Quinn,16:15
1,.500,2,50.000,0,,99,0,2,66.7,1,.250,0.0,0.0,2.0,4,2,1.000,2,50.000,Logos via Sports Logos.net / About logos,L,https://www.basketball-reference.com/boxscores/201803040SAC.html,Away,102,14:03,1,33.3,SAC,Skal Labissière,Bruno Caboclo,8:20,,,,,,,,,,,33:34,De'Aaron Fox,28:39,Bogdan Bogdanović,27:23,Buddy Hield,26:42,Kosta Koufos,25:42,Justin Jackson,24:55,Vince Carter,24:07,Garrett Temple,21:18,Frank Mason III,19:21,102,2,5,0.0,0.0,3.0,60.0,2.0,40.0,Lance Thomas,3,1,2017-2018,1.0,0,3.0,NYK,99,Tim Hardaway Jr.,Isaiah Hicks,8:50,,,,,,,,,,,37:27,Trey Burke,26:58,Kyle O'Quinn,25:53,Michael Beasley,25:07,Courtney Lee,24:47,Frank Ntilikina,23:13,Enes Freedom,22:07,Emmanuel Mudiay,18:49,Troy Williams,12:47
2,1.000,2,100.000,1,0.33,87,0,2,100.0,2,1.000,0.0,,0.0,2,0,,0,0.000,Logos via Sports Logos.net / About logos,L,https://www.basketball-reference.com/boxscores/201803060POR.html,Away,111,19:38,0,0.0,POR,CJ McCollum,Jake Layman,3:22,Caleb Swanigan,3:00,Wade Baldwin,3:00,,,,,,,34:59,Damian Lillard,31:30,Shabazz Napier,26:23,Ed Davis,26:23,Al-Farouq Aminu,25:29,Pat Connaughton,24:15,Zach Collins,22:31,Evan Turner,20:31,Jusuf Nurkić,18:37,111,2,6,0.0,0.0,6.0,100.0,0.0,0.0,Lance Thomas,24,1,2017-2018,1.0,3,2.0,NYK,87,Tim Hardaway Jr.,Luke Kornet,3:22,Isaiah Hicks,3:22,,,,,,,,,35:02,Frank Ntilikina,28:03,Enes Freedom,27:01,Emmanuel Mudiay,25:49,Michael Beasley,25:00,Trey Burke,20:28,Damyean Dotson,18:18,Kyle O'Quinn,17:37,Troy Williams,16:20
1,.250,4,80.000,2,2.00,112,1,3,60.0,2,.400,1.0,100.0,1.0,5,0,,0,0.000,Logos via Sports Logos.net / About logos,L,https://www.basketball-reference.com/boxscores/201803090MIL.html,Away,120,33:29,2,40.0,MIL,Giannis Antetokounmpo,Shabazz Muhammad,6:06,Xavier Munford,1:41,,,,,,,,,35:14,John Henson,31:13,Khris Middleton,31:09,Eric Bledsoe,28:01,Tony Snell,27:23,Jabari Parker,23:26,Sterling Brown,21:48,Jason Terry,17:12,Tyler Zeller,16:47,120,5,5,2.0,40.0,3.0,60.0,0.0,0.0,Lance Thomas,8,1,2017-2018,2.0,1,5.0,NYK,112,Frank Ntilikina,Luke Kornet,3:18,,,,,,,,,,,33:27,Tim Hardaway Jr.,32:02,Emmanuel Mudiay,28:27,Troy Williams,25:39,Michael Beasley,22:53,Enes Freedom,21:45,Kyle O'Quinn,17:14,Trey Burke,14:16,Damyean Dotson,7:30
1,.333,3,60.000,2,,110,0,1,100.0,1,.200,0.0,0.0,2.0,5,0,,0,0.000,Logos via Sports Logos.net / About logos,L,https://www.basketball-reference.com/boxscores/201803130NYK.html,Home,97,22:59,0,0.0,DAL,Harrison Barnes,Jameel Warney,11:32,Dwight Powell,8:54,,,,,,,,,33:57,Dennis Smith Jr.,31:02,Yogi Ferrell,28:02,Kyle Collinsworth,22:25,Dirk Nowitzki,21:36,Doug McDermott,21:15,J.J. Barea,20:41,Dorian Finney-Smith,20:35,Nerlens Noel,20:01,110,4,3,0.0,0.0,3.0,100.0,0.0,0.0,Lance Thomas,13,2,2017-2018,2.0,0,1.0,NYK,97,Tim Hardaway Jr.,Damyean Dotson,9:04,,,,,,,,,,,38:56,Michael Beasley,32:42,Emmanuel Mudiay,25:55,Troy Williams,22:21,Kyle O'Quinn,21:06,Enes Freedom,20:44,Frank Ntilikina,16:11,Courtney Lee,15:07,Trey Burke,14:55
1,.250,4,66.667,1,,101,0,0,,1,.167,0.0,0.0,2.0,6,0,,0,0.000,Logos via Sports Logos.net / About logos,W,https://www.basketball-reference.com/boxscores/201803170NYK.html,Home,124,21:27,0,,CHO,Dwight Howard,Treveon Graham,16:30,Willy Hernangómez,12:54,Julyan Stone,4:53,,,,,,,26:44,Nicolas Batum,25:06,Kemba Walker,24:47,Marvin Williams,23:14,Malik Monk,23:13,Michael Kidd-Gilchrist,23:10,Frank Kaminsky,20:50,Jeremy Lamb,19:41,Dwayne Bacon,18:58,101,1,3,0.0,0.0,3.0,100.0,0.0,0.0,Lance Thomas,23,2,2017-2018,2.0,0,0.0,NYK,124,Tim Hardaway Jr.,Enes Freedom,14:34,Damyean Dotson,9:05,Jarrett Jack,7:02,,,,,,,28:35,Isaiah Hicks,24:54,Troy Williams,22:50,Michael Beasley,22:37,Frank Ntilikina,20:46,Trey Burke,19:07,Kyle O'Quinn,17:19,Luke Kornet,16:07,Emmanuel Mudiay,15:37
0,,0,0.000,0,0.00,101,0,3,75.0,1,.250,1.0,25.0,4.0,4,1,.500,2,50.000,Logos via Sports Logos.net / About logos,W,https://www.basketball-reference.com/boxscores/201803250WAS.html,Away,97,18:45,1,25.0,WAS,Bradley Beal,Jason Smith,6:29,Jodie Meeks,4:54,,,,,,,,,39:02,Tomáš Satoranský,35:48,Markieff Morris,34:03,Otto Porter Jr.,28:30,Kelly Oubre Jr.,26:48,Mike Scott,25:33,Ramon Sessions,16:16,Marcin Gortat,15:09,Ian Mahinmi,7:28,97,3,3,2.0,66.7,0.0,0.0,1.0,33.3,Lance Thomas,4,0,2017-2018,0.0,2,4.0,NYK,101,Tim Hardaway Jr.,,,,,,,,,,,,,35:29,Michael Beasley,31:36,Trey Burke,27:22,Courtney Lee,27:02,Enes Freedom,27:01,Frank Ntilikina,20:58,Emmanuel Mudiay,20:34,Luke Kornet,18:42,Troy Williams,12:31
1,.500,2,50.000,1,,128,0,1,50.0,1,.250,0.0,0.0,2.0,4,0,,0,0.000,Logos via Sports Logos.net / About logos,L,https://www.basketball-reference.com/boxscores/201803260CHO.html,Away,137,19:47,1,50.0,CHO,Kemba Walker,Malik Monk,15:43,,,,,,,,,,,38:32,Dwight Howard,35:58,Dwayne Bacon,30:55,Marvin Williams,30:00,Jeremy Lamb,27:47,Nicolas Batum,23:58,Frank Kaminsky,23:00,Michael Kidd-Gilchrist,22:05,Willy Hernangómez,17:02,137,4,3,0.0,0.0,3.0,100.0,0.0,0.0,Lance Thomas,9,0,2017-2018,0.0,0,2.0,NYK,128,Trey Burke,,,,,,,,,,,,,40:52,Tim Hardaway Jr.,36:29,Michael Beasley,34:44,Enes Freedom,32:51,Courtney Lee,31:58,Luke Kornet,26:30,Frank Ntilikina,17:41,Troy Williams,16:31,Isaiah Hicks,7:37
1,.500,2,66.667,1,1.00,101,0,1,100.0,1,.333,0.0,0.0,1.0,3,0,,0,0.000,Logos via Sports Logos.net / About logos,L,https://www.basketball-reference.com/boxscores/201803280PHI.html,Away,118,18:59,0,0.0,PHI,Dario Šarić,Joel Embiid,8:32,,,,,,,,,,,36:00,Ben Simmons,34:25,Robert Covington,33:23,JJ Redick,31:23,Ersan İlyasova,25:46,Marco Belinelli,24:34,Richaun Holmes,21:56,Markelle Fultz,13:35,T.J. McConnell,10:26,118,3,3,0.0,0.0,3.0,100.0,0.0,0.0,Lance Thomas,17,0,2017-2018,0.0,1,1.0,NYK,101,Michael Beasley,,,,,,,,,,,,,34:55,Tim Hardaway Jr.,33:00,Enes Freedom,30:55,Trey Burke,27:53,Emmanuel Mudiay,24:47,Frank Ntilikina,24:17,Troy Williams,22:28,Luke Kornet,17:48,Isaiah Hicks,4:58
2,1.000,2,40.000,0,,115,0,0,0.0,2,.400,0.0,0.0,3.0,5,0,,0,0.000,Logos via Sports Logos.net / About logos,L,https://www.basketball-reference.com/boxscores/201803310NYK.html,Home,109,13:51,1,100.0,DET,Andre Drummond,Eric Moreland,10:48,,,,,,,,,,,37:12,Reggie Bullock,33:22,Anthony Tolliver,31:19,Reggie Jackson,24:53,Stanley Johnson,23:21,Ish Smith,22:59,James Ennis III,21:23,Luke Kennard,18:02,Henry Ellenson,16:41,115,1,6,0.0,0.0,6.0,100.0,0.0,0.0,Lance Thomas,6,0,2017-2018,0.0,0,1.0,NYK,109,Trey Burke,,,,,,,,,,,,,38:21,Tim Hardaway Jr.,35:32,Troy Williams,32:48,Kyle O'Quinn,32:09,Michael Beasley,28:59,Emmanuel Mudiay,20:08,Damyean Dotson,17:11,Luke Kornet,15:51,Isaiah Hicks,5:10
1,.200,5,71.429,1,,97,0,5,83.3,1,.143,0.0,0.0,2.0,7,3,.750,4,57.143,Logos via Sports Logos.net / About logos,L,https://www.basketball-reference.com/boxscores/201804030NYK.html,Home,73,26:38,1,16.7,ORL,Mario Hezonja,Bismack Biyombo,6:20,,,,,,,,,,,35:34,Jamel Artis,32:01,Aaron Gordon,27:53,Shelvin Mack,27:49,Rodney Purvis,25:55,Wes Iwundu,22:37,Khem Birch,21:40,D.J. Augustin,20:11,Nikola Vučević,20:00,97,0,6,0.0,0.0,3.0,50.0,3.0,50.0,Lance Thomas,24,2,2017-2018,2.0,0,6.0,NYK,73,Tim Hardaway Jr.,,,,,,,,,,,,,34:42,Trey Burke,31:35,Kyle O'Quinn,29:02,Frank Ntilikina,27:59,Courtney Lee,23:42,Luke Kornet,18:50,Emmanuel Mudiay,18:25,Isaiah Hicks,17:29,Damyean Dotson,11:38
0,,0,0.000,0,,115,0,1,100.0,0,.000,0.0,0.0,2.0,2,0,,0,0.000,Logos via Sports Logos.net / About logos,L,https://www.basketball-reference.com/boxscores/201804070NYK.html,Home,102,8:38,0,0.0,MIL,Jabari Parker,,,,,,,,,,,,,37:36,Khris Middleton,36:01,Eric Bledsoe,31:16,Tony Snell,30:53,John Henson,30:51,Jason Terry,22:03,Thon Maker,17:27,Tyler Zeller,17:09,Brandon Jennings,16:44,115,1,0,0.0,,0.0,,0.0,,Lance Thomas,13,0,2017-2018,0.0,0,1.0,NYK,102,Trey Burke,,,,,,,,,,,,,30:52,Frank Ntilikina,30:05,Damyean Dotson,29:55,Kyle O'Quinn,29:34,Courtney Lee,27:29,Jarrett Jack,25:39,Michael Beasley,23:00,Luke Kornet,18:26,Isaiah Hicks,16:22
2,1.000,2,22.222,1,,123,0,6,85.7,6,.667,4.0,57.1,7.0,9,0,,0,0.000,Logos via Sports Logos.net / About logos,L,https://www.basketball-reference.com/boxscores/201804090NYK.html,Home,109,32:02,1,14.3,CLE,LeBron James,Tristan Thompson,9:08,Ante Žižić,1:05,John Holland,1:05,Cedi Osman,1:05,,,,,38:38,J.R. Smith,31:31,Kevin Love,31:29,Jeff Green,29:16,Jordan Clarkson,22:12,José Calderón,19:39,George Hill,19:35,Larry Nance Jr.,18:48,Kyle Korver,16:29,123,6,14,8.0,57.1,6.0,42.9,0.0,0.0,Lance Thomas,14,0,2017-2018,0.0,0,7.0,NYK,109,Frank Ntilikina,,,,,,,,,,,,,40:02,Trey Burke,33:44,Kyle O'Quinn,28:50,Michael Beasley,26:57,Courtney Lee,26:45,Damyean Dotson,19:23,Luke Kornet,19:10,Jarrett Jack,8:15,Isaiah Hicks,4:52
0,.000,2,50.000,0,0.00,110,0,0,,1,.250,1.0,50.0,2.0,4,0,,0,0.000,Logos via Sports Logos.net / About logos,W,https://www.basketball-reference.com/boxscores/201804110CLE.html,Away,98,10:33,0,,CLE,Cedi Osman,George Hill,8:59,José Calderón,6:27,J.R. Smith,6:19,Jordan Clarkson,6:11,,,,,39:03,John Holland,37:27,London Perrantes,32:34,Tristan Thompson,29:39,Ante Žižić,27:10,Kendrick Perkins,14:32,LeBron James,10:33,Larry Nance Jr.,10:33,Jeff Green,10:33,98,1,2,2.0,100.0,0.0,0.0,0.0,0.0,Lance Thomas,12,0,2017-2018,0.0,1,0.0,NYK,110,Trey Burke,,,,,,,,,,,,,42:17,Frank Ntilikina,37:29,Damyean Dotson,33:05,Isaiah Hicks,30:19,Luke Kornet,28:29,Michael Beasley,21:09,Jarrett Jack,19:09,Kyle O'Quinn,17:30,,
1,1.000,1,50.000,0,0.00,107,1,0,,1,.500,0.0,0.0,1.0,2,0,,0,0.000,Logos via Sports Logos.net / About logos,W,https://www.basketball-reference.com/boxscores/201810170NYK.html,Home,126,15:30,0,,ATL,Trae Young,Miles Plumlee,9:22,Omari Spellman,8:19,Kevin Huerter,4:35,Jaylen Adams,4:17,,,,,33:08,Taurean Prince,32:19,Kent Bazemore,30:16,Vince Carter,23:58,DeAndre' Bembry,23:19,Alex Len,21:26,Alex Poythress,20:43,Tyler Dorsey,14:36,Jeremy Lin,13:42,107,4,3,0.0,0.0,3.0,100.0,0.0,0.0,Lance Thomas,19,0,2018-2019,1.0,1,0.0,NYK,126,Frank Ntilikina,Mitchell Robinson,1:18,,,,,,,,,,,33:38,Tim Hardaway Jr.,28:51,Ron Baker,27:26,Enes Freedom,27:12,Allonzo Trier,26:17,Kevin Knox,23:38,Trey Burke,20:34,Mario Hezonja,19:14,Noah Vonleh,16:22
0,.000,1,25.000,2,,105,0,1,50.0,0,.000,0.0,0.0,3.0,4,0,,0,0.000,Logos via Sports Logos.net / About logos,L,https://www.basketball-reference.com/boxscores/201810190BRK.html,Away,107,21:05,1,50.0,BRK,D'Angelo Russell,Treveon Graham,9:43,,,,,,,,,,,33:46,Jarrett Allen,33:32,Caris LeVert,32:23,Spencer Dinwiddie,31:06,Jared Dudley,27:04,Joe Harris,22:37,Allen Crabbe,18:16,Rodions Kurucs,17:19,Ed Davis,14:14,107,2,0,0.0,,0.0,,0.0,,Lance Thomas,2,1,2018-2019,1.0,0,2.0,NYK,105,Tim Hardaway Jr.,,,,,,,,,,,,,36:28,Enes Freedom,35:20,Frank Ntilikina,30:42,Trey Burke,29:56,Kevin Knox,28:08,Ron Baker,18:04,Allonzo Trier,15:31,Mario Hezonja,13:19,Noah Vonleh,11:27
1,.333,3,75.000,0,0.00,103,1,3,75.0,1,.250,0.0,0.0,1.0,4,3,.750,4,100.000,Logos via Sports Logos.net / About logos,L,https://www.basketball-reference.com/boxscores/201810200NYK.html,Home,101,17:07,1,25.0,BOS,Jaylen Brown,Guerschon Yabusele,5:47,Semi Ojeleye,2:18,,,,,,,,,38:27,Jayson Tatum,35:11,Kyrie Irving,32:06,Marcus Smart,28:01,Marcus Morris,25:39,Al Horford,23:55,Terry Rozier,22:54,Daniel Theis,14:03,Aron Baynes,11:39,103,1,6,0.0,0.0,3.0,50.0,3.0,50.0,Lance Thomas,2,0,2018-2019,1.0,3,4.0,NYK,101,Tim Hardaway Jr.,Mitchell Robinson,9:25,Kevin Knox,4:07,,,,,,,,,37:24,Enes Freedom,31:08,Trey Burke,30:27,Allonzo Trier,25:15,Damyean Dotson,22:21,Noah Vonleh,21:42,Frank Ntilikina,18:52,Ron Baker,12:27,Mario Hezonja,9:45
0,.000,1,33.333,0,,113,0,3,75.0,1,.333,1.0,50.0,2.0,3,2,1.000,2,66.667,Logos via Sports Logos.net / About logos,L,https://www.basketball-reference.com/boxscores/201810220MIL.html,Away,124,18:10,1,25.0,MIL,Giannis Antetokounmpo,,,,,,,,,,,,,36:55,Khris Middleton,34:56,Eric Bledsoe,31:48,Malcolm Brogdon,31:15,Brook Lopez,30:41,Ersan İlyasova,22:16,Donte DiVincenzo,19:44,John Henson,17:19,Tony Snell,15:06,124,1,4,2.0,50.0,0.0,0.0,2.0,50.0,Lance Thomas,11,0,2018-2019,0.0,0,4.0,NYK,113,Frank Ntilikina,,,,,,,,,,,,,35:00,Tim Hardaway Jr.,33:44,Enes Freedom,32:08,Damyean Dotson,31:30,Mario Hezonja,30:00,Trey Burke,22:25,Noah Vonleh,18:37,Allonzo Trier,17:16,Ron Baker,1:10
2,.500,4,66.667,0,,87,0,6,100.0,2,.333,0.0,0.0,2.0,6,0,,0,0.000,Logos via Sports Logos.net / About logos,L,https://www.basketball-reference.com/boxscores/201810240MIA.html,Away,110,19:50,0,0.0,MIA,Josh Richardson,Udonis Haslem,3:53,,,,,,,,,,,34:51,Rodney McGruder,31:17,Kelly Olynyk,30:23,Goran Dragić,28:31,Tyler Johnson,27:20,Hassan Whiteside,26:54,Dwyane Wade,25:54,Bam Adebayo,21:06,Duncan Robinson,9:51,110,3,6,0.0,0.0,6.0,100.0,0.0,0.0,Lance Thomas,23,2,2018-2019,2.0,0,6.0,NYK,87,Damyean Dotson,Mitchell Robinson,12:00,Luke Kornet,6:14,,,,,,,,,34:28,Frank Ntilikina,30:56,Tim Hardaway Jr.,22:45,Mario Hezonja,21:56,Allonzo Trier,21:22,Enes Freedom,18:42,Ron Baker,17:43,Noah Vonleh,17:18,Trey Burke,16:46
0,.000,2,50.000,1,1.00,128,0,1,100.0,1,.250,1.0,50.0,2.0,4,0,,0,0.000,Logos via Sports Logos.net / About logos,L,https://www.basketball-reference.com/boxscores/201810260NYK.html,Home,100,19:27,0,0.0,GSW,Kevin Durant,Shaun Livingston,8:54,Alfonzo McKinnie,8:41,Quinn Cook,2:04,Jacob Evans,2:04,,,,,36:08,Klay Thompson,33:43,Stephen Curry,33:24,Draymond Green,32:13,Andre Iguodala,24:03,Jonas Jerebko,18:38,Kevon Looney,14:48,Damian Jones,14:08,Jordan Bell,11:12,128,2,2,2.0,100.0,0.0,0.0,0.0,0.0,Lance Thomas,28,0,2018-2019,0.0,1,1.0,NYK,100,Tim Hardaway Jr.,Luke Kornet,2:04,,,,,,,,,,,34:41,Damyean Dotson,29:33,Mitchell Robinson,29:25,Frank Ntilikina,25:57,Noah Vonleh,22:21,Trey Burke,22:03,Enes Freedom,20:12,Mario Hezonja,17:51,Allonzo Trier,16:26
0,,0,0.000,0,0.00,96,0,0,0.0,1,.500,1.0,50.0,2.0,2,0,,0,0.000,Logos via Sports Logos.net / About logos,W,https://www.basketball-reference.com/boxscores/201810290NYK.html,Home,115,9:19,1,100.0,BRK,Caris LeVert,Ed Davis,12:23,Džanan Musa,4:09,Kenneth Faried,4:09,,,,,,,29:29,Joe Harris,27:33,D'Angelo Russell,27:19,Rondae Hollis-Jefferson,27:00,Spencer Dinwiddie,25:24,Allen Crabbe,25:00,Jarrett Allen,20:29,Shabazz Napier,18:53,Jared Dudley,18:12,96,3,2,2.0,100.0,0.0,0.0,0.0,0.0,Lance Thomas,19,0,2018-2019,0.0,1,1.0,NYK,115,Tim Hardaway Jr.,Ron Baker,2:24,Luke Kornet,2:24,Emmanuel Mudiay,2:24,,,,,,,34:54,Frank Ntilikina,31:35,Noah Vonleh,28:39,Damyean Dotson,28:00,Enes Freedom,26:19,Allonzo Trier,24:41,Mario Hezonja,20:13,Mitchell Robinson,15:07,Trey Burke,14:01
0,.000,1,25.000,0,,107,0,0,,1,.250,1.0,33.3,3.0,4,1,1.000,1,25.000,Logos via Sports Logos.net / About logos,L,https://www.basketball-reference.com/boxscores/201810310NYK.html,Home,101,16:05,0,,IND,Thaddeus Young,Kyle O'Quinn,2:59,,,,,,,,,,,33:53,Victor Oladipo,32:17,Bojan Bogdanović,31:59,Cory Joseph,31:39,Myles Turner,28:55,Darren Collison,23:47,Domantas Sabonis,21:26,Tyreke Evans,20:30,Doug McDermott,12:35,107,1,3,2.0,66.7,0.0,0.0,1.0,33.3,Lance Thomas,6,2,2018-2019,2.0,0,0.0,NYK,101,Tim Hardaway Jr.,,,,,,,,,,,,,37:56,Frank Ntilikina,32:50,Noah Vonleh,32:49,Damyean Dotson,31:57,Allonzo Trier,23:07,Enes Freedom,21:05,Mitchell Robinson,17:41,Trey Burke,14:00,Mario Hezonja,12:30
0,.000,1,25.000,3,,118,0,2,100.0,3,.750,3.0,100.0,3.0,4,4,1.000,4,100.000,Logos via Sports Logos.net / About logos,W,https://www.basketball-reference.com/boxscores/201811020DAL.html,Away,106,17:25,0,0.0,DAL,Harrison Barnes,Jalen Brunson,3:27,,,,,,,,,,,35:15,Luka Dončić,34:58,DeAndre Jordan,32:17,Dennis Smith Jr.,31:53,Wesley Matthews,31:06,Dorian Finney-Smith,27:15,J.J. Barea,15:21,Dwight Powell,15:14,Maxi Kleber,13:14,106,4,10,6.0,60.0,0.0,0.0,4.0,40.0,Lance Thomas,12,2,2018-2019,2.0,0,2.0,NYK,118,Damyean Dotson,Trey Burke,6:50,,,,,,,,,,,36:21,Mitchell Robinson,34:01,Tim Hardaway Jr.,33:49,Frank Ntilikina,32:02,Allonzo Trier,24:02,Enes Freedom,20:10,Emmanuel Mudiay,15:58,Noah Vonleh,10:17,Mario Hezonja,9:05
1,.333,3,50.000,0,,95,1,3,100.0,2,.333,1.0,33.3,3.0,6,0,,0,0.000,Logos via Sports Logos.net / About logos,L,https://www.basketball-reference.com/boxscores/201811040WAS.html,Away,108,7:47,0,0.0,WAS,Bradley Beal,Troy Brown Jr.,1:27,Thomas Bryant,1:27,Jordan McRae,1:27,,,,,,,39:32,John Wall,37:53,Markieff Morris,31:06,Dwight Howard,30:37,Jeff Green,27:28,Austin Rivers,25:08,Kelly Oubre Jr.,24:06,Tomáš Satoranský,14:27,Jason Smith,5:22,108,1,5,2.0,40.0,3.0,60.0,0.0,0.0,Lance Thomas,13,0,2018-2019,1.0,0,3.0,NYK,95,Damyean Dotson,Noah Vonleh,10:21,Ron Baker,2:10,Luke Kornet,2:10,,,,,,,30:32,Mitchell Robinson,26:18,Mario Hezonja,25:08,Tim Hardaway Jr.,24:18,Enes Freedom,24:16,Emmanuel Mudiay,22:49,Frank Ntilikina,22:31,Allonzo Trier,21:31,Trey Burke,20:09
0,,0,0.000,0,,116,0,1,100.0,1,.500,1.0,50.0,2.0,2,0,,0,0.000,Logos via Sports Logos.net / About logos,L,https://www.basketball-reference.com/boxscores/201811050NYK.html,Home,115,5:00,0,0.0,CHI,Zach LaVine,Chandler Hutchison,15:33,,,,,,,,,,,49:01,Justin Holiday,46:51,Jabari Parker,42:25,Cameron Payne,40:44,Wendell Carter Jr.,22:20,Antonio Blakeney,20:08,Cristiano Felício,18:23,Robin Lopez,17:19,Ryan Arcidiacono,17:16,116,0,2,2.0,100.0,0.0,0.0,0.0,0.0,Lance Thomas,1,0,2018-2019,0.0,0,1.0,NYK,115,Allonzo Trier,Kevin Knox,4:59,,,,,,,,,,,41:48,Damyean Dotson,41:24,Enes Freedom,40:57,Mario Hezonja,36:00,Noah Vonleh,34:34,Emmanuel Mudiay,34:25,Trey Burke,23:38,Frank Ntilikina,16:12,Mitchell Robinson,11:03
0,.000,2,66.667,0,0.00,128,0,4,80.0,0,.000,0.0,0.0,1.0,3,0,,0,0.000,Logos via Sports Logos.net / About logos,L,https://www.basketball-reference.com/boxscores/201812170NYK.html,Home,110,19:45,1,20.0,PHO,T.J. Warren,Jawun Evans,2:39,Dragan Bender,1:48,,,,,,,,,39:03,Devin Booker,37:16,Mikal Bridges,33:23,Deandre Ayton,29:06,Jamal Crawford,26:11,Josh Jackson,25:54,De'Anthony Melton,20:44,Richaun Holmes,18:54,Troy Daniels,5:02,128,2,0,0.0,,0.0,,0.0,,Lance Thomas,18,0,2018-2019,0.0,1,5.0,NYK,110,Kevin Knox,,,,,,,,,,,,,37:24,Emmanuel Mudiay,32:34,Frank Ntilikina,28:45,Enes Freedom,27:50,Trey Burke,23:40,Courtney Lee,21:57,Mario Hezonja,17:28,Noah Vonleh,16:58,Luke Kornet,13:39
0,.000,1,50.000,1,,109,0,2,100.0,1,.500,1.0,100.0,1.0,2,1,.500,2,100.000,Logos via Sports Logos.net / About logos,L,https://www.basketball-reference.com/boxscores/201812190PHI.html,Away,131,16:59,0,0.0,PHI,Jimmy Butler,Amir Johnson,3:47,Shake Milton,3:47,Demetrius Jackson,3:47,,,,,,,31:08,Ben Simmons,30:39,Wilson Chandler,29:37,Mike Muscala,26:28,Joel Embiid,25:49,JJ Redick,25:36,Landry Shamet,22:24,T.J. McConnell,20:06,Furkan Korkmaz,16:52,131,2,3,2.0,66.7,0.0,0.0,1.0,33.3,Lance Thomas,22,0,2018-2019,0.0,0,2.0,NYK,109,Kevin Knox,Mario Hezonja,3:47,,,,,,,,,,,35:57,Noah Vonleh,35:46,Emmanuel Mudiay,31:52,Enes Freedom,29:17,Tim Hardaway Jr.,27:45,Damyean Dotson,22:18,Frank Ntilikina,16:08,Luke Kornet,10:11,Courtney Lee,10:00
0,,0,0.000,1,1.00,114,0,2,100.0,3,.750,3.0,75.0,4.0,4,0,,0,0.000,Logos via Sports Logos.net / About logos,L,https://www.basketball-reference.com/boxscores/201812210NYK.html,Home,107,18:50,0,0.0,ATL,Kevin Huerter,Daniel Hamilton,3:48,,,,,,,,,,,34:17,John Collins,32:56,Kent Bazemore,29:52,Trae Young,28:09,DeAndre' Bembry,28:02,Dewayne Dedmon,27:36,Alex Len,21:07,Jeremy Lin,20:42,Vince Carter,13:31,114,3,6,6.0,100.0,0.0,0.0,0.0,0.0,Lance Thomas,7,2,2018-2019,2.0,1,2.0,NYK,107,Tim Hardaway Jr.,,,,,,,,,,,,,38:23,Kevin Knox,36:36,Noah Vonleh,36:35,Emmanuel Mudiay,34:09,Enes Freedom,24:25,Damyean Dotson,15:36,Frank Ntilikina,13:51,Luke Kornet,11:21,Courtney Lee,10:14
0,.000,1,33.333,0,0.00,109,0,2,50.0,1,.333,1.0,50.0,2.0,3,0,,0,0.000,Logos via Sports Logos.net / About logos,L,https://www.basketball-reference.com/boxscores/201812250NYK.html,Home,95,12:17,2,50.0,MIL,Giannis Antetokounmpo,Sterling Brown,14:24,Donte DiVincenzo,2:42,,,,,,,,,35:11,Khris Middleton,29:28,Brook Lopez,29:24,Eric Bledsoe,28:39,George Hill,27:33,Malcolm Brogdon,26:49,D.J. Wilson,16:20,Thon Maker,15:05,Tony Snell,14:25,109,3,2,2.0,100.0,0.0,0.0,0.0,0.0,Lance Thomas,14,1,2018-2019,1.0,2,4.0,NYK,95,Kevin Knox,,,,,,,,,,,,,37:28,Emmanuel Mudiay,33:32,Tim Hardaway Jr.,33:15,Noah Vonleh,33:12,Enes Freedom,25:02,Damyean Dotson,19:07,Allonzo Trier,17:50,Trey Burke,14:28,Luke Kornet,13:49
0,.000,1,50.000,0,,97,0,0,,1,.500,1.0,100.0,1.0,2,0,,0,0.000,Logos via Sports Logos.net / About logos,L,https://www.basketball-reference.com/boxscores/201812290UTA.html,Away,129,7:05,0,,UTA,Donovan Mitchell,Georges Niang,9:40,Ekpe Udoh,9:01,Naz Mitrou-Long,8:36,Tony Bradley,8:36,,,,,27:23,Dante Exum,26:07,Rudy Gobert,24:58,Derrick Favors,24:35,Kyle Korver,21:35,Joe Ingles,20:49,Thabo Sefolosha,20:22,Raul Neto,19:52,Royce O'Neale,18:26,129,3,2,2.0,100.0,0.0,0.0,0.0,0.0,Lance Thomas,32,1,2018-2019,1.0,0,0.0,NYK,97,Kevin Knox,Trey Burke,7:36,Mario Hezonja,4:36,,,,,,,,,41:16,Luke Kornet,28:38,Tim Hardaway Jr.,26:16,Emmanuel Mudiay,23:55,Noah Vonleh,23:55,Allonzo Trier,21:44,Damyean Dotson,21:18,Enes Freedom,17:12,Frank Ntilikina,16:29
0,.000,1,33.333,1,,121,0,5,71.4,1,.333,1.0,50.0,2.0,3,0,,0,0.000,Logos via Sports Logos.net / About logos,L,https://www.basketball-reference.com/boxscores/201901110NYK.html,Home,106,15:16,2,28.6,IND,Domantas Sabonis,Kyle O'Quinn,14:01,Aaron Holiday,2:06,Alize Johnson,2:06,Edmond Sumner,2:06,,,,,31:53,Thaddeus Young,30:18,Victor Oladipo,28:02,Darren Collison,26:51,Bojan Bogdanović,25:50,Cory Joseph,21:14,Tyreke Evans,19:35,Doug McDermott,18:59,T.J. Leaf,16:59,121,1,2,2.0,100.0,0.0,0.0,0.0,0.0,Lance Thomas,15,0,2018-2019,0.0,0,7.0,NYK,106,Mario Hezonja,,,,,,,,,,,,,30:09,Tim Hardaway Jr.,28:58,Emmanuel Mudiay,28:01,Kevin Knox,27:36,Damyean Dotson,27:35,Trey Burke,25:49,Luke Kornet,20:58,Noah Vonleh,19:21,Allonzo Trier,16:17
0,.000,1,25.000,1,1.00,108,1,3,100.0,2,.500,2.0,66.7,3.0,4,0,,0,0.000,Logos via Sports Logos.net / About logos,L,https://www.basketball-reference.com/boxscores/201901130NYK.html,Home,105,19:13,0,0.0,PHI,Ben Simmons,Furkan Korkmaz,9:10,,,,,,,,,,,37:00,JJ Redick,34:13,Joel Embiid,32:22,Wilson Chandler,29:59,Jimmy Butler,28:28,T.J. McConnell,21:05,Jonah Bolden,17:56,Mike Muscala,15:38,Landry Shamet,14:09,108,2,4,4.0,100.0,0.0,0.0,0.0,0.0,Lance Thomas,3,0,2018-2019,1.0,1,3.0,NYK,105,Kevin Knox,,,,,,,,,,,,,43:52,Damyean Dotson,36:22,Luke Kornet,33:38,Frank Ntilikina,27:33,Emmanuel Mudiay,27:32,Mario Hezonja,21:56,Noah Vonleh,18:08,Allonzo Trier,11:46,,
0,,0,0.000,0,0.00,114,0,2,66.7,0,.000,0.0,0.0,1.0,1,2,1.000,2,200.000,Logos via Sports Logos.net / About logos,L,https://www.basketball-reference.com/boxscores/201901230NYK.html,Home,110,14:26,1,33.3,HOU,James Harden,,,,,,,,,,,,,40:00,P.J. Tucker,38:47,Eric Gordon,36:36,Austin Rivers,33:50,Gerald Green,28:29,James Ennis III,26:53,Kenneth Faried,26:00,Gary Clark,9:25,,,114,0,2,0.0,0.0,0.0,0.0,2.0,100.0,Lance Thomas,4,0,2018-2019,0.0,1,3.0,NYK,110,Tim Hardaway Jr.,,,,,,,,,,,,,35:10,Kevin Knox,32:48,Allonzo Trier,32:37,Noah Vonleh,30:37,Emmanuel Mudiay,28:11,Damyean Dotson,24:51,Frank Ntilikina,23:57,Mitchell Robinson,17:23,,
0,,0,0.000,0,,99,2,2,66.7,3,1.000,3.0,100.0,3.0,3,0,,0,0.000,Logos via Sports Logos.net / About logos,L,https://www.basketball-reference.com/boxscores/201901250BRK.html,Away,109,25:37,1,33.3,BRK,Shabazz Napier,Rodions Kurucs,17:55,Mitch Creek,0:02,,,,,,,,,28:12,Ed Davis,28:08,Joe Harris,27:47,Theo Pinson,25:53,DeMarre Carroll,24:14,Rondae Hollis-Jefferson,23:50,D'Angelo Russell,23:30,Treveon Graham,20:37,Jarrett Allen,19:52,109,3,6,6.0,100.0,0.0,0.0,0.0,0.0,Lance Thomas,10,2,2018-2019,4.0,0,3.0,NYK,99,Tim Hardaway Jr.,,,,,,,,,,,,,38:56,Trey Burke,33:02,Noah Vonleh,32:15,Kevin Knox,24:56,Allonzo Trier,23:46,Damyean Dotson,22:25,Frank Ntilikina,18:31,Mitchell Robinson,15:45,Courtney Lee,4:47
0,,0,0.000,0,,106,0,2,100.0,1,.500,1.0,50.0,2.0,2,2,1.000,2,100.000,Logos via Sports Logos.net / About logos,L,https://www.basketball-reference.com/boxscores/201901270NYK.html,Home,97,18:08,0,0.0,MIA,Justise Winslow,Derrick Jones Jr.,4:11,Rodney McGruder,0:22,,,,,,,,,34:42,Josh Richardson,34:12,Wayne Ellington,30:57,James Johnson,29:59,Dwyane Wade,27:43,Hassan Whiteside,23:59,Bam Adebayo,18:55,Dion Waiters,17:58,Kelly Olynyk,17:02,106,2,4,2.0,50.0,0.0,0.0,2.0,50.0,Lance Thomas,9,1,2018-2019,1.0,0,2.0,NYK,97,Tim Hardaway Jr.,Courtney Lee,6:41,,,,,,,,,,,30:48,Mario Hezonja,30:21,Damyean Dotson,26:03,Noah Vonleh,25:11,Trey Burke,23:23,Mitchell Robinson,22:49,Kevin Knox,22:11,Allonzo Trier,19:35,Frank Ntilikina,14:50
0,.000,3,60.000,1,,92,0,2,100.0,1,.200,1.0,50.0,2.0,5,3,.750,4,80.000,Logos via Sports Logos.net / About logos,L,https://www.basketball-reference.com/boxscores/201901280CHO.html,Away,101,22:23,0,0.0,CHO,Marvin Williams,Michael Kidd-Gilchrist,9:58,,,,,,,,,,,36:09,Kemba Walker,35:36,Nicolas Batum,31:12,Jeremy Lamb,27:12,Miles Bridges,24:24,Malik Monk,22:24,Willy Hernangómez,21:21,Tony Parker,19:05,Bismack Biyombo,12:39,101,1,5,2.0,40.0,0.0,0.0,3.0,60.0,Lance Thomas,9,1,2018-2019,1.0,0,2.0,NYK,92,Noah Vonleh,,,,,,,,,,,,,35:08,Kevin Knox,34:41,Tim Hardaway Jr.,31:20,Mario Hezonja,25:37,Trey Burke,24:41,Allonzo Trier,21:00,Kadeem Allen,18:07,Damyean Dotson,14:11,Mitchell Robinson,12:52
1,.333,3,60.000,0,0.00,114,0,1,100.0,2,.400,1.0,50.0,2.0,5,0,,0,0.000,Logos via Sports Logos.net / About logos,L,https://www.basketball-reference.com/boxscores/201901300NYK.html,Home,90,16:03,0,0.0,DAL,Harrison Barnes,Dirk Nowitzki,11:35,Jalen Brunson,10:03,Ryan Broekhoff,4:35,Salah Mejri,2:40,,,,,29:00,Luka Dončić,28:40,Dennis Smith Jr.,28:13,Wesley Matthews,26:18,DeAndre Jordan,26:18,Dorian Finney-Smith,24:19,Dwight Powell,19:33,Maxi Kleber,17:07,Devin Harris,11:39,114,0,5,2.0,40.0,3.0,60.0,0.0,0.0,Lance Thomas,24,0,2018-2019,0.0,1,1.0,NYK,90,Trey Burke,Enes Freedom,9:20,,,,,,,,,,,32:10,Mario Hezonja,31:35,Tim Hardaway Jr.,27:31,Kevin Knox,27:17,Mitchell Robinson,24:11,Damyean Dotson,20:29,Allonzo Trier,19:16,Kadeem Allen,17:39,Noah Vonleh,14:29
1,.250,4,66.667,0,,105,0,1,100.0,2,.333,1.0,50.0,2.0,6,1,.500,2,33.333,Logos via Sports Logos.net / About logos,L,https://www.basketball-reference.com/boxscores/201902050NYK.html,Home,92,26:37,0,0.0,DET,Blake Griffin,Langston Galloway,10:39,Khyri Thomas,4:04,,,,,,,,,38:06,Andre Drummond,36:28,Reggie Bullock,35:44,Reggie Jackson,33:22,Stanley Johnson,25:53,Bruce Brown,17:19,José Calderón,14:37,Luke Kennard,12:16,Zaza Pachulia,11:32,105,4,6,2.0,33.3,3.0,50.0,1.0,16.7,Lance Thomas,13,0,2018-2019,0.0,0,1.0,NYK,92,Dennis Smith Jr.,,,,,,,,,,,,,39:46,Kevin Knox,34:13,Wesley Matthews,25:25,DeAndre Jordan,24:27,Mitchell Robinson,23:33,Noah Vonleh,21:23,Damyean Dotson,19:40,Allonzo Trier,13:54,Kadeem Allen,11:02
0,.000,2,28.571,1,,103,0,1,100.0,2,.286,2.0,40.0,5.0,7,0,,0,0.000,Logos via Sports Logos.net / About logos,L,https://www.basketball-reference.com/boxscores/201902080DET.html,Away,120,13:13,0,0.0,DET,Andre Drummond,Zaza Pachulia,11:53,Svi Mykhailiuk,9:13,Thon Maker,8:09,José Calderón,2:54,,,,,33:13,Blake Griffin,28:54,Luke Kennard,28:31,Reggie Jackson,26:46,Langston Galloway,19:50,Khyri Thomas,19:36,Bruce Brown,18:50,Ish Smith,18:20,Glenn Robinson III,13:51,120,2,4,4.0,100.0,0.0,0.0,0.0,0.0,Lance Thomas,17,1,2018-2019,1.0,0,1.0,NYK,103,Kevin Knox,Isaiah Hicks,3:33,Noah Vonleh,3:23,,,,,,,,,35:26,Dennis Smith Jr.,34:50,Mario Hezonja,32:38,Allonzo Trier,30:02,DeAndre Jordan,29:23,Damyean Dotson,23:56,Mitchell Robinson,15:04,Kadeem Allen,14:59,Luke Kornet,3:33
1,1.000,1,50.000,1,,126,0,3,100.0,2,1.000,1.0,100.0,1.0,2,0,,0,0.000,Logos via Sports Logos.net / About logos,L,https://www.basketball-reference.com/boxscores/201902130NYK.html,Home,111,15:04,0,0.0,PHI,Tobias Harris,James Ennis III,7:45,,,,,,,,,,,35:13,Joel Embiid,34:09,Jimmy Butler,34:05,Ben Simmons,33:43,JJ Redick,33:43,Mike Scott,19:19,T.J. McConnell,14:17,Jonathon Simmons,13:55,Boban Marjanović,13:51,126,2,5,2.0,40.0,3.0,60.0,0.0,0.0,Lance Thomas,15,0,2018-2019,0.0,0,3.0,NYK,111,Damyean Dotson,Mario Hezonja,6:29,,,,,,,,,,,30:41,Mitchell Robinson,28:25,Luke Kornet,28:07,Allonzo Trier,26:48,Dennis Smith Jr.,24:48,Kadeem Allen,23:12,DeAndre Jordan,19:35,Kevin Knox,18:58,Noah Vonleh,17:53
2,.500,4,30.769,1,,118,0,3,42.9,7,.538,5.0,55.6,9.0,13,0,,0,0.000,Logos via Sports Logos.net / About logos,W,https://www.basketball-reference.com/boxscores/201902240NYK.html,Home,130,30:22,4,57.1,SAS,Patty Mills,Quincy Pondexter,10:15,Pau Gasol,5:44,Chimezie Metu,1:24,,,,,,,32:41,DeMar DeRozan,32:17,Bryn Forbes,27:49,Rudy Gay,25:48,Marco Belinelli,24:19,Dāvis Bertāns,23:50,LaMarcus Aldridge,21:10,Jakob Poeltl,19:42,Dante Cunningham,15:01,118,5,16,10.0,62.5,6.0,37.5,0.0,0.0,Lance Thomas,12,0,2018-2019,0.0,0,7.0,NYK,130,Damyean Dotson,,,,,,,,,,,,,36:36,Kevin Knox,32:53,Mitchell Robinson,30:03,Dennis Smith Jr.,29:44,Allonzo Trier,28:24,Emmanuel Mudiay,19:04,Noah Vonleh,17:57,John Jenkins,11:24,Henry Ellenson,3:33
0,.000,1,33.333,0,0.00,103,0,1,50.0,1,.333,1.0,50.0,2.0,3,1,.500,2,66.667,Logos via Sports Logos.net / About logos,W,https://www.basketball-reference.com/boxscores/201902260NYK.html,Home,108,14:57,1,50.0,ORL,Evan Fournier,,,,,,,,,,,,,36:59,Nikola Vučević,34:25,Aaron Gordon,32:25,Jonathan Isaac,31:51,D.J. Augustin,29:36,Wes Iwundu,23:12,Terrence Ross,19:38,Jerian Grant,18:19,Khem Birch,13:35,103,3,3,2.0,66.7,0.0,0.0,1.0,33.3,Lance Thomas,5,0,2018-2019,0.0,1,2.0,NYK,108,Henry Ellenson,Luke Kornet,4:27,,,,,,,,,,,36:16,Mitchell Robinson,32:31,Emmanuel Mudiay,31:30,Kevin Knox,27:02,John Jenkins,22:55,Dennis Smith Jr.,21:21,Allonzo Trier,21:12,Damyean Dotson,16:52,Noah Vonleh,10:57
2,.400,5,50.000,1,,125,0,1,50.0,4,.400,2.0,40.0,5.0,10,0,,0,0.000,Logos via Sports Logos.net / About logos,L,https://www.basketball-reference.com/boxscores/201902280NYK.html,Home,118,18:35,1,50.0,CLE,Collin Sexton,Marquese Chriss,12:58,Nik Stauskas,6:43,,,,,,,,,31:32,Cedi Osman,31:32,Jordan Clarkson,28:57,Kevin Love,28:21,Ante Žižić,26:28,Larry Nance Jr.,19:28,Brandon Knight,19:03,David Nwaba,18:29,Matthew Dellavedova,16:29,125,1,10,4.0,40.0,6.0,60.0,0.0,0.0,Lance Thomas,7,0,2018-2019,0.0,0,2.0,NYK,118,Allonzo Trier,,,,,,,,,,,,,32:00,Damyean Dotson,29:24,Dennis Smith Jr.,28:55,Mitchell Robinson,28:24,Henry Ellenson,26:50,Emmanuel Mudiay,22:22,Noah Vonleh,22:11,Kevin Knox,22:06,John Jenkins,9:13
0,,0,0.000,4,,107,0,0,,0,.000,0.0,0.0,3.0,3,0,,0,0.000,Logos via Sports Logos.net / About logos,L,https://www.basketball-reference.com/boxscores/201903030LAC.html,Away,128,7:41,0,,LAC,Shai Gilgeous-Alexander,Tyrone Wallace,15:26,Jerome Robinson,4:40,Sindarius Thornwell,4:40,Johnathan Motley,3:28,,,,,29:13,Landry Shamet,26:15,Patrick Beverley,25:13,Montrezl Harrell,24:38,Ivica Zubac,23:22,Danilo Gallinari,23:13,Lou Williams,21:38,JaMychal Green,20:07,Garrett Temple,18:07,128,0,0,0.0,,0.0,,0.0,,Lance Thomas,21,0,2018-2019,0.0,0,0.0,NYK,107,Damyean Dotson,John Jenkins,11:33,,,,,,,,,,,28:48,Emmanuel Mudiay,28:45,Dennis Smith Jr.,28:28,Noah Vonleh,27:37,Allonzo Trier,24:44,Kevin Knox,23:33,Mitchell Robinson,22:43,Luke Kornet,21:21,Henry Ellenson,14:47
0,.000,1,20.000,0,0.00,108,0,0,,2,.400,2.0,50.0,4.0,5,1,.500,2,40.000,Logos via Sports Logos.net / About logos,L,https://www.basketball-reference.com/boxscores/201903040SAC.html,Away,115,15:14,0,,SAC,Harrison Barnes,,,,,,,,,,,,,36:57,Bogdan Bogdanović,36:30,Buddy Hield,34:34,De'Aaron Fox,32:41,Willie Cauley-Stein,25:51,Nemanja Bjelica,23:48,Harry Giles,22:09,Yogi Ferrell,14:22,Corey Brewer,13:08,115,1,5,4.0,80.0,0.0,0.0,1.0,20.0,Lance Thomas,7,0,2018-2019,0.0,1,0.0,NYK,108,Noah Vonleh,,,,,,,,,,,,,33:30,Damyean Dotson,30:25,Allonzo Trier,30:12,Dennis Smith Jr.,28:32,Luke Kornet,25:57,Kevin Knox,21:20,Emmanuel Mudiay,19:28,Mitchell Robinson,18:36,Henry Ellenson,16:46
1,.500,2,33.333,0,,96,0,3,100.0,2,.333,1.0,25.0,4.0,6,0,,0,0.000,Logos via Sports Logos.net / About logos,L,https://www.basketball-reference.com/boxscores/201903060PHO.html,Away,107,14:14,0,0.0,PHO,Devin Booker,Jamal Crawford,14:25,De'Anthony Melton,7:24,Elie Okobo,1:39,,,,,,,33:56,Tyler Johnson,29:02,Kelly Oubre Jr.,28:04,Josh Jackson,25:33,Deandre Ayton,25:20,Mikal Bridges,21:02,Richaun Holmes,21:01,Dragan Bender,18:08,Troy Daniels,14:26,107,0,5,2.0,40.0,3.0,60.0,0.0,0.0,Lance Thomas,11,0,2018-2019,0.0,0,3.0,NYK,96,Dennis Smith Jr.,,,,,,,,,,,,,37:17,Damyean Dotson,33:34,Allonzo Trier,32:11,Noah Vonleh,31:10,DeAndre Jordan,24:52,Kevin Knox,24:30,Mitchell Robinson,22:11,Emmanuel Mudiay,16:55,Henry Ellenson,3:06
2,.400,5,55.556,0,,102,0,6,85.7,4,.444,2.0,50.0,4.0,9,0,,0,0.000,Logos via Sports Logos.net / About logos,L,https://www.basketball-reference.com/boxscores/201903090NYK.html,Home,94,25:07,1,14.3,SAC,De'Aaron Fox,,,,,,,,,,,,,37:25,Harrison Barnes,37:25,Buddy Hield,36:07,Bogdan Bogdanović,29:48,Nemanja Bjelica,28:47,Willie Cauley-Stein,28:42,Harry Giles,19:18,Corey Brewer,11:53,Yogi Ferrell,10:35,102,4,10,4.0,40.0,6.0,60.0,0.0,0.0,Lance Thomas,8,0,2018-2019,0.0,0,7.0,NYK,94,Damyean Dotson,Henry Ellenson,4:28,,,,,,,,,,,33:18,Dennis Smith Jr.,32:23,DeAndre Jordan,26:03,Allonzo Trier,24:09,Emmanuel Mudiay,23:39,Kevin Knox,23:01,Mitchell Robinson,21:57,Luke Kornet,13:16,John Jenkins,12:39
1,.333,3,75.000,0,,92,0,2,100.0,1,.250,0.0,0.0,1.0,4,0,,0,0.000,Logos via Sports Logos.net / About logos,L,https://www.basketball-reference.com/boxscores/201903100MIN.html,Away,103,12:35,0,0.0,MIN,Keita Bates-Diop,Derrick Rose,7:58,Jerryd Bayless,2:46,Jared Terrell,1:42,C.J. Williams,1:42,,,,,34:47,Jeff Teague,32:59,Taj Gibson,30:05,Josh Okogie,26:05,Anthony Tolliver,24:49,Dario Šarić,21:29,Tyus Jones,19:35,Cameron Reynolds,18:08,Gorgui Dieng,17:55,103,1,3,0.0,0.0,3.0,100.0,0.0,0.0,Lance Thomas,11,0,2018-2019,0.0,0,2.0,NYK,92,Damyean Dotson,,,,,,,,,,,,,40:37,Mitchell Robinson,32:51,Dennis Smith Jr.,28:35,Noah Vonleh,27:36,Kevin Knox,27:26,Allonzo Trier,24:11,Emmanuel Mudiay,20:40,DeAndre Jordan,15:09,John Jenkins,10:20
0,.000,1,33.333,0,0.00,98,0,3,100.0,1,.333,1.0,50.0,2.0,3,0,,0,0.000,Logos via Sports Logos.net / About logos,L,https://www.basketball-reference.com/boxscores/201903120IND.html,Away,103,12:07,0,0.0,IND,Myles Turner,T.J. Leaf,3:27,,,,,,,,,,,37:06,Wesley Matthews,36:58,Bojan Bogdanović,36:17,Thaddeus Young,33:04,Darren Collison,30:35,Cory Joseph,23:27,Domantas Sabonis,17:58,Doug McDermott,14:23,Aaron Holiday,6:45,103,1,2,2.0,100.0,0.0,0.0,0.0,0.0,Lance Thomas,5,0,2018-2019,0.0,1,3.0,NYK,98,Damyean Dotson,,,,,,,,,,,,,36:22,DeAndre Jordan,35:07,Noah Vonleh,33:18,Emmanuel Mudiay,32:27,Dennis Smith Jr.,25:21,Kevin Knox,24:49,Allonzo Trier,22:35,Mitchell Robinson,12:53,John Jenkins,5:01
0,.000,1,33.333,1,1.00,83,0,2,100.0,1,.333,1.0,50.0,2.0,3,0,,0,0.000,Logos via Sports Logos.net / About logos,L,https://www.basketball-reference.com/boxscores/201903150SAS.html,Away,109,15:07,0,0.0,SAS,Patty Mills,Dante Cunningham,15:04,Chimezie Metu,5:18,Lonnie Walker IV,5:18,Quincy Pondexter,3:38,,,,,27:38,LaMarcus Aldridge,26:43,Jakob Poeltl,26:40,DeMar DeRozan,25:35,Bryn Forbes,23:47,Marco Belinelli,21:12,Derrick White,20:33,Dāvis Bertāns,19:46,Rudy Gay,18:48,109,1,2,2.0,100.0,0.0,0.0,0.0,0.0,Lance Thomas,26,0,2018-2019,0.0,1,2.0,NYK,83,Emmanuel Mudiay,Noah Vonleh,8:44,Henry Ellenson,4:05,,,,,,,,,35:48,Damyean Dotson,35:07,DeAndre Jordan,30:45,Kadeem Allen,28:08,Kevin Knox,24:43,Mitchell Robinson,20:36,Allonzo Trier,17:58,Luke Kornet,10:02,John Jenkins,8:57
1,.500,2,50.000,0,0.00,123,0,1,100.0,3,.750,2.0,100.0,2.0,4,0,,0,0.000,Logos via Sports Logos.net / About logos,W,https://www.basketball-reference.com/boxscores/201903170NYK.html,Home,124,11:34,0,0.0,LAL,LeBron James,Moritz Wagner,4:29,,,,,,,,,,,35:00,Kyle Kuzma,33:25,Rajon Rondo,28:27,Alex Caruso,27:48,Kentavious Caldwell-Pope,27:37,Johnathan Williams,24:39,Reggie Bullock,20:39,Josh Hart,19:04,JaVale McGee,18:52,123,1,7,4.0,57.1,3.0,42.9,0.0,0.0,Lance Thomas,1,0,2018-2019,0.0,2,1.0,NYK,124,Damyean Dotson,,,,,,,,,,,,,41:20,Kevin Knox,37:10,Mario Hezonja,36:26,DeAndre Jordan,32:48,Emmanuel Mudiay,32:47,Kadeem Allen,16:48,Allonzo Trier,15:55,Mitchell Robinson,15:12,,
1,.500,2,66.667,1,,92,0,2,100.0,1,.333,0.0,0.0,1.0,3,1,.500,2,66.667,Logos via Sports Logos.net / About logos,L,https://www.basketball-reference.com/boxscores/201903180TOR.html,Away,128,13:48,0,0.0,TOR,Pascal Siakam,Eric Moreland,15:24,Malcolm Miller,8:03,Chris Boucher,6:20,,,,,,,30:02,Fred VanVleet,28:23,Jeremy Lin,26:47,Kyle Lowry,26:21,Danny Green,21:52,Marc Gasol,21:35,Patrick McCaw,20:03,OG Anunoby,17:38,Norman Powell,17:32,128,1,4,0.0,0.0,3.0,75.0,1.0,25.0,Lance Thomas,36,0,2018-2019,0.0,0,2.0,NYK,92,Allonzo Trier,Luke Kornet,13:10,Henry Ellenson,12:00,,,,,,,,,31:10,Kevin Knox,27:53,Mario Hezonja,27:29,Kadeem Allen,26:14,Emmanuel Mudiay,21:46,DeAndre Jordan,19:55,Damyean Dotson,17:52,Mitchell Robinson,14:29,John Jenkins,14:14
0,.000,1,100.000,0,0.00,137,0,0,,0,.000,0.0,,0.0,1,0,,0,0.000,Logos via Sports Logos.net / About logos,L,https://www.basketball-reference.com/boxscores/201903200NYK.html,Home,116,9:39,0,,UTA,Donovan Mitchell,Thabo Sefolosha,14:47,Grayson Allen,7:48,Ekpe Udoh,7:19,Georges Niang,7:19,,,,,28:39,Derrick Favors,25:49,Rudy Gobert,25:34,Joe Ingles,24:05,Jae Crowder,22:31,Kyle Korver,20:34,Ricky Rubio,20:07,Royce O'Neale,19:05,Raul Neto,16:23,137,1,0,0.0,,0.0,,0.0,,Lance Thomas,21,0,2018-2019,0.0,1,0.0,NYK,116,Kevin Knox,,,,,,,,,,,,,46:47,Damyean Dotson,37:06,Emmanuel Mudiay,33:54,Mitchell Robinson,29:49,Mario Hezonja,25:36,Henry Ellenson,18:17,DeAndre Jordan,18:11,Luke Kornet,11:16,John Jenkins,9:25
1,.500,2,50.000,0,,111,0,1,100.0,1,.250,0.0,0.0,2.0,4,0,,0,0.000,Logos via Sports Logos.net / About logos,L,https://www.basketball-reference.com/boxscores/201903220NYK.html,Home,93,20:31,0,0.0,DEN,Jamal Murray,Juancho Hernangómez,6:37,Jarred Vanderbilt,3:11,Trey Lyles,2:13,,,,,,,33:05,Will Barton,31:36,Paul Millsap,31:34,Nikola Jokić,28:13,Gary Harris,25:47,Mason Plumlee,23:32,Malik Beasley,22:13,Monte Morris,19:46,Torrey Craig,12:13,111,2,3,0.0,0.0,3.0,100.0,0.0,0.0,Lance Thomas,18,0,2018-2019,0.0,0,1.0,NYK,93,Damyean Dotson,John Jenkins,3:11,Luke Kornet,3:11,,,,,,,,,36:05,Kevin Knox,33:45,Emmanuel Mudiay,33:41,Frank Ntilikina,25:12,Mitchell Robinson,22:37,DeAndre Jordan,22:12,Mario Hezonja,21:39,Kadeem Allen,14:45,Henry Ellenson,3:11
2,.667,3,42.857,2,2.00,124,0,1,33.3,4,.571,2.0,50.0,4.0,7,2,1.000,2,28.571,Logos via Sports Logos.net / About logos,L,https://www.basketball-reference.com/boxscores/201903240NYK.html,Home,113,28:42,2,66.7,LAC,Shai Gilgeous-Alexander,Wilson Chandler,11:39,Sindarius Thornwell,0:48,,,,,,,,,37:44,Danilo Gallinari,33:23,Lou Williams,32:15,Patrick Beverley,30:18,Montrezl Harrell,28:05,Ivica Zubac,19:55,Garrett Temple,17:42,JaMychal Green,14:37,Landry Shamet,13:34,124,5,12,4.0,33.3,6.0,50.0,2.0,16.7,Lance Thomas,11,0,2018-2019,0.0,1,3.0,NYK,113,Damyean Dotson,,,,,,,,,,,,,44:22,Emmanuel Mudiay,35:04,DeAndre Jordan,34:11,Mario Hezonja,25:32,Kadeem Allen,20:15,Kevin Knox,18:50,Mitchell Robinson,13:49,John Jenkins,12:25,Frank Ntilikina,6:50
0,.000,2,66.667,1,,117,0,3,100.0,0,.000,0.0,0.0,1.0,3,0,,0,0.000,Logos via Sports Logos.net / About logos,L,https://www.basketball-reference.com/boxscores/201903280NYK.html,Home,92,18:15,0,0.0,TOR,Fred VanVleet,Malcolm Miller,7:09,Jodie Meeks,5:00,Chris Boucher,5:00,,,,,,,32:04,Pascal Siakam,30:50,Jeremy Lin,25:34,Kyle Lowry,25:08,Serge Ibaka,24:18,Marc Gasol,23:11,Norman Powell,22:31,Danny Green,20:22,Patrick McCaw,18:53,117,3,0,0.0,,0.0,,0.0,,Lance Thomas,25,0,2018-2019,0.0,0,3.0,NYK,92,Mitchell Robinson,Henry Ellenson,8:51,Luke Kornet,8:51,,,,,,,,,30:59,Damyean Dotson,29:24,Kevin Knox,26:55,Emmanuel Mudiay,25:19,Mario Hezonja,20:54,Dennis Smith Jr.,20:00,DeAndre Jordan,19:43,Kadeem Allen,18:49,John Jenkins,12:00
0,.000,1,33.333,2,2.00,100,0,3,75.0,1,.333,1.0,50.0,2.0,3,2,1.000,2,66.667,Logos via Sports Logos.net / About logos,L,https://www.basketball-reference.com/boxscores/201903300NYK.html,Home,92,22:45,1,25.0,MIA,Goran Dragić,Ryan Anderson,5:49,,,,,,,,,,,37:23,Dion Waiters,36:45,Kelly Olynyk,31:54,Dwyane Wade,27:24,Bam Adebayo,27:19,James Johnson,23:19,Derrick Jones Jr.,21:27,Hassan Whiteside,19:49,Duncan Robinson,8:51,100,1,4,2.0,50.0,0.0,0.0,2.0,50.0,Lance Thomas,8,0,2018-2019,0.0,1,4.0,NYK,92,Kevin Knox,,,,,,,,,,,,,39:39,Mitchell Robinson,36:49,Luke Kornet,36:26,Emmanuel Mudiay,35:09,Kadeem Allen,27:08,Damyean Dotson,23:38,Dennis Smith Jr.,18:26,,,,
0,.000,2,33.333,1,0.50,105,1,4,100.0,3,.500,3.0,75.0,4.0,6,0,,0,0.000,Logos via Sports Logos.net / About logos,W,https://www.basketball-reference.com/boxscores/201904010NYK.html,Home,113,31:31,0,0.0,CHI,Wayne Selden,Brandon Sampson,8:06,Rawle Alkins,1:30,,,,,,,,,34:22,Walt Lemon Jr.,30:40,Robin Lopez,30:05,JaKarr Sampson,29:40,Shaquille Harrison,29:37,Timothé Luwawu-Cabarrot,26:25,Ryan Arcidiacono,17:20,Antonio Blakeney,16:53,Cristiano Felício,15:22,105,0,6,6.0,100.0,0.0,0.0,0.0,0.0,Lance Thomas,8,0,2018-2019,1.0,2,4.0,NYK,113,Damyean Dotson,,,,,,,,,,,,,41:03,Kevin Knox,40:25,Emmanuel Mudiay,36:09,Mitchell Robinson,33:02,Luke Kornet,28:28,John Jenkins,19:56,Kadeem Allen,9:26,,,,
0,.000,1,25.000,0,,100,0,4,100.0,2,.500,2.0,66.7,3.0,4,0,.000,1,25.000,Logos via Sports Logos.net / About logos,L,https://www.basketball-reference.com/boxscores/201904030ORL.html,Away,114,13:48,0,0.0,ORL,Aaron Gordon,,,,,,,,,,,,,40:05,Evan Fournier,35:13,Nikola Vučević,32:44,D.J. Augustin,30:46,Jonathan Isaac,25:44,Michael Carter-Williams,23:45,Terrence Ross,23:36,Khem Birch,15:16,Wes Iwundu,12:51,114,0,4,4.0,100.0,0.0,0.0,0.0,0.0,Lance Thomas,14,1,2018-2019,1.0,0,4.0,NYK,100,Emmanuel Mudiay,,,,,,,,,,,,,39:50,Damyean Dotson,36:15,Kevin Knox,34:00,Mario Hezonja,33:56,Mitchell Robinson,33:49,John Jenkins,16:32,Luke Kornet,14:11,Billy Garrett,11:32,Henry Ellenson,6:07
1,.333,3,30.000,0,,96,0,4,100.0,4,.400,3.0,42.9,7.0,10,1,.500,2,20.000,Logos via Sports Logos.net / About logos,L,https://www.basketball-reference.com/boxscores/201904050HOU.html,Away,120,19:06,0,0.0,HOU,James Harden,Gary Clark,12:00,Danuel House Jr.,10:43,Chris Chiozza,7:14,,,,,,,29:12,Kenneth Faried,24:18,Chris Paul,23:51,Clint Capela,23:42,P.J. Tucker,23:42,Iman Shumpert,23:33,Austin Rivers,22:45,Eric Gordon,19:47,Gerald Green,19:13,120,0,10,6.0,60.0,3.0,30.0,1.0,10.0,Lance Thomas,24,0,2018-2019,0.0,0,4.0,NYK,96,Mario Hezonja,,,,,,,,,,,,,42:03,Kevin Knox,30:58,Damyean Dotson,27:57,Mitchell Robinson,27:53,John Jenkins,25:09,Billy Garrett,25:07,Henry Ellenson,22:43,Luke Kornet,19:04,,
