3P,3P%,3PA,3PAr,AST,AST/TOV,Away_Score,BLK,DRB,DRB_Pct_of_TRB,FG,FG%,FG2,FG2%,FG2A,FGA,FT,FT%,FTA,FTr,Game_Date,Game_Result,Game_URL,Home/Away,Home_Score,MP,ORB,ORB_Pct_of_TRB,Opponent,Opponent_1,Opponent_10,Opponent_10_MP,Opponent_11,Opponent_11_MP,Opponent_12,Opponent_12_MP,Opponent_13,Opponent_13_MP,Opponent_14,Opponent_14_MP,Opponent_15,Opponent_15_MP,Opponent_1_MP,Opponent_2,Opponent_2_MP,Opponent_3,Opponent_3_MP,Opponent_4,Opponent_4_MP,Opponent_5,Opponent_5_MP,Opponent_6,Opponent_6_MP,Opponent_7,Opponent_7_MP,Opponent_8,Opponent_8_MP,Opponent_9,Opponent_9_MP,Opponent_Score,PF,PTS,PTS_2P,PTS_2P_Pct,PTS_3P,PTS_3P_Pct,PTS_FT,PTS_FT_Pct,Player,Point_Differential,STL,Season,Stocks,TOV,TRB,Team,Team_Score,Teammate_1,Teammate_10,Teammate_10_MP,Teammate_11,Teammate_11_MP,Teammate_12,Teammate_12_MP,Teammate_13,Teammate_13_MP,Teammate_14,Teammate_14_MP,Teammate_15,Teammate_15_MP,Teammate_1_MP,Teammate_2,Teammate_2_MP,Teammate_3,Teammate_3_MP,Teammate_4,Teammate_4_MP,Teammate_5,Teammate_5_MP,Teammate_6,Teammate_6_MP,Teammate_7,Teammate_7_MP,Teammate_8,Teammate_8_MP,Teammate_9,Teammate_9_MP
0,.000,4,44.444,1,0.33,91,1,7,100.0,3,.333,3.0,60.0,5.0,9,0,,0,0.000,Logos via Sports Logos.net / About logos,W,https://www.basketball-reference.com/boxscores/201310300PHO.html,Home,104,25:38,0,0.0,POR,Damian Lillard,,,,,,,,,,,,,42:12,LaMarcus Aldridge,39:26,Nicolas Batum,36:44,Robin Lopez,33:34,Wesley Matthews,33:09,Mo Williams,21:53,Dorell Wright,12:16,Joel Freeland,12:12,Thomas Robinson,8:34,91,2,6,6.0,100.0,0.0,0.0,0.0,0.0,Marcus Morris,13,3,2013-2014,4.0,3,7.0,PHO,104,Goran Dragić,,,,,,,,,,,,,41:06,Miles Plumlee,39:56,Eric Bledsoe,38:52,P.J. Tucker,38:36,Channing Frye,22:22,Gerald Green,16:58,Archie Goodwin,8:28,Alex Len,8:04,,
0,.000,1,50.000,0,0.00,84,0,0,0.0,0,.000,0.0,0.0,1.0,2,4,1.000,4,200.000,Logos via Sports Logos.net / About logos,W,https://www.basketball-reference.com/boxscores/201311010PHO.html,Home,87,9:07,1,100.0,UTA,Gordon Hayward,Rudy Gobert,7:57,,,,,,,,,,,39:28,Enes Freedom,38:20,Derrick Favors,37:19,John Lucas III,31:04,Alec Burks,26:46,Richard Jefferson,21:31,Jamaal Tinsley,16:35,Mike Harris,12:28,Ian Clark,8:32,84,2,4,0.0,0.0,0.0,0.0,4.0,100.0,Marcus Morris,3,0,2013-2014,0.0,1,1.0,PHO,87,Miles Plumlee,Ish Smith,11:59,Archie Goodwin,10:52,,,,,,,,,34:51,P.J. Tucker,32:47,Eric Bledsoe,27:37,Markieff Morris,25:51,Goran Dragić,24:40,Channing Frye,22:15,Dionte Christmas,14:50,Alex Len,13:03,Gerald Green,12:08
1,.333,3,50.000,0,0.00,96,0,3,75.0,1,.167,0.0,0.0,3.0,6,0,,0,0.000,Logos via Sports Logos.net / About logos,L,https://www.basketball-reference.com/boxscores/201311030OKC.html,Away,103,17:58,1,25.0,OKC,Kevin Durant,Perry Jones,10:02,Steven Adams,8:47,,,,,,,,,39:42,Russell Westbrook,32:45,Reggie Jackson,27:46,Serge Ibaka,24:52,Thabo Sefolosha,23:32,Nick Collison,20:34,Derek Fisher,20:04,Kendrick Perkins,16:03,Jeremy Lamb,15:53,103,3,3,0.0,0.0,3.0,100.0,0.0,0.0,Marcus Morris,7,2,2013-2014,2.0,3,4.0,PHO,96,Eric Bledsoe,Ish Smith,2:50,,,,,,,,,,,40:02,P.J. Tucker,39:14,Channing Frye,33:44,Gerald Green,33:14,Miles Plumlee,23:45,Goran Dragić,19:54,Markieff Morris,18:55,Dionte Christmas,5:50,Viacheslav Kravtsov,4:34
2,.667,3,37.500,1,1.00,104,0,5,55.6,4,.500,2.0,40.0,5.0,8,6,.750,8,100.000,Logos via Sports Logos.net / About logos,W,https://www.basketball-reference.com/boxscores/201311050NOP.html,Away,98,26:25,4,44.4,NOP,Anthony Davis,,,,,,,,,,,,,39:42,Eric Gordon,34:13,Brian Roberts,29:35,Al-Farouq Aminu,27:17,Jason Smith,26:26,Jrue Holiday,24:55,Tyreke Evans,21:23,Anthony Morrow,20:40,Greg Stiemsma,15:49,98,4,16,4.0,25.0,6.0,37.5,6.0,37.5,Marcus Morris,6,1,2013-2014,1.0,1,9.0,PHO,104,P.J. Tucker,,,,,,,,,,,,,35:16,Eric Bledsoe,31:51,Gerald Green,30:55,Miles Plumlee,29:27,Markieff Morris,29:10,Channing Frye,18:53,Archie Goodwin,17:05,Ish Smith,16:09,Viacheslav Kravtsov,4:49
1,.500,2,18.182,2,1.00,96,0,5,83.3,5,.455,4.0,44.4,9.0,11,0,,0,0.000,Logos via Sports Logos.net / About logos,L,https://www.basketball-reference.com/boxscores/201311060SAS.html,Away,99,25:29,1,16.7,SAS,Danny Green,Jeff Ayres,2:41,Cory Joseph,2:18,,,,,,,,,35:45,Marco Belinelli,31:28,Tony Parker,30:51,Tim Duncan,28:27,Kawhi Leonard,27:16,Boris Diaw,26:41,Manu Ginóbili,26:41,Patty Mills,17:09,Tiago Splitter,10:43,99,2,11,8.0,72.7,3.0,27.3,0.0,0.0,Marcus Morris,3,1,2013-2014,1.0,2,6.0,PHO,96,Gerald Green,,,,,,,,,,,,,35:25,Eric Bledsoe,30:29,Markieff Morris,30:25,P.J. Tucker,28:34,Miles Plumlee,28:19,Channing Frye,19:47,Ish Smith,17:31,Dionte Christmas,14:50,Archie Goodwin,9:11
3,.500,6,75.000,3,0.60,103,0,6,75.0,3,.375,0.0,0.0,2.0,8,2,1.000,2,25.000,Logos via Sports Logos.net / About logos,W,https://www.basketball-reference.com/boxscores/201311080PHO.html,Home,114,25:40,2,25.0,DEN,Ty Lawson,Nate Robinson,7:00,Evan Fournier,6:55,Timofey Mozgov,4:57,,,,,,,41:00,Jordan Hamilton,32:13,Anthony Randolph,31:42,Randy Foye,29:49,Darrell Arthur,26:08,Kenneth Faried,20:08,J.J. Hickson,14:08,Andre Miller,13:35,JaVale McGee,12:25,103,3,11,0.0,0.0,9.0,81.8,2.0,18.2,Marcus Morris,11,2,2013-2014,2.0,5,8.0,PHO,114,Eric Bledsoe,,,,,,,,,,,,,35:34,Markieff Morris,34:19,Miles Plumlee,31:13,Channing Frye,30:28,Gerald Green,30:03,P.J. Tucker,23:20,Ish Smith,12:27,Dionte Christmas,10:54,Archie Goodwin,6:02
2,1.000,2,28.571,0,0.00,94,0,5,100.0,3,.429,1.0,20.0,5.0,7,0,,0,0.000,Logos via Sports Logos.net / About logos,W,https://www.basketball-reference.com/boxscores/201311100PHO.html,Home,101,22:13,0,0.0,NOP,Jason Smith,Lance Thomas,7:09,Greg Stiemsma,3:59,,,,,,,,,41:15,Anthony Davis,36:17,Jrue Holiday,35:53,Eric Gordon,32:20,Anthony Morrow,28:05,Al-Farouq Aminu,25:30,Austin Rivers,11:56,Brian Roberts,10:24,Tyreke Evans,7:12,94,1,8,2.0,25.0,6.0,75.0,0.0,0.0,Marcus Morris,7,1,2013-2014,1.0,2,5.0,PHO,101,Markieff Morris,Viacheslav Kravtsov,1:42,,,,,,,,,,,33:53,Eric Bledsoe,33:21,Goran Dragić,29:34,Miles Plumlee,27:54,Gerald Green,24:59,P.J. Tucker,23:53,Channing Frye,20:24,Archie Goodwin,16:41,Dionte Christmas,5:26
1,.250,4,57.143,2,2.00,89,0,6,75.0,2,.286,1.0,33.3,3.0,7,0,,0,0.000,Logos via Sports Logos.net / About logos,L,https://www.basketball-reference.com/boxscores/201311130POR.html,Away,90,24:32,2,25.0,POR,LaMarcus Aldridge,,,,,,,,,,,,,37:50,Wesley Matthews,36:41,Damian Lillard,35:02,Nicolas Batum,30:22,Mo Williams,29:56,Robin Lopez,28:13,Thomas Robinson,16:36,Joel Freeland,13:10,Dorell Wright,12:10,90,2,5,2.0,40.0,3.0,60.0,0.0,0.0,Marcus Morris,1,1,2013-2014,1.0,1,8.0,PHO,89,Eric Bledsoe,,,,,,,,,,,,,35:44,P.J. Tucker,33:29,Miles Plumlee,31:55,Markieff Morris,26:29,Channing Frye,26:11,Gerald Green,25:54,Goran Dragić,24:30,Archie Goodwin,8:27,Dionte Christmas,2:49
2,1.000,2,28.571,0,0.00,100,0,7,77.8,5,.714,3.0,60.0,5.0,7,1,.500,2,28.571,Logos via Sports Logos.net / About logos,L,https://www.basketball-reference.com/boxscores/201311150PHO.html,Home,98,25:58,2,22.2,BRK,Joe Johnson,Mirza Teletović,7:37,Deron Williams,4:40,Reggie Evans,3:42,Tyshawn Taylor,2:01,,,,,44:47,Paul Pierce,40:57,Shaun Livingston,37:00,Brook Lopez,36:03,Kevin Garnett,27:36,Jason Terry,18:13,Andray Blatche,17:47,Mason Plumlee,13:15,Alan Anderson,11:22,100,3,13,6.0,46.2,6.0,46.2,1.0,7.7,Marcus Morris,2,1,2013-2014,1.0,2,9.0,PHO,98,Goran Dragić,Ish Smith,1:32,,,,,,,,,,,46:19,Eric Bledsoe,39:44,P.J. Tucker,35:51,Miles Plumlee,35:17,Channing Frye,28:39,Markieff Morris,21:06,Gerald Green,17:56,Archie Goodwin,7:50,Viacheslav Kravtsov,4:48
2,.333,6,54.545,0,,104,0,2,66.7,6,.545,4.0,80.0,5.0,11,5,1.000,5,45.455,Logos via Sports Logos.net / About logos,L,https://www.basketball-reference.com/boxscores/201311190SAC.html,Away,107,24:01,1,33.3,SAC,DeMarcus Cousins,John Salmons,6:21,Hamady N'Diaye,4:54,Chuck Hayes,2:48,,,,,,,35:08,Ben McLemore,34:00,Luc Mbah a Moute,26:57,Jason Thompson,25:36,Patrick Patterson,24:33,Greivis Vásquez,24:02,Isaiah Thomas,23:58,Travis Outlaw,18:13,Jimmer Fredette,13:30,107,1,19,8.0,42.1,6.0,31.6,5.0,26.3,Marcus Morris,3,0,2013-2014,0.0,0,3.0,PHO,104,Goran Dragić,Dionte Christmas,4:37,,,,,,,,,,,35:29,Gerald Green,35:17,Miles Plumlee,30:19,Channing Frye,30:12,P.J. Tucker,30:00,Archie Goodwin,19:13,Ish Smith,14:31,Markieff Morris,11:02,Alex Len,5:19
1,.500,2,25.000,1,0.20,113,1,2,40.0,6,.750,5.0,83.3,6.0,8,0,,0,0.000,Logos via Sports Logos.net / About logos,L,https://www.basketball-reference.com/boxscores/201311200PHO.html,Home,106,27:53,3,60.0,SAC,Luc Mbah a Moute,Travis Outlaw,12:43,Chuck Hayes,7:56,,,,,,,,,28:15,Greivis Vásquez,27:39,Isaiah Thomas,27:28,DeMarcus Cousins,27:02,Patrick Patterson,25:27,Ben McLemore,24:10,John Salmons,22:17,Jason Thompson,19:43,Jimmer Fredette,17:20,113,2,13,10.0,76.9,3.0,23.1,0.0,0.0,Marcus Morris,7,1,2013-2014,2.0,5,5.0,PHO,106,Gerald Green,Alex Len,4:43,,,,,,,,,,,36:20,Goran Dragić,35:32,Miles Plumlee,29:41,P.J. Tucker,27:15,Archie Goodwin,18:13,Markieff Morris,17:01,Channing Frye,16:23,Ish Smith,14:30,Dionte Christmas,12:29
1,1.000,1,50.000,1,0.50,98,0,1,33.3,2,1.000,1.0,100.0,1.0,2,3,.429,7,350.000,Logos via Sports Logos.net / About logos,W,https://www.basketball-reference.com/boxscores/201311220CHA.html,Away,91,18:32,2,66.7,CHA,Kemba Walker,Anthony Tolliver,7:45,,,,,,,,,,,37:22,Gerald Henderson,34:21,Josh McRoberts,30:32,Ramon Sessions,28:23,Al Jefferson,24:56,Cody Zeller,24:56,Michael Kidd-Gilchrist,18:21,Jeff Taylor,17:48,Jeff Adrien,15:36,91,0,8,2.0,25.0,3.0,37.5,3.0,37.5,Marcus Morris,7,1,2013-2014,1.0,2,3.0,PHO,98,Markieff Morris,,,,,,,,,,,,,36:04,Gerald Green,35:28,Goran Dragić,32:14,Channing Frye,27:48,P.J. Tucker,24:48,Miles Plumlee,24:20,Archie Goodwin,22:20,Ish Smith,18:26,,
2,1.000,2,15.385,2,2.00,104,1,5,71.4,7,.538,5.0,45.5,11.0,13,0,,0,0.000,Logos via Sports Logos.net / About logos,W,https://www.basketball-reference.com/boxscores/201311240ORL.html,Away,96,26:54,2,28.6,ORL,Victor Oladipo,,,,,,,,,,,,,39:30,Jameer Nelson,38:46,Arron Afflalo,35:56,Nikola Vučević,33:36,Andrew Nicholson,25:47,Glen Davis,21:47,Tobias Harris,16:04,Maurice Harkless,14:50,E'Twaun Moore,13:44,96,1,16,10.0,62.5,6.0,37.5,0.0,0.0,Marcus Morris,8,0,2013-2014,1.0,1,7.0,PHO,104,Gerald Green,,,,,,,,,,,,,34:46,Goran Dragić,33:30,Channing Frye,33:06,P.J. Tucker,29:13,Markieff Morris,28:31,Miles Plumlee,26:16,Ish Smith,14:30,Archie Goodwin,13:14,,
1,.167,6,50.000,0,,92,0,4,80.0,3,.250,2.0,33.3,6.0,12,6,.750,8,66.667,Logos via Sports Logos.net / About logos,L,https://www.basketball-reference.com/boxscores/201311250MIA.html,Away,107,22:05,1,20.0,MIA,Norris Cole,Rashard Lewis,7:44,James Jones,1:19,Joel Anthony,1:10,,,,,,,34:14,LeBron James,33:21,Dwyane Wade,33:04,Chris Bosh,27:22,Ray Allen,25:29,Michael Beasley,22:40,Chris Andersen,19:28,Roger Mason,18:09,Shane Battier,16:00,107,0,13,4.0,30.8,3.0,23.1,6.0,46.2,Marcus Morris,15,1,2013-2014,1.0,0,5.0,PHO,92,Goran Dragić,Viacheslav Kravtsov,1:10,,,,,,,,,,,39:11,P.J. Tucker,35:52,Gerald Green,32:25,Channing Frye,31:31,Markieff Morris,26:26,Miles Plumlee,24:30,Archie Goodwin,10:55,Ish Smith,9:29,Dionte Christmas,6:26
1,.250,4,57.143,2,,106,0,2,100.0,4,.571,3.0,100.0,3.0,7,6,1.000,6,85.714,Logos via Sports Logos.net / About logos,W,https://www.basketball-reference.com/boxscores/201311270PHO.html,Home,120,23:45,0,0.0,POR,LaMarcus Aldridge,Will Barton,5:13,Allen Crabbe,5:13,Meyers Leonard,5:13,Earl Watson,5:13,,,,,36:55,Nicolas Batum,33:34,Damian Lillard,32:35,Wesley Matthews,28:33,Mo Williams,23:36,Robin Lopez,22:36,Thomas Robinson,14:26,Dorell Wright,14:14,Joel Freeland,12:39,106,3,15,6.0,40.0,3.0,20.0,6.0,40.0,Marcus Morris,14,1,2013-2014,1.0,0,2.0,PHO,120,Channing Frye,Viacheslav Kravtsov,3:10,,,,,,,,,,,41:12,Goran Dragić,35:21,Gerald Green,34:04,P.J. Tucker,25:23,Markieff Morris,24:30,Miles Plumlee,22:18,Ish Smith,19:41,Dionte Christmas,6:54,Archie Goodwin,3:42
0,.000,2,40.000,1,,112,0,0,,2,.400,2.0,66.7,3.0,5,0,,0,0.000,Logos via Sports Logos.net / About logos,W,https://www.basketball-reference.com/boxscores/201311290UTA.html,Away,101,17:18,0,,UTA,Gordon Hayward,Brandon Rush,12:31,Andris Biedriņš,4:09,Diante Garrett,1:30,,,,,,,34:24,Marvin Williams,27:40,Jeremy Evans,26:16,Trey Burke,25:25,Derrick Favors,25:10,Alec Burks,24:06,Richard Jefferson,23:29,Enes Freedom,18:41,John Lucas III,16:39,101,1,4,4.0,100.0,0.0,0.0,0.0,0.0,Marcus Morris,11,0,2013-2014,0.0,0,0.0,PHO,112,Goran Dragić,,,,,,,,,,,,,38:57,P.J. Tucker,36:41,Miles Plumlee,32:45,Gerald Green,29:01,Markieff Morris,28:28,Eric Bledsoe,28:15,Channing Frye,22:25,Archie Goodwin,4:11,Dionte Christmas,1:59
1,.250,4,36.364,0,,112,0,1,100.0,4,.364,3.0,42.9,7.0,11,0,,0,0.000,Logos via Sports Logos.net / About logos,L,https://www.basketball-reference.com/boxscores/201311300PHO.html,Home,104,23:01,0,0.0,UTA,Gordon Hayward,,,,,,,,,,,,,34:06,Marvin Williams,33:09,Alec Burks,32:16,Trey Burke,32:12,Richard Jefferson,30:51,Derrick Favors,27:33,Jeremy Evans,19:54,Diante Garrett,15:48,Enes Freedom,14:11,112,1,9,6.0,66.7,3.0,33.3,0.0,0.0,Marcus Morris,8,0,2013-2014,0.0,0,1.0,PHO,104,Goran Dragić,,,,,,,,,,,,,39:53,Channing Frye,33:41,P.J. Tucker,29:13,Eric Bledsoe,28:01,Gerald Green,25:57,Markieff Morris,24:58,Miles Plumlee,24:51,Archie Goodwin,6:41,Dionte Christmas,3:44
3,.600,5,33.333,2,,91,1,3,50.0,7,.467,4.0,40.0,10.0,15,1,1.000,1,6.667,Logos via Sports Logos.net / About logos,L,https://www.basketball-reference.com/boxscores/201312030MEM.html,Away,110,24:21,3,50.0,MEM,Mike Conley,Jamaal Franklin,7:33,,,,,,,,,,,36:52,Ed Davis,32:31,Kosta Koufos,32:12,Tayshaun Prince,30:55,Jon Leuer,29:52,Tony Allen,23:36,Jerryd Bayless,20:56,Mike Miller,14:25,Nick Calathes,11:08,110,3,18,8.0,44.4,9.0,50.0,1.0,5.6,Marcus Morris,19,2,2013-2014,3.0,0,6.0,PHO,91,Goran Dragić,Viacheslav Kravtsov,2:51,Ish Smith,2:51,,,,,,,,,36:10,Eric Bledsoe,31:44,Miles Plumlee,30:05,Markieff Morris,25:02,Channing Frye,24:17,Gerald Green,23:51,P.J. Tucker,22:20,Archie Goodwin,12:27,Dionte Christmas,4:01
2,.667,3,60.000,1,,97,0,6,100.0,3,.600,1.0,50.0,2.0,5,0,,0,0.000,Logos via Sports Logos.net / About logos,W,https://www.basketball-reference.com/boxscores/201312040HOU.html,Away,88,21:40,0,0.0,HOU,Patrick Beverley,,,,,,,,,,,,,41:54,James Harden,41:08,Dwight Howard,35:55,Aaron Brooks,33:27,Omri Casspi,30:50,Francisco García,27:31,Terrence Jones,23:38,Donatas Motiejūnas,5:37,,,88,2,8,2.0,25.0,6.0,75.0,0.0,0.0,Marcus Morris,9,1,2013-2014,1.0,0,6.0,PHO,97,Goran Dragić,,,,,,,,,,,,,40:56,P.J. Tucker,40:25,Eric Bledsoe,40:19,Channing Frye,33:04,Markieff Morris,21:02,Miles Plumlee,20:55,Gerald Green,17:34,Archie Goodwin,3:49,Viacheslav Kravtsov,0:16
2,.400,5,50.000,0,0.00,97,0,2,66.7,3,.300,1.0,20.0,5.0,10,2,.667,3,30.000,Logos via Sports Logos.net / About logos,W,https://www.basketball-reference.com/boxscores/201312060PHO.html,Home,106,22:35,1,33.3,TOR,Kyle Lowry,Tyler Hansbrough,2:34,Quincy Acy,0:13,,,,,,,,,39:25,DeMar DeRozan,38:53,Amir Johnson,33:14,Rudy Gay,32:15,Jonas Valančiūnas,28:53,Steve Novak,19:46,Landry Fields,18:05,Julyan Stone,17:48,Terrence Ross,8:54,97,5,10,2.0,20.0,6.0,60.0,2.0,20.0,Marcus Morris,9,1,2013-2014,1.0,1,3.0,PHO,106,P.J. Tucker,,,,,,,,,,,,,38:09,Goran Dragić,38:08,Eric Bledsoe,33:49,Markieff Morris,32:20,Gerald Green,21:53,Miles Plumlee,19:24,Channing Frye,17:37,Archie Goodwin,13:10,Viacheslav Kravtsov,2:55
2,1.000,2,15.385,2,,114,1,3,75.0,10,.769,8.0,72.7,11.0,13,0,,0,0.000,Logos via Sports Logos.net / About logos,W,https://www.basketball-reference.com/boxscores/201312100LAL.html,Away,108,26:52,1,25.0,LAL,Steve Blake,,,,,,,,,,,,,39:13,Jodie Meeks,32:40,Kobe Bryant,29:10,Pau Gasol,28:45,Xavier Henry,28:44,Nick Young,27:33,Wesley Johnson,20:00,Jordan Hill,19:15,Shawne Williams,14:40,108,2,22,16.0,72.7,6.0,27.3,0.0,0.0,Marcus Morris,6,0,2013-2014,1.0,0,4.0,PHO,114,Goran Dragić,,,,,,,,,,,,,37:53,Eric Bledsoe,36:58,P.J. Tucker,31:19,Markieff Morris,28:37,Channing Frye,26:37,Miles Plumlee,19:23,Gerald Green,17:09,Archie Goodwin,15:12,,
0,.000,1,16.667,0,,107,1,2,100.0,3,.500,3.0,60.0,5.0,6,1,.500,2,33.333,Logos via Sports Logos.net / About logos,W,https://www.basketball-reference.com/boxscores/201312130PHO.html,Home,116,20:12,0,0.0,SAC,Isaiah Thomas,Jimmer Fredette,5:31,,,,,,,,,,,42:29,Rudy Gay,36:28,DeMarcus Cousins,34:09,Derrick Williams,30:29,Ben McLemore,26:54,Marcus Thornton,21:06,Travis Outlaw,15:46,Jason Thompson,13:57,Aaron Gray,13:11,107,1,7,6.0,85.7,0.0,0.0,1.0,14.3,Marcus Morris,9,1,2013-2014,2.0,0,2.0,PHO,116,Channing Frye,,,,,,,,,,,,,36:38,Eric Bledsoe,35:04,Goran Dragić,34:56,P.J. Tucker,32:17,Miles Plumlee,26:53,Gerald Green,24:53,Markieff Morris,22:10,Viacheslav Kravtsov,4:10,Archie Goodwin,2:47
0,.000,3,30.000,1,,102,0,5,100.0,5,.500,5.0,71.4,7.0,10,1,.500,2,20.000,Logos via Sports Logos.net / About logos,W,https://www.basketball-reference.com/boxscores/201312150PHO.html,Home,106,25:26,0,0.0,GSW,Stephen Curry,,,,,,,,,,,,,42:22,Klay Thompson,39:23,Andrew Bogut,36:39,Harrison Barnes,35:32,David Lee,35:00,Draymond Green,24:52,Marreese Speights,13:09,Kent Bazemore,7:10,Toney Douglas,5:53,102,2,11,10.0,90.9,0.0,0.0,1.0,9.1,Marcus Morris,4,2,2013-2014,2.0,0,5.0,PHO,106,Eric Bledsoe,,,,,,,,,,,,,40:44,Goran Dragić,34:46,P.J. Tucker,31:39,Channing Frye,31:23,Miles Plumlee,28:59,Markieff Morris,21:51,Gerald Green,20:30,Archie Goodwin,4:42,,
1,1.000,1,20.000,0,0.00,108,0,4,100.0,2,.400,1.0,25.0,4.0,5,0,,0,0.000,Logos via Sports Logos.net / About logos,L,https://www.basketball-reference.com/boxscores/201312180PHO.html,Home,101,20:42,0,0.0,SAS,Patty Mills,Jeff Ayres,11:44,Matt Bonner,7:43,,,,,,,,,30:55,Kawhi Leonard,30:52,Tim Duncan,30:39,Manu Ginóbili,27:23,Boris Diaw,26:30,Marco Belinelli,23:53,Danny Green,21:04,Cory Joseph,16:29,Tiago Splitter,12:48,108,2,5,2.0,40.0,3.0,60.0,0.0,0.0,Marcus Morris,7,0,2013-2014,0.0,2,4.0,PHO,101,Goran Dragić,,,,,,,,,,,,,40:44,Miles Plumlee,33:44,Eric Bledsoe,33:14,P.J. Tucker,28:15,Channing Frye,26:15,Markieff Morris,25:01,Gerald Green,16:57,Archie Goodwin,15:08,,
3,.375,8,57.143,1,,103,1,2,100.0,5,.357,2.0,33.3,6.0,14,1,1.000,1,7.143,Logos via Sports Logos.net / About logos,W,https://www.basketball-reference.com/boxscores/201312200DEN.html,Away,99,25:56,0,0.0,DEN,Ty Lawson,Timofey Mozgov,12:54,Evan Fournier,8:49,,,,,,,,,34:08,Wilson Chandler,32:03,Randy Foye,30:02,J.J. Hickson,28:20,Darrell Arthur,21:51,Kenneth Faried,21:21,Anthony Randolph,18:42,Andre Miller,16:30,Nate Robinson,15:20,99,2,14,4.0,28.6,9.0,64.3,1.0,7.1,Marcus Morris,4,1,2013-2014,2.0,0,2.0,PHO,103,Goran Dragić,,,,,,,,,,,,,40:00,Eric Bledsoe,29:57,Markieff Morris,29:48,Gerald Green,28:20,P.J. Tucker,26:00,Miles Plumlee,24:55,Channing Frye,21:29,Archie Goodwin,7:01,Ish Smith,6:34
2,.667,3,42.857,1,1.00,108,0,4,100.0,3,.429,1.0,25.0,4.0,7,0,,0,0.000,Logos via Sports Logos.net / About logos,W,https://www.basketball-reference.com/boxscores/201312210PHO.html,Home,123,21:11,0,0.0,DAL,Monta Ellis,Samuel Dalembert,6:58,Wayne Ellington,4:55,Bernard James,1:34,Gal Mekel,1:34,,,,,37:19,Shawn Marion,32:10,José Calderón,30:54,Dirk Nowitzki,30:02,Brandan Wright,28:42,Vince Carter,25:13,Jae Crowder,16:04,Shane Larkin,13:49,DeJuan Blair,10:46,108,3,8,2.0,25.0,6.0,75.0,0.0,0.0,Marcus Morris,15,1,2013-2014,1.0,1,4.0,PHO,123,Eric Bledsoe,Viacheslav Kravtsov,1:11,Ish Smith,1:11,,,,,,,,,37:21,Goran Dragić,32:18,Miles Plumlee,28:50,Gerald Green,28:27,Markieff Morris,27:54,Channing Frye,25:55,P.J. Tucker,25:01,Archie Goodwin,9:30,Dionte Christmas,1:11
5,.833,6,66.667,3,3.00,90,0,4,100.0,6,.667,1.0,33.3,3.0,9,2,1.000,2,22.222,Logos via Sports Logos.net / About logos,W,https://www.basketball-reference.com/boxscores/201312230PHO.html,Home,117,25:03,0,0.0,LAL,Jodie Meeks,Ryan Kelly,9:17,Kendall Marshall,3:49,,,,,,,,,39:43,Wesley Johnson,38:50,Xavier Henry,34:11,Nick Young,32:31,Shawne Williams,24:37,Pau Gasol,20:19,Jordan Hill,14:06,Chris Kaman,13:19,Robert Sacre,9:18,90,4,19,2.0,10.5,15.0,78.9,2.0,10.5,Marcus Morris,27,0,2013-2014,0.0,1,4.0,PHO,117,Miles Plumlee,Ish Smith,3:49,Viacheslav Kravtsov,2:27,,,,,,,,,30:58,Eric Bledsoe,30:40,Goran Dragić,29:23,Gerald Green,27:42,Channing Frye,27:19,P.J. Tucker,21:46,Markieff Morris,19:13,Archie Goodwin,16:36,Dionte Christmas,5:04
1,.200,5,62.500,0,0.00,86,0,2,100.0,2,.250,1.0,33.3,3.0,8,2,.667,3,37.500,Logos via Sports Logos.net / About logos,L,https://www.basketball-reference.com/boxscores/201312270GSW.html,Away,115,17:38,0,0.0,GSW,Stephen Curry,Toney Douglas,14:19,Hilton Armstrong,7:40,Nemanja Nedović,6:11,,,,,,,33:33,Harrison Barnes,30:37,David Lee,26:12,Andre Iguodala,25:00,Klay Thompson,24:24,Andrew Bogut,21:37,Draymond Green,18:04,Kent Bazemore,17:13,Marreese Speights,15:10,115,2,7,2.0,28.6,3.0,42.9,2.0,28.6,Marcus Morris,29,1,2013-2014,1.0,1,2.0,PHO,86,Goran Dragić,Archie Goodwin,14:44,Viacheslav Kravtsov,9:30,,,,,,,,,30:54,P.J. Tucker,28:13,Gerald Green,27:00,Markieff Morris,22:10,Channing Frye,20:30,Eric Bledsoe,18:34,Miles Plumlee,18:26,Dionte Christmas,17:19,Ish Smith,15:02
3,.333,9,60.000,0,0.00,101,1,1,33.3,7,.467,4.0,66.7,6.0,15,1,1.000,1,6.667,Logos via Sports Logos.net / About logos,W,https://www.basketball-reference.com/boxscores/201312280PHO.html,Home,115,25:04,2,66.7,PHI,Hollis Thompson,Daniel Orton,6:02,,,,,,,,,,,35:29,Michael Carter-Williams,34:55,Spencer Hawes,34:23,Tony Wroten,29:41,Thaddeus Young,29:21,Elliot Williams,26:35,James Anderson,23:27,Lavoy Allen,12:26,Brandon Davies,7:41,101,2,18,8.0,44.4,9.0,50.0,1.0,5.6,Marcus Morris,14,2,2013-2014,3.0,1,3.0,PHO,115,Goran Dragić,,,,,,,,,,,,,37:23,P.J. Tucker,34:56,Eric Bledsoe,34:02,Miles Plumlee,32:28,Channing Frye,26:19,Gerald Green,23:23,Markieff Morris,20:55,Archie Goodwin,5:30,,
0,.000,5,83.333,1,0.33,107,1,7,100.0,0,.000,0.0,0.0,1.0,6,1,1.000,1,16.667,Logos via Sports Logos.net / About logos,W,https://www.basketball-reference.com/boxscores/201312300LAC.html,Away,88,21:56,0,0.0,LAC,DeAndre Jordan,Byron Mullens,4:35,,,,,,,,,,,32:36,Jamal Crawford,30:50,Darren Collison,30:21,Chris Paul,29:56,Blake Griffin,28:28,Matt Barnes,26:27,Jared Dudley,23:21,Willie Green,19:26,Stephen Jackson,14:00,88,1,1,0.0,0.0,0.0,0.0,1.0,100.0,Marcus Morris,19,3,2013-2014,4.0,3,7.0,PHO,107,Goran Dragić,Ish Smith,5:39,Viacheslav Kravtsov,3:34,,,,,,,,,31:48,Eric Bledsoe,31:06,Markieff Morris,29:43,Gerald Green,27:36,P.J. Tucker,23:33,Channing Frye,20:58,Miles Plumlee,20:52,Archie Goodwin,17:36,Dionte Christmas,5:39
0,.000,2,40.000,1,,99,0,3,60.0,0,.000,0.0,0.0,3.0,5,2,.400,5,100.000,Logos via Sports Logos.net / About logos,L,https://www.basketball-reference.com/boxscores/201401020PHO.html,Home,91,15:35,2,40.0,MEM,Zach Randolph,Jon Leuer,9:36,,,,,,,,,,,38:24,Mike Miller,32:45,Jerryd Bayless,31:05,Mike Conley,30:25,Ed Davis,27:43,James Johnson,21:52,Kosta Koufos,20:17,Tayshaun Prince,15:15,Tony Allen,12:38,99,0,2,0.0,0.0,0.0,0.0,2.0,100.0,Marcus Morris,8,0,2013-2014,0.0,0,5.0,PHO,91,Goran Dragić,,,,,,,,,,,,,37:56,Channing Frye,35:02,Miles Plumlee,34:37,P.J. Tucker,32:25,Gerald Green,32:05,Markieff Morris,24:56,Ish Smith,19:37,Archie Goodwin,5:09,Dionte Christmas,2:38
1,.250,4,33.333,1,1.00,100,0,3,60.0,3,.250,2.0,25.0,8.0,12,0,,0,0.000,Logos via Sports Logos.net / About logos,W,https://www.basketball-reference.com/boxscores/201401040PHO.html,Home,116,30:03,2,40.0,MIL,Brandon Knight,Giannis Antetokounmpo,13:34,Miroslav Raduljica,3:11,Nate Wolters,3:11,,,,,,,35:33,O.J. Mayo,30:35,Caron Butler,27:05,Larry Sanders,26:28,Khris Middleton,22:25,Ersan İlyasova,20:55,Luke Ridnour,20:55,Ekpe Udoh,18:21,Gary Neal,17:47,100,4,7,4.0,57.1,3.0,42.9,0.0,0.0,Marcus Morris,16,0,2013-2014,0.0,1,5.0,PHO,116,Gerald Green,Viacheslav Kravtsov,3:11,,,,,,,,,,,33:03,Channing Frye,32:46,Goran Dragić,28:40,P.J. Tucker,27:43,Markieff Morris,26:17,Miles Plumlee,20:49,Ish Smith,19:20,Archie Goodwin,14:57,Dionte Christmas,3:11
0,.000,1,25.000,1,1.00,87,1,1,50.0,1,.250,1.0,33.3,3.0,4,2,1.000,2,50.000,Logos via Sports Logos.net / About logos,L,https://www.basketball-reference.com/boxscores/201401070CHI.html,Away,92,17:21,1,50.0,CHI,Taj Gibson,,,,,,,,,,,,,41:57,Jimmy Butler,40:36,Joakim Noah,35:56,Kirk Hinrich,31:25,D.J. Augustin,28:52,Mike Dunleavy,28:29,Tony Snell,20:41,Nazr Mohammed,12:04,,,92,3,4,2.0,50.0,0.0,0.0,2.0,50.0,Marcus Morris,5,1,2013-2014,2.0,1,2.0,PHO,87,Gerald Green,Alex Len,6:05,,,,,,,,,,,34:59,Miles Plumlee,34:49,Goran Dragić,34:15,Channing Frye,26:44,Markieff Morris,25:10,Ish Smith,23:06,P.J. Tucker,19:31,Archie Goodwin,10:51,Dionte Christmas,7:09
2,.500,4,66.667,0,0.00,104,0,3,60.0,4,.667,2.0,100.0,2.0,6,0,,0,0.000,Logos via Sports Logos.net / About logos,W,https://www.basketball-reference.com/boxscores/201401080MIN.html,Away,103,24:23,2,40.0,MIN,Corey Brewer,Chase Budinger,10:51,,,,,,,,,,,37:09,Kevin Love,36:57,Ricky Rubio,34:55,Kevin Martin,34:03,Nikola Peković,33:23,Ronny Turiaf,14:37,Alexey Shved,13:57,J.J. Barea,13:05,Dante Cunningham,11:03,103,2,10,4.0,40.0,6.0,60.0,0.0,0.0,Marcus Morris,1,1,2013-2014,1.0,2,5.0,PHO,104,Goran Dragić,,,,,,,,,,,,,40:50,Channing Frye,36:09,Miles Plumlee,31:56,P.J. Tucker,29:00,Gerald Green,24:50,Markieff Morris,15:55,Leandro Barbosa,13:24,Alex Len,11:55,Ish Smith,11:38
1,.200,5,45.455,3,3.00,99,1,3,60.0,3,.273,2.0,33.3,6.0,11,2,1.000,2,18.182,Logos via Sports Logos.net / About logos,L,https://www.basketball-reference.com/boxscores/201401100MEM.html,Away,104,25:11,2,40.0,MEM,Mike Conley,Nick Calathes,9:01,,,,,,,,,,,38:59,Zach Randolph,37:08,Ed Davis,30:06,James Johnson,29:25,Courtney Lee,28:31,Tayshaun Prince,22:31,Mike Miller,16:51,Kosta Koufos,14:55,Jon Leuer,12:33,104,3,9,4.0,44.4,3.0,33.3,2.0,22.2,Marcus Morris,5,0,2013-2014,1.0,1,5.0,PHO,99,Miles Plumlee,,,,,,,,,,,,,32:55,Goran Dragić,32:35,Channing Frye,29:42,Markieff Morris,28:11,Gerald Green,25:03,P.J. Tucker,22:49,Leandro Barbosa,21:53,Ish Smith,16:29,Alex Len,5:12
1,.250,4,40.000,0,0.00,108,0,1,16.7,5,.500,4.0,66.7,6.0,10,6,1.000,6,60.000,Logos via Sports Logos.net / About logos,L,https://www.basketball-reference.com/boxscores/201401110DET.html,Away,110,20:41,5,83.3,DET,Brandon Jennings,,,,,,,,,,,,,42:25,Josh Smith,37:35,Greg Monroe,27:38,Andre Drummond,27:08,Kentavious Caldwell-Pope,27:03,Kyle Singler,26:23,Will Bynum,23:06,Rodney Stuckey,20:44,Charlie Villanueva,7:58,110,4,17,8.0,47.1,3.0,17.6,6.0,35.3,Marcus Morris,2,2,2013-2014,2.0,2,6.0,PHO,108,P.J. Tucker,,,,,,,,,,,,,41:54,Goran Dragić,34:40,Channing Frye,34:05,Gerald Green,33:18,Miles Plumlee,22:19,Leandro Barbosa,20:29,Ish Smith,17:19,Markieff Morris,8:11,Alex Len,7:04
1,.250,4,44.444,0,0.00,96,0,2,100.0,4,.444,3.0,60.0,5.0,9,3,.750,4,44.444,Logos via Sports Logos.net / About logos,L,https://www.basketball-reference.com/boxscores/201401130NYK.html,Away,98,24:17,0,0.0,NYK,Carmelo Anthony,,,,,,,,,,,,,45:48,Raymond Felton,43:59,Iman Shumpert,37:58,Kenyon Martin,35:00,Andrea Bargnani,33:28,J.R. Smith,25:11,Amar'e Stoudemire,19:26,Tim Hardaway Jr.,15:11,Toure' Murry,8:59,98,3,12,6.0,50.0,3.0,25.0,3.0,25.0,Marcus Morris,2,0,2013-2014,0.0,1,2.0,PHO,96,Goran Dragić,Archie Goodwin,1:18,Viacheslav Kravtsov,0:06,Alex Len,0:00,,,,,,,47:54,Gerald Green,42:10,Channing Frye,40:35,Miles Plumlee,32:51,Leandro Barbosa,30:10,P.J. Tucker,25:41,Markieff Morris,9:04,Dionte Christmas,5:53,Ish Smith,5:01
0,,0,0.000,2,2.00,114,0,2,66.7,1,.200,1.0,20.0,5.0,5,0,,0,0.000,Logos via Sports Logos.net / About logos,W,https://www.basketball-reference.com/boxscores/201401150PHO.html,Home,121,18:05,1,33.3,LAL,Wesley Johnson,,,,,,,,,,,,,43:33,Jodie Meeks,43:08,Kendall Marshall,43:04,Pau Gasol,31:00,Ryan Kelly,30:40,Jordan Hill,21:49,Chris Kaman,16:00,Nick Young,10:46,,,114,1,2,2.0,100.0,0.0,0.0,0.0,0.0,Marcus Morris,7,3,2013-2014,3.0,1,3.0,PHO,121,Goran Dragić,,,,,,,,,,,,,39:11,Channing Frye,33:55,Gerald Green,32:47,P.J. Tucker,31:52,Markieff Morris,29:01,Miles Plumlee,26:37,Ish Smith,16:18,Archie Goodwin,7:47,Alex Len,4:27
3,.500,6,54.545,3,,110,0,3,42.9,4,.364,1.0,20.0,5.0,11,2,1.000,2,18.182,Logos via Sports Logos.net / About logos,L,https://www.basketball-reference.com/boxscores/201401170PHO.html,Home,107,21:18,4,57.1,DAL,Monta Ellis,DeJuan Blair,10:30,,,,,,,,,,,38:45,Shawn Marion,35:30,Dirk Nowitzki,34:54,Shane Larkin,26:33,Vince Carter,22:16,Samuel Dalembert,20:10,José Calderón,19:02,Brandan Wright,17:06,Jae Crowder,15:14,110,3,13,2.0,15.4,9.0,69.2,2.0,15.4,Marcus Morris,3,2,2013-2014,2.0,0,7.0,PHO,107,Goran Dragić,,,,,,,,,,,,,37:37,P.J. Tucker,35:45,Gerald Green,32:41,Markieff Morris,32:26,Channing Frye,29:56,Miles Plumlee,20:48,Ish Smith,20:38,Archie Goodwin,7:35,Alex Len,1:16
1,.200,5,50.000,1,,103,0,0,0.0,4,.400,3.0,60.0,5.0,10,1,1.000,1,10.000,Logos via Sports Logos.net / About logos,W,https://www.basketball-reference.com/boxscores/201401190PHO.html,Home,117,18:42,1,100.0,DEN,Ty Lawson,,,,,,,,,,,,,40:33,Wilson Chandler,40:21,J.J. Hickson,37:32,Evan Fournier,32:49,Timofey Mozgov,24:38,Nate Robinson,24:09,Anthony Randolph,22:20,Kenneth Faried,12:42,Quincy Miller,4:56,103,1,10,6.0,60.0,3.0,30.0,1.0,10.0,Marcus Morris,14,0,2013-2014,0.0,0,1.0,PHO,117,P.J. Tucker,,,,,,,,,,,,,29:27,Channing Frye,27:56,Markieff Morris,27:29,Leandro Barbosa,26:56,Goran Dragić,24:13,Miles Plumlee,24:12,Ish Smith,23:08,Gerald Green,21:43,Alex Len,16:14
0,.000,1,16.667,2,2.00,100,0,3,100.0,2,.333,2.0,40.0,5.0,6,1,.500,2,33.333,Logos via Sports Logos.net / About logos,W,https://www.basketball-reference.com/boxscores/201401220PHO.html,Home,124,19:19,0,0.0,IND,Paul George,Chris Copeland,6:06,Donald Sloan,6:06,Rasual Butler,6:06,Solomon Hill,6:06,,,,,34:06,George Hill,30:19,Lance Stephenson,28:52,Roy Hibbert,28:14,David West,27:17,Danny Granger,21:18,Ian Mahinmi,19:18,Luis Scola,14:37,C.J. Watson,11:35,100,1,5,4.0,80.0,0.0,0.0,1.0,20.0,Marcus Morris,24,2,2013-2014,2.0,1,3.0,PHO,124,Channing Frye,Alex Len,5:27,Archie Goodwin,2:58,Viacheslav Kravtsov,2:26,,,,,,,30:50,Gerald Green,29:49,Miles Plumlee,29:44,P.J. Tucker,27:37,Markieff Morris,27:01,Leandro Barbosa,22:35,Goran Dragić,22:18,Ish Smith,14:29,Dionte Christmas,5:27
0,.000,1,33.333,1,0.33,101,0,2,100.0,1,.333,1.0,50.0,2.0,3,2,1.000,2,66.667,Logos via Sports Logos.net / About logos,L,https://www.basketball-reference.com/boxscores/201401240PHO.html,Home,95,17:06,0,0.0,WAS,Trevor Ariza,,,,,,,,,,,,,35:43,Marcin Gortat,35:43,John Wall,35:06,Nenê,33:08,Bradley Beal,30:56,Garrett Temple,23:21,Trevor Booker,22:17,Otto Porter Jr.,18:54,Kevin Séraphin,4:52,101,1,4,2.0,50.0,0.0,0.0,2.0,50.0,Marcus Morris,6,0,2013-2014,0.0,3,2.0,PHO,95,Goran Dragić,,,,,,,,,,,,,36:06,Channing Frye,35:52,P.J. Tucker,31:24,Gerald Green,30:43,Miles Plumlee,27:26,Leandro Barbosa,20:45,Markieff Morris,20:42,Ish Smith,13:39,Alex Len,6:17
0,.000,1,25.000,1,1.00,99,0,0,0.0,3,.750,3.0,100.0,3.0,4,1,.500,2,50.000,Logos via Sports Logos.net / About logos,W,https://www.basketball-reference.com/boxscores/201401260CLE.html,Away,90,13:24,2,100.0,CLE,Luol Deng,Matthew Dellavedova,0:23,,,,,,,,,,,40:32,Tristan Thompson,38:50,Kyrie Irving,36:50,Anderson Varejão,34:13,Jarrett Jack,28:10,C.J. Miles,20:22,Dion Waiters,17:42,Tyler Zeller,13:02,Earl Clark,9:56,90,3,7,6.0,85.7,0.0,0.0,1.0,14.3,Marcus Morris,9,0,2013-2014,0.0,1,2.0,PHO,99,P.J. Tucker,,,,,,,,,,,,,37:23,Goran Dragić,35:49,Gerald Green,34:04,Markieff Morris,33:01,Channing Frye,30:18,Miles Plumlee,17:53,Ish Smith,16:10,Leandro Barbosa,15:32,Alex Len,6:26
0,.000,1,33.333,1,1.00,124,0,3,100.0,1,.333,1.0,50.0,2.0,3,2,1.000,2,66.667,Logos via Sports Logos.net / About logos,W,https://www.basketball-reference.com/boxscores/201401270PHI.html,Away,113,23:25,0,0.0,PHI,Michael Carter-Williams,Dewayne Dedmon,4:16,Lorenzo Brown,0:05,,,,,,,,,38:52,Thaddeus Young,36:50,Spencer Hawes,33:43,Evan Turner,33:42,James Anderson,32:27,Hollis Thompson,18:39,Lavoy Allen,18:00,Elliot Williams,12:20,Tony Wroten,11:06,113,1,4,2.0,50.0,0.0,0.0,2.0,50.0,Marcus Morris,11,3,2013-2014,3.0,1,3.0,PHO,124,Goran Dragić,,,,,,,,,,,,,32:26,Miles Plumlee,32:25,P.J. Tucker,28:57,Gerald Green,27:50,Markieff Morris,23:22,Channing Frye,22:03,Leandro Barbosa,20:57,Ish Smith,14:47,Alex Len,13:48
2,.400,5,50.000,4,,126,0,3,75.0,5,.500,3.0,60.0,5.0,10,4,1.000,4,40.000,Logos via Sports Logos.net / About logos,W,https://www.basketball-reference.com/boxscores/201401290MIL.html,Away,117,28:35,1,25.0,MIL,Brandon Knight,,,,,,,,,,,,,38:05,Khris Middleton,33:51,Larry Sanders,33:28,Ersan İlyasova,32:32,Caron Butler,26:40,Giannis Antetokounmpo,25:08,John Henson,22:03,Nate Wolters,19:23,Luke Ridnour,8:50,117,1,16,6.0,37.5,6.0,37.5,4.0,25.0,Marcus Morris,9,1,2013-2014,1.0,0,4.0,PHO,126,Gerald Green,,,,,,,,,,,,,29:57,Channing Frye,27:40,Goran Dragić,23:33,P.J. Tucker,22:43,Markieff Morris,22:14,Alex Len,21:59,Leandro Barbosa,21:26,Ish Smith,21:04,Miles Plumlee,20:49
1,1.000,1,8.333,2,,102,0,4,66.7,7,.583,6.0,54.5,11.0,12,1,1.000,1,8.333,Logos via Sports Logos.net / About logos,W,https://www.basketball-reference.com/boxscores/201401300IND.html,Away,94,20:59,2,33.3,IND,Paul George,,,,,,,,,,,,,38:17,Roy Hibbert,37:45,Lance Stephenson,36:53,George Hill,33:57,David West,32:18,Danny Granger,21:18,Luis Scola,15:14,C.J. Watson,14:03,Ian Mahinmi,10:15,94,1,16,12.0,75.0,3.0,18.8,1.0,6.2,Marcus Morris,8,0,2013-2014,0.0,0,6.0,PHO,102,Channing Frye,,,,,,,,,,,,,37:57,P.J. Tucker,36:06,Goran Dragić,33:48,Gerald Green,30:26,Markieff Morris,24:07,Miles Plumlee,19:06,Leandro Barbosa,15:16,Alex Len,14:22,Ish Smith,7:53
2,.500,4,44.444,0,0.00,95,0,3,100.0,5,.556,3.0,60.0,5.0,9,3,.750,4,44.444,Logos via Sports Logos.net / About logos,W,https://www.basketball-reference.com/boxscores/201402010PHO.html,Home,105,25:22,0,0.0,CHA,Al Jefferson,Bismack Biyombo,16:15,Jeff Adrien,7:06,,,,,,,,,27:07,Michael Kidd-Gilchrist,26:57,Ramon Sessions,26:24,Josh McRoberts,26:19,Gerald Henderson,24:26,Chris Douglas-Roberts,23:34,Jannero Pargo,21:36,Anthony Tolliver,21:03,Cody Zeller,19:13,95,1,15,6.0,40.0,6.0,40.0,3.0,20.0,Marcus Morris,10,0,2013-2014,0.0,1,3.0,PHO,105,Markieff Morris,Leandro Barbosa,8:57,Dionte Christmas,8:26,Viacheslav Kravtsov,2:59,,,,,,,28:12,Goran Dragić,27:03,Channing Frye,24:00,Miles Plumlee,21:54,Gerald Green,21:26,Ish Smith,20:04,Alex Len,18:55,P.J. Tucker,17:31,Archie Goodwin,15:11
1,1.000,1,33.333,0,0.00,101,0,4,100.0,1,.333,0.0,0.0,2.0,3,2,.667,3,100.000,Logos via Sports Logos.net / About logos,L,https://www.basketball-reference.com/boxscores/201402040PHO.html,Home,92,20:22,0,0.0,CHI,Jimmy Butler,,,,,,,,,,,,,43:44,Mike Dunleavy,38:28,Joakim Noah,36:53,Carlos Boozer,31:48,D.J. Augustin,28:09,Kirk Hinrich,24:45,Taj Gibson,22:36,Tony Snell,8:57,Nazr Mohammed,4:40,101,1,5,0.0,0.0,3.0,60.0,2.0,40.0,Marcus Morris,9,0,2013-2014,0.0,1,4.0,PHO,92,Goran Dragić,,,,,,,,,,,,,34:42,Channing Frye,34:33,Miles Plumlee,31:19,Markieff Morris,29:39,P.J. Tucker,26:31,Gerald Green,25:33,Leandro Barbosa,22:56,Ish Smith,14:25,,
1,.333,3,33.333,0,0.00,108,0,2,50.0,5,.556,4.0,66.7,6.0,9,0,,0,0.000,Logos via Sports Logos.net / About logos,L,https://www.basketball-reference.com/boxscores/201402050HOU.html,Away,122,15:54,2,50.0,HOU,Chandler Parsons,,,,,,,,,,,,,41:02,Dwight Howard,38:59,James Harden,38:15,Terrence Jones,31:14,Patrick Beverley,31:02,Jeremy Lin,28:40,Donatas Motiejūnas,16:38,Omri Casspi,13:43,Robert Covington,0:27,122,1,11,8.0,72.7,3.0,27.3,0.0,0.0,Marcus Morris,14,1,2013-2014,1.0,1,4.0,PHO,108,P.J. Tucker,Dionte Christmas,1:02,Viacheslav Kravtsov,1:02,,,,,,,,,36:07,Goran Dragić,35:52,Gerald Green,31:23,Miles Plumlee,25:56,Channing Frye,22:58,Markieff Morris,22:57,Leandro Barbosa,20:11,Alex Len,14:30,Ish Smith,12:08
0,.000,2,25.000,0,0.00,109,1,4,66.7,4,.500,4.0,66.7,6.0,8,6,1.000,6,75.000,Logos via Sports Logos.net / About logos,W,https://www.basketball-reference.com/boxscores/201402080PHO.html,Home,122,24:11,2,33.3,GSW,Stephen Curry,Ognjen Kuzmić,0:00,,,,,,,,,,,41:09,Klay Thompson,39:25,Andre Iguodala,39:18,Harrison Barnes,36:16,Jermaine O'Neal,30:31,Draymond Green,27:12,Jordan Crawford,17:14,Marreese Speights,6:53,Kent Bazemore,2:02,109,4,14,8.0,57.1,0.0,0.0,6.0,42.9,Marcus Morris,13,1,2013-2014,2.0,3,6.0,PHO,122,P.J. Tucker,,,,,,,,,,,,,41:17,Goran Dragić,40:00,Channing Frye,35:56,Gerald Green,31:10,Leandro Barbosa,22:47,Miles Plumlee,21:54,Markieff Morris,16:59,Ish Smith,5:46,,
0,.000,2,66.667,0,0.00,103,0,0,,0,.000,0.0,0.0,1.0,3,0,,0,0.000,Logos via Sports Logos.net / About logos,L,https://www.basketball-reference.com/boxscores/201402110PHO.html,Home,97,7:30,0,,MIA,LeBron James,,,,,,,,,,,,,40:59,Chris Bosh,38:22,Mario Chalmers,32:34,Norris Cole,29:46,Ray Allen,28:34,Shane Battier,25:55,Chris Andersen,17:56,Toney Douglas,15:12,Rashard Lewis,10:42,103,1,0,0.0,,0.0,,0.0,,Marcus Morris,6,0,2013-2014,0.0,1,0.0,PHO,97,Goran Dragić,,,,,,,,,,,,,38:47,Channing Frye,37:39,P.J. Tucker,37:26,Gerald Green,34:22,Markieff Morris,33:20,Ish Smith,15:56,Leandro Barbosa,14:49,Miles Plumlee,14:08,Alex Len,6:03
1,.500,2,22.222,1,1.00,112,0,1,50.0,4,.444,3.0,42.9,7.0,9,1,.500,2,22.222,Logos via Sports Logos.net / About logos,W,https://www.basketball-reference.com/boxscores/201402180DEN.html,Away,107,25:01,1,50.0,DEN,Randy Foye,,,,,,,,,,,,,39:52,Wilson Chandler,36:32,Kenneth Faried,35:11,Evan Fournier,32:56,J.J. Hickson,32:36,Jordan Hamilton,25:45,Anthony Randolph,24:07,Timofey Mozgov,19:08,Darrell Arthur,18:53,107,1,10,6.0,60.0,3.0,30.0,1.0,10.0,Marcus Morris,5,2,2013-2014,2.0,1,2.0,PHO,112,Goran Dragić,,,,,,,,,,,,,42:20,Markieff Morris,41:31,P.J. Tucker,37:00,Channing Frye,30:34,Gerald Green,29:45,Miles Plumlee,21:51,Leandro Barbosa,17:40,Ish Smith,9:51,Alex Len,9:27
2,.400,5,62.500,1,1.00,94,0,2,100.0,4,.500,2.0,66.7,3.0,8,1,.500,2,25.000,Logos via Sports Logos.net / About logos,W,https://www.basketball-reference.com/boxscores/201402190PHO.html,Home,100,21:31,0,0.0,BOS,Rajon Rondo,Phil Pressey,7:04,,,,,,,,,,,35:33,Jeff Green,35:08,Gerald Wallace,34:21,Brandon Bass,32:46,Jared Sullinger,26:22,Kelly Olynyk,24:22,Chris Johnson,17:15,Jerryd Bayless,15:30,Kris Humphries,11:39,94,2,11,4.0,36.4,6.0,54.5,1.0,9.1,Marcus Morris,6,0,2013-2014,0.0,1,2.0,PHO,100,P.J. Tucker,,,,,,,,,,,,,36:18,Channing Frye,34:41,Gerald Green,34:01,Goran Dragić,32:55,Markieff Morris,29:29,Miles Plumlee,19:50,Ish Smith,17:05,Leandro Barbosa,7:23,Alex Len,6:47
2,.333,6,54.545,0,0.00,85,0,2,100.0,5,.455,3.0,60.0,5.0,11,1,1.000,1,9.091,Logos via Sports Logos.net / About logos,W,https://www.basketball-reference.com/boxscores/201402210PHO.html,Home,106,24:35,0,0.0,SAS,Danny Green,Manu Ginóbili,13:16,Jeff Ayres,10:26,Tiago Splitter,5:39,,,,,,,30:12,Marco Belinelli,27:08,Patty Mills,25:27,Cory Joseph,25:07,Matt Bonner,25:00,Boris Diaw,23:00,Tim Duncan,21:29,Aron Baynes,16:46,Shannon Brown,16:30,85,0,13,6.0,46.2,6.0,46.2,1.0,7.7,Marcus Morris,21,1,2013-2014,1.0,2,2.0,PHO,106,Channing Frye,Dionte Christmas,2:36,Viacheslav Kravtsov,2:36,,,,,,,,,36:38,Ish Smith,30:36,Goran Dragić,28:47,Gerald Green,26:20,Markieff Morris,24:59,P.J. Tucker,23:38,Miles Plumlee,18:37,Archie Goodwin,13:43,Alex Len,6:55
1,.333,3,50.000,3,,115,0,2,66.7,2,.333,1.0,33.3,3.0,6,3,1.000,3,50.000,Logos via Sports Logos.net / About logos,L,https://www.basketball-reference.com/boxscores/201402230PHO.html,Home,112,19:27,1,33.3,HOU,James Harden,,,,,,,,,,,,,41:39,Chandler Parsons,39:25,Dwight Howard,34:28,Patrick Beverley,33:22,Terrence Jones,24:21,Donatas Motiejūnas,23:39,Jeremy Lin,20:00,Ömer Aşık,13:18,Omri Casspi,9:48,115,3,8,2.0,25.0,3.0,37.5,3.0,37.5,Marcus Morris,3,2,2013-2014,2.0,0,3.0,PHO,112,Goran Dragić,,,,,,,,,,,,,41:52,Channing Frye,35:24,Markieff Morris,34:59,Gerald Green,33:10,P.J. Tucker,28:33,Miles Plumlee,24:20,Ish Smith,20:59,Alex Len,1:16,,
1,1.000,1,12.500,4,2.00,110,1,4,100.0,4,.500,3.0,42.9,7.0,8,0,,0,0.000,Logos via Sports Logos.net / About logos,L,https://www.basketball-reference.com/boxscores/201402250PHO.html,Home,101,24:20,0,0.0,MIN,Kevin Love,Gorgui Dieng,4:47,Alexey Shved,4:47,,,,,,,,,38:58,Ricky Rubio,35:29,Dante Cunningham,33:43,Corey Brewer,32:46,Chase Budinger,29:48,Shabazz Muhammad,24:20,Luc Mbah a Moute,16:00,J.J. Barea,14:19,Robbie Hummel,5:03,110,5,9,6.0,66.7,3.0,33.3,0.0,0.0,Marcus Morris,9,2,2013-2014,3.0,2,4.0,PHO,101,P.J. Tucker,,,,,,,,,,,,,38:10,Markieff Morris,32:59,Gerald Green,32:21,Ish Smith,28:46,Channing Frye,25:27,Goran Dragić,24:40,Miles Plumlee,16:59,Archie Goodwin,16:18,,
1,1.000,1,14.286,2,1.00,86,0,2,100.0,2,.286,1.0,16.7,6.0,7,0,.000,2,28.571,Logos via Sports Logos.net / About logos,L,https://www.basketball-reference.com/boxscores/201402260UTA.html,Away,109,17:49,0,0.0,UTA,Gordon Hayward,Rudy Gobert,6:15,John Lucas III,5:40,,,,,,,,,37:16,Trey Burke,27:35,Alec Burks,27:32,Derrick Favors,26:07,Jeremy Evans,25:54,Richard Jefferson,24:57,Marvin Williams,22:06,Diante Garrett,21:00,Enes Freedom,15:38,109,4,5,2.0,40.0,3.0,60.0,0.0,0.0,Marcus Morris,23,0,2013-2014,0.0,2,2.0,PHO,86,Ish Smith,,,,,,,,,,,,,35:35,Gerald Green,31:47,Channing Frye,29:27,Archie Goodwin,27:00,Miles Plumlee,24:34,Markieff Morris,23:26,P.J. Tucker,20:57,Dionte Christmas,18:41,Alex Len,10:44
2,.500,4,50.000,1,1.00,104,2,5,71.4,4,.500,2.0,50.0,4.0,8,5,.833,6,75.000,Logos via Sports Logos.net / About logos,W,https://www.basketball-reference.com/boxscores/201402280PHO.html,Home,116,25:15,2,28.6,NOP,Anthony Davis,Jeff Withey,6:26,Darius Miller,4:38,,,,,,,,,40:41,Eric Gordon,38:07,Tyreke Evans,36:21,Austin Rivers,29:36,Anthony Morrow,22:43,Brian Roberts,20:49,Alexis Ajinça,14:22,Luke Babbitt,13:45,Al-Farouq Aminu,12:32,104,2,15,4.0,26.7,6.0,40.0,5.0,33.3,Marcus Morris,12,1,2013-2014,3.0,1,7.0,PHO,116,Goran Dragić,,,,,,,,,,,,,41:43,Gerald Green,34:51,Markieff Morris,31:30,P.J. Tucker,30:04,Ish Smith,23:37,Channing Frye,22:45,Miles Plumlee,21:29,Archie Goodwin,8:46,,
2,.667,3,21.429,0,0.00,120,1,8,88.9,8,.571,6.0,54.5,11.0,14,0,,0,0.000,Logos via Sports Logos.net / About logos,W,https://www.basketball-reference.com/boxscores/201403020PHO.html,Home,129,27:27,1,11.1,ATL,Mike Scott,,,,,,,,,,,,,39:39,DeMarre Carroll,37:43,Kyle Korver,37:03,Jeff Teague,31:19,Elton Brand,30:41,Lou Williams,25:12,Mike Muscala,19:05,Shelvin Mack,17:28,Dennis Schröder,1:50,120,4,18,12.0,66.7,6.0,33.3,0.0,0.0,Marcus Morris,9,1,2013-2014,2.0,3,9.0,PHO,129,P.J. Tucker,Archie Goodwin,1:01,,,,,,,,,,,34:28,Goran Dragić,33:25,Markieff Morris,31:35,Gerald Green,30:27,Ish Smith,26:13,Channing Frye,20:46,Leandro Barbosa,12:39,Miles Plumlee,11:45,Shavlik Randolph,10:14
1,.333,3,33.333,3,1.00,104,0,1,50.0,5,.556,4.0,66.7,6.0,9,1,1.000,1,11.111,Logos via Sports Logos.net / About logos,L,https://www.basketball-reference.com/boxscores/201403040PHO.html,Home,96,20:19,1,50.0,LAC,Matt Barnes,Danny Granger,3:46,Hedo Türkoğlu,2:49,,,,,,,,,40:03,Darren Collison,40:03,DeAndre Jordan,38:43,Chris Paul,37:30,Blake Griffin,36:32,Willie Green,12:37,Jared Dudley,11:26,Glen Davis,9:16,Reggie Bullock,7:15,104,0,12,8.0,66.7,3.0,25.0,1.0,8.3,Marcus Morris,8,0,2013-2014,0.0,3,2.0,PHO,96,P.J. Tucker,,,,,,,,,,,,,38:47,Goran Dragić,37:52,Gerald Green,36:28,Markieff Morris,23:21,Channing Frye,20:27,Ish Smith,19:02,Alex Len,19:00,Shavlik Randolph,13:52,Leandro Barbosa,10:52
3,.750,4,57.143,2,,122,0,3,100.0,5,.714,2.0,66.7,3.0,7,2,1.000,2,28.571,Logos via Sports Logos.net / About logos,W,https://www.basketball-reference.com/boxscores/201403060PHO.html,Home,128,28:43,0,0.0,OKC,Kevin Durant,Nick Collison,10:33,Perry Jones,10:30,,,,,,,,,43:55,Serge Ibaka,37:27,Russell Westbrook,30:28,Caron Butler,29:16,Derek Fisher,22:23,Reggie Jackson,17:32,Andre Roberson,13:25,Jeremy Lamb,13:10,Steven Adams,11:21,122,2,15,4.0,26.7,9.0,60.0,2.0,13.3,Marcus Morris,6,0,2013-2014,0.0,0,3.0,PHO,128,P.J. Tucker,,,,,,,,,,,,,42:37,Gerald Green,40:44,Goran Dragić,34:59,Markieff Morris,29:54,Channing Frye,23:10,Ish Smith,19:51,Alex Len,11:11,Shavlik Randolph,5:23,Archie Goodwin,3:28
1,.200,5,55.556,4,2.00,107,0,3,75.0,4,.444,3.0,75.0,4.0,9,2,1.000,2,22.222,Logos via Sports Logos.net / About logos,L,https://www.basketball-reference.com/boxscores/201403090GSW.html,Away,113,28:37,1,25.0,GSW,David Lee,Jordan Crawford,5:37,,,,,,,,,,,37:24,Andre Iguodala,35:33,Klay Thompson,35:07,Harrison Barnes,31:21,Stephen Curry,30:16,Draymond Green,22:28,Steve Blake,20:06,Andrew Bogut,14:26,Jermaine O'Neal,7:42,113,3,11,6.0,54.5,3.0,27.3,2.0,18.2,Marcus Morris,6,0,2013-2014,0.0,2,4.0,PHO,107,Gerald Green,,,,,,,,,,,,,42:27,Goran Dragić,37:39,Channing Frye,30:06,P.J. Tucker,26:26,Ish Smith,23:31,Markieff Morris,22:53,Alex Len,15:02,Miles Plumlee,10:19,Shavlik Randolph,3:00
1,.500,2,20.000,2,1.00,105,0,1,50.0,5,.500,4.0,50.0,8.0,10,0,,0,0.000,Logos via Sports Logos.net / About logos,L,https://www.basketball-reference.com/boxscores/201403100LAC.html,Away,112,30:53,1,50.0,LAC,Darren Collison,,,,,,,,,,,,,40:03,Matt Barnes,37:35,Chris Paul,34:41,DeAndre Jordan,33:23,Blake Griffin,31:42,Danny Granger,23:16,Willie Green,15:04,Glen Davis,14:37,Hedo Türkoğlu,9:39,112,1,11,8.0,72.7,3.0,27.3,0.0,0.0,Marcus Morris,7,1,2013-2014,1.0,2,2.0,PHO,105,Channing Frye,,,,,,,,,,,,,36:48,Gerald Green,34:00,Goran Dragić,33:01,P.J. Tucker,30:04,Miles Plumlee,26:15,Markieff Morris,24:34,Ish Smith,16:41,Archie Goodwin,5:12,Alex Len,2:32
3,.600,5,62.500,2,0.50,110,0,2,66.7,5,.625,2.0,66.7,3.0,8,1,.250,4,50.000,Logos via Sports Logos.net / About logos,L,https://www.basketball-reference.com/boxscores/201403120PHO.html,Home,101,38:24,1,33.3,CLE,Kyrie Irving,Alonzo Gee,3:57,,,,,,,,,,,39:25,Luol Deng,39:09,Spencer Hawes,34:09,Jarrett Jack,33:59,Tristan Thompson,30:52,Dion Waiters,17:57,Anderson Varejão,15:13,Tyler Zeller,15:10,Matthew Dellavedova,10:09,110,1,14,4.0,28.6,9.0,64.3,1.0,7.1,Marcus Morris,9,2,2013-2014,2.0,4,3.0,PHO,101,Goran Dragić,,,,,,,,,,,,,41:31,Channing Frye,35:49,Eric Bledsoe,32:18,Gerald Green,31:15,Markieff Morris,27:58,Miles Plumlee,26:14,Ish Smith,3:40,Shavlik Randolph,2:51,,
0,.000,1,25.000,0,,87,0,0,0.0,1,.250,1.0,33.3,3.0,4,1,1.000,1,25.000,Logos via Sports Logos.net / About logos,W,https://www.basketball-reference.com/boxscores/201403140BOS.html,Away,80,10:17,1,100.0,BOS,Jeff Green,Phil Pressey,13:37,Joel Anthony,0:00,,,,,,,,,35:46,Rajon Rondo,34:23,Kelly Olynyk,28:42,Chris Johnson,27:22,Kris Humphries,24:50,Brandon Bass,21:44,Jared Sullinger,20:44,Avery Bradley,16:38,Jerryd Bayless,16:14,80,1,3,2.0,66.7,0.0,0.0,1.0,33.3,Marcus Morris,7,1,2013-2014,1.0,0,1.0,PHO,87,P.J. Tucker,Archie Goodwin,3:52,,,,,,,,,,,40:46,Goran Dragić,38:28,Channing Frye,32:44,Eric Bledsoe,29:05,Markieff Morris,24:56,Gerald Green,20:40,Miles Plumlee,20:35,Ish Smith,9:44,Alex Len,8:53
2,.500,4,50.000,0,0.00,121,0,2,66.7,4,.500,2.0,50.0,4.0,8,0,,0,0.000,Logos via Sports Logos.net / About logos,W,https://www.basketball-reference.com/boxscores/201403160TOR.html,Away,113,22:26,1,33.3,TOR,Kyle Lowry,Chuck Hayes,4:16,,,,,,,,,,,40:23,DeMar DeRozan,39:04,Amir Johnson,33:01,Jonas Valančiūnas,32:08,Terrence Ross,31:48,Greivis Vásquez,19:22,John Salmons,18:19,Steve Novak,13:05,Tyler Hansbrough,8:34,113,2,10,4.0,40.0,6.0,60.0,0.0,0.0,Marcus Morris,8,0,2013-2014,0.0,2,3.0,PHO,121,Markieff Morris,,,,,,,,,,,,,35:23,Goran Dragić,33:01,P.J. Tucker,32:40,Eric Bledsoe,29:07,Channing Frye,28:49,Gerald Green,26:43,Miles Plumlee,16:15,Alex Len,7:54,Ish Smith,7:42
0,.000,1,25.000,2,2.00,95,0,2,50.0,2,.500,2.0,66.7,3.0,4,2,.500,4,100.000,Logos via Sports Logos.net / About logos,L,https://www.basketball-reference.com/boxscores/201403170BRK.html,Away,108,19:32,2,50.0,BRK,Deron Williams,Jorge Gutiérrez,7:45,Marquis Teague,2:58,Jason Collins,2:58,,,,,,,33:11,Shaun Livingston,31:50,Joe Johnson,29:29,Paul Pierce,27:44,Mason Plumlee,27:17,Andray Blatche,20:43,Marcus Thornton,20:16,Alan Anderson,18:31,Andrei Kirilenko,17:18,108,1,6,4.0,66.7,0.0,0.0,2.0,33.3,Marcus Morris,13,0,2013-2014,0.0,1,4.0,PHO,95,Gerald Green,Alex Len,7:46,Dionte Christmas,3:13,Shavlik Randolph,2:58,,,,,,,30:43,P.J. Tucker,29:28,Markieff Morris,26:12,Goran Dragić,25:01,Eric Bledsoe,23:13,Ish Smith,22:17,Channing Frye,19:23,Miles Plumlee,18:21,Archie Goodwin,11:53
2,.400,5,62.500,3,,93,0,2,100.0,2,.250,0.0,0.0,3.0,8,2,1.000,2,25.000,Logos via Sports Logos.net / About logos,W,https://www.basketball-reference.com/boxscores/201403190PHO.html,Home,109,22:19,0,0.0,ORL,Arron Afflalo,Dewayne Dedmon,8:57,Doron Lamb,6:19,,,,,,,,,38:35,Victor Oladipo,37:01,Tobias Harris,32:21,Maurice Harkless,32:14,Kyle O'Quinn,31:37,E'Twaun Moore,20:24,Andrew Nicholson,13:37,Nikola Vučević,9:28,Ronnie Price,9:27,93,1,8,0.0,0.0,6.0,75.0,2.0,25.0,Marcus Morris,16,0,2013-2014,0.0,0,2.0,PHO,109,Goran Dragić,Archie Goodwin,7:18,Dionte Christmas,1:32,Shavlik Randolph,1:32,,,,,,,33:42,Gerald Green,25:24,P.J. Tucker,25:22,Markieff Morris,25:12,Eric Bledsoe,24:26,Channing Frye,21:39,Miles Plumlee,20:23,Ish Smith,19:46,Alex Len,11:25
0,.000,2,66.667,0,,92,0,4,100.0,0,.000,0.0,0.0,1.0,3,1,.500,2,66.667,Logos via Sports Logos.net / About logos,W,https://www.basketball-reference.com/boxscores/201403210PHO.html,Home,98,22:11,0,0.0,DET,Josh Smith,,,,,,,,,,,,,42:55,Andre Drummond,36:23,Kyle Singler,33:54,Greg Monroe,31:38,Will Bynum,31:35,Rodney Stuckey,31:16,Brandon Jennings,14:26,Jonas Jerebko,9:09,Kentavious Caldwell-Pope,8:44,92,1,1,0.0,0.0,0.0,0.0,1.0,100.0,Marcus Morris,6,1,2013-2014,1.0,0,4.0,PHO,98,Eric Bledsoe,,,,,,,,,,,,,37:45,Goran Dragić,32:43,Markieff Morris,31:47,P.J. Tucker,28:08,Miles Plumlee,24:17,Channing Frye,22:52,Gerald Green,22:18,Alex Len,12:44,Ish Smith,5:15
2,.500,4,66.667,0,0.00,127,0,2,66.7,4,.667,2.0,100.0,2.0,6,1,.500,2,33.333,Logos via Sports Logos.net / About logos,W,https://www.basketball-reference.com/boxscores/201403230MIN.html,Away,120,22:55,1,33.3,MIN,Ricky Rubio,,,,,,,,,,,,,43:56,Kevin Love,38:29,Corey Brewer,37:45,Kevin Martin,34:54,Dante Cunningham,26:28,Gorgui Dieng,24:37,J.J. Barea,17:10,Shabazz Muhammad,16:41,,,120,3,11,4.0,36.4,6.0,54.5,1.0,9.1,Marcus Morris,7,0,2013-2014,0.0,2,3.0,PHO,127,Eric Bledsoe,Archie Goodwin,3:57,,,,,,,,,,,35:17,Goran Dragić,34:46,P.J. Tucker,32:11,Markieff Morris,31:22,Gerald Green,25:36,Ish Smith,18:57,Channing Frye,15:06,Miles Plumlee,14:41,Alex Len,5:12
1,.200,5,62.500,0,0.00,102,0,4,80.0,3,.375,2.0,66.7,3.0,8,0,,0,0.000,Logos via Sports Logos.net / About logos,W,https://www.basketball-reference.com/boxscores/201403240ATL.html,Away,95,18:33,1,20.0,ATL,Paul Millsap,Mike Muscala,5:23,,,,,,,,,,,37:37,DeMarre Carroll,36:52,Jeff Teague,31:08,Shelvin Mack,27:50,Lou Williams,27:31,Pero Antić,25:34,Mike Scott,21:06,Elton Brand,16:56,Dennis Schröder,10:03,95,1,7,4.0,57.1,3.0,42.9,0.0,0.0,Marcus Morris,7,1,2013-2014,1.0,1,5.0,PHO,102,Channing Frye,,,,,,,,,,,,,39:54,Eric Bledsoe,37:25,P.J. Tucker,36:20,Goran Dragić,35:59,Markieff Morris,25:33,Miles Plumlee,19:47,Gerald Green,18:01,Ish Smith,5:41,Alex Len,2:47
1,.500,2,100.000,0,,99,1,2,100.0,1,.500,0.0,,0.0,2,0,,0,0.000,Logos via Sports Logos.net / About logos,W,https://www.basketball-reference.com/boxscores/201403260WAS.html,Away,93,13:56,0,0.0,WAS,John Wall,Kevin Séraphin,4:15,Garrett Temple,1:43,,,,,,,,,41:11,Trevor Ariza,40:19,Bradley Beal,33:12,Marcin Gortat,30:14,Martell Webster,24:21,Andre Miller,21:35,Drew Gooden,18:21,Trevor Booker,16:02,Al Harrington,8:47,93,0,3,0.0,0.0,3.0,100.0,0.0,0.0,Marcus Morris,6,0,2013-2014,1.0,0,2.0,PHO,99,Goran Dragić,,,,,,,,,,,,,37:21,Eric Bledsoe,37:18,P.J. Tucker,33:55,Markieff Morris,33:21,Gerald Green,30:02,Channing Frye,23:47,Miles Plumlee,17:59,Ish Smith,8:06,Alex Len,4:15
1,.250,4,33.333,1,,88,1,3,60.0,4,.333,3.0,37.5,8.0,12,0,,0,0.000,Logos via Sports Logos.net / About logos,W,https://www.basketball-reference.com/boxscores/201403280PHO.html,Home,112,19:54,2,40.0,NYK,Carmelo Anthony,Shannon Brown,4:58,Toure' Murry,4:58,Jeremy Tyler,3:29,,,,,,,40:02,J.R. Smith,30:58,Amar'e Stoudemire,29:50,Tyson Chandler,29:20,Iman Shumpert,26:24,Raymond Felton,23:10,Tim Hardaway Jr.,20:59,Pablo Prigioni,19:52,Cole Aldrich,6:00,88,0,9,6.0,66.7,3.0,33.3,0.0,0.0,Marcus Morris,24,0,2013-2014,1.0,0,5.0,PHO,112,Goran Dragić,Alex Len,6:00,Dionte Christmas,4:58,Shavlik Randolph,3:29,,,,,,,32:06,Eric Bledsoe,31:01,Channing Frye,30:35,P.J. Tucker,30:04,Markieff Morris,26:07,Miles Plumlee,22:57,Gerald Green,17:22,Archie Goodwin,9:07,Ish Smith,6:20
2,.333,6,54.545,1,1.00,99,0,4,66.7,6,.545,4.0,80.0,5.0,11,1,.500,2,18.182,Logos via Sports Logos.net / About logos,L,https://www.basketball-reference.com/boxscores/201403300LAL.html,Away,115,26:46,2,33.3,LAL,Jodie Meeks,,,,,,,,,,,,,39:41,Kendall Marshall,36:56,Kent Bazemore,32:44,Chris Kaman,32:02,Ryan Kelly,29:33,Nick Young,23:35,Jordan Hill,18:27,Robert Sacre,15:58,Wesley Johnson,11:04,115,0,15,8.0,53.3,6.0,40.0,1.0,6.7,Marcus Morris,16,4,2013-2014,4.0,1,6.0,PHO,99,Goran Dragić,Alex Len,2:55,Dionte Christmas,1:30,Archie Goodwin,1:30,,,,,,,38:19,Gerald Green,32:15,Markieff Morris,32:07,Eric Bledsoe,28:52,Ish Smith,23:35,Channing Frye,19:04,P.J. Tucker,17:59,Miles Plumlee,10:34,Shavlik Randolph,4:34
0,.000,2,16.667,1,1.00,112,0,3,75.0,6,.500,6.0,60.0,10.0,12,4,.800,5,41.667,Logos via Sports Logos.net / About logos,L,https://www.basketball-reference.com/boxscores/201404020PHO.html,Home,108,19:10,1,25.0,LAC,Darren Collison,Reggie Bullock,4:31,,,,,,,,,,,42:23,Matt Barnes,36:36,Chris Paul,35:16,Blake Griffin,33:42,DeAndre Jordan,29:15,Jared Dudley,24:00,Willie Green,17:13,Glen Davis,10:12,Hedo Türkoğlu,6:52,112,2,16,12.0,75.0,0.0,0.0,4.0,25.0,Marcus Morris,4,1,2013-2014,1.0,1,4.0,PHO,108,Goran Dragić,,,,,,,,,,,,,42:15,P.J. Tucker,35:16,Channing Frye,30:43,Markieff Morris,30:23,Eric Bledsoe,29:32,Miles Plumlee,26:04,Gerald Green,22:56,Ish Smith,3:41,,
0,.000,1,20.000,0,,109,0,1,33.3,0,.000,0.0,0.0,4.0,5,0,,0,0.000,Logos via Sports Logos.net / About logos,W,https://www.basketball-reference.com/boxscores/201404040POR.html,Away,93,9:36,2,66.7,POR,Damian Lillard,Victor Claver,1:05,Meyers Leonard,1:05,CJ McCollum,1:05,,,,,,,37:50,Nicolas Batum,37:34,LaMarcus Aldridge,36:45,Robin Lopez,35:43,Wesley Matthews,34:07,Mo Williams,23:23,Thomas Robinson,14:38,Will Barton,8:56,Dorell Wright,7:49,93,1,0,0.0,,0.0,,0.0,,Marcus Morris,16,0,2013-2014,0.0,0,3.0,PHO,109,Goran Dragić,,,,,,,,,,,,,36:31,Eric Bledsoe,36:29,Markieff Morris,29:32,Gerald Green,28:56,Miles Plumlee,25:13,P.J. Tucker,23:01,Ish Smith,19:03,Channing Frye,18:58,Shavlik Randolph,12:41
0,,0,0.000,0,,115,0,4,100.0,5,.833,5.0,83.3,6.0,6,0,,0,0.000,Logos via Sports Logos.net / About logos,W,https://www.basketball-reference.com/boxscores/201404060PHO.html,Home,122,18:36,0,0.0,OKC,Kevin Durant,Andre Roberson,5:19,,,,,,,,,,,43:09,Serge Ibaka,35:07,Russell Westbrook,33:29,Reggie Jackson,33:15,Derek Fisher,27:13,Caron Butler,26:20,Nick Collison,14:36,Kendrick Perkins,13:29,Jeremy Lamb,8:03,115,1,10,10.0,100.0,0.0,0.0,0.0,0.0,Marcus Morris,7,0,2013-2014,0.0,0,4.0,PHO,122,Goran Dragić,,,,,,,,,,,,,40:44,P.J. Tucker,40:18,Gerald Green,33:26,Eric Bledsoe,31:30,Markieff Morris,26:56,Channing Frye,18:25,Miles Plumlee,18:23,Shavlik Randolph,6:14,Ish Smith,5:28
2,.667,3,37.500,2,,94,0,0,,2,.250,0.0,0.0,5.0,8,0,,0,0.000,Logos via Sports Logos.net / About logos,W,https://www.basketball-reference.com/boxscores/201404090NOP.html,Away,88,17:47,0,,NOP,Darius Miller,,,,,,,,,,,,,31:29,Austin Rivers,30:10,Tyreke Evans,29:25,Luke Babbitt,28:25,Anthony Morrow,27:45,Greg Stiemsma,27:23,Jeff Withey,23:37,Al-Farouq Aminu,21:36,Brian Roberts,20:10,88,2,6,0.0,0.0,6.0,100.0,0.0,0.0,Marcus Morris,6,0,2013-2014,0.0,0,0.0,PHO,94,Goran Dragić,,,,,,,,,,,,,38:59,Eric Bledsoe,38:07,P.J. Tucker,32:30,Markieff Morris,28:59,Channing Frye,25:45,Miles Plumlee,24:14,Gerald Green,24:13,Ish Smith,4:54,Shavlik Randolph,4:32
1,.250,4,57.143,1,0.50,104,0,2,66.7,1,.143,0.0,0.0,3.0,7,0,,0,0.000,Logos via Sports Logos.net / About logos,L,https://www.basketball-reference.com/boxscores/201404110SAS.html,Away,112,21:32,1,33.3,SAS,Danny Green,Aron Baynes,3:54,Cory Joseph,0:35,Damion James,0:04,,,,,,,37:55,Boris Diaw,34:01,Kawhi Leonard,33:54,Patty Mills,27:41,Marco Belinelli,27:33,Tony Parker,24:25,Jeff Ayres,19:55,Tiago Splitter,16:04,Austin Daye,13:59,112,3,3,0.0,0.0,3.0,100.0,0.0,0.0,Marcus Morris,8,1,2013-2014,1.0,2,3.0,PHO,104,Eric Bledsoe,,,,,,,,,,,,,37:17,P.J. Tucker,36:51,Gerald Green,35:41,Channing Frye,33:32,Markieff Morris,27:50,Miles Plumlee,24:41,Ish Smith,19:05,Alex Len,2:05,Archie Goodwin,1:26
0,,0,0.000,1,1.00,98,0,1,50.0,3,.750,3.0,75.0,4.0,4,0,,0,0.000,Logos via Sports Logos.net / About logos,L,https://www.basketball-reference.com/boxscores/201404120DAL.html,Away,101,14:44,1,50.0,DAL,Monta Ellis,Jae Crowder,1:58,,,,,,,,,,,43:28,Dirk Nowitzki,39:05,Shawn Marion,33:56,Brandan Wright,32:15,Devin Harris,31:03,Vince Carter,21:01,José Calderón,17:02,Samuel Dalembert,14:26,Shane Larkin,5:46,101,2,6,6.0,100.0,0.0,0.0,0.0,0.0,Marcus Morris,3,1,2013-2014,1.0,1,2.0,PHO,98,Eric Bledsoe,,,,,,,,,,,,,40:39,Goran Dragić,40:29,Channing Frye,34:30,Markieff Morris,31:27,P.J. Tucker,31:19,Gerald Green,27:19,Miles Plumlee,16:33,Ish Smith,3:00,,
0,.000,1,25.000,0,,97,0,3,75.0,1,.250,1.0,33.3,3.0,4,1,.500,2,50.000,Logos via Sports Logos.net / About logos,L,https://www.basketball-reference.com/boxscores/201404140PHO.html,Home,91,19:14,1,25.0,MEM,Zach Randolph,Ed Davis,9:05,,,,,,,,,,,38:46,Mike Conley,37:35,Marc Gasol,37:22,Mike Miller,30:15,Tayshaun Prince,28:17,Tony Allen,20:50,Courtney Lee,17:23,Nick Calathes,10:25,Kosta Koufos,10:02,97,1,3,2.0,66.7,0.0,0.0,1.0,33.3,Marcus Morris,6,0,2013-2014,0.0,0,4.0,PHO,91,Eric Bledsoe,,,,,,,,,,,,,37:24,Goran Dragić,37:08,Miles Plumlee,30:03,Channing Frye,30:02,P.J. Tucker,27:53,Markieff Morris,27:49,Gerald Green,18:32,Shavlik Randolph,8:03,Ish Smith,3:52
2,.500,4,26.667,0,0.00,104,0,5,83.3,7,.467,5.0,45.5,11.0,15,6,.750,8,53.333,Logos via Sports Logos.net / About logos,W,https://www.basketball-reference.com/boxscores/201404160SAC.html,Away,99,31:19,1,16.7,SAC,Ben McLemore,Jared Cunningham,6:29,,,,,,,,,,,42:20,Ray McCallum,31:18,Derrick Williams,30:34,Aaron Gray,26:02,Quincy Acy,24:42,Travis Outlaw,24:37,Jason Thompson,21:09,Isaiah Thomas,16:42,Rudy Gay,16:07,99,5,22,10.0,45.5,6.0,27.3,6.0,27.3,Marcus Morris,5,2,2013-2014,2.0,1,6.0,PHO,104,Archie Goodwin,Miles Plumlee,12:33,Dionte Christmas,7:29,,,,,,,,,31:19,Markieff Morris,27:54,Ish Smith,27:00,Channing Frye,20:30,Eric Bledsoe,16:42,Gerald Green,16:41,P.J. Tucker,16:41,Alex Len,16:18,Shavlik Randolph,15:34
5,.556,9,64.286,1,1.00,99,0,0,0.0,8,.571,3.0,60.0,5.0,14,0,,0,0.000,Logos via Sports Logos.net / About logos,W,https://www.basketball-reference.com/boxscores/201410290PHO.html,Home,119,29:07,1,100.0,LAL,Ed Davis,Robert Sacre,12:00,,,,,,,,,,,32:38,Ronnie Price,29:37,Wesley Johnson,28:21,Kobe Bryant,27:53,Jordan Hill,25:26,Wayne Ellington,24:35,Carlos Boozer,23:01,Jeremy Lin,21:06,Jordan Clarkson,15:23,99,2,21,6.0,28.6,15.0,71.4,0.0,0.0,Marcus Morris,20,1,2014-2015,1.0,1,1.0,PHO,119,Goran Dragić,Anthony Tolliver,11:46,Archie Goodwin,9:48,,,,,,,,,26:12,Eric Bledsoe,26:08,Markieff Morris,25:52,Miles Plumlee,24:48,Gerald Green,22:00,Isaiah Thomas,20:17,Alex Len,18:42,Shavlik Randolph,12:50,Tyler Ennis,12:30
0,.000,4,50.000,2,,89,1,3,100.0,2,.250,2.0,50.0,4.0,8,0,,0,0.000,Logos via Sports Logos.net / About logos,W,https://www.basketball-reference.com/boxscores/201410310PHO.html,Home,94,22:19,0,0.0,SAS,Tony Parker,Aron Baynes,12:11,Jeff Ayres,5:29,,,,,,,,,37:43,Tim Duncan,30:20,Boris Diaw,28:51,Manu Ginóbili,25:05,Kawhi Leonard,23:39,Danny Green,22:14,Marco Belinelli,21:06,Austin Daye,19:09,Cory Joseph,14:13,89,2,4,4.0,100.0,0.0,0.0,0.0,0.0,Marcus Morris,5,1,2014-2015,2.0,0,3.0,PHO,94,Eric Bledsoe,,,,,,,,,,,,,39:11,Goran Dragić,34:28,Markieff Morris,32:52,Alex Len,31:40,Isaiah Thomas,29:09,Gerald Green,18:53,Anthony Tolliver,16:42,Miles Plumlee,14:46,,
2,.400,5,62.500,1,1.00,91,0,1,100.0,5,.625,3.0,100.0,3.0,8,0,,0,0.000,Logos via Sports Logos.net / About logos,L,https://www.basketball-reference.com/boxscores/201411010UTA.html,Away,118,21:53,0,0.0,UTA,Gordon Hayward,Joe Ingles,14:40,Steve Novak,3:20,Ian Clark,1:34,,,,,,,34:29,Alec Burks,32:55,Trey Burke,32:09,Derrick Favors,30:23,Trevor Booker,24:12,Dante Exum,17:37,Rudy Gobert,17:37,Rodney Hood,15:34,Enes Freedom,15:30,118,2,12,6.0,50.0,6.0,50.0,0.0,0.0,Marcus Morris,27,0,2014-2015,0.0,1,1.0,PHO,91,Goran Dragić,Tyler Ennis,5:19,Shavlik Randolph,4:44,,,,,,,,,33:31,Markieff Morris,31:43,Gerald Green,30:21,Eric Bledsoe,29:20,Miles Plumlee,23:31,Isaiah Thomas,21:10,Alex Len,17:48,Anthony Tolliver,10:37,Archie Goodwin,10:03
1,.333,3,30.000,4,1.33,112,0,6,100.0,4,.400,3.0,42.9,7.0,10,3,.750,4,40.000,Logos via Sports Logos.net / About logos,W,https://www.basketball-reference.com/boxscores/201411040LAL.html,Away,106,34:05,0,0.0,LAL,Kobe Bryant,Jordan Clarkson,3:45,,,,,,,,,,,44:15,Jordan Hill,34:29,Wesley Johnson,33:48,Carlos Boozer,28:42,Jeremy Lin,27:12,Wayne Ellington,21:27,Ronnie Price,20:48,Ed Davis,18:29,Ryan Kelly,7:05,106,5,12,6.0,50.0,3.0,25.0,3.0,25.0,Marcus Morris,6,0,2014-2015,0.0,3,6.0,PHO,112,Markieff Morris,,,,,,,,,,,,,31:26,Isaiah Thomas,30:51,Goran Dragić,29:29,Gerald Green,23:18,Eric Bledsoe,21:26,Miles Plumlee,20:39,Alex Len,20:19,P.J. Tucker,19:53,Anthony Tolliver,8:34
0,.000,2,40.000,1,0.50,102,0,1,100.0,2,.400,2.0,66.7,3.0,5,0,,0,0.000,Logos via Sports Logos.net / About logos,L,https://www.basketball-reference.com/boxscores/201411050PHO.html,Home,91,21:30,0,0.0,MEM,Courtney Lee,Vince Carter,9:20,,,,,,,,,,,39:08,Marc Gasol,35:23,Zach Randolph,29:26,Mike Conley,29:13,Quincy Pondexter,26:43,Tony Allen,23:10,Beno Udrih,18:47,Jon Leuer,16:13,Kosta Koufos,12:37,102,2,4,4.0,100.0,0.0,0.0,0.0,0.0,Marcus Morris,11,1,2014-2015,1.0,2,1.0,PHO,91,Eric Bledsoe,Shavlik Randolph,1:51,,,,,,,,,,,36:25,Markieff Morris,33:05,P.J. Tucker,25:57,Goran Dragić,25:37,Isaiah Thomas,25:36,Alex Len,24:26,Gerald Green,19:49,Miles Plumlee,18:06,Anthony Tolliver,7:38
1,.333,3,25.000,2,,114,1,6,85.7,3,.250,2.0,22.2,9.0,12,2,1.000,2,16.667,Logos via Sports Logos.net / About logos,L,https://www.basketball-reference.com/boxscores/201411070PHO.html,Home,112,41:19,1,14.3,SAC,Rudy Gay,Omri Casspi,10:35,Ray McCallum,0:10,Derrick Williams,0:06,,,,,,,47:31,Carl Landry,36:33,DeMarcus Cousins,34:43,Darren Collison,33:10,Jason Thompson,33:02,Ben McLemore,29:29,Nik Stauskas,28:39,Ramon Sessions,24:50,Reggie Evans,11:12,114,2,9,4.0,44.4,3.0,33.3,2.0,22.2,Marcus Morris,2,0,2014-2015,1.0,0,7.0,PHO,112,Goran Dragić,,,,,,,,,,,,,46:19,Eric Bledsoe,42:33,Miles Plumlee,40:47,P.J. Tucker,37:28,Markieff Morris,31:53,Isaiah Thomas,17:19,Gerald Green,13:44,Alex Len,10:27,Shavlik Randolph,8:11
3,.375,8,57.143,0,0.00,95,0,6,66.7,6,.429,3.0,50.0,6.0,14,2,1.000,2,14.286,Logos via Sports Logos.net / About logos,W,https://www.basketball-reference.com/boxscores/201411090PHO.html,Home,107,33:20,3,33.3,GSW,Draymond Green,Brandon Rush,7:06,Ognjen Kuzmić,1:52,,,,,,,,,35:56,Stephen Curry,34:04,Harrison Barnes,31:46,Andre Iguodala,31:08,Leandro Barbosa,30:59,Andrew Bogut,25:33,Shaun Livingston,19:10,Marreese Speights,12:08,Festus Ezeli,10:19,95,4,17,6.0,35.3,9.0,52.9,2.0,11.8,Marcus Morris,12,0,2014-2015,0.0,1,9.0,PHO,107,Miles Plumlee,Archie Goodwin,1:21,T.J. Warren,1:21,,,,,,,,,35:03,Goran Dragić,29:14,P.J. Tucker,29:14,Isaiah Thomas,26:51,Markieff Morris,24:49,Eric Bledsoe,21:37,Gerald Green,18:40,Anthony Tolliver,10:49,Alex Len,7:41
0,.000,1,14.286,0,,104,1,2,50.0,3,.429,3.0,50.0,6.0,7,0,,0,0.000,Logos via Sports Logos.net / About logos,W,https://www.basketball-reference.com/boxscores/201411120PHO.html,Home,112,22:10,2,50.0,BRK,Joe Johnson,Andrei Kirilenko,3:37,Jorge Gutiérrez,0:06,Cory Jefferson,0:06,,,,,,,37:11,Deron Williams,33:52,Bojan Bogdanović,33:08,Mirza Teletović,32:45,Kevin Garnett,27:12,Brook Lopez,25:32,Jarrett Jack,23:36,Alan Anderson,13:26,Mason Plumlee,9:28,104,4,6,6.0,100.0,0.0,0.0,0.0,0.0,Marcus Morris,8,2,2014-2015,3.0,0,4.0,PHO,112,Goran Dragić,,,,,,,,,,,,,34:50,Markieff Morris,33:46,Miles Plumlee,32:24,Gerald Green,26:33,P.J. Tucker,23:40,Eric Bledsoe,23:16,Isaiah Thomas,22:41,Alex Len,11:52,Anthony Tolliver,8:49
2,.333,6,50.000,2,,103,0,6,85.7,6,.500,4.0,66.7,6.0,12,3,.750,4,33.333,Logos via Sports Logos.net / About logos,L,https://www.basketball-reference.com/boxscores/201411140PHO.html,Home,95,28:00,1,14.3,CHO,Lance Stephenson,Bismack Biyombo,14:19,,,,,,,,,,,38:17,Al Jefferson,32:39,Kemba Walker,32:31,Cody Zeller,25:49,Gary Neal,25:15,Marvin Williams,23:13,P.J. Hairston,17:15,Brian Roberts,15:29,Gerald Henderson,15:13,103,6,17,8.0,47.1,6.0,35.3,3.0,17.6,Marcus Morris,8,0,2014-2015,0.0,0,7.0,PHO,95,Eric Bledsoe,,,,,,,,,,,,,37:55,Markieff Morris,36:29,Miles Plumlee,32:54,Goran Dragić,32:01,P.J. Tucker,23:17,Isaiah Thomas,19:41,Alex Len,14:04,Anthony Tolliver,7:58,Gerald Green,7:41
1,.333,3,30.000,2,,107,0,1,33.3,1,.100,0.0,0.0,7.0,10,0,,0,0.000,Logos via Sports Logos.net / About logos,L,https://www.basketball-reference.com/boxscores/201411150LAC.html,Away,120,18:09,2,66.7,LAC,Chris Paul,Glen Davis,3:03,Jared Cunningham,1:46,Ekpe Udoh,1:36,,,,,,,35:54,DeAndre Jordan,34:29,JJ Redick,34:24,Blake Griffin,31:54,Matt Barnes,27:16,Jamal Crawford,26:59,Spencer Hawes,18:16,Jordan Farmar,17:20,Reggie Bullock,7:02,120,2,3,0.0,0.0,3.0,100.0,0.0,0.0,Marcus Morris,13,0,2014-2015,0.0,0,3.0,PHO,107,Eric Bledsoe,Archie Goodwin,1:57,Zoran Dragić,1:57,Shavlik Randolph,1:57,,,,,,,33:53,Goran Dragić,33:03,Gerald Green,28:26,Isaiah Thomas,27:29,Alex Len,25:49,Markieff Morris,23:53,P.J. Tucker,21:16,Miles Plumlee,18:36,Anthony Tolliver,3:35
3,.600,5,62.500,7,3.50,118,0,4,80.0,5,.625,2.0,66.7,3.0,8,0,.000,2,25.000,Logos via Sports Logos.net / About logos,W,https://www.basketball-reference.com/boxscores/201411170BOS.html,Away,114,31:31,1,20.0,BOS,Jeff Green,Marcus Thornton,10:10,,,,,,,,,,,35:39,Rajon Rondo,33:00,Avery Bradley,32:43,Tyler Zeller,27:16,Jared Sullinger,26:49,Brandon Bass,22:53,Evan Turner,21:45,Phil Pressey,16:40,Kelly Olynyk,13:05,114,4,13,4.0,30.8,9.0,69.2,0.0,0.0,Marcus Morris,4,1,2014-2015,1.0,2,5.0,PHO,118,Markieff Morris,,,,,,,,,,,,,39:17,Goran Dragić,32:29,Eric Bledsoe,30:11,Alex Len,28:44,Isaiah Thomas,21:27,Gerald Green,19:55,Miles Plumlee,19:16,T.J. Warren,12:04,Anthony Tolliver,5:06
1,.333,3,42.857,1,,88,0,0,0.0,2,.286,1.0,25.0,4.0,7,0,,0,0.000,Logos via Sports Logos.net / About logos,W,https://www.basketball-reference.com/boxscores/201411190DET.html,Away,86,22:21,1,100.0,DET,Brandon Jennings,Spencer Dinwiddie,13:57,,,,,,,,,,,34:41,Greg Monroe,33:32,Kentavious Caldwell-Pope,27:53,Andre Drummond,25:11,Josh Smith,22:40,D.J. Augustin,22:24,Caron Butler,21:39,Jonas Jerebko,21:11,Kyle Singler,16:52,86,0,5,2.0,40.0,3.0,60.0,0.0,0.0,Marcus Morris,2,1,2014-2015,1.0,0,1.0,PHO,88,Eric Bledsoe,,,,,,,,,,,,,36:18,Goran Dragić,31:05,P.J. Tucker,30:27,Markieff Morris,29:12,Miles Plumlee,23:17,Isaiah Thomas,22:36,Gerald Green,22:21,Alex Len,16:23,T.J. Warren,6:00
3,.500,6,66.667,0,0.00,122,0,4,100.0,4,.444,1.0,33.3,3.0,9,0,,0,0.000,Logos via Sports Logos.net / About logos,W,https://www.basketball-reference.com/boxscores/201411210PHI.html,Away,96,17:42,0,0.0,PHI,K.J. McDaniels,Robert Covington,14:02,Drew Gordon,10:13,,,,,,,,,28:29,Nerlens Noel,27:44,Michael Carter-Williams,27:34,Brandon Davies,27:32,Tony Wroten,24:38,Luc Mbah a Moute,22:40,Henry Sims,21:10,Hollis Thompson,18:00,Alexey Shved,17:58,96,1,11,2.0,18.2,9.0,81.8,0.0,0.0,Marcus Morris,26,0,2014-2015,0.0,1,4.0,PHO,122,Isaiah Thomas,Miles Plumlee,11:21,Gerald Green,10:34,Shavlik Randolph,10:33,,,,,,,24:15,Markieff Morris,22:50,Anthony Tolliver,22:34,P.J. Tucker,22:25,Eric Bledsoe,21:38,Goran Dragić,21:36,T.J. Warren,19:44,Alex Len,19:00,Archie Goodwin,15:48
1,1.000,1,12.500,0,,106,2,0,,2,.250,1.0,14.3,7.0,8,1,1.000,1,12.500,Logos via Sports Logos.net / About logos,W,https://www.basketball-reference.com/boxscores/201411220IND.html,Away,83,15:16,0,,IND,Solomon Hill,Roy Hibbert,6:54,Shayne Whittington,6:45,,,,,,,,,35:13,Chris Copeland,30:01,Donald Sloan,28:58,Luis Scola,26:31,Ian Mahinmi,25:50,Lavoy Allen,22:42,A.J. Price,21:23,Rodney Stuckey,19:49,Damjan Rudež,15:54,83,1,6,2.0,33.3,3.0,50.0,1.0,16.7,Marcus Morris,23,0,2014-2015,2.0,0,0.0,PHO,106,Eric Bledsoe,Archie Goodwin,5:11,T.J. Warren,5:11,Shavlik Randolph,4:21,,,,,,,25:23,P.J. Tucker,25:06,Markieff Morris,24:12,Anthony Tolliver,23:48,Goran Dragić,22:58,Miles Plumlee,22:47,Isaiah Thomas,22:47,Gerald Green,22:08,Alex Len,20:52
1,.250,4,57.143,0,0.00,100,0,1,50.0,2,.286,1.0,33.3,3.0,7,0,,0,0.000,Logos via Sports Logos.net / About logos,L,https://www.basketball-reference.com/boxscores/201411240TOR.html,Away,104,18:48,1,50.0,TOR,Kyle Lowry,James Johnson,3:56,,,,,,,,,,,37:42,DeMar DeRozan,36:30,Jonas Valančiūnas,32:28,Terrence Ross,29:17,Lou Williams,25:30,Amir Johnson,24:47,Patrick Patterson,24:25,Greivis Vásquez,16:03,Chuck Hayes,9:22,104,3,5,2.0,40.0,3.0,60.0,0.0,0.0,Marcus Morris,4,0,2014-2015,0.0,2,2.0,PHO,100,Markieff Morris,Miles Plumlee,5:12,,,,,,,,,,,37:21,Eric Bledsoe,37:15,P.J. Tucker,31:41,Gerald Green,30:03,Isaiah Thomas,21:35,Goran Dragić,21:14,Alex Len,20:26,Anthony Tolliver,10:39,Shavlik Randolph,5:46
2,.667,3,33.333,1,1.00,112,0,5,100.0,5,.556,3.0,50.0,6.0,9,2,.500,4,44.444,Logos via Sports Logos.net / About logos,W,https://www.basketball-reference.com/boxscores/201411260PHO.html,Home,120,31:50,0,0.0,DEN,Ty Lawson,Danilo Gallinari,8:44,,,,,,,,,,,40:25,Arron Afflalo,34:39,Timofey Mozgov,31:44,Wilson Chandler,31:38,Kenneth Faried,29:24,Alonzo Gee,18:10,Darrell Arthur,17:06,Nate Robinson,14:20,J.J. Hickson,13:50,112,2,14,6.0,42.9,6.0,42.9,2.0,14.3,Marcus Morris,8,0,2014-2015,0.0,1,5.0,PHO,120,Eric Bledsoe,,,,,,,,,,,,,37:44,Markieff Morris,35:51,Goran Dragić,35:30,Miles Plumlee,30:04,P.J. Tucker,26:52,Gerald Green,26:10,Alex Len,11:41,Anthony Tolliver,4:18,,
0,.000,1,25.000,1,,97,0,3,75.0,3,.750,3.0,100.0,3.0,4,2,1.000,2,50.000,Logos via Sports Logos.net / About logos,L,https://www.basketball-reference.com/boxscores/201411280DEN.html,Away,122,14:04,1,25.0,DEN,Ty Lawson,Nate Robinson,14:40,Alonzo Gee,8:31,Erick Green,5:56,Jusuf Nurkić,5:56,,,,,28:18,Wilson Chandler,24:47,Arron Afflalo,23:36,Gary Harris,23:30,Danilo Gallinari,23:13,Timofey Mozgov,21:18,Kenneth Faried,20:28,J.J. Hickson,20:26,Darrell Arthur,19:21,122,4,8,6.0,75.0,0.0,0.0,2.0,25.0,Marcus Morris,25,0,2014-2015,0.0,0,4.0,PHO,97,Eric Bledsoe,Tyler Ennis,14:59,Anthony Tolliver,14:59,Shavlik Randolph,5:56,,,,,,,27:10,Goran Dragić,24:11,Markieff Morris,23:22,T.J. Warren,23:09,P.J. Tucker,20:26,Gerald Green,20:24,Alex Len,18:37,Miles Plumlee,17:18,Archie Goodwin,15:25
0,.000,1,16.667,1,,93,0,4,80.0,1,.167,1.0,20.0,5.0,6,2,.500,4,66.667,Logos via Sports Logos.net / About logos,L,https://www.basketball-reference.com/boxscores/201411300PHO.html,Home,90,20:01,1,20.0,ORL,Victor Oladipo,,,,,,,,,,,,,36:44,Nikola Vučević,34:19,Tobias Harris,34:00,Evan Fournier,33:38,Elfrid Payton,27:14,Channing Frye,26:46,Willie Green,18:57,Ben Gordon,14:22,Kyle O'Quinn,14:00,93,0,4,2.0,50.0,0.0,0.0,2.0,50.0,Marcus Morris,3,0,2014-2015,0.0,0,5.0,PHO,90,Goran Dragić,,,,,,,,,,,,,40:55,Markieff Morris,38:44,Eric Bledsoe,34:38,P.J. Tucker,29:44,Gerald Green,26:12,Miles Plumlee,25:14,Alex Len,15:51,Anthony Tolliver,7:31,Archie Goodwin,1:10
0,,0,0.000,0,0.00,99,0,6,100.0,3,.600,3.0,60.0,5.0,5,1,.500,2,40.000,Logos via Sports Logos.net / About logos,W,https://www.basketball-reference.com/boxscores/201412020PHO.html,Home,116,23:09,0,0.0,IND,Roy Hibbert,Ian Mahinmi,15:04,Lavoy Allen,2:14,Damjan Rudež,2:14,Shayne Whittington,2:14,,,,,30:42,Solomon Hill,29:11,David West,26:46,C.J. Watson,25:29,Chris Copeland,24:24,Donald Sloan,22:31,C.J. Miles,20:35,Rodney Stuckey,19:36,Luis Scola,19:00,99,4,7,6.0,85.7,0.0,0.0,1.0,14.3,Marcus Morris,17,0,2014-2015,0.0,1,6.0,PHO,116,Eric Bledsoe,Archie Goodwin,2:14,Tyler Ennis,2:14,Shavlik Randolph,1:53,,,,,,,38:33,Goran Dragić,35:12,Markieff Morris,29:34,Miles Plumlee,27:35,P.J. Tucker,22:37,Gerald Green,21:14,Anthony Tolliver,18:26,Alex Len,15:05,T.J. Warren,2:14
1,.500,2,22.222,1,1.00,118,0,5,100.0,5,.556,4.0,57.1,7.0,9,0,,0,0.000,Logos via Sports Logos.net / About logos,W,https://www.basketball-reference.com/boxscores/201412050DAL.html,Away,106,22:36,0,0.0,DAL,Monta Ellis,Al-Farouq Aminu,10:23,Jae Crowder,2:32,Greg Smith,0:48,Charlie Villanueva,0:48,,,,,36:55,Chandler Parsons,34:03,Dirk Nowitzki,31:41,Tyson Chandler,31:08,Jameer Nelson,24:14,Devin Harris,23:39,Richard Jefferson,17:20,Brandan Wright,15:56,J.J. Barea,10:32,106,3,11,8.0,72.7,3.0,27.3,0.0,0.0,Marcus Morris,12,0,2014-2015,0.0,1,5.0,PHO,118,Eric Bledsoe,,,,,,,,,,,,,40:27,Goran Dragić,37:27,Markieff Morris,36:08,P.J. Tucker,34:27,Gerald Green,25:01,Miles Plumlee,22:35,Alex Len,11:15,Anthony Tolliver,10:04,,
1,.333,3,33.333,1,,95,1,3,60.0,2,.222,1.0,16.7,6.0,9,1,.500,2,22.222,Logos via Sports Logos.net / About logos,L,https://www.basketball-reference.com/boxscores/201412060HOU.html,Away,100,25:35,2,40.0,HOU,Trevor Ariza,,,,,,,,,,,,,43:27,James Harden,39:11,Jason Terry,38:45,Donatas Motiejūnas,34:39,Patrick Beverley,26:55,Nick Johnson,22:06,Tarik Black,16:45,Joey Dorsey,9:30,Francisco García,8:42,100,0,6,2.0,33.3,3.0,50.0,1.0,16.7,Marcus Morris,5,3,2014-2015,4.0,0,5.0,PHO,95,Goran Dragić,,,,,,,,,,,,,40:46,Eric Bledsoe,35:35,P.J. Tucker,33:08,Markieff Morris,30:56,Gerald Green,24:07,Alex Len,17:21,Miles Plumlee,14:16,T.J. Warren,14:03,Anthony Tolliver,4:13
3,.600,5,62.500,2,1.00,120,0,3,75.0,4,.500,1.0,33.3,3.0,8,0,,0,0.000,Logos via Sports Logos.net / About logos,L,https://www.basketball-reference.com/boxscores/201412080LAC.html,Away,121,23:04,1,25.0,LAC,Chris Paul,Jared Cunningham,4:30,,,,,,,,,,,43:22,JJ Redick,43:00,Blake Griffin,42:32,DeAndre Jordan,41:32,Matt Barnes,38:52,Jamal Crawford,18:51,Spencer Hawes,16:06,Hedo Türkoğlu,10:31,Glen Davis,5:44,121,1,11,2.0,18.2,9.0,81.8,0.0,0.0,Marcus Morris,1,0,2014-2015,0.0,2,4.0,PHO,120,Eric Bledsoe,,,,,,,,,,,,,45:22,Goran Dragić,38:56,Gerald Green,31:40,P.J. Tucker,30:31,Markieff Morris,27:54,Alex Len,26:20,Anthony Tolliver,23:41,Miles Plumlee,17:32,,
5,.833,6,46.154,4,2.00,103,0,3,60.0,10,.769,5.0,71.4,7.0,13,0,,0,0.000,Logos via Sports Logos.net / About logos,L,https://www.basketball-reference.com/boxscores/201412090PHO.html,Home,97,37:01,2,40.0,MIA,Chris Bosh,Shabazz Napier,3:03,,,,,,,,,,,36:40,Dwyane Wade,34:20,Luol Deng,33:30,Josh McRoberts,33:02,Norris Cole,30:49,Mario Chalmers,28:03,Udonis Haslem,19:14,James Ennis III,14:30,Shawne Williams,6:49,103,3,25,10.0,40.0,15.0,60.0,0.0,0.0,Marcus Morris,6,2,2014-2015,2.0,2,5.0,PHO,97,Eric Bledsoe,,,,,,,,,,,,,35:54,Goran Dragić,34:26,Markieff Morris,31:30,Gerald Green,21:23,Alex Len,20:38,P.J. Tucker,18:41,Miles Plumlee,18:33,Anthony Tolliver,16:11,Tyler Ennis,5:43
1,.250,4,44.444,1,,105,0,1,100.0,3,.333,2.0,40.0,5.0,9,3,1.000,3,33.333,Logos via Sports Logos.net / About logos,L,https://www.basketball-reference.com/boxscores/201412120PHO.html,Home,103,20:50,0,0.0,DET,Josh Smith,Kyle Singler,11:30,,,,,,,,,,,34:07,Andre Drummond,30:27,Kentavious Caldwell-Pope,29:48,Brandon Jennings,28:40,Greg Monroe,24:51,D.J. Augustin,24:00,Jodie Meeks,21:38,Caron Butler,21:06,Jonas Jerebko,13:53,105,2,10,4.0,40.0,3.0,30.0,3.0,30.0,Marcus Morris,2,0,2014-2015,0.0,0,1.0,PHO,103,P.J. Tucker,,,,,,,,,,,,,32:31,Markieff Morris,32:02,Goran Dragić,32:00,Eric Bledsoe,30:54,Isaiah Thomas,28:02,Miles Plumlee,27:20,Gerald Green,20:39,Alex Len,12:03,Anthony Tolliver,3:39
1,.167,6,46.154,3,,88,0,1,100.0,4,.308,3.0,42.9,7.0,13,1,1.000,1,7.692,Logos via Sports Logos.net / About logos,L,https://www.basketball-reference.com/boxscores/201412140OKC.html,Away,112,18:43,0,0.0,OKC,Anthony Morrow,Nick Collison,15:54,Ish Smith,8:05,Mitch McGary,7:15,,,,,,,29:08,Russell Westbrook,26:31,Steven Adams,24:39,Kevin Durant,24:20,Kendrick Perkins,23:21,Perry Jones,22:13,Reggie Jackson,20:32,Andre Roberson,19:21,Serge Ibaka,18:41,112,1,10,6.0,60.0,3.0,30.0,1.0,10.0,Marcus Morris,24,2,2014-2015,2.0,0,1.0,PHO,88,Gerald Green,Anthony Tolliver,11:00,Tyler Ennis,10:16,Markieff Morris,10:00,,,,,,,26:06,Miles Plumlee,24:23,P.J. Tucker,23:00,Eric Bledsoe,21:43,Isaiah Thomas,20:13,T.J. Warren,19:46,Archie Goodwin,18:59,Shavlik Randolph,18:01,Alex Len,17:50
1,.250,4,66.667,0,0.00,96,0,4,66.7,2,.333,1.0,50.0,2.0,6,0,,0,0.000,Logos via Sports Logos.net / About logos,L,https://www.basketball-reference.com/boxscores/201412150PHO.html,Home,94,14:26,2,33.3,MIL,Brandon Knight,Kendall Marshall,9:22,,,,,,,,,,,38:38,Jared Dudley,31:23,Zaza Pachulia,28:54,Khris Middleton,28:51,Jerryd Bayless,26:20,O.J. Mayo,24:58,Giannis Antetokounmpo,23:36,Jabari Parker,14:52,Larry Sanders,13:07,96,2,5,2.0,40.0,3.0,60.0,0.0,0.0,Marcus Morris,2,1,2014-2015,1.0,2,6.0,PHO,94,Gerald Green,,,,,,,,,,,,,39:34,Markieff Morris,36:50,Eric Bledsoe,36:05,P.J. Tucker,35:49,Isaiah Thomas,26:04,Alex Len,19:08,Miles Plumlee,18:36,Anthony Tolliver,9:44,T.J. Warren,3:44
0,,0,0.000,2,,111,0,5,100.0,4,.800,4.0,80.0,5.0,5,0,,0,0.000,Logos via Sports Logos.net / About logos,W,https://www.basketball-reference.com/boxscores/201412170CHO.html,Away,106,24:48,0,0.0,CHO,Kemba Walker,Bismack Biyombo,7:26,,,,,,,,,,,38:13,Al Jefferson,35:34,Michael Kidd-Gilchrist,27:19,Gary Neal,26:57,Lance Stephenson,25:00,Cody Zeller,23:47,Marvin Williams,23:05,Gerald Henderson,22:52,Brian Roberts,9:47,106,3,8,8.0,100.0,0.0,0.0,0.0,0.0,Marcus Morris,5,0,2014-2015,0.0,0,5.0,PHO,111,Eric Bledsoe,,,,,,,,,,,,,39:24,Goran Dragić,37:07,Isaiah Thomas,28:24,P.J. Tucker,27:48,Markieff Morris,23:30,Gerald Green,21:00,Miles Plumlee,19:12,Alex Len,18:47,,
3,.600,5,71.429,0,0.00,99,0,1,100.0,3,.429,0.0,0.0,2.0,7,0,,0,0.000,Logos via Sports Logos.net / About logos,W,https://www.basketball-reference.com/boxscores/201412200NYK.html,Away,90,15:48,0,0.0,NYK,Carmelo Anthony,Travis Wear,10:05,,,,,,,,,,,40:22,José Calderón,35:08,Tim Hardaway Jr.,34:23,Pablo Prigioni,29:44,Samuel Dalembert,26:36,Jason Smith,17:23,Quincy Acy,16:54,Cole Aldrich,16:33,Shane Larkin,12:52,90,1,9,0.0,0.0,9.0,100.0,0.0,0.0,Marcus Morris,9,0,2014-2015,0.0,1,1.0,PHO,99,Eric Bledsoe,,,,,,,,,,,,,36:27,P.J. Tucker,34:25,Markieff Morris,33:20,Isaiah Thomas,31:56,Goran Dragić,31:25,Alex Len,20:49,Gerald Green,18:41,Miles Plumlee,17:09,,
1,.500,2,22.222,1,1.00,104,0,0,,5,.556,4.0,57.1,7.0,9,0,.000,2,22.222,Logos via Sports Logos.net / About logos,W,https://www.basketball-reference.com/boxscores/201412210WAS.html,Away,92,29:12,0,,WAS,John Wall,Andre Miller,8:41,Garrett Temple,1:35,Drew Gooden,0:50,,,,,,,38:18,Rasual Butler,31:42,Kevin Séraphin,27:48,Paul Pierce,27:08,Bradley Beal,26:36,Nenê,21:31,Marcin Gortat,20:12,Kris Humphries,20:12,Otto Porter Jr.,15:28,92,2,11,8.0,72.7,3.0,27.3,0.0,0.0,Marcus Morris,12,0,2014-2015,0.0,1,0.0,PHO,104,Markieff Morris,,,,,,,,,,,,,35:37,Goran Dragić,30:48,Eric Bledsoe,28:48,Isaiah Thomas,24:01,Alex Len,23:33,Miles Plumlee,21:27,P.J. Tucker,18:48,Gerald Green,17:43,Shavlik Randolph,10:03
0,.000,1,16.667,0,,115,1,4,66.7,2,.333,2.0,40.0,5.0,6,0,,0,0.000,Logos via Sports Logos.net / About logos,W,https://www.basketball-reference.com/boxscores/201412230PHO.html,Home,124,17:31,2,33.3,DAL,Monta Ellis,Greg Smith,12:31,Dwight Powell,0:38,,,,,,,,,35:25,Tyson Chandler,33:39,Rajon Rondo,30:44,Dirk Nowitzki,28:52,Chandler Parsons,25:02,Richard Jefferson,22:58,Charlie Villanueva,20:20,Devin Harris,17:16,J.J. Barea,12:35,115,4,4,4.0,100.0,0.0,0.0,0.0,0.0,Marcus Morris,9,0,2014-2015,1.0,0,6.0,PHO,124,Goran Dragić,,,,,,,,,,,,,38:58,Eric Bledsoe,34:45,Alex Len,27:48,Isaiah Thomas,27:33,P.J. Tucker,27:06,Markieff Morris,27:00,Gerald Green,22:34,Miles Plumlee,16:44,,
6,.857,7,58.333,5,5.00,115,0,6,66.7,7,.583,1.0,20.0,5.0,12,0,,0,0.000,Logos via Sports Logos.net / About logos,W,https://www.basketball-reference.com/boxscores/201412260SAC.html,Away,106,28:16,3,33.3,SAC,Darren Collison,Nik Stauskas,8:43,,,,,,,,,,,36:15,Ben McLemore,35:02,Rudy Gay,34:28,Reggie Evans,31:35,Ray McCallum,26:28,Derrick Williams,22:28,Omri Casspi,17:43,Carl Landry,14:53,Jason Thompson,12:25,106,0,20,2.0,10.0,18.0,90.0,0.0,0.0,Marcus Morris,9,1,2014-2015,1.0,1,9.0,PHO,115,Eric Bledsoe,Shavlik Randolph,1:10,,,,,,,,,,,33:51,P.J. Tucker,32:42,Goran Dragić,32:09,Markieff Morris,30:26,Isaiah Thomas,29:03,Alex Len,23:27,Miles Plumlee,16:41,Gerald Green,11:05,Zoran Dragić,1:10
0,,0,0.000,1,,116,0,4,100.0,4,.667,4.0,66.7,6.0,6,1,.500,2,33.333,Logos via Sports Logos.net / About logos,W,https://www.basketball-reference.com/boxscores/201412280LAL.html,Away,107,18:26,0,0.0,LAL,Ed Davis,Robert Sacre,14:04,,,,,,,,,,,33:56,Kobe Bryant,32:12,Wesley Johnson,28:22,Jeremy Lin,25:58,Nick Young,25:10,Ronnie Price,22:02,Carlos Boozer,22:00,Jordan Hill,21:32,Wayne Ellington,14:44,107,1,9,8.0,88.9,0.0,0.0,1.0,11.1,Marcus Morris,9,0,2014-2015,0.0,0,4.0,PHO,116,Markieff Morris,,,,,,,,,,,,,33:58,Goran Dragić,33:57,Eric Bledsoe,32:28,P.J. Tucker,28:09,Isaiah Thomas,25:12,Alex Len,25:10,Miles Plumlee,20:04,Gerald Green,17:29,Shavlik Randolph,5:07
2,.400,5,71.429,1,1.00,106,1,1,33.3,3,.429,1.0,50.0,2.0,7,0,,0,0.000,Logos via Sports Logos.net / About logos,L,https://www.basketball-reference.com/boxscores/201412300NOP.html,Away,110,20:21,2,66.7,NOP,Anthony Davis,,,,,,,,,,,,,42:14,Tyreke Evans,35:15,Jrue Holiday,32:09,Ryan Anderson,27:44,Ömer Aşık,24:55,Dante Cunningham,23:42,Austin Rivers,21:39,Jimmer Fredette,21:06,Luke Babbitt,11:16,110,3,8,2.0,25.0,6.0,75.0,0.0,0.0,Marcus Morris,4,3,2014-2015,4.0,1,3.0,PHO,106,Eric Bledsoe,,,,,,,,,,,,,36:49,Goran Dragić,35:51,P.J. Tucker,31:11,Markieff Morris,28:34,Gerald Green,24:38,Isaiah Thomas,24:21,Alex Len,20:01,Miles Plumlee,18:14,,
2,.667,3,27.273,1,,134,1,4,80.0,7,.636,5.0,62.5,8.0,11,2,1.000,2,18.182,Logos via Sports Logos.net / About logos,L,https://www.basketball-reference.com/boxscores/201412310OKC.html,Away,137,31:08,1,20.0,OKC,Reggie Jackson,Ish Smith,10:50,,,,,,,,,,,40:55,Kevin Durant,39:41,Serge Ibaka,38:13,Anthony Morrow,28:56,Steven Adams,27:46,Perry Jones,23:42,Kendrick Perkins,20:00,Andre Roberson,17:41,Russell Westbrook,17:16,137,6,18,10.0,55.6,6.0,33.3,2.0,11.1,Marcus Morris,3,1,2014-2015,2.0,0,5.0,PHO,134,Goran Dragić,,,,,,,,,,,,,43:46,Eric Bledsoe,42:01,P.J. Tucker,34:30,Markieff Morris,34:22,Gerald Green,25:30,Alex Len,21:29,Isaiah Thomas,16:21,Miles Plumlee,15:54,,
1,.333,3,37.500,3,1.00,96,0,3,60.0,4,.500,3.0,60.0,5.0,8,0,,0,0.000,Logos via Sports Logos.net / About logos,W,https://www.basketball-reference.com/boxscores/201501020PHO.html,Home,112,24:36,2,40.0,PHI,Michael Carter-Williams,JaKarr Sampson,2:10,Furkan Aldemir,2:10,,,,,,,,,34:59,Robert Covington,34:07,Tony Wroten,33:12,Luc Mbah a Moute,32:01,K.J. McDaniels,26:03,Jerami Grant,24:13,Nerlens Noel,21:51,Henry Sims,18:03,Malcolm Thomas,11:11,96,2,9,6.0,66.7,3.0,33.3,0.0,0.0,Marcus Morris,16,0,2014-2015,0.0,3,5.0,PHO,112,Goran Dragić,Zoran Dragić,2:41,Archie Goodwin,2:10,Shavlik Randolph,2:10,,,,,,,35:27,Eric Bledsoe,30:34,P.J. Tucker,24:27,Miles Plumlee,23:32,Isaiah Thomas,23:11,Gerald Green,21:59,Markieff Morris,21:42,Alex Len,16:27,T.J. Warren,11:04
0,.000,4,40.000,1,,109,0,0,,5,.500,5.0,83.3,6.0,10,0,,0,0.000,Logos via Sports Logos.net / About logos,W,https://www.basketball-reference.com/boxscores/201501040PHO.html,Home,125,21:25,0,,TOR,Kyle Lowry,Tyler Hansbrough,9:14,Lucas Nogueira,5:41,,,,,,,,,34:09,Jonas Valančiūnas,32:47,Lou Williams,28:06,Terrence Ross,26:44,James Johnson,25:50,Patrick Patterson,22:16,Greivis Vásquez,22:05,Amir Johnson,16:49,Landry Fields,16:19,109,3,10,10.0,100.0,0.0,0.0,0.0,0.0,Marcus Morris,16,0,2014-2015,0.0,0,0.0,PHO,125,Eric Bledsoe,Shavlik Randolph,6:47,T.J. Warren,4:10,Tyler Ennis,4:10,,,,,,,29:42,Markieff Morris,29:27,Goran Dragić,28:37,P.J. Tucker,23:43,Miles Plumlee,23:09,Isaiah Thomas,23:03,Gerald Green,21:40,Alex Len,15:12,Archie Goodwin,8:55
0,.000,3,50.000,2,2.00,102,0,0,,2,.333,2.0,66.7,3.0,6,2,.667,3,50.000,Logos via Sports Logos.net / About logos,W,https://www.basketball-reference.com/boxscores/201501060MIL.html,Away,96,19:28,0,,MIL,Brandon Knight,Kendall Marshall,13:06,,,,,,,,,,,34:54,Giannis Antetokounmpo,34:12,Khris Middleton,30:27,John Henson,24:03,Jerryd Bayless,24:00,Zaza Pachulia,23:57,Jared Dudley,23:56,O.J. Mayo,17:33,Johnny O'Bryant,13:52,96,1,6,4.0,66.7,0.0,0.0,2.0,33.3,Marcus Morris,6,0,2014-2015,0.0,1,0.0,PHO,102,Goran Dragić,,,,,,,,,,,,,38:49,Eric Bledsoe,37:47,Markieff Morris,34:30,Isaiah Thomas,31:18,P.J. Tucker,26:40,Alex Len,23:59,Gerald Green,16:04,Miles Plumlee,11:25,,
0,.000,1,14.286,0,0.00,113,0,0,,4,.571,4.0,66.7,6.0,7,0,,0,0.000,Logos via Sports Logos.net / About logos,W,https://www.basketball-reference.com/boxscores/201501070MIN.html,Away,111,14:29,0,,MIN,Andrew Wiggins,,,,,,,,,,,,,38:59,Gorgui Dieng,37:38,Mo Williams,35:22,Shabazz Muhammad,32:54,Thaddeus Young,28:57,Chase Budinger,24:07,Anthony Bennett,22:14,Zach LaVine,12:38,Robbie Hummel,7:11,111,2,8,8.0,100.0,0.0,0.0,0.0,0.0,Marcus Morris,2,0,2014-2015,0.0,1,0.0,PHO,113,Goran Dragić,,,,,,,,,,,,,37:44,Markieff Morris,35:04,Eric Bledsoe,32:44,Isaiah Thomas,31:13,Alex Len,27:02,P.J. Tucker,27:02,Gerald Green,22:39,Miles Plumlee,12:03,,
0,.000,2,33.333,2,1.00,95,0,3,75.0,3,.500,3.0,75.0,4.0,6,0,,0,0.000,Logos via Sports Logos.net / About logos,L,https://www.basketball-reference.com/boxscores/201501090SAS.html,Away,100,16:40,1,25.0,SAS,Danny Green,Manu Ginóbili,10:19,Matt Bonner,9:39,Kyle Anderson,3:21,,,,,,,34:50,Tiago Splitter,31:12,Patty Mills,28:11,Tim Duncan,24:12,Cory Joseph,23:54,Marco Belinelli,23:36,Tony Parker,22:16,Boris Diaw,14:18,Jeff Ayres,14:13,100,3,6,6.0,100.0,0.0,0.0,0.0,0.0,Marcus Morris,5,2,2014-2015,2.0,2,4.0,PHO,95,Eric Bledsoe,,,,,,,,,,,,,38:59,Goran Dragić,33:30,Alex Len,29:19,Markieff Morris,29:00,P.J. Tucker,26:17,Isaiah Thomas,25:49,Gerald Green,24:48,Miles Plumlee,15:38,,
1,.200,5,41.667,1,1.00,110,0,5,55.6,5,.417,4.0,57.1,7.0,12,0,.000,1,8.333,Logos via Sports Logos.net / About logos,L,https://www.basketball-reference.com/boxscores/201501110MEM.html,Away,122,27:02,4,44.4,MEM,Courtney Lee,Jon Leuer,10:52,,,,,,,,,,,44:17,Zach Randolph,42:21,Mike Conley,42:01,Marc Gasol,41:46,Tony Allen,41:00,Kosta Koufos,18:11,Vince Carter,17:00,Beno Udrih,16:23,Nick Calathes,16:09,122,0,11,8.0,72.7,3.0,27.3,0.0,0.0,Marcus Morris,12,1,2014-2015,1.0,1,9.0,PHO,110,Eric Bledsoe,,,,,,,,,,,,,42:27,Isaiah Thomas,40:32,Markieff Morris,36:36,P.J. Tucker,35:12,Goran Dragić,32:44,Alex Len,30:36,Gerald Green,19:57,Brandan Wright,15:06,Miles Plumlee,9:48
1,.333,3,33.333,2,2.00,100,0,0,0.0,4,.444,3.0,50.0,6.0,9,0,,0,0.000,Logos via Sports Logos.net / About logos,W,https://www.basketball-reference.com/boxscores/201501130PHO.html,Home,107,20:19,2,100.0,CLE,Kyrie Irving,Matthew Dellavedova,4:43,,,,,,,,,,,44:02,J.R. Smith,38:30,LeBron James,36:41,Tristan Thompson,31:59,Kevin Love,26:43,Shawn Marion,21:46,Timofey Mozgov,16:14,James Jones,11:30,Mike Miller,7:53,100,2,9,6.0,66.7,3.0,33.3,0.0,0.0,Marcus Morris,7,1,2014-2015,1.0,1,2.0,PHO,107,Markieff Morris,,,,,,,,,,,,,38:24,Eric Bledsoe,37:48,Alex Len,37:21,Goran Dragić,32:56,P.J. Tucker,31:13,Isaiah Thomas,18:21,Brandan Wright,13:11,Gerald Green,7:30,Miles Plumlee,2:59
0,.000,2,28.571,1,0.50,99,0,5,83.3,4,.571,4.0,80.0,5.0,7,0,,0,0.000,Logos via Sports Logos.net / About logos,W,https://www.basketball-reference.com/boxscores/201501160PHO.html,Home,110,18:31,1,16.7,MIN,Mo Williams,Miroslav Raduljica,4:33,Glenn Robinson III,2:11,,,,,,,,,39:24,Thaddeus Young,37:05,Andrew Wiggins,36:04,Gorgui Dieng,33:33,Anthony Bennett,26:39,Chase Budinger,25:21,Robbie Hummel,17:04,Zach LaVine,11:26,Troy Daniels,6:40,99,2,8,8.0,100.0,0.0,0.0,0.0,0.0,Marcus Morris,11,0,2014-2015,0.0,2,6.0,PHO,110,Goran Dragić,T.J. Warren,4:52,,,,,,,,,,,34:12,Markieff Morris,32:27,Eric Bledsoe,27:39,P.J. Tucker,24:03,Gerald Green,23:40,Isaiah Thomas,23:33,Alex Len,21:49,Brandan Wright,19:52,Miles Plumlee,9:22
2,.400,5,71.429,1,,100,1,3,100.0,2,.286,0.0,0.0,2.0,7,1,.500,2,28.571,Logos via Sports Logos.net / About logos,W,https://www.basketball-reference.com/boxscores/201501190PHO.html,Home,115,18:49,0,0.0,LAL,Jeremy Lin,Jordan Clarkson,17:28,,,,,,,,,,,30:32,Wesley Johnson,29:53,Jordan Hill,26:44,Nick Young,26:22,Carlos Boozer,26:16,Ed Davis,21:44,Wayne Ellington,21:38,Tarik Black,21:16,Ryan Kelly,18:07,100,2,7,0.0,0.0,6.0,85.7,1.0,14.3,Marcus Morris,15,0,2014-2015,1.0,0,3.0,PHO,115,Goran Dragić,,,,,,,,,,,,,36:05,Eric Bledsoe,31:15,Isaiah Thomas,30:09,P.J. Tucker,28:16,Markieff Morris,27:07,Brandan Wright,23:37,Gerald Green,18:53,Alex Len,18:52,Miles Plumlee,6:57
1,.250,4,57.143,1,0.50,113,0,1,100.0,4,.571,3.0,100.0,3.0,7,0,,0,0.000,Logos via Sports Logos.net / About logos,W,https://www.basketball-reference.com/boxscores/201501210PHO.html,Home,118,17:49,0,0.0,POR,Damian Lillard,CJ McCollum,8:36,,,,,,,,,,,40:37,Nicolas Batum,39:23,Wesley Matthews,36:03,Dorell Wright,34:53,Chris Kaman,21:08,Meyers Leonard,18:41,Thomas Robinson,16:44,Will Barton,13:51,Steve Blake,10:04,113,2,9,6.0,66.7,3.0,33.3,0.0,0.0,Marcus Morris,5,1,2014-2015,1.0,2,1.0,PHO,118,Eric Bledsoe,,,,,,,,,,,,,34:24,P.J. Tucker,33:37,Goran Dragić,32:40,Markieff Morris,29:28,Isaiah Thomas,28:06,Alex Len,19:23,Brandan Wright,18:59,Gerald Green,15:54,Miles Plumlee,9:40
2,.667,3,33.333,2,2.00,113,0,5,83.3,5,.556,3.0,50.0,6.0,9,0,,0,0.000,Logos via Sports Logos.net / About logos,L,https://www.basketball-reference.com/boxscores/201501230PHO.html,Home,111,23:48,1,16.7,HOU,James Harden,Dwight Howard,8:29,,,,,,,,,,,39:48,Trevor Ariza,36:10,Patrick Beverley,33:34,Josh Smith,25:52,Donatas Motiejūnas,22:50,Corey Brewer,21:10,Joey Dorsey,20:08,Kostas Papanikolaou,17:14,Jason Terry,14:44,113,4,12,6.0,50.0,6.0,50.0,0.0,0.0,Marcus Morris,2,2,2014-2015,2.0,1,6.0,PHO,111,Eric Bledsoe,,,,,,,,,,,,,38:38,Isaiah Thomas,37:41,P.J. Tucker,29:26,Alex Len,24:04,Markieff Morris,23:39,Gerald Green,23:09,Goran Dragić,18:25,Brandan Wright,15:16,Miles Plumlee,5:54
2,.667,3,42.857,1,,120,1,3,100.0,5,.714,3.0,75.0,4.0,7,1,.500,2,28.571,Logos via Sports Logos.net / About logos,L,https://www.basketball-reference.com/boxscores/201501250PHO.html,Home,100,20:08,0,0.0,LAC,Chris Paul,Glen Davis,7:47,Ekpe Udoh,1:55,Dahntay Jones,1:55,C.J. Wilcox,1:55,,,,,36:28,Blake Griffin,36:12,DeAndre Jordan,32:07,JJ Redick,30:41,Matt Barnes,26:27,Jamal Crawford,23:42,Spencer Hawes,15:43,Austin Rivers,14:32,Hedo Türkoğlu,10:36,120,5,13,6.0,46.2,6.0,46.2,1.0,7.7,Marcus Morris,20,0,2014-2015,1.0,0,3.0,PHO,100,Goran Dragić,Zoran Dragić,2:31,Archie Goodwin,2:31,T.J. Warren,2:31,,,,,,,37:36,Eric Bledsoe,32:21,P.J. Tucker,30:07,Alex Len,24:54,Isaiah Thomas,24:31,Gerald Green,20:10,Markieff Morris,20:09,Miles Plumlee,20:00,Reggie Bullock,2:31
2,.400,5,83.333,2,,98,0,3,100.0,2,.333,0.0,0.0,1.0,6,0,,0,0.000,Logos via Sports Logos.net / About logos,W,https://www.basketball-reference.com/boxscores/201501280PHO.html,Home,106,17:44,0,0.0,WAS,John Wall,Garrett Temple,7:15,Andre Miller,4:46,Rasual Butler,3:46,,,,,,,36:11,Bradley Beal,36:04,Marcin Gortat,34:25,Kris Humphries,33:02,Paul Pierce,24:28,Otto Porter Jr.,23:32,Drew Gooden,14:58,Kevin Séraphin,13:19,Martell Webster,8:15,98,3,6,0.0,0.0,6.0,100.0,0.0,0.0,Marcus Morris,8,2,2014-2015,2.0,0,3.0,PHO,106,Eric Bledsoe,,,,,,,,,,,,,36:37,Markieff Morris,36:19,Goran Dragić,36:09,P.J. Tucker,31:10,Alex Len,25:00,Isaiah Thomas,19:56,Brandan Wright,17:00,Gerald Green,14:18,Miles Plumlee,5:47
2,.400,5,45.455,1,1.00,93,0,3,60.0,4,.364,2.0,33.3,6.0,11,2,1.000,2,18.182,Logos via Sports Logos.net / About logos,W,https://www.basketball-reference.com/boxscores/201501300PHO.html,Home,99,23:22,2,40.0,CHI,Jimmy Butler,E'Twaun Moore,0:19,,,,,,,,,,,42:25,Derrick Rose,36:19,Pau Gasol,35:39,Joakim Noah,32:47,Aaron Brooks,32:05,Taj Gibson,21:37,Tony Snell,19:52,Kirk Hinrich,11:22,Nikola Mirotić,7:35,93,2,12,4.0,33.3,6.0,50.0,2.0,16.7,Marcus Morris,6,2,2014-2015,2.0,1,5.0,PHO,99,Eric Bledsoe,,,,,,,,,,,,,36:51,Goran Dragić,35:36,Markieff Morris,32:22,P.J. Tucker,31:41,Isaiah Thomas,23:52,Alex Len,20:43,Brandan Wright,18:39,Miles Plumlee,16:54,,
1,.333,3,37.500,1,,87,0,1,100.0,3,.375,2.0,40.0,5.0,8,0,,0,0.000,Logos via Sports Logos.net / About logos,L,https://www.basketball-reference.com/boxscores/201501310GSW.html,Away,106,20:08,0,0.0,GSW,Stephen Curry,Justin Holiday,4:14,Ognjen Kuzmić,1:46,,,,,,,,,37:26,Draymond Green,36:58,Harrison Barnes,35:59,Klay Thompson,32:43,Andre Iguodala,23:55,Andrew Bogut,22:00,David Lee,21:36,Leandro Barbosa,12:49,Shaun Livingston,10:34,106,1,7,4.0,57.1,3.0,42.9,0.0,0.0,Marcus Morris,19,2,2014-2015,2.0,0,1.0,PHO,87,Goran Dragić,T.J. Warren,3:12,Zoran Dragić,3:12,Tyler Ennis,3:12,,,,,,,33:42,Eric Bledsoe,32:29,P.J. Tucker,32:12,Markieff Morris,30:58,Isaiah Thomas,24:34,Alex Len,19:20,Brandan Wright,18:53,Gerald Green,13:14,Miles Plumlee,4:54
1,1.000,1,25.000,2,,102,0,1,100.0,3,.750,2.0,66.7,3.0,4,0,.000,2,50.000,Logos via Sports Logos.net / About logos,L,https://www.basketball-reference.com/boxscores/201502020PHO.html,Home,101,20:44,0,0.0,MEM,Jeff Green,Nick Calathes,10:44,,,,,,,,,,,36:09,Marc Gasol,34:27,Courtney Lee,31:57,Zach Randolph,31:52,Mike Conley,28:12,Tony Allen,23:30,Beno Udrih,17:05,Kosta Koufos,15:08,Jon Leuer,10:56,102,3,7,4.0,57.1,3.0,42.9,0.0,0.0,Marcus Morris,1,2,2014-2015,2.0,0,1.0,PHO,101,Goran Dragić,,,,,,,,,,,,,40:51,Eric Bledsoe,37:58,Markieff Morris,31:12,P.J. Tucker,27:16,Isaiah Thomas,23:30,Brandan Wright,22:25,Alex Len,22:08,Miles Plumlee,10:30,Gerald Green,3:26
0,.000,2,25.000,2,,87,0,2,50.0,4,.500,4.0,66.7,6.0,8,0,,0,0.000,Logos via Sports Logos.net / About logos,L,https://www.basketball-reference.com/boxscores/201502050POR.html,Away,108,14:40,2,50.0,POR,Nicolas Batum,Victor Claver,1:55,Allen Crabbe,1:55,Thomas Robinson,1:55,,,,,,,35:41,LaMarcus Aldridge,34:47,Damian Lillard,32:34,Wesley Matthews,31:40,Robin Lopez,30:58,Meyers Leonard,23:48,Steve Blake,22:49,CJ McCollum,20:03,Will Barton,1:55,108,3,8,8.0,100.0,0.0,0.0,0.0,0.0,Marcus Morris,21,0,2014-2015,0.0,0,4.0,PHO,87,Markieff Morris,Archie Goodwin,1:55,Zoran Dragić,1:55,Reggie Bullock,1:55,,,,,,,36:40,Eric Bledsoe,35:26,Goran Dragić,33:07,P.J. Tucker,31:31,Isaiah Thomas,23:07,Miles Plumlee,17:05,Gerald Green,16:52,Brandan Wright,16:24,Alex Len,9:23
5,.714,7,41.176,0,0.00,93,1,11,91.7,11,.647,6.0,60.0,10.0,17,7,.875,8,47.059,Logos via Sports Logos.net / About logos,W,https://www.basketball-reference.com/boxscores/201502060PHO.html,Home,100,32:44,1,8.3,UTA,Gordon Hayward,Elijah Millsap,5:54,,,,,,,,,,,34:11,Derrick Favors,33:49,Joe Ingles,29:29,Dante Exum,27:43,Rudy Gobert,27:00,Trey Burke,25:56,Enes Freedom,24:14,Chris Johnson,20:47,Trevor Booker,10:57,93,0,34,12.0,35.3,15.0,44.1,7.0,20.6,Marcus Morris,7,2,2014-2015,3.0,3,12.0,PHO,100,P.J. Tucker,,,,,,,,,,,,,33:58,Eric Bledsoe,31:05,Markieff Morris,30:56,Goran Dragić,26:47,Miles Plumlee,26:14,Isaiah Thomas,25:01,Brandan Wright,20:08,Gerald Green,13:07,,
1,.333,3,37.500,0,,83,0,6,100.0,2,.250,1.0,20.0,5.0,8,0,,0,0.000,Logos via Sports Logos.net / About logos,L,https://www.basketball-reference.com/boxscores/201502080SAC.html,Away,85,22:06,0,0.0,SAC,Ben McLemore,Nik Stauskas,9:32,,,,,,,,,,,38:15,DeMarcus Cousins,36:43,Ramon Sessions,31:52,Jason Thompson,29:22,Derrick Williams,28:44,Omri Casspi,19:32,Ray McCallum,16:48,Carl Landry,15:53,Reggie Evans,13:18,85,3,5,2.0,40.0,3.0,60.0,0.0,0.0,Marcus Morris,2,0,2014-2015,0.0,0,6.0,PHO,83,Isaiah Thomas,,,,,,,,,,,,,38:37,Markieff Morris,34:56,Goran Dragić,34:53,P.J. Tucker,33:24,Miles Plumlee,23:14,Gerald Green,22:30,Brandan Wright,16:53,T.J. Warren,13:27,,
0,.000,4,50.000,1,1.00,127,0,3,100.0,1,.125,1.0,25.0,4.0,8,1,.500,2,25.000,Logos via Sports Logos.net / About logos,L,https://www.basketball-reference.com/boxscores/201502100PHO.html,Home,118,22:33,0,0.0,HOU,James Harden,,,,,,,,,,,,,42:39,Trevor Ariza,35:03,Josh Smith,32:20,Patrick Beverley,29:45,Corey Brewer,27:15,Kostas Papanikolaou,20:56,Jason Terry,18:31,Donatas Motiejūnas,17:00,Joey Dorsey,16:31,127,4,3,2.0,66.7,0.0,0.0,1.0,33.3,Marcus Morris,9,1,2014-2015,1.0,1,3.0,PHO,118,Eric Bledsoe,,,,,,,,,,,,,39:33,P.J. Tucker,38:58,Goran Dragić,37:28,Markieff Morris,32:32,Isaiah Thomas,30:20,Miles Plumlee,17:29,Gerald Green,11:04,Brandan Wright,10:03,,
2,.667,3,33.333,2,1.00,109,0,4,80.0,5,.556,3.0,50.0,6.0,9,2,.500,4,44.444,Logos via Sports Logos.net / About logos,L,https://www.basketball-reference.com/boxscores/201502200MIN.html,Away,111,24:30,1,20.0,MIN,Gorgui Dieng,Anthony Bennett,8:36,,,,,,,,,,,37:42,Andrew Wiggins,37:27,Ricky Rubio,37:09,Nikola Peković,35:54,Kevin Martin,35:12,Adreian Payne,13:30,Shabazz Muhammad,12:43,Zach LaVine,10:56,Gary Neal,10:51,111,3,14,6.0,42.9,6.0,42.9,2.0,14.3,Marcus Morris,2,1,2014-2015,1.0,2,5.0,PHO,109,Markieff Morris,,,,,,,,,,,,,36:57,Eric Bledsoe,36:19,Alex Len,35:03,Gerald Green,30:21,P.J. Tucker,27:27,Archie Goodwin,21:09,Brandan Wright,14:40,T.J. Warren,11:44,Reggie Bullock,1:51
1,.200,5,33.333,1,1.00,107,0,2,100.0,8,.533,7.0,70.0,10.0,15,0,,0,0.000,Logos via Sports Logos.net / About logos,L,https://www.basketball-reference.com/boxscores/201502210CHI.html,Away,112,32:44,0,0.0,CHI,Jimmy Butler,,,,,,,,,,,,,36:12,Joakim Noah,35:37,Pau Gasol,31:51,Taj Gibson,28:32,Mike Dunleavy,28:22,Derrick Rose,25:15,Aaron Brooks,22:45,Tony Snell,17:44,Nikola Mirotić,13:41,112,1,17,14.0,82.4,3.0,17.6,0.0,0.0,Marcus Morris,5,0,2014-2015,0.0,1,2.0,PHO,107,Markieff Morris,,,,,,,,,,,,,39:33,Alex Len,34:16,Eric Bledsoe,31:37,P.J. Tucker,26:28,Brandon Knight,24:41,Brandan Wright,22:11,Archie Goodwin,17:24,Gerald Green,11:06,,
1,.200,5,62.500,2,2.00,115,0,3,100.0,2,.250,1.0,33.3,3.0,8,0,,0,0.000,Logos via Sports Logos.net / About logos,L,https://www.basketball-reference.com/boxscores/201502230PHO.html,Home,110,18:29,0,0.0,BOS,Tyler Zeller,,,,,,,,,,,,,36:06,Evan Turner,31:47,Brandon Bass,29:45,Avery Bradley,29:22,Jae Crowder,28:30,Isaiah Thomas,27:12,Marcus Smart,23:42,James Young,18:38,Gerald Wallace,14:59,115,1,5,2.0,40.0,3.0,60.0,0.0,0.0,Marcus Morris,5,2,2014-2015,2.0,1,3.0,PHO,110,Eric Bledsoe,Earl Barron,3:55,,,,,,,,,,,39:20,P.J. Tucker,35:14,Brandon Knight,33:44,Alex Len,31:39,Markieff Morris,30:03,Brandan Wright,17:01,Archie Goodwin,13:56,T.J. Warren,8:40,Marcus Thornton,8:00
1,1.000,1,16.667,1,0.50,110,0,6,66.7,4,.667,3.0,60.0,5.0,6,3,.750,4,66.667,Logos via Sports Logos.net / About logos,W,https://www.basketball-reference.com/boxscores/201502250DEN.html,Away,96,22:44,3,33.3,DEN,Ty Lawson,Darrell Arthur,3:01,,,,,,,,,,,38:22,Danilo Gallinari,34:22,Will Barton,34:22,Joffrey Lauvergne,25:54,Gary Harris,25:40,J.J. Hickson,22:20,Randy Foye,21:31,Jusuf Nurkić,20:59,Jameer Nelson,13:29,96,1,12,6.0,50.0,3.0,25.0,3.0,25.0,Marcus Morris,14,0,2014-2015,0.0,2,9.0,PHO,110,Eric Bledsoe,Archie Goodwin,6:08,Reggie Bullock,0:30,,,,,,,,,35:37,Brandon Knight,33:00,P.J. Tucker,30:59,Markieff Morris,22:03,Gerald Green,21:15,Alex Len,20:45,T.J. Warren,19:48,Brandan Wright,18:08,Earl Barron,9:03
2,.667,3,37.500,2,,113,0,5,100.0,3,.375,1.0,20.0,5.0,8,3,.500,6,75.000,Logos via Sports Logos.net / About logos,W,https://www.basketball-reference.com/boxscores/201502260PHO.html,Home,117,22:52,0,0.0,OKC,Russell Westbrook,Mitch McGary,9:33,,,,,,,,,,,42:40,Serge Ibaka,42:05,Enes Freedom,36:31,Dion Waiters,34:17,D.J. Augustin,26:52,Kyle Singler,22:05,Andre Roberson,18:53,Anthony Morrow,16:05,Nick Collison,15:57,113,3,11,2.0,18.2,6.0,54.5,3.0,27.3,Marcus Morris,4,0,2014-2015,0.0,0,5.0,PHO,117,Brandon Knight,,,,,,,,,,,,,47:32,Markieff Morris,43:35,Eric Bledsoe,42:26,Alex Len,37:30,P.J. Tucker,35:07,Gerald Green,16:02,Brandan Wright,14:22,Earl Barron,5:34,,
3,.750,4,28.571,0,0.00,101,1,6,85.7,7,.500,4.0,40.0,10.0,14,2,1.000,2,14.286,Logos via Sports Logos.net / About logos,L,https://www.basketball-reference.com/boxscores/201502280PHO.html,Home,74,24:39,1,14.3,SAS,Kawhi Leonard,Tiago Splitter,15:19,Cory Joseph,10:19,Jeff Ayres,7:19,Matt Bonner,6:16,,,,,31:55,Danny Green,24:51,Boris Diaw,22:55,Tony Parker,22:37,Patty Mills,22:12,Tim Duncan,20:47,Aron Baynes,19:40,Manu Ginóbili,18:34,Marco Belinelli,17:16,101,3,19,8.0,42.1,9.0,47.4,2.0,10.5,Marcus Morris,27,1,2014-2015,2.0,1,7.0,PHO,74,Alex Len,Reggie Bullock,14:03,Earl Barron,7:16,Marcus Thornton,4:38,,,,,,,32:30,Eric Bledsoe,31:55,P.J. Tucker,26:14,Markieff Morris,17:56,T.J. Warren,17:56,Archie Goodwin,17:39,Brandon Knight,16:42,Gerald Green,14:24,Brandan Wright,14:08
1,.143,7,58.333,2,1.00,98,0,3,50.0,3,.250,2.0,40.0,5.0,12,4,.500,8,66.667,Logos via Sports Logos.net / About logos,L,https://www.basketball-reference.com/boxscores/201503020MIA.html,Away,115,32:23,3,50.0,MIA,Luol Deng,Henry Walker,12:14,Shabazz Napier,2:45,Zoran Dragić,1:38,James Ennis III,1:05,,,,,38:19,Dwyane Wade,33:01,Michael Beasley,25:56,Tyler Johnson,25:50,Hassan Whiteside,25:44,Mario Chalmers,24:05,Udonis Haslem,20:20,Goran Dragić,14:48,Chris Andersen,14:15,115,4,11,4.0,36.4,3.0,27.3,4.0,36.4,Marcus Morris,17,1,2014-2015,1.0,2,6.0,PHO,98,P.J. Tucker,Brandan Wright,2:31,Earl Barron,1:56,,,,,,,,,41:06,Brandon Knight,40:28,Eric Bledsoe,33:48,Alex Len,27:07,Markieff Morris,21:35,T.J. Warren,14:43,Gerald Green,14:37,Archie Goodwin,5:09,Marcus Thornton,4:37
1,.333,3,37.500,0,0.00,105,0,4,100.0,2,.250,1.0,20.0,5.0,8,2,1.000,2,25.000,Logos via Sports Logos.net / About logos,W,https://www.basketball-reference.com/boxscores/201503040ORL.html,Away,100,20:11,0,0.0,ORL,Victor Oladipo,Aaron Gordon,11:22,Ben Gordon,3:30,,,,,,,,,42:35,Tobias Harris,36:04,Elfrid Payton,32:51,Nikola Vučević,30:16,Dewayne Dedmon,20:36,Andrew Nicholson,18:15,Willie Green,17:32,Channing Frye,15:04,Maurice Harkless,11:56,100,1,7,2.0,28.6,3.0,42.9,2.0,28.6,Marcus Morris,5,0,2014-2015,0.0,1,4.0,PHO,105,Brandon Knight,,,,,,,,,,,,,38:51,Eric Bledsoe,37:51,P.J. Tucker,35:57,Markieff Morris,34:41,Brandan Wright,23:19,Alex Len,22:17,Archie Goodwin,9:44,T.J. Warren,9:36,Marcus Thornton,7:33
1,.111,9,42.857,2,2.00,108,0,5,71.4,9,.429,8.0,66.7,12.0,21,0,,0,0.000,Logos via Sports Logos.net / About logos,W,https://www.basketball-reference.com/boxscores/201503060BRK.html,Away,100,41:26,2,28.6,BRK,Deron Williams,Markel Brown,6:39,,,,,,,,,,,44:25,Jarrett Jack,41:14,Brook Lopez,36:30,Bojan Bogdanović,29:06,Joe Johnson,28:36,Alan Anderson,26:28,Thaddeus Young,22:46,Cory Jefferson,15:53,Mason Plumlee,13:23,100,2,19,16.0,84.2,3.0,15.8,0.0,0.0,Marcus Morris,8,4,2014-2015,4.0,1,7.0,PHO,108,Brandon Knight,,,,,,,,,,,,,41:47,Markieff Morris,41:23,Eric Bledsoe,37:17,P.J. Tucker,36:55,Brandan Wright,25:18,Alex Len,16:37,Marcus Thornton,12:27,Gerald Green,6:51,Archie Goodwin,4:59
1,.250,4,50.000,1,,79,0,4,100.0,2,.250,1.0,25.0,4.0,8,0,,0,0.000,Logos via Sports Logos.net / About logos,L,https://www.basketball-reference.com/boxscores/201503070CLE.html,Away,89,19:27,0,0.0,CLE,LeBron James,Joe Harris,0:56,James Jones,0:56,Mike Miller,0:56,,,,,,,36:26,J.R. Smith,35:25,Kevin Love,33:27,Tristan Thompson,28:46,Kyrie Irving,25:35,Matthew Dellavedova,25:14,Timofey Mozgov,25:05,Iman Shumpert,19:28,Kendrick Perkins,7:47,89,5,5,2.0,40.0,3.0,60.0,0.0,0.0,Marcus Morris,10,0,2014-2015,0.0,0,4.0,PHO,79,Eric Bledsoe,,,,,,,,,,,,,38:56,Brandon Knight,34:56,P.J. Tucker,33:34,Markieff Morris,30:59,Brandan Wright,29:39,Gerald Green,19:08,Earl Barron,13:20,T.J. Warren,12:00,Archie Goodwin,8:01
0,.000,2,28.571,2,2.00,98,0,6,100.0,1,.143,1.0,20.0,5.0,7,0,,0,0.000,Logos via Sports Logos.net / About logos,L,https://www.basketball-reference.com/boxscores/201503090PHO.html,Home,80,27:48,0,0.0,GSW,Stephen Curry,Marreese Speights,4:28,Justin Holiday,2:56,,,,,,,,,35:46,Draymond Green,33:35,Harrison Barnes,31:53,Klay Thompson,30:39,Andre Iguodala,29:13,Shaun Livingston,25:04,Andrew Bogut,23:03,Festus Ezeli,15:06,Leandro Barbosa,8:17,98,1,2,2.0,100.0,0.0,0.0,0.0,0.0,Marcus Morris,18,1,2014-2015,1.0,1,6.0,PHO,80,Eric Bledsoe,Earl Barron,2:56,Reggie Bullock,2:56,Marcus Thornton,2:56,,,,,,,35:37,P.J. Tucker,35:11,Alex Len,27:56,Markieff Morris,26:08,T.J. Warren,23:36,Gerald Green,17:58,Brandan Wright,15:13,Brandon Knight,13:18,Archie Goodwin,8:27
2,.286,7,58.333,5,,97,1,5,55.6,3,.250,1.0,20.0,5.0,12,0,,0,0.000,Logos via Sports Logos.net / About logos,W,https://www.basketball-reference.com/boxscores/201503110PHO.html,Home,106,29:33,4,44.4,MIN,Gorgui Dieng,Nikola Peković,7:52,Lorenzo Brown,1:15,,,,,,,,,30:42,Adreian Payne,28:49,Andrew Wiggins,28:35,Justin Hamilton,28:16,Ricky Rubio,27:30,Kevin Martin,26:10,Gary Neal,20:56,Zach LaVine,20:30,Chase Budinger,19:25,97,1,8,2.0,25.0,6.0,75.0,0.0,0.0,Marcus Morris,9,0,2014-2015,1.0,0,9.0,PHO,106,Markieff Morris,Seth Curry,1:14,,,,,,,,,,,37:00,P.J. Tucker,34:21,Eric Bledsoe,33:54,Brandan Wright,30:06,Marcus Thornton,22:02,Alex Len,19:01,T.J. Warren,18:42,Archie Goodwin,12:52,Earl Barron,1:15
3,.333,9,50.000,2,1.00,96,0,5,83.3,7,.389,4.0,44.4,9.0,18,1,.500,2,11.111,Logos via Sports Logos.net / About logos,L,https://www.basketball-reference.com/boxscores/201503130PHO.html,Home,87,36:27,1,16.7,ATL,Kyle Korver,,,,,,,,,,,,,37:32,Paul Millsap,36:53,Al Horford,33:54,DeMarre Carroll,31:16,Jeff Teague,28:40,Dennis Schröder,23:26,Kent Bazemore,23:06,Pero Antić,16:39,Elton Brand,8:34,96,3,18,8.0,44.4,9.0,50.0,1.0,5.6,Marcus Morris,9,0,2014-2015,0.0,2,6.0,PHO,87,Markieff Morris,,,,,,,,,,,,,39:00,P.J. Tucker,38:11,Eric Bledsoe,34:54,Alex Len,24:26,Brandan Wright,22:56,Archie Goodwin,20:36,Marcus Thornton,11:57,T.J. Warren,11:33,,
2,.667,3,21.429,2,1.00,89,0,3,75.0,9,.643,7.0,63.6,11.0,14,0,.000,4,28.571,Logos via Sports Logos.net / About logos,W,https://www.basketball-reference.com/boxscores/201503150PHO.html,Home,102,39:10,1,25.0,NYK,Andrea Bargnani,Cleanthony Early,6:21,Tim Hardaway Jr.,2:12,,,,,,,,,36:31,Alexey Shved,31:59,Lance Thomas,29:27,Langston Galloway,26:20,Shane Larkin,25:23,Travis Wear,22:18,Cole Aldrich,21:44,Jason Smith,21:10,Lou Amundson,16:35,89,2,20,14.0,70.0,6.0,30.0,0.0,0.0,Marcus Morris,13,0,2014-2015,0.0,2,4.0,PHO,102,P.J. Tucker,,,,,,,,,,,,,39:55,Brandan Wright,37:12,Eric Bledsoe,37:02,Markieff Morris,26:26,Archie Goodwin,22:40,T.J. Warren,16:05,Earl Barron,9:04,Seth Curry,6:34,Gerald Green,5:52
0,.000,7,63.636,4,,72,0,12,92.3,1,.091,1.0,25.0,4.0,11,0,.000,2,18.182,Logos via Sports Logos.net / About logos,W,https://www.basketball-reference.com/boxscores/201503190PHO.html,Home,74,40:17,1,7.7,NOP,Eric Gordon,Jeff Withey,3:37,,,,,,,,,,,39:38,Dante Cunningham,35:09,Tyreke Evans,34:46,Quincy Pondexter,29:30,Alexis Ajinça,25:55,Norris Cole,25:22,Ömer Aşık,18:28,Luke Babbitt,17:53,Elliot Williams,9:42,72,2,2,2.0,100.0,0.0,0.0,0.0,0.0,Marcus Morris,2,0,2014-2015,0.0,0,13.0,PHO,74,Brandan Wright,,,,,,,,,,,,,37:49,P.J. Tucker,37:11,Markieff Morris,37:08,Eric Bledsoe,36:33,T.J. Warren,18:27,Archie Goodwin,15:00,Gerald Green,11:06,Earl Barron,6:29,,
2,.667,3,23.077,4,4.00,117,0,7,70.0,7,.538,5.0,50.0,10.0,13,1,.500,2,15.385,Logos via Sports Logos.net / About logos,W,https://www.basketball-reference.com/boxscores/201503210HOU.html,Away,102,35:57,3,30.0,HOU,Donatas Motiejūnas,Nick Johnson,1:02,K.J. McDaniels,1:02,,,,,,,,,38:11,Trevor Ariza,36:57,James Harden,32:33,Corey Brewer,30:02,Patrick Beverley,28:50,Josh Smith,24:16,Jason Terry,21:27,Joey Dorsey,14:03,Pablo Prigioni,11:37,102,2,17,10.0,58.8,6.0,35.3,1.0,5.9,Marcus Morris,15,2,2014-2015,2.0,1,10.0,PHO,117,Eric Bledsoe,,,,,,,,,,,,,36:37,P.J. Tucker,34:40,Markieff Morris,30:50,Brandan Wright,30:09,Archie Goodwin,21:54,Alex Len,17:54,T.J. Warren,17:38,A.J. Price,13:20,Reggie Bullock,1:02
1,.200,5,55.556,7,3.50,92,0,11,100.0,4,.444,3.0,75.0,4.0,9,2,1.000,2,22.222,Logos via Sports Logos.net / About logos,W,https://www.basketball-reference.com/boxscores/201503220PHO.html,Home,98,35:41,0,0.0,DAL,Monta Ellis,Raymond Felton,4:36,Charlie Villanueva,2:14,,,,,,,,,37:24,Rajon Rondo,35:00,Dirk Nowitzki,33:18,Chandler Parsons,32:58,Tyson Chandler,30:52,Al-Farouq Aminu,26:52,Amar'e Stoudemire,17:08,Richard Jefferson,11:03,Devin Harris,8:35,92,2,11,6.0,54.5,3.0,27.3,2.0,18.2,Marcus Morris,6,3,2014-2015,3.0,2,11.0,PHO,98,Markieff Morris,,,,,,,,,,,,,41:14,Eric Bledsoe,36:45,P.J. Tucker,33:30,Alex Len,25:44,T.J. Warren,24:09,Brandan Wright,22:16,Archie Goodwin,10:56,A.J. Price,9:45,,
3,.500,6,54.545,0,0.00,108,0,3,100.0,7,.636,4.0,80.0,5.0,11,2,1.000,2,18.182,Logos via Sports Logos.net / About logos,L,https://www.basketball-reference.com/boxscores/201503250PHO.html,Home,99,26:28,0,0.0,SAC,DeMarcus Cousins,Reggie Evans,6:40,,,,,,,,,,,36:57,Ray McCallum,30:48,Rudy Gay,29:25,Ben McLemore,29:05,Derrick Williams,28:43,Omri Casspi,28:28,Nik Stauskas,18:23,Andre Miller,17:44,Jason Thompson,13:47,108,4,19,8.0,42.1,9.0,47.4,2.0,10.5,Marcus Morris,9,1,2014-2015,1.0,1,3.0,PHO,99,Markieff Morris,,,,,,,,,,,,,38:09,Eric Bledsoe,35:12,P.J. Tucker,34:34,Brandan Wright,27:44,Archie Goodwin,26:16,Alex Len,25:00,T.J. Warren,11:58,Gerald Green,10:12,A.J. Price,4:27
3,.333,9,47.368,3,3.00,87,0,12,100.0,8,.421,5.0,50.0,10.0,19,0,,0,0.000,Logos via Sports Logos.net / About logos,L,https://www.basketball-reference.com/boxscores/201503270PHO.html,Home,81,44:00,0,0.0,POR,LaMarcus Aldridge,Joel Freeland,6:36,,,,,,,,,,,35:16,Damian Lillard,33:17,Nicolas Batum,32:10,Arron Afflalo,29:59,Robin Lopez,29:28,Dorell Wright,20:16,Chris Kaman,18:12,CJ McCollum,17:56,Steve Blake,16:50,87,3,19,10.0,52.6,9.0,47.4,0.0,0.0,Marcus Morris,6,1,2014-2015,1.0,1,12.0,PHO,81,Eric Bledsoe,,,,,,,,,,,,,38:26,P.J. Tucker,37:26,Markieff Morris,36:35,Alex Len,29:49,Archie Goodwin,18:59,Brandan Wright,18:11,Gerald Green,12:58,A.J. Price,3:36,,
2,.286,7,53.846,5,5.00,109,1,9,100.0,5,.385,3.0,50.0,6.0,13,3,.750,4,30.769,Logos via Sports Logos.net / About logos,L,https://www.basketball-reference.com/boxscores/201503290PHO.html,Home,97,37:01,0,0.0,OKC,Steven Adams,,,,,,,,,,,,,41:41,Russell Westbrook,37:48,Dion Waiters,37:41,D.J. Augustin,31:36,Enes Freedom,29:47,Anthony Morrow,27:42,Kyle Singler,25:36,Mitch McGary,8:09,,,109,1,15,6.0,40.0,6.0,40.0,3.0,20.0,Marcus Morris,12,0,2014-2015,1.0,1,9.0,PHO,97,Eric Bledsoe,,,,,,,,,,,,,39:24,P.J. Tucker,34:55,Markieff Morris,33:12,T.J. Warren,28:57,Alex Len,24:47,Brandon Knight,22:12,Brandan Wright,16:29,Archie Goodwin,3:03,,
1,.333,3,37.500,0,0.00,86,0,1,100.0,5,.625,4.0,80.0,5.0,8,0,,0,0.000,Logos via Sports Logos.net / About logos,L,https://www.basketball-reference.com/boxscores/201503300POR.html,Away,109,22:28,0,0.0,POR,LaMarcus Aldridge,Meyers Leonard,12:00,Joel Freeland,10:34,Allen Crabbe,10:01,Alonzo Gee,6:39,,,,,29:57,Damian Lillard,28:33,Nicolas Batum,27:56,Arron Afflalo,25:34,CJ McCollum,23:22,Robin Lopez,19:38,Chris Kaman,16:25,Dorell Wright,14:55,Steve Blake,14:26,109,0,11,8.0,72.7,3.0,27.3,0.0,0.0,Marcus Morris,23,1,2014-2015,1.0,1,1.0,PHO,86,Markieff Morris,Reggie Bullock,12:00,Earl Barron,10:34,,,,,,,,,28:57,P.J. Tucker,28:00,Eric Bledsoe,26:18,Alex Len,25:02,T.J. Warren,21:42,Gerald Green,19:07,Brandan Wright,17:44,Archie Goodwin,15:30,A.J. Price,12:38
0,.000,4,28.571,1,1.00,106,0,3,75.0,5,.357,5.0,50.0,10.0,14,0,.000,1,7.143,Logos via Sports Logos.net / About logos,L,https://www.basketball-reference.com/boxscores/201504020GSW.html,Away,107,25:45,1,25.0,GSW,Stephen Curry,Leandro Barbosa,15:31,Festus Ezeli,3:05,Justin Holiday,2:43,,,,,,,33:32,Klay Thompson,32:29,Andre Iguodala,26:51,Harrison Barnes,23:45,Andrew Bogut,22:40,James Michael McAdoo,22:00,David Lee,21:28,Marreese Speights,18:22,Shaun Livingston,17:33,107,2,10,10.0,100.0,0.0,0.0,0.0,0.0,Marcus Morris,1,0,2014-2015,0.0,1,4.0,PHO,106,Eric Bledsoe,Jerel McNeal,2:48,,,,,,,,,,,40:07,P.J. Tucker,36:39,Markieff Morris,33:13,T.J. Warren,28:26,Brandan Wright,28:24,Archie Goodwin,19:34,Reggie Bullock,13:04,Gerald Green,9:05,Earl Barron,2:55
0,.000,2,66.667,2,1.00,85,1,6,100.0,0,.000,0.0,0.0,1.0,3,4,1.000,4,133.333,Logos via Sports Logos.net / About logos,W,https://www.basketball-reference.com/boxscores/201504040PHO.html,Home,87,38:30,0,0.0,UTA,Gordon Hayward,Chris Johnson,5:15,,,,,,,,,,,39:03,Rudy Gobert,37:46,Derrick Favors,36:14,Dante Exum,35:10,Rodney Hood,28:49,Trevor Booker,20:44,Joe Ingles,16:34,Bryce Cotton,11:37,Elijah Millsap,8:48,85,2,4,0.0,0.0,0.0,0.0,4.0,100.0,Marcus Morris,2,3,2014-2015,4.0,2,6.0,PHO,87,Markieff Morris,,,,,,,,,,,,,39:07,Eric Bledsoe,35:52,P.J. Tucker,34:03,Brandan Wright,32:40,Gerald Green,22:11,T.J. Warren,13:47,Archie Goodwin,13:38,Jerel McNeal,10:12,,
1,.333,3,30.000,1,,69,0,3,75.0,3,.300,2.0,28.6,7.0,10,1,.500,2,20.000,Logos via Sports Logos.net / About logos,L,https://www.basketball-reference.com/boxscores/201504070ATL.html,Away,96,23:44,1,25.0,ATL,Kyle Korver,Shelvin Mack,14:19,Pero Antić,12:16,Elton Brand,6:20,,,,,,,26:38,Mike Muscala,25:49,Mike Scott,25:49,Al Horford,25:46,Jeff Teague,24:44,DeMarre Carroll,23:51,Thabo Sefolosha,19:34,Kent Bazemore,19:25,Dennis Schröder,15:29,96,0,8,4.0,50.0,3.0,37.5,1.0,12.5,Marcus Morris,27,1,2014-2015,1.0,0,4.0,PHO,69,Brandan Wright,Marcus Thornton,6:20,Jerel McNeal,4:29,,,,,,,,,28:23,P.J. Tucker,28:21,Markieff Morris,27:51,Eric Bledsoe,25:40,Archie Goodwin,25:19,Gerald Green,22:20,Reggie Bullock,17:51,T.J. Warren,15:04,Earl Barron,14:38
1,.500,2,22.222,4,,104,0,9,90.0,5,.556,4.0,57.1,7.0,9,1,1.000,1,11.111,Logos via Sports Logos.net / About logos,L,https://www.basketball-reference.com/boxscores/201504080DAL.html,Away,107,33:32,1,10.0,DAL,Monta Ellis,Charlie Villanueva,13:07,,,,,,,,,,,34:38,Tyson Chandler,33:51,Dirk Nowitzki,30:41,Rajon Rondo,30:14,Richard Jefferson,27:11,Al-Farouq Aminu,22:09,Devin Harris,17:51,J.J. Barea,16:14,Amar'e Stoudemire,14:04,107,4,12,8.0,66.7,3.0,25.0,1.0,8.3,Marcus Morris,3,2,2014-2015,2.0,0,10.0,PHO,104,Markieff Morris,,,,,,,,,,,,,39:28,Brandan Wright,36:48,Eric Bledsoe,32:41,Gerald Green,30:04,P.J. Tucker,28:34,T.J. Warren,23:35,Archie Goodwin,15:19,,,,
2,.333,6,42.857,1,,75,0,8,88.9,3,.214,1.0,12.5,8.0,14,0,,0,0.000,Logos via Sports Logos.net / About logos,L,https://www.basketball-reference.com/boxscores/201504100NOP.html,Away,90,28:46,1,11.1,NOP,Eric Gordon,Alexis Ajinça,11:14,Luke Babbitt,2:38,Toney Douglas,1:20,Jimmer Fredette,1:20,,,,,34:53,Dante Cunningham,31:06,Quincy Pondexter,27:27,Tyreke Evans,26:54,Norris Cole,23:42,Anthony Davis,23:02,Ömer Aşık,22:10,Ryan Anderson,18:26,Jrue Holiday,15:48,90,2,8,2.0,25.0,6.0,75.0,0.0,0.0,Marcus Morris,15,1,2014-2015,1.0,0,9.0,PHO,75,Eric Bledsoe,Jerel McNeal,1:50,,,,,,,,,,,39:22,P.J. Tucker,32:48,T.J. Warren,29:24,Markieff Morris,28:46,Brandan Wright,28:14,Archie Goodwin,21:59,Gerald Green,12:02,Earl Barron,9:15,Reggie Bullock,7:34
0,.000,2,18.182,2,1.00,91,0,5,62.5,4,.364,4.0,44.4,9.0,11,0,,0,0.000,Logos via Sports Logos.net / About logos,L,https://www.basketball-reference.com/boxscores/201504120SAS.html,Away,107,29:06,3,37.5,SAS,Kawhi Leonard,Kyle Anderson,6:34,Patty Mills,5:39,Jeff Ayres,4:13,Reggie Williams,4:13,,,,,34:04,Danny Green,30:56,Tony Parker,26:10,Tim Duncan,25:51,Boris Diaw,24:17,Marco Belinelli,23:51,Cory Joseph,19:26,Manu Ginóbili,18:02,Aron Baynes,16:44,107,4,8,8.0,100.0,0.0,0.0,0.0,0.0,Marcus Morris,16,0,2014-2015,0.0,2,8.0,PHO,91,Eric Bledsoe,,,,,,,,,,,,,41:18,P.J. Tucker,39:11,Archie Goodwin,28:51,T.J. Warren,27:04,Markieff Morris,26:50,Gerald Green,25:41,Earl Barron,19:35,Jerel McNeal,2:24,,
1,.250,4,21.053,4,,106,0,5,50.0,6,.316,5.0,33.3,15.0,19,5,.833,6,31.579,Logos via Sports Logos.net / About logos,W,https://www.basketball-reference.com/boxscores/201510270ATL.html,Away,94,37:05,5,50.0,ATL,Paul Millsap,Mike Muscala,7:59,Mike Scott,5:29,,,,,,,,,36:00,Jeff Teague,31:52,Al Horford,30:14,Kyle Korver,28:42,Dennis Schröder,25:22,Kent Bazemore,20:50,Thabo Sefolosha,18:56,Lamar Patterson,18:18,Tiago Splitter,16:18,94,1,18,10.0,55.6,3.0,16.7,5.0,27.8,Marcus Morris,12,0,2015-2016,0.0,0,10.0,DET,106,Andre Drummond,,,,,,,,,,,,,37:09,Kentavious Caldwell-Pope,37:03,Ersan İlyasova,34:26,Reggie Jackson,32:07,Stanley Johnson,24:29,Steve Blake,15:53,Jodie Meeks,10:57,Aron Baynes,10:51,,
1,1.000,1,10.000,1,0.50,87,0,5,83.3,5,.500,4.0,44.4,9.0,10,3,1.000,3,30.000,Logos via Sports Logos.net / About logos,W,https://www.basketball-reference.com/boxscores/201510280DET.html,Home,92,35:29,1,16.7,UTA,Rudy Gobert,Trey Lyles,8:14,,,,,,,,,,,37:25,Gordon Hayward,35:27,Derrick Favors,34:42,Rodney Hood,29:25,Raul Neto,26:27,Alec Burks,26:26,Joe Ingles,16:23,Trey Burke,15:35,Elijah Millsap,9:56,87,3,14,8.0,57.1,3.0,21.4,3.0,21.4,Marcus Morris,5,0,2015-2016,0.0,2,6.0,DET,92,Andre Drummond,Jodie Meeks,6:00,,,,,,,,,,,36:07,Kentavious Caldwell-Pope,35:48,Reggie Jackson,31:15,Ersan İlyasova,21:46,Stanley Johnson,19:35,Anthony Tolliver,19:10,Steve Blake,16:45,Aron Baynes,11:53,Reggie Bullock,6:12
2,1.000,2,13.333,2,1.00,94,0,6,85.7,10,.667,8.0,61.5,13.0,15,4,.444,9,60.000,Logos via Sports Logos.net / About logos,W,https://www.basketball-reference.com/boxscores/201510300DET.html,Home,98,41:45,1,14.3,CHI,Jimmy Butler,Doug McDermott,14:32,,,,,,,,,,,42:06,Nikola Mirotić,38:30,Derrick Rose,34:29,Pau Gasol,32:03,Tony Snell,30:05,Taj Gibson,19:34,E'Twaun Moore,18:15,Aaron Brooks,17:58,Joakim Noah,17:27,94,4,26,16.0,61.5,6.0,23.1,4.0,15.4,Marcus Morris,4,0,2015-2016,0.0,2,7.0,DET,98,Andre Drummond,,,,,,,,,,,,,39:05,Kentavious Caldwell-Pope,38:38,Reggie Jackson,37:05,Anthony Tolliver,30:12,Ersan İlyasova,21:47,Steve Blake,15:55,Reggie Bullock,14:40,Aron Baynes,13:55,Stanley Johnson,11:59
1,.167,6,54.545,0,0.00,94,2,4,57.1,3,.273,2.0,40.0,5.0,11,4,1.000,4,36.364,Logos via Sports Logos.net / About logos,L,https://www.basketball-reference.com/boxscores/201511030DET.html,Home,82,39:00,3,42.9,IND,Paul George,Ian Mahinmi,5:29,,,,,,,,,,,37:32,George Hill,36:19,Monta Ellis,33:25,C.J. Miles,29:48,Rodney Stuckey,26:16,Jordan Hill,23:21,Lavoy Allen,21:53,Myles Turner,15:29,Chase Budinger,10:28,94,2,11,4.0,36.4,3.0,27.3,4.0,36.4,Marcus Morris,12,2,2015-2016,4.0,4,7.0,DET,82,Andre Drummond,Reggie Bullock,3:41,,,,,,,,,,,43:13,Kentavious Caldwell-Pope,41:46,Ersan İlyasova,34:36,Reggie Jackson,34:17,Anthony Tolliver,13:24,Stanley Johnson,11:33,Spencer Dinwiddie,7:04,Steve Blake,6:39,Aron Baynes,4:47
2,.500,4,28.571,2,2.00,100,0,5,83.3,7,.500,5.0,50.0,10.0,14,4,.667,6,42.857,Logos via Sports Logos.net / About logos,W,https://www.basketball-reference.com/boxscores/201511060PHO.html,Away,92,39:12,1,16.7,PHO,Brandon Knight,Mirza Teletović,8:43,Sonny Weems,5:42,,,,,,,,,38:43,Eric Bledsoe,37:04,Tyson Chandler,34:56,P.J. Tucker,33:45,Markieff Morris,30:26,T.J. Warren,16:28,Jon Leuer,13:04,Ronnie Price,12:18,Alex Len,8:51,92,1,20,10.0,50.0,6.0,30.0,4.0,20.0,Marcus Morris,8,2,2015-2016,2.0,1,6.0,DET,100,Andre Drummond,,,,,,,,,,,,,36:09,Kentavious Caldwell-Pope,35:56,Reggie Jackson,30:19,Anthony Tolliver,25:05,Stanley Johnson,22:28,Ersan İlyasova,21:19,Steve Blake,17:41,Aron Baynes,11:51,,
1,.143,7,38.889,3,1.00,120,0,0,0.0,5,.278,4.0,36.4,11.0,18,2,1.000,2,11.111,Logos via Sports Logos.net / About logos,W,https://www.basketball-reference.com/boxscores/201511080POR.html,Away,103,36:44,3,100.0,POR,Al-Farouq Aminu,,,,,,,,,,,,,35:24,Damian Lillard,35:22,CJ McCollum,33:42,Meyers Leonard,33:15,Mason Plumlee,25:41,Allen Crabbe,24:51,Maurice Harkless,22:13,Ed Davis,19:36,Noah Vonleh,9:56,103,3,13,8.0,61.5,3.0,23.1,2.0,15.4,Marcus Morris,17,3,2015-2016,3.0,3,3.0,DET,120,Kentavious Caldwell-Pope,,,,,,,,,,,,,39:06,Andre Drummond,35:52,Reggie Jackson,34:17,Ersan İlyasova,26:04,Anthony Tolliver,21:56,Stanley Johnson,20:10,Steve Blake,13:43,Aron Baynes,12:08,,
1,1.000,1,8.333,3,3.00,95,0,4,80.0,6,.500,5.0,45.5,11.0,12,2,.500,4,33.333,Logos via Sports Logos.net / About logos,L,https://www.basketball-reference.com/boxscores/201511090GSW.html,Away,109,43:08,1,20.0,GSW,Stephen Curry,Marreese Speights,3:59,James Michael McAdoo,1:01,,,,,,,,,36:50,Draymond Green,32:58,Klay Thompson,32:18,Andre Iguodala,29:24,Harrison Barnes,28:26,Festus Ezeli,23:08,Shaun Livingston,19:21,Andrew Bogut,18:58,Leandro Barbosa,13:37,109,2,15,10.0,66.7,3.0,20.0,2.0,13.3,Marcus Morris,14,2,2015-2016,2.0,1,5.0,DET,95,Kentavious Caldwell-Pope,,,,,,,,,,,,,37:37,Andre Drummond,34:53,Stanley Johnson,32:05,Reggie Jackson,29:40,Steve Blake,18:20,Ersan İlyasova,16:54,Anthony Tolliver,14:16,Aron Baynes,12:27,Reggie Bullock,0:40
1,.250,4,26.667,3,1.00,92,0,7,77.8,5,.333,4.0,36.4,11.0,15,5,.833,6,40.000,Logos via Sports Logos.net / About logos,L,https://www.basketball-reference.com/boxscores/201511110SAC.html,Away,101,35:50,2,22.2,SAC,Rajon Rondo,,,,,,,,,,,,,48:00,Rudy Gay,39:22,DeMarcus Cousins,37:44,Omri Casspi,27:56,Marco Belinelli,27:50,Kosta Koufos,22:53,James Anderson,17:13,Willie Cauley-Stein,16:05,Ben McLemore,2:57,101,1,16,8.0,50.0,3.0,18.8,5.0,31.2,Marcus Morris,9,5,2015-2016,5.0,3,9.0,DET,92,Kentavious Caldwell-Pope,,,,,,,,,,,,,40:11,Andre Drummond,34:37,Reggie Jackson,32:41,Stanley Johnson,27:18,Anthony Tolliver,23:46,Ersan İlyasova,16:55,Steve Blake,15:19,Aron Baynes,13:23,,
0,.000,5,50.000,2,1.00,96,0,0,0.0,2,.200,2.0,40.0,5.0,10,2,1.000,2,20.000,Logos via Sports Logos.net / About logos,L,https://www.basketball-reference.com/boxscores/201511140LAC.html,Away,101,38:24,2,100.0,LAC,Blake Griffin,Lance Stephenson,1:42,,,,,,,,,,,41:56,Austin Rivers,41:45,Jamal Crawford,40:31,DeAndre Jordan,38:23,Paul Pierce,30:16,Wesley Johnson,13:01,Josh Smith,12:53,Pablo Prigioni,10:51,Luc Mbah a Moute,8:42,101,2,6,4.0,66.7,0.0,0.0,2.0,33.3,Marcus Morris,5,1,2015-2016,1.0,2,2.0,DET,96,Kentavious Caldwell-Pope,,,,,,,,,,,,,36:45,Reggie Jackson,34:21,Andre Drummond,33:49,Ersan İlyasova,29:29,Stanley Johnson,20:52,Anthony Tolliver,18:27,Aron Baynes,14:11,Steve Blake,13:42,,
0,.000,3,25.000,2,,85,2,4,57.1,3,.250,3.0,33.3,9.0,12,1,.333,3,25.000,Logos via Sports Logos.net / About logos,L,https://www.basketball-reference.com/boxscores/201511150LAL.html,Away,97,31:32,3,42.9,LAL,Kobe Bryant,Metta World Peace,12:17,,,,,,,,,,,35:43,Julius Randle,30:39,Jordan Clarkson,29:14,Roy Hibbert,28:18,Nick Young,25:54,D'Angelo Russell,20:54,Lou Williams,19:58,Brandon Bass,19:42,Larry Nance Jr.,17:21,97,3,7,6.0,85.7,0.0,0.0,1.0,14.3,Marcus Morris,12,1,2015-2016,3.0,0,7.0,DET,85,Andre Drummond,,,,,,,,,,,,,40:42,Kentavious Caldwell-Pope,33:02,Ersan İlyasova,28:51,Reggie Jackson,24:17,Spencer Dinwiddie,23:43,Anthony Tolliver,19:09,Stanley Johnson,16:28,Reggie Bullock,14:58,Aron Baynes,7:18
1,.250,4,33.333,1,0.50,99,0,4,100.0,4,.333,3.0,37.5,8.0,12,5,.833,6,50.000,Logos via Sports Logos.net / About logos,W,https://www.basketball-reference.com/boxscores/201511170DET.html,Home,104,36:19,0,0.0,CLE,LeBron James,Jared Cunningham,2:24,,,,,,,,,,,39:48,J.R. Smith,36:15,Kevin Love,33:48,Mo Williams,28:48,Timofey Mozgov,27:30,Tristan Thompson,20:58,Matthew Dellavedova,20:18,Richard Jefferson,16:28,James Jones,13:44,99,5,14,6.0,42.9,3.0,21.4,5.0,35.7,Marcus Morris,5,2,2015-2016,2.0,2,4.0,DET,104,Andre Drummond,,,,,,,,,,,,,39:14,Kentavious Caldwell-Pope,37:52,Reggie Jackson,34:27,Ersan İlyasova,28:42,Anthony Tolliver,19:18,Stanley Johnson,16:20,Spencer Dinwiddie,13:33,Aron Baynes,8:46,Reggie Bullock,5:29
0,.000,5,35.714,0,,96,1,11,100.0,6,.429,6.0,66.7,9.0,14,4,1.000,4,28.571,Logos via Sports Logos.net / About logos,W,https://www.basketball-reference.com/boxscores/201511200MIN.html,Away,86,35:50,0,0.0,MIN,Andrew Wiggins,Kevin Garnett,13:39,Damjan Rudež,6:28,,,,,,,,,36:19,Ricky Rubio,30:26,Karl-Anthony Towns,27:53,Zach LaVine,26:11,Kevin Martin,21:36,Tayshaun Prince,21:04,Gorgui Dieng,19:55,Adreian Payne,19:16,Shabazz Muhammad,17:13,86,4,16,12.0,75.0,0.0,0.0,4.0,25.0,Marcus Morris,10,1,2015-2016,2.0,0,11.0,DET,96,Kentavious Caldwell-Pope,,,,,,,,,,,,,38:11,Andre Drummond,29:03,Reggie Jackson,27:31,Stanley Johnson,24:22,Spencer Dinwiddie,20:29,Anthony Tolliver,20:04,Ersan İlyasova,19:28,Aron Baynes,18:45,Reggie Bullock,6:17
2,.333,6,42.857,4,4.00,97,0,7,77.8,6,.429,4.0,50.0,8.0,14,4,1.000,4,28.571,Logos via Sports Logos.net / About logos,L,https://www.basketball-reference.com/boxscores/201511210DET.html,Home,95,37:07,2,22.2,WAS,Otto Porter Jr.,Gary Neal,14:49,,,,,,,,,,,31:15,Bradley Beal,28:21,Jared Dudley,27:08,John Wall,27:04,Marcin Gortat,25:42,Garrett Temple,25:39,Nenê,22:18,Ramon Sessions,20:56,Kris Humphries,16:48,97,0,18,8.0,44.4,6.0,33.3,4.0,22.2,Marcus Morris,2,0,2015-2016,0.0,1,9.0,DET,95,Andre Drummond,,,,,,,,,,,,,37:06,Kentavious Caldwell-Pope,37:05,Ersan İlyasova,32:31,Reggie Jackson,31:34,Spencer Dinwiddie,16:26,Stanley Johnson,16:03,Anthony Tolliver,15:29,Aron Baynes,10:54,Reggie Bullock,5:45
0,.000,3,42.857,1,0.33,88,0,5,100.0,2,.286,2.0,50.0,4.0,7,0,,0,0.000,Logos via Sports Logos.net / About logos,L,https://www.basketball-reference.com/boxscores/201511230MIL.html,Away,109,25:46,0,0.0,MIL,Jerryd Bayless,John Henson,8:02,Rashad Vaughn,4:13,Chris Copeland,2:19,Miles Plumlee,2:19,,,,,31:24,Greg Monroe,31:20,Jabari Parker,27:23,Giannis Antetokounmpo,26:48,Michael Carter-Williams,26:05,Khris Middleton,22:35,Greivis Vásquez,21:55,O.J. Mayo,19:12,Johnny O'Bryant,16:25,109,1,4,4.0,100.0,0.0,0.0,0.0,0.0,Marcus Morris,21,0,2015-2016,0.0,3,5.0,DET,88,Stanley Johnson,Steve Blake,6:48,Reggie Bullock,6:04,Joel Anthony,4:59,,,,,,,25:46,Kentavious Caldwell-Pope,25:44,Andre Drummond,24:11,Ersan İlyasova,24:07,Anthony Tolliver,23:53,Reggie Jackson,23:43,Aron Baynes,18:50,Spencer Dinwiddie,17:29,Darrun Hilliard,12:40
2,.667,3,23.077,0,,81,0,4,66.7,6,.462,4.0,40.0,10.0,13,0,,0,0.000,Logos via Sports Logos.net / About logos,W,https://www.basketball-reference.com/boxscores/201511250DET.html,Home,104,36:06,2,33.3,MIA,Gerald Green,Josh Richardson,5:39,Udonis Haslem,4:12,Chris Andersen,4:12,,,,,,,38:18,Chris Bosh,30:18,Goran Dragić,30:05,Hassan Whiteside,29:37,Justise Winslow,29:08,Dwyane Wade,23:26,Tyler Johnson,22:09,Josh McRoberts,13:16,Beno Udrih,9:40,81,1,14,8.0,57.1,6.0,42.9,0.0,0.0,Marcus Morris,23,1,2015-2016,1.0,0,6.0,DET,104,Kentavious Caldwell-Pope,Joel Anthony,2:45,Reggie Bullock,2:45,,,,,,,,,34:10,Andre Drummond,32:41,Reggie Jackson,26:14,Anthony Tolliver,25:05,Ersan İlyasova,22:55,Steve Blake,21:46,Stanley Johnson,20:14,Aron Baynes,12:34,Darrun Hilliard,2:45
2,.500,4,30.769,0,,87,0,4,100.0,5,.385,3.0,33.3,9.0,13,5,.833,6,46.154,Logos via Sports Logos.net / About logos,L,https://www.basketball-reference.com/boxscores/201511270OKC.html,Away,103,39:38,0,0.0,OKC,Kevin Durant,Anthony Morrow,7:44,,,,,,,,,,,37:51,Serge Ibaka,31:47,Andre Roberson,30:56,Russell Westbrook,28:37,Steven Adams,27:55,Dion Waiters,27:04,D.J. Augustin,21:31,Enes Freedom,18:24,Nick Collison,8:11,103,1,17,6.0,35.3,6.0,35.3,5.0,29.4,Marcus Morris,16,1,2015-2016,1.0,0,4.0,DET,87,Kentavious Caldwell-Pope,,,,,,,,,,,,,40:02,Andre Drummond,32:26,Ersan İlyasova,28:22,Reggie Jackson,26:51,Steve Blake,21:09,Anthony Tolliver,19:38,Stanley Johnson,16:20,Aron Baynes,15:34,,
1,.333,3,30.000,2,1.00,83,0,2,66.7,3,.300,2.0,28.6,7.0,10,0,,0,0.000,Logos via Sports Logos.net / About logos,L,https://www.basketball-reference.com/boxscores/201511290BRK.html,Away,87,35:26,1,33.3,BRK,Joe Johnson,Sergey Karasev,5:42,Andrea Bargnani,2:31,,,,,,,,,38:45,Brook Lopez,35:34,Thaddeus Young,31:01,Jarrett Jack,26:42,Wayne Ellington,23:32,Shane Larkin,21:23,Rondae Hollis-Jefferson,21:20,Bojan Bogdanović,21:04,Thomas Robinson,12:26,87,3,7,4.0,57.1,3.0,42.9,0.0,0.0,Marcus Morris,4,3,2015-2016,3.0,2,3.0,DET,83,Andre Drummond,,,,,,,,,,,,,36:44,Kentavious Caldwell-Pope,33:56,Reggie Jackson,30:19,Stanley Johnson,26:38,Ersan İlyasova,26:03,Anthony Tolliver,21:57,Steve Blake,17:41,Aron Baynes,11:16,,
0,.000,5,45.455,6,2.00,105,0,3,75.0,5,.455,5.0,83.3,6.0,11,2,.667,3,27.273,Logos via Sports Logos.net / About logos,W,https://www.basketball-reference.com/boxscores/201511300DET.html,Home,116,33:57,1,25.0,HOU,James Harden,Montrezl Harrell,7:50,K.J. McDaniels,0:47,,,,,,,,,42:22,Trevor Ariza,35:55,Dwight Howard,31:12,Patrick Beverley,28:13,Clint Capela,22:17,Marcus Thornton,21:44,Ty Lawson,18:42,Corey Brewer,15:53,Terrence Jones,15:06,105,1,12,10.0,83.3,0.0,0.0,2.0,16.7,Marcus Morris,11,0,2015-2016,0.0,3,4.0,DET,116,Kentavious Caldwell-Pope,,,,,,,,,,,,,43:47,Reggie Jackson,36:38,Stanley Johnson,29:42,Andre Drummond,27:14,Ersan İlyasova,24:30,Aron Baynes,20:32,Steve Blake,12:09,Anthony Tolliver,11:30,,
3,.750,4,40.000,3,1.50,122,0,11,78.6,7,.700,4.0,66.7,6.0,10,7,.700,10,100.000,Logos via Sports Logos.net / About logos,W,https://www.basketball-reference.com/boxscores/201512020DET.html,Home,127,41:58,3,21.4,PHO,Eric Bledsoe,Cory Jefferson,3:41,,,,,,,,,,,40:50,Mirza Teletović,39:05,P.J. Tucker,39:01,Jon Leuer,38:36,Brandon Knight,38:01,Devin Booker,22:50,T.J. Warren,21:28,Alex Len,14:42,Ronnie Price,6:48,122,2,24,8.0,33.3,9.0,37.5,7.0,29.2,Marcus Morris,5,2,2015-2016,2.0,2,14.0,DET,127,Kentavious Caldwell-Pope,,,,,,,,,,,,,46:09,Andre Drummond,42:07,Reggie Jackson,39:56,Ersan İlyasova,34:44,Stanley Johnson,21:12,Anthony Tolliver,15:06,Steve Blake,13:04,Aron Baynes,10:44,,
1,.500,2,14.286,3,1.50,95,0,2,50.0,7,.500,6.0,50.0,12.0,14,8,.889,9,64.286,Logos via Sports Logos.net / About logos,W,https://www.basketball-reference.com/boxscores/201512040DET.html,Home,102,39:21,2,50.0,MIL,Khris Middleton,Johnny O'Bryant,8:38,,,,,,,,,,,33:51,O.J. Mayo,33:43,Giannis Antetokounmpo,33:40,Greg Monroe,33:17,Michael Carter-Williams,26:33,Jerryd Bayless,26:03,Jabari Parker,19:05,John Henson,14:36,Rashad Vaughn,10:34,95,1,23,12.0,52.2,3.0,13.0,8.0,34.8,Marcus Morris,7,1,2015-2016,1.0,2,4.0,DET,102,Andre Drummond,,,,,,,,,,,,,35:52,Kentavious Caldwell-Pope,33:19,Reggie Jackson,33:05,Ersan İlyasova,24:53,Stanley Johnson,23:20,Anthony Tolliver,23:07,Steve Blake,14:55,Aron Baynes,12:08,,
0,.000,2,15.385,3,3.00,91,0,3,100.0,4,.308,4.0,36.4,11.0,13,1,.333,3,23.077,Logos via Sports Logos.net / About logos,W,https://www.basketball-reference.com/boxscores/201512060DET.html,Home,111,30:30,0,0.0,LAL,Lou Williams,Ryan Kelly,12:00,Robert Sacre,12:00,Brandon Bass,11:15,Nick Young,7:25,,,,,31:51,Jordan Clarkson,30:02,Kobe Bryant,25:35,Roy Hibbert,24:45,Julius Randle,24:24,D'Angelo Russell,22:07,Metta World Peace,13:48,Larry Nance Jr.,12:48,Marcelo Huertas,12:00,91,2,9,8.0,88.9,0.0,0.0,1.0,11.1,Marcus Morris,20,0,2015-2016,0.0,1,3.0,DET,111,Anthony Tolliver,Spencer Dinwiddie,4:43,Reggie Bullock,2:28,Joel Anthony,2:28,,,,,,,33:39,Kentavious Caldwell-Pope,30:52,Stanley Johnson,27:13,Reggie Jackson,24:52,Andre Drummond,24:11,Aron Baynes,21:21,Steve Blake,18:25,Ersan İlyasova,12:36,Darrun Hilliard,6:42
1,.500,2,18.182,1,0.50,84,1,2,66.7,4,.364,3.0,33.3,9.0,11,2,.667,3,27.273,Logos via Sports Logos.net / About logos,L,https://www.basketball-reference.com/boxscores/201512070CHO.html,Away,104,30:21,1,33.3,CHO,Nicolas Batum,Tyler Hansbrough,3:44,Troy Daniels,3:44,Aaron Harrison,3:44,Brian Roberts,3:44,,,,,33:42,Frank Kaminsky,30:51,Cody Zeller,28:23,Marvin Williams,27:43,Jeremy Lin,26:14,Kemba Walker,24:53,Jeremy Lamb,21:20,P.J. Hairston,16:05,Spencer Hawes,15:53,104,2,11,6.0,54.5,3.0,27.3,2.0,18.2,Marcus Morris,20,0,2015-2016,1.0,2,3.0,DET,84,Kentavious Caldwell-Pope,Joel Anthony,3:55,Reggie Bullock,3:55,Spencer Dinwiddie,3:55,,,,,,,37:31,Ersan İlyasova,27:59,Reggie Jackson,24:05,Andre Drummond,23:34,Aron Baynes,20:31,Stanley Johnson,20:18,Anthony Tolliver,20:01,Steve Blake,20:00,Darrun Hilliard,3:55
2,.500,4,30.769,0,,93,0,1,50.0,6,.462,4.0,44.4,9.0,13,2,1.000,2,15.385,Logos via Sports Logos.net / About logos,L,https://www.basketball-reference.com/boxscores/201512090DET.html,Home,92,36:52,1,50.0,MEM,Marc Gasol,,,,,,,,,,,,,35:34,Zach Randolph,35:07,Matt Barnes,30:12,Mike Conley,29:11,Courtney Lee,29:04,Jeff Green,24:51,Tony Allen,22:07,Mario Chalmers,19:14,JaMychal Green,14:40,93,0,16,8.0,50.0,6.0,37.5,2.0,12.5,Marcus Morris,1,0,2015-2016,0.0,0,2.0,DET,92,Andre Drummond,,,,,,,,,,,,,36:30,Kentavious Caldwell-Pope,35:16,Ersan İlyasova,34:13,Reggie Jackson,32:17,Stanley Johnson,17:25,Steve Blake,15:44,Anthony Tolliver,13:22,Aron Baynes,11:30,Darrun Hilliard,6:51
3,1.000,3,33.333,4,1.00,107,1,7,87.5,7,.778,4.0,66.7,6.0,9,4,1.000,4,44.444,Logos via Sports Logos.net / About logos,W,https://www.basketball-reference.com/boxscores/201512110PHI.html,Away,95,34:02,1,12.5,PHI,Robert Covington,JaKarr Sampson,11:41,Richaun Holmes,3:18,,,,,,,,,33:44,Jahlil Okafor,30:04,Nerlens Noel,29:08,Hollis Thompson,28:07,T.J. McConnell,24:56,Isaiah Canaan,22:49,Nik Stauskas,22:06,Jerami Grant,17:45,Kendall Marshall,16:22,95,2,21,8.0,38.1,9.0,42.9,4.0,19.0,Marcus Morris,12,1,2015-2016,2.0,4,8.0,DET,107,Kentavious Caldwell-Pope,Reggie Bullock,1:51,,,,,,,,,,,35:46,Andre Drummond,32:52,Reggie Jackson,30:32,Ersan İlyasova,25:39,Anthony Tolliver,22:21,Steve Blake,17:28,Stanley Johnson,15:27,Aron Baynes,15:08,Darrun Hilliard,8:54
2,.500,4,30.769,0,0.00,96,0,2,66.7,7,.538,5.0,55.6,9.0,13,0,,0,0.000,Logos via Sports Logos.net / About logos,W,https://www.basketball-reference.com/boxscores/201512120DET.html,Home,118,29:45,1,33.3,IND,Paul George,Glenn Robinson III,11:49,Solomon Hill,5:30,,,,,,,,,34:17,George Hill,32:14,Jordan Hill,25:45,Monta Ellis,24:22,C.J. Miles,23:44,Rodney Stuckey,23:05,Ian Mahinmi,22:15,Lavoy Allen,22:09,Chase Budinger,14:50,96,1,16,10.0,62.5,6.0,37.5,0.0,0.0,Marcus Morris,22,0,2015-2016,0.0,1,3.0,DET,118,Kentavious Caldwell-Pope,Joel Anthony,3:23,Reggie Bullock,3:23,Spencer Dinwiddie,3:23,,,,,,,37:24,Ersan İlyasova,28:47,Andre Drummond,28:17,Reggie Jackson,25:38,Stanley Johnson,25:28,Steve Blake,18:59,Aron Baynes,16:20,Anthony Tolliver,15:50,Darrun Hilliard,3:23
0,.000,1,10.000,2,2.00,105,0,4,100.0,3,.300,3.0,33.3,9.0,10,0,,0,0.000,Logos via Sports Logos.net / About logos,L,https://www.basketball-reference.com/boxscores/201512140DET.html,Home,103,41:48,0,0.0,LAC,Blake Griffin,Josh Smith,9:16,,,,,,,,,,,42:47,DeAndre Jordan,42:31,Chris Paul,37:58,JJ Redick,31:45,Wesley Johnson,29:44,Jamal Crawford,26:13,Luc Mbah a Moute,18:27,Austin Rivers,15:02,Paul Pierce,11:16,105,3,6,6.0,100.0,0.0,0.0,0.0,0.0,Marcus Morris,2,2,2015-2016,2.0,1,4.0,DET,103,Kentavious Caldwell-Pope,,,,,,,,,,,,,45:03,Andre Drummond,40:20,Reggie Jackson,39:08,Anthony Tolliver,32:54,Ersan İlyasova,20:06,Stanley Johnson,19:09,Steve Blake,13:52,Aron Baynes,12:40,,
1,.500,2,22.222,2,2.00,116,0,1,100.0,4,.444,3.0,42.9,7.0,9,2,1.000,2,22.222,Logos via Sports Logos.net / About logos,W,https://www.basketball-reference.com/boxscores/201512160DET.html,Home,119,33:08,0,0.0,BOS,Isaiah Thomas,James Young,8:00,David Lee,7:41,,,,,,,,,37:56,Avery Bradley,37:50,Jae Crowder,31:30,Evan Turner,27:29,Jared Sullinger,26:54,Amir Johnson,20:48,Kelly Olynyk,16:23,Jonas Jerebko,15:59,Tyler Zeller,9:30,116,3,11,6.0,54.5,3.0,27.3,2.0,18.2,Marcus Morris,3,1,2015-2016,1.0,1,1.0,DET,119,Kentavious Caldwell-Pope,,,,,,,,,,,,,43:51,Andre Drummond,34:33,Ersan İlyasova,31:22,Reggie Jackson,27:36,Stanley Johnson,21:11,Steve Blake,20:24,Anthony Tolliver,14:54,Aron Baynes,12:31,Joel Anthony,0:30
3,.500,6,35.294,2,1.00,147,1,5,71.4,7,.412,4.0,36.4,11.0,17,3,.500,6,35.294,Logos via Sports Logos.net / About logos,W,https://www.basketball-reference.com/boxscores/201512180CHI.html,Away,144,57:17,2,28.6,CHI,Jimmy Butler,Aaron Brooks,11:30,E'Twaun Moore,3:21,,,,,,,,,55:33,Derrick Rose,54:13,Pau Gasol,48:03,Taj Gibson,44:06,Tony Snell,38:11,Joakim Noah,25:40,Nikola Mirotić,23:56,Doug McDermott,22:19,Kirk Hinrich,13:08,144,6,20,8.0,40.0,9.0,45.0,3.0,15.0,Marcus Morris,3,0,2015-2016,1.0,2,7.0,DET,147,Andre Drummond,,,,,,,,,,,,,54:12,Ersan İlyasova,53:56,Reggie Jackson,49:30,Kentavious Caldwell-Pope,48:45,Stanley Johnson,30:24,Steve Blake,19:22,Joel Anthony,13:35,Anthony Tolliver,12:58,,
0,.000,1,14.286,3,0.60,93,0,5,100.0,3,.429,3.0,50.0,6.0,7,2,.500,4,57.143,Logos via Sports Logos.net / About logos,W,https://www.basketball-reference.com/boxscores/201512220MIA.html,Away,92,33:06,0,0.0,MIA,Hassan Whiteside,,,,,,,,,,,,,35:16,Beno Udrih,33:58,Chris Bosh,33:35,Luol Deng,33:29,Gerald Green,29:12,Dwyane Wade,28:53,Justise Winslow,24:49,Josh Richardson,14:02,Udonis Haslem,6:46,92,1,8,6.0,75.0,0.0,0.0,2.0,25.0,Marcus Morris,1,0,2015-2016,0.0,5,5.0,DET,93,Kentavious Caldwell-Pope,,,,,,,,,,,,,40:05,Andre Drummond,34:16,Reggie Jackson,30:50,Ersan İlyasova,24:00,Anthony Tolliver,23:53,Stanley Johnson,22:56,Steve Blake,17:10,Aron Baynes,13:44,,
2,1.000,2,12.500,1,1.00,100,0,5,71.4,9,.563,7.0,50.0,14.0,16,2,.667,3,18.750,Logos via Sports Logos.net / About logos,L,https://www.basketball-reference.com/boxscores/201512230ATL.html,Away,107,37:46,2,28.6,ATL,Jeff Teague,Lamar Patterson,9:59,Mike Muscala,0:00,,,,,,,,,31:52,Paul Millsap,31:47,Al Horford,30:07,Kent Bazemore,29:37,Kyle Korver,28:51,Thabo Sefolosha,23:48,Dennis Schröder,20:20,Tiago Splitter,19:28,Mike Scott,14:11,107,0,22,14.0,63.6,6.0,27.3,2.0,9.1,Marcus Morris,7,1,2015-2016,1.0,1,7.0,DET,100,Andre Drummond,,,,,,,,,,,,,36:04,Reggie Jackson,33:25,Ersan İlyasova,33:01,Kentavious Caldwell-Pope,28:03,Stanley Johnson,25:41,Anthony Tolliver,14:59,Steve Blake,14:35,Aron Baynes,11:56,Darrun Hilliard,4:30
0,.000,2,14.286,1,0.33,99,0,3,60.0,7,.500,7.0,58.3,12.0,14,2,.500,4,28.571,Logos via Sports Logos.net / About logos,L,https://www.basketball-reference.com/boxscores/201512260DET.html,Home,93,37:01,2,40.0,BOS,Jae Crowder,Jonas Jerebko,10:21,,,,,,,,,,,35:43,Isaiah Thomas,33:01,Avery Bradley,31:27,Amir Johnson,28:15,Kelly Olynyk,24:18,Evan Turner,23:23,Jared Sullinger,21:08,R.J. Hunter,17:38,Tyler Zeller,14:46,99,4,16,14.0,87.5,0.0,0.0,2.0,12.5,Marcus Morris,6,1,2015-2016,1.0,3,5.0,DET,93,Andre Drummond,,,,,,,,,,,,,35:55,Kentavious Caldwell-Pope,35:23,Ersan İlyasova,28:34,Reggie Jackson,27:18,Stanley Johnson,25:33,Steve Blake,21:20,Anthony Tolliver,16:08,Aron Baynes,11:30,Reggie Bullock,1:19
1,.200,5,31.250,2,1.00,96,1,2,50.0,7,.438,6.0,54.5,11.0,16,2,1.000,2,12.500,Logos via Sports Logos.net / About logos,L,https://www.basketball-reference.com/boxscores/201512290NYK.html,Away,108,36:04,2,50.0,NYK,Carmelo Anthony,Jerian Grant,6:41,Cleanthony Early,0:29,,,,,,,,,37:53,Robin Lopez,36:22,José Calderón,33:19,Arron Afflalo,31:14,Lance Thomas,29:20,Kristaps Porziņģis,18:37,Derrick Williams,18:12,Langston Galloway,16:41,Kyle O'Quinn,11:13,108,1,17,12.0,70.6,3.0,17.6,2.0,11.8,Marcus Morris,12,1,2015-2016,2.0,2,4.0,DET,96,Kentavious Caldwell-Pope,,,,,,,,,,,,,38:29,Ersan İlyasova,36:10,Andre Drummond,36:04,Reggie Jackson,31:16,Stanley Johnson,18:51,Brandon Jennings,16:44,Aron Baynes,11:56,Anthony Tolliver,11:50,Darrun Hilliard,2:36
0,.000,3,60.000,3,0.75,90,0,2,100.0,1,.200,1.0,50.0,2.0,5,6,1.000,6,120.000,Logos via Sports Logos.net / About logos,W,https://www.basketball-reference.com/boxscores/201512310DET.html,Home,115,34:14,0,0.0,MIN,Karl-Anthony Towns,Damjan Rudež,9:19,,,,,,,,,,,35:03,Andrew Wiggins,34:51,Ricky Rubio,27:46,Nemanja Bjelica,25:37,Zach LaVine,24:48,Tayshaun Prince,24:39,Shabazz Muhammad,22:49,Gorgui Dieng,21:59,Tyus Jones,13:09,90,1,8,2.0,25.0,0.0,0.0,6.0,75.0,Marcus Morris,25,1,2015-2016,1.0,4,2.0,DET,115,Kentavious Caldwell-Pope,Joel Anthony,3:23,Reggie Bullock,3:13,,,,,,,,,37:01,Andre Drummond,30:44,Ersan İlyasova,28:32,Reggie Jackson,27:07,Stanley Johnson,21:32,Brandon Jennings,20:53,Anthony Tolliver,16:05,Aron Baynes,13:53,Darrun Hilliard,3:23
0,.000,1,7.692,4,4.00,82,0,1,50.0,5,.385,5.0,41.7,12.0,13,1,.500,2,15.385,Logos via Sports Logos.net / About logos,L,https://www.basketball-reference.com/boxscores/201601020IND.html,Away,94,36:02,1,50.0,IND,George Hill,Myles Turner,10:19,,,,,,,,,,,37:00,Monta Ellis,33:39,Paul George,32:36,C.J. Miles,25:38,Rodney Stuckey,25:21,Jordan Hill,22:05,Lavoy Allen,21:02,Solomon Hill,16:44,Ian Mahinmi,15:36,94,3,11,10.0,90.9,0.0,0.0,1.0,9.1,Marcus Morris,12,0,2015-2016,0.0,1,2.0,DET,82,Kentavious Caldwell-Pope,,,,,,,,,,,,,41:26,Andre Drummond,35:51,Ersan İlyasova,31:57,Reggie Jackson,28:43,Brandon Jennings,19:17,Stanley Johnson,18:32,Anthony Tolliver,16:03,Aron Baynes,12:09,,
0,.000,1,14.286,1,,89,0,2,66.7,4,.571,4.0,66.7,6.0,7,5,1.000,5,71.429,Logos via Sports Logos.net / About logos,W,https://www.basketball-reference.com/boxscores/201601040DET.html,Home,115,29:59,1,33.3,ORL,Victor Oladipo,Mario Hezonja,10:42,Dewayne Dedmon,9:02,,,,,,,,,34:38,Tobias Harris,33:17,Shabazz Napier,27:18,Evan Fournier,25:36,Aaron Gordon,25:14,Nikola Vučević,24:09,Andrew Nicholson,21:11,Jason Smith,14:49,Channing Frye,14:04,89,2,13,8.0,61.5,0.0,0.0,5.0,38.5,Marcus Morris,26,0,2015-2016,0.0,0,3.0,DET,115,Kentavious Caldwell-Pope,Steve Blake,3:44,Reggie Bullock,3:44,Darrun Hilliard,3:44,,,,,,,33:41,Andre Drummond,28:34,Ersan İlyasova,28:21,Reggie Jackson,25:47,Stanley Johnson,24:52,Anthony Tolliver,19:39,Brandon Jennings,18:29,Aron Baynes,15:42,Joel Anthony,3:44
0,,0,0.000,0,0.00,99,0,4,66.7,2,.250,2.0,25.0,8.0,8,4,.800,5,62.500,Logos via Sports Logos.net / About logos,W,https://www.basketball-reference.com/boxscores/201601060BOS.html,Away,94,37:25,2,33.3,BOS,Jae Crowder,James Young,6:54,,,,,,,,,,,36:08,Isaiah Thomas,36:01,Evan Turner,35:31,Amir Johnson,31:11,Kelly Olynyk,29:17,Marcus Smart,25:58,Jonas Jerebko,15:58,Jared Sullinger,14:54,R.J. Hunter,8:08,94,5,8,4.0,50.0,0.0,0.0,4.0,50.0,Marcus Morris,5,0,2015-2016,0.0,2,6.0,DET,99,Kentavious Caldwell-Pope,,,,,,,,,,,,,37:21,Reggie Jackson,31:27,Anthony Tolliver,23:49,Stanley Johnson,23:06,Ersan İlyasova,22:19,Andre Drummond,21:29,Aron Baynes,17:59,Brandon Jennings,16:33,Joel Anthony,8:32
0,.000,3,50.000,3,,109,0,5,100.0,1,.167,1.0,33.3,3.0,6,2,1.000,2,33.333,Logos via Sports Logos.net / About logos,L,https://www.basketball-reference.com/boxscores/201601120DET.html,Home,99,28:21,0,0.0,SAS,LaMarcus Aldridge,Boban Marjanović,3:40,Kyle Anderson,2:36,,,,,,,,,35:48,Kawhi Leonard,34:20,Tony Parker,31:52,Tim Duncan,29:45,Danny Green,26:48,Manu Ginóbili,26:36,Boris Diaw,26:00,Patty Mills,16:08,Jonathon Simmons,6:27,109,3,4,2.0,50.0,0.0,0.0,2.0,50.0,Marcus Morris,10,1,2015-2016,1.0,0,5.0,DET,99,Kentavious Caldwell-Pope,,,,,,,,,,,,,43:28,Reggie Jackson,30:34,Andre Drummond,27:55,Ersan İlyasova,25:33,Stanley Johnson,23:54,Anthony Tolliver,22:27,Aron Baynes,18:49,Brandon Jennings,17:43,Joel Anthony,1:16
1,.250,4,40.000,5,0.83,101,0,4,100.0,5,.500,4.0,66.7,6.0,10,1,.500,2,20.000,Logos via Sports Logos.net / About logos,L,https://www.basketball-reference.com/boxscores/201601140MEM.html,Away,103,40:17,0,0.0,MEM,Mario Chalmers,JaMychal Green,4:44,,,,,,,,,,,41:48,Marc Gasol,37:18,Tony Allen,32:07,Zach Randolph,29:45,Courtney Lee,28:49,Matt Barnes,27:31,Jeff Green,26:46,Elliot Williams,6:12,Vince Carter,5:00,103,1,12,8.0,66.7,3.0,25.0,1.0,8.3,Marcus Morris,2,0,2015-2016,0.0,6,4.0,DET,101,Andre Drummond,,,,,,,,,,,,,33:45,Kentavious Caldwell-Pope,30:38,Ersan İlyasova,26:15,Stanley Johnson,25:05,Brandon Jennings,24:17,Reggie Jackson,23:43,Anthony Tolliver,21:45,Aron Baynes,12:54,Joel Anthony,1:21
1,.250,4,28.571,6,6.00,95,2,7,87.5,6,.429,5.0,50.0,10.0,14,3,.750,4,28.571,Logos via Sports Logos.net / About logos,W,https://www.basketball-reference.com/boxscores/201601160DET.html,Home,113,39:37,1,12.5,GSW,Stephen Curry,Brandon Rush,9:08,Ian Clark,2:49,,,,,,,,,36:55,Draymond Green,36:00,Klay Thompson,32:02,Harrison Barnes,29:50,Festus Ezeli,23:20,Andre Iguodala,22:25,Andrew Bogut,19:47,Shaun Livingston,14:31,Leandro Barbosa,13:13,95,1,16,10.0,62.5,3.0,18.8,3.0,18.8,Marcus Morris,18,0,2015-2016,2.0,1,8.0,DET,113,Kentavious Caldwell-Pope,,,,,,,,,,,,,38:57,Andre Drummond,38:32,Reggie Jackson,32:32,Ersan İlyasova,29:42,Stanley Johnson,20:15,Anthony Tolliver,15:29,Aron Baynes,9:28,Brandon Jennings,8:25,Steve Blake,7:03
0,.000,6,37.500,0,0.00,111,0,3,50.0,8,.500,8.0,80.0,10.0,16,2,1.000,2,12.500,Logos via Sports Logos.net / About logos,L,https://www.basketball-reference.com/boxscores/201601180DET.html,Home,101,38:24,3,50.0,CHI,Jimmy Butler,Bobby Portis,3:10,,,,,,,,,,,37:28,Pau Gasol,35:51,Taj Gibson,35:49,Derrick Rose,27:26,Doug McDermott,24:54,Nikola Mirotić,21:10,Aaron Brooks,20:34,E'Twaun Moore,17:54,Tony Snell,15:44,111,2,18,16.0,88.9,0.0,0.0,2.0,11.1,Marcus Morris,10,1,2015-2016,1.0,2,6.0,DET,101,Ersan İlyasova,,,,,,,,,,,,,35:14,Andre Drummond,33:47,Kentavious Caldwell-Pope,32:30,Reggie Jackson,32:21,Stanley Johnson,22:28,Brandon Jennings,15:39,Aron Baynes,14:13,Anthony Tolliver,12:46,Darrun Hilliard,2:38
4,.667,6,60.000,1,0.50,123,1,5,100.0,6,.600,2.0,50.0,4.0,10,6,1.000,6,60.000,Logos via Sports Logos.net / About logos,W,https://www.basketball-reference.com/boxscores/201601200HOU.html,Away,114,37:06,0,0.0,HOU,Trevor Ariza,Dwight Howard,0:55,K.J. McDaniels,0:30,,,,,,,,,42:55,James Harden,36:03,Ty Lawson,35:13,Clint Capela,28:08,Terrence Jones,25:24,Corey Brewer,24:40,Marcus Thornton,18:52,Jason Terry,18:10,Montrezl Harrell,9:10,114,3,22,4.0,18.2,12.0,54.5,6.0,27.3,Marcus Morris,9,0,2015-2016,1.0,2,5.0,DET,123,Kentavious Caldwell-Pope,,,,,,,,,,,,,37:11,Ersan İlyasova,33:29,Reggie Jackson,32:26,Aron Baynes,24:47,Stanley Johnson,23:53,Andre Drummond,23:13,Brandon Jennings,15:34,Anthony Tolliver,12:21,,
0,.000,2,18.182,2,1.00,99,1,3,50.0,2,.182,2.0,22.2,9.0,11,0,,0,0.000,Logos via Sports Logos.net / About logos,L,https://www.basketball-reference.com/boxscores/201601210NOP.html,Away,115,35:24,3,50.0,NOP,Anthony Davis,Alexis Ajinça,9:37,Luke Babbitt,0:30,Bryce Dejean-Jones,0:30,,,,,,,35:50,Tyreke Evans,31:09,Norris Cole,31:07,Ryan Anderson,30:30,Alonzo Gee,29:04,Jrue Holiday,22:29,Ömer Aşık,19:33,Dante Cunningham,18:56,Toney Douglas,10:45,115,0,4,4.0,100.0,0.0,0.0,0.0,0.0,Marcus Morris,16,0,2015-2016,1.0,2,6.0,DET,99,Kentavious Caldwell-Pope,,,,,,,,,,,,,41:04,Ersan İlyasova,36:31,Andre Drummond,35:42,Reggie Jackson,27:49,Brandon Jennings,20:11,Stanley Johnson,19:32,Aron Baynes,12:18,Anthony Tolliver,11:29,,
3,.750,4,40.000,2,1.00,101,0,2,100.0,7,.700,4.0,66.7,6.0,10,3,.750,4,40.000,Logos via Sports Logos.net / About logos,L,https://www.basketball-reference.com/boxscores/201601230DEN.html,Away,104,32:54,0,0.0,DEN,Danilo Gallinari,Sean Kilpatrick,10:04,,,,,,,,,,,38:14,Emmanuel Mudiay,34:31,Darrell Arthur,34:18,Gary Harris,32:05,Nikola Jokić,31:50,Will Barton,19:07,Joffrey Lauvergne,16:10,Randy Foye,13:29,Mike Miller,10:13,104,5,20,8.0,40.0,9.0,45.0,3.0,15.0,Marcus Morris,3,1,2015-2016,1.0,2,2.0,DET,101,Kentavious Caldwell-Pope,,,,,,,,,,,,,35:11,Reggie Jackson,29:34,Aron Baynes,29:34,Ersan İlyasova,27:45,Anthony Tolliver,21:07,Stanley Johnson,20:11,Andre Drummond,18:26,Brandon Jennings,18:26,Darrun Hilliard,6:52
0,.000,3,33.333,4,,95,0,3,75.0,1,.111,1.0,16.7,6.0,9,0,,0,0.000,Logos via Sports Logos.net / About logos,W,https://www.basketball-reference.com/boxscores/201601250UTA.html,Away,92,35:22,1,25.0,UTA,Gordon Hayward,Jeff Withey,9:41,Raul Neto,6:12,,,,,,,,,36:43,Rudy Gobert,35:58,Rodney Hood,34:19,Joe Ingles,27:30,Trey Burke,22:10,Derrick Favors,19:34,Chris Johnson,17:06,Trey Lyles,16:28,Trevor Booker,14:18,92,2,2,2.0,100.0,0.0,0.0,0.0,0.0,Marcus Morris,3,1,2015-2016,1.0,0,4.0,DET,95,Kentavious Caldwell-Pope,,,,,,,,,,,,,37:47,Reggie Jackson,30:55,Andre Drummond,29:20,Anthony Tolliver,24:34,Ersan İlyasova,23:26,Stanley Johnson,22:56,Aron Baynes,18:35,Brandon Jennings,17:05,,
0,.000,3,27.273,3,3.00,97,0,5,71.4,4,.364,4.0,50.0,8.0,11,2,.500,4,36.364,Logos via Sports Logos.net / About logos,W,https://www.basketball-reference.com/boxscores/201601270DET.html,Home,110,36:17,2,28.6,PHI,Robert Covington,,,,,,,,,,,,,35:31,Hollis Thompson,33:30,Ish Smith,31:18,Jerami Grant,29:34,Nerlens Noel,28:05,Nik Stauskas,26:07,Isaiah Canaan,22:46,T.J. McConnell,16:42,Richaun Holmes,16:27,97,2,10,8.0,80.0,0.0,0.0,2.0,20.0,Marcus Morris,13,0,2015-2016,0.0,1,7.0,DET,110,Kentavious Caldwell-Pope,,,,,,,,,,,,,37:44,Andre Drummond,35:22,Stanley Johnson,31:34,Reggie Jackson,31:01,Ersan İlyasova,19:39,Anthony Tolliver,19:39,Brandon Jennings,16:59,Aron Baynes,11:45,,
1,.250,4,40.000,2,2.00,114,0,2,100.0,4,.400,3.0,50.0,6.0,10,5,1.000,5,50.000,Logos via Sports Logos.net / About logos,L,https://www.basketball-reference.com/boxscores/201601290DET.html,Home,106,30:23,0,0.0,CLE,Kevin Love,Jared Cunningham,1:38,James Jones,1:38,,,,,,,,,37:15,LeBron James,35:48,J.R. Smith,32:39,Kyrie Irving,32:25,Tristan Thompson,31:25,Matthew Dellavedova,20:56,Timofey Mozgov,18:54,Iman Shumpert,15:18,Richard Jefferson,12:04,114,4,14,6.0,42.9,3.0,21.4,5.0,35.7,Marcus Morris,8,1,2015-2016,1.0,1,2.0,DET,106,Kentavious Caldwell-Pope,Darrun Hilliard,0:21,,,,,,,,,,,35:05,Andre Drummond,34:56,Reggie Jackson,32:28,Stanley Johnson,30:11,Ersan İlyasova,26:42,Anthony Tolliver,21:18,Brandon Jennings,15:32,Aron Baynes,10:48,Joel Anthony,2:16
1,.250,4,30.769,2,1.00,107,1,2,66.7,6,.462,5.0,55.6,9.0,13,0,,0,0.000,Logos via Sports Logos.net / About logos,L,https://www.basketball-reference.com/boxscores/201601300TOR.html,Away,111,34:22,1,33.3,TOR,Kyle Lowry,,,,,,,,,,,,,39:35,DeMar DeRozan,33:38,Cory Joseph,27:45,Jonas Valančiūnas,26:50,Patrick Patterson,25:12,Luis Scola,22:42,Terrence Ross,21:44,James Johnson,21:23,Bismack Biyombo,21:10,111,0,13,10.0,76.9,3.0,23.1,0.0,0.0,Marcus Morris,4,2,2015-2016,3.0,2,3.0,DET,107,Anthony Tolliver,,,,,,,,,,,,,35:18,Kentavious Caldwell-Pope,34:29,Stanley Johnson,28:04,Reggie Jackson,27:59,Andre Drummond,27:43,Brandon Jennings,21:46,Aron Baynes,20:17,Darrun Hilliard,10:02,,
1,.333,3,27.273,3,3.00,105,0,3,50.0,4,.364,3.0,37.5,8.0,11,3,.750,4,36.364,Logos via Sports Logos.net / About logos,W,https://www.basketball-reference.com/boxscores/201602010BRK.html,Away,100,31:42,3,50.0,BRK,Brook Lopez,Thomas Robinson,10:10,,,,,,,,,,,36:26,Wayne Ellington,28:00,Donald Sloan,25:37,Joe Johnson,25:02,Bojan Bogdanović,24:58,Andrea Bargnani,24:35,Thaddeus Young,24:34,Shane Larkin,22:23,Markel Brown,18:15,100,3,12,6.0,50.0,3.0,25.0,3.0,25.0,Marcus Morris,5,0,2015-2016,0.0,1,6.0,DET,105,Kentavious Caldwell-Pope,,,,,,,,,,,,,38:40,Andre Drummond,37:23,Reggie Jackson,31:25,Ersan İlyasova,31:23,Stanley Johnson,20:56,Brandon Jennings,16:35,Anthony Tolliver,16:22,Aron Baynes,10:37,Darrun Hilliard,4:57
2,.333,6,35.294,4,2.00,95,0,5,71.4,4,.235,2.0,18.2,11.0,17,5,.833,6,35.294,Logos via Sports Logos.net / About logos,L,https://www.basketball-reference.com/boxscores/201602030BOS.html,Away,102,36:17,2,28.6,BOS,Avery Bradley,Jonas Jerebko,12:48,,,,,,,,,,,35:39,Isaiah Thomas,33:09,Jae Crowder,31:11,Marcus Smart,28:26,Evan Turner,26:29,Amir Johnson,21:20,Kelly Olynyk,18:57,Jared Sullinger,18:26,Tyler Zeller,13:35,102,2,15,4.0,26.7,6.0,40.0,5.0,33.3,Marcus Morris,7,0,2015-2016,0.0,2,7.0,DET,95,Reggie Jackson,,,,,,,,,,,,,33:10,Andre Drummond,32:47,Stanley Johnson,30:24,Ersan İlyasova,26:06,Brandon Jennings,19:56,Anthony Tolliver,18:16,Kentavious Caldwell-Pope,15:49,Aron Baynes,15:13,Darrun Hilliard,12:02
1,.500,2,16.667,4,,105,0,4,100.0,5,.417,4.0,40.0,10.0,12,2,1.000,2,16.667,Logos via Sports Logos.net / About logos,W,https://www.basketball-reference.com/boxscores/201602040DET.html,Home,111,39:06,0,0.0,NYK,Arron Afflalo,Kyle O'Quinn,2:06,Jerian Grant,0:06,,,,,,,,,43:18,Carmelo Anthony,40:00,Langston Galloway,35:33,Robin Lopez,35:15,Lance Thomas,30:38,Kristaps Porziņģis,24:12,José Calderón,12:39,Sasha Vujačić,10:34,Derrick Williams,5:39,105,2,13,8.0,61.5,3.0,23.1,2.0,15.4,Marcus Morris,6,1,2015-2016,1.0,0,4.0,DET,111,Stanley Johnson,,,,,,,,,,,,,44:01,Reggie Jackson,31:45,Andre Drummond,31:38,Ersan İlyasova,30:54,Brandon Jennings,16:21,Aron Baynes,16:19,Darrun Hilliard,14:58,Anthony Tolliver,14:58,,
1,.167,6,54.545,4,,104,0,1,50.0,6,.545,5.0,100.0,5.0,11,3,.500,6,54.545,Logos via Sports Logos.net / About logos,L,https://www.basketball-reference.com/boxscores/201602060IND.html,Away,112,34:28,1,50.0,IND,Monta Ellis,Glenn Robinson III,8:12,Solomon Hill,6:53,,,,,,,,,33:13,George Hill,33:07,Myles Turner,31:59,Paul George,29:59,Jordan Hill,27:28,Ian Mahinmi,20:15,C.J. Miles,19:58,Lavoy Allen,15:46,Joe Young,13:10,112,5,16,10.0,62.5,3.0,18.8,3.0,18.8,Marcus Morris,8,1,2015-2016,1.0,0,2.0,DET,104,Stanley Johnson,,,,,,,,,,,,,37:45,Andre Drummond,36:54,Reggie Jackson,32:18,Anthony Tolliver,30:06,Darrun Hilliard,20:48,Ersan İlyasova,17:54,Brandon Jennings,15:42,Aron Baynes,11:04,Reggie Bullock,3:02
2,.500,4,57.143,6,2.00,103,1,4,80.0,5,.714,3.0,100.0,3.0,7,2,.500,4,57.143,Logos via Sports Logos.net / About logos,L,https://www.basketball-reference.com/boxscores/201602080DET.html,Home,89,36:49,1,20.0,TOR,Kyle Lowry,Anthony Bennett,1:45,Lucas Nogueira,1:45,Delon Wright,1:45,Bruno Caboclo,1:43,,,,,37:45,DeMar DeRozan,33:16,Terrence Ross,29:21,Patrick Patterson,26:06,Jonas Valančiūnas,25:22,Cory Joseph,24:20,Bismack Biyombo,20:53,Luis Scola,20:09,Norman Powell,15:50,103,2,14,6.0,42.9,6.0,42.9,2.0,14.3,Marcus Morris,14,3,2015-2016,4.0,3,5.0,DET,89,Stanley Johnson,,,,,,,,,,,,,33:44,Andre Drummond,30:12,Reggie Jackson,29:06,Ersan İlyasova,27:49,Darrun Hilliard,25:27,Anthony Tolliver,20:11,Brandon Jennings,18:54,Aron Baynes,17:48,,
1,.500,2,13.333,6,3.00,103,0,2,100.0,8,.533,7.0,53.8,13.0,15,2,1.000,2,13.333,Logos via Sports Logos.net / About logos,L,https://www.basketball-reference.com/boxscores/201602100DET.html,Home,92,34:48,0,0.0,DEN,Danilo Gallinari,,,,,,,,,,,,,38:49,Gary Harris,36:24,Emmanuel Mudiay,33:59,Nikola Jokić,24:55,Jusuf Nurkić,24:14,Will Barton,21:38,Joffrey Lauvergne,20:55,Randy Foye,20:43,Kenneth Faried,18:23,103,2,19,14.0,73.7,3.0,15.8,2.0,10.5,Marcus Morris,11,0,2015-2016,0.0,2,2.0,DET,92,Andre Drummond,,,,,,,,,,,,,39:27,Stanley Johnson,36:48,Anthony Tolliver,35:16,Brandon Jennings,29:19,Darrun Hilliard,26:37,Aron Baynes,19:04,Steve Blake,18:41,,,,
1,.333,3,25.000,3,1.50,86,0,4,66.7,4,.333,3.0,33.3,9.0,12,0,.000,1,8.333,Logos via Sports Logos.net / About logos,L,https://www.basketball-reference.com/boxscores/201602190WAS.html,Away,98,36:02,2,33.3,WAS,John Wall,Kelly Oubre Jr.,2:27,Jarell Eddie,2:27,Drew Gooden,2:27,,,,,,,34:53,Otto Porter Jr.,31:08,Garrett Temple,30:14,Marcin Gortat,29:03,Bradley Beal,26:12,Jared Dudley,25:57,Markieff Morris,22:03,Ramon Sessions,16:39,Nenê,16:30,98,2,9,6.0,66.7,3.0,33.3,0.0,0.0,Marcus Morris,12,0,2015-2016,0.0,2,6.0,DET,86,Andre Drummond,Reggie Bullock,2:27,,,,,,,,,,,33:50,Kentavious Caldwell-Pope,32:10,Reggie Jackson,31:43,Tobias Harris,30:04,Stanley Johnson,22:25,Anthony Tolliver,18:25,Steve Blake,16:17,Aron Baynes,14:10,Darrun Hilliard,2:27
0,.000,3,42.857,3,1.00,111,0,4,100.0,1,.143,1.0,25.0,4.0,7,0,,0,0.000,Logos via Sports Logos.net / About logos,L,https://www.basketball-reference.com/boxscores/201602210DET.html,Home,106,33:46,0,0.0,NOP,Anthony Davis,Ömer Aşık,7:11,Kendrick Perkins,7:10,,,,,,,,,43:21,Jrue Holiday,32:18,Alonzo Gee,26:46,Ryan Anderson,24:56,Dante Cunningham,23:41,Toney Douglas,22:38,Norris Cole,21:03,Bryce Dejean-Jones,20:39,Alexis Ajinça,10:16,111,2,2,2.0,100.0,0.0,0.0,0.0,0.0,Marcus Morris,5,0,2015-2016,0.0,3,4.0,DET,106,Tobias Harris,,,,,,,,,,,,,35:22,Andre Drummond,35:21,Kentavious Caldwell-Pope,34:08,Reggie Jackson,31:13,Stanley Johnson,21:46,Steve Blake,16:47,Aron Baynes,12:39,Darrun Hilliard,11:11,Anthony Tolliver,7:47
1,.167,6,37.500,4,,96,0,2,100.0,6,.375,5.0,50.0,10.0,16,1,1.000,1,6.250,Logos via Sports Logos.net / About logos,W,https://www.basketball-reference.com/boxscores/201602220CLE.html,Away,88,39:35,0,0.0,CLE,Kyrie Irving,Sasha Kaun,0:28,,,,,,,,,,,37:42,LeBron James,37:30,J.R. Smith,36:13,Kevin Love,35:32,Matthew Dellavedova,29:20,Tristan Thompson,21:13,Timofey Mozgov,17:46,Richard Jefferson,15:08,Channing Frye,9:08,88,0,14,10.0,71.4,3.0,21.4,1.0,7.1,Marcus Morris,8,0,2015-2016,0.0,0,2.0,DET,96,Kentavious Caldwell-Pope,,,,,,,,,,,,,36:46,Andre Drummond,35:26,Tobias Harris,34:35,Reggie Jackson,32:39,Stanley Johnson,21:50,Steve Blake,15:21,Aron Baynes,12:34,Darrun Hilliard,11:14,,
2,.333,6,42.857,8,8.00,91,0,4,100.0,4,.286,2.0,25.0,8.0,14,3,.750,4,28.571,Logos via Sports Logos.net / About logos,W,https://www.basketball-reference.com/boxscores/201602240DET.html,Home,111,32:05,0,0.0,PHI,Hollis Thompson,Richaun Holmes,17:30,Carl Landry,9:45,,,,,,,,,32:20,Ish Smith,26:15,Nik Stauskas,25:25,Jerami Grant,24:15,Jahlil Okafor,23:42,Kendall Marshall,21:45,Robert Covington,20:33,Nerlens Noel,20:16,Isaiah Canaan,18:13,91,1,13,4.0,30.8,6.0,46.2,3.0,23.1,Marcus Morris,20,3,2015-2016,3.0,1,4.0,DET,111,Tobias Harris,Joel Anthony,4:25,,,,,,,,,,,29:50,Kentavious Caldwell-Pope,29:40,Andre Drummond,26:41,Reggie Bullock,26:20,Reggie Jackson,26:07,Steve Blake,21:53,Aron Baynes,19:35,Darrun Hilliard,18:20,Justin Harper,5:04
3,.500,6,42.857,2,0.50,102,0,6,75.0,8,.571,5.0,62.5,8.0,14,1,.500,2,14.286,Logos via Sports Logos.net / About logos,W,https://www.basketball-reference.com/boxscores/201602270MIL.html,Away,91,40:39,2,25.0,MIL,Khris Middleton,Tyler Ennis,2:47,Johnny O'Bryant,2:45,,,,,,,,,39:30,Giannis Antetokounmpo,37:30,Jabari Parker,34:20,Greg Monroe,26:55,Michael Carter-Williams,26:24,O.J. Mayo,25:15,Miles Plumlee,21:05,Rashad Vaughn,12:29,Steve Novak,11:00,91,1,20,10.0,50.0,9.0,45.0,1.0,5.0,Marcus Morris,11,0,2015-2016,0.0,4,8.0,DET,102,Kentavious Caldwell-Pope,,,,,,,,,,,,,35:27,Tobias Harris,35:20,Andre Drummond,34:11,Reggie Jackson,31:09,Reggie Bullock,18:19,Steve Blake,16:51,Aron Baynes,13:49,Darrun Hilliard,12:33,Justin Harper,1:42
1,.333,3,30.000,4,,101,0,3,75.0,5,.500,4.0,57.1,7.0,10,3,.750,4,40.000,Logos via Sports Logos.net / About logos,W,https://www.basketball-reference.com/boxscores/201602280DET.html,Home,114,32:02,1,25.0,TOR,DeMar DeRozan,Norman Powell,5:52,Lucas Nogueira,5:52,Anthony Bennett,2:12,,,,,,,35:12,Terrence Ross,35:02,Delon Wright,30:46,Patrick Patterson,25:38,Bismack Biyombo,21:38,Jonas Valančiūnas,20:30,Luis Scola,20:10,Cory Joseph,19:51,James Johnson,17:17,101,1,14,8.0,57.1,3.0,21.4,3.0,21.4,Marcus Morris,13,0,2015-2016,0.0,0,4.0,DET,114,Kentavious Caldwell-Pope,Joel Anthony,4:09,,,,,,,,,,,35:42,Andre Drummond,30:14,Reggie Jackson,28:27,Reggie Bullock,26:27,Tobias Harris,25:20,Steve Blake,19:33,Justin Harper,15:50,Aron Baynes,13:37,Darrun Hilliard,8:39
2,.400,5,33.333,2,1.00,81,0,4,100.0,6,.400,4.0,40.0,10.0,15,2,1.000,2,13.333,Logos via Sports Logos.net / About logos,L,https://www.basketball-reference.com/boxscores/201603020SAS.html,Away,97,32:18,0,0.0,SAS,Kawhi Leonard,Jonathon Simmons,8:25,Andre Miller,7:39,Rasual Butler,4:46,Boban Marjanović,1:46,,,,,35:52,LaMarcus Aldridge,35:01,Danny Green,32:40,Tony Parker,27:18,Tim Duncan,20:14,Kyle Anderson,18:42,Patty Mills,18:09,David West,15:46,Boris Diaw,13:42,97,2,16,8.0,50.0,6.0,37.5,2.0,12.5,Marcus Morris,16,0,2015-2016,0.0,2,4.0,DET,81,Tobias Harris,,,,,,,,,,,,,38:08,Kentavious Caldwell-Pope,36:09,Reggie Jackson,30:42,Andre Drummond,26:41,Aron Baynes,26:01,Reggie Bullock,21:05,Steve Blake,17:18,Darrun Hilliard,11:38,,
1,.200,5,45.455,1,,89,0,1,100.0,2,.182,1.0,16.7,6.0,11,0,,0,0.000,Logos via Sports Logos.net / About logos,L,https://www.basketball-reference.com/boxscores/201603050NYK.html,Away,102,27:03,0,0.0,NYK,Arron Afflalo,Sasha Vujačić,1:02,,,,,,,,,,,42:17,Carmelo Anthony,40:48,José Calderón,34:06,Robin Lopez,32:11,Lance Thomas,23:41,Derrick Williams,19:19,Jerian Grant,16:53,Kyle O'Quinn,15:49,Langston Galloway,13:54,102,4,5,2.0,40.0,3.0,60.0,0.0,0.0,Marcus Morris,13,0,2015-2016,0.0,0,1.0,DET,89,Kentavious Caldwell-Pope,,,,,,,,,,,,,36:56,Andre Drummond,36:04,Tobias Harris,36:02,Reggie Jackson,28:19,Reggie Bullock,23:49,Steve Blake,19:41,Aron Baynes,11:56,Justin Harper,11:14,Darrun Hilliard,8:56
2,.500,4,28.571,0,0.00,103,0,2,66.7,5,.357,3.0,30.0,10.0,14,7,.778,9,64.286,Logos via Sports Logos.net / About logos,W,https://www.basketball-reference.com/boxscores/201603060DET.html,Home,123,34:12,1,33.3,POR,CJ McCollum,Ed Davis,8:31,Chris Kaman,2:54,Brian Roberts,2:54,Pat Connaughton,2:54,,,,,35:58,Damian Lillard,35:05,Al-Farouq Aminu,31:57,Allen Crabbe,23:32,Meyers Leonard,23:16,Gerald Henderson,21:42,Maurice Harkless,21:14,Mason Plumlee,17:02,Noah Vonleh,13:01,103,1,19,6.0,31.6,6.0,31.6,7.0,36.8,Marcus Morris,20,0,2015-2016,0.0,2,3.0,DET,123,Tobias Harris,Joel Anthony,1:15,,,,,,,,,,,38:32,Kentavious Caldwell-Pope,36:47,Reggie Jackson,34:05,Andre Drummond,26:38,Reggie Bullock,25:54,Aron Baynes,20:07,Steve Blake,13:55,Darrun Hilliard,7:20,Justin Harper,1:15
2,.333,6,37.500,2,2.00,102,0,7,100.0,8,.500,6.0,60.0,10.0,16,2,.667,3,18.750,Logos via Sports Logos.net / About logos,W,https://www.basketball-reference.com/boxscores/201603090DAL.html,Away,96,39:20,0,0.0,DAL,Deron Williams,Charlie Villanueva,0:20,,,,,,,,,,,37:10,Chandler Parsons,36:53,Dirk Nowitzki,35:14,Zaza Pachulia,34:35,Wesley Matthews,33:30,Raymond Felton,25:00,J.J. Barea,13:13,David Lee,13:05,Devin Harris,11:01,96,1,20,12.0,60.0,6.0,30.0,2.0,10.0,Marcus Morris,6,1,2015-2016,1.0,1,7.0,DET,102,Kentavious Caldwell-Pope,,,,,,,,,,,,,40:05,Tobias Harris,39:10,Andre Drummond,33:56,Reggie Jackson,29:16,Reggie Bullock,25:45,Steve Blake,18:44,Aron Baynes,13:44,,,,
1,.250,4,36.364,1,0.33,103,0,4,100.0,5,.455,4.0,57.1,7.0,11,2,.500,4,36.364,Logos via Sports Logos.net / About logos,L,https://www.basketball-reference.com/boxscores/201603110CHO.html,Away,118,31:23,0,0.0,CHO,Nicolas Batum,Tyler Hansbrough,2:42,Troy Daniels,2:42,Jorge Gutiérrez,2:42,Aaron Harrison,2:42,,,,,36:56,Courtney Lee,34:40,Kemba Walker,32:08,Marvin Williams,25:20,Frank Kaminsky,24:36,Cody Zeller,23:55,Jeremy Lin,22:19,Al Jefferson,21:23,Jeremy Lamb,7:55,118,5,13,8.0,61.5,3.0,23.1,2.0,15.4,Marcus Morris,15,1,2015-2016,1.0,3,4.0,DET,103,Kentavious Caldwell-Pope,Darrun Hilliard,3:03,,,,,,,,,,,38:26,Tobias Harris,34:40,Reggie Jackson,31:21,Aron Baynes,24:39,Andre Drummond,23:21,Reggie Bullock,17:57,Steve Blake,16:39,Anthony Tolliver,9:18,Stanley Johnson,9:13
3,.750,4,26.667,4,,125,1,7,100.0,7,.467,4.0,36.4,11.0,15,2,1.000,2,13.333,Logos via Sports Logos.net / About logos,W,https://www.basketball-reference.com/boxscores/201603120PHI.html,Away,111,39:31,0,0.0,PHI,Nerlens Noel,Sonny Weems,7:48,,,,,,,,,,,37:17,Hollis Thompson,34:30,Isaiah Canaan,32:36,Ish Smith,30:37,Nik Stauskas,26:11,Carl Landry,24:35,T.J. McConnell,17:23,Elton Brand,14:50,Kendall Marshall,14:13,111,3,19,8.0,42.1,9.0,47.4,2.0,10.5,Marcus Morris,14,0,2015-2016,1.0,0,7.0,DET,125,Kentavious Caldwell-Pope,,,,,,,,,,,,,40:14,Andre Drummond,34:46,Tobias Harris,32:59,Reggie Jackson,30:14,Steve Blake,17:46,Reggie Bullock,16:49,Stanley Johnson,13:45,Aron Baynes,13:14,Anthony Tolliver,0:42
1,.500,2,40.000,2,1.00,81,0,5,100.0,3,.600,2.0,66.7,3.0,5,2,.500,4,80.000,Logos via Sports Logos.net / About logos,L,https://www.basketball-reference.com/boxscores/201603140WAS.html,Away,124,22:12,0,0.0,WAS,Otto Porter Jr.,Kelly Oubre Jr.,9:37,J.J. Hickson,7:54,Marcus Thornton,5:58,Alan Anderson,3:31,,,,,32:29,John Wall,27:47,Bradley Beal,24:42,Marcin Gortat,24:41,Markieff Morris,24:23,Ramon Sessions,23:50,Jared Dudley,23:37,Garrett Temple,16:06,Nenê,15:25,124,0,9,4.0,44.4,3.0,33.3,2.0,22.2,Marcus Morris,43,1,2015-2016,1.0,2,5.0,DET,81,Kentavious Caldwell-Pope,Reggie Bullock,11:04,Joel Anthony,4:38,,,,,,,,,29:34,Steve Blake,28:08,Andre Drummond,26:38,Stanley Johnson,25:48,Tobias Harris,23:17,Anthony Tolliver,20:05,Reggie Jackson,19:52,Aron Baynes,16:44,Darrun Hilliard,12:00
1,.500,2,20.000,2,1.00,118,0,3,75.0,5,.500,4.0,50.0,8.0,10,3,1.000,3,30.000,Logos via Sports Logos.net / About logos,L,https://www.basketball-reference.com/boxscores/201603160DET.html,Home,114,37:16,1,25.0,ATL,Al Horford,Tim Hardaway Jr.,11:29,,,,,,,,,,,35:05,Paul Millsap,34:06,Jeff Teague,28:23,Thabo Sefolosha,27:46,Kyle Korver,27:39,Kent Bazemore,27:15,Dennis Schröder,21:29,Mike Scott,15:18,Kris Humphries,11:30,118,5,14,8.0,57.1,3.0,21.4,3.0,21.4,Marcus Morris,4,1,2015-2016,1.0,2,4.0,DET,114,Kentavious Caldwell-Pope,,,,,,,,,,,,,39:05,Tobias Harris,34:14,Andre Drummond,34:04,Reggie Jackson,29:31,Stanley Johnson,19:41,Steve Blake,18:29,Aron Baynes,13:54,Anthony Tolliver,13:46,,
6,.857,7,53.846,2,0.67,108,0,3,100.0,8,.615,2.0,33.3,6.0,13,2,1.000,2,15.385,Logos via Sports Logos.net / About logos,W,https://www.basketball-reference.com/boxscores/201603180DET.html,Home,115,38:46,0,0.0,SAC,Rajon Rondo,Seth Curry,3:35,,,,,,,,,,,37:01,DeMarcus Cousins,34:44,Rudy Gay,33:40,Darren Collison,31:44,James Anderson,29:17,Caron Butler,18:19,Quincy Acy,17:50,Kosta Koufos,17:15,Marco Belinelli,16:35,108,1,24,4.0,16.7,18.0,75.0,2.0,8.3,Marcus Morris,7,2,2015-2016,2.0,3,3.0,DET,115,Kentavious Caldwell-Pope,,,,,,,,,,,,,37:27,Tobias Harris,34:59,Reggie Jackson,33:48,Andre Drummond,28:16,Stanley Johnson,22:15,Aron Baynes,19:44,Steve Blake,14:12,Reggie Bullock,10:33,,
1,.500,2,25.000,2,2.00,103,1,1,33.3,4,.500,3.0,50.0,6.0,8,0,,0,0.000,Logos via Sports Logos.net / About logos,W,https://www.basketball-reference.com/boxscores/201603190DET.html,Home,115,24:05,2,66.7,BRK,Bojan Bogdanović,Sergey Karasev,14:39,,,,,,,,,,,33:21,Willie Reed,27:38,Wayne Ellington,27:05,Thaddeus Young,25:48,Donald Sloan,24:00,Shane Larkin,24:00,Thomas Robinson,22:12,Sean Kilpatrick,21:00,Henry Sims,20:17,103,2,9,6.0,66.7,3.0,33.3,0.0,0.0,Marcus Morris,12,0,2015-2016,1.0,1,3.0,DET,115,Kentavious Caldwell-Pope,,,,,,,,,,,,,39:18,Stanley Johnson,31:29,Andre Drummond,29:29,Reggie Jackson,24:32,Tobias Harris,23:36,Steve Blake,23:28,Aron Baynes,18:31,Anthony Tolliver,16:50,Reggie Bullock,8:42
4,1.000,4,44.444,4,4.00,91,1,3,100.0,8,.889,4.0,80.0,5.0,9,1,.333,3,33.333,Logos via Sports Logos.net / About logos,W,https://www.basketball-reference.com/boxscores/201603210DET.html,Home,92,37:05,0,0.0,MIL,Jerryd Bayless,Tyler Ennis,11:07,,,,,,,,,,,36:53,Giannis Antetokounmpo,36:46,Jabari Parker,34:39,Greg Monroe,33:34,Khris Middleton,31:56,John Henson,14:26,Miles Plumlee,13:43,Jared Cunningham,13:35,Damien Inglis,13:21,91,1,21,8.0,38.1,12.0,57.1,1.0,4.8,Marcus Morris,1,1,2015-2016,2.0,1,3.0,DET,92,Kentavious Caldwell-Pope,,,,,,,,,,,,,38:14,Tobias Harris,36:33,Andre Drummond,33:07,Reggie Jackson,28:25,Steve Blake,19:35,Anthony Tolliver,16:25,Stanley Johnson,15:43,Aron Baynes,14:53,,
2,.500,4,36.364,4,4.00,102,0,5,100.0,6,.545,4.0,57.1,7.0,11,1,1.000,1,9.091,Logos via Sports Logos.net / About logos,W,https://www.basketball-reference.com/boxscores/201603230DET.html,Home,118,37:56,0,0.0,ORL,Victor Oladipo,Andrew Nicholson,4:23,Devyn Marble,2:32,Shabazz Napier,2:32,,,,,,,41:01,Elfrid Payton,34:29,Evan Fournier,29:24,Aaron Gordon,28:32,Ersan İlyasova,24:21,Mario Hezonja,23:03,Jason Smith,22:56,Dewayne Dedmon,15:48,Brandon Jennings,10:59,102,3,15,8.0,53.3,6.0,40.0,1.0,6.7,Marcus Morris,16,2,2015-2016,2.0,1,5.0,DET,118,Andre Drummond,,,,,,,,,,,,,35:21,Tobias Harris,33:29,Reggie Jackson,32:21,Stanley Johnson,29:13,Darrun Hilliard,28:51,Steve Blake,15:39,Anthony Tolliver,14:31,Aron Baynes,12:39,,
3,.429,7,50.000,0,0.00,105,0,5,71.4,8,.571,5.0,71.4,7.0,14,1,.333,3,21.429,Logos via Sports Logos.net / About logos,W,https://www.basketball-reference.com/boxscores/201603250DET.html,Home,112,35:21,2,28.6,CHO,Kemba Walker,Spencer Hawes,9:20,Troy Daniels,9:20,Tyler Hansbrough,7:42,Jorge Gutiérrez,5:23,,,,,29:53,Courtney Lee,27:34,Nicolas Batum,26:32,Jeremy Lin,23:09,Jeremy Lamb,22:09,Marvin Williams,22:05,Cody Zeller,20:44,Al Jefferson,19:34,Frank Kaminsky,16:35,105,3,20,10.0,50.0,9.0,45.0,1.0,5.0,Marcus Morris,7,0,2015-2016,0.0,3,7.0,DET,112,Kentavious Caldwell-Pope,,,,,,,,,,,,,36:35,Andre Drummond,29:12,Reggie Jackson,28:38,Tobias Harris,27:39,Stanley Johnson,22:01,Anthony Tolliver,20:21,Steve Blake,19:22,Aron Baynes,18:48,Reggie Bullock,2:03
2,.333,6,50.000,5,1.67,112,1,5,100.0,3,.250,1.0,16.7,6.0,12,5,.833,6,50.000,Logos via Sports Logos.net / About logos,L,https://www.basketball-reference.com/boxscores/201603260DET.html,Home,95,38:57,0,0.0,ATL,Kent Bazemore,Mike Muscala,1:32,,,,,,,,,,,33:25,Jeff Teague,32:38,Al Horford,29:58,Kyle Korver,29:01,Paul Millsap,28:49,Dennis Schröder,24:03,Tim Hardaway Jr.,23:21,Kris Humphries,21:12,Mike Scott,16:01,112,0,13,2.0,15.4,6.0,46.2,5.0,38.5,Marcus Morris,17,0,2015-2016,1.0,3,5.0,DET,95,Tobias Harris,,,,,,,,,,,,,34:21,Kentavious Caldwell-Pope,31:56,Andre Drummond,31:27,Reggie Jackson,30:10,Stanley Johnson,23:35,Steve Blake,17:50,Aron Baynes,16:33,Anthony Tolliver,13:39,Darrun Hilliard,1:32
1,1.000,1,7.692,2,2.00,82,1,6,85.7,9,.692,8.0,66.7,12.0,13,5,1.000,5,38.462,Logos via Sports Logos.net / About logos,W,https://www.basketball-reference.com/boxscores/201603290DET.html,Home,88,37:34,1,14.3,OKC,Steven Adams,Cameron Payne,13:18,Nick Collison,4:28,,,,,,,,,35:16,Russell Westbrook,34:42,Dion Waiters,34:24,Enes Freedom,24:37,Randy Foye,23:20,Andre Roberson,21:49,Kyle Singler,18:16,Josh Huestis,15:44,Anthony Morrow,14:06,82,2,24,16.0,66.7,3.0,12.5,5.0,20.8,Marcus Morris,6,0,2015-2016,1.0,1,7.0,DET,88,Kentavious Caldwell-Pope,,,,,,,,,,,,,37:33,Tobias Harris,34:32,Andre Drummond,34:14,Reggie Jackson,27:36,Steve Blake,20:24,Stanley Johnson,17:59,Aron Baynes,17:58,Anthony Tolliver,9:20,Darrun Hilliard,2:51
6,.750,8,47.059,4,,98,2,10,83.3,12,.706,6.0,66.7,9.0,17,1,.500,2,11.765,Logos via Sports Logos.net / About logos,L,https://www.basketball-reference.com/boxscores/201604010DET.html,Home,89,39:39,2,16.7,DAL,Wesley Matthews,Dwight Powell,0:02,,,,,,,,,,,42:44,Dirk Nowitzki,37:28,J.J. Barea,34:40,Justin Anderson,32:35,Devin Harris,28:24,Salah Mejri,24:18,Zaza Pachulia,22:09,David Lee,12:03,Charlie Villanueva,5:37,98,2,31,12.0,38.7,18.0,58.1,1.0,3.2,Marcus Morris,9,1,2015-2016,3.0,0,12.0,DET,89,Kentavious Caldwell-Pope,,,,,,,,,,,,,45:07,Tobias Harris,40:03,Andre Drummond,35:27,Reggie Jackson,32:19,Steve Blake,15:41,Stanley Johnson,13:51,Aron Baynes,12:33,Anthony Tolliver,5:20,,
2,.500,4,36.364,2,,94,1,3,75.0,5,.455,3.0,42.9,7.0,11,4,.800,5,45.455,Logos via Sports Logos.net / About logos,W,https://www.basketball-reference.com/boxscores/201604020CHI.html,Away,90,39:27,1,25.0,CHI,Jimmy Butler,Bobby Portis,13:23,,,,,,,,,,,39:08,Pau Gasol,33:42,E'Twaun Moore,32:04,Mike Dunleavy,27:52,Justin Holiday,24:45,Nikola Mirotić,23:35,Aaron Brooks,15:49,Doug McDermott,15:31,Cristiano Felício,14:11,90,5,16,6.0,37.5,6.0,37.5,4.0,25.0,Marcus Morris,4,1,2015-2016,2.0,0,4.0,DET,94,Kentavious Caldwell-Pope,,,,,,,,,,,,,40:09,Tobias Harris,38:28,Reggie Jackson,34:59,Andre Drummond,27:40,Aron Baynes,20:20,Stanley Johnson,16:24,Steve Blake,13:01,Anthony Tolliver,9:32,,
0,.000,3,42.857,2,0.33,89,0,3,75.0,0,.000,0.0,0.0,4.0,7,1,.500,2,28.571,Logos via Sports Logos.net / About logos,L,https://www.basketball-reference.com/boxscores/201604050MIA.html,Away,107,28:09,1,25.0,MIA,Josh Richardson,Gerald Green,3:55,Josh McRoberts,2:08,,,,,,,,,35:29,Luol Deng,34:15,Goran Dragić,33:50,Justise Winslow,29:44,Hassan Whiteside,28:46,Joe Johnson,28:06,Dwyane Wade,24:33,Amar'e Stoudemire,14:16,Udonis Haslem,4:58,107,2,1,0.0,0.0,0.0,0.0,1.0,100.0,Marcus Morris,18,2,2015-2016,2.0,6,4.0,DET,89,Andre Drummond,Reggie Bullock,3:55,Joel Anthony,3:55,Spencer Dinwiddie,3:55,,,,,,,29:52,Tobias Harris,29:13,Reggie Jackson,28:47,Kentavious Caldwell-Pope,25:02,Anthony Tolliver,23:58,Stanley Johnson,19:27,Steve Blake,15:18,Darrun Hilliard,14:16,Aron Baynes,14:13
1,.250,4,36.364,4,1.33,108,0,1,33.3,3,.273,2.0,28.6,7.0,11,2,.500,4,36.364,Logos via Sports Logos.net / About logos,W,https://www.basketball-reference.com/boxscores/201604060ORL.html,Away,104,32:59,2,66.7,ORL,Victor Oladipo,Dewayne Dedmon,4:50,,,,,,,,,,,39:20,Aaron Gordon,32:17,Elfrid Payton,32:10,Evan Fournier,31:46,Nikola Vučević,27:21,Mario Hezonja,20:25,Andrew Nicholson,20:20,Jason Smith,15:49,Brandon Jennings,15:42,104,2,9,4.0,44.4,3.0,33.3,2.0,22.2,Marcus Morris,4,3,2015-2016,3.0,3,3.0,DET,108,Kentavious Caldwell-Pope,,,,,,,,,,,,,36:01,Andre Drummond,33:16,Reggie Jackson,31:47,Tobias Harris,30:23,Reggie Bullock,27:05,Anthony Tolliver,17:37,Steve Blake,16:13,Aron Baynes,14:39,,
2,.500,4,50.000,3,1.50,99,0,6,85.7,5,.625,3.0,75.0,4.0,8,1,1.000,1,12.500,Logos via Sports Logos.net / About logos,W,https://www.basketball-reference.com/boxscores/201604080DET.html,Home,112,38:22,1,14.3,WAS,Bradley Beal,,,,,,,,,,,,,40:33,Markieff Morris,36:40,Ramon Sessions,32:17,Otto Porter Jr.,30:46,Marcin Gortat,26:06,Garrett Temple,21:15,Nenê,21:14,Alan Anderson,19:09,Jared Dudley,12:00,99,2,13,6.0,46.2,6.0,46.2,1.0,7.7,Marcus Morris,13,1,2015-2016,1.0,2,7.0,DET,112,Kentavious Caldwell-Pope,,,,,,,,,,,,,37:14,Tobias Harris,36:36,Reggie Jackson,34:24,Andre Drummond,25:34,Aron Baynes,22:26,Reggie Bullock,20:24,Steve Blake,13:36,Anthony Tolliver,11:24,,
1,.250,4,30.769,1,0.25,99,0,4,44.4,5,.385,4.0,44.4,9.0,13,5,.714,7,53.846,Logos via Sports Logos.net / About logos,L,https://www.basketball-reference.com/boxscores/201604120DET.html,Home,93,34:11,5,55.6,MIA,Luol Deng,,,,,,,,,,,,,41:22,Josh Richardson,37:16,Hassan Whiteside,34:07,Joe Johnson,34:01,Dwyane Wade,33:39,Goran Dragić,26:14,Gerald Green,19:28,Udonis Haslem,7:55,Amar'e Stoudemire,5:58,99,1,16,8.0,50.0,3.0,18.8,5.0,31.2,Marcus Morris,6,0,2015-2016,0.0,4,9.0,DET,93,Tobias Harris,,,,,,,,,,,,,36:00,Kentavious Caldwell-Pope,35:40,Andre Drummond,32:54,Steve Blake,32:26,Spencer Dinwiddie,15:34,Aron Baynes,15:06,Stanley Johnson,13:49,Reggie Bullock,12:20,Anthony Tolliver,12:00
3,.429,7,50.000,5,5.00,101,0,1,50.0,6,.429,3.0,42.9,7.0,14,5,.833,6,42.857,Logos via Sports Logos.net / About logos,L,https://www.basketball-reference.com/boxscores/201604170CLE.html,Away,106,39:41,1,50.0,CLE,LeBron James,,,,,,,,,,,,,40:51,Kevin Love,38:19,Kyrie Irving,37:32,J.R. Smith,35:25,Tristan Thompson,30:22,Iman Shumpert,21:39,Matthew Dellavedova,19:19,Richard Jefferson,11:59,Timofey Mozgov,4:34,106,4,20,6.0,30.0,9.0,45.0,5.0,25.0,Marcus Morris,5,1,2015-2016,1.0,1,2.0,DET,101,Tobias Harris,,,,,,,,,,,,,39:52,Kentavious Caldwell-Pope,38:22,Andre Drummond,36:32,Reggie Jackson,33:41,Stanley Johnson,16:27,Steve Blake,14:19,Aron Baynes,11:28,Reggie Bullock,9:38,,
1,.200,5,50.000,2,1.00,90,0,6,85.7,2,.200,1.0,20.0,5.0,10,6,1.000,6,60.000,Logos via Sports Logos.net / About logos,L,https://www.basketball-reference.com/boxscores/201604200CLE.html,Away,107,34:06,1,14.3,CLE,LeBron James,Timofey Mozgov,9:07,Jordan McRae,1:13,Dahntay Jones,1:13,James Jones,1:13,,,,,39:44,J.R. Smith,34:25,Kyrie Irving,33:42,Kevin Love,31:43,Richard Jefferson,23:24,Matthew Dellavedova,22:01,Iman Shumpert,17:50,Tristan Thompson,13:23,Channing Frye,11:02,107,5,11,2.0,18.2,3.0,27.3,6.0,54.5,Marcus Morris,17,1,2015-2016,1.0,2,7.0,DET,90,Kentavious Caldwell-Pope,Spencer Dinwiddie,1:41,Jodie Meeks,1:41,,,,,,,,,37:12,Reggie Jackson,36:48,Andre Drummond,36:24,Tobias Harris,32:52,Stanley Johnson,21:41,Reggie Bullock,12:18,Steve Blake,9:31,Anthony Tolliver,9:21,Aron Baynes,6:25
0,.000,2,18.182,3,3.00,101,0,3,100.0,5,.455,5.0,55.6,9.0,11,6,1.000,6,54.545,Logos via Sports Logos.net / About logos,L,https://www.basketball-reference.com/boxscores/201604220DET.html,Home,91,39:11,0,0.0,CLE,LeBron James,,,,,,,,,,,,,42:55,Kyrie Irving,39:23,Kevin Love,38:42,J.R. Smith,37:01,Tristan Thompson,31:13,Matthew Dellavedova,16:17,Richard Jefferson,14:13,Iman Shumpert,11:39,Channing Frye,8:37,101,3,16,10.0,62.5,0.0,0.0,6.0,37.5,Marcus Morris,10,0,2015-2016,0.0,1,3.0,DET,91,Kentavious Caldwell-Pope,,,,,,,,,,,,,42:42,Tobias Harris,42:08,Reggie Jackson,39:11,Andre Drummond,27:11,Aron Baynes,15:52,Stanley Johnson,13:46,Anthony Tolliver,11:10,Steve Blake,8:49,,
3,.750,4,33.333,0,0.00,100,0,1,100.0,9,.750,6.0,75.0,8.0,12,3,.600,5,41.667,Logos via Sports Logos.net / About logos,L,https://www.basketball-reference.com/boxscores/201604240DET.html,Home,98,31:08,0,0.0,CLE,LeBron James,,,,,,,,,,,,,41:27,Kyrie Irving,40:25,Tristan Thompson,38:22,J.R. Smith,35:23,Kevin Love,34:36,Richard Jefferson,16:36,Matthew Dellavedova,14:50,Iman Shumpert,9:24,Channing Frye,8:57,100,5,24,12.0,50.0,9.0,37.5,3.0,12.5,Marcus Morris,2,0,2015-2016,0.0,1,1.0,DET,98,Kentavious Caldwell-Pope,,,,,,,,,,,,,42:48,Tobias Harris,41:17,Reggie Jackson,37:26,Andre Drummond,31:18,Stanley Johnson,29:35,Steve Blake,10:34,Aron Baynes,10:13,Anthony Tolliver,5:41,,
2,.250,8,47.059,3,1.50,91,0,5,55.6,7,.412,5.0,55.6,9.0,17,1,1.000,1,5.882,Logos via Sports Logos.net / About logos,L,https://www.basketball-reference.com/boxscores/201610260TOR.html,Away,109,31:45,4,44.4,TOR,Kyle Lowry,Norman Powell,2:10,,,,,,,,,,,37:46,Jonas Valančiūnas,35:13,DeMar DeRozan,34:28,DeMarre Carroll,29:26,Patrick Patterson,26:16,Pascal Siakam,21:44,Cory Joseph,21:36,Terrence Ross,18:34,Jakob Poeltl,12:47,109,2,17,10.0,58.8,6.0,35.3,1.0,5.9,Marcus Morris,18,1,2016-2017,1.0,2,9.0,DET,91,Kentavious Caldwell-Pope,Michael Gbinije,2:10,Henry Ellenson,2:10,,,,,,,,,38:49,Tobias Harris,36:16,Ish Smith,33:15,Andre Drummond,24:09,Jon Leuer,22:34,Aron Baynes,15:22,Beno Udrih,14:45,Stanley Johnson,13:42,Boban Marjanović,5:03
2,.400,5,35.714,3,1.50,82,0,7,87.5,7,.500,5.0,55.6,9.0,14,1,1.000,1,7.143,Logos via Sports Logos.net / About logos,W,https://www.basketball-reference.com/boxscores/201610280DET.html,Home,108,29:04,1,12.5,ORL,Aaron Gordon,C.J. Wilcox,12:00,C.J. Watson,8:01,Stephen Zimmerman,8:01,,,,,,,29:09,Elfrid Payton,27:37,Evan Fournier,27:18,Nikola Vučević,26:00,Mario Hezonja,24:22,Bismack Biyombo,22:51,Jeff Green,19:24,Serge Ibaka,19:19,D.J. Augustin,15:58,82,0,17,10.0,58.8,6.0,35.3,1.0,5.9,Marcus Morris,26,0,2016-2017,0.0,2,8.0,DET,108,Jon Leuer,Henry Ellenson,2:28,Boban Marjanović,2:28,Darrun Hilliard,2:28,,,,,,,28:13,Stanley Johnson,28:02,Andre Drummond,27:34,Tobias Harris,27:19,Ish Smith,26:00,Kentavious Caldwell-Pope,23:57,Beno Udrih,19:32,Aron Baynes,17:58,Michael Gbinije,4:57
1,.125,8,50.000,2,0.67,83,0,4,80.0,4,.250,3.0,37.5,8.0,16,2,1.000,2,12.500,Logos via Sports Logos.net / About logos,W,https://www.basketball-reference.com/boxscores/201610300DET.html,Home,98,35:43,1,20.0,MIL,Giannis Antetokounmpo,Michael Beasley,15:47,John Henson,11:34,Thon Maker,1:35,,,,,,,35:13,Matthew Dellavedova,30:57,Jabari Parker,29:12,Tony Snell,25:41,Rashad Vaughn,22:19,Greg Monroe,17:46,Miles Plumlee,17:05,Malcolm Brogdon,17:03,Mirza Teletović,15:48,83,2,11,6.0,54.5,3.0,27.3,2.0,18.2,Marcus Morris,15,1,2016-2017,1.0,3,5.0,DET,98,Andre Drummond,,,,,,,,,,,,,36:48,Kentavious Caldwell-Pope,33:58,Tobias Harris,31:14,Ish Smith,31:09,Jon Leuer,27:28,Beno Udrih,16:51,Stanley Johnson,15:37,Aron Baynes,11:12,,
2,.667,3,21.429,1,,89,0,3,75.0,9,.643,7.0,63.6,11.0,14,2,.500,4,28.571,Logos via Sports Logos.net / About logos,W,https://www.basketball-reference.com/boxscores/201611010DET.html,Home,102,32:10,1,25.0,NYK,Carmelo Anthony,Maurice Ndour,5:56,Willy Hernangómez,5:03,Sasha Vujačić,4:47,,,,,,,35:13,Derrick Rose,31:41,Joakim Noah,30:44,Kristaps Porziņģis,29:47,Courtney Lee,28:50,Lance Thomas,26:27,Brandon Jennings,19:06,Justin Holiday,11:36,Kyle O'Quinn,10:50,89,3,22,14.0,63.6,6.0,27.3,2.0,9.1,Marcus Morris,13,1,2016-2017,1.0,0,4.0,DET,102,Tobias Harris,,,,,,,,,,,,,35:47,Andre Drummond,35:18,Kentavious Caldwell-Pope,33:35,Ish Smith,31:37,Jon Leuer,25:57,Stanley Johnson,16:31,Beno Udrih,16:23,Aron Baynes,12:42,,
3,.600,5,31.250,2,,101,0,3,75.0,8,.500,5.0,45.5,11.0,16,4,.800,5,31.250,Logos via Sports Logos.net / About logos,L,https://www.basketball-reference.com/boxscores/201611020BRK.html,Away,109,31:51,1,25.0,BRK,Bojan Bogdanović,Luis Scola,13:59,,,,,,,,,,,31:59,Trevor Booker,29:56,Brook Lopez,28:45,Sean Kilpatrick,28:11,Joe Harris,26:29,Justin Hamilton,23:05,Rondae Hollis-Jefferson,22:14,Isaiah Whitehead,19:41,Jeremy Lin,15:41,109,3,23,10.0,43.5,9.0,39.1,4.0,17.4,Marcus Morris,8,3,2016-2017,3.0,0,4.0,DET,101,Kentavious Caldwell-Pope,,,,,,,,,,,,,36:51,Tobias Harris,35:44,Ish Smith,31:02,Jon Leuer,26:49,Andre Drummond,25:10,Aron Baynes,18:42,Beno Udrih,16:58,Stanley Johnson,16:53,,
1,.500,2,20.000,0,,86,0,3,50.0,5,.500,4.0,50.0,8.0,10,4,1.000,4,40.000,Logos via Sports Logos.net / About logos,W,https://www.basketball-reference.com/boxscores/201611050DET.html,Home,103,27:30,3,50.0,DEN,Wilson Chandler,Juancho Hernangómez,10:49,Darrell Arthur,6:36,Malik Beasley,5:11,Mike Miller,3:52,,,,,31:29,Danilo Gallinari,29:09,Jamal Murray,27:29,Emmanuel Mudiay,24:08,Jusuf Nurkić,23:44,Jameer Nelson,23:34,Nikola Jokić,22:42,Kenneth Faried,15:39,Gary Harris,15:38,86,4,15,8.0,53.3,3.0,20.0,4.0,26.7,Marcus Morris,17,1,2016-2017,1.0,0,6.0,DET,103,Tobias Harris,Henry Ellenson,2:28,Michael Gbinije,2:28,Darrun Hilliard,2:28,,,,,,,34:28,Andre Drummond,33:55,Ish Smith,28:18,Jon Leuer,28:03,Kentavious Caldwell-Pope,27:58,Beno Udrih,19:42,Stanley Johnson,18:37,Aron Baynes,11:37,Boban Marjanović,2:28
0,.000,1,11.111,1,0.50,82,1,1,50.0,5,.556,5.0,62.5,8.0,9,0,,0,0.000,Logos via Sports Logos.net / About logos,L,https://www.basketball-reference.com/boxscores/201611070LAC.html,Away,114,25:34,1,50.0,LAC,Blake Griffin,Wesley Johnson,18:18,Brandon Bass,8:51,,,,,,,,,27:52,DeAndre Jordan,27:00,Luc Mbah a Moute,24:41,Chris Paul,24:34,JJ Redick,24:27,Austin Rivers,23:26,Raymond Felton,23:19,Jamal Crawford,18:58,Marreese Speights,18:34,114,1,10,10.0,100.0,0.0,0.0,0.0,0.0,Marcus Morris,32,0,2016-2017,1.0,2,2.0,DET,82,Tobias Harris,Boban Marjanović,8:25,,,,,,,,,,,29:54,Jon Leuer,28:32,Stanley Johnson,24:57,Andre Drummond,24:52,Beno Udrih,24:21,Ish Smith,23:39,Kentavious Caldwell-Pope,23:03,Aron Baynes,14:43,Darrun Hilliard,12:00
1,.250,4,30.769,2,2.00,100,0,3,100.0,5,.385,4.0,44.4,9.0,13,5,1.000,5,38.462,Logos via Sports Logos.net / About logos,L,https://www.basketball-reference.com/boxscores/201611090PHO.html,Away,107,39:48,0,0.0,PHO,T.J. Warren,Dragan Bender,8:07,,,,,,,,,,,37:32,Alex Len,37:04,Eric Bledsoe,34:59,Devin Booker,33:29,Jared Dudley,29:34,P.J. Tucker,20:00,Brandon Knight,16:54,Marquese Chriss,14:09,Leandro Barbosa,8:12,107,3,16,8.0,50.0,3.0,18.8,5.0,31.2,Marcus Morris,7,2,2016-2017,2.0,1,3.0,DET,100,Kentavious Caldwell-Pope,,,,,,,,,,,,,41:40,Andre Drummond,35:05,Ish Smith,32:16,Tobias Harris,31:52,Jon Leuer,24:20,Beno Udrih,15:42,Aron Baynes,12:55,Stanley Johnson,6:21,,
0,.000,3,27.273,1,,86,2,1,50.0,2,.182,2.0,25.0,8.0,11,0,,0,0.000,Logos via Sports Logos.net / About logos,L,https://www.basketball-reference.com/boxscores/201611110SAS.html,Away,96,30:31,1,50.0,SAS,LaMarcus Aldridge,Dewayne Dedmon,5:49,Dāvis Bertāns,0:40,Bryn Forbes,0:40,Dejounte Murray,0:40,,,,,37:24,Kawhi Leonard,37:12,Pau Gasol,35:53,Patty Mills,26:12,Kyle Anderson,24:22,Tony Parker,21:08,Jonathon Simmons,17:45,David Lee,16:14,Manu Ginóbili,16:01,96,1,4,4.0,100.0,0.0,0.0,0.0,0.0,Marcus Morris,10,1,2016-2017,3.0,0,2.0,DET,86,Kentavious Caldwell-Pope,,,,,,,,,,,,,39:30,Andre Drummond,32:50,Tobias Harris,31:26,Ish Smith,29:52,Jon Leuer,27:34,Beno Udrih,18:08,Aron Baynes,15:10,Stanley Johnson,14:59,,
1,.167,6,40.000,3,,106,0,1,100.0,8,.533,7.0,77.8,9.0,15,0,,0,0.000,Logos via Sports Logos.net / About logos,W,https://www.basketball-reference.com/boxscores/201611120DEN.html,Away,95,34:16,0,0.0,DEN,Danilo Gallinari,Jusuf Nurkić,16:51,,,,,,,,,,,35:43,Wilson Chandler,29:59,Gary Harris,28:05,Emmanuel Mudiay,26:26,Jameer Nelson,21:34,Kenneth Faried,20:58,Nikola Jokić,20:27,Juancho Hernangómez,20:02,Jamal Murray,19:55,95,1,17,14.0,82.4,3.0,17.6,0.0,0.0,Marcus Morris,11,2,2016-2017,2.0,0,1.0,DET,106,Tobias Harris,,,,,,,,,,,,,36:16,Kentavious Caldwell-Pope,35:15,Ish Smith,29:24,Andre Drummond,26:41,Jon Leuer,26:23,Aron Baynes,20:24,Beno Udrih,17:31,Stanley Johnson,13:50,,
1,.333,3,25.000,5,,88,0,5,83.3,3,.250,2.0,22.2,9.0,12,0,,0,0.000,Logos via Sports Logos.net / About logos,W,https://www.basketball-reference.com/boxscores/201611140DET.html,Home,104,29:41,1,16.7,OKC,Russell Westbrook,Semaj Christon,15:27,Anthony Morrow,8:34,Nick Collison,1:50,,,,,,,33:34,Steven Adams,29:11,Andre Roberson,28:54,Jerami Grant,26:28,Domantas Sabonis,23:10,Victor Oladipo,22:45,Álex Abrines,17:20,Enes Freedom,16:47,Joffrey Lauvergne,16:00,88,1,7,4.0,57.1,3.0,42.9,0.0,0.0,Marcus Morris,16,0,2016-2017,0.0,0,6.0,DET,104,Tobias Harris,Henry Ellenson,1:17,,,,,,,,,,,36:31,Aron Baynes,33:41,Kentavious Caldwell-Pope,33:32,Ish Smith,30:06,Jon Leuer,29:14,Beno Udrih,17:54,Stanley Johnson,14:28,Boban Marjanović,12:19,Darrun Hilliard,1:17
1,.333,3,33.333,2,2.00,102,0,3,100.0,3,.333,2.0,33.3,6.0,9,0,,0,0.000,Logos via Sports Logos.net / About logos,L,https://www.basketball-reference.com/boxscores/201611160NYK.html,Away,105,36:49,0,0.0,NYK,Kristaps Porziņģis,Mindaugas Kuzminskas,6:46,Willy Hernangómez,3:56,,,,,,,,,40:01,Carmelo Anthony,36:55,Derrick Rose,34:19,Courtney Lee,28:34,Joakim Noah,25:07,Justin Holiday,23:53,Brandon Jennings,16:41,Kyle O'Quinn,15:12,Maurice Ndour,8:36,105,2,7,4.0,57.1,3.0,42.9,0.0,0.0,Marcus Morris,3,1,2016-2017,1.0,1,3.0,DET,102,Tobias Harris,,,,,,,,,,,,,38:46,Kentavious Caldwell-Pope,37:23,Ish Smith,35:04,Andre Drummond,29:15,Jon Leuer,27:18,Beno Udrih,12:56,Aron Baynes,11:52,Stanley Johnson,10:37,,
1,.250,4,36.364,4,,81,0,2,66.7,3,.273,2.0,28.6,7.0,11,0,,0,0.000,Logos via Sports Logos.net / About logos,L,https://www.basketball-reference.com/boxscores/201611180CLE.html,Away,104,31:19,1,33.3,CLE,Tristan Thompson,DeAndre Liggins,12:00,Chris Andersen,9:16,Channing Frye,9:03,James Jones,2:25,,,,,29:41,Kyrie Irving,28:31,LeBron James,28:03,Kevin Love,27:00,J.R. Smith,25:01,Mike Dunleavy,18:50,Richard Jefferson,18:08,Iman Shumpert,16:50,Jordan McRae,15:12,104,0,7,4.0,57.1,3.0,42.9,0.0,0.0,Marcus Morris,23,1,2016-2017,1.0,0,3.0,DET,81,Kentavious Caldwell-Pope,Reggie Bullock,8:01,Boban Marjanović,6:09,Henry Ellenson,5:43,,,,,,,28:23,Andre Drummond,26:45,Ish Smith,23:28,Jon Leuer,22:22,Tobias Harris,20:23,Darrun Hilliard,19:37,Beno Udrih,16:31,Stanley Johnson,16:13,Aron Baynes,15:06
4,.571,7,43.750,2,2.00,94,0,4,80.0,10,.625,6.0,66.7,9.0,16,0,,0,0.000,Logos via Sports Logos.net / About logos,L,https://www.basketball-reference.com/boxscores/201611190DET.html,Home,92,33:03,1,20.0,BOS,Isaiah Thomas,Jaylen Brown,7:30,Tyler Zeller,3:41,,,,,,,,,35:49,Avery Bradley,35:45,Al Horford,33:45,Marcus Smart,30:36,Jae Crowder,26:32,Amir Johnson,20:22,Jonas Jerebko,17:42,Terry Rozier,14:26,Kelly Olynyk,13:52,94,1,24,12.0,50.0,12.0,50.0,0.0,0.0,Marcus Morris,2,0,2016-2017,0.0,1,5.0,DET,92,Tobias Harris,,,,,,,,,,,,,42:09,Ish Smith,32:38,Andre Drummond,30:54,Kentavious Caldwell-Pope,27:38,Jon Leuer,20:48,Reggie Bullock,20:22,Aron Baynes,17:06,Beno Udrih,15:22,,
1,.250,4,26.667,0,,99,1,2,100.0,5,.333,4.0,36.4,11.0,15,2,1.000,2,13.333,Logos via Sports Logos.net / About logos,L,https://www.basketball-reference.com/boxscores/201611210DET.html,Home,96,34:33,0,0.0,HOU,James Harden,,,,,,,,,,,,,37:38,Clint Capela,35:02,Trevor Ariza,34:31,Eric Gordon,29:19,Ryan Anderson,28:59,Sam Dekker,24:40,Patrick Beverley,23:24,Corey Brewer,13:29,Nenê,12:58,99,4,13,8.0,61.5,3.0,23.1,2.0,15.4,Marcus Morris,3,0,2016-2017,1.0,0,2.0,DET,96,Kentavious Caldwell-Pope,,,,,,,,,,,,,38:07,Andre Drummond,34:01,Ish Smith,31:25,Jon Leuer,31:18,Tobias Harris,20:30,Beno Udrih,16:23,Aron Baynes,13:59,Reggie Bullock,10:01,Stanley Johnson,9:44
0,.000,1,12.500,6,6.00,84,1,1,100.0,2,.250,2.0,28.6,7.0,8,3,.750,4,50.000,Logos via Sports Logos.net / About logos,W,https://www.basketball-reference.com/boxscores/201611230DET.html,Home,107,26:25,0,0.0,MIA,James Johnson,Derrick Williams,12:26,Udonis Haslem,7:22,,,,,,,,,34:57,Tyler Johnson,31:31,Rodney McGruder,31:15,Hassan Whiteside,24:59,Goran Dragić,22:15,Dion Waiters,21:25,Josh Richardson,20:06,Luke Babbitt,18:05,Josh McRoberts,15:39,84,2,7,4.0,57.1,0.0,0.0,3.0,42.9,Marcus Morris,23,1,2016-2017,2.0,1,1.0,DET,107,Tobias Harris,Boban Marjanović,3:25,Reggie Bullock,3:17,,,,,,,,,33:09,Beno Udrih,29:52,Kentavious Caldwell-Pope,28:38,Jon Leuer,27:13,Andre Drummond,26:17,Stanley Johnson,20:07,Aron Baynes,18:18,Ish Smith,18:08,Darrun Hilliard,5:11
1,.500,2,15.385,0,0.00,97,0,3,100.0,8,.615,7.0,63.6,11.0,13,0,,0,0.000,Logos via Sports Logos.net / About logos,W,https://www.basketball-reference.com/boxscores/201611250DET.html,Home,108,22:09,0,0.0,LAC,Blake Griffin,Wesley Johnson,11:55,,,,,,,,,,,36:12,Chris Paul,33:09,DeAndre Jordan,33:06,JJ Redick,32:43,Jamal Crawford,26:54,Luc Mbah a Moute,21:06,Austin Rivers,16:44,Marreese Speights,14:22,Raymond Felton,13:49,97,4,17,14.0,82.4,3.0,17.6,0.0,0.0,Marcus Morris,11,0,2016-2017,0.0,2,3.0,DET,108,Kentavious Caldwell-Pope,,,,,,,,,,,,,35:11,Ish Smith,34:11,Jon Leuer,33:21,Tobias Harris,29:04,Andre Drummond,26:27,Aron Baynes,21:04,Darrun Hilliard,19:11,Beno Udrih,13:49,Michael Gbinije,5:32
0,.000,5,33.333,2,1.00,88,0,4,80.0,5,.333,5.0,50.0,10.0,15,0,.000,2,13.333,Logos via Sports Logos.net / About logos,L,https://www.basketball-reference.com/boxscores/201611260OKC.html,Away,106,35:01,1,20.0,OKC,Russell Westbrook,Semaj Christon,3:42,Álex Abrines,0:49,,,,,,,,,37:19,Victor Oladipo,32:45,Andre Roberson,30:13,Steven Adams,29:25,Anthony Morrow,26:24,Jerami Grant,25:46,Domantas Sabonis,23:57,Enes Freedom,17:46,Joffrey Lauvergne,11:54,106,3,10,10.0,100.0,0.0,0.0,0.0,0.0,Marcus Morris,18,0,2016-2017,0.0,2,5.0,DET,88,Tobias Harris,,,,,,,,,,,,,39:11,Andre Drummond,35:42,Kentavious Caldwell-Pope,34:02,Ish Smith,30:50,Jon Leuer,21:48,Beno Udrih,17:10,Aron Baynes,12:18,Darrun Hilliard,11:49,Stanley Johnson,2:09
2,.333,6,33.333,0,0.00,112,0,4,100.0,8,.444,6.0,50.0,12.0,18,0,,0,0.000,Logos via Sports Logos.net / About logos,W,https://www.basketball-reference.com/boxscores/201611290CHO.html,Away,89,36:18,0,0.0,CHO,Michael Kidd-Gilchrist,Roy Hibbert,12:45,Brian Roberts,4:22,Treveon Graham,4:22,Aaron Harrison,4:22,,,,,31:32,Kemba Walker,30:52,Nicolas Batum,30:13,Cody Zeller,27:51,Frank Kaminsky,26:44,Marco Belinelli,24:39,Spencer Hawes,16:40,Jeremy Lamb,12:52,Ramon Sessions,12:46,89,3,18,12.0,66.7,6.0,33.3,0.0,0.0,Marcus Morris,23,1,2016-2017,1.0,1,4.0,DET,112,Tobias Harris,Michael Gbinije,2:09,Boban Marjanović,2:09,,,,,,,,,35:33,Jon Leuer,32:08,Kentavious Caldwell-Pope,31:56,Ish Smith,24:43,Aron Baynes,22:45,Beno Udrih,20:04,Andre Drummond,12:58,Stanley Johnson,10:00,Darrun Hilliard,9:17
2,.400,5,38.462,3,1.00,121,3,3,75.0,8,.615,6.0,75.0,8.0,13,2,1.000,2,15.385,Logos via Sports Logos.net / About logos,W,https://www.basketball-reference.com/boxscores/201611300BOS.html,Away,114,38:10,1,25.0,BOS,Jae Crowder,Tyler Zeller,4:57,Jaylen Brown,4:24,,,,,,,,,35:51,Avery Bradley,35:33,Isaiah Thomas,33:16,Al Horford,31:39,Kelly Olynyk,26:21,Marcus Smart,23:46,Amir Johnson,14:54,Terry Rozier,14:41,Jonas Jerebko,14:39,114,3,20,12.0,60.0,6.0,30.0,2.0,10.0,Marcus Morris,7,1,2016-2017,4.0,3,4.0,DET,121,Ish Smith,,,,,,,,,,,,,35:57,Tobias Harris,35:23,Andre Drummond,35:03,Kentavious Caldwell-Pope,35:02,Jon Leuer,22:45,Darrun Hilliard,12:58,Aron Baynes,12:38,Beno Udrih,12:04,,
2,.667,3,25.000,2,2.00,121,0,4,100.0,5,.417,3.0,33.3,9.0,12,0,,0,0.000,Logos via Sports Logos.net / About logos,W,https://www.basketball-reference.com/boxscores/201612020ATL.html,Away,85,28:52,0,0.0,ATL,Kyle Korver,Thabo Sefolosha,16:35,Mike Scott,11:32,Ryan Kelly,3:49,,,,,,,33:38,Tim Hardaway Jr.,27:22,Dwight Howard,25:27,Dennis Schröder,24:56,Mike Muscala,23:30,Malcolm Delaney,19:15,Kris Humphries,18:48,Kent Bazemore,18:08,Taurean Prince,17:00,85,0,12,6.0,50.0,6.0,50.0,0.0,0.0,Marcus Morris,36,0,2016-2017,0.0,1,4.0,DET,121,Tobias Harris,Stanley Johnson,3:49,Boban Marjanović,3:48,,,,,,,,,31:50,Jon Leuer,31:29,Kentavious Caldwell-Pope,30:21,Ish Smith,28:40,Andre Drummond,28:18,Darrun Hilliard,17:39,Aron Baynes,15:54,Beno Udrih,15:31,Michael Gbinije,3:49
5,.556,9,75.000,1,,98,0,5,100.0,7,.583,2.0,66.7,3.0,12,2,1.000,2,16.667,Logos via Sports Logos.net / About logos,L,https://www.basketball-reference.com/boxscores/201612040DET.html,Home,92,34:53,0,0.0,ORL,Serge Ibaka,,,,,,,,,,,,,34:17,Evan Fournier,32:10,Jeff Green,29:59,Bismack Biyombo,29:57,Nikola Vučević,28:01,D.J. Augustin,25:10,Elfrid Payton,22:50,Aaron Gordon,22:06,Jodie Meeks,15:30,98,1,21,4.0,19.0,15.0,71.4,2.0,9.5,Marcus Morris,6,2,2016-2017,2.0,0,5.0,DET,92,Tobias Harris,,,,,,,,,,,,,34:57,Andre Drummond,34:55,Kentavious Caldwell-Pope,34:26,Jon Leuer,26:10,Ish Smith,25:09,Reggie Jackson,22:51,Aron Baynes,13:05,Darrun Hilliard,12:04,Stanley Johnson,1:30
3,.600,5,55.556,0,0.00,91,0,1,100.0,5,.556,2.0,50.0,4.0,9,0,,0,0.000,Logos via Sports Logos.net / About logos,W,https://www.basketball-reference.com/boxscores/201612060DET.html,Home,102,26:29,0,0.0,CHI,Jimmy Butler,,,,,,,,,,,,,42:55,Rajon Rondo,37:09,Dwyane Wade,33:47,Robin Lopez,32:54,Taj Gibson,29:01,Isaiah Canaan,23:04,Nikola Mirotić,22:43,Cristiano Felício,14:56,Jerian Grant,3:31,91,2,13,4.0,30.8,9.0,69.2,0.0,0.0,Marcus Morris,11,0,2016-2017,0.0,2,1.0,DET,102,Tobias Harris,,,,,,,,,,,,,40:12,Kentavious Caldwell-Pope,31:18,Ish Smith,29:43,Andre Drummond,24:42,Aron Baynes,23:18,Jon Leuer,23:09,Reggie Jackson,18:17,Darrun Hilliard,16:42,Stanley Johnson,6:10
1,.333,3,30.000,2,2.00,77,1,8,80.0,3,.300,2.0,28.6,7.0,10,0,,0,0.000,Logos via Sports Logos.net / About logos,L,https://www.basketball-reference.com/boxscores/201612070CHO.html,Away,87,34:12,2,20.0,CHO,Nicolas Batum,Jeremy Lamb,12:26,,,,,,,,,,,35:34,Kemba Walker,33:51,Cody Zeller,32:11,Marco Belinelli,28:06,Marvin Williams,25:57,Frank Kaminsky,22:03,Michael Kidd-Gilchrist,19:54,Roy Hibbert,15:49,Ramon Sessions,14:09,87,1,7,4.0,57.1,3.0,42.9,0.0,0.0,Marcus Morris,10,0,2016-2017,1.0,1,10.0,DET,77,Tobias Harris,,,,,,,,,,,,,38:35,Kentavious Caldwell-Pope,37:09,Andre Drummond,34:04,Reggie Jackson,25:38,Jon Leuer,23:13,Ish Smith,22:22,Aron Baynes,13:56,Darrun Hilliard,10:51,,
3,.500,6,50.000,1,1.00,117,0,7,100.0,6,.500,3.0,50.0,6.0,12,0,,0,0.000,Logos via Sports Logos.net / About logos,W,https://www.basketball-reference.com/boxscores/201612090MIN.html,Away,90,34:54,0,0.0,MIN,Zach LaVine,Brandon Rush,12:00,Tyus Jones,4:45,Jordan Hill,4:45,,,,,,,35:11,Karl-Anthony Towns,31:36,Ricky Rubio,28:08,Gorgui Dieng,27:05,Andrew Wiggins,26:43,Cole Aldrich,20:12,Kris Dunn,19:52,Shabazz Muhammad,17:21,Adreian Payne,12:22,90,2,15,6.0,40.0,9.0,60.0,0.0,0.0,Marcus Morris,27,0,2016-2017,0.0,1,7.0,DET,117,Kentavious Caldwell-Pope,Stanley Johnson,4:02,Beno Udrih,4:02,Boban Marjanović,4:02,,,,,,,31:25,Reggie Jackson,28:57,Andre Drummond,28:03,Jon Leuer,28:03,Tobias Harris,24:59,Darrun Hilliard,16:35,Aron Baynes,15:55,Ish Smith,15:01,Henry Ellenson,4:02
4,.571,7,43.750,1,1.00,97,1,1,50.0,10,.625,6.0,66.7,9.0,16,4,.800,5,31.250,Logos via Sports Logos.net / About logos,L,https://www.basketball-reference.com/boxscores/201612110DET.html,Home,79,37:25,1,50.0,PHI,T.J. McConnell,Nerlens Noel,10:23,Timothé Luwawu-Cabarrot,4:57,,,,,,,,,37:22,Robert Covington,34:06,Ersan İlyasova,33:34,Jahlil Okafor,26:32,Nik Stauskas,25:06,Gerald Henderson,21:50,Dario Šarić,19:52,Hollis Thompson,15:13,Richaun Holmes,11:05,97,1,28,12.0,42.9,12.0,42.9,4.0,14.3,Marcus Morris,18,0,2016-2017,1.0,1,2.0,DET,79,Andre Drummond,,,,,,,,,,,,,36:28,Tobias Harris,35:12,Reggie Jackson,28:28,Stanley Johnson,26:03,Ish Smith,23:13,Jon Leuer,21:54,Darrun Hilliard,19:45,Aron Baynes,11:32,,
2,.400,5,50.000,2,0.50,95,0,6,100.0,4,.400,2.0,40.0,5.0,10,2,1.000,2,20.000,Logos via Sports Logos.net / About logos,W,https://www.basketball-reference.com/boxscores/201612140DAL.html,Away,85,37:25,0,0.0,DAL,Wesley Matthews,Nicolás Brussino,1:17,Jonathan Gibson,1:17,A.J. Hammons,1:17,,,,,,,37:34,Harrison Barnes,37:03,Deron Williams,35:43,Dorian Finney-Smith,29:11,Salah Mejri,26:52,Seth Curry,22:52,Dwight Powell,19:51,Devin Harris,13:46,Justin Anderson,13:17,85,1,12,4.0,33.3,6.0,50.0,2.0,16.7,Marcus Morris,10,2,2016-2017,2.0,4,6.0,DET,95,Kentavious Caldwell-Pope,,,,,,,,,,,,,35:50,Jon Leuer,30:41,Reggie Jackson,29:57,Andre Drummond,26:53,Tobias Harris,26:40,Aron Baynes,19:50,Ish Smith,18:03,Stanley Johnson,14:41,,
0,.000,3,37.500,1,1.00,108,0,3,100.0,1,.125,1.0,20.0,5.0,8,0,,0,0.000,Logos via Sports Logos.net / About logos,L,https://www.basketball-reference.com/boxscores/201612160WAS.html,Away,122,23:43,0,0.0,WAS,Marcin Gortat,Andrew Nicholson,5:05,Jason Smith,4:39,Daniel Ochefu,1:06,,,,,,,38:16,John Wall,34:54,Bradley Beal,33:53,Otto Porter Jr.,33:48,Kelly Oubre Jr.,33:42,Markieff Morris,18:23,Trey Burke,15:16,Marcus Thornton,15:09,Tomáš Satoranský,5:49,122,0,2,2.0,100.0,0.0,0.0,0.0,0.0,Marcus Morris,14,1,2016-2017,1.0,1,3.0,DET,108,Kentavious Caldwell-Pope,Darrun Hilliard,5:58,,,,,,,,,,,33:48,Tobias Harris,33:08,Jon Leuer,31:26,Andre Drummond,30:17,Reggie Jackson,24:08,Ish Smith,17:40,Stanley Johnson,16:52,Aron Baynes,16:48,Beno Udrih,6:12
1,.333,3,42.857,1,1.00,105,0,1,100.0,4,.571,3.0,75.0,4.0,7,0,,0,0.000,Logos via Sports Logos.net / About logos,L,https://www.basketball-reference.com/boxscores/201612170DET.html,Home,90,34:26,0,0.0,IND,Glenn Robinson III,Kevin Séraphin,3:03,Georges Niang,3:03,Joe Young,3:03,,,,,,,36:29,Paul George,33:44,Thaddeus Young,32:51,Jeff Teague,31:21,Myles Turner,27:52,C.J. Miles,24:00,Aaron Brooks,17:30,Al Jefferson,17:05,Lavoy Allen,9:59,105,3,9,6.0,66.7,3.0,33.3,0.0,0.0,Marcus Morris,15,1,2016-2017,1.0,1,1.0,DET,90,Kentavious Caldwell-Pope,Michael Gbinije,5:14,Boban Marjanović,4:16,,,,,,,,,36:22,Andre Drummond,34:54,Tobias Harris,31:02,Reggie Jackson,29:15,Stanley Johnson,20:04,Ish Smith,18:45,Darrun Hilliard,11:38,Aron Baynes,8:50,Henry Ellenson,5:14
0,.000,4,44.444,1,0.50,82,0,0,0.0,2,.222,2.0,40.0,5.0,9,2,1.000,2,22.222,Logos via Sports Logos.net / About logos,L,https://www.basketball-reference.com/boxscores/201612190CHI.html,Away,113,23:55,1,100.0,CHI,Jimmy Butler,Denzel Valentine,12:00,Bobby Portis,7:08,Paul Zipser,7:08,Isaiah Canaan,4:35,,,,,30:00,Rajon Rondo,28:03,Robin Lopez,25:36,Doug McDermott,24:39,Cristiano Felício,22:25,Dwyane Wade,22:13,Nikola Mirotić,21:27,Taj Gibson,19:25,Jerian Grant,15:22,113,1,6,4.0,66.7,0.0,0.0,2.0,33.3,Marcus Morris,31,0,2016-2017,0.0,2,1.0,DET,82,Tobias Harris,Boban Marjanović,7:08,Henry Ellenson,7:08,Beno Udrih,5:53,,,,,,,26:16,Kentavious Caldwell-Pope,24:04,Stanley Johnson,23:56,Reggie Jackson,23:55,Andre Drummond,23:17,Jon Leuer,20:36,Ish Smith,18:12,Darrun Hilliard,18:05,Aron Baynes,17:36
0,.000,7,63.636,0,0.00,98,0,5,100.0,1,.091,1.0,25.0,4.0,11,10,.714,14,127.273,Logos via Sports Logos.net / About logos,L,https://www.basketball-reference.com/boxscores/201612210DET.html,Home,86,38:45,0,0.0,MEM,Marc Gasol,Chandler Parsons,15:04,Jarell Martin,10:59,Troy Williams,0:36,,,,,,,37:01,Tony Allen,28:02,JaMychal Green,27:57,Andrew Harrison,26:53,Mike Conley,23:31,Zach Randolph,19:17,James Ennis III,17:37,Troy Daniels,16:41,Vince Carter,16:22,98,2,12,2.0,16.7,0.0,0.0,10.0,83.3,Marcus Morris,12,0,2016-2017,0.0,2,5.0,DET,86,Andre Drummond,,,,,,,,,,,,,38:23,Kentavious Caldwell-Pope,31:14,Jon Leuer,29:53,Tobias Harris,27:22,Reggie Jackson,25:34,Ish Smith,22:26,Stanley Johnson,16:46,Aron Baynes,9:37,,
0,.000,3,42.857,3,,119,0,3,100.0,1,.143,1.0,25.0,4.0,7,0,,0,0.000,Logos via Sports Logos.net / About logos,L,https://www.basketball-reference.com/boxscores/201612230DET.html,Home,113,20:12,0,0.0,GSW,Draymond Green,JaVale McGee,8:43,,,,,,,,,,,37:43,Klay Thompson,37:02,Stephen Curry,35:00,Kevin Durant,31:34,Andre Iguodala,26:24,Zaza Pachulia,18:56,Shaun Livingston,15:14,Ian Clark,15:13,David West,14:11,119,4,2,2.0,100.0,0.0,0.0,0.0,0.0,Marcus Morris,6,3,2016-2017,3.0,0,3.0,DET,113,Kentavious Caldwell-Pope,,,,,,,,,,,,,40:53,Jon Leuer,33:06,Tobias Harris,32:11,Andre Drummond,30:28,Reggie Jackson,30:15,Stanley Johnson,17:52,Ish Smith,17:45,Aron Baynes,17:18,,
3,.500,6,40.000,2,2.00,90,0,4,100.0,6,.400,3.0,33.3,9.0,15,0,,0,0.000,Logos via Sports Logos.net / About logos,W,https://www.basketball-reference.com/boxscores/201612260DET.html,Home,106,36:14,0,0.0,CLE,Iman Shumpert,James Jones,13:55,Jordan McRae,5:39,,,,,,,,,32:46,Kyrie Irving,28:50,Mike Dunleavy,28:22,Tristan Thompson,26:17,Kevin Love,25:53,Richard Jefferson,22:14,Kay Felder,19:58,DeAndre Liggins,18:16,Channing Frye,17:50,90,2,15,6.0,40.0,9.0,60.0,0.0,0.0,Marcus Morris,16,3,2016-2017,3.0,1,4.0,DET,106,Kentavious Caldwell-Pope,Henry Ellenson,2:27,Michael Gbinije,2:27,,,,,,,,,39:16,Reggie Jackson,30:20,Tobias Harris,29:13,Andre Drummond,28:14,Jon Leuer,27:58,Ish Smith,17:40,Aron Baynes,11:53,Stanley Johnson,11:51,Darrun Hilliard,2:27
2,.333,6,60.000,3,,119,0,1,50.0,3,.300,1.0,25.0,4.0,10,3,.750,4,40.000,Logos via Sports Logos.net / About logos,L,https://www.basketball-reference.com/boxscores/201612280DET.html,Home,94,23:02,1,50.0,MIL,Giannis Antetokounmpo,Thon Maker,2:43,Miles Plumlee,2:43,Steve Novak,2:43,,,,,,,34:42,Jabari Parker,34:18,Malcolm Brogdon,28:17,Tony Snell,28:14,Greg Monroe,26:37,Michael Beasley,21:34,Jason Terry,19:46,Matthew Dellavedova,19:43,John Henson,18:40,119,3,11,2.0,18.2,6.0,54.5,3.0,27.3,Marcus Morris,25,0,2016-2017,0.0,0,2.0,DET,94,Reggie Jackson,Darrun Hilliard,4:15,Henry Ellenson,4:15,,,,,,,,,33:32,Tobias Harris,31:07,Kentavious Caldwell-Pope,30:13,Jon Leuer,28:49,Andre Drummond,26:01,Ish Smith,20:32,Aron Baynes,17:44,Stanley Johnson,16:15,Boban Marjanović,4:15
2,.667,3,33.333,1,1.00,107,0,1,100.0,4,.444,2.0,33.3,6.0,9,1,.500,2,22.222,Logos via Sports Logos.net / About logos,W,https://www.basketball-reference.com/boxscores/201701010MIA.html,Away,98,31:20,0,0.0,MIA,Josh Richardson,,,,,,,,,,,,,37:46,Wayne Ellington,37:15,James Johnson,33:54,Rodney McGruder,33:07,Tyler Johnson,28:58,Udonis Haslem,20:43,Willie Reed,17:58,Luke Babbitt,17:29,Derrick Williams,12:50,98,3,11,4.0,36.4,6.0,54.5,1.0,9.1,Marcus Morris,9,0,2016-2017,0.0,1,1.0,DET,107,Kentavious Caldwell-Pope,,,,,,,,,,,,,39:36,Andre Drummond,36:06,Tobias Harris,34:52,Reggie Jackson,32:39,Jon Leuer,27:56,Ish Smith,15:21,Stanley Johnson,12:46,Aron Baynes,9:24,,
2,.286,7,50.000,4,4.00,121,1,0,0.0,6,.429,4.0,57.1,7.0,14,0,,0,0.000,Logos via Sports Logos.net / About logos,L,https://www.basketball-reference.com/boxscores/201701030DET.html,Home,116,29:07,1,100.0,IND,Paul George,C.J. Miles,12:14,,,,,,,,,,,35:46,Myles Turner,35:31,Jeff Teague,33:26,Thaddeus Young,32:38,Glenn Robinson III,27:31,Monta Ellis,20:29,Kevin Séraphin,15:22,Aaron Brooks,14:34,Al Jefferson,12:29,121,3,14,8.0,57.1,6.0,42.9,0.0,0.0,Marcus Morris,5,0,2016-2017,1.0,1,1.0,DET,116,Kentavious Caldwell-Pope,,,,,,,,,,,,,38:31,Andre Drummond,35:07,Jon Leuer,34:05,Reggie Jackson,32:04,Tobias Harris,29:59,Ish Smith,15:56,Stanley Johnson,15:08,Boban Marjanović,10:03,,
3,.500,6,40.000,3,,114,1,8,72.7,5,.333,2.0,22.2,9.0,15,7,.875,8,53.333,Logos via Sports Logos.net / About logos,W,https://www.basketball-reference.com/boxscores/201701050DET.html,Home,115,36:00,3,27.3,CHO,Kemba Walker,Jeremy Lamb,13:01,,,,,,,,,,,35:49,Marvin Williams,29:04,Spencer Hawes,28:09,Michael Kidd-Gilchrist,27:01,Nicolas Batum,25:05,Ramon Sessions,22:05,Marco Belinelli,20:59,Frank Kaminsky,19:53,Roy Hibbert,18:54,114,3,20,4.0,20.0,9.0,45.0,7.0,35.0,Marcus Morris,1,0,2016-2017,1.0,0,11.0,DET,115,Kentavious Caldwell-Pope,,,,,,,,,,,,,32:52,Tobias Harris,30:39,Reggie Jackson,29:30,Andre Drummond,25:04,Boban Marjanović,22:08,Jon Leuer,21:53,Ish Smith,18:31,Darrun Hilliard,15:08,Stanley Johnson,8:17
0,.000,4,23.529,5,,125,0,4,80.0,5,.294,5.0,38.5,13.0,17,0,,0,0.000,Logos via Sports Logos.net / About logos,W,https://www.basketball-reference.com/boxscores/201701080POR.html,Away,124,46:17,1,20.0,POR,CJ McCollum,,,,,,,,,,,,,44:23,Damian Lillard,43:28,Allen Crabbe,42:34,Mason Plumlee,39:45,Al-Farouq Aminu,37:25,Maurice Harkless,25:39,Evan Turner,25:17,Meyers Leonard,18:15,Noah Vonleh,13:14,124,2,10,10.0,100.0,0.0,0.0,0.0,0.0,Marcus Morris,1,1,2016-2017,1.0,0,5.0,DET,125,Andre Drummond,,,,,,,,,,,,,51:54,Kentavious Caldwell-Pope,48:28,Reggie Jackson,46:50,Tobias Harris,38:07,Stanley Johnson,25:21,Ish Smith,20:42,Jon Leuer,6:15,Aron Baynes,6:06,Boban Marjanović,0:00
1,.250,4,36.364,1,0.50,94,0,2,66.7,4,.364,3.0,42.9,7.0,11,0,,0,0.000,Logos via Sports Logos.net / About logos,L,https://www.basketball-reference.com/boxscores/201701100SAC.html,Away,100,31:01,1,33.3,SAC,Rudy Gay,Ben McLemore,2:28,,,,,,,,,,,37:58,Anthony Tolliver,35:59,DeMarcus Cousins,30:17,Garrett Temple,30:04,Darren Collison,27:47,Ty Lawson,24:08,Kosta Koufos,21:57,Omri Casspi,17:57,Arron Afflalo,11:25,100,5,9,6.0,66.7,3.0,33.3,0.0,0.0,Marcus Morris,6,2,2016-2017,2.0,2,3.0,DET,94,Kentavious Caldwell-Pope,Darrun Hilliard,0:24,,,,,,,,,,,39:43,Tobias Harris,39:33,Andre Drummond,35:06,Reggie Jackson,30:39,Stanley Johnson,22:35,Ish Smith,17:21,Boban Marjanović,10:03,Henry Ellenson,7:09,Aron Baynes,6:26
1,.167,6,35.294,3,1.50,107,0,4,80.0,9,.529,8.0,72.7,11.0,17,2,1.000,2,11.765,Logos via Sports Logos.net / About logos,L,https://www.basketball-reference.com/boxscores/201701120GSW.html,Away,127,34:23,1,20.0,GSW,Klay Thompson,JaVale McGee,8:16,Anderson Varejão,5:49,Kevon Looney,3:38,Patrick McCaw,3:38,,,,,35:34,Kevin Durant,31:23,Draymond Green,30:21,Stephen Curry,29:51,Zaza Pachulia,24:29,Andre Iguodala,21:15,Shaun Livingston,20:31,Ian Clark,15:50,David West,9:26,127,1,21,16.0,76.2,3.0,14.3,2.0,9.5,Marcus Morris,20,1,2016-2017,1.0,2,5.0,DET,107,Stanley Johnson,Henry Ellenson,4:40,Kentavious Caldwell-Pope,3:46,,,,,,,,,37:32,Tobias Harris,33:36,Andre Drummond,27:16,Darrun Hilliard,26:25,Reggie Jackson,24:34,Boban Marjanović,16:04,Ish Smith,15:41,Beno Udrih,11:23,Aron Baynes,4:40
1,.250,4,26.667,1,0.50,77,0,5,100.0,3,.200,2.0,18.2,11.0,15,4,1.000,4,26.667,Logos via Sports Logos.net / About logos,L,https://www.basketball-reference.com/boxscores/201701130UTA.html,Away,110,30:20,0,0.0,UTA,Rudy Gobert,Dante Exum,16:15,Alec Burks,4:44,Shelvin Mack,4:38,Jeff Withey,3:23,,,,,30:59,Rodney Hood,28:40,Derrick Favors,27:09,George Hill,27:07,Gordon Hayward,26:20,Joe Ingles,19:20,Boris Diaw,17:46,Joe Johnson,16:56,Trey Lyles,16:43,110,4,11,4.0,36.4,3.0,27.3,4.0,36.4,Marcus Morris,33,0,2016-2017,0.0,2,5.0,DET,77,Tobias Harris,Darrun Hilliard,4:44,,,,,,,,,,,34:01,Andre Drummond,33:29,Reggie Jackson,27:10,Reggie Bullock,26:15,Stanley Johnson,25:49,Beno Udrih,20:50,Aron Baynes,18:07,Boban Marjanović,14:31,Henry Ellenson,4:44
4,.500,8,44.444,1,1.00,102,1,7,77.8,9,.500,5.0,50.0,10.0,18,1,.500,2,11.111,Logos via Sports Logos.net / About logos,W,https://www.basketball-reference.com/boxscores/201701150LAL.html,Away,97,42:36,2,22.2,LAL,Luol Deng,Ivica Zubac,8:34,,,,,,,,,,,36:05,Julius Randle,31:10,Brandon Ingram,28:17,Lou Williams,26:38,Nick Young,26:17,D'Angelo Russell,26:02,Jordan Clarkson,23:32,Timofey Mozgov,21:56,Tarik Black,11:29,97,1,23,10.0,43.5,12.0,52.2,1.0,4.3,Marcus Morris,5,0,2016-2017,1.0,1,9.0,DET,102,Tobias Harris,,,,,,,,,,,,,38:25,Stanley Johnson,34:23,Andre Drummond,31:41,Reggie Bullock,28:35,Reggie Jackson,27:52,Ish Smith,20:08,Aron Baynes,16:19,Beno Udrih,0:01,,
1,.167,6,46.154,7,,95,0,9,90.0,5,.385,4.0,57.1,7.0,13,3,.750,4,30.769,Logos via Sports Logos.net / About logos,W,https://www.basketball-reference.com/boxscores/201701180DET.html,Home,118,35:53,1,10.0,ATL,Paul Millsap,Malcolm Delaney,13:48,Gary Neal,12:44,Thabo Sefolosha,12:20,DeAndre' Bembry,12:00,,,,,27:18,Dennis Schröder,26:53,Dwight Howard,21:28,Kent Bazemore,20:44,Mike Dunleavy,20:40,Taurean Prince,19:58,Kris Humphries,19:31,Tim Hardaway Jr.,18:36,Mike Scott,14:00,95,3,14,8.0,57.1,3.0,21.4,3.0,21.4,Marcus Morris,23,0,2016-2017,0.0,0,10.0,DET,118,Reggie Bullock,Boban Marjanović,2:22,,,,,,,,,,,36:08,Reggie Jackson,31:56,Stanley Johnson,31:50,Tobias Harris,26:50,Andre Drummond,23:15,Aron Baynes,22:23,Ish Smith,17:53,Darrun Hilliard,9:08,Henry Ellenson,2:22
3,.500,6,35.294,3,3.00,112,0,5,45.5,7,.412,4.0,36.4,11.0,17,8,.889,9,52.941,Logos via Sports Logos.net / About logos,W,https://www.basketball-reference.com/boxscores/201701210DET.html,Home,113,37:40,6,54.5,WAS,John Wall,Sheldon Mac,4:35,,,,,,,,,,,38:39,Markieff Morris,38:28,Bradley Beal,37:32,Otto Porter Jr.,33:43,Kelly Oubre Jr.,27:00,Marcin Gortat,25:24,Jason Smith,19:25,Trey Burke,9:21,Tomáš Satoranský,5:53,112,3,25,8.0,32.0,9.0,36.0,8.0,32.0,Marcus Morris,1,1,2016-2017,1.0,1,11.0,DET,113,Tobias Harris,,,,,,,,,,,,,39:43,Reggie Bullock,35:13,Reggie Jackson,31:40,Jon Leuer,24:31,Andre Drummond,17:39,Aron Baynes,16:27,Ish Smith,16:20,Stanley Johnson,15:52,Boban Marjanović,4:55
1,.333,3,27.273,1,,109,0,3,100.0,5,.455,4.0,50.0,8.0,11,2,1.000,2,18.182,Logos via Sports Logos.net / About logos,L,https://www.basketball-reference.com/boxscores/201701230DET.html,Home,104,37:36,0,0.0,SAC,Garrett Temple,Kosta Koufos,12:00,,,,,,,,,,,34:25,DeMarcus Cousins,32:13,Arron Afflalo,28:39,Darren Collison,25:36,Matt Barnes,25:19,Anthony Tolliver,24:17,Ty Lawson,22:41,Willie Cauley-Stein,21:15,Malachi Richardson,13:35,109,0,13,8.0,61.5,3.0,23.1,2.0,15.4,Marcus Morris,5,0,2016-2017,0.0,0,3.0,DET,104,Kentavious Caldwell-Pope,,,,,,,,,,,,,36:39,Andre Drummond,36:03,Reggie Jackson,34:57,Jon Leuer,27:35,Tobias Harris,25:50,Aron Baynes,13:50,Ish Smith,13:03,Reggie Bullock,11:21,Stanley Johnson,3:06
0,.000,2,18.182,2,1.00,103,0,2,100.0,7,.636,7.0,77.8,9.0,11,0,.000,1,9.091,Logos via Sports Logos.net / About logos,L,https://www.basketball-reference.com/boxscores/201701280MIA.html,Away,116,35:41,0,0.0,MIA,Dion Waiters,,,,,,,,,,,,,34:25,Wayne Ellington,33:36,Goran Dragić,33:17,James Johnson,31:57,Hassan Whiteside,29:09,Rodney McGruder,26:18,Okaro White,18:58,Willie Reed,18:51,Luke Babbitt,13:29,116,2,14,14.0,100.0,0.0,0.0,0.0,0.0,Marcus Morris,13,1,2016-2017,1.0,2,2.0,DET,103,Andre Drummond,,,,,,,,,,,,,35:10,Kentavious Caldwell-Pope,34:07,Reggie Jackson,30:56,Tobias Harris,27:52,Jon Leuer,24:21,Ish Smith,17:04,Stanley Johnson,15:42,Aron Baynes,12:50,Reggie Bullock,6:17
1,.143,7,43.750,0,0.00,109,0,4,80.0,6,.375,5.0,55.6,9.0,16,0,,0,0.000,Logos via Sports Logos.net / About logos,L,https://www.basketball-reference.com/boxscores/201701300BOS.html,Away,113,35:16,1,20.0,BOS,Isaiah Thomas,Terry Rozier,10:30,,,,,,,,,,,37:14,Jae Crowder,35:53,Al Horford,34:30,Marcus Smart,30:06,Jonas Jerebko,24:20,Kelly Olynyk,20:25,Jaylen Brown,18:08,Amir Johnson,15:15,Gerald Green,13:39,113,3,13,10.0,76.9,3.0,23.1,0.0,0.0,Marcus Morris,4,0,2016-2017,0.0,1,5.0,DET,109,Andre Drummond,,,,,,,,,,,,,40:40,Kentavious Caldwell-Pope,35:49,Tobias Harris,29:47,Reggie Jackson,28:09,Jon Leuer,26:11,Ish Smith,19:10,Stanley Johnson,17:32,Reggie Bullock,7:20,Beno Udrih,0:08
1,.250,4,44.444,4,4.00,98,0,3,75.0,3,.333,2.0,40.0,5.0,9,0,,0,0.000,Logos via Sports Logos.net / About logos,W,https://www.basketball-reference.com/boxscores/201702010DET.html,Home,118,34:09,1,25.0,NOP,Anthony Davis,,,,,,,,,,,,,40:46,Jrue Holiday,35:18,Solomon Hill,34:57,E'Twaun Moore,28:17,Terrence Jones,27:04,Dante Cunningham,21:46,Buddy Hield,21:25,Tyreke Evans,18:20,Donatas Motiejūnas,12:07,98,1,7,4.0,57.1,3.0,42.9,0.0,0.0,Marcus Morris,20,0,2016-2017,0.0,1,4.0,DET,118,Kentavious Caldwell-Pope,,,,,,,,,,,,,38:33,Tobias Harris,27:35,Ish Smith,27:17,Andre Drummond,25:49,Stanley Johnson,24:40,Reggie Jackson,20:43,Aron Baynes,18:55,Jon Leuer,17:04,Reggie Bullock,5:15
5,.556,9,47.368,2,1.00,108,0,3,60.0,12,.632,7.0,70.0,10.0,19,7,.636,11,57.895,Logos via Sports Logos.net / About logos,W,https://www.basketball-reference.com/boxscores/201702030DET.html,Home,116,38:18,2,40.0,MIN,Andrew Wiggins,,,,,,,,,,,,,40:11,Ricky Rubio,34:00,Karl-Anthony Towns,33:25,Gorgui Dieng,31:50,Zach LaVine,31:32,Shabazz Muhammad,23:13,Nemanja Bjelica,23:07,Tyus Jones,15:04,Cole Aldrich,7:38,108,1,36,14.0,38.9,15.0,41.7,7.0,19.4,Marcus Morris,8,1,2016-2017,1.0,2,5.0,DET,116,Kentavious Caldwell-Pope,,,,,,,,,,,,,36:35,Jon Leuer,35:17,Andre Drummond,29:05,Reggie Jackson,26:53,Tobias Harris,22:36,Ish Smith,20:43,Aron Baynes,18:44,Stanley Johnson,11:41,Beno Udrih,0:08
3,1.000,3,27.273,4,4.00,84,1,5,83.3,5,.455,2.0,25.0,8.0,11,6,1.000,6,54.545,Logos via Sports Logos.net / About logos,L,https://www.basketball-reference.com/boxscores/201702040IND.html,Away,105,33:49,1,16.7,IND,Paul George,Georges Niang,1:38,Rakeem Christmas,1:38,Joe Young,1:38,,,,,,,32:06,Lavoy Allen,32:05,Myles Turner,31:40,Jeff Teague,31:10,C.J. Miles,27:00,Glenn Robinson III,26:48,Monta Ellis,23:49,Aaron Brooks,16:50,Al Jefferson,13:38,105,1,19,4.0,21.1,9.0,47.4,6.0,31.6,Marcus Morris,21,1,2016-2017,2.0,1,6.0,DET,84,Kentavious Caldwell-Pope,,,,,,,,,,,,,31:42,Andre Drummond,31:16,Jon Leuer,27:21,Reggie Jackson,26:52,Tobias Harris,22:38,Ish Smith,21:08,Stanley Johnson,19:14,Aron Baynes,16:44,Reggie Bullock,9:16
0,.000,3,18.750,3,1.50,96,0,5,62.5,9,.563,9.0,69.2,13.0,16,1,1.000,1,6.250,Logos via Sports Logos.net / About logos,W,https://www.basketball-reference.com/boxscores/201702060DET.html,Home,113,38:49,3,37.5,PHI,Robert Covington,Nerlens Noel,16:01,Richaun Holmes,6:13,Chasson Randle,5:13,,,,,,,29:08,Nik Stauskas,27:50,Dario Šarić,27:46,Jahlil Okafor,25:46,T.J. McConnell,24:59,Timothé Luwawu-Cabarrot,21:04,Ersan İlyasova,20:14,Gerald Henderson,17:58,Sergio Rodríguez,17:48,96,0,19,18.0,94.7,0.0,0.0,1.0,5.3,Marcus Morris,17,1,2016-2017,1.0,2,8.0,DET,113,Kentavious Caldwell-Pope,,,,,,,,,,,,,28:44,Reggie Jackson,27:53,Tobias Harris,27:14,Andre Drummond,25:45,Stanley Johnson,23:49,Jon Leuer,22:37,Aron Baynes,22:15,Ish Smith,20:07,Michael Gbinije,2:47
1,.333,3,21.429,3,,102,0,4,66.7,6,.429,5.0,45.5,11.0,14,1,.500,2,14.286,Logos via Sports Logos.net / About logos,W,https://www.basketball-reference.com/boxscores/201702080DET.html,Home,121,28:25,2,33.3,LAL,Julius Randle,Larry Nance Jr.,18:56,Marcelo Huertas,12:00,José Calderón,5:28,,,,,,,29:36,Brandon Ingram,26:58,D'Angelo Russell,22:45,Jordan Clarkson,22:03,Ivica Zubac,21:33,Luol Deng,21:02,Lou Williams,20:39,Nick Young,19:37,Tarik Black,19:23,102,0,14,10.0,71.4,3.0,21.4,1.0,7.1,Marcus Morris,19,1,2016-2017,1.0,0,6.0,DET,121,Jon Leuer,Boban Marjanović,3:59,Beno Udrih,3:59,Darrun Hilliard,1:50,,,,,,,34:22,Kentavious Caldwell-Pope,28:27,Andre Drummond,28:25,Tobias Harris,23:58,Reggie Jackson,23:27,Ish Smith,20:34,Stanley Johnson,17:43,Aron Baynes,15:36,Reggie Bullock,9:15
1,.333,3,30.000,3,,103,0,4,80.0,4,.400,3.0,42.9,7.0,10,1,.500,2,20.000,Logos via Sports Logos.net / About logos,L,https://www.basketball-reference.com/boxscores/201702100DET.html,Home,92,28:50,1,20.0,SAS,Kawhi Leonard,Dāvis Bertāns,11:15,Joel Anthony,0:56,Kyle Anderson,0:42,Bryn Forbes,0:42,,,,,32:52,LaMarcus Aldridge,32:00,Dewayne Dedmon,31:43,Tony Parker,31:26,Danny Green,29:49,David Lee,20:06,Manu Ginóbili,17:29,Patty Mills,15:52,Jonathon Simmons,15:08,103,2,10,6.0,60.0,3.0,30.0,1.0,10.0,Marcus Morris,11,1,2016-2017,1.0,0,5.0,DET,92,Andre Drummond,,,,,,,,,,,,,36:37,Kentavious Caldwell-Pope,35:17,Jon Leuer,34:50,Tobias Harris,33:13,Reggie Jackson,29:29,Ish Smith,18:31,Stanley Johnson,14:15,Aron Baynes,8:58,,
0,.000,4,44.444,1,1.00,102,1,3,100.0,3,.333,3.0,60.0,5.0,9,5,.833,6,66.667,Logos via Sports Logos.net / About logos,W,https://www.basketball-reference.com/boxscores/201702120TOR.html,Away,101,31:32,0,0.0,TOR,DeMar DeRozan,,,,,,,,,,,,,37:39,DeMarre Carroll,36:07,Kyle Lowry,36:06,Jonas Valančiūnas,33:59,Lucas Nogueira,31:32,Jakob Poeltl,19:31,Cory Joseph,18:53,Terrence Ross,18:23,Norman Powell,7:50,101,4,11,6.0,54.5,0.0,0.0,5.0,45.5,Marcus Morris,1,2,2016-2017,3.0,1,3.0,DET,102,Kentavious Caldwell-Pope,,,,,,,,,,,,,40:51,Tobias Harris,31:02,Ish Smith,31:02,Andre Drummond,27:27,Stanley Johnson,23:37,Aron Baynes,20:33,Reggie Jackson,16:58,Jon Leuer,16:58,,
4,.500,8,47.059,3,3.00,89,0,5,100.0,10,.588,6.0,66.7,9.0,17,2,1.000,2,11.765,Logos via Sports Logos.net / About logos,L,https://www.basketball-reference.com/boxscores/201702130MIL.html,Away,102,39:57,0,0.0,MIL,Giannis Antetokounmpo,Mirza Teletović,9:32,Rashad Vaughn,1:28,,,,,,,,,36:44,Michael Beasley,31:47,Greg Monroe,31:15,Tony Snell,29:38,Matthew Dellavedova,27:17,Malcolm Brogdon,20:43,Khris Middleton,17:57,Jason Terry,16:54,Thon Maker,16:45,102,2,26,12.0,46.2,12.0,46.2,2.0,7.7,Marcus Morris,13,0,2016-2017,0.0,1,5.0,DET,89,Jon Leuer,,,,,,,,,,,,,36:17,Andre Drummond,34:16,Kentavious Caldwell-Pope,32:56,Reggie Jackson,31:26,Tobias Harris,19:46,Ish Smith,16:34,Stanley Johnson,15:04,Boban Marjanović,8:48,Aron Baynes,4:56
0,.000,3,27.273,1,0.50,91,1,13,100.0,3,.273,3.0,37.5,8.0,11,0,,0,0.000,Logos via Sports Logos.net / About logos,W,https://www.basketball-reference.com/boxscores/201702150DET.html,Home,98,35:37,0,0.0,DAL,Harrison Barnes,Justin Anderson,5:44,Salah Mejri,4:42,Dwight Powell,0:16,,,,,,,37:18,Wesley Matthews,37:18,Seth Curry,30:30,Dirk Nowitzki,30:24,Deron Williams,29:52,Yogi Ferrell,20:21,Andrew Bogut,17:37,Devin Harris,17:31,Dorian Finney-Smith,8:30,91,1,6,6.0,100.0,0.0,0.0,0.0,0.0,Marcus Morris,7,0,2016-2017,1.0,2,13.0,DET,98,Kentavious Caldwell-Pope,,,,,,,,,,,,,36:43,Jon Leuer,34:06,Reggie Jackson,27:38,Aron Baynes,26:05,Tobias Harris,24:01,Ish Smith,20:22,Andre Drummond,18:53,Stanley Johnson,16:35,,
3,.750,4,23.529,0,0.00,108,0,7,87.5,6,.353,3.0,23.1,13.0,17,1,1.000,1,5.882,Logos via Sports Logos.net / About logos,W,https://www.basketball-reference.com/boxscores/201702230DET.html,Home,114,37:34,1,12.5,CHO,Kemba Walker,,,,,,,,,,,,,41:52,Nicolas Batum,40:16,Marvin Williams,39:56,Frank Kaminsky,39:16,Michael Kidd-Gilchrist,38:41,Marco Belinelli,22:51,Jeremy Lamb,17:16,Mike Tobey,13:44,Brian Roberts,11:08,108,3,16,6.0,37.5,9.0,56.2,1.0,6.2,Marcus Morris,6,1,2016-2017,1.0,1,8.0,DET,114,Kentavious Caldwell-Pope,,,,,,,,,,,,,42:44,Jon Leuer,41:24,Tobias Harris,37:10,Ish Smith,33:02,Andre Drummond,25:33,Reggie Jackson,19:58,Stanley Johnson,15:48,Reggie Bullock,7:06,Aron Baynes,4:41
2,.286,7,46.667,4,0.80,104,0,5,50.0,5,.333,3.0,37.5,8.0,15,4,.800,5,33.333,Logos via Sports Logos.net / About logos,L,https://www.basketball-reference.com/boxscores/201702260DET.html,Home,98,37:52,5,50.0,BOS,Al Horford,James Young,5:37,Tyler Zeller,3:51,,,,,,,,,36:28,Isaiah Thomas,34:50,Jae Crowder,33:25,Marcus Smart,31:00,Jaylen Brown,25:39,Amir Johnson,19:27,Kelly Olynyk,19:16,Terry Rozier,17:44,Jonas Jerebko,12:43,104,3,16,6.0,37.5,6.0,37.5,4.0,25.0,Marcus Morris,6,1,2016-2017,1.0,5,10.0,DET,98,Kentavious Caldwell-Pope,,,,,,,,,,,,,36:12,Andre Drummond,35:57,Reggie Jackson,33:38,Tobias Harris,32:49,Jon Leuer,25:19,Ish Smith,14:22,Aron Baynes,12:03,Stanley Johnson,11:48,,
3,.429,7,30.435,6,,113,0,5,62.5,13,.565,10.0,62.5,16.0,23,8,.889,9,39.130,Logos via Sports Logos.net / About logos,W,https://www.basketball-reference.com/boxscores/201702280DET.html,Home,120,41:43,3,37.5,POR,CJ McCollum,,,,,,,,,,,,,43:31,Damian Lillard,40:39,Maurice Harkless,37:02,Jusuf Nurkić,35:21,Allen Crabbe,35:05,Al-Farouq Aminu,23:58,Noah Vonleh,19:05,Meyers Leonard,17:39,Shabazz Napier,12:40,113,2,37,20.0,54.1,9.0,24.3,8.0,21.6,Marcus Morris,7,0,2016-2017,0.0,0,8.0,DET,120,Kentavious Caldwell-Pope,,,,,,,,,,,,,46:36,Andre Drummond,30:21,Ish Smith,29:15,Stanley Johnson,27:59,Reggie Jackson,23:45,Tobias Harris,23:12,Aron Baynes,22:39,Jon Leuer,19:30,,
1,.333,3,25.000,1,1.00,86,0,1,20.0,5,.417,4.0,44.4,9.0,12,0,.000,2,16.667,Logos via Sports Logos.net / About logos,L,https://www.basketball-reference.com/boxscores/201703010NOP.html,Away,109,25:25,4,80.0,NOP,Hollis Thompson,Donatas Motiejūnas,5:35,Cheick Diallo,1:48,,,,,,,,,39:30,Anthony Davis,36:28,Dante Cunningham,32:40,Jrue Holiday,30:03,Solomon Hill,27:21,E'Twaun Moore,25:57,Alexis Ajinça,19:29,Tim Frazier,13:21,Jarrett Jack,7:48,109,3,11,8.0,72.7,3.0,27.3,0.0,0.0,Marcus Morris,23,1,2016-2017,1.0,1,5.0,DET,86,Jon Leuer,,,,,,,,,,,,,38:37,Kentavious Caldwell-Pope,33:26,Reggie Jackson,29:03,Andre Drummond,28:52,Tobias Harris,27:18,Stanley Johnson,22:25,Ish Smith,18:57,Aron Baynes,13:19,Reggie Bullock,2:39
2,.333,6,40.000,2,,136,3,2,66.7,8,.533,6.0,66.7,9.0,15,4,1.000,4,26.667,Logos via Sports Logos.net / About logos,W,https://www.basketball-reference.com/boxscores/201703040PHI.html,Away,106,33:54,1,33.3,PHI,Nik Stauskas,,,,,,,,,,,,,36:36,Sergio Rodríguez,29:55,Justin Anderson,29:53,Dario Šarić,28:59,Robert Covington,24:58,Richaun Holmes,23:34,T.J. McConnell,22:36,Justin Harper,22:36,Timothé Luwawu-Cabarrot,20:53,106,1,22,12.0,54.5,6.0,27.3,4.0,18.2,Marcus Morris,30,2,2016-2017,5.0,0,3.0,DET,136,Tobias Harris,Darrun Hilliard,3:09,Boban Marjanović,2:53,,,,,,,,,32:03,Andre Drummond,31:47,Kentavious Caldwell-Pope,31:15,Reggie Jackson,25:24,Ish Smith,22:36,Jon Leuer,19:14,Stanley Johnson,17:58,Reggie Bullock,10:40,Aron Baynes,9:07
1,.200,5,38.462,3,1.50,95,1,5,83.3,5,.385,4.0,50.0,8.0,13,2,.500,4,30.769,Logos via Sports Logos.net / About logos,W,https://www.basketball-reference.com/boxscores/201703060DET.html,Home,109,31:13,1,16.7,CHI,Jimmy Butler,Michael Carter-Williams,10:08,Anthony Morrow,5:04,Isaiah Canaan,2:06,,,,,,,39:01,Robin Lopez,33:37,Paul Zipser,31:22,Bobby Portis,25:40,Jerian Grant,23:11,Cameron Payne,22:43,Nikola Mirotić,17:38,Denzel Valentine,15:29,Cristiano Felício,14:01,95,3,13,8.0,61.5,3.0,23.1,2.0,15.4,Marcus Morris,14,0,2016-2017,1.0,2,6.0,DET,109,Kentavious Caldwell-Pope,,,,,,,,,,,,,36:06,Jon Leuer,32:15,Reggie Jackson,31:09,Andre Drummond,29:30,Tobias Harris,28:01,Aron Baynes,18:08,Ish Smith,17:43,Stanley Johnson,15:56,,
1,.200,5,38.462,2,,98,1,1,100.0,4,.308,3.0,37.5,8.0,13,1,.333,3,23.077,Logos via Sports Logos.net / About logos,L,https://www.basketball-reference.com/boxscores/201703080IND.html,Away,115,28:47,0,0.0,IND,Thaddeus Young,Lavoy Allen,11:40,Rakeem Christmas,5:21,Kevin Séraphin,2:34,Aaron Brooks,2:34,,,,,33:46,Paul George,29:04,Myles Turner,24:51,Jeff Teague,24:13,Rodney Stuckey,23:47,C.J. Miles,23:15,Monta Ellis,22:11,Glenn Robinson III,18:56,Al Jefferson,17:48,115,1,10,6.0,60.0,3.0,30.0,1.0,10.0,Marcus Morris,17,0,2016-2017,1.0,0,1.0,DET,98,Stanley Johnson,Reggie Bullock,6:41,,,,,,,,,,,28:23,Kentavious Caldwell-Pope,26:50,Tobias Harris,26:41,Jon Leuer,26:38,Andre Drummond,26:22,Ish Smith,25:02,Reggie Jackson,22:58,Boban Marjanović,11:21,Aron Baynes,10:17
2,.286,7,63.636,3,3.00,101,0,5,100.0,4,.364,2.0,50.0,4.0,11,2,1.000,2,18.182,Logos via Sports Logos.net / About logos,W,https://www.basketball-reference.com/boxscores/201703090DET.html,Home,106,31:59,0,0.0,CLE,Kyrie Irving,,,,,,,,,,,,,39:52,LeBron James,39:05,Iman Shumpert,35:23,Richard Jefferson,33:39,Tristan Thompson,25:58,Channing Frye,21:57,J.R. Smith,19:09,Deron Williams,16:36,Derrick Williams,8:22,101,2,12,4.0,33.3,6.0,50.0,2.0,16.7,Marcus Morris,5,2,2016-2017,2.0,1,5.0,DET,106,Tobias Harris,,,,,,,,,,,,,41:16,Andre Drummond,35:46,Kentavious Caldwell-Pope,33:33,Reggie Jackson,31:05,Stanley Johnson,17:56,Ish Smith,16:55,Reggie Bullock,14:27,Jon Leuer,12:40,Aron Baynes,4:23
1,.250,4,40.000,2,,92,1,4,80.0,3,.300,2.0,33.3,6.0,10,0,,0,0.000,Logos via Sports Logos.net / About logos,W,https://www.basketball-reference.com/boxscores/201703110DET.html,Home,112,33:37,1,20.0,NYK,Kristaps Porziņģis,Mindaugas Kuzminskas,7:21,Sasha Vujačić,4:10,Ron Baker,1:50,Marshall Plumlee,1:50,,,,,36:25,Carmelo Anthony,35:46,Courtney Lee,34:47,Willy Hernangómez,27:19,Derrick Rose,26:54,Chasson Randle,19:16,Kyle O'Quinn,18:37,Lance Thomas,13:18,Justin Holiday,12:27,92,1,7,4.0,57.1,3.0,42.9,0.0,0.0,Marcus Morris,20,0,2016-2017,1.0,0,5.0,DET,112,Tobias Harris,Darrun Hilliard,1:50,,,,,,,,,,,32:35,Reggie Jackson,30:15,Andre Drummond,30:02,Kentavious Caldwell-Pope,29:29,Jon Leuer,20:56,Stanley Johnson,18:31,Aron Baynes,17:58,Ish Smith,17:45,Reggie Bullock,7:02
1,.500,2,22.222,0,,96,0,5,71.4,5,.556,4.0,57.1,7.0,9,2,1.000,2,22.222,Logos via Sports Logos.net / About logos,L,https://www.basketball-reference.com/boxscores/201703140CLE.html,Away,128,24:20,2,28.6,CLE,Iman Shumpert,DeAndre Liggins,6:58,James Jones,6:16,Larry Sanders,1:58,,,,,,,35:55,Kyrie Irving,30:14,LeBron James,28:24,Tristan Thompson,26:23,Richard Jefferson,25:35,J.R. Smith,22:47,Derrick Williams,21:22,Channing Frye,20:29,Deron Williams,13:39,128,2,13,8.0,61.5,3.0,23.1,2.0,15.4,Marcus Morris,32,0,2016-2017,0.0,0,7.0,DET,96,Kentavious Caldwell-Pope,Darrun Hilliard,6:58,Boban Marjanović,1:58,,,,,,,,,26:37,Andre Drummond,26:37,Tobias Harris,25:56,Stanley Johnson,23:40,Jon Leuer,22:04,Reggie Bullock,21:23,Ish Smith,20:39,Reggie Jackson,20:23,Aron Baynes,19:25
0,.000,5,33.333,2,2.00,97,0,1,100.0,3,.200,3.0,30.0,10.0,15,2,1.000,2,13.333,Logos via Sports Logos.net / About logos,L,https://www.basketball-reference.com/boxscores/201703150DET.html,Home,83,33:23,0,0.0,UTA,Rudy Gobert,Rodney Hood,9:21,Raul Neto,7:03,,,,,,,,,35:53,Gordon Hayward,33:51,George Hill,30:45,Joe Johnson,28:57,Joe Ingles,27:10,Dante Exum,22:46,Boris Diaw,19:03,Alec Burks,13:04,Jeff Withey,12:07,97,2,8,6.0,75.0,0.0,0.0,2.0,25.0,Marcus Morris,14,1,2016-2017,1.0,1,1.0,DET,83,Tobias Harris,Boban Marjanović,4:46,,,,,,,,,,,30:12,Jon Leuer,29:37,Kentavious Caldwell-Pope,29:10,Ish Smith,27:38,Aron Baynes,23:11,Reggie Jackson,20:22,Andre Drummond,20:03,Stanley Johnson,12:14,Reggie Bullock,9:24
1,.250,4,30.769,0,,87,0,5,100.0,1,.077,0.0,0.0,9.0,13,0,,0,0.000,Logos via Sports Logos.net / About logos,L,https://www.basketball-reference.com/boxscores/201703170DET.html,Home,75,34:59,0,0.0,TOR,DeMar DeRozan,Fred VanVleet,6:13,Delon Wright,6:07,,,,,,,,,36:04,Cory Joseph,35:40,Serge Ibaka,34:18,P.J. Tucker,27:15,Jonas Valančiūnas,24:19,DeMarre Carroll,23:45,Norman Powell,19:05,Patrick Patterson,14:09,Jakob Poeltl,13:05,87,2,3,0.0,0.0,3.0,100.0,0.0,0.0,Marcus Morris,12,0,2016-2017,0.0,0,5.0,DET,75,Kentavious Caldwell-Pope,,,,,,,,,,,,,35:50,Andre Drummond,35:50,Tobias Harris,33:04,Jon Leuer,28:55,Reggie Jackson,27:50,Ish Smith,20:10,Stanley Johnson,12:10,Aron Baynes,11:13,,
2,.667,3,33.333,3,1.50,95,0,4,80.0,6,.667,4.0,66.7,6.0,9,2,.667,3,33.333,Logos via Sports Logos.net / About logos,W,https://www.basketball-reference.com/boxscores/201703190DET.html,Home,112,36:10,1,20.0,PHO,T.J. Warren,,,,,,,,,,,,,44:57,Tyler Ulis,43:26,Jarell Eddie,29:16,Derrick Jones Jr.,26:22,Marquese Chriss,26:14,Alan Williams,26:08,Jared Dudley,22:16,Alex Len,21:22,,,95,2,16,8.0,50.0,6.0,37.5,2.0,12.5,Marcus Morris,17,0,2016-2017,0.0,2,5.0,DET,112,Tobias Harris,Boban Marjanović,1:46,Darrun Hilliard,1:46,,,,,,,,,33:52,Kentavious Caldwell-Pope,33:17,Andre Drummond,28:21,Reggie Jackson,24:47,Jon Leuer,24:12,Ish Smith,23:13,Aron Baynes,17:53,Reggie Bullock,7:49,Stanley Johnson,6:54
1,.200,5,35.714,2,2.00,96,1,4,100.0,5,.357,4.0,44.4,9.0,14,2,.500,4,28.571,Logos via Sports Logos.net / About logos,L,https://www.basketball-reference.com/boxscores/201703210BRK.html,Away,98,37:47,0,0.0,BRK,Brook Lopez,Trevor Booker,13:30,,,,,,,,,,,32:53,Spencer Dinwiddie,30:06,Isaiah Whitehead,28:08,Rondae Hollis-Jefferson,26:59,Caris LeVert,25:19,Quincy Acy,23:03,Randy Foye,21:25,K.J. McDaniels,20:45,Archie Goodwin,17:52,98,3,13,8.0,61.5,3.0,23.1,2.0,15.4,Marcus Morris,2,0,2016-2017,1.0,1,4.0,DET,96,Tobias Harris,,,,,,,,,,,,,36:23,Kentavious Caldwell-Pope,35:29,Andre Drummond,30:33,Ish Smith,27:50,Jon Leuer,21:50,Reggie Jackson,20:10,Aron Baynes,17:27,Reggie Bullock,12:31,,
0,.000,4,33.333,1,1.00,95,0,1,33.3,5,.417,5.0,62.5,8.0,12,4,.800,5,41.667,Logos via Sports Logos.net / About logos,L,https://www.basketball-reference.com/boxscores/201703220CHI.html,Away,117,31:31,2,66.7,CHI,Nikola Mirotić,Anthony Morrow,3:01,Isaiah Canaan,3:01,,,,,,,,,38:50,Jimmy Butler,33:46,Paul Zipser,28:49,Joffrey Lauvergne,28:28,Rajon Rondo,27:59,Bobby Portis,22:33,Denzel Valentine,21:32,Michael Carter-Williams,17:00,Jerian Grant,15:01,117,0,14,10.0,71.4,0.0,0.0,4.0,28.6,Marcus Morris,22,0,2016-2017,0.0,1,3.0,DET,95,Tobias Harris,Boban Marjanović,7:42,Darrun Hilliard,3:01,Beno Udrih,3:01,,,,,,,31:21,Kentavious Caldwell-Pope,30:23,Andre Drummond,26:15,Ish Smith,25:10,Reggie Jackson,19:49,Jon Leuer,16:39,Stanley Johnson,16:29,Reggie Bullock,14:36,Aron Baynes,14:03
0,.000,2,25.000,2,,87,0,1,50.0,1,.125,1.0,16.7,6.0,8,2,1.000,2,25.000,Logos via Sports Logos.net / About logos,L,https://www.basketball-reference.com/boxscores/201703240ORL.html,Away,115,21:34,1,50.0,ORL,Aaron Gordon,D.J. Augustin,13:22,Damjan Rudež,5:54,Stephen Zimmerman,5:54,C.J. Wilcox,5:54,,,,,29:40,Elfrid Payton,28:44,Mario Hezonja,27:38,Nikola Vučević,26:29,Evan Fournier,23:03,Jodie Meeks,20:43,Terrence Ross,20:34,C.J. Watson,16:28,Bismack Biyombo,15:37,115,3,4,2.0,50.0,0.0,0.0,2.0,50.0,Marcus Morris,28,1,2016-2017,1.0,0,2.0,DET,87,Jon Leuer,Boban Marjanović,12:00,Beno Udrih,12:00,Darrun Hilliard,8:30,,,,,,,27:36,Tobias Harris,25:35,Stanley Johnson,22:16,Kentavious Caldwell-Pope,21:17,Reggie Jackson,20:26,Andre Drummond,19:52,Reggie Bullock,17:12,Aron Baynes,16:08,Ish Smith,15:34
4,.800,5,38.462,2,0.67,95,0,1,100.0,6,.462,2.0,25.0,8.0,13,4,.800,5,38.462,Logos via Sports Logos.net / About logos,L,https://www.basketball-reference.com/boxscores/201703270NYK.html,Away,109,33:06,0,0.0,NYK,Kristaps Porziņģis,Maurice Ndour,1:01,Marshall Plumlee,1:01,Chasson Randle,1:01,Sasha Vujačić,1:01,,,,,37:10,Carmelo Anthony,35:16,Courtney Lee,32:57,Derrick Rose,32:38,Willy Hernangómez,26:32,Mindaugas Kuzminskas,21:32,Kyle O'Quinn,20:27,Ron Baker,15:22,Justin Holiday,14:02,109,6,20,4.0,20.0,12.0,60.0,4.0,20.0,Marcus Morris,14,0,2016-2017,0.0,3,1.0,DET,95,Ish Smith,Darrun Hilliard,1:01,Boban Marjanović,1:01,,,,,,,,,35:02,Tobias Harris,34:15,Kentavious Caldwell-Pope,32:07,Andre Drummond,24:52,Jon Leuer,24:41,Aron Baynes,22:07,Stanley Johnson,17:49,Beno Udrih,12:58,Henry Ellenson,1:01
1,.333,3,30.000,2,2.00,97,0,3,75.0,3,.300,2.0,28.6,7.0,10,0,,0,0.000,Logos via Sports Logos.net / About logos,L,https://www.basketball-reference.com/boxscores/201703280DET.html,Home,96,27:54,1,25.0,MIA,Goran Dragić,Okaro White,4:17,,,,,,,,,,,34:27,Rodney McGruder,33:10,Josh Richardson,32:59,James Johnson,32:52,Hassan Whiteside,30:03,Tyler Johnson,24:43,Wayne Ellington,17:21,Willie Reed,16:26,Luke Babbitt,13:42,97,6,7,4.0,57.1,3.0,42.9,0.0,0.0,Marcus Morris,1,0,2016-2017,0.0,1,4.0,DET,96,Kentavious Caldwell-Pope,,,,,,,,,,,,,37:06,Andre Drummond,33:40,Stanley Johnson,32:31,Ish Smith,31:05,Tobias Harris,29:38,Beno Udrih,16:55,Jon Leuer,16:51,Aron Baynes,14:20,,
1,.500,2,11.111,0,0.00,89,2,10,76.9,12,.667,11.0,68.8,16.0,18,3,.750,4,22.222,Logos via Sports Logos.net / About logos,W,https://www.basketball-reference.com/boxscores/201703300DET.html,Home,90,36:47,3,23.1,BRK,Jeremy Lin,K.J. McDaniels,14:48,Randy Foye,14:37,,,,,,,,,31:26,Brook Lopez,31:09,Rondae Hollis-Jefferson,29:39,Caris LeVert,24:34,Sean Kilpatrick,23:13,Spencer Dinwiddie,20:14,Trevor Booker,18:20,Justin Hamilton,16:52,Isaiah Whitehead,15:08,89,0,28,22.0,78.6,3.0,10.7,3.0,10.7,Marcus Morris,1,0,2016-2017,2.0,4,13.0,DET,90,Kentavious Caldwell-Pope,,,,,,,,,,,,,36:47,Ish Smith,31:56,Andre Drummond,29:05,Jon Leuer,25:57,Tobias Harris,24:45,Aron Baynes,18:51,Beno Udrih,16:04,Stanley Johnson,14:09,Darrun Hilliard,5:39
1,.200,5,38.462,3,1.50,105,0,4,100.0,5,.385,4.0,50.0,8.0,13,2,.667,3,23.077,Logos via Sports Logos.net / About logos,L,https://www.basketball-reference.com/boxscores/201703310MIL.html,Away,108,36:03,0,0.0,MIL,Giannis Antetokounmpo,Michael Beasley,7:06,Spencer Hawes,6:19,,,,,,,,,44:44,Khris Middleton,42:39,Tony Snell,35:02,Matthew Dellavedova,34:39,Thon Maker,24:47,Jason Terry,21:59,Greg Monroe,21:54,Rashad Vaughn,16:40,Mirza Teletović,9:11,108,5,13,8.0,61.5,3.0,23.1,2.0,15.4,Marcus Morris,3,0,2016-2017,0.0,2,4.0,DET,105,Kentavious Caldwell-Pope,,,,,,,,,,,,,38:19,Tobias Harris,35:17,Ish Smith,31:45,Andre Drummond,31:28,Jon Leuer,31:12,Aron Baynes,21:32,Beno Udrih,21:03,Stanley Johnson,18:21,,
3,.750,4,36.364,1,,105,0,1,100.0,6,.545,3.0,42.9,7.0,11,0,,0,0.000,Logos via Sports Logos.net / About logos,L,https://www.basketball-reference.com/boxscores/201704050DET.html,Home,102,18:52,0,0.0,TOR,Kyle Lowry,Delon Wright,8:38,,,,,,,,,,,41:49,DeMar DeRozan,34:22,Serge Ibaka,31:47,P.J. Tucker,28:03,Cory Joseph,27:06,Jonas Valančiūnas,26:36,Patrick Patterson,15:52,DeMarre Carroll,12:54,Jakob Poeltl,12:53,105,4,15,6.0,40.0,9.0,60.0,0.0,0.0,Marcus Morris,3,0,2016-2017,0.0,0,1.0,DET,102,Tobias Harris,Darrun Hilliard,8:23,,,,,,,,,,,33:37,Ish Smith,29:37,Andre Drummond,29:26,Stanley Johnson,29:08,Reggie Bullock,22:31,Aron Baynes,18:34,Beno Udrih,18:23,Kentavious Caldwell-Pope,17:06,Jon Leuer,14:23
0,.000,2,33.333,1,,114,0,0,0.0,1,.167,1.0,25.0,4.0,6,0,,0,0.000,Logos via Sports Logos.net / About logos,W,https://www.basketball-reference.com/boxscores/201704070HOU.html,Away,109,16:21,1,100.0,HOU,James Harden,Chinanu Onuaku,8:27,,,,,,,,,,,37:33,Trevor Ariza,35:29,Eric Gordon,31:14,Patrick Beverley,31:10,Montrezl Harrell,26:34,Lou Williams,21:47,Troy Williams,21:42,Ryan Anderson,13:05,Nenê,12:59,109,1,2,2.0,100.0,0.0,0.0,0.0,0.0,Marcus Morris,5,0,2016-2017,0.0,0,1.0,DET,114,Stanley Johnson,,,,,,,,,,,,,31:55,Ish Smith,29:30,Boban Marjanović,27:33,Henry Ellenson,25:35,Reggie Bullock,25:01,Kentavious Caldwell-Pope,22:59,Tobias Harris,22:26,Andre Drummond,20:11,Beno Udrih,18:30
0,.000,2,14.286,0,0.00,105,0,4,100.0,6,.429,6.0,50.0,12.0,14,0,,0,0.000,Logos via Sports Logos.net / About logos,L,https://www.basketball-reference.com/boxscores/201704100DET.html,Home,101,25:33,0,0.0,WAS,Kelly Oubre Jr.,Trey Burke,7:35,,,,,,,,,,,36:46,Bradley Beal,33:12,Brandon Jennings,28:18,Markieff Morris,27:18,Jason Smith,25:29,Ian Mahinmi,21:52,Marcin Gortat,21:21,Tomáš Satoranský,19:42,Bojan Bogdanović,18:27,105,2,12,12.0,100.0,0.0,0.0,0.0,0.0,Marcus Morris,4,1,2016-2017,1.0,1,4.0,DET,101,Ish Smith,Jon Leuer,4:13,,,,,,,,,,,31:52,Tobias Harris,31:09,Kentavious Caldwell-Pope,28:25,Andre Drummond,23:51,Stanley Johnson,22:27,Boban Marjanović,19:56,Reggie Bullock,19:35,Henry Ellenson,16:51,Darrun Hilliard,16:08
0,.000,2,25.000,1,1.00,101,0,4,100.0,3,.375,3.0,50.0,6.0,8,3,1.000,3,37.500,Logos via Sports Logos.net / About logos,W,https://www.basketball-reference.com/boxscores/201711030OKC.html,Away,94,17:53,0,0.0,OKC,Paul George,Terrance Ferguson,1:47,,,,,,,,,,,38:47,Russell Westbrook,37:46,Carmelo Anthony,33:23,Steven Adams,32:44,Andre Roberson,27:30,Jerami Grant,23:23,Raymond Felton,16:44,Patrick Patterson,15:15,Álex Abrines,12:41,94,2,9,6.0,66.7,0.0,0.0,3.0,33.3,Marcus Morris,7,1,2017-2018,1.0,1,4.0,BOS,101,Kyrie Irving,,,,,,,,,,,,,34:29,Al Horford,34:24,Jaylen Brown,30:38,Jayson Tatum,29:48,Marcus Smart,27:24,Terry Rozier,23:05,Aron Baynes,20:30,Semi Ojeleye,14:21,Daniel Theis,7:28
0,.000,3,30.000,1,,104,0,6,85.7,4,.400,4.0,57.1,7.0,10,4,1.000,4,40.000,Logos via Sports Logos.net / About logos,W,https://www.basketball-reference.com/boxscores/201711050ORL.html,Away,88,23:00,1,14.3,ORL,Evan Fournier,Marreese Speights,3:01,Wes Iwundu,3:01,Arron Afflalo,3:01,,,,,,,35:43,Aaron Gordon,34:16,Nikola Vučević,32:26,Terrence Ross,29:14,Jonathan Isaac,28:43,Shelvin Mack,23:47,Jonathon Simmons,21:12,Mario Hezonja,13:03,Bismack Biyombo,12:33,88,3,12,8.0,66.7,0.0,0.0,4.0,33.3,Marcus Morris,16,2,2017-2018,2.0,0,7.0,BOS,104,Al Horford,Daniel Theis,3:01,Abdel Nader,2:05,Guerschon Yabusele,2:05,,,,,,,28:52,Marcus Smart,28:43,Jaylen Brown,27:58,Kyrie Irving,27:40,Jayson Tatum,27:19,Terry Rozier,26:50,Semi Ojeleye,16:46,Aron Baynes,15:41,Shane Larkin,9:59
3,.500,6,40.000,2,,96,0,1,100.0,7,.467,4.0,44.4,9.0,15,1,.500,2,13.333,Logos via Sports Logos.net / About logos,W,https://www.basketball-reference.com/boxscores/201711080BOS.html,Home,107,24:38,0,0.0,LAL,Lonzo Ball,Andrew Bogut,5:34,,,,,,,,,,,38:34,Brandon Ingram,36:33,Kentavious Caldwell-Pope,35:39,Kyle Kuzma,34:08,Jordan Clarkson,27:22,Julius Randle,21:27,Brook Lopez,17:51,Josh Hart,11:53,Corey Brewer,10:59,96,2,18,8.0,44.4,9.0,50.0,1.0,5.6,Marcus Morris,11,1,2017-2018,1.0,0,1.0,BOS,107,Marcus Smart,,,,,,,,,,,,,35:07,Kyrie Irving,33:02,Jaylen Brown,32:51,Terry Rozier,27:43,Semi Ojeleye,26:19,Aron Baynes,22:53,Daniel Theis,22:22,Jayson Tatum,9:21,Shane Larkin,5:44
2,.667,3,30.000,0,,87,0,6,85.7,5,.500,3.0,42.9,7.0,10,2,1.000,2,20.000,Logos via Sports Logos.net / About logos,W,https://www.basketball-reference.com/boxscores/201711100BOS.html,Home,90,23:24,1,14.3,CHO,Kemba Walker,Michael Carter-Williams,11:05,,,,,,,,,,,37:22,Jeremy Lamb,30:06,Dwight Howard,27:29,Michael Kidd-Gilchrist,27:24,Marvin Williams,24:15,Frank Kaminsky,24:14,Cody Zeller,20:02,Dwayne Bacon,19:58,Malik Monk,18:05,87,1,14,6.0,42.9,6.0,42.9,2.0,14.3,Marcus Morris,3,0,2017-2018,0.0,0,7.0,BOS,90,Jaylen Brown,Guerschon Yabusele,7:30,Kyrie Irving,1:50,,,,,,,,,35:34,Marcus Smart,34:14,Jayson Tatum,30:44,Terry Rozier,28:36,Aron Baynes,25:58,Shane Larkin,17:20,Daniel Theis,17:19,Semi Ojeleye,9:04,Abdel Nader,8:27
1,.333,3,42.857,1,0.33,94,0,4,80.0,2,.286,1.0,25.0,4.0,7,3,.600,5,71.429,Logos via Sports Logos.net / About logos,W,https://www.basketball-reference.com/boxscores/201711120BOS.html,Home,95,21:58,1,20.0,TOR,DeMar DeRozan,Fred VanVleet,16:00,Norman Powell,7:06,Jakob Poeltl,3:42,,,,,,,35:01,Kyle Lowry,30:34,Serge Ibaka,30:10,OG Anunoby,21:39,C.J. Miles,21:14,Pascal Siakam,19:28,Lucas Nogueira,18:51,Jonas Valančiūnas,18:29,Delon Wright,17:46,94,1,8,2.0,25.0,3.0,37.5,3.0,37.5,Marcus Morris,1,0,2017-2018,0.0,3,5.0,BOS,95,Al Horford,,,,,,,,,,,,,33:22,Jayson Tatum,32:59,Jaylen Brown,32:35,Marcus Smart,32:20,Terry Rozier,28:24,Aron Baynes,20:29,Daniel Theis,17:17,Shane Larkin,13:39,Semi Ojeleye,6:58
2,.667,3,25.000,1,0.33,109,0,10,100.0,8,.667,6.0,66.7,9.0,12,3,1.000,3,25.000,Logos via Sports Logos.net / About logos,W,https://www.basketball-reference.com/boxscores/201711140BRK.html,Away,102,25:19,0,0.0,BRK,Spencer Dinwiddie,Isaiah Whitehead,6:22,Timofey Mozgov,5:37,,,,,,,,,34:18,Rondae Hollis-Jefferson,32:49,Allen Crabbe,32:45,DeMarre Carroll,30:23,Trevor Booker,27:33,Caris LeVert,22:13,Joe Harris,19:47,Quincy Acy,19:21,Jarrett Allen,8:52,102,1,21,12.0,57.1,6.0,28.6,3.0,14.3,Marcus Morris,7,0,2017-2018,0.0,3,10.0,BOS,109,Marcus Smart,Shane Larkin,6:33,,,,,,,,,,,34:36,Jaylen Brown,31:27,Al Horford,30:27,Jayson Tatum,30:17,Kyrie Irving,29:01,Terry Rozier,20:51,Aron Baynes,12:28,Daniel Theis,11:16,Semi Ojeleye,7:46
2,.400,5,50.000,1,0.50,88,1,4,100.0,4,.400,2.0,40.0,5.0,10,2,1.000,2,20.000,Logos via Sports Logos.net / About logos,W,https://www.basketball-reference.com/boxscores/201711160BOS.html,Home,92,26:20,0,0.0,GSW,Draymond Green,Omri Casspi,8:29,Kevon Looney,4:42,JaVale McGee,3:47,,,,,,,38:17,Kevin Durant,34:58,Klay Thompson,34:03,Stephen Curry,31:04,Andre Iguodala,29:39,Zaza Pachulia,17:51,Shaun Livingston,16:50,David West,10:48,Nick Young,9:32,88,1,12,4.0,33.3,6.0,50.0,2.0,16.7,Marcus Morris,4,1,2017-2018,2.0,2,4.0,BOS,92,Al Horford,,,,,,,,,,,,,35:08,Jaylen Brown,34:06,Kyrie Irving,33:47,Marcus Smart,30:35,Jayson Tatum,27:04,Terry Rozier,21:18,Semi Ojeleye,16:33,Aron Baynes,12:12,Daniel Theis,2:58
1,.500,2,22.222,2,,110,1,3,75.0,5,.556,4.0,57.1,7.0,9,3,1.000,3,33.333,Logos via Sports Logos.net / About logos,W,https://www.basketball-reference.com/boxscores/201711180ATL.html,Away,99,24:27,1,25.0,ATL,Dennis Schröder,DeAndre' Bembry,1:28,,,,,,,,,,,36:59,Taurean Prince,33:01,Kent Bazemore,30:51,Marco Belinelli,25:44,Luke Babbitt,24:59,John Collins,24:56,Malcolm Delaney,24:51,Dewayne Dedmon,22:11,Tyler Cavanaugh,15:00,99,0,14,8.0,57.1,3.0,21.4,3.0,21.4,Marcus Morris,11,1,2017-2018,2.0,0,4.0,BOS,110,Jaylen Brown,Semi Ojeleye,2:40,,,,,,,,,,,35:29,Al Horford,32:37,Kyrie Irving,31:26,Jayson Tatum,28:47,Marcus Smart,26:50,Terry Rozier,25:05,Shane Larkin,16:38,Aron Baynes,12:55,Daniel Theis,3:06
1,.250,4,36.364,2,2.00,110,1,8,88.9,3,.273,2.0,28.6,7.0,11,1,1.000,1,9.091,Logos via Sports Logos.net / About logos,W,https://www.basketball-reference.com/boxscores/201711200DAL.html,Away,102,26:11,1,11.1,DAL,Wesley Matthews,Salah Mejri,6:31,Nerlens Noel,0:00,,,,,,,,,43:14,Harrison Barnes,40:42,Yogi Ferrell,37:21,Dirk Nowitzki,32:25,J.J. Barea,26:52,Dennis Smith Jr.,26:32,Dwight Powell,23:23,Maxi Kleber,15:08,Devin Harris,12:53,102,3,8,4.0,50.0,3.0,37.5,1.0,12.5,Marcus Morris,8,1,2017-2018,2.0,1,9.0,BOS,110,Kyrie Irving,Abdel Nader,3:46,Shane Larkin,2:41,,,,,,,,,38:46,Al Horford,38:42,Jayson Tatum,37:49,Jaylen Brown,37:06,Marcus Smart,34:53,Terry Rozier,13:41,Aron Baynes,13:24,Semi Ojeleye,11:42,Daniel Theis,6:19
1,.333,3,33.333,1,,98,0,3,75.0,3,.333,2.0,33.3,6.0,9,7,.875,8,88.889,Logos via Sports Logos.net / About logos,L,https://www.basketball-reference.com/boxscores/201711220MIA.html,Away,104,21:07,1,25.0,MIA,Dion Waiters,,,,,,,,,,,,,35:55,Goran Dragić,30:38,Josh Richardson,29:58,Hassan Whiteside,28:08,Tyler Johnson,27:20,Justise Winslow,25:05,Wayne Ellington,22:27,James Johnson,20:37,Kelly Olynyk,19:52,104,0,14,4.0,28.6,3.0,21.4,7.0,50.0,Marcus Morris,6,1,2017-2018,1.0,0,4.0,BOS,98,Al Horford,Semi Ojeleye,4:56,,,,,,,,,,,34:57,Marcus Smart,34:22,Jayson Tatum,34:05,Kyrie Irving,33:24,Jaylen Brown,30:58,Terry Rozier,18:15,Aron Baynes,12:11,Daniel Theis,9:45,Shane Larkin,6:01
1,.250,4,30.769,3,3.00,103,0,6,100.0,4,.308,3.0,33.3,9.0,13,0,,0,0.000,Logos via Sports Logos.net / About logos,W,https://www.basketball-reference.com/boxscores/201711240BOS.html,Home,118,25:58,0,0.0,ORL,Bismack Biyombo,Shelvin Mack,15:18,D.J. Augustin,12:51,Mario Hezonja,12:00,,,,,,,27:26,Aaron Gordon,25:42,Jonathon Simmons,23:41,Elfrid Payton,23:09,Marreese Speights,21:35,Nikola Vučević,20:34,Arron Afflalo,19:36,Terrence Ross,19:20,Evan Fournier,18:48,103,2,9,6.0,66.7,3.0,33.3,0.0,0.0,Marcus Morris,15,0,2017-2018,0.0,1,6.0,BOS,118,Terry Rozier,Abdel Nader,3:09,,,,,,,,,,,30:03,Jaylen Brown,27:34,Semi Ojeleye,26:53,Al Horford,26:02,Kyrie Irving,24:52,Marcus Smart,24:28,Aron Baynes,21:58,Jayson Tatum,21:54,Guerschon Yabusele,7:09
3,.600,5,45.455,2,1.00,118,1,4,100.0,5,.455,2.0,33.3,6.0,11,0,.000,1,9.091,Logos via Sports Logos.net / About logos,L,https://www.basketball-reference.com/boxscores/201711270BOS.html,Home,108,22:32,0,0.0,DET,Andre Drummond,Langston Galloway,4:54,,,,,,,,,,,39:50,Avery Bradley,37:34,Tobias Harris,34:53,Stanley Johnson,34:39,Reggie Jackson,28:21,Ish Smith,19:39,Luke Kennard,16:33,Anthony Tolliver,15:27,Eric Moreland,8:10,118,4,13,4.0,30.8,9.0,69.2,0.0,0.0,Marcus Morris,10,0,2017-2018,1.0,2,4.0,BOS,108,Kyrie Irving,,,,,,,,,,,,,35:56,Jayson Tatum,34:44,Al Horford,33:42,Jaylen Brown,32:34,Marcus Smart,31:32,Terry Rozier,19:20,Aron Baynes,12:41,Daniel Theis,10:25,Semi Ojeleye,6:34
0,.000,3,27.273,3,3.00,97,0,5,100.0,6,.545,6.0,75.0,8.0,11,5,1.000,5,45.455,Logos via Sports Logos.net / About logos,W,https://www.basketball-reference.com/boxscores/201711300BOS.html,Home,108,27:49,0,0.0,PHI,Ben Simmons,,,,,,,,,,,,,39:56,Dario Šarić,34:46,JJ Redick,33:14,Jerryd Bayless,31:54,Robert Covington,31:39,Amir Johnson,21:44,Richaun Holmes,19:57,Timothé Luwawu-Cabarrot,17:05,Nik Stauskas,9:45,97,3,17,12.0,70.6,0.0,0.0,5.0,29.4,Marcus Morris,11,1,2017-2018,1.0,1,5.0,BOS,108,Al Horford,,,,,,,,,,,,,34:00,Marcus Smart,32:47,Kyrie Irving,32:31,Jayson Tatum,27:52,Jaylen Brown,21:37,Terry Rozier,19:33,Semi Ojeleye,16:04,Daniel Theis,14:00,Aron Baynes,13:47
1,.167,6,42.857,0,0.00,111,0,8,100.0,6,.429,5.0,62.5,8.0,14,4,.667,6,42.857,Logos via Sports Logos.net / About logos,W,https://www.basketball-reference.com/boxscores/201712020BOS.html,Home,116,27:13,0,0.0,PHO,Devin Booker,Troy Daniels,8:29,Jared Dudley,7:26,,,,,,,,,39:13,T.J. Warren,35:54,Tyson Chandler,28:16,Tyler Ulis,24:39,Mike James,23:21,Marquese Chriss,21:31,Greg Monroe,19:44,Dragan Bender,16:29,Josh Jackson,14:57,111,1,17,10.0,58.8,3.0,17.6,4.0,23.5,Marcus Morris,5,0,2017-2018,0.0,1,8.0,BOS,116,Jaylen Brown,,,,,,,,,,,,,32:18,Al Horford,32:12,Kyrie Irving,31:02,Marcus Smart,28:29,Jayson Tatum,26:30,Terry Rozier,19:23,Aron Baynes,17:42,Semi Ojeleye,15:21,Daniel Theis,9:50
1,.333,3,50.000,2,2.00,100,0,6,100.0,1,.167,0.0,0.0,3.0,6,0,,0,0.000,Logos via Sports Logos.net / About logos,W,https://www.basketball-reference.com/boxscores/201712040BOS.html,Home,111,24:14,0,0.0,MIL,Khris Middleton,,,,,,,,,,,,,41:02,Tony Snell,39:18,Giannis Antetokounmpo,39:06,Eric Bledsoe,34:23,Malcolm Brogdon,31:58,John Henson,21:08,Jason Terry,12:42,DeAndre Liggins,12:02,Thon Maker,8:21,100,1,3,0.0,0.0,3.0,100.0,0.0,0.0,Marcus Morris,11,1,2017-2018,1.0,1,6.0,BOS,111,Al Horford,,,,,,,,,,,,,34:39,Kyrie Irving,33:43,Jayson Tatum,32:35,Marcus Smart,29:46,Terry Rozier,24:07,Jaylen Brown,22:58,Aron Baynes,15:09,Semi Ojeleye,12:36,Daniel Theis,10:13
1,.167,6,66.667,3,3.00,102,0,3,75.0,2,.222,1.0,33.3,3.0,9,0,,0,0.000,Logos via Sports Logos.net / About logos,L,https://www.basketball-reference.com/boxscores/201712080SAS.html,Away,105,24:58,1,25.0,SAS,Bryn Forbes,Brandon Paul,5:25,Dejounte Murray,0:06,,,,,,,,,34:50,LaMarcus Aldridge,34:34,Rudy Gay,29:18,Patty Mills,27:04,Pau Gasol,25:04,Manu Ginóbili,24:28,Dāvis Bertāns,21:01,Tony Parker,19:24,Danny Green,18:46,105,3,5,2.0,40.0,3.0,60.0,0.0,0.0,Marcus Morris,3,0,2017-2018,0.0,1,4.0,BOS,102,Kyrie Irving,,,,,,,,,,,,,36:08,Jayson Tatum,35:54,Al Horford,35:27,Jaylen Brown,30:41,Terry Rozier,23:13,Marcus Smart,21:41,Aron Baynes,13:38,Daniel Theis,10:52,Semi Ojeleye,7:28
0,.000,2,28.571,1,,111,0,4,100.0,1,.143,1.0,20.0,5.0,7,0,,0,0.000,Logos via Sports Logos.net / About logos,L,https://www.basketball-reference.com/boxscores/201712250BOS.html,Home,103,15:46,0,0.0,WAS,Bradley Beal,Ian Mahinmi,5:35,,,,,,,,,,,39:51,John Wall,38:52,Otto Porter Jr.,35:30,Kelly Oubre Jr.,31:51,Markieff Morris,29:17,Marcin Gortat,26:37,Mike Scott,15:10,Tomáš Satoranský,9:08,Jodie Meeks,8:09,111,3,2,2.0,100.0,0.0,0.0,0.0,0.0,Marcus Morris,8,0,2017-2018,0.0,0,4.0,BOS,103,Jayson Tatum,,,,,,,,,,,,,36:09,Al Horford,34:08,Kyrie Irving,34:04,Jaylen Brown,31:46,Marcus Smart,28:46,Terry Rozier,26:07,Daniel Theis,18:06,Aron Baynes,9:34,Shane Larkin,5:34
2,.500,4,36.364,0,0.00,98,1,3,75.0,4,.364,2.0,28.6,7.0,11,0,.000,2,18.182,Logos via Sports Logos.net / About logos,W,https://www.basketball-reference.com/boxscores/201712280BOS.html,Home,99,19:25,1,25.0,HOU,Eric Gordon,,,,,,,,,,,,,40:09,Ryan Anderson,40:05,James Harden,39:03,Trevor Ariza,38:47,P.J. Tucker,24:58,Nenê,19:09,Briante Weber,15:00,Tarik Black,11:48,Gerald Green,11:02,98,4,10,4.0,40.0,6.0,60.0,0.0,0.0,Marcus Morris,1,0,2017-2018,1.0,3,4.0,BOS,99,Jayson Tatum,Jabari Bird,1:02,,,,,,,,,,,39:54,Kyrie Irving,37:53,Marcus Smart,34:15,Al Horford,33:09,Abdel Nader,20:56,Terry Rozier,20:06,Shane Larkin,15:29,Aron Baynes,12:39,Daniel Theis,5:12
4,.800,5,71.429,0,0.00,105,0,2,100.0,5,.714,1.0,50.0,2.0,7,1,.500,2,28.571,Logos via Sports Logos.net / About logos,W,https://www.basketball-reference.com/boxscores/201712310BOS.html,Home,108,16:57,0,0.0,BRK,Allen Crabbe,Nik Stauskas,8:05,,,,,,,,,,,34:05,Rondae Hollis-Jefferson,32:31,DeMarre Carroll,29:51,Caris LeVert,29:37,Spencer Dinwiddie,29:26,Quincy Acy,24:07,Joe Harris,20:54,Jarrett Allen,15:55,Tyler Zeller,15:29,105,2,15,2.0,13.3,12.0,80.0,1.0,6.7,Marcus Morris,3,0,2017-2018,0.0,2,2.0,BOS,108,Jaylen Brown,,,,,,,,,,,,,34:32,Kyrie Irving,33:43,Jayson Tatum,32:43,Al Horford,30:30,Marcus Smart,29:07,Terry Rozier,23:40,Aron Baynes,22:50,Daniel Theis,10:14,Shane Larkin,5:44
0,.000,2,33.333,2,1.00,88,1,3,75.0,1,.167,1.0,25.0,4.0,6,1,.500,2,33.333,Logos via Sports Logos.net / About logos,W,https://www.basketball-reference.com/boxscores/201801030BOS.html,Home,102,24:46,1,25.0,CLE,LeBron James,Cedi Osman,8:51,Channing Frye,5:33,,,,,,,,,32:42,Tristan Thompson,29:26,Jae Crowder,27:56,Jeff Green,26:52,Kyle Korver,25:51,Dwyane Wade,22:53,J.R. Smith,20:47,Kevin Love,20:32,José Calderón,18:37,88,2,3,2.0,66.7,0.0,0.0,1.0,33.3,Marcus Morris,14,1,2017-2018,2.0,2,4.0,BOS,102,Jayson Tatum,Abdel Nader,2:39,Shane Larkin,2:39,Guerschon Yabusele,2:39,,,,,,,30:00,Jaylen Brown,29:28,Al Horford,28:47,Kyrie Irving,28:15,Marcus Smart,26:56,Semi Ojeleye,22:59,Terry Rozier,19:39,Aron Baynes,16:34,Daniel Theis,4:39
0,.000,1,12.500,1,,87,1,4,100.0,4,.500,4.0,57.1,7.0,8,0,,0,0.000,Logos via Sports Logos.net / About logos,W,https://www.basketball-reference.com/boxscores/201801060BRK.html,Away,85,26:14,0,0.0,BRK,Spencer Dinwiddie,Jarrett Allen,10:33,Milton Doyle,6:06,,,,,,,,,36:34,Joe Harris,32:11,Allen Crabbe,31:49,DeMarre Carroll,30:50,Rondae Hollis-Jefferson,28:18,Quincy Acy,19:42,Tyler Zeller,15:47,Nik Stauskas,15:31,Jahlil Okafor,12:39,85,2,8,8.0,100.0,0.0,0.0,0.0,0.0,Marcus Morris,2,0,2017-2018,1.0,0,4.0,BOS,87,Kyrie Irving,,,,,,,,,,,,,37:57,Jaylen Brown,34:58,Jayson Tatum,32:20,Marcus Smart,29:15,Aron Baynes,20:11,Daniel Theis,18:39,Terry Rozier,18:29,Shane Larkin,14:54,Semi Ojeleye,7:03
3,.429,7,53.846,2,,114,0,4,50.0,7,.538,4.0,66.7,6.0,13,2,1.000,2,15.385,Logos via Sports Logos.net / About logos,W,https://www.basketball-reference.com/boxscores/201801110PHI.html,Away,103,24:01,4,50.0,PHI,Dario Šarić,Trevor Booker,10:16,Justin Anderson,3:50,,,,,,,,,33:35,Joel Embiid,30:34,Robert Covington,30:18,JJ Redick,30:05,Ben Simmons,28:32,T.J. McConnell,26:28,Richaun Holmes,17:26,Jerryd Bayless,17:05,Timothé Luwawu-Cabarrot,11:51,103,0,19,8.0,42.1,9.0,47.4,2.0,10.5,Marcus Morris,11,1,2017-2018,1.0,0,8.0,BOS,114,Al Horford,Abdel Nader,1:47,Semi Ojeleye,1:47,Guerschon Yabusele,1:47,,,,,,,34:53,Jaylen Brown,31:44,Kyrie Irving,31:26,Jayson Tatum,24:22,Marcus Smart,22:56,Terry Rozier,21:27,Daniel Theis,19:43,Aron Baynes,14:37,Shane Larkin,9:30
1,.250,4,30.769,2,2.00,116,0,6,75.0,5,.385,4.0,44.4,9.0,13,1,1.000,1,7.692,Logos via Sports Logos.net / About logos,L,https://www.basketball-reference.com/boxscores/201801160BOS.html,Home,113,24:42,2,25.0,NOP,Anthony Davis,,,,,,,,,,,,,44:33,DeMarcus Cousins,42:36,Jrue Holiday,41:16,E'Twaun Moore,37:33,Ian Clark,31:49,Rajon Rondo,29:50,Dante Cunningham,18:59,Darius Miller,18:24,,,116,2,12,8.0,66.7,3.0,25.0,1.0,8.3,Marcus Morris,3,0,2017-2018,0.0,1,8.0,BOS,113,Kyrie Irving,Semi Ojeleye,2:58,,,,,,,,,,,40:39,Al Horford,37:30,Jaylen Brown,31:55,Marcus Smart,30:14,Jayson Tatum,26:49,Terry Rozier,25:48,Daniel Theis,20:13,Aron Baynes,19:08,Shane Larkin,5:04
2,.400,5,55.556,1,0.33,89,0,5,83.3,4,.444,2.0,50.0,4.0,9,4,1.000,4,44.444,Logos via Sports Logos.net / About logos,L,https://www.basketball-reference.com/boxscores/201801180BOS.html,Home,80,27:15,1,16.7,PHI,Robert Covington,Timothé Luwawu-Cabarrot,3:35,,,,,,,,,,,40:12,Joel Embiid,34:55,Ben Simmons,34:09,Dario Šarić,33:50,T.J. McConnell,25:33,Jerryd Bayless,24:59,Justin Anderson,16:04,Trevor Booker,14:10,Amir Johnson,12:33,89,1,14,4.0,28.6,6.0,42.9,4.0,28.6,Marcus Morris,9,0,2017-2018,0.0,3,6.0,BOS,80,Jayson Tatum,Semi Ojeleye,3:12,,,,,,,,,,,36:45,Al Horford,34:55,Marcus Smart,34:00,Jaylen Brown,33:55,Shane Larkin,23:10,Terry Rozier,20:21,Aron Baynes,15:19,Daniel Theis,7:48,Abdel Nader,3:20
0,.000,3,33.333,1,1.00,103,0,3,60.0,4,.444,4.0,66.7,6.0,9,4,1.000,4,44.444,Logos via Sports Logos.net / About logos,L,https://www.basketball-reference.com/boxscores/201801210BOS.html,Home,95,26:29,2,40.0,ORL,Aaron Gordon,Wes Iwundu,10:23,Marreese Speights,7:47,,,,,,,,,37:39,Evan Fournier,35:06,Elfrid Payton,34:33,Jonathon Simmons,25:42,Shelvin Mack,24:42,Bismack Biyombo,20:53,Khem Birch,17:03,D.J. Augustin,13:34,Mario Hezonja,12:38,103,3,12,8.0,66.7,0.0,0.0,4.0,33.3,Marcus Morris,8,1,2017-2018,1.0,1,5.0,BOS,95,Kyrie Irving,Aron Baynes,4:53,,,,,,,,,,,40:06,Jaylen Brown,36:45,Al Horford,32:43,Jayson Tatum,30:45,Terry Rozier,20:39,Marcus Smart,19:43,Daniel Theis,11:13,Semi Ojeleye,9:32,Shane Larkin,7:12
1,.250,4,36.364,0,0.00,107,2,7,100.0,6,.545,5.0,71.4,7.0,11,0,.000,1,9.091,Logos via Sports Logos.net / About logos,L,https://www.basketball-reference.com/boxscores/201801230LAL.html,Away,108,26:18,0,0.0,LAL,Jordan Clarkson,Tyler Ennis,13:36,,,,,,,,,,,34:24,Brandon Ingram,33:00,Kyle Kuzma,26:37,Julius Randle,26:12,Larry Nance Jr.,26:00,Kentavious Caldwell-Pope,23:47,Josh Hart,23:06,Alex Caruso,18:40,Brook Lopez,14:38,108,1,13,10.0,76.9,3.0,23.1,0.0,0.0,Marcus Morris,1,0,2017-2018,2.0,1,7.0,BOS,107,Kyrie Irving,,,,,,,,,,,,,38:24,Marcus Smart,33:29,Al Horford,31:45,Jayson Tatum,30:34,Jaylen Brown,25:39,Terry Rozier,23:46,Daniel Theis,15:55,Aron Baynes,10:36,Jarell Eddie,3:34
3,.333,9,69.231,2,0.67,113,0,0,0.0,5,.385,2.0,50.0,4.0,13,2,1.000,2,15.385,Logos via Sports Logos.net / About logos,W,https://www.basketball-reference.com/boxscores/201801240LAC.html,Away,102,27:42,2,100.0,LAC,Wesley Johnson,Willie Reed,2:04,,,,,,,,,,,34:39,Blake Griffin,33:57,Tyrone Wallace,33:51,Lou Williams,33:00,DeAndre Jordan,30:30,Miloš Teodosić,24:20,Montrezl Harrell,17:30,Sindarius Thornwell,16:06,Sam Dekker,14:03,102,4,15,4.0,26.7,9.0,60.0,2.0,13.3,Marcus Morris,11,1,2017-2018,1.0,3,2.0,BOS,113,Jayson Tatum,Jarell Eddie,2:04,,,,,,,,,,,33:30,Jaylen Brown,28:29,Kyrie Irving,28:17,Aron Baynes,24:43,Terry Rozier,23:59,Shane Larkin,23:17,Daniel Theis,23:09,Semi Ojeleye,17:33,Abdel Nader,7:17
1,.200,5,33.333,2,2.00,105,0,5,62.5,5,.333,4.0,40.0,10.0,15,1,1.000,1,6.667,Logos via Sports Logos.net / About logos,L,https://www.basketball-reference.com/boxscores/201801270GSW.html,Away,109,32:40,3,37.5,GSW,Draymond Green,Nick Young,6:32,Omri Casspi,4:03,,,,,,,,,38:19,Stephen Curry,36:48,Klay Thompson,36:24,Kevin Durant,35:39,Andre Iguodala,28:22,David West,15:35,Zaza Pachulia,15:04,Shaun Livingston,14:18,Kevon Looney,8:56,109,4,12,8.0,66.7,3.0,25.0,1.0,8.3,Marcus Morris,4,1,2017-2018,1.0,1,8.0,BOS,105,Kyrie Irving,,,,,,,,,,,,,36:01,Jaylen Brown,34:32,Al Horford,34:11,Jayson Tatum,28:21,Terry Rozier,24:17,Aron Baynes,16:03,Shane Larkin,15:58,Daniel Theis,12:15,Semi Ojeleye,5:42
3,.750,4,50.000,0,0.00,111,0,4,100.0,4,.500,1.0,25.0,4.0,8,3,.600,5,62.500,Logos via Sports Logos.net / About logos,W,https://www.basketball-reference.com/boxscores/201801290DEN.html,Away,110,20:21,0,0.0,DEN,Will Barton,,,,,,,,,,,,,43:37,Jamal Murray,38:44,Gary Harris,36:11,Nikola Jokić,35:16,Mason Plumlee,28:13,Trey Lyles,26:48,Torrey Craig,14:07,Emmanuel Mudiay,11:38,Kenneth Faried,5:26,110,1,14,2.0,14.3,9.0,64.3,3.0,21.4,Marcus Morris,1,0,2017-2018,0.0,2,4.0,BOS,111,Kyrie Irving,,,,,,,,,,,,,36:52,Jaylen Brown,33:52,Jayson Tatum,32:43,Al Horford,32:13,Terry Rozier,29:47,Daniel Theis,20:41,Aron Baynes,17:22,Semi Ojeleye,16:09,,
2,1.000,2,22.222,2,1.00,73,0,3,60.0,6,.667,4.0,57.1,7.0,9,6,.667,9,100.000,Logos via Sports Logos.net / About logos,W,https://www.basketball-reference.com/boxscores/201801310BOS.html,Home,103,19:04,2,40.0,NYK,Kristaps Porziņģis,Michael Beasley,11:49,Kyle O'Quinn,8:33,Willy Hernangómez,7:37,Trey Burke,5:19,,,,,35:06,Courtney Lee,29:19,Tim Hardaway Jr.,27:29,Enes Freedom,26:49,Frank Ntilikina,22:28,Jarrett Jack,20:13,Lance Thomas,18:20,Damyean Dotson,14:18,Doug McDermott,12:40,73,0,20,8.0,40.0,6.0,30.0,6.0,30.0,Marcus Morris,30,2,2017-2018,2.0,2,5.0,BOS,103,Terry Rozier,Guerschon Yabusele,4:52,,,,,,,,,,,32:32,Jayson Tatum,30:53,Abdel Nader,28:18,Jaylen Brown,27:53,Semi Ojeleye,26:03,Al Horford,23:28,Aron Baynes,22:33,Daniel Theis,18:18,Kadeem Allen,6:06
2,.400,5,38.462,1,0.50,91,0,2,100.0,4,.308,2.0,25.0,8.0,13,2,1.000,2,15.385,Logos via Sports Logos.net / About logos,L,https://www.basketball-reference.com/boxscores/201802060TOR.html,Away,111,29:39,0,0.0,TOR,Fred VanVleet,OG Anunoby,15:18,Norman Powell,3:43,Lucas Nogueira,3:43,,,,,,,30:38,DeMar DeRozan,29:21,Kyle Lowry,25:10,Pascal Siakam,25:07,Delon Wright,24:54,Jakob Poeltl,23:38,Serge Ibaka,22:25,Jonas Valančiūnas,20:39,C.J. Miles,15:24,111,0,12,4.0,33.3,6.0,50.0,2.0,16.7,Marcus Morris,20,0,2017-2018,0.0,2,2.0,BOS,91,Jaylen Brown,Guerschon Yabusele,10:42,Kadeem Allen,5:07,,,,,,,,,27:06,Al Horford,24:26,Terry Rozier,24:10,Daniel Theis,22:02,Kyrie Irving,21:56,Jayson Tatum,20:49,Aron Baynes,20:02,Semi Ojeleye,19:46,Abdel Nader,14:15
1,.500,2,14.286,0,0.00,110,0,7,87.5,5,.357,4.0,33.3,12.0,14,4,1.000,4,28.571,Logos via Sports Logos.net / About logos,W,https://www.basketball-reference.com/boxscores/201802080WAS.html,Away,104,31:27,1,12.5,WAS,Bradley Beal,Jodie Meeks,8:37,,,,,,,,,,,44:23,Otto Porter Jr.,40:11,Tomáš Satoranský,34:06,Kelly Oubre Jr.,32:58,Marcin Gortat,30:33,Markieff Morris,28:56,Ian Mahinmi,15:46,Mike Scott,15:25,Tim Frazier,14:05,104,3,15,8.0,53.3,3.0,20.0,4.0,26.7,Marcus Morris,6,1,2017-2018,1.0,1,8.0,BOS,110,Jaylen Brown,,,,,,,,,,,,,37:33,Jayson Tatum,36:29,Al Horford,34:31,Kyrie Irving,33:22,Terry Rozier,29:45,Daniel Theis,27:48,Greg Monroe,19:44,Aron Baynes,14:21,,
0,.000,3,25.000,0,,97,1,5,71.4,3,.250,3.0,33.3,9.0,12,0,,0,0.000,Logos via Sports Logos.net / About logos,L,https://www.basketball-reference.com/boxscores/201802090BOS.html,Home,91,24:53,2,28.6,IND,Victor Oladipo,,,,,,,,,,,,,36:37,Cory Joseph,34:07,Thaddeus Young,33:47,Myles Turner,33:10,Bojan Bogdanović,32:10,Lance Stephenson,26:53,Domantas Sabonis,19:52,Joe Young,14:13,Al Jefferson,9:11,97,2,6,6.0,100.0,0.0,0.0,0.0,0.0,Marcus Morris,6,0,2017-2018,1.0,0,7.0,BOS,91,Jayson Tatum,Abdel Nader,3:19,,,,,,,,,,,35:38,Kyrie Irving,31:20,Al Horford,29:01,Jaylen Brown,28:23,Terry Rozier,26:15,Aron Baynes,21:27,Daniel Theis,17:49,Semi Ojeleye,11:17,Greg Monroe,10:38
3,.500,6,50.000,0,,121,0,1,33.3,6,.500,3.0,50.0,6.0,12,2,1.000,2,16.667,Logos via Sports Logos.net / About logos,L,https://www.basketball-reference.com/boxscores/201802110BOS.html,Home,99,24:48,2,66.7,CLE,Cedi Osman,Kyle Korver,15:36,José Calderón,3:37,John Holland,3:37,Ante Žižić,3:21,,,,,29:27,J.R. Smith,28:47,LeBron James,27:54,Tristan Thompson,27:01,Jordan Clarkson,23:11,George Hill,21:12,Larry Nance Jr.,20:59,Rodney Hood,18:33,Jeff Green,16:45,121,2,17,6.0,35.3,9.0,52.9,2.0,11.8,Marcus Morris,22,0,2017-2018,0.0,0,3.0,BOS,99,Terry Rozier,Abdel Nader,10:32,,,,,,,,,,,33:52,Jaylen Brown,32:20,Jayson Tatum,27:26,Kyrie Irving,26:14,Semi Ojeleye,24:29,Al Horford,24:06,Aron Baynes,13:03,Greg Monroe,11:45,Daniel Theis,11:25
3,.750,4,50.000,3,,129,0,11,100.0,4,.500,1.0,25.0,4.0,8,2,1.000,2,25.000,Logos via Sports Logos.net / About logos,L,https://www.basketball-reference.com/boxscores/201802140BOS.html,Home,119,35:15,0,0.0,LAC,Danilo Gallinari,Wesley Johnson,2:48,,,,,,,,,,,40:24,Tobias Harris,39:31,Austin Rivers,35:43,DeAndre Jordan,32:01,Lou Williams,31:36,Avery Bradley,22:10,Miloš Teodosić,16:59,Montrezl Harrell,15:59,Sam Dekker,2:49,129,4,13,2.0,15.4,9.0,69.2,2.0,15.4,Marcus Morris,10,1,2017-2018,1.0,0,11.0,BOS,119,Kyrie Irving,,,,,,,,,,,,,38:16,Jaylen Brown,35:35,Al Horford,35:24,Jayson Tatum,31:33,Terry Rozier,28:47,Aron Baynes,14:42,Daniel Theis,10:55,Greg Monroe,9:33,,
3,.375,8,61.538,2,1.00,110,0,5,83.3,5,.385,2.0,40.0,5.0,13,2,1.000,2,15.385,Logos via Sports Logos.net / About logos,W,https://www.basketball-reference.com/boxscores/201802230DET.html,Away,98,24:54,1,16.7,DET,Blake Griffin,Eric Moreland,2:52,Dwight Buycks,2:00,,,,,,,,,35:19,Ish Smith,32:50,Andre Drummond,31:16,Reggie Bullock,31:07,Stanley Johnson,28:41,Anthony Tolliver,26:33,James Ennis III,19:19,Luke Kennard,16:53,Jameer Nelson,13:10,98,2,15,4.0,26.7,9.0,60.0,2.0,13.3,Marcus Morris,12,1,2017-2018,1.0,2,6.0,BOS,110,Kyrie Irving,Aron Baynes,2:39,Abdel Nader,2:00,,,,,,,,,28:41,Al Horford,26:40,Marcus Smart,25:56,Terry Rozier,24:11,Jaylen Brown,24:09,Daniel Theis,20:55,Jayson Tatum,20:44,Semi Ojeleye,19:45,Greg Monroe,19:26
0,.000,3,60.000,1,,121,0,2,66.7,1,.200,1.0,50.0,2.0,5,3,.750,4,80.000,Logos via Sports Logos.net / About logos,W,https://www.basketball-reference.com/boxscores/201802240NYK.html,Away,112,30:28,1,33.3,NYK,Tim Hardaway Jr.,Troy Williams,12:00,Damyean Dotson,6:37,,,,,,,,,33:22,Michael Beasley,28:54,Trey Burke,26:26,Emmanuel Mudiay,25:24,Lance Thomas,24:12,Frank Ntilikina,23:47,Enes Freedom,22:57,Kyle O'Quinn,19:57,Courtney Lee,16:24,112,3,5,2.0,40.0,0.0,0.0,3.0,60.0,Marcus Morris,9,1,2017-2018,1.0,0,3.0,BOS,121,Kyrie Irving,Semi Ojeleye,4:21,,,,,,,,,,,34:51,Al Horford,32:33,Jaylen Brown,29:21,Marcus Smart,27:30,Jayson Tatum,26:01,Terry Rozier,20:43,Daniel Theis,18:13,Greg Monroe,10:42,Shane Larkin,5:17
1,.167,6,40.000,2,,98,0,6,75.0,6,.400,5.0,55.6,9.0,15,0,.000,1,6.667,Logos via Sports Logos.net / About logos,W,https://www.basketball-reference.com/boxscores/201802260BOS.html,Home,109,33:52,2,25.0,MEM,Jarell Martin,Ivan Rabb,11:44,Brice Johnson,1:50,,,,,,,,,34:21,JaMychal Green,33:37,Andrew Harrison,32:59,Marc Gasol,32:52,Dillon Brooks,29:50,Mario Chalmers,20:19,Myke Henry,15:44,Ben McLemore,13:26,Deyonta Davis,13:18,98,1,13,10.0,76.9,3.0,23.1,0.0,0.0,Marcus Morris,11,0,2017-2018,0.0,0,8.0,BOS,109,Jayson Tatum,Shane Larkin,8:38,Abdel Nader,1:50,,,,,,,,,26:17,Jaylen Brown,25:43,Kyrie Irving,24:55,Daniel Theis,24:18,Al Horford,23:42,Marcus Smart,22:24,Terry Rozier,19:20,Aron Baynes,15:55,Semi Ojeleye,13:06
1,.500,2,16.667,2,,106,0,7,87.5,7,.583,6.0,60.0,10.0,12,0,,0,0.000,Logos via Sports Logos.net / About logos,W,https://www.basketball-reference.com/boxscores/201802280BOS.html,Home,134,21:49,1,12.5,CHO,Treveon Graham,Willy Hernangómez,9:18,Dwayne Bacon,6:15,Julyan Stone,4:22,,,,,,,30:02,Nicolas Batum,29:04,Dwight Howard,26:08,Jeremy Lamb,25:23,Kemba Walker,24:46,Frank Kaminsky,24:36,Marvin Williams,22:18,Malik Monk,18:56,Michael Carter-Williams,18:52,106,0,15,12.0,80.0,3.0,20.0,0.0,0.0,Marcus Morris,28,0,2017-2018,0.0,0,8.0,BOS,134,Terry Rozier,Abdel Nader,11:08,Shane Larkin,8:24,,,,,,,,,24:47,Kyrie Irving,24:35,Jaylen Brown,23:01,Aron Baynes,21:44,Al Horford,21:23,Marcus Smart,20:57,Greg Monroe,20:49,Jayson Tatum,20:45,Semi Ojeleye,20:38
5,.714,7,53.846,1,1.00,120,0,3,75.0,8,.615,3.0,50.0,6.0,13,0,.000,1,7.692,Logos via Sports Logos.net / About logos,L,https://www.basketball-reference.com/boxscores/201803030HOU.html,Away,123,33:34,1,25.0,HOU,James Harden,,,,,,,,,,,,,37:48,Chris Paul,35:22,Clint Capela,33:49,Trevor Ariza,33:39,P.J. Tucker,29:30,Eric Gordon,27:18,Luc Mbah a Moute,15:04,Nenê,14:06,Joe Johnson,13:24,123,2,21,6.0,28.6,15.0,71.4,0.0,0.0,Marcus Morris,3,3,2017-2018,3.0,1,4.0,BOS,120,Kyrie Irving,,,,,,,,,,,,,35:25,Al Horford,31:07,Marcus Smart,28:54,Terry Rozier,28:20,Jayson Tatum,27:41,Jaylen Brown,23:42,Greg Monroe,19:08,Aron Baynes,12:09,,
1,.200,5,50.000,1,1.00,105,0,4,80.0,3,.300,2.0,40.0,5.0,10,0,,0,0.000,Logos via Sports Logos.net / About logos,W,https://www.basketball-reference.com/boxscores/201803050CHI.html,Away,89,22:14,1,20.0,CHI,Lauri Markkanen,Jerian Grant,7:39,Jarell Eddie,2:59,,,,,,,,,30:18,David Nwaba,29:41,Denzel Valentine,28:36,Kris Dunn,28:29,Bobby Portis,27:19,Zach LaVine,27:05,Cristiano Felício,21:44,Cameron Payne,19:31,Noah Vonleh,16:39,89,2,7,4.0,57.1,3.0,42.9,0.0,0.0,Marcus Morris,16,1,2017-2018,1.0,1,5.0,BOS,105,Terry Rozier,Abdel Nader,12:00,Semi Ojeleye,6:32,,,,,,,,,31:31,Jaylen Brown,28:10,Marcus Smart,26:29,Al Horford,22:06,Jayson Tatum,19:50,Greg Monroe,19:28,Daniel Theis,17:57,Aron Baynes,17:40,Shane Larkin,16:03
3,.600,5,33.333,2,,117,0,4,80.0,7,.467,4.0,40.0,10.0,15,0,.000,1,6.667,Logos via Sports Logos.net / About logos,W,https://www.basketball-reference.com/boxscores/201803080MIN.html,Away,109,32:35,1,20.0,MIN,Nemanja Bjelica,,,,,,,,,,,,,40:21,Andrew Wiggins,38:23,Karl-Anthony Towns,37:57,Taj Gibson,35:48,Jeff Teague,31:14,Jamal Crawford,23:44,Tyus Jones,16:46,Gorgui Dieng,15:47,,,109,0,17,8.0,47.1,9.0,52.9,0.0,0.0,Marcus Morris,8,0,2017-2018,0.0,0,5.0,BOS,117,Al Horford,Semi Ojeleye,6:49,,,,,,,,,,,34:14,Marcus Smart,32:56,Kyrie Irving,29:36,Jaylen Brown,28:09,Terry Rozier,24:19,Jayson Tatum,22:11,Aron Baynes,10:28,Daniel Theis,9:34,Greg Monroe,9:09
0,.000,6,46.154,2,2.00,99,0,4,100.0,5,.385,5.0,71.4,7.0,13,0,,0,0.000,Logos via Sports Logos.net / About logos,L,https://www.basketball-reference.com/boxscores/201803110BOS.html,Home,97,31:37,0,0.0,IND,Victor Oladipo,Glenn Robinson III,12:41,,,,,,,,,,,35:39,Myles Turner,35:30,Bojan Bogdanović,28:42,Cory Joseph,28:35,Darren Collison,24:14,Thaddeus Young,22:54,Trevor Booker,18:47,Domantas Sabonis,18:33,Lance Stephenson,14:25,99,1,10,10.0,100.0,0.0,0.0,0.0,0.0,Marcus Morris,2,1,2017-2018,1.0,1,4.0,BOS,97,Marcus Smart,Abdel Nader,7:43,Kadeem Allen,0:01,,,,,,,,,35:39,Jayson Tatum,34:26,Terry Rozier,33:45,Daniel Theis,19:23,Aron Baynes,19:08,Greg Monroe,16:52,Shane Larkin,16:32,Kyrie Irving,15:55,Semi Ojeleye,8:59
4,.500,8,36.364,1,0.50,125,0,8,88.9,11,.500,7.0,50.0,14.0,22,5,.714,7,31.818,Logos via Sports Logos.net / About logos,L,https://www.basketball-reference.com/boxscores/201803140BOS.html,Home,124,44:11,1,11.1,WAS,Bradley Beal,Jodie Meeks,12:07,,,,,,,,,,,47:24,Markieff Morris,43:16,Otto Porter Jr.,42:25,Tomáš Satoranský,34:33,Ian Mahinmi,26:02,Kelly Oubre Jr.,25:22,Marcin Gortat,24:52,Ramon Sessions,17:28,Mike Scott,16:31,125,3,31,14.0,45.2,12.0,38.7,5.0,16.1,Marcus Morris,1,2,2017-2018,2.0,2,9.0,BOS,124,Terry Rozier,,,,,,,,,,,,,47:44,Jayson Tatum,46:29,Aron Baynes,33:06,Semi Ojeleye,27:14,Greg Monroe,25:07,Shane Larkin,24:13,Abdel Nader,23:55,Guerschon Yabusele,18:01,,
1,.200,5,33.333,2,2.00,92,0,9,81.8,4,.267,3.0,30.0,10.0,15,0,,0,0.000,Logos via Sports Logos.net / About logos,W,https://www.basketball-reference.com/boxscores/201803160ORL.html,Away,83,33:04,2,18.2,ORL,Jonathon Simmons,Rodney Purvis,13:37,,,,,,,,,,,33:44,D.J. Augustin,30:01,Nikola Vučević,28:40,Mario Hezonja,28:17,Shelvin Mack,26:17,Jonathan Isaac,24:33,Wes Iwundu,19:59,Bismack Biyombo,19:20,Khem Birch,15:32,83,2,9,6.0,66.7,3.0,33.3,0.0,0.0,Marcus Morris,9,1,2017-2018,1.0,1,11.0,BOS,92,Terry Rozier,,,,,,,,,,,,,34:12,Al Horford,31:15,Jayson Tatum,30:19,Abdel Nader,23:34,Semi Ojeleye,22:50,Aron Baynes,22:36,Greg Monroe,21:10,Shane Larkin,18:51,Guerschon Yabusele,2:09
2,.500,4,28.571,0,,89,0,5,83.3,5,.357,3.0,30.0,10.0,14,5,.714,7,50.000,Logos via Sports Logos.net / About logos,L,https://www.basketball-reference.com/boxscores/201803180NOP.html,Away,108,29:46,1,16.7,NOP,Anthony Davis,Solomon Hill,8:23,Larry Drew II,5:39,Charles Cooke,3:15,DeAndre Liggins,3:15,,,,,32:33,Rajon Rondo,32:24,E'Twaun Moore,28:36,Jrue Holiday,28:15,Ian Clark,25:41,Cheick Diallo,23:33,Nikola Mirotić,22:34,Emeka Okafor,17:20,Darius Miller,8:32,108,2,17,6.0,35.3,6.0,35.3,5.0,29.4,Marcus Morris,19,1,2017-2018,1.0,0,6.0,BOS,89,Terry Rozier,Kadeem Allen,3:35,Jabari Bird,3:15,,,,,,,,,31:26,Al Horford,27:59,Shane Larkin,27:49,Jayson Tatum,27:10,Greg Monroe,25:39,Semi Ojeleye,23:22,Abdel Nader,21:32,Aron Baynes,14:13,Guerschon Yabusele,4:14
3,.500,6,46.154,0,0.00,99,0,4,100.0,8,.615,5.0,71.4,7.0,13,2,1.000,2,15.385,Logos via Sports Logos.net / About logos,W,https://www.basketball-reference.com/boxscores/201803200BOS.html,Home,100,30:24,0,0.0,OKC,Paul George,Josh Huestis,4:28,Álex Abrines,4:03,,,,,,,,,39:30,Steven Adams,37:15,Russell Westbrook,36:49,Corey Brewer,36:08,Carmelo Anthony,34:30,Patrick Patterson,14:37,Terrance Ferguson,11:51,Raymond Felton,11:11,Jerami Grant,9:38,99,3,21,10.0,47.6,9.0,42.9,2.0,9.5,Marcus Morris,1,1,2017-2018,1.0,2,4.0,BOS,100,Jayson Tatum,,,,,,,,,,,,,35:11,Terry Rozier,34:15,Al Horford,33:26,Semi Ojeleye,27:13,Shane Larkin,24:47,Greg Monroe,21:51,Abdel Nader,18:20,Aron Baynes,14:34,,
5,.833,6,46.154,0,0.00,105,0,1,50.0,9,.692,4.0,57.1,7.0,13,7,1.000,7,53.846,Logos via Sports Logos.net / About logos,W,https://www.basketball-reference.com/boxscores/201803230POR.html,Away,100,34:46,1,50.0,POR,Damian Lillard,,,,,,,,,,,,,38:32,CJ McCollum,36:34,Al-Farouq Aminu,32:22,Maurice Harkless,27:38,Jusuf Nurkić,26:50,Pat Connaughton,22:48,Evan Turner,22:08,Ed Davis,17:30,Zach Collins,15:38,100,4,30,8.0,26.7,15.0,50.0,7.0,23.3,Marcus Morris,5,0,2017-2018,0.0,1,2.0,BOS,105,Shane Larkin,,,,,,,,,,,,,34:00,Terry Rozier,33:48,Al Horford,31:58,Jayson Tatum,31:57,Greg Monroe,19:42,Aron Baynes,18:42,Guerschon Yabusele,16:38,Semi Ojeleye,11:42,Abdel Nader,6:47
3,.750,4,50.000,1,,102,0,3,100.0,6,.750,3.0,75.0,4.0,8,5,1.000,5,62.500,Logos via Sports Logos.net / About logos,W,https://www.basketball-reference.com/boxscores/201803260PHO.html,Away,94,23:09,0,0.0,PHO,Josh Jackson,Shaquille Harrison,9:35,Jared Dudley,7:28,,,,,,,,,39:21,Troy Daniels,36:07,Dragan Bender,33:38,Tyler Ulis,30:13,Marquese Chriss,24:24,Alan Williams,15:45,Elfrid Payton,14:43,Alex Len,14:29,Davon Reed,14:17,94,0,20,6.0,30.0,9.0,45.0,5.0,25.0,Marcus Morris,8,0,2017-2018,0.0,0,3.0,BOS,102,Jayson Tatum,Kadeem Allen,0:18,Jabari Bird,0:18,Guerschon Yabusele,0:18,,,,,,,32:15,Al Horford,31:45,Terry Rozier,31:23,Jaylen Brown,25:01,Shane Larkin,21:20,Semi Ojeleye,20:06,Greg Monroe,19:05,Aron Baynes,18:20,Abdel Nader,16:42
1,.250,4,26.667,3,3.00,99,2,9,100.0,7,.467,6.0,54.5,11.0,15,10,.909,11,73.333,Logos via Sports Logos.net / About logos,W,https://www.basketball-reference.com/boxscores/201803310BOS.html,Home,110,34:47,0,0.0,TOR,DeMar DeRozan,Delon Wright,11:39,Norman Powell,7:46,,,,,,,,,36:21,Kyle Lowry,33:55,Serge Ibaka,32:18,Jonas Valančiūnas,25:20,C.J. Miles,20:06,Jakob Poeltl,19:44,OG Anunoby,19:21,Fred VanVleet,17:53,Pascal Siakam,15:37,99,2,25,12.0,48.0,3.0,12.0,10.0,40.0,Marcus Morris,11,0,2017-2018,2.0,1,9.0,BOS,110,Terry Rozier,Jabari Bird,0:10,Xavier Silas,0:10,,,,,,,,,37:00,Jayson Tatum,33:27,Al Horford,31:28,Jaylen Brown,30:11,Aron Baynes,23:32,Semi Ojeleye,17:50,Greg Monroe,16:43,Kadeem Allen,7:40,Abdel Nader,7:02
1,.167,6,37.500,3,0.60,102,0,3,100.0,4,.250,3.0,30.0,10.0,16,4,.800,5,31.250,Logos via Sports Logos.net / About logos,L,https://www.basketball-reference.com/boxscores/201804030MIL.html,Away,106,33:01,0,0.0,MIL,Khris Middleton,Shabazz Muhammad,4:40,,,,,,,,,,,37:11,Eric Bledsoe,37:11,Giannis Antetokounmpo,36:25,Jabari Parker,30:39,John Henson,28:20,Jason Terry,17:44,Tyler Zeller,16:39,Tony Snell,16:33,Sterling Brown,14:38,106,3,13,6.0,46.2,3.0,23.1,4.0,30.8,Marcus Morris,4,1,2017-2018,1.0,5,3.0,BOS,102,Al Horford,,,,,,,,,,,,,36:21,Jaylen Brown,36:05,Jayson Tatum,32:34,Greg Monroe,23:26,Kadeem Allen,22:36,Aron Baynes,22:23,Semi Ojeleye,18:09,Abdel Nader,10:40,Guerschon Yabusele,4:46
1,.250,4,28.571,0,0.00,78,0,5,100.0,7,.500,6.0,60.0,10.0,14,6,.857,7,50.000,Logos via Sports Logos.net / About logos,L,https://www.basketball-reference.com/boxscores/201804040TOR.html,Away,96,34:15,0,0.0,TOR,Kyle Lowry,Jonas Valančiūnas,13:28,Norman Powell,10:49,OG Anunoby,10:43,,,,,,,32:25,Serge Ibaka,29:09,DeMar DeRozan,27:04,Delon Wright,26:44,Fred VanVleet,23:46,Lucas Nogueira,17:44,Jakob Poeltl,16:48,Pascal Siakam,16:19,C.J. Miles,15:01,96,2,21,12.0,57.1,3.0,14.3,6.0,28.6,Marcus Morris,18,1,2017-2018,1.0,5,5.0,BOS,78,Al Horford,Abdel Nader,5:19,Guerschon Yabusele,2:25,Jabari Bird,2:25,,,,,,,31:15,Jayson Tatum,28:19,Jaylen Brown,28:07,Terry Rozier,27:39,Greg Monroe,23:22,Semi Ojeleye,17:39,Kadeem Allen,17:27,Aron Baynes,14:29,Xavier Silas,7:19
0,.000,3,25.000,3,,104,0,1,100.0,6,.500,6.0,66.7,9.0,12,0,.000,2,16.667,Logos via Sports Logos.net / About logos,W,https://www.basketball-reference.com/boxscores/201804060BOS.html,Home,111,25:33,0,0.0,CHI,Justin Holiday,Bobby Portis,13:55,,,,,,,,,,,30:10,Cristiano Felício,28:56,Jerian Grant,28:21,David Nwaba,26:12,Ryan Arcidiacono,25:37,Sean Kilpatrick,25:01,Lauri Markkanen,23:26,Cameron Payne,22:23,Ömer Aşık,15:59,104,0,12,12.0,100.0,0.0,0.0,0.0,0.0,Marcus Morris,7,2,2017-2018,2.0,0,1.0,BOS,111,Jaylen Brown,Abdel Nader,6:36,Kadeem Allen,0:25,,,,,,,,,29:38,Terry Rozier,29:03,Greg Monroe,27:48,Guerschon Yabusele,24:44,Jabari Bird,24:06,Semi Ojeleye,23:50,Shane Larkin,21:04,Aron Baynes,17:52,Jonathan Gibson,9:21
0,.000,4,40.000,1,0.50,101,0,3,100.0,2,.200,2.0,33.3,6.0,10,2,1.000,2,20.000,Logos via Sports Logos.net / About logos,L,https://www.basketball-reference.com/boxscores/201804100WAS.html,Away,113,23:23,0,0.0,WAS,Bradley Beal,Ramon Sessions,1:39,Tim Frazier,1:39,Jason Smith,1:39,,,,,,,38:00,John Wall,36:25,Kelly Oubre Jr.,29:08,Markieff Morris,26:54,Mike Scott,23:32,Marcin Gortat,21:18,Ian Mahinmi,20:58,Tomáš Satoranský,20:28,Otto Porter Jr.,18:20,113,0,6,4.0,66.7,0.0,0.0,2.0,33.3,Marcus Morris,12,0,2017-2018,0.0,2,3.0,BOS,101,Terry Rozier,Jonathan Gibson,2:59,Jabari Bird,2:59,Abdel Nader,2:59,,,,,,,32:38,Jaylen Brown,31:59,Al Horford,31:38,Jayson Tatum,25:50,Semi Ojeleye,22:06,Shane Larkin,20:55,Aron Baynes,20:46,Greg Monroe,18:49,Kadeem Allen,2:59
2,.500,4,20.000,1,0.50,107,0,5,71.4,8,.400,6.0,37.5,16.0,20,3,1.000,3,15.000,Logos via Sports Logos.net / About logos,W,https://www.basketball-reference.com/boxscores/201804150BOS.html,Home,113,35:23,2,28.6,MIL,Khris Middleton,Sterling Brown,0:02,,,,,,,,,,,47:25,Giannis Antetokounmpo,44:58,John Henson,37:10,Tony Snell,32:58,Eric Bledsoe,32:46,Malcolm Brogdon,32:26,Jason Terry,18:12,Jabari Parker,14:35,Tyler Zeller,4:28,107,4,21,12.0,57.1,6.0,28.6,3.0,14.3,Marcus Morris,6,0,2017-2018,0.0,2,7.0,BOS,113,Jaylen Brown,,,,,,,,,,,,,45:36,Al Horford,44:19,Jayson Tatum,44:01,Terry Rozier,40:29,Shane Larkin,16:25,Aron Baynes,14:30,Semi Ojeleye,13:50,Greg Monroe,10:28,,
3,.500,6,54.545,1,1.00,106,0,5,100.0,6,.545,3.0,60.0,5.0,11,3,.429,7,63.636,Logos via Sports Logos.net / About logos,W,https://www.basketball-reference.com/boxscores/201804170BOS.html,Home,120,30:16,0,0.0,MIL,Giannis Antetokounmpo,Tyler Zeller,5:55,Jason Terry,5:08,Matthew Dellavedova,4:34,Thon Maker,1:00,,,,,43:01,Khris Middleton,37:08,John Henson,37:02,Eric Bledsoe,33:57,Tony Snell,22:28,Malcolm Brogdon,18:35,Shabazz Muhammad,12:19,Jabari Parker,10:06,Sterling Brown,8:47,106,1,18,6.0,33.3,9.0,50.0,3.0,16.7,Marcus Morris,14,1,2017-2018,1.0,1,5.0,BOS,120,Terry Rozier,Semi Ojeleye,1:00,,,,,,,,,,,37:46,Al Horford,35:28,Jaylen Brown,33:13,Jayson Tatum,29:47,Aron Baynes,23:50,Shane Larkin,20:31,Greg Monroe,16:31,Guerschon Yabusele,10:38,Abdel Nader,1:00
1,1.000,1,12.500,0,0.00,92,0,5,100.0,2,.250,1.0,14.3,7.0,8,2,1.000,2,25.000,Logos via Sports Logos.net / About logos,L,https://www.basketball-reference.com/boxscores/201804200MIL.html,Away,116,24:38,0,0.0,MIL,Khris Middleton,Brandon Jennings,4:56,Sterling Brown,3:42,Shabazz Muhammad,3:42,,,,,,,32:58,Jabari Parker,30:13,Malcolm Brogdon,28:34,Giannis Antetokounmpo,27:21,Eric Bledsoe,26:59,Thon Maker,24:19,Tony Snell,22:21,Tyler Zeller,18:50,Matthew Dellavedova,16:05,116,3,7,2.0,28.6,3.0,42.9,2.0,28.6,Marcus Morris,24,0,2017-2018,0.0,4,5.0,BOS,92,Terry Rozier,Guerschon Yabusele,6:37,,,,,,,,,,,31:11,Aron Baynes,29:53,Jaylen Brown,29:05,Jayson Tatum,27:27,Al Horford,24:29,Greg Monroe,23:10,Shane Larkin,18:39,Semi Ojeleye,12:51,Abdel Nader,12:00
1,1.000,1,7.143,0,0.00,102,0,2,50.0,4,.286,3.0,23.1,13.0,14,4,.667,6,42.857,Logos via Sports Logos.net / About logos,L,https://www.basketball-reference.com/boxscores/201804220MIL.html,Away,104,26:19,2,50.0,MIL,Giannis Antetokounmpo,,,,,,,,,,,,,40:26,Khris Middleton,36:39,Thon Maker,30:47,Eric Bledsoe,30:41,Malcolm Brogdon,30:34,Jabari Parker,24:51,Tony Snell,17:46,Matthew Dellavedova,17:19,Tyler Zeller,10:57,104,5,13,6.0,46.2,3.0,23.1,4.0,30.8,Marcus Morris,2,0,2017-2018,0.0,1,4.0,BOS,102,Jaylen Brown,,,,,,,,,,,,,41:26,Al Horford,36:39,Jayson Tatum,35:57,Terry Rozier,35:51,Aron Baynes,19:13,Semi Ojeleye,17:05,Shane Larkin,16:32,Guerschon Yabusele,5:50,Greg Monroe,5:08
1,.250,4,40.000,2,2.00,87,0,7,87.5,4,.400,3.0,50.0,6.0,10,1,.500,2,20.000,Logos via Sports Logos.net / About logos,W,https://www.basketball-reference.com/boxscores/201804240BOS.html,Home,92,26:03,1,12.5,MIL,Giannis Antetokounmpo,Shabazz Muhammad,9:46,,,,,,,,,,,41:27,Khris Middleton,41:03,Eric Bledsoe,34:22,Jabari Parker,32:26,Thon Maker,23:29,Malcolm Brogdon,18:34,Matthew Dellavedova,15:34,Tony Snell,12:50,Tyler Zeller,10:29,87,0,10,6.0,60.0,3.0,30.0,1.0,10.0,Marcus Morris,5,1,2017-2018,1.0,1,8.0,BOS,92,Jaylen Brown,,,,,,,,,,,,,38:00,Al Horford,37:33,Terry Rozier,33:02,Semi Ojeleye,31:04,Marcus Smart,24:55,Jayson Tatum,24:42,Shane Larkin,14:14,Aron Baynes,10:27,,
1,.250,4,28.571,2,,86,0,1,100.0,5,.357,4.0,40.0,10.0,14,3,1.000,3,21.429,Logos via Sports Logos.net / About logos,L,https://www.basketball-reference.com/boxscores/201804260MIL.html,Away,97,26:29,0,0.0,MIL,Giannis Antetokounmpo,,,,,,,,,,,,,41:24,Khris Middleton,38:59,Eric Bledsoe,32:07,Malcolm Brogdon,27:06,Jabari Parker,26:06,Thon Maker,24:55,Tony Snell,21:59,Matthew Dellavedova,16:17,Tyler Zeller,11:07,97,2,14,8.0,57.1,3.0,21.4,3.0,21.4,Marcus Morris,11,0,2017-2018,0.0,0,1.0,BOS,86,Jaylen Brown,Abdel Nader,0:24,Guerschon Yabusele,0:24,,,,,,,,,40:22,Terry Rozier,37:11,Al Horford,33:28,Jayson Tatum,32:28,Marcus Smart,26:06,Semi Ojeleye,21:39,Aron Baynes,9:13,Shane Larkin,9:03,Greg Monroe,3:13
1,.500,2,25.000,0,,96,0,4,100.0,4,.500,3.0,50.0,6.0,8,1,.333,3,37.500,Logos via Sports Logos.net / About logos,W,https://www.basketball-reference.com/boxscores/201804280BOS.html,Home,112,23:54,0,0.0,MIL,Giannis Antetokounmpo,Tony Snell,3:23,Shabazz Muhammad,2:51,,,,,,,,,41:34,Khris Middleton,41:14,Eric Bledsoe,34:01,Malcolm Brogdon,30:28,Jabari Parker,29:06,Thon Maker,25:11,Jason Terry,20:23,Matthew Dellavedova,7:45,Tyler Zeller,4:04,96,5,10,6.0,60.0,3.0,30.0,1.0,10.0,Marcus Morris,16,1,2017-2018,1.0,0,4.0,BOS,112,Jayson Tatum,Guerschon Yabusele,0:42,,,,,,,,,,,39:01,Terry Rozier,36:03,Al Horford,32:59,Marcus Smart,31:55,Semi Ojeleye,29:20,Jaylen Brown,16:01,Aron Baynes,15:01,Shane Larkin,14:23,Abdel Nader,0:42
1,.250,4,33.333,1,,101,1,5,100.0,5,.417,4.0,50.0,8.0,12,0,,0,0.000,Logos via Sports Logos.net / About logos,W,https://www.basketball-reference.com/boxscores/201804300BOS.html,Home,117,27:52,0,0.0,PHI,Ben Simmons,Amir Johnson,4:59,Jerryd Bayless,1:44,Richaun Holmes,1:44,,,,,,,41:52,Joel Embiid,35:01,JJ Redick,34:04,Dario Šarić,33:01,Marco Belinelli,28:02,Robert Covington,26:54,Ersan İlyasova,21:15,T.J. McConnell,6:08,Justin Anderson,5:16,101,2,11,8.0,72.7,3.0,27.3,0.0,0.0,Marcus Morris,16,0,2017-2018,1.0,0,5.0,BOS,117,Jayson Tatum,,,,,,,,,,,,,39:39,Terry Rozier,34:53,Al Horford,32:59,Marcus Smart,32:09,Aron Baynes,29:16,Semi Ojeleye,21:37,Shane Larkin,18:07,Abdel Nader,1:44,Guerschon Yabusele,1:44
2,.667,3,37.500,3,,103,0,5,83.3,3,.375,1.0,20.0,5.0,8,3,.750,4,50.000,Logos via Sports Logos.net / About logos,W,https://www.basketball-reference.com/boxscores/201805030BOS.html,Home,108,28:23,1,16.7,PHI,Robert Covington,,,,,,,,,,,,,40:26,Joel Embiid,36:53,JJ Redick,36:00,Dario Šarić,34:02,Ben Simmons,30:50,Marco Belinelli,19:34,T.J. McConnell,17:12,Ersan İlyasova,16:00,Amir Johnson,9:03,103,3,11,2.0,18.2,6.0,54.5,3.0,27.3,Marcus Morris,5,0,2017-2018,0.0,0,6.0,BOS,108,Marcus Smart,,,,,,,,,,,,,39:29,Terry Rozier,38:04,Al Horford,37:07,Jayson Tatum,33:20,Jaylen Brown,24:41,Aron Baynes,21:11,Shane Larkin,9:56,Greg Monroe,6:15,Semi Ojeleye,1:34
1,.143,7,50.000,3,,101,1,6,85.7,3,.214,2.0,28.6,7.0,14,2,1.000,2,14.286,Logos via Sports Logos.net / About logos,W,https://www.basketball-reference.com/boxscores/201805050PHI.html,Away,98,35:25,1,14.3,PHI,Ben Simmons,,,,,,,,,,,,,42:41,JJ Redick,41:18,Joel Embiid,41:10,Marco Belinelli,36:25,Dario Šarić,34:12,Ersan İlyasova,27:02,Robert Covington,24:50,T.J. McConnell,14:13,Amir Johnson,3:09,98,1,9,4.0,44.4,3.0,33.3,2.0,22.2,Marcus Morris,3,0,2017-2018,1.0,0,7.0,BOS,101,Terry Rozier,,,,,,,,,,,,,44:28,Al Horford,41:34,Jayson Tatum,41:27,Marcus Smart,31:28,Jaylen Brown,29:14,Aron Baynes,23:23,Shane Larkin,14:26,Semi Ojeleye,3:36,,
3,.500,6,40.000,1,1.00,92,2,4,80.0,6,.400,3.0,33.3,9.0,15,2,.667,3,20.000,Logos via Sports Logos.net / About logos,L,https://www.basketball-reference.com/boxscores/201805070PHI.html,Away,103,34:07,1,20.0,PHI,Dario Šarić,,,,,,,,,,,,,38:57,T.J. McConnell,38:57,Joel Embiid,35:17,JJ Redick,32:38,Ben Simmons,32:35,Marco Belinelli,24:31,Robert Covington,19:00,Ersan İlyasova,17:19,Justin Anderson,0:46,103,5,17,6.0,35.3,9.0,52.9,2.0,11.8,Marcus Morris,11,0,2017-2018,2.0,1,5.0,BOS,92,Terry Rozier,Abdel Nader,1:12,Guerschon Yabusele,1:12,,,,,,,,,39:06,Jayson Tatum,35:34,Al Horford,34:35,Marcus Smart,30:31,Jaylen Brown,23:00,Aron Baynes,19:18,Semi Ojeleye,12:25,Greg Monroe,7:15,Shane Larkin,1:45
0,.000,2,20.000,0,0.00,112,1,2,66.7,1,.100,1.0,12.5,8.0,10,4,1.000,4,40.000,Logos via Sports Logos.net / About logos,W,https://www.basketball-reference.com/boxscores/201805090BOS.html,Home,114,24:38,1,33.3,PHI,Dario Šarić,,,,,,,,,,,,,39:46,Joel Embiid,38:50,JJ Redick,38:14,T.J. McConnell,37:42,Ben Simmons,33:50,Robert Covington,20:34,Ersan İlyasova,17:00,Marco Belinelli,11:02,Justin Anderson,3:04,112,5,6,2.0,33.3,0.0,0.0,4.0,66.7,Marcus Morris,2,1,2017-2018,2.0,1,3.0,BOS,114,Terry Rozier,,,,,,,,,,,,,40:05,Jayson Tatum,39:24,Al Horford,38:34,Marcus Smart,33:02,Jaylen Brown,31:08,Aron Baynes,24:49,Semi Ojeleye,8:20,,,,
3,.750,4,33.333,0,0.00,83,0,9,90.0,7,.583,4.0,50.0,8.0,12,4,.800,5,41.667,Logos via Sports Logos.net / About logos,W,https://www.basketball-reference.com/boxscores/201805130BOS.html,Home,108,34:03,1,10.0,CLE,LeBron James,Cedi Osman,7:09,José Calderón,3:53,Larry Nance Jr.,3:53,Ante Žižić,2:52,,,,,36:07,Kevin Love,30:31,J.R. Smith,28:38,George Hill,28:18,Kyle Korver,23:27,Tristan Thompson,20:43,Jeff Green,19:45,Rodney Hood,18:55,Jordan Clarkson,15:49,83,3,21,8.0,38.1,9.0,42.9,4.0,19.0,Marcus Morris,25,0,2017-2018,0.0,1,10.0,BOS,108,Jayson Tatum,Guerschon Yabusele,4:35,,,,,,,,,,,37:00,Terry Rozier,34:23,Jaylen Brown,28:02,Al Horford,27:24,Aron Baynes,25:03,Marcus Smart,24:51,Semi Ojeleye,15:29,Greg Monroe,4:35,Abdel Nader,4:35
1,.250,4,28.571,3,3.00,94,0,4,80.0,5,.357,4.0,40.0,10.0,14,1,1.000,1,7.143,Logos via Sports Logos.net / About logos,W,https://www.basketball-reference.com/boxscores/201805150BOS.html,Home,107,34:03,1,20.0,CLE,LeBron James,José Calderón,1:48,Cedi Osman,1:48,,,,,,,,,38:46,Kevin Love,35:15,George Hill,33:18,Tristan Thompson,29:39,Jeff Green,27:52,J.R. Smith,27:22,Kyle Korver,21:30,Rodney Hood,11:21,Larry Nance Jr.,11:21,94,5,12,8.0,66.7,3.0,25.0,1.0,8.3,Marcus Morris,13,0,2017-2018,0.0,1,5.0,BOS,107,Al Horford,Abdel Nader,1:05,,,,,,,,,,,37:27,Terry Rozier,35:54,Jaylen Brown,35:10,Jayson Tatum,31:32,Marcus Smart,30:58,Aron Baynes,17:06,Semi Ojeleye,9:18,Greg Monroe,6:06,Guerschon Yabusele,1:21
1,.333,3,37.500,0,0.00,86,0,4,80.0,2,.250,1.0,20.0,5.0,8,4,1.000,4,50.000,Logos via Sports Logos.net / About logos,L,https://www.basketball-reference.com/boxscores/201805190CLE.html,Away,116,25:42,1,20.0,CLE,LeBron James,Cedi Osman,6:49,Ante Žižić,4:33,José Calderón,4:33,,,,,,,37:30,George Hill,29:45,Kevin Love,29:45,J.R. Smith,26:02,Tristan Thompson,22:38,Larry Nance Jr.,21:15,Kyle Korver,20:05,Jeff Green,18:50,Jordan Clarkson,18:15,116,3,9,2.0,22.2,3.0,33.3,4.0,44.4,Marcus Morris,30,0,2017-2018,0.0,1,5.0,BOS,86,Jayson Tatum,Abdel Nader,6:49,,,,,,,,,,,31:12,Al Horford,29:59,Terry Rozier,27:39,Marcus Smart,26:22,Aron Baynes,23:40,Jaylen Brown,20:45,Semi Ojeleye,20:23,Greg Monroe,16:21,Guerschon Yabusele,11:08
1,.500,2,25.000,1,0.50,102,0,1,33.3,4,.500,3.0,50.0,6.0,8,1,.500,2,25.000,Logos via Sports Logos.net / About logos,L,https://www.basketball-reference.com/boxscores/201805210CLE.html,Away,111,24:25,2,66.7,CLE,LeBron James,Cedi Osman,0:12,,,,,,,,,,,41:53,Tristan Thompson,38:24,George Hill,38:11,J.R. Smith,32:51,Kevin Love,28:57,Kyle Korver,25:05,Jeff Green,20:02,Larry Nance Jr.,10:23,Jordan Clarkson,4:02,111,5,10,6.0,60.0,3.0,30.0,1.0,10.0,Marcus Morris,9,1,2017-2018,1.0,2,3.0,BOS,102,Al Horford,,,,,,,,,,,,,41:49,Jaylen Brown,39:43,Terry Rozier,39:16,Jayson Tatum,38:20,Marcus Smart,30:35,Aron Baynes,16:25,Semi Ojeleye,9:27,,,,
3,.500,6,46.154,0,0.00,83,0,5,83.3,5,.385,2.0,28.6,7.0,13,0,,0,0.000,Logos via Sports Logos.net / About logos,W,https://www.basketball-reference.com/boxscores/201805230BOS.html,Home,96,37:28,1,16.7,CLE,LeBron James,Cedi Osman,3:11,Rodney Hood,2:53,Ante Žižić,2:36,José Calderón,2:36,,,,,39:16,Kevin Love,30:39,George Hill,30:10,Tristan Thompson,26:10,J.R. Smith,26:05,Jeff Green,25:44,Kyle Korver,18:37,Larry Nance Jr.,16:49,Jordan Clarkson,15:14,83,3,13,4.0,30.8,9.0,69.2,0.0,0.0,Marcus Morris,13,1,2017-2018,1.0,1,6.0,BOS,96,Jayson Tatum,,,,,,,,,,,,,40:45,Al Horford,34:59,Jaylen Brown,34:34,Terry Rozier,34:16,Aron Baynes,29:20,Marcus Smart,23:26,Abdel Nader,2:36,Guerschon Yabusele,2:36,,
2,.667,3,30.000,1,0.50,99,0,1,50.0,3,.300,1.0,14.3,7.0,10,2,.500,4,40.000,Logos via Sports Logos.net / About logos,L,https://www.basketball-reference.com/boxscores/201805250CLE.html,Away,109,30:00,1,50.0,CLE,LeBron James,Cedi Osman,0:57,,,,,,,,,,,46:06,J.R. Smith,38:08,George Hill,33:47,Jeff Green,31:21,Kyle Korver,26:10,Tristan Thompson,22:42,Larry Nance Jr.,21:34,Jordan Clarkson,14:13,Kevin Love,5:02,109,2,10,2.0,20.0,6.0,60.0,2.0,20.0,Marcus Morris,10,0,2017-2018,0.0,2,2.0,BOS,99,Terry Rozier,Guerschon Yabusele,0:58,,,,,,,,,,,39:45,Jayson Tatum,39:04,Al Horford,37:20,Jaylen Brown,33:58,Marcus Smart,32:32,Aron Baynes,18:56,Greg Monroe,5:32,Semi Ojeleye,0:58,Abdel Nader,0:58
2,.333,6,42.857,2,,87,0,8,66.7,5,.357,3.0,37.5,8.0,14,2,.500,4,28.571,Logos via Sports Logos.net / About logos,L,https://www.basketball-reference.com/boxscores/201805270BOS.html,Home,79,32:50,4,33.3,CLE,LeBron James,,,,,,,,,,,,,48:00,J.R. Smith,42:26,Jeff Green,41:54,George Hill,38:02,Tristan Thompson,34:51,Kyle Korver,17:36,Jordan Clarkson,9:20,Larry Nance Jr.,7:51,,,87,3,14,6.0,42.9,6.0,42.9,2.0,14.3,Marcus Morris,8,1,2017-2018,1.0,0,12.0,BOS,79,Jayson Tatum,,,,,,,,,,,,,42:09,Al Horford,40:11,Jaylen Brown,38:56,Terry Rozier,36:16,Marcus Smart,30:50,Aron Baynes,18:48,,,,,,
2,.286,7,58.333,0,0.00,87,0,8,80.0,7,.583,5.0,100.0,5.0,12,0,,0,0.000,Logos via Sports Logos.net / About logos,W,https://www.basketball-reference.com/boxscores/201810160BOS.html,Home,105,20:30,2,20.0,PHI,Ben Simmons,Jonah Bolden,1:27,Furkan Korkmaz,1:27,,,,,,,,,42:45,Joel Embiid,36:49,Robert Covington,34:12,JJ Redick,29:46,Markelle Fultz,24:20,Dario Šarić,22:55,T.J. McConnell,22:26,Landry Shamet,12:42,Amir Johnson,11:11,87,5,16,10.0,62.5,6.0,37.5,0.0,0.0,Marcus Morris,18,2,2018-2019,2.0,1,10.0,BOS,105,Al Horford,Semi Ojeleye,1:27,Guerschon Yabusele,1:27,Brad Wanamaker,0:49,,,,,,,29:57,Kyrie Irving,29:00,Jayson Tatum,28:56,Jaylen Brown,28:23,Terry Rozier,26:31,Marcus Smart,25:01,Gordon Hayward,24:37,Aron Baynes,19:14,Daniel Theis,4:08
2,.500,4,57.143,1,0.50,101,1,2,100.0,3,.429,1.0,33.3,3.0,7,0,,0,0.000,Logos via Sports Logos.net / About logos,L,https://www.basketball-reference.com/boxscores/201810190TOR.html,Away,113,25:45,0,0.0,TOR,Kawhi Leonard,Norman Powell,10:27,,,,,,,,,,,35:52,Kyle Lowry,34:19,Serge Ibaka,33:32,Danny Green,32:28,Fred VanVleet,27:43,OG Anunoby,21:18,Pascal Siakam,17:36,Jonas Valančiūnas,14:28,C.J. Miles,12:17,113,4,8,2.0,25.0,6.0,75.0,0.0,0.0,Marcus Morris,12,0,2018-2019,1.0,2,2.0,BOS,101,Jayson Tatum,,,,,,,,,,,,,36:47,Kyrie Irving,35:56,Al Horford,33:26,Gordon Hayward,24:17,Jaylen Brown,24:10,Terry Rozier,23:13,Marcus Smart,21:52,Aron Baynes,14:34,,
2,.400,5,41.667,2,2.00,103,0,6,100.0,4,.333,2.0,28.6,7.0,12,6,1.000,6,50.000,Logos via Sports Logos.net / About logos,W,https://www.basketball-reference.com/boxscores/201810200NYK.html,Away,101,25:39,0,0.0,NYK,Tim Hardaway Jr.,Mario Hezonja,9:45,Mitchell Robinson,9:25,Kevin Knox,4:07,,,,,,,37:24,Enes Freedom,31:08,Trey Burke,30:27,Allonzo Trier,25:15,Damyean Dotson,22:21,Noah Vonleh,21:42,Frank Ntilikina,18:52,Lance Thomas,17:07,Ron Baker,12:27,101,2,16,4.0,25.0,6.0,37.5,6.0,37.5,Marcus Morris,2,0,2018-2019,0.0,1,6.0,BOS,103,Jaylen Brown,Semi Ojeleye,2:18,,,,,,,,,,,38:27,Jayson Tatum,35:11,Kyrie Irving,32:06,Marcus Smart,28:01,Al Horford,23:55,Terry Rozier,22:54,Daniel Theis,14:03,Aron Baynes,11:39,Guerschon Yabusele,5:47
0,,0,0.000,0,0.00,93,0,7,100.0,3,.600,3.0,60.0,5.0,5,1,.500,2,40.000,Logos via Sports Logos.net / About logos,L,https://www.basketball-reference.com/boxscores/201810220BOS.html,Home,90,20:19,0,0.0,ORL,Aaron Gordon,,,,,,,,,,,,,38:35,Evan Fournier,32:44,Nikola Vučević,32:37,D.J. Augustin,29:43,Jonathan Isaac,26:04,Jonathon Simmons,23:32,Terrence Ross,19:14,Mo Bamba,19:14,Jerian Grant,18:17,93,2,7,6.0,85.7,0.0,0.0,1.0,14.3,Marcus Morris,3,0,2018-2019,0.0,1,7.0,BOS,90,Jayson Tatum,Robert Williams,3:30,Guerschon Yabusele,2:31,,,,,,,,,34:25,Kyrie Irving,34:01,Al Horford,32:14,Jaylen Brown,31:18,Gordon Hayward,24:56,Marcus Smart,19:20,Terry Rozier,15:29,Daniel Theis,15:04,Semi Ojeleye,6:53
4,.800,5,50.000,1,0.50,101,0,10,100.0,5,.500,1.0,20.0,5.0,10,7,.875,8,80.000,Logos via Sports Logos.net / About logos,W,https://www.basketball-reference.com/boxscores/201810250OKC.html,Away,95,29:37,0,0.0,OKC,Paul George,Terrance Ferguson,13:51,,,,,,,,,,,35:56,Steven Adams,32:50,Russell Westbrook,32:22,Jerami Grant,30:36,Dennis Schröder,23:44,Hamidou Diallo,19:34,Álex Abrines,18:33,Patrick Patterson,17:24,Nerlens Noel,15:10,95,4,21,2.0,9.5,12.0,57.1,7.0,33.3,Marcus Morris,6,0,2018-2019,0.0,2,10.0,BOS,101,Jayson Tatum,,,,,,,,,,,,,34:26,Kyrie Irving,33:33,Al Horford,31:27,Terry Rozier,24:57,Jaylen Brown,23:47,Gordon Hayward,23:41,Marcus Smart,21:23,Daniel Theis,8:42,Semi Ojeleye,8:27
3,.500,6,50.000,1,1.00,109,0,7,87.5,7,.583,4.0,66.7,6.0,12,1,1.000,1,8.333,Logos via Sports Logos.net / About logos,W,https://www.basketball-reference.com/boxscores/201810270DET.html,Away,89,24:52,1,12.5,DET,Blake Griffin,José Calderón,10:20,Glenn Robinson III,8:59,Henry Ellenson,7:31,Jon Leuer,6:25,,,,,30:13,Andre Drummond,29:26,Stanley Johnson,27:28,Reggie Jackson,26:33,Ish Smith,26:07,Reggie Bullock,26:02,Langston Galloway,17:12,Zaza Pachulia,12:09,Bruce Brown,11:35,89,3,18,8.0,44.4,9.0,50.0,1.0,5.6,Marcus Morris,20,0,2018-2019,0.0,1,8.0,BOS,109,Jayson Tatum,Brad Wanamaker,5:15,Guerschon Yabusele,5:15,Semi Ojeleye,5:15,,,,,,,28:19,Terry Rozier,27:21,Jaylen Brown,25:15,Gordon Hayward,23:41,Kyrie Irving,23:27,Marcus Smart,23:20,Al Horford,20:42,Daniel Theis,19:19,Robert Williams,7:59
2,.500,4,36.364,2,0.50,105,0,8,88.9,5,.455,3.0,42.9,7.0,11,3,.750,4,36.364,Logos via Sports Logos.net / About logos,W,https://www.basketball-reference.com/boxscores/201810300BOS.html,Home,108,30:57,1,11.1,DET,Stanley Johnson,Glenn Robinson III,10:53,,,,,,,,,,,34:34,Blake Griffin,34:22,Reggie Bullock,32:31,Andre Drummond,31:15,Ish Smith,27:50,Reggie Jackson,26:46,Zaza Pachulia,16:45,Bruce Brown,13:09,José Calderón,11:55,105,4,15,6.0,40.0,6.0,40.0,3.0,20.0,Marcus Morris,3,1,2018-2019,1.0,4,9.0,BOS,108,Kyrie Irving,Robert Williams,0:59,,,,,,,,,,,33:25,Al Horford,32:50,Jaylen Brown,32:12,Jayson Tatum,30:06,Gordon Hayward,25:53,Terry Rozier,19:28,Marcus Smart,19:02,Aron Baynes,12:09,Guerschon Yabusele,2:59
5,.625,8,72.727,1,0.50,113,1,3,60.0,6,.545,1.0,33.3,3.0,11,0,,0,0.000,Logos via Sports Logos.net / About logos,W,https://www.basketball-reference.com/boxscores/201811010BOS.html,Home,117,24:21,2,40.0,MIL,Giannis Antetokounmpo,Pat Connaughton,8:54,,,,,,,,,,,36:16,Khris Middleton,34:17,Eric Bledsoe,32:51,Malcolm Brogdon,28:59,Ersan İlyasova,26:22,Donte DiVincenzo,24:24,Brook Lopez,23:29,Tony Snell,14:33,John Henson,9:55,113,3,17,2.0,11.8,15.0,88.2,0.0,0.0,Marcus Morris,4,1,2018-2019,2.0,2,5.0,BOS,117,Kyrie Irving,,,,,,,,,,,,,33:17,Al Horford,31:57,Jayson Tatum,31:39,Marcus Smart,27:56,Gordon Hayward,26:38,Terry Rozier,26:08,Semi Ojeleye,22:28,Aron Baynes,15:34,Robert Williams,0:02
4,.667,6,46.154,1,0.50,101,1,4,66.7,9,.692,5.0,71.4,7.0,13,1,1.000,1,7.692,Logos via Sports Logos.net / About logos,L,https://www.basketball-reference.com/boxscores/201811030IND.html,Away,102,32:30,2,33.3,IND,Victor Oladipo,Doug McDermott,11:26,,,,,,,,,,,36:31,Thaddeus Young,29:24,Myles Turner,28:02,Domantas Sabonis,27:05,Darren Collison,25:45,Cory Joseph,25:00,Bojan Bogdanović,23:29,Tyreke Evans,21:49,T.J. Leaf,11:29,102,3,23,10.0,43.5,12.0,52.2,1.0,4.3,Marcus Morris,1,1,2018-2019,2.0,2,6.0,BOS,101,Jayson Tatum,,,,,,,,,,,,,33:17,Jaylen Brown,31:06,Al Horford,28:37,Kyrie Irving,27:23,Gordon Hayward,25:42,Marcus Smart,23:08,Aron Baynes,19:21,Terry Rozier,18:56,,
0,.000,4,44.444,1,0.25,107,0,6,100.0,3,.333,3.0,60.0,5.0,9,0,,0,0.000,Logos via Sports Logos.net / About logos,L,https://www.basketball-reference.com/boxscores/201811050DEN.html,Away,115,20:23,0,0.0,DEN,Jamal Murray,Torrey Craig,2:44,,,,,,,,,,,38:13,Gary Harris,37:21,Paul Millsap,27:59,Nikola Jokić,27:27,Juancho Hernangómez,24:19,Trey Lyles,23:05,Malik Beasley,21:53,Monte Morris,19:30,Mason Plumlee,17:29,115,2,6,6.0,100.0,0.0,0.0,0.0,0.0,Marcus Morris,8,0,2018-2019,0.0,4,6.0,BOS,107,Jayson Tatum,Robert Williams,2:21,,,,,,,,,,,34:42,Kyrie Irving,33:57,Al Horford,32:40,Jaylen Brown,28:49,Gordon Hayward,25:52,Marcus Smart,25:05,Terry Rozier,22:21,Aron Baynes,10:33,Semi Ojeleye,3:17
2,.400,5,38.462,3,1.50,116,0,7,87.5,7,.538,5.0,62.5,8.0,13,1,.500,2,15.385,Logos via Sports Logos.net / About logos,W,https://www.basketball-reference.com/boxscores/201811080PHO.html,Away,109,28:05,1,12.5,PHO,Devin Booker,Josh Jackson,5:14,,,,,,,,,,,42:39,Isaiah Canaan,41:54,Trevor Ariza,41:45,T.J. Warren,41:42,Deandre Ayton,38:18,Ryan Anderson,15:20,Richaun Holmes,14:42,Mikal Bridges,12:52,Elie Okobo,10:34,109,3,17,10.0,58.8,6.0,35.3,1.0,5.9,Marcus Morris,7,0,2018-2019,0.0,2,8.0,BOS,116,Kyrie Irving,Guerschon Yabusele,4:47,,,,,,,,,,,43:17,Jaylen Brown,38:37,Al Horford,32:43,Jayson Tatum,29:40,Marcus Smart,26:59,Gordon Hayward,24:54,Terry Rozier,20:35,Aron Baynes,7:59,Semi Ojeleye,7:24
2,.500,4,36.364,2,1.00,115,0,5,100.0,5,.455,3.0,42.9,7.0,11,4,1.000,4,36.364,Logos via Sports Logos.net / About logos,L,https://www.basketball-reference.com/boxscores/201811090UTA.html,Away,123,27:01,0,0.0,UTA,Ricky Rubio,Dante Exum,2:47,,,,,,,,,,,37:03,Rudy Gobert,36:01,Joe Ingles,35:01,Donovan Mitchell,33:50,Jae Crowder,30:10,Derrick Favors,21:39,Alec Burks,21:12,Royce O'Neale,14:04,Georges Niang,8:13,123,1,16,6.0,37.5,6.0,37.5,4.0,25.0,Marcus Morris,8,2,2018-2019,2.0,2,5.0,BOS,115,Jayson Tatum,,,,,,,,,,,,,36:13,Terry Rozier,36:09,Marcus Smart,33:13,Jaylen Brown,29:54,Al Horford,28:32,Gordon Hayward,25:40,Aron Baynes,14:55,Semi Ojeleye,8:06,Guerschon Yabusele,0:17
3,.500,6,54.545,0,0.00,94,0,6,100.0,5,.455,2.0,40.0,5.0,11,0,,0,0.000,Logos via Sports Logos.net / About logos,L,https://www.basketball-reference.com/boxscores/201811110POR.html,Away,100,24:44,0,0.0,POR,Damian Lillard,Nik Stauskas,13:03,,,,,,,,,,,35:15,CJ McCollum,34:49,Al-Farouq Aminu,30:04,Jusuf Nurkić,27:33,Evan Turner,27:09,Zach Collins,20:09,Seth Curry,19:40,Meyers Leonard,17:56,Jake Layman,14:22,100,1,13,4.0,30.8,9.0,69.2,0.0,0.0,Marcus Morris,6,1,2018-2019,1.0,2,6.0,BOS,94,Jayson Tatum,,,,,,,,,,,,,34:45,Al Horford,34:26,Kyrie Irving,32:23,Gordon Hayward,31:04,Jaylen Brown,28:37,Marcus Smart,21:46,Terry Rozier,18:41,Aron Baynes,8:50,Daniel Theis,4:44
1,.500,2,25.000,0,0.00,116,0,6,85.7,4,.500,3.0,50.0,6.0,8,2,.667,3,37.500,Logos via Sports Logos.net / About logos,W,https://www.basketball-reference.com/boxscores/201811160BOS.html,Home,123,33:04,1,14.3,TOR,Kyle Lowry,,,,,,,,,,,,,42:35,Kawhi Leonard,42:32,Pascal Siakam,39:14,Serge Ibaka,34:29,Danny Green,30:07,Delon Wright,25:31,Fred VanVleet,22:07,Jonas Valančiūnas,19:04,OG Anunoby,9:21,116,3,11,6.0,54.5,3.0,27.3,2.0,18.2,Marcus Morris,7,0,2018-2019,0.0,2,7.0,BOS,123,Gordon Hayward,,,,,,,,,,,,,39:03,Kyrie Irving,38:33,Jayson Tatum,37:32,Al Horford,35:14,Jaylen Brown,25:20,Terry Rozier,19:50,Marcus Smart,18:38,Aron Baynes,17:46,,
0,.000,4,57.143,1,1.00,98,0,1,50.0,1,.143,1.0,33.3,3.0,7,1,.500,2,28.571,Logos via Sports Logos.net / About logos,L,https://www.basketball-reference.com/boxscores/201811170BOS.html,Home,86,19:49,1,50.0,UTA,Donovan Mitchell,Georges Niang,7:34,Grayson Allen,2:20,Ekpe Udoh,2:20,,,,,,,35:58,Rudy Gobert,30:47,Joe Ingles,30:02,Ricky Rubio,28:17,Jae Crowder,27:09,Derrick Favors,23:33,Dante Exum,20:00,Royce O'Neale,19:30,Alec Burks,12:30,98,2,3,2.0,66.7,0.0,0.0,1.0,33.3,Marcus Morris,12,0,2018-2019,0.0,1,2.0,BOS,86,Kyrie Irving,Semi Ojeleye,12:00,Guerschon Yabusele,8:58,Brad Wanamaker,8:58,,,,,,,30:22,Gordon Hayward,26:04,Jaylen Brown,24:43,Jayson Tatum,23:32,Al Horford,21:15,Terry Rozier,20:56,Marcus Smart,16:38,Aron Baynes,14:21,Daniel Theis,12:24
0,.000,2,25.000,1,0.33,112,0,8,100.0,3,.375,3.0,50.0,6.0,8,3,1.000,3,37.500,Logos via Sports Logos.net / About logos,L,https://www.basketball-reference.com/boxscores/201811190CHO.html,Away,117,25:36,0,0.0,CHO,Kemba Walker,Malik Monk,7:48,,,,,,,,,,,38:55,Nicolas Batum,35:52,Cody Zeller,32:03,Jeremy Lamb,27:58,Marvin Williams,25:03,Miles Bridges,22:57,Tony Parker,20:15,Willy Hernangómez,15:36,Dwayne Bacon,13:33,117,0,9,6.0,66.7,0.0,0.0,3.0,33.3,Marcus Morris,5,0,2018-2019,0.0,3,8.0,BOS,112,Kyrie Irving,,,,,,,,,,,,,33:42,Al Horford,30:59,Gordon Hayward,30:49,Jayson Tatum,30:28,Marcus Smart,26:19,Terry Rozier,19:27,Jaylen Brown,19:25,Daniel Theis,15:53,Aron Baynes,7:22
3,.500,6,46.154,4,4.00,117,0,7,87.5,7,.538,4.0,57.1,7.0,13,4,1.000,4,30.769,Logos via Sports Logos.net / About logos,L,https://www.basketball-reference.com/boxscores/201811210BOS.html,Home,109,30:00,1,12.5,NYK,Tim Hardaway Jr.,Mario Hezonja,13:02,,,,,,,,,,,37:37,Trey Burke,31:55,Noah Vonleh,30:21,Frank Ntilikina,27:08,Kevin Knox,25:44,Enes Freedom,22:59,Emmanuel Mudiay,19:30,Mitchell Robinson,16:25,Allonzo Trier,15:19,117,4,21,8.0,38.1,9.0,42.9,4.0,19.0,Marcus Morris,8,1,2018-2019,1.0,1,8.0,BOS,109,Kyrie Irving,,,,,,,,,,,,,36:58,Al Horford,35:17,Gordon Hayward,31:35,Jayson Tatum,29:00,Jaylen Brown,25:58,Marcus Smart,19:56,Terry Rozier,15:52,Aron Baynes,11:45,Daniel Theis,3:39
2,.286,7,70.000,2,2.00,114,0,4,100.0,3,.300,1.0,33.3,3.0,10,0,,0,0.000,Logos via Sports Logos.net / About logos,W,https://www.basketball-reference.com/boxscores/201811230ATL.html,Away,96,24:28,0,0.0,ATL,Jeremy Lin,Kent Bazemore,10:11,Vince Carter,10:11,Omari Spellman,7:46,Miles Plumlee,4:03,,,,,30:07,John Collins,30:03,DeAndre' Bembry,25:57,Dewayne Dedmon,24:21,Kevin Huerter,23:11,Alex Len,19:37,Trae Young,19:26,Taurean Prince,17:41,Justin Anderson,17:26,96,1,8,2.0,25.0,6.0,75.0,0.0,0.0,Marcus Morris,18,1,2018-2019,1.0,1,4.0,BOS,114,Terry Rozier,Robert Williams,8:37,Brad Wanamaker,7:17,Guerschon Yabusele,2:48,,,,,,,25:04,Semi Ojeleye,23:32,Marcus Smart,23:13,Aron Baynes,23:02,Jayson Tatum,22:56,Gordon Hayward,22:03,Jaylen Brown,21:18,Kyrie Irving,19:48,Daniel Theis,15:54
1,.333,3,30.000,2,,104,0,4,80.0,6,.600,5.0,71.4,7.0,10,0,,0,0.000,Logos via Sports Logos.net / About logos,L,https://www.basketball-reference.com/boxscores/201811240DAL.html,Away,113,29:38,1,20.0,DAL,DeAndre Jordan,Salah Mejri,7:48,,,,,,,,,,,33:26,Wesley Matthews,32:56,Luka Dončić,30:52,Harrison Barnes,30:26,Dorian Finney-Smith,29:53,J.J. Barea,26:19,Maxi Kleber,22:39,Devin Harris,17:05,Jalen Brunson,8:36,113,4,13,10.0,76.9,3.0,23.1,0.0,0.0,Marcus Morris,9,1,2018-2019,1.0,0,5.0,BOS,104,Jayson Tatum,,,,,,,,,,,,,36:24,Kyrie Irving,34:33,Al Horford,31:22,Jaylen Brown,30:24,Marcus Smart,25:11,Semi Ojeleye,18:33,Terry Rozier,17:17,Aron Baynes,16:38,,
3,.429,7,50.000,3,3.00,124,0,7,63.6,8,.571,5.0,71.4,7.0,14,0,,0,0.000,Logos via Sports Logos.net / About logos,W,https://www.basketball-reference.com/boxscores/201811260NOP.html,Away,107,30:21,4,36.4,NOP,Jrue Holiday,Tim Frazier,4:31,Cheick Diallo,2:26,Ian Clark,0:59,,,,,,,37:25,Anthony Davis,37:15,Nikola Mirotić,36:52,Darius Miller,30:16,E'Twaun Moore,25:36,Julius Randle,21:01,Solomon Hill,20:07,Wesley Johnson,17:09,Frank Jackson,6:23,107,4,19,10.0,52.6,9.0,47.4,0.0,0.0,Marcus Morris,17,0,2018-2019,0.0,1,11.0,BOS,124,Marcus Smart,Guerschon Yabusele,1:41,,,,,,,,,,,39:40,Jayson Tatum,34:51,Al Horford,32:09,Kyrie Irving,31:57,Gordon Hayward,23:10,Aron Baynes,20:07,Terry Rozier,18:50,Semi Ojeleye,5:31,Robert Williams,1:43
2,.500,4,44.444,1,1.00,95,0,4,100.0,4,.444,2.0,40.0,5.0,9,5,1.000,5,55.556,Logos via Sports Logos.net / About logos,W,https://www.basketball-reference.com/boxscores/201811300BOS.html,Home,128,26:04,0,0.0,CLE,Cedi Osman,Channing Frye,7:05,,,,,,,,,,,34:29,Collin Sexton,33:07,Larry Nance Jr.,31:06,Tristan Thompson,28:02,Alec Burks,26:25,Jordan Clarkson,21:44,Rodney Hood,21:35,Ante Žižić,19:58,Andrew Harrison,16:29,95,3,15,4.0,26.7,6.0,40.0,5.0,33.3,Marcus Morris,33,0,2018-2019,0.0,1,4.0,BOS,128,Marcus Smart,Brad Wanamaker,9:06,Robert Williams,7:50,PJ Dozier,5:47,,,,,,,29:15,Kyrie Irving,27:05,Gordon Hayward,23:53,Aron Baynes,22:48,Terry Rozier,20:38,Jayson Tatum,20:26,Daniel Theis,17:22,Guerschon Yabusele,15:08,Semi Ojeleye,14:38
4,.571,7,70.000,0,0.00,118,0,3,100.0,5,.500,1.0,33.3,3.0,10,2,1.000,2,20.000,Logos via Sports Logos.net / About logos,W,https://www.basketball-reference.com/boxscores/201812010MIN.html,Away,109,27:03,0,0.0,MIN,Robert Covington,,,,,,,,,,,,,38:18,Karl-Anthony Towns,37:36,Andrew Wiggins,32:53,Jeff Teague,32:45,Derrick Rose,29:25,Taj Gibson,23:09,Dario Šarić,20:24,Tyus Jones,15:06,Gorgui Dieng,10:24,109,5,16,2.0,12.5,12.0,75.0,2.0,12.5,Marcus Morris,9,2,2018-2019,2.0,2,3.0,BOS,118,Jayson Tatum,Robert Williams,0:00,,,,,,,,,,,35:19,Kyrie Irving,34:45,Al Horford,32:16,Gordon Hayward,29:46,Marcus Smart,27:31,Terry Rozier,20:34,Aron Baynes,16:31,Daniel Theis,8:28,Semi Ojeleye,7:47
0,.000,7,53.846,2,,100,0,3,100.0,5,.385,5.0,83.3,6.0,13,0,,0,0.000,Logos via Sports Logos.net / About logos,W,https://www.basketball-reference.com/boxscores/201812060BOS.html,Home,128,30:19,0,0.0,NYK,Noah Vonleh,Courtney Lee,10:21,Luke Kornet,2:43,,,,,,,,,34:17,Emmanuel Mudiay,34:16,Tim Hardaway Jr.,33:11,Kevin Knox,24:45,Enes Freedom,23:45,Mitchell Robinson,20:37,Damyean Dotson,20:00,Mario Hezonja,18:27,Allonzo Trier,17:38,100,2,10,10.0,100.0,0.0,0.0,0.0,0.0,Marcus Morris,28,1,2018-2019,1.0,0,3.0,BOS,128,Kyrie Irving,Brad Wanamaker,2:43,Guerschon Yabusele,2:43,Aron Baynes,1:45,,,,,,,30:08,Al Horford,27:53,Jayson Tatum,26:01,Jaylen Brown,25:12,Gordon Hayward,25:07,Terry Rozier,24:23,Marcus Smart,23:39,Daniel Theis,17:24,Semi Ojeleye,2:43
2,.400,5,55.556,2,2.00,133,0,8,88.9,4,.444,2.0,50.0,4.0,9,2,1.000,2,22.222,Logos via Sports Logos.net / About logos,W,https://www.basketball-reference.com/boxscores/201812080CHI.html,Away,77,25:16,1,11.1,CHI,Shaquille Harrison,Cristiano Felício,16:49,Wendell Carter Jr.,14:03,Robin Lopez,12:52,,,,,,,29:07,Jabari Parker,26:41,Cameron Payne,24:32,Chandler Hutchison,21:08,Justin Holiday,19:43,Ryan Arcidiacono,19:43,Zach LaVine,18:53,Lauri Markkanen,18:19,Antonio Blakeney,18:10,77,0,12,4.0,33.3,6.0,50.0,2.0,16.7,Marcus Morris,56,1,2018-2019,1.0,1,9.0,BOS,133,Daniel Theis,Brad Wanamaker,7:16,,,,,,,,,,,32:16,Jaylen Brown,28:29,Gordon Hayward,25:59,Terry Rozier,25:14,Kyrie Irving,22:46,Jayson Tatum,21:18,Marcus Smart,21:17,Guerschon Yabusele,15:44,Semi Ojeleye,14:25
5,.625,8,53.333,4,2.00,100,0,4,100.0,10,.667,5.0,71.4,7.0,15,6,.857,7,46.667,Logos via Sports Logos.net / About logos,W,https://www.basketball-reference.com/boxscores/201812100BOS.html,Home,113,32:03,0,0.0,NOP,Jrue Holiday,Andrew Harrison,3:21,Kenrich Williams,3:16,Wesley Johnson,2:33,Jahlil Okafor,2:30,,,,,38:44,Anthony Davis,37:47,Tim Frazier,32:25,Julius Randle,28:26,Darius Miller,27:16,Solomon Hill,20:01,Cheick Diallo,19:28,Ian Clark,17:10,Nikola Mirotić,7:03,100,5,31,10.0,32.3,15.0,48.4,6.0,19.4,Marcus Morris,13,0,2018-2019,0.0,2,4.0,BOS,113,Jayson Tatum,,,,,,,,,,,,,33:25,Terry Rozier,31:30,Marcus Smart,29:07,Robert Williams,25:30,Jaylen Brown,24:43,Daniel Theis,21:50,Semi Ojeleye,21:39,Brad Wanamaker,18:29,PJ Dozier,1:44
1,.250,4,20.000,2,,130,0,6,66.7,11,.550,10.0,62.5,16.0,20,4,1.000,4,20.000,Logos via Sports Logos.net / About logos,W,https://www.basketball-reference.com/boxscores/201812120WAS.html,Away,125,39:40,3,33.3,WAS,Jeff Green,,,,,,,,,,,,,45:27,John Wall,40:35,Kelly Oubre Jr.,38:29,Bradley Beal,38:02,Markieff Morris,34:49,Tomáš Satoranský,26:33,Austin Rivers,18:58,Thomas Bryant,18:11,Sam Dekker,3:56,125,2,27,20.0,74.1,3.0,11.1,4.0,14.8,Marcus Morris,5,0,2018-2019,0.0,0,9.0,BOS,130,Kyrie Irving,,,,,,,,,,,,,40:09,Jayson Tatum,39:49,Marcus Smart,39:12,Terry Rozier,34:48,Semi Ojeleye,16:37,Aron Baynes,16:02,Daniel Theis,14:23,Robert Williams,14:07,Brad Wanamaker,10:13
6,.750,8,66.667,1,,108,1,5,83.3,7,.583,1.0,25.0,4.0,12,0,,0,0.000,Logos via Sports Logos.net / About logos,W,https://www.basketball-reference.com/boxscores/201812140BOS.html,Home,129,24:49,1,16.7,ATL,Kevin Huerter,Tyler Dorsey,12:29,Daniel Hamilton,6:44,Justin Anderson,6:44,Jaylen Adams,4:27,,,,,31:06,John Collins,29:13,Kent Bazemore,28:56,Dewayne Dedmon,27:47,Trae Young,22:37,DeAndre' Bembry,20:33,Jeremy Lin,17:08,Vince Carter,16:10,Alex Len,16:06,108,0,20,2.0,10.0,18.0,90.0,0.0,0.0,Marcus Morris,21,1,2018-2019,2.0,0,6.0,BOS,129,Jayson Tatum,Semi Ojeleye,12:00,Brad Wanamaker,7:51,,,,,,,,,28:33,Marcus Smart,27:28,Terry Rozier,24:53,Kyrie Irving,23:34,Jaylen Brown,22:00,Daniel Theis,20:58,Gordon Hayward,17:41,Robert Williams,16:24,Aron Baynes,13:49
0,.000,6,60.000,3,,104,1,3,100.0,3,.300,3.0,75.0,4.0,10,3,.750,4,40.000,Logos via Sports Logos.net / About logos,L,https://www.basketball-reference.com/boxscores/201812150DET.html,Away,113,27:25,0,0.0,DET,Blake Griffin,Stanley Johnson,12:05,,,,,,,,,,,35:49,Andre Drummond,32:58,Reggie Bullock,30:02,Langston Galloway,28:36,José Calderón,24:01,Reggie Jackson,23:59,Luke Kennard,22:01,Bruce Brown,16:00,Jon Leuer,14:29,113,6,9,6.0,66.7,0.0,0.0,3.0,33.3,Marcus Morris,9,1,2018-2019,2.0,0,3.0,BOS,104,Kyrie Irving,,,,,,,,,,,,,32:52,Jayson Tatum,29:58,Marcus Smart,29:47,Gordon Hayward,28:04,Terry Rozier,22:50,Jaylen Brown,22:31,Aron Baynes,18:22,Daniel Theis,18:10,Robert Williams,10:01
2,.500,4,40.000,0,0.00,103,0,6,75.0,5,.500,3.0,50.0,6.0,10,0,,0,0.000,Logos via Sports Logos.net / About logos,W,https://www.basketball-reference.com/boxscores/201812230BOS.html,Home,119,20:27,2,25.0,CHO,Kemba Walker,Devonte' Graham,12:00,Tony Parker,11:21,Dwayne Bacon,8:59,,,,,,,28:38,Jeremy Lamb,27:33,Miles Bridges,26:43,Marvin Williams,25:55,Willy Hernangómez,23:00,Nicolas Batum,22:58,Cody Zeller,19:50,Michael Kidd-Gilchrist,18:01,Malik Monk,15:02,103,1,12,6.0,50.0,6.0,50.0,0.0,0.0,Marcus Morris,16,0,2018-2019,0.0,1,8.0,BOS,119,Kyrie Irving,Robert Williams,11:00,Brad Wanamaker,7:10,Guerschon Yabusele,6:16,,,,,,,28:53,Marcus Smart,28:34,Terry Rozier,25:30,Gordon Hayward,24:10,Jayson Tatum,23:15,Al Horford,19:08,Daniel Theis,17:52,Jaylen Brown,15:45,Semi Ojeleye,12:00
3,.600,5,38.462,3,1.50,114,1,4,66.7,8,.615,5.0,62.5,8.0,13,4,1.000,4,30.769,Logos via Sports Logos.net / About logos,W,https://www.basketball-reference.com/boxscores/201812250BOS.html,Home,121,36:36,2,33.3,PHI,Jimmy Butler,,,,,,,,,,,,,43:22,Joel Embiid,40:13,Wilson Chandler,39:35,JJ Redick,38:54,Ben Simmons,37:58,T.J. McConnell,23:53,Mike Muscala,17:21,Landry Shamet,14:06,Furkan Korkmaz,9:37,114,3,23,10.0,43.5,9.0,39.1,4.0,17.4,Marcus Morris,7,0,2018-2019,1.0,2,6.0,BOS,121,Kyrie Irving,,,,,,,,,,,,,39:33,Jayson Tatum,38:10,Al Horford,30:28,Marcus Smart,29:36,Gordon Hayward,28:26,Daniel Theis,22:14,Jaylen Brown,20:16,Terry Rozier,19:40,,
3,.600,5,45.455,2,1.00,113,1,6,100.0,6,.545,3.0,50.0,6.0,11,4,1.000,4,36.364,Logos via Sports Logos.net / About logos,L,https://www.basketball-reference.com/boxscores/201812270HOU.html,Away,127,28:57,0,0.0,HOU,James Harden,,,,,,,,,,,,,38:31,Clint Capela,37:40,P.J. Tucker,35:20,Eric Gordon,34:14,Austin Rivers,33:20,Danuel House Jr.,27:36,Gerald Green,22:59,Nenê,10:20,,,127,3,19,6.0,31.6,9.0,47.4,4.0,21.1,Marcus Morris,14,1,2018-2019,2.0,2,6.0,BOS,113,Kyrie Irving,Guerschon Yabusele,4:34,,,,,,,,,,,35:45,Marcus Smart,31:22,Jayson Tatum,28:54,Jaylen Brown,24:16,Al Horford,24:15,Gordon Hayward,24:12,Daniel Theis,18:04,Terry Rozier,15:02,Semi Ojeleye,4:38
4,.444,9,69.231,0,,112,0,4,100.0,7,.538,3.0,75.0,4.0,13,4,1.000,4,30.769,Logos via Sports Logos.net / About logos,W,https://www.basketball-reference.com/boxscores/201812290MEM.html,Away,103,33:05,0,0.0,MEM,Kyle Anderson,Wayne Selden,5:57,,,,,,,,,,,38:19,Marc Gasol,37:00,Mike Conley,36:10,Garrett Temple,28:01,Dillon Brooks,24:42,JaMychal Green,23:02,Jaren Jackson Jr.,21:32,Shelvin Mack,14:17,Joakim Noah,11:00,103,4,22,6.0,27.3,12.0,54.5,4.0,18.2,Marcus Morris,9,0,2018-2019,0.0,0,4.0,BOS,112,Kyrie Irving,Semi Ojeleye,4:45,,,,,,,,,,,34:52,Jayson Tatum,29:29,Marcus Smart,28:10,Gordon Hayward,26:37,Al Horford,23:17,Jaylen Brown,19:19,Terry Rozier,18:42,Guerschon Yabusele,16:03,Daniel Theis,5:41
2,.667,3,23.077,0,,111,1,4,100.0,7,.538,5.0,50.0,10.0,13,2,.667,3,23.077,Logos via Sports Logos.net / About logos,L,https://www.basketball-reference.com/boxscores/201812310SAS.html,Away,120,28:08,0,0.0,SAS,Bryn Forbes,Dante Cunningham,3:13,,,,,,,,,,,38:10,LaMarcus Aldridge,35:50,DeMar DeRozan,35:22,Dāvis Bertāns,30:50,Derrick White,28:45,Marco Belinelli,23:16,Jakob Poeltl,20:07,Patty Mills,19:15,Pau Gasol,5:12,120,2,18,10.0,55.6,6.0,33.3,2.0,11.1,Marcus Morris,9,0,2018-2019,1.0,0,4.0,BOS,111,Jayson Tatum,,,,,,,,,,,,,35:06,Jaylen Brown,30:59,Kyrie Irving,28:45,Marcus Smart,26:58,Al Horford,25:11,Gordon Hayward,21:59,Terry Rozier,20:05,Daniel Theis,18:58,Guerschon Yabusele,3:51
2,.286,7,77.778,1,1.00,102,1,3,100.0,3,.333,1.0,50.0,2.0,9,4,.800,5,55.556,Logos via Sports Logos.net / About logos,W,https://www.basketball-reference.com/boxscores/201901020BOS.html,Home,115,23:31,0,0.0,MIN,Andrew Wiggins,Jared Terrell,2:47,James Nunnally,2:39,,,,,,,,,43:08,Tyus Jones,40:04,Karl-Anthony Towns,37:04,Anthony Tolliver,25:57,Taj Gibson,25:33,Josh Okogie,24:16,Dario Šarić,22:27,Gorgui Dieng,10:56,Jerryd Bayless,5:09,102,4,12,2.0,16.7,6.0,50.0,4.0,33.3,Marcus Morris,13,1,2018-2019,2.0,1,3.0,BOS,115,Terry Rozier,Brad Wanamaker,2:47,PJ Dozier,0:13,,,,,,,,,32:28,Gordon Hayward,31:36,Jayson Tatum,31:29,Jaylen Brown,29:05,Al Horford,23:29,Marcus Smart,22:15,Semi Ojeleye,18:23,Daniel Theis,13:38,Guerschon Yabusele,11:06
3,.500,6,60.000,1,0.50,95,0,1,100.0,4,.400,1.0,25.0,4.0,10,1,.500,2,20.000,Logos via Sports Logos.net / About logos,W,https://www.basketball-reference.com/boxscores/201901070BOS.html,Home,116,26:01,0,0.0,BRK,Shabazz Napier,Theo Pinson,15:59,,,,,,,,,,,32:54,Kenneth Faried,28:38,Rodions Kurucs,28:13,Treveon Graham,26:17,Jarrett Allen,23:59,Spencer Dinwiddie,23:32,D'Angelo Russell,23:21,Ed Davis,19:47,Jared Dudley,17:20,95,2,12,2.0,16.7,9.0,75.0,1.0,8.3,Marcus Morris,21,2,2018-2019,2.0,2,1.0,BOS,116,Kyrie Irving,Brad Wanamaker,4:26,Robert Williams,4:26,Guerschon Yabusele,4:26,,,,,,,27:50,Marcus Smart,27:13,Jayson Tatum,26:57,Gordon Hayward,25:58,Al Horford,24:22,Jaylen Brown,23:31,Terry Rozier,19:54,Daniel Theis,19:20,Semi Ojeleye,5:36
3,1.000,3,37.500,2,,108,0,6,75.0,6,.750,3.0,60.0,5.0,8,7,1.000,7,87.500,Logos via Sports Logos.net / About logos,W,https://www.basketball-reference.com/boxscores/201901090BOS.html,Home,135,23:25,2,25.0,IND,Domantas Sabonis,Doug McDermott,16:35,Aaron Holiday,6:10,Alize Johnson,6:10,Edmond Sumner,4:22,,,,,27:11,Victor Oladipo,26:22,Thaddeus Young,26:22,Bojan Bogdanović,24:10,Tyreke Evans,22:17,Darren Collison,21:47,Kyle O'Quinn,20:49,Cory Joseph,20:03,T.J. Leaf,17:42,108,1,22,6.0,27.3,9.0,40.9,7.0,31.8,Marcus Morris,27,0,2018-2019,0.0,0,8.0,BOS,135,Jaylen Brown,Robert Williams,12:00,Brad Wanamaker,6:10,Guerschon Yabusele,6:10,,,,,,,28:44,Jayson Tatum,25:15,Kyrie Irving,23:59,Marcus Smart,22:15,Gordon Hayward,22:03,Terry Rozier,19:59,Al Horford,18:14,Daniel Theis,17:46,Semi Ojeleye,14:00
3,.600,5,38.462,1,,99,2,4,66.7,7,.538,4.0,50.0,8.0,13,0,,0,0.000,Logos via Sports Logos.net / About logos,L,https://www.basketball-reference.com/boxscores/201901100MIA.html,Away,115,28:44,2,33.3,MIA,Josh Richardson,Rodney McGruder,14:56,Kelly Olynyk,5:16,,,,,,,,,33:41,Justise Winslow,31:52,Derrick Jones Jr.,28:30,Bam Adebayo,26:41,Dwyane Wade,22:34,Hassan Whiteside,21:19,Dion Waiters,20:21,James Johnson,19:30,Tyler Johnson,15:20,115,0,17,8.0,47.1,9.0,52.9,0.0,0.0,Marcus Morris,16,1,2018-2019,3.0,0,6.0,BOS,99,Kyrie Irving,Semi Ojeleye,5:31,Guerschon Yabusele,2:32,Brad Wanamaker,2:32,,,,,,,34:44,Marcus Smart,33:06,Jayson Tatum,31:38,Al Horford,23:10,Gordon Hayward,20:07,Terry Rozier,16:44,Robert Williams,14:19,Jaylen Brown,13:50,Daniel Theis,13:03
3,.500,6,50.000,1,,103,0,6,75.0,6,.500,3.0,50.0,6.0,12,2,.500,4,33.333,Logos via Sports Logos.net / About logos,L,https://www.basketball-reference.com/boxscores/201901120ORL.html,Away,105,31:23,2,25.0,ORL,Evan Fournier,,,,,,,,,,,,,38:46,Aaron Gordon,37:00,Terrence Ross,30:49,Nikola Vučević,30:29,D.J. Augustin,26:49,Jonathan Isaac,24:37,Isaiah Briscoe,21:08,Khem Birch,17:31,Wes Iwundu,12:51,105,2,17,6.0,35.3,9.0,52.9,2.0,11.8,Marcus Morris,2,0,2018-2019,0.0,0,8.0,BOS,103,Marcus Smart,,,,,,,,,,,,,33:20,Kyrie Irving,32:53,Al Horford,30:13,Jayson Tatum,28:03,Gordon Hayward,25:12,Jaylen Brown,23:58,Terry Rozier,17:03,Daniel Theis,15:40,Robert Williams,2:15
1,.250,4,36.364,0,0.00,102,0,6,100.0,3,.273,2.0,28.6,7.0,11,1,1.000,1,9.091,Logos via Sports Logos.net / About logos,L,https://www.basketball-reference.com/boxscores/201901140BRK.html,Away,109,24:16,0,0.0,BRK,D'Angelo Russell,,,,,,,,,,,,,37:04,Joe Harris,34:54,Rodions Kurucs,33:13,Jarrett Allen,33:02,DeMarre Carroll,32:50,Spencer Dinwiddie,27:42,Treveon Graham,26:54,Ed Davis,14:21,,,109,1,8,4.0,50.0,3.0,37.5,1.0,12.5,Marcus Morris,7,0,2018-2019,0.0,3,6.0,BOS,102,Jayson Tatum,Robert Williams,9:50,,,,,,,,,,,35:37,Jaylen Brown,32:23,Brad Wanamaker,25:50,Terry Rozier,25:15,Gordon Hayward,24:55,Al Horford,19:45,Daniel Theis,18:25,Guerschon Yabusele,12:32,Semi Ojeleye,11:12
1,.333,3,33.333,0,0.00,108,0,6,75.0,2,.222,1.0,16.7,6.0,9,1,1.000,1,11.111,Logos via Sports Logos.net / About logos,W,https://www.basketball-reference.com/boxscores/201901160BOS.html,Home,117,24:55,2,25.0,TOR,Kawhi Leonard,,,,,,,,,,,,,36:26,Pascal Siakam,35:47,Serge Ibaka,33:40,Kyle Lowry,33:32,Danny Green,30:49,Norman Powell,23:58,Fred VanVleet,18:07,Greg Monroe,15:24,Delon Wright,12:15,108,5,6,2.0,33.3,3.0,50.0,1.0,16.7,Marcus Morris,9,0,2018-2019,0.0,1,8.0,BOS,117,Kyrie Irving,,,,,,,,,,,,,37:58,Al Horford,33:51,Marcus Smart,31:29,Jayson Tatum,31:15,Gordon Hayward,24:22,Jaylen Brown,22:59,Terry Rozier,19:01,Aron Baynes,14:08,,
0,.000,5,41.667,0,0.00,116,1,6,100.0,4,.333,4.0,57.1,7.0,12,0,,0,0.000,Logos via Sports Logos.net / About logos,W,https://www.basketball-reference.com/boxscores/201901180BOS.html,Home,122,24:59,0,0.0,MEM,Marc Gasol,Jevon Carter,2:03,,,,,,,,,,,35:52,Mike Conley,35:49,Justin Holiday,35:46,Garrett Temple,26:48,Jaren Jackson Jr.,26:33,JaMychal Green,22:59,Shelvin Mack,22:50,Omri Casspi,20:42,Joakim Noah,10:38,116,2,8,8.0,100.0,0.0,0.0,0.0,0.0,Marcus Morris,6,1,2018-2019,2.0,1,6.0,BOS,122,Kyrie Irving,Guerschon Yabusele,1:49,,,,,,,,,,,35:58,Al Horford,30:56,Marcus Smart,29:02,Jayson Tatum,28:50,Gordon Hayward,23:58,Aron Baynes,22:47,Jaylen Brown,21:00,Terry Rozier,18:19,Daniel Theis,2:22
2,.400,5,50.000,1,1.00,113,1,6,85.7,3,.300,1.0,20.0,5.0,10,0,,0,0.000,Logos via Sports Logos.net / About logos,W,https://www.basketball-reference.com/boxscores/201901190ATL.html,Away,105,28:19,1,14.3,ATL,Kevin Huerter,Vince Carter,8:25,,,,,,,,,,,34:49,Trae Young,33:57,DeAndre' Bembry,30:53,John Collins,28:35,Dewayne Dedmon,24:41,Taurean Prince,23:27,Jeremy Lin,20:54,Alex Len,18:56,Omari Spellman,15:23,105,2,8,2.0,25.0,6.0,75.0,0.0,0.0,Marcus Morris,8,1,2018-2019,2.0,1,7.0,BOS,113,Kyrie Irving,Brad Wanamaker,5:35,,,,,,,,,,,36:32,Jayson Tatum,34:36,Terry Rozier,29:13,Jaylen Brown,27:54,Al Horford,27:33,Marcus Smart,17:15,Aron Baynes,15:58,Semi Ojeleye,11:30,Daniel Theis,5:35
2,.286,7,63.636,2,,99,0,3,75.0,6,.545,4.0,100.0,4.0,11,3,1.000,3,27.273,Logos via Sports Logos.net / About logos,W,https://www.basketball-reference.com/boxscores/201901210BOS.html,Home,107,30:39,1,25.0,MIA,Josh Richardson,Rodney McGruder,8:02,,,,,,,,,,,31:39,Derrick Jones Jr.,28:58,Tyler Johnson,28:02,Justise Winslow,28:00,Bam Adebayo,27:42,Dion Waiters,25:53,Dwyane Wade,23:11,Hassan Whiteside,20:18,James Johnson,18:15,99,2,17,8.0,47.1,6.0,35.3,3.0,17.6,Marcus Morris,8,1,2018-2019,1.0,0,4.0,BOS,107,Kyrie Irving,,,,,,,,,,,,,34:14,Marcus Smart,34:14,Al Horford,32:25,Jayson Tatum,31:03,Jaylen Brown,20:01,Gordon Hayward,19:04,Terry Rozier,17:45,Aron Baynes,14:48,Semi Ojeleye,5:47
1,.200,5,41.667,3,3.00,103,1,2,66.7,5,.417,4.0,57.1,7.0,12,0,,0,0.000,Logos via Sports Logos.net / About logos,W,https://www.basketball-reference.com/boxscores/201901230BOS.html,Home,123,25:22,1,33.3,CLE,Cedi Osman,Cameron Payne,14:53,Deng Adel,2:43,,,,,,,,,33:10,Ante Žižić,32:34,Collin Sexton,31:15,Alec Burks,25:33,Rodney Hood,23:43,Jordan Clarkson,22:25,Jaron Blossomgame,21:33,Matthew Dellavedova,16:45,Channing Frye,15:26,103,2,11,8.0,72.7,3.0,27.3,0.0,0.0,Marcus Morris,20,2,2018-2019,3.0,1,3.0,BOS,123,Jayson Tatum,Guerschon Yabusele,4:33,Semi Ojeleye,2:43,,,,,,,,,30:55,Terry Rozier,29:47,Gordon Hayward,25:21,Jaylen Brown,25:11,Marcus Smart,25:07,Aron Baynes,22:21,Brad Wanamaker,20:18,Daniel Theis,14:53,Robert Williams,13:29
2,.333,6,50.000,2,,115,0,5,55.6,3,.250,1.0,16.7,6.0,12,1,.500,2,16.667,Logos via Sports Logos.net / About logos,L,https://www.basketball-reference.com/boxscores/201901260BOS.html,Home,111,28:45,4,44.4,GSW,Kevin Durant,,,,,,,,,,,,,39:01,Stephen Curry,38:04,Klay Thompson,34:53,Draymond Green,34:09,Andre Iguodala,26:50,DeMarcus Cousins,23:16,Kevon Looney,20:13,Shaun Livingston,14:50,Alfonzo McKinnie,8:44,115,2,9,2.0,22.2,6.0,66.7,1.0,11.1,Marcus Morris,4,0,2018-2019,0.0,0,9.0,BOS,111,Kyrie Irving,,,,,,,,,,,,,39:53,Al Horford,34:38,Jayson Tatum,31:20,Marcus Smart,28:48,Jaylen Brown,22:29,Gordon Hayward,22:07,Terry Rozier,18:38,Aron Baynes,9:40,Daniel Theis,3:42
1,.250,4,30.769,3,0.75,104,2,6,75.0,6,.462,5.0,55.6,9.0,13,2,1.000,2,15.385,Logos via Sports Logos.net / About logos,W,https://www.basketball-reference.com/boxscores/201901280BOS.html,Home,112,30:45,2,25.0,BRK,DeMarre Carroll,Mitch Creek,18:37,,,,,,,,,,,27:44,Rondae Hollis-Jefferson,27:23,Shabazz Napier,26:29,Rodions Kurucs,26:17,Theo Pinson,25:27,D'Angelo Russell,23:32,Ed Davis,22:41,Jarrett Allen,22:29,Joe Harris,19:21,104,3,15,10.0,66.7,3.0,20.0,2.0,13.3,Marcus Morris,8,1,2018-2019,3.0,4,8.0,BOS,112,Terry Rozier,,,,,,,,,,,,,35:15,Marcus Smart,32:58,Jaylen Brown,31:30,Jayson Tatum,30:26,Al Horford,29:18,Aron Baynes,21:23,Gordon Hayward,20:32,Brad Wanamaker,5:40,Semi Ojeleye,2:13
1,.333,3,27.273,3,3.00,94,0,7,100.0,6,.545,5.0,62.5,8.0,11,2,1.000,2,18.182,Logos via Sports Logos.net / About logos,W,https://www.basketball-reference.com/boxscores/201901300BOS.html,Home,126,26:45,0,0.0,CHO,Marvin Williams,Dwayne Bacon,12:00,Frank Kaminsky,8:50,Willy Hernangómez,8:37,Joe Chealey,7:45,,,,,27:23,Nicolas Batum,26:38,Kemba Walker,26:31,Malik Monk,25:52,Jeremy Lamb,23:10,Miles Bridges,21:53,Devonte' Graham,18:56,Michael Kidd-Gilchrist,18:51,Bismack Biyombo,13:34,94,1,15,10.0,66.7,3.0,20.0,2.0,13.3,Marcus Morris,32,0,2018-2019,0.0,1,7.0,BOS,126,Jaylen Brown,Semi Ojeleye,7:45,Guerschon Yabusele,6:09,,,,,,,,,29:37,Marcus Smart,29:00,Jayson Tatum,27:04,Terry Rozier,27:04,Al Horford,24:11,Gordon Hayward,23:31,Brad Wanamaker,15:05,Daniel Theis,14:52,Aron Baynes,8:57
4,.444,9,64.286,1,,113,0,5,100.0,7,.500,3.0,60.0,5.0,14,0,,0,0.000,Logos via Sports Logos.net / About logos,W,https://www.basketball-reference.com/boxscores/201902010NYK.html,Away,99,29:39,0,0.0,NYK,Kevin Knox,,,,,,,,,,,,,40:14,Damyean Dotson,37:40,Kadeem Allen,35:20,Noah Vonleh,30:43,Allonzo Trier,25:47,Mario Hezonja,22:16,Mitchell Robinson,18:10,Luke Kornet,16:31,Enes Freedom,13:19,99,0,18,6.0,33.3,12.0,66.7,0.0,0.0,Marcus Morris,14,2,2018-2019,2.0,0,5.0,BOS,113,Kyrie Irving,Guerschon Yabusele,1:15,,,,,,,,,,,35:35,Marcus Smart,28:31,Al Horford,26:59,Jayson Tatum,25:38,Terry Rozier,24:45,Aron Baynes,21:16,Jaylen Brown,21:13,Gordon Hayward,21:03,Semi Ojeleye,4:06
2,.250,8,57.143,1,0.33,129,0,6,85.7,8,.571,6.0,100.0,6.0,14,1,1.000,1,7.143,Logos via Sports Logos.net / About logos,W,https://www.basketball-reference.com/boxscores/201902030BOS.html,Home,134,33:23,1,14.3,OKC,Paul George,,,,,,,,,,,,,39:17,Russell Westbrook,37:06,Steven Adams,35:58,Terrance Ferguson,34:28,Jerami Grant,32:48,Dennis Schröder,23:04,Patrick Patterson,15:12,Nerlens Noel,12:02,Hamidou Diallo,10:05,129,4,19,12.0,63.2,6.0,31.6,1.0,5.3,Marcus Morris,5,0,2018-2019,0.0,3,7.0,BOS,134,Kyrie Irving,,,,,,,,,,,,,36:49,Al Horford,30:40,Jayson Tatum,30:35,Marcus Smart,27:56,Gordon Hayward,23:43,Jaylen Brown,22:38,Daniel Theis,17:20,Terry Rozier,16:56,,
1,.200,5,100.000,1,1.00,129,0,4,100.0,1,.200,0.0,,0.0,5,0,,0,0.000,Logos via Sports Logos.net / About logos,L,https://www.basketball-reference.com/boxscores/201902070BOS.html,Home,128,24:29,0,0.0,LAL,Brandon Ingram,,,,,,,,,,,,,39:58,LeBron James,37:44,Rajon Rondo,35:01,Kyle Kuzma,34:28,JaVale McGee,29:40,Kentavious Caldwell-Pope,23:16,Lance Stephenson,17:05,Tyson Chandler,14:52,Josh Hart,7:56,129,1,3,0.0,0.0,3.0,100.0,0.0,0.0,Marcus Morris,1,1,2018-2019,1.0,1,4.0,BOS,128,Jayson Tatum,,,,,,,,,,,,,36:27,Kyrie Irving,35:47,Gordon Hayward,26:01,Jaylen Brown,25:25,Al Horford,25:15,Marcus Smart,24:27,Daniel Theis,22:45,Terry Rozier,19:24,,
1,.500,2,14.286,1,,123,1,5,83.3,6,.429,5.0,41.7,12.0,14,2,1.000,2,14.286,Logos via Sports Logos.net / About logos,L,https://www.basketball-reference.com/boxscores/201902090BOS.html,Home,112,31:06,1,16.7,LAC,Patrick Beverley,Jerome Robinson,7:39,Tyrone Wallace,4:10,Sindarius Thornwell,0:32,,,,,,,31:13,Danilo Gallinari,29:23,Montrezl Harrell,28:32,Lou Williams,28:17,Landry Shamet,26:40,Shai Gilgeous-Alexander,25:49,Ivica Zubac,23:08,Garrett Temple,19:40,JaMychal Green,14:57,123,3,15,10.0,66.7,3.0,20.0,2.0,13.3,Marcus Morris,11,1,2018-2019,2.0,0,6.0,BOS,112,Al Horford,Robert Williams,1:51,,,,,,,,,,,32:00,Terry Rozier,31:11,Jayson Tatum,29:21,Marcus Smart,27:10,Gordon Hayward,26:59,Jaylen Brown,24:03,Daniel Theis,16:25,Kyrie Irving,14:17,Brad Wanamaker,5:37
1,.500,2,15.385,2,,112,0,7,87.5,7,.538,6.0,54.5,11.0,13,2,1.000,2,15.385,Logos via Sports Logos.net / About logos,W,https://www.basketball-reference.com/boxscores/201902120PHI.html,Away,109,33:29,1,12.5,PHI,Joel Embiid,Boban Marjanović,10:30,,,,,,,,,,,37:26,Jimmy Butler,36:06,Ben Simmons,34:59,JJ Redick,34:37,Tobias Harris,34:32,Jonathon Simmons,14:30,Mike Scott,13:31,T.J. McConnell,13:01,Furkan Korkmaz,10:46,109,0,17,12.0,70.6,3.0,17.6,2.0,11.8,Marcus Morris,3,0,2018-2019,0.0,0,8.0,BOS,112,Al Horford,,,,,,,,,,,,,35:11,Jayson Tatum,34:50,Marcus Smart,33:28,Terry Rozier,31:01,Gordon Hayward,28:23,Jaylen Brown,23:59,Daniel Theis,12:49,Brad Wanamaker,6:48,,
1,.250,4,33.333,1,0.33,110,0,3,50.0,5,.417,4.0,50.0,8.0,12,0,.000,1,8.333,Logos via Sports Logos.net / About logos,W,https://www.basketball-reference.com/boxscores/201902130BOS.html,Home,118,29:23,3,50.0,DET,Blake Griffin,Zaza Pachulia,5:33,,,,,,,,,,,36:48,Luke Kennard,36:27,Andre Drummond,34:36,Wayne Ellington,33:06,Reggie Jackson,31:13,Thon Maker,19:03,Ish Smith,18:58,Bruce Brown,12:43,Langston Galloway,11:33,110,2,11,8.0,72.7,3.0,27.3,0.0,0.0,Marcus Morris,8,0,2018-2019,0.0,3,6.0,BOS,118,Gordon Hayward,,,,,,,,,,,,,34:12,Jayson Tatum,33:47,Marcus Smart,31:33,Al Horford,31:03,Jaylen Brown,29:56,Semi Ojeleye,19:20,Daniel Theis,17:08,Brad Wanamaker,13:38,,
3,.300,10,83.333,2,,97,0,5,83.3,4,.333,1.0,50.0,2.0,12,0,,0,0.000,Logos via Sports Logos.net / About logos,L,https://www.basketball-reference.com/boxscores/201902210MIL.html,Away,98,31:02,1,16.7,MIL,Giannis Antetokounmpo,Sterling Brown,8:45,,,,,,,,,,,36:44,Brook Lopez,34:29,Malcolm Brogdon,34:04,Eric Bledsoe,31:49,Khris Middleton,30:52,George Hill,21:22,Tony Snell,16:19,Nikola Mirotić,13:58,Ersan İlyasova,11:38,98,2,11,2.0,18.2,9.0,81.8,0.0,0.0,Marcus Morris,1,0,2018-2019,0.0,0,6.0,BOS,97,Kyrie Irving,,,,,,,,,,,,,41:06,Al Horford,37:08,Jayson Tatum,34:14,Marcus Smart,30:55,Jaylen Brown,23:40,Terry Rozier,19:31,Semi Ojeleye,11:32,Daniel Theis,6:12,Guerschon Yabusele,4:40
1,.250,4,36.364,1,,116,0,4,66.7,4,.364,3.0,42.9,7.0,11,3,.750,4,36.364,Logos via Sports Logos.net / About logos,L,https://www.basketball-reference.com/boxscores/201902230CHI.html,Away,126,28:25,2,33.3,CHI,Zach LaVine,Timothé Luwawu-Cabarrot,10:59,,,,,,,,,,,38:53,Lauri Markkanen,37:00,Ryan Arcidiacono,27:26,Robin Lopez,27:20,Wayne Selden,25:44,Kris Dunn,24:33,Shaquille Harrison,18:43,Cristiano Felício,15:08,Otto Porter Jr.,14:14,126,3,12,6.0,50.0,3.0,25.0,3.0,25.0,Marcus Morris,10,1,2018-2019,1.0,0,6.0,BOS,116,Kyrie Irving,,,,,,,,,,,,,40:39,Jayson Tatum,31:28,Al Horford,30:11,Marcus Smart,30:07,Gordon Hayward,23:44,Jaylen Brown,22:32,Daniel Theis,17:07,Terry Rozier,15:47,,
1,.200,5,35.714,1,0.50,95,0,5,83.3,6,.429,5.0,55.6,9.0,14,4,.667,6,42.857,Logos via Sports Logos.net / About logos,L,https://www.basketball-reference.com/boxscores/201902260TOR.html,Away,118,26:21,1,16.7,TOR,Kyle Lowry,Patrick McCaw,12:31,Jodie Meeks,7:09,Malcolm Miller,4:39,Chris Boucher,4:39,,,,,35:20,Pascal Siakam,30:06,Kawhi Leonard,25:45,Jeremy Lin,24:56,Marc Gasol,23:22,Serge Ibaka,19:59,OG Anunoby,19:56,Norman Powell,17:56,Danny Green,13:42,118,2,17,10.0,58.8,3.0,17.6,4.0,23.5,Marcus Morris,23,0,2018-2019,0.0,2,6.0,BOS,95,Kyrie Irving,Daniel Theis,8:42,Guerschon Yabusele,4:39,,,,,,,,,27:50,Jayson Tatum,24:24,Al Horford,24:07,Marcus Smart,23:37,Gordon Hayward,22:54,Terry Rozier,22:15,Jaylen Brown,22:11,Robert Williams,19:48,Semi Ojeleye,13:12
0,.000,6,60.000,1,1.00,97,0,6,85.7,3,.300,3.0,75.0,4.0,10,2,1.000,2,20.000,Logos via Sports Logos.net / About logos,L,https://www.basketball-reference.com/boxscores/201902270BOS.html,Home,92,29:42,1,14.3,POR,CJ McCollum,,,,,,,,,,,,,37:28,Damian Lillard,37:17,Maurice Harkless,37:10,Jusuf Nurkić,29:37,Al-Farouq Aminu,27:53,Seth Curry,20:02,Rodney Hood,19:56,Enes Freedom,18:11,Jake Layman,12:24,97,3,8,6.0,75.0,0.0,0.0,2.0,25.0,Marcus Morris,5,0,2018-2019,0.0,1,7.0,BOS,92,Marcus Smart,,,,,,,,,,,,,36:11,Al Horford,35:56,Kyrie Irving,35:04,Jayson Tatum,35:04,Jaylen Brown,30:14,Gordon Hayward,27:18,Daniel Theis,10:00,Robert Williams,0:29,,
3,.273,11,64.706,0,0.00,96,1,7,77.8,7,.412,4.0,66.7,6.0,17,0,.000,2,11.765,Logos via Sports Logos.net / About logos,W,https://www.basketball-reference.com/boxscores/201903010BOS.html,Home,107,27:26,2,22.2,WAS,Bradley Beal,Wesley Johnson,8:32,,,,,,,,,,,38:30,Tomáš Satoranský,36:31,Trevor Ariza,34:40,Jeff Green,32:41,Bobby Portis,27:43,Jabari Parker,22:18,Thomas Bryant,16:23,Troy Brown Jr.,13:21,Chasson Randle,9:21,96,1,17,8.0,47.1,9.0,52.9,0.0,0.0,Marcus Morris,11,0,2018-2019,1.0,1,9.0,BOS,107,Kyrie Irving,,,,,,,,,,,,,33:30,Jayson Tatum,31:18,Marcus Smart,30:28,Al Horford,29:12,Jaylen Brown,26:45,Gordon Hayward,24:09,Terry Rozier,18:24,Daniel Theis,18:03,Robert Williams,0:45
0,.000,2,66.667,0,0.00,115,0,3,100.0,0,.000,0.0,0.0,1.0,3,0,.000,2,66.667,Logos via Sports Logos.net / About logos,L,https://www.basketball-reference.com/boxscores/201903030BOS.html,Home,104,17:34,0,0.0,HOU,P.J. Tucker,,,,,,,,,,,,,39:41,James Harden,38:54,Eric Gordon,35:27,Clint Capela,34:10,Chris Paul,33:45,Austin Rivers,25:20,Nenê,13:50,Gerald Green,13:29,Gary Clark,5:24,115,0,0,0.0,,0.0,,0.0,,Marcus Morris,11,1,2018-2019,1.0,2,3.0,BOS,104,Marcus Smart,,,,,,,,,,,,,35:49,Kyrie Irving,35:32,Jayson Tatum,35:04,Al Horford,30:56,Jaylen Brown,28:23,Terry Rozier,18:19,Gordon Hayward,17:48,Aron Baynes,12:07,Daniel Theis,8:28
2,.400,5,62.500,1,0.50,128,0,1,100.0,4,.500,2.0,66.7,3.0,8,0,,0,0.000,Logos via Sports Logos.net / About logos,W,https://www.basketball-reference.com/boxscores/201903050GSW.html,Away,95,17:27,0,0.0,GSW,Kevin Durant,Jonas Jerebko,13:33,Andre Iguodala,13:02,,,,,,,,,31:08,Stephen Curry,30:51,Damion Lee,27:07,DeMarcus Cousins,25:10,Draymond Green,24:38,Jordan Bell,23:16,Alfonzo McKinnie,17:14,Quinn Cook,17:09,Jacob Evans,16:52,95,4,10,4.0,40.0,6.0,60.0,0.0,0.0,Marcus Morris,33,0,2018-2019,0.0,2,1.0,BOS,128,Kyrie Irving,Semi Ojeleye,6:04,Brad Wanamaker,5:00,Guerschon Yabusele,3:30,,,,,,,30:04,Gordon Hayward,27:46,Jayson Tatum,27:06,Jaylen Brown,27:03,Marcus Smart,25:06,Terry Rozier,22:54,Al Horford,21:46,Aron Baynes,14:20,Daniel Theis,11:54
3,.375,8,50.000,4,4.00,111,0,4,80.0,7,.438,4.0,50.0,8.0,16,2,1.000,2,12.500,Logos via Sports Logos.net / About logos,W,https://www.basketball-reference.com/boxscores/201903060SAC.html,Away,109,33:13,1,20.0,SAC,Buddy Hield,Alec Burks,3:47,,,,,,,,,,,38:19,Harrison Barnes,36:39,De'Aaron Fox,35:05,Nemanja Bjelica,30:09,Bogdan Bogdanović,27:47,Willie Cauley-Stein,26:41,Harry Giles,21:19,Corey Brewer,10:14,Yogi Ferrell,10:00,109,3,19,8.0,42.1,9.0,47.4,2.0,10.5,Marcus Morris,2,0,2018-2019,0.0,1,5.0,BOS,111,Jayson Tatum,,,,,,,,,,,,,33:19,Terry Rozier,31:58,Al Horford,30:52,Marcus Smart,30:50,Gordon Hayward,29:01,Jaylen Brown,23:09,Semi Ojeleye,13:39,Aron Baynes,8:41,Daniel Theis,5:18
1,.167,6,37.500,4,,120,0,6,85.7,7,.438,6.0,60.0,10.0,16,1,.500,2,12.500,Logos via Sports Logos.net / About logos,W,https://www.basketball-reference.com/boxscores/201903090LAL.html,Away,107,26:51,1,14.3,LAL,Moritz Wagner,Isaac Bonga,5:42,,,,,,,,,,,34:06,Rajon Rondo,31:06,Alex Caruso,29:44,Johnathan Williams,28:32,Josh Hart,28:23,LeBron James,27:46,Reggie Bullock,22:21,Kentavious Caldwell-Pope,16:13,JaVale McGee,16:05,107,0,16,12.0,75.0,3.0,18.8,1.0,6.2,Marcus Morris,13,0,2018-2019,0.0,0,7.0,BOS,120,Kyrie Irving,Semi Ojeleye,1:51,Brad Wanamaker,1:51,Guerschon Yabusele,1:32,,,,,,,34:46,Gordon Hayward,29:46,Marcus Smart,29:02,Al Horford,27:52,Jayson Tatum,26:43,Jaylen Brown,20:40,Terry Rozier,18:57,Aron Baynes,16:17,Daniel Theis,3:51
1,.250,4,44.444,0,,115,0,2,100.0,3,.333,2.0,40.0,5.0,9,4,1.000,4,44.444,Logos via Sports Logos.net / About logos,L,https://www.basketball-reference.com/boxscores/201903110LAC.html,Away,140,24:39,0,0.0,LAC,Patrick Beverley,Tyrone Wallace,9:41,Wilson Chandler,9:17,Sindarius Thornwell,4:46,,,,,,,31:00,Danilo Gallinari,27:12,Ivica Zubac,26:40,Landry Shamet,24:30,Garrett Temple,24:02,Lou Williams,23:13,Shai Gilgeous-Alexander,21:54,Montrezl Harrell,21:20,JaMychal Green,16:25,140,5,11,4.0,36.4,3.0,27.3,4.0,36.4,Marcus Morris,25,0,2018-2019,0.0,0,2.0,BOS,115,Kyrie Irving,Brad Wanamaker,5:19,Guerschon Yabusele,5:19,Robert Williams,4:23,,,,,,,33:44,Jaylen Brown,31:14,Marcus Smart,26:30,Terry Rozier,25:44,Al Horford,25:33,Gordon Hayward,21:57,Semi Ojeleye,17:34,Aron Baynes,9:08,Daniel Theis,8:56
3,.429,7,46.667,2,2.00,120,0,12,92.3,7,.467,4.0,50.0,8.0,15,4,.800,5,33.333,Logos via Sports Logos.net / About logos,W,https://www.basketball-reference.com/boxscores/201903140BOS.html,Home,126,35:37,1,7.7,SAC,De'Aaron Fox,Corey Brewer,10:06,,,,,,,,,,,37:27,Buddy Hield,35:19,Harrison Barnes,35:08,Willie Cauley-Stein,28:41,Nemanja Bjelica,26:34,Harry Giles,19:19,Marvin Bagley III,19:07,Bogdan Bogdanović,17:46,Alec Burks,10:33,120,0,21,8.0,38.1,9.0,42.9,4.0,19.0,Marcus Morris,6,2,2018-2019,2.0,1,13.0,BOS,126,Kyrie Irving,,,,,,,,,,,,,37:36,Jaylen Brown,31:41,Marcus Smart,29:16,Al Horford,29:14,Jayson Tatum,29:13,Aron Baynes,19:21,Gordon Hayward,19:12,Robert Williams,6:39,Semi Ojeleye,2:11
2,.333,6,42.857,0,0.00,120,2,8,72.7,6,.429,4.0,50.0,8.0,14,5,.833,6,42.857,Logos via Sports Logos.net / About logos,W,https://www.basketball-reference.com/boxscores/201903160BOS.html,Home,129,32:36,3,27.3,ATL,John Collins,Alex Len,10:47,,,,,,,,,,,33:56,Trae Young,31:16,Taurean Prince,31:00,Dewayne Dedmon,30:00,Kevin Huerter,27:13,Kent Bazemore,21:24,Vince Carter,21:06,DeAndre' Bembry,19:11,Jaylen Adams,14:07,120,1,19,8.0,42.1,6.0,31.6,5.0,26.3,Marcus Morris,9,1,2018-2019,3.0,3,11.0,BOS,129,Kyrie Irving,Gordon Hayward,1:08,,,,,,,,,,,35:53,Marcus Smart,34:14,Jayson Tatum,32:36,Al Horford,28:21,Jaylen Brown,26:25,Aron Baynes,17:25,Terry Rozier,16:49,Daniel Theis,8:48,Semi Ojeleye,5:45
2,.667,3,42.857,1,0.33,114,0,3,60.0,4,.571,2.0,50.0,4.0,7,3,1.000,3,42.857,Logos via Sports Logos.net / About logos,L,https://www.basketball-reference.com/boxscores/201903180BOS.html,Home,105,35:29,2,40.0,DEN,Nikola Jokić,Isaiah Thomas,6:50,Jarred Vanderbilt,0:00,,,,,,,,,35:52,Will Barton,31:52,Gary Harris,29:26,Jamal Murray,28:41,Paul Millsap,27:19,Torrey Craig,21:15,Mason Plumlee,20:45,Monte Morris,19:26,Malik Beasley,18:34,114,5,13,4.0,30.8,6.0,46.2,3.0,23.1,Marcus Morris,9,1,2018-2019,1.0,3,5.0,BOS,105,Jayson Tatum,,,,,,,,,,,,,36:22,Kyrie Irving,36:10,Al Horford,33:20,Marcus Smart,33:05,Terry Rozier,20:52,Jaylen Brown,19:59,Aron Baynes,17:35,Daniel Theis,7:08,,
0,,0,0.000,3,3.00,115,1,6,66.7,2,.222,2.0,22.2,9.0,9,0,,0,0.000,Logos via Sports Logos.net / About logos,L,https://www.basketball-reference.com/boxscores/201903200PHI.html,Away,118,34:59,3,33.3,PHI,Ben Simmons,,,,,,,,,,,,,42:24,Joel Embiid,41:10,Jimmy Butler,37:09,Tobias Harris,36:40,JJ Redick,31:55,Mike Scott,20:54,James Ennis III,16:25,T.J. McConnell,8:49,Boban Marjanović,4:33,118,4,4,4.0,100.0,0.0,0.0,0.0,0.0,Marcus Morris,3,0,2018-2019,1.0,1,9.0,BOS,115,Kyrie Irving,,,,,,,,,,,,,35:42,Al Horford,34:54,Jayson Tatum,33:03,Jaylen Brown,28:21,Terry Rozier,23:35,Marcus Smart,19:12,Aron Baynes,12:15,Semi Ojeleye,11:10,Daniel Theis,6:48
3,.600,5,38.462,4,4.00,117,1,6,66.7,6,.462,3.0,37.5,8.0,13,0,,0,0.000,Logos via Sports Logos.net / About logos,L,https://www.basketball-reference.com/boxscores/201903230CHO.html,Away,124,35:29,3,33.3,CHO,Kemba Walker,Bismack Biyombo,8:48,,,,,,,,,,,34:31,Miles Bridges,34:17,Dwayne Bacon,31:22,Marvin Williams,30:05,Jeremy Lamb,28:32,Devonte' Graham,20:31,Frank Kaminsky,17:46,Willy Hernangómez,17:21,Malik Monk,16:47,124,4,15,6.0,40.0,9.0,60.0,0.0,0.0,Marcus Morris,7,1,2018-2019,2.0,1,9.0,BOS,117,Jayson Tatum,,,,,,,,,,,,,36:52,Kyrie Irving,34:43,Jaylen Brown,30:22,Marcus Smart,25:17,Terry Rozier,22:35,Guerschon Yabusele,17:56,Daniel Theis,16:13,Semi Ojeleye,11:01,Robert Williams,9:32
1,.143,7,53.846,2,1.00,115,0,6,100.0,6,.462,5.0,83.3,6.0,13,0,,0,0.000,Logos via Sports Logos.net / About logos,L,https://www.basketball-reference.com/boxscores/201903240BOS.html,Home,96,28:52,0,0.0,SAS,LaMarcus Aldridge,Lonnie Walker IV,2:21,Drew Eubanks,2:21,Dante Cunningham,1:04,Quincy Pondexter,1:04,,,,,37:24,DeMar DeRozan,35:51,Derrick White,27:47,Jakob Poeltl,24:58,Marco Belinelli,24:01,Patty Mills,21:53,Rudy Gay,21:50,Bryn Forbes,21:15,Dāvis Bertāns,18:10,115,1,13,10.0,76.9,3.0,23.1,0.0,0.0,Marcus Morris,19,1,2018-2019,1.0,2,6.0,BOS,96,Kyrie Irving,Greg Monroe,3:22,PJ Dozier,3:22,Brad Wanamaker,3:22,,,,,,,33:49,Marcus Smart,33:36,Gordon Hayward,33:35,Jaylen Brown,24:32,Aron Baynes,21:21,Terry Rozier,19:58,Daniel Theis,18:31,Guerschon Yabusele,8:08,Semi Ojeleye,7:32
2,.286,7,46.667,2,,116,0,5,83.3,4,.267,2.0,25.0,8.0,15,4,.800,5,33.333,Logos via Sports Logos.net / About logos,W,https://www.basketball-reference.com/boxscores/201903260CLE.html,Away,106,29:18,1,16.7,CLE,Collin Sexton,Nik Stauskas,11:22,,,,,,,,,,,38:39,Cedi Osman,35:40,Larry Nance Jr.,31:15,Jordan Clarkson,29:54,Kevin Love,29:11,Tristan Thompson,18:09,David Nwaba,17:45,Brandon Knight,16:05,Marquese Chriss,12:00,106,2,14,4.0,28.6,6.0,42.9,4.0,28.6,Marcus Morris,10,1,2018-2019,1.0,0,6.0,BOS,116,Jayson Tatum,,,,,,,,,,,,,33:45,Marcus Smart,33:07,Gordon Hayward,30:14,Terry Rozier,29:02,Al Horford,26:31,Aron Baynes,24:50,Jaylen Brown,17:52,Daniel Theis,9:02,Guerschon Yabusele,6:19
1,.200,5,62.500,0,,112,1,3,100.0,3,.375,2.0,66.7,3.0,8,0,,0,0.000,Logos via Sports Logos.net / About logos,W,https://www.basketball-reference.com/boxscores/201903290BOS.html,Home,114,20:26,0,0.0,IND,Myles Turner,T.J. Leaf,11:42,,,,,,,,,,,33:56,Bojan Bogdanović,32:46,Thaddeus Young,29:18,Darren Collison,27:35,Wesley Matthews,27:26,Domantas Sabonis,21:04,Tyreke Evans,20:34,Cory Joseph,20:25,Doug McDermott,15:14,112,1,7,4.0,57.1,3.0,42.9,0.0,0.0,Marcus Morris,2,0,2018-2019,1.0,0,3.0,BOS,114,Kyrie Irving,,,,,,,,,,,,,35:07,Al Horford,34:39,Aron Baynes,32:47,Marcus Smart,28:32,Jaylen Brown,27:18,Jayson Tatum,23:44,Gordon Hayward,22:13,Terry Rozier,15:14,,
2,.667,3,27.273,0,0.00,96,0,4,80.0,4,.364,2.0,25.0,8.0,11,6,.857,7,63.636,Logos via Sports Logos.net / About logos,L,https://www.basketball-reference.com/boxscores/201903300BRK.html,Away,110,29:11,1,20.0,BRK,Joe Harris,Rodions Kurucs,6:06,Theo Pinson,1:27,,,,,,,,,34:42,Jarrett Allen,29:50,D'Angelo Russell,29:36,Caris LeVert,29:20,DeMarre Carroll,28:34,Spencer Dinwiddie,23:58,Jared Dudley,23:19,Ed Davis,17:55,Treveon Graham,15:13,110,3,16,4.0,25.0,6.0,37.5,6.0,37.5,Marcus Morris,14,1,2018-2019,1.0,2,5.0,BOS,96,Jaylen Brown,Robert Williams,8:24,Guerschon Yabusele,2:04,Greg Monroe,1:27,,,,,,,31:30,Jayson Tatum,30:21,Gordon Hayward,28:47,Terry Rozier,27:07,Marcus Smart,21:59,Daniel Theis,20:03,Aron Baynes,17:10,Brad Wanamaker,12:54,Semi Ojeleye,9:03
2,.400,5,45.455,2,,105,0,1,33.3,3,.273,1.0,16.7,6.0,11,0,,0,0.000,Logos via Sports Logos.net / About logos,W,https://www.basketball-reference.com/boxscores/201904010BOS.html,Home,110,24:23,2,66.7,MIA,Kelly Olynyk,,,,,,,,,,,,,39:34,Goran Dragić,38:55,Dion Waiters,37:16,Bam Adebayo,30:41,Dwyane Wade,29:27,James Johnson,23:13,Derrick Jones Jr.,17:26,Hassan Whiteside,17:19,Ryan Anderson,6:09,105,2,8,2.0,25.0,6.0,75.0,0.0,0.0,Marcus Morris,5,1,2018-2019,1.0,0,3.0,BOS,110,Al Horford,Guerschon Yabusele,2:33,,,,,,,,,,,34:05,Jayson Tatum,33:31,Kyrie Irving,32:32,Gordon Hayward,28:59,Marcus Smart,26:21,Aron Baynes,25:09,Terry Rozier,20:08,Daniel Theis,6:23,Semi Ojeleye,5:56
1,.200,5,38.462,3,3.00,117,1,5,83.3,4,.308,3.0,37.5,8.0,13,2,1.000,2,15.385,Logos via Sports Logos.net / About logos,W,https://www.basketball-reference.com/boxscores/201904050IND.html,Away,97,24:25,1,16.7,IND,Thaddeus Young,T.J. Leaf,10:46,Kyle O'Quinn,6:25,Edmond Sumner,3:23,Alize Johnson,3:23,,,,,28:38,Myles Turner,27:35,Tyreke Evans,24:25,Bojan Bogdanović,24:24,Cory Joseph,24:23,Aaron Holiday,23:36,Domantas Sabonis,22:35,Wesley Matthews,21:46,Doug McDermott,18:39,97,2,11,6.0,54.5,3.0,27.3,2.0,18.2,Marcus Morris,20,0,2018-2019,1.0,1,6.0,BOS,117,Jayson Tatum,Guerschon Yabusele,4:50,Robert Williams,3:23,Semi Ojeleye,3:23,,,,,,,34:05,Marcus Smart,27:53,Kyrie Irving,27:00,Aron Baynes,26:50,Al Horford,26:46,Gordon Hayward,25:33,Brad Wanamaker,17:05,Daniel Theis,11:53,Terry Rozier,6:53
2,.333,6,66.667,1,1.00,116,1,7,87.5,2,.222,0.0,0.0,3.0,9,7,1.000,7,77.778,Logos via Sports Logos.net / About logos,L,https://www.basketball-reference.com/boxscores/201904070BOS.html,Home,108,30:16,1,12.5,ORL,Aaron Gordon,Jarell Martin,1:40,,,,,,,,,,,40:30,Evan Fournier,35:52,Nikola Vučević,33:59,D.J. Augustin,31:52,Terrence Ross,25:53,Jonathan Isaac,21:45,Wes Iwundu,18:20,Michael Carter-Williams,16:08,Khem Birch,14:01,116,3,13,0.0,0.0,6.0,46.2,7.0,53.8,Marcus Morris,8,0,2018-2019,1.0,1,8.0,BOS,108,Gordon Hayward,Brad Wanamaker,5:32,,,,,,,,,,,37:59,Kyrie Irving,35:02,Al Horford,25:53,Jaylen Brown,25:53,Terry Rozier,21:02,Marcus Smart,19:42,Daniel Theis,18:53,Aron Baynes,13:48,Jayson Tatum,6:00
3,.375,8,66.667,0,,74,0,7,100.0,5,.417,2.0,50.0,4.0,12,7,.778,9,75.000,Logos via Sports Logos.net / About logos,W,https://www.basketball-reference.com/boxscores/201904140BOS.html,Home,84,29:27,0,0.0,IND,Bojan Bogdanović,T.J. Leaf,9:46,Aaron Holiday,1:36,Kyle O'Quinn,1:36,Edmond Sumner,1:36,,,,,34:37,Myles Turner,30:00,Wesley Matthews,29:22,Domantas Sabonis,27:30,Thaddeus Young,26:04,Darren Collison,24:47,Cory Joseph,23:05,Tyreke Evans,17:14,Doug McDermott,12:47,74,1,20,4.0,20.0,9.0,45.0,7.0,35.0,Marcus Morris,10,0,2018-2019,0.0,0,7.0,BOS,84,Kyrie Irving,Robert Williams,2:12,Semi Ojeleye,0:28,Guerschon Yabusele,0:28,,,,,,,33:59,Jayson Tatum,33:54,Al Horford,32:12,Gordon Hayward,30:21,Jaylen Brown,27:58,Aron Baynes,22:56,Terry Rozier,18:12,Daniel Theis,4:33,Brad Wanamaker,3:20
0,.000,4,50.000,0,0.00,91,0,4,100.0,0,.000,0.0,0.0,4.0,8,0,,0,0.000,Logos via Sports Logos.net / About logos,W,https://www.basketball-reference.com/boxscores/201904170BOS.html,Home,99,21:07,0,0.0,IND,Bojan Bogdanović,Aaron Holiday,5:31,,,,,,,,,,,35:22,Darren Collison,32:59,Thaddeus Young,32:35,Myles Turner,32:30,Wesley Matthews,27:59,Domantas Sabonis,22:02,Cory Joseph,20:47,Tyreke Evans,18:50,Doug McDermott,11:25,91,1,0,0.0,,0.0,,0.0,,Marcus Morris,8,0,2018-2019,0.0,1,4.0,BOS,99,Kyrie Irving,,,,,,,,,,,,,39:20,Jayson Tatum,38:44,Al Horford,37:18,Gordon Hayward,28:00,Jaylen Brown,26:54,Terry Rozier,20:35,Aron Baynes,14:36,Daniel Theis,13:26,,
2,.500,4,50.000,2,2.00,104,0,4,57.1,4,.500,2.0,50.0,4.0,8,1,.500,2,25.000,Logos via Sports Logos.net / About logos,W,https://www.basketball-reference.com/boxscores/201904190IND.html,Away,96,23:55,3,42.9,IND,Bojan Bogdanović,,,,,,,,,,,,,40:16,Thaddeus Young,36:41,Wesley Matthews,32:11,Myles Turner,29:26,Darren Collison,26:24,Domantas Sabonis,24:57,Cory Joseph,23:06,Tyreke Evans,21:58,Doug McDermott,5:01,96,0,11,4.0,36.4,6.0,54.5,1.0,9.1,Marcus Morris,8,0,2018-2019,0.0,1,7.0,BOS,104,Kyrie Irving,,,,,,,,,,,,,37:27,Al Horford,35:41,Jaylen Brown,35:02,Jayson Tatum,33:14,Gordon Hayward,32:25,Aron Baynes,21:10,Terry Rozier,17:42,Daniel Theis,3:24,,
2,.500,4,36.364,0,,110,0,7,87.5,7,.636,5.0,71.4,7.0,11,2,1.000,2,18.182,Logos via Sports Logos.net / About logos,W,https://www.basketball-reference.com/boxscores/201904210IND.html,Away,106,30:14,1,12.5,IND,Bojan Bogdanović,,,,,,,,,,,,,37:18,Thaddeus Young,35:06,Myles Turner,33:59,Darren Collison,32:41,Wesley Matthews,29:05,Tyreke Evans,25:52,Domantas Sabonis,21:37,Cory Joseph,18:00,Aaron Holiday,6:22,106,4,18,10.0,55.6,6.0,33.3,2.0,11.1,Marcus Morris,4,0,2018-2019,0.0,0,8.0,BOS,110,Kyrie Irving,,,,,,,,,,,,,37:07,Jayson Tatum,36:19,Gordon Hayward,33:37,Al Horford,33:16,Jaylen Brown,26:36,Terry Rozier,18:49,Aron Baynes,18:16,Daniel Theis,5:46,,
1,.333,3,50.000,1,,112,3,7,100.0,4,.667,3.0,100.0,3.0,6,0,,0,0.000,Logos via Sports Logos.net / About logos,W,https://www.basketball-reference.com/boxscores/201904280MIL.html,Away,90,30:21,0,0.0,MIL,Giannis Antetokounmpo,Tim Frazier,3:23,D.J. Wilson,3:23,Tony Snell,3:23,,,,,,,34:18,Khris Middleton,33:50,Brook Lopez,25:45,Eric Bledsoe,25:20,Pat Connaughton,24:25,George Hill,24:08,Sterling Brown,22:23,Nikola Mirotić,20:33,Ersan İlyasova,19:07,90,1,9,6.0,66.7,3.0,33.3,0.0,0.0,Marcus Morris,22,0,2018-2019,3.0,0,7.0,BOS,112,Jaylen Brown,Brad Wanamaker,2:47,Guerschon Yabusele,2:47,Robert Williams,1:29,,,,,,,35:45,Kyrie Irving,33:08,Al Horford,31:39,Jayson Tatum,29:43,Gordon Hayward,29:31,Terry Rozier,19:39,Aron Baynes,8:55,Semi Ojeleye,8:14,Daniel Theis,6:01
3,.750,4,50.000,1,,102,0,6,85.7,6,.750,3.0,75.0,4.0,8,2,1.000,2,25.000,Logos via Sports Logos.net / About logos,L,https://www.basketball-reference.com/boxscores/201904300MIL.html,Away,123,24:52,1,14.3,MIL,Khris Middleton,Tony Snell,5:22,Tim Frazier,5:22,D.J. Wilson,5:22,,,,,,,32:34,Giannis Antetokounmpo,31:02,Pat Connaughton,29:31,Eric Bledsoe,26:21,George Hill,24:54,Nikola Mirotić,24:51,Brook Lopez,24:00,Ersan İlyasova,17:47,Sterling Brown,12:54,123,1,17,6.0,35.3,9.0,52.9,2.0,11.8,Marcus Morris,21,1,2018-2019,1.0,0,7.0,BOS,102,Jaylen Brown,Brad Wanamaker,7:04,Guerschon Yabusele,5:22,,,,,,,,,33:18,Kyrie Irving,30:54,Gordon Hayward,30:38,Al Horford,28:54,Terry Rozier,24:44,Jayson Tatum,24:30,Semi Ojeleye,10:38,Aron Baynes,10:07,Robert Williams,8:59
4,.800,5,62.500,2,0.50,123,2,7,87.5,6,.750,2.0,66.7,3.0,8,0,,0,0.000,Logos via Sports Logos.net / About logos,L,https://www.basketball-reference.com/boxscores/201905030BOS.html,Home,116,29:54,1,12.5,MIL,Giannis Antetokounmpo,Tim Frazier,0:19,,,,,,,,,,,39:05,Khris Middleton,38:34,Nikola Mirotić,29:19,Brook Lopez,29:19,George Hill,29:00,Pat Connaughton,28:14,Eric Bledsoe,27:11,Ersan İlyasova,13:29,Tony Snell,5:30,123,5,16,4.0,25.0,12.0,75.0,0.0,0.0,Marcus Morris,7,0,2018-2019,2.0,4,8.0,BOS,116,Kyrie Irving,,,,,,,,,,,,,41:34,Al Horford,37:18,Jayson Tatum,36:59,Gordon Hayward,33:22,Jaylen Brown,30:32,Terry Rozier,14:29,Semi Ojeleye,11:02,Daniel Theis,2:43,Aron Baynes,2:07
1,.250,4,40.000,2,,113,0,10,71.4,5,.500,4.0,66.7,6.0,10,7,.636,11,110.000,Logos via Sports Logos.net / About logos,L,https://www.basketball-reference.com/boxscores/201905060BOS.html,Home,101,34:28,4,28.6,MIL,Khris Middleton,Tim Frazier,0:19,Tony Snell,0:19,,,,,,,,,37:01,Giannis Antetokounmpo,34:28,Pat Connaughton,32:40,Brook Lopez,29:20,Eric Bledsoe,28:04,George Hill,26:43,Nikola Mirotić,24:35,Ersan İlyasova,17:24,Sterling Brown,9:07,113,5,18,8.0,44.4,3.0,16.7,7.0,38.9,Marcus Morris,12,0,2018-2019,0.0,0,14.0,BOS,101,Kyrie Irving,,,,,,,,,,,,,43:30,Al Horford,38:14,Jayson Tatum,35:07,Jaylen Brown,29:55,Gordon Hayward,26:37,Marcus Smart,14:39,Terry Rozier,10:27,Aron Baynes,6:57,Semi Ojeleye,0:06
2,.500,4,50.000,3,3.00,91,0,9,81.8,4,.500,2.0,50.0,4.0,8,4,.800,5,62.500,Logos via Sports Logos.net / About logos,L,https://www.basketball-reference.com/boxscores/201905080MIL.html,Away,116,30:03,2,18.2,MIL,Khris Middleton,Tim Frazier,4:01,Sterling Brown,4:01,Tony Snell,1:51,,,,,,,34:17,Giannis Antetokounmpo,31:07,Eric Bledsoe,28:26,Pat Connaughton,27:44,Nikola Mirotić,27:35,Ersan İlyasova,25:12,George Hill,21:18,Brook Lopez,17:55,Malcolm Brogdon,16:33,116,4,14,4.0,28.6,6.0,42.9,4.0,28.6,Marcus Morris,25,0,2018-2019,0.0,1,11.0,BOS,91,Al Horford,Guerschon Yabusele,5:20,Brad Wanamaker,4:01,Semi Ojeleye,4:01,,,,,,,35:37,Kyrie Irving,33:15,Jaylen Brown,27:38,Jayson Tatum,26:43,Gordon Hayward,22:05,Marcus Smart,17:50,Terry Rozier,17:06,Aron Baynes,10:20,Daniel Theis,6:01
3,.429,7,38.889,1,1.00,111,0,4,100.0,9,.500,6.0,54.5,11.0,18,5,1.000,5,27.778,Logos via Sports Logos.net / About logos,L,https://www.basketball-reference.com/boxscores/201910230SAS.html,Away,120,39:15,0,0.0,SAS,LaMarcus Aldridge,Jakob Poeltl,16:07,,,,,,,,,,,35:18,Bryn Forbes,32:31,DeMar DeRozan,31:38,Trey Lyles,24:17,Dejounte Murray,23:47,Derrick White,22:10,Rudy Gay,20:18,Marco Belinelli,17:46,Patty Mills,16:08,120,5,26,12.0,46.2,9.0,34.6,5.0,19.2,Marcus Morris,9,3,2019-2020,3.0,1,4.0,NYK,111,RJ Barrett,Frank Ntilikina,2:54,,,,,,,,,,,37:07,Julius Randle,35:24,Bobby Portis,33:05,Elfrid Payton,26:03,Kevin Knox,21:10,Taj Gibson,14:55,Wayne Ellington,12:56,Dennis Smith Jr.,10:20,Allonzo Trier,6:51
3,1.000,3,33.333,0,0.00,109,1,1,50.0,3,.333,0.0,0.0,6.0,9,2,.667,3,33.333,Logos via Sports Logos.net / About logos,L,https://www.basketball-reference.com/boxscores/201910250BRK.html,Away,113,33:18,1,50.0,BRK,Taurean Prince,Rodions Kurucs,12:28,,,,,,,,,,,32:54,Joe Harris,31:24,Kyrie Irving,31:13,Spencer Dinwiddie,26:52,Jarrett Allen,25:12,Caris LeVert,24:14,DeAndre Jordan,22:45,Garrett Temple,18:50,David Nwaba,14:08,113,4,11,0.0,0.0,9.0,81.8,2.0,18.2,Marcus Morris,4,0,2019-2020,1.0,1,2.0,NYK,109,Julius Randle,Dennis Smith Jr.,4:31,,,,,,,,,,,38:34,RJ Barrett,35:40,Kevin Knox,28:40,Elfrid Payton,24:07,Allonzo Trier,23:25,Mitchell Robinson,16:35,Taj Gibson,13:59,Wayne Ellington,11:14,Bobby Portis,9:57
0,.000,2,22.222,1,0.25,118,0,6,85.7,3,.333,3.0,42.9,7.0,9,6,1.000,6,66.667,Logos via Sports Logos.net / About logos,L,https://www.basketball-reference.com/boxscores/201910260NYK.html,Home,95,28:41,1,14.3,BOS,Jayson Tatum,Vincent Poirier,5:54,Tacko Fall,3:38,Brad Wanamaker,3:38,Javonte Green,3:38,,,,,33:32,Kemba Walker,30:21,Marcus Smart,27:33,Jaylen Brown,27:06,Gordon Hayward,26:53,Carsen Edwards,22:19,Robert Williams,21:44,Grant Williams,19:10,Semi Ojeleye,14:34,118,4,12,6.0,50.0,0.0,0.0,6.0,50.0,Marcus Morris,23,1,2019-2020,1.0,4,7.0,NYK,95,RJ Barrett,Damyean Dotson,3:38,Frank Ntilikina,0:18,,,,,,,,,36:34,Elfrid Payton,30:46,Julius Randle,29:52,Bobby Portis,27:17,Kevin Knox,25:40,Allonzo Trier,20:50,Mitchell Robinson,19:51,Dennis Smith Jr.,11:21,Taj Gibson,5:12
1,.250,4,30.769,0,0.00,98,1,5,100.0,4,.308,3.0,33.3,9.0,13,1,1.000,1,7.692,Logos via Sports Logos.net / About logos,W,https://www.basketball-reference.com/boxscores/201910280NYK.html,Home,105,31:13,0,0.0,CHI,Zach LaVine,Ryan Arcidiacono,15:55,,,,,,,,,,,35:36,Otto Porter Jr.,31:51,Lauri Markkanen,29:22,Wendell Carter Jr.,28:25,Tomáš Satoranský,26:48,Thaddeus Young,22:03,Kris Dunn,17:46,Luke Kornet,16:10,Coby White,16:04,98,2,10,6.0,60.0,3.0,30.0,1.0,10.0,Marcus Morris,7,1,2019-2020,2.0,1,5.0,NYK,105,RJ Barrett,,,,,,,,,,,,,40:02,Julius Randle,32:44,Bobby Portis,29:40,Frank Ntilikina,22:16,Wayne Ellington,21:47,Elfrid Payton,20:42,Mitchell Robinson,18:20,Kevin Knox,16:36,Taj Gibson,6:40
1,.200,5,45.455,0,0.00,83,4,4,80.0,2,.182,1.0,16.7,6.0,11,4,.800,5,45.455,Logos via Sports Logos.net / About logos,L,https://www.basketball-reference.com/boxscores/201910300ORL.html,Away,95,31:19,1,20.0,ORL,Nikola Vučević,Michael Carter-Williams,7:55,,,,,,,,,,,33:51,Jonathan Isaac,31:40,Aaron Gordon,28:10,Evan Fournier,28:09,D.J. Augustin,27:52,Al-Farouq Aminu,25:47,Terrence Ross,22:19,Markelle Fultz,20:08,Mo Bamba,14:09,95,2,9,2.0,22.2,3.0,33.3,4.0,44.4,Marcus Morris,12,1,2019-2020,5.0,3,5.0,NYK,83,Julius Randle,,,,,,,,,,,,,36:40,RJ Barrett,30:45,Frank Ntilikina,29:17,Bobby Portis,29:03,Kevin Knox,22:30,Mitchell Robinson,19:28,Wayne Ellington,19:10,Damyean Dotson,13:04,Taj Gibson,8:44
5,.625,8,47.059,3,3.00,102,0,7,77.8,8,.471,3.0,33.3,9.0,17,8,.727,11,64.706,Logos via Sports Logos.net / About logos,L,https://www.basketball-reference.com/boxscores/201911010BOS.html,Away,104,39:16,2,22.2,BOS,Kemba Walker,Vincent Poirier,6:31,,,,,,,,,,,35:37,Gordon Hayward,35:07,Jayson Tatum,33:46,Marcus Smart,30:11,Daniel Theis,26:53,Grant Williams,26:32,Semi Ojeleye,15:54,Brad Wanamaker,15:18,Carsen Edwards,14:11,104,4,29,6.0,20.7,15.0,51.7,8.0,27.6,Marcus Morris,2,2,2019-2020,2.0,1,9.0,NYK,102,RJ Barrett,,,,,,,,,,,,,39:07,Frank Ntilikina,37:46,Julius Randle,33:38,Kevin Knox,28:42,Wayne Ellington,24:25,Bobby Portis,20:50,Mitchell Robinson,16:16,,,,
4,.667,6,42.857,2,2.00,113,1,5,83.3,9,.643,5.0,62.5,8.0,14,6,.857,7,50.000,Logos via Sports Logos.net / About logos,L,https://www.basketball-reference.com/boxscores/201911030NYK.html,Home,92,34:54,1,16.7,SAC,Harrison Barnes,Wenyen Gabriel,5:41,Caleb Swanigan,1:56,Yogi Ferrell,1:56,Justin James,1:56,,,,,39:35,De'Aaron Fox,34:47,Buddy Hield,30:29,Richaun Holmes,29:40,Trevor Ariza,24:46,Nemanja Bjelica,24:08,Bogdan Bogdanović,19:09,Dewayne Dedmon,14:40,Cory Joseph,11:17,113,5,28,10.0,35.7,12.0,42.9,6.0,21.4,Marcus Morris,21,0,2019-2020,1.0,1,6.0,NYK,92,RJ Barrett,Damyean Dotson,4:11,,,,,,,,,,,40:44,Julius Randle,26:56,Wayne Ellington,24:54,Mitchell Robinson,24:34,Allonzo Trier,24:00,Kevin Knox,20:40,Bobby Portis,20:00,Frank Ntilikina,14:56,Ignas Brazdeikis,4:11
3,.429,7,50.000,1,0.33,102,0,4,100.0,7,.500,4.0,57.1,7.0,14,1,1.000,1,7.143,Logos via Sports Logos.net / About logos,L,https://www.basketball-reference.com/boxscores/201911060DET.html,Away,122,32:57,0,0.0,DET,Andre Drummond,Khyri Thomas,3:43,Jordan Bone,2:34,,,,,,,,,34:54,Bruce Brown,34:10,Tony Snell,32:23,Luke Kennard,32:19,Markieff Morris,29:24,Langston Galloway,23:14,Christian Wood,18:36,Svi Mykhailiuk,15:37,Thon Maker,13:06,122,2,18,8.0,44.4,9.0,50.0,1.0,5.6,Marcus Morris,20,3,2019-2020,3.0,3,4.0,NYK,102,Frank Ntilikina,Damyean Dotson,3:43,Ignas Brazdeikis,3:43,,,,,,,,,38:39,RJ Barrett,33:42,Julius Randle,32:20,Kevin Knox,26:52,Taj Gibson,21:37,Bobby Portis,20:30,Wayne Ellington,14:19,Mitchell Robinson,7:55,Allonzo Trier,3:43
4,.500,8,36.364,3,1.50,106,0,6,66.7,10,.455,6.0,42.9,14.0,22,5,.833,6,27.273,Logos via Sports Logos.net / About logos,W,https://www.basketball-reference.com/boxscores/201911080DAL.html,Away,102,40:53,3,33.3,DAL,Kristaps Porziņģis,Justin Jackson,7:38,Courtney Lee,4:39,,,,,,,,,35:35,Luka Dončić,35:13,Maxi Kleber,29:29,Dwight Powell,27:15,Delon Wright,25:45,Tim Hardaway Jr.,23:48,Dorian Finney-Smith,21:42,Jalen Brunson,16:14,Seth Curry,12:42,102,2,29,12.0,41.4,12.0,41.4,5.0,17.2,Marcus Morris,4,1,2019-2020,1.0,2,9.0,NYK,106,Frank Ntilikina,,,,,,,,,,,,,37:33,Julius Randle,36:11,RJ Barrett,34:55,Taj Gibson,27:41,Bobby Portis,24:27,Allonzo Trier,16:49,Kevin Knox,14:48,Damyean Dotson,6:43,,
0,.000,5,41.667,1,0.50,108,0,6,100.0,3,.250,3.0,42.9,7.0,12,3,.600,5,41.667,Logos via Sports Logos.net / About logos,L,https://www.basketball-reference.com/boxscores/201911100NYK.html,Home,87,31:31,0,0.0,CLE,Darius Garland,Tyler Cook,5:00,Alfonzo McKinnie,2:28,,,,,,,,,34:07,Kevin Love,31:35,Tristan Thompson,30:46,Collin Sexton,30:27,Larry Nance Jr.,26:11,Cedi Osman,25:02,Kevin Porter Jr.,22:58,Jordan Clarkson,19:31,Matthew Dellavedova,11:55,108,4,9,6.0,66.7,0.0,0.0,3.0,33.3,Marcus Morris,21,0,2019-2020,0.0,2,6.0,NYK,87,Frank Ntilikina,Ignas Brazdeikis,4:17,,,,,,,,,,,34:44,Julius Randle,31:29,Bobby Portis,28:33,RJ Barrett,24:16,Kevin Knox,22:18,Damyean Dotson,21:15,Taj Gibson,17:09,Allonzo Trier,15:58,Wayne Ellington,8:30
3,.333,9,52.941,1,0.17,102,1,7,77.8,6,.353,3.0,37.5,8.0,17,7,.778,9,52.941,Logos via Sports Logos.net / About logos,L,https://www.basketball-reference.com/boxscores/201911120CHI.html,Away,120,31:33,2,22.2,CHI,Wendell Carter Jr.,Daniel Gafford,1:31,Shaquille Harrison,1:31,Denzel Valentine,1:31,,,,,,,35:19,Zach LaVine,30:39,Thaddeus Young,29:45,Lauri Markkanen,27:54,Coby White,27:07,Tomáš Satoranský,23:21,Ryan Arcidiacono,21:10,Chandler Hutchison,20:57,Kris Dunn,19:15,120,2,22,6.0,27.3,9.0,40.9,7.0,31.8,Marcus Morris,18,0,2019-2020,1.0,6,9.0,NYK,102,Julius Randle,Ignas Brazdeikis,2:04,,,,,,,,,,,36:43,Kevin Knox,32:02,RJ Barrett,31:39,Frank Ntilikina,28:54,Taj Gibson,25:43,Bobby Portis,19:00,Dennis Smith Jr.,14:17,Damyean Dotson,12:43,Allonzo Trier,5:22
5,.714,7,36.842,0,0.00,103,1,5,100.0,7,.368,2.0,16.7,12.0,19,1,1.000,1,5.263,Logos via Sports Logos.net / About logos,W,https://www.basketball-reference.com/boxscores/201911140NYK.html,Home,106,33:30,0,0.0,DAL,Luka Dončić,Boban Marjanović,14:54,,,,,,,,,,,35:32,Kristaps Porziņģis,33:04,Dwight Powell,29:22,Tim Hardaway Jr.,24:52,Dorian Finney-Smith,23:21,Seth Curry,23:15,Delon Wright,22:22,Maxi Kleber,18:17,Jalen Brunson,15:01,103,3,20,4.0,20.0,15.0,75.0,1.0,5.0,Marcus Morris,3,1,2019-2020,2.0,1,5.0,NYK,106,Julius Randle,Wayne Ellington,0:09,,,,,,,,,,,36:15,RJ Barrett,30:12,Dennis Smith Jr.,29:59,Damyean Dotson,23:09,Mitchell Robinson,22:21,Frank Ntilikina,18:01,Bobby Portis,16:53,Taj Gibson,15:01,Kevin Knox,14:30
2,.667,3,30.000,3,3.00,103,0,6,100.0,5,.500,3.0,42.9,7.0,10,2,1.000,2,20.000,Logos via Sports Logos.net / About logos,L,https://www.basketball-reference.com/boxscores/201911160NYK.html,Home,102,29:59,0,0.0,CHO,P.J. Washington,Cody Martin,1:46,,,,,,,,,,,36:58,Devonte' Graham,36:20,Terry Rozier,35:59,Nicolas Batum,29:08,Malik Monk,26:06,Cody Zeller,25:24,Marvin Williams,24:28,Miles Bridges,14:47,Bismack Biyombo,9:04,103,3,14,6.0,42.9,6.0,42.9,2.0,14.3,Marcus Morris,1,0,2019-2020,0.0,1,6.0,NYK,102,Frank Ntilikina,Wayne Ellington,0:02,,,,,,,,,,,35:46,RJ Barrett,30:44,Mitchell Robinson,26:42,Julius Randle,25:36,Damyean Dotson,22:49,Bobby Portis,22:20,Taj Gibson,21:20,Kevin Knox,14:14,Dennis Smith Jr.,10:28
1,.333,3,23.077,1,1.00,105,2,3,50.0,5,.385,4.0,40.0,10.0,13,12,.923,13,100.000,Logos via Sports Logos.net / About logos,W,https://www.basketball-reference.com/boxscores/201911180NYK.html,Home,123,33:52,3,50.0,CLE,Kevin Porter Jr.,Matthew Dellavedova,11:44,Dean Wade,8:58,,,,,,,,,31:22,Alfonzo McKinnie,29:41,Darius Garland,29:23,Collin Sexton,25:45,Tristan Thompson,24:58,Jordan Clarkson,23:33,Cedi Osman,22:12,Ante Žižić,20:24,Brandon Knight,12:00,105,1,23,8.0,34.8,3.0,13.0,12.0,52.2,Marcus Morris,18,1,2019-2020,3.0,1,6.0,NYK,123,Julius Randle,Wayne Ellington,9:09,,,,,,,,,,,31:52,Frank Ntilikina,29:06,RJ Barrett,24:13,Bobby Portis,22:51,Kevin Knox,19:35,Dennis Smith Jr.,18:54,Damyean Dotson,18:01,Mitchell Robinson,16:42,Taj Gibson,15:45
4,.571,7,33.333,6,3.00,104,0,10,76.9,8,.381,4.0,28.6,14.0,21,2,1.000,2,9.524,Logos via Sports Logos.net / About logos,L,https://www.basketball-reference.com/boxscores/201911200PHI.html,Away,109,40:05,3,23.1,PHI,Ben Simmons,Matisse Thybulle,14:29,,,,,,,,,,,41:46,Joel Embiid,33:39,Tobias Harris,31:55,Al Horford,25:07,Mike Scott,23:29,James Ennis III,21:36,Shake Milton,16:51,Furkan Korkmaz,16:15,Trey Burke,14:50,109,5,22,8.0,36.4,12.0,54.5,2.0,9.1,Marcus Morris,5,2,2019-2020,2.0,2,13.0,NYK,104,RJ Barrett,,,,,,,,,,,,,35:48,Julius Randle,35:30,Frank Ntilikina,32:54,Bobby Portis,23:48,Damyean Dotson,19:34,Dennis Smith Jr.,15:06,Taj Gibson,13:40,Mitchell Robinson,13:14,Kevin Knox,10:19
4,.667,6,42.857,0,0.00,111,0,6,85.7,7,.500,3.0,37.5,8.0,14,2,1.000,2,14.286,Logos via Sports Logos.net / About logos,L,https://www.basketball-reference.com/boxscores/201911230NYK.html,Home,104,28:36,1,14.3,SAS,LaMarcus Aldridge,DeMarre Carroll,13:24,Lonnie Walker IV,7:21,,,,,,,,,34:00,DeMar DeRozan,31:14,Patty Mills,28:30,Derrick White,25:17,Jakob Poeltl,23:53,Rudy Gay,23:41,Bryn Forbes,20:06,Marco Belinelli,17:17,Trey Lyles,15:17,111,3,20,6.0,30.0,12.0,60.0,2.0,10.0,Marcus Morris,7,1,2019-2020,1.0,2,7.0,NYK,104,Frank Ntilikina,Kevin Knox,8:49,,,,,,,,,,,35:00,Julius Randle,31:21,RJ Barrett,28:56,Mitchell Robinson,23:52,Wayne Ellington,21:28,Bobby Portis,20:01,Damyean Dotson,16:25,Dennis Smith Jr.,15:04,Taj Gibson,10:28
7,.875,8,47.059,0,0.00,103,0,2,50.0,9,.529,2.0,22.2,9.0,17,1,.500,2,11.765,Logos via Sports Logos.net / About logos,L,https://www.basketball-reference.com/boxscores/201911240NYK.html,Home,101,32:41,2,50.0,BRK,Garrett Temple,,,,,,,,,,,,,35:59,Spencer Dinwiddie,35:02,Taurean Prince,34:06,Jarrett Allen,31:44,Joe Harris,29:15,Džanan Musa,21:17,Iman Shumpert,19:15,Theo Pinson,17:12,DeAndre Jordan,16:10,103,2,26,4.0,15.4,21.0,80.8,1.0,3.8,Marcus Morris,2,1,2019-2020,1.0,3,4.0,NYK,101,Frank Ntilikina,,,,,,,,,,,,,31:53,Julius Randle,31:48,Wayne Ellington,28:19,Damyean Dotson,20:54,Dennis Smith Jr.,20:22,Taj Gibson,20:13,Mitchell Robinson,19:01,Kevin Knox,17:40,Bobby Portis,17:09
1,1.000,1,14.286,1,,98,0,1,33.3,3,.429,2.0,33.3,6.0,7,0,,0,0.000,Logos via Sports Logos.net / About logos,L,https://www.basketball-reference.com/boxscores/201911270TOR.html,Away,126,20:34,2,66.7,TOR,OG Anunoby,Shamorie Ponds,5:52,Oshae Brissett,5:52,,,,,,,,,32:38,Fred VanVleet,30:28,Pascal Siakam,30:04,Terence Davis,28:45,Chris Boucher,25:29,Rondae Hollis-Jefferson,22:56,Marc Gasol,22:31,Norman Powell,21:28,Malcolm Miller,13:57,126,3,7,4.0,57.1,3.0,42.9,0.0,0.0,Marcus Morris,28,0,2019-2020,0.0,0,3.0,NYK,98,Mitchell Robinson,Kevin Knox,11:47,Ignas Brazdeikis,9:35,Allonzo Trier,7:04,,,,,,,30:40,RJ Barrett,30:37,Julius Randle,23:45,Frank Ntilikina,21:33,Dennis Smith Jr.,21:33,Bobby Portis,19:26,Wayne Ellington,16:37,Taj Gibson,14:52,Damyean Dotson,11:57
3,.750,4,33.333,0,0.00,101,1,6,85.7,6,.500,3.0,37.5,8.0,12,5,.833,6,50.000,Logos via Sports Logos.net / About logos,L,https://www.basketball-reference.com/boxscores/201911290NYK.html,Home,95,33:40,1,14.3,PHI,Ben Simmons,Raul Neto,6:05,,,,,,,,,,,37:41,Joel Embiid,35:27,Tobias Harris,35:06,Furkan Korkmaz,30:36,Mike Scott,21:56,James Ennis III,21:38,Matisse Thybulle,21:27,Trey Burke,17:31,Norvel Pelle,12:33,101,6,20,6.0,30.0,9.0,45.0,5.0,25.0,Marcus Morris,6,0,2019-2020,1.0,1,7.0,NYK,95,Frank Ntilikina,,,,,,,,,,,,,37:02,Julius Randle,35:11,Mitchell Robinson,29:22,RJ Barrett,28:46,Damyean Dotson,19:32,Taj Gibson,17:20,Dennis Smith Jr.,14:04,Bobby Portis,12:50,Wayne Ellington,12:13
2,.222,9,69.231,2,,129,1,2,100.0,4,.308,2.0,50.0,4.0,13,0,,0,0.000,Logos via Sports Logos.net / About logos,L,https://www.basketball-reference.com/boxscores/201912050NYK.html,Home,92,26:18,0,0.0,DEN,Monte Morris,Mason Plumlee,20:53,Michael Porter Jr.,5:16,Torrey Craig,4:53,,,,,,,25:49,Nikola Jokić,24:44,Will Barton,24:05,Juancho Hernangómez,23:55,Malik Beasley,23:38,Jamal Murray,22:11,Gary Harris,21:52,Paul Millsap,21:35,Jerami Grant,21:09,129,2,10,4.0,40.0,6.0,60.0,0.0,0.0,Marcus Morris,37,0,2019-2020,1.0,0,2.0,NYK,92,Mitchell Robinson,Wayne Ellington,10:46,Allonzo Trier,6:28,Damyean Dotson,4:06,,,,,,,29:56,Bobby Portis,26:34,Frank Ntilikina,23:42,RJ Barrett,21:58,Kevin Knox,21:42,Julius Randle,21:26,Taj Gibson,18:04,Dennis Smith Jr.,17:43,Elfrid Payton,11:17
4,.500,8,47.059,1,1.00,104,0,3,100.0,9,.529,5.0,55.6,9.0,17,3,1.000,3,17.647,Logos via Sports Logos.net / About logos,L,https://www.basketball-reference.com/boxscores/201912070NYK.html,Home,103,33:20,0,0.0,IND,Domantas Sabonis,,,,,,,,,,,,,38:21,T.J. Warren,38:01,Jeremy Lamb,34:20,Myles Turner,31:27,Aaron Holiday,28:24,Justin Holiday,21:01,Doug McDermott,19:47,T.J. McConnell,19:36,Goga Bitadze,9:03,104,2,25,10.0,40.0,12.0,48.0,3.0,12.0,Marcus Morris,1,1,2019-2020,1.0,1,3.0,NYK,103,RJ Barrett,Dennis Smith Jr.,11:39,,,,,,,,,,,36:22,Julius Randle,35:25,Mitchell Robinson,25:02,Frank Ntilikina,18:56,Bobby Portis,18:07,Elfrid Payton,17:25,Taj Gibson,15:26,Damyean Dotson,14:25,Kevin Knox,13:53
1,.167,6,54.545,0,0.00,87,0,2,66.7,4,.364,3.0,60.0,5.0,11,1,1.000,1,9.091,Logos via Sports Logos.net / About logos,L,https://www.basketball-reference.com/boxscores/201912100POR.html,Away,115,24:53,1,33.3,POR,CJ McCollum,Gary Trent Jr.,10:19,Anthony Tolliver,6:29,Jaylen Hoard,5:46,,,,,,,31:25,Damian Lillard,28:59,Anfernee Simons,28:43,Hassan Whiteside,25:38,Carmelo Anthony,24:52,Mario Hezonja,23:09,Kent Bazemore,21:49,Skal Labissière,21:25,Nassir Little,11:26,115,2,10,6.0,60.0,3.0,30.0,1.0,10.0,Marcus Morris,28,0,2019-2020,0.0,3,3.0,NYK,87,Mitchell Robinson,Dennis Smith Jr.,13:36,Elfrid Payton,12:32,Ignas Brazdeikis,5:25,,,,,,,27:19,Julius Randle,25:41,Damyean Dotson,23:06,Kevin Knox,20:18,Bobby Portis,19:43,RJ Barrett,18:52,Frank Ntilikina,17:53,Taj Gibson,16:20,Allonzo Trier,14:22
5,.556,9,50.000,3,3.00,124,0,8,80.0,10,.556,5.0,55.6,9.0,18,11,.917,12,66.667,Logos via Sports Logos.net / About logos,W,https://www.basketball-reference.com/boxscores/201912110GSW.html,Away,122,36:28,2,20.0,GSW,Draymond Green,Damion Lee,15:09,Jacob Evans,5:45,Kevon Looney,5:20,,,,,,,39:29,Glenn Robinson III,35:55,D'Angelo Russell,35:41,Alec Burks,33:18,Marquese Chriss,24:02,Willie Cauley-Stein,22:21,Eric Paschall,16:52,Omari Spellman,15:51,Ky Bowman,15:17,122,3,36,10.0,27.8,15.0,41.7,11.0,30.6,Marcus Morris,2,3,2019-2020,3.0,1,10.0,NYK,124,RJ Barrett,,,,,,,,,,,,,46:05,Julius Randle,38:08,Mitchell Robinson,29:53,Elfrid Payton,29:35,Bobby Portis,24:12,Damyean Dotson,16:54,Kevin Knox,16:32,Taj Gibson,13:47,Frank Ntilikina,13:26
1,.250,4,33.333,5,5.00,103,0,3,60.0,4,.333,3.0,37.5,8.0,12,1,1.000,1,8.333,Logos via Sports Logos.net / About logos,W,https://www.basketball-reference.com/boxscores/201912130SAC.html,Away,101,29:44,2,40.0,SAC,Harrison Barnes,,,,,,,,,,,,,37:24,Buddy Hield,36:22,Cory Joseph,28:40,Bogdan Bogdanović,28:40,Nemanja Bjelica,26:40,Richaun Holmes,26:37,Trevor Ariza,23:51,Marvin Bagley III,21:23,Yogi Ferrell,10:21,101,5,10,6.0,60.0,3.0,30.0,1.0,10.0,Marcus Morris,2,0,2019-2020,0.0,1,5.0,NYK,103,RJ Barrett,,,,,,,,,,,,,31:22,Julius Randle,30:38,Elfrid Payton,27:04,Mitchell Robinson,25:15,Taj Gibson,22:43,Frank Ntilikina,21:05,Kevin Knox,18:15,Bobby Portis,17:22,Damyean Dotson,16:30
3,.333,9,50.000,0,0.00,105,0,4,80.0,8,.444,5.0,55.6,9.0,18,3,.750,4,22.222,Logos via Sports Logos.net / About logos,L,https://www.basketball-reference.com/boxscores/201912150DEN.html,Away,111,34:49,1,20.0,DEN,Gary Harris,,,,,,,,,,,,,38:27,Nikola Jokić,35:48,Will Barton,34:48,Mason Plumlee,33:30,Jamal Murray,32:37,Jerami Grant,26:41,Monte Morris,15:23,Torrey Craig,11:49,Michael Porter Jr.,10:56,111,3,22,10.0,45.5,9.0,40.9,3.0,13.6,Marcus Morris,6,1,2019-2020,1.0,3,5.0,NYK,105,Julius Randle,,,,,,,,,,,,,36:20,RJ Barrett,35:46,Elfrid Payton,25:23,Mitchell Robinson,24:34,Frank Ntilikina,23:47,Kevin Knox,22:01,Taj Gibson,16:10,Bobby Portis,14:16,Damyean Dotson,6:53
3,.600,5,45.455,2,2.00,120,0,4,100.0,6,.545,3.0,50.0,6.0,11,7,1.000,7,63.636,Logos via Sports Logos.net / About logos,W,https://www.basketball-reference.com/boxscores/201912170NYK.html,Home,143,21:31,0,0.0,ATL,Trae Young,Damian Jones,9:13,Bruno Fernando,7:32,,,,,,,,,41:20,Kevin Huerter,32:15,De'Andre Hunter,31:23,Cam Reddish,26:49,Alex Len,24:48,Vince Carter,23:50,Jabari Parker,19:00,DeAndre' Bembry,12:20,Allen Crabbe,11:30,120,2,22,6.0,27.3,9.0,40.9,7.0,31.8,Marcus Morris,23,0,2019-2020,0.0,1,4.0,NYK,143,Mitchell Robinson,Dennis Smith Jr.,12:47,,,,,,,,,,,29:14,RJ Barrett,28:37,Damyean Dotson,24:02,Kevin Knox,23:34,Julius Randle,22:46,Bobby Portis,20:35,Elfrid Payton,20:10,Taj Gibson,18:46,Frank Ntilikina,17:58
2,.333,6,54.545,1,,114,0,1,33.3,5,.455,3.0,60.0,5.0,11,3,.750,4,36.364,Logos via Sports Logos.net / About logos,L,https://www.basketball-reference.com/boxscores/201912200MIA.html,Away,129,26:40,2,66.7,MIA,Bam Adebayo,Chris Silva,12:00,,,,,,,,,,,30:03,Jimmy Butler,27:53,Kelly Olynyk,26:18,Derrick Jones Jr.,26:04,Tyler Herro,25:24,Goran Dragić,24:22,Kendrick Nunn,23:38,Duncan Robinson,22:36,Meyers Leonard,21:42,129,4,15,6.0,40.0,6.0,40.0,3.0,20.0,Marcus Morris,15,1,2019-2020,1.0,0,3.0,NYK,114,Mitchell Robinson,Taj Gibson,14:15,Allonzo Trier,10:17,,,,,,,,,28:00,Bobby Portis,24:41,Julius Randle,23:19,Damyean Dotson,23:05,Kevin Knox,21:20,RJ Barrett,20:23,Elfrid Payton,17:50,Frank Ntilikina,15:37,Dennis Smith Jr.,14:33
0,.000,2,20.000,1,0.33,123,0,4,100.0,4,.400,4.0,50.0,8.0,10,3,.750,4,40.000,Logos via Sports Logos.net / About logos,L,https://www.basketball-reference.com/boxscores/201912210NYK.html,Home,102,24:29,0,0.0,MIL,Brook Lopez,D.J. Wilson,15:07,George Hill,12:44,Thanasis Antetokounmpo,6:43,,,,,,,27:03,Giannis Antetokounmpo,26:02,Donte DiVincenzo,25:26,Pat Connaughton,24:07,Kyle Korver,23:43,Khris Middleton,23:30,Sterling Brown,19:34,Ersan İlyasova,19:17,Robin Lopez,16:44,123,2,11,8.0,72.7,0.0,0.0,3.0,27.3,Marcus Morris,21,0,2019-2020,0.0,3,4.0,NYK,102,RJ Barrett,Frank Ntilikina,9:33,Taj Gibson,9:30,,,,,,,,,33:21,Julius Randle,31:35,Elfrid Payton,27:10,Bobby Portis,25:28,Kevin Knox,23:31,Mitchell Robinson,22:10,Allonzo Trier,12:00,Dennis Smith Jr.,11:17,Damyean Dotson,9:56
1,.250,4,25.000,2,2.00,94,0,7,87.5,8,.500,7.0,58.3,12.0,16,5,1.000,5,31.250,Logos via Sports Logos.net / About logos,W,https://www.basketball-reference.com/boxscores/201912260BRK.html,Away,82,34:29,1,12.5,BRK,Spencer Dinwiddie,Theo Pinson,9:00,Džanan Musa,4:35,Henry Ellenson,3:32,,,,,,,31:38,Joe Harris,31:21,Garrett Temple,29:47,Taurean Prince,27:59,Jarrett Allen,26:41,Timothé Luwawu-Cabarrot,20:20,Rodions Kurucs,18:58,Wilson Chandler,18:22,DeAndre Jordan,17:47,82,2,22,14.0,63.6,3.0,13.6,5.0,22.7,Marcus Morris,12,0,2019-2020,0.0,1,8.0,NYK,94,Julius Randle,Kadeem Allen,2:11,Ignas Brazdeikis,1:00,,,,,,,,,35:03,Elfrid Payton,31:48,Mitchell Robinson,28:20,Damyean Dotson,25:08,RJ Barrett,24:15,Bobby Portis,18:15,Frank Ntilikina,14:01,Kevin Knox,13:31,Taj Gibson,11:59
2,.400,5,55.556,3,3.00,107,0,4,100.0,2,.222,0.0,0.0,4.0,9,4,1.000,4,44.444,Logos via Sports Logos.net / About logos,W,https://www.basketball-reference.com/boxscores/201912280WAS.html,Away,100,23:22,0,0.0,WAS,Troy Brown Jr.,Garrison Mathews,8:49,Admiral Schofield,1:59,,,,,,,,,37:46,Gary Payton II,30:29,Isaiah Thomas,29:22,Jordan McRae,29:05,Ian Mahinmi,28:18,Ish Smith,21:23,Isaac Bonga,20:00,Anžejs Pasečņiks,19:19,Johnathan Williams,13:30,100,5,10,0.0,0.0,6.0,60.0,4.0,40.0,Marcus Morris,7,0,2019-2020,0.0,1,4.0,NYK,107,Julius Randle,Allonzo Trier,6:50,,,,,,,,,,,38:36,RJ Barrett,31:16,Elfrid Payton,30:59,Damyean Dotson,26:28,Bobby Portis,20:33,Kevin Knox,19:04,Frank Ntilikina,17:01,Mitchell Robinson,12:57,Taj Gibson,12:54
2,.286,7,36.842,3,,93,0,6,85.7,7,.368,5.0,41.7,12.0,19,2,.667,3,15.789,Logos via Sports Logos.net / About logos,W,https://www.basketball-reference.com/boxscores/202001010NYK.html,Home,117,33:25,1,14.3,POR,Damian Lillard,Moses Brown,4:45,,,,,,,,,,,35:24,Hassan Whiteside,33:09,CJ McCollum,32:23,Carmelo Anthony,31:17,Kent Bazemore,29:07,Anfernee Simons,25:53,Anthony Tolliver,23:13,Gary Trent Jr.,13:51,Nassir Little,10:58,93,0,18,10.0,55.6,6.0,33.3,2.0,11.1,Marcus Morris,24,0,2019-2020,0.0,0,7.0,NYK,117,Julius Randle,Taj Gibson,9:55,,,,,,,,,,,29:52,Mitchell Robinson,27:25,Elfrid Payton,25:00,RJ Barrett,24:36,Frank Ntilikina,23:00,Bobby Portis,20:47,Kevin Knox,17:18,Reggie Bullock,15:26,Damyean Dotson,13:16
4,.500,8,47.059,2,,112,1,0,0.0,8,.471,4.0,44.4,9.0,17,5,.625,8,47.059,Logos via Sports Logos.net / About logos,L,https://www.basketball-reference.com/boxscores/202001030PHO.html,Away,120,35:01,3,100.0,PHO,Kelly Oubre Jr.,Dario Šarić,3:58,,,,,,,,,,,39:37,Devin Booker,38:27,Deandre Ayton,37:26,Ricky Rubio,32:37,Aron Baynes,29:12,Mikal Bridges,19:52,Cameron Johnson,18:13,Elie Okobo,12:32,Cheick Diallo,8:04,120,1,25,8.0,32.0,12.0,48.0,5.0,20.0,Marcus Morris,8,2,2019-2020,3.0,0,3.0,NYK,112,Julius Randle,Wayne Ellington,5:22,,,,,,,,,,,34:37,Elfrid Payton,31:39,RJ Barrett,30:50,Mitchell Robinson,21:16,Bobby Portis,19:50,Reggie Bullock,18:33,Frank Ntilikina,16:21,Taj Gibson,13:56,Kevin Knox,12:35
6,.857,7,36.842,1,0.33,132,1,3,60.0,13,.684,7.0,58.3,12.0,19,6,.600,10,52.632,Logos via Sports Logos.net / About logos,L,https://www.basketball-reference.com/boxscores/202001050LAC.html,Away,135,35:04,2,40.0,LAC,Montrezl Harrell,Ivica Zubac,12:04,Jerome Robinson,8:26,,,,,,,,,35:56,Lou Williams,35:02,JaMychal Green,31:53,Patrick Beverley,29:51,Paul George,26:03,Maurice Harkless,20:57,Patrick Patterson,13:43,Landry Shamet,13:20,Rodney McGruder,12:45,135,4,38,14.0,36.8,18.0,47.4,6.0,15.8,Marcus Morris,3,2,2019-2020,3.0,3,5.0,NYK,132,RJ Barrett,,,,,,,,,,,,,36:36,Julius Randle,35:04,Frank Ntilikina,28:22,Reggie Bullock,24:54,Mitchell Robinson,21:53,Kadeem Allen,19:38,Taj Gibson,18:42,Bobby Portis,13:40,Kevin Knox,6:07
2,.400,5,45.455,1,1.00,121,0,2,66.7,4,.364,2.0,33.3,6.0,11,7,.700,10,90.909,Logos via Sports Logos.net / About logos,L,https://www.basketball-reference.com/boxscores/202001160NYK.html,Home,98,33:20,1,33.3,PHO,Ricky Rubio,Jevon Carter,7:02,Ty Jerome,2:10,Jalen Lecque,2:10,,,,,,,35:23,Deandre Ayton,34:48,Mikal Bridges,34:45,Dario Šarić,28:22,Devin Booker,27:55,Cameron Johnson,23:23,Cheick Diallo,15:24,Aron Baynes,14:44,Elie Okobo,13:54,121,0,17,4.0,23.5,6.0,35.3,7.0,41.2,Marcus Morris,23,1,2019-2020,1.0,1,3.0,NYK,98,Julius Randle,Kadeem Allen,5:47,,,,,,,,,,,35:33,Mitchell Robinson,30:07,Damyean Dotson,26:05,Elfrid Payton,24:12,Frank Ntilikina,23:48,Bobby Portis,17:21,Kevin Knox,16:38,RJ Barrett,14:10,Taj Gibson,12:59
2,.250,8,47.059,3,3.00,90,0,6,100.0,8,.471,6.0,66.7,9.0,17,2,1.000,2,11.765,Logos via Sports Logos.net / About logos,L,https://www.basketball-reference.com/boxscores/202001180NYK.html,Home,87,36:20,0,0.0,PHI,Ben Simmons,Raul Neto,8:16,,,,,,,,,,,39:43,Tobias Harris,34:16,Josh Richardson,34:11,Al Horford,32:51,Matisse Thybulle,29:04,Furkan Korkmaz,21:32,Norvel Pelle,15:09,Mike Scott,13:44,James Ennis III,11:12,90,1,20,12.0,60.0,6.0,30.0,2.0,10.0,Marcus Morris,3,0,2019-2020,0.0,1,6.0,NYK,87,Reggie Bullock,,,,,,,,,,,,,34:45,Julius Randle,34:17,Elfrid Payton,31:30,Mitchell Robinson,24:25,Taj Gibson,23:32,Frank Ntilikina,16:30,Bobby Portis,13:45,Allonzo Trier,13:15,Kevin Knox,11:39
2,.400,5,31.250,0,,106,0,3,100.0,8,.500,6.0,54.5,11.0,16,1,.500,2,12.500,Logos via Sports Logos.net / About logos,W,https://www.basketball-reference.com/boxscores/202001200CLE.html,Away,86,29:50,0,0.0,CLE,Tristan Thompson,Tyler Cook,2:58,,,,,,,,,,,35:19,Darius Garland,35:18,Collin Sexton,35:07,Cedi Osman,32:49,Kevin Love,30:02,Larry Nance Jr.,27:41,Dante Exum,24:57,Matthew Dellavedova,12:51,Matt Mooney,2:58,86,3,19,12.0,63.2,6.0,31.6,1.0,5.3,Marcus Morris,20,1,2019-2020,1.0,0,3.0,NYK,106,Reggie Bullock,,,,,,,,,,,,,29:59,Elfrid Payton,28:27,Mitchell Robinson,27:25,Julius Randle,27:20,Damyean Dotson,20:59,Bobby Portis,20:40,Taj Gibson,20:35,Frank Ntilikina,19:33,Kevin Knox,15:12
4,.444,9,56.250,1,0.25,100,0,5,83.3,7,.438,3.0,42.9,7.0,16,2,1.000,2,12.500,Logos via Sports Logos.net / About logos,L,https://www.basketball-reference.com/boxscores/202001220NYK.html,Home,92,37:23,1,16.7,LAL,LeBron James,JaVale McGee,16:44,,,,,,,,,,,36:03,Anthony Davis,30:03,Kyle Kuzma,27:53,Dwight Howard,27:16,Kentavious Caldwell-Pope,26:19,Danny Green,19:18,Alex Caruso,19:13,Avery Bradley,18:54,Rajon Rondo,18:17,100,5,20,6.0,30.0,12.0,60.0,2.0,10.0,Marcus Morris,8,0,2019-2020,0.0,4,6.0,NYK,92,Julius Randle,Dennis Smith Jr.,3:36,,,,,,,,,,,34:58,Elfrid Payton,31:56,Damyean Dotson,27:24,Mitchell Robinson,24:00,Reggie Bullock,21:08,Bobby Portis,18:37,Taj Gibson,17:53,Frank Ntilikina,12:28,Kevin Knox,10:37
3,.375,8,53.333,2,2.00,118,0,8,80.0,7,.467,4.0,57.1,7.0,15,4,.800,5,33.333,Logos via Sports Logos.net / About logos,L,https://www.basketball-reference.com/boxscores/202001240NYK.html,Home,112,36:52,2,20.0,TOR,Fred VanVleet,,,,,,,,,,,,,39:06,Kyle Lowry,35:05,Pascal Siakam,32:31,Marc Gasol,30:19,OG Anunoby,25:35,Norman Powell,25:15,Serge Ibaka,19:58,Rondae Hollis-Jefferson,19:04,Terence Davis,13:07,118,3,21,8.0,38.1,9.0,42.9,4.0,19.0,Marcus Morris,6,0,2019-2020,0.0,1,10.0,NYK,112,Elfrid Payton,,,,,,,,,,,,,34:34,Julius Randle,34:03,Bobby Portis,27:15,Damyean Dotson,27:11,Mitchell Robinson,22:03,Reggie Bullock,21:57,Frank Ntilikina,13:26,Taj Gibson,11:31,Kevin Knox,11:08
1,.250,4,22.222,0,0.00,97,1,3,75.0,9,.500,8.0,57.1,14.0,18,2,.500,4,22.222,Logos via Sports Logos.net / About logos,W,https://www.basketball-reference.com/boxscores/202001260NYK.html,Home,110,34:14,1,25.0,BRK,Garrett Temple,Timothé Luwawu-Cabarrot,2:36,Džanan Musa,2:36,Theo Pinson,2:36,,,,,,,33:43,Spencer Dinwiddie,32:21,Jarrett Allen,31:36,Joe Harris,31:35,Taurean Prince,28:31,Caris LeVert,22:45,Rodions Kurucs,21:28,Wilson Chandler,16:27,Nic Claxton,13:46,97,2,21,16.0,76.2,3.0,14.3,2.0,9.5,Marcus Morris,13,1,2019-2020,2.0,1,4.0,NYK,110,Julius Randle,,,,,,,,,,,,,33:24,Reggie Bullock,31:25,Elfrid Payton,29:31,Taj Gibson,23:44,Damyean Dotson,19:23,Frank Ntilikina,18:29,Bobby Portis,18:07,Mitchell Robinson,17:07,Kevin Knox,14:36
4,.308,13,65.000,1,0.25,92,0,3,75.0,9,.450,5.0,71.4,7.0,20,1,.500,2,10.000,Logos via Sports Logos.net / About logos,L,https://www.basketball-reference.com/boxscores/202001280CHO.html,Away,97,34:59,1,25.0,CHO,Devonte' Graham,Dwayne Bacon,7:27,,,,,,,,,,,34:57,Terry Rozier,34:28,P.J. Washington,30:30,Cody Zeller,28:51,Miles Bridges,25:57,Malik Monk,23:14,Willy Hernangómez,18:38,Cody Martin,18:07,Marvin Williams,17:51,97,4,23,10.0,43.5,12.0,52.2,1.0,4.3,Marcus Morris,5,1,2019-2020,1.0,4,4.0,NYK,92,Julius Randle,Frank Ntilikina,3:05,,,,,,,,,,,36:39,Elfrid Payton,33:27,Reggie Bullock,28:01,Mitchell Robinson,25:54,Damyean Dotson,18:39,Bobby Portis,17:45,Taj Gibson,15:42,Dennis Smith Jr.,14:33,Kevin Knox,11:16
3,.333,9,52.941,0,0.00,127,1,5,83.3,5,.294,2.0,25.0,8.0,17,4,1.000,4,23.529,Logos via Sports Logos.net / About logos,L,https://www.basketball-reference.com/boxscores/202001290NYK.html,Home,106,26:09,1,16.7,MEM,Dillon Brooks,Marko Gudurić,12:43,Josh Jackson,5:01,John Konchar,0:48,Yuta Watanabe,0:48,,,,,31:26,Jonas Valančiūnas,30:40,Jae Crowder,29:50,Ja Morant,27:31,Brandon Clarke,26:51,Tyus Jones,20:29,Jaren Jackson Jr.,19:20,Solomon Hill,17:33,Kyle Anderson,17:00,127,4,17,4.0,23.5,9.0,52.9,4.0,23.5,Marcus Morris,21,1,2019-2020,2.0,4,6.0,NYK,106,Julius Randle,Wayne Ellington,8:10,,,,,,,,,,,35:36,Elfrid Payton,34:53,Mitchell Robinson,30:48,Damyean Dotson,24:19,Kevin Knox,22:27,Reggie Bullock,19:42,Bobby Portis,14:17,Dennis Smith Jr.,13:07,Taj Gibson,10:32
3,.429,7,33.333,0,0.00,92,0,4,66.7,10,.476,7.0,50.0,14.0,21,5,.833,6,28.571,Logos via Sports Logos.net / About logos,W,https://www.basketball-reference.com/boxscores/202002010IND.html,Away,85,34:34,2,33.3,IND,Domantas Sabonis,JaKarr Sampson,6:17,Goga Bitadze,3:31,,,,,,,,,34:42,Myles Turner,33:38,Malcolm Brogdon,33:15,Justin Holiday,25:55,Jeremy Lamb,25:45,T.J. Warren,23:16,Victor Oladipo,22:15,Doug McDermott,16:41,T.J. McConnell,14:45,85,4,28,14.0,50.0,9.0,32.1,5.0,17.9,Marcus Morris,7,1,2019-2020,1.0,2,6.0,NYK,92,Julius Randle,,,,,,,,,,,,,34:49,Damyean Dotson,27:13,Dennis Smith Jr.,27:02,Reggie Bullock,24:48,Bobby Portis,22:07,Kadeem Allen,20:58,Mitchell Robinson,19:20,Taj Gibson,15:34,Kevin Knox,13:34
2,.500,4,26.667,1,1.00,139,0,1,50.0,8,.533,6.0,54.5,11.0,15,8,1.000,8,53.333,Logos via Sports Logos.net / About logos,W,https://www.basketball-reference.com/boxscores/202002030CLE.html,Away,134,36:22,1,50.0,CLE,Larry Nance Jr.,,,,,,,,,,,,,42:23,Kevin Love,41:21,Collin Sexton,39:31,Darius Garland,39:19,Cedi Osman,38:04,Kevin Porter Jr.,24:23,John Henson,18:25,Dante Exum,15:44,Matthew Dellavedova,5:50,134,3,26,12.0,46.2,6.0,23.1,8.0,30.8,Marcus Morris,5,0,2019-2020,0.0,1,2.0,NYK,139,Julius Randle,Taj Gibson,13:19,,,,,,,,,,,38:18,Elfrid Payton,32:59,Bobby Portis,28:17,Reggie Bullock,24:43,Frank Ntilikina,22:59,Dennis Smith Jr.,20:01,Kevin Knox,17:27,Damyean Dotson,15:53,Mitchell Robinson,14:42
0,.000,4,33.333,2,2.00,133,0,4,100.0,5,.417,5.0,62.5,8.0,12,0,,0,0.000,Logos via Sports Logos.net / About logos,W,https://www.basketball-reference.com/boxscores/202002090CLE.html,Away,92,21:51,0,0.0,CLE,Andre Drummond,Dante Exum,8:26,Malik Newman,3:41,Dean Wade,3:41,,,,,,,28:59,Darius Garland,28:27,Collin Sexton,27:51,Kevin Porter Jr.,27:35,Kevin Love,25:46,Cedi Osman,24:59,Alfonzo McKinnie,21:16,Larry Nance Jr.,20:18,Tristan Thompson,19:01,92,2,10,10.0,100.0,0.0,0.0,0.0,0.0,Marcus Morris,41,3,2019-2020,3.0,1,4.0,LAC,133,Landry Shamet,Johnathan Motley,10:40,Mfiondu Kabengele,9:42,,,,,,,,,27:17,Lou Williams,26:09,Amir Coffey,24:31,JaMychal Green,24:13,Paul George,24:12,Rodney McGruder,22:05,Montrezl Harrell,20:30,Ivica Zubac,16:50,Terance Mann,12:00
3,.500,6,50.000,1,1.00,103,1,4,80.0,5,.417,2.0,33.3,6.0,12,0,,0,0.000,Logos via Sports Logos.net / About logos,L,https://www.basketball-reference.com/boxscores/202002110PHI.html,Away,110,35:22,1,20.0,PHI,Ben Simmons,Mike Scott,5:09,Shake Milton,0:42,Norvel Pelle,0:42,,,,,,,42:43,Tobias Harris,36:57,Josh Richardson,31:32,Joel Embiid,28:10,Al Horford,27:56,Furkan Korkmaz,23:24,Matisse Thybulle,16:06,Alec Burks,14:20,Glenn Robinson III,12:19,110,3,13,4.0,30.8,9.0,69.2,0.0,0.0,Marcus Morris,7,0,2019-2020,1.0,1,5.0,LAC,103,Kawhi Leonard,Terance Mann,0:42,Johnathan Motley,0:42,,,,,,,,,36:30,Landry Shamet,36:02,Lou Williams,35:35,Paul George,35:24,Montrezl Harrell,24:11,Ivica Zubac,20:12,JaMychal Green,11:56,Rodney McGruder,2:42,Amir Coffey,0:42
2,.333,6,75.000,2,1.00,133,2,7,87.5,4,.500,2.0,100.0,2.0,8,0,,0,0.000,Logos via Sports Logos.net / About logos,L,https://www.basketball-reference.com/boxscores/202002130BOS.html,Away,141,41:55,1,12.5,BOS,Jayson Tatum,Carsen Edwards,0:12,,,,,,,,,,,47:53,Gordon Hayward,47:44,Marcus Smart,45:52,Kemba Walker,45:36,Brad Wanamaker,25:54,Daniel Theis,24:10,Enes Freedom,19:53,Semi Ojeleye,16:56,Grant Williams,15:50,141,5,10,4.0,40.0,6.0,60.0,0.0,0.0,Marcus Morris,8,0,2019-2020,2.0,2,8.0,LAC,133,Landry Shamet,Johnathan Motley,0:12,Terance Mann,0:12,,,,,,,,,47:35,Kawhi Leonard,45:34,Montrezl Harrell,44:17,Lou Williams,44:12,JaMychal Green,19:29,Paul George,14:46,Ivica Zubac,13:31,Amir Coffey,12:34,Rodney McGruder,5:43
0,.000,2,22.222,1,0.20,112,1,2,100.0,3,.333,3.0,42.9,7.0,9,0,,0,0.000,Logos via Sports Logos.net / About logos,L,https://www.basketball-reference.com/boxscores/202002220LAC.html,Home,103,31:41,0,0.0,SAC,Harrison Barnes,,,,,,,,,,,,,38:53,Bogdan Bogdanović,33:34,De'Aaron Fox,33:08,Harry Giles,31:36,Kent Bazemore,30:16,Nemanja Bjelica,26:06,Alex Len,16:06,Buddy Hield,15:29,Cory Joseph,14:52,112,2,6,6.0,100.0,0.0,0.0,0.0,0.0,Marcus Morris,9,0,2019-2020,1.0,5,2.0,LAC,103,Kawhi Leonard,Terance Mann,0:18,Patrick Patterson,0:12,,,,,,,,,36:30,Landry Shamet,34:28,Lou Williams,30:51,Montrezl Harrell,27:46,Reggie Jackson,22:30,Ivica Zubac,20:14,JaMychal Green,19:03,Amir Coffey,13:52,Rodney McGruder,2:35
2,.400,5,45.455,2,1.00,97,1,1,100.0,5,.455,3.0,50.0,6.0,11,1,.500,2,18.182,Logos via Sports Logos.net / About logos,W,https://www.basketball-reference.com/boxscores/202002240LAC.html,Home,124,24:19,0,0.0,MEM,Gorgui Dieng,Jordan Bell,15:25,Marko Gudurić,6:59,Dusty Hannahs,6:59,Brandon Clarke,3:51,,,,,28:06,Ja Morant,27:00,Josh Jackson,25:48,Jonas Valančiūnas,25:25,Dillon Brooks,24:45,Kyle Anderson,21:30,De'Anthony Melton,18:33,John Konchar,17:50,Tyus Jones,17:49,97,1,13,6.0,46.2,6.0,46.2,1.0,7.7,Marcus Morris,27,1,2019-2020,2.0,2,1.0,LAC,124,Kawhi Leonard,Amir Coffey,7:42,Patrick Patterson,6:59,Rodney McGruder,4:44,,,,,,,24:49,Landry Shamet,23:58,JaMychal Green,22:49,Reggie Jackson,22:07,Lou Williams,21:44,Paul George,21:01,Ivica Zubac,20:55,Montrezl Harrell,19:35,Patrick Beverley,19:16
4,.500,8,57.143,3,3.00,102,1,3,60.0,6,.429,2.0,33.3,6.0,14,2,1.000,2,14.286,Logos via Sports Logos.net / About logos,W,https://www.basketball-reference.com/boxscores/202002260PHO.html,Away,92,29:42,2,40.0,PHO,Devin Booker,,,,,,,,,,,,,39:14,Mikal Bridges,38:04,Deandre Ayton,36:15,Ricky Rubio,31:14,Dario Šarić,31:00,Cameron Johnson,26:56,Jevon Carter,13:47,Elie Okobo,11:47,Aron Baynes,11:43,92,4,18,4.0,22.2,12.0,66.7,2.0,11.1,Marcus Morris,10,0,2019-2020,1.0,1,5.0,LAC,102,Kawhi Leonard,,,,,,,,,,,,,35:36,Paul George,28:25,Montrezl Harrell,25:32,Patrick Beverley,24:07,Lou Williams,21:58,Landry Shamet,20:19,Ivica Zubac,20:01,JaMychal Green,18:03,Reggie Jackson,16:17
0,.000,5,50.000,1,1.00,103,1,4,100.0,2,.200,2.0,40.0,5.0,10,2,1.000,2,20.000,Logos via Sports Logos.net / About logos,W,https://www.basketball-reference.com/boxscores/202002280LAC.html,Home,132,25:22,0,0.0,DEN,Jerami Grant,Michael Porter Jr.,9:28,PJ Dozier,5:27,Jordan McRae,5:27,Vlatko Čančar,4:32,,,,,29:28,Will Barton,28:48,Jamal Murray,26:20,Nikola Jokić,25:09,Gary Harris,24:37,Monte Morris,22:02,Paul Millsap,20:31,Torrey Craig,19:52,Mason Plumlee,18:19,103,0,6,4.0,66.7,0.0,0.0,2.0,33.3,Marcus Morris,29,2,2019-2020,3.0,1,4.0,LAC,132,Kawhi Leonard,Rodney McGruder,4:32,Amir Coffey,4:32,Patrick Patterson,4:32,,,,,,,25:22,Paul George,25:00,Landry Shamet,23:02,JaMychal Green,22:42,Ivica Zubac,22:30,Lou Williams,22:08,Patrick Beverley,21:18,Montrezl Harrell,20:28,Reggie Jackson,18:32
1,1.000,1,25.000,1,,130,1,2,100.0,3,.750,2.0,66.7,3.0,4,2,1.000,2,50.000,Logos via Sports Logos.net / About logos,W,https://www.basketball-reference.com/boxscores/202003010LAC.html,Home,136,27:18,0,0.0,PHI,Tobias Harris,Kyle O'Quinn,7:16,Norvel Pelle,2:38,,,,,,,,,40:58,Shake Milton,39:36,Al Horford,29:00,Furkan Korkmaz,28:58,Mike Scott,26:13,Alec Burks,25:24,Matisse Thybulle,15:42,Glenn Robinson III,13:58,Josh Richardson,10:17,130,1,9,4.0,44.4,3.0,33.3,2.0,22.2,Marcus Morris,6,1,2019-2020,2.0,0,2.0,LAC,136,Kawhi Leonard,,,,,,,,,,,,,33:35,Paul George,30:03,Lou Williams,28:08,Montrezl Harrell,27:34,Patrick Beverley,23:49,Reggie Jackson,19:28,Ivica Zubac,19:23,JaMychal Green,15:26,Landry Shamet,15:16
0,.000,5,55.556,1,,109,1,5,100.0,4,.444,4.0,100.0,4.0,9,0,,0,0.000,Logos via Sports Logos.net / About logos,W,https://www.basketball-reference.com/boxscores/202003030OKC.html,Away,94,29:51,0,0.0,OKC,Shai Gilgeous-Alexander,Mike Muscala,5:26,Deonte Burton,3:34,Hamidou Diallo,3:34,,,,,,,33:58,Chris Paul,30:37,Dennis Schröder,30:09,Danilo Gallinari,28:32,Steven Adams,27:17,Luguentz Dort,25:10,Abdel Nader,19:28,Terrance Ferguson,17:12,Nerlens Noel,15:03,94,3,8,8.0,100.0,0.0,0.0,0.0,0.0,Marcus Morris,15,0,2019-2020,1.0,0,5.0,LAC,109,Kawhi Leonard,Patrick Patterson,3:27,Amir Coffey,3:27,Rodney McGruder,3:27,,,,,,,32:42,Paul George,27:13,Reggie Jackson,24:59,Lou Williams,22:36,Patrick Beverley,20:09,Montrezl Harrell,19:40,JaMychal Green,19:21,Ivica Zubac,19:16,Landry Shamet,13:52
3,.375,8,66.667,1,1.00,120,1,2,100.0,4,.333,1.0,25.0,4.0,12,0,,0,0.000,Logos via Sports Logos.net / About logos,W,https://www.basketball-reference.com/boxscores/202003050HOU.html,Away,105,21:44,0,0.0,HOU,Russell Westbrook,DeMarre Carroll,14:57,Bruno Caboclo,3:59,,,,,,,,,32:36,James Harden,27:57,P.J. Tucker,27:50,Robert Covington,27:29,Danuel House Jr.,24:22,Eric Gordon,23:17,Jeff Green,19:44,Ben McLemore,19:43,Austin Rivers,18:06,105,4,11,2.0,18.2,9.0,81.8,0.0,0.0,Marcus Morris,15,0,2019-2020,1.0,1,2.0,LAC,120,Paul George,Rodney McGruder,5:28,Amir Coffey,5:28,Patrick Patterson,5:28,,,,,,,29:31,Kawhi Leonard,28:30,JaMychal Green,23:39,Patrick Beverley,22:50,Montrezl Harrell,22:05,Ivica Zubac,20:27,Lou Williams,19:49,Reggie Jackson,17:33,Landry Shamet,17:28
0,.000,7,77.778,1,1.00,112,0,5,83.3,0,.000,0.0,0.0,2.0,9,1,.500,2,22.222,Logos via Sports Logos.net / About logos,L,https://www.basketball-reference.com/boxscores/202003080LAC.html,Home,103,29:08,1,16.7,LAL,LeBron James,Dwight Howard,6:35,Alex Caruso,6:32,,,,,,,,,34:31,Anthony Davis,34:15,Avery Bradley,32:48,Kentavious Caldwell-Pope,27:43,Danny Green,24:35,Kyle Kuzma,22:25,Rajon Rondo,22:01,Markieff Morris,16:23,JaVale McGee,12:12,112,5,1,0.0,0.0,0.0,0.0,1.0,100.0,Marcus Morris,9,1,2019-2020,1.0,1,6.0,LAC,103,Kawhi Leonard,Amir Coffey,0:34,Rodney McGruder,0:31,,,,,,,,,37:10,Paul George,36:55,Montrezl Harrell,33:39,Lou Williams,28:11,Patrick Beverley,26:14,Reggie Jackson,14:26,Ivica Zubac,13:50,JaMychal Green,10:57,Landry Shamet,8:25
2,.667,3,75.000,2,,131,0,2,50.0,3,.750,1.0,100.0,1.0,4,1,1.000,1,25.000,Logos via Sports Logos.net / About logos,W,https://www.basketball-reference.com/boxscores/202003100GSW.html,Away,107,22:14,2,50.0,GSW,Andrew Wiggins,Juan Toscano-Anderson,0:50,,,,,,,,,,,32:21,Eric Paschall,32:13,Damion Lee,30:52,Marquese Chriss,27:09,Mychal Mulder,26:21,Jordan Poole,26:06,Dragan Bender,25:22,Ky Bowman,24:04,Chasson Randle,14:42,107,3,9,2.0,22.2,6.0,66.7,1.0,11.1,Marcus Morris,24,0,2019-2020,0.0,0,4.0,LAC,131,Landry Shamet,Patrick Patterson,8:35,Amir Coffey,8:35,,,,,,,,,26:38,JaMychal Green,25:46,Kawhi Leonard,25:15,Paul George,22:38,Rodney McGruder,21:01,Patrick Beverley,20:41,Ivica Zubac,19:50,Montrezl Harrell,19:35,Reggie Jackson,19:12
2,.333,6,66.667,2,0.67,108,0,0,0.0,4,.444,2.0,66.7,3.0,9,2,1.000,2,22.222,Logos via Sports Logos.net / About logos,W,https://www.basketball-reference.com/boxscores/202101060GSW.html,Away,101,18:11,2,100.0,GSW,Stephen Curry,Kevon Looney,12:14,Mychal Mulder,8:13,,,,,,,,,34:59,Andrew Wiggins,33:55,Draymond Green,31:17,Kelly Oubre Jr.,24:40,Damion Lee,22:17,Eric Paschall,20:07,Kent Bazemore,19:02,James Wiseman,18:01,Brad Wanamaker,15:15,101,3,12,4.0,33.3,6.0,50.0,2.0,16.7,Marcus Morris,7,0,2020-2021,0.0,3,2.0,LAC,108,Paul George,Mfiondu Kabengele,0:31,Terance Mann,0:24,,,,,,,,,38:32,Kawhi Leonard,34:31,Serge Ibaka,34:31,Patrick Beverley,30:15,Nicolas Batum,26:18,Lou Williams,19:55,Luke Kennard,18:39,Ivica Zubac,10:00,Reggie Jackson,8:13
0,.000,2,28.571,1,1.00,105,0,2,100.0,1,.143,1.0,20.0,5.0,7,0,,0,0.000,Logos via Sports Logos.net / About logos,L,https://www.basketball-reference.com/boxscores/202101080GSW.html,Away,115,17:43,0,0.0,GSW,Stephen Curry,James Wiseman,15:18,Kevon Looney,11:55,,,,,,,,,36:15,Draymond Green,30:37,Andrew Wiggins,28:02,Damion Lee,21:52,Kelly Oubre Jr.,21:23,Eric Paschall,20:01,Kent Bazemore,19:48,Mychal Mulder,18:31,Brad Wanamaker,16:14,115,0,2,2.0,100.0,0.0,0.0,0.0,0.0,Marcus Morris,10,0,2020-2021,0.0,1,2.0,LAC,105,Paul George,Terance Mann,0:43,Amir Coffey,0:43,Mfiondu Kabengele,0:43,Daniel Oturu,0:43,,,,,39:08,Kawhi Leonard,34:11,Serge Ibaka,30:20,Nicolas Batum,30:17,Patrick Beverley,27:59,Luke Kennard,17:47,Ivica Zubac,16:56,Lou Williams,16:23,Reggie Jackson,6:20
3,.600,5,62.500,0,0.00,127,0,5,71.4,3,.375,0.0,0.0,3.0,8,2,1.000,2,25.000,Logos via Sports Logos.net / About logos,W,https://www.basketball-reference.com/boxscores/202101100LAC.html,Home,130,25:04,2,28.6,CHI,Coby White,,,,,,,,,,,,,42:55,Zach LaVine,41:56,Garrett Temple,36:07,Patrick Williams,35:47,Wendell Carter Jr.,26:48,Thaddeus Young,25:20,Denzel Valentine,20:10,Daniel Gafford,10:33,Adam Mokoka,0:24,127,3,11,0.0,0.0,9.0,81.8,2.0,18.2,Marcus Morris,3,0,2020-2021,0.0,1,7.0,LAC,130,Paul George,,,,,,,,,,,,,39:56,Kawhi Leonard,38:13,Nicolas Batum,27:32,Serge Ibaka,26:27,Patrick Beverley,25:19,Lou Williams,23:30,Luke Kennard,18:13,Ivica Zubac,15:33,Terance Mann,0:13
2,.500,4,50.000,0,0.00,106,0,3,100.0,3,.375,1.0,25.0,4.0,8,0,,0,0.000,Logos via Sports Logos.net / About logos,W,https://www.basketball-reference.com/boxscores/202101130LAC.html,Home,111,20:30,0,0.0,NOP,Brandon Ingram,,,,,,,,,,,,,38:21,Josh Hart,38:17,Nickeil Alexander-Walker,33:14,Steven Adams,28:59,JJ Redick,28:08,Nicolò Melli,19:22,Sindarius Thornwell,19:04,Jaxson Hayes,19:01,Kira Lewis Jr.,15:34,106,2,8,2.0,25.0,6.0,75.0,0.0,0.0,Marcus Morris,5,0,2020-2021,0.0,1,3.0,LAC,111,Kawhi Leonard,,,,,,,,,,,,,38:51,Paul George,38:22,Patrick Beverley,36:38,Nicolas Batum,27:30,Serge Ibaka,26:12,Ivica Zubac,21:48,Luke Kennard,20:55,Lou Williams,9:14,,
4,.667,6,50.000,1,1.00,138,0,0,,7,.583,3.0,50.0,6.0,12,0,,0,0.000,Logos via Sports Logos.net / About logos,W,https://www.basketball-reference.com/boxscores/202101150SAC.html,Away,100,21:57,0,,SAC,Harrison Barnes,Justin James,11:59,Robert Woodard II,2:51,,,,,,,,,33:40,Marvin Bagley III,31:06,Richaun Holmes,30:29,Buddy Hield,29:15,Tyrese Haliburton,24:27,De'Aaron Fox,23:09,Glenn Robinson III,20:45,Chimezie Metu,17:31,Cory Joseph,14:48,100,0,18,6.0,33.3,12.0,66.7,0.0,0.0,Marcus Morris,38,1,2020-2021,1.0,1,0.0,LAC,138,Terance Mann,Daniel Oturu,7:14,Mfiondu Kabengele,6:37,,,,,,,,,30:15,Paul George,29:36,Luke Kennard,29:36,Kawhi Leonard,27:31,Nicolas Batum,21:09,Ivica Zubac,20:57,Reggie Jackson,18:07,Serge Ibaka,18:06,Amir Coffey,8:55
4,.571,7,63.636,3,3.00,96,0,5,71.4,7,.636,3.0,75.0,4.0,11,2,.667,3,27.273,Logos via Sports Logos.net / About logos,W,https://www.basketball-reference.com/boxscores/202101170LAC.html,Home,129,26:34,2,28.6,IND,Justin Holiday,Kelan Martin,5:14,Brian Bowen,5:06,Jalen Lecque,5:06,,,,,,,34:37,Domantas Sabonis,34:17,Malcolm Brogdon,33:36,Doug McDermott,32:25,T.J. McConnell,25:39,Edmond Sumner,21:15,Aaron Holiday,19:14,Goga Bitadze,15:35,Cassius Stanley,7:56,96,1,20,6.0,30.0,12.0,60.0,2.0,10.0,Marcus Morris,33,1,2020-2021,1.0,1,7.0,LAC,129,Paul George,Amir Coffey,7:19,Daniel Oturu,5:06,Mfiondu Kabengele,5:06,,,,,,,33:41,Kawhi Leonard,30:47,Patrick Beverley,26:23,Nicolas Batum,24:56,Luke Kennard,20:56,Patrick Patterson,18:08,Ivica Zubac,16:11,Reggie Jackson,13:57,Terance Mann,10:56
2,.400,5,62.500,1,1.00,96,0,4,100.0,2,.250,0.0,0.0,3.0,8,2,1.000,2,25.000,Logos via Sports Logos.net / About logos,W,https://www.basketball-reference.com/boxscores/202101200LAC.html,Home,115,26:19,0,0.0,SAC,Richaun Holmes,Justin James,6:27,,,,,,,,,,,35:20,De'Aaron Fox,34:00,Harrison Barnes,31:41,Marvin Bagley III,29:14,Buddy Hield,28:41,Tyrese Haliburton,24:58,Glenn Robinson III,20:40,Cory Joseph,16:19,Chimezie Metu,12:40,96,2,8,0.0,0.0,6.0,75.0,2.0,25.0,Marcus Morris,19,1,2020-2021,1.0,1,4.0,LAC,115,Kawhi Leonard,Mfiondu Kabengele,2:20,Reggie Jackson,2:20,Daniel Oturu,2:20,,,,,,,34:59,Paul George,32:23,Nicolas Batum,26:15,Luke Kennard,25:52,Patrick Beverley,24:05,Serge Ibaka,23:09,Ivica Zubac,22:31,Lou Williams,14:34,Terance Mann,2:53
1,.333,3,42.857,0,0.00,106,1,3,75.0,3,.429,2.0,50.0,4.0,7,0,,0,0.000,Logos via Sports Logos.net / About logos,W,https://www.basketball-reference.com/boxscores/202101220LAC.html,Home,120,24:15,1,25.0,OKC,Shai Gilgeous-Alexander,Kenrich Williams,9:23,,,,,,,,,,,38:37,Darius Bazley,33:22,Luguentz Dort,31:55,George Hill,29:58,Isaiah Roby,27:37,Hamidou Diallo,19:24,Théo Maledon,19:19,Mike Muscala,15:42,Aleksej Pokusevski,14:43,106,2,7,4.0,57.1,3.0,42.9,0.0,0.0,Marcus Morris,14,0,2020-2021,1.0,2,4.0,LAC,120,Kawhi Leonard,Mfiondu Kabengele,0:51,Terance Mann,0:51,,,,,,,,,37:08,Paul George,34:42,Nicolas Batum,33:11,Patrick Beverley,29:39,Serge Ibaka,27:40,Lou Williams,20:24,Luke Kennard,15:34,Ivica Zubac,14:54,Daniel Oturu,0:51
0,,0,0.000,0,0.00,99,0,3,60.0,3,.333,3.0,33.3,9.0,9,4,1.000,4,44.444,Logos via Sports Logos.net / About logos,L,https://www.basketball-reference.com/boxscores/202101260ATL.html,Away,108,24:17,2,40.0,ATL,Trae Young,Tony Snell,2:41,Skylar Mays,0:07,,,,,,,,,36:17,De'Andre Hunter,36:06,John Collins,35:21,Kevin Huerter,35:19,Clint Capela,34:32,Solomon Hill,23:18,Brandon Goodwin,15:40,Danilo Gallinari,14:27,Rajon Rondo,6:12,108,2,10,6.0,60.0,0.0,0.0,4.0,40.0,Marcus Morris,9,1,2020-2021,1.0,1,5.0,LAC,99,Reggie Jackson,,,,,,,,,,,,,39:10,Terance Mann,33:59,Nicolas Batum,32:47,Serge Ibaka,28:52,Luke Kennard,28:01,Lou Williams,22:14,Ivica Zubac,18:14,Amir Coffey,12:26,,
2,.250,8,61.538,1,1.00,109,0,4,80.0,5,.385,3.0,60.0,5.0,13,4,1.000,4,30.769,Logos via Sports Logos.net / About logos,W,https://www.basketball-reference.com/boxscores/202101280MIA.html,Away,105,26:09,1,20.0,MIA,Bam Adebayo,,,,,,,,,,,,,34:39,Kendrick Nunn,32:56,Duncan Robinson,32:47,Tyler Herro,31:56,Gabe Vincent,25:37,Kelly Olynyk,24:49,KZ Okpala,23:11,Max Strus,20:44,Precious Achiuwa,13:21,105,2,16,6.0,37.5,6.0,37.5,4.0,25.0,Marcus Morris,4,1,2020-2021,1.0,1,5.0,LAC,109,Reggie Jackson,,,,,,,,,,,,,36:37,Nicolas Batum,31:07,Lou Williams,28:23,Luke Kennard,27:16,Terance Mann,26:49,Serge Ibaka,26:03,Ivica Zubac,21:12,Amir Coffey,16:24,,
2,.500,4,40.000,2,,116,1,1,100.0,5,.500,3.0,50.0,6.0,10,1,1.000,1,10.000,Logos via Sports Logos.net / About logos,W,https://www.basketball-reference.com/boxscores/202101290ORL.html,Away,90,23:51,0,0.0,ORL,Cole Anthony,Mo Bamba,6:10,Jordan Bone,6:10,,,,,,,,,30:06,Aaron Gordon,28:44,Nikola Vučević,28:32,Gary Clark,26:25,Evan Fournier,25:37,Khem Birch,23:48,Terrence Ross,23:26,Dwayne Bacon,22:37,James Ennis III,18:23,90,0,13,6.0,46.2,6.0,46.2,1.0,7.7,Marcus Morris,26,2,2020-2021,3.0,0,1.0,LAC,116,Kawhi Leonard,Mfiondu Kabengele,3:43,Amir Coffey,3:43,Daniel Oturu,3:43,,,,,,,28:35,Paul George,27:55,Nicolas Batum,27:34,Reggie Jackson,24:36,Serge Ibaka,23:26,Luke Kennard,22:39,Ivica Zubac,20:36,Lou Williams,17:27,Terance Mann,12:11
3,.500,6,75.000,0,,129,0,3,100.0,4,.500,1.0,50.0,2.0,8,0,,0,0.000,Logos via Sports Logos.net / About logos,W,https://www.basketball-reference.com/boxscores/202101310NYK.html,Away,115,28:17,0,0.0,NYK,Julius Randle,Obi Toppin,12:52,,,,,,,,,,,35:08,RJ Barrett,30:31,Mitchell Robinson,29:39,Immanuel Quickley,27:16,Reggie Bullock,26:05,Alec Burks,21:55,Elfrid Payton,20:44,Taj Gibson,18:21,Austin Rivers,17:29,115,2,11,2.0,18.2,9.0,81.8,0.0,0.0,Marcus Morris,14,0,2020-2021,0.0,0,3.0,LAC,129,Kawhi Leonard,Amir Coffey,1:38,Mfiondu Kabengele,1:38,,,,,,,,,34:04,Paul George,32:47,Reggie Jackson,25:40,Serge Ibaka,23:41,Ivica Zubac,22:41,Lou Williams,22:30,Patrick Patterson,19:43,Terance Mann,16:04,Luke Kennard,11:17
3,.500,6,60.000,0,,120,1,4,100.0,6,.600,3.0,75.0,4.0,10,1,1.000,1,10.000,Logos via Sports Logos.net / About logos,L,https://www.basketball-reference.com/boxscores/202102020BRK.html,Away,124,30:35,0,0.0,BRK,James Harden,,,,,,,,,,,,,43:04,Kevin Durant,38:10,Kyrie Irving,36:37,Joe Harris,34:37,Jeff Green,31:31,DeAndre Jordan,16:29,Bruce Brown,16:19,Timothé Luwawu-Cabarrot,12:18,Landry Shamet,10:55,124,2,16,6.0,37.5,9.0,56.2,1.0,6.2,Marcus Morris,4,1,2020-2021,2.0,0,4.0,LAC,120,Kawhi Leonard,,,,,,,,,,,,,39:15,Nicolas Batum,37:54,Paul George,35:49,Reggie Jackson,34:42,Serge Ibaka,20:50,Lou Williams,20:26,Ivica Zubac,16:14,Luke Kennard,4:15,,
0,.000,2,66.667,0,0.00,121,0,3,100.0,1,.333,1.0,100.0,1.0,3,1,.500,2,66.667,Logos via Sports Logos.net / About logos,W,https://www.basketball-reference.com/boxscores/202102030CLE.html,Away,99,23:13,0,0.0,CLE,Collin Sexton,Dean Wade,3:56,,,,,,,,,,,38:28,Darius Garland,34:41,Taurean Prince,28:14,Isaac Okoro,27:35,Jarrett Allen,25:45,Andre Drummond,22:15,Lamar Stevens,21:04,Dylan Windler,19:46,Cedi Osman,18:16,99,1,3,2.0,66.7,0.0,0.0,1.0,33.3,Marcus Morris,22,0,2020-2021,0.0,2,3.0,LAC,121,Paul George,Amir Coffey,3:56,Mfiondu Kabengele,3:56,,,,,,,,,34:05,Kawhi Leonard,31:34,Ivica Zubac,27:44,Nicolas Batum,23:45,Reggie Jackson,23:25,Lou Williams,22:35,Luke Kennard,21:35,Serge Ibaka,20:16,Terance Mann,3:56
3,.600,5,45.455,2,,119,0,4,100.0,5,.455,2.0,33.3,6.0,11,0,,0,0.000,Logos via Sports Logos.net / About logos,L,https://www.basketball-reference.com/boxscores/202102050LAC.html,Home,115,28:00,0,0.0,BOS,Jayson Tatum,Daniel Theis,8:40,,,,,,,,,,,40:22,Kemba Walker,32:21,Grant Williams,31:49,Carsen Edwards,29:44,Tristan Thompson,27:30,Payton Pritchard,19:18,Semi Ojeleye,18:11,Jeff Teague,16:41,Robert Williams,15:24,119,1,13,4.0,30.8,9.0,69.2,0.0,0.0,Marcus Morris,4,1,2020-2021,1.0,0,4.0,LAC,115,Nicolas Batum,,,,,,,,,,,,,39:18,Kawhi Leonard,36:48,Serge Ibaka,27:33,Luke Kennard,25:50,Lou Williams,22:00,Reggie Jackson,20:58,Ivica Zubac,20:13,Terance Mann,19:20,,
3,.600,5,45.455,0,,113,0,3,100.0,5,.455,2.0,33.3,6.0,11,3,1.000,3,27.273,Logos via Sports Logos.net / About logos,L,https://www.basketball-reference.com/boxscores/202102070LAC.html,Home,110,25:08,0,0.0,SAC,Buddy Hield,Kyle Guy,9:55,Chimezie Metu,1:46,,,,,,,,,38:00,De'Aaron Fox,35:59,Harrison Barnes,35:11,Richaun Holmes,31:22,Tyrese Haliburton,27:29,Marvin Bagley III,20:54,Hassan Whiteside,14:34,Glenn Robinson III,12:26,Cory Joseph,12:24,113,1,16,4.0,25.0,9.0,56.2,3.0,18.8,Marcus Morris,3,0,2020-2021,0.0,0,3.0,LAC,110,Kawhi Leonard,,,,,,,,,,,,,34:56,Reggie Jackson,30:38,Lou Williams,29:07,Nicolas Batum,27:20,Ivica Zubac,26:55,Terance Mann,26:28,Serge Ibaka,20:11,Luke Kennard,19:17,,
2,.286,7,58.333,1,1.00,119,0,4,100.0,3,.250,1.0,20.0,5.0,12,2,1.000,2,16.667,Logos via Sports Logos.net / About logos,W,https://www.basketball-reference.com/boxscores/202102100MIN.html,Away,112,25:28,0,0.0,MIN,Malik Beasley,Jarred Vanderbilt,15:55,,,,,,,,,,,34:19,Karl-Anthony Towns,30:52,Anthony Edwards,29:44,Ricky Rubio,29:21,Josh Okogie,25:37,Naz Reid,19:51,Jordan McLaughlin,18:39,Jaden McDaniels,18:12,Jaylen Nowell,17:30,112,1,10,2.0,20.0,6.0,60.0,2.0,20.0,Marcus Morris,7,1,2020-2021,1.0,1,4.0,LAC,119,Kawhi Leonard,,,,,,,,,,,,,36:33,Nicolas Batum,35:22,Lou Williams,28:31,Reggie Jackson,26:57,Serge Ibaka,20:08,Terance Mann,19:48,Patrick Beverley,18:10,Ivica Zubac,17:11,Luke Kennard,11:52
6,.750,8,80.000,1,1.00,125,1,4,66.7,6,.600,0.0,0.0,2.0,10,2,1.000,2,20.000,Logos via Sports Logos.net / About logos,W,https://www.basketball-reference.com/boxscores/202102120CHI.html,Away,106,24:36,2,33.3,CHI,Patrick Williams,Ryan Arcidiacono,4:16,Cristiano Felício,1:15,Adam Mokoka,1:15,,,,,,,34:59,Zach LaVine,34:12,Coby White,33:45,Garrett Temple,30:08,Tomáš Satoranský,29:31,Thaddeus Young,25:28,Denzel Valentine,22:39,Luke Kornet,14:45,Daniel Gafford,7:47,106,1,20,0.0,0.0,18.0,90.0,2.0,10.0,Marcus Morris,19,0,2020-2021,1.0,1,6.0,LAC,125,Terance Mann,Mfiondu Kabengele,3:13,,,,,,,,,,,33:00,Kawhi Leonard,32:52,Nicolas Batum,30:54,Lou Williams,24:03,Reggie Jackson,23:58,Serge Ibaka,22:22,Luke Kennard,18:25,Ivica Zubac,14:54,Patrick Beverley,11:43
4,.667,6,42.857,1,1.00,111,2,3,50.0,7,.500,3.0,37.5,8.0,14,5,1.000,5,35.714,Logos via Sports Logos.net / About logos,W,https://www.basketball-reference.com/boxscores/202102140LAC.html,Home,128,25:44,3,50.0,CLE,Collin Sexton,Damyean Dotson,13:58,Dean Wade,4:01,,,,,,,,,35:24,Isaac Okoro,29:56,Darius Garland,28:26,Jarrett Allen,28:12,Cedi Osman,24:35,Dylan Windler,23:57,Taurean Prince,19:06,Lamar Stevens,16:38,JaVale McGee,15:47,111,4,23,6.0,26.1,12.0,52.2,5.0,21.7,Marcus Morris,17,1,2020-2021,3.0,1,6.0,LAC,128,Lou Williams,Mfiondu Kabengele,4:01,,,,,,,,,,,32:11,Reggie Jackson,31:31,Nicolas Batum,29:48,Serge Ibaka,29:06,Luke Kennard,28:29,Terance Mann,20:10,Patrick Beverley,20:06,Ivica Zubac,14:53,Amir Coffey,4:01
6,.750,8,53.333,2,1.00,118,0,2,66.7,11,.733,5.0,71.4,7.0,15,4,1.000,4,26.667,Logos via Sports Logos.net / About logos,W,https://www.basketball-reference.com/boxscores/202102150LAC.html,Home,125,25:49,1,33.3,MIA,Tyler Herro,Max Strus,8:44,,,,,,,,,,,40:42,Jimmy Butler,37:57,Bam Adebayo,35:54,Duncan Robinson,34:45,Kendrick Nunn,21:28,Andre Iguodala,20:39,Kelly Olynyk,14:25,Maurice Harkless,13:20,Precious Achiuwa,12:06,118,5,32,10.0,31.2,18.0,56.2,4.0,12.5,Marcus Morris,7,1,2020-2021,1.0,2,3.0,LAC,125,Terance Mann,,,,,,,,,,,,,36:53,Lou Williams,35:30,Amir Coffey,32:14,Luke Kennard,30:23,Ivica Zubac,28:17,Reggie Jackson,24:05,Serge Ibaka,19:36,Patrick Patterson,7:13,,
1,.333,3,20.000,0,0.00,114,0,4,80.0,4,.267,3.0,25.0,12.0,15,0,.000,2,13.333,Logos via Sports Logos.net / About logos,L,https://www.basketball-reference.com/boxscores/202102170LAC.html,Home,96,32:10,1,20.0,UTA,Royce O'Neale,Jarrell Brantley,2:19,Trent Forrest,2:19,Juwan Morgan,2:19,Shaquille Harrison,1:41,,,,,33:32,Donovan Mitchell,33:20,Jordan Clarkson,33:15,Rudy Gobert,31:43,Joe Ingles,24:08,Georges Niang,23:10,Bojan Bogdanović,23:09,Miye Oni,15:07,Derrick Favors,13:58,114,3,9,6.0,66.7,3.0,33.3,0.0,0.0,Marcus Morris,18,0,2020-2021,0.0,1,5.0,LAC,96,Lou Williams,,,,,,,,,,,,,35:23,Reggie Jackson,31:09,Terance Mann,29:38,Amir Coffey,25:51,Patrick Beverley,23:15,Ivica Zubac,21:37,Serge Ibaka,20:40,Patrick Patterson,15:01,Mfiondu Kabengele,5:16
3,.600,5,45.455,1,,112,0,6,85.7,7,.636,4.0,66.7,6.0,11,0,,0,0.000,Logos via Sports Logos.net / About logos,W,https://www.basketball-reference.com/boxscores/202102190LAC.html,Home,116,26:31,1,14.3,UTA,Royce O'Neale,,,,,,,,,,,,,37:24,Donovan Mitchell,34:04,Bojan Bogdanović,33:32,Rudy Gobert,31:27,Jordan Clarkson,27:12,Mike Conley,25:20,Joe Ingles,24:43,Derrick Favors,16:27,Georges Niang,9:51,112,3,17,8.0,47.1,9.0,52.9,0.0,0.0,Marcus Morris,4,0,2020-2021,0.0,0,7.0,LAC,116,Kawhi Leonard,Amir Coffey,0:02,,,,,,,,,,,37:50,Nicolas Batum,30:54,Paul George,26:41,Lou Williams,25:33,Patrick Beverley,24:45,Serge Ibaka,22:26,Ivica Zubac,17:00,Reggie Jackson,14:47,Terance Mann,13:31
1,.333,3,42.857,1,,112,0,2,100.0,2,.286,1.0,25.0,4.0,7,0,,0,0.000,Logos via Sports Logos.net / About logos,L,https://www.basketball-reference.com/boxscores/202102210LAC.html,Home,108,24:47,0,0.0,BRK,James Harden,,,,,,,,,,,,,40:40,Kyrie Irving,39:35,Joe Harris,35:53,Jeff Green,34:17,Bruce Brown,34:01,DeAndre Jordan,31:34,Landry Shamet,18:21,Timothé Luwawu-Cabarrot,5:37,,,112,3,5,2.0,40.0,3.0,60.0,0.0,0.0,Marcus Morris,4,0,2020-2021,0.0,0,2.0,LAC,108,Kawhi Leonard,,,,,,,,,,,,,39:17,Paul George,32:31,Nicolas Batum,29:51,Patrick Beverley,28:16,Lou Williams,22:07,Serge Ibaka,20:53,Ivica Zubac,20:26,Terance Mann,17:45,Reggie Jackson,4:04
2,.333,6,50.000,4,4.00,116,1,3,100.0,4,.333,2.0,33.3,6.0,12,1,1.000,1,8.333,Logos via Sports Logos.net / About logos,W,https://www.basketball-reference.com/boxscores/202102230LAC.html,Home,135,22:53,0,0.0,WAS,Bradley Beal,Isaac Bonga,7:22,Troy Brown Jr.,3:57,,,,,,,,,39:18,Rui Hachimura,36:29,Russell Westbrook,34:25,Dāvis Bertāns,26:26,Moritz Wagner,25:05,Raul Neto,20:08,Garrison Mathews,18:22,Robin Lopez,16:57,Deni Avdija,11:31,116,1,11,4.0,36.4,6.0,54.5,1.0,9.1,Marcus Morris,19,1,2020-2021,2.0,1,3.0,LAC,135,Kawhi Leonard,Mfiondu Kabengele,3:37,,,,,,,,,,,34:26,Paul George,28:58,Reggie Jackson,28:06,Ivica Zubac,26:31,Nicolas Batum,24:21,Terance Mann,20:13,Patrick Beverley,20:04,Serge Ibaka,19:41,Luke Kennard,11:10
1,.200,5,50.000,1,,94,0,2,100.0,4,.400,3.0,60.0,5.0,10,0,,0,0.000,Logos via Sports Logos.net / About logos,L,https://www.basketball-reference.com/boxscores/202102250MEM.html,Away,122,24:31,0,0.0,MEM,Ja Morant,Tyus Jones,14:52,De'Anthony Melton,3:26,Gorgui Dieng,3:26,John Konchar,3:25,,,,,29:42,Dillon Brooks,27:57,Jonas Valančiūnas,24:54,Kyle Anderson,23:42,Xavier Tillman Sr.,23:06,Brandon Clarke,22:11,Grayson Allen,22:01,Justise Winslow,21:34,Desmond Bane,19:44,122,3,9,6.0,66.7,3.0,33.3,0.0,0.0,Marcus Morris,28,1,2020-2021,1.0,0,2.0,LAC,94,Kawhi Leonard,Luke Kennard,6:27,Mfiondu Kabengele,6:27,,,,,,,,,31:39,Paul George,28:07,Nicolas Batum,23:32,Serge Ibaka,22:39,Patrick Beverley,22:28,Reggie Jackson,21:24,Lou Williams,20:28,Ivica Zubac,20:02,Terance Mann,12:16
0,.000,3,50.000,0,0.00,119,0,3,100.0,1,.167,1.0,33.3,3.0,6,2,1.000,2,33.333,Logos via Sports Logos.net / About logos,W,https://www.basketball-reference.com/boxscores/202102260MEM.html,Away,99,23:08,0,0.0,MEM,Ja Morant,Tyus Jones,14:49,,,,,,,,,,,33:11,Jonas Valančiūnas,32:51,Kyle Anderson,31:57,Dillon Brooks,30:24,De'Anthony Melton,24:03,Desmond Bane,22:12,Grayson Allen,19:21,Brandon Clarke,16:03,Xavier Tillman Sr.,15:09,99,1,4,2.0,50.0,0.0,0.0,2.0,50.0,Marcus Morris,20,1,2020-2021,1.0,3,3.0,LAC,119,Kawhi Leonard,Mfiondu Kabengele,1:39,Luke Kennard,1:39,,,,,,,,,34:41,Paul George,31:48,Serge Ibaka,27:14,Lou Williams,26:43,Nicolas Batum,25:01,Patrick Beverley,21:00,Ivica Zubac,18:58,Terance Mann,17:31,Reggie Jackson,10:38
3,.375,8,72.727,0,,100,0,4,80.0,4,.364,1.0,33.3,3.0,11,0,,0,0.000,Logos via Sports Logos.net / About logos,L,https://www.basketball-reference.com/boxscores/202102280MIL.html,Away,105,23:06,1,20.0,MIL,Giannis Antetokounmpo,Thanasis Antetokounmpo,4:56,,,,,,,,,,,39:55,Khris Middleton,32:47,Brook Lopez,30:40,Donte DiVincenzo,27:59,Pat Connaughton,27:13,D.J. Augustin,26:23,Bobby Portis,20:26,Jrue Holiday,17:55,Bryn Forbes,11:46,105,2,11,2.0,18.2,9.0,81.8,0.0,0.0,Marcus Morris,5,0,2020-2021,0.0,0,5.0,LAC,100,Paul George,,,,,,,,,,,,,37:38,Kawhi Leonard,37:17,Nicolas Batum,30:27,Serge Ibaka,26:45,Patrick Beverley,25:41,Lou Williams,24:47,Ivica Zubac,16:18,Terance Mann,14:51,Reggie Jackson,3:10
2,.500,4,57.143,0,,112,1,2,66.7,4,.571,2.0,66.7,3.0,7,0,,0,0.000,Logos via Sports Logos.net / About logos,L,https://www.basketball-reference.com/boxscores/202103020BOS.html,Away,117,15:15,1,33.3,BOS,Jayson Tatum,,,,,,,,,,,,,39:42,Jaylen Brown,33:54,Kemba Walker,33:49,Semi Ojeleye,27:33,Daniel Theis,25:22,Payton Pritchard,23:19,Robert Williams,21:41,Tristan Thompson,21:24,Jeff Teague,13:16,117,1,10,4.0,40.0,6.0,60.0,0.0,0.0,Marcus Morris,5,0,2020-2021,1.0,0,3.0,LAC,112,Paul George,,,,,,,,,,,,,38:39,Reggie Jackson,36:52,Nicolas Batum,30:28,Serge Ibaka,28:09,Patrick Beverley,27:07,Lou Williams,21:58,Ivica Zubac,19:51,Terance Mann,16:36,Luke Kennard,5:05
2,.500,4,66.667,2,,104,1,2,100.0,3,.500,1.0,50.0,2.0,6,1,.500,2,33.333,Logos via Sports Logos.net / About logos,W,https://www.basketball-reference.com/boxscores/202103110LAC.html,Home,130,23:11,0,0.0,GSW,Kelly Oubre Jr.,Kevon Looney,12:55,James Wiseman,12:00,Damion Lee,10:34,,,,,,,32:27,Andrew Wiggins,28:49,Stephen Curry,26:40,Draymond Green,25:10,Nico Mannion,21:20,Jordan Poole,19:40,Juan Toscano-Anderson,19:11,Eric Paschall,15:49,Kent Bazemore,15:25,104,1,9,2.0,22.2,6.0,66.7,1.0,11.1,Marcus Morris,26,0,2020-2021,1.0,0,2.0,LAC,130,Kawhi Leonard,Patrick Patterson,11:04,Amir Coffey,11:04,Patrick Beverley,10:46,Mfiondu Kabengele,4:42,,,,,31:18,Paul George,26:50,Reggie Jackson,23:20,Serge Ibaka,22:58,Terance Mann,16:52,Ivica Zubac,15:57,Nicolas Batum,15:48,Lou Williams,14:10,Luke Kennard,12:00
0,.000,2,40.000,2,2.00,115,0,2,100.0,0,.000,0.0,0.0,3.0,5,0,,0,0.000,Logos via Sports Logos.net / About logos,L,https://www.basketball-reference.com/boxscores/202103140NOP.html,Away,135,19:35,0,0.0,NOP,Zion Williamson,Sindarius Thornwell,6:57,Nickeil Alexander-Walker,5:47,Naji Marshall,4:04,Willy Hernangómez,4:04,,,,,32:01,Lonzo Ball,30:22,Kira Lewis Jr.,27:12,Josh Hart,26:57,Brandon Ingram,26:01,Eric Bledsoe,25:42,Jaxson Hayes,24:21,Steven Adams,19:35,Nicolò Melli,6:57,135,2,0,0.0,,0.0,,0.0,,Marcus Morris,20,0,2020-2021,0.0,1,2.0,LAC,115,Kawhi Leonard,Amir Coffey,12:00,Daniel Oturu,12:00,Serge Ibaka,8:17,,,,,,,29:05,Terance Mann,27:08,Reggie Jackson,24:00,Paul George,23:15,Nicolas Batum,19:46,Luke Kennard,19:18,Patrick Patterson,18:29,Lou Williams,13:49,Ivica Zubac,13:18
2,.333,6,54.545,4,2.00,109,0,5,83.3,6,.545,4.0,80.0,5.0,11,0,,0,0.000,Logos via Sports Logos.net / About logos,W,https://www.basketball-reference.com/boxscores/202103150DAL.html,Away,99,30:34,1,16.7,DAL,Luka Dončić,,,,,,,,,,,,,38:23,Maxi Kleber,35:55,Kristaps Porziņģis,31:47,Josh Richardson,30:14,Tim Hardaway Jr.,30:07,Dorian Finney-Smith,26:48,Jalen Brunson,23:52,Willie Cauley-Stein,16:13,Trey Burke,6:41,99,2,14,8.0,57.1,6.0,42.9,0.0,0.0,Marcus Morris,10,1,2020-2021,1.0,2,6.0,LAC,109,Kawhi Leonard,,,,,,,,,,,,,40:24,Paul George,37:49,Ivica Zubac,34:51,Reggie Jackson,25:59,Nicolas Batum,25:55,Lou Williams,24:37,Terance Mann,13:00,Patrick Patterson,6:45,Amir Coffey,0:04
1,.111,9,64.286,2,,89,0,6,85.7,5,.357,4.0,80.0,5.0,14,0,,0,0.000,Logos via Sports Logos.net / About logos,L,https://www.basketball-reference.com/boxscores/202103170DAL.html,Away,105,36:03,1,14.3,DAL,Luka Dončić,Dwight Powell,3:19,,,,,,,,,,,42:48,Maxi Kleber,40:54,Josh Richardson,38:51,Tim Hardaway Jr.,36:34,Kristaps Porziņģis,34:19,Jalen Brunson,15:44,Willie Cauley-Stein,11:55,Wes Iwundu,10:37,Trey Burke,4:59,105,3,11,8.0,72.7,3.0,27.3,0.0,0.0,Marcus Morris,16,2,2020-2021,2.0,0,7.0,LAC,89,Paul George,Daniel Oturu,1:27,,,,,,,,,,,41:21,Kawhi Leonard,36:55,Ivica Zubac,35:02,Nicolas Batum,29:00,Lou Williams,24:24,Reggie Jackson,19:16,Terance Mann,13:33,Amir Coffey,1:32,Mfiondu Kabengele,1:27
3,.600,5,55.556,1,,98,0,4,100.0,5,.556,2.0,50.0,4.0,9,0,,0,0.000,Logos via Sports Logos.net / About logos,W,https://www.basketball-reference.com/boxscores/202103200LAC.html,Home,125,21:12,0,0.0,CHO,Gordon Hayward,Caleb Martin,7:52,Jalen McDaniels,3:50,Vernon Carey Jr.,3:50,,,,,,,30:20,Cody Martin,29:42,P.J. Washington,29:04,Miles Bridges,27:44,Terry Rozier,26:05,Bismack Biyombo,26:01,LaMelo Ball,21:47,Devonte' Graham,18:21,Malik Monk,15:24,98,5,13,4.0,30.8,9.0,69.2,0.0,0.0,Marcus Morris,27,0,2020-2021,0.0,0,4.0,LAC,125,Paul George,Luke Kennard,6:31,Mfiondu Kabengele,6:31,Daniel Oturu,6:31,,,,,,,32:44,Kawhi Leonard,31:09,Nicolas Batum,27:44,Ivica Zubac,24:54,Terance Mann,22:43,Reggie Jackson,20:30,Lou Williams,20:16,Patrick Patterson,12:19,Amir Coffey,6:56
5,.625,8,72.727,1,,110,1,1,50.0,6,.545,1.0,33.3,3.0,11,2,.667,3,27.273,Logos via Sports Logos.net / About logos,W,https://www.basketball-reference.com/boxscores/202103220LAC.html,Home,119,27:03,1,50.0,ATL,Trae Young,Solomon Hill,5:08,Onyeka Okongwu,3:43,,,,,,,,,37:34,Tony Snell,32:27,Clint Capela,29:11,John Collins,28:28,Kevin Huerter,27:25,Danilo Gallinari,23:38,Bogdan Bogdanović,21:30,De'Andre Hunter,20:29,Rajon Rondo,10:26,110,2,19,2.0,10.5,15.0,78.9,2.0,10.5,Marcus Morris,9,0,2020-2021,1.0,0,2.0,LAC,119,Kawhi Leonard,Lou Williams,9:26,,,,,,,,,,,33:28,Paul George,33:05,Terance Mann,29:01,Ivica Zubac,24:31,Nicolas Batum,23:02,Luke Kennard,18:29,Reggie Jackson,17:59,Patrick Patterson,14:25,Amir Coffey,9:29
5,.714,7,58.333,0,,134,0,3,75.0,7,.583,2.0,40.0,5.0,12,1,.333,3,25.000,Logos via Sports Logos.net / About logos,W,https://www.basketball-reference.com/boxscores/202103240SAS.html,Away,101,26:17,1,25.0,SAS,DeMar DeRozan,Trey Lyles,12:40,Tre Jones,8:12,Quinndary Weatherspoon,5:39,,,,,,,28:07,Dejounte Murray,27:13,Keldon Johnson,25:39,Derrick White,25:16,Drew Eubanks,23:39,Patty Mills,23:25,Devin Vassell,21:31,Jakob Poeltl,21:08,Luka Šamanić,17:31,101,4,20,4.0,20.0,15.0,75.0,1.0,5.0,Marcus Morris,33,0,2020-2021,0.0,0,4.0,LAC,134,Paul George,Daniel Oturu,5:39,Patrick Patterson,5:39,,,,,,,,,33:19,Ivica Zubac,32:23,Kawhi Leonard,32:09,Nicolas Batum,26:12,Terance Mann,24:30,Reggie Jackson,18:22,Lou Williams,17:22,Luke Kennard,12:29,Amir Coffey,5:39
3,.600,5,45.455,1,1.00,112,0,2,66.7,5,.455,2.0,33.3,6.0,11,0,,0,0.000,Logos via Sports Logos.net / About logos,W,https://www.basketball-reference.com/boxscores/202103270LAC.html,Home,122,31:12,1,33.3,PHI,Tobias Harris,Tyrese Maxey,7:55,Paul Reed,3:50,Isaiah Joe,2:46,Rayjon Tucker,2:39,,,,,33:20,Mike Scott,29:03,Danny Green,27:48,Seth Curry,27:24,Matisse Thybulle,27:11,Ben Simmons,26:20,Shake Milton,20:36,Dwight Howard,18:39,Furkan Korkmaz,12:29,112,2,13,4.0,30.8,9.0,69.2,0.0,0.0,Marcus Morris,10,0,2020-2021,0.0,1,3.0,LAC,122,Paul George,Amir Coffey,2:46,,,,,,,,,,,37:31,Nicolas Batum,34:35,Kawhi Leonard,34:23,Reggie Jackson,28:38,Terance Mann,28:32,Ivica Zubac,21:22,Patrick Patterson,11:00,Luke Kennard,7:15,Daniel Oturu,2:46
4,.571,7,43.750,3,3.00,105,0,5,100.0,9,.563,5.0,55.6,9.0,16,3,1.000,3,18.750,Logos via Sports Logos.net / About logos,W,https://www.basketball-reference.com/boxscores/202103290LAC.html,Home,129,37:16,0,0.0,MIL,Khris Middleton,Sam Merrill,2:33,Jordan Nwora,2:33,Axel Toupane,2:33,,,,,,,35:48,Jrue Holiday,35:29,Giannis Antetokounmpo,33:44,Pat Connaughton,30:56,Donte DiVincenzo,28:35,Brook Lopez,21:39,Thanasis Antetokounmpo,18:45,Bryn Forbes,18:13,Mamadi Diakite,9:12,105,2,25,10.0,40.0,12.0,48.0,3.0,12.0,Marcus Morris,24,0,2020-2021,0.0,1,5.0,LAC,129,Kawhi Leonard,,,,,,,,,,,,,36:17,Terance Mann,33:43,Luke Kennard,32:01,Nicolas Batum,26:42,Ivica Zubac,24:19,Reggie Jackson,21:53,Amir Coffey,13:37,Patrick Patterson,11:39,Daniel Oturu,2:33
2,.333,6,66.667,0,0.00,101,0,4,100.0,2,.222,0.0,0.0,3.0,9,2,1.000,2,22.222,Logos via Sports Logos.net / About logos,L,https://www.basketball-reference.com/boxscores/202104010LAC.html,Home,94,28:43,0,0.0,DEN,Aaron Gordon,,,,,,,,,,,,,38:43,Jamal Murray,38:38,Nikola Jokić,35:50,Will Barton,34:34,Michael Porter Jr.,32:08,Facundo Campazzo,20:21,PJ Dozier,16:22,Paul Millsap,13:18,JaMychal Green,10:05,101,1,8,0.0,0.0,6.0,75.0,2.0,25.0,Marcus Morris,7,1,2020-2021,1.0,2,4.0,LAC,94,Kawhi Leonard,Daniel Oturu,0:11,,,,,,,,,,,38:31,Paul George,31:35,Nicolas Batum,29:58,Ivica Zubac,28:55,Terance Mann,26:39,Reggie Jackson,26:21,Luke Kennard,15:38,Patrick Patterson,13:13,Amir Coffey,0:11
4,.800,5,38.462,0,0.00,86,0,7,100.0,9,.692,5.0,62.5,8.0,13,0,,0,0.000,Logos via Sports Logos.net / About logos,W,https://www.basketball-reference.com/boxscores/202104040LAC.html,Home,104,28:28,0,0.0,LAL,Dennis Schröder,Devontae Cacok,3:21,Kostas Antetokounmpo,3:21,,,,,,,,,33:16,Kyle Kuzma,33:08,Kentavious Caldwell-Pope,33:07,Markieff Morris,28:05,Montrezl Harrell,26:57,Alex Caruso,26:23,Talen Horton-Tucker,25:58,Marc Gasol,17:42,Alfonzo McKinnie,8:42,86,2,22,10.0,45.5,12.0,54.5,0.0,0.0,Marcus Morris,18,0,2020-2021,0.0,2,7.0,LAC,104,Kawhi Leonard,Amir Coffey,4:30,Daniel Oturu,3:21,,,,,,,,,33:54,Paul George,31:50,Ivica Zubac,31:13,Reggie Jackson,21:17,Terance Mann,19:46,Luke Kennard,18:26,Nicolas Batum,17:52,Patrick Patterson,16:47,Rajon Rondo,12:36
1,.167,6,85.714,0,,116,0,4,100.0,2,.286,1.0,100.0,1.0,7,0,,0,0.000,Logos via Sports Logos.net / About logos,W,https://www.basketball-reference.com/boxscores/202104060LAC.html,Home,133,24:08,0,0.0,POR,Damian Lillard,CJ Elleby,3:55,Harry Giles,3:55,,,,,,,,,38:09,Norman Powell,37:25,CJ McCollum,37:24,Enes Freedom,35:48,Robert Covington,35:38,Carmelo Anthony,17:25,Nassir Little,12:06,Derrick Jones Jr.,11:50,Anfernee Simons,6:25,116,2,5,2.0,40.0,3.0,60.0,0.0,0.0,Marcus Morris,17,1,2020-2021,1.0,0,4.0,LAC,133,Kawhi Leonard,DeMarcus Cousins,7:37,Luke Kennard,3:18,,,,,,,,,36:15,Paul George,34:00,Reggie Jackson,25:34,Ivica Zubac,24:01,Nicolas Batum,20:34,Patrick Beverley,20:08,Patrick Patterson,19:32,Rajon Rondo,15:00,Terance Mann,9:53
2,.500,4,50.000,1,1.00,103,0,5,83.3,3,.375,1.0,25.0,4.0,8,0,,0,0.000,Logos via Sports Logos.net / About logos,W,https://www.basketball-reference.com/boxscores/202104080LAC.html,Home,113,29:46,1,16.7,PHO,Devin Booker,Jevon Carter,5:27,Jalen Smith,1:24,Ty-Shon Alexander,1:24,,,,,,,36:36,Mikal Bridges,36:29,Deandre Ayton,32:13,Chris Paul,31:38,Jae Crowder,29:35,Cameron Johnson,20:09,Cameron Payne,16:22,Torrey Craig,15:59,Dario Šarić,12:44,103,3,8,2.0,25.0,6.0,75.0,0.0,0.0,Marcus Morris,10,2,2020-2021,2.0,1,6.0,LAC,113,Kawhi Leonard,Amir Coffey,1:24,Luke Kennard,1:17,Daniel Oturu,1:17,,,,,,,37:46,Paul George,33:58,Nicolas Batum,27:00,Ivica Zubac,23:49,Reggie Jackson,23:38,Rajon Rondo,19:27,Patrick Patterson,18:34,Patrick Beverley,16:52,Terance Mann,5:12
1,.250,4,44.444,1,0.50,109,1,3,75.0,4,.444,3.0,60.0,5.0,9,0,,0,0.000,Logos via Sports Logos.net / About logos,W,https://www.basketball-reference.com/boxscores/202104090LAC.html,Home,126,26:16,1,25.0,HOU,Kelly Olynyk,Armoni Brooks,2:58,DaQuan Jeffries,2:58,Anthony Lamb,2:58,,,,,,,32:23,Jae'Sean Tate,31:20,Christian Wood,30:37,Kevin Porter Jr.,30:37,Avery Bradley,25:59,Sterling Brown,25:25,KJ Martin,20:56,D.J. Augustin,19:03,D.J. Wilson,14:46,109,3,9,6.0,66.7,3.0,33.3,0.0,0.0,Marcus Morris,17,2,2020-2021,3.0,2,4.0,LAC,126,Terance Mann,Malik Fitts,2:58,Daniel Oturu,2:58,,,,,,,,,35:36,Kawhi Leonard,32:40,Reggie Jackson,30:04,Nicolas Batum,27:19,Luke Kennard,25:27,Ivica Zubac,23:23,Patrick Patterson,18:16,Amir Coffey,9:21,DeMarcus Cousins,5:42
6,.750,8,44.444,0,0.00,124,0,6,100.0,13,.722,7.0,70.0,10.0,18,1,.500,2,11.111,Logos via Sports Logos.net / About logos,W,https://www.basketball-reference.com/boxscores/202104110LAC.html,Home,131,35:59,0,0.0,DET,Cory Joseph,Saben Lee,16:23,,,,,,,,,,,31:37,Saddiq Bey,31:18,Josh Jackson,29:03,Mason Plumlee,27:11,Wayne Ellington,25:15,Frank Jackson,23:01,Isaiah Stewart,20:49,Hamidou Diallo,18:39,Sekou Doumbouya,16:42,124,4,33,14.0,42.4,18.0,54.5,1.0,3.0,Marcus Morris,7,1,2020-2021,1.0,2,6.0,LAC,131,Paul George,,,,,,,,,,,,,36:36,Ivica Zubac,35:20,Nicolas Batum,31:26,Reggie Jackson,28:32,Luke Kennard,23:55,Terance Mann,21:46,Rajon Rondo,20:41,Patrick Patterson,5:07,Amir Coffey,0:36
3,1.000,3,25.000,3,,126,0,7,100.0,9,.750,6.0,66.7,9.0,12,1,.500,2,16.667,Logos via Sports Logos.net / About logos,W,https://www.basketball-reference.com/boxscores/202104130IND.html,Away,115,29:56,0,0.0,IND,Domantas Sabonis,Doug McDermott,9:46,Kelan Martin,0:54,Cassius Stanley,0:46,Brian Bowen,0:46,Oshae Brissett,0:46,,,36:42,Caris LeVert,36:13,Malcolm Brogdon,36:07,Justin Holiday,32:42,T.J. McConnell,22:32,Edmond Sumner,20:06,Aaron Holiday,16:58,Jeremy Lamb,14:24,Goga Bitadze,11:18,115,1,22,12.0,54.5,9.0,40.9,1.0,4.5,Marcus Morris,11,0,2020-2021,0.0,0,7.0,LAC,126,Paul George,Malik Fitts,0:58,Daniel Oturu,0:58,,,,,,,,,38:29,Reggie Jackson,29:29,Nicolas Batum,27:40,Ivica Zubac,25:32,Terance Mann,24:33,Luke Kennard,24:07,Patrick Patterson,18:58,Rajon Rondo,18:22,Amir Coffey,0:58
2,.400,5,50.000,2,1.00,103,0,2,66.7,5,.500,3.0,60.0,5.0,10,3,.600,5,50.000,Logos via Sports Logos.net / About logos,L,https://www.basketball-reference.com/boxscores/202104160PHI.html,Away,106,35:03,1,33.3,PHI,Furkan Korkmaz,Paul Reed,2:43,,,,,,,,,,,38:29,Ben Simmons,36:26,Danny Green,35:59,Joel Embiid,35:35,Matisse Thybulle,23:09,Shake Milton,19:34,Mike Scott,18:11,Tyrese Maxey,15:47,Anthony Tolliver,14:07,106,5,15,6.0,40.0,6.0,40.0,3.0,20.0,Marcus Morris,3,1,2020-2021,1.0,2,3.0,LAC,103,Paul George,,,,,,,,,,,,,39:03,Reggie Jackson,37:20,Nicolas Batum,30:22,Rajon Rondo,26:14,Luke Kennard,18:25,Terance Mann,18:01,Ivica Zubac,15:57,Patrick Patterson,14:00,DeMarcus Cousins,5:35
5,.714,7,58.333,0,,105,0,6,100.0,7,.583,2.0,40.0,5.0,12,0,,0,0.000,Logos via Sports Logos.net / About logos,W,https://www.basketball-reference.com/boxscores/202104180LAC.html,Home,124,25:33,0,0.0,MIN,Anthony Edwards,Jarred Vanderbilt,14:44,Ed Davis,9:24,Jarrett Culver,4:08,Jake Layman,4:08,,,,,28:40,Jaden McDaniels,27:22,Karl-Anthony Towns,24:54,Ricky Rubio,23:17,D'Angelo Russell,22:17,Jordan McLaughlin,21:58,Naz Reid,20:57,Josh Okogie,20:03,Juancho Hernangómez,18:08,105,1,19,4.0,21.1,15.0,78.9,0.0,0.0,Marcus Morris,19,1,2020-2021,1.0,0,6.0,LAC,124,Paul George,Amir Coffey,12:27,Daniel Oturu,12:00,Malik Fitts,6:53,,,,,,,26:52,Kawhi Leonard,22:46,Ivica Zubac,22:14,Terance Mann,22:11,Luke Kennard,21:08,Reggie Jackson,21:06,Patrick Patterson,17:29,Rajon Rondo,14:47,DeMarcus Cousins,14:34
2,.250,8,57.143,0,0.00,113,0,5,83.3,6,.429,4.0,66.7,6.0,14,2,1.000,2,14.286,Logos via Sports Logos.net / About logos,W,https://www.basketball-reference.com/boxscores/202104200POR.html,Away,112,31:31,1,16.7,POR,Norman Powell,,,,,,,,,,,,,39:19,CJ McCollum,36:08,Carmelo Anthony,27:54,Enes Freedom,26:45,Nassir Little,24:14,Rondae Hollis-Jefferson,23:59,Robert Covington,22:06,Derrick Jones Jr.,20:37,Anfernee Simons,18:58,112,2,16,8.0,50.0,6.0,37.5,2.0,12.5,Marcus Morris,1,1,2020-2021,1.0,1,6.0,LAC,113,Paul George,Amir Coffey,0:06,,,,,,,,,,,36:51,Ivica Zubac,27:44,Reggie Jackson,26:22,Nicolas Batum,25:34,Terance Mann,24:11,Rajon Rondo,22:26,Luke Kennard,18:00,Patrick Patterson,14:04,DeMarcus Cousins,13:11
4,.667,6,31.579,2,2.00,105,1,3,75.0,9,.474,5.0,38.5,13.0,19,3,.600,5,26.316,Logos via Sports Logos.net / About logos,W,https://www.basketball-reference.com/boxscores/202104210LAC.html,Home,117,32:19,1,25.0,MEM,Ja Morant,De'Anthony Melton,15:16,Tyus Jones,10:10,Jontay Porter,1:45,Killian Tillie,1:45,John Konchar,1:45,Sean McDermott,1:45,31:24,Xavier Tillman Sr.,28:18,Grayson Allen,26:18,Kyle Anderson,24:16,Desmond Bane,23:20,Dillon Brooks,20:11,Brandon Clarke,19:57,Jaren Jackson Jr.,17:57,Justise Winslow,15:53,105,3,25,10.0,40.0,12.0,48.0,3.0,12.0,Marcus Morris,12,1,2020-2021,2.0,1,4.0,LAC,117,Luke Kennard,,,,,,,,,,,,,38:25,Terance Mann,33:50,Ivica Zubac,32:49,Amir Coffey,27:46,Nicolas Batum,26:08,Yogi Ferrell,20:07,DeMarcus Cousins,14:18,Patrick Patterson,13:25,Daniel Oturu,0:53
3,.300,10,58.824,0,0.00,103,1,6,85.7,6,.353,3.0,42.9,7.0,17,0,,0,0.000,Logos via Sports Logos.net / About logos,L,https://www.basketball-reference.com/boxscores/202104260NOP.html,Away,120,27:18,1,14.3,NOP,Lonzo Ball,James Nunnally,1:46,Wes Iwundu,1:46,,,,,,,,,37:47,Willy Hernangómez,30:37,Zion Williamson,30:16,Naji Marshall,28:29,Brandon Ingram,26:12,Eric Bledsoe,25:36,Kira Lewis Jr.,22:24,Wenyen Gabriel,17:44,Jaxson Hayes,17:23,120,3,15,6.0,40.0,9.0,60.0,0.0,0.0,Marcus Morris,17,2,2020-2021,3.0,1,7.0,LAC,103,Terance Mann,Yogi Ferrell,8:24,Daniel Oturu,7:17,,,,,,,,,29:29,Paul George,24:37,DeMarcus Cousins,24:32,Amir Coffey,23:00,Rajon Rondo,22:18,Ivica Zubac,20:28,Reggie Jackson,19:50,Patrick Patterson,18:24,Nicolas Batum,14:23
3,.429,7,58.333,1,1.00,101,0,4,100.0,6,.500,3.0,60.0,5.0,12,1,1.000,1,8.333,Logos via Sports Logos.net / About logos,L,https://www.basketball-reference.com/boxscores/202104280PHO.html,Away,109,33:40,0,0.0,PHO,Mikal Bridges,Ty-Shon Alexander,0:28,Jalen Smith,0:28,,,,,,,,,39:42,Devin Booker,37:22,Chris Paul,32:15,Torrey Craig,29:57,Cameron Johnson,28:57,Deandre Ayton,27:31,Cameron Payne,21:32,Frank Kaminsky,15:18,Jevon Carter,6:30,109,1,16,6.0,37.5,9.0,56.2,1.0,6.2,Marcus Morris,8,1,2020-2021,1.0,1,4.0,LAC,101,Paul George,Yogi Ferrell,0:39,Daniel Oturu,0:39,,,,,,,,,36:10,Terance Mann,34:15,Reggie Jackson,30:31,Ivica Zubac,25:12,Rajon Rondo,24:55,Nicolas Batum,23:28,Luke Kennard,17:22,Patrick Patterson,12:30,Amir Coffey,0:39
1,.250,4,66.667,3,3.00,110,0,2,66.7,2,.333,1.0,50.0,2.0,6,3,1.000,3,50.000,Logos via Sports Logos.net / About logos,L,https://www.basketball-reference.com/boxscores/202105010LAC.html,Home,104,28:48,1,33.3,DEN,Michael Porter Jr.,,,,,,,,,,,,,36:51,PJ Dozier,33:59,Nikola Jokić,33:22,Facundo Campazzo,32:05,Aaron Gordon,28:07,Austin Rivers,26:00,JaMychal Green,19:45,Shaquille Harrison,15:13,Paul Millsap,14:38,110,3,8,2.0,25.0,3.0,37.5,3.0,37.5,Marcus Morris,6,0,2020-2021,0.0,1,3.0,LAC,104,Paul George,Luke Kennard,4:57,,,,,,,,,,,37:36,Kawhi Leonard,30:17,Rajon Rondo,30:13,Reggie Jackson,30:09,Ivica Zubac,24:04,Nicolas Batum,19:07,DeMarcus Cousins,14:24,Terance Mann,13:15,Patrick Patterson,7:10
4,.800,5,45.455,2,1.00,100,0,6,100.0,8,.727,4.0,66.7,6.0,11,2,1.000,2,18.182,Logos via Sports Logos.net / About logos,W,https://www.basketball-reference.com/boxscores/202105040LAC.html,Home,105,33:21,0,0.0,TOR,Pascal Siakam,Rodney Hood,3:28,,,,,,,,,,,41:41,Fred VanVleet,41:10,Stanley Johnson,32:51,Khem Birch,31:57,Yuta Watanabe,30:15,DeAndre' Bembry,16:56,Freddie Gillespie,15:09,Jalen Harris,13:18,Malachi Flynn,13:15,100,3,22,8.0,36.4,12.0,54.5,2.0,9.1,Marcus Morris,5,1,2020-2021,1.0,2,6.0,LAC,105,Paul George,,,,,,,,,,,,,34:45,Kawhi Leonard,33:28,Reggie Jackson,33:08,Ivica Zubac,30:28,Nicolas Batum,19:50,Rajon Rondo,19:32,Patrick Beverley,14:52,DeMarcus Cousins,14:28,Terance Mann,6:08
1,1.000,1,16.667,0,0.00,94,0,4,100.0,3,.500,2.0,40.0,5.0,6,3,1.000,3,50.000,Logos via Sports Logos.net / About logos,W,https://www.basketball-reference.com/boxscores/202105060LAC.html,Home,118,26:46,0,0.0,LAL,Kyle Kuzma,Anthony Davis,9:10,Marc Gasol,5:55,Devontae Cacok,4:05,Kostas Antetokounmpo,2:39,,,,,31:09,Kentavious Caldwell-Pope,29:20,Alex Caruso,28:35,Wesley Matthews,26:49,Ben McLemore,24:36,Andre Drummond,22:26,Markieff Morris,20:33,Montrezl Harrell,19:38,Alfonzo McKinnie,15:03,94,1,10,4.0,40.0,3.0,30.0,3.0,30.0,Marcus Morris,24,0,2020-2021,0.0,3,4.0,LAC,118,Paul George,Terance Mann,4:05,Yogi Ferrell,4:05,Daniel Oturu,4:05,,,,,,,30:39,Kawhi Leonard,29:52,Ivica Zubac,27:34,Reggie Jackson,25:24,Nicolas Batum,20:18,Rajon Rondo,17:25,Patrick Beverley,17:21,DeMarcus Cousins,16:21,Luke Kennard,16:03
0,.000,3,33.333,0,0.00,106,1,4,100.0,2,.222,2.0,33.3,6.0,9,3,.600,5,55.556,Logos via Sports Logos.net / About logos,L,https://www.basketball-reference.com/boxscores/202105090LAC.html,Home,100,27:25,0,0.0,NYK,Reggie Bullock,,,,,,,,,,,,,45:35,RJ Barrett,44:33,Julius Randle,37:48,Derrick Rose,32:26,Nerlens Noel,26:13,Taj Gibson,21:47,Elfrid Payton,15:34,Obi Toppin,10:12,Frank Ntilikina,5:52,106,1,7,4.0,57.1,0.0,0.0,3.0,42.9,Marcus Morris,6,0,2020-2021,1.0,3,4.0,LAC,100,Paul George,,,,,,,,,,,,,41:23,Kawhi Leonard,36:18,Reggie Jackson,31:58,Nicolas Batum,27:50,Rajon Rondo,22:38,Ivica Zubac,20:49,Patrick Beverley,16:02,DeMarcus Cousins,15:37,,
2,.500,4,44.444,1,1.00,115,1,1,50.0,5,.556,3.0,60.0,5.0,9,2,1.000,2,22.222,Logos via Sports Logos.net / About logos,W,https://www.basketball-reference.com/boxscores/202105110TOR.html,Away,96,27:34,1,50.0,TOR,Chris Boucher,,,,,,,,,,,,,37:27,Gary Trent Jr.,30:57,Khem Birch,30:51,Malachi Flynn,29:05,Jalen Harris,25:20,Freddie Gillespie,25:05,Yuta Watanabe,21:26,Stanley Johnson,20:54,DeAndre' Bembry,18:55,96,1,14,6.0,42.9,6.0,42.9,2.0,14.3,Marcus Morris,19,1,2020-2021,2.0,1,2.0,LAC,115,Paul George,Luke Kennard,4:09,Jay Scrubb,4:09,Yogi Ferrell,2:53,Daniel Oturu,2:53,,,,,33:14,Ivica Zubac,30:09,Kawhi Leonard,30:00,Nicolas Batum,23:17,Patrick Beverley,21:10,Terance Mann,20:48,Reggie Jackson,17:44,Rajon Rondo,15:16,DeMarcus Cousins,6:44
3,.600,5,62.500,1,0.50,113,0,2,66.7,5,.625,2.0,66.7,3.0,8,2,1.000,2,25.000,Logos via Sports Logos.net / About logos,W,https://www.basketball-reference.com/boxscores/202105130CHO.html,Away,90,23:52,1,33.3,CHO,Terry Rozier,Vernon Carey Jr.,3:53,Grant Riller,3:53,,,,,,,,,36:07,P.J. Washington,34:06,Jalen McDaniels,32:28,LaMelo Ball,31:23,Bismack Biyombo,26:14,Devonte' Graham,22:42,Cody Zeller,17:53,Caleb Martin,17:10,Malik Monk,14:11,90,2,15,4.0,26.7,9.0,60.0,2.0,13.3,Marcus Morris,23,0,2020-2021,0.0,2,3.0,LAC,113,Ivica Zubac,Terance Mann,4:09,Daniel Oturu,4:09,Luke Kennard,4:09,Yogi Ferrell,3:53,,,,,35:08,Paul George,34:51,Kawhi Leonard,31:10,Reggie Jackson,27:36,Nicolas Batum,23:21,Rajon Rondo,20:06,Patrick Beverley,18:06,DeMarcus Cousins,5:21,Jay Scrubb,4:09
1,.500,2,40.000,0,,115,0,2,66.7,3,.600,2.0,66.7,3.0,5,0,,0,0.000,Logos via Sports Logos.net / About logos,L,https://www.basketball-reference.com/boxscores/202105140HOU.html,Away,122,9:03,1,33.3,HOU,Armoni Brooks,,,,,,,,,,,,,35:25,KJ Martin,34:13,Kelly Olynyk,31:19,Anthony Lamb,30:09,Khyri Thomas,30:01,D.J. Augustin,29:43,Jae'Sean Tate,29:11,Cameron Oliver,16:41,Cameron Reynolds,3:18,122,0,7,4.0,57.1,3.0,42.9,0.0,0.0,Marcus Morris,7,0,2020-2021,0.0,0,3.0,LAC,115,Luke Kennard,Ivica Zubac,3:18,,,,,,,,,,,40:39,Jay Scrubb,39:46,Yogi Ferrell,29:33,Patrick Patterson,29:30,Rajon Rondo,28:29,DeMarcus Cousins,17:25,Serge Ibaka,17:15,Nicolas Batum,15:00,Daniel Oturu,10:02
0,.000,6,75.000,1,,113,2,1,50.0,2,.250,2.0,100.0,2.0,8,0,.000,2,25.000,Logos via Sports Logos.net / About logos,L,https://www.basketball-reference.com/boxscores/202105220LAC.html,Home,103,32:39,1,50.0,DAL,Luka Dončić,Willie Cauley-Stein,4:08,,,,,,,,,,,40:46,Dorian Finney-Smith,36:48,Maxi Kleber,36:01,Kristaps Porziņģis,35:48,Tim Hardaway Jr.,32:19,Jalen Brunson,20:37,Josh Richardson,17:05,Nicolò Melli,9:01,Dwight Powell,7:27,113,2,4,4.0,100.0,0.0,0.0,0.0,0.0,Marcus Morris,10,0,2020-2021,2.0,0,2.0,LAC,103,Kawhi Leonard,,,,,,,,,,,,,40:46,Paul George,39:56,Nicolas Batum,31:39,Rajon Rondo,23:47,Reggie Jackson,21:17,Ivica Zubac,19:26,Patrick Beverley,17:29,Serge Ibaka,12:47,Terance Mann,0:14
2,.400,5,55.556,0,0.00,127,0,0,0.0,3,.333,1.0,25.0,4.0,9,1,.500,2,22.222,Logos via Sports Logos.net / About logos,L,https://www.basketball-reference.com/boxscores/202105250LAC.html,Home,121,24:47,2,100.0,DAL,Tim Hardaway Jr.,Dwight Powell,3:50,,,,,,,,,,,38:12,Luka Dončić,38:04,Dorian Finney-Smith,36:31,Maxi Kleber,34:14,Kristaps Porziņģis,32:01,Josh Richardson,18:58,Jalen Brunson,17:05,Willie Cauley-Stein,15:07,Nicolò Melli,5:58,127,6,9,2.0,22.2,6.0,66.7,1.0,11.1,Marcus Morris,6,0,2020-2021,0.0,2,2.0,LAC,121,Kawhi Leonard,,,,,,,,,,,,,40:54,Paul George,40:29,Reggie Jackson,30:04,Patrick Beverley,23:20,Ivica Zubac,21:51,Rajon Rondo,18:58,Nicolas Batum,18:51,Terance Mann,15:11,Serge Ibaka,5:35
3,.600,5,55.556,1,1.00,118,0,1,100.0,6,.667,3.0,75.0,4.0,9,0,,0,0.000,Logos via Sports Logos.net / About logos,W,https://www.basketball-reference.com/boxscores/202105280DAL.html,Away,108,33:34,0,0.0,DAL,Tim Hardaway Jr.,,,,,,,,,,,,,40:17,Luka Dončić,38:36,Dorian Finney-Smith,37:31,Maxi Kleber,35:01,Kristaps Porziņģis,33:57,Jalen Brunson,21:59,Josh Richardson,15:40,Willie Cauley-Stein,14:03,Dwight Powell,2:56,108,6,15,6.0,40.0,9.0,60.0,0.0,0.0,Marcus Morris,10,1,2020-2021,1.0,1,1.0,LAC,118,Kawhi Leonard,Yogi Ferrell,0:16,,,,,,,,,,,42:20,Paul George,41:12,Reggie Jackson,33:35,Nicolas Batum,26:35,Rajon Rondo,26:08,Terance Mann,19:24,Ivica Zubac,11:02,Patrick Beverley,5:38,Amir Coffey,0:16
1,.500,2,40.000,2,,106,0,8,100.0,3,.600,2.0,66.7,3.0,5,2,1.000,2,40.000,Logos via Sports Logos.net / About logos,W,https://www.basketball-reference.com/boxscores/202105300DAL.html,Away,81,29:24,0,0.0,DAL,Dorian Finney-Smith,Willie Cauley-Stein,5:23,Dwight Powell,4:14,Josh Green,4:14,Nicolò Melli,4:14,,,,,38:08,Luka Dončić,35:38,Maxi Kleber,32:12,Kristaps Porziņģis,27:39,Tim Hardaway Jr.,25:08,Josh Richardson,20:43,Jalen Brunson,18:52,Boban Marjanović,14:45,Trey Burke,8:50,81,3,9,4.0,44.4,3.0,33.3,2.0,22.2,Marcus Morris,25,0,2020-2021,0.0,0,8.0,LAC,106,Nicolas Batum,Daniel Oturu,4:14,Luke Kennard,4:14,Yogi Ferrell,2:40,,,,,,,36:08,Kawhi Leonard,35:22,Paul George,35:14,Reggie Jackson,30:30,Rajon Rondo,20:26,Ivica Zubac,17:38,Terance Mann,14:51,Patrick Beverley,5:05,Amir Coffey,4:14
4,.500,8,61.538,3,,105,1,6,85.7,5,.385,1.0,20.0,5.0,13,2,1.000,2,15.385,Logos via Sports Logos.net / About logos,L,https://www.basketball-reference.com/boxscores/202106020LAC.html,Home,100,42:09,1,14.3,DAL,Tim Hardaway Jr.,Willie Cauley-Stein,5:15,,,,,,,,,,,45:14,Luka Dončić,42:31,Dorian Finney-Smith,40:25,Kristaps Porziņģis,29:52,Dwight Powell,21:31,Boban Marjanović,20:04,Maxi Kleber,19:10,Jalen Brunson,10:05,Josh Richardson,5:53,105,4,16,2.0,12.5,12.0,75.0,2.0,12.5,Marcus Morris,5,2,2020-2021,3.0,0,7.0,LAC,100,Kawhi Leonard,,,,,,,,,,,,,41:32,Paul George,38:31,Nicolas Batum,33:08,Reggie Jackson,28:46,Rajon Rondo,20:42,Ivica Zubac,19:59,Terance Mann,15:02,Patrick Beverley,0:11,,
0,.000,3,30.000,1,,104,0,3,100.0,1,.100,1.0,14.3,7.0,10,2,1.000,2,20.000,Logos via Sports Logos.net / About logos,W,https://www.basketball-reference.com/boxscores/202106040DAL.html,Away,97,41:33,0,0.0,DAL,Dorian Finney-Smith,Dwight Powell,6:53,,,,,,,,,,,41:48,Luka Dončić,40:36,Tim Hardaway Jr.,37:58,Kristaps Porziņģis,30:58,Maxi Kleber,21:21,Willie Cauley-Stein,18:54,Boban Marjanović,17:10,Jalen Brunson,14:53,Josh Richardson,9:29,97,2,4,2.0,50.0,0.0,0.0,2.0,50.0,Marcus Morris,7,1,2020-2021,1.0,0,3.0,LAC,104,Paul George,,,,,,,,,,,,,45:58,Kawhi Leonard,41:48,Reggie Jackson,37:51,Nicolas Batum,36:43,Terance Mann,10:51,Rajon Rondo,10:04,Luke Kennard,10:01,Ivica Zubac,5:11,,
7,.778,9,60.000,2,,111,0,4,80.0,8,.533,1.0,16.7,6.0,15,0,,0,0.000,Logos via Sports Logos.net / About logos,W,https://www.basketball-reference.com/boxscores/202106060LAC.html,Home,126,30:12,1,20.0,DAL,Luka Dončić,Dwight Powell,5:22,,,,,,,,,,,44:52,Kristaps Porziņģis,42:51,Tim Hardaway Jr.,42:35,Dorian Finney-Smith,39:23,Boban Marjanović,31:23,Jalen Brunson,10:26,Maxi Kleber,9:18,Trey Burke,7:46,Josh Richardson,6:04,111,3,23,2.0,8.7,21.0,91.3,0.0,0.0,Marcus Morris,15,0,2020-2021,0.0,0,5.0,LAC,126,Paul George,Yogi Ferrell,0:37,Daniel Oturu,0:37,,,,,,,,,43:23,Kawhi Leonard,42:04,Nicolas Batum,41:35,Reggie Jackson,28:20,Terance Mann,26:11,Luke Kennard,14:31,Rajon Rondo,9:17,Ivica Zubac,2:36,Amir Coffey,0:37
1,.111,9,64.286,1,1.00,109,1,1,33.3,4,.286,3.0,60.0,5.0,14,0,,0,0.000,Logos via Sports Logos.net / About logos,L,https://www.basketball-reference.com/boxscores/202106080UTA.html,Away,112,33:15,2,66.7,UTA,Bojan Bogdanović,,,,,,,,,,,,,37:59,Donovan Mitchell,36:52,Royce O'Neale,35:49,Rudy Gobert,33:16,Joe Ingles,32:23,Jordan Clarkson,28:22,Derrick Favors,14:44,Georges Niang,12:53,Miye Oni,7:42,112,2,9,6.0,66.7,3.0,33.3,0.0,0.0,Marcus Morris,3,1,2020-2021,2.0,1,3.0,LAC,109,Paul George,DeMarcus Cousins,3:59,,,,,,,,,,,37:00,Kawhi Leonard,35:57,Luke Kennard,29:17,Rajon Rondo,28:05,Nicolas Batum,20:49,Ivica Zubac,20:25,Reggie Jackson,17:01,Terance Mann,8:03,Patrick Beverley,6:09
0,.000,5,45.455,3,,111,1,8,80.0,4,.364,4.0,66.7,6.0,11,0,,0,0.000,Logos via Sports Logos.net / About logos,L,https://www.basketball-reference.com/boxscores/202106100UTA.html,Away,117,37:07,2,20.0,UTA,Royce O'Neale,,,,,,,,,,,,,40:35,Donovan Mitchell,38:57,Bojan Bogdanović,38:48,Rudy Gobert,36:04,Joe Ingles,32:43,Jordan Clarkson,26:40,Derrick Favors,11:56,Georges Niang,9:12,Miye Oni,5:05,117,1,8,8.0,100.0,0.0,0.0,0.0,0.0,Marcus Morris,6,0,2020-2021,1.0,0,10.0,LAC,111,Paul George,,,,,,,,,,,,,43:36,Kawhi Leonard,38:41,Reggie Jackson,36:08,Nicolas Batum,27:29,Patrick Beverley,20:52,Ivica Zubac,13:49,DeMarcus Cousins,11:10,Luke Kennard,10:01,Terance Mann,1:07
0,.000,2,40.000,1,,106,0,1,50.0,3,.600,3.0,100.0,3.0,5,0,,0,0.000,Logos via Sports Logos.net / About logos,W,https://www.basketball-reference.com/boxscores/202106120LAC.html,Home,132,21:40,1,50.0,UTA,Bojan Bogdanović,Trent Forrest,3:26,Ersan İlyasova,3:26,Juwan Morgan,3:26,Matt Thomas,3:26,,,,,35:34,Royce O'Neale,35:15,Donovan Mitchell,32:20,Jordan Clarkson,31:17,Rudy Gobert,29:42,Joe Ingles,28:16,Derrick Favors,14:52,Georges Niang,10:41,Miye Oni,8:19,106,2,6,6.0,100.0,0.0,0.0,0.0,0.0,Marcus Morris,26,1,2020-2021,1.0,0,2.0,LAC,132,Paul George,Amir Coffey,3:26,Daniel Oturu,2:48,,,,,,,,,37:59,Kawhi Leonard,37:52,Nicolas Batum,35:08,Reggie Jackson,29:01,Terance Mann,22:18,Luke Kennard,17:16,Patrick Beverley,16:04,Ivica Zubac,13:02,Yogi Ferrell,3:26
5,.833,6,54.545,1,,104,0,5,83.3,6,.545,1.0,20.0,5.0,11,7,.875,8,72.727,Logos via Sports Logos.net / About logos,W,https://www.basketball-reference.com/boxscores/202106140LAC.html,Home,118,34:50,1,16.7,UTA,Donovan Mitchell,Jarrell Brantley,1:09,Udoka Azubuike,1:09,Trent Forrest,1:09,Matt Thomas,1:09,,,,,39:40,Bojan Bogdanović,38:55,Royce O'Neale,36:58,Rudy Gobert,31:31,Jordan Clarkson,30:11,Joe Ingles,27:26,Derrick Favors,15:20,Georges Niang,12:52,Miye Oni,2:31,104,3,24,2.0,8.3,15.0,62.5,7.0,29.2,Marcus Morris,14,1,2020-2021,1.0,0,6.0,LAC,118,Paul George,Yogi Ferrell,1:09,Daniel Oturu,1:09,Jay Scrubb,1:04,,,,,,,40:14,Kawhi Leonard,34:18,Nicolas Batum,32:11,Reggie Jackson,28:32,Patrick Beverley,20:20,Ivica Zubac,17:44,Terance Mann,15:13,Luke Kennard,12:07,Amir Coffey,1:09
3,.750,4,25.000,2,,119,1,1,50.0,10,.625,7.0,58.3,12.0,16,2,.500,4,25.000,Logos via Sports Logos.net / About logos,W,https://www.basketball-reference.com/boxscores/202106160UTA.html,Away,111,40:25,1,50.0,UTA,Rudy Gobert,,,,,,,,,,,,,41:30,Royce O'Neale,41:10,Bojan Bogdanović,38:36,Donovan Mitchell,38:08,Joe Ingles,32:10,Jordan Clarkson,29:02,Georges Niang,8:36,Derrick Favors,6:27,Miye Oni,4:21,111,2,25,14.0,56.0,9.0,36.0,2.0,8.0,Marcus Morris,8,1,2020-2021,2.0,0,2.0,LAC,119,Nicolas Batum,Jay Scrubb,0:07,,,,,,,,,,,42:12,Paul George,40:25,Reggie Jackson,36:39,Terance Mann,25:42,Luke Kennard,20:09,Patrick Beverley,16:47,Rajon Rondo,9:06,Ivica Zubac,8:21,Amir Coffey,0:07
1,.250,4,57.143,2,,119,0,5,100.0,3,.429,2.0,66.7,3.0,7,0,,0,0.000,Logos via Sports Logos.net / About logos,W,https://www.basketball-reference.com/boxscores/202106180LAC.html,Home,131,29:25,0,0.0,UTA,Rudy Gobert,Trent Forrest,0:37,,,,,,,,,,,42:08,Royce O'Neale,41:32,Donovan Mitchell,40:11,Bojan Bogdanović,35:25,Mike Conley,25:57,Jordan Clarkson,25:50,Joe Ingles,17:51,Derrick Favors,5:52,Georges Niang,4:37,119,2,7,4.0,57.1,3.0,42.9,0.0,0.0,Marcus Morris,12,0,2020-2021,0.0,0,5.0,LAC,131,Paul George,Yogi Ferrell,0:37,Daniel Oturu,0:37,Jay Scrubb,0:37,,,,,,,45:31,Nicolas Batum,39:45,Reggie Jackson,37:40,Terance Mann,36:27,Patrick Beverley,26:59,Luke Kennard,9:16,Rajon Rondo,6:37,Ivica Zubac,5:52,Amir Coffey,0:37
0,.000,5,45.455,1,,114,0,3,100.0,3,.273,3.0,50.0,6.0,11,0,,0,0.000,Logos via Sports Logos.net / About logos,L,https://www.basketball-reference.com/boxscores/202106200PHO.html,Away,120,21:23,0,0.0,PHO,Devin Booker,,,,,,,,,,,,,43:56,Deandre Ayton,36:32,Mikal Bridges,35:57,Jae Crowder,33:22,Cameron Payne,29:14,Cameron Johnson,24:27,Torrey Craig,14:42,Dario Šarić,11:06,E'Twaun Moore,10:44,120,1,6,6.0,100.0,0.0,0.0,0.0,0.0,Marcus Morris,6,0,2020-2021,0.0,0,3.0,LAC,114,Reggie Jackson,,,,,,,,,,,,,39:15,Paul George,38:59,Nicolas Batum,36:47,Terance Mann,27:15,Rajon Rondo,22:21,Ivica Zubac,18:00,Patrick Beverley,14:58,DeMarcus Cousins,13:18,Luke Kennard,7:44
1,.500,2,18.182,1,1.00,103,1,4,80.0,3,.273,2.0,22.2,9.0,11,0,,0,0.000,Logos via Sports Logos.net / About logos,L,https://www.basketball-reference.com/boxscores/202106220PHO.html,Away,104,24:43,1,20.0,PHO,Devin Booker,,,,,,,,,,,,,40:52,Cameron Payne,37:29,Mikal Bridges,34:41,Deandre Ayton,34:32,Jae Crowder,32:30,Cameron Johnson,24:11,Dario Šarić,13:09,Torrey Craig,11:20,E'Twaun Moore,11:16,104,1,7,4.0,57.1,3.0,42.9,0.0,0.0,Marcus Morris,1,0,2020-2021,1.0,1,5.0,LAC,103,Paul George,,,,,,,,,,,,,41:20,Reggie Jackson,38:40,Ivica Zubac,34:24,Patrick Beverley,26:16,Terance Mann,19:17,Luke Kennard,18:43,Rajon Rondo,17:04,Nicolas Batum,15:41,DeMarcus Cousins,3:52
2,1.000,2,50.000,1,1.00,92,0,5,100.0,2,.500,0.0,0.0,2.0,4,2,1.000,2,50.000,Logos via Sports Logos.net / About logos,W,https://www.basketball-reference.com/boxscores/202106240LAC.html,Home,106,23:47,0,0.0,PHO,Devin Booker,Cameron Payne,4:19,Jevon Carter,1:33,Jalen Smith,1:33,,,,,,,40:05,Chris Paul,38:48,Deandre Ayton,35:35,Cameron Johnson,30:25,Jae Crowder,28:41,Mikal Bridges,26:14,Torrey Craig,15:29,Dario Šarić,12:25,E'Twaun Moore,4:53,92,2,8,0.0,0.0,6.0,75.0,2.0,25.0,Marcus Morris,14,1,2020-2021,1.0,1,5.0,LAC,106,Paul George,Yogi Ferrell,1:33,Daniel Oturu,1:33,Jay Scrubb,1:33,,,,,,,42:55,Reggie Jackson,32:54,Ivica Zubac,32:34,Terance Mann,32:03,Patrick Beverley,26:44,Luke Kennard,20:34,Nicolas Batum,14:39,Rajon Rondo,7:38,Amir Coffey,1:33
0,.000,3,37.500,2,,84,2,0,,2,.250,2.0,40.0,5.0,8,0,,0,0.000,Logos via Sports Logos.net / About logos,L,https://www.basketball-reference.com/boxscores/202106260LAC.html,Home,80,22:11,0,,PHO,Deandre Ayton,Torrey Craig,0:18,,,,,,,,,,,41:16,Mikal Bridges,39:21,Devin Booker,38:17,Chris Paul,37:30,Jae Crowder,34:19,Cameron Payne,19:52,Cameron Johnson,17:02,Dario Šarić,6:43,Abdel Nader,5:22,84,2,4,4.0,100.0,0.0,0.0,0.0,0.0,Marcus Morris,4,0,2020-2021,2.0,0,0.0,LAC,80,Paul George,,,,,,,,,,,,,41:48,Reggie Jackson,40:27,Ivica Zubac,39:34,Patrick Beverley,34:13,Terance Mann,33:07,Nicolas Batum,16:03,Luke Kennard,12:33,DeMarcus Cousins,0:04,,
2,.400,5,31.250,2,2.00,116,0,3,100.0,9,.563,7.0,63.6,11.0,16,2,1.000,2,12.500,Logos via Sports Logos.net / About logos,W,https://www.basketball-reference.com/boxscores/202106280PHO.html,Away,102,38:48,0,0.0,PHO,Devin Booker,Abdel Nader,9:19,Jalen Smith,1:14,,,,,,,,,43:04,Deandre Ayton,36:53,Chris Paul,35:44,Mikal Bridges,27:58,Jae Crowder,27:15,Cameron Johnson,23:01,Cameron Payne,13:16,Torrey Craig,11:09,Dario Šarić,11:07,102,3,22,14.0,63.6,6.0,27.3,2.0,9.1,Marcus Morris,14,1,2020-2021,1.0,1,3.0,LAC,116,Paul George,Daniel Oturu,1:14,Jay Scrubb,1:14,,,,,,,,,40:53,Reggie Jackson,38:11,Patrick Beverley,30:55,Nicolas Batum,29:47,Terance Mann,26:05,Luke Kennard,19:06,DeMarcus Cousins,11:19,Yogi Ferrell,1:14,Amir Coffey,1:14
4,.364,11,64.706,1,,130,1,9,100.0,9,.529,5.0,83.3,6.0,17,4,.667,6,35.294,Logos via Sports Logos.net / About logos,L,https://www.basketball-reference.com/boxscores/202106300LAC.html,Home,103,42:16,0,0.0,PHO,Devin Booker,Jevon Carter,2:01,E'Twaun Moore,2:01,Jalen Smith,2:01,,,,,,,42:04,Deandre Ayton,40:19,Chris Paul,34:56,Jae Crowder,32:44,Torrey Craig,30:37,Mikal Bridges,23:52,Cameron Payne,15:41,Dario Šarić,7:41,Abdel Nader,6:03,130,2,26,10.0,38.5,12.0,46.2,4.0,15.4,Marcus Morris,27,0,2020-2021,1.0,0,9.0,LAC,103,Paul George,Yogi Ferrell,2:58,Jay Scrubb,2:58,,,,,,,,,41:01,Reggie Jackson,36:56,Patrick Beverley,31:01,Terance Mann,29:14,Nicolas Batum,19:23,DeMarcus Cousins,14:28,Luke Kennard,13:49,Amir Coffey,2:58,Daniel Oturu,2:58
2,.400,5,71.429,0,0.00,113,1,1,100.0,3,.429,1.0,50.0,2.0,7,2,1.000,2,28.571,Logos via Sports Logos.net / About logos,L,https://www.basketball-reference.com/boxscores/202110210GSW.html,Away,115,25:02,0,0.0,GSW,Stephen Curry,Juan Toscano-Anderson,7:15,Moses Moody,3:42,Gary Payton II,0:03,,,,,,,37:33,Draymond Green,33:43,Andrew Wiggins,30:45,Damion Lee,29:23,Jordan Poole,25:11,Andre Iguodala,23:36,Otto Porter Jr.,18:17,Nemanja Bjelica,16:25,Kevon Looney,14:07,115,4,10,2.0,20.0,6.0,60.0,2.0,20.0,Marcus Morris,2,2,2021-2022,3.0,1,1.0,LAC,113,Terance Mann,,,,,,,,,,,,,39:24,Reggie Jackson,39:17,Paul George,36:33,Eric Bledsoe,29:52,Luke Kennard,24:27,Ivica Zubac,17:12,Amir Coffey,14:42,Justise Winslow,13:31,,
1,.167,6,54.545,1,,120,0,0,,4,.364,3.0,60.0,5.0,11,0,,0,0.000,Logos via Sports Logos.net / About logos,L,https://www.basketball-reference.com/boxscores/202110230LAC.html,Home,114,29:48,0,,MEM,Ja Morant,Tyus Jones,13:27,,,,,,,,,,,34:33,De'Anthony Melton,33:00,Jaren Jackson Jr.,31:07,Desmond Bane,30:48,Steven Adams,26:48,Brandon Clarke,21:11,Kyle Anderson,16:54,John Konchar,16:32,Ziaire Williams,15:40,120,4,9,6.0,66.7,3.0,33.3,0.0,0.0,Marcus Morris,6,0,2021-2022,0.0,0,0.0,LAC,114,Reggie Jackson,,,,,,,,,,,,,36:16,Paul George,34:48,Eric Bledsoe,32:33,Terance Mann,26:26,Nicolas Batum,22:47,Luke Kennard,22:14,Ivica Zubac,19:18,Isaiah Hartenstein,15:50,,
2,.286,7,58.333,0,0.00,112,2,5,100.0,4,.333,2.0,40.0,5.0,12,0,.000,1,8.333,Logos via Sports Logos.net / About logos,L,https://www.basketball-reference.com/boxscores/202111230LAC.html,Home,104,30:44,0,0.0,DAL,Dorian Finney-Smith,Dwight Powell,8:55,Boban Marjanović,0:01,,,,,,,,,48:50,Luka Dončić,41:09,Tim Hardaway Jr.,41:00,Kristaps Porziņģis,40:26,Maxi Kleber,35:49,Willie Cauley-Stein,17:03,Jalen Brunson,11:21,Sterling Brown,10:24,Trey Burke,10:02,112,2,10,4.0,40.0,6.0,60.0,0.0,0.0,Marcus Morris,8,0,2021-2022,2.0,4,5.0,LAC,104,Paul George,Justise Winslow,1:22,,,,,,,,,,,48:25,Reggie Jackson,42:11,Luke Kennard,31:35,Ivica Zubac,25:58,Eric Bledsoe,24:32,Amir Coffey,24:02,Terance Mann,19:06,Isaiah Hartenstein,10:37,Serge Ibaka,6:28
0,.000,3,42.857,2,2.00,96,0,5,100.0,2,.286,2.0,50.0,4.0,7,2,1.000,2,28.571,Logos via Sports Logos.net / About logos,W,https://www.basketball-reference.com/boxscores/202111260LAC.html,Home,107,23:25,0,0.0,DET,Jerami Grant,Trey Lyles,14:40,Luka Garza,10:27,,,,,,,,,33:06,Cade Cunningham,28:29,Isaiah Stewart,27:10,Cory Joseph,24:49,Saddiq Bey,22:30,Frank Jackson,21:13,Saben Lee,20:24,Josh Jackson,19:20,Hamidou Diallo,17:52,96,3,6,4.0,66.7,0.0,0.0,2.0,33.3,Marcus Morris,11,1,2021-2022,1.0,1,5.0,LAC,107,Reggie Jackson,,,,,,,,,,,,,33:33,Paul George,32:24,Terance Mann,31:04,Eric Bledsoe,30:07,Luke Kennard,27:35,Ivica Zubac,21:57,Serge Ibaka,18:51,Isaiah Hartenstein,18:34,Justise Winslow,2:30
2,.400,5,38.462,5,2.50,105,0,4,66.7,5,.385,3.0,37.5,8.0,13,1,1.000,1,7.692,Logos via Sports Logos.net / About logos,L,https://www.basketball-reference.com/boxscores/202111280LAC.html,Home,90,34:16,2,33.3,GSW,Andrew Wiggins,Nemanja Bjelica,11:41,Jonathan Kuminga,2:45,Moses Moody,2:32,,,,,,,36:07,Stephen Curry,34:47,Jordan Poole,30:42,Draymond Green,30:04,Otto Porter Jr.,25:46,Juan Toscano-Anderson,21:34,Chris Chiozza,18:31,Kevon Looney,13:31,Gary Payton II,12:00,105,4,13,6.0,46.2,6.0,46.2,1.0,7.7,Marcus Morris,15,0,2021-2022,0.0,2,6.0,LAC,90,Paul George,Justise Winslow,4:05,,,,,,,,,,,36:31,Luke Kennard,33:32,Eric Bledsoe,32:36,Terance Mann,25:52,Reggie Jackson,21:14,Ivica Zubac,21:06,Isaiah Hartenstein,11:36,Amir Coffey,10:05,Serge Ibaka,9:07
0,.000,3,33.333,4,4.00,124,1,4,100.0,1,.111,1.0,16.7,6.0,9,0,,0,0.000,Logos via Sports Logos.net / About logos,L,https://www.basketball-reference.com/boxscores/202112010LAC.html,Home,115,21:34,0,0.0,SAC,Tyrese Haliburton,,,,,,,,,,,,,40:06,De'Aaron Fox,36:05,Richaun Holmes,32:46,Terence Davis,29:54,Davion Mitchell,28:29,Chimezie Metu,22:40,Buddy Hield,21:46,Alex Len,14:43,Louis King,13:31,124,1,2,2.0,100.0,0.0,0.0,0.0,0.0,Marcus Morris,9,0,2021-2022,1.0,1,4.0,LAC,115,Luke Kennard,Keon Johnson,12:12,Justise Winslow,6:10,,,,,,,,,28:49,Reggie Jackson,27:03,Terance Mann,25:52,Ivica Zubac,23:44,Brandon Boston Jr.,23:42,Eric Bledsoe,19:04,Serge Ibaka,18:38,Isaiah Hartenstein,17:35,Jay Scrubb,15:37
6,.667,9,75.000,1,1.00,119,0,2,100.0,7,.583,1.0,33.3,3.0,12,1,1.000,1,8.333,Logos via Sports Logos.net / About logos,W,https://www.basketball-reference.com/boxscores/202112030LAL.html,Away,115,32:53,0,0.0,LAL,Anthony Davis,,,,,,,,,,,,,36:18,LeBron James,36:15,Russell Westbrook,36:15,Malik Monk,29:04,Talen Horton-Tucker,27:43,Carmelo Anthony,24:41,Dwight Howard,20:48,Wayne Ellington,19:57,Austin Reaves,8:59,115,2,21,2.0,9.5,18.0,85.7,1.0,4.8,Marcus Morris,4,0,2021-2022,0.0,1,2.0,LAC,119,Paul George,,,,,,,,,,,,,39:28,Reggie Jackson,35:40,Serge Ibaka,28:57,Luke Kennard,23:30,Ivica Zubac,22:20,Eric Bledsoe,17:45,Terance Mann,16:24,Isaiah Hartenstein,16:06,Brandon Boston Jr.,6:57
4,.667,6,60.000,2,1.00,99,0,8,100.0,7,.700,3.0,75.0,4.0,10,3,.600,5,50.000,Logos via Sports Logos.net / About logos,L,https://www.basketball-reference.com/boxscores/202112040SAC.html,Away,104,31:41,0,0.0,SAC,Tyrese Haliburton,Tristan Thompson,8:36,,,,,,,,,,,37:29,De'Aaron Fox,36:37,Terence Davis,28:34,Davion Mitchell,27:30,Richaun Holmes,27:00,Chimezie Metu,22:35,Marvin Bagley III,19:39,Buddy Hield,19:36,Alex Len,12:24,104,2,21,6.0,28.6,12.0,57.1,3.0,14.3,Marcus Morris,5,0,2021-2022,0.0,2,8.0,LAC,99,Paul George,,,,,,,,,,,,,37:48,Reggie Jackson,31:30,Ivica Zubac,29:11,Luke Kennard,27:01,Terance Mann,24:39,Eric Bledsoe,18:12,Isaiah Hartenstein,14:26,Brandon Boston Jr.,12:52,Serge Ibaka,12:40
3,.375,8,53.333,4,2.00,102,0,2,100.0,7,.467,4.0,57.1,7.0,15,0,,0,0.000,Logos via Sports Logos.net / About logos,W,https://www.basketball-reference.com/boxscores/202112060POR.html,Away,90,31:13,0,0.0,POR,Norman Powell,,,,,,,,,,,,,43:56,Dennis Smith Jr.,38:35,Larry Nance Jr.,31:58,Tony Snell,31:51,Jusuf Nurkić,30:03,Robert Covington,30:02,Cody Zeller,16:28,CJ Elleby,9:25,Ben McLemore,7:42,90,1,17,8.0,47.1,9.0,52.9,0.0,0.0,Marcus Morris,12,2,2021-2022,2.0,2,2.0,LAC,102,Paul George,,,,,,,,,,,,,38:35,Luke Kennard,36:20,Reggie Jackson,32:23,Ivica Zubac,27:41,Brandon Boston Jr.,19:39,Terance Mann,18:13,Eric Bledsoe,15:37,Isaiah Hartenstein,13:07,Serge Ibaka,7:12
2,.333,6,37.500,2,2.00,111,0,4,100.0,7,.438,5.0,50.0,10.0,16,4,1.000,4,25.000,Logos via Sports Logos.net / About logos,W,https://www.basketball-reference.com/boxscores/202112080LAC.html,Home,114,34:54,0,0.0,BOS,Dennis Schröder,Aaron Nesmith,3:37,,,,,,,,,,,38:00,Marcus Smart,37:03,Jayson Tatum,36:28,Al Horford,34:40,Josh Richardson,30:14,Grant Williams,23:55,Robert Williams,20:05,Romeo Langford,10:46,Enes Freedom,5:12,111,3,20,10.0,50.0,6.0,30.0,4.0,20.0,Marcus Morris,3,0,2021-2022,0.0,1,4.0,LAC,114,Reggie Jackson,,,,,,,,,,,,,37:27,Terance Mann,32:06,Ivica Zubac,31:40,Luke Kennard,28:57,Brandon Boston Jr.,25:16,Eric Bledsoe,19:17,Isaiah Hartenstein,15:21,Nicolas Batum,14:34,Justise Winslow,0:28
0,.000,2,22.222,2,,104,0,4,66.7,1,.111,1.0,14.3,7.0,9,0,,0,0.000,Logos via Sports Logos.net / About logos,W,https://www.basketball-reference.com/boxscores/202112110LAC.html,Home,106,24:15,2,33.3,ORL,Cole Anthony,,,,,,,,,,,,,34:26,Gary Harris,34:26,Franz Wagner,33:31,Wendell Carter Jr.,33:19,Mo Bamba,29:28,Terrence Ross,25:57,Moritz Wagner,19:36,Chuma Okeke,15:42,R.J. Hampton,13:34,104,2,2,2.0,100.0,0.0,0.0,0.0,0.0,Marcus Morris,2,2,2021-2022,2.0,0,6.0,LAC,106,Luke Kennard,,,,,,,,,,,,,36:26,Terance Mann,35:24,Reggie Jackson,31:50,Ivica Zubac,27:42,Eric Bledsoe,25:00,Brandon Boston Jr.,23:45,Isaiah Hartenstein,20:15,Justise Winslow,15:20,,
2,.500,4,25.000,1,1.00,95,0,10,90.9,10,.625,8.0,66.7,12.0,16,2,.667,3,18.750,Logos via Sports Logos.net / About logos,W,https://www.basketball-reference.com/boxscores/202112130LAC.html,Home,111,33:25,1,9.1,PHO,Cameron Johnson,Chandler Hutchison,2:38,,,,,,,,,,,34:11,Chris Paul,33:18,Mikal Bridges,32:43,Cameron Payne,28:35,Landry Shamet,25:59,JaVale McGee,25:10,Jae Crowder,24:39,Elfrid Payton,17:58,Ish Wainright,14:49,95,0,24,16.0,66.7,6.0,25.0,2.0,8.3,Marcus Morris,16,0,2021-2022,0.0,1,11.0,LAC,111,Terance Mann,,,,,,,,,,,,,38:23,Luke Kennard,34:25,Reggie Jackson,30:23,Ivica Zubac,24:34,Eric Bledsoe,24:11,Isaiah Hartenstein,23:01,Brandon Boston Jr.,16:13,Justise Winslow,12:40,Keon Johnson,2:45
2,.333,6,30.000,1,0.50,103,0,7,87.5,10,.500,8.0,57.1,14.0,20,2,.667,3,15.000,Logos via Sports Logos.net / About logos,L,https://www.basketball-reference.com/boxscores/202112150UTA.html,Away,124,32:22,1,12.5,UTA,Donovan Mitchell,Trent Forrest,4:48,Eric Paschall,3:49,Miye Oni,2:17,,,,,,,31:31,Jordan Clarkson,28:50,Rudy Gobert,27:17,Royce O'Neale,26:51,Joe Ingles,26:05,Bojan Bogdanović,25:19,Mike Conley,23:38,Hassan Whiteside,20:43,Rudy Gay,18:52,124,1,24,16.0,66.7,6.0,25.0,2.0,8.3,Marcus Morris,21,0,2021-2022,0.0,2,8.0,LAC,103,Luke Kennard,Amir Coffey,4:26,Jay Scrubb,4:26,,,,,,,,,31:28,Eric Bledsoe,31:10,Terance Mann,28:44,Reggie Jackson,25:18,Isaiah Hartenstein,24:34,Justise Winslow,18:42,Ivica Zubac,18:08,Brandon Boston Jr.,16:16,Keon Johnson,4:26
4,.571,7,53.846,6,6.00,124,0,4,80.0,6,.462,2.0,33.3,6.0,13,8,1.000,8,61.538,Logos via Sports Logos.net / About logos,L,https://www.basketball-reference.com/boxscores/202112270LAC.html,Home,108,27:05,1,20.0,BRK,James Harden,Paul Millsap,9:31,James Ennis III,1:16,Wenyen Gabriel,1:16,Shaquille Harrison,1:16,,,,,40:04,Patty Mills,34:46,Nic Claxton,30:21,DeAndre' Bembry,28:49,Bruce Brown,27:32,James Johnson,23:53,Blake Griffin,16:23,Langston Galloway,12:50,Jevon Carter,12:03,124,2,24,4.0,16.7,12.0,50.0,8.0,33.3,Marcus Morris,16,0,2021-2022,0.0,1,5.0,LAC,108,Eric Bledsoe,Xavier Moon,12:00,,,,,,,,,,,28:02,Brandon Boston Jr.,27:29,Terance Mann,25:56,Amir Coffey,25:23,Luke Kennard,24:27,Ivica Zubac,21:45,Keon Johnson,17:13,Justise Winslow,17:10,Serge Ibaka,13:30
0,.000,5,23.810,2,2.00,91,0,10,100.0,9,.429,9.0,56.2,16.0,21,5,.833,6,28.571,Logos via Sports Logos.net / About logos,W,https://www.basketball-reference.com/boxscores/202112290BOS.html,Away,82,37:57,0,0.0,BOS,Jaylen Brown,,,,,,,,,,,,,39:52,Al Horford,37:18,Payton Pritchard,34:03,Josh Richardson,32:15,Robert Williams,28:18,Romeo Langford,26:59,Grant Williams,20:32,Brodric Thomas,13:57,Sam Hauser,6:46,82,2,23,18.0,78.3,0.0,0.0,5.0,21.7,Marcus Morris,9,1,2021-2022,1.0,1,10.0,LAC,91,Terance Mann,,,,,,,,,,,,,36:09,Luke Kennard,35:44,Eric Bledsoe,31:31,Ivica Zubac,30:43,Amir Coffey,28:01,Justise Winslow,11:49,Xavier Moon,10:40,Serge Ibaka,9:02,Keon Johnson,8:24
2,.333,6,37.500,3,1.50,108,1,5,83.3,7,.438,5.0,50.0,10.0,16,4,1.000,4,25.000,Logos via Sports Logos.net / About logos,L,https://www.basketball-reference.com/boxscores/202112310TOR.html,Away,116,37:41,1,16.7,TOR,Pascal Siakam,Precious Achiuwa,8:50,Malachi Flynn,4:51,Dalano Banton,2:41,,,,,,,40:19,Fred VanVleet,39:04,OG Anunoby,35:55,Gary Trent Jr.,30:41,Chris Boucher,22:52,Khem Birch,19:26,Yuta Watanabe,13:22,Svi Mykhailiuk,12:07,Justin Champagnie,9:52,116,4,20,10.0,50.0,6.0,30.0,4.0,20.0,Marcus Morris,8,1,2021-2022,2.0,2,6.0,LAC,108,Luke Kennard,,,,,,,,,,,,,39:43,Terance Mann,36:44,Reggie Jackson,31:03,Amir Coffey,28:10,Justise Winslow,18:19,Serge Ibaka,17:49,Eric Bledsoe,16:57,Keon Johnson,13:34,,
1,.250,4,44.444,2,2.00,122,0,2,100.0,4,.444,3.0,60.0,5.0,9,3,1.000,3,33.333,Logos via Sports Logos.net / About logos,L,https://www.basketball-reference.com/boxscores/202201030LAC.html,Home,104,24:14,0,0.0,MIN,Anthony Edwards,Josh Okogie,11:21,Jordan McLaughlin,3:38,Leandro Bolmaro,3:38,,,,,,,32:53,Jaden McDaniels,28:58,Jarred Vanderbilt,28:15,Jaylen Nowell,27:36,Naz Reid,25:14,Taurean Prince,23:21,Patrick Beverley,21:26,Malik Beasley,20:23,Nathan Knight,13:17,122,0,12,6.0,50.0,3.0,25.0,3.0,25.0,Marcus Morris,18,0,2021-2022,0.0,1,2.0,LAC,104,Amir Coffey,James Ennis III,12:00,Jay Scrubb,7:05,,,,,,,,,28:57,Xavier Moon,26:07,Terance Mann,24:36,Eric Bledsoe,21:43,Justise Winslow,21:33,Reggie Jackson,21:10,Serge Ibaka,19:54,Keon Johnson,16:47,Wenyen Gabriel,15:54
3,.500,6,35.294,3,,89,0,5,62.5,8,.471,5.0,45.5,11.0,17,7,1.000,7,41.176,Logos via Sports Logos.net / About logos,L,https://www.basketball-reference.com/boxscores/202201060PHO.html,Away,106,35:34,3,37.5,PHO,Mikal Bridges,Justin Jackson,5:51,Paris Bass,1:56,,,,,,,,,39:30,Cameron Johnson,35:28,Chris Paul,34:21,Devin Booker,33:28,Jalen Smith,32:47,Cameron Payne,17:46,Elfrid Payton,14:32,Bismack Biyombo,13:17,Ish Wainright,11:04,106,1,26,10.0,38.5,9.0,34.6,7.0,26.9,Marcus Morris,17,0,2021-2022,0.0,0,8.0,LAC,89,Eric Bledsoe,Wenyen Gabriel,2:06,Keon Johnson,2:06,,,,,,,,,35:45,Terance Mann,33:06,Reggie Jackson,31:24,Amir Coffey,26:55,Brandon Boston Jr.,19:56,Serge Ibaka,19:44,Nicolas Batum,17:36,Justise Winslow,13:42,Jay Scrubb,2:06
4,.667,6,35.294,2,2.00,123,0,6,75.0,9,.529,5.0,45.5,11.0,17,7,1.000,7,41.176,Logos via Sports Logos.net / About logos,L,https://www.basketball-reference.com/boxscores/202201080LAC.html,Home,108,28:44,2,25.0,MEM,Tyus Jones,Dillon Brooks,6:51,Jon Teske,3:36,DaQuan Jeffries,3:32,Dakota Mathias,3:32,,,,,30:30,Jaren Jackson Jr.,29:13,Desmond Bane,29:12,Brandon Clarke,27:46,De'Anthony Melton,23:09,Killian Tillie,21:54,Jarrett Culver,21:26,Santi Aldama,20:01,Ziaire Williams,19:18,123,3,29,10.0,34.5,12.0,41.4,7.0,24.1,Marcus Morris,15,0,2021-2022,0.0,1,8.0,LAC,108,Terance Mann,Jay Scrubb,8:53,Serge Ibaka,7:57,Wenyen Gabriel,7:28,,,,,,,26:34,Brandon Boston Jr.,25:49,Reggie Jackson,25:36,Amir Coffey,21:44,Nicolas Batum,19:56,Eric Bledsoe,19:16,Ivica Zubac,18:51,Justise Winslow,18:28,Keon Johnson,10:44
1,.333,3,21.429,1,0.50,93,0,2,100.0,6,.429,5.0,45.5,11.0,14,2,1.000,2,14.286,Logos via Sports Logos.net / About logos,W,https://www.basketball-reference.com/boxscores/202201090LAC.html,Home,106,25:20,0,0.0,ATL,Onyeka Okongwu,Jalen Johnson,2:27,Skylar Mays,2:27,,,,,,,,,37:54,Kevin Huerter,34:52,Trae Young,34:25,John Collins,34:00,Bogdan Bogdanović,31:05,Timothé Luwawu-Cabarrot,23:26,Danilo Gallinari,18:23,Delon Wright,17:47,Cam Reddish,3:14,93,4,15,10.0,66.7,3.0,20.0,2.0,13.3,Marcus Morris,13,0,2021-2022,0.0,2,2.0,LAC,106,Amir Coffey,Keon Johnson,2:27,Jay Scrubb,2:27,Xavier Moon,1:32,,,,,,,33:05,Terance Mann,33:03,Nicolas Batum,30:14,Eric Bledsoe,26:29,Ivica Zubac,24:53,Reggie Jackson,21:16,Serge Ibaka,20:40,Brandon Boston Jr.,16:07,Wenyen Gabriel,2:27
1,.200,5,33.333,1,1.00,85,2,2,100.0,5,.333,4.0,40.0,10.0,15,1,.333,3,20.000,Logos via Sports Logos.net / About logos,W,https://www.basketball-reference.com/boxscores/202201110LAC.html,Home,87,34:38,0,0.0,DEN,Nikola Jokić,Bones Hyland,8:28,James Ennis III,4:20,,,,,,,,,36:38,Aaron Gordon,34:39,Monte Morris,34:11,Austin Rivers,29:43,Facundo Campazzo,28:09,Jeff Green,21:11,JaMychal Green,17:36,Davon Reed,13:43,Zeke Nnaji,11:22,85,4,12,8.0,66.7,3.0,25.0,1.0,8.3,Marcus Morris,2,1,2021-2022,3.0,1,2.0,LAC,87,Amir Coffey,,,,,,,,,,,,,43:08,Reggie Jackson,31:25,Terance Mann,27:36,Eric Bledsoe,25:54,Nicolas Batum,25:49,Serge Ibaka,21:59,Brandon Boston Jr.,19:42,Ivica Zubac,9:49,,
1,.111,9,64.286,1,0.50,89,1,2,66.7,3,.214,2.0,40.0,5.0,14,5,1.000,5,35.714,Logos via Sports Logos.net / About logos,L,https://www.basketball-reference.com/boxscores/202201130NOP.html,Away,113,22:53,1,33.3,NOP,Josh Hart,Gary Clark,5:42,Naji Marshall,2:39,Trey Murphy III,2:39,,,,,,,34:09,Brandon Ingram,33:19,Devonte' Graham,33:12,Herbert Jones,32:09,Jonas Valančiūnas,31:50,Nickeil Alexander-Walker,20:37,Jaxson Hayes,16:10,Jose Alvarado,14:48,Garrett Temple,12:46,113,1,12,4.0,33.3,3.0,25.0,5.0,41.7,Marcus Morris,24,0,2021-2022,1.0,2,3.0,LAC,89,Terance Mann,Eric Bledsoe,9:14,Wenyen Gabriel,4:26,,,,,,,,,31:07,Amir Coffey,25:41,Reggie Jackson,25:29,Nicolas Batum,23:39,Brandon Boston Jr.,22:31,Jay Scrubb,20:34,Serge Ibaka,19:55,Ivica Zubac,19:54,Xavier Moon,14:37
3,.429,7,41.176,5,2.50,94,0,6,100.0,6,.353,3.0,30.0,10.0,17,0,,0,0.000,Logos via Sports Logos.net / About logos,L,https://www.basketball-reference.com/boxscores/202201150SAS.html,Away,101,36:47,0,0.0,SAS,Dejounte Murray,Joshua Primo,5:30,,,,,,,,,,,36:08,Keldon Johnson,33:20,Devin Vassell,30:40,Jock Landale,25:43,Derrick White,25:04,Doug McDermott,23:11,Keita Bates-Diop,21:59,Lonnie Walker IV,19:32,Drew Eubanks,18:53,101,3,15,6.0,40.0,9.0,60.0,0.0,0.0,Marcus Morris,7,1,2021-2022,1.0,2,6.0,LAC,94,Amir Coffey,,,,,,,,,,,,,32:06,Terance Mann,30:36,Nicolas Batum,27:21,Eric Bledsoe,26:16,Reggie Jackson,25:12,Ivica Zubac,20:48,Serge Ibaka,18:04,Brandon Boston Jr.,17:06,Isaiah Hartenstein,5:44
3,.600,5,38.462,3,1.50,133,1,7,87.5,8,.615,5.0,62.5,8.0,13,2,1.000,2,15.385,Logos via Sports Logos.net / About logos,W,https://www.basketball-reference.com/boxscores/202201170LAC.html,Home,139,38:18,1,12.5,IND,Caris LeVert,Keifer Sykes,2:41,,,,,,,,,,,34:42,Domantas Sabonis,34:25,Chris Duarte,34:17,Justin Holiday,31:35,Duane Washington Jr.,26:40,Goga Bitadze,24:38,Oshae Brissett,21:59,Torrey Craig,15:00,Lance Stephenson,14:03,133,2,21,10.0,47.6,9.0,42.9,2.0,9.5,Marcus Morris,6,0,2021-2022,1.0,2,8.0,LAC,139,Nicolas Batum,,,,,,,,,,,,,36:16,Amir Coffey,35:59,Reggie Jackson,32:26,Ivica Zubac,25:29,Terance Mann,20:18,Eric Bledsoe,19:05,Isaiah Hartenstein,14:40,Brandon Boston Jr.,10:29,Serge Ibaka,7:00
2,.667,3,27.273,1,0.50,102,0,9,100.0,4,.364,2.0,25.0,8.0,11,2,.500,4,36.364,Logos via Sports Logos.net / About logos,W,https://www.basketball-reference.com/boxscores/202201210PHI.html,Away,101,30:07,0,0.0,PHI,Tyrese Maxey,,,,,,,,,,,,,45:34,Tobias Harris,40:21,Furkan Korkmaz,38:53,Joel Embiid,36:32,Georges Niang,30:13,Charlie Brown Jr.,22:20,Isaiah Joe,14:38,Andre Drummond,11:28,,,101,2,12,4.0,33.3,6.0,50.0,2.0,16.7,Marcus Morris,1,1,2021-2022,1.0,2,9.0,LAC,102,Amir Coffey,Serge Ibaka,5:32,,,,,,,,,,,34:20,Nicolas Batum,29:49,Reggie Jackson,29:10,Ivica Zubac,23:44,Luke Kennard,20:31,Eric Bledsoe,18:49,Terance Mann,18:29,Isaiah Hartenstein,15:32,Brandon Boston Jr.,13:54
0,.000,4,44.444,1,,102,0,3,100.0,0,.000,0.0,0.0,5.0,9,4,.800,5,55.556,Logos via Sports Logos.net / About logos,L,https://www.basketball-reference.com/boxscores/202201230NYK.html,Away,110,23:47,0,0.0,NYK,RJ Barrett,Taj Gibson,5:35,Cam Reddish,5:23,,,,,,,,,42:37,Julius Randle,40:05,Alec Burks,29:41,Evan Fournier,28:05,Nerlens Noel,26:18,Quentin Grimes,19:55,Immanuel Quickley,18:19,Mitchell Robinson,16:07,Obi Toppin,7:55,110,4,4,0.0,0.0,0.0,0.0,4.0,100.0,Marcus Morris,8,1,2021-2022,1.0,0,3.0,LAC,102,Reggie Jackson,Isaiah Hartenstein,3:47,,,,,,,,,,,32:48,Ivica Zubac,29:29,Luke Kennard,28:14,Nicolas Batum,24:58,Terance Mann,24:32,Brandon Boston Jr.,24:20,Amir Coffey,18:09,Eric Bledsoe,15:12,Serge Ibaka,14:44
2,.333,6,50.000,1,1.00,115,0,3,100.0,6,.500,4.0,66.7,6.0,12,2,1.000,2,16.667,Logos via Sports Logos.net / About logos,W,https://www.basketball-reference.com/boxscores/202201300CHO.html,Away,90,23:07,0,0.0,CHO,Terry Rozier,JT Thor,3:15,,,,,,,,,,,39:39,Cody Martin,39:28,LaMelo Ball,37:54,Miles Bridges,37:49,Mason Plumlee,24:28,P.J. Washington,20:09,James Bouknight,19:14,Ish Smith,14:48,Nick Richards,3:15,90,2,16,8.0,50.0,6.0,37.5,2.0,12.5,Marcus Morris,25,1,2021-2022,1.0,1,3.0,LAC,115,Luke Kennard,Serge Ibaka,6:36,Jay Scrubb,3:48,,,,,,,,,27:29,Reggie Jackson,27:11,Amir Coffey,26:24,Justise Winslow,24:53,Brandon Boston Jr.,21:43,Terance Mann,21:28,Isaiah Hartenstein,21:09,Ivica Zubac,20:07,Eric Bledsoe,16:02
0,.000,3,21.429,4,4.00,116,0,4,80.0,4,.286,4.0,36.4,11.0,14,1,1.000,1,7.143,Logos via Sports Logos.net / About logos,L,https://www.basketball-reference.com/boxscores/202201310IND.html,Away,122,27:23,1,20.0,IND,Caris LeVert,Keifer Sykes,0:12,,,,,,,,,,,35:49,Justin Holiday,33:56,Chris Duarte,29:40,Isaiah Jackson,29:25,Jeremy Lamb,26:47,Torrey Craig,26:45,Duane Washington Jr.,23:51,Terry Taylor,21:10,Lance Stephenson,12:25,122,2,9,8.0,88.9,0.0,0.0,1.0,11.1,Marcus Morris,6,0,2021-2022,0.0,1,5.0,LAC,116,Amir Coffey,Brandon Boston Jr.,6:09,,,,,,,,,,,35:29,Reggie Jackson,31:06,Nicolas Batum,25:09,Eric Bledsoe,23:24,Terance Mann,22:51,Serge Ibaka,22:25,Justise Winslow,16:07,Luke Kennard,15:40,Isaiah Hartenstein,14:17
6,.857,7,43.750,3,,110,0,6,85.7,11,.688,5.0,55.6,9.0,16,1,.250,4,25.000,Logos via Sports Logos.net / About logos,W,https://www.basketball-reference.com/boxscores/202202030LAC.html,Home,111,36:20,1,14.3,LAL,Anthony Davis,Dwight Howard,10:11,Kent Bazemore,6:41,,,,,,,,,37:49,Russell Westbrook,35:36,Malik Monk,33:06,Austin Reaves,25:20,Stanley Johnson,22:36,Talen Horton-Tucker,20:37,Avery Bradley,19:31,Trevor Ariza,17:26,Carmelo Anthony,11:07,110,1,29,10.0,34.5,18.0,62.1,1.0,3.4,Marcus Morris,1,0,2021-2022,0.0,0,7.0,LAC,111,Serge Ibaka,,,,,,,,,,,,,33:37,Reggie Jackson,33:05,Luke Kennard,29:28,Nicolas Batum,25:41,Amir Coffey,23:40,Eric Bledsoe,19:45,Isaiah Hartenstein,14:13,Terance Mann,13:44,Brandon Boston Jr.,10:27
5,.625,8,53.333,4,1.33,137,0,6,75.0,7,.467,2.0,28.6,7.0,15,1,1.000,1,6.667,Logos via Sports Logos.net / About logos,L,https://www.basketball-reference.com/boxscores/202202060LAC.html,Home,113,29:52,2,25.0,MIL,Jrue Holiday,Jordan Nwora,12:19,Lindell Wigginton,0:36,,,,,,,,,35:32,Khris Middleton,32:09,Giannis Antetokounmpo,30:48,Bobby Portis,29:14,Pat Connaughton,28:26,Wesley Matthews,21:40,Donte DiVincenzo,21:10,Greg Monroe,14:29,Rodney Hood,13:37,137,3,20,4.0,20.0,15.0,75.0,1.0,5.0,Marcus Morris,24,1,2021-2022,1.0,3,8.0,LAC,113,Terance Mann,Isaiah Hartenstein,8:23,Brandon Boston Jr.,3:42,,,,,,,,,25:12,Reggie Jackson,25:10,Amir Coffey,24:45,Norman Powell,23:59,Robert Covington,23:17,Luke Kennard,22:11,Ivica Zubac,18:53,Serge Ibaka,18:42,Nicolas Batum,15:54
0,.000,3,50.000,3,3.00,109,0,4,100.0,1,.167,1.0,33.3,3.0,6,1,.500,2,33.333,Logos via Sports Logos.net / About logos,L,https://www.basketball-reference.com/boxscores/202202080MEM.html,Away,135,21:48,0,0.0,MEM,De'Anthony Melton,Tyus Jones,16:42,Jarrett Culver,5:25,,,,,,,,,27:30,Ja Morant,25:53,Desmond Bane,25:49,Jaren Jackson Jr.,25:34,Kyle Anderson,24:29,Brandon Clarke,23:34,John Konchar,22:45,Ziaire Williams,21:52,Steven Adams,20:27,135,3,3,2.0,66.7,0.0,0.0,1.0,33.3,Marcus Morris,26,0,2021-2022,0.0,1,4.0,LAC,109,Robert Covington,Brandon Boston Jr.,12:00,,,,,,,,,,,29:08,Isaiah Hartenstein,27:34,Terance Mann,26:21,Amir Coffey,24:03,Reggie Jackson,23:57,Nicolas Batum,22:46,Norman Powell,22:41,Luke Kennard,15:23,Ivica Zubac,14:19
3,.500,6,37.500,0,0.00,105,0,0,,9,.563,6.0,60.0,10.0,16,0,,0,0.000,Logos via Sports Logos.net / About logos,L,https://www.basketball-reference.com/boxscores/202202100DAL.html,Away,112,31:31,0,,DAL,Dorian Finney-Smith,Marquese Chriss,4:53,,,,,,,,,,,40:42,Luka Dončić,39:48,Jalen Brunson,37:24,Reggie Bullock,36:55,Maxi Kleber,26:51,Dwight Powell,21:09,Josh Green,14:17,Trey Burke,10:36,Frank Ntilikina,7:25,112,3,21,12.0,57.1,9.0,42.9,0.0,0.0,Marcus Morris,7,2,2021-2022,2.0,1,0.0,LAC,105,Norman Powell,,,,,,,,,,,,,33:38,Reggie Jackson,33:05,Terance Mann,30:37,Luke Kennard,28:13,Nicolas Batum,27:34,Ivica Zubac,25:39,Amir Coffey,13:31,Robert Covington,10:12,Isaiah Hartenstein,5:59
1,.250,4,22.222,2,,99,0,1,100.0,9,.500,8.0,57.1,14.0,18,1,1.000,1,5.556,Logos via Sports Logos.net / About logos,W,https://www.basketball-reference.com/boxscores/202202120DAL.html,Away,97,36:47,0,0.0,DAL,Reggie Bullock,,,,,,,,,,,,,40:18,Luka Dončić,39:27,Jalen Brunson,39:02,Dorian Finney-Smith,39:00,Dwight Powell,26:23,Maxi Kleber,21:55,Josh Green,20:15,Frank Ntilikina,11:33,Trey Burke,2:06,97,3,20,16.0,80.0,3.0,15.0,1.0,5.0,Marcus Morris,2,1,2021-2022,1.0,0,1.0,LAC,99,Reggie Jackson,,,,,,,,,,,,,40:01,Terance Mann,34:51,Ivica Zubac,33:00,Amir Coffey,30:19,Nicolas Batum,19:37,Luke Kennard,18:43,Isaiah Hartenstein,14:52,Robert Covington,11:47,,
1,.200,5,38.462,1,,104,0,2,100.0,5,.385,4.0,50.0,8.0,13,0,,0,0.000,Logos via Sports Logos.net / About logos,W,https://www.basketball-reference.com/boxscores/202202140LAC.html,Home,119,26:45,0,0.0,GSW,Stephen Curry,Gary Payton II,11:18,Nemanja Bjelica,10:56,Juan Toscano-Anderson,7:11,,,,,,,33:49,Jonathan Kuminga,28:05,Andrew Wiggins,27:44,Klay Thompson,26:41,Jordan Poole,25:01,Damion Lee,20:38,Kevon Looney,19:20,Otto Porter Jr.,16:10,Moses Moody,13:07,104,2,11,8.0,72.7,3.0,27.3,0.0,0.0,Marcus Morris,15,0,2021-2022,0.0,0,2.0,LAC,119,Terance Mann,Semi Ojeleye,4:25,,,,,,,,,,,39:05,Reggie Jackson,37:32,Nicolas Batum,28:35,Robert Covington,26:41,Ivica Zubac,22:38,Isaiah Hartenstein,22:35,Amir Coffey,22:33,Rodney Hood,4:46,Brandon Boston Jr.,4:25
3,.500,6,35.294,1,,96,1,3,75.0,10,.588,7.0,63.6,11.0,17,0,,0,0.000,Logos via Sports Logos.net / About logos,L,https://www.basketball-reference.com/boxscores/202202150PHO.html,Away,103,30:09,1,25.0,PHO,Devin Booker,Aaron Holiday,10:40,,,,,,,,,,,36:28,Chris Paul,35:19,Mikal Bridges,32:58,Jae Crowder,30:39,Deandre Ayton,30:01,Cameron Johnson,21:23,JaVale McGee,17:12,Elfrid Payton,12:41,Torrey Craig,12:39,103,1,23,14.0,60.9,9.0,39.1,0.0,0.0,Marcus Morris,7,1,2021-2022,2.0,0,4.0,LAC,96,Reggie Jackson,,,,,,,,,,,,,36:39,Terance Mann,31:52,Ivica Zubac,31:16,Nicolas Batum,25:07,Amir Coffey,24:43,Luke Kennard,24:27,Robert Covington,21:28,Isaiah Hartenstein,14:19,,
4,.500,8,61.538,3,1.00,111,0,5,100.0,7,.538,3.0,60.0,5.0,13,9,1.000,9,69.231,Logos via Sports Logos.net / About logos,W,https://www.basketball-reference.com/boxscores/202202170LAC.html,Home,142,25:16,0,0.0,HOU,Garrison Mathews,Bruno Fernando,9:01,,,,,,,,,,,31:11,Jalen Green,30:48,Dennis Schröder,29:52,Jae'Sean Tate,27:48,Josh Christopher,26:24,KJ Martin,25:37,Christian Wood,24:33,David Nwaba,20:20,Alperen Sengun,14:26,111,3,27,6.0,22.2,12.0,44.4,9.0,33.3,Marcus Morris,31,1,2021-2022,1.0,3,5.0,LAC,142,Terance Mann,Semi Ojeleye,9:01,Rodney Hood,9:01,,,,,,,,,28:19,Reggie Jackson,26:00,Amir Coffey,25:51,Isaiah Hartenstein,25:17,Luke Kennard,22:51,Ivica Zubac,22:43,Nicolas Batum,20:34,Robert Covington,14:03,Brandon Boston Jr.,11:03
0,.000,3,30.000,1,0.50,105,1,3,100.0,5,.500,5.0,71.4,7.0,10,0,,0,0.000,Logos via Sports Logos.net / About logos,W,https://www.basketball-reference.com/boxscores/202202250LAL.html,Away,102,29:00,0,0.0,LAL,LeBron James,,,,,,,,,,,,,35:41,Russell Westbrook,32:48,Austin Reaves,32:39,Carmelo Anthony,28:23,Talen Horton-Tucker,27:18,Dwight Howard,26:14,Malik Monk,24:49,Trevor Ariza,18:28,Stanley Johnson,13:40,102,2,10,10.0,100.0,0.0,0.0,0.0,0.0,Marcus Morris,3,1,2021-2022,2.0,2,3.0,LAC,105,Terance Mann,,,,,,,,,,,,,36:12,Luke Kennard,34:16,Reggie Jackson,32:39,Isaiah Hartenstein,28:05,Amir Coffey,23:07,Robert Covington,20:05,Nicolas Batum,18:36,Ivica Zubac,18:00,,
2,.400,5,45.455,1,0.33,99,0,3,100.0,3,.273,1.0,16.7,6.0,11,5,1.000,5,45.455,Logos via Sports Logos.net / About logos,W,https://www.basketball-reference.com/boxscores/202202270HOU.html,Away,98,31:57,0,0.0,HOU,Jalen Green,,,,,,,,,,,,,37:51,Dennis Schröder,37:44,Jae'Sean Tate,31:44,Christian Wood,31:35,Eric Gordon,30:48,Garrison Mathews,26:09,Alperen Sengun,16:20,KJ Martin,15:06,Josh Christopher,12:43,98,3,13,2.0,15.4,6.0,46.2,5.0,38.5,Marcus Morris,1,0,2021-2022,0.0,3,3.0,LAC,99,Reggie Jackson,,,,,,,,,,,,,38:05,Ivica Zubac,33:58,Terance Mann,27:25,Amir Coffey,25:01,Robert Covington,24:34,Luke Kennard,23:24,Nicolas Batum,20:50,Isaiah Hartenstein,10:23,Brandon Boston Jr.,4:23
4,.667,6,42.857,3,,113,0,1,100.0,6,.429,2.0,25.0,8.0,14,2,1.000,2,14.286,Logos via Sports Logos.net / About logos,W,https://www.basketball-reference.com/boxscores/202203010HOU.html,Away,100,28:06,0,0.0,HOU,Jalen Green,David Nwaba,5:17,,,,,,,,,,,33:27,Dennis Schröder,31:21,Christian Wood,31:15,Garrison Mathews,26:12,Eric Gordon,25:41,KJ Martin,23:31,Josh Christopher,22:02,Alperen Sengun,21:39,Jae'Sean Tate,19:35,100,2,18,4.0,22.2,12.0,66.7,2.0,11.1,Marcus Morris,13,2,2021-2022,2.0,0,1.0,LAC,113,Terance Mann,Semi Ojeleye,4:16,Rodney Hood,4:16,,,,,,,,,30:08,Reggie Jackson,26:23,Ivica Zubac,24:35,Isaiah Hartenstein,22:28,Nicolas Batum,22:23,Robert Covington,21:51,Luke Kennard,20:21,Brandon Boston Jr.,17:52,Amir Coffey,17:21
2,.667,3,30.000,2,1.00,111,0,3,100.0,5,.500,3.0,42.9,7.0,10,2,1.000,2,20.000,Logos via Sports Logos.net / About logos,W,https://www.basketball-reference.com/boxscores/202203030LAC.html,Home,132,21:14,0,0.0,LAL,LeBron James,Wayne Ellington,11:38,Wenyen Gabriel,3:57,,,,,,,,,37:04,Malik Monk,29:07,Russell Westbrook,28:55,Austin Reaves,26:10,Carmelo Anthony,25:14,D.J. Augustin,21:51,Kent Bazemore,20:12,Stanley Johnson,19:48,Dwight Howard,16:04,111,2,14,6.0,42.9,6.0,42.9,2.0,14.3,Marcus Morris,21,0,2021-2022,0.0,2,3.0,LAC,132,Reggie Jackson,Semi Ojeleye,3:57,Brandon Boston Jr.,3:55,,,,,,,,,35:00,Robert Covington,27:24,Amir Coffey,26:43,Terance Mann,26:25,Ivica Zubac,24:51,Luke Kennard,24:04,Isaiah Hartenstein,23:09,Nicolas Batum,19:21,Rodney Hood,3:57
0,.000,2,22.222,0,0.00,116,0,3,100.0,2,.222,2.0,28.6,7.0,9,0,,0,0.000,Logos via Sports Logos.net / About logos,L,https://www.basketball-reference.com/boxscores/202203060LAC.html,Home,93,22:37,0,0.0,NYK,RJ Barrett,Ryan Arcidiacono,6:03,,,,,,,,,,,32:51,Evan Fournier,29:22,Julius Randle,29:05,Immanuel Quickley,28:05,Alec Burks,26:18,Mitchell Robinson,25:51,Cam Reddish,25:00,Jericho Sims,19:33,Miles McBride,17:52,116,3,4,4.0,100.0,0.0,0.0,0.0,0.0,Marcus Morris,23,0,2021-2022,0.0,2,3.0,LAC,93,Terance Mann,Semi Ojeleye,8:53,Rodney Hood,8:53,,,,,,,,,31:51,Amir Coffey,30:42,Reggie Jackson,27:20,Luke Kennard,23:44,Isaiah Hartenstein,20:34,Nicolas Batum,19:22,Ivica Zubac,18:42,Robert Covington,18:29,Brandon Boston Jr.,8:53
0,.000,3,27.273,0,0.00,97,1,4,100.0,4,.364,4.0,50.0,8.0,11,3,1.000,3,27.273,Logos via Sports Logos.net / About logos,L,https://www.basketball-reference.com/boxscores/202203080GSW.html,Away,112,23:23,0,0.0,GSW,Stephen Curry,Chris Chiozza,1:27,Quinndary Weatherspoon,1:27,,,,,,,,,35:03,Klay Thompson,33:42,Andrew Wiggins,31:09,Moses Moody,29:58,Jordan Poole,29:46,Jonathan Kuminga,26:01,Kevon Looney,21:13,Nemanja Bjelica,19:12,Juan Toscano-Anderson,11:02,112,2,11,8.0,72.7,0.0,0.0,3.0,27.3,Marcus Morris,15,0,2021-2022,1.0,1,4.0,LAC,97,Amir Coffey,Semi Ojeleye,10:54,,,,,,,,,,,29:44,Reggie Jackson,28:01,Terance Mann,27:30,Nicolas Batum,26:39,Isaiah Hartenstein,25:31,Ivica Zubac,22:29,Brandon Boston Jr.,18:07,Luke Kennard,16:48,Rodney Hood,10:54
3,.750,4,26.667,4,4.00,109,1,7,87.5,10,.667,7.0,63.6,11.0,15,4,1.000,4,26.667,Logos via Sports Logos.net / About logos,W,https://www.basketball-reference.com/boxscores/202203090LAC.html,Home,115,35:15,1,12.5,WAS,Kentavious Caldwell-Pope,Ish Smith,15:35,,,,,,,,,,,34:38,Kyle Kuzma,33:05,Kristaps Porziņģis,25:52,Rui Hachimura,24:03,Corey Kispert,23:52,Raul Neto,23:10,Daniel Gafford,21:38,Deni Avdija,19:23,Tomáš Satoranský,18:44,109,1,27,14.0,51.9,9.0,33.3,4.0,14.8,Marcus Morris,6,1,2021-2022,2.0,1,8.0,LAC,115,Reggie Jackson,,,,,,,,,,,,,39:43,Nicolas Batum,33:24,Luke Kennard,31:13,Terance Mann,29:19,Ivica Zubac,27:03,Amir Coffey,25:04,Isaiah Hartenstein,18:59,,,,
1,.167,6,50.000,1,0.50,106,1,3,100.0,4,.333,3.0,50.0,6.0,12,4,1.000,4,33.333,Logos via Sports Logos.net / About logos,L,https://www.basketball-reference.com/boxscores/202203110ATL.html,Away,112,24:25,0,0.0,ATL,Trae Young,Delon Wright,5:11,,,,,,,,,,,37:18,Kevin Huerter,36:24,Danilo Gallinari,29:56,Bogdan Bogdanović,27:55,Clint Capela,25:56,De'Andre Hunter,25:38,John Collins,22:58,Onyeka Okongwu,17:09,Lou Williams,11:33,112,1,13,6.0,46.2,3.0,23.1,4.0,30.8,Marcus Morris,6,1,2021-2022,2.0,2,3.0,LAC,106,Reggie Jackson,,,,,,,,,,,,,39:49,Ivica Zubac,36:17,Amir Coffey,36:00,Nicolas Batum,33:37,Luke Kennard,31:16,Terance Mann,20:46,Isaiah Hartenstein,11:43,Brandon Boston Jr.,6:06,,
3,.600,5,26.316,2,1.00,106,0,6,85.7,10,.526,7.0,50.0,14.0,19,8,1.000,8,42.105,Logos via Sports Logos.net / About logos,W,https://www.basketball-reference.com/boxscores/202203130DET.html,Away,102,35:29,1,14.3,DET,Cade Cunningham,,,,,,,,,,,,,44:05,Jerami Grant,36:55,Cory Joseph,35:25,Saddiq Bey,33:59,Marvin Bagley III,31:34,Isaiah Livers,26:52,Saben Lee,16:30,Kelly Olynyk,14:40,,,102,3,31,14.0,45.2,9.0,29.0,8.0,25.8,Marcus Morris,4,0,2021-2022,0.0,2,7.0,LAC,106,Reggie Jackson,,,,,,,,,,,,,39:38,Amir Coffey,35:35,Ivica Zubac,30:20,Nicolas Batum,25:52,Luke Kennard,25:27,Terance Mann,23:17,Isaiah Hartenstein,17:04,Brandon Boston Jr.,7:18,,
2,.286,7,41.176,7,,103,0,3,50.0,9,.529,7.0,70.0,10.0,17,2,1.000,2,11.765,Logos via Sports Logos.net / About logos,L,https://www.basketball-reference.com/boxscores/202203160LAC.html,Home,100,34:50,3,50.0,TOR,Scottie Barnes,,,,,,,,,,,,,40:21,Pascal Siakam,39:09,Fred VanVleet,35:54,Gary Trent Jr.,33:26,Precious Achiuwa,26:58,Chris Boucher,22:13,Khem Birch,21:02,Thaddeus Young,12:13,Armoni Brooks,8:44,103,1,22,14.0,63.6,6.0,27.3,2.0,9.1,Marcus Morris,3,0,2021-2022,0.0,0,6.0,LAC,100,Reggie Jackson,,,,,,,,,,,,,34:03,Nicolas Batum,32:06,Terance Mann,30:14,Isaiah Hartenstein,24:28,Amir Coffey,23:45,Luke Kennard,22:07,Robert Covington,21:26,Ivica Zubac,17:01,,
0,.000,2,50.000,2,1.00,92,0,1,100.0,1,.250,1.0,50.0,2.0,4,3,.750,4,100.000,Logos via Sports Logos.net / About logos,L,https://www.basketball-reference.com/boxscores/202203180UTA.html,Away,121,13:30,0,0.0,UTA,Nickeil Alexander-Walker,Xavier Sneed,9:01,,,,,,,,,,,32:37,Jordan Clarkson,29:00,Juancho Hernangómez,27:26,Rudy Gobert,26:32,Royce O'Neale,26:20,Jared Butler,24:31,Mike Conley,23:29,Rudy Gay,22:35,Eric Paschall,18:29,121,0,5,2.0,40.0,0.0,0.0,3.0,60.0,Marcus Morris,29,0,2021-2022,0.0,2,1.0,LAC,92,Amir Coffey,Nicolas Batum,11:10,,,,,,,,,,,30:06,Robert Covington,29:47,Terance Mann,27:09,Isaiah Hartenstein,25:00,Luke Kennard,24:50,Semi Ojeleye,24:07,Ivica Zubac,20:37,Rodney Hood,19:06,Reggie Jackson,14:38
0,.000,6,37.500,3,,115,0,2,66.7,6,.375,6.0,60.0,10.0,16,2,.667,3,18.750,Logos via Sports Logos.net / About logos,L,https://www.basketball-reference.com/boxscores/202203220DEN.html,Away,127,28:41,1,33.3,DEN,Nikola Jokić,Bryn Forbes,12:03,,,,,,,,,,,34:19,Will Barton,34:15,Monte Morris,30:47,Aaron Gordon,30:18,Jeff Green,26:18,Austin Rivers,22:08,JaMychal Green,18:41,Bones Hyland,17:30,DeMarcus Cousins,13:41,127,0,14,12.0,85.7,0.0,0.0,2.0,14.3,Marcus Morris,12,0,2021-2022,0.0,0,3.0,LAC,115,Terance Mann,Semi Ojeleye,0:10,,,,,,,,,,,35:23,Reggie Jackson,31:52,Luke Kennard,28:51,Isaiah Hartenstein,23:52,Robert Covington,22:05,Amir Coffey,19:11,Nicolas Batum,18:55,Ivica Zubac,17:03,Brandon Boston Jr.,13:55
0,.000,2,22.222,1,1.00,122,1,3,100.0,1,.111,1.0,14.3,7.0,9,0,,0,0.000,Logos via Sports Logos.net / About logos,L,https://www.basketball-reference.com/boxscores/202203250LAC.html,Home,97,14:52,0,0.0,PHI,James Harden,Furkan Korkmaz,10:53,Paul Reed,6:04,Isaiah Joe,4:38,Charlie Brown Jr.,4:06,,,,,34:07,Tyrese Maxey,29:18,Joel Embiid,27:54,Matisse Thybulle,25:45,Tobias Harris,24:46,Shake Milton,24:43,Georges Niang,17:16,Danny Green,15:50,DeAndre Jordan,14:40,122,1,2,2.0,100.0,0.0,0.0,0.0,0.0,Marcus Morris,25,0,2021-2022,1.0,1,3.0,LAC,97,Amir Coffey,Rodney Hood,8:57,,,,,,,,,,,37:34,Reggie Jackson,27:23,Robert Covington,24:13,Ivica Zubac,23:39,Isaiah Hartenstein,22:50,Nicolas Batum,22:37,Terance Mann,22:32,Luke Kennard,22:29,Semi Ojeleye,12:54
0,.000,2,33.333,1,0.50,115,0,4,100.0,1,.167,1.0,25.0,4.0,6,1,.500,2,33.333,Logos via Sports Logos.net / About logos,W,https://www.basketball-reference.com/boxscores/202203290LAC.html,Home,121,27:17,0,0.0,UTA,Rudy Gobert,Eric Paschall,5:32,,,,,,,,,,,38:26,Donovan Mitchell,35:33,Royce O'Neale,33:48,Jordan Clarkson,33:07,Mike Conley,32:44,Juancho Hernangómez,28:04,Rudy Gay,15:57,Greg Monroe,9:34,Trent Forrest,7:15,115,2,3,2.0,66.7,0.0,0.0,1.0,33.3,Marcus Morris,6,0,2021-2022,0.0,2,4.0,LAC,121,Reggie Jackson,,,,,,,,,,,,,37:20,Luke Kennard,34:50,Paul George,30:48,Isaiah Hartenstein,25:37,Terance Mann,22:40,Nicolas Batum,22:28,Robert Covington,21:18,Ivica Zubac,17:14,Amir Coffey,0:28
1,.333,3,25.000,4,4.00,130,0,4,100.0,7,.583,6.0,66.7,9.0,12,5,.833,6,50.000,Logos via Sports Logos.net / About logos,L,https://www.basketball-reference.com/boxscores/202203310CHI.html,Away,135,39:19,0,0.0,CHI,DeMar DeRozan,,,,,,,,,,,,,43:24,Zach LaVine,40:39,Nikola Vučević,39:36,Patrick Williams,36:49,Alex Caruso,33:26,Ayo Dosunmu,23:31,Coby White,23:26,Tristan Thompson,12:09,Javonte Green,12:00,135,1,20,12.0,60.0,3.0,15.0,5.0,25.0,Marcus Morris,5,1,2021-2022,1.0,1,4.0,LAC,130,Reggie Jackson,,,,,,,,,,,,,39:48,Nicolas Batum,38:18,Paul George,32:03,Ivica Zubac,32:01,Luke Kennard,23:01,Robert Covington,21:47,Terance Mann,19:55,Isaiah Hartenstein,18:02,Amir Coffey,0:46
4,.667,6,46.154,0,,100,2,4,100.0,8,.615,4.0,57.1,7.0,13,2,1.000,2,15.385,Logos via Sports Logos.net / About logos,W,https://www.basketball-reference.com/boxscores/202204030LAC.html,Home,119,26:59,0,0.0,NOP,CJ McCollum,Jose Alvarado,7:40,Tony Snell,2:32,Gary Clark,2:32,,,,,,,37:26,Brandon Ingram,34:55,Herbert Jones,31:35,Larry Nance Jr.,28:12,Jonas Valančiūnas,22:11,Jaxson Hayes,22:05,Devonte' Graham,17:44,Trey Murphy III,17:28,Naji Marshall,15:40,100,2,22,8.0,36.4,12.0,54.5,2.0,9.1,Marcus Morris,19,2,2021-2022,4.0,0,4.0,LAC,119,Reggie Jackson,Rodney Hood,2:32,Xavier Moon,2:32,,,,,,,,,33:13,Terance Mann,29:10,Paul George,29:05,Ivica Zubac,24:59,Luke Kennard,24:28,Isaiah Hartenstein,23:01,Nicolas Batum,23:00,Robert Covington,18:29,Amir Coffey,2:32
1,.167,6,85.714,2,0.67,109,0,4,100.0,2,.286,1.0,100.0,1.0,7,2,1.000,2,28.571,Logos via Sports Logos.net / About logos,W,https://www.basketball-reference.com/boxscores/202204060LAC.html,Home,113,25:44,0,0.0,PHO,Cameron Johnson,Gabriel Lundberg,12:00,Elfrid Payton,11:57,,,,,,,,,31:53,Bismack Biyombo,30:00,Landry Shamet,27:37,Ish Wainright,24:53,Torrey Craig,22:07,Mikal Bridges,21:35,Cameron Payne,21:31,Aaron Holiday,18:27,JaVale McGee,18:00,109,1,7,2.0,28.6,3.0,42.9,2.0,28.6,Marcus Morris,4,0,2021-2022,0.0,3,4.0,LAC,113,Reggie Jackson,Xavier Moon,6:42,,,,,,,,,,,29:52,Paul George,28:06,Terance Mann,25:49,Ivica Zubac,25:13,Norman Powell,22:48,Isaiah Hartenstein,22:47,Robert Covington,22:16,Nicolas Batum,21:52,Amir Coffey,8:51
2,.250,8,61.538,1,,98,1,2,100.0,4,.308,2.0,40.0,5.0,13,1,1.000,1,7.692,Logos via Sports Logos.net / About logos,W,https://www.basketball-reference.com/boxscores/202204090LAC.html,Home,117,24:05,0,0.0,SAC,Davion Mitchell,Justin Holiday,17:50,,,,,,,,,,,37:48,Damian Jones,28:39,Jeremy Lamb,26:49,Harrison Barnes,26:07,Josh Jackson,22:47,Chimezie Metu,20:44,Donte DiVincenzo,20:17,Trey Lyles,19:38,Neemias Queta,19:21,98,4,11,4.0,36.4,6.0,54.5,1.0,9.1,Marcus Morris,19,0,2021-2022,1.0,0,2.0,LAC,117,Paul George,Amir Coffey,4:06,Rodney Hood,3:57,,,,,,,,,33:34,Nicolas Batum,26:07,Ivica Zubac,24:32,Isaiah Hartenstein,23:28,Reggie Jackson,22:29,Norman Powell,22:17,Luke Kennard,19:58,Robert Covington,19:49,Terance Mann,15:38
1,.250,4,36.364,1,1.00,104,0,0,,5,.455,4.0,57.1,7.0,11,1,1.000,1,9.091,Logos via Sports Logos.net / About logos,L,https://www.basketball-reference.com/boxscores/202204120MIN.html,Away,109,30:22,0,,MIN,D'Angelo Russell,Josh Okogie,0:09,,,,,,,,,,,37:28,Anthony Edwards,37:01,Patrick Beverley,32:56,Malik Beasley,28:27,Jarred Vanderbilt,27:14,Karl-Anthony Towns,24:17,Jaden McDaniels,22:30,Naz Reid,21:25,Jaylen Nowell,8:33,109,4,12,8.0,66.7,3.0,25.0,1.0,8.3,Marcus Morris,5,0,2021-2022,0.0,1,0.0,LAC,104,Reggie Jackson,,,,,,,,,,,,,41:45,Paul George,41:06,Ivica Zubac,31:31,Nicolas Batum,27:55,Norman Powell,26:39,Robert Covington,18:27,Terance Mann,15:09,Isaiah Hartenstein,7:00,Amir Coffey,0:06
4,.364,11,55.000,5,5.00,105,0,6,66.7,9,.450,5.0,55.6,9.0,20,5,.714,7,35.000,Logos via Sports Logos.net / About logos,L,https://www.basketball-reference.com/boxscores/202204150LAC.html,Home,101,43:17,3,33.3,NOP,Brandon Ingram,Tony Snell,3:48,Devonte' Graham,3:36,,,,,,,,,42:39,CJ McCollum,42:22,Herbert Jones,33:03,Jonas Valančiūnas,25:02,Larry Nance Jr.,24:07,Trey Murphy III,23:51,Jose Alvarado,17:10,Jaxson Hayes,14:34,Naji Marshall,9:48,105,1,27,10.0,37.0,12.0,44.4,5.0,18.5,Marcus Morris,4,0,2021-2022,0.0,1,9.0,LAC,101,Reggie Jackson,,,,,,,,,,,,,45:30,Terance Mann,36:45,Robert Covington,34:44,Nicolas Batum,33:12,Norman Powell,23:45,Ivica Zubac,13:18,Isaiah Hartenstein,5:33,Amir Coffey,3:56,,
1,.333,3,33.333,1,1.00,103,0,3,75.0,5,.556,4.0,66.7,6.0,9,3,1.000,3,33.333,Logos via Sports Logos.net / About logos,W,https://www.basketball-reference.com/boxscores/202210200LAL.html,Away,97,22:58,1,25.0,LAL,LeBron James,Damian Jones,7:15,,,,,,,,,,,36:40,Lonnie Walker IV,36:34,Patrick Beverley,33:02,Anthony Davis,31:56,Russell Westbrook,27:22,Austin Reaves,21:55,Juan Toscano-Anderson,21:38,Matt Ryan,12:37,Kendrick Nunn,11:01,97,2,14,8.0,57.1,3.0,21.4,3.0,21.4,Marcus Morris,6,1,2022-2023,1.0,1,4.0,LAC,103,Paul George,Terance Mann,5:35,,,,,,,,,,,36:11,Ivica Zubac,35:22,John Wall,24:32,Luke Kennard,24:04,Reggie Jackson,23:28,Norman Powell,21:45,Kawhi Leonard,21:17,Robert Covington,14:29,Nicolas Batum,10:19
1,1.000,1,14.286,2,,111,0,5,100.0,4,.571,3.0,50.0,6.0,7,0,,0,0.000,Logos via Sports Logos.net / About logos,W,https://www.basketball-reference.com/boxscores/202210220SAC.html,Away,109,21:02,0,0.0,SAC,Domantas Sabonis,Terence Davis,12:24,Chimezie Metu,0:30,,,,,,,,,34:39,Harrison Barnes,34:29,Keegan Murray,32:48,De'Aaron Fox,32:26,Kevin Huerter,32:26,KZ Okpala,18:20,Davion Mitchell,16:06,Malik Monk,13:03,Richaun Holmes,12:49,109,5,9,6.0,66.7,3.0,33.3,0.0,0.0,Marcus Morris,2,1,2022-2023,1.0,0,5.0,LAC,111,Paul George,,,,,,,,,,,,,38:35,Norman Powell,32:02,Nicolas Batum,28:01,Luke Kennard,27:54,Reggie Jackson,26:46,Ivica Zubac,24:10,Robert Covington,22:04,Terance Mann,14:52,Amir Coffey,4:34
2,.400,5,35.714,1,1.00,112,0,4,80.0,10,.714,8.0,88.9,9.0,14,0,,0,0.000,Logos via Sports Logos.net / About logos,L,https://www.basketball-reference.com/boxscores/202210230LAC.html,Home,95,31:25,1,20.0,PHO,Mikal Bridges,Damion Lee,12:13,Josh Okogie,1:14,Duane Washington Jr.,1:14,,,,,,,36:29,Devin Booker,34:49,Chris Paul,32:37,Deandre Ayton,28:45,Torrey Craig,24:50,Cameron Johnson,22:36,Jock Landale,17:19,Cameron Payne,14:34,Landry Shamet,13:20,112,1,22,16.0,72.7,6.0,27.3,0.0,0.0,Marcus Morris,17,1,2022-2023,1.0,1,5.0,LAC,95,Paul George,Terance Mann,9:22,Moses Brown,2:53,Brandon Boston Jr.,2:53,Amir Coffey,2:53,Jason Preston,2:53,,,33:40,Reggie Jackson,23:45,John Wall,21:22,Ivica Zubac,21:20,Norman Powell,20:46,Kawhi Leonard,20:42,Luke Kennard,17:48,Robert Covington,14:15,Nicolas Batum,14:03
2,.400,5,41.667,4,4.00,112,0,8,100.0,5,.417,3.0,42.9,7.0,12,0,,0,0.000,Logos via Sports Logos.net / About logos,L,https://www.basketball-reference.com/boxscores/202210300LAC.html,Home,91,27:16,0,0.0,NOP,Naji Marshall,Garrett Temple,3:34,Dereon Seabron,0:32,,,,,,,,,38:44,Trey Murphy III,37:17,CJ McCollum,31:41,Zion Williamson,30:32,Jonas Valančiūnas,23:55,Devonte' Graham,23:33,Larry Nance Jr.,23:14,Jose Alvarado,18:32,Jaxson Hayes,8:26,112,4,12,6.0,50.0,6.0,50.0,0.0,0.0,Marcus Morris,21,1,2022-2023,1.0,1,8.0,LAC,91,Paul George,Brandon Boston Jr.,4:31,Moses Brown,4:31,Moussa Diabaté,4:31,,,,,,,27:46,Reggie Jackson,27:21,Norman Powell,25:07,Ivica Zubac,23:26,Luke Kennard,22:44,Terance Mann,21:50,John Wall,21:15,Nicolas Batum,15:46,Amir Coffey,13:56
1,.143,7,50.000,3,3.00,93,1,2,66.7,5,.357,4.0,57.1,7.0,14,0,,0,0.000,Logos via Sports Logos.net / About logos,W,https://www.basketball-reference.com/boxscores/202210310LAC.html,Home,95,37:08,1,33.3,HOU,Jalen Green,Daishen Nix,9:17,Josh Christopher,4:18,,,,,,,,,36:10,Kevin Porter Jr.,33:53,Jabari Smith Jr.,30:19,Eric Gordon,30:07,Alperen Sengun,29:47,KJ Martin,28:45,Garrison Mathews,15:08,Tari Eason,11:50,Usman Garuba,10:26,93,0,11,8.0,72.7,3.0,27.3,0.0,0.0,Marcus Morris,2,0,2022-2023,1.0,1,3.0,LAC,95,Paul George,,,,,,,,,,,,,37:58,Luke Kennard,34:13,Ivica Zubac,31:40,Reggie Jackson,30:02,Norman Powell,20:55,Nicolas Batum,15:55,Terance Mann,15:20,Amir Coffey,12:16,Brandon Boston Jr.,4:33
4,.500,8,57.143,2,2.00,109,0,9,90.0,8,.571,4.0,66.7,6.0,14,1,1.000,1,7.143,Logos via Sports Logos.net / About logos,W,https://www.basketball-reference.com/boxscores/202211020HOU.html,Away,101,34:54,1,10.0,HOU,Kevin Porter Jr.,Garrison Mathews,6:58,,,,,,,,,,,38:11,Alperen Sengun,33:28,Eric Gordon,32:49,Jalen Green,30:02,Jabari Smith Jr.,26:51,Daishen Nix,20:53,KJ Martin,20:14,Tari Eason,18:09,Usman Garuba,12:25,101,0,21,8.0,38.1,12.0,57.1,1.0,4.8,Marcus Morris,8,2,2022-2023,2.0,1,10.0,LAC,109,Paul George,Amir Coffey,6:40,,,,,,,,,,,36:51,Reggie Jackson,33:20,Ivica Zubac,24:45,Norman Powell,24:24,Luke Kennard,23:36,John Wall,14:40,Terance Mann,14:31,Nicolas Batum,14:07,Moses Brown,12:12
3,.500,6,50.000,4,4.00,113,0,8,100.0,4,.333,1.0,16.7,6.0,12,0,,0,0.000,Logos via Sports Logos.net / About logos,W,https://www.basketball-reference.com/boxscores/202211040SAS.html,Away,106,34:55,0,0.0,SAS,Keldon Johnson,Malaki Branham,13:55,,,,,,,,,,,34:25,Tre Jones,33:00,Jakob Poeltl,26:21,Devin Vassell,25:13,Doug McDermott,22:30,Josh Richardson,22:16,Jeremy Sochan,22:06,Zach Collins,21:08,Keita Bates-Diop,19:06,106,5,11,2.0,18.2,9.0,81.8,0.0,0.0,Marcus Morris,7,1,2022-2023,1.0,1,8.0,LAC,113,Paul George,,,,,,,,,,,,,37:31,Reggie Jackson,37:08,Ivica Zubac,36:05,John Wall,27:24,Norman Powell,23:04,Nicolas Batum,19:37,Amir Coffey,11:35,Luke Kennard,9:22,Terance Mann,3:19
1,.143,7,43.750,3,0.75,110,0,3,100.0,8,.500,7.0,77.8,9.0,16,1,1.000,1,6.250,Logos via Sports Logos.net / About logos,L,https://www.basketball-reference.com/boxscores/202211060LAC.html,Home,102,37:34,0,0.0,UTA,Lauri Markkanen,Nickeil Alexander-Walker,8:44,,,,,,,,,,,33:21,Mike Conley,32:59,Malik Beasley,31:17,Jordan Clarkson,30:09,Kelly Olynyk,29:27,Collin Sexton,27:14,Walker Kessler,16:11,Rudy Gay,16:03,Talen Horton-Tucker,14:35,110,3,18,14.0,77.8,3.0,16.7,1.0,5.6,Marcus Morris,8,1,2022-2023,1.0,4,3.0,LAC,102,Paul George,,,,,,,,,,,,,38:02,Ivica Zubac,34:47,Terance Mann,29:45,John Wall,28:19,Nicolas Batum,23:25,Norman Powell,21:04,Reggie Jackson,19:41,Robert Covington,6:25,Amir Coffey,0:58
4,.364,11,68.750,1,,117,1,6,100.0,7,.438,3.0,60.0,5.0,16,2,1.000,2,12.500,Logos via Sports Logos.net / About logos,W,https://www.basketball-reference.com/boxscores/202211070LAC.html,Home,119,37:54,0,0.0,CLE,Donovan Mitchell,,,,,,,,,,,,,38:36,Darius Garland,37:47,Caris LeVert,36:24,Evan Mobley,33:41,Jarrett Allen,32:52,Kevin Love,25:05,Isaac Okoro,17:33,Dean Wade,14:34,Cedi Osman,3:24,117,2,20,6.0,30.0,12.0,60.0,2.0,10.0,Marcus Morris,2,0,2022-2023,1.0,0,6.0,LAC,119,Paul George,,,,,,,,,,,,,39:41,Reggie Jackson,36:14,Ivica Zubac,33:02,Terance Mann,30:21,Norman Powell,27:33,Nicolas Batum,15:14,Luke Kennard,12:39,Robert Covington,7:20,,
3,.600,5,55.556,1,1.00,101,2,8,100.0,4,.444,1.0,25.0,4.0,9,0,,0,0.000,Logos via Sports Logos.net / About logos,W,https://www.basketball-reference.com/boxscores/202211090LAC.html,Home,114,32:20,0,0.0,LAL,Anthony Davis,Juan Toscano-Anderson,3:45,Damian Jones,0:43,Matt Ryan,0:43,,,,,,,35:21,Austin Reaves,35:16,Patrick Beverley,34:35,LeBron James,32:21,Troy Brown Jr.,31:53,Russell Westbrook,29:34,Max Christie,14:28,Kendrick Nunn,12:32,Wenyen Gabriel,8:44,101,4,11,2.0,18.2,9.0,81.8,0.0,0.0,Marcus Morris,13,2,2022-2023,4.0,1,8.0,LAC,114,Paul George,Amir Coffey,0:43,,,,,,,,,,,36:16,Ivica Zubac,36:13,Luke Kennard,24:55,Norman Powell,24:21,Reggie Jackson,24:02,John Wall,23:14,Terance Mann,21:29,Nicolas Batum,15:39,Moses Brown,0:43
3,.600,5,55.556,2,2.00,110,0,4,66.7,5,.556,2.0,50.0,4.0,9,0,,0,0.000,Logos via Sports Logos.net / About logos,L,https://www.basketball-reference.com/boxscores/202211120LAC.html,Home,95,28:14,2,33.3,BRK,Kevin Durant,Day'Ron Sharpe,1:55,David Duke Jr.,1:55,Kessler Edwards,1:55,,,,,,,34:32,Royce O'Neale,34:32,Nic Claxton,31:46,Joe Harris,31:38,Seth Curry,27:55,Cam Thomas,25:03,Edmond Sumner,22:48,Ben Simmons,14:28,Patty Mills,11:33,110,2,13,4.0,30.8,9.0,69.2,0.0,0.0,Marcus Morris,15,0,2022-2023,0.0,1,6.0,LAC,95,Paul George,Moses Brown,2:21,,,,,,,,,,,34:06,Reggie Jackson,33:20,Ivica Zubac,27:42,Norman Powell,26:31,John Wall,24:25,Luke Kennard,24:15,Terance Mann,19:09,Nicolas Batum,17:36,Amir Coffey,2:21
3,.750,4,44.444,2,2.00,122,0,5,100.0,6,.667,3.0,60.0,5.0,9,0,,0,0.000,Logos via Sports Logos.net / About logos,W,https://www.basketball-reference.com/boxscores/202211140HOU.html,Away,106,24:57,0,0.0,HOU,Jalen Green,Josh Christopher,10:15,TyTy Washington Jr.,4:15,Garrison Mathews,4:15,Boban Marjanović,2:58,,,,,35:22,Kevin Porter Jr.,31:37,Alperen Sengun,29:30,Jabari Smith Jr.,28:31,Eric Gordon,25:31,KJ Martin,20:36,Usman Garuba,17:19,Daishen Nix,15:05,Tari Eason,14:44,106,3,15,6.0,40.0,9.0,60.0,0.0,0.0,Marcus Morris,16,0,2022-2023,0.0,1,5.0,LAC,122,Paul George,Moses Brown,5:05,,,,,,,,,,,29:05,Luke Kennard,27:34,Ivica Zubac,26:26,Terance Mann,24:10,Norman Powell,23:02,Reggie Jackson,22:48,Nicolas Batum,19:23,Amir Coffey,18:55,Robert Covington,18:34
1,.200,5,45.455,4,,101,0,3,100.0,7,.636,6.0,100.0,6.0,11,3,.750,4,36.364,Logos via Sports Logos.net / About logos,L,https://www.basketball-reference.com/boxscores/202211150DAL.html,Away,103,36:34,0,0.0,DAL,Spencer Dinwiddie,,,,,,,,,,,,,40:59,Luka Dončić,39:43,Dorian Finney-Smith,36:25,Reggie Bullock,30:50,Christian Wood,23:49,Dwight Powell,22:28,Tim Hardaway Jr.,22:28,Josh Green,13:40,Maxi Kleber,9:38,103,1,18,12.0,66.7,3.0,16.7,3.0,16.7,Marcus Morris,2,2,2022-2023,2.0,0,3.0,LAC,101,Paul George,Luke Kennard,2:53,,,,,,,,,,,41:28,Ivica Zubac,32:38,Nicolas Batum,26:26,John Wall,26:21,Reggie Jackson,25:07,Norman Powell,18:16,Terance Mann,14:30,Amir Coffey,10:21,Robert Covington,5:26
3,.375,8,53.333,1,,91,0,5,83.3,6,.400,3.0,42.9,7.0,15,1,.500,2,13.333,Logos via Sports Logos.net / About logos,W,https://www.basketball-reference.com/boxscores/202211170LAC.html,Home,96,35:39,1,16.7,DET,Jaden Ivey,Kevin Knox,8:55,,,,,,,,,,,37:46,Bojan Bogdanović,34:53,Saddiq Bey,31:37,Killian Hayes,27:37,Jalen Duren,25:07,Marvin Bagley III,22:31,Alec Burks,18:14,Isaiah Livers,16:57,Hamidou Diallo,16:23,91,2,16,6.0,37.5,9.0,56.2,1.0,6.2,Marcus Morris,5,0,2022-2023,0.0,0,6.0,LAC,96,Ivica Zubac,,,,,,,,,,,,,39:32,Paul George,35:49,Reggie Jackson,34:36,Kawhi Leonard,24:31,Norman Powell,22:46,Terance Mann,14:39,Nicolas Batum,13:55,John Wall,13:24,Moses Brown,5:09
3,.429,7,77.778,3,1.50,97,0,2,100.0,4,.444,1.0,50.0,2.0,9,0,,0,0.000,Logos via Sports Logos.net / About logos,W,https://www.basketball-reference.com/boxscores/202211190LAC.html,Home,119,25:22,0,0.0,SAS,Jeremy Sochan,Jordan Hall,9:36,Malaki Branham,9:36,Dominick Barlow,6:49,,,,,,,28:00,Keita Bates-Diop,27:45,Keldon Johnson,27:37,Tre Jones,25:57,Jakob Poeltl,25:04,Charles Bassey,22:56,Isaiah Roby,21:17,Josh Richardson,18:22,Doug McDermott,17:01,97,1,11,2.0,18.2,9.0,81.8,0.0,0.0,Marcus Morris,22,0,2022-2023,0.0,2,2.0,LAC,119,Norman Powell,Amir Coffey,7:56,Robert Covington,6:49,,,,,,,,,31:01,Reggie Jackson,30:09,Terance Mann,28:25,Ivica Zubac,23:59,John Wall,23:46,Kawhi Leonard,22:08,Nicolas Batum,15:57,Paul George,14:49,Moses Brown,9:39
0,.000,1,10.000,1,1.00,114,1,2,100.0,3,.300,3.0,33.3,9.0,10,2,1.000,2,20.000,Logos via Sports Logos.net / About logos,W,https://www.basketball-reference.com/boxscores/202211210LAC.html,Home,121,27:18,0,0.0,UTA,Jordan Clarkson,Simone Fontecchio,6:53,,,,,,,,,,,39:09,Lauri Markkanen,38:49,Kelly Olynyk,31:38,Malik Beasley,30:10,Collin Sexton,28:00,Jarred Vanderbilt,24:06,Talen Horton-Tucker,20:00,Walker Kessler,11:53,Nickeil Alexander-Walker,9:22,114,2,8,6.0,75.0,0.0,0.0,2.0,25.0,Marcus Morris,7,0,2022-2023,1.0,1,2.0,LAC,121,Reggie Jackson,,,,,,,,,,,,,36:20,Ivica Zubac,35:14,Norman Powell,28:10,Nicolas Batum,25:05,Kawhi Leonard,23:06,John Wall,22:15,Amir Coffey,21:52,Terance Mann,20:40,,
3,.500,6,40.000,0,,107,0,4,80.0,6,.400,3.0,33.3,9.0,15,4,.800,5,33.333,Logos via Sports Logos.net / About logos,L,https://www.basketball-reference.com/boxscores/202211230GSW.html,Away,124,28:28,1,20.0,GSW,Draymond Green,JaMychal Green,11:48,Moses Moody,5:02,Ryan Rollins,5:02,Patrick Baldwin Jr.,3:52,,,,,33:00,Andrew Wiggins,32:04,Stephen Curry,31:41,Klay Thompson,27:13,Jordan Poole,21:38,Anthony Lamb,21:00,Donte DiVincenzo,17:23,Kevon Looney,16:31,Jonathan Kuminga,13:46,124,2,19,6.0,31.6,9.0,47.4,4.0,21.1,Marcus Morris,17,2,2022-2023,2.0,0,5.0,LAC,107,Amir Coffey,,,,,,,,,,,,,35:55,Terance Mann,33:02,Norman Powell,29:11,Ivica Zubac,25:57,Reggie Jackson,22:26,Robert Covington,21:13,John Wall,20:38,Moses Brown,12:21,Nicolas Batum,10:49
1,.333,3,25.000,0,0.00,114,0,2,100.0,7,.583,6.0,66.7,9.0,12,0,.000,2,16.667,Logos via Sports Logos.net / About logos,L,https://www.basketball-reference.com/boxscores/202211250LAC.html,Home,104,26:54,0,0.0,DEN,Jamal Murray,Christian Braun,6:36,Peyton Watson,2:01,Jack White,2:01,,,,,,,33:36,Nikola Jokić,32:24,Bruce Brown,31:17,Kentavious Caldwell-Pope,30:50,Aaron Gordon,27:59,Vlatko Čančar,24:41,Davon Reed,19:35,Zeke Nnaji,15:36,Ish Smith,13:24,114,4,15,12.0,80.0,3.0,20.0,0.0,0.0,Marcus Morris,10,0,2022-2023,0.0,2,2.0,LAC,104,Reggie Jackson,,,,,,,,,,,,,31:10,Terance Mann,30:17,Ivica Zubac,29:21,Amir Coffey,24:48,Nicolas Batum,24:11,John Wall,23:52,Norman Powell,23:47,Robert Covington,19:48,Moses Brown,5:52
2,.250,8,57.143,3,3.00,100,0,4,100.0,5,.357,3.0,50.0,6.0,14,1,.500,2,14.286,Logos via Sports Logos.net / About logos,W,https://www.basketball-reference.com/boxscores/202211270LAC.html,Home,114,28:47,0,0.0,IND,Buddy Hield,Goga Bitadze,7:52,Terry Taylor,6:15,Kendall Brown,6:15,,,,,,,31:05,Tyrese Haliburton,30:54,Jalen Smith,28:52,Bennedict Mathurin,25:18,Oshae Brissett,22:48,Aaron Nesmith,22:37,T.J. McConnell,21:36,Myles Turner,20:19,Isaiah Jackson,16:09,100,2,13,6.0,46.2,6.0,46.2,1.0,7.7,Marcus Morris,14,2,2022-2023,2.0,1,4.0,LAC,114,Terance Mann,,,,,,,,,,,,,38:03,Ivica Zubac,35:40,Amir Coffey,28:03,Norman Powell,26:18,Reggie Jackson,25:58,Nicolas Batum,23:55,John Wall,22:16,Moses Brown,11:00,,
0,.000,5,38.462,3,,118,1,4,100.0,3,.231,3.0,37.5,8.0,13,2,1.000,2,15.385,Logos via Sports Logos.net / About logos,W,https://www.basketball-reference.com/boxscores/202211290POR.html,Away,112,32:07,0,0.0,POR,Anfernee Simons,,,,,,,,,,,,,43:04,Jerami Grant,38:12,Justise Winslow,33:44,Josh Hart,33:01,Jusuf Nurkić,31:47,Trendon Watford,21:55,Nassir Little,14:58,Shaedon Sharpe,14:08,Drew Eubanks,9:11,112,0,8,6.0,75.0,0.0,0.0,2.0,25.0,Marcus Morris,6,0,2022-2023,1.0,0,4.0,LAC,118,Reggie Jackson,Moses Brown,3:23,,,,,,,,,,,41:05,Ivica Zubac,27:51,Terance Mann,25:58,Nicolas Batum,24:51,Amir Coffey,24:36,Norman Powell,23:54,Robert Covington,17:50,Moussa Diabaté,12:19,Jason Preston,6:06
1,.500,2,18.182,1,1.00,112,2,4,80.0,3,.273,2.0,22.2,9.0,11,3,.600,5,45.455,Logos via Sports Logos.net / About logos,L,https://www.basketball-reference.com/boxscores/202211300UTA.html,Away,125,23:15,1,20.0,UTA,Jordan Clarkson,Ochai Agbaji,1:51,Udoka Azubuike,1:51,Leandro Bolmaro,1:51,,,,,,,39:47,Lauri Markkanen,36:21,Kelly Olynyk,36:02,Collin Sexton,30:30,Jarred Vanderbilt,24:36,Walker Kessler,21:52,Malik Beasley,18:47,Nickeil Alexander-Walker,15:28,Simone Fontecchio,11:02,125,1,10,4.0,40.0,3.0,30.0,3.0,30.0,Marcus Morris,13,1,2022-2023,3.0,1,5.0,LAC,112,Ivica Zubac,Jason Preston,3:29,Moses Brown,3:29,,,,,,,,,30:25,Terance Mann,26:56,John Wall,25:16,Reggie Jackson,24:47,Robert Covington,23:08,Brandon Boston Jr.,22:11,Nicolas Batum,21:37,Amir Coffey,19:27,Moussa Diabaté,16:00
2,.333,6,54.545,0,0.00,123,0,2,66.7,2,.182,0.0,0.0,5.0,11,0,,0,0.000,Logos via Sports Logos.net / About logos,L,https://www.basketball-reference.com/boxscores/202212030LAC.html,Home,96,24:14,1,33.3,SAC,Kevin Huerter,Terence Davis,11:04,Trey Lyles,7:39,Matthew Dellavedova,6:56,Richaun Holmes,6:33,Alex Len,3:31,,,30:04,Keegan Murray,28:02,De'Aaron Fox,27:50,Domantas Sabonis,26:11,Harrison Barnes,25:54,KZ Okpala,18:14,Davion Mitchell,16:32,Malik Monk,16:14,Chimezie Metu,15:16,123,3,6,0.0,0.0,6.0,100.0,0.0,0.0,Marcus Morris,27,0,2022-2023,0.0,1,3.0,LAC,96,Amir Coffey,Nicolas Batum,11:18,Moses Brown,7:39,,,,,,,,,33:07,Ivica Zubac,27:05,Terance Mann,26:44,Reggie Jackson,23:11,Robert Covington,20:45,Brandon Boston Jr.,20:20,Moussa Diabaté,18:43,Jason Preston,14:40,John Wall,12:14
2,.250,8,66.667,3,,119,0,4,80.0,5,.417,3.0,75.0,4.0,12,0,,0,0.000,Logos via Sports Logos.net / About logos,W,https://www.basketball-reference.com/boxscores/202212050CHO.html,Away,117,30:20,1,20.0,CHO,Kelly Oubre Jr.,,,,,,,,,,,,,40:00,Terry Rozier,37:30,P.J. Washington,34:15,Jalen McDaniels,34:15,Mason Plumlee,27:53,Nick Richards,20:07,Bryce McGowens,16:48,Théo Maledon,15:27,Kai Jones,13:45,117,4,12,6.0,50.0,6.0,50.0,0.0,0.0,Marcus Morris,2,1,2022-2023,1.0,0,5.0,LAC,119,Reggie Jackson,,,,,,,,,,,,,31:56,Ivica Zubac,29:13,Paul George,27:58,Kawhi Leonard,27:58,John Wall,26:47,Nicolas Batum,20:24,Luke Kennard,20:02,Terance Mann,15:22,Moses Brown,10:00
1,.500,2,20.000,1,,110,0,4,100.0,4,.400,3.0,37.5,8.0,10,2,1.000,2,20.000,Logos via Sports Logos.net / About logos,L,https://www.basketball-reference.com/boxscores/202212080MIA.html,Away,115,36:56,0,0.0,MIA,Caleb Martin,,,,,,,,,,,,,40:24,Tyler Herro,39:25,Bam Adebayo,36:25,Jimmy Butler,33:59,Max Strus,31:32,Dru Smith,22:07,Victor Oladipo,20:50,Dewayne Dedmon,11:35,Haywood Highsmith,3:43,115,1,11,6.0,54.5,3.0,27.3,2.0,18.2,Marcus Morris,5,0,2022-2023,0.0,0,4.0,LAC,110,Reggie Jackson,,,,,,,,,,,,,34:00,Ivica Zubac,33:45,Paul George,32:14,Nicolas Batum,31:50,Luke Kennard,24:18,John Wall,20:29,Brandon Boston Jr.,13:51,Robert Covington,7:11,Moses Brown,5:26
5,.625,8,80.000,0,,114,1,6,100.0,5,.500,0.0,0.0,2.0,10,4,1.000,4,40.000,Logos via Sports Logos.net / About logos,W,https://www.basketball-reference.com/boxscores/202212100WAS.html,Away,107,29:59,0,0.0,WAS,Corey Kispert,,,,,,,,,,,,,42:51,Deni Avdija,38:38,Kyle Kuzma,38:13,Jordan Goodwin,38:02,Kristaps Porziņģis,37:21,Anthony Gill,16:25,Devon Dotson,15:07,Daniel Gafford,10:39,Taj Gibson,2:44,107,3,19,0.0,0.0,15.0,78.9,4.0,21.1,Marcus Morris,7,1,2022-2023,2.0,0,6.0,LAC,114,Paul George,,,,,,,,,,,,,40:53,Nicolas Batum,32:32,Kawhi Leonard,30:25,John Wall,29:02,Luke Kennard,24:18,Ivica Zubac,19:57,Brandon Boston Jr.,14:38,Terance Mann,11:32,Moses Brown,6:44
1,.500,2,25.000,0,,93,0,2,100.0,6,.750,5.0,83.3,6.0,8,0,,0,0.000,Logos via Sports Logos.net / About logos,W,https://www.basketball-reference.com/boxscores/202212120LAC.html,Home,113,26:32,0,0.0,BOS,Jayson Tatum,Payton Pritchard,7:14,Noah Vonleh,6:27,Justin Jackson,3:16,,,,,,,36:34,Marcus Smart,31:39,Malcolm Brogdon,31:28,Jaylen Brown,29:41,Grant Williams,29:28,Blake Griffin,20:41,Derrick White,15:24,Luke Kornet,14:58,Sam Hauser,13:10,93,1,13,10.0,76.9,3.0,23.1,0.0,0.0,Marcus Morris,20,0,2022-2023,0.0,0,2.0,LAC,113,Paul George,Amir Coffey,3:37,Moussa Diabaté,3:16,Brandon Boston Jr.,3:16,,,,,,,35:27,Kawhi Leonard,29:12,Reggie Jackson,26:47,Nicolas Batum,26:47,Luke Kennard,25:44,Terance Mann,20:06,John Wall,18:33,Ivica Zubac,17:06,Moses Brown,3:37
2,.250,8,61.538,1,1.00,88,0,5,71.4,4,.308,2.0,40.0,5.0,13,2,1.000,2,15.385,Logos via Sports Logos.net / About logos,W,https://www.basketball-reference.com/boxscores/202212140LAC.html,Home,99,28:45,2,28.6,MIN,Anthony Edwards,Nathan Knight,2:36,Josh Minott,2:36,Luka Garza,2:36,Matt Ryan,2:36,,,,,36:54,Jaden McDaniels,35:46,Kyle Anderson,32:06,Rudy Gobert,31:42,Austin Rivers,28:55,Jaylen Nowell,25:11,Naz Reid,20:05,Wendell Moore Jr.,15:05,Bryn Forbes,3:52,88,1,12,4.0,33.3,6.0,50.0,2.0,16.7,Marcus Morris,11,1,2022-2023,1.0,1,7.0,LAC,99,Paul George,Brandon Boston Jr.,2:36,Moses Brown,2:36,,,,,,,,,33:23,Nicolas Batum,30:44,Kawhi Leonard,30:37,Reggie Jackson,25:39,Terance Mann,23:47,Luke Kennard,22:35,Robert Covington,19:15,Ivica Zubac,17:15,Amir Coffey,2:48
2,.286,7,70.000,2,0.50,111,0,6,85.7,4,.400,2.0,66.7,3.0,10,4,.800,5,50.000,Logos via Sports Logos.net / About logos,L,https://www.basketball-reference.com/boxscores/202212150LAC.html,Home,95,29:38,1,14.3,PHO,Mikal Bridges,Ish Wainright,6:44,,,,,,,,,,,39:07,Chris Paul,36:03,Devin Booker,34:53,Jock Landale,26:46,Josh Okogie,25:20,Landry Shamet,19:43,Bismack Biyombo,18:09,Torrey Craig,17:48,Damion Lee,15:27,111,2,14,4.0,28.6,6.0,42.9,4.0,28.6,Marcus Morris,16,1,2022-2023,1.0,4,7.0,LAC,95,Amir Coffey,,,,,,,,,,,,,38:01,Terance Mann,33:42,John Wall,26:05,Brandon Boston Jr.,23:51,Moses Brown,23:14,Robert Covington,23:04,Jason Preston,16:26,Moussa Diabaté,15:51,Nicolas Batum,10:08
1,.250,4,40.000,2,2.00,93,0,12,100.0,4,.400,3.0,50.0,6.0,10,1,.500,2,20.000,Logos via Sports Logos.net / About logos,W,https://www.basketball-reference.com/boxscores/202212170LAC.html,Home,102,33:18,0,0.0,WAS,Kyle Kuzma,,,,,,,,,,,,,39:00,Deni Avdija,37:21,Kristaps Porziņģis,35:21,Corey Kispert,32:52,Monte Morris,30:54,Will Barton,23:09,Jordan Goodwin,22:33,Daniel Gafford,10:20,Anthony Gill,8:30,93,5,10,6.0,60.0,3.0,30.0,1.0,10.0,Marcus Morris,9,0,2022-2023,0.0,1,12.0,LAC,102,Terance Mann,,,,,,,,,,,,,34:59,Nicolas Batum,33:18,Kawhi Leonard,31:52,Luke Kennard,29:23,John Wall,27:36,Amir Coffey,20:17,Moussa Diabaté,17:48,Brandon Boston Jr.,7:11,Moses Brown,4:18
3,.750,4,57.143,0,0.00,105,2,3,100.0,4,.571,1.0,33.3,3.0,7,2,1.000,2,28.571,Logos via Sports Logos.net / About logos,W,https://www.basketball-reference.com/boxscores/202212210LAC.html,Home,126,26:41,0,0.0,CHO,LaMelo Ball,James Bouknight,3:21,Kai Jones,3:21,,,,,,,,,37:17,Gordon Hayward,35:29,P.J. Washington,32:18,Jalen McDaniels,29:23,Kelly Oubre Jr.,28:52,Mason Plumlee,26:26,Théo Maledon,17:14,JT Thor,13:48,Nick Richards,12:31,105,2,13,2.0,15.4,9.0,69.2,2.0,15.4,Marcus Morris,21,1,2022-2023,3.0,2,3.0,LAC,126,Paul George,Robert Covington,3:21,Moses Brown,3:21,Amir Coffey,3:21,,,,,,,30:54,Kawhi Leonard,30:54,Luke Kennard,24:15,Ivica Zubac,22:36,Reggie Jackson,21:45,Nicolas Batum,20:27,Norman Powell,19:28,John Wall,19:05,Terance Mann,13:52
3,.429,7,77.778,2,1.00,114,2,2,50.0,3,.333,0.0,0.0,2.0,9,2,1.000,2,22.222,Logos via Sports Logos.net / About logos,L,https://www.basketball-reference.com/boxscores/202212230PHI.html,Away,119,29:59,2,50.0,PHI,James Harden,Montrezl Harrell,4:50,Matisse Thybulle,0:33,Furkan Korkmaz,0:18,,,,,,,41:06,Tobias Harris,39:02,Joel Embiid,37:46,De'Anthony Melton,34:21,Georges Niang,24:50,Shake Milton,22:47,P.J. Tucker,20:17,Danuel House Jr.,8:58,Paul Reed,5:12,119,3,11,0.0,0.0,9.0,81.8,2.0,18.2,Marcus Morris,5,0,2022-2023,2.0,2,4.0,LAC,114,Paul George,,,,,,,,,,,,,35:36,Kawhi Leonard,33:35,Ivica Zubac,33:33,Nicolas Batum,25:20,Reggie Jackson,25:10,Norman Powell,22:50,Luke Kennard,21:27,Terance Mann,12:30,,
3,.429,7,70.000,1,1.00,142,0,5,83.3,5,.500,2.0,66.7,3.0,10,3,.750,4,40.000,Logos via Sports Logos.net / About logos,W,https://www.basketball-reference.com/boxscores/202212260DET.html,Away,131,27:32,1,16.7,DET,Isaiah Stewart,,,,,,,,,,,,,39:43,Bojan Bogdanović,39:27,Killian Hayes,38:51,Jalen Duren,38:32,Jaden Ivey,30:24,Alec Burks,28:09,Saddiq Bey,26:14,Hamidou Diallo,16:29,Kevin Knox,7:11,131,1,16,4.0,25.0,9.0,56.2,3.0,18.8,Marcus Morris,11,0,2022-2023,0.0,1,6.0,LAC,142,Ivica Zubac,Amir Coffey,3:08,,,,,,,,,,,41:02,Paul George,37:31,Luke Kennard,32:26,Nicolas Batum,31:24,John Wall,26:29,Norman Powell,22:04,Terance Mann,21:10,Reggie Jackson,19:06,Moses Brown,3:08
2,.333,6,85.714,3,,124,0,4,100.0,3,.429,1.0,100.0,1.0,7,2,1.000,2,28.571,Logos via Sports Logos.net / About logos,W,https://www.basketball-reference.com/boxscores/202212270TOR.html,Away,113,27:33,0,0.0,TOR,OG Anunoby,Juancho Hernangómez,8:39,Khem Birch,2:51,,,,,,,,,43:34,Pascal Siakam,40:32,Scottie Barnes,36:33,Gary Trent Jr.,30:15,Malachi Flynn,25:53,Fred VanVleet,22:44,Thaddeus Young,10:11,Chris Boucher,9:29,Christian Koloko,9:19,113,2,10,2.0,20.0,6.0,60.0,2.0,20.0,Marcus Morris,11,1,2022-2023,1.0,0,4.0,LAC,124,Kawhi Leonard,,,,,,,,,,,,,34:36,Paul George,34:08,Reggie Jackson,31:26,Ivica Zubac,31:16,Nicolas Batum,27:07,Norman Powell,23:36,Luke Kennard,17:30,Terance Mann,12:10,Amir Coffey,0:38
2,.286,7,53.846,4,4.00,110,1,5,83.3,5,.385,3.0,50.0,6.0,13,0,,0,0.000,Logos via Sports Logos.net / About logos,L,https://www.basketball-reference.com/boxscores/202212290BOS.html,Away,116,32:05,1,16.7,BOS,Derrick White,,,,,,,,,,,,,37:17,Marcus Smart,37:10,Jayson Tatum,35:45,Jaylen Brown,32:39,Al Horford,31:41,Grant Williams,22:53,Robert Williams,21:25,Sam Hauser,15:24,Payton Pritchard,5:46,116,1,12,6.0,50.0,6.0,50.0,0.0,0.0,Marcus Morris,6,1,2022-2023,2.0,1,6.0,LAC,110,Paul George,,,,,,,,,,,,,40:18,Kawhi Leonard,36:53,Norman Powell,30:51,Ivica Zubac,29:58,Reggie Jackson,24:08,Luke Kennard,17:23,John Wall,15:39,Nicolas Batum,8:02,Terance Mann,4:43
3,.600,5,45.455,1,,130,3,2,66.7,5,.455,2.0,33.3,6.0,11,2,1.000,2,18.182,Logos via Sports Logos.net / About logos,L,https://www.basketball-reference.com/boxscores/202212310IND.html,Away,131,28:50,1,33.3,IND,Andrew Nembhard,Oshae Brissett,6:38,,,,,,,,,,,35:06,Aaron Nesmith,34:04,Buddy Hield,33:46,Myles Turner,33:30,Tyrese Haliburton,32:54,Bennedict Mathurin,20:26,T.J. McConnell,15:35,Jalen Smith,14:21,Chris Duarte,13:40,131,5,15,4.0,26.7,9.0,60.0,2.0,13.3,Marcus Morris,1,0,2022-2023,3.0,0,3.0,LAC,130,Paul George,,,,,,,,,,,,,39:54,Kawhi Leonard,35:06,Reggie Jackson,32:34,Ivica Zubac,26:55,Norman Powell,23:31,Luke Kennard,19:41,John Wall,15:26,Terance Mann,9:18,Robert Covington,8:45
3,.600,5,62.500,1,0.50,110,0,7,100.0,3,.375,0.0,0.0,3.0,8,5,.714,7,87.500,Logos via Sports Logos.net / About logos,L,https://www.basketball-reference.com/boxscores/202301020LAC.html,Home,100,30:05,0,0.0,MIA,Tyler Herro,Duncan Robinson,5:06,,,,,,,,,,,39:13,Bam Adebayo,36:53,Jimmy Butler,32:01,Victor Oladipo,29:54,Kyle Lowry,27:51,Max Strus,25:20,Gabe Vincent,18:31,Caleb Martin,14:04,Orlando Robinson,11:07,110,2,14,0.0,0.0,9.0,64.3,5.0,35.7,Marcus Morris,10,0,2022-2023,0.0,2,7.0,LAC,100,Ivica Zubac,,,,,,,,,,,,,34:08,Paul George,34:05,Reggie Jackson,29:49,Norman Powell,25:31,Nicolas Batum,23:28,Terance Mann,23:22,John Wall,21:36,Luke Kennard,17:54,,
1,.250,4,57.143,1,,91,0,1,100.0,3,.429,2.0,66.7,3.0,7,0,,0,0.000,Logos via Sports Logos.net / About logos,L,https://www.basketball-reference.com/boxscores/202301050DEN.html,Away,122,14:53,0,0.0,DEN,Kentavious Caldwell-Pope,Christian Braun,12:27,Davon Reed,8:43,Ish Smith,8:43,,,,,,,28:59,Vlatko Čančar,26:51,Nikola Jokić,24:11,Zeke Nnaji,23:49,Michael Porter Jr.,22:11,Bruce Brown,22:06,Jamal Murray,21:21,Aaron Gordon,21:09,Bones Hyland,19:30,122,1,7,4.0,57.1,3.0,42.9,0.0,0.0,Marcus Morris,31,0,2022-2023,0.0,0,1.0,LAC,91,Terance Mann,Jason Preston,15:21,Brandon Boston Jr.,15:21,Paul George,13:43,,,,,,,23:58,Luke Kennard,23:44,Robert Covington,23:04,Amir Coffey,19:36,Norman Powell,19:35,Moses Brown,18:58,Kawhi Leonard,18:17,Reggie Jackson,17:58,Ivica Zubac,15:32
2,.400,5,45.455,0,0.00,115,0,0,0.0,5,.455,3.0,50.0,6.0,11,0,,0,0.000,Logos via Sports Logos.net / About logos,L,https://www.basketball-reference.com/boxscores/202301060MIN.html,Away,128,24:42,1,100.0,MIN,Rudy Gobert,Matt Ryan,2:30,Luka Garza,2:30,Nathan Knight,2:30,Wendell Moore Jr.,1:37,Josh Minott,1:23,,,36:15,Jaden McDaniels,33:15,D'Angelo Russell,32:51,Kyle Anderson,30:39,Taurean Prince,26:08,Anthony Edwards,22:39,Austin Rivers,20:31,Jaylen Nowell,17:57,Naz Reid,9:15,128,3,12,6.0,50.0,6.0,50.0,0.0,0.0,Marcus Morris,13,2,2022-2023,2.0,1,1.0,LAC,115,Moses Brown,Brandon Boston Jr.,5:19,Jason Preston,5:14,,,,,,,,,26:54,John Wall,25:47,Norman Powell,24:41,Robert Covington,24:32,Terance Mann,23:33,Luke Kennard,21:06,Ivica Zubac,21:06,Amir Coffey,19:09,Reggie Jackson,17:57
3,.300,10,62.500,2,1.00,112,1,6,100.0,6,.375,3.0,50.0,6.0,16,0,,0,0.000,Logos via Sports Logos.net / About logos,L,https://www.basketball-reference.com/boxscores/202301080LAC.html,Home,108,29:56,0,0.0,ATL,Dejounte Murray,Aaron Holiday,4:01,,,,,,,,,,,37:23,De'Andre Hunter,35:14,Onyeka Okongwu,34:35,Trae Young,34:30,John Collins,30:53,Bogdan Bogdanović,25:57,Jalen Johnson,15:20,Frank Kaminsky,11:14,AJ Griffin,10:53,112,2,15,6.0,40.0,9.0,60.0,0.0,0.0,Marcus Morris,4,2,2022-2023,3.0,2,6.0,LAC,108,Kawhi Leonard,,,,,,,,,,,,,38:26,Ivica Zubac,37:39,Terance Mann,34:45,Norman Powell,31:13,Nicolas Batum,28:47,John Wall,21:53,Moses Brown,9:41,Reggie Jackson,7:40,,
2,.333,6,50.000,3,3.00,101,1,1,100.0,5,.417,3.0,50.0,6.0,12,0,,0,0.000,Logos via Sports Logos.net / About logos,W,https://www.basketball-reference.com/boxscores/202301100LAC.html,Home,113,32:44,0,0.0,DAL,Luka Dončić,JaVale McGee,2:44,A.J. Lawson,0:56,Theo Pinson,0:56,McKinley Wright IV,0:56,,,,,42:48,Spencer Dinwiddie,40:18,Tim Hardaway Jr.,39:21,Christian Wood,34:47,Reggie Bullock,23:30,Dāvis Bertāns,17:17,Jaden Hardy,16:32,Frank Ntilikina,11:55,Dwight Powell,8:00,101,4,12,6.0,50.0,6.0,50.0,0.0,0.0,Marcus Morris,12,0,2022-2023,1.0,1,1.0,LAC,113,Terance Mann,,,,,,,,,,,,,41:18,Kawhi Leonard,35:55,Nicolas Batum,31:46,Robert Covington,30:57,Norman Powell,30:42,Ivica Zubac,15:40,John Wall,15:17,Moses Brown,4:45,Amir Coffey,0:56
1,.500,2,14.286,2,2.00,115,0,2,66.7,7,.500,6.0,50.0,12.0,14,1,1.000,1,7.143,Logos via Sports Logos.net / About logos,L,https://www.basketball-reference.com/boxscores/202301130LAC.html,Home,103,29:44,1,33.3,DEN,Jamal Murray,,,,,,,,,,,,,39:06,Michael Porter Jr.,31:55,Aaron Gordon,31:44,Kentavious Caldwell-Pope,30:53,DeAndre Jordan,26:29,Bruce Brown,24:31,Bones Hyland,20:02,Zeke Nnaji,19:04,Vlatko Čančar,16:16,115,2,16,12.0,75.0,3.0,18.8,1.0,6.2,Marcus Morris,12,0,2022-2023,0.0,1,3.0,LAC,103,Kawhi Leonard,,,,,,,,,,,,,38:00,Terance Mann,32:51,John Wall,29:22,Norman Powell,28:47,Ivica Zubac,27:57,Nicolas Batum,26:51,Robert Covington,15:53,Moses Brown,10:35,,
1,.250,4,57.143,2,2.00,120,0,1,100.0,3,.429,2.0,66.7,3.0,7,2,1.000,2,28.571,Logos via Sports Logos.net / About logos,L,https://www.basketball-reference.com/boxscores/202301170LAC.html,Home,110,26:57,0,0.0,PHI,Tobias Harris,Matisse Thybulle,8:03,Furkan Korkmaz,2:53,Paul Reed,2:53,Jaden Springer,2:05,Danuel House Jr.,1:57,,,35:17,Joel Embiid,33:16,James Harden,31:32,Tyrese Maxey,27:47,P.J. Tucker,27:11,De'Anthony Melton,20:36,Georges Niang,18:32,Shake Milton,16:07,Montrezl Harrell,11:51,120,2,9,4.0,44.4,3.0,33.3,2.0,22.2,Marcus Morris,10,0,2022-2023,0.0,1,1.0,LAC,110,Kawhi Leonard,Jason Preston,3:16,Amir Coffey,3:16,,,,,,,,,35:59,Ivica Zubac,35:02,Terance Mann,32:00,Paul George,28:57,Norman Powell,24:50,Nicolas Batum,19:53,Reggie Jackson,13:51,Moses Brown,8:59,Robert Covington,7:00
1,.250,4,28.571,3,3.00,103,0,2,100.0,3,.214,2.0,20.0,10.0,14,3,1.000,3,21.429,Logos via Sports Logos.net / About logos,L,https://www.basketball-reference.com/boxscores/202301180UTA.html,Away,126,23:07,0,0.0,UTA,Lauri Markkanen,Nickeil Alexander-Walker,7:41,Simone Fontecchio,2:54,Talen Horton-Tucker,2:54,Udoka Azubuike,2:54,Leandro Bolmaro,2:54,,,33:18,Jordan Clarkson,31:03,Mike Conley,28:43,Walker Kessler,28:25,Malik Beasley,27:08,Collin Sexton,21:52,Ochai Agbaji,20:48,Jarred Vanderbilt,16:41,Rudy Gay,12:45,126,1,10,4.0,40.0,3.0,30.0,3.0,30.0,Marcus Morris,23,0,2022-2023,0.0,1,2.0,LAC,103,Norman Powell,Jason Preston,4:39,,,,,,,,,,,29:56,Ivica Zubac,26:00,Terance Mann,25:42,Amir Coffey,24:42,Nicolas Batum,23:18,Brandon Boston Jr.,22:41,Moussa Diabaté,21:32,Reggie Jackson,19:40,Robert Covington,18:43
3,.500,6,66.667,4,,131,0,0,,6,.667,3.0,100.0,3.0,9,0,.000,2,22.222,Logos via Sports Logos.net / About logos,W,https://www.basketball-reference.com/boxscores/202301200SAS.html,Away,126,28:45,0,,SAS,Keldon Johnson,Doug McDermott,14:06,,,,,,,,,,,35:29,Jeremy Sochan,31:34,Tre Jones,29:33,Romeo Langford,26:30,Zach Collins,24:09,Jakob Poeltl,23:45,Josh Richardson,22:14,Malaki Branham,17:49,Stanley Johnson,14:51,126,2,15,6.0,40.0,9.0,60.0,0.0,0.0,Marcus Morris,5,0,2022-2023,0.0,0,0.0,LAC,131,Kawhi Leonard,,,,,,,,,,,,,38:23,Ivica Zubac,35:32,Paul George,31:39,Norman Powell,26:42,Reggie Jackson,22:46,Nicolas Batum,22:18,Terance Mann,21:19,Robert Covington,6:53,Moussa Diabaté,5:43
0,.000,2,28.571,3,,112,0,3,75.0,2,.286,2.0,40.0,5.0,7,4,.800,5,71.429,Logos via Sports Logos.net / About logos,W,https://www.basketball-reference.com/boxscores/202301220DAL.html,Away,98,31:36,1,25.0,DAL,Luka Dončić,,,,,,,,,,,,,38:50,Tim Hardaway Jr.,38:06,Dorian Finney-Smith,38:00,Spencer Dinwiddie,35:39,Reggie Bullock,32:07,Josh Green,29:06,Dwight Powell,21:19,Dāvis Bertāns,6:41,Frank Ntilikina,0:12,98,2,8,4.0,50.0,0.0,0.0,4.0,50.0,Marcus Morris,14,0,2022-2023,0.0,0,4.0,LAC,112,Kawhi Leonard,,,,,,,,,,,,,38:43,Paul George,34:12,Norman Powell,30:17,Nicolas Batum,28:26,Ivica Zubac,22:54,Robert Covington,20:58,Terance Mann,17:43,Reggie Jackson,15:11,,
1,.500,2,50.000,0,,133,0,1,100.0,2,.500,1.0,50.0,2.0,4,0,,0,0.000,Logos via Sports Logos.net / About logos,W,https://www.basketball-reference.com/boxscores/202301240LAL.html,Away,115,9:32,0,0.0,LAL,Patrick Beverley,Scotty Pippen Jr.,5:07,Damian Jones,5:07,Cole Swider,5:07,,,,,,,35:12,LeBron James,32:35,Dennis Schröder,32:15,Thomas Bryant,28:47,Troy Brown Jr.,27:53,Russell Westbrook,24:43,Max Christie,17:28,Wenyen Gabriel,14:06,Juan Toscano-Anderson,11:40,115,1,5,2.0,40.0,3.0,60.0,0.0,0.0,Marcus Morris,18,0,2022-2023,0.0,0,1.0,LAC,133,Paul George,Moussa Diabaté,2:03,,,,,,,,,,,36:14,Kawhi Leonard,35:19,Ivica Zubac,34:27,Reggie Jackson,25:46,Terance Mann,25:31,Norman Powell,25:23,Nicolas Batum,23:42,Robert Covington,19:08,Amir Coffey,2:55
2,.333,6,46.154,2,,105,0,5,100.0,7,.538,5.0,71.4,7.0,13,0,,0,0.000,Logos via Sports Logos.net / About logos,L,https://www.basketball-reference.com/boxscores/202302020MIL.html,Away,106,32:15,0,0.0,MIL,Giannis Antetokounmpo,George Hill,1:17,,,,,,,,,,,36:26,Jrue Holiday,34:13,Pat Connaughton,31:49,Joe Ingles,27:16,Wesley Matthews,24:49,Grayson Allen,24:01,Brook Lopez,23:22,Khris Middleton,19:59,Jevon Carter,16:48,106,2,16,10.0,62.5,6.0,37.5,0.0,0.0,Marcus Morris,1,3,2022-2023,3.0,0,5.0,LAC,105,Kawhi Leonard,,,,,,,,,,,,,39:39,Paul George,36:10,Norman Powell,31:04,Ivica Zubac,29:14,Reggie Jackson,24:40,Terance Mann,23:59,Nicolas Batum,16:47,Robert Covington,6:12,,
4,.500,8,53.333,3,3.00,134,1,6,100.0,6,.400,2.0,28.6,7.0,15,1,.500,2,13.333,Logos via Sports Logos.net / About logos,W,https://www.basketball-reference.com/boxscores/202302040NYK.html,Away,128,36:24,0,0.0,NYK,RJ Barrett,,,,,,,,,,,,,43:40,Julius Randle,40:44,Quentin Grimes,38:42,Jalen Brunson,38:22,Isaiah Hartenstein,31:33,Immanuel Quickley,27:12,Jericho Sims,21:27,Obi Toppin,12:16,Miles McBride,11:04,128,1,17,4.0,23.5,12.0,70.6,1.0,5.9,Marcus Morris,6,0,2022-2023,1.0,1,6.0,LAC,134,Paul George,,,,,,,,,,,,,41:48,Kawhi Leonard,41:21,Ivica Zubac,39:32,Norman Powell,35:01,Terance Mann,29:27,Nicolas Batum,26:57,Reggie Jackson,14:30,,,,
0,.000,1,33.333,0,0.00,124,0,1,100.0,1,.333,1.0,50.0,2.0,3,0,,0,0.000,Logos via Sports Logos.net / About logos,W,https://www.basketball-reference.com/boxscores/202302060BRK.html,Away,116,17:14,0,0.0,BRK,Cam Thomas,Day'Ron Sharpe,7:06,Kessler Edwards,5:32,,,,,,,,,38:35,Nic Claxton,35:41,Royce O'Neale,35:21,Edmond Sumner,32:37,Joe Harris,27:42,Yuta Watanabe,20:46,Dru Smith,13:17,T.J. Warren,11:52,Patty Mills,11:31,116,3,2,2.0,100.0,0.0,0.0,0.0,0.0,Marcus Morris,8,0,2022-2023,0.0,1,1.0,LAC,124,Kawhi Leonard,,,,,,,,,,,,,34:18,Paul George,34:16,Norman Powell,30:26,Ivica Zubac,30:00,Nicolas Batum,27:38,Reggie Jackson,26:38,Terance Mann,24:50,Luke Kennard,14:40,,
0,.000,1,12.500,4,,110,0,4,66.7,1,.125,1.0,14.3,7.0,8,0,,0,0.000,Logos via Sports Logos.net / About logos,L,https://www.basketball-reference.com/boxscores/202302080LAC.html,Home,104,30:14,2,33.3,DAL,Reggie Bullock,JaVale McGee,6:34,,,,,,,,,,,41:08,Josh Green,40:16,Kyrie Irving,36:48,Tim Hardaway Jr.,35:29,Dwight Powell,23:41,Christian Wood,16:58,Theo Pinson,15:33,Jaden Hardy,12:22,McKinley Wright IV,11:11,110,0,2,2.0,100.0,0.0,0.0,0.0,0.0,Marcus Morris,6,2,2022-2023,2.0,0,6.0,LAC,104,Terance Mann,Moussa Diabaté,2:14,,,,,,,,,,,35:19,Paul George,33:59,Kawhi Leonard,32:13,Ivica Zubac,28:41,Norman Powell,27:38,Reggie Jackson,17:16,Nicolas Batum,14:46,Robert Covington,11:44,Luke Kennard,5:56
4,.571,7,58.333,1,1.00,119,1,0,,5,.417,1.0,20.0,5.0,12,1,.500,2,16.667,Logos via Sports Logos.net / About logos,L,https://www.basketball-reference.com/boxscores/202302100LAC.html,Home,106,31:09,0,,MIL,Jrue Holiday,Sandro Mamukelashvili,10:26,Thanasis Antetokounmpo,2:25,A.J. Green,2:25,,,,,,,32:33,Brook Lopez,32:18,Giannis Antetokounmpo,30:27,Grayson Allen,28:29,Joe Ingles,25:17,Pat Connaughton,24:00,Wesley Matthews,18:53,Jevon Carter,16:50,MarJon Beauchamp,15:57,119,2,15,2.0,13.3,12.0,80.0,1.0,6.7,Marcus Morris,13,0,2022-2023,1.0,1,0.0,LAC,106,Ivica Zubac,,,,,,,,,,,,,34:06,Paul George,31:52,Amir Coffey,29:31,Terance Mann,27:33,Robert Covington,26:22,Brandon Boston Jr.,26:13,Norman Powell,24:14,Moussa Diabaté,4:30,Jason Preston,4:30
2,.500,4,57.143,1,,124,0,3,100.0,2,.286,0.0,0.0,3.0,7,0,,0,0.000,Logos via Sports Logos.net / About logos,W,https://www.basketball-reference.com/boxscores/202302140LAC.html,Home,134,23:27,0,0.0,GSW,Draymond Green,JaMychal Green,9:28,Patrick Baldwin Jr.,2:28,,,,,,,,,33:10,Jordan Poole,32:45,Donte DiVincenzo,29:15,Klay Thompson,28:28,Kevon Looney,27:03,Anthony Lamb,25:29,Jonathan Kuminga,22:02,Ty Jerome,16:31,Moses Moody,13:21,124,2,6,0.0,0.0,6.0,100.0,0.0,0.0,Marcus Morris,10,0,2022-2023,0.0,0,3.0,LAC,134,Kawhi Leonard,Brandon Boston Jr.,2:28,Amir Coffey,2:28,Moussa Diabaté,2:28,,,,,,,34:26,Paul George,31:32,Ivica Zubac,28:10,Terance Mann,26:54,Norman Powell,25:09,Eric Gordon,21:35,Mason Plumlee,17:11,Bones Hyland,15:51,Nicolas Batum,8:21
0,.000,4,66.667,3,,116,0,0,,2,.333,2.0,100.0,2.0,6,0,,0,0.000,Logos via Sports Logos.net / About logos,W,https://www.basketball-reference.com/boxscores/202302160PHO.html,Away,107,19:19,0,,PHO,Josh Okogie,Saben Lee,7:54,Ish Wainright,7:17,Jock Landale,4:00,,,,,,,41:03,Devin Booker,34:41,Chris Paul,33:24,Deandre Ayton,31:56,Torrey Craig,26:32,Terrence Ross,25:03,Bismack Biyombo,12:04,T.J. Warren,8:10,Damion Lee,7:56,107,4,4,4.0,100.0,0.0,0.0,0.0,0.0,Marcus Morris,9,0,2022-2023,0.0,0,0.0,LAC,116,Paul George,,,,,,,,,,,,,36:27,Terance Mann,35:27,Kawhi Leonard,35:27,Ivica Zubac,29:20,Eric Gordon,26:20,Nicolas Batum,24:01,Mason Plumlee,17:43,Bones Hyland,15:56,,
1,.500,2,28.571,1,0.50,176,0,1,100.0,4,.571,3.0,60.0,5.0,7,0,,0,0.000,Logos via Sports Logos.net / About logos,L,https://www.basketball-reference.com/boxscores/202302240LAC.html,Home,175,25:01,0,0.0,SAC,De'Aaron Fox,Terence Davis,13:52,,,,,,,,,,,45:02,Keegan Murray,42:49,Malik Monk,40:38,Harrison Barnes,40:31,Domantas Sabonis,31:14,Kevin Huerter,21:40,Chimezie Metu,21:20,Trey Lyles,18:55,Davion Mitchell,13:59,176,2,9,6.0,66.7,3.0,33.3,0.0,0.0,Marcus Morris,1,1,2022-2023,1.0,2,1.0,LAC,175,Kawhi Leonard,,,,,,,,,,,,,46:02,Paul George,40:51,Russell Westbrook,39:27,Nicolas Batum,38:08,Norman Powell,37:54,Mason Plumlee,25:22,Eric Gordon,19:43,Terance Mann,17:32,,
0,.000,4,57.143,2,2.00,124,0,3,100.0,3,.429,3.0,100.0,3.0,7,0,,0,0.000,Logos via Sports Logos.net / About logos,L,https://www.basketball-reference.com/boxscores/202302260DEN.html,Away,134,32:48,0,0.0,DEN,Nikola Jokić,Christian Braun,0:22,,,,,,,,,,,41:33,Jamal Murray,41:11,Michael Porter Jr.,39:06,Kentavious Caldwell-Pope,37:42,Bruce Brown,29:36,Aaron Gordon,28:57,Reggie Jackson,19:01,Vlatko Čančar,16:49,Thomas Bryant,10:42,134,1,6,6.0,100.0,0.0,0.0,0.0,0.0,Marcus Morris,10,1,2022-2023,1.0,1,3.0,LAC,124,Kawhi Leonard,Amir Coffey,1:03,Moussa Diabaté,1:03,,,,,,,,,38:38,Paul George,35:30,Mason Plumlee,26:50,Russell Westbrook,25:21,Terance Mann,25:16,Eric Gordon,25:09,Nicolas Batum,21:17,Norman Powell,17:14,Bones Hyland,14:50
0,.000,3,100.000,0,0.00,108,0,3,100.0,0,.000,0.0,,0.0,3,2,1.000,2,66.667,Logos via Sports Logos.net / About logos,L,https://www.basketball-reference.com/boxscores/202302280LAC.html,Home,101,21:20,0,0.0,MIN,Anthony Edwards,Austin Rivers,5:46,,,,,,,,,,,36:51,Jaden McDaniels,35:14,Rudy Gobert,29:14,Mike Conley,29:14,Kyle Anderson,25:55,Taurean Prince,23:11,Naz Reid,18:46,Jordan McLaughlin,18:46,Nickeil Alexander-Walker,17:03,108,2,2,0.0,0.0,0.0,0.0,2.0,100.0,Marcus Morris,7,2,2022-2023,2.0,2,3.0,LAC,101,Kawhi Leonard,,,,,,,,,,,,,38:37,Paul George,34:52,Ivica Zubac,28:27,Russell Westbrook,27:46,Norman Powell,24:42,Terance Mann,22:18,Nicolas Batum,20:05,Mason Plumlee,14:27,Eric Gordon,7:26
1,.500,2,33.333,3,3.00,129,0,1,50.0,2,.333,1.0,25.0,4.0,6,0,,0,0.000,Logos via Sports Logos.net / About logos,W,https://www.basketball-reference.com/boxscores/202303050LAC.html,Home,135,25:22,1,50.0,MEM,Tyus Jones,,,,,,,,,,,,,36:29,Desmond Bane,35:23,Jaren Jackson Jr.,34:47,Xavier Tillman Sr.,34:20,Luke Kennard,28:48,David Roddy,25:00,John Konchar,20:01,Santi Aldama,19:40,Ziaire Williams,5:32,129,1,5,2.0,40.0,3.0,60.0,0.0,0.0,Marcus Morris,6,0,2022-2023,0.0,1,2.0,LAC,135,Kawhi Leonard,,,,,,,,,,,,,38:09,Paul George,35:05,Russell Westbrook,34:07,Eric Gordon,33:00,Mason Plumlee,21:16,Terance Mann,18:25,Ivica Zubac,17:34,Nicolas Batum,17:02,,
0,.000,2,40.000,0,0.00,100,0,2,100.0,2,.400,2.0,66.7,3.0,5,0,,0,0.000,Logos via Sports Logos.net / About logos,W,https://www.basketball-reference.com/boxscores/202303080LAC.html,Home,108,23:24,0,0.0,TOR,Pascal Siakam,,,,,,,,,,,,,41:07,Fred VanVleet,38:42,OG Anunoby,37:09,Scottie Barnes,36:42,Jakob Poeltl,30:23,Gary Trent Jr.,23:43,Chris Boucher,15:02,Precious Achiuwa,11:55,Thaddeus Young,5:17,100,0,4,4.0,100.0,0.0,0.0,0.0,0.0,Marcus Morris,8,1,2022-2023,1.0,1,2.0,LAC,108,Kawhi Leonard,,,,,,,,,,,,,39:41,Paul George,38:52,Terance Mann,28:40,Ivica Zubac,27:21,Eric Gordon,27:21,Russell Westbrook,23:16,Mason Plumlee,16:27,Nicolas Batum,14:58,,
3,.750,4,57.143,1,,95,0,4,80.0,4,.571,1.0,33.3,3.0,7,0,,0,0.000,Logos via Sports Logos.net / About logos,W,https://www.basketball-reference.com/boxscores/202303110LAC.html,Home,106,30:33,1,20.0,NYK,Immanuel Quickley,,,,,,,,,,,,,42:08,Julius Randle,34:40,Quentin Grimes,34:08,Josh Hart,32:16,RJ Barrett,30:16,Mitchell Robinson,28:01,Isaiah Hartenstein,19:19,Obi Toppin,13:20,Miles McBride,5:52,95,4,11,2.0,18.2,9.0,81.8,0.0,0.0,Marcus Morris,11,0,2022-2023,0.0,0,5.0,LAC,106,Paul George,,,,,,,,,,,,,40:14,Kawhi Leonard,36:48,Ivica Zubac,27:20,Eric Gordon,25:49,Russell Westbrook,22:57,Mason Plumlee,20:40,Terance Mann,18:42,Nicolas Batum,16:17,Amir Coffey,0:40
0,,0,0.000,2,2.00,126,0,0,,1,.250,1.0,25.0,4.0,4,0,,0,0.000,Logos via Sports Logos.net / About logos,W,https://www.basketball-reference.com/boxscores/202303150LAC.html,Home,134,14:34,0,,GSW,Stephen Curry,Patrick Baldwin Jr.,1:28,,,,,,,,,,,38:32,Klay Thompson,37:14,Draymond Green,35:08,Donte DiVincenzo,32:52,Kevon Looney,25:21,Jordan Poole,24:58,Jonathan Kuminga,18:32,JaMychal Green,15:31,Moses Moody,10:24,126,2,2,2.0,100.0,0.0,0.0,0.0,0.0,Marcus Morris,8,0,2022-2023,0.0,1,0.0,LAC,134,Paul George,,,,,,,,,,,,,40:21,Kawhi Leonard,36:09,Ivica Zubac,30:26,Eric Gordon,27:57,Russell Westbrook,27:05,Terance Mann,25:13,Nicolas Batum,19:57,Mason Plumlee,17:12,Amir Coffey,1:06
1,.500,2,25.000,1,,113,0,3,100.0,5,.625,4.0,66.7,6.0,8,2,.667,3,37.500,Logos via Sports Logos.net / About logos,L,https://www.basketball-reference.com/boxscores/202303180LAC.html,Home,108,31:20,0,0.0,ORL,Paolo Banchero,Bol Bol,5:14,,,,,,,,,,,36:24,Markelle Fultz,34:33,Wendell Carter Jr.,32:55,Franz Wagner,32:49,Gary Harris,29:58,Cole Anthony,28:59,Caleb Houstan,15:50,Goga Bitadze,15:05,Kevon Harris,8:13,113,4,13,8.0,61.5,3.0,23.1,2.0,15.4,Marcus Morris,5,2,2022-2023,2.0,0,3.0,LAC,108,Russell Westbrook,,,,,,,,,,,,,37:05,Paul George,36:49,Eric Gordon,31:11,Ivica Zubac,27:14,Robert Covington,22:32,Mason Plumlee,19:14,Terance Mann,17:55,Nicolas Batum,16:40,,
1,.250,4,50.000,0,0.00,117,0,3,75.0,3,.375,2.0,50.0,4.0,8,0,,0,0.000,Logos via Sports Logos.net / About logos,W,https://www.basketball-reference.com/boxscores/202303190POR.html,Away,102,24:08,1,25.0,POR,Damian Lillard,,,,,,,,,,,,,38:41,Anfernee Simons,33:14,Trendon Watford,29:09,Jusuf Nurkić,26:32,Nassir Little,25:18,Shaedon Sharpe,24:05,Matisse Thybulle,22:38,Drew Eubanks,21:28,Cam Reddish,18:55,102,2,7,4.0,57.1,3.0,42.9,0.0,0.0,Marcus Morris,15,1,2022-2023,1.0,1,4.0,LAC,117,Kawhi Leonard,,,,,,,,,,,,,39:47,Paul George,34:33,Ivica Zubac,33:53,Russell Westbrook,33:36,Eric Gordon,28:24,Nicolas Batum,15:57,Terance Mann,15:35,Mason Plumlee,14:07,,
1,.167,6,60.000,3,3.00,101,0,4,80.0,3,.300,2.0,50.0,4.0,10,0,,0,0.000,Logos via Sports Logos.net / About logos,L,https://www.basketball-reference.com/boxscores/202303210LAC.html,Home,100,30:20,1,20.0,OKC,Luguentz Dort,Ousmane Dieng,8:10,,,,,,,,,,,38:22,Jalen Williams,37:11,Shai Gilgeous-Alexander,36:02,Josh Giddey,31:06,Isaiah Joe,26:59,Aaron Wiggins,20:14,Olivier Sarr,19:15,Lindy Waters III,11:54,Jaylin Williams,10:47,101,1,7,4.0,57.1,3.0,42.9,0.0,0.0,Marcus Morris,1,0,2022-2023,0.0,1,5.0,LAC,100,Kawhi Leonard,,,,,,,,,,,,,38:14,Paul George,34:53,Eric Gordon,28:05,Russell Westbrook,26:10,Nicolas Batum,24:00,Mason Plumlee,20:39,Ivica Zubac,19:18,Terance Mann,10:59,Robert Covington,7:22
0,.000,4,40.000,3,3.00,105,0,3,75.0,3,.300,3.0,50.0,6.0,10,0,,0,0.000,Logos via Sports Logos.net / About logos,W,https://www.basketball-reference.com/boxscores/202303230LAC.html,Home,127,24:51,1,25.0,OKC,Jalen Williams,Jeremiah Robinson-Earl,11:15,Tre Mann,8:53,Olivier Sarr,8:10,Dario Šarić,3:15,,,,,31:54,Luguentz Dort,29:51,Shai Gilgeous-Alexander,26:51,Josh Giddey,26:19,Jaylin Williams,25:49,Lindy Waters III,22:03,Isaiah Joe,17:16,Ousmane Dieng,15:45,Aaron Wiggins,12:39,105,1,6,6.0,100.0,0.0,0.0,0.0,0.0,Marcus Morris,22,1,2022-2023,1.0,1,4.0,LAC,127,Kawhi Leonard,Amir Coffey,4:32,,,,,,,,,,,34:30,Russell Westbrook,29:37,Terance Mann,27:21,Bones Hyland,25:48,Mason Plumlee,24:15,Ivica Zubac,23:45,Eric Gordon,22:12,Nicolas Batum,18:37,Robert Covington,4:32
0,.000,1,33.333,1,,131,0,2,100.0,1,.333,1.0,50.0,2.0,3,0,,0,0.000,Logos via Sports Logos.net / About logos,L,https://www.basketball-reference.com/boxscores/202303250LAC.html,Home,110,22:05,0,0.0,NOP,Trey Murphy III,Willy Hernangómez,2:53,Garrett Temple,2:53,,,,,,,,,37:04,CJ McCollum,35:21,Brandon Ingram,33:33,Jonas Valančiūnas,31:41,Josh Richardson,24:53,Herbert Jones,23:24,Naji Marshall,22:13,Larry Nance Jr.,13:26,Dyson Daniels,12:39,131,0,2,2.0,100.0,0.0,0.0,0.0,0.0,Marcus Morris,21,0,2022-2023,0.0,0,2.0,LAC,110,Kawhi Leonard,Amir Coffey,9:37,Moussa Diabaté,8:16,Xavier Moon,6:46,,,,,,,27:26,Russell Westbrook,25:51,Eric Gordon,24:09,Bones Hyland,23:51,Nicolas Batum,20:21,Terance Mann,19:52,Mason Plumlee,18:11,Ivica Zubac,17:30,Robert Covington,16:05
1,.333,3,60.000,0,,129,0,4,100.0,2,.400,1.0,50.0,2.0,5,0,,0,0.000,Logos via Sports Logos.net / About logos,L,https://www.basketball-reference.com/boxscores/202304200LAC.html,Home,124,19:51,0,0.0,PHO,Devin Booker,T.J. Warren,3:39,,,,,,,,,,,44:31,Kevin Durant,41:30,Chris Paul,40:41,Deandre Ayton,35:18,Torrey Craig,27:16,Josh Okogie,20:51,Damion Lee,11:22,Bismack Biyombo,11:08,Landry Shamet,3:44,129,4,5,2.0,40.0,3.0,60.0,0.0,0.0,Marcus Morris,5,0,2022-2023,0.0,0,4.0,LAC,124,Norman Powell,,,,,,,,,,,,,40:33,Russell Westbrook,39:49,Eric Gordon,31:23,Terance Mann,25:40,Ivica Zubac,22:20,Bones Hyland,21:23,Nicolas Batum,19:06,Mason Plumlee,16:16,Robert Covington,3:39
1,.125,8,61.538,0,0.00,112,1,3,100.0,3,.231,2.0,40.0,5.0,13,2,1.000,2,15.385,Logos via Sports Logos.net / About logos,L,https://www.basketball-reference.com/boxscores/202304220LAC.html,Home,100,24:42,0,0.0,PHO,Kevin Durant,,,,,,,,,,,,,44:33,Devin Booker,41:27,Chris Paul,38:02,Deandre Ayton,35:55,Torrey Craig,24:44,Josh Okogie,24:36,Damion Lee,13:47,Bismack Biyombo,12:05,Landry Shamet,4:51,112,2,9,4.0,44.4,3.0,33.3,2.0,22.2,Marcus Morris,12,1,2022-2023,2.0,1,3.0,LAC,100,Russell Westbrook,,,,,,,,,,,,,40:27,Norman Powell,36:42,Eric Gordon,32:03,Terance Mann,30:02,Ivica Zubac,24:25,Mason Plumlee,19:25,Bones Hyland,18:18,Robert Covington,8:20,Nicolas Batum,5:36
0,.000,1,9.091,0,,130,0,4,80.0,5,.455,5.0,50.0,10.0,11,2,1.000,2,18.182,Logos via Sports Logos.net / About logos,L,https://www.basketball-reference.com/boxscores/202304250PHO.html,Away,136,23:55,1,20.0,PHO,Kevin Durant,Cameron Payne,3:16,,,,,,,,,,,44:14,Devin Booker,41:39,Chris Paul,37:27,Deandre Ayton,35:37,Josh Okogie,32:46,Torrey Craig,16:53,Bismack Biyombo,12:23,Landry Shamet,8:57,Damion Lee,6:48,136,0,12,10.0,83.3,0.0,0.0,2.0,16.7,Marcus Morris,6,0,2022-2023,0.0,0,5.0,LAC,130,Russell Westbrook,,,,,,,,,,,,,39:28,Norman Powell,38:53,Terance Mann,27:24,Nicolas Batum,26:35,Mason Plumlee,23:54,Ivica Zubac,23:52,Eric Gordon,20:50,Bones Hyland,15:09,,
0,,0,0.000,0,,128,1,1,100.0,1,.500,1.0,50.0,2.0,2,1,1.000,1,50.000,Logos via Sports Logos.net / About logos,W,https://www.basketball-reference.com/boxscores/202311060PHI.html,Home,146,6:27,0,0.0,WAS,Tyus Jones,Ryan Rollins,10:29,Anthony Gill,8:01,Delon Wright,4:55,Danilo Gallinari,3:43,Mike Muscala,3:24,,,32:36,Jordan Poole,31:16,Kyle Kuzma,29:58,Daniel Gafford,29:58,Deni Avdija,27:34,Bilal Coulibaly,19:19,Corey Kispert,14:02,Johnny Davis,13:50,Eugene Omoruyi,10:55,128,0,3,2.0,66.7,0.0,0.0,1.0,33.3,Marcus Morris,18,0,2023-2024,1.0,0,1.0,PHI,146,Tyrese Maxey,Patrick Beverley,11:36,Danuel House Jr.,6:43,Robert Covington,4:03,Mo Bamba,3:58,KJ Martin,3:58,,,31:43,Tobias Harris,30:38,Joel Embiid,30:31,Kelly Oubre Jr.,26:35,De'Anthony Melton,26:15,Nicolas Batum,17:27,Furkan Korkmaz,14:19,Paul Reed,13:31,Jaden Springer,12:16
0,,0,,0,,114,0,1,100.0,0,,0.0,,0.0,0,0,,0,,Logos via Sports Logos.net / About logos,W,https://www.basketball-reference.com/boxscores/202311100DET.html,Away,106,6:02,0,0.0,DET,Killian Hayes,James Wiseman,6:34,,,,,,,,,,,38:35,Cade Cunningham,35:46,Marcus Sasser,34:36,Ausar Thompson,32:16,Isaiah Stewart,31:41,Jalen Duren,22:42,Stanley Umude,17:21,Marvin Bagley III,13:18,Jared Rhoden,7:11,106,2,0,0.0,,0.0,,0.0,,Marcus Morris,8,0,2023-2024,0.0,0,1.0,PHI,114,Tyrese Maxey,Jaden Springer,4:49,Furkan Korkmaz,1:47,,,,,,,,,39:21,Tobias Harris,37:46,Joel Embiid,35:48,De'Anthony Melton,29:42,Nicolas Batum,26:28,Kelly Oubre Jr.,26:23,Robert Covington,14:25,Paul Reed,12:12,Patrick Beverley,5:17
0,.000,2,50.000,1,,132,0,3,100.0,1,.250,1.0,50.0,2.0,4,0,,0,0.000,Logos via Sports Logos.net / About logos,L,https://www.basketball-reference.com/boxscores/202311140PHI.html,Home,126,17:40,0,0.0,IND,Tyrese Haliburton,Andrew Nembhard,9:43,Jalen Smith,2:33,,,,,,,,,38:26,Obi Toppin,36:40,Bruce Brown,35:48,Buddy Hield,28:57,Aaron Nesmith,22:17,Myles Turner,19:13,Isaiah Jackson,17:23,Bennedict Mathurin,15:53,T.J. McConnell,13:07,132,1,2,2.0,100.0,0.0,0.0,0.0,0.0,Marcus Morris,6,0,2023-2024,0.0,0,3.0,PHI,126,Tyrese Maxey,KJ Martin,0:35,,,,,,,,,,,38:09,Joel Embiid,37:40,Tobias Harris,36:49,De'Anthony Melton,35:08,Patrick Beverley,27:30,Danuel House Jr.,18:01,Robert Covington,16:16,Paul Reed,10:20,Furkan Korkmaz,1:52
0,.000,2,66.667,0,0.00,117,0,0,,0,.000,0.0,0.0,1.0,3,0,,0,0.000,Logos via Sports Logos.net / About logos,L,https://www.basketball-reference.com/boxscores/202311150PHI.html,Home,107,8:17,0,,BOS,Jayson Tatum,,,,,,,,,,,,,38:30,Derrick White,35:58,Jrue Holiday,35:29,Sam Hauser,35:13,Al Horford,28:49,Payton Pritchard,23:15,Luke Kornet,19:08,Svi Mykhailiuk,15:20,Dalano Banton,8:18,117,0,0,0.0,,0.0,,0.0,,Marcus Morris,10,0,2023-2024,0.0,1,0.0,PHI,107,Tyrese Maxey,Furkan Korkmaz,2:53,,,,,,,,,,,39:07,Tobias Harris,37:40,Robert Covington,37:12,De'Anthony Melton,34:01,Joel Embiid,33:55,Jaden Springer,20:10,Paul Reed,14:05,Patrick Beverley,9:44,Danuel House Jr.,2:56
0,,0,,0,,126,0,1,100.0,0,,0.0,,0.0,0,0,,0,,Logos via Sports Logos.net / About logos,W,https://www.basketball-reference.com/boxscores/202311170ATL.html,Away,116,2:11,0,0.0,ATL,Trae Young,,,,,,,,,,,,,36:58,Jalen Johnson,36:20,Dejounte Murray,35:08,Saddiq Bey,31:21,Clint Capela,28:38,Bogdan Bogdanović,23:53,Onyeka Okongwu,19:22,De'Andre Hunter,17:55,Wesley Matthews,10:24,116,1,0,0.0,,0.0,,0.0,,Marcus Morris,10,0,2023-2024,0.0,0,1.0,PHI,126,Tyrese Maxey,,,,,,,,,,,,,40:18,Tobias Harris,38:21,Joel Embiid,36:33,De'Anthony Melton,35:58,Jaden Springer,22:12,Robert Covington,20:25,Danuel House Jr.,18:22,Patrick Beverley,14:12,Paul Reed,11:27
1,1.000,1,100.000,0,,121,0,1,100.0,1,1.000,0.0,,0.0,1,0,,0,0.000,Logos via Sports Logos.net / About logos,W,https://www.basketball-reference.com/boxscores/202311190BRK.html,Away,99,6:11,0,0.0,BRK,Lonnie Walker IV,Harry Giles,6:20,,,,,,,,,,,32:26,Mikal Bridges,29:13,Cameron Johnson,27:39,Spencer Dinwiddie,27:38,Dorian Finney-Smith,27:04,Royce O'Neale,25:25,Nic Claxton,22:39,Trendon Watford,21:33,Day'Ron Sharpe,20:03,99,0,3,0.0,0.0,3.0,100.0,0.0,0.0,Marcus Morris,22,0,2023-2024,0.0,0,1.0,PHI,121,Tyrese Maxey,Robert Covington,10:49,Furkan Korkmaz,4:24,KJ Martin,4:24,Mo Bamba,3:05,,,,,36:25,Tobias Harris,31:53,Joel Embiid,31:14,De'Anthony Melton,27:16,Nicolas Batum,23:49,Jaden Springer,20:48,Danuel House Jr.,14:25,Paul Reed,13:41,Patrick Beverley,11:34
0,,0,,0,,122,0,0,,0,,0.0,,0.0,0,0,,0,,Logos via Sports Logos.net / About logos,L,https://www.basketball-reference.com/boxscores/202311210PHI.html,Home,119,2:54,0,,CLE,Max Strus,,,,,,,,,,,,,44:16,Darius Garland,43:23,Evan Mobley,38:08,Jarrett Allen,35:12,Dean Wade,30:48,Craig Porter Jr.,27:09,Georges Niang,25:30,Tristan Thompson,14:45,Sam Merrill,5:44,122,0,0,0.0,,0.0,,0.0,,Marcus Morris,3,0,2023-2024,0.0,0,0.0,PHI,119,Tyrese Maxey,Jaden Springer,6:59,,,,,,,,,,,46:48,Tobias Harris,42:47,De'Anthony Melton,41:12,Joel Embiid,41:01,Nicolas Batum,26:58,Patrick Beverley,20:46,Robert Covington,14:22,Danuel House Jr.,12:06,Paul Reed,9:04
3,.600,5,41.667,2,1.00,99,2,2,50.0,6,.500,3.0,42.9,7.0,12,1,1.000,1,8.333,Logos via Sports Logos.net / About logos,L,https://www.basketball-reference.com/boxscores/202311220MIN.html,Away,112,16:14,2,50.0,MIN,Karl-Anthony Towns,Luka Garza,1:56,Leonard Miller,1:56,Josh Minott,1:56,Wendell Moore Jr.,1:56,,,,,36:09,Anthony Edwards,35:48,Rudy Gobert,31:12,Nickeil Alexander-Walker,28:44,Kyle Anderson,28:10,Mike Conley,22:44,Naz Reid,21:34,Shake Milton,20:40,Troy Brown Jr.,7:15,112,5,16,6.0,37.5,9.0,56.2,1.0,6.2,Marcus Morris,13,1,2023-2024,3.0,2,4.0,PHI,99,Tyrese Maxey,Mo Bamba,5:35,Furkan Korkmaz,5:35,KJ Martin,5:35,,,,,,,33:40,Tobias Harris,32:19,De'Anthony Melton,30:16,Paul Reed,26:01,Nicolas Batum,24:12,Robert Covington,19:46,Danuel House Jr.,16:41,Patrick Beverley,15:40,Jaden Springer,8:25
0,.000,2,100.000,0,0.00,127,0,2,66.7,0,.000,0.0,,0.0,2,0,,0,0.000,Logos via Sports Logos.net / About logos,W,https://www.basketball-reference.com/boxscores/202311250OKC.html,Away,123,14:32,1,33.3,OKC,Shai Gilgeous-Alexander,Dāvis Bertāns,9:49,Ousmane Dieng,8:14,,,,,,,,,36:11,Chet Holmgren,31:31,Jaylin Williams,25:49,Josh Giddey,25:36,Isaiah Joe,25:35,Luguentz Dort,24:32,Aaron Wiggins,20:11,Kenrich Williams,18:52,Cason Wallace,13:37,123,3,0,0.0,,0.0,,0.0,,Marcus Morris,4,0,2023-2024,0.0,1,3.0,PHI,127,Tyrese Maxey,,,,,,,,,,,,,40:52,Joel Embiid,37:22,Nicolas Batum,32:28,Tobias Harris,31:10,De'Anthony Melton,30:13,Patrick Beverley,21:26,Robert Covington,21:15,Paul Reed,10:38,,
4,.800,5,62.500,0,,94,0,1,100.0,6,.750,2.0,66.7,3.0,8,0,,0,0.000,Logos via Sports Logos.net / About logos,W,https://www.basketball-reference.com/boxscores/202311270PHI.html,Home,138,19:32,0,0.0,LAL,Anthony Davis,D'Moi Hodge,8:18,Maxwell Lewis,8:18,Alex Fudge,2:23,,,,,,,32:16,LeBron James,29:32,Austin Reaves,28:35,Taurean Prince,28:34,Max Christie,25:54,D'Angelo Russell,24:24,Christian Wood,21:36,Jaxson Hayes,19:00,Jalen Hood-Schifino,11:09,94,2,16,4.0,25.0,12.0,75.0,0.0,0.0,Marcus Morris,44,1,2023-2024,1.0,0,1.0,PHI,138,Tyrese Maxey,Furkan Korkmaz,5:29,KJ Martin,5:29,,,,,,,,,36:19,Joel Embiid,30:50,Nicolas Batum,28:56,De'Anthony Melton,25:09,Patrick Beverley,24:29,Tobias Harris,22:59,Robert Covington,18:08,Paul Reed,17:10,Mo Bamba,5:29
1,.333,3,42.857,2,2.00,114,1,2,66.7,3,.429,2.0,50.0,4.0,7,0,,0,0.000,Logos via Sports Logos.net / About logos,L,https://www.basketball-reference.com/boxscores/202311290NOP.html,Away,124,17:15,1,33.3,NOP,Brandon Ingram,Jose Alvarado,9:19,,,,,,,,,,,35:04,Zion Williamson,33:15,Herbert Jones,32:43,Jonas Valančiūnas,31:34,CJ McCollum,28:08,Jordan Hawkins,23:56,Naji Marshall,18:34,Dyson Daniels,14:15,Cody Zeller,13:10,124,4,7,4.0,57.1,3.0,42.9,0.0,0.0,Marcus Morris,10,1,2023-2024,2.0,1,3.0,PHI,114,Tyrese Maxey,Furkan Korkmaz,2:17,,,,,,,,,,,38:11,De'Anthony Melton,30:14,Robert Covington,29:35,Tobias Harris,29:16,Paul Reed,26:34,Patrick Beverley,21:21,KJ Martin,16:57,Mo Bamba,14:10,Nicolas Batum,14:07
2,.667,3,25.000,1,,119,1,6,85.7,5,.417,3.0,33.3,9.0,12,1,1.000,1,8.333,Logos via Sports Logos.net / About logos,L,https://www.basketball-reference.com/boxscores/202312010BOS.html,Away,125,27:59,1,14.3,BOS,Jaylen Brown,Luke Kornet,7:35,,,,,,,,,,,35:08,Jrue Holiday,34:58,Al Horford,33:19,Derrick White,32:03,Jayson Tatum,27:27,Sam Hauser,25:52,Payton Pritchard,23:21,Neemias Queta,10:11,Dalano Banton,10:04,125,1,13,6.0,46.2,6.0,46.2,1.0,7.7,Marcus Morris,6,1,2023-2024,2.0,0,7.0,PHI,119,Patrick Beverley,,,,,,,,,,,,,38:22,Tobias Harris,37:55,De'Anthony Melton,36:33,Robert Covington,30:20,Paul Reed,21:30,Mo Bamba,19:30,Furkan Korkmaz,14:46,KJ Martin,13:05,,
0,.000,1,25.000,0,,131,0,2,66.7,1,.250,1.0,33.3,3.0,4,2,1.000,2,50.000,Logos via Sports Logos.net / About logos,W,https://www.basketball-reference.com/boxscores/202312060WAS.html,Away,126,15:06,1,33.3,WAS,Kyle Kuzma,Mike Muscala,5:58,,,,,,,,,,,33:38,Jordan Poole,31:46,Tyus Jones,31:22,Deni Avdija,30:46,Bilal Coulibaly,27:31,Corey Kispert,24:50,Daniel Gafford,22:58,Danilo Gallinari,17:25,Jared Butler,13:45,126,0,4,2.0,50.0,0.0,0.0,2.0,50.0,Marcus Morris,5,0,2023-2024,0.0,0,3.0,PHI,131,Tyrese Maxey,,,,,,,,,,,,,38:10,Joel Embiid,38:02,Tobias Harris,34:52,Nicolas Batum,32:34,De'Anthony Melton,27:18,Patrick Beverley,20:35,Kelly Oubre Jr.,19:25,Paul Reed,9:58,Robert Covington,4:00
1,1.000,1,100.000,1,,114,1,3,100.0,1,1.000,0.0,,0.0,1,0,,0,0.000,Logos via Sports Logos.net / About logos,W,https://www.basketball-reference.com/boxscores/202312080PHI.html,Home,125,15:40,0,0.0,ATL,Bogdan Bogdanović,Garrison Mathews,2:49,,,,,,,,,,,39:05,Saddiq Bey,38:19,De'Andre Hunter,36:58,Dejounte Murray,35:58,Clint Capela,29:44,Onyeka Okongwu,18:16,Patty Mills,16:38,Trent Forrest,12:31,Wesley Matthews,9:41,114,3,3,0.0,0.0,3.0,100.0,0.0,0.0,Marcus Morris,11,0,2023-2024,1.0,0,3.0,PHI,125,Tyrese Maxey,,,,,,,,,,,,,38:53,Joel Embiid,35:53,De'Anthony Melton,34:19,Tobias Harris,33:43,Nicolas Batum,28:35,Kelly Oubre Jr.,23:31,Patrick Beverley,18:02,Paul Reed,6:04,Mo Bamba,5:19
2,.667,3,50.000,1,,101,0,2,100.0,5,.833,3.0,100.0,3.0,6,0,,0,0.000,Logos via Sports Logos.net / About logos,W,https://www.basketball-reference.com/boxscores/202312110PHI.html,Home,146,12:05,0,0.0,WAS,Bilal Coulibaly,Danilo Gallinari,10:44,Anthony Gill,10:26,Jules Bernard,6:11,Eugene Omoruyi,2:03,,,,,30:52,Kyle Kuzma,27:28,Jordan Poole,26:06,Deni Avdija,25:50,Corey Kispert,22:59,Tyus Jones,20:56,Mike Muscala,20:16,Jared Butler,19:10,Patrick Baldwin Jr.,16:59,101,3,12,6.0,50.0,6.0,50.0,0.0,0.0,Marcus Morris,45,1,2023-2024,1.0,0,2.0,PHI,146,Tobias Harris,Danuel House Jr.,9:14,Jaden Springer,9:14,Furkan Korkmaz,9:14,Mo Bamba,7:47,KJ Martin,5:46,,,29:37,Joel Embiid,29:36,De'Anthony Melton,26:41,Tyrese Maxey,24:46,Nicolas Batum,20:28,Kelly Oubre Jr.,17:33,Robert Covington,13:53,Paul Reed,12:38,Patrick Beverley,11:28
0,,0,0.000,2,,129,1,7,87.5,2,1.000,2.0,100.0,2.0,2,0,,0,0.000,Logos via Sports Logos.net / About logos,W,https://www.basketball-reference.com/boxscores/202312130DET.html,Away,111,16:23,1,12.5,DET,Bojan Bogdanović,Kevin Knox,9:47,Marcus Sasser,5:17,,,,,,,,,33:23,Killian Hayes,31:43,Cade Cunningham,30:08,Ausar Thompson,29:56,Isaiah Livers,27:08,Isaiah Stewart,22:12,Jaden Ivey,21:09,James Wiseman,16:00,Alec Burks,13:15,111,2,4,4.0,100.0,0.0,0.0,0.0,0.0,Marcus Morris,18,0,2023-2024,1.0,0,8.0,PHI,129,Tyrese Maxey,Jaden Springer,6:56,Danuel House Jr.,6:56,Furkan Korkmaz,5:17,KJ Martin,4:04,Mo Bamba,3:27,,,32:53,Joel Embiid,31:21,Tobias Harris,26:12,Kelly Oubre Jr.,22:58,De'Anthony Melton,21:06,Nicolas Batum,19:45,Robert Covington,16:59,Paul Reed,13:12,Patrick Beverley,12:31
5,1.000,5,62.500,1,1.00,92,0,2,100.0,5,.625,0.0,0.0,3.0,8,0,,0,0.000,Logos via Sports Logos.net / About logos,W,https://www.basketball-reference.com/boxscores/202312150PHI.html,Home,124,15:29,0,0.0,DET,Jaden Ivey,Marcus Sasser,16:33,Joe Harris,11:09,,,,,,,,,28:32,James Wiseman,27:42,Bojan Bogdanović,26:08,Isaiah Livers,24:54,Cade Cunningham,24:25,Ausar Thompson,21:50,Killian Hayes,21:17,Isaiah Stewart,20:18,Alec Burks,17:12,92,1,15,0.0,0.0,15.0,100.0,0.0,0.0,Marcus Morris,32,1,2023-2024,1.0,1,2.0,PHI,124,Joel Embiid,Danuel House Jr.,12:00,Paul Reed,11:40,Mo Bamba,9:01,KJ Martin,6:31,Furkan Korkmaz,6:31,,,29:04,Tyrese Maxey,27:15,Tobias Harris,23:30,De'Anthony Melton,23:19,Nicolas Batum,21:46,Kelly Oubre Jr.,17:13,Robert Covington,12:36,Patrick Beverley,12:05,Jaden Springer,12:00
0,.000,2,28.571,1,,135,0,4,100.0,3,.429,3.0,60.0,5.0,7,0,,0,0.000,Logos via Sports Logos.net / About logos,W,https://www.basketball-reference.com/boxscores/202312160CHO.html,Away,82,15:33,0,0.0,CHO,Miles Bridges,James Bouknight,7:16,Amari Bailey,7:16,Leaky Black,7:16,,,,,,,30:51,Brandon Miller,29:16,Nathan Mensah,28:34,Nick Smith Jr.,26:14,Bryce McGowens,24:26,JT Thor,21:39,Terry Rozier,19:30,Nick Richards,19:26,Ish Smith,18:16,82,1,6,6.0,100.0,0.0,0.0,0.0,0.0,Marcus Morris,53,0,2023-2024,0.0,0,4.0,PHI,135,Tyrese Maxey,Patrick Beverley,8:19,Danuel House Jr.,7:16,Mo Bamba,6:37,Furkan Korkmaz,4:19,KJ Martin,4:19,,,32:43,Joel Embiid,29:53,Tobias Harris,25:11,De'Anthony Melton,25:10,Kelly Oubre Jr.,20:31,Nicolas Batum,20:14,Robert Covington,14:07,Paul Reed,13:48,Jaden Springer,12:00
1,.500,2,50.000,0,,113,0,1,100.0,2,.500,1.0,50.0,2.0,4,0,,0,0.000,Logos via Sports Logos.net / About logos,W,https://www.basketball-reference.com/boxscores/202312200PHI.html,Home,127,25:06,0,0.0,MIN,Jaden McDaniels,Troy Brown Jr.,9:44,Wendell Moore Jr.,2:15,Luka Garza,2:15,Jordan McLaughlin,2:15,,,,,37:59,Karl-Anthony Towns,37:38,Anthony Edwards,36:16,Mike Conley,25:50,Rudy Gobert,24:12,Naz Reid,20:03,Nickeil Alexander-Walker,15:38,Shake Milton,13:15,Kyle Anderson,12:40,113,2,5,2.0,40.0,3.0,60.0,0.0,0.0,Marcus Morris,14,1,2023-2024,1.0,0,1.0,PHI,127,Tyrese Maxey,Furkan Korkmaz,1:49,Mo Bamba,1:42,Jaden Springer,1:42,,,,,,,37:21,Tobias Harris,36:31,Joel Embiid,36:08,Kelly Oubre Jr.,29:19,Patrick Beverley,17:43,Danuel House Jr.,17:26,De'Anthony Melton,16:19,Paul Reed,11:59,KJ Martin,6:55
1,.500,2,66.667,5,,111,0,3,75.0,2,.667,1.0,100.0,1.0,3,2,1.000,2,66.667,Logos via Sports Logos.net / About logos,W,https://www.basketball-reference.com/boxscores/202312220PHI.html,Home,121,30:50,1,25.0,TOR,Pascal Siakam,Jalen McDaniels,2:18,Gradey Dick,2:17,,,,,,,,,36:19,OG Anunoby,34:48,Scottie Barnes,34:47,Dennis Schröder,34:05,Jakob Poeltl,28:48,Gary Trent Jr.,25:33,Precious Achiuwa,16:25,Otto Porter Jr.,14:54,Malachi Flynn,9:45,111,3,7,2.0,28.6,3.0,42.9,2.0,28.6,Marcus Morris,10,0,2023-2024,0.0,0,4.0,PHI,121,Tyrese Maxey,Javonte Smart,0:40,Jaden Springer,0:40,,,,,,,,,40:50,Tobias Harris,37:58,Joel Embiid,34:59,Kelly Oubre Jr.,25:56,Robert Covington,24:06,Danuel House Jr.,22:58,Paul Reed,13:01,Furkan Korkmaz,7:21,KJ Martin,0:40
0,.000,3,75.000,0,,113,0,1,100.0,0,.000,0.0,0.0,1.0,4,0,,0,0.000,Logos via Sports Logos.net / About logos,L,https://www.basketball-reference.com/boxscores/202312250MIA.html,Away,119,10:41,0,0.0,MIA,Jaime Jaquez Jr.,,,,,,,,,,,,,39:29,Tyler Herro,37:59,Bam Adebayo,36:14,Duncan Robinson,34:03,Kyle Lowry,33:25,R.J. Hampton,17:26,Jamal Cain,16:42,Kevin Love,15:59,Caleb Martin,8:43,119,1,0,0.0,,0.0,,0.0,,Marcus Morris,6,0,2023-2024,0.0,0,1.0,PHI,113,Tyrese Maxey,Jaden Springer,0:41,,,,,,,,,,,43:30,Tobias Harris,41:35,Kelly Oubre Jr.,39:37,De'Anthony Melton,36:30,Mo Bamba,25:31,Paul Reed,17:27,Patrick Beverley,12:47,Danuel House Jr.,6:09,KJ Martin,5:32
0,.000,3,21.429,0,,112,0,3,100.0,6,.429,6.0,54.5,11.0,14,2,.667,3,21.429,Logos via Sports Logos.net / About logos,W,https://www.basketball-reference.com/boxscores/202312270ORL.html,Away,92,21:45,0,0.0,ORL,Paolo Banchero,Goga Bitadze,8:49,Jett Howard,1:15,Trevelin Queen,1:15,Admiral Schofield,1:15,,,,,37:52,Franz Wagner,36:10,Jalen Suggs,28:23,Caleb Houstan,25:56,Anthony Black,23:27,Cole Anthony,23:11,Wendell Carter Jr.,22:09,Moritz Wagner,15:47,Chuma Okeke,14:31,92,3,14,12.0,85.7,0.0,0.0,2.0,14.3,Marcus Morris,20,0,2023-2024,0.0,0,3.0,PHI,112,De'Anthony Melton,KJ Martin,1:15,Jaden Springer,1:15,,,,,,,,,36:45,Tyrese Maxey,34:23,Tobias Harris,32:53,Paul Reed,31:31,Kelly Oubre Jr.,28:40,Patrick Beverley,16:39,Mo Bamba,16:18,Robert Covington,11:26,Danuel House Jr.,7:10
2,.400,5,62.500,1,1.00,131,1,4,80.0,4,.500,2.0,66.7,3.0,8,4,.800,5,62.500,Logos via Sports Logos.net / About logos,W,https://www.basketball-reference.com/boxscores/202312290HOU.html,Away,127,26:50,1,20.0,HOU,Fred VanVleet,,,,,,,,,,,,,42:36,Jalen Green,36:27,Jae'Sean Tate,35:18,Alperen Sengun,34:20,Jeff Green,32:52,Tari Eason,27:18,Aaron Holiday,14:53,Amen Thompson,8:40,Jock Landale,7:36,127,5,14,4.0,28.6,6.0,42.9,4.0,28.6,Marcus Morris,4,1,2023-2024,2.0,1,5.0,PHI,131,Tyrese Maxey,,,,,,,,,,,,,41:22,De'Anthony Melton,35:45,Tobias Harris,34:59,Kelly Oubre Jr.,24:24,Paul Reed,23:53,Patrick Beverley,19:55,Robert Covington,16:01,Danuel House Jr.,11:35,Mo Bamba,5:16
0,.000,2,40.000,1,1.00,92,0,2,100.0,2,.400,2.0,66.7,3.0,5,0,,0,0.000,Logos via Sports Logos.net / About logos,L,https://www.basketball-reference.com/boxscores/202312300CHI.html,Away,105,17:13,0,0.0,CHI,Coby White,Julian Phillips,1:08,,,,,,,,,,,39:30,DeMar DeRozan,37:11,Patrick Williams,33:20,Andre Drummond,29:37,Ayo Dosunmu,29:16,Alex Caruso,28:09,Terry Taylor,17:15,Jevon Carter,13:11,Dalen Terry,11:23,105,3,4,4.0,100.0,0.0,0.0,0.0,0.0,Marcus Morris,13,0,2023-2024,0.0,1,2.0,PHI,92,Tyrese Maxey,Robert Covington,4:49,Furkan Korkmaz,2:17,,,,,,,,,35:22,Tobias Harris,34:19,Kelly Oubre Jr.,28:13,Paul Reed,27:49,De'Anthony Melton,26:03,Patrick Beverley,23:57,Nicolas Batum,19:08,Mo Bamba,13:12,KJ Martin,7:38
0,,0,0.000,0,0.00,97,0,1,50.0,0,.000,0.0,0.0,3.0,3,2,.500,4,133.333,Logos via Sports Logos.net / About logos,W,https://www.basketball-reference.com/boxscores/202401020PHI.html,Home,110,11:04,1,50.0,CHI,Ayo Dosunmu,Patrick Williams,10:41,Adama Sanogo,8:57,,,,,,,,,31:31,DeMar DeRozan,30:25,Coby White,28:30,Andre Drummond,28:24,Jevon Carter,22:50,Alex Caruso,21:27,Dalen Terry,20:47,Terry Taylor,19:36,Julian Phillips,16:52,97,0,2,0.0,0.0,0.0,0.0,2.0,100.0,Marcus Morris,13,1,2023-2024,1.0,1,2.0,PHI,110,Joel Embiid,KJ Martin,8:57,Mo Bamba,7:03,Ricky Council IV,6:01,Kenneth Lofton Jr.,3:36,,,,,31:27,Tobias Harris,29:53,Tyrese Maxey,29:19,Kelly Oubre Jr.,26:43,Nicolas Batum,22:23,Jaden Springer,21:17,Danuel House Jr.,15:14,Patrick Beverley,14:06,Paul Reed,12:57
0,.000,1,100.000,1,,128,0,0,,0,.000,0.0,,0.0,1,0,,0,0.000,Logos via Sports Logos.net / About logos,L,https://www.basketball-reference.com/boxscores/202401050PHI.html,Home,92,16:27,0,,NYK,OG Anunoby,Ryan Arcidiacono,3:30,Jericho Sims,2:26,Malachi Flynn,1:22,,,,,,,37:21,Isaiah Hartenstein,35:27,Jalen Brunson,32:23,Julius Randle,30:06,Josh Hart,29:35,Quentin Grimes,23:37,Donte DiVincenzo,16:42,Miles McBride,14:58,Precious Achiuwa,12:32,128,0,0,0.0,,0.0,,0.0,,Marcus Morris,36,0,2023-2024,0.0,0,0.0,PHI,92,Tyrese Maxey,KJ Martin,7:20,Mo Bamba,4:41,,,,,,,,,36:27,Joel Embiid,36:13,Kelly Oubre Jr.,30:59,Tobias Harris,24:03,Danuel House Jr.,22:18,Nicolas Batum,21:16,Jaden Springer,14:55,Patrick Beverley,13:34,Paul Reed,11:47
3,.429,7,58.333,1,,120,2,4,66.7,5,.417,2.0,40.0,5.0,12,2,1.000,2,16.667,Logos via Sports Logos.net / About logos,L,https://www.basketball-reference.com/boxscores/202401060PHI.html,Home,109,28:08,2,33.3,UTA,Lauri Markkanen,Ochai Agbaji,13:01,,,,,,,,,,,34:59,Simone Fontecchio,32:51,Jordan Clarkson,30:39,John Collins,27:52,Collin Sexton,27:07,Kris Dunn,23:14,Walker Kessler,19:07,Keyonte George,16:01,Kelly Olynyk,15:09,120,2,15,4.0,26.7,9.0,60.0,2.0,13.3,Marcus Morris,11,2,2023-2024,4.0,0,6.0,PHI,109,Tyrese Maxey,,,,,,,,,,,,,42:04,Kelly Oubre Jr.,37:28,Patrick Beverley,34:01,Nicolas Batum,26:04,Paul Reed,24:47,KJ Martin,17:11,Mo Bamba,16:57,Jaden Springer,13:20,,
3,.375,8,88.889,1,1.00,132,0,3,75.0,4,.444,1.0,100.0,1.0,9,6,1.000,6,66.667,Logos via Sports Logos.net / About logos,L,https://www.basketball-reference.com/boxscores/202401100ATL.html,Away,139,25:54,1,25.0,ATL,Trae Young,,,,,,,,,,,,,43:25,Jalen Johnson,40:56,Dejounte Murray,37:51,Saddiq Bey,36:46,Onyeka Okongwu,35:31,Bogdan Bogdanović,28:18,Trent Forrest,18:30,Bruno Fernando,17:29,Patty Mills,6:14,139,3,17,2.0,11.8,9.0,52.9,6.0,35.3,Marcus Morris,7,0,2023-2024,0.0,1,4.0,PHI,132,Tyrese Maxey,KJ Martin,5:32,,,,,,,,,,,42:55,Tobias Harris,41:15,Nicolas Batum,37:28,Kelly Oubre Jr.,31:45,De'Anthony Melton,21:18,Paul Reed,18:57,Mo Bamba,14:21,Jaden Springer,13:01,Patrick Beverley,12:31
0,,0,0.000,0,0.00,93,0,4,100.0,0,.000,0.0,0.0,5.0,5,0,,0,0.000,Logos via Sports Logos.net / About logos,W,https://www.basketball-reference.com/boxscores/202401120PHI.html,Home,112,16:43,0,0.0,SAC,De'Aaron Fox,Sasha Vezenkov,8:32,Alex Len,8:11,Davion Mitchell,5:46,Kessler Edwards,5:46,JaVale McGee,5:00,Juan Toscano-Anderson,2:38,37:49,Keegan Murray,35:13,Domantas Sabonis,32:45,Malik Monk,26:55,Trey Lyles,21:40,Harrison Barnes,21:06,Keon Ellis,10:02,Chris Duarte,9:48,Colby Jones,8:48,93,0,0,0.0,,0.0,,0.0,,Marcus Morris,19,0,2023-2024,0.0,1,4.0,PHI,112,Tyrese Maxey,KJ Martin,3:13,Jaden Springer,3:13,,,,,,,,,40:22,Tobias Harris,36:23,Patrick Beverley,27:09,Nicolas Batum,25:27,De'Anthony Melton,25:07,Paul Reed,24:27,Mo Bamba,20:20,Danuel House Jr.,14:22,Furkan Korkmaz,3:13
2,1.000,2,66.667,1,,115,0,5,100.0,3,1.000,1.0,100.0,1.0,3,0,,0,0.000,Logos via Sports Logos.net / About logos,W,https://www.basketball-reference.com/boxscores/202401150PHI.html,Home,124,14:01,0,0.0,HOU,Fred VanVleet,Jock Landale,8:45,Aaron Holiday,5:30,Jeenathan Williams,5:23,,,,,,,32:32,Dillon Brooks,31:21,Jabari Smith Jr.,31:00,Alperen Sengun,30:09,Jalen Green,27:17,Cam Whitmore,23:25,Amen Thompson,19:16,Jae'Sean Tate,12:48,Jeff Green,12:33,115,1,8,2.0,25.0,6.0,75.0,0.0,0.0,Marcus Morris,9,0,2023-2024,0.0,0,5.0,PHI,124,Tyrese Maxey,KJ Martin,6:05,,,,,,,,,,,35:22,Joel Embiid,31:16,Tobias Harris,30:50,Patrick Beverley,28:35,Nicolas Batum,27:33,Kelly Oubre Jr.,25:48,Danuel House Jr.,17:51,Paul Reed,16:31,Furkan Korkmaz,6:05
1,.500,2,66.667,0,,121,0,1,50.0,1,.333,0.0,0.0,1.0,3,4,.800,5,166.667,Logos via Sports Logos.net / About logos,W,https://www.basketball-reference.com/boxscores/202401160PHI.html,Home,126,18:36,1,50.0,DEN,Aaron Gordon,,,,,,,,,,,,,38:30,Jamal Murray,38:08,Nikola Jokić,38:00,Michael Porter Jr.,33:47,Kentavious Caldwell-Pope,32:47,Reggie Jackson,19:40,Christian Braun,17:48,Peyton Watson,11:18,DeAndre Jordan,9:59,121,3,7,0.0,0.0,3.0,42.9,4.0,57.1,Marcus Morris,5,0,2023-2024,0.0,0,2.0,PHI,126,Tyrese Maxey,,,,,,,,,,,,,42:54,Joel Embiid,38:33,Tobias Harris,37:59,Nicolas Batum,34:59,Patrick Beverley,26:35,Kelly Oubre Jr.,26:31,Paul Reed,9:27,Furkan Korkmaz,4:25,,
0,.000,2,20.000,0,0.00,124,0,5,55.6,5,.500,5.0,62.5,8.0,10,0,,0,0.000,Logos via Sports Logos.net / About logos,W,https://www.basketball-reference.com/boxscores/202401190ORL.html,Away,109,26:07,4,44.4,ORL,Paolo Banchero,Anthony Black,12:41,Jonathan Isaac,12:40,Moritz Wagner,6:23,Jett Howard,3:13,Trevelin Queen,3:13,Kevon Harris,3:13,32:07,Wendell Carter Jr.,26:02,Jalen Suggs,24:43,Joe Ingles,22:14,Markelle Fultz,22:00,Cole Anthony,20:35,Chuma Okeke,20:04,Goga Bitadze,15:35,Caleb Houstan,15:17,109,1,10,10.0,100.0,0.0,0.0,0.0,0.0,Marcus Morris,15,0,2023-2024,0.0,2,9.0,PHI,124,Tobias Harris,KJ Martin,1:49,Ricky Council IV,1:49,Furkan Korkmaz,1:49,,,,,,,34:45,Tyrese Maxey,33:30,Kelly Oubre Jr.,32:15,Joel Embiid,30:50,Patrick Beverley,28:26,Nicolas Batum,20:08,Paul Reed,15:21,Danuel House Jr.,11:22,Terquavion Smith,1:49
0,.000,3,75.000,0,,97,0,0,,0,.000,0.0,0.0,1.0,4,0,,0,0.000,Logos via Sports Logos.net / About logos,W,https://www.basketball-reference.com/boxscores/202401200CHO.html,Away,89,14:28,0,,CHO,Miles Bridges,Bryce McGowens,1:42,,,,,,,,,,,40:00,Terry Rozier,35:35,Brandon Miller,34:46,Cody Martin,28:57,P.J. Washington,25:51,JT Thor,21:35,Ish Smith,18:46,Nathan Mensah,17:46,Nick Smith Jr.,15:02,89,0,0,0.0,,0.0,,0.0,,Marcus Morris,8,0,2023-2024,0.0,0,0.0,PHI,97,Tyrese Maxey,Terquavion Smith,0:18,,,,,,,,,,,42:15,Joel Embiid,36:46,Tobias Harris,35:40,Nicolas Batum,29:11,Danuel House Jr.,27:20,Kelly Oubre Jr.,26:59,Furkan Korkmaz,15:31,Paul Reed,11:14,Ricky Council IV,0:18
1,.200,5,31.250,2,2.00,105,0,4,100.0,7,.438,6.0,54.5,11.0,16,2,1.000,2,12.500,Logos via Sports Logos.net / About logos,L,https://www.basketball-reference.com/boxscores/202401270DEN.html,Away,111,32:59,0,0.0,DEN,Jamal Murray,,,,,,,,,,,,,36:48,Nikola Jokić,36:40,Michael Porter Jr.,35:08,Kentavious Caldwell-Pope,32:56,Aaron Gordon,31:04,Peyton Watson,20:51,Reggie Jackson,18:17,Christian Braun,16:56,DeAndre Jordan,11:20,111,2,17,12.0,70.6,3.0,17.6,2.0,11.8,Marcus Morris,6,0,2023-2024,0.0,1,4.0,PHI,105,Paul Reed,,,,,,,,,,,,,42:04,Kelly Oubre Jr.,39:50,Patrick Beverley,36:38,Danuel House Jr.,27:47,Nicolas Batum,25:54,KJ Martin,18:41,Furkan Korkmaz,9:04,Jaden Springer,7:03,,
1,.333,3,42.857,0,0.00,104,0,2,100.0,3,.429,2.0,50.0,4.0,7,2,1.000,2,28.571,Logos via Sports Logos.net / About logos,L,https://www.basketball-reference.com/boxscores/202401290POR.html,Away,130,21:43,0,0.0,POR,Malcolm Brogdon,Kris Murray,8:11,Taze Moore,4:50,Rayan Rupert,4:50,,,,,,,32:21,Deandre Ayton,30:59,Jerami Grant,30:56,Jabari Walker,30:49,Anfernee Simons,28:07,Scoot Henderson,21:55,Matisse Thybulle,19:28,Toumani Camara,15:44,Duop Reath,11:50,130,1,9,4.0,44.4,3.0,33.3,2.0,22.2,Marcus Morris,26,0,2023-2024,0.0,3,2.0,PHI,104,Kelly Oubre Jr.,Ricky Council IV,9:06,Terquavion Smith,9:06,Jaden Springer,7:48,,,,,,,31:12,Patrick Beverley,30:22,Paul Reed,24:17,Nicolas Batum,24:11,Tobias Harris,20:23,Mo Bamba,18:44,KJ Martin,17:33,Danuel House Jr.,15:46,Furkan Korkmaz,9:49
0,.000,1,20.000,1,1.00,136,0,3,100.0,2,.400,2.0,50.0,4.0,5,0,,0,0.000,Logos via Sports Logos.net / About logos,L,https://www.basketball-reference.com/boxscores/202402030PHI.html,Home,121,19:12,0,0.0,BRK,Cam Thomas,Harry Giles,8:22,,,,,,,,,,,36:29,Cameron Johnson,32:53,Mikal Bridges,32:15,Lonnie Walker IV,30:09,Royce O'Neale,26:16,Spencer Dinwiddie,25:43,Nic Claxton,25:36,Ben Simmons,13:39,Trendon Watford,8:38,136,1,4,4.0,100.0,0.0,0.0,0.0,0.0,Marcus Morris,15,1,2023-2024,1.0,1,3.0,PHI,121,Tyrese Maxey,Ricky Council IV,11:46,Terquavion Smith,9:11,,,,,,,,,30:38,Furkan Korkmaz,26:56,Jaden Springer,25:38,Kelly Oubre Jr.,25:25,KJ Martin,21:21,Danuel House Jr.,19:57,Patrick Beverley,19:36,Mo Bamba,15:37,Paul Reed,14:43
2,.500,4,40.000,0,0.00,118,1,5,100.0,4,.400,2.0,33.3,6.0,10,0,,0,0.000,Logos via Sports Logos.net / About logos,L,https://www.basketball-reference.com/boxscores/202402050PHI.html,Home,102,23:30,0,0.0,DAL,Luka Dončić,A.J. Lawson,4:41,Richaun Holmes,4:41,Olivier-Maxence Prosper,3:11,Brandon Williams,3:11,,,,,35:34,Kyrie Irving,34:37,Josh Green,31:36,Grant Williams,28:17,Maxi Kleber,27:30,Tim Hardaway Jr.,21:44,Dwight Powell,15:49,Jaden Hardy,14:39,Derrick Jones Jr.,14:30,118,1,10,4.0,40.0,6.0,60.0,0.0,0.0,Marcus Morris,16,1,2023-2024,2.0,1,5.0,PHI,102,Tobias Harris,KJ Martin,5:41,Terquavion Smith,5:41,Furkan Korkmaz,5:41,,,,,,,34:39,Tyrese Maxey,32:51,Kelly Oubre Jr.,31:42,Paul Reed,22:20,Patrick Beverley,21:09,Jaden Springer,21:01,Mo Bamba,17:46,Danuel House Jr.,12:18,Ricky Council IV,5:41
4,.800,5,71.429,0,,108,0,4,100.0,5,.714,1.0,50.0,2.0,7,0,,0,0.000,Logos via Sports Logos.net / About logos,W,https://www.basketball-reference.com/boxscores/202403180IND.html,Away,103,19:52,0,0.0,IND,Aaron Nesmith,,,,,,,,,,,,,35:04,Tyrese Haliburton,32:29,Pascal Siakam,31:58,Andrew Nembhard,31:45,Myles Turner,28:38,T.J. McConnell,21:17,Ben Sheppard,19:50,Obi Toppin,19:45,Jalen Smith,19:14,103,3,14,2.0,14.3,12.0,85.7,0.0,0.0,Marcus Morris,5,0,2023-2024,0.0,0,4.0,CLE,108,Caris LeVert,,,,,,,,,,,,,37:59,Darius Garland,36:05,Jarrett Allen,33:59,Georges Niang,33:20,Isaac Okoro,33:13,Sam Merrill,24:36,Tristan Thompson,14:01,Craig Porter Jr.,6:55,,
1,.500,2,66.667,3,3.00,107,0,1,50.0,1,.333,0.0,0.0,1.0,3,1,.500,2,66.667,Logos via Sports Logos.net / About logos,L,https://www.basketball-reference.com/boxscores/202403200CLE.html,Home,104,16:15,1,50.0,MIA,Jimmy Butler,Haywood Highsmith,4:54,,,,,,,,,,,37:00,Nikola Jović,33:21,Terry Rozier,33:07,Caleb Martin,32:07,Jaime Jaquez Jr.,31:13,Patty Mills,25:21,Delon Wright,15:22,Thomas Bryant,14:58,Orlando Robinson,12:37,107,2,4,0.0,0.0,3.0,75.0,1.0,25.0,Marcus Morris,3,0,2023-2024,0.0,1,2.0,CLE,104,Darius Garland,,,,,,,,,,,,,40:46,Jarrett Allen,38:50,Isaac Okoro,38:27,Caris LeVert,36:56,Georges Niang,34:49,Sam Merrill,20:37,Tristan Thompson,9:23,Craig Porter Jr.,3:57,,
1,.200,5,50.000,1,0.25,91,0,7,100.0,4,.400,3.0,60.0,5.0,10,2,1.000,2,20.000,Logos via Sports Logos.net / About logos,L,https://www.basketball-reference.com/boxscores/202403220MIN.html,Away,104,26:29,0,0.0,MIN,Rudy Gobert,,,,,,,,,,,,,37:11,Anthony Edwards,34:43,Jaden McDaniels,32:11,Mike Conley,32:08,Kyle Anderson,26:57,Naz Reid,25:58,Jordan McLaughlin,18:33,Monte Morris,17:51,Nickeil Alexander-Walker,14:27,104,0,11,6.0,54.5,3.0,27.3,2.0,18.2,Marcus Morris,13,0,2023-2024,0.0,4,7.0,CLE,91,Caris LeVert,,,,,,,,,,,,,37:44,Isaac Okoro,35:32,Darius Garland,35:03,Georges Niang,33:41,Jarrett Allen,32:53,Sam Merrill,23:31,Tristan Thompson,15:06,,,,
0,.000,3,30.000,2,,84,1,2,100.0,3,.300,3.0,42.9,7.0,10,1,.500,2,20.000,Logos via Sports Logos.net / About logos,L,https://www.basketball-reference.com/boxscores/202403240MIA.html,Away,121,21:25,0,0.0,MIA,Terry Rozier,Jamal Cain,9:20,Cole Swider,7:25,Orlando Robinson,5:25,,,,,,,30:43,Delon Wright,30:07,Bam Adebayo,27:42,Haywood Highsmith,24:41,Jimmy Butler,24:25,Patty Mills,21:41,Thomas Bryant,20:18,Caleb Martin,19:44,Nikola Jović,18:29,121,0,7,6.0,85.7,0.0,0.0,1.0,14.3,Marcus Morris,37,1,2023-2024,2.0,0,2.0,CLE,84,Sam Merrill,Damian Jones,10:32,Tristan Thompson,10:02,,,,,,,,,31:11,Craig Porter Jr.,26:58,Georges Niang,24:24,Darius Garland,22:22,Jarrett Allen,22:09,Evan Mobley,21:02,Caris LeVert,20:16,Isaac Okoro,19:06,Emoni Bates,10:32
1,1.000,1,50.000,0,,92,0,0,,1,.500,0.0,0.0,1.0,2,0,,0,0.000,Logos via Sports Logos.net / About logos,W,https://www.basketball-reference.com/boxscores/202403250CLE.html,Home,115,7:30,0,,CHO,Miles Bridges,Bryce McGowens,3:06,Nick Smith Jr.,3:06,Amari Bailey,3:06,,,,,,,37:36,Brandon Miller,36:58,Tre Mann,33:38,Vasilije Micić,30:44,Grant Williams,27:04,Nick Richards,23:18,Aleksej Pokusevski,19:21,Dāvis Bertāns,17:07,JT Thor,4:56,92,1,3,0.0,0.0,3.0,100.0,0.0,0.0,Marcus Morris,23,0,2023-2024,0.0,0,0.0,CLE,115,Jarrett Allen,Damian Jones,3:06,Emoni Bates,3:06,Pete Nance,3:06,,,,,,,33:18,Caris LeVert,33:17,Darius Garland,32:53,Isaac Okoro,30:37,Sam Merrill,25:10,Evan Mobley,24:56,Georges Niang,24:44,Craig Porter Jr.,14:26,Tristan Thompson,3:51
1,.500,2,100.000,1,1.00,114,0,3,60.0,1,.500,0.0,,0.0,2,0,,0,0.000,Logos via Sports Logos.net / About logos,W,https://www.basketball-reference.com/boxscores/202403290CLE.html,Home,117,16:34,2,40.0,PHI,Tyrese Maxey,Cameron Payne,4:32,,,,,,,,,,,42:34,Tobias Harris,34:49,Kyle Lowry,31:44,Nicolas Batum,30:50,Paul Reed,25:57,Mo Bamba,21:42,Kelly Oubre Jr.,20:45,Buddy Hield,18:08,Ricky Council IV,8:59,114,0,3,0.0,0.0,3.0,100.0,0.0,0.0,Marcus Morris,3,0,2023-2024,0.0,1,5.0,CLE,117,Darius Garland,,,,,,,,,,,,,35:14,Donovan Mitchell,32:17,Evan Mobley,30:36,Georges Niang,30:36,Max Strus,27:22,Jarrett Allen,26:10,Sam Merrill,20:46,Isaac Okoro,14:47,Tristan Thompson,5:38
1,.333,3,42.857,0,0.00,101,0,0,,3,.429,2.0,50.0,4.0,7,0,,0,0.000,Logos via Sports Logos.net / About logos,L,https://www.basketball-reference.com/boxscores/202403310DEN.html,Away,130,12:19,0,,DEN,Kentavious Caldwell-Pope,Hunter Tyson,3:31,Jay Huff,3:31,Julian Strawther,3:31,Jalen Pickett,2:59,Collin Gillespie,2:59,,,34:59,Nikola Jokić,34:38,Michael Porter Jr.,28:37,Aaron Gordon,28:34,Christian Braun,28:18,Reggie Jackson,22:59,Peyton Watson,19:55,Justin Holiday,19:38,DeAndre Jordan,5:51,130,1,7,4.0,57.1,3.0,42.9,0.0,0.0,Marcus Morris,29,0,2023-2024,0.0,2,0.0,CLE,101,Caris LeVert,Damian Jones,5:01,,,,,,,,,,,32:53,Donovan Mitchell,30:53,Darius Garland,28:42,Evan Mobley,28:36,Max Strus,27:08,Jarrett Allen,26:30,Georges Niang,23:14,Sam Merrill,15:40,Tristan Thompson,9:04
2,.500,4,66.667,2,2.00,129,1,0,,3,.500,1.0,50.0,2.0,6,0,,0,0.000,Logos via Sports Logos.net / About logos,W,https://www.basketball-reference.com/boxscores/202404020UTA.html,Away,113,19:28,0,,UTA,Keyonte George,Walker Kessler,9:11,,,,,,,,,,,36:19,Collin Sexton,34:29,Brice Sensabaugh,30:24,Omer Yurtseven,30:16,Taylor Hendricks,27:32,Kris Dunn,23:08,Luka Šamanić,18:42,Kira Lewis Jr.,17:23,Talen Horton-Tucker,12:36,113,1,8,2.0,25.0,6.0,75.0,0.0,0.0,Marcus Morris,16,1,2023-2024,2.0,1,0.0,CLE,129,Caris LeVert,,,,,,,,,,,,,34:02,Jarrett Allen,33:12,Max Strus,32:41,Sam Merrill,32:02,Darius Garland,31:52,Evan Mobley,31:08,Georges Niang,18:46,Damian Jones,4:17,Tristan Thompson,2:31
0,,0,,0,,101,0,0,,0,,0.0,,0.0,0,0,,0,,Logos via Sports Logos.net / About logos,L,https://www.basketball-reference.com/boxscores/202404030PHO.html,Away,122,4:26,0,,PHO,Devin Booker,Udoka Azubuike,1:27,Nassir Little,1:27,David Roddy,1:27,Isaiah Thomas,1:27,,,,,36:53,Kevin Durant,35:39,Royce O'Neale,34:33,Bradley Beal,32:26,Jusuf Nurkić,31:40,Eric Gordon,24:27,Bol Bol,22:13,Drew Eubanks,14:53,Saben Lee,1:27,122,0,0,0.0,,0.0,,0.0,,Marcus Morris,21,0,2023-2024,0.0,0,0.0,CLE,101,Darius Garland,Isaiah Mobley,1:27,Pete Nance,1:27,Tristan Thompson,1:27,,,,,,,39:49,Max Strus,38:29,Donovan Mitchell,37:54,Jarrett Allen,37:16,Evan Mobley,36:05,Caris LeVert,24:02,Georges Niang,11:21,Sam Merrill,4:49,Damian Jones,1:27
0,,0,0.000,1,1.00,97,0,0,0.0,1,.500,1.0,50.0,2.0,2,1,.500,2,100.000,Logos via Sports Logos.net / About logos,L,https://www.basketball-reference.com/boxscores/202404060LAL.html,Away,116,4:30,1,100.0,LAL,Anthony Davis,Max Christie,1:33,Maxwell Lewis,1:33,Colin Castleton,1:07,,,,,,,36:19,LeBron James,35:54,Austin Reaves,33:29,D'Angelo Russell,31:00,Rui Hachimura,27:07,Spencer Dinwiddie,25:03,Taurean Prince,20:53,Gabe Vincent,14:21,Jaxson Hayes,11:41,116,0,3,2.0,66.7,0.0,0.0,1.0,33.3,Marcus Morris,19,0,2023-2024,0.0,1,1.0,CLE,97,Donovan Mitchell,Isaiah Mobley,1:33,Pete Nance,1:33,Craig Porter Jr.,1:33,Tristan Thompson,0:46,,,,,38:06,Darius Garland,34:55,Jarrett Allen,33:45,Max Strus,29:37,Evan Mobley,28:56,Caris LeVert,28:15,Georges Niang,22:33,Sam Merrill,12:25,Damian Jones,1:33
0,,0,0.000,0,,118,0,1,100.0,1,1.000,1.0,100.0,1.0,1,0,,0,0.000,Logos via Sports Logos.net / About logos,L,https://www.basketball-reference.com/boxscores/202404070LAC.html,Away,120,12:33,0,0.0,LAC,Paul George,,,,,,,,,,,,,44:07,Terance Mann,28:57,Norman Powell,28:08,Amir Coffey,28:02,Ivica Zubac,27:23,James Harden,26:12,Russell Westbrook,25:25,Mason Plumlee,17:18,P.J. Tucker,14:28,120,3,2,2.0,100.0,0.0,0.0,0.0,0.0,Marcus Morris,2,0,2023-2024,0.0,0,1.0,CLE,118,Darius Garland,,,,,,,,,,,,,40:07,Max Strus,39:13,Caris LeVert,36:44,Jarrett Allen,34:47,Evan Mobley,31:24,Isaac Okoro,25:17,Georges Niang,14:03,Sam Merrill,5:52,,
1,.250,4,44.444,0,0.00,120,0,2,66.7,3,.333,2.0,40.0,5.0,9,0,,0,0.000,Logos via Sports Logos.net / About logos,L,https://www.basketball-reference.com/boxscores/202404140CLE.html,Home,110,18:48,1,33.3,CHO,JT Thor,,,,,,,,,,,,,41:06,Nick Smith Jr.,32:34,Leaky Black,32:02,Marques Bolden,29:52,Bryce McGowens,29:43,Tre Mann,24:14,Amari Bailey,21:38,Aleksej Pokusevski,19:21,Vasilije Micić,9:30,120,2,7,4.0,57.1,3.0,42.9,0.0,0.0,Marcus Morris,10,0,2023-2024,0.0,1,3.0,CLE,110,Max Strus,Tristan Thompson,11:53,Craig Porter Jr.,9:30,,,,,,,,,30:35,Emoni Bates,29:25,Isaac Okoro,29:03,Evan Mobley,25:24,Jarrett Allen,22:34,Georges Niang,22:34,Isaiah Mobley,16:14,Damian Jones,12:00,Pete Nance,12:00
1,.250,4,66.667,0,0.00,83,0,2,100.0,2,.333,1.0,50.0,2.0,6,0,,0,0.000,Logos via Sports Logos.net / About logos,L,https://www.basketball-reference.com/boxscores/202404250ORL.html,Away,121,9:29,0,0.0,ORL,Franz Wagner,Joe Ingles,9:32,Caleb Houstan,6:59,Anthony Black,6:36,Jett Howard,5:35,Chuma Okeke,5:35,Goga Bitadze,5:35,30:08,Paolo Banchero,29:19,Jalen Suggs,27:53,Wendell Carter Jr.,24:44,Gary Harris,21:06,Moritz Wagner,17:41,Markelle Fultz,17:01,Cole Anthony,16:16,Jonathan Isaac,16:00,121,1,5,2.0,40.0,3.0,60.0,0.0,0.0,Marcus Morris,38,0,2023-2024,0.0,1,2.0,CLE,83,Darius Garland,Tristan Thompson,10:10,Damian Jones,6:59,,,,,,,,,30:52,Caris LeVert,29:17,Donovan Mitchell,26:52,Jarrett Allen,24:19,Max Strus,24:12,Evan Mobley,22:18,Sam Merrill,21:42,Georges Niang,17:57,Isaac Okoro,15:53
0,.000,1,25.000,0,,89,0,3,100.0,2,.500,2.0,66.7,3.0,4,0,,0,0.000,Logos via Sports Logos.net / About logos,L,https://www.basketball-reference.com/boxscores/202404270ORL.html,Away,112,5:34,0,0.0,ORL,Franz Wagner,Joe Ingles,5:09,Chuma Okeke,4:10,Anthony Black,4:10,Goga Bitadze,4:10,Caleb Houstan,4:10,Jett Howard,4:10,39:37,Paolo Banchero,29:23,Jalen Suggs,28:33,Gary Harris,23:48,Wendell Carter Jr.,23:42,Jonathan Isaac,19:33,Markelle Fultz,19:06,Cole Anthony,15:17,Moritz Wagner,15:02,112,0,4,4.0,100.0,0.0,0.0,0.0,0.0,Marcus Morris,23,0,2023-2024,0.0,0,3.0,CLE,89,Donovan Mitchell,Sam Merrill,5:34,,,,,,,,,,,36:23,Darius Garland,32:11,Evan Mobley,31:58,Max Strus,29:42,Jarrett Allen,28:39,Caris LeVert,25:52,Isaac Okoro,21:02,Georges Niang,17:20,Tristan Thompson,5:45
2,.400,5,55.556,1,,103,0,3,100.0,4,.444,2.0,50.0,4.0,9,2,1.000,2,22.222,Logos via Sports Logos.net / About logos,W,https://www.basketball-reference.com/boxscores/202404300CLE.html,Home,104,25:49,0,0.0,ORL,Jalen Suggs,Joe Ingles,10:02,,,,,,,,,,,38:52,Franz Wagner,38:01,Paolo Banchero,37:42,Wendell Carter Jr.,33:14,Jonathan Isaac,22:08,Gary Harris,19:12,Moritz Wagner,14:41,Markelle Fultz,14:38,Cole Anthony,11:30,103,3,12,4.0,33.3,6.0,50.0,2.0,16.7,Marcus Morris,1,0,2023-2024,0.0,0,3.0,CLE,104,Donovan Mitchell,,,,,,,,,,,,,40:00,Max Strus,39:50,Evan Mobley,39:24,Darius Garland,38:51,Isaac Okoro,22:32,Caris LeVert,19:15,Tristan Thompson,8:38,Sam Merrill,5:41,,
0,.000,4,57.143,2,2.00,96,0,7,87.5,1,.143,1.0,33.3,3.0,7,0,,0,0.000,Logos via Sports Logos.net / About logos,L,https://www.basketball-reference.com/boxscores/202405030ORL.html,Away,103,26:48,1,12.5,ORL,Paolo Banchero,,,,,,,,,,,,,41:50,Franz Wagner,41:35,Wendell Carter Jr.,35:31,Jalen Suggs,35:22,Jonathan Isaac,23:10,Markelle Fultz,22:55,Cole Anthony,18:54,Moritz Wagner,12:20,Joe Ingles,8:23,103,3,2,2.0,100.0,0.0,0.0,0.0,0.0,Marcus Morris,7,0,2023-2024,0.0,1,8.0,CLE,96,Darius Garland,,,,,,,,,,,,,43:19,Donovan Mitchell,41:34,Max Strus,38:44,Evan Mobley,34:21,Isaac Okoro,24:21,Tristan Thompson,12:07,Georges Niang,11:24,Caris LeVert,7:22,,
0,,0,,0,,94,0,2,100.0,0,,0.0,,0.0,0,0,,0,,Logos via Sports Logos.net / About logos,W,https://www.basketball-reference.com/boxscores/202405050CLE.html,Home,106,7:03,0,0.0,ORL,Paolo Banchero,Joe Ingles,5:46,,,,,,,,,,,41:57,Jalen Suggs,39:36,Franz Wagner,34:48,Wendell Carter Jr.,34:31,Gary Harris,27:27,Jonathan Isaac,18:14,Markelle Fultz,13:05,Cole Anthony,13:04,Moritz Wagner,11:32,94,0,0,0.0,,0.0,,0.0,,Marcus Morris,12,1,2023-2024,1.0,0,2.0,CLE,106,Donovan Mitchell,,,,,,,,,,,,,45:18,Evan Mobley,41:14,Isaac Okoro,33:04,Max Strus,32:15,Darius Garland,30:27,Caris LeVert,29:34,Sam Merrill,11:16,Tristan Thompson,6:46,Georges Niang,3:03
1,.500,2,66.667,0,,95,0,2,66.7,1,.333,0.0,0.0,1.0,3,0,,0,0.000,Logos via Sports Logos.net / About logos,L,https://www.basketball-reference.com/boxscores/202405070BOS.html,Away,120,9:12,1,33.3,BOS,Jrue Holiday,Neemias Queta,2:58,Oshae Brissett,2:58,,,,,,,,,35:52,Jayson Tatum,34:40,Jaylen Brown,33:53,Derrick White,32:43,Al Horford,27:29,Payton Pritchard,24:23,Luke Kornet,21:14,Sam Hauser,16:33,Xavier Tillman Sr.,7:16,120,0,3,0.0,0.0,3.0,100.0,0.0,0.0,Marcus Morris,25,0,2023-2024,0.0,0,3.0,CLE,95,Donovan Mitchell,,,,,,,,,,,,,36:45,Darius Garland,35:40,Max Strus,34:42,Evan Mobley,31:57,Isaac Okoro,28:33,Caris LeVert,26:27,Sam Merrill,17:24,Tristan Thompson,15:36,Georges Niang,3:42
0,.000,1,25.000,0,,118,0,0,,2,.500,2.0,66.7,3.0,4,0,,0,0.000,Logos via Sports Logos.net / About logos,W,https://www.basketball-reference.com/boxscores/202405090BOS.html,Away,94,15:41,0,,BOS,Jayson Tatum,Oshae Brissett,4:58,Jaden Springer,4:58,Jordan Walsh,4:58,Svi Mykhailiuk,4:58,Neemias Queta,4:58,,,37:32,Jrue Holiday,34:52,Jaylen Brown,31:17,Derrick White,30:17,Al Horford,28:47,Payton Pritchard,19:44,Luke Kornet,12:10,Xavier Tillman Sr.,11:05,Sam Hauser,9:26,94,1,4,4.0,100.0,0.0,0.0,0.0,0.0,Marcus Morris,24,1,2023-2024,1.0,0,0.0,CLE,118,Max Strus,Damian Jones,2:10,,,,,,,,,,,40:00,Donovan Mitchell,39:27,Darius Garland,34:05,Evan Mobley,33:03,Caris LeVert,26:56,Isaac Okoro,21:20,Georges Niang,13:47,Tristan Thompson,10:19,Sam Merrill,3:12
0,,0,0.000,0,,106,0,1,100.0,0,.000,0.0,0.0,2.0,2,0,,0,0.000,Logos via Sports Logos.net / About logos,L,https://www.basketball-reference.com/boxscores/202405110CLE.html,Home,93,4:36,0,0.0,BOS,Jayson Tatum,Svi Mykhailiuk,1:00,Jaden Springer,1:00,Jordan Walsh,0:56,,,,,,,41:58,Jaylen Brown,40:39,Al Horford,38:46,Jrue Holiday,37:40,Derrick White,36:54,Payton Pritchard,22:20,Sam Hauser,9:56,Luke Kornet,7:51,Oshae Brissett,1:00,106,0,0,0.0,,0.0,,0.0,,Marcus Morris,13,0,2023-2024,0.0,0,1.0,CLE,93,Donovan Mitchell,,,,,,,,,,,,,43:24,Darius Garland,37:51,Max Strus,37:27,Evan Mobley,37:06,Caris LeVert,29:37,Isaac Okoro,17:47,Dean Wade,16:48,Sam Merrill,10:53,Tristan Thompson,4:31
5,.833,6,46.154,0,0.00,98,0,3,100.0,10,.769,5.0,71.4,7.0,13,0,.000,1,7.692,Logos via Sports Logos.net / About logos,L,https://www.basketball-reference.com/boxscores/202405150BOS.html,Away,113,33:30,0,0.0,BOS,Jayson Tatum,,,,,,,,,,,,,43:21,Jrue Holiday,41:22,Jaylen Brown,40:44,Derrick White,36:08,Al Horford,34:58,Payton Pritchard,21:17,Luke Kornet,12:14,Sam Hauser,9:56,,,113,0,25,10.0,40.0,15.0,60.0,0.0,0.0,Marcus Morris,15,2,2023-2024,2.0,1,3.0,CLE,98,Max Strus,,,,,,,,,,,,,44:38,Darius Garland,44:06,Evan Mobley,43:25,Sam Merrill,27:44,Dean Wade,21:33,Isaac Okoro,12:27,Georges Niang,8:02,Tristan Thompson,4:35,,
