3P,3P%,3PA,3PAr,AST,AST/TOV,Away_Score,BLK,DRB,DRB_Pct_of_TRB,FG,FG%,FG2,FG2%,FG2A,FGA,FT,FT%,FTA,FTr,Game_Date,Game_Result,Game_URL,Home/Away,Home_Score,MP,ORB,ORB_Pct_of_TRB,Opponent,Opponent_1,Opponent_10,Opponent_10_MP,Opponent_11,Opponent_11_MP,Opponent_12,Opponent_12_MP,Opponent_13,Opponent_13_MP,Opponent_14,Opponent_14_MP,Opponent_15,Opponent_15_MP,Opponent_1_MP,Opponent_2,Opponent_2_MP,Opponent_3,Opponent_3_MP,Opponent_4,Opponent_4_MP,Opponent_5,Opponent_5_MP,Opponent_6,Opponent_6_MP,Opponent_7,Opponent_7_MP,Opponent_8,Opponent_8_MP,Opponent_9,Opponent_9_MP,Opponent_Score,PF,PTS,PTS_2P,PTS_2P_Pct,PTS_3P,PTS_3P_Pct,PTS_FT,PTS_FT_Pct,Player,Point_Differential,STL,Season,Stocks,TOV,TRB,Team,Team_Score,Teammate_1,Teammate_10,Teammate_10_MP,Teammate_11,Teammate_11_MP,Teammate_12,Teammate_12_MP,Teammate_13,Teammate_13_MP,Teammate_14,Teammate_14_MP,Teammate_15,Teammate_15_MP,Teammate_1_MP,Teammate_2,Teammate_2_MP,Teammate_3,Teammate_3_MP,Teammate_4,Teammate_4_MP,Teammate_5,Teammate_5_MP,Teammate_6,Teammate_6_MP,Teammate_7,Teammate_7_MP,Teammate_8,Teammate_8_MP,Teammate_9,Teammate_9_MP
0,,0,0.000,0,,107,0,0,,1,1.000,1.0,100.0,1.0,1,0,,0,0.000,Logos via Sports Logos.net / About logos,W,https://www.basketball-reference.com/boxscores/201810170NYK.html,Home,126,1:18,0,,ATL,Trae Young,Miles Plumlee,9:22,Omari Spellman,8:19,Kevin Huerter,4:35,Jaylen Adams,4:17,,,,,33:08,Taurean Prince,32:19,Kent Bazemore,30:16,Vince Carter,23:58,DeAndre' Bembry,23:19,Alex Len,21:26,Alex Poythress,20:43,Tyler Dorsey,14:36,Jeremy Lin,13:42,107,0,2,2.0,100.0,0.0,0.0,0.0,0.0,Mitchell Robinson,19,0,2018-2019,0.0,0,0.0,NYK,126,Frank Ntilikina,Lance Thomas,15:30,,,,,,,,,,,33:38,Tim Hardaway Jr.,28:51,Ron Baker,27:26,Enes Freedom,27:12,Allonzo Trier,26:17,Kevin Knox,23:38,Trey Burke,20:34,Mario Hezonja,19:14,Noah Vonleh,16:22
0,,0,0.000,0,,103,0,1,50.0,0,.000,0.0,0.0,1.0,1,1,.500,2,200.000,Logos via Sports Logos.net / About logos,L,https://www.basketball-reference.com/boxscores/201810200NYK.html,Home,101,9:25,1,50.0,BOS,Jaylen Brown,Guerschon Yabusele,5:47,Semi Ojeleye,2:18,,,,,,,,,38:27,Jayson Tatum,35:11,Kyrie Irving,32:06,Marcus Smart,28:01,Marcus Morris,25:39,Al Horford,23:55,Terry Rozier,22:54,Daniel Theis,14:03,Aron Baynes,11:39,103,1,1,0.0,0.0,0.0,0.0,1.0,100.0,Mitchell Robinson,2,0,2018-2019,0.0,0,2.0,NYK,101,Tim Hardaway Jr.,Mario Hezonja,9:45,Kevin Knox,4:07,,,,,,,,,37:24,Enes Freedom,31:08,Trey Burke,30:27,Allonzo Trier,25:15,Damyean Dotson,22:21,Noah Vonleh,21:42,Frank Ntilikina,18:52,Lance Thomas,17:07,Ron Baker,12:27
0,,0,0.000,0,,87,1,0,0.0,2,.667,2.0,66.7,3.0,3,0,,0,0.000,Logos via Sports Logos.net / About logos,L,https://www.basketball-reference.com/boxscores/201810240MIA.html,Away,110,12:00,3,100.0,MIA,Josh Richardson,Udonis Haslem,3:53,,,,,,,,,,,34:51,Rodney McGruder,31:17,Kelly Olynyk,30:23,Goran Dragić,28:31,Tyler Johnson,27:20,Hassan Whiteside,26:54,Dwyane Wade,25:54,Bam Adebayo,21:06,Duncan Robinson,9:51,110,1,4,4.0,100.0,0.0,0.0,0.0,0.0,Mitchell Robinson,23,0,2018-2019,1.0,0,3.0,NYK,87,Damyean Dotson,Trey Burke,16:46,Luke Kornet,6:14,,,,,,,,,34:28,Frank Ntilikina,30:56,Tim Hardaway Jr.,22:45,Mario Hezonja,21:56,Allonzo Trier,21:22,Lance Thomas,19:50,Enes Freedom,18:42,Ron Baker,17:43,Noah Vonleh,17:18
0,,0,0.000,0,0.00,128,0,2,33.3,3,.600,3.0,60.0,5.0,5,1,.500,2,40.000,Logos via Sports Logos.net / About logos,L,https://www.basketball-reference.com/boxscores/201810260NYK.html,Home,100,29:25,4,66.7,GSW,Kevin Durant,Shaun Livingston,8:54,Alfonzo McKinnie,8:41,Quinn Cook,2:04,Jacob Evans,2:04,,,,,36:08,Klay Thompson,33:43,Stephen Curry,33:24,Draymond Green,32:13,Andre Iguodala,24:03,Jonas Jerebko,18:38,Kevon Looney,14:48,Damian Jones,14:08,Jordan Bell,11:12,128,2,7,6.0,85.7,0.0,0.0,1.0,14.3,Mitchell Robinson,28,2,2018-2019,2.0,1,6.0,NYK,100,Tim Hardaway Jr.,Luke Kornet,2:04,,,,,,,,,,,34:41,Damyean Dotson,29:33,Frank Ntilikina,25:57,Noah Vonleh,22:21,Trey Burke,22:03,Enes Freedom,20:12,Lance Thomas,19:27,Mario Hezonja,17:51,Allonzo Trier,16:26
0,,0,0.000,1,,96,1,1,33.3,5,1.000,5.0,100.0,5.0,5,1,.500,2,40.000,Logos via Sports Logos.net / About logos,W,https://www.basketball-reference.com/boxscores/201810290NYK.html,Home,115,15:07,2,66.7,BRK,Caris LeVert,Ed Davis,12:23,Džanan Musa,4:09,Kenneth Faried,4:09,,,,,,,29:29,Joe Harris,27:33,D'Angelo Russell,27:19,Rondae Hollis-Jefferson,27:00,Spencer Dinwiddie,25:24,Allen Crabbe,25:00,Jarrett Allen,20:29,Shabazz Napier,18:53,Jared Dudley,18:12,96,3,11,10.0,90.9,0.0,0.0,1.0,9.1,Mitchell Robinson,19,1,2018-2019,2.0,0,3.0,NYK,115,Tim Hardaway Jr.,Ron Baker,2:24,Luke Kornet,2:24,Emmanuel Mudiay,2:24,,,,,,,34:54,Frank Ntilikina,31:35,Noah Vonleh,28:39,Damyean Dotson,28:00,Enes Freedom,26:19,Allonzo Trier,24:41,Mario Hezonja,20:13,Trey Burke,14:01,Lance Thomas,9:19
0,,0,0.000,0,0.00,107,2,3,75.0,0,.000,0.0,0.0,3.0,3,0,,0,0.000,Logos via Sports Logos.net / About logos,L,https://www.basketball-reference.com/boxscores/201810310NYK.html,Home,101,17:41,1,25.0,IND,Thaddeus Young,Kyle O'Quinn,2:59,,,,,,,,,,,33:53,Victor Oladipo,32:17,Bojan Bogdanović,31:59,Cory Joseph,31:39,Myles Turner,28:55,Darren Collison,23:47,Domantas Sabonis,21:26,Tyreke Evans,20:30,Doug McDermott,12:35,107,1,0,0.0,,0.0,,0.0,,Mitchell Robinson,6,0,2018-2019,2.0,1,4.0,NYK,101,Tim Hardaway Jr.,,,,,,,,,,,,,37:56,Frank Ntilikina,32:50,Noah Vonleh,32:49,Damyean Dotson,31:57,Allonzo Trier,23:07,Enes Freedom,21:05,Lance Thomas,16:05,Trey Burke,14:00,Mario Hezonja,12:30
0,,0,0.000,3,,118,1,5,50.0,5,.833,5.0,83.3,6.0,6,3,.750,4,66.667,Logos via Sports Logos.net / About logos,W,https://www.basketball-reference.com/boxscores/201811020DAL.html,Away,106,34:01,5,50.0,DAL,Harrison Barnes,Jalen Brunson,3:27,,,,,,,,,,,35:15,Luka Dončić,34:58,DeAndre Jordan,32:17,Dennis Smith Jr.,31:53,Wesley Matthews,31:06,Dorian Finney-Smith,27:15,J.J. Barea,15:21,Dwight Powell,15:14,Maxi Kleber,13:14,106,5,13,10.0,76.9,0.0,0.0,3.0,23.1,Mitchell Robinson,12,3,2018-2019,4.0,0,10.0,NYK,118,Damyean Dotson,Trey Burke,6:50,,,,,,,,,,,36:21,Tim Hardaway Jr.,33:49,Frank Ntilikina,32:02,Allonzo Trier,24:02,Enes Freedom,20:10,Lance Thomas,17:25,Emmanuel Mudiay,15:58,Noah Vonleh,10:17,Mario Hezonja,9:05
0,,0,0.000,0,,95,1,2,33.3,3,.500,3.0,50.0,6.0,6,4,1.000,4,66.667,Logos via Sports Logos.net / About logos,L,https://www.basketball-reference.com/boxscores/201811040WAS.html,Away,108,26:18,4,66.7,WAS,Bradley Beal,Troy Brown Jr.,1:27,Thomas Bryant,1:27,Jordan McRae,1:27,,,,,,,39:32,John Wall,37:53,Markieff Morris,31:06,Dwight Howard,30:37,Jeff Green,27:28,Austin Rivers,25:08,Kelly Oubre Jr.,24:06,Tomáš Satoranský,14:27,Jason Smith,5:22,108,4,10,6.0,60.0,0.0,0.0,4.0,40.0,Mitchell Robinson,13,0,2018-2019,1.0,0,6.0,NYK,95,Damyean Dotson,Lance Thomas,7:47,Ron Baker,2:10,Luke Kornet,2:10,,,,,,,30:32,Mario Hezonja,25:08,Tim Hardaway Jr.,24:18,Enes Freedom,24:16,Emmanuel Mudiay,22:49,Frank Ntilikina,22:31,Allonzo Trier,21:31,Trey Burke,20:09,Noah Vonleh,10:21
0,,0,0.000,0,,116,2,2,66.7,0,.000,0.0,0.0,2.0,2,0,,0,0.000,Logos via Sports Logos.net / About logos,L,https://www.basketball-reference.com/boxscores/201811050NYK.html,Home,115,11:03,1,33.3,CHI,Zach LaVine,Chandler Hutchison,15:33,,,,,,,,,,,49:01,Justin Holiday,46:51,Jabari Parker,42:25,Cameron Payne,40:44,Wendell Carter Jr.,22:20,Antonio Blakeney,20:08,Cristiano Felício,18:23,Robin Lopez,17:19,Ryan Arcidiacono,17:16,116,4,0,0.0,,0.0,,0.0,,Mitchell Robinson,1,0,2018-2019,2.0,0,3.0,NYK,115,Allonzo Trier,Kevin Knox,4:59,,,,,,,,,,,41:48,Damyean Dotson,41:24,Enes Freedom,40:57,Mario Hezonja,36:00,Noah Vonleh,34:34,Emmanuel Mudiay,34:25,Trey Burke,23:38,Frank Ntilikina,16:12,Lance Thomas,5:00
0,,0,0.000,0,0.00,112,2,3,50.0,2,1.000,2.0,100.0,2.0,2,1,.500,2,100.000,Logos via Sports Logos.net / About logos,W,https://www.basketball-reference.com/boxscores/201811070ATL.html,Away,107,14:53,3,50.0,ATL,DeAndre' Bembry,Vince Carter,10:31,Alex Poythress,8:49,,,,,,,,,32:51,Kent Bazemore,31:19,Taurean Prince,31:10,Trae Young,30:38,Omari Spellman,28:28,Jeremy Lin,21:55,Dewayne Dedmon,17:08,Alex Len,16:03,Miles Plumlee,11:08,107,2,5,4.0,80.0,0.0,0.0,1.0,20.0,Mitchell Robinson,5,1,2018-2019,3.0,1,6.0,NYK,112,Noah Vonleh,,,,,,,,,,,,,38:57,Tim Hardaway Jr.,36:34,Allonzo Trier,36:28,Enes Freedom,29:58,Frank Ntilikina,22:56,Emmanuel Mudiay,21:34,Damyean Dotson,17:51,Mario Hezonja,11:39,Kevin Knox,9:10
0,,0,0.000,0,0.00,112,3,3,60.0,2,.667,2.0,66.7,3.0,3,0,.000,2,66.667,Logos via Sports Logos.net / About logos,L,https://www.basketball-reference.com/boxscores/201811100TOR.html,Away,128,28:25,2,40.0,TOR,Pascal Siakam,C.J. Miles,18:20,Lorenzo Brown,2:23,Greg Monroe,2:23,,,,,,,28:22,Kyle Lowry,26:36,Serge Ibaka,25:40,OG Anunoby,24:45,Delon Wright,24:18,Kawhi Leonard,23:15,Fred VanVleet,22:04,Danny Green,21:07,Jonas Valančiūnas,20:47,128,3,4,4.0,100.0,0.0,0.0,0.0,0.0,Mitchell Robinson,16,2,2018-2019,5.0,1,5.0,NYK,112,Tim Hardaway Jr.,,,,,,,,,,,,,31:33,Noah Vonleh,25:59,Frank Ntilikina,24:35,Kevin Knox,24:14,Damyean Dotson,23:15,Emmanuel Mudiay,22:57,Mario Hezonja,21:33,Enes Freedom,19:35,Allonzo Trier,17:54
0,,0,0.000,0,,115,9,4,100.0,2,.667,2.0,66.7,3.0,3,0,,0,0.000,Logos via Sports Logos.net / About logos,L,https://www.basketball-reference.com/boxscores/201811110NYK.html,Home,89,22:13,0,0.0,ORL,Wes Iwundu,Khem Birch,5:14,Isaiah Briscoe,5:14,Melvin Frazier,5:14,,,,,,,31:38,Jerian Grant,28:14,Jonathon Simmons,27:49,Jarell Martin,27:31,Nikola Vučević,26:21,D.J. Augustin,23:42,Terrence Ross,22:24,Evan Fournier,19:00,Mo Bamba,17:39,115,2,4,4.0,100.0,0.0,0.0,0.0,0.0,Mitchell Robinson,26,0,2018-2019,9.0,0,4.0,NYK,89,Mario Hezonja,Frank Ntilikina,5:45,Ron Baker,5:14,,,,,,,,,26:32,Enes Freedom,26:18,Tim Hardaway Jr.,26:06,Kevin Knox,25:35,Noah Vonleh,22:34,Allonzo Trier,21:54,Damyean Dotson,20:48,Trey Burke,19:46,Emmanuel Mudiay,17:15
0,,0,0.000,1,,103,3,1,100.0,3,.750,3.0,75.0,4.0,4,0,,0,0.000,Logos via Sports Logos.net / About logos,L,https://www.basketball-reference.com/boxscores/201811140OKC.html,Away,128,17:45,0,0.0,OKC,Terrance Ferguson,Deonte Burton,12:00,Álex Abrines,7:23,Abdel Nader,2:36,Timothé Luwawu-Cabarrot,1:16,,,,,31:42,Steven Adams,30:27,Dennis Schröder,29:54,Paul George,28:37,Jerami Grant,27:52,Hamidou Diallo,19:26,Patrick Patterson,18:17,Raymond Felton,16:50,Nerlens Noel,13:40,128,4,6,6.0,100.0,0.0,0.0,0.0,0.0,Mitchell Robinson,25,1,2018-2019,4.0,0,1.0,NYK,103,Allonzo Trier,Ron Baker,5:21,,,,,,,,,,,32:19,Kevin Knox,29:20,Tim Hardaway Jr.,24:42,Damyean Dotson,23:18,Enes Freedom,22:08,Mario Hezonja,22:00,Frank Ntilikina,21:25,Emmanuel Mudiay,21:18,Noah Vonleh,20:24
0,,0,0.000,1,1.00,124,1,3,42.9,3,.500,3.0,50.0,6.0,6,1,.500,2,33.333,Logos via Sports Logos.net / About logos,L,https://www.basketball-reference.com/boxscores/201811160NOP.html,Away,129,24:19,4,57.1,NOP,Anthony Davis,Elfrid Payton,8:07,,,,,,,,,,,40:23,Jrue Holiday,35:53,Julius Randle,30:15,E'Twaun Moore,30:06,Darius Miller,29:40,Nikola Mirotić,27:03,Ian Clark,14:48,Wesley Johnson,12:07,Frank Jackson,11:38,129,5,7,6.0,85.7,0.0,0.0,1.0,14.3,Mitchell Robinson,5,1,2018-2019,2.0,1,7.0,NYK,124,Tim Hardaway Jr.,,,,,,,,,,,,,38:05,Allonzo Trier,32:18,Noah Vonleh,27:27,Trey Burke,25:45,Emmanuel Mudiay,22:49,Kevin Knox,20:50,Damyean Dotson,18:32,Enes Freedom,15:07,Frank Ntilikina,14:48
0,,0,0.000,0,,117,0,0,0.0,0,.000,0.0,0.0,1.0,1,0,,0,0.000,Logos via Sports Logos.net / About logos,L,https://www.basketball-reference.com/boxscores/201811180ORL.html,Away,131,8:42,2,100.0,ORL,Nikola Vučević,Wes Iwundu,15:20,Jerian Grant,4:01,,,,,,,,,31:37,Evan Fournier,29:34,Aaron Gordon,29:26,D.J. Augustin,27:39,Jonathan Isaac,24:01,Jonathon Simmons,22:56,Terrence Ross,22:43,Mo Bamba,16:23,Isaiah Briscoe,16:20,131,5,0,0.0,,0.0,,0.0,,Mitchell Robinson,14,1,2018-2019,1.0,0,2.0,NYK,117,Enes Freedom,,,,,,,,,,,,,37:41,Tim Hardaway Jr.,35:57,Noah Vonleh,34:32,Trey Burke,29:11,Kevin Knox,23:26,Emmanuel Mudiay,22:40,Frank Ntilikina,21:31,Damyean Dotson,13:39,Allonzo Trier,12:41
0,,0,0.000,1,0.50,118,2,1,20.0,3,1.000,3.0,100.0,3.0,3,0,.000,1,33.333,Logos via Sports Logos.net / About logos,L,https://www.basketball-reference.com/boxscores/201811200NYK.html,Home,114,18:03,4,80.0,POR,CJ McCollum,Wade Baldwin,6:42,,,,,,,,,,,38:28,Damian Lillard,36:12,Evan Turner,33:47,Jusuf Nurkić,30:34,Al-Farouq Aminu,28:48,Nik Stauskas,17:41,Meyers Leonard,17:26,Jake Layman,17:12,Zach Collins,13:10,118,2,6,6.0,100.0,0.0,0.0,0.0,0.0,Mitchell Robinson,4,2,2018-2019,4.0,2,5.0,NYK,114,Noah Vonleh,,,,,,,,,,,,,36:45,Tim Hardaway Jr.,36:44,Frank Ntilikina,27:32,Enes Freedom,26:37,Trey Burke,25:44,Emmanuel Mudiay,24:16,Mario Hezonja,17:06,Allonzo Trier,14:38,Kevin Knox,12:35
0,,0,0.000,0,,117,6,3,75.0,4,1.000,4.0,100.0,4.0,4,0,,0,0.000,Logos via Sports Logos.net / About logos,W,https://www.basketball-reference.com/boxscores/201811210BOS.html,Away,109,16:25,1,25.0,BOS,Kyrie Irving,Daniel Theis,3:39,,,,,,,,,,,36:58,Al Horford,35:17,Gordon Hayward,31:35,Marcus Morris,30:00,Jayson Tatum,29:00,Jaylen Brown,25:58,Marcus Smart,19:56,Terry Rozier,15:52,Aron Baynes,11:45,109,4,8,8.0,100.0,0.0,0.0,0.0,0.0,Mitchell Robinson,8,0,2018-2019,6.0,0,4.0,NYK,117,Tim Hardaway Jr.,,,,,,,,,,,,,37:37,Trey Burke,31:55,Noah Vonleh,30:21,Frank Ntilikina,27:08,Kevin Knox,25:44,Enes Freedom,22:59,Emmanuel Mudiay,19:30,Allonzo Trier,15:19,Mario Hezonja,13:02
0,,0,0.000,1,,109,2,1,100.0,2,1.000,2.0,100.0,2.0,2,1,.500,2,100.000,Logos via Sports Logos.net / About logos,W,https://www.basketball-reference.com/boxscores/201811230NYK.html,Home,114,9:16,0,0.0,NOP,Jrue Holiday,Cheick Diallo,5:08,,,,,,,,,,,36:36,Anthony Davis,32:01,E'Twaun Moore,31:03,Nikola Mirotić,29:51,Julius Randle,28:52,Darius Miller,24:31,Wesley Johnson,24:00,Ian Clark,16:44,Frank Jackson,11:14,109,6,5,4.0,80.0,0.0,0.0,1.0,20.0,Mitchell Robinson,5,0,2018-2019,2.0,0,1.0,NYK,114,Noah Vonleh,,,,,,,,,,,,,36:48,Tim Hardaway Jr.,36:09,Allonzo Trier,34:13,Enes Freedom,33:16,Emmanuel Mudiay,28:30,Trey Burke,19:30,Mario Hezonja,18:40,Frank Ntilikina,14:19,Kevin Knox,9:19
0,,0,0.000,0,,103,0,0,0.0,0,.000,0.0,0.0,2.0,2,0,,0,0.000,Logos via Sports Logos.net / About logos,W,https://www.basketball-reference.com/boxscores/201811250MEM.html,Away,98,13:18,2,100.0,MEM,Marc Gasol,Omri Casspi,4:03,,,,,,,,,,,39:56,Mike Conley,38:40,Kyle Anderson,34:05,Garrett Temple,33:01,Jaren Jackson Jr.,29:44,Shelvin Mack,19:22,JaMychal Green,19:19,MarShon Brooks,10:56,Wayne Selden,10:54,98,3,0,0.0,,0.0,,0.0,,Mitchell Robinson,5,1,2018-2019,1.0,0,2.0,NYK,103,Enes Freedom,,,,,,,,,,,,,40:51,Tim Hardaway Jr.,38:25,Noah Vonleh,30:38,Trey Burke,29:17,Emmanuel Mudiay,23:28,Allonzo Trier,22:30,Mario Hezonja,21:02,Frank Ntilikina,13:05,Kevin Knox,7:26
0,,0,0.000,0,0.00,108,1,2,40.0,1,.333,1.0,33.3,3.0,3,0,,0,0.000,Logos via Sports Logos.net / About logos,L,https://www.basketball-reference.com/boxscores/201811270DET.html,Away,115,16:44,3,60.0,DET,Blake Griffin,Glenn Robinson III,11:07,,,,,,,,,,,36:02,Andre Drummond,30:12,Reggie Bullock,29:41,Stanley Johnson,27:49,Reggie Jackson,26:49,Langston Galloway,21:53,Ish Smith,21:11,Bruce Brown,17:58,Zaza Pachulia,17:18,115,6,2,2.0,100.0,0.0,0.0,0.0,0.0,Mitchell Robinson,7,0,2018-2019,1.0,2,5.0,NYK,108,Enes Freedom,Frank Ntilikina,14:47,,,,,,,,,,,35:44,Allonzo Trier,30:47,Tim Hardaway Jr.,30:45,Damyean Dotson,23:15,Emmanuel Mudiay,22:24,Noah Vonleh,19:08,Mario Hezonja,15:51,Kevin Knox,15:31,Trey Burke,15:04
0,,0,0.000,1,0.50,91,4,4,66.7,2,.667,2.0,66.7,3.0,3,1,1.000,1,33.333,Logos via Sports Logos.net / About logos,L,https://www.basketball-reference.com/boxscores/201811280PHI.html,Away,117,17:24,2,33.3,PHI,Joel Embiid,Amir Johnson,8:30,Demetrius Jackson,5:34,,,,,,,,,30:16,JJ Redick,26:24,Wilson Chandler,25:31,T.J. McConnell,25:23,Jimmy Butler,25:02,Mike Muscala,24:58,Ben Simmons,24:01,Furkan Korkmaz,22:45,Landry Shamet,21:36,117,4,5,4.0,80.0,0.0,0.0,1.0,20.0,Mitchell Robinson,26,0,2018-2019,4.0,2,6.0,NYK,91,Tim Hardaway Jr.,Frank Ntilikina,14:23,Ron Baker,5:34,,,,,,,,,27:12,Enes Freedom,26:00,Mario Hezonja,25:39,Damyean Dotson,23:37,Kevin Knox,23:28,Allonzo Trier,21:41,Emmanuel Mudiay,20:49,Noah Vonleh,17:53,Trey Burke,16:20
0,,0,0.000,0,0.00,134,1,1,20.0,3,.750,3.0,75.0,4.0,4,0,.000,1,25.000,Logos via Sports Logos.net / About logos,W,https://www.basketball-reference.com/boxscores/201812010NYK.html,Home,136,19:42,4,80.0,MIL,Giannis Antetokounmpo,Donte DiVincenzo,12:53,,,,,,,,,,,41:50,Malcolm Brogdon,36:46,Eric Bledsoe,36:38,Pat Connaughton,36:29,Brook Lopez,28:04,Sterling Brown,21:32,Tony Snell,19:24,Khris Middleton,18:31,Thon Maker,12:53,134,6,6,6.0,100.0,0.0,0.0,0.0,0.0,Mitchell Robinson,2,0,2018-2019,1.0,1,5.0,NYK,136,Tim Hardaway Jr.,Luke Kornet,0:01,,,,,,,,,,,47:05,Kevin Knox,36:49,Emmanuel Mudiay,35:45,Noah Vonleh,35:04,Damyean Dotson,33:22,Enes Freedom,26:54,Allonzo Trier,17:14,Mario Hezonja,12:08,Trey Burke,0:56
0,,0,0.000,2,2.00,110,3,0,0.0,1,.500,1.0,50.0,2.0,2,2,1.000,2,100.000,Logos via Sports Logos.net / About logos,L,https://www.basketball-reference.com/boxscores/201812030NYK.html,Home,107,14:12,1,100.0,WAS,Bradley Beal,Ian Mahinmi,5:16,,,,,,,,,,,38:16,John Wall,37:03,Otto Porter Jr.,32:13,Kelly Oubre Jr.,31:43,Markieff Morris,23:58,Tomáš Satoranský,23:51,Thomas Bryant,18:46,Jeff Green,15:12,Austin Rivers,13:42,110,2,4,2.0,50.0,0.0,0.0,2.0,50.0,Mitchell Robinson,3,0,2018-2019,3.0,1,1.0,NYK,107,Emmanuel Mudiay,,,,,,,,,,,,,36:12,Noah Vonleh,31:29,Tim Hardaway Jr.,30:01,Kevin Knox,27:58,Enes Freedom,25:03,Damyean Dotson,24:20,Mario Hezonja,19:53,Courtney Lee,15:31,Allonzo Trier,15:21
0,,0,0.000,1,1.00,100,2,4,50.0,3,.750,3.0,75.0,4.0,4,1,.500,2,50.000,Logos via Sports Logos.net / About logos,L,https://www.basketball-reference.com/boxscores/201812060BOS.html,Away,128,20:37,4,50.0,BOS,Marcus Morris,Semi Ojeleye,2:43,Brad Wanamaker,2:43,Guerschon Yabusele,2:43,Aron Baynes,1:45,,,,,30:19,Kyrie Irving,30:08,Al Horford,27:53,Jayson Tatum,26:01,Jaylen Brown,25:12,Gordon Hayward,25:07,Terry Rozier,24:23,Marcus Smart,23:39,Daniel Theis,17:24,128,4,7,6.0,85.7,0.0,0.0,1.0,14.3,Mitchell Robinson,28,0,2018-2019,2.0,1,8.0,NYK,100,Noah Vonleh,Luke Kornet,2:43,,,,,,,,,,,34:17,Emmanuel Mudiay,34:16,Tim Hardaway Jr.,33:11,Kevin Knox,24:45,Enes Freedom,23:45,Damyean Dotson,20:00,Mario Hezonja,18:27,Allonzo Trier,17:38,Courtney Lee,10:21
0,,0,0.000,3,,112,1,2,33.3,2,.667,2.0,66.7,3.0,3,0,.000,3,100.000,Logos via Sports Logos.net / About logos,L,https://www.basketball-reference.com/boxscores/201812080NYK.html,Home,104,20:59,4,66.7,BRK,Rondae Hollis-Jefferson,Jared Dudley,7:01,,,,,,,,,,,31:47,Allen Crabbe,31:47,D'Angelo Russell,30:10,Spencer Dinwiddie,29:38,Joe Harris,27:10,Jarrett Allen,26:15,DeMarre Carroll,23:53,Ed Davis,19:41,Rodions Kurucs,12:38,112,5,4,4.0,100.0,0.0,0.0,0.0,0.0,Mitchell Robinson,8,3,2018-2019,4.0,0,6.0,NYK,104,Damyean Dotson,Courtney Lee,3:25,,,,,,,,,,,29:35,Allonzo Trier,27:21,Mario Hezonja,26:39,Enes Freedom,26:28,Emmanuel Mudiay,25:52,Tim Hardaway Jr.,22:43,Noah Vonleh,20:55,Kevin Knox,20:20,Frank Ntilikina,15:43
0,,0,0.000,1,1.00,119,2,1,50.0,3,.750,3.0,75.0,4.0,4,0,,0,0.000,Logos via Sports Logos.net / About logos,L,https://www.basketball-reference.com/boxscores/201812090NYK.html,Home,107,18:45,1,50.0,CHO,Kemba Walker,Frank Kaminsky,12:25,Devonte' Graham,5:42,Willy Hernangómez,4:17,,,,,,,30:32,Jeremy Lamb,27:46,Marvin Williams,27:06,Cody Zeller,25:41,Nicolas Batum,23:36,Michael Kidd-Gilchrist,23:14,Miles Bridges,22:40,Malik Monk,20:14,Tony Parker,16:47,119,3,6,6.0,100.0,0.0,0.0,0.0,0.0,Mitchell Robinson,12,0,2018-2019,2.0,1,2.0,NYK,107,Kevin Knox,Mario Hezonja,4:49,,,,,,,,,,,41:14,Tim Hardaway Jr.,34:45,Damyean Dotson,31:19,Noah Vonleh,29:43,Frank Ntilikina,20:00,Emmanuel Mudiay,19:00,Enes Freedom,18:10,Courtney Lee,13:15,Ron Baker,9:00
0,,0,0.000,1,,106,0,0,0.0,1,.500,1.0,50.0,2.0,2,0,,0,0.000,Logos via Sports Logos.net / About logos,L,https://www.basketball-reference.com/boxscores/201812120CLE.html,Away,113,15:30,1,100.0,CLE,Jordan Clarkson,David Nwaba,10:27,Jalen Jones,5:36,,,,,,,,,34:02,Larry Nance Jr.,33:19,Cedi Osman,32:25,Collin Sexton,28:40,Alec Burks,26:08,Rodney Hood,22:31,Matthew Dellavedova,21:35,Channing Frye,14:41,Jaron Blossomgame,10:36,113,1,2,2.0,100.0,0.0,0.0,0.0,0.0,Mitchell Robinson,7,1,2018-2019,1.0,0,1.0,NYK,106,Tim Hardaway Jr.,,,,,,,,,,,,,43:10,Kevin Knox,32:43,Enes Freedom,32:30,Emmanuel Mudiay,30:40,Noah Vonleh,24:20,Frank Ntilikina,23:31,Damyean Dotson,19:08,Mario Hezonja,10:50,Luke Kornet,7:38
0,,0,0.000,1,1.00,126,1,1,100.0,1,.500,1.0,50.0,2.0,2,0,,0,0.000,Logos via Sports Logos.net / About logos,W,https://www.basketball-reference.com/boxscores/201812140CHO.html,Away,124,7:46,0,0.0,CHO,Kemba Walker,Miles Bridges,10:45,,,,,,,,,,,40:44,Nicolas Batum,38:32,Jeremy Lamb,38:20,Marvin Williams,37:06,Cody Zeller,36:47,Tony Parker,18:47,Frank Kaminsky,16:08,Michael Kidd-Gilchrist,15:59,Malik Monk,11:52,124,1,2,2.0,100.0,0.0,0.0,0.0,0.0,Mitchell Robinson,2,0,2018-2019,1.0,1,1.0,NYK,126,Kevin Knox,,,,,,,,,,,,,42:06,Noah Vonleh,41:51,Emmanuel Mudiay,41:00,Tim Hardaway Jr.,34:48,Luke Kornet,24:11,Enes Freedom,23:59,Courtney Lee,22:36,Frank Ntilikina,14:42,Mario Hezonja,12:01
0,,0,0.000,0,,100,1,0,0.0,2,1.000,2.0,100.0,2.0,2,0,,0,0.000,Logos via Sports Logos.net / About logos,L,https://www.basketball-reference.com/boxscores/201901170WAS.html,Away,101,9:57,2,100.0,WAS,Bradley Beal,Ian Mahinmi,7:45,,,,,,,,,,,40:01,Trevor Ariza,38:25,Otto Porter Jr.,34:54,Tomáš Satoranský,30:15,Chasson Randle,23:15,Jeff Green,20:58,Sam Dekker,19:22,Thomas Bryant,15:40,Troy Brown Jr.,9:25,101,1,4,4.0,100.0,0.0,0.0,0.0,0.0,Mitchell Robinson,1,0,2018-2019,1.0,0,2.0,NYK,100,Luke Kornet,,,,,,,,,,,,,33:55,Emmanuel Mudiay,31:14,Kevin Knox,30:41,Damyean Dotson,25:19,Noah Vonleh,24:39,Tim Hardaway Jr.,24:30,Allonzo Trier,23:29,Mario Hezonja,19:30,Frank Ntilikina,16:46
0,,0,0.000,1,,127,2,5,83.3,4,1.000,4.0,100.0,4.0,4,0,.000,1,25.000,Logos via Sports Logos.net / About logos,L,https://www.basketball-reference.com/boxscores/201901210NYK.html,Home,109,15:32,1,16.7,OKC,Jerami Grant,Patrick Patterson,9:00,Timothé Luwawu-Cabarrot,2:06,,,,,,,,,33:53,Paul George,30:40,Steven Adams,29:31,Russell Westbrook,28:44,Dennis Schröder,28:38,Abdel Nader,20:21,Terrance Ferguson,19:59,Nerlens Noel,19:48,Hamidou Diallo,17:20,127,6,8,8.0,100.0,0.0,0.0,0.0,0.0,Mitchell Robinson,18,1,2018-2019,3.0,0,6.0,NYK,109,Noah Vonleh,Luke Kornet,6:45,,,,,,,,,,,32:28,Frank Ntilikina,30:03,Allonzo Trier,29:47,Tim Hardaway Jr.,27:22,Kevin Knox,26:31,Damyean Dotson,23:37,Enes Freedom,19:14,Emmanuel Mudiay,17:57,Mario Hezonja,10:44
0,,0,0.000,0,,114,3,0,0.0,5,1.000,5.0,100.0,5.0,5,2,1.000,2,40.000,Logos via Sports Logos.net / About logos,L,https://www.basketball-reference.com/boxscores/201901230NYK.html,Home,110,17:23,1,100.0,HOU,James Harden,,,,,,,,,,,,,40:00,P.J. Tucker,38:47,Eric Gordon,36:36,Austin Rivers,33:50,Gerald Green,28:29,James Ennis III,26:53,Kenneth Faried,26:00,Gary Clark,9:25,,,114,6,12,10.0,83.3,0.0,0.0,2.0,16.7,Mitchell Robinson,4,1,2018-2019,4.0,0,1.0,NYK,110,Tim Hardaway Jr.,,,,,,,,,,,,,35:10,Kevin Knox,32:48,Allonzo Trier,32:37,Noah Vonleh,30:37,Emmanuel Mudiay,28:11,Damyean Dotson,24:51,Frank Ntilikina,23:57,Lance Thomas,14:26,,
0,,0,0.000,0,,99,4,2,50.0,3,.600,3.0,60.0,5.0,5,0,.000,2,40.000,Logos via Sports Logos.net / About logos,L,https://www.basketball-reference.com/boxscores/201901250BRK.html,Away,109,15:45,2,50.0,BRK,Shabazz Napier,Rodions Kurucs,17:55,Mitch Creek,0:02,,,,,,,,,28:12,Ed Davis,28:08,Joe Harris,27:47,Theo Pinson,25:53,DeMarre Carroll,24:14,Rondae Hollis-Jefferson,23:50,D'Angelo Russell,23:30,Treveon Graham,20:37,Jarrett Allen,19:52,109,2,6,6.0,100.0,0.0,0.0,0.0,0.0,Mitchell Robinson,10,0,2018-2019,4.0,0,4.0,NYK,99,Tim Hardaway Jr.,,,,,,,,,,,,,38:56,Trey Burke,33:02,Noah Vonleh,32:15,Lance Thomas,25:37,Kevin Knox,24:56,Allonzo Trier,23:46,Damyean Dotson,22:25,Frank Ntilikina,18:31,Courtney Lee,4:47
0,,0,0.000,1,,106,2,3,42.9,3,.600,3.0,60.0,5.0,5,0,.000,2,40.000,Logos via Sports Logos.net / About logos,L,https://www.basketball-reference.com/boxscores/201901270NYK.html,Home,97,22:49,4,57.1,MIA,Justise Winslow,Derrick Jones Jr.,4:11,Rodney McGruder,0:22,,,,,,,,,34:42,Josh Richardson,34:12,Wayne Ellington,30:57,James Johnson,29:59,Dwyane Wade,27:43,Hassan Whiteside,23:59,Bam Adebayo,18:55,Dion Waiters,17:58,Kelly Olynyk,17:02,106,2,6,6.0,100.0,0.0,0.0,0.0,0.0,Mitchell Robinson,9,3,2018-2019,5.0,0,7.0,NYK,97,Tim Hardaway Jr.,Courtney Lee,6:41,,,,,,,,,,,30:48,Mario Hezonja,30:21,Damyean Dotson,26:03,Noah Vonleh,25:11,Trey Burke,23:23,Kevin Knox,22:11,Allonzo Trier,19:35,Lance Thomas,18:08,Frank Ntilikina,14:50
0,,0,0.000,0,,92,3,0,0.0,4,.800,4.0,80.0,5.0,5,2,.500,4,80.000,Logos via Sports Logos.net / About logos,L,https://www.basketball-reference.com/boxscores/201901280CHO.html,Away,101,12:52,2,100.0,CHO,Marvin Williams,Michael Kidd-Gilchrist,9:58,,,,,,,,,,,36:09,Kemba Walker,35:36,Nicolas Batum,31:12,Jeremy Lamb,27:12,Miles Bridges,24:24,Malik Monk,22:24,Willy Hernangómez,21:21,Tony Parker,19:05,Bismack Biyombo,12:39,101,1,10,8.0,80.0,0.0,0.0,2.0,20.0,Mitchell Robinson,9,1,2018-2019,4.0,0,2.0,NYK,92,Noah Vonleh,,,,,,,,,,,,,35:08,Kevin Knox,34:41,Tim Hardaway Jr.,31:20,Mario Hezonja,25:37,Trey Burke,24:41,Lance Thomas,22:23,Allonzo Trier,21:00,Kadeem Allen,18:07,Damyean Dotson,14:11
0,,0,0.000,0,0.00,114,4,5,71.4,2,1.000,2.0,100.0,2.0,2,0,.000,4,200.000,Logos via Sports Logos.net / About logos,L,https://www.basketball-reference.com/boxscores/201901300NYK.html,Home,90,24:11,2,28.6,DAL,Harrison Barnes,Dirk Nowitzki,11:35,Jalen Brunson,10:03,Ryan Broekhoff,4:35,Salah Mejri,2:40,,,,,29:00,Luka Dončić,28:40,Dennis Smith Jr.,28:13,Wesley Matthews,26:18,DeAndre Jordan,26:18,Dorian Finney-Smith,24:19,Dwight Powell,19:33,Maxi Kleber,17:07,Devin Harris,11:39,114,1,4,4.0,100.0,0.0,0.0,0.0,0.0,Mitchell Robinson,24,1,2018-2019,5.0,1,7.0,NYK,90,Trey Burke,Enes Freedom,9:20,,,,,,,,,,,32:10,Mario Hezonja,31:35,Tim Hardaway Jr.,27:31,Kevin Knox,27:17,Damyean Dotson,20:29,Allonzo Trier,19:16,Kadeem Allen,17:39,Lance Thomas,16:03,Noah Vonleh,14:29
0,,0,0.000,0,0.00,113,1,5,62.5,3,.750,3.0,75.0,4.0,4,2,1.000,2,50.000,Logos via Sports Logos.net / About logos,L,https://www.basketball-reference.com/boxscores/201902010NYK.html,Home,99,18:10,3,37.5,BOS,Kyrie Irving,Semi Ojeleye,4:06,Guerschon Yabusele,1:15,,,,,,,,,35:35,Marcus Morris,29:39,Marcus Smart,28:31,Al Horford,26:59,Jayson Tatum,25:38,Terry Rozier,24:45,Aron Baynes,21:16,Jaylen Brown,21:13,Gordon Hayward,21:03,113,2,8,6.0,75.0,0.0,0.0,2.0,25.0,Mitchell Robinson,14,0,2018-2019,1.0,2,8.0,NYK,99,Kevin Knox,,,,,,,,,,,,,40:14,Damyean Dotson,37:40,Kadeem Allen,35:20,Noah Vonleh,30:43,Allonzo Trier,25:47,Mario Hezonja,22:16,Luke Kornet,16:31,Enes Freedom,13:19,,
0,,0,0.000,0,,105,2,6,60.0,6,.857,6.0,85.7,7.0,7,1,1.000,1,14.286,Logos via Sports Logos.net / About logos,L,https://www.basketball-reference.com/boxscores/201902050NYK.html,Home,92,23:33,4,40.0,DET,Blake Griffin,Langston Galloway,10:39,Khyri Thomas,4:04,,,,,,,,,38:06,Andre Drummond,36:28,Reggie Bullock,35:44,Reggie Jackson,33:22,Stanley Johnson,25:53,Bruce Brown,17:19,José Calderón,14:37,Luke Kennard,12:16,Zaza Pachulia,11:32,105,3,13,12.0,92.3,0.0,0.0,1.0,7.7,Mitchell Robinson,13,0,2018-2019,2.0,0,10.0,NYK,92,Dennis Smith Jr.,,,,,,,,,,,,,39:46,Kevin Knox,34:13,Lance Thomas,26:37,Wesley Matthews,25:25,DeAndre Jordan,24:27,Noah Vonleh,21:23,Damyean Dotson,19:40,Allonzo Trier,13:54,Kadeem Allen,11:02
0,,0,0.000,1,,103,3,3,50.0,3,.600,3.0,60.0,5.0,5,5,.714,7,140.000,Logos via Sports Logos.net / About logos,L,https://www.basketball-reference.com/boxscores/201902080DET.html,Away,120,15:04,3,50.0,DET,Andre Drummond,Zaza Pachulia,11:53,Svi Mykhailiuk,9:13,Thon Maker,8:09,José Calderón,2:54,,,,,33:13,Blake Griffin,28:54,Luke Kennard,28:31,Reggie Jackson,26:46,Langston Galloway,19:50,Khyri Thomas,19:36,Bruce Brown,18:50,Ish Smith,18:20,Glenn Robinson III,13:51,120,2,11,6.0,54.5,0.0,0.0,5.0,45.5,Mitchell Robinson,17,0,2018-2019,3.0,0,6.0,NYK,103,Kevin Knox,Isaiah Hicks,3:33,Noah Vonleh,3:23,,,,,,,,,35:26,Dennis Smith Jr.,34:50,Mario Hezonja,32:38,Allonzo Trier,30:02,DeAndre Jordan,29:23,Damyean Dotson,23:56,Kadeem Allen,14:59,Lance Thomas,13:13,Luke Kornet,3:33
0,,0,0.000,0,,104,3,3,42.9,7,.778,7.0,77.8,9.0,9,1,1.000,1,11.111,Logos via Sports Logos.net / About logos,L,https://www.basketball-reference.com/boxscores/201902090NYK.html,Home,99,22:29,4,57.1,TOR,Kyle Lowry,Patrick McCaw,12:39,,,,,,,,,,,33:55,Pascal Siakam,32:49,Kawhi Leonard,31:45,Danny Green,29:38,Serge Ibaka,29:12,Fred VanVleet,19:48,Marc Gasol,18:48,OG Anunoby,15:51,Norman Powell,15:35,104,3,15,14.0,93.3,0.0,0.0,1.0,6.7,Mitchell Robinson,5,0,2018-2019,3.0,0,7.0,NYK,99,Kevin Knox,,,,,,,,,,,,,40:09,Dennis Smith Jr.,30:24,Kadeem Allen,27:46,DeAndre Jordan,25:31,Mario Hezonja,25:06,Noah Vonleh,25:00,Allonzo Trier,24:11,Damyean Dotson,19:24,,
0,,0,0.000,1,,104,2,4,50.0,5,.833,5.0,83.3,6.0,6,0,.000,1,16.667,Logos via Sports Logos.net / About logos,L,https://www.basketball-reference.com/boxscores/201902110CLE.html,Away,107,23:41,4,50.0,CLE,Collin Sexton,Deng Adel,4:21,Channing Frye,0:55,,,,,,,,,38:40,Larry Nance Jr.,34:24,David Nwaba,32:44,Jordan Clarkson,27:59,Matthew Dellavedova,26:32,Marquese Chriss,22:26,Nik Stauskas,20:02,Brandon Knight,16:14,Kevin Love,15:43,107,3,10,10.0,100.0,0.0,0.0,0.0,0.0,Mitchell Robinson,3,1,2018-2019,3.0,0,8.0,NYK,104,Kevin Knox,John Jenkins,9:04,,,,,,,,,,,35:47,Kadeem Allen,32:13,Dennis Smith Jr.,31:20,DeAndre Jordan,24:19,Damyean Dotson,22:20,Noah Vonleh,16:59,Allonzo Trier,16:33,Mario Hezonja,15:44,Luke Kornet,12:00
0,,0,0.000,1,,126,4,8,61.5,5,.625,5.0,62.5,8.0,8,4,.571,7,87.500,Logos via Sports Logos.net / About logos,L,https://www.basketball-reference.com/boxscores/201902130NYK.html,Home,111,28:25,5,38.5,PHI,Tobias Harris,James Ennis III,7:45,,,,,,,,,,,35:13,Joel Embiid,34:09,Jimmy Butler,34:05,Ben Simmons,33:43,JJ Redick,33:43,Mike Scott,19:19,T.J. McConnell,14:17,Jonathon Simmons,13:55,Boban Marjanović,13:51,126,2,14,10.0,71.4,0.0,0.0,4.0,28.6,Mitchell Robinson,15,2,2018-2019,6.0,0,13.0,NYK,111,Damyean Dotson,Mario Hezonja,6:29,,,,,,,,,,,30:41,Luke Kornet,28:07,Allonzo Trier,26:48,Dennis Smith Jr.,24:48,Kadeem Allen,23:12,DeAndre Jordan,19:35,Kevin Knox,18:58,Noah Vonleh,17:53,Lance Thomas,15:04
0,,0,0.000,0,0.00,106,4,4,57.1,3,.600,3.0,60.0,5.0,5,0,,0,0.000,Logos via Sports Logos.net / About logos,W,https://www.basketball-reference.com/boxscores/201902140ATL.html,Away,91,19:08,3,42.9,ATL,Trae Young,Vince Carter,12:08,Justin Anderson,5:01,,,,,,,,,31:06,Taurean Prince,28:34,Kent Bazemore,26:59,Dewayne Dedmon,26:18,John Collins,25:11,Alex Len,23:32,Kevin Huerter,22:59,DeAndre' Bembry,21:05,Omari Spellman,17:07,91,3,6,6.0,100.0,0.0,0.0,0.0,0.0,Mitchell Robinson,15,1,2018-2019,5.0,1,7.0,NYK,106,Dennis Smith Jr.,,,,,,,,,,,,,31:50,Luke Kornet,31:23,DeAndre Jordan,28:52,John Jenkins,25:54,Kadeem Allen,24:25,Kevin Knox,22:06,Damyean Dotson,21:10,Allonzo Trier,18:35,Noah Vonleh,16:37
0,,0,0.000,1,,115,3,1,50.0,0,.000,0.0,0.0,2.0,2,0,,0,0.000,Logos via Sports Logos.net / About logos,L,https://www.basketball-reference.com/boxscores/201902220NYK.html,Home,104,13:00,1,50.0,MIN,Andrew Wiggins,Keita Bates-Diop,12:44,,,,,,,,,,,35:16,Taj Gibson,31:22,Jeff Teague,31:15,Luol Deng,28:35,Derrick Rose,23:22,Dario Šarić,23:06,Anthony Tolliver,20:07,Tyus Jones,17:24,Josh Okogie,16:49,115,4,0,0.0,,0.0,,0.0,,Mitchell Robinson,11,1,2018-2019,4.0,0,2.0,NYK,104,Kevin Knox,,,,,,,,,,,,,38:07,Damyean Dotson,33:50,DeAndre Jordan,32:37,Allonzo Trier,29:33,Emmanuel Mudiay,26:20,Noah Vonleh,25:24,Dennis Smith Jr.,21:40,Luke Kornet,10:33,John Jenkins,8:55
0,,0,0.000,1,1.00,118,5,8,57.1,5,.714,5.0,71.4,7.0,7,5,.714,7,100.000,Logos via Sports Logos.net / About logos,W,https://www.basketball-reference.com/boxscores/201902240NYK.html,Home,130,30:03,6,42.9,SAS,Patty Mills,Quincy Pondexter,10:15,Pau Gasol,5:44,Chimezie Metu,1:24,,,,,,,32:41,DeMar DeRozan,32:17,Bryn Forbes,27:49,Rudy Gay,25:48,Marco Belinelli,24:19,Dāvis Bertāns,23:50,LaMarcus Aldridge,21:10,Jakob Poeltl,19:42,Dante Cunningham,15:01,118,4,15,10.0,66.7,0.0,0.0,5.0,33.3,Mitchell Robinson,12,0,2018-2019,5.0,1,14.0,NYK,130,Damyean Dotson,,,,,,,,,,,,,36:36,Kevin Knox,32:53,Lance Thomas,30:22,Dennis Smith Jr.,29:44,Allonzo Trier,28:24,Emmanuel Mudiay,19:04,Noah Vonleh,17:57,John Jenkins,11:24,Henry Ellenson,3:33
0,,0,0.000,0,,103,6,6,42.9,6,.667,6.0,66.7,9.0,9,5,.833,6,66.667,Logos via Sports Logos.net / About logos,W,https://www.basketball-reference.com/boxscores/201902260NYK.html,Home,108,32:31,8,57.1,ORL,Evan Fournier,,,,,,,,,,,,,36:59,Nikola Vučević,34:25,Aaron Gordon,32:25,Jonathan Isaac,31:51,D.J. Augustin,29:36,Wes Iwundu,23:12,Terrence Ross,19:38,Jerian Grant,18:19,Khem Birch,13:35,103,3,17,12.0,70.6,0.0,0.0,5.0,29.4,Mitchell Robinson,5,3,2018-2019,9.0,0,14.0,NYK,108,Henry Ellenson,Luke Kornet,4:27,,,,,,,,,,,36:16,Emmanuel Mudiay,31:30,Kevin Knox,27:02,John Jenkins,22:55,Dennis Smith Jr.,21:21,Allonzo Trier,21:12,Damyean Dotson,16:52,Lance Thomas,14:57,Noah Vonleh,10:57
0,,0,0.000,0,,125,2,5,71.4,5,1.000,5.0,100.0,5.0,5,2,1.000,2,40.000,Logos via Sports Logos.net / About logos,L,https://www.basketball-reference.com/boxscores/201902280NYK.html,Home,118,28:24,2,28.6,CLE,Collin Sexton,Marquese Chriss,12:58,Nik Stauskas,6:43,,,,,,,,,31:32,Cedi Osman,31:32,Jordan Clarkson,28:57,Kevin Love,28:21,Ante Žižić,26:28,Larry Nance Jr.,19:28,Brandon Knight,19:03,David Nwaba,18:29,Matthew Dellavedova,16:29,125,6,12,10.0,83.3,0.0,0.0,2.0,16.7,Mitchell Robinson,7,1,2018-2019,3.0,0,7.0,NYK,118,Allonzo Trier,,,,,,,,,,,,,32:00,Damyean Dotson,29:24,Dennis Smith Jr.,28:55,Henry Ellenson,26:50,Emmanuel Mudiay,22:22,Noah Vonleh,22:11,Kevin Knox,22:06,Lance Thomas,18:35,John Jenkins,9:13
0,,0,0.000,1,0.50,107,4,8,61.5,7,.875,7.0,87.5,8.0,8,2,1.000,2,25.000,Logos via Sports Logos.net / About logos,L,https://www.basketball-reference.com/boxscores/201903030LAC.html,Away,128,22:43,5,38.5,LAC,Shai Gilgeous-Alexander,Tyrone Wallace,15:26,Jerome Robinson,4:40,Sindarius Thornwell,4:40,Johnathan Motley,3:28,,,,,29:13,Landry Shamet,26:15,Patrick Beverley,25:13,Montrezl Harrell,24:38,Ivica Zubac,23:22,Danilo Gallinari,23:13,Lou Williams,21:38,JaMychal Green,20:07,Garrett Temple,18:07,128,3,16,14.0,87.5,0.0,0.0,2.0,12.5,Mitchell Robinson,21,0,2018-2019,4.0,2,13.0,NYK,107,Damyean Dotson,Lance Thomas,7:41,,,,,,,,,,,28:48,Emmanuel Mudiay,28:45,Dennis Smith Jr.,28:28,Noah Vonleh,27:37,Allonzo Trier,24:44,Kevin Knox,23:33,Luke Kornet,21:21,Henry Ellenson,14:47,John Jenkins,11:33
0,,0,0.000,0,0.00,108,2,5,71.4,2,1.000,2.0,100.0,2.0,2,0,.000,1,50.000,Logos via Sports Logos.net / About logos,L,https://www.basketball-reference.com/boxscores/201903040SAC.html,Away,115,18:36,2,28.6,SAC,Harrison Barnes,,,,,,,,,,,,,36:57,Bogdan Bogdanović,36:30,Buddy Hield,34:34,De'Aaron Fox,32:41,Willie Cauley-Stein,25:51,Nemanja Bjelica,23:48,Harry Giles,22:09,Yogi Ferrell,14:22,Corey Brewer,13:08,115,6,4,4.0,100.0,0.0,0.0,0.0,0.0,Mitchell Robinson,7,0,2018-2019,2.0,2,7.0,NYK,108,Noah Vonleh,,,,,,,,,,,,,33:30,Damyean Dotson,30:25,Allonzo Trier,30:12,Dennis Smith Jr.,28:32,Luke Kornet,25:57,Kevin Knox,21:20,Emmanuel Mudiay,19:28,Henry Ellenson,16:46,Lance Thomas,15:14
0,,0,0.000,1,0.50,96,4,4,50.0,3,.429,3.0,42.9,7.0,7,2,.667,3,42.857,Logos via Sports Logos.net / About logos,L,https://www.basketball-reference.com/boxscores/201903060PHO.html,Away,107,22:11,4,50.0,PHO,Devin Booker,Jamal Crawford,14:25,De'Anthony Melton,7:24,Elie Okobo,1:39,,,,,,,33:56,Tyler Johnson,29:02,Kelly Oubre Jr.,28:04,Josh Jackson,25:33,Deandre Ayton,25:20,Mikal Bridges,21:02,Richaun Holmes,21:01,Dragan Bender,18:08,Troy Daniels,14:26,107,3,8,6.0,75.0,0.0,0.0,2.0,25.0,Mitchell Robinson,11,2,2018-2019,6.0,2,8.0,NYK,96,Dennis Smith Jr.,,,,,,,,,,,,,37:17,Damyean Dotson,33:34,Allonzo Trier,32:11,Noah Vonleh,31:10,DeAndre Jordan,24:52,Kevin Knox,24:30,Emmanuel Mudiay,16:55,Lance Thomas,14:14,Henry Ellenson,3:06
0,,0,0.000,0,0.00,102,3,6,66.7,2,.500,2.0,50.0,4.0,4,4,1.000,4,100.000,Logos via Sports Logos.net / About logos,L,https://www.basketball-reference.com/boxscores/201903090NYK.html,Home,94,21:57,3,33.3,SAC,De'Aaron Fox,,,,,,,,,,,,,37:25,Harrison Barnes,37:25,Buddy Hield,36:07,Bogdan Bogdanović,29:48,Nemanja Bjelica,28:47,Willie Cauley-Stein,28:42,Harry Giles,19:18,Corey Brewer,11:53,Yogi Ferrell,10:35,102,4,8,4.0,50.0,0.0,0.0,4.0,50.0,Mitchell Robinson,8,1,2018-2019,4.0,1,9.0,NYK,94,Damyean Dotson,Henry Ellenson,4:28,,,,,,,,,,,33:18,Dennis Smith Jr.,32:23,DeAndre Jordan,26:03,Lance Thomas,25:07,Allonzo Trier,24:09,Emmanuel Mudiay,23:39,Kevin Knox,23:01,Luke Kornet,13:16,John Jenkins,12:39
0,,0,0.000,1,,92,5,7,70.0,4,.800,4.0,80.0,5.0,5,0,.000,1,20.000,Logos via Sports Logos.net / About logos,L,https://www.basketball-reference.com/boxscores/201903100MIN.html,Away,103,32:51,3,30.0,MIN,Keita Bates-Diop,Derrick Rose,7:58,Jerryd Bayless,2:46,Jared Terrell,1:42,C.J. Williams,1:42,,,,,34:47,Jeff Teague,32:59,Taj Gibson,30:05,Josh Okogie,26:05,Anthony Tolliver,24:49,Dario Šarić,21:29,Tyus Jones,19:35,Cameron Reynolds,18:08,Gorgui Dieng,17:55,103,4,8,8.0,100.0,0.0,0.0,0.0,0.0,Mitchell Robinson,11,1,2018-2019,6.0,0,10.0,NYK,92,Damyean Dotson,,,,,,,,,,,,,40:37,Dennis Smith Jr.,28:35,Noah Vonleh,27:36,Kevin Knox,27:26,Allonzo Trier,24:11,Emmanuel Mudiay,20:40,DeAndre Jordan,15:09,Lance Thomas,12:35,John Jenkins,10:20
0,,0,0.000,0,,98,3,2,100.0,3,1.000,3.0,100.0,3.0,3,1,.500,2,66.667,Logos via Sports Logos.net / About logos,L,https://www.basketball-reference.com/boxscores/201903120IND.html,Away,103,12:53,0,0.0,IND,Myles Turner,T.J. Leaf,3:27,,,,,,,,,,,37:06,Wesley Matthews,36:58,Bojan Bogdanović,36:17,Thaddeus Young,33:04,Darren Collison,30:35,Cory Joseph,23:27,Domantas Sabonis,17:58,Doug McDermott,14:23,Aaron Holiday,6:45,103,5,7,6.0,85.7,0.0,0.0,1.0,14.3,Mitchell Robinson,5,0,2018-2019,3.0,0,2.0,NYK,98,Damyean Dotson,,,,,,,,,,,,,36:22,DeAndre Jordan,35:07,Noah Vonleh,33:18,Emmanuel Mudiay,32:27,Dennis Smith Jr.,25:21,Kevin Knox,24:49,Allonzo Trier,22:35,Lance Thomas,12:07,John Jenkins,5:01
0,,0,0.000,1,1.00,83,2,6,60.0,0,.000,0.0,0.0,3.0,3,2,.500,4,133.333,Logos via Sports Logos.net / About logos,L,https://www.basketball-reference.com/boxscores/201903150SAS.html,Away,109,20:36,4,40.0,SAS,Patty Mills,Dante Cunningham,15:04,Chimezie Metu,5:18,Lonnie Walker IV,5:18,Quincy Pondexter,3:38,,,,,27:38,LaMarcus Aldridge,26:43,Jakob Poeltl,26:40,DeMar DeRozan,25:35,Bryn Forbes,23:47,Marco Belinelli,21:12,Derrick White,20:33,Dāvis Bertāns,19:46,Rudy Gay,18:48,109,1,2,0.0,0.0,0.0,0.0,2.0,100.0,Mitchell Robinson,26,1,2018-2019,3.0,1,10.0,NYK,83,Emmanuel Mudiay,Noah Vonleh,8:44,Henry Ellenson,4:05,,,,,,,,,35:48,Damyean Dotson,35:07,DeAndre Jordan,30:45,Kadeem Allen,28:08,Kevin Knox,24:43,Allonzo Trier,17:58,Lance Thomas,15:07,Luke Kornet,10:02,John Jenkins,8:57
0,,0,0.000,0,,123,2,2,66.7,1,.500,1.0,50.0,2.0,2,0,.000,1,50.000,Logos via Sports Logos.net / About logos,W,https://www.basketball-reference.com/boxscores/201903170NYK.html,Home,124,15:12,1,33.3,LAL,LeBron James,Moritz Wagner,4:29,,,,,,,,,,,35:00,Kyle Kuzma,33:25,Rajon Rondo,28:27,Alex Caruso,27:48,Kentavious Caldwell-Pope,27:37,Johnathan Williams,24:39,Reggie Bullock,20:39,Josh Hart,19:04,JaVale McGee,18:52,123,3,2,2.0,100.0,0.0,0.0,0.0,0.0,Mitchell Robinson,1,0,2018-2019,2.0,0,3.0,NYK,124,Damyean Dotson,,,,,,,,,,,,,41:20,Kevin Knox,37:10,Mario Hezonja,36:26,DeAndre Jordan,32:48,Emmanuel Mudiay,32:47,Kadeem Allen,16:48,Allonzo Trier,15:55,Lance Thomas,11:34,,
0,,0,0.000,0,0.00,92,3,4,80.0,0,.000,0.0,0.0,1.0,1,0,,0,0.000,Logos via Sports Logos.net / About logos,L,https://www.basketball-reference.com/boxscores/201903180TOR.html,Away,128,14:29,1,20.0,TOR,Pascal Siakam,Eric Moreland,15:24,Malcolm Miller,8:03,Chris Boucher,6:20,,,,,,,30:02,Fred VanVleet,28:23,Jeremy Lin,26:47,Kyle Lowry,26:21,Danny Green,21:52,Marc Gasol,21:35,Patrick McCaw,20:03,OG Anunoby,17:38,Norman Powell,17:32,128,6,0,0.0,,0.0,,0.0,,Mitchell Robinson,36,0,2018-2019,3.0,1,5.0,NYK,92,Allonzo Trier,Luke Kornet,13:10,Henry Ellenson,12:00,,,,,,,,,31:10,Kevin Knox,27:53,Mario Hezonja,27:29,Kadeem Allen,26:14,Emmanuel Mudiay,21:46,DeAndre Jordan,19:55,Damyean Dotson,17:52,John Jenkins,14:14,Lance Thomas,13:48
0,,0,0.000,1,,137,3,8,66.7,6,.600,6.0,60.0,10.0,10,2,.400,5,50.000,Logos via Sports Logos.net / About logos,L,https://www.basketball-reference.com/boxscores/201903200NYK.html,Home,116,29:49,4,33.3,UTA,Donovan Mitchell,Thabo Sefolosha,14:47,Grayson Allen,7:48,Ekpe Udoh,7:19,Georges Niang,7:19,,,,,28:39,Derrick Favors,25:49,Rudy Gobert,25:34,Joe Ingles,24:05,Jae Crowder,22:31,Kyle Korver,20:34,Ricky Rubio,20:07,Royce O'Neale,19:05,Raul Neto,16:23,137,5,14,12.0,85.7,0.0,0.0,2.0,14.3,Mitchell Robinson,21,1,2018-2019,4.0,0,12.0,NYK,116,Kevin Knox,,,,,,,,,,,,,46:47,Damyean Dotson,37:06,Emmanuel Mudiay,33:54,Mario Hezonja,25:36,Henry Ellenson,18:17,DeAndre Jordan,18:11,Luke Kornet,11:16,Lance Thomas,9:39,John Jenkins,9:25
0,,0,0.000,0,,111,3,6,60.0,7,.700,7.0,70.0,10.0,10,2,1.000,2,20.000,Logos via Sports Logos.net / About logos,L,https://www.basketball-reference.com/boxscores/201903220NYK.html,Home,93,22:37,4,40.0,DEN,Jamal Murray,Juancho Hernangómez,6:37,Jarred Vanderbilt,3:11,Trey Lyles,2:13,,,,,,,33:05,Will Barton,31:36,Paul Millsap,31:34,Nikola Jokić,28:13,Gary Harris,25:47,Mason Plumlee,23:32,Malik Beasley,22:13,Monte Morris,19:46,Torrey Craig,12:13,111,4,16,14.0,87.5,0.0,0.0,2.0,12.5,Mitchell Robinson,18,0,2018-2019,3.0,0,10.0,NYK,93,Damyean Dotson,John Jenkins,3:11,Luke Kornet,3:11,,,,,,,,,36:05,Kevin Knox,33:45,Emmanuel Mudiay,33:41,Frank Ntilikina,25:12,DeAndre Jordan,22:12,Mario Hezonja,21:39,Lance Thomas,20:31,Kadeem Allen,14:45,Henry Ellenson,3:11
0,,0,,2,,124,2,6,85.7,0,,0.0,,0.0,0,2,1.000,2,,Logos via Sports Logos.net / About logos,L,https://www.basketball-reference.com/boxscores/201903240NYK.html,Home,113,13:49,1,14.3,LAC,Shai Gilgeous-Alexander,Wilson Chandler,11:39,Sindarius Thornwell,0:48,,,,,,,,,37:44,Danilo Gallinari,33:23,Lou Williams,32:15,Patrick Beverley,30:18,Montrezl Harrell,28:05,Ivica Zubac,19:55,Garrett Temple,17:42,JaMychal Green,14:37,Landry Shamet,13:34,124,2,2,0.0,0.0,0.0,0.0,2.0,100.0,Mitchell Robinson,11,2,2018-2019,4.0,0,7.0,NYK,113,Damyean Dotson,,,,,,,,,,,,,44:22,Emmanuel Mudiay,35:04,DeAndre Jordan,34:11,Lance Thomas,28:42,Mario Hezonja,25:32,Kadeem Allen,20:15,Kevin Knox,18:50,John Jenkins,12:25,Frank Ntilikina,6:50
0,,0,0.000,0,,117,2,12,57.1,8,.667,8.0,66.7,12.0,12,3,.500,6,50.000,Logos via Sports Logos.net / About logos,L,https://www.basketball-reference.com/boxscores/201903280NYK.html,Home,92,30:59,9,42.9,TOR,Fred VanVleet,Malcolm Miller,7:09,Jodie Meeks,5:00,Chris Boucher,5:00,,,,,,,32:04,Pascal Siakam,30:50,Jeremy Lin,25:34,Kyle Lowry,25:08,Serge Ibaka,24:18,Marc Gasol,23:11,Norman Powell,22:31,Danny Green,20:22,Patrick McCaw,18:53,117,3,19,16.0,84.2,0.0,0.0,3.0,15.8,Mitchell Robinson,25,1,2018-2019,3.0,0,21.0,NYK,92,Damyean Dotson,Henry Ellenson,8:51,Luke Kornet,8:51,,,,,,,,,29:24,Kevin Knox,26:55,Emmanuel Mudiay,25:19,Mario Hezonja,20:54,Dennis Smith Jr.,20:00,DeAndre Jordan,19:43,Kadeem Allen,18:49,Lance Thomas,18:15,John Jenkins,12:00
0,,0,0.000,0,0.00,100,4,11,78.6,4,1.000,4.0,100.0,4.0,4,1,.500,2,50.000,Logos via Sports Logos.net / About logos,L,https://www.basketball-reference.com/boxscores/201903300NYK.html,Home,92,36:49,3,21.4,MIA,Goran Dragić,Ryan Anderson,5:49,,,,,,,,,,,37:23,Dion Waiters,36:45,Kelly Olynyk,31:54,Dwyane Wade,27:24,Bam Adebayo,27:19,James Johnson,23:19,Derrick Jones Jr.,21:27,Hassan Whiteside,19:49,Duncan Robinson,8:51,100,3,9,8.0,88.9,0.0,0.0,1.0,11.1,Mitchell Robinson,8,3,2018-2019,7.0,1,14.0,NYK,92,Kevin Knox,,,,,,,,,,,,,39:39,Luke Kornet,36:26,Emmanuel Mudiay,35:09,Kadeem Allen,27:08,Damyean Dotson,23:38,Lance Thomas,22:45,Dennis Smith Jr.,18:26,,,,
0,,0,0.000,4,4.00,105,3,7,70.0,4,1.000,4.0,100.0,4.0,4,6,.750,8,200.000,Logos via Sports Logos.net / About logos,W,https://www.basketball-reference.com/boxscores/201904010NYK.html,Home,113,33:02,3,30.0,CHI,Wayne Selden,Brandon Sampson,8:06,Rawle Alkins,1:30,,,,,,,,,34:22,Walt Lemon Jr.,30:40,Robin Lopez,30:05,JaKarr Sampson,29:40,Shaquille Harrison,29:37,Timothé Luwawu-Cabarrot,26:25,Ryan Arcidiacono,17:20,Antonio Blakeney,16:53,Cristiano Felício,15:22,105,3,14,8.0,57.1,0.0,0.0,6.0,42.9,Mitchell Robinson,8,0,2018-2019,3.0,1,10.0,NYK,113,Damyean Dotson,,,,,,,,,,,,,41:03,Kevin Knox,40:25,Emmanuel Mudiay,36:09,Lance Thomas,31:31,Luke Kornet,28:28,John Jenkins,19:56,Kadeem Allen,9:26,,,,
0,,0,0.000,0,,100,2,5,55.6,6,.667,6.0,66.7,9.0,9,0,,0,0.000,Logos via Sports Logos.net / About logos,L,https://www.basketball-reference.com/boxscores/201904030ORL.html,Away,114,33:49,4,44.4,ORL,Aaron Gordon,,,,,,,,,,,,,40:05,Evan Fournier,35:13,Nikola Vučević,32:44,D.J. Augustin,30:46,Jonathan Isaac,25:44,Michael Carter-Williams,23:45,Terrence Ross,23:36,Khem Birch,15:16,Wes Iwundu,12:51,114,3,12,12.0,100.0,0.0,0.0,0.0,0.0,Mitchell Robinson,14,3,2018-2019,5.0,0,9.0,NYK,100,Emmanuel Mudiay,,,,,,,,,,,,,39:50,Damyean Dotson,36:15,Kevin Knox,34:00,Mario Hezonja,33:56,John Jenkins,16:32,Luke Kornet,14:11,Lance Thomas,13:48,Billy Garrett,11:32,Henry Ellenson,6:07
0,,0,0.000,1,1.00,96,3,5,55.6,5,.833,5.0,83.3,6.0,6,2,.500,4,66.667,Logos via Sports Logos.net / About logos,L,https://www.basketball-reference.com/boxscores/201904050HOU.html,Away,120,27:53,4,44.4,HOU,James Harden,Gary Clark,12:00,Danuel House Jr.,10:43,Chris Chiozza,7:14,,,,,,,29:12,Kenneth Faried,24:18,Chris Paul,23:51,Clint Capela,23:42,P.J. Tucker,23:42,Iman Shumpert,23:33,Austin Rivers,22:45,Eric Gordon,19:47,Gerald Green,19:13,120,5,12,10.0,83.3,0.0,0.0,2.0,16.7,Mitchell Robinson,24,1,2018-2019,4.0,1,9.0,NYK,96,Mario Hezonja,,,,,,,,,,,,,42:03,Kevin Knox,30:58,Damyean Dotson,27:57,John Jenkins,25:09,Billy Garrett,25:07,Henry Ellenson,22:43,Lance Thomas,19:06,Luke Kornet,19:04,,
0,,0,0.000,0,0.00,110,3,9,81.8,4,.800,4.0,80.0,5.0,5,3,1.000,3,60.000,Logos via Sports Logos.net / About logos,W,https://www.basketball-reference.com/boxscores/201904070NYK.html,Home,113,37:32,2,18.2,WAS,Troy Brown Jr.,Jeff Green,16:17,,,,,,,,,,,36:29,Tomáš Satoranský,31:47,Sam Dekker,24:29,Bobby Portis,24:00,Bradley Beal,23:26,Chasson Randle,22:56,Thomas Bryant,22:38,Ian Mahinmi,19:44,Devin Robinson,18:14,110,4,11,8.0,72.7,0.0,0.0,3.0,27.3,Mitchell Robinson,3,0,2018-2019,3.0,1,11.0,NYK,113,Luke Kornet,,,,,,,,,,,,,35:49,Mario Hezonja,35:31,Kevin Knox,32:16,Damyean Dotson,32:12,Dennis Smith Jr.,26:04,John Jenkins,22:22,Henry Ellenson,18:13,,,,
0,,0,0.000,0,0.00,96,3,14,82.4,3,.500,3.0,50.0,6.0,6,2,1.000,2,33.333,Logos via Sports Logos.net / About logos,W,https://www.basketball-reference.com/boxscores/201904090CHI.html,Away,86,35:01,3,17.6,CHI,JaKarr Sampson,Rawle Alkins,12:54,,,,,,,,,,,32:57,Ryan Arcidiacono,32:25,Robin Lopez,30:58,Shaquille Harrison,27:42,Timothé Luwawu-Cabarrot,24:47,Brandon Sampson,22:37,Wayne Selden,20:25,Walt Lemon Jr.,18:13,Cristiano Felício,17:02,86,3,8,6.0,75.0,0.0,0.0,2.0,25.0,Mitchell Robinson,10,0,2018-2019,3.0,1,17.0,NYK,96,Damyean Dotson,,,,,,,,,,,,,40:59,Luke Kornet,38:46,Dennis Smith Jr.,34:57,Kevin Knox,34:25,John Jenkins,20:36,Henry Ellenson,14:29,Billy Garrett,13:03,Isaiah Hicks,7:44,,
0,,0,0.000,0,,115,0,1,50.0,5,.833,5.0,83.3,6.0,6,1,.500,2,33.333,Logos via Sports Logos.net / About logos,L,https://www.basketball-reference.com/boxscores/201904100NYK.html,Home,89,22:30,1,50.0,DET,Glenn Robinson III,Zaza Pachulia,15:37,Khyri Thomas,5:08,Jon Leuer,3:59,José Calderón,3:59,,,,,32:08,Andre Drummond,27:33,Reggie Jackson,25:20,Bruce Brown,25:07,Luke Kennard,24:33,Thon Maker,20:35,Langston Galloway,18:54,Ish Smith,18:41,Wayne Ellington,18:26,115,4,11,10.0,90.9,0.0,0.0,1.0,9.1,Mitchell Robinson,26,1,2018-2019,1.0,0,2.0,NYK,89,Damyean Dotson,,,,,,,,,,,,,29:01,Kadeem Allen,28:52,Luke Kornet,28:08,Kevin Knox,28:02,John Jenkins,27:00,Mario Hezonja,21:04,Isaiah Hicks,21:03,Henry Ellenson,20:36,Billy Garrett,13:44
0,,0,0.000,1,0.33,109,1,5,71.4,3,.750,3.0,75.0,4.0,4,0,,0,0.000,Logos via Sports Logos.net / About logos,L,https://www.basketball-reference.com/boxscores/201910250BRK.html,Away,113,16:35,2,28.6,BRK,Taurean Prince,Rodions Kurucs,12:28,,,,,,,,,,,32:54,Joe Harris,31:24,Kyrie Irving,31:13,Spencer Dinwiddie,26:52,Jarrett Allen,25:12,Caris LeVert,24:14,DeAndre Jordan,22:45,Garrett Temple,18:50,David Nwaba,14:08,113,5,6,6.0,100.0,0.0,0.0,0.0,0.0,Mitchell Robinson,4,4,2019-2020,5.0,3,7.0,NYK,109,Julius Randle,Dennis Smith Jr.,4:31,,,,,,,,,,,38:34,RJ Barrett,35:40,Marcus Morris,33:18,Kevin Knox,28:40,Elfrid Payton,24:07,Allonzo Trier,23:25,Taj Gibson,13:59,Wayne Ellington,11:14,Bobby Portis,9:57
0,,0,0.000,0,0.00,118,3,2,33.3,7,1.000,7.0,100.0,7.0,7,3,1.000,3,42.857,Logos via Sports Logos.net / About logos,L,https://www.basketball-reference.com/boxscores/201910260NYK.html,Home,95,19:51,4,66.7,BOS,Jayson Tatum,Vincent Poirier,5:54,Tacko Fall,3:38,Brad Wanamaker,3:38,Javonte Green,3:38,,,,,33:32,Kemba Walker,30:21,Marcus Smart,27:33,Jaylen Brown,27:06,Gordon Hayward,26:53,Carsen Edwards,22:19,Robert Williams,21:44,Grant Williams,19:10,Semi Ojeleye,14:34,118,4,17,14.0,82.4,0.0,0.0,3.0,17.6,Mitchell Robinson,23,0,2019-2020,3.0,1,6.0,NYK,95,RJ Barrett,Damyean Dotson,3:38,Frank Ntilikina,0:18,,,,,,,,,36:34,Elfrid Payton,30:46,Julius Randle,29:52,Marcus Morris,28:41,Bobby Portis,27:17,Kevin Knox,25:40,Allonzo Trier,20:50,Dennis Smith Jr.,11:21,Taj Gibson,5:12
0,,0,0.000,0,,98,2,3,33.3,4,.444,4.0,44.4,9.0,9,2,.500,4,44.444,Logos via Sports Logos.net / About logos,W,https://www.basketball-reference.com/boxscores/201910280NYK.html,Home,105,18:20,6,66.7,CHI,Zach LaVine,Ryan Arcidiacono,15:55,,,,,,,,,,,35:36,Otto Porter Jr.,31:51,Lauri Markkanen,29:22,Wendell Carter Jr.,28:25,Tomáš Satoranský,26:48,Thaddeus Young,22:03,Kris Dunn,17:46,Luke Kornet,16:10,Coby White,16:04,98,4,10,8.0,80.0,0.0,0.0,2.0,20.0,Mitchell Robinson,7,0,2019-2020,2.0,0,9.0,NYK,105,RJ Barrett,,,,,,,,,,,,,40:02,Julius Randle,32:44,Marcus Morris,31:13,Bobby Portis,29:40,Frank Ntilikina,22:16,Wayne Ellington,21:47,Elfrid Payton,20:42,Kevin Knox,16:36,Taj Gibson,6:40
0,,0,0.000,2,,83,3,3,60.0,4,.667,4.0,66.7,6.0,6,4,1.000,4,66.667,Logos via Sports Logos.net / About logos,L,https://www.basketball-reference.com/boxscores/201910300ORL.html,Away,95,19:28,2,40.0,ORL,Nikola Vučević,Michael Carter-Williams,7:55,,,,,,,,,,,33:51,Jonathan Isaac,31:40,Aaron Gordon,28:10,Evan Fournier,28:09,D.J. Augustin,27:52,Al-Farouq Aminu,25:47,Terrence Ross,22:19,Markelle Fultz,20:08,Mo Bamba,14:09,95,1,12,8.0,66.7,0.0,0.0,4.0,33.3,Mitchell Robinson,12,0,2019-2020,3.0,0,5.0,NYK,83,Julius Randle,,,,,,,,,,,,,36:40,Marcus Morris,31:19,RJ Barrett,30:45,Frank Ntilikina,29:17,Bobby Portis,29:03,Kevin Knox,22:30,Wayne Ellington,19:10,Damyean Dotson,13:04,Taj Gibson,8:44
0,,0,0.000,0,0.00,102,2,4,66.7,3,.600,3.0,60.0,5.0,5,0,.000,1,20.000,Logos via Sports Logos.net / About logos,L,https://www.basketball-reference.com/boxscores/201911010BOS.html,Away,104,16:16,2,33.3,BOS,Kemba Walker,Vincent Poirier,6:31,,,,,,,,,,,35:37,Gordon Hayward,35:07,Jayson Tatum,33:46,Marcus Smart,30:11,Daniel Theis,26:53,Grant Williams,26:32,Semi Ojeleye,15:54,Brad Wanamaker,15:18,Carsen Edwards,14:11,104,3,6,6.0,100.0,0.0,0.0,0.0,0.0,Mitchell Robinson,2,0,2019-2020,2.0,1,6.0,NYK,102,Marcus Morris,,,,,,,,,,,,,39:16,RJ Barrett,39:07,Frank Ntilikina,37:46,Julius Randle,33:38,Kevin Knox,28:42,Wayne Ellington,24:25,Bobby Portis,20:50,,,,
0,,0,0.000,0,,113,2,2,40.0,4,1.000,4.0,100.0,4.0,4,2,.667,3,75.000,Logos via Sports Logos.net / About logos,L,https://www.basketball-reference.com/boxscores/201911030NYK.html,Home,92,24:34,3,60.0,SAC,Harrison Barnes,Wenyen Gabriel,5:41,Caleb Swanigan,1:56,Yogi Ferrell,1:56,Justin James,1:56,,,,,39:35,De'Aaron Fox,34:47,Buddy Hield,30:29,Richaun Holmes,29:40,Trevor Ariza,24:46,Nemanja Bjelica,24:08,Bogdan Bogdanović,19:09,Dewayne Dedmon,14:40,Cory Joseph,11:17,113,4,10,8.0,80.0,0.0,0.0,2.0,20.0,Mitchell Robinson,21,1,2019-2020,3.0,0,5.0,NYK,92,RJ Barrett,Damyean Dotson,4:11,,,,,,,,,,,40:44,Marcus Morris,34:54,Julius Randle,26:56,Wayne Ellington,24:54,Allonzo Trier,24:00,Kevin Knox,20:40,Bobby Portis,20:00,Frank Ntilikina,14:56,Ignas Brazdeikis,4:11
0,,0,0.000,1,,102,0,2,50.0,3,.750,3.0,75.0,4.0,4,0,,0,0.000,Logos via Sports Logos.net / About logos,L,https://www.basketball-reference.com/boxscores/201911060DET.html,Away,122,7:55,2,50.0,DET,Andre Drummond,Khyri Thomas,3:43,Jordan Bone,2:34,,,,,,,,,34:54,Bruce Brown,34:10,Tony Snell,32:23,Luke Kennard,32:19,Markieff Morris,29:24,Langston Galloway,23:14,Christian Wood,18:36,Svi Mykhailiuk,15:37,Thon Maker,13:06,122,1,6,6.0,100.0,0.0,0.0,0.0,0.0,Mitchell Robinson,20,0,2019-2020,0.0,0,4.0,NYK,102,Frank Ntilikina,Damyean Dotson,3:43,Ignas Brazdeikis,3:43,,,,,,,,,38:39,RJ Barrett,33:42,Marcus Morris,32:57,Julius Randle,32:20,Kevin Knox,26:52,Taj Gibson,21:37,Bobby Portis,20:30,Wayne Ellington,14:19,Allonzo Trier,3:43
0,,0,0.000,0,0.00,103,1,5,62.5,7,.875,7.0,87.5,8.0,8,2,1.000,2,25.000,Logos via Sports Logos.net / About logos,W,https://www.basketball-reference.com/boxscores/201911140NYK.html,Home,106,22:21,3,37.5,DAL,Luka Dončić,Boban Marjanović,14:54,,,,,,,,,,,35:32,Kristaps Porziņģis,33:04,Dwight Powell,29:22,Tim Hardaway Jr.,24:52,Dorian Finney-Smith,23:21,Seth Curry,23:15,Delon Wright,22:22,Maxi Kleber,18:17,Jalen Brunson,15:01,103,6,16,14.0,87.5,0.0,0.0,2.0,12.5,Mitchell Robinson,3,0,2019-2020,1.0,1,8.0,NYK,106,Julius Randle,Wayne Ellington,0:09,,,,,,,,,,,36:15,Marcus Morris,33:30,RJ Barrett,30:12,Dennis Smith Jr.,29:59,Damyean Dotson,23:09,Frank Ntilikina,18:01,Bobby Portis,16:53,Taj Gibson,15:01,Kevin Knox,14:30
0,,0,0.000,1,1.00,103,1,6,50.0,6,.750,6.0,75.0,8.0,8,5,.714,7,87.500,Logos via Sports Logos.net / About logos,L,https://www.basketball-reference.com/boxscores/201911160NYK.html,Home,102,26:42,6,50.0,CHO,P.J. Washington,Cody Martin,1:46,,,,,,,,,,,36:58,Devonte' Graham,36:20,Terry Rozier,35:59,Nicolas Batum,29:08,Malik Monk,26:06,Cody Zeller,25:24,Marvin Williams,24:28,Miles Bridges,14:47,Bismack Biyombo,9:04,103,0,17,12.0,70.6,0.0,0.0,5.0,29.4,Mitchell Robinson,1,1,2019-2020,2.0,1,12.0,NYK,102,Frank Ntilikina,Wayne Ellington,0:02,,,,,,,,,,,35:46,RJ Barrett,30:44,Marcus Morris,29:59,Julius Randle,25:36,Damyean Dotson,22:49,Bobby Portis,22:20,Taj Gibson,21:20,Kevin Knox,14:14,Dennis Smith Jr.,10:28
0,,0,0.000,0,0.00,105,4,4,50.0,3,.429,3.0,42.9,7.0,7,1,.500,2,28.571,Logos via Sports Logos.net / About logos,W,https://www.basketball-reference.com/boxscores/201911180NYK.html,Home,123,16:42,4,50.0,CLE,Kevin Porter Jr.,Matthew Dellavedova,11:44,Dean Wade,8:58,,,,,,,,,31:22,Alfonzo McKinnie,29:41,Darius Garland,29:23,Collin Sexton,25:45,Tristan Thompson,24:58,Jordan Clarkson,23:33,Cedi Osman,22:12,Ante Žižić,20:24,Brandon Knight,12:00,105,5,7,6.0,85.7,0.0,0.0,1.0,14.3,Mitchell Robinson,18,0,2019-2020,4.0,1,8.0,NYK,123,Marcus Morris,Wayne Ellington,9:09,,,,,,,,,,,33:52,Julius Randle,31:52,Frank Ntilikina,29:06,RJ Barrett,24:13,Bobby Portis,22:51,Kevin Knox,19:35,Dennis Smith Jr.,18:54,Damyean Dotson,18:01,Taj Gibson,15:45
0,,0,0.000,0,,104,3,2,100.0,2,1.000,2.0,100.0,2.0,2,0,,0,0.000,Logos via Sports Logos.net / About logos,L,https://www.basketball-reference.com/boxscores/201911200PHI.html,Away,109,13:14,0,0.0,PHI,Ben Simmons,Matisse Thybulle,14:29,,,,,,,,,,,41:46,Joel Embiid,33:39,Tobias Harris,31:55,Al Horford,25:07,Mike Scott,23:29,James Ennis III,21:36,Shake Milton,16:51,Furkan Korkmaz,16:15,Trey Burke,14:50,109,4,4,4.0,100.0,0.0,0.0,0.0,0.0,Mitchell Robinson,5,0,2019-2020,3.0,0,2.0,NYK,104,Marcus Morris,,,,,,,,,,,,,40:05,RJ Barrett,35:48,Julius Randle,35:30,Frank Ntilikina,32:54,Bobby Portis,23:48,Damyean Dotson,19:34,Dennis Smith Jr.,15:06,Taj Gibson,13:40,Kevin Knox,10:19
0,,0,0.000,4,,111,2,2,50.0,2,.667,2.0,66.7,3.0,3,2,1.000,2,66.667,Logos via Sports Logos.net / About logos,L,https://www.basketball-reference.com/boxscores/201911230NYK.html,Home,104,23:52,2,50.0,SAS,LaMarcus Aldridge,DeMarre Carroll,13:24,Lonnie Walker IV,7:21,,,,,,,,,34:00,DeMar DeRozan,31:14,Patty Mills,28:30,Derrick White,25:17,Jakob Poeltl,23:53,Rudy Gay,23:41,Bryn Forbes,20:06,Marco Belinelli,17:17,Trey Lyles,15:17,111,2,6,4.0,66.7,0.0,0.0,2.0,33.3,Mitchell Robinson,7,2,2019-2020,4.0,0,4.0,NYK,104,Frank Ntilikina,Kevin Knox,8:49,,,,,,,,,,,35:00,Julius Randle,31:21,RJ Barrett,28:56,Marcus Morris,28:36,Wayne Ellington,21:28,Bobby Portis,20:01,Damyean Dotson,16:25,Dennis Smith Jr.,15:04,Taj Gibson,10:28
0,,0,0.000,0,0.00,103,3,1,33.3,2,1.000,2.0,100.0,2.0,2,2,.500,4,200.000,Logos via Sports Logos.net / About logos,L,https://www.basketball-reference.com/boxscores/201911240NYK.html,Home,101,19:01,2,66.7,BRK,Garrett Temple,,,,,,,,,,,,,35:59,Spencer Dinwiddie,35:02,Taurean Prince,34:06,Jarrett Allen,31:44,Joe Harris,29:15,Džanan Musa,21:17,Iman Shumpert,19:15,Theo Pinson,17:12,DeAndre Jordan,16:10,103,6,6,4.0,66.7,0.0,0.0,2.0,33.3,Mitchell Robinson,2,0,2019-2020,3.0,3,3.0,NYK,101,Marcus Morris,,,,,,,,,,,,,32:41,Frank Ntilikina,31:53,Julius Randle,31:48,Wayne Ellington,28:19,Damyean Dotson,20:54,Dennis Smith Jr.,20:22,Taj Gibson,20:13,Kevin Knox,17:40,Bobby Portis,17:09
0,,0,0.000,0,0.00,98,1,7,87.5,2,.667,2.0,66.7,3.0,3,4,.800,5,166.667,Logos via Sports Logos.net / About logos,L,https://www.basketball-reference.com/boxscores/201911270TOR.html,Away,126,30:40,1,12.5,TOR,OG Anunoby,Shamorie Ponds,5:52,Oshae Brissett,5:52,,,,,,,,,32:38,Fred VanVleet,30:28,Pascal Siakam,30:04,Terence Davis,28:45,Chris Boucher,25:29,Rondae Hollis-Jefferson,22:56,Marc Gasol,22:31,Norman Powell,21:28,Malcolm Miller,13:57,126,2,8,4.0,50.0,0.0,0.0,4.0,50.0,Mitchell Robinson,28,1,2019-2020,2.0,2,8.0,NYK,98,RJ Barrett,Kevin Knox,11:47,Ignas Brazdeikis,9:35,Allonzo Trier,7:04,,,,,,,30:37,Julius Randle,23:45,Frank Ntilikina,21:33,Dennis Smith Jr.,21:33,Marcus Morris,20:34,Bobby Portis,19:26,Wayne Ellington,16:37,Taj Gibson,14:52,Damyean Dotson,11:57
0,,0,0.000,0,,101,2,3,42.9,1,.200,1.0,20.0,5.0,5,1,.167,6,120.000,Logos via Sports Logos.net / About logos,L,https://www.basketball-reference.com/boxscores/201911290NYK.html,Home,95,29:22,4,57.1,PHI,Ben Simmons,Raul Neto,6:05,,,,,,,,,,,37:41,Joel Embiid,35:27,Tobias Harris,35:06,Furkan Korkmaz,30:36,Mike Scott,21:56,James Ennis III,21:38,Matisse Thybulle,21:27,Trey Burke,17:31,Norvel Pelle,12:33,101,6,3,2.0,66.7,0.0,0.0,1.0,33.3,Mitchell Robinson,6,0,2019-2020,2.0,0,7.0,NYK,95,Frank Ntilikina,,,,,,,,,,,,,37:02,Julius Randle,35:11,Marcus Morris,33:40,RJ Barrett,28:46,Damyean Dotson,19:32,Taj Gibson,17:20,Dennis Smith Jr.,14:04,Bobby Portis,12:50,Wayne Ellington,12:13
0,,0,0.000,0,0.00,113,0,4,80.0,2,1.000,2.0,100.0,2.0,2,2,1.000,2,100.000,Logos via Sports Logos.net / About logos,L,https://www.basketball-reference.com/boxscores/201912010NYK.html,Home,104,19:31,1,20.0,BOS,Jayson Tatum,Javonte Green,8:16,Robert Williams,6:49,Carsen Edwards,6:41,,,,,,,37:24,Jaylen Brown,34:56,Kemba Walker,33:18,Grant Williams,22:28,Marcus Smart,19:39,Semi Ojeleye,19:25,Brad Wanamaker,18:27,Daniel Theis,16:57,Enes Freedom,15:40,113,6,6,4.0,66.7,0.0,0.0,2.0,33.3,Mitchell Robinson,9,0,2019-2020,0.0,2,5.0,NYK,104,Dennis Smith Jr.,,,,,,,,,,,,,38:22,RJ Barrett,35:08,Julius Randle,33:41,Damyean Dotson,31:33,Kevin Knox,21:40,Bobby Portis,20:42,Taj Gibson,19:38,Wayne Ellington,12:52,Frank Ntilikina,6:53
0,,0,0.000,1,,88,3,8,57.1,2,.400,2.0,40.0,5.0,5,0,.000,4,80.000,Logos via Sports Logos.net / About logos,L,https://www.basketball-reference.com/boxscores/201912020MIL.html,Away,132,23:28,6,42.9,MIL,D.J. Wilson,George Hill,16:22,Ersan İlyasova,14:21,Dragan Bender,13:25,Thanasis Antetokounmpo,12:00,,,,,23:36,Robin Lopez,22:40,Giannis Antetokounmpo,21:58,Kyle Korver,20:50,Wesley Matthews,19:42,Eric Bledsoe,19:38,Donte DiVincenzo,19:23,Pat Connaughton,18:24,Khris Middleton,17:40,132,5,4,4.0,100.0,0.0,0.0,0.0,0.0,Mitchell Robinson,44,1,2019-2020,4.0,0,14.0,NYK,88,Damyean Dotson,Allonzo Trier,11:50,Wayne Ellington,8:20,,,,,,,,,28:45,Dennis Smith Jr.,25:39,Julius Randle,25:19,Kevin Knox,23:07,Taj Gibson,20:39,RJ Barrett,19:58,Bobby Portis,19:21,Ignas Brazdeikis,18:01,Kadeem Allen,15:32
0,,0,0.000,1,,129,1,4,57.1,6,.750,6.0,75.0,8.0,8,5,.625,8,100.000,Logos via Sports Logos.net / About logos,L,https://www.basketball-reference.com/boxscores/201912050NYK.html,Home,92,29:56,3,42.9,DEN,Monte Morris,Mason Plumlee,20:53,Michael Porter Jr.,5:16,Torrey Craig,4:53,,,,,,,25:49,Nikola Jokić,24:44,Will Barton,24:05,Juancho Hernangómez,23:55,Malik Beasley,23:38,Jamal Murray,22:11,Gary Harris,21:52,Paul Millsap,21:35,Jerami Grant,21:09,129,0,17,12.0,70.6,0.0,0.0,5.0,29.4,Mitchell Robinson,37,2,2019-2020,3.0,0,7.0,NYK,92,Bobby Portis,Wayne Ellington,10:46,Allonzo Trier,6:28,Damyean Dotson,4:06,,,,,,,26:34,Marcus Morris,26:18,Frank Ntilikina,23:42,RJ Barrett,21:58,Kevin Knox,21:42,Julius Randle,21:26,Taj Gibson,18:04,Dennis Smith Jr.,17:43,Elfrid Payton,11:17
0,,0,0.000,1,1.00,104,3,5,71.4,6,.667,6.0,66.7,9.0,9,2,1.000,2,22.222,Logos via Sports Logos.net / About logos,L,https://www.basketball-reference.com/boxscores/201912070NYK.html,Home,103,25:02,2,28.6,IND,Domantas Sabonis,,,,,,,,,,,,,38:21,T.J. Warren,38:01,Jeremy Lamb,34:20,Myles Turner,31:27,Aaron Holiday,28:24,Justin Holiday,21:01,Doug McDermott,19:47,T.J. McConnell,19:36,Goga Bitadze,9:03,104,1,14,12.0,85.7,0.0,0.0,2.0,14.3,Mitchell Robinson,1,2,2019-2020,5.0,1,7.0,NYK,103,RJ Barrett,Dennis Smith Jr.,11:39,,,,,,,,,,,36:22,Julius Randle,35:25,Marcus Morris,33:20,Frank Ntilikina,18:56,Bobby Portis,18:07,Elfrid Payton,17:25,Taj Gibson,15:26,Damyean Dotson,14:25,Kevin Knox,13:53
0,,0,0.000,0,0.00,87,1,1,20.0,5,.625,5.0,62.5,8.0,8,4,.571,7,87.500,Logos via Sports Logos.net / About logos,L,https://www.basketball-reference.com/boxscores/201912100POR.html,Away,115,27:19,4,80.0,POR,CJ McCollum,Gary Trent Jr.,10:19,Anthony Tolliver,6:29,Jaylen Hoard,5:46,,,,,,,31:25,Damian Lillard,28:59,Anfernee Simons,28:43,Hassan Whiteside,25:38,Carmelo Anthony,24:52,Mario Hezonja,23:09,Kent Bazemore,21:49,Skal Labissière,21:25,Nassir Little,11:26,115,3,14,10.0,71.4,0.0,0.0,4.0,28.6,Mitchell Robinson,28,0,2019-2020,1.0,1,5.0,NYK,87,Julius Randle,Dennis Smith Jr.,13:36,Elfrid Payton,12:32,Ignas Brazdeikis,5:25,,,,,,,25:41,Marcus Morris,24:53,Damyean Dotson,23:06,Kevin Knox,20:18,Bobby Portis,19:43,RJ Barrett,18:52,Frank Ntilikina,17:53,Taj Gibson,16:20,Allonzo Trier,14:22
0,,0,0.000,1,,124,3,4,44.4,4,.571,4.0,57.1,7.0,7,1,.500,2,28.571,Logos via Sports Logos.net / About logos,W,https://www.basketball-reference.com/boxscores/201912110GSW.html,Away,122,29:53,5,55.6,GSW,Draymond Green,Damion Lee,15:09,Jacob Evans,5:45,Kevon Looney,5:20,,,,,,,39:29,Glenn Robinson III,35:55,D'Angelo Russell,35:41,Alec Burks,33:18,Marquese Chriss,24:02,Willie Cauley-Stein,22:21,Eric Paschall,16:52,Omari Spellman,15:51,Ky Bowman,15:17,122,3,9,8.0,88.9,0.0,0.0,1.0,11.1,Mitchell Robinson,2,0,2019-2020,3.0,0,9.0,NYK,124,RJ Barrett,,,,,,,,,,,,,46:05,Julius Randle,38:08,Marcus Morris,36:28,Elfrid Payton,29:35,Bobby Portis,24:12,Damyean Dotson,16:54,Kevin Knox,16:32,Taj Gibson,13:47,Frank Ntilikina,13:26
0,,0,0.000,0,,103,0,4,44.4,7,.778,7.0,77.8,9.0,9,0,,0,0.000,Logos via Sports Logos.net / About logos,W,https://www.basketball-reference.com/boxscores/201912130SAC.html,Away,101,25:15,5,55.6,SAC,Harrison Barnes,,,,,,,,,,,,,37:24,Buddy Hield,36:22,Cory Joseph,28:40,Bogdan Bogdanović,28:40,Nemanja Bjelica,26:40,Richaun Holmes,26:37,Trevor Ariza,23:51,Marvin Bagley III,21:23,Yogi Ferrell,10:21,101,2,14,14.0,100.0,0.0,0.0,0.0,0.0,Mitchell Robinson,2,1,2019-2020,1.0,0,9.0,NYK,103,RJ Barrett,,,,,,,,,,,,,31:22,Julius Randle,30:38,Marcus Morris,29:44,Elfrid Payton,27:04,Taj Gibson,22:43,Frank Ntilikina,21:05,Kevin Knox,18:15,Bobby Portis,17:22,Damyean Dotson,16:30
0,,0,0.000,0,0.00,105,1,4,57.1,4,.800,4.0,80.0,5.0,5,0,,0,0.000,Logos via Sports Logos.net / About logos,L,https://www.basketball-reference.com/boxscores/201912150DEN.html,Away,111,24:34,3,42.9,DEN,Gary Harris,,,,,,,,,,,,,38:27,Nikola Jokić,35:48,Will Barton,34:48,Mason Plumlee,33:30,Jamal Murray,32:37,Jerami Grant,26:41,Monte Morris,15:23,Torrey Craig,11:49,Michael Porter Jr.,10:56,111,4,8,8.0,100.0,0.0,0.0,0.0,0.0,Mitchell Robinson,6,1,2019-2020,2.0,1,7.0,NYK,105,Julius Randle,,,,,,,,,,,,,36:20,RJ Barrett,35:46,Marcus Morris,34:49,Elfrid Payton,25:23,Frank Ntilikina,23:47,Kevin Knox,22:01,Taj Gibson,16:10,Bobby Portis,14:16,Damyean Dotson,6:53
0,,0,0.000,0,0.00,120,2,7,53.8,9,.692,9.0,69.2,13.0,13,4,1.000,4,30.769,Logos via Sports Logos.net / About logos,W,https://www.basketball-reference.com/boxscores/201912170NYK.html,Home,143,29:14,6,46.2,ATL,Trae Young,Damian Jones,9:13,Bruno Fernando,7:32,,,,,,,,,41:20,Kevin Huerter,32:15,De'Andre Hunter,31:23,Cam Reddish,26:49,Alex Len,24:48,Vince Carter,23:50,Jabari Parker,19:00,DeAndre' Bembry,12:20,Allen Crabbe,11:30,120,4,22,18.0,81.8,0.0,0.0,4.0,18.2,Mitchell Robinson,23,1,2019-2020,3.0,1,13.0,NYK,143,RJ Barrett,Dennis Smith Jr.,12:47,,,,,,,,,,,28:37,Damyean Dotson,24:02,Kevin Knox,23:34,Julius Randle,22:46,Marcus Morris,21:31,Bobby Portis,20:35,Elfrid Payton,20:10,Taj Gibson,18:46,Frank Ntilikina,17:58
0,,0,0.000,1,,114,1,1,25.0,8,.889,8.0,88.9,9.0,9,2,1.000,2,22.222,Logos via Sports Logos.net / About logos,L,https://www.basketball-reference.com/boxscores/201912200MIA.html,Away,129,28:00,3,75.0,MIA,Bam Adebayo,Chris Silva,12:00,,,,,,,,,,,30:03,Jimmy Butler,27:53,Kelly Olynyk,26:18,Derrick Jones Jr.,26:04,Tyler Herro,25:24,Goran Dragić,24:22,Kendrick Nunn,23:38,Duncan Robinson,22:36,Meyers Leonard,21:42,129,6,18,16.0,88.9,0.0,0.0,2.0,11.1,Mitchell Robinson,15,1,2019-2020,2.0,0,4.0,NYK,114,Marcus Morris,Taj Gibson,14:15,Allonzo Trier,10:17,,,,,,,,,26:40,Bobby Portis,24:41,Julius Randle,23:19,Damyean Dotson,23:05,Kevin Knox,21:20,RJ Barrett,20:23,Elfrid Payton,17:50,Frank Ntilikina,15:37,Dennis Smith Jr.,14:33
0,,0,0.000,0,,123,1,1,100.0,2,.500,2.0,50.0,4.0,4,2,.667,3,75.000,Logos via Sports Logos.net / About logos,L,https://www.basketball-reference.com/boxscores/201912210NYK.html,Home,102,22:10,0,0.0,MIL,Brook Lopez,D.J. Wilson,15:07,George Hill,12:44,Thanasis Antetokounmpo,6:43,,,,,,,27:03,Giannis Antetokounmpo,26:02,Donte DiVincenzo,25:26,Pat Connaughton,24:07,Kyle Korver,23:43,Khris Middleton,23:30,Sterling Brown,19:34,Ersan İlyasova,19:17,Robin Lopez,16:44,123,6,6,4.0,66.7,0.0,0.0,2.0,33.3,Mitchell Robinson,21,3,2019-2020,4.0,0,1.0,NYK,102,RJ Barrett,Frank Ntilikina,9:33,Taj Gibson,9:30,,,,,,,,,33:21,Julius Randle,31:35,Elfrid Payton,27:10,Bobby Portis,25:28,Marcus Morris,24:29,Kevin Knox,23:31,Allonzo Trier,12:00,Dennis Smith Jr.,11:17,Damyean Dotson,9:56
0,,0,0.000,0,,121,6,9,69.2,3,.500,3.0,50.0,6.0,6,0,,0,0.000,Logos via Sports Logos.net / About logos,L,https://www.basketball-reference.com/boxscores/201912230NYK.html,Home,115,22:53,4,30.8,WAS,Bradley Beal,Isaac Bonga,11:25,,,,,,,,,,,36:32,Gary Payton II,34:01,Troy Brown Jr.,32:16,Ian Mahinmi,28:12,Ish Smith,25:11,Anžejs Pasečņiks,19:48,Garrison Mathews,18:37,Admiral Schofield,18:18,Justin Robinson,15:40,121,5,6,6.0,100.0,0.0,0.0,0.0,0.0,Mitchell Robinson,6,0,2019-2020,6.0,0,13.0,NYK,115,Julius Randle,,,,,,,,,,,,,37:08,RJ Barrett,35:32,Elfrid Payton,30:12,Damyean Dotson,27:10,Kevin Knox,26:48,Bobby Portis,22:52,Allonzo Trier,19:36,Frank Ntilikina,10:51,Dennis Smith Jr.,6:57
0,,0,0.000,1,,94,2,5,50.0,4,.667,4.0,66.7,6.0,6,2,.400,5,83.333,Logos via Sports Logos.net / About logos,W,https://www.basketball-reference.com/boxscores/201912260BRK.html,Away,82,28:20,5,50.0,BRK,Spencer Dinwiddie,Theo Pinson,9:00,Džanan Musa,4:35,Henry Ellenson,3:32,,,,,,,31:38,Joe Harris,31:21,Garrett Temple,29:47,Taurean Prince,27:59,Jarrett Allen,26:41,Timothé Luwawu-Cabarrot,20:20,Rodions Kurucs,18:58,Wilson Chandler,18:22,DeAndre Jordan,17:47,82,2,10,8.0,80.0,0.0,0.0,2.0,20.0,Mitchell Robinson,12,1,2019-2020,3.0,0,10.0,NYK,94,Julius Randle,Kadeem Allen,2:11,Ignas Brazdeikis,1:00,,,,,,,,,35:03,Marcus Morris,34:29,Elfrid Payton,31:48,Damyean Dotson,25:08,RJ Barrett,24:15,Bobby Portis,18:15,Frank Ntilikina,14:01,Kevin Knox,13:31,Taj Gibson,11:59
0,,0,0.000,0,,107,2,6,66.7,4,.800,4.0,80.0,5.0,5,1,.250,4,80.000,Logos via Sports Logos.net / About logos,W,https://www.basketball-reference.com/boxscores/201912280WAS.html,Away,100,12:57,3,33.3,WAS,Troy Brown Jr.,Garrison Mathews,8:49,Admiral Schofield,1:59,,,,,,,,,37:46,Gary Payton II,30:29,Isaiah Thomas,29:22,Jordan McRae,29:05,Ian Mahinmi,28:18,Ish Smith,21:23,Isaac Bonga,20:00,Anžejs Pasečņiks,19:19,Johnathan Williams,13:30,100,4,9,8.0,88.9,0.0,0.0,1.0,11.1,Mitchell Robinson,7,1,2019-2020,3.0,0,9.0,NYK,107,Julius Randle,Allonzo Trier,6:50,,,,,,,,,,,38:36,RJ Barrett,31:16,Elfrid Payton,30:59,Damyean Dotson,26:28,Marcus Morris,23:22,Bobby Portis,20:33,Kevin Knox,19:04,Frank Ntilikina,17:01,Taj Gibson,12:54
0,,0,0.000,0,,93,1,4,50.0,11,1.000,11.0,100.0,11.0,11,0,,0,0.000,Logos via Sports Logos.net / About logos,W,https://www.basketball-reference.com/boxscores/202001010NYK.html,Home,117,27:25,4,50.0,POR,Damian Lillard,Moses Brown,4:45,,,,,,,,,,,35:24,Hassan Whiteside,33:09,CJ McCollum,32:23,Carmelo Anthony,31:17,Kent Bazemore,29:07,Anfernee Simons,25:53,Anthony Tolliver,23:13,Gary Trent Jr.,13:51,Nassir Little,10:58,93,1,22,22.0,100.0,0.0,0.0,0.0,0.0,Mitchell Robinson,24,1,2019-2020,2.0,0,8.0,NYK,117,Marcus Morris,Taj Gibson,9:55,,,,,,,,,,,33:25,Julius Randle,29:52,Elfrid Payton,25:00,RJ Barrett,24:36,Frank Ntilikina,23:00,Bobby Portis,20:47,Kevin Knox,17:18,Reggie Bullock,15:26,Damyean Dotson,13:16
0,,0,0.000,0,0.00,112,3,5,71.4,4,.571,4.0,57.1,7.0,7,1,.500,2,28.571,Logos via Sports Logos.net / About logos,L,https://www.basketball-reference.com/boxscores/202001030PHO.html,Away,120,21:16,2,28.6,PHO,Kelly Oubre Jr.,Dario Šarić,3:58,,,,,,,,,,,39:37,Devin Booker,38:27,Deandre Ayton,37:26,Ricky Rubio,32:37,Aron Baynes,29:12,Mikal Bridges,19:52,Cameron Johnson,18:13,Elie Okobo,12:32,Cheick Diallo,8:04,120,3,9,8.0,88.9,0.0,0.0,1.0,11.1,Mitchell Robinson,8,0,2019-2020,3.0,1,7.0,NYK,112,Marcus Morris,Wayne Ellington,5:22,,,,,,,,,,,35:01,Julius Randle,34:37,Elfrid Payton,31:39,RJ Barrett,30:50,Bobby Portis,19:50,Reggie Bullock,18:33,Frank Ntilikina,16:21,Taj Gibson,13:56,Kevin Knox,12:35
0,,0,0.000,1,,132,1,2,100.0,4,.800,4.0,80.0,5.0,5,0,,0,0.000,Logos via Sports Logos.net / About logos,L,https://www.basketball-reference.com/boxscores/202001050LAC.html,Away,135,21:53,0,0.0,LAC,Montrezl Harrell,Ivica Zubac,12:04,Jerome Robinson,8:26,,,,,,,,,35:56,Lou Williams,35:02,JaMychal Green,31:53,Patrick Beverley,29:51,Paul George,26:03,Maurice Harkless,20:57,Patrick Patterson,13:43,Landry Shamet,13:20,Rodney McGruder,12:45,135,3,8,8.0,100.0,0.0,0.0,0.0,0.0,Mitchell Robinson,3,1,2019-2020,2.0,0,2.0,NYK,132,RJ Barrett,,,,,,,,,,,,,36:36,Marcus Morris,35:04,Julius Randle,35:04,Frank Ntilikina,28:22,Reggie Bullock,24:54,Kadeem Allen,19:38,Taj Gibson,18:42,Bobby Portis,13:40,Kevin Knox,6:07
0,,0,0.000,0,0.00,87,0,5,83.3,3,1.000,3.0,100.0,3.0,3,2,1.000,2,66.667,Logos via Sports Logos.net / About logos,L,https://www.basketball-reference.com/boxscores/202001070LAL.html,Away,117,25:31,1,16.7,LAL,LeBron James,Alex Caruso,14:17,Troy Daniels,5:54,Quinn Cook,4:30,Jared Dudley,4:30,,,,,31:26,Anthony Davis,28:12,Dwight Howard,25:12,Danny Green,25:05,Avery Bradley,24:10,Rajon Rondo,23:13,Kyle Kuzma,20:39,Kentavious Caldwell-Pope,18:25,JaVale McGee,14:27,117,3,8,6.0,75.0,0.0,0.0,2.0,25.0,Mitchell Robinson,30,3,2019-2020,3.0,1,6.0,NYK,87,Julius Randle,Bobby Portis,6:14,Damyean Dotson,5:25,Kadeem Allen,4:30,,,,,,,31:29,RJ Barrett,30:41,Elfrid Payton,29:37,Reggie Bullock,26:55,Taj Gibson,19:43,Kevin Knox,19:17,Wayne Ellington,14:45,Frank Ntilikina,13:53,Allonzo Trier,12:00
0,,0,0.000,1,1.00,104,1,3,75.0,3,.750,3.0,75.0,4.0,4,0,,0,0.000,Logos via Sports Logos.net / About logos,L,https://www.basketball-reference.com/boxscores/202001080UTA.html,Away,128,22:14,1,25.0,UTA,Royce O'Neale,Rayjon Tucker,9:09,Ed Davis,6:37,Nigel Williams-Goss,3:36,Juwan Morgan,3:36,,,,,29:07,Joe Ingles,26:12,Bojan Bogdanović,26:00,Rudy Gobert,26:00,Donovan Mitchell,25:21,Emmanuel Mudiay,25:12,Jordan Clarkson,23:53,Georges Niang,19:54,Tony Bradley,15:23,128,2,6,6.0,100.0,0.0,0.0,0.0,0.0,Mitchell Robinson,24,0,2019-2020,1.0,1,4.0,NYK,104,Kevin Knox,Ignas Brazdeikis,4:59,Kadeem Allen,4:59,,,,,,,,,29:16,Bobby Portis,28:50,RJ Barrett,27:28,Elfrid Payton,24:18,Reggie Bullock,23:53,Wayne Ellington,22:07,Damyean Dotson,21:33,Frank Ntilikina,18:43,Taj Gibson,11:40
0,,0,0.000,1,1.00,123,0,1,25.0,6,.857,6.0,85.7,7.0,7,0,,0,0.000,Logos via Sports Logos.net / About logos,L,https://www.basketball-reference.com/boxscores/202001100NYK.html,Home,111,22:19,3,75.0,NOP,Brandon Ingram,Jahlil Okafor,7:21,,,,,,,,,,,38:36,Lonzo Ball,38:20,Josh Hart,36:43,Jaxson Hayes,29:23,Nickeil Alexander-Walker,23:51,JJ Redick,23:04,E'Twaun Moore,17:44,Nicolò Melli,13:42,Derrick Favors,11:16,123,3,12,12.0,100.0,0.0,0.0,0.0,0.0,Mitchell Robinson,12,1,2019-2020,1.0,1,4.0,NYK,111,Elfrid Payton,Allonzo Trier,5:55,Kadeem Allen,2:34,,,,,,,,,32:42,RJ Barrett,32:32,Bobby Portis,29:13,Reggie Bullock,27:15,Taj Gibson,25:41,Damyean Dotson,17:46,Kevin Knox,16:13,Frank Ntilikina,15:18,Wayne Ellington,12:32
0,,0,0.000,0,0.00,121,1,3,100.0,1,1.000,1.0,100.0,1.0,1,0,,0,0.000,Logos via Sports Logos.net / About logos,W,https://www.basketball-reference.com/boxscores/202001120NYK.html,Home,124,14:36,0,0.0,MIA,Bam Adebayo,,,,,,,,,,,,,37:15,Jimmy Butler,34:55,Kendrick Nunn,31:13,Duncan Robinson,27:41,Goran Dragić,23:52,Meyers Leonard,23:51,Tyler Herro,21:55,James Johnson,20:34,Derrick Jones Jr.,18:42,121,5,2,2.0,100.0,0.0,0.0,0.0,0.0,Mitchell Robinson,3,0,2019-2020,1.0,3,3.0,NYK,124,RJ Barrett,,,,,,,,,,,,,39:38,Julius Randle,32:47,Taj Gibson,31:24,Elfrid Payton,31:15,Reggie Bullock,28:29,Kevin Knox,19:59,Bobby Portis,17:13,Kadeem Allen,16:45,Damyean Dotson,7:54
0,,0,0.000,0,,102,1,2,66.7,3,.600,3.0,60.0,5.0,5,1,.250,4,80.000,Logos via Sports Logos.net / About logos,L,https://www.basketball-reference.com/boxscores/202001140MIL.html,Away,128,18:22,1,33.3,MIL,Wesley Matthews,Ersan İlyasova,16:16,Sterling Brown,12:00,George Hill,11:17,D.J. Wilson,9:56,,,,,26:29,Brook Lopez,22:21,Giannis Antetokounmpo,21:26,Eric Bledsoe,21:25,Dragan Bender,21:14,Kyle Korver,21:06,Khris Middleton,20:55,Pat Connaughton,19:01,Donte DiVincenzo,16:34,128,5,7,6.0,85.7,0.0,0.0,1.0,14.3,Mitchell Robinson,26,2,2019-2020,3.0,0,3.0,NYK,102,RJ Barrett,Allonzo Trier,9:22,Damyean Dotson,7:47,,,,,,,,,31:53,Bobby Portis,27:09,Julius Randle,26:49,Kadeem Allen,24:09,Reggie Bullock,23:27,Kevin Knox,23:12,Elfrid Payton,19:12,Wayne Ellington,17:48,Taj Gibson,10:50
0,,0,0.000,0,0.00,121,2,4,50.0,5,.714,5.0,71.4,7.0,7,2,.667,3,42.857,Logos via Sports Logos.net / About logos,L,https://www.basketball-reference.com/boxscores/202001160NYK.html,Home,98,30:07,4,50.0,PHO,Ricky Rubio,Jevon Carter,7:02,Ty Jerome,2:10,Jalen Lecque,2:10,,,,,,,35:23,Deandre Ayton,34:48,Mikal Bridges,34:45,Dario Šarić,28:22,Devin Booker,27:55,Cameron Johnson,23:23,Cheick Diallo,15:24,Aron Baynes,14:44,Elie Okobo,13:54,121,2,12,10.0,83.3,0.0,0.0,2.0,16.7,Mitchell Robinson,23,3,2019-2020,5.0,1,8.0,NYK,98,Julius Randle,Kadeem Allen,5:47,,,,,,,,,,,35:33,Marcus Morris,33:20,Damyean Dotson,26:05,Elfrid Payton,24:12,Frank Ntilikina,23:48,Bobby Portis,17:21,Kevin Knox,16:38,RJ Barrett,14:10,Taj Gibson,12:59
0,,0,0.000,1,,90,3,4,57.1,2,.500,2.0,50.0,4.0,4,2,.500,4,100.000,Logos via Sports Logos.net / About logos,L,https://www.basketball-reference.com/boxscores/202001180NYK.html,Home,87,24:25,3,42.9,PHI,Ben Simmons,Raul Neto,8:16,,,,,,,,,,,39:43,Tobias Harris,34:16,Josh Richardson,34:11,Al Horford,32:51,Matisse Thybulle,29:04,Furkan Korkmaz,21:32,Norvel Pelle,15:09,Mike Scott,13:44,James Ennis III,11:12,90,0,6,4.0,66.7,0.0,0.0,2.0,33.3,Mitchell Robinson,3,0,2019-2020,3.0,0,7.0,NYK,87,Marcus Morris,,,,,,,,,,,,,36:20,Reggie Bullock,34:45,Julius Randle,34:17,Elfrid Payton,31:30,Taj Gibson,23:32,Frank Ntilikina,16:30,Bobby Portis,13:45,Allonzo Trier,13:15,Kevin Knox,11:39
0,,0,0.000,0,0.00,106,4,5,83.3,0,.000,0.0,0.0,1.0,1,2,1.000,2,200.000,Logos via Sports Logos.net / About logos,W,https://www.basketball-reference.com/boxscores/202001200CLE.html,Away,86,27:25,1,16.7,CLE,Tristan Thompson,Tyler Cook,2:58,,,,,,,,,,,35:19,Darius Garland,35:18,Collin Sexton,35:07,Cedi Osman,32:49,Kevin Love,30:02,Larry Nance Jr.,27:41,Dante Exum,24:57,Matthew Dellavedova,12:51,Matt Mooney,2:58,86,1,2,0.0,0.0,0.0,0.0,2.0,100.0,Mitchell Robinson,20,1,2019-2020,5.0,1,6.0,NYK,106,Reggie Bullock,,,,,,,,,,,,,29:59,Marcus Morris,29:50,Elfrid Payton,28:27,Julius Randle,27:20,Damyean Dotson,20:59,Bobby Portis,20:40,Taj Gibson,20:35,Frank Ntilikina,19:33,Kevin Knox,15:12
0,,0,0.000,1,1.00,100,1,10,83.3,2,.667,2.0,66.7,3.0,3,0,,0,0.000,Logos via Sports Logos.net / About logos,L,https://www.basketball-reference.com/boxscores/202001220NYK.html,Home,92,24:00,2,16.7,LAL,LeBron James,JaVale McGee,16:44,,,,,,,,,,,36:03,Anthony Davis,30:03,Kyle Kuzma,27:53,Dwight Howard,27:16,Kentavious Caldwell-Pope,26:19,Danny Green,19:18,Alex Caruso,19:13,Avery Bradley,18:54,Rajon Rondo,18:17,100,4,4,4.0,100.0,0.0,0.0,0.0,0.0,Mitchell Robinson,8,0,2019-2020,1.0,1,12.0,NYK,92,Marcus Morris,Dennis Smith Jr.,3:36,,,,,,,,,,,37:23,Julius Randle,34:58,Elfrid Payton,31:56,Damyean Dotson,27:24,Reggie Bullock,21:08,Bobby Portis,18:37,Taj Gibson,17:53,Frank Ntilikina,12:28,Kevin Knox,10:37
0,,0,0.000,1,,118,1,1,33.3,3,1.000,3.0,100.0,3.0,3,0,,0,0.000,Logos via Sports Logos.net / About logos,L,https://www.basketball-reference.com/boxscores/202001240NYK.html,Home,112,22:03,2,66.7,TOR,Fred VanVleet,,,,,,,,,,,,,39:06,Kyle Lowry,35:05,Pascal Siakam,32:31,Marc Gasol,30:19,OG Anunoby,25:35,Norman Powell,25:15,Serge Ibaka,19:58,Rondae Hollis-Jefferson,19:04,Terence Davis,13:07,118,2,6,6.0,100.0,0.0,0.0,0.0,0.0,Mitchell Robinson,6,0,2019-2020,1.0,0,3.0,NYK,112,Marcus Morris,,,,,,,,,,,,,36:52,Elfrid Payton,34:34,Julius Randle,34:03,Bobby Portis,27:15,Damyean Dotson,27:11,Reggie Bullock,21:57,Frank Ntilikina,13:26,Taj Gibson,11:31,Kevin Knox,11:08
0,,0,0.000,1,1.00,97,2,3,60.0,6,1.000,6.0,100.0,6.0,6,0,,0,0.000,Logos via Sports Logos.net / About logos,W,https://www.basketball-reference.com/boxscores/202001260NYK.html,Home,110,17:07,2,40.0,BRK,Garrett Temple,Timothé Luwawu-Cabarrot,2:36,Džanan Musa,2:36,Theo Pinson,2:36,,,,,,,33:43,Spencer Dinwiddie,32:21,Jarrett Allen,31:36,Joe Harris,31:35,Taurean Prince,28:31,Caris LeVert,22:45,Rodions Kurucs,21:28,Wilson Chandler,16:27,Nic Claxton,13:46,97,6,12,12.0,100.0,0.0,0.0,0.0,0.0,Mitchell Robinson,13,0,2019-2020,2.0,1,5.0,NYK,110,Marcus Morris,,,,,,,,,,,,,34:14,Julius Randle,33:24,Reggie Bullock,31:25,Elfrid Payton,29:31,Taj Gibson,23:44,Damyean Dotson,19:23,Frank Ntilikina,18:29,Bobby Portis,18:07,Kevin Knox,14:36
0,,0,0.000,0,,92,5,8,80.0,2,1.000,2.0,100.0,2.0,2,0,,0,0.000,Logos via Sports Logos.net / About logos,L,https://www.basketball-reference.com/boxscores/202001280CHO.html,Away,97,25:54,2,20.0,CHO,Devonte' Graham,Dwayne Bacon,7:27,,,,,,,,,,,34:57,Terry Rozier,34:28,P.J. Washington,30:30,Cody Zeller,28:51,Miles Bridges,25:57,Malik Monk,23:14,Willy Hernangómez,18:38,Cody Martin,18:07,Marvin Williams,17:51,97,4,4,4.0,100.0,0.0,0.0,0.0,0.0,Mitchell Robinson,5,1,2019-2020,6.0,0,10.0,NYK,92,Julius Randle,Frank Ntilikina,3:05,,,,,,,,,,,36:39,Marcus Morris,34:59,Elfrid Payton,33:27,Reggie Bullock,28:01,Damyean Dotson,18:39,Bobby Portis,17:45,Taj Gibson,15:42,Dennis Smith Jr.,14:33,Kevin Knox,11:16
0,,0,0.000,2,,127,4,4,44.4,4,.667,4.0,66.7,6.0,6,2,.400,5,83.333,Logos via Sports Logos.net / About logos,L,https://www.basketball-reference.com/boxscores/202001290NYK.html,Home,106,30:48,5,55.6,MEM,Dillon Brooks,Marko Gudurić,12:43,Josh Jackson,5:01,John Konchar,0:48,Yuta Watanabe,0:48,,,,,31:26,Jonas Valančiūnas,30:40,Jae Crowder,29:50,Ja Morant,27:31,Brandon Clarke,26:51,Tyus Jones,20:29,Jaren Jackson Jr.,19:20,Solomon Hill,17:33,Kyle Anderson,17:00,127,1,10,8.0,80.0,0.0,0.0,2.0,20.0,Mitchell Robinson,21,3,2019-2020,7.0,0,9.0,NYK,106,Julius Randle,Wayne Ellington,8:10,,,,,,,,,,,35:36,Elfrid Payton,34:53,Marcus Morris,26:09,Damyean Dotson,24:19,Kevin Knox,22:27,Reggie Bullock,19:42,Bobby Portis,14:17,Dennis Smith Jr.,13:07,Taj Gibson,10:32
0,,0,0.000,2,,92,0,5,71.4,2,1.000,2.0,100.0,2.0,2,0,,0,0.000,Logos via Sports Logos.net / About logos,W,https://www.basketball-reference.com/boxscores/202002010IND.html,Away,85,19:20,2,28.6,IND,Domantas Sabonis,JaKarr Sampson,6:17,Goga Bitadze,3:31,,,,,,,,,34:42,Myles Turner,33:38,Malcolm Brogdon,33:15,Justin Holiday,25:55,Jeremy Lamb,25:45,T.J. Warren,23:16,Victor Oladipo,22:15,Doug McDermott,16:41,T.J. McConnell,14:45,85,2,4,4.0,100.0,0.0,0.0,0.0,0.0,Mitchell Robinson,7,0,2019-2020,0.0,0,7.0,NYK,92,Julius Randle,,,,,,,,,,,,,34:49,Marcus Morris,34:34,Damyean Dotson,27:13,Dennis Smith Jr.,27:02,Reggie Bullock,24:48,Bobby Portis,22:07,Kadeem Allen,20:58,Taj Gibson,15:34,Kevin Knox,13:34
0,,0,0.000,1,1.00,139,0,2,100.0,2,1.000,2.0,100.0,2.0,2,0,,0,0.000,Logos via Sports Logos.net / About logos,W,https://www.basketball-reference.com/boxscores/202002030CLE.html,Away,134,14:42,0,0.0,CLE,Larry Nance Jr.,,,,,,,,,,,,,42:23,Kevin Love,41:21,Collin Sexton,39:31,Darius Garland,39:19,Cedi Osman,38:04,Kevin Porter Jr.,24:23,John Henson,18:25,Dante Exum,15:44,Matthew Dellavedova,5:50,134,3,4,4.0,100.0,0.0,0.0,0.0,0.0,Mitchell Robinson,5,1,2019-2020,1.0,1,2.0,NYK,139,Julius Randle,Taj Gibson,13:19,,,,,,,,,,,38:18,Marcus Morris,36:22,Elfrid Payton,32:59,Bobby Portis,28:17,Reggie Bullock,24:43,Frank Ntilikina,22:59,Dennis Smith Jr.,20:01,Kevin Knox,17:27,Damyean Dotson,15:53
0,,0,0.000,0,,103,1,1,25.0,3,.750,3.0,75.0,4.0,4,0,,0,0.000,Logos via Sports Logos.net / About logos,W,https://www.basketball-reference.com/boxscores/202002060NYK.html,Home,105,18:30,3,75.0,ORL,Aaron Gordon,Wes Iwundu,12:15,,,,,,,,,,,34:12,Nikola Vučević,33:36,Evan Fournier,32:32,Terrence Ross,32:23,Markelle Fultz,29:50,Michael Carter-Williams,25:19,Mo Bamba,13:48,Gary Clark,13:48,Khem Birch,12:16,103,3,6,6.0,100.0,0.0,0.0,0.0,0.0,Mitchell Robinson,2,1,2019-2020,2.0,0,4.0,NYK,105,Elfrid Payton,Frank Ntilikina,13:32,,,,,,,,,,,32:47,Reggie Bullock,30:28,Julius Randle,30:15,Taj Gibson,29:30,RJ Barrett,18:18,Wayne Ellington,17:49,Bobby Portis,17:44,Kevin Knox,15:53,Dennis Smith Jr.,15:13
0,,0,0.000,0,0.00,95,3,2,40.0,3,.750,3.0,75.0,4.0,4,1,.500,2,50.000,Logos via Sports Logos.net / About logos,W,https://www.basketball-reference.com/boxscores/202002080DET.html,Away,92,19:05,3,60.0,DET,Christian Wood,,,,,,,,,,,,,36:40,Bruce Brown,34:59,Tony Snell,34:23,Langston Galloway,31:29,Reggie Jackson,31:23,Thon Maker,28:59,John Henson,17:31,Sekou Doumbouya,12:43,Jordan Bone,11:53,92,4,7,6.0,85.7,0.0,0.0,1.0,14.3,Mitchell Robinson,3,1,2019-2020,4.0,2,5.0,NYK,95,Julius Randle,Taj Gibson,13:12,,,,,,,,,,,34:09,Elfrid Payton,29:41,Reggie Bullock,27:25,Wayne Ellington,26:50,RJ Barrett,21:01,Dennis Smith Jr.,18:19,Bobby Portis,18:14,Kevin Knox,18:07,Frank Ntilikina,13:57
0,,0,0.000,0,,135,3,4,36.4,7,.875,7.0,87.5,8.0,8,1,.333,3,37.500,Logos via Sports Logos.net / About logos,L,https://www.basketball-reference.com/boxscores/202002090ATL.html,Away,140,35:10,7,63.6,ATL,John Collins,Brandon Goodwin,4:23,Vince Carter,2:32,,,,,,,,,49:53,De'Andre Hunter,47:53,Trae Young,47:40,Kevin Huerter,47:38,Dewayne Dedmon,32:41,Jeff Teague,27:25,Damian Jones,14:37,Bruno Fernando,8:46,Treveon Graham,6:32,140,3,15,14.0,93.3,0.0,0.0,1.0,6.7,Mitchell Robinson,5,3,2019-2020,6.0,0,11.0,NYK,135,Julius Randle,Dennis Smith Jr.,7:49,,,,,,,,,,,46:12,Reggie Bullock,37:15,Elfrid Payton,36:36,Wayne Ellington,31:42,Frank Ntilikina,25:45,RJ Barrett,21:57,Bobby Portis,18:47,Taj Gibson,15:52,Kevin Knox,12:55
0,,0,0.000,1,,114,1,3,37.5,5,.833,5.0,83.3,6.0,6,1,.250,4,66.667,Logos via Sports Logos.net / About logos,L,https://www.basketball-reference.com/boxscores/202002120NYK.html,Home,96,18:23,5,62.5,WAS,Bradley Beal,Isaac Bonga,14:18,Gary Payton II,2:10,Johnathan Williams,0:16,,,,,,,33:51,Ian Mahinmi,30:29,Dāvis Bertāns,30:01,Ish Smith,28:50,Rui Hachimura,23:06,Jerome Robinson,21:05,Troy Brown Jr.,20:11,Shabazz Napier,19:10,Moritz Wagner,16:33,114,5,11,10.0,90.9,0.0,0.0,1.0,9.1,Mitchell Robinson,18,0,2019-2020,1.0,0,8.0,NYK,96,Julius Randle,Taj Gibson,10:19,Damyean Dotson,6:22,Dennis Smith Jr.,6:19,,,,,,,37:33,Elfrid Payton,30:44,RJ Barrett,29:24,Maurice Harkless,24:44,Reggie Bullock,24:28,Bobby Portis,15:22,Wayne Ellington,14:58,Frank Ntilikina,10:57,Kevin Knox,10:27
0,,0,0.000,0,0.00,106,4,6,75.0,4,.800,4.0,80.0,5.0,5,0,,0,0.000,Logos via Sports Logos.net / About logos,L,https://www.basketball-reference.com/boxscores/202002210NYK.html,Home,98,17:11,2,25.0,IND,Domantas Sabonis,,,,,,,,,,,,,37:09,T.J. Warren,36:36,Malcolm Brogdon,34:02,Myles Turner,31:05,Victor Oladipo,25:13,Justin Holiday,24:45,Jeremy Lamb,22:29,T.J. McConnell,15:07,Doug McDermott,13:34,106,5,8,8.0,100.0,0.0,0.0,0.0,0.0,Mitchell Robinson,8,0,2019-2020,4.0,1,8.0,NYK,98,Frank Ntilikina,Taj Gibson,15:38,,,,,,,,,,,32:04,Julius Randle,29:32,Bobby Portis,27:41,RJ Barrett,26:48,Damyean Dotson,22:34,Reggie Bullock,18:30,Kevin Knox,17:18,Maurice Harkless,16:48,Dennis Smith Jr.,15:56
0,,0,0.000,2,2.00,112,5,3,37.5,4,.800,4.0,80.0,5.0,5,2,.500,4,80.000,Logos via Sports Logos.net / About logos,L,https://www.basketball-reference.com/boxscores/202002240HOU.html,Away,123,25:47,5,62.5,HOU,James Harden,Thabo Sefolosha,10:23,Bruno Caboclo,3:04,,,,,,,,,33:52,Robert Covington,30:04,Ben McLemore,29:13,Eric Gordon,28:00,Danuel House Jr.,25:50,P.J. Tucker,24:51,Austin Rivers,24:13,Jeff Green,16:06,DeMarre Carroll,14:24,123,3,10,8.0,80.0,0.0,0.0,2.0,20.0,Mitchell Robinson,11,2,2019-2020,7.0,1,8.0,NYK,112,RJ Barrett,Allonzo Trier,6:22,,,,,,,,,,,33:57,Dennis Smith Jr.,29:26,Maurice Harkless,28:21,Julius Randle,27:42,Bobby Portis,24:34,Reggie Bullock,21:39,Damyean Dotson,17:41,Kevin Knox,12:20,Taj Gibson,12:11
0,,0,0.000,2,2.00,101,3,9,56.2,5,.714,5.0,71.4,7.0,7,2,.400,5,71.429,Logos via Sports Logos.net / About logos,L,https://www.basketball-reference.com/boxscores/202002260CHO.html,Away,107,29:53,7,43.8,CHO,P.J. Washington,,,,,,,,,,,,,36:40,Terry Rozier,35:08,Devonte' Graham,34:10,Miles Bridges,27:12,Bismack Biyombo,27:05,Cody Martin,24:44,Jalen McDaniels,22:10,Willy Hernangómez,19:01,Caleb Martin,13:50,107,1,12,10.0,83.3,0.0,0.0,2.0,16.7,Mitchell Robinson,6,1,2019-2020,4.0,1,16.0,NYK,101,Elfrid Payton,Reggie Bullock,10:18,,,,,,,,,,,27:19,Julius Randle,25:14,Maurice Harkless,24:32,Kevin Knox,23:28,Bobby Portis,22:46,RJ Barrett,21:22,Dennis Smith Jr.,20:41,Taj Gibson,18:07,Allonzo Trier,16:20
0,,0,0.000,2,,106,3,6,75.0,3,1.000,3.0,100.0,3.0,3,0,,0,0.000,Logos via Sports Logos.net / About logos,L,https://www.basketball-reference.com/boxscores/202002270PHI.html,Away,115,31:37,2,25.0,PHI,Tobias Harris,Mike Scott,11:40,,,,,,,,,,,35:23,Josh Richardson,34:10,Al Horford,33:39,Shake Milton,31:34,Furkan Korkmaz,25:30,Glenn Robinson III,21:05,Alec Burks,17:57,Matisse Thybulle,14:41,Kyle O'Quinn,14:21,115,2,6,6.0,100.0,0.0,0.0,0.0,0.0,Mitchell Robinson,9,1,2019-2020,4.0,0,8.0,NYK,106,Julius Randle,Dennis Smith Jr.,6:50,,,,,,,,,,,38:03,Elfrid Payton,35:34,RJ Barrett,35:23,Maurice Harkless,26:27,Bobby Portis,21:56,Reggie Bullock,17:31,Allonzo Trier,10:04,Wayne Ellington,8:45,Kevin Knox,7:50
0,,0,0.000,2,,115,2,3,30.0,11,.688,11.0,68.8,16.0,16,1,.333,3,18.750,Logos via Sports Logos.net / About logos,W,https://www.basketball-reference.com/boxscores/202002290NYK.html,Home,125,28:57,7,70.0,CHI,Zach LaVine,Denzel Valentine,10:24,Cristiano Felício,10:24,,,,,,,,,37:36,Tomáš Satoranský,33:54,Thaddeus Young,31:35,Coby White,28:36,Ryan Arcidiacono,20:08,Daniel Gafford,19:25,Wendell Carter Jr.,18:11,Adam Mokoka,16:25,Shaquille Harrison,13:22,115,3,23,22.0,95.7,0.0,0.0,1.0,4.3,Mitchell Robinson,10,1,2019-2020,3.0,0,10.0,NYK,125,Elfrid Payton,,,,,,,,,,,,,33:20,Julius Randle,31:39,RJ Barrett,31:11,Maurice Harkless,26:49,Kevin Knox,21:11,Taj Gibson,19:03,Frank Ntilikina,16:32,Bobby Portis,16:21,Wayne Ellington,14:57
0,,0,0.000,0,,123,0,8,61.5,5,.625,5.0,62.5,8.0,8,2,.500,4,50.000,Logos via Sports Logos.net / About logos,W,https://www.basketball-reference.com/boxscores/202003020NYK.html,Home,125,24:18,5,38.5,HOU,James Harden,,,,,,,,,,,,,39:08,Russell Westbrook,37:22,Robert Covington,34:24,P.J. Tucker,33:38,Danuel House Jr.,29:34,Eric Gordon,22:37,Ben McLemore,16:55,Jeff Green,14:22,Austin Rivers,12:00,123,1,12,10.0,83.3,0.0,0.0,2.0,16.7,Mitchell Robinson,2,0,2019-2020,0.0,0,13.0,NYK,125,RJ Barrett,,,,,,,,,,,,,30:27,Julius Randle,29:55,Maurice Harkless,29:38,Frank Ntilikina,28:31,Taj Gibson,23:41,Elfrid Payton,19:29,Wayne Ellington,19:13,Bobby Portis,18:05,Kevin Knox,16:43
0,,0,0.000,0,0.00,126,3,2,50.0,5,1.000,5.0,100.0,5.0,5,1,.500,2,40.000,Logos via Sports Logos.net / About logos,L,https://www.basketball-reference.com/boxscores/202003060NYK.html,Home,103,22:10,2,50.0,OKC,Chris Paul,Terrance Ferguson,11:04,Mike Muscala,5:54,Deonte Burton,4:11,,,,,,,30:16,Dennis Schröder,29:54,Danilo Gallinari,27:31,Hamidou Diallo,25:33,Steven Adams,23:31,Shai Gilgeous-Alexander,21:40,Luguentz Dort,21:22,Abdel Nader,20:29,Nerlens Noel,18:35,126,3,11,10.0,90.9,0.0,0.0,1.0,9.1,Mitchell Robinson,23,0,2019-2020,3.0,1,4.0,NYK,103,Elfrid Payton,Allonzo Trier,12:00,Reggie Bullock,10:42,Frank Ntilikina,10:00,,,,,,,30:25,RJ Barrett,29:25,Julius Randle,28:29,Bobby Portis,27:07,Maurice Harkless,18:23,Wayne Ellington,13:13,Damyean Dotson,12:57,Kevin Knox,12:49,Taj Gibson,12:20
0,,0,0.000,0,,84,3,7,63.6,5,.833,5.0,83.3,6.0,6,4,1.000,4,66.667,Logos via Sports Logos.net / About logos,W,https://www.basketball-reference.com/boxscores/202003080NYK.html,Home,96,27:28,4,36.4,DET,Bruce Brown,Khyri Thomas,12:54,,,,,,,,,,,37:00,Christian Wood,33:05,Tony Snell,28:34,Thon Maker,27:36,Svi Mykhailiuk,26:20,Langston Galloway,23:42,Jordan McRae,20:25,Sekou Doumbouya,15:48,John Henson,14:36,84,1,14,10.0,71.4,0.0,0.0,4.0,28.6,Mitchell Robinson,12,1,2019-2020,4.0,0,11.0,NYK,96,Julius Randle,Reggie Bullock,12:00,,,,,,,,,,,32:35,Elfrid Payton,30:35,RJ Barrett,25:30,Wayne Ellington,22:30,Bobby Portis,19:18,Kevin Knox,19:04,Frank Ntilikina,17:25,Maurice Harkless,16:56,Taj Gibson,16:39
0,,0,0.000,0,,115,0,1,33.3,4,.800,4.0,80.0,5.0,5,2,1.000,2,40.000,Logos via Sports Logos.net / About logos,L,https://www.basketball-reference.com/boxscores/202003100WAS.html,Away,122,24:50,2,66.7,WAS,Bradley Beal,Garrison Mathews,8:33,Anžejs Pasečņiks,2:34,Admiral Schofield,0:44,,,,,,,38:30,Shabazz Napier,38:14,Dāvis Bertāns,29:11,Rui Hachimura,28:35,Thomas Bryant,24:14,Troy Brown Jr.,23:32,Moritz Wagner,21:11,Jerome Robinson,14:12,Gary Payton II,10:27,122,3,10,8.0,80.0,0.0,0.0,2.0,20.0,Mitchell Robinson,7,0,2019-2020,0.0,0,3.0,NYK,115,Frank Ntilikina,Kevin Knox,11:05,,,,,,,,,,,29:41,RJ Barrett,29:37,Reggie Bullock,28:24,Bobby Portis,26:49,Julius Randle,26:07,Elfrid Payton,18:18,Taj Gibson,17:29,Wayne Ellington,16:04,Maurice Harkless,11:34
0,,0,0.000,0,,136,2,2,33.3,7,1.000,7.0,100.0,7.0,7,2,.286,7,100.000,Logos via Sports Logos.net / About logos,W,https://www.basketball-reference.com/boxscores/202003110ATL.html,Away,131,26:10,4,66.7,ATL,John Collins,Treveon Graham,11:59,,,,,,,,,,,41:07,Trae Young,37:45,De'Andre Hunter,36:13,Cam Reddish,34:19,Kevin Huerter,29:44,Dewayne Dedmon,27:31,Jeff Teague,18:19,Bruno Fernando,15:24,Vince Carter,12:39,131,3,16,14.0,87.5,0.0,0.0,2.0,12.5,Mitchell Robinson,5,1,2019-2020,3.0,0,6.0,NYK,136,Maurice Harkless,,,,,,,,,,,,,40:53,RJ Barrett,39:23,Julius Randle,38:23,Elfrid Payton,34:37,Frank Ntilikina,23:16,Taj Gibson,19:36,Bobby Portis,16:58,Kevin Knox,16:21,Wayne Ellington,9:23
0,,0,0.000,0,,107,3,4,66.7,1,.500,1.0,50.0,2.0,2,1,.500,2,100.000,Logos via Sports Logos.net / About logos,L,https://www.basketball-reference.com/boxscores/202012230IND.html,Away,121,21:10,2,33.3,IND,Domantas Sabonis,,,,,,,,,,,,,36:48,Malcolm Brogdon,34:51,Myles Turner,28:48,Doug McDermott,28:17,Victor Oladipo,28:16,T.J. Warren,22:58,Justin Holiday,22:23,T.J. McConnell,20:20,Aaron Holiday,17:19,121,3,3,2.0,66.7,0.0,0.0,1.0,33.3,Mitchell Robinson,14,0,2020-2021,3.0,0,6.0,NYK,107,Julius Randle,Frank Ntilikina,4:47,Theo Pinson,0:55,,,,,,,,,35:28,RJ Barrett,34:22,Alec Burks,31:40,Reggie Bullock,25:38,Obi Toppin,23:33,Elfrid Payton,22:10,Kevin Knox,18:29,Immanuel Quickley,12:26,Nerlens Noel,9:22
0,,0,0.000,0,,109,2,4,44.4,5,.625,5.0,62.5,8.0,8,1,.500,2,25.000,Logos via Sports Logos.net / About logos,L,https://www.basketball-reference.com/boxscores/202012260NYK.html,Home,89,24:59,5,55.6,PHI,Ben Simmons,Tyrese Maxey,8:49,Matisse Thybulle,6:52,,,,,,,,,32:53,Joel Embiid,30:39,Tobias Harris,30:10,Seth Curry,29:53,Danny Green,28:02,Shake Milton,22:32,Furkan Korkmaz,18:00,Mike Scott,16:46,Dwight Howard,15:24,109,3,11,10.0,90.9,0.0,0.0,1.0,9.1,Mitchell Robinson,20,1,2020-2021,3.0,0,9.0,NYK,89,RJ Barrett,Theo Pinson,2:27,,,,,,,,,,,37:04,Julius Randle,34:35,Alec Burks,30:42,Kevin Knox,28:33,Reggie Bullock,27:23,Elfrid Payton,18:14,Dennis Smith Jr.,17:38,Nerlens Noel,15:58,Frank Ntilikina,2:27
0,,0,0.000,1,1.00,110,1,6,100.0,4,.667,4.0,66.7,6.0,6,1,1.000,1,16.667,Logos via Sports Logos.net / About logos,W,https://www.basketball-reference.com/boxscores/202012270NYK.html,Home,130,34:40,0,0.0,MIL,Khris Middleton,Jordan Nwora,7:27,Sam Merrill,7:27,D.J. Wilson,6:54,Thanasis Antetokounmpo,4:59,Torrey Craig,2:44,,,32:46,Giannis Antetokounmpo,31:59,Jrue Holiday,27:55,Bobby Portis,26:07,Donte DiVincenzo,23:30,Brook Lopez,20:51,Bryn Forbes,17:39,Pat Connaughton,15:57,D.J. Augustin,13:45,110,2,9,8.0,88.9,0.0,0.0,1.0,11.1,Mitchell Robinson,20,2,2020-2021,3.0,1,6.0,NYK,130,RJ Barrett,Theo Pinson,1:52,Ignas Brazdeikis,1:16,,,,,,,,,38:15,Julius Randle,37:07,Elfrid Payton,29:18,Kevin Knox,26:15,Alec Burks,20:30,Frank Ntilikina,18:42,Reggie Bullock,16:53,Nerlens Noel,13:20,Jared Harper,1:52
0,,0,0.000,0,0.00,95,2,6,60.0,4,.444,4.0,44.4,9.0,9,1,.500,2,22.222,Logos via Sports Logos.net / About logos,W,https://www.basketball-reference.com/boxscores/202012290CLE.html,Away,86,31:34,4,40.0,CLE,Larry Nance Jr.,,,,,,,,,,,,,42:34,Collin Sexton,40:35,Darius Garland,37:02,Andre Drummond,33:28,Cedi Osman,28:51,Damyean Dotson,22:27,JaVale McGee,16:18,Dante Exum,16:13,Dean Wade,2:32,86,4,9,8.0,88.9,0.0,0.0,1.0,11.1,Mitchell Robinson,9,1,2020-2021,3.0,1,10.0,NYK,95,Julius Randle,,,,,,,,,,,,,44:09,Reggie Bullock,40:59,RJ Barrett,38:45,Elfrid Payton,35:34,Nerlens Noel,16:26,Kevin Knox,16:21,Frank Ntilikina,16:12,,,,
0,,0,0.000,0,0.00,83,0,5,71.4,2,.500,2.0,50.0,4.0,4,0,,0,0.000,Logos via Sports Logos.net / About logos,L,https://www.basketball-reference.com/boxscores/202012310TOR.html,Away,100,25:13,2,28.6,TOR,Kyle Lowry,Yuta Watanabe,9:27,DeAndre' Bembry,2:48,Malachi Flynn,2:48,Paul Watson,2:48,,,,,36:49,Fred VanVleet,35:32,OG Anunoby,34:59,Norman Powell,34:09,Chris Boucher,24:23,Terence Davis,16:15,Aron Baynes,14:54,Stanley Johnson,12:35,Alex Len,12:33,100,4,4,4.0,100.0,0.0,0.0,0.0,0.0,Mitchell Robinson,17,2,2020-2021,2.0,1,7.0,NYK,83,Reggie Bullock,Ignas Brazdeikis,0:45,,,,,,,,,,,38:05,Julius Randle,37:39,RJ Barrett,36:56,Kevin Knox,31:30,Elfrid Payton,23:21,Austin Rivers,21:15,Nerlens Noel,18:28,Jared Harper,3:24,Theo Pinson,3:24
0,,0,0.000,1,,106,2,3,33.3,8,.800,8.0,80.0,10.0,10,0,,0,0.000,Logos via Sports Logos.net / About logos,W,https://www.basketball-reference.com/boxscores/202101020IND.html,Away,102,29:09,6,66.7,IND,Malcolm Brogdon,,,,,,,,,,,,,41:17,Domantas Sabonis,39:11,Victor Oladipo,37:22,Myles Turner,31:39,Justin Holiday,28:28,Aaron Holiday,25:32,Doug McDermott,20:17,T.J. McConnell,11:58,Kelan Martin,4:16,102,3,16,16.0,100.0,0.0,0.0,0.0,0.0,Mitchell Robinson,4,0,2020-2021,2.0,0,9.0,NYK,106,RJ Barrett,,,,,,,,,,,,,42:16,Julius Randle,37:02,Elfrid Payton,33:42,Reggie Bullock,33:20,Austin Rivers,17:22,Nerlens Noel,17:04,Kevin Knox,15:21,Immanuel Quickley,14:44,,
0,,0,0.000,0,0.00,113,2,3,42.9,4,.571,4.0,57.1,7.0,7,0,,0,0.000,Logos via Sports Logos.net / About logos,W,https://www.basketball-reference.com/boxscores/202101040ATL.html,Away,108,28:17,4,57.1,ATL,Trae Young,,,,,,,,,,,,,39:37,De'Andre Hunter,37:02,John Collins,33:05,Kevin Huerter,31:20,Clint Capela,30:37,Cam Reddish,30:16,Bogdan Bogdanović,18:45,Solomon Hill,10:55,Brandon Goodwin,8:23,108,3,8,8.0,100.0,0.0,0.0,0.0,0.0,Mitchell Robinson,5,4,2020-2021,6.0,1,7.0,NYK,113,RJ Barrett,,,,,,,,,,,,,43:45,Julius Randle,43:11,Austin Rivers,33:24,Elfrid Payton,28:31,Reggie Bullock,25:51,Immanuel Quickley,18:47,Kevin Knox,18:14,,,,
0,,0,0.000,2,0.67,100,3,10,71.4,4,.667,4.0,66.7,6.0,6,1,.500,2,33.333,Logos via Sports Logos.net / About logos,W,https://www.basketball-reference.com/boxscores/202101060NYK.html,Home,112,41:26,4,28.6,UTA,Donovan Mitchell,,,,,,,,,,,,,36:18,Rudy Gobert,35:00,Royce O'Neale,33:16,Mike Conley,29:04,Bojan Bogdanović,28:40,Joe Ingles,28:16,Jordan Clarkson,24:44,Derrick Favors,13:00,Georges Niang,11:42,100,2,9,8.0,88.9,0.0,0.0,1.0,11.1,Mitchell Robinson,12,2,2020-2021,5.0,3,14.0,NYK,112,Elfrid Payton,,,,,,,,,,,,,42:16,Julius Randle,39:31,RJ Barrett,33:20,Austin Rivers,32:16,Reggie Bullock,29:34,Kevin Knox,15:53,Immanuel Quickley,5:44,,,,
0,,0,0.000,1,1.00,101,3,2,40.0,3,.750,3.0,75.0,4.0,4,0,.000,2,50.000,Logos via Sports Logos.net / About logos,L,https://www.basketball-reference.com/boxscores/202101080NYK.html,Home,89,26:43,3,60.0,OKC,Shai Gilgeous-Alexander,Kenrich Williams,6:23,Isaiah Roby,4:09,,,,,,,,,34:29,Luguentz Dort,29:27,Hamidou Diallo,29:03,Al Horford,28:58,George Hill,28:28,Darius Bazley,23:23,Théo Maledon,22:14,Aleksej Pokusevski,18:33,Mike Muscala,14:53,101,3,6,6.0,100.0,0.0,0.0,0.0,0.0,Mitchell Robinson,12,2,2020-2021,5.0,1,5.0,NYK,89,RJ Barrett,,,,,,,,,,,,,44:14,Austin Rivers,32:08,Julius Randle,30:42,Elfrid Payton,30:38,Reggie Bullock,24:24,Kevin Knox,22:29,Immanuel Quickley,17:22,Nerlens Noel,11:20,,
0,,0,0.000,0,,114,1,3,60.0,5,1.000,5.0,100.0,5.0,5,1,.500,2,40.000,Logos via Sports Logos.net / About logos,L,https://www.basketball-reference.com/boxscores/202101100NYK.html,Home,89,34:23,2,40.0,DEN,Gary Harris,Isaiah Hartenstein,11:32,Bol Bol,3:44,R.J. Hampton,3:44,Zeke Nnaji,3:44,Markus Howard,2:53,Vlatko Čančar,2:53,31:46,Nikola Jokić,30:04,Jamal Murray,29:17,JaMychal Green,22:53,Monte Morris,22:50,Will Barton,21:49,Paul Millsap,21:25,PJ Dozier,17:16,Facundo Campazzo,14:10,114,0,11,10.0,90.9,0.0,0.0,1.0,9.1,Mitchell Robinson,25,1,2020-2021,2.0,0,5.0,NYK,89,Julius Randle,Theo Pinson,3:44,Ignas Brazdeikis,1:47,,,,,,,,,38:29,RJ Barrett,33:21,Elfrid Payton,32:11,Reggie Bullock,24:51,Austin Rivers,22:05,Kevin Knox,17:46,Immanuel Quickley,13:11,Nerlens Noel,11:50,Dennis Smith Jr.,6:22
0,,0,0.000,0,0.00,88,2,4,36.4,5,1.000,5.0,100.0,5.0,5,2,.500,4,80.000,Logos via Sports Logos.net / About logos,L,https://www.basketball-reference.com/boxscores/202101110CHO.html,Away,109,33:03,7,63.6,CHO,Devonte' Graham,Vernon Carey Jr.,1:21,Jalen McDaniels,1:21,Nick Richards,1:21,,,,,,,35:11,Gordon Hayward,34:40,Terry Rozier,33:58,P.J. Washington,30:39,LaMelo Ball,29:34,Miles Bridges,25:26,Bismack Biyombo,25:20,Caleb Martin,14:49,Cody Martin,6:20,109,1,12,10.0,83.3,0.0,0.0,2.0,16.7,Mitchell Robinson,21,2,2020-2021,4.0,1,11.0,NYK,88,Austin Rivers,,,,,,,,,,,,,37:50,RJ Barrett,34:52,Elfrid Payton,30:41,Julius Randle,30:21,Kevin Knox,29:17,Immanuel Quickley,28:59,Nerlens Noel,14:57,,,,
0,,0,0.000,2,2.00,116,2,4,33.3,5,.556,5.0,55.6,9.0,9,0,,0,0.000,Logos via Sports Logos.net / About logos,L,https://www.basketball-reference.com/boxscores/202101130NYK.html,Home,109,33:11,8,66.7,BRK,Jeff Green,,,,,,,,,,,,,32:14,Kevin Durant,30:21,Bruce Brown,30:02,DeAndre Jordan,28:30,Joe Harris,25:59,Timothé Luwawu-Cabarrot,24:14,Chris Chiozza,23:35,Landry Shamet,23:23,Reggie Perry,21:42,116,2,10,10.0,100.0,0.0,0.0,0.0,0.0,Mitchell Robinson,7,0,2020-2021,2.0,1,12.0,NYK,109,Julius Randle,,,,,,,,,,,,,40:15,RJ Barrett,38:06,Austin Rivers,33:50,Elfrid Payton,32:30,Kevin Knox,24:04,Immanuel Quickley,22:18,Nerlens Noel,14:49,Obi Toppin,0:57,,
0,,0,0.000,0,,103,1,4,66.7,2,.400,2.0,40.0,5.0,5,1,.500,2,40.000,Logos via Sports Logos.net / About logos,L,https://www.basketball-reference.com/boxscores/202101150CLE.html,Away,106,28:01,2,33.3,CLE,Larry Nance Jr.,,,,,,,,,,,,,44:04,Isaac Okoro,41:43,Andre Drummond,39:36,Cedi Osman,39:34,Damyean Dotson,39:34,Lamar Stevens,20:41,JaVale McGee,12:55,Dean Wade,1:51,,,106,4,5,4.0,80.0,0.0,0.0,1.0,20.0,Mitchell Robinson,3,3,2020-2021,4.0,0,6.0,NYK,103,Julius Randle,,,,,,,,,,,,,38:03,RJ Barrett,32:58,Reggie Bullock,30:52,Immanuel Quickley,27:33,Elfrid Payton,20:27,Kevin Knox,17:33,Nerlens Noel,17:28,Austin Rivers,17:08,Obi Toppin,9:57
0,,0,0.000,0,0.00,105,2,3,42.9,4,.800,4.0,80.0,5.0,5,0,,0,0.000,Logos via Sports Logos.net / About logos,W,https://www.basketball-reference.com/boxscores/202101170BOS.html,Away,75,24:13,4,57.1,BOS,Jaylen Brown,Jeff Teague,14:28,Aaron Nesmith,8:26,Tremont Waters,6:33,,,,,,,32:33,Marcus Smart,29:22,Tristan Thompson,26:12,Grant Williams,24:25,Semi Ojeleye,23:22,Daniel Theis,19:49,Kemba Walker,19:37,Javonte Green,17:50,Payton Pritchard,17:23,75,4,8,8.0,100.0,0.0,0.0,0.0,0.0,Mitchell Robinson,30,0,2020-2021,2.0,1,7.0,NYK,105,Julius Randle,Dennis Smith Jr.,3:44,Theo Pinson,3:31,Ignas Brazdeikis,3:17,,,,,,,31:03,RJ Barrett,29:14,Reggie Bullock,28:10,Nerlens Noel,23:47,Elfrid Payton,23:10,Immanuel Quickley,21:06,Obi Toppin,16:57,Austin Rivers,16:19,Kevin Knox,15:29
0,,0,0.000,0,,84,1,5,50.0,2,.400,2.0,40.0,5.0,5,2,.333,6,120.000,Logos via Sports Logos.net / About logos,W,https://www.basketball-reference.com/boxscores/202101180NYK.html,Home,91,34:27,5,50.0,ORL,Nikola Vučević,,,,,,,,,,,,,36:27,Aaron Gordon,35:57,Terrence Ross,33:02,Cole Anthony,27:42,Dwayne Bacon,27:10,Khem Birch,24:46,James Ennis III,24:17,Gary Clark,18:45,Jordan Bone,11:52,84,3,6,4.0,66.7,0.0,0.0,2.0,33.3,Mitchell Robinson,7,1,2020-2021,2.0,0,10.0,NYK,91,Julius Randle,,,,,,,,,,,,,39:24,RJ Barrett,38:19,Elfrid Payton,33:11,Reggie Bullock,30:20,Austin Rivers,17:40,Immanuel Quickley,14:49,Nerlens Noel,13:33,Kevin Knox,9:41,Obi Toppin,8:36
0,,0,0.000,1,,119,2,4,50.0,8,.727,8.0,72.7,11.0,11,2,1.000,2,18.182,Logos via Sports Logos.net / About logos,W,https://www.basketball-reference.com/boxscores/202101210GSW.html,Away,104,27:23,4,50.0,GSW,Stephen Curry,Kevon Looney,12:37,Jordan Poole,8:21,Nico Mannion,8:06,Mychal Mulder,4:24,,,,,34:39,Andrew Wiggins,32:32,Kelly Oubre Jr.,31:18,James Wiseman,24:47,Eric Paschall,18:49,Brad Wanamaker,17:37,Draymond Green,17:05,Damion Lee,16:04,Kent Bazemore,13:40,104,4,18,16.0,88.9,0.0,0.0,2.0,11.1,Mitchell Robinson,15,1,2020-2021,3.0,0,8.0,NYK,119,Elfrid Payton,,,,,,,,,,,,,37:15,RJ Barrett,36:45,Julius Randle,36:23,Alec Burks,30:57,Nerlens Noel,20:26,Reggie Bullock,17:03,Obi Toppin,11:47,Kevin Knox,11:15,Immanuel Quickley,10:45
0,,0,0.000,0,0.00,94,1,5,50.0,6,.750,6.0,75.0,8.0,8,0,.000,1,12.500,Logos via Sports Logos.net / About logos,L,https://www.basketball-reference.com/boxscores/202101220SAC.html,Away,103,28:42,5,50.0,SAC,De'Aaron Fox,,,,,,,,,,,,,37:19,Richaun Holmes,37:02,Harrison Barnes,35:09,Tyrese Haliburton,31:10,Marvin Bagley III,30:56,Buddy Hield,29:20,Cory Joseph,14:32,Glenn Robinson III,13:34,Chimezie Metu,10:58,103,1,12,12.0,100.0,0.0,0.0,0.0,0.0,Mitchell Robinson,9,0,2020-2021,1.0,2,10.0,NYK,94,Julius Randle,,,,,,,,,,,,,35:53,RJ Barrett,35:53,Elfrid Payton,31:03,Alec Burks,27:00,Reggie Bullock,21:00,Nerlens Noel,19:18,Immanuel Quickley,16:57,Obi Toppin,12:07,Kevin Knox,12:07
0,,0,0.000,0,,113,0,4,44.4,4,.571,4.0,57.1,7.0,7,0,,0,0.000,Logos via Sports Logos.net / About logos,L,https://www.basketball-reference.com/boxscores/202101240POR.html,Away,116,25:38,5,55.6,POR,Damian Lillard,Nassir Little,5:55,,,,,,,,,,,34:59,Derrick Jones Jr.,31:23,Robert Covington,27:51,Rodney Hood,27:01,Carmelo Anthony,25:46,Enes Freedom,23:33,Anfernee Simons,23:19,Gary Trent Jr.,21:17,Harry Giles,18:56,116,3,8,8.0,100.0,0.0,0.0,0.0,0.0,Mitchell Robinson,3,0,2020-2021,0.0,0,9.0,NYK,113,Julius Randle,,,,,,,,,,,,,32:41,Austin Rivers,28:31,Alec Burks,27:01,Elfrid Payton,24:00,Immanuel Quickley,24:00,RJ Barrett,22:46,Nerlens Noel,22:22,Kevin Knox,17:58,Obi Toppin,15:03
0,,0,0.000,1,,94,2,7,87.5,3,.750,3.0,75.0,4.0,4,1,.250,4,100.000,Logos via Sports Logos.net / About logos,L,https://www.basketball-reference.com/boxscores/202101260UTA.html,Away,108,30:41,1,12.5,UTA,Royce O'Neale,Udoka Azubuike,1:04,Shaquille Harrison,1:04,Juwan Morgan,1:04,Miye Oni,1:04,,,,,34:54,Donovan Mitchell,34:12,Mike Conley,31:47,Rudy Gobert,31:30,Joe Ingles,27:05,Bojan Bogdanović,24:02,Jordan Clarkson,23:52,Derrick Favors,15:27,Georges Niang,12:53,108,2,7,6.0,85.7,0.0,0.0,1.0,14.3,Mitchell Robinson,14,0,2020-2021,2.0,0,8.0,NYK,94,RJ Barrett,Theo Pinson,1:04,,,,,,,,,,,40:22,Julius Randle,35:00,Austin Rivers,27:27,Alec Burks,23:14,Immanuel Quickley,22:52,Elfrid Payton,21:22,Nerlens Noel,17:19,Obi Toppin,13:00,Kevin Knox,7:38
0,,0,0.000,1,0.50,81,3,2,50.0,2,.667,2.0,66.7,3.0,3,2,1.000,2,66.667,Logos via Sports Logos.net / About logos,W,https://www.basketball-reference.com/boxscores/202101290NYK.html,Home,102,22:16,2,50.0,CLE,Collin Sexton,Dean Wade,6:03,,,,,,,,,,,34:54,Isaac Okoro,32:25,Darius Garland,29:06,Larry Nance Jr.,29:00,Jarrett Allen,25:41,Andre Drummond,23:55,Taurean Prince,22:12,Dylan Windler,20:06,Cedi Osman,16:38,81,5,6,4.0,66.7,0.0,0.0,2.0,33.3,Mitchell Robinson,21,1,2020-2021,4.0,2,4.0,NYK,102,RJ Barrett,Taj Gibson,0:39,,,,,,,,,,,39:49,Julius Randle,35:09,Nerlens Noel,25:05,Immanuel Quickley,24:52,Austin Rivers,24:09,Alec Burks,23:51,Elfrid Payton,23:08,Obi Toppin,12:51,Kevin Knox,8:11
0,,0,0.000,0,,129,1,3,50.0,4,.667,4.0,66.7,6.0,6,1,.500,2,33.333,Logos via Sports Logos.net / About logos,L,https://www.basketball-reference.com/boxscores/202101310NYK.html,Home,115,29:39,3,50.0,LAC,Kawhi Leonard,Luke Kennard,11:17,Amir Coffey,1:38,Mfiondu Kabengele,1:38,,,,,,,34:04,Paul George,32:47,Marcus Morris,28:17,Reggie Jackson,25:40,Serge Ibaka,23:41,Ivica Zubac,22:41,Lou Williams,22:30,Patrick Patterson,19:43,Terance Mann,16:04,129,2,9,8.0,88.9,0.0,0.0,1.0,11.1,Mitchell Robinson,14,0,2020-2021,1.0,0,6.0,NYK,115,Julius Randle,,,,,,,,,,,,,35:08,RJ Barrett,30:31,Immanuel Quickley,27:16,Reggie Bullock,26:05,Alec Burks,21:55,Elfrid Payton,20:44,Taj Gibson,18:21,Austin Rivers,17:29,Obi Toppin,12:52
0,,0,0.000,0,,102,1,2,25.0,4,.667,4.0,66.7,6.0,6,1,.500,2,33.333,Logos via Sports Logos.net / About logos,L,https://www.basketball-reference.com/boxscores/202102010CHI.html,Away,110,20:22,6,75.0,CHI,Coby White,Denzel Valentine,3:09,Chandler Hutchison,0:14,,,,,,,,,37:28,Lauri Markkanen,33:36,Zach LaVine,32:11,Thaddeus Young,30:38,Patrick Williams,28:01,Garrett Temple,24:38,Daniel Gafford,21:49,Otto Porter Jr.,18:09,Tomáš Satoranský,10:06,110,3,9,8.0,88.9,0.0,0.0,1.0,11.1,Mitchell Robinson,8,0,2020-2021,1.0,0,8.0,NYK,102,Julius Randle,,,,,,,,,,,,,39:14,Immanuel Quickley,30:19,RJ Barrett,30:18,Alec Burks,28:30,Nerlens Noel,27:38,Reggie Bullock,21:49,Elfrid Payton,17:41,Austin Rivers,15:22,Obi Toppin,8:46
0,,0,0.000,0,0.00,107,0,8,72.7,3,.600,3.0,60.0,5.0,5,2,1.000,2,40.000,Logos via Sports Logos.net / About logos,W,https://www.basketball-reference.com/boxscores/202102030CHI.html,Away,103,28:08,3,27.3,CHI,Zach LaVine,,,,,,,,,,,,,37:56,Lauri Markkanen,35:37,Coby White,32:16,Patrick Williams,32:10,Thaddeus Young,25:52,Garrett Temple,23:27,Daniel Gafford,19:30,Denzel Valentine,19:30,Tomáš Satoranský,13:42,103,3,8,6.0,75.0,0.0,0.0,2.0,25.0,Mitchell Robinson,4,2,2020-2021,2.0,1,11.0,NYK,107,Julius Randle,,,,,,,,,,,,,38:20,Elfrid Payton,34:43,RJ Barrett,32:02,Reggie Bullock,27:25,Nerlens Noel,19:43,Alec Burks,18:54,Austin Rivers,17:48,Immanuel Quickley,13:17,Obi Toppin,9:40
0,,0,0.000,1,0.25,99,2,10,100.0,3,.750,3.0,75.0,4.0,4,0,,0,0.000,Logos via Sports Logos.net / About logos,W,https://www.basketball-reference.com/boxscores/202102060NYK.html,Home,110,33:46,0,0.0,POR,Damian Lillard,,,,,,,,,,,,,38:01,Robert Covington,36:25,Gary Trent Jr.,34:55,Enes Freedom,34:00,Rodney Hood,33:54,Anfernee Simons,18:20,Derrick Jones Jr.,18:02,Carmelo Anthony,16:39,Harry Giles,9:44,99,3,6,6.0,100.0,0.0,0.0,0.0,0.0,Mitchell Robinson,11,2,2020-2021,4.0,4,10.0,NYK,110,Julius Randle,,,,,,,,,,,,,38:43,Elfrid Payton,35:18,RJ Barrett,34:51,Alec Burks,27:28,Reggie Bullock,26:04,Taj Gibson,13:48,Immanuel Quickley,12:42,Obi Toppin,9:17,Austin Rivers,8:03
0,,0,0.000,0,,109,1,4,57.1,2,.500,2.0,50.0,4.0,4,2,1.000,2,50.000,Logos via Sports Logos.net / About logos,L,https://www.basketball-reference.com/boxscores/202102070NYK.html,Home,103,31:55,3,42.9,MIA,Bam Adebayo,,,,,,,,,,,,,38:44,Duncan Robinson,36:26,Jimmy Butler,34:15,Tyler Herro,32:24,Kendrick Nunn,30:55,Kelly Olynyk,26:39,Andre Iguodala,21:15,Gabe Vincent,10:06,Precious Achiuwa,9:16,109,5,6,4.0,66.7,0.0,0.0,2.0,33.3,Mitchell Robinson,6,0,2020-2021,1.0,0,7.0,NYK,103,Julius Randle,,,,,,,,,,,,,37:57,Reggie Bullock,31:04,Elfrid Payton,30:40,Alec Burks,28:47,RJ Barrett,19:13,Immanuel Quickley,17:20,Austin Rivers,17:02,Taj Gibson,16:05,Obi Toppin,9:57
0,,0,0.000,2,2.00,96,1,5,71.4,1,.500,1.0,50.0,2.0,2,0,,0,0.000,Logos via Sports Logos.net / About logos,L,https://www.basketball-reference.com/boxscores/202102090MIA.html,Away,98,28:55,2,28.6,MIA,Jimmy Butler,,,,,,,,,,,,,36:20,Tyler Herro,35:55,Bam Adebayo,35:27,Kendrick Nunn,32:56,Duncan Robinson,32:50,Kelly Olynyk,30:39,Andre Iguodala,21:26,Precious Achiuwa,9:26,Gabe Vincent,5:01,98,5,2,2.0,100.0,0.0,0.0,0.0,0.0,Mitchell Robinson,2,3,2020-2021,4.0,1,7.0,NYK,96,Julius Randle,,,,,,,,,,,,,36:40,RJ Barrett,26:42,Elfrid Payton,26:36,Alec Burks,25:54,Reggie Bullock,23:10,Immanuel Quickley,21:24,Derrick Rose,20:20,Nerlens Noel,18:59,Obi Toppin,11:20
0,,0,0.000,1,1.00,109,0,9,64.3,5,.833,5.0,83.3,6.0,6,0,.000,4,66.667,Logos via Sports Logos.net / About logos,W,https://www.basketball-reference.com/boxscores/202102120WAS.html,Away,91,19:48,5,35.7,WAS,Russell Westbrook,Ish Smith,12:02,Moritz Wagner,4:38,,,,,,,,,34:32,Rui Hachimura,32:45,Dāvis Bertāns,31:10,Garrison Mathews,25:20,Deni Avdija,21:30,Troy Brown Jr.,21:24,Alex Len,21:01,Robin Lopez,20:40,Raul Neto,14:58,91,1,10,10.0,100.0,0.0,0.0,0.0,0.0,Mitchell Robinson,18,2,2020-2021,2.0,1,14.0,NYK,109,Julius Randle,Taj Gibson,12:00,Kevin Knox,3:50,Austin Rivers,2:45,Theo Pinson,2:45,,,,,32:26,Alec Burks,25:40,RJ Barrett,25:36,Elfrid Payton,23:24,Immanuel Quickley,21:32,Derrick Rose,19:58,Reggie Bullock,18:30,Nerlens Noel,16:12,Obi Toppin,15:34
0,,0,0.000,1,,101,0,2,33.3,2,.400,2.0,40.0,5.0,5,0,.000,2,40.000,Logos via Sports Logos.net / About logos,L,https://www.basketball-reference.com/boxscores/202103210NYK.html,Home,100,16:39,4,66.7,PHI,Ben Simmons,Tyrese Maxey,14:58,,,,,,,,,,,37:26,Tobias Harris,35:51,Danny Green,32:57,Dwight Howard,32:22,Shake Milton,29:19,Furkan Korkmaz,28:13,Tony Bradley,19:28,Matisse Thybulle,18:24,Mike Scott,16:02,101,2,4,4.0,100.0,0.0,0.0,0.0,0.0,Mitchell Robinson,1,0,2020-2021,0.0,0,6.0,NYK,100,Reggie Bullock,,,,,,,,,,,,,46:36,Julius Randle,46:09,RJ Barrett,39:20,Nerlens Noel,36:15,Alec Burks,29:59,Immanuel Quickley,25:31,Frank Ntilikina,17:40,Obi Toppin,6:51,,
0,,0,0.000,2,1.00,113,3,5,41.7,7,.778,7.0,77.8,9.0,9,2,1.000,2,22.222,Logos via Sports Logos.net / About logos,W,https://www.basketball-reference.com/boxscores/202103230NYK.html,Home,131,30:42,7,58.3,WAS,Rui Hachimura,Alex Len,11:32,Robin Lopez,7:07,Cassius Winston,5:03,Anthony Gill,4:53,,,,,34:10,Bradley Beal,32:22,Russell Westbrook,28:44,Moritz Wagner,23:28,Deni Avdija,21:47,Garrison Mathews,21:04,Raul Neto,18:36,Isaac Bonga,15:46,Troy Brown Jr.,15:28,113,3,16,14.0,87.5,0.0,0.0,2.0,12.5,Mitchell Robinson,18,0,2020-2021,3.0,2,12.0,NYK,131,RJ Barrett,Jared Harper,1:53,Kevin Knox,1:53,,,,,,,,,39:08,Julius Randle,37:47,Reggie Bullock,30:50,Alec Burks,29:09,Elfrid Payton,20:49,Nerlens Noel,17:18,Immanuel Quickley,12:03,Frank Ntilikina,10:08,Obi Toppin,8:20
0,,0,0.000,0,0.00,102,1,3,42.9,2,.400,2.0,40.0,5.0,5,2,.667,3,60.000,Logos via Sports Logos.net / About logos,W,https://www.basketball-reference.com/boxscores/202103250NYK.html,Home,106,21:16,4,57.1,WAS,Rui Hachimura,,,,,,,,,,,,,41:25,Russell Westbrook,40:12,Bradley Beal,39:22,Garrison Mathews,35:27,Robin Lopez,25:22,Alex Len,22:38,Raul Neto,16:26,Deni Avdija,10:55,Isaac Bonga,8:13,102,2,6,4.0,66.7,0.0,0.0,2.0,33.3,Mitchell Robinson,4,2,2020-2021,3.0,1,7.0,NYK,106,RJ Barrett,,,,,,,,,,,,,41:56,Julius Randle,36:52,Alec Burks,33:49,Taj Gibson,26:44,Immanuel Quickley,25:55,Elfrid Payton,21:02,Frank Ntilikina,15:14,Obi Toppin,11:08,Kevin Knox,6:04
0,,0,0.000,0,0.00,102,0,0,0.0,1,1.000,1.0,100.0,1.0,1,0,,0,0.000,Logos via Sports Logos.net / About logos,W,https://www.basketball-reference.com/boxscores/202103270MIL.html,Away,96,6:14,1,100.0,MIL,Thanasis Antetokounmpo,,,,,,,,,,,,,36:54,Jordan Nwora,36:16,Brook Lopez,30:20,Pat Connaughton,28:51,Bryn Forbes,28:48,Sam Merrill,28:17,Axel Toupane,27:16,Mamadi Diakite,23:18,,,96,1,2,2.0,100.0,0.0,0.0,0.0,0.0,Mitchell Robinson,6,1,2020-2021,1.0,1,1.0,NYK,102,Alec Burks,,,,,,,,,,,,,40:48,RJ Barrett,38:09,Taj Gibson,34:08,Nerlens Noel,31:28,Derrick Rose,29:06,Immanuel Quickley,26:02,Elfrid Payton,14:57,Kevin Knox,11:59,Obi Toppin,7:09
0,,0,0.000,3,3.00,134,2,12,70.6,5,1.000,5.0,100.0,5.0,5,1,.250,4,80.000,Logos via Sports Logos.net / About logos,W,https://www.basketball-reference.com/boxscores/202110200NYK.html,Home,138,34:28,5,29.4,BOS,Jaylen Brown,,,,,,,,,,,,,45:58,Marcus Smart,45:55,Robert Williams,44:49,Jayson Tatum,44:37,Dennis Schröder,32:00,Grant Williams,31:29,Romeo Langford,22:36,Aaron Nesmith,11:19,Payton Pritchard,11:17,134,2,11,10.0,90.9,0.0,0.0,1.0,9.1,Mitchell Robinson,4,0,2021-2022,2.0,1,17.0,NYK,138,RJ Barrett,Quentin Grimes,0:00,,,,,,,,,,,47:03,Julius Randle,46:00,Evan Fournier,44:26,Kemba Walker,35:32,Obi Toppin,28:23,Derrick Rose,22:28,Alec Burks,16:17,Immanuel Quickley,8:25,Jericho Sims,6:58
0,,0,0.000,0,0.00,121,0,5,55.6,3,.600,3.0,60.0,5.0,5,0,,0,0.000,Logos via Sports Logos.net / About logos,W,https://www.basketball-reference.com/boxscores/202110220ORL.html,Away,96,28:13,4,44.4,ORL,Mo Bamba,Ignas Brazdeikis,8:17,,,,,,,,,,,33:52,Franz Wagner,33:48,Jalen Suggs,31:43,Cole Anthony,31:36,Wendell Carter Jr.,30:08,Terrence Ross,24:05,R.J. Hampton,19:57,Moritz Wagner,13:24,Robin Lopez,13:10,96,5,6,6.0,100.0,0.0,0.0,0.0,0.0,Mitchell Robinson,25,0,2021-2022,0.0,1,9.0,NYK,121,Julius Randle,Quentin Grimes,4:34,Kevin Knox,4:28,Miles McBride,2:40,Wayne Selden,0:58,,,,,30:07,Evan Fournier,27:04,RJ Barrett,25:21,Derrick Rose,23:34,Obi Toppin,23:21,Kemba Walker,21:46,Immanuel Quickley,19:58,Alec Burks,18:11,Jericho Sims,9:45
0,,0,0.000,1,1.00,110,3,6,60.0,4,.800,4.0,80.0,5.0,5,2,.400,5,100.000,Logos via Sports Logos.net / About logos,L,https://www.basketball-reference.com/boxscores/202110240NYK.html,Home,104,33:22,4,40.0,ORL,Franz Wagner,Ignas Brazdeikis,2:06,,,,,,,,,,,38:38,Cole Anthony,34:45,Mo Bamba,33:50,Terrence Ross,31:17,Wendell Carter Jr.,30:54,Jalen Suggs,24:08,R.J. Hampton,15:44,Robin Lopez,14:40,Moritz Wagner,13:58,110,6,10,8.0,80.0,0.0,0.0,2.0,20.0,Mitchell Robinson,6,2,2021-2022,5.0,1,10.0,NYK,104,Julius Randle,Miles McBride,0:04,,,,,,,,,,,38:29,RJ Barrett,33:03,Derrick Rose,28:38,Evan Fournier,25:58,Alec Burks,24:47,Kemba Walker,19:18,Obi Toppin,12:18,Immanuel Quickley,12:12,Taj Gibson,11:51
0,,0,0.000,1,1.00,99,0,3,50.0,3,1.000,3.0,100.0,3.0,3,1,.500,2,66.667,Logos via Sports Logos.net / About logos,W,https://www.basketball-reference.com/boxscores/202110260NYK.html,Home,112,28:59,3,50.0,PHI,Tobias Harris,Isaiah Joe,7:00,Paul Reed,3:12,Charles Bassey,1:26,,,,,,,33:16,Joel Embiid,30:25,Tyrese Maxey,30:12,Seth Curry,29:39,Furkan Korkmaz,24:58,Danny Green,23:54,Georges Niang,22:03,Matisse Thybulle,19:32,Andre Drummond,14:23,99,5,7,6.0,85.7,0.0,0.0,1.0,14.3,Mitchell Robinson,13,1,2021-2022,1.0,1,6.0,NYK,112,Julius Randle,,,,,,,,,,,,,36:13,Evan Fournier,32:12,RJ Barrett,31:21,Kemba Walker,28:10,Derrick Rose,19:50,Taj Gibson,19:01,Alec Burks,17:09,Immanuel Quickley,15:18,Obi Toppin,11:47
0,,0,0.000,0,0.00,104,2,4,66.7,4,1.000,4.0,100.0,4.0,4,1,.500,2,50.000,Logos via Sports Logos.net / About logos,W,https://www.basketball-reference.com/boxscores/202110280CHI.html,Away,103,28:45,2,33.3,CHI,Nikola Vučević,Tony Bradley,5:57,Alize Johnson,3:26,,,,,,,,,35:36,Zach LaVine,34:55,DeMar DeRozan,34:52,Lonzo Ball,33:23,Alex Caruso,32:54,Troy Brown Jr.,17:26,Patrick Williams,16:23,Javonte Green,16:02,Ayo Dosunmu,9:06,103,3,9,8.0,88.9,0.0,0.0,1.0,11.1,Mitchell Robinson,1,0,2021-2022,2.0,1,6.0,NYK,104,Julius Randle,,,,,,,,,,,,,34:59,RJ Barrett,33:24,Evan Fournier,32:40,Kemba Walker,29:20,Taj Gibson,19:10,Derrick Rose,18:35,Alec Burks,17:16,Obi Toppin,13:01,Immanuel Quickley,12:50
0,,0,0.000,0,0.00,123,0,4,80.0,3,1.000,3.0,100.0,3.0,3,2,1.000,2,66.667,Logos via Sports Logos.net / About logos,W,https://www.basketball-reference.com/boxscores/202110300NOP.html,Away,117,27:06,1,20.0,NOP,Herbert Jones,Naji Marshall,11:19,,,,,,,,,,,36:13,Jonas Valančiūnas,32:50,Devonte' Graham,31:55,Nickeil Alexander-Walker,31:50,Josh Hart,30:18,Trey Murphy III,18:11,Kira Lewis Jr.,16:10,Tomáš Satoranský,16:05,Jaxson Hayes,15:09,117,3,8,6.0,75.0,0.0,0.0,2.0,25.0,Mitchell Robinson,6,0,2021-2022,0.0,1,5.0,NYK,123,Julius Randle,Miles McBride,0:03,,,,,,,,,,,37:52,Evan Fournier,37:04,RJ Barrett,35:56,Kemba Walker,32:01,Taj Gibson,20:54,Derrick Rose,15:25,Alec Burks,12:35,Immanuel Quickley,10:56,Obi Toppin,10:08
0,,0,0.000,3,3.00,113,1,7,58.3,2,.500,2.0,50.0,4.0,4,2,1.000,2,50.000,Logos via Sports Logos.net / About logos,L,https://www.basketball-reference.com/boxscores/202111010NYK.html,Home,104,27:39,5,41.7,TOR,Gary Trent Jr.,Justin Champagnie,6:48,,,,,,,,,,,42:56,OG Anunoby,41:01,Fred VanVleet,37:09,Svi Mykhailiuk,34:48,Khem Birch,31:12,Precious Achiuwa,16:48,Malachi Flynn,10:56,Chris Boucher,9:51,Dalano Banton,8:31,113,1,6,4.0,66.7,0.0,0.0,2.0,33.3,Mitchell Robinson,9,0,2021-2022,1.0,1,12.0,NYK,104,RJ Barrett,Jericho Sims,5:25,,,,,,,,,,,38:45,Julius Randle,36:48,Kemba Walker,28:24,Evan Fournier,25:10,Derrick Rose,19:36,Immanuel Quickley,19:20,Alec Burks,16:01,Obi Toppin,12:48,Taj Gibson,10:04
0,,0,0.000,2,,98,3,5,83.3,1,1.000,1.0,100.0,1.0,1,1,.500,2,200.000,Logos via Sports Logos.net / About logos,L,https://www.basketball-reference.com/boxscores/202111030IND.html,Away,111,27:39,1,16.7,IND,Malcolm Brogdon,Kelan Martin,5:13,,,,,,,,,,,36:28,Domantas Sabonis,34:13,Chris Duarte,33:53,Caris LeVert,31:04,Myles Turner,28:55,Justin Holiday,22:34,Torrey Craig,21:13,T.J. McConnell,16:47,Goga Bitadze,9:40,111,2,3,2.0,66.7,0.0,0.0,1.0,33.3,Mitchell Robinson,13,0,2021-2022,3.0,0,6.0,NYK,98,Julius Randle,,,,,,,,,,,,,37:06,RJ Barrett,34:11,Evan Fournier,29:10,Kemba Walker,28:13,Alec Burks,21:23,Derrick Rose,19:47,Nerlens Noel,17:48,Immanuel Quickley,13:49,Obi Toppin,10:54
0,,0,0.000,1,1.00,113,0,4,66.7,1,.500,1.0,50.0,2.0,2,2,.667,3,150.000,Logos via Sports Logos.net / About logos,W,https://www.basketball-reference.com/boxscores/202111050MIL.html,Away,98,21:09,2,33.3,MIL,Grayson Allen,Rodney Hood,16:35,Justin Robinson,4:00,,,,,,,,,31:10,Giannis Antetokounmpo,30:30,Pat Connaughton,27:38,George Hill,25:01,Bobby Portis,24:21,Jordan Nwora,23:32,Jrue Holiday,20:19,Semi Ojeleye,18:49,Thanasis Antetokounmpo,18:02,98,1,4,2.0,50.0,0.0,0.0,2.0,50.0,Mitchell Robinson,15,2,2021-2022,2.0,1,6.0,NYK,113,RJ Barrett,Jericho Sims,2:22,Kevin Knox,1:23,Quentin Grimes,1:23,Miles McBride,0:27,,,,,39:23,Julius Randle,33:17,Derrick Rose,30:25,Evan Fournier,24:44,Nerlens Noel,24:29,Immanuel Quickley,18:15,Kemba Walker,15:13,Obi Toppin,14:43,Alec Burks,12:46
0,,0,0.000,1,,126,5,3,42.9,3,1.000,3.0,100.0,3.0,3,2,1.000,2,66.667,Logos via Sports Logos.net / About logos,L,https://www.basketball-reference.com/boxscores/202111070NYK.html,Home,109,16:56,4,57.1,CLE,Evan Mobley,Denzel Valentine,1:08,Tacko Fall,1:08,,,,,,,,,35:36,Darius Garland,35:17,Jarrett Allen,34:27,Ricky Rubio,31:20,Cedi Osman,31:03,Dean Wade,26:32,Dylan Windler,16:41,Lamar Stevens,14:17,Collin Sexton,12:31,126,2,8,6.0,75.0,0.0,0.0,2.0,25.0,Mitchell Robinson,17,0,2021-2022,5.0,0,7.0,NYK,109,Julius Randle,Miles McBride,1:08,Kevin Knox,1:02,Jericho Sims,0:52,,,,,,,36:55,Nerlens Noel,30:02,RJ Barrett,29:52,Evan Fournier,29:07,Derrick Rose,28:58,Alec Burks,21:57,Immanuel Quickley,20:06,Quentin Grimes,12:00,Obi Toppin,11:05
0,,0,0.000,0,0.00,112,2,6,100.0,1,1.000,1.0,100.0,1.0,1,1,.500,2,200.000,Logos via Sports Logos.net / About logos,L,https://www.basketball-reference.com/boxscores/202111100NYK.html,Home,100,23:05,0,0.0,MIL,Giannis Antetokounmpo,Thanasis Antetokounmpo,2:51,,,,,,,,,,,37:40,George Hill,33:02,Pat Connaughton,31:19,Jrue Holiday,30:18,Semi Ojeleye,28:34,Grayson Allen,28:06,Bobby Portis,24:06,Jordan Nwora,18:26,Rodney Hood,5:38,112,3,3,2.0,66.7,0.0,0.0,1.0,33.3,Mitchell Robinson,12,0,2021-2022,2.0,1,6.0,NYK,100,Derrick Rose,,,,,,,,,,,,,29:47,Alec Burks,28:47,Immanuel Quickley,27:14,Julius Randle,27:13,Taj Gibson,24:55,Obi Toppin,20:47,RJ Barrett,20:46,Evan Fournier,19:13,Kemba Walker,18:13
0,,0,0.000,0,0.00,96,1,3,50.0,4,.800,4.0,80.0,5.0,5,3,.750,4,80.000,Logos via Sports Logos.net / About logos,L,https://www.basketball-reference.com/boxscores/202111120CHO.html,Away,104,23:04,3,50.0,CHO,Gordon Hayward,Ish Smith,1:13,,,,,,,,,,,37:38,LaMelo Ball,37:23,Miles Bridges,36:36,Terry Rozier,32:06,Mason Plumlee,28:48,Kelly Oubre Jr.,27:29,Cody Martin,16:22,Jalen McDaniels,11:28,Nick Richards,10:57,104,2,11,8.0,72.7,0.0,0.0,3.0,27.3,Mitchell Robinson,8,0,2021-2022,1.0,1,6.0,NYK,96,Julius Randle,,,,,,,,,,,,,32:52,Kemba Walker,30:36,Evan Fournier,26:49,RJ Barrett,25:58,Alec Burks,25:20,Taj Gibson,21:38,Immanuel Quickley,21:11,Derrick Rose,17:24,Obi Toppin,15:08
0,,0,0.000,0,,84,3,2,100.0,1,.500,1.0,50.0,2.0,2,0,,0,0.000,Logos via Sports Logos.net / About logos,W,https://www.basketball-reference.com/boxscores/202111150NYK.html,Home,92,15:51,0,0.0,IND,Domantas Sabonis,Jeremy Lamb,7:44,,,,,,,,,,,40:14,Malcolm Brogdon,37:25,Myles Turner,31:31,Justin Holiday,31:23,Caris LeVert,31:09,T.J. McConnell,23:08,Goga Bitadze,16:29,Kelan Martin,13:11,Torrey Craig,7:46,84,3,2,2.0,100.0,0.0,0.0,0.0,0.0,Mitchell Robinson,8,0,2021-2022,3.0,0,2.0,NYK,92,Julius Randle,,,,,,,,,,,,,35:29,RJ Barrett,30:23,Taj Gibson,28:52,Derrick Rose,24:33,Evan Fournier,23:33,Immanuel Quickley,23:00,Alec Burks,22:02,Kemba Walker,20:29,Obi Toppin,15:48
0,,0,0.000,0,,104,1,3,27.3,5,.833,5.0,83.3,6.0,6,3,.600,5,83.333,Logos via Sports Logos.net / About logos,L,https://www.basketball-reference.com/boxscores/202111170NYK.html,Home,98,30:35,8,72.7,ORL,Cole Anthony,Moritz Wagner,5:55,,,,,,,,,,,36:18,Franz Wagner,33:54,Mo Bamba,31:49,Terrence Ross,29:57,Jalen Suggs,25:49,Wendell Carter Jr.,24:56,Gary Harris,19:13,Chuma Okeke,18:36,R.J. Hampton,13:33,104,2,13,10.0,76.9,0.0,0.0,3.0,23.1,Mitchell Robinson,6,0,2021-2022,1.0,0,11.0,NYK,98,RJ Barrett,,,,,,,,,,,,,33:38,Julius Randle,32:06,Alec Burks,27:24,Immanuel Quickley,24:27,Kemba Walker,20:54,Evan Fournier,20:36,Derrick Rose,19:01,Obi Toppin,17:36,Taj Gibson,13:43
0,,0,0.000,0,,99,2,4,80.0,3,.750,3.0,75.0,4.0,4,0,,0,0.000,Logos via Sports Logos.net / About logos,W,https://www.basketball-reference.com/boxscores/202111200NYK.html,Home,106,18:00,1,20.0,HOU,Christian Wood,Armoni Brooks,2:54,Danuel House Jr.,2:10,,,,,,,,,36:38,Eric Gordon,36:38,Jalen Green,36:21,Jae'Sean Tate,30:56,Alperen Sengun,23:34,Daniel Theis,23:24,KJ Martin,21:01,Garrison Mathews,15:02,D.J. Augustin,11:22,99,3,6,6.0,100.0,0.0,0.0,0.0,0.0,Mitchell Robinson,7,1,2021-2022,3.0,0,5.0,NYK,106,Julius Randle,,,,,,,,,,,,,33:23,Evan Fournier,30:21,Nerlens Noel,29:05,RJ Barrett,25:25,Alec Burks,25:22,Kemba Walker,21:29,Immanuel Quickley,21:22,Derrick Rose,20:56,Obi Toppin,14:37
0,,0,0.000,0,,118,0,3,37.5,3,.750,3.0,75.0,4.0,4,1,.333,3,75.000,Logos via Sports Logos.net / About logos,L,https://www.basketball-reference.com/boxscores/202111260NYK.html,Home,97,21:09,5,62.5,PHO,Mikal Bridges,Jalen Smith,2:00,Ish Wainright,2:00,,,,,,,,,38:35,Devin Booker,35:27,Deandre Ayton,32:08,Chris Paul,30:14,Cameron Johnson,27:33,Jae Crowder,20:27,Landry Shamet,19:58,Cameron Payne,17:46,JaVale McGee,13:52,118,0,7,6.0,85.7,0.0,0.0,1.0,14.3,Mitchell Robinson,21,1,2021-2022,1.0,0,8.0,NYK,97,Julius Randle,Kevin Knox,7:39,Miles McBride,4:04,Jericho Sims,3:36,,,,,,,31:37,RJ Barrett,31:27,Evan Fournier,25:43,Kemba Walker,23:01,Alec Burks,22:57,Immanuel Quickley,19:40,Nerlens Noel,18:20,Quentin Grimes,17:01,Obi Toppin,13:46
0,,0,0.000,1,,99,1,7,63.6,1,.500,1.0,50.0,2.0,2,0,,0,0.000,Logos via Sports Logos.net / About logos,W,https://www.basketball-reference.com/boxscores/202111270ATL.html,Away,90,26:40,4,36.4,ATL,John Collins,Delon Wright,8:49,Cam Reddish,7:06,,,,,,,,,39:30,Trae Young,39:11,Kevin Huerter,38:00,Clint Capela,35:07,Danilo Gallinari,21:23,Lou Williams,15:40,Timothé Luwawu-Cabarrot,12:54,Solomon Hill,12:06,Bogdan Bogdanović,10:14,90,4,2,2.0,100.0,0.0,0.0,0.0,0.0,Mitchell Robinson,9,0,2021-2022,1.0,0,11.0,NYK,99,Alec Burks,,,,,,,,,,,,,39:08,Julius Randle,31:43,RJ Barrett,30:47,Immanuel Quickley,30:33,Evan Fournier,28:41,Jericho Sims,21:20,Obi Toppin,16:17,Quentin Grimes,14:51,,
0,,0,0.000,1,,110,1,5,71.4,4,.800,4.0,80.0,5.0,5,0,,0,0.000,Logos via Sports Logos.net / About logos,L,https://www.basketball-reference.com/boxscores/202111300BRK.html,Away,112,25:08,2,28.6,BRK,Kevin Durant,Jevon Carter,2:40,,,,,,,,,,,40:30,James Harden,39:47,LaMarcus Aldridge,31:59,DeAndre' Bembry,29:31,Patty Mills,28:11,Cam Thomas,20:57,James Johnson,18:27,Paul Millsap,15:25,Bruce Brown,12:33,112,4,8,8.0,100.0,0.0,0.0,0.0,0.0,Mitchell Robinson,2,0,2021-2022,1.0,0,7.0,NYK,110,Julius Randle,,,,,,,,,,,,,39:52,Alec Burks,39:18,Immanuel Quickley,37:31,Derrick Rose,34:41,Evan Fournier,22:00,Nerlens Noel,18:48,Obi Toppin,11:36,RJ Barrett,8:33,Quentin Grimes,2:33
0,,0,0.000,0,0.00,119,5,5,62.5,3,.600,3.0,60.0,5.0,5,3,1.000,3,60.000,Logos via Sports Logos.net / About logos,L,https://www.basketball-reference.com/boxscores/202112020NYK.html,Home,115,29:31,3,37.5,CHI,DeMar DeRozan,,,,,,,,,,,,,37:48,Zach LaVine,34:59,Lonzo Ball,34:01,Nikola Vučević,33:50,Alex Caruso,30:30,Javonte Green,28:57,Ayo Dosunmu,16:59,Derrick Jones Jr.,13:49,Troy Brown Jr.,9:05,119,3,9,6.0,66.7,0.0,0.0,3.0,33.3,Mitchell Robinson,4,0,2021-2022,5.0,2,8.0,NYK,115,Alec Burks,,,,,,,,,,,,,42:58,Julius Randle,38:55,Immanuel Quickley,38:29,Evan Fournier,32:16,Derrick Rose,26:19,Obi Toppin,18:48,Quentin Grimes,5:39,Kevin Knox,3:51,Taj Gibson,3:13
0,,0,0.000,1,,113,2,2,33.3,2,.400,2.0,40.0,5.0,5,0,.000,1,20.000,Logos via Sports Logos.net / About logos,L,https://www.basketball-reference.com/boxscores/202112040NYK.html,Home,99,21:30,4,66.7,DEN,Zeke Nnaji,Vlatko Čančar,3:28,,,,,,,,,,,33:40,Will Barton,30:42,Nikola Jokić,26:56,Facundo Campazzo,26:46,Monte Morris,26:23,Jeff Green,25:08,Aaron Gordon,24:52,Davon Reed,24:05,JaMychal Green,18:00,113,2,4,4.0,100.0,0.0,0.0,0.0,0.0,Mitchell Robinson,14,1,2021-2022,3.0,0,6.0,NYK,99,Evan Fournier,,,,,,,,,,,,,35:55,Julius Randle,35:07,Alec Burks,27:29,RJ Barrett,24:40,Derrick Rose,23:50,Obi Toppin,20:28,Immanuel Quickley,19:58,Nerlens Noel,18:55,Quentin Grimes,12:08
0,,0,0.000,0,0.00,121,3,6,42.9,4,.667,4.0,66.7,6.0,6,3,.750,4,66.667,Logos via Sports Logos.net / About logos,W,https://www.basketball-reference.com/boxscores/202112070SAS.html,Away,109,22:01,8,57.1,SAS,Dejounte Murray,Joshua Primo,15:01,Tre Jones,12:11,Jock Landale,2:45,Joe Wieskamp,2:45,,,,,34:52,Derrick White,34:14,Jakob Poeltl,29:46,Doug McDermott,25:13,Bryn Forbes,20:17,Lonnie Walker IV,16:05,Keldon Johnson,15:43,Keita Bates-Diop,15:39,Drew Eubanks,15:29,109,1,11,8.0,72.7,0.0,0.0,3.0,27.3,Mitchell Robinson,12,2,2021-2022,5.0,1,14.0,NYK,121,RJ Barrett,,,,,,,,,,,,,38:52,Alec Burks,36:05,Julius Randle,35:22,Immanuel Quickley,26:28,Nerlens Noel,25:59,Derrick Rose,21:40,Evan Fournier,20:55,Obi Toppin,12:30,Quentin Grimes,0:08
0,,0,0.000,0,,102,2,1,50.0,1,1.000,1.0,100.0,1.0,1,2,1.000,2,200.000,Logos via Sports Logos.net / About logos,L,https://www.basketball-reference.com/boxscores/202112080IND.html,Away,122,19:24,1,50.0,IND,Domantas Sabonis,Torrey Craig,4:24,Goga Bitadze,3:55,Isaiah Jackson,2:30,Duane Washington Jr.,2:30,,,,,33:12,Malcolm Brogdon,32:51,Myles Turner,32:27,Chris Duarte,30:11,Caris LeVert,27:31,Oshae Brissett,20:26,Brad Wanamaker,18:07,Kelan Martin,17:15,Jeremy Lamb,14:41,122,3,4,2.0,50.0,0.0,0.0,2.0,50.0,Mitchell Robinson,20,0,2021-2022,2.0,0,2.0,NYK,102,RJ Barrett,Quentin Grimes,3:55,Kevin Knox,3:55,Jericho Sims,3:55,,,,,,,34:48,Julius Randle,31:28,Alec Burks,29:45,Immanuel Quickley,25:38,Derrick Rose,23:37,Evan Fournier,22:22,Obi Toppin,19:30,Taj Gibson,17:48,Miles McBride,3:55
0,,0,0.000,0,0.00,87,2,6,75.0,1,.333,1.0,33.3,3.0,3,2,1.000,2,66.667,Logos via Sports Logos.net / About logos,L,https://www.basketball-reference.com/boxscores/202112100TOR.html,Away,90,18:02,2,25.0,TOR,Scottie Barnes,Malachi Flynn,5:08,,,,,,,,,,,41:16,Pascal Siakam,39:28,Gary Trent Jr.,39:04,Fred VanVleet,37:57,Chris Boucher,27:08,Yuta Watanabe,17:26,Svi Mykhailiuk,16:13,Justin Champagnie,9:02,Dalano Banton,7:18,90,3,4,2.0,50.0,0.0,0.0,2.0,50.0,Mitchell Robinson,3,0,2021-2022,2.0,1,8.0,NYK,87,Julius Randle,,,,,,,,,,,,,37:19,Alec Burks,36:43,Derrick Rose,33:01,RJ Barrett,29:56,Immanuel Quickley,24:04,Evan Fournier,23:56,Obi Toppin,23:46,Nerlens Noel,13:13,,
0,,0,0.000,0,,112,0,5,62.5,4,.800,4.0,80.0,5.0,5,1,.500,2,40.000,Logos via Sports Logos.net / About logos,L,https://www.basketball-reference.com/boxscores/202112120NYK.html,Home,97,18:12,3,37.5,MIL,Jrue Holiday,Jordan Nwora,8:42,Sandro Mamukelashvili,0:46,Javonte Smart,0:46,,,,,,,34:13,Giannis Antetokounmpo,32:25,Khris Middleton,31:53,Bobby Portis,29:54,Grayson Allen,28:45,Pat Connaughton,23:53,Rodney Hood,23:02,George Hill,13:53,DeMarcus Cousins,11:46,112,3,9,8.0,88.9,0.0,0.0,1.0,11.1,Mitchell Robinson,15,0,2021-2022,0.0,0,8.0,NYK,97,Quentin Grimes,,,,,,,,,,,,,39:30,Derrick Rose,36:31,Julius Randle,35:28,Kevin Knox,28:47,Nerlens Noel,28:04,Evan Fournier,26:40,Immanuel Quickley,26:01,Miles McBride,0:46,,
0,,0,0.000,0,,105,1,2,100.0,1,.500,1.0,50.0,2.0,2,0,,0,0.000,Logos via Sports Logos.net / About logos,L,https://www.basketball-reference.com/boxscores/202112140NYK.html,Home,96,14:09,0,0.0,GSW,Stephen Curry,Jonathan Kuminga,10:16,Gary Payton II,9:57,,,,,,,,,34:43,Jordan Poole,34:07,Andrew Wiggins,33:41,Draymond Green,31:48,Kevon Looney,23:43,Damion Lee,17:12,Nemanja Bjelica,16:58,Andre Iguodala,14:26,Juan Toscano-Anderson,13:09,105,0,2,2.0,100.0,0.0,0.0,0.0,0.0,Mitchell Robinson,9,0,2021-2022,1.0,0,2.0,NYK,96,Alec Burks,,,,,,,,,,,,,38:51,Julius Randle,37:16,Derrick Rose,34:17,Evan Fournier,28:55,Nerlens Noel,24:18,Immanuel Quickley,21:38,Miles McBride,20:19,Kevin Knox,20:17,,
0,,0,0.000,0,,116,3,3,33.3,8,1.000,8.0,100.0,8.0,8,1,1.000,1,12.500,Logos via Sports Logos.net / About logos,W,https://www.basketball-reference.com/boxscores/202112160HOU.html,Away,103,30:26,6,66.7,HOU,Josh Christopher,Armoni Brooks,9:08,Usman Garuba,2:28,,,,,,,,,32:55,Daniel Theis,32:36,Garrison Mathews,31:38,Eric Gordon,30:07,Jae'Sean Tate,29:16,KJ Martin,28:35,D.J. Augustin,18:15,Alperen Sengun,15:24,David Nwaba,9:38,103,4,17,16.0,94.1,0.0,0.0,1.0,5.9,Mitchell Robinson,13,1,2021-2022,4.0,0,9.0,NYK,116,Alec Burks,,,,,,,,,,,,,36:31,Miles McBride,35:49,Immanuel Quickley,31:54,Julius Randle,31:32,Evan Fournier,27:35,Nerlens Noel,17:34,Taj Gibson,16:28,Derrick Rose,12:11,,
0,,0,0.000,0,,107,0,4,50.0,1,.500,1.0,50.0,2.0,2,1,.333,3,150.000,Logos via Sports Logos.net / About logos,L,https://www.basketball-reference.com/boxscores/202112180BOS.html,Away,114,21:46,4,50.0,BOS,Jayson Tatum,,,,,,,,,,,,,36:27,Marcus Smart,33:52,Jaylen Brown,32:29,Josh Richardson,32:11,Robert Williams,29:01,Payton Pritchard,28:08,Aaron Nesmith,26:29,Enes Freedom,21:23,,,114,2,3,2.0,66.7,0.0,0.0,1.0,33.3,Mitchell Robinson,7,2,2021-2022,2.0,0,8.0,NYK,107,Evan Fournier,,,,,,,,,,,,,42:50,Alec Burks,41:05,Julius Randle,40:58,Kemba Walker,37:21,Nerlens Noel,24:50,Taj Gibson,21:41,Wayne Selden,9:29,,,,
0,,0,0.000,0,0.00,91,3,8,57.1,8,.889,8.0,88.9,9.0,9,1,.500,2,22.222,Logos via Sports Logos.net / About logos,W,https://www.basketball-reference.com/boxscores/202112210NYK.html,Home,105,24:36,6,42.9,DET,Saddiq Bey,Luka Garza,4:17,,,,,,,,,,,36:53,Hamidou Diallo,33:43,Cade Cunningham,32:55,Isaiah Stewart,31:21,Cory Joseph,24:48,Saben Lee,24:40,Frank Jackson,19:39,Trey Lyles,16:39,Rodney McGruder,15:05,91,4,17,16.0,94.1,0.0,0.0,1.0,5.9,Mitchell Robinson,14,1,2021-2022,4.0,1,14.0,NYK,105,Alec Burks,,,,,,,,,,,,,41:22,Evan Fournier,40:44,Kemba Walker,39:58,Julius Randle,38:15,Nerlens Noel,23:24,Taj Gibson,18:49,Wayne Selden,8:41,Damyean Dotson,4:11,,
0,,0,0.000,0,0.00,124,0,1,33.3,4,1.000,4.0,100.0,4.0,4,0,,0,0.000,Logos via Sports Logos.net / About logos,L,https://www.basketball-reference.com/boxscores/202112230NYK.html,Home,117,24:59,2,66.7,WAS,Spencer Dinwiddie,Anthony Gill,0:37,,,,,,,,,,,35:57,Kyle Kuzma,32:33,Corey Kispert,32:30,Deni Avdija,28:47,Aaron Holiday,28:24,Daniel Gafford,25:44,Montrezl Harrell,22:06,Raul Neto,19:21,Dāvis Bertāns,14:01,124,6,8,8.0,100.0,0.0,0.0,0.0,0.0,Mitchell Robinson,7,0,2021-2022,0.0,1,3.0,NYK,117,Kemba Walker,,,,,,,,,,,,,43:00,Evan Fournier,38:14,Alec Burks,36:25,Julius Randle,35:27,Jericho Sims,22:07,Damyean Dotson,16:21,Obi Toppin,13:00,Taj Gibson,7:06,Danuel House Jr.,3:21
0,,0,0.000,1,1.00,87,5,6,75.0,2,1.000,2.0,100.0,2.0,2,0,.000,2,100.000,Logos via Sports Logos.net / About logos,W,https://www.basketball-reference.com/boxscores/202112250NYK.html,Home,101,30:25,2,25.0,ATL,Bogdan Bogdanović,Cat Barber,1:56,Malcolm Hill,1:56,,,,,,,,,35:43,Cam Reddish,34:18,Delon Wright,33:57,John Collins,32:47,Clint Capela,27:46,Skylar Mays,22:33,Gorgui Dieng,20:14,Jalen Johnson,15:13,Lance Stephenson,13:37,87,3,4,4.0,100.0,0.0,0.0,0.0,0.0,Mitchell Robinson,14,0,2021-2022,5.0,1,8.0,NYK,101,Kemba Walker,Matt Mooney,1:56,,,,,,,,,,,40:21,Julius Randle,34:19,Evan Fournier,31:10,RJ Barrett,25:38,Quentin Grimes,25:29,Taj Gibson,17:35,Alec Burks,17:30,Obi Toppin,13:41,Tyler Hall,1:56
0,,0,0.000,0,0.00,96,1,12,66.7,7,.875,7.0,87.5,8.0,8,0,.000,2,25.000,Logos via Sports Logos.net / About logos,W,https://www.basketball-reference.com/boxscores/202112280MIN.html,Away,88,32:03,6,33.3,MIN,Malik Beasley,Josh Okogie,5:23,,,,,,,,,,,40:02,Jaden McDaniels,35:38,Patrick Beverley,29:25,Jaylen Nowell,29:17,Nathan Knight,25:23,Jordan McLaughlin,23:41,Greg Monroe,22:26,Jake Layman,16:31,Naz Reid,12:14,88,2,14,14.0,100.0,0.0,0.0,0.0,0.0,Mitchell Robinson,8,2,2021-2022,3.0,1,18.0,NYK,96,Julius Randle,,,,,,,,,,,,,37:30,Kemba Walker,33:13,Quentin Grimes,31:01,Evan Fournier,24:46,RJ Barrett,24:24,Alec Burks,16:17,Taj Gibson,15:35,Immanuel Quickley,14:41,Obi Toppin,10:30
0,,0,0.000,1,0.33,94,0,1,14.3,3,.429,3.0,42.9,7.0,7,1,.333,3,42.857,Logos via Sports Logos.net / About logos,W,https://www.basketball-reference.com/boxscores/202112290DET.html,Away,85,20:02,6,85.7,DET,Saddiq Bey,Deividas Sirvydis,4:28,,,,,,,,,,,43:05,Luka Garza,39:14,Hamidou Diallo,38:40,Derrick Walton,36:47,Cassius Stanley,27:21,Trayvon Palmer,16:46,Frank Jackson,13:40,Justin Robinson,11:13,Cheick Diallo,8:46,85,1,7,6.0,85.7,0.0,0.0,1.0,14.3,Mitchell Robinson,9,0,2021-2022,0.0,3,7.0,NYK,94,Immanuel Quickley,,,,,,,,,,,,,34:40,Taj Gibson,27:58,Alec Burks,26:54,Julius Randle,26:05,RJ Barrett,25:24,Miles McBride,24:33,Obi Toppin,21:55,Kemba Walker,19:52,Quentin Grimes,12:37
0,,0,0.000,0,0.00,80,1,10,83.3,4,.800,4.0,80.0,5.0,5,1,.500,2,40.000,Logos via Sports Logos.net / About logos,L,https://www.basketball-reference.com/boxscores/202112310OKC.html,Away,95,24:43,2,16.7,OKC,Shai Gilgeous-Alexander,Mike Muscala,14:09,Théo Maledon,11:48,,,,,,,,,34:46,Luguentz Dort,33:12,Kenrich Williams,27:32,Ty Jerome,27:12,Aaron Wiggins,26:07,Isaiah Roby,18:12,Aleksej Pokusevski,17:06,Derrick Favors,15:39,Paul Watson,14:17,95,1,9,8.0,88.9,0.0,0.0,1.0,11.1,Mitchell Robinson,15,0,2021-2022,1.0,1,12.0,NYK,80,RJ Barrett,,,,,,,,,,,,,36:18,Obi Toppin,27:19,Immanuel Quickley,25:43,Miles McBride,24:17,Alec Burks,23:39,Taj Gibson,23:17,Evan Fournier,20:23,Quentin Grimes,18:58,Kevin Knox,15:23
0,,0,0.000,0,,94,0,4,50.0,4,.800,4.0,80.0,5.0,5,0,,0,0.000,Logos via Sports Logos.net / About logos,W,https://www.basketball-reference.com/boxscores/202201040NYK.html,Home,104,25:23,4,50.0,IND,Domantas Sabonis,,,,,,,,,,,,,39:01,Keifer Sykes,37:54,Duane Washington Jr.,36:31,Myles Turner,32:48,Torrey Craig,26:04,Justin Holiday,20:18,Lance Stephenson,17:16,Justin Anderson,15:30,Oshae Brissett,14:38,94,3,8,8.0,100.0,0.0,0.0,0.0,0.0,Mitchell Robinson,10,0,2021-2022,0.0,0,8.0,NYK,104,RJ Barrett,,,,,,,,,,,,,41:43,Julius Randle,38:54,Alec Burks,35:34,Taj Gibson,22:37,Immanuel Quickley,22:14,Evan Fournier,21:59,Quentin Grimes,19:33,Obi Toppin,9:06,Miles McBride,2:57
0,,0,0.000,0,0.00,105,0,1,25.0,3,1.000,3.0,100.0,3.0,3,1,1.000,1,33.333,Logos via Sports Logos.net / About logos,W,https://www.basketball-reference.com/boxscores/202201060NYK.html,Home,108,27:13,3,75.0,BOS,Jayson Tatum,,,,,,,,,,,,,39:51,Robert Williams,34:25,Jaylen Brown,34:16,Marcus Smart,30:48,Al Horford,30:31,Dennis Schröder,27:07,Josh Richardson,16:01,Grant Williams,15:17,Enes Freedom,11:44,105,3,7,6.0,85.7,0.0,0.0,1.0,14.3,Mitchell Robinson,3,2,2021-2022,2.0,2,4.0,NYK,108,Evan Fournier,,,,,,,,,,,,,41:55,Julius Randle,38:24,Alec Burks,37:29,RJ Barrett,33:20,Immanuel Quickley,25:02,Taj Gibson,20:46,Obi Toppin,9:36,Quentin Grimes,6:15,,
0,,0,0.000,0,0.00,75,1,2,25.0,5,1.000,5.0,100.0,5.0,5,1,.250,4,80.000,Logos via Sports Logos.net / About logos,L,https://www.basketball-reference.com/boxscores/202201080BOS.html,Away,99,28:16,6,75.0,BOS,Jaylen Brown,Aaron Nesmith,5:31,Romeo Langford,1:30,Bruno Fernando,1:30,Sam Hauser,1:30,Juancho Hernangómez,1:30,,,34:48,Robert Williams,33:42,Josh Richardson,29:30,Jayson Tatum,29:26,Marcus Smart,25:03,Grant Williams,21:42,Dennis Schröder,21:27,Al Horford,20:03,Enes Freedom,12:48,99,1,11,10.0,90.9,0.0,0.0,1.0,9.1,Mitchell Robinson,24,0,2021-2022,1.0,2,8.0,NYK,75,RJ Barrett,Jericho Sims,1:30,,,,,,,,,,,42:35,Julius Randle,37:26,Immanuel Quickley,36:54,Alec Burks,33:51,Quentin Grimes,27:48,Taj Gibson,18:14,Obi Toppin,9:04,Miles McBride,2:52,Kevin Knox,1:30
0,,0,0.000,0,0.00,96,4,7,63.6,4,1.000,4.0,100.0,4.0,4,5,.556,9,225.000,Logos via Sports Logos.net / About logos,W,https://www.basketball-reference.com/boxscores/202201100NYK.html,Home,111,31:51,4,36.4,SAS,Dejounte Murray,Joe Wieskamp,11:36,Jaylen Morris,6:37,Anthony Lamb,3:49,,,,,,,30:22,Joshua Primo,27:49,Lonnie Walker IV,27:18,Keita Bates-Diop,24:41,Jakob Poeltl,24:07,Devontae Cacok,23:19,Tyler Johnson,22:02,Drew Eubanks,20:04,Bryn Forbes,18:16,96,2,13,8.0,61.5,0.0,0.0,5.0,38.5,Mitchell Robinson,15,1,2021-2022,5.0,2,11.0,NYK,111,Julius Randle,Miles McBride,2:40,Jericho Sims,2:40,,,,,,,,,33:46,Alec Burks,31:41,RJ Barrett,30:39,Quentin Grimes,28:09,Immanuel Quickley,25:23,Evan Fournier,21:39,Obi Toppin,14:14,Taj Gibson,13:29,Kevin Knox,3:49
0,,0,0.000,0,0.00,85,2,6,60.0,9,.900,9.0,90.0,10.0,10,1,1.000,1,10.000,Logos via Sports Logos.net / About logos,W,https://www.basketball-reference.com/boxscores/202201120NYK.html,Home,108,25:37,4,40.0,DAL,Jalen Brunson,Sterling Brown,6:19,Moses Brown,3:07,Frank Ntilikina,1:13,Theo Pinson,1:13,,,,,37:07,Maxi Kleber,36:42,Luka Dončić,36:20,Dorian Finney-Smith,34:23,Tim Hardaway Jr.,29:01,Reggie Bullock,19:26,Dwight Powell,16:49,Josh Green,11:26,Marquese Chriss,6:53,85,3,19,18.0,94.7,0.0,0.0,1.0,5.3,Mitchell Robinson,23,1,2021-2022,3.0,1,10.0,NYK,108,RJ Barrett,Miles McBride,1:13,Jericho Sims,1:13,,,,,,,,,40:52,Julius Randle,37:28,Alec Burks,34:36,Evan Fournier,33:12,Nerlens Noel,21:10,Quentin Grimes,18:32,Immanuel Quickley,14:20,Obi Toppin,10:32,Kevin Knox,1:13
0,,0,0.000,0,0.00,117,0,8,61.5,6,.750,6.0,75.0,8.0,8,2,.500,4,50.000,Logos via Sports Logos.net / About logos,W,https://www.basketball-reference.com/boxscores/202201150ATL.html,Away,108,31:08,5,38.5,ATL,Trae Young,Gorgui Dieng,12:42,,,,,,,,,,,34:21,De'Andre Hunter,30:20,Kevin Huerter,29:40,John Collins,28:34,Danilo Gallinari,27:00,Onyeka Okongwu,24:13,Delon Wright,23:51,Timothé Luwawu-Cabarrot,15:29,Lou Williams,13:50,108,1,14,12.0,85.7,0.0,0.0,2.0,14.3,Mitchell Robinson,9,1,2021-2022,1.0,1,13.0,NYK,117,RJ Barrett,,,,,,,,,,,,,40:43,Julius Randle,37:30,Alec Burks,35:35,Evan Fournier,31:41,Immanuel Quickley,19:42,Taj Gibson,16:52,Quentin Grimes,16:19,Obi Toppin,10:30,,
0,,0,0.000,0,0.00,97,1,3,50.0,4,.667,4.0,66.7,6.0,6,2,.500,4,66.667,Logos via Sports Logos.net / About logos,L,https://www.basketball-reference.com/boxscores/202201170NYK.html,Home,87,25:30,3,50.0,CHO,Cody Martin,,,,,,,,,,,,,45:33,Miles Bridges,38:56,Gordon Hayward,36:21,Terry Rozier,35:15,Mason Plumlee,28:24,P.J. Washington,19:58,Jalen McDaniels,19:31,Ish Smith,13:47,Nick Richards,2:15,97,1,10,8.0,80.0,0.0,0.0,2.0,20.0,Mitchell Robinson,10,1,2021-2022,2.0,1,6.0,NYK,87,RJ Barrett,Miles McBride,2:37,,,,,,,,,,,38:47,Julius Randle,31:19,Immanuel Quickley,28:57,Alec Burks,25:39,Evan Fournier,25:17,Quentin Grimes,22:43,Taj Gibson,18:47,Obi Toppin,16:41,Jericho Sims,3:43
0,,0,0.000,0,,112,0,4,66.7,4,.800,4.0,80.0,5.0,5,0,,0,0.000,Logos via Sports Logos.net / About logos,L,https://www.basketball-reference.com/boxscores/202201180NYK.html,Home,110,20:20,2,33.3,MIN,Anthony Edwards,Taurean Prince,4:01,,,,,,,,,,,39:20,Karl-Anthony Towns,36:10,Jarred Vanderbilt,33:44,Patrick Beverley,30:25,D'Angelo Russell,25:05,Jaylen Nowell,23:00,Jaden McDaniels,19:13,Malik Beasley,17:10,Naz Reid,11:50,112,6,8,8.0,100.0,0.0,0.0,0.0,0.0,Mitchell Robinson,2,0,2021-2022,0.0,0,6.0,NYK,110,Julius Randle,,,,,,,,,,,,,38:59,Evan Fournier,37:28,RJ Barrett,37:07,Kemba Walker,29:33,Taj Gibson,24:40,Quentin Grimes,16:44,Alec Burks,16:37,Immanuel Quickley,9:29,Obi Toppin,9:00
0,,0,0.000,0,0.00,102,1,8,53.3,6,.857,6.0,85.7,7.0,7,5,.500,10,142.857,Logos via Sports Logos.net / About logos,L,https://www.basketball-reference.com/boxscores/202201200NYK.html,Home,91,30:03,7,46.7,NOP,Herbert Jones,Gary Clark,7:57,,,,,,,,,,,37:05,Josh Hart,35:17,Jonas Valančiūnas,33:02,Devonte' Graham,28:02,Brandon Ingram,26:53,Nickeil Alexander-Walker,24:25,Jose Alvarado,19:58,Jaxson Hayes,16:28,Garrett Temple,10:53,102,3,17,12.0,70.6,0.0,0.0,5.0,29.4,Mitchell Robinson,11,0,2021-2022,1.0,1,15.0,NYK,91,Julius Randle,,,,,,,,,,,,,29:29,RJ Barrett,27:59,Evan Fournier,25:09,Quentin Grimes,23:50,Immanuel Quickley,23:17,Alec Burks,22:35,Kemba Walker,21:10,Obi Toppin,18:31,Taj Gibson,17:57
0,,0,0.000,2,,102,0,4,50.0,3,.500,3.0,50.0,6.0,6,2,.500,4,66.667,Logos via Sports Logos.net / About logos,W,https://www.basketball-reference.com/boxscores/202201230NYK.html,Home,110,16:07,4,50.0,LAC,Reggie Jackson,Serge Ibaka,14:44,Isaiah Hartenstein,3:47,,,,,,,,,32:48,Ivica Zubac,29:29,Luke Kennard,28:14,Nicolas Batum,24:58,Terance Mann,24:32,Brandon Boston Jr.,24:20,Marcus Morris,23:47,Amir Coffey,18:09,Eric Bledsoe,15:12,102,1,8,6.0,75.0,0.0,0.0,2.0,25.0,Mitchell Robinson,8,0,2021-2022,0.0,0,8.0,NYK,110,RJ Barrett,Cam Reddish,5:23,,,,,,,,,,,42:37,Julius Randle,40:05,Alec Burks,29:41,Evan Fournier,28:05,Nerlens Noel,26:18,Quentin Grimes,19:55,Immanuel Quickley,18:19,Obi Toppin,7:55,Taj Gibson,5:35
0,,0,0.000,1,1.00,96,0,5,50.0,3,.750,3.0,75.0,4.0,4,1,.500,2,50.000,Logos via Sports Logos.net / About logos,L,https://www.basketball-reference.com/boxscores/202201260MIA.html,Away,110,29:28,5,50.0,MIA,Gabe Vincent,Omer Yurtseven,2:08,Kyle Guy,2:08,,,,,,,,,32:52,Tyler Herro,32:38,Bam Adebayo,30:51,Jimmy Butler,29:15,Duncan Robinson,26:12,Caleb Martin,25:24,P.J. Tucker,22:36,Max Strus,20:55,Dewayne Dedmon,15:01,110,4,7,6.0,85.7,0.0,0.0,1.0,14.3,Mitchell Robinson,14,1,2021-2022,1.0,1,10.0,NYK,96,Quentin Grimes,Cam Reddish,10:06,Miles McBride,2:08,Jericho Sims,1:43,,,,,,,31:26,Julius Randle,26:45,RJ Barrett,24:01,Immanuel Quickley,22:20,Obi Toppin,21:15,Evan Fournier,19:53,Kemba Walker,18:50,Taj Gibson,16:49,Alec Burks,15:16
0,,0,0.000,0,0.00,108,1,2,33.3,3,1.000,3.0,100.0,3.0,3,1,.167,6,200.000,Logos via Sports Logos.net / About logos,L,https://www.basketball-reference.com/boxscores/202201280MIL.html,Away,123,25:03,4,66.7,MIL,Jrue Holiday,Thanasis Antetokounmpo,1:08,Jordan Nwora,1:08,Lindell Wigginton,1:08,Sandro Mamukelashvili,1:03,,,,,34:37,Giannis Antetokounmpo,34:06,Khris Middleton,32:03,Grayson Allen,30:28,Bobby Portis,27:17,Donte DiVincenzo,24:17,Pat Connaughton,24:13,George Hill,14:36,Wesley Matthews,13:56,123,4,7,6.0,85.7,0.0,0.0,1.0,14.3,Mitchell Robinson,15,0,2021-2022,1.0,1,6.0,NYK,108,Julius Randle,,,,,,,,,,,,,36:38,RJ Barrett,34:34,Evan Fournier,31:58,Kemba Walker,29:46,Nerlens Noel,20:16,Alec Burks,18:14,Quentin Grimes,18:09,Obi Toppin,14:03,Immanuel Quickley,11:19
0,,0,0.000,1,1.00,96,2,8,61.5,3,1.000,3.0,100.0,3.0,3,3,.500,6,200.000,Logos via Sports Logos.net / About logos,W,https://www.basketball-reference.com/boxscores/202201310NYK.html,Home,116,21:35,5,38.5,SAC,Tyrese Haliburton,Jahmi'us Ramsey,5:07,Neemias Queta,3:39,Robert Woodard II,3:39,,,,,,,34:55,Davion Mitchell,33:32,Harrison Barnes,32:44,Buddy Hield,27:30,Richaun Holmes,25:30,Chimezie Metu,24:33,Maurice Harkless,21:37,Damian Jones,18:51,Louis King,8:23,96,3,9,6.0,66.7,0.0,0.0,3.0,33.3,Mitchell Robinson,20,1,2021-2022,3.0,1,13.0,NYK,116,Julius Randle,Cam Reddish,5:07,Taj Gibson,2:46,Miles McBride,2:20,Jericho Sims,2:20,,,,,29:28,Evan Fournier,27:27,RJ Barrett,27:01,Alec Burks,26:12,Quentin Grimes,23:22,Nerlens Noel,21:19,Obi Toppin,18:32,Kemba Walker,16:41,Immanuel Quickley,15:50
0,,0,0.000,1,0.33,120,8,4,36.4,7,.875,7.0,87.5,8.0,8,0,.000,1,12.500,Logos via Sports Logos.net / About logos,L,https://www.basketball-reference.com/boxscores/202202020NYK.html,Home,108,29:54,7,63.6,MEM,Ja Morant,John Konchar,10:55,,,,,,,,,,,36:47,Desmond Bane,33:53,Jaren Jackson Jr.,33:32,Ziaire Williams,33:17,Steven Adams,30:04,Brandon Clarke,17:56,De'Anthony Melton,17:55,Kyle Anderson,14:28,Tyus Jones,11:13,120,1,14,14.0,100.0,0.0,0.0,0.0,0.0,Mitchell Robinson,12,0,2021-2022,8.0,3,11.0,NYK,108,RJ Barrett,Taj Gibson,1:56,,,,,,,,,,,38:35,Julius Randle,36:53,Evan Fournier,32:42,Immanuel Quickley,26:52,Kemba Walker,17:10,Nerlens Noel,16:10,Quentin Grimes,15:18,Alec Burks,13:23,Obi Toppin,11:07
0,,0,0.000,0,,115,0,7,63.6,2,.500,2.0,50.0,4.0,4,0,.000,1,25.000,Logos via Sports Logos.net / About logos,L,https://www.basketball-reference.com/boxscores/202202050LAL.html,Away,122,29:30,4,36.4,LAL,Anthony Davis,DeAndre Jordan,3:07,,,,,,,,,,,41:16,LeBron James,39:55,Malik Monk,39:23,Trevor Ariza,34:48,Russell Westbrook,29:01,Talen Horton-Tucker,23:59,Stanley Johnson,22:11,Austin Reaves,18:28,Avery Bradley,12:50,122,4,4,4.0,100.0,0.0,0.0,0.0,0.0,Mitchell Robinson,7,3,2021-2022,3.0,0,11.0,NYK,115,RJ Barrett,,,,,,,,,,,,,49:37,Julius Randle,41:16,Evan Fournier,37:22,Alec Burks,29:30,Kemba Walker,23:30,Nerlens Noel,23:06,Quentin Grimes,14:32,Obi Toppin,11:43,Immanuel Quickley,4:51
0,,0,0.000,1,,104,3,11,52.4,8,.727,8.0,72.7,11.0,11,3,.500,6,54.545,Logos via Sports Logos.net / About logos,L,https://www.basketball-reference.com/boxscores/202202070UTA.html,Away,113,36:11,10,47.6,UTA,Donovan Mitchell,Jared Butler,4:14,,,,,,,,,,,35:42,Bojan Bogdanović,31:44,Royce O'Neale,31:38,Mike Conley,29:42,Udoka Azubuike,27:39,Jordan Clarkson,22:06,Trent Forrest,20:23,Hassan Whiteside,20:21,Eric Paschall,16:31,113,1,19,16.0,84.2,0.0,0.0,3.0,15.8,Mitchell Robinson,9,2,2021-2022,5.0,0,21.0,NYK,104,RJ Barrett,,,,,,,,,,,,,42:47,Julius Randle,37:56,Alec Burks,31:29,Evan Fournier,31:05,Immanuel Quickley,23:36,Cam Reddish,15:03,Nerlens Noel,11:49,Obi Toppin,10:04,,
0,,0,0.000,0,,116,0,3,27.3,3,.375,3.0,37.5,8.0,8,1,1.000,1,12.500,Logos via Sports Logos.net / About logos,W,https://www.basketball-reference.com/boxscores/202202100GSW.html,Away,114,27:45,8,72.7,GSW,Stephen Curry,Juan Toscano-Anderson,5:33,Moses Moody,3:05,,,,,,,,,39:08,Jonathan Kuminga,36:22,Andrew Wiggins,35:39,Klay Thompson,29:34,Jordan Poole,26:29,Nemanja Bjelica,19:09,Kevon Looney,18:52,Damion Lee,17:02,Gary Payton II,9:04,114,3,7,6.0,85.7,0.0,0.0,1.0,14.3,Mitchell Robinson,2,0,2021-2022,0.0,0,11.0,NYK,116,Julius Randle,,,,,,,,,,,,,36:39,Quentin Grimes,31:03,Evan Fournier,30:50,Alec Burks,24:36,Kemba Walker,22:27,Taj Gibson,20:06,Cam Reddish,19:24,Immanuel Quickley,15:46,Obi Toppin,11:21
0,,0,0.000,0,,103,3,0,,1,1.000,1.0,100.0,1.0,1,0,,0,0.000,Logos via Sports Logos.net / About logos,L,https://www.basketball-reference.com/boxscores/202202120POR.html,Away,112,14:25,0,,POR,Anfernee Simons,,,,,,,,,,,,,37:04,Justise Winslow,37:04,Josh Hart,36:32,Jusuf Nurkić,33:17,Ben McLemore,30:34,CJ Elleby,23:21,Greg Brown III,16:29,Trendon Watford,14:43,Elijah Hughes,10:56,112,3,2,2.0,100.0,0.0,0.0,0.0,0.0,Mitchell Robinson,9,0,2021-2022,3.0,0,0.0,NYK,103,Julius Randle,Jericho Sims,5:33,,,,,,,,,,,40:32,Quentin Grimes,36:48,Evan Fournier,36:00,Taj Gibson,26:49,Kemba Walker,25:53,Alec Burks,20:43,Cam Reddish,14:26,Immanuel Quickley,10:50,Obi Toppin,8:00
0,,0,0.000,0,0.00,127,4,8,47.1,6,.667,6.0,66.7,9.0,9,2,.500,4,44.444,Logos via Sports Logos.net / About logos,L,https://www.basketball-reference.com/boxscores/202202140NYK.html,Home,123,40:32,9,52.9,OKC,Darius Bazley,Théo Maledon,6:54,Vit Krejci,5:14,,,,,,,,,39:34,Josh Giddey,38:44,Aaron Wiggins,33:50,Tre Mann,31:52,Kenrich Williams,27:05,Isaiah Roby,22:03,Derrick Favors,20:31,Aleksej Pokusevski,20:11,Ty Jerome,19:02,127,1,14,12.0,85.7,0.0,0.0,2.0,14.3,Mitchell Robinson,4,4,2021-2022,8.0,2,17.0,NYK,123,Julius Randle,,,,,,,,,,,,,44:55,Evan Fournier,44:33,Quentin Grimes,40:03,Alec Burks,27:09,Kemba Walker,25:51,Immanuel Quickley,13:59,Taj Gibson,12:23,Obi Toppin,8:05,Cam Reddish,7:30
0,,0,0.000,0,,111,3,5,71.4,1,.500,1.0,50.0,2.0,2,0,,0,0.000,Logos via Sports Logos.net / About logos,L,https://www.basketball-reference.com/boxscores/202202160NYK.html,Home,106,22:36,2,28.6,BRK,Patty Mills,Kessler Edwards,7:44,,,,,,,,,,,37:54,Seth Curry,35:59,James Johnson,31:49,Cam Thomas,29:40,Bruce Brown,27:04,Andre Drummond,22:35,LaMarcus Aldridge,21:45,Blake Griffin,14:43,Jevon Carter,10:47,111,5,2,2.0,100.0,0.0,0.0,0.0,0.0,Mitchell Robinson,5,2,2021-2022,5.0,0,7.0,NYK,106,Julius Randle,,,,,,,,,,,,,37:17,Quentin Grimes,32:07,Evan Fournier,31:01,Alec Burks,26:17,Taj Gibson,25:18,Immanuel Quickley,20:56,Kemba Walker,20:33,Cam Reddish,13:12,Obi Toppin,10:43
0,,0,0.000,0,0.00,115,1,8,88.9,0,.000,0.0,0.0,1.0,1,0,,0,0.000,Logos via Sports Logos.net / About logos,L,https://www.basketball-reference.com/boxscores/202202250NYK.html,Home,100,29:04,1,11.1,MIA,Kyle Lowry,Max Strus,6:51,,,,,,,,,,,35:35,Bam Adebayo,34:55,Jimmy Butler,33:37,P.J. Tucker,31:40,Tyler Herro,30:38,Gabe Vincent,23:39,Caleb Martin,16:20,Duncan Robinson,13:40,Omer Yurtseven,13:05,115,5,0,0.0,,0.0,,0.0,,Mitchell Robinson,15,1,2021-2022,2.0,3,9.0,NYK,100,RJ Barrett,Quentin Grimes,0:14,,,,,,,,,,,37:36,Evan Fournier,36:28,Julius Randle,35:41,Alec Burks,34:15,Jericho Sims,18:00,Immanuel Quickley,17:23,Cam Reddish,15:56,Obi Toppin,13:15,Miles McBride,2:08
0,,0,0.000,1,1.00,125,0,2,50.0,3,1.000,3.0,100.0,3.0,3,0,.000,1,33.333,Logos via Sports Logos.net / About logos,L,https://www.basketball-reference.com/boxscores/202202270NYK.html,Home,109,16:35,2,50.0,PHI,James Harden,Shake Milton,6:37,,,,,,,,,,,39:12,Tyrese Maxey,36:51,Joel Embiid,36:08,Tobias Harris,34:49,Matisse Thybulle,28:37,Georges Niang,17:55,Danny Green,14:34,Furkan Korkmaz,13:34,Paul Millsap,11:43,125,6,6,6.0,100.0,0.0,0.0,0.0,0.0,Mitchell Robinson,16,0,2021-2022,0.0,1,4.0,NYK,109,Julius Randle,,,,,,,,,,,,,37:43,RJ Barrett,37:40,Evan Fournier,36:35,Alec Burks,33:56,Immanuel Quickley,26:29,Jericho Sims,18:25,Cam Reddish,16:31,Obi Toppin,16:06,,
0,,0,0.000,0,,108,1,5,71.4,5,.833,5.0,83.3,6.0,6,0,.000,2,33.333,Logos via Sports Logos.net / About logos,L,https://www.basketball-reference.com/boxscores/202203020PHI.html,Away,123,21:21,2,28.6,PHI,James Harden,Furkan Korkmaz,4:46,Paul Reed,1:15,Willie Cauley-Stein,1:15,Isaiah Joe,1:15,,,,,35:42,Tyrese Maxey,35:31,Joel Embiid,34:46,Tobias Harris,29:15,Matisse Thybulle,24:54,Danny Green,20:19,Shake Milton,19:34,Georges Niang,19:29,Paul Millsap,11:59,123,4,10,10.0,100.0,0.0,0.0,0.0,0.0,Mitchell Robinson,15,0,2021-2022,1.0,0,7.0,NYK,108,RJ Barrett,Miles McBride,1:15,Ryan Arcidiacono,1:15,,,,,,,,,40:22,Julius Randle,32:54,Alec Burks,30:49,Evan Fournier,26:45,Cam Reddish,23:20,Immanuel Quickley,20:14,Obi Toppin,15:06,Taj Gibson,13:49,Jericho Sims,12:50
0,,0,0.000,1,1.00,114,3,6,40.0,8,1.000,8.0,100.0,8.0,8,1,.500,2,25.000,Logos via Sports Logos.net / About logos,L,https://www.basketball-reference.com/boxscores/202203040PHO.html,Away,115,36:52,9,60.0,PHO,Mikal Bridges,JaVale McGee,6:30,Ish Wainright,1:51,,,,,,,,,38:33,Deandre Ayton,34:12,Cameron Payne,32:21,Jae Crowder,30:14,Cameron Johnson,28:13,Landry Shamet,28:02,Torrey Craig,16:16,Aaron Holiday,15:24,Bismack Biyombo,8:22,115,3,17,16.0,94.1,0.0,0.0,1.0,5.9,Mitchell Robinson,1,4,2021-2022,7.0,1,15.0,NYK,114,RJ Barrett,,,,,,,,,,,,,43:47,Evan Fournier,35:49,Alec Burks,35:23,Julius Randle,28:08,Immanuel Quickley,26:51,Cam Reddish,14:08,Jericho Sims,11:08,Miles McBride,7:52,,
0,,0,0.000,0,0.00,116,2,3,27.3,6,.750,6.0,75.0,8.0,8,0,.000,6,75.000,Logos via Sports Logos.net / About logos,W,https://www.basketball-reference.com/boxscores/202203060LAC.html,Away,93,25:51,8,72.7,LAC,Terance Mann,Brandon Boston Jr.,8:53,Semi Ojeleye,8:53,Rodney Hood,8:53,,,,,,,31:51,Amir Coffey,30:42,Reggie Jackson,27:20,Luke Kennard,23:44,Marcus Morris,22:37,Isaiah Hartenstein,20:34,Nicolas Batum,19:22,Ivica Zubac,18:42,Robert Covington,18:29,93,0,12,12.0,100.0,0.0,0.0,0.0,0.0,Mitchell Robinson,23,1,2021-2022,3.0,1,11.0,NYK,116,RJ Barrett,,,,,,,,,,,,,32:51,Evan Fournier,29:22,Julius Randle,29:05,Immanuel Quickley,28:05,Alec Burks,26:18,Cam Reddish,25:00,Jericho Sims,19:33,Miles McBride,17:52,Ryan Arcidiacono,6:03
0,,0,,0,,131,0,0,,0,,0.0,,0.0,0,0,,0,,Logos via Sports Logos.net / About logos,W,https://www.basketball-reference.com/boxscores/202203070SAC.html,Away,115,1:40,0,,SAC,De'Aaron Fox,,,,,,,,,,,,,41:11,Harrison Barnes,37:50,Domantas Sabonis,36:43,Davion Mitchell,29:36,Justin Holiday,28:26,Donte DiVincenzo,26:43,Damian Jones,18:08,Trey Lyles,17:06,Josh Jackson,4:16,115,2,0,0.0,,0.0,,0.0,,Mitchell Robinson,16,0,2021-2022,0.0,0,0.0,NYK,131,RJ Barrett,Ryan Arcidiacono,1:23,,,,,,,,,,,36:48,Alec Burks,35:42,Julius Randle,33:44,Immanuel Quickley,31:00,Evan Fournier,26:40,Taj Gibson,25:44,Miles McBride,20:14,Cam Reddish,16:13,Jericho Sims,10:52
0,,0,0.000,0,0.00,107,3,6,54.5,4,1.000,4.0,100.0,4.0,4,3,.750,4,100.000,Logos via Sports Logos.net / About logos,W,https://www.basketball-reference.com/boxscores/202203090DAL.html,Away,77,23:46,5,45.5,DAL,Dorian Finney-Smith,Trey Burke,4:51,Sterling Brown,4:51,,,,,,,,,34:33,Luka Dončić,34:02,Reggie Bullock,29:35,Spencer Dinwiddie,28:19,Maxi Kleber,26:30,Jalen Brunson,25:19,Dwight Powell,21:27,Josh Green,17:58,Dāvis Bertāns,12:35,77,1,11,8.0,72.7,0.0,0.0,3.0,27.3,Mitchell Robinson,30,2,2021-2022,5.0,1,11.0,NYK,107,Alec Burks,,,,,,,,,,,,,38:51,RJ Barrett,37:47,Julius Randle,33:57,Immanuel Quickley,30:48,Evan Fournier,24:50,Miles McBride,21:52,Taj Gibson,18:43,Jericho Sims,5:31,Ryan Arcidiacono,3:55
0,,0,0.000,4,1.33,114,4,8,50.0,5,.625,5.0,62.5,8.0,8,0,.000,2,25.000,Logos via Sports Logos.net / About logos,L,https://www.basketball-reference.com/boxscores/202203110MEM.html,Away,118,33:40,8,50.0,MEM,Ja Morant,John Konchar,16:16,,,,,,,,,,,37:31,Desmond Bane,27:59,Jaren Jackson Jr.,27:02,Brandon Clarke,25:21,Steven Adams,24:51,Ziaire Williams,23:57,Tyus Jones,19:54,Kyle Anderson,18:46,De'Anthony Melton,18:23,118,5,10,10.0,100.0,0.0,0.0,0.0,0.0,Mitchell Robinson,4,3,2021-2022,7.0,3,16.0,NYK,114,Julius Randle,,,,,,,,,,,,,40:13,RJ Barrett,39:43,Alec Burks,35:01,Immanuel Quickley,30:31,Evan Fournier,29:00,Taj Gibson,15:21,Miles McBride,10:43,Jericho Sims,5:48,,
0,,0,0.000,1,1.00,107,4,0,0.0,3,.750,3.0,75.0,4.0,4,1,.500,2,50.000,Logos via Sports Logos.net / About logos,L,https://www.basketball-reference.com/boxscores/202203130BRK.html,Away,110,22:29,5,100.0,BRK,Kevin Durant,,,,,,,,,,,,,42:55,Bruce Brown,41:18,Goran Dragić,38:20,Patty Mills,31:04,James Johnson,30:32,Andre Drummond,26:32,Nic Claxton,21:26,Cam Thomas,7:52,Blake Griffin,0:01,110,4,7,6.0,85.7,0.0,0.0,1.0,14.3,Mitchell Robinson,3,0,2021-2022,4.0,1,5.0,NYK,107,RJ Barrett,,,,,,,,,,,,,41:31,Julius Randle,37:16,Alec Burks,35:45,Evan Fournier,33:42,Immanuel Quickley,25:26,Jericho Sims,23:04,Miles McBride,11:05,Obi Toppin,7:59,Taj Gibson,1:43
0,,0,0.000,0,0.00,98,5,4,66.7,3,1.000,3.0,100.0,3.0,3,1,.500,2,66.667,Logos via Sports Logos.net / About logos,W,https://www.basketball-reference.com/boxscores/202203160NYK.html,Home,128,24:06,2,33.3,POR,Trendon Watford,Greg Brown III,11:33,Elijah Hughes,4:50,Keljin Blevins,4:50,,,,,,,31:52,Drew Eubanks,29:35,Brandon Williams,28:57,Josh Hart,27:59,Kris Dunn,27:35,CJ Elleby,21:57,Justise Winslow,18:56,Keon Johnson,17:41,Ben McLemore,14:15,98,1,7,6.0,85.7,0.0,0.0,1.0,14.3,Mitchell Robinson,30,0,2021-2022,5.0,2,6.0,NYK,128,RJ Barrett,,,,,,,,,,,,,40:16,Julius Randle,33:48,Evan Fournier,27:52,Alec Burks,27:07,Immanuel Quickley,25:29,Jericho Sims,23:54,Miles McBride,19:38,Obi Toppin,14:12,Ryan Arcidiacono,3:38
0,,0,0.000,0,,97,0,2,16.7,6,.600,6.0,60.0,10.0,10,3,1.000,3,30.000,Logos via Sports Logos.net / About logos,W,https://www.basketball-reference.com/boxscores/202203180NYK.html,Home,100,30:43,10,83.3,WAS,Kentavious Caldwell-Pope,Tomáš Satoranský,9:45,,,,,,,,,,,37:07,Kyle Kuzma,35:03,Corey Kispert,29:07,Kristaps Porziņģis,28:54,Deni Avdija,24:37,Raul Neto,24:12,Rui Hachimura,20:30,Daniel Gafford,16:38,Ish Smith,14:07,97,3,15,12.0,80.0,0.0,0.0,3.0,20.0,Mitchell Robinson,3,0,2021-2022,0.0,0,12.0,NYK,100,RJ Barrett,,,,,,,,,,,,,39:50,Julius Randle,38:31,Evan Fournier,34:19,Immanuel Quickley,27:40,Alec Burks,27:34,Quentin Grimes,17:16,Jericho Sims,14:38,Obi Toppin,9:29,,
0,,0,0.000,2,,108,1,1,33.3,2,.667,2.0,66.7,3.0,3,0,,0,0.000,Logos via Sports Logos.net / About logos,L,https://www.basketball-reference.com/boxscores/202203200NYK.html,Home,93,25:32,2,66.7,UTA,Jordan Clarkson,,,,,,,,,,,,,38:55,Donovan Mitchell,36:59,Royce O'Neale,36:05,Rudy Gobert,33:05,Rudy Gay,25:54,Juancho Hernangómez,25:08,Nickeil Alexander-Walker,17:58,Hassan Whiteside,14:55,Jared Butler,11:01,108,1,4,4.0,100.0,0.0,0.0,0.0,0.0,Mitchell Robinson,15,1,2021-2022,2.0,0,3.0,NYK,93,RJ Barrett,,,,,,,,,,,,,43:08,Julius Randle,34:32,Alec Burks,34:15,Evan Fournier,28:13,Immanuel Quickley,22:47,Jericho Sims,21:20,Quentin Grimes,13:50,Obi Toppin,13:28,Miles McBride,2:55
0,,0,0.000,0,0.00,117,4,1,16.7,4,.667,4.0,66.7,6.0,6,1,.167,6,100.000,Logos via Sports Logos.net / About logos,L,https://www.basketball-reference.com/boxscores/202203220NYK.html,Home,111,34:32,5,83.3,ATL,Trae Young,,,,,,,,,,,,,39:34,Bogdan Bogdanović,34:20,Kevin Huerter,33:43,De'Andre Hunter,31:55,Danilo Gallinari,30:14,Clint Capela,28:45,Onyeka Okongwu,19:04,Delon Wright,17:01,Timothé Luwawu-Cabarrot,5:23,117,4,9,8.0,88.9,0.0,0.0,1.0,11.1,Mitchell Robinson,6,3,2021-2022,7.0,2,6.0,NYK,111,RJ Barrett,,,,,,,,,,,,,41:41,Alec Burks,35:56,Evan Fournier,25:46,Immanuel Quickley,24:37,Obi Toppin,23:52,Taj Gibson,19:53,Jericho Sims,13:28,Quentin Grimes,12:15,Miles McBride,8:00
0,,0,0.000,1,1.00,111,0,0,0.0,4,.800,4.0,80.0,5.0,5,3,.500,6,120.000,Logos via Sports Logos.net / About logos,W,https://www.basketball-reference.com/boxscores/202203250MIA.html,Away,103,19:29,6,100.0,MIA,Jimmy Butler,,,,,,,,,,,,,37:01,Kyle Lowry,36:00,Bam Adebayo,31:55,Max Strus,30:02,P.J. Tucker,28:04,Duncan Robinson,23:30,Caleb Martin,21:27,Dewayne Dedmon,16:05,Markieff Morris,15:56,103,1,11,8.0,72.7,0.0,0.0,3.0,27.3,Mitchell Robinson,8,1,2021-2022,1.0,1,6.0,NYK,111,RJ Barrett,,,,,,,,,,,,,33:52,Evan Fournier,29:16,Jericho Sims,27:49,Obi Toppin,26:24,Alec Burks,24:29,Immanuel Quickley,24:13,Taj Gibson,21:36,Miles McBride,17:12,Quentin Grimes,15:40
0,,0,0.000,1,0.50,104,5,5,55.6,1,.333,1.0,33.3,3.0,3,2,1.000,2,66.667,Logos via Sports Logos.net / About logos,W,https://www.basketball-reference.com/boxscores/202203270DET.html,Away,102,29:20,4,44.4,DET,Isaiah Stewart,Rodney McGruder,7:42,,,,,,,,,,,37:12,Cade Cunningham,36:51,Marvin Bagley III,35:06,Saddiq Bey,31:58,Killian Hayes,25:03,Cory Joseph,21:15,Kelly Olynyk,18:06,Braxton Key,13:29,Frank Jackson,13:18,102,4,4,2.0,50.0,0.0,0.0,2.0,50.0,Mitchell Robinson,2,1,2021-2022,6.0,2,9.0,NYK,104,RJ Barrett,,,,,,,,,,,,,36:25,Alec Burks,32:33,Immanuel Quickley,31:23,Julius Randle,31:18,Evan Fournier,26:53,Jericho Sims,18:40,Miles McBride,16:46,Obi Toppin,16:42,,
0,,0,0.000,2,,104,3,4,33.3,8,.889,8.0,88.9,9.0,9,0,.000,2,22.222,Logos via Sports Logos.net / About logos,W,https://www.basketball-reference.com/boxscores/202203280NYK.html,Home,109,34:32,8,66.7,CHI,DeMar DeRozan,,,,,,,,,,,,,41:19,Zach LaVine,36:13,Ayo Dosunmu,36:02,Nikola Vučević,33:40,Alex Caruso,30:17,Coby White,21:21,Tristan Thompson,14:18,Javonte Green,14:11,Patrick Williams,12:39,104,5,16,16.0,100.0,0.0,0.0,0.0,0.0,Mitchell Robinson,5,1,2021-2022,4.0,0,12.0,NYK,109,RJ Barrett,,,,,,,,,,,,,43:12,Alec Burks,41:43,Julius Randle,27:50,Immanuel Quickley,26:59,Evan Fournier,24:56,Obi Toppin,20:10,Jericho Sims,13:26,Miles McBride,7:12,,
0,,0,0.000,2,,125,1,2,20.0,2,.500,2.0,50.0,4.0,4,2,.500,4,100.000,Logos via Sports Logos.net / About logos,L,https://www.basketball-reference.com/boxscores/202203300NYK.html,Home,114,33:44,8,80.0,CHO,LaMelo Ball,Isaiah Thomas,4:11,,,,,,,,,,,36:40,Miles Bridges,33:55,P.J. Washington,33:36,Terry Rozier,33:20,Cody Martin,25:31,Mason Plumlee,23:56,Kelly Oubre Jr.,23:35,Montrezl Harrell,19:28,Jalen McDaniels,5:47,125,0,6,4.0,66.7,0.0,0.0,2.0,33.3,Mitchell Robinson,11,1,2021-2022,2.0,0,10.0,NYK,114,Alec Burks,,,,,,,,,,,,,40:59,RJ Barrett,38:07,Julius Randle,35:30,Evan Fournier,35:24,Immanuel Quickley,23:19,Obi Toppin,12:29,Jericho Sims,11:28,Miles McBride,8:58,,
0,,0,0.000,0,,119,3,1,50.0,2,1.000,2.0,100.0,2.0,2,3,.500,6,300.000,Logos via Sports Logos.net / About logos,L,https://www.basketball-reference.com/boxscores/202204020NYK.html,Home,101,28:33,1,50.0,CLE,Darius Garland,Ed Davis,2:24,Dylan Windler,2:24,,,,,,,,,36:18,Caris LeVert,36:01,Isaac Okoro,30:34,Moses Brown,30:02,Kevin Love,26:39,Lauri Markkanen,24:01,Lamar Stevens,23:18,Cedi Osman,18:30,Brandon Goodwin,9:49,119,2,7,4.0,57.1,0.0,0.0,3.0,42.9,Mitchell Robinson,18,1,2021-2022,4.0,0,2.0,NYK,101,RJ Barrett,,,,,,,,,,,,,34:19,Obi Toppin,30:42,Immanuel Quickley,29:43,Alec Burks,27:36,Evan Fournier,27:24,Taj Gibson,24:06,Ryan Arcidiacono,21:58,Jericho Sims,15:39,,
0,,0,0.000,0,0.00,118,5,6,60.0,6,.750,6.0,75.0,8.0,8,0,,0,0.000,Logos via Sports Logos.net / About logos,W,https://www.basketball-reference.com/boxscores/202204030ORL.html,Away,88,28:33,4,40.0,ORL,Ignas Brazdeikis,Cole Anthony,2:38,,,,,,,,,,,37:13,Devin Cannady,30:05,Mo Bamba,29:24,Moritz Wagner,28:42,R.J. Hampton,27:39,Terrence Ross,24:29,Markelle Fultz,21:56,Chuma Okeke,19:57,Robin Lopez,17:57,88,2,12,12.0,100.0,0.0,0.0,0.0,0.0,Mitchell Robinson,30,3,2021-2022,8.0,2,10.0,NYK,118,Obi Toppin,Ryan Arcidiacono,1:08,,,,,,,,,,,35:15,Immanuel Quickley,33:57,RJ Barrett,33:24,Alec Burks,32:38,Jericho Sims,19:27,Quentin Grimes,16:03,Evan Fournier,15:26,Taj Gibson,12:45,Miles McBride,11:24
0,,0,0.000,0,,112,2,0,0.0,2,.667,2.0,66.7,3.0,3,0,.000,1,33.333,Logos via Sports Logos.net / About logos,L,https://www.basketball-reference.com/boxscores/202210190MEM.html,Away,115,12:40,2,100.0,MEM,Santi Aldama,Jake LaRavia,12:32,,,,,,,,,,,38:59,Ja Morant,37:53,Desmond Bane,37:28,John Konchar,33:22,Steven Adams,32:32,Tyus Jones,24:58,Brandon Clarke,18:40,Xavier Tillman Sr.,15:49,David Roddy,12:46,115,5,4,4.0,100.0,0.0,0.0,0.0,0.0,Mitchell Robinson,3,0,2022-2023,2.0,0,2.0,NYK,112,Isaiah Hartenstein,,,,,,,,,,,,,40:14,RJ Barrett,37:36,Jalen Brunson,36:05,Julius Randle,34:55,Evan Fournier,32:59,Cam Reddish,28:02,Immanuel Quickley,16:55,Obi Toppin,13:29,Derrick Rose,12:03
0,,0,0.000,1,0.50,106,2,1,20.0,3,1.000,3.0,100.0,3.0,3,2,.500,4,133.333,Logos via Sports Logos.net / About logos,W,https://www.basketball-reference.com/boxscores/202210210NYK.html,Home,130,23:25,4,80.0,DET,Saddiq Bey,Kevin Knox,11:22,Braxton Key,4:39,Rodney McGruder,4:39,Buddy Boeheim,0:57,,,,,32:59,Cade Cunningham,32:27,Isaiah Stewart,30:20,Jaden Ivey,29:05,Bojan Bogdanović,26:02,Jalen Duren,22:40,Killian Hayes,17:31,Hamidou Diallo,15:01,Cory Joseph,12:18,106,2,8,6.0,75.0,0.0,0.0,2.0,25.0,Mitchell Robinson,24,0,2022-2023,2.0,2,5.0,NYK,130,Jalen Brunson,Miles McBride,3:25,Jericho Sims,3:25,Svi Mykhailiuk,1:49,Ryan Arcidiacono,1:49,Trevor Keels,0:57,,,28:22,RJ Barrett,27:36,Immanuel Quickley,27:06,Julius Randle,25:27,Isaiah Hartenstein,21:10,Obi Toppin,20:44,Evan Fournier,19:57,Cam Reddish,18:35,Derrick Rose,16:13
0,,0,0.000,0,,102,3,1,16.7,6,.857,6.0,85.7,7.0,7,2,.400,5,71.429,Logos via Sports Logos.net / About logos,W,https://www.basketball-reference.com/boxscores/202210240NYK.html,Home,115,29:41,5,83.3,ORL,Franz Wagner,R.J. Hampton,7:04,,,,,,,,,,,35:58,Wendell Carter Jr.,33:36,Paolo Banchero,33:35,Terrence Ross,32:35,Cole Anthony,29:28,Caleb Houstan,21:05,Bol Bol,20:16,Mo Bamba,14:00,Chuma Okeke,12:23,102,3,14,12.0,85.7,0.0,0.0,2.0,14.3,Mitchell Robinson,13,1,2022-2023,4.0,0,6.0,NYK,115,RJ Barrett,,,,,,,,,,,,,37:48,Julius Randle,34:07,Jalen Brunson,33:02,Evan Fournier,26:50,Immanuel Quickley,23:13,Isaiah Hartenstein,18:19,Cam Reddish,14:24,Obi Toppin,13:53,Derrick Rose,8:43
0,,0,0.000,1,,131,6,6,75.0,4,1.000,4.0,100.0,4.0,4,1,.500,2,50.000,Logos via Sports Logos.net / About logos,W,https://www.basketball-reference.com/boxscores/202210260NYK.html,Home,134,37:01,2,25.0,CHO,Gordon Hayward,JT Thor,8:57,Bryce McGowens,0:38,,,,,,,,,39:10,P.J. Washington,37:50,Dennis Smith Jr.,36:37,Kelly Oubre Jr.,35:12,Mason Plumlee,31:10,Jalen McDaniels,22:48,Nick Richards,19:05,James Bouknight,17:10,Théo Maledon,16:23,131,2,9,8.0,88.9,0.0,0.0,1.0,11.1,Mitchell Robinson,3,0,2022-2023,6.0,0,8.0,NYK,134,Jalen Brunson,,,,,,,,,,,,,40:35,Julius Randle,39:50,RJ Barrett,38:31,Cam Reddish,24:31,Evan Fournier,24:05,Immanuel Quickley,18:56,Isaiah Hartenstein,15:56,Obi Toppin,13:10,Derrick Rose,12:25
0,,0,0.000,1,,108,2,4,44.4,2,.400,2.0,40.0,5.0,5,1,.500,2,40.000,Logos via Sports Logos.net / About logos,L,https://www.basketball-reference.com/boxscores/202210280MIL.html,Away,119,20:24,5,55.6,MIL,Giannis Antetokounmpo,Wesley Matthews,4:14,,,,,,,,,,,38:55,Jevon Carter,33:28,Brook Lopez,33:25,Jrue Holiday,31:58,Grayson Allen,28:47,George Hill,26:37,Bobby Portis,25:15,Jordan Nwora,11:52,Serge Ibaka,5:29,119,5,5,4.0,80.0,0.0,0.0,1.0,20.0,Mitchell Robinson,11,0,2022-2023,2.0,0,9.0,NYK,108,RJ Barrett,Miles McBride,0:01,Jericho Sims,0:01,,,,,,,,,36:27,Jalen Brunson,33:08,Julius Randle,31:14,Immanuel Quickley,27:54,Isaiah Hartenstein,27:35,Evan Fournier,20:05,Obi Toppin,16:46,Derrick Rose,14:52,Cam Reddish,11:33
0,,0,0.000,2,1.00,108,0,1,14.3,2,.333,2.0,33.3,6.0,6,0,,0,0.000,Logos via Sports Logos.net / About logos,L,https://www.basketball-reference.com/boxscores/202210300CLE.html,Away,121,20:46,6,85.7,CLE,Donovan Mitchell,Robin Lopez,9:21,Mamadi Diakite,0:18,Lamar Stevens,0:18,,,,,,,37:10,Evan Mobley,34:15,Dean Wade,33:29,Caris LeVert,29:16,Jarrett Allen,25:49,Kevin Love,22:29,Isaac Okoro,21:33,Cedi Osman,15:12,Raul Neto,10:50,121,5,4,4.0,100.0,0.0,0.0,0.0,0.0,Mitchell Robinson,13,1,2022-2023,1.0,2,7.0,NYK,108,Jalen Brunson,,,,,,,,,,,,,33:57,Julius Randle,32:48,RJ Barrett,32:31,Evan Fournier,28:02,Isaiah Hartenstein,27:14,Immanuel Quickley,19:07,Cam Reddish,16:20,Obi Toppin,15:12,Derrick Rose,14:03
0,,0,0.000,2,2.00,112,3,9,75.0,4,.800,4.0,80.0,5.0,5,0,,0,0.000,Logos via Sports Logos.net / About logos,L,https://www.basketball-reference.com/boxscores/202211020NYK.html,Home,99,18:26,3,25.0,ATL,Dejounte Murray,AJ Griffin,9:16,Frank Kaminsky,1:07,Vit Krejci,1:07,Tyrese Martin,1:07,,,,,38:06,De'Andre Hunter,35:09,John Collins,30:54,Trae Young,27:52,Clint Capela,25:11,Aaron Holiday,24:27,Onyeka Okongwu,19:21,Justin Holiday,14:30,Jalen Johnson,11:53,112,4,8,8.0,100.0,0.0,0.0,0.0,0.0,Mitchell Robinson,13,1,2022-2023,4.0,1,12.0,NYK,99,RJ Barrett,Quentin Grimes,4:38,,,,,,,,,,,33:01,Jalen Brunson,31:00,Julius Randle,29:33,Immanuel Quickley,29:20,Isaiah Hartenstein,24:56,Evan Fournier,18:40,Obi Toppin,18:27,Derrick Rose,17:00,Cam Reddish,14:59
0,,0,,1,,106,0,1,50.0,0,,0.0,,0.0,0,0,,0,,Logos via Sports Logos.net / About logos,W,https://www.basketball-reference.com/boxscores/202211040PHI.html,Away,104,11:46,1,50.0,PHI,Tyrese Maxey,Furkan Korkmaz,11:29,,,,,,,,,,,39:03,Tobias Harris,37:27,De'Anthony Melton,30:17,Montrezl Harrell,29:05,P.J. Tucker,24:51,Georges Niang,19:05,Paul Reed,18:12,Shake Milton,17:28,Matisse Thybulle,13:03,104,3,0,0.0,,0.0,,0.0,,Mitchell Robinson,2,0,2022-2023,0.0,0,2.0,NYK,106,RJ Barrett,Derrick Rose,6:59,Jericho Sims,4:54,,,,,,,,,37:11,Julius Randle,36:37,Jalen Brunson,35:49,Immanuel Quickley,21:12,Isaiah Hartenstein,20:44,Obi Toppin,20:14,Cam Reddish,15:10,Quentin Grimes,15:01,Evan Fournier,14:23
0,,0,0.000,0,,95,2,4,100.0,1,.500,1.0,50.0,2.0,2,0,,0,0.000,Logos via Sports Logos.net / About logos,L,https://www.basketball-reference.com/boxscores/202211200PHO.html,Away,116,16:38,0,0.0,PHO,Mikal Bridges,Josh Okogie,13:20,,,,,,,,,,,32:38,Cameron Payne,32:05,Devin Booker,29:31,Deandre Ayton,26:48,Torrey Craig,25:09,Damion Lee,22:57,Bismack Biyombo,21:12,Ish Wainright,20:25,Duane Washington Jr.,15:55,116,1,2,2.0,100.0,0.0,0.0,0.0,0.0,Mitchell Robinson,21,1,2022-2023,3.0,0,4.0,NYK,95,Quentin Grimes,Derrick Rose,7:51,Ryan Arcidiacono,5:56,Svi Mykhailiuk,5:06,,,,,,,32:11,Jalen Brunson,29:17,Immanuel Quickley,28:00,RJ Barrett,26:51,Julius Randle,26:33,Obi Toppin,16:21,Jericho Sims,16:00,Isaiah Hartenstein,15:22,Miles McBride,13:54
0,,0,0.000,1,,129,0,2,100.0,1,1.000,1.0,100.0,1.0,1,1,.500,2,200.000,Logos via Sports Logos.net / About logos,W,https://www.basketball-reference.com/boxscores/202211210OKC.html,Away,119,13:10,0,0.0,OKC,Shai Gilgeous-Alexander,Aaron Wiggins,11:18,Mike Muscala,7:44,Lindy Waters III,7:38,Isaiah Joe,3:23,,,,,34:36,Josh Giddey,33:45,Luguentz Dort,31:43,Jalen Williams,26:12,Jeremiah Robinson-Earl,21:42,Darius Bazley,18:26,Kenrich Williams,17:03,Eugene Omoruyi,14:30,Tre Mann,12:00,119,2,3,2.0,66.7,0.0,0.0,1.0,33.3,Mitchell Robinson,10,1,2022-2023,1.0,0,2.0,NYK,129,RJ Barrett,,,,,,,,,,,,,37:29,Jalen Brunson,34:15,Quentin Grimes,33:24,Julius Randle,33:14,Immanuel Quickley,25:12,Obi Toppin,17:39,Isaiah Hartenstein,15:48,Jericho Sims,15:12,Miles McBride,14:37
0,,0,0.000,0,0.00,132,2,3,37.5,6,.857,6.0,85.7,7.0,7,0,.000,2,28.571,Logos via Sports Logos.net / About logos,L,https://www.basketball-reference.com/boxscores/202211250NYK.html,Home,129,23:05,5,62.5,POR,Anfernee Simons,,,,,,,,,,,,,46:58,Justise Winslow,46:23,Josh Hart,41:33,Jerami Grant,40:18,Jusuf Nurkić,37:46,Trendon Watford,21:04,Nassir Little,18:19,Shaedon Sharpe,12:39,,,132,6,12,12.0,100.0,0.0,0.0,0.0,0.0,Mitchell Robinson,3,0,2022-2023,2.0,1,8.0,NYK,129,RJ Barrett,,,,,,,,,,,,,44:02,Jalen Brunson,41:18,Julius Randle,38:31,Immanuel Quickley,32:25,Quentin Grimes,29:58,Isaiah Hartenstein,16:54,Obi Toppin,14:29,Jericho Sims,12:36,Miles McBride,11:42
0,,0,0.000,0,,127,5,3,42.9,6,.857,6.0,85.7,7.0,7,4,.571,7,100.000,Logos via Sports Logos.net / About logos,L,https://www.basketball-reference.com/boxscores/202211270NYK.html,Home,123,31:34,4,57.1,MEM,Ja Morant,David Roddy,12:33,,,,,,,,,,,35:14,Dillon Brooks,32:33,Steven Adams,31:20,Jaren Jackson Jr.,30:18,John Konchar,29:10,Tyus Jones,19:03,Santi Aldama,17:42,Brandon Clarke,16:47,Jake LaRavia,15:20,127,4,16,12.0,75.0,0.0,0.0,4.0,25.0,Mitchell Robinson,4,0,2022-2023,5.0,0,7.0,NYK,123,RJ Barrett,Miles McBride,0:43,,,,,,,,,,,35:44,Jalen Brunson,35:35,Julius Randle,34:36,Quentin Grimes,26:22,Cam Reddish,23:51,Isaiah Hartenstein,15:03,Obi Toppin,14:36,Derrick Rose,11:42,Immanuel Quickley,10:14
0,,0,0.000,2,1.00,140,1,8,61.5,3,.500,3.0,50.0,6.0,6,0,,0,0.000,Logos via Sports Logos.net / About logos,W,https://www.basketball-reference.com/boxscores/202211290DET.html,Away,110,26:14,5,38.5,DET,Jalen Duren,Alec Burks,14:46,Hamidou Diallo,14:34,Rodney McGruder,8:19,,,,,,,26:59,Isaiah Stewart,26:02,Killian Hayes,26:02,Marvin Bagley III,23:22,Isaiah Livers,23:10,Cory Joseph,21:58,Bojan Bogdanović,19:22,Saddiq Bey,18:23,Kevin Knox,17:03,110,1,6,6.0,100.0,0.0,0.0,0.0,0.0,Mitchell Robinson,30,2,2022-2023,3.0,2,13.0,NYK,140,Julius Randle,Jericho Sims,6:15,Miles McBride,5:14,Svi Mykhailiuk,2:49,Ryan Arcidiacono,1:56,,,,,30:57,Quentin Grimes,27:42,Derrick Rose,24:31,RJ Barrett,23:43,Immanuel Quickley,22:20,Jalen Brunson,18:15,Obi Toppin,18:13,Cam Reddish,17:28,Isaiah Hartenstein,14:20
0,,0,0.000,1,,109,1,9,45.0,7,.778,7.0,77.8,9.0,9,1,.500,2,22.222,Logos via Sports Logos.net / About logos,L,https://www.basketball-reference.com/boxscores/202211300NYK.html,Home,103,33:05,11,55.0,MIL,Giannis Antetokounmpo,A.J. Green,0:02,,,,,,,,,,,36:37,Jrue Holiday,34:26,Brook Lopez,34:17,Jevon Carter,31:52,Grayson Allen,30:24,Bobby Portis,25:22,Pat Connaughton,23:42,Wesley Matthews,12:57,George Hill,10:21,109,2,15,14.0,93.3,0.0,0.0,1.0,6.7,Mitchell Robinson,6,0,2022-2023,1.0,0,20.0,NYK,103,Julius Randle,,,,,,,,,,,,,38:48,Jalen Brunson,34:03,Quentin Grimes,33:34,RJ Barrett,33:20,Immanuel Quickley,18:10,Cam Reddish,14:26,Obi Toppin,13:56,Derrick Rose,10:38,Isaiah Hartenstein,10:00
0,,0,0.000,0,0.00,121,1,4,66.7,1,.500,1.0,50.0,2.0,2,0,.000,2,100.000,Logos via Sports Logos.net / About logos,L,https://www.basketball-reference.com/boxscores/202212030NYK.html,Home,100,22:37,2,33.3,DAL,Dorian Finney-Smith,Jaden Hardy,6:34,Frank Ntilikina,5:35,Theo Pinson,4:49,JaVale McGee,4:42,,,,,30:47,Spencer Dinwiddie,30:05,Luka Dončić,29:28,Tim Hardaway Jr.,27:42,Josh Green,27:20,Reggie Bullock,24:58,Maxi Kleber,22:39,Dwight Powell,17:34,Dāvis Bertāns,7:47,121,2,2,2.0,100.0,0.0,0.0,0.0,0.0,Mitchell Robinson,21,0,2022-2023,1.0,1,6.0,NYK,100,Julius Randle,Jericho Sims,8:27,Svi Mykhailiuk,7:15,Miles McBride,7:15,,,,,,,30:17,Immanuel Quickley,29:46,Quentin Grimes,29:28,Jalen Brunson,27:27,Obi Toppin,21:57,RJ Barrett,20:18,Derrick Rose,13:18,Isaiah Hartenstein,12:42,Cam Reddish,9:13
0,,0,0.000,0,0.00,81,1,8,72.7,2,1.000,2.0,100.0,2.0,2,1,.500,2,100.000,Logos via Sports Logos.net / About logos,W,https://www.basketball-reference.com/boxscores/202212040NYK.html,Home,92,33:33,3,27.3,CLE,Donovan Mitchell,Robin Lopez,2:38,,,,,,,,,,,39:41,Evan Mobley,39:00,Darius Garland,38:53,Cedi Osman,29:36,Lamar Stevens,26:59,Kevin Love,22:25,Caris LeVert,16:14,Isaac Okoro,13:07,Mamadi Diakite,11:26,81,3,5,4.0,80.0,0.0,0.0,1.0,20.0,Mitchell Robinson,11,3,2022-2023,4.0,1,11.0,NYK,92,Quentin Grimes,,,,,,,,,,,,,40:28,Julius Randle,35:08,Jalen Brunson,32:16,RJ Barrett,31:21,Immanuel Quickley,24:11,Miles McBride,15:44,Isaiah Hartenstein,14:20,Obi Toppin,12:58,,
0,,0,0.000,2,,89,0,1,10.0,4,1.000,4.0,100.0,4.0,4,0,,0,0.000,Logos via Sports Logos.net / About logos,W,https://www.basketball-reference.com/boxscores/202212070NYK.html,Home,113,25:53,9,90.0,ATL,Trae Young,Jalen Johnson,13:41,Frank Kaminsky,6:34,Dejounte Murray,3:34,,,,,,,30:03,Aaron Holiday,29:53,AJ Griffin,28:59,Bogdan Bogdanović,24:58,Onyeka Okongwu,24:21,Justin Holiday,23:55,Clint Capela,21:51,Jarrett Culver,17:49,Vit Krejci,14:22,89,0,8,8.0,100.0,0.0,0.0,0.0,0.0,Mitchell Robinson,24,0,2022-2023,0.0,0,10.0,NYK,113,RJ Barrett,Svi Mykhailiuk,3:36,,,,,,,,,,,36:11,Julius Randle,33:14,Quentin Grimes,31:10,Miles McBride,27:02,Jalen Brunson,26:00,Immanuel Quickley,25:21,Isaiah Hartenstein,19:01,Obi Toppin,7:32,Jericho Sims,5:00
0,,0,0.000,0,,121,3,6,46.2,3,.429,3.0,42.9,7.0,7,0,,0,0.000,Logos via Sports Logos.net / About logos,W,https://www.basketball-reference.com/boxscores/202212090CHO.html,Away,102,29:57,7,53.8,CHO,Kelly Oubre Jr.,James Bouknight,3:02,JT Thor,3:02,,,,,,,,,37:08,Terry Rozier,32:18,Bryce McGowens,30:03,Mason Plumlee,29:41,Théo Maledon,26:01,P.J. Washington,22:03,Jalen McDaniels,21:26,Kai Jones,19:59,Nick Richards,15:17,102,2,6,6.0,100.0,0.0,0.0,0.0,0.0,Mitchell Robinson,19,1,2022-2023,4.0,0,13.0,NYK,121,Julius Randle,,,,,,,,,,,,,35:33,RJ Barrett,34:55,Quentin Grimes,28:10,Immanuel Quickley,27:39,Jalen Brunson,27:28,Miles McBride,23:30,Isaiah Hartenstein,18:03,Jericho Sims,12:27,Svi Mykhailiuk,2:17
0,,0,0.000,0,0.00,99,2,5,55.6,5,1.000,5.0,100.0,5.0,5,2,1.000,2,40.000,Logos via Sports Logos.net / About logos,W,https://www.basketball-reference.com/boxscores/202212110NYK.html,Home,112,19:24,4,44.4,SAC,Kevin Huerter,Trey Lyles,8:43,KZ Okpala,4:03,,,,,,,,,39:22,Domantas Sabonis,39:01,Keegan Murray,34:54,Harrison Barnes,34:53,Davion Mitchell,24:33,Malik Monk,22:47,Matthew Dellavedova,13:23,Terence Davis,9:22,Chimezie Metu,8:59,99,6,12,10.0,83.3,0.0,0.0,2.0,16.7,Mitchell Robinson,13,0,2022-2023,2.0,2,9.0,NYK,112,RJ Barrett,,,,,,,,,,,,,44:05,Quentin Grimes,42:24,Julius Randle,27:09,Jalen Brunson,27:03,Isaiah Hartenstein,25:42,Immanuel Quickley,25:06,Miles McBride,20:57,Jericho Sims,8:10,,
0,,0,0.000,1,,128,2,4,40.0,4,.500,4.0,50.0,8.0,8,0,,0,0.000,Logos via Sports Logos.net / About logos,W,https://www.basketball-reference.com/boxscores/202212140CHI.html,Away,120,35:40,6,60.0,CHI,Zach LaVine,Javonte Green,10:00,,,,,,,,,,,41:07,Nikola Vučević,41:07,Patrick Williams,40:11,DeMar DeRozan,39:48,Alex Caruso,32:24,Coby White,27:33,Andre Drummond,11:53,Derrick Jones Jr.,10:53,Goran Dragić,10:04,120,2,8,8.0,100.0,0.0,0.0,0.0,0.0,Mitchell Robinson,8,0,2022-2023,2.0,0,10.0,NYK,128,Julius Randle,,,,,,,,,,,,,46:22,Jalen Brunson,39:24,Quentin Grimes,36:59,Immanuel Quickley,34:41,RJ Barrett,33:59,Isaiah Hartenstein,15:47,Miles McBride,13:57,Jericho Sims,8:11,,
0,,0,0.000,2,2.00,114,1,5,55.6,2,.667,2.0,66.7,3.0,3,2,1.000,2,66.667,Logos via Sports Logos.net / About logos,W,https://www.basketball-reference.com/boxscores/202212160CHI.html,Away,91,27:49,4,44.4,CHI,DeMar DeRozan,Andre Drummond,9:38,Derrick Jones Jr.,9:03,Tony Bradley,4:28,,,,,,,30:46,Zach LaVine,30:26,Patrick Williams,29:45,Nikola Vučević,29:19,Alex Caruso,25:08,Coby White,22:12,Javonte Green,18:15,Goran Dragić,16:19,Ayo Dosunmu,14:41,91,2,6,4.0,66.7,0.0,0.0,2.0,33.3,Mitchell Robinson,23,2,2022-2023,3.0,1,9.0,NYK,114,RJ Barrett,Svi Mykhailiuk,2:58,Ryan Arcidiacono,2:29,,,,,,,,,37:53,Julius Randle,36:02,Jalen Brunson,31:24,Quentin Grimes,28:53,Immanuel Quickley,26:12,Jericho Sims,15:32,Isaiah Hartenstein,13:39,Miles McBride,13:38,Derrick Rose,3:31
0,,0,0.000,1,1.00,109,4,8,61.5,4,.800,4.0,80.0,5.0,5,2,.500,4,80.000,Logos via Sports Logos.net / About logos,W,https://www.basketball-reference.com/boxscores/202212180IND.html,Away,106,31:50,5,38.5,IND,Myles Turner,Jalen Smith,10:55,Oshae Brissett,3:16,,,,,,,,,32:43,Tyrese Haliburton,31:47,Aaron Nesmith,31:08,Bennedict Mathurin,29:15,Buddy Hield,27:29,Andrew Nembhard,27:23,T.J. McConnell,16:13,Isaiah Jackson,15:17,Chris Duarte,14:32,106,3,10,8.0,80.0,0.0,0.0,2.0,20.0,Mitchell Robinson,3,1,2022-2023,5.0,1,13.0,NYK,109,RJ Barrett,,,,,,,,,,,,,42:11,Julius Randle,38:43,Jalen Brunson,34:52,Quentin Grimes,31:33,Immanuel Quickley,22:23,Isaiah Hartenstein,16:02,Miles McBride,13:08,Jericho Sims,9:17,,
0,,0,0.000,1,1.00,94,0,6,54.5,3,1.000,3.0,100.0,3.0,3,3,.750,4,133.333,Logos via Sports Logos.net / About logos,W,https://www.basketball-reference.com/boxscores/202212200NYK.html,Home,132,28:59,5,45.5,GSW,Moses Moody,Patrick Baldwin Jr.,7:40,Ryan Rollins,7:40,,,,,,,,,31:41,Jordan Poole,29:00,Jonathan Kuminga,26:52,Klay Thompson,26:26,Draymond Green,26:03,Ty Jerome,24:11,James Wiseman,22:05,Kevon Looney,20:50,Anthony Lamb,17:32,94,1,9,6.0,66.7,0.0,0.0,3.0,33.3,Mitchell Robinson,38,3,2022-2023,3.0,1,11.0,NYK,132,Quentin Grimes,Ryan Arcidiacono,3:29,,,,,,,,,,,31:40,RJ Barrett,31:07,Julius Randle,29:57,Jalen Brunson,29:40,Immanuel Quickley,22:34,Miles McBride,19:22,Isaiah Hartenstein,18:56,Jericho Sims,18:08,Svi Mykhailiuk,6:08
0,,0,0.000,1,,113,3,1,33.3,4,1.000,4.0,100.0,4.0,4,2,1.000,2,50.000,Logos via Sports Logos.net / About logos,L,https://www.basketball-reference.com/boxscores/202212210NYK.html,Home,106,25:09,2,66.7,TOR,Pascal Siakam,,,,,,,,,,,,,41:13,Fred VanVleet,40:14,OG Anunoby,36:06,Juancho Hernangómez,27:39,Scottie Barnes,26:48,Malachi Flynn,25:51,Thaddeus Young,23:54,Chris Boucher,12:45,Christian Koloko,5:30,113,2,10,8.0,80.0,0.0,0.0,2.0,20.0,Mitchell Robinson,7,0,2022-2023,3.0,0,3.0,NYK,106,RJ Barrett,,,,,,,,,,,,,45:37,Julius Randle,40:06,Jalen Brunson,39:29,Immanuel Quickley,34:38,Isaiah Hartenstein,22:51,Miles McBride,14:00,Jericho Sims,10:17,Derrick Rose,7:53,,
0,,0,0.000,1,,118,0,3,50.0,1,.333,1.0,33.3,3.0,3,0,,0,0.000,Logos via Sports Logos.net / About logos,L,https://www.basketball-reference.com/boxscores/202212230NYK.html,Home,117,28:51,3,50.0,CHI,Nikola Vučević,,,,,,,,,,,,,39:03,Zach LaVine,37:11,DeMar DeRozan,36:58,Patrick Williams,36:52,Ayo Dosunmu,32:43,Andre Drummond,20:04,Coby White,19:22,Goran Dragić,17:44,,,118,3,2,2.0,100.0,0.0,0.0,0.0,0.0,Mitchell Robinson,1,0,2022-2023,0.0,0,6.0,NYK,117,RJ Barrett,,,,,,,,,,,,,39:23,Julius Randle,38:21,Jalen Brunson,38:07,Quentin Grimes,35:30,Immanuel Quickley,21:07,Isaiah Hartenstein,19:09,Miles McBride,9:52,Jericho Sims,9:39,,
0,,0,0.000,4,4.00,119,3,9,56.2,4,.800,4.0,80.0,5.0,5,2,1.000,2,40.000,Logos via Sports Logos.net / About logos,L,https://www.basketball-reference.com/boxscores/202212250NYK.html,Home,112,30:50,7,43.8,PHI,James Harden,Matisse Thybulle,3:54,,,,,,,,,,,43:21,Tobias Harris,36:56,Joel Embiid,33:54,De'Anthony Melton,27:06,P.J. Tucker,23:55,Shake Milton,23:23,Georges Niang,22:56,Montrezl Harrell,14:06,Danuel House Jr.,10:28,119,3,10,8.0,80.0,0.0,0.0,2.0,20.0,Mitchell Robinson,7,1,2022-2023,4.0,1,16.0,NYK,112,RJ Barrett,,,,,,,,,,,,,42:56,Julius Randle,40:07,Quentin Grimes,38:43,Jalen Brunson,35:12,Immanuel Quickley,21:33,Isaiah Hartenstein,12:52,Jericho Sims,12:11,Miles McBride,5:35,,
0,,0,0.000,1,,121,0,9,56.2,8,.889,8.0,88.9,9.0,9,4,.500,8,88.889,Logos via Sports Logos.net / About logos,L,https://www.basketball-reference.com/boxscores/202212270DAL.html,Away,126,36:07,7,43.8,DAL,Luka Dončić,Kemba Walker,4:55,JaVale McGee,2:43,,,,,,,,,47:09,Spencer Dinwiddie,43:34,Tim Hardaway Jr.,42:26,Christian Wood,40:13,Dwight Powell,30:47,Reggie Bullock,26:06,Dāvis Bertāns,14:18,Frank Ntilikina,6:36,McKinley Wright IV,6:13,126,3,20,16.0,80.0,0.0,0.0,4.0,20.0,Mitchell Robinson,5,2,2022-2023,2.0,0,16.0,NYK,121,Immanuel Quickley,,,,,,,,,,,,,50:38,Quentin Grimes,48:20,Miles McBride,46:06,Julius Randle,44:49,Jericho Sims,13:27,Derrick Rose,12:25,Isaiah Hartenstein,11:32,RJ Barrett,1:36,,
0,,0,0.000,2,,115,1,3,50.0,0,.000,0.0,0.0,2.0,2,0,,0,0.000,Logos via Sports Logos.net / About logos,L,https://www.basketball-reference.com/boxscores/202212290SAS.html,Away,122,27:53,3,50.0,SAS,Tre Jones,Doug McDermott,16:18,Keita Bates-Diop,1:44,,,,,,,,,33:21,Keldon Johnson,31:46,Jakob Poeltl,28:33,Romeo Langford,28:13,Jeremy Sochan,27:13,Josh Richardson,19:12,Malaki Branham,19:12,Zach Collins,17:52,Stanley Johnson,16:36,122,3,0,0.0,,0.0,,0.0,,Mitchell Robinson,7,0,2022-2023,1.0,0,6.0,NYK,115,Immanuel Quickley,,,,,,,,,,,,,43:15,Julius Randle,42:50,Quentin Grimes,36:36,Miles McBride,31:02,Evan Fournier,16:58,Derrick Rose,16:09,Isaiah Hartenstein,14:45,Jericho Sims,10:32,,
0,,0,0.000,1,,108,3,6,50.0,2,.500,2.0,50.0,4.0,4,2,.500,4,100.000,Logos via Sports Logos.net / About logos,W,https://www.basketball-reference.com/boxscores/202212310HOU.html,Away,88,33:10,6,50.0,HOU,Kevin Porter Jr.,Garrison Mathews,12:25,Boban Marjanović,8:06,Josh Christopher,3:01,Daishen Nix,3:01,,,,,35:08,Jalen Green,34:55,Eric Gordon,27:10,Tari Eason,23:34,Bruno Fernando,21:26,KJ Martin,19:35,Jabari Smith Jr.,19:33,Usman Garuba,19:31,TyTy Washington Jr.,12:35,88,5,6,4.0,66.7,0.0,0.0,2.0,33.3,Mitchell Robinson,20,3,2022-2023,6.0,0,12.0,NYK,108,Immanuel Quickley,,,,,,,,,,,,,40:28,Julius Randle,38:35,Quentin Grimes,36:12,Miles McBride,34:41,Evan Fournier,19:42,Isaiah Hartenstein,14:50,Derrick Rose,10:54,Jericho Sims,9:25,Ryan Arcidiacono,2:03
0,,0,0.000,2,,83,1,6,60.0,5,.714,5.0,71.4,7.0,7,0,,0,0.000,Logos via Sports Logos.net / About logos,W,https://www.basketball-reference.com/boxscores/202301020NYK.html,Home,102,34:49,4,40.0,PHO,Mikal Bridges,Duane Washington Jr.,12:00,Dario Šarić,8:46,Josh Okogie,4:12,,,,,,,34:50,Chris Paul,30:12,Deandre Ayton,29:24,Landry Shamet,25:27,Torrey Craig,22:50,Damion Lee,19:31,Jock Landale,18:36,Cameron Payne,17:48,Ish Wainright,16:24,83,1,10,10.0,100.0,0.0,0.0,0.0,0.0,Mitchell Robinson,19,0,2022-2023,1.0,0,10.0,NYK,102,Julius Randle,Svi Mykhailiuk,0:28,,,,,,,,,,,39:54,Jalen Brunson,38:55,Quentin Grimes,35:53,Immanuel Quickley,35:47,Miles McBride,17:55,Evan Fournier,14:27,Isaiah Hartenstein,12:08,Jericho Sims,8:40,Ryan Arcidiacono,1:03
0,,0,0.000,0,,114,0,4,80.0,2,.667,2.0,66.7,3.0,3,0,,0,0.000,Logos via Sports Logos.net / About logos,W,https://www.basketball-reference.com/boxscores/202301040NYK.html,Home,117,13:29,1,20.0,SAS,Keldon Johnson,Romeo Langford,13:04,,,,,,,,,,,35:00,Jeremy Sochan,29:42,Josh Richardson,29:02,Tre Jones,26:22,Jakob Poeltl,26:01,Doug McDermott,23:28,Malaki Branham,22:51,Zach Collins,20:41,Stanley Johnson,13:47,114,5,4,4.0,100.0,0.0,0.0,0.0,0.0,Mitchell Robinson,3,0,2022-2023,0.0,0,5.0,NYK,117,Immanuel Quickley,,,,,,,,,,,,,45:32,Julius Randle,41:03,Jalen Brunson,40:23,Quentin Grimes,37:01,Jericho Sims,22:01,Isaiah Hartenstein,19:24,Evan Fournier,11:01,Miles McBride,10:04,,
0,,0,0.000,0,,112,2,10,55.6,4,.500,4.0,50.0,8.0,8,2,.500,4,50.000,Logos via Sports Logos.net / About logos,W,https://www.basketball-reference.com/boxscores/202301060TOR.html,Away,108,34:48,8,44.4,TOR,Gary Trent Jr.,Malachi Flynn,3:03,Jeff Dowtin,1:31,,,,,,,,,41:55,Fred VanVleet,40:45,OG Anunoby,40:07,Pascal Siakam,39:58,Scottie Barnes,35:35,Chris Boucher,15:30,Christian Koloko,12:47,Precious Achiuwa,4:34,Thaddeus Young,4:15,108,6,10,8.0,80.0,0.0,0.0,2.0,20.0,Mitchell Robinson,4,0,2022-2023,2.0,0,18.0,NYK,112,Julius Randle,,,,,,,,,,,,,39:44,Jalen Brunson,38:28,Immanuel Quickley,37:06,Quentin Grimes,35:54,Miles McBride,21:15,Isaiah Hartenstein,16:28,Evan Fournier,12:06,Jericho Sims,4:11,,
0,,0,0.000,3,3.00,111,1,5,62.5,1,.250,1.0,25.0,4.0,4,0,,0,0.000,Logos via Sports Logos.net / About logos,L,https://www.basketball-reference.com/boxscores/202301090NYK.html,Home,107,37:29,3,37.5,MIL,Giannis Antetokounmpo,,,,,,,,,,,,,36:25,Jrue Holiday,33:46,Brook Lopez,32:38,Pat Connaughton,31:24,Grayson Allen,28:34,Joe Ingles,28:07,Bobby Portis,19:18,Jevon Carter,18:32,MarJon Beauchamp,11:16,111,3,2,2.0,100.0,0.0,0.0,0.0,0.0,Mitchell Robinson,4,2,2022-2023,3.0,1,8.0,NYK,107,Immanuel Quickley,,,,,,,,,,,,,42:57,Julius Randle,39:46,Jalen Brunson,38:39,Quentin Grimes,33:31,Evan Fournier,14:37,Miles McBride,14:24,Isaiah Hartenstein,10:23,Obi Toppin,8:14,,
0,,0,0.000,1,,113,2,4,44.4,3,.750,3.0,75.0,4.0,4,4,.667,6,150.000,Logos via Sports Logos.net / About logos,W,https://www.basketball-reference.com/boxscores/202301110NYK.html,Home,119,37:31,5,55.6,IND,Andrew Nembhard,James Johnson,12:58,Terry Taylor,3:34,,,,,,,,,34:18,Buddy Hield,32:10,Bennedict Mathurin,27:47,Tyrese Haliburton,27:11,T.J. McConnell,26:02,Jalen Smith,24:58,Isaiah Jackson,19:11,Chris Duarte,16:50,Goga Bitadze,15:01,113,2,10,6.0,60.0,0.0,0.0,4.0,40.0,Mitchell Robinson,6,5,2022-2023,7.0,0,9.0,NYK,119,Jalen Brunson,,,,,,,,,,,,,41:38,RJ Barrett,40:51,Julius Randle,38:33,Quentin Grimes,30:25,Immanuel Quickley,25:59,Obi Toppin,9:27,Isaiah Hartenstein,9:14,Miles McBride,6:22,,
0,,0,0.000,0,,112,3,5,50.0,2,.500,2.0,50.0,4.0,4,0,.000,2,50.000,Logos via Sports Logos.net / About logos,W,https://www.basketball-reference.com/boxscores/202301130WAS.html,Away,108,28:24,5,50.0,WAS,Kyle Kuzma,,,,,,,,,,,,,40:05,Corey Kispert,36:11,Kristaps Porziņģis,34:32,Deni Avdija,25:58,Jordan Goodwin,25:49,Rui Hachimura,24:41,Delon Wright,24:33,Daniel Gafford,16:40,Taj Gibson,11:29,108,6,4,4.0,100.0,0.0,0.0,0.0,0.0,Mitchell Robinson,4,0,2022-2023,3.0,0,10.0,NYK,112,Jalen Brunson,,,,,,,,,,,,,40:23,Julius Randle,35:48,Quentin Grimes,32:37,Immanuel Quickley,32:15,RJ Barrett,32:07,Isaiah Hartenstein,18:36,Obi Toppin,12:12,Miles McBride,7:37,,
0,,0,0.000,0,,117,3,6,50.0,2,.333,2.0,33.3,6.0,6,0,,0,0.000,Logos via Sports Logos.net / About logos,W,https://www.basketball-reference.com/boxscores/202301150DET.html,Away,104,34:07,6,50.0,DET,Isaiah Livers,,,,,,,,,,,,,39:10,Jaden Ivey,37:17,Saddiq Bey,36:02,Killian Hayes,34:43,Isaiah Stewart,29:15,Alec Burks,21:14,Kevin Knox,19:15,Hamidou Diallo,18:31,Rodney McGruder,4:33,104,1,4,4.0,100.0,0.0,0.0,0.0,0.0,Mitchell Robinson,13,2,2022-2023,5.0,0,12.0,NYK,117,Jalen Brunson,,,,,,,,,,,,,42:12,Julius Randle,40:08,Quentin Grimes,37:27,Immanuel Quickley,34:06,RJ Barrett,26:32,Isaiah Hartenstein,11:31,Obi Toppin,9:24,Miles McBride,4:33,,
0,,0,0.000,2,2.00,123,1,3,37.5,5,.625,5.0,62.5,8.0,8,1,.500,2,25.000,Logos via Sports Logos.net / About logos,L,https://www.basketball-reference.com/boxscores/202301160NYK.html,Home,121,36:41,5,62.5,TOR,Pascal Siakam,,,,,,,,,,,,,46:05,Fred VanVleet,44:53,Scottie Barnes,44:49,Gary Trent Jr.,41:43,OG Anunoby,39:45,Precious Achiuwa,20:23,Chris Boucher,17:39,Juancho Hernangómez,7:09,Malachi Flynn,2:34,123,2,11,10.0,90.9,0.0,0.0,1.0,9.1,Mitchell Robinson,2,0,2022-2023,1.0,1,8.0,NYK,121,RJ Barrett,,,,,,,,,,,,,49:09,Jalen Brunson,43:19,Julius Randle,42:00,Quentin Grimes,39:35,Immanuel Quickley,21:14,Isaiah Hartenstein,15:55,Obi Toppin,11:00,Miles McBride,6:07,,
0,,0,,0,,116,2,0,0.0,0,,0.0,,0.0,0,0,.000,4,,Logos via Sports Logos.net / About logos,L,https://www.basketball-reference.com/boxscores/202301180NYK.html,Home,105,9:04,2,100.0,WAS,Kyle Kuzma,Taj Gibson,8:31,,,,,,,,,,,36:22,Kristaps Porziņģis,32:52,Monte Morris,30:46,Deni Avdija,29:04,Bradley Beal,28:39,Delon Wright,21:52,Rui Hachimura,19:44,Daniel Gafford,17:24,Corey Kispert,14:46,116,0,0,0.0,,0.0,,0.0,,Mitchell Robinson,11,2,2022-2023,4.0,0,2.0,NYK,105,Jalen Brunson,,,,,,,,,,,,,37:55,RJ Barrett,37:43,Julius Randle,34:04,Immanuel Quickley,31:43,Quentin Grimes,31:18,Jericho Sims,20:55,Obi Toppin,13:56,Isaiah Hartenstein,12:49,Miles McBride,10:33
0,,0,0.000,0,,115,1,8,66.7,5,.833,5.0,83.3,6.0,6,0,,0,0.000,Logos via Sports Logos.net / About logos,W,https://www.basketball-reference.com/boxscores/202302240WAS.html,Away,109,27:54,4,33.3,WAS,Kyle Kuzma,Kendrick Nunn,9:59,,,,,,,,,,,40:52,Bradley Beal,35:27,Kristaps Porziņģis,35:19,Monte Morris,27:07,Deni Avdija,26:53,Delon Wright,20:52,Corey Kispert,17:59,Taj Gibson,13:17,Daniel Gafford,12:15,109,4,10,10.0,100.0,0.0,0.0,0.0,0.0,Mitchell Robinson,6,1,2022-2023,2.0,0,12.0,NYK,115,Jalen Brunson,,,,,,,,,,,,,38:45,Julius Randle,36:11,Immanuel Quickley,29:38,RJ Barrett,27:36,Josh Hart,27:25,Quentin Grimes,20:46,Isaiah Hartenstein,19:56,Obi Toppin,11:49,,
0,,0,0.000,0,0.00,106,1,10,76.9,5,1.000,5.0,100.0,5.0,5,1,.500,2,40.000,Logos via Sports Logos.net / About logos,W,https://www.basketball-reference.com/boxscores/202302250NYK.html,Home,128,28:03,3,23.1,NOP,Brandon Ingram,Larry Nance Jr.,4:41,Kira Lewis Jr.,4:07,Dyson Daniels,4:07,Jaxson Hayes,4:07,Garrett Temple,4:07,,,36:06,CJ McCollum,33:52,Josh Richardson,33:43,Jonas Valančiūnas,32:16,Trey Murphy III,27:27,Jose Alvarado,15:52,Naji Marshall,15:06,Herbert Jones,13:26,Willy Hernangómez,11:03,106,4,11,10.0,90.9,0.0,0.0,1.0,9.1,Mitchell Robinson,22,0,2022-2023,1.0,2,13.0,NYK,128,Julius Randle,Miles McBride,4:02,Derrick Rose,2:21,,,,,,,,,32:36,Jalen Brunson,31:34,RJ Barrett,28:52,Immanuel Quickley,26:35,Josh Hart,25:31,Quentin Grimes,21:50,Isaiah Hartenstein,19:05,Obi Toppin,15:24,Jericho Sims,4:07
0,,0,0.000,0,0.00,94,2,11,84.6,5,1.000,5.0,100.0,5.0,5,0,.000,4,80.000,Logos via Sports Logos.net / About logos,W,https://www.basketball-reference.com/boxscores/202302270NYK.html,Home,109,31:41,2,15.4,BOS,Jayson Tatum,Blake Griffin,5:36,Luke Kornet,2:36,Payton Pritchard,2:00,,,,,,,36:41,Marcus Smart,33:35,Derrick White,31:38,Robert Williams,28:56,Al Horford,27:53,Malcolm Brogdon,27:31,Grant Williams,16:09,Sam Hauser,15:56,Mike Muscala,11:29,94,1,10,10.0,100.0,0.0,0.0,0.0,0.0,Mitchell Robinson,15,2,2022-2023,4.0,1,13.0,NYK,109,Jalen Brunson,,,,,,,,,,,,,39:32,Julius Randle,35:53,Immanuel Quickley,30:33,Josh Hart,26:45,RJ Barrett,25:48,Quentin Grimes,21:22,Isaiah Hartenstein,16:16,Obi Toppin,12:07,Miles McBride,0:03
0,,0,0.000,1,,118,1,7,70.0,6,1.000,6.0,100.0,6.0,6,1,.333,3,50.000,Logos via Sports Logos.net / About logos,W,https://www.basketball-reference.com/boxscores/202303010NYK.html,Home,142,25:37,3,30.0,BRK,Mikal Bridges,Joe Harris,13:47,Patty Mills,5:33,,,,,,,,,29:37,Spencer Dinwiddie,29:26,Cameron Johnson,27:27,Cam Thomas,24:10,Royce O'Neale,23:40,Seth Curry,23:10,Nic Claxton,22:57,Day'Ron Sharpe,21:31,Dorian Finney-Smith,18:42,118,2,13,12.0,92.3,0.0,0.0,1.0,7.7,Mitchell Robinson,24,1,2022-2023,2.0,0,10.0,NYK,142,Jalen Brunson,Miles McBride,2:56,Jericho Sims,2:56,,,,,,,,,36:12,Julius Randle,35:04,RJ Barrett,27:30,Quentin Grimes,26:15,Josh Hart,25:56,Immanuel Quickley,22:13,Isaiah Hartenstein,19:27,Obi Toppin,12:56,Trevor Keels,2:56
0,,0,0.000,0,0.00,122,1,3,60.0,1,1.000,1.0,100.0,1.0,1,0,,0,0.000,Logos via Sports Logos.net / About logos,W,https://www.basketball-reference.com/boxscores/202303030MIA.html,Away,120,32:37,2,40.0,MIA,Tyler Herro,,,,,,,,,,,,,39:04,Bam Adebayo,38:30,Jimmy Butler,33:00,Gabe Vincent,26:46,Victor Oladipo,25:46,Caleb Martin,25:22,Kevin Love,23:23,Max Strus,18:39,Cody Zeller,9:30,120,4,2,2.0,100.0,0.0,0.0,0.0,0.0,Mitchell Robinson,2,2,2022-2023,3.0,1,5.0,NYK,122,Julius Randle,,,,,,,,,,,,,35:47,Jalen Brunson,34:53,Josh Hart,32:39,RJ Barrett,29:01,Quentin Grimes,25:08,Immanuel Quickley,22:27,Isaiah Hartenstein,15:15,Obi Toppin,12:13,,
0,,0,0.000,0,0.00,131,0,7,50.0,5,.625,5.0,62.5,8.0,8,3,.500,6,75.000,Logos via Sports Logos.net / About logos,W,https://www.basketball-reference.com/boxscores/202303050BOS.html,Away,129,43:57,7,50.0,BOS,Jayson Tatum,,,,,,,,,,,,,48:57,Jaylen Brown,47:23,Al Horford,45:44,Grant Williams,44:29,Marcus Smart,39:16,Derrick White,32:14,Sam Hauser,19:40,Mike Muscala,12:16,,,129,3,13,10.0,76.9,0.0,0.0,3.0,23.1,Mitchell Robinson,2,1,2022-2023,1.0,3,14.0,NYK,131,Immanuel Quickley,,,,,,,,,,,,,55:06,RJ Barrett,50:08,Julius Randle,46:31,Josh Hart,39:46,Quentin Grimes,25:07,Obi Toppin,11:29,Isaiah Hartenstein,9:33,Miles McBride,8:21,,
0,,0,0.000,0,0.00,112,1,5,62.5,7,.875,7.0,87.5,8.0,8,0,,0,0.000,Logos via Sports Logos.net / About logos,L,https://www.basketball-reference.com/boxscores/202303070NYK.html,Home,105,31:41,3,37.5,CHO,Terry Rozier,,,,,,,,,,,,,38:24,Gordon Hayward,36:29,Kelly Oubre Jr.,35:34,P.J. Washington,29:57,Mark Williams,27:53,Dennis Smith Jr.,23:41,Nick Richards,19:09,Bryce McGowens,18:57,JT Thor,9:56,112,3,14,14.0,100.0,0.0,0.0,0.0,0.0,Mitchell Robinson,7,1,2022-2023,2.0,2,8.0,NYK,105,Julius Randle,,,,,,,,,,,,,35:11,Immanuel Quickley,35:11,RJ Barrett,35:08,Josh Hart,32:51,Quentin Grimes,28:59,Isaiah Hartenstein,15:21,Miles McBride,12:49,Obi Toppin,12:49,,
0,,0,0.000,1,,117,0,2,25.0,4,.667,4.0,66.7,6.0,6,1,.500,2,33.333,Logos via Sports Logos.net / About logos,L,https://www.basketball-reference.com/boxscores/202303090SAC.html,Away,122,19:33,6,75.0,SAC,Harrison Barnes,Terence Davis,5:24,Kessler Edwards,0:16,,,,,,,,,38:18,Domantas Sabonis,36:58,Kevin Huerter,31:39,De'Aaron Fox,30:46,Keegan Murray,25:48,Trey Lyles,24:33,Malik Monk,19:57,Davion Mitchell,19:19,Chimezie Metu,7:02,122,4,9,8.0,88.9,0.0,0.0,1.0,11.1,Mitchell Robinson,5,0,2022-2023,0.0,0,8.0,NYK,117,Julius Randle,,,,,,,,,,,,,36:17,RJ Barrett,32:59,Josh Hart,32:06,Quentin Grimes,28:57,Immanuel Quickley,27:24,Isaiah Hartenstein,24:48,Jalen Brunson,19:25,Obi Toppin,11:43,Miles McBride,6:48
0,,0,0.000,1,1.00,95,2,6,42.9,2,.250,2.0,25.0,8.0,8,2,1.000,2,25.000,Logos via Sports Logos.net / About logos,L,https://www.basketball-reference.com/boxscores/202303110LAC.html,Away,106,28:01,8,57.1,LAC,Paul George,Amir Coffey,0:40,,,,,,,,,,,40:14,Kawhi Leonard,36:48,Marcus Morris,30:33,Ivica Zubac,27:20,Eric Gordon,25:49,Russell Westbrook,22:57,Mason Plumlee,20:40,Terance Mann,18:42,Nicolas Batum,16:17,106,0,6,4.0,66.7,0.0,0.0,2.0,33.3,Mitchell Robinson,11,1,2022-2023,3.0,1,14.0,NYK,95,Immanuel Quickley,,,,,,,,,,,,,42:08,Julius Randle,34:40,Quentin Grimes,34:08,Josh Hart,32:16,RJ Barrett,30:16,Isaiah Hartenstein,19:19,Obi Toppin,13:20,Miles McBride,5:52,,
0,,0,0.000,0,0.00,112,1,1,20.0,2,.500,2.0,50.0,4.0,4,0,,0,0.000,Logos via Sports Logos.net / About logos,W,https://www.basketball-reference.com/boxscores/202303120LAL.html,Away,108,24:16,4,80.0,LAL,Anthony Davis,,,,,,,,,,,,,37:14,D'Angelo Russell,35:16,Troy Brown Jr.,28:17,Rui Hachimura,27:25,Dennis Schröder,26:00,Malik Beasley,25:41,Austin Reaves,25:15,Jarred Vanderbilt,24:05,Wenyen Gabriel,10:46,108,2,4,4.0,100.0,0.0,0.0,0.0,0.0,Mitchell Robinson,4,1,2022-2023,2.0,1,5.0,NYK,112,RJ Barrett,,,,,,,,,,,,,38:30,Julius Randle,35:46,Josh Hart,32:25,Immanuel Quickley,31:28,Quentin Grimes,25:05,Isaiah Hartenstein,23:44,Miles McBride,16:32,Obi Toppin,12:14,,
0,,0,0.000,0,,123,1,2,50.0,1,.500,1.0,50.0,2.0,2,0,.000,2,100.000,Logos via Sports Logos.net / About logos,W,https://www.basketball-reference.com/boxscores/202303140POR.html,Away,107,21:27,2,50.0,POR,Trendon Watford,Keon Johnson,1:50,Jabari Walker,1:50,Kevin Knox,1:50,,,,,,,40:06,Damian Lillard,39:02,Matisse Thybulle,38:09,Anfernee Simons,34:25,Jusuf Nurkić,28:10,Cam Reddish,19:19,Drew Eubanks,18:00,Nassir Little,9:51,Shaedon Sharpe,7:28,107,0,2,2.0,100.0,0.0,0.0,0.0,0.0,Mitchell Robinson,16,1,2022-2023,2.0,0,4.0,NYK,123,Josh Hart,,,,,,,,,,,,,37:23,Immanuel Quickley,33:57,Julius Randle,33:50,RJ Barrett,27:59,Isaiah Hartenstein,26:33,Miles McBride,24:31,Quentin Grimes,20:10,Obi Toppin,14:10,,
0,,0,0.000,3,3.00,110,1,2,22.2,3,.750,3.0,75.0,4.0,4,2,1.000,2,50.000,Logos via Sports Logos.net / About logos,W,https://www.basketball-reference.com/boxscores/202303180NYK.html,Home,116,26:27,7,77.8,DEN,Kentavious Caldwell-Pope,,,,,,,,,,,,,37:15,Nikola Jokić,36:51,Jamal Murray,34:45,Aaron Gordon,31:13,Michael Porter Jr.,30:12,Bruce Brown,27:55,Jeff Green,18:59,Christian Braun,13:53,Thomas Bryant,8:57,110,2,8,6.0,75.0,0.0,0.0,2.0,25.0,Mitchell Robinson,6,1,2022-2023,2.0,1,9.0,NYK,116,Julius Randle,,,,,,,,,,,,,36:19,RJ Barrett,34:27,Josh Hart,31:59,Jalen Brunson,31:49,Immanuel Quickley,25:40,Isaiah Hartenstein,21:33,Quentin Grimes,20:05,Obi Toppin,11:41,,
0,,0,0.000,0,0.00,140,2,6,66.7,0,.000,0.0,0.0,1.0,1,0,,0,0.000,Logos via Sports Logos.net / About logos,L,https://www.basketball-reference.com/boxscores/202303200NYK.html,Home,134,27:51,3,33.3,MIN,Rudy Gobert,Austin Rivers,3:29,,,,,,,,,,,37:19,Kyle Anderson,34:05,Mike Conley,32:15,Taurean Prince,32:09,Jaden McDaniels,25:33,Jaylen Nowell,20:29,Naz Reid,19:32,Nickeil Alexander-Walker,19:07,Jordan McLaughlin,16:02,140,1,0,0.0,,0.0,,0.0,,Mitchell Robinson,6,2,2022-2023,4.0,2,9.0,NYK,134,Julius Randle,,,,,,,,,,,,,36:53,Jalen Brunson,36:43,Josh Hart,31:24,Immanuel Quickley,28:15,RJ Barrett,26:57,Quentin Grimes,20:41,Isaiah Hartenstein,20:09,Obi Toppin,11:07,,
0,,0,0.000,1,,120,3,4,50.0,4,1.000,4.0,100.0,4.0,4,2,.500,4,100.000,Logos via Sports Logos.net / About logos,L,https://www.basketball-reference.com/boxscores/202303220MIA.html,Away,127,24:51,4,50.0,MIA,Bam Adebayo,,,,,,,,,,,,,39:30,Jimmy Butler,37:00,Max Strus,32:29,Tyler Herro,32:06,Gabe Vincent,24:46,Kyle Lowry,23:45,Kevin Love,23:15,Caleb Martin,23:01,Haywood Highsmith,4:05,127,5,10,8.0,80.0,0.0,0.0,2.0,20.0,Mitchell Robinson,7,0,2022-2023,3.0,0,8.0,NYK,120,Jalen Brunson,,,,,,,,,,,,,37:26,Julius Randle,35:59,RJ Barrett,35:54,Josh Hart,29:33,Quentin Grimes,25:38,Isaiah Hartenstein,19:21,Immanuel Quickley,18:50,Obi Toppin,12:01,Miles McBride,0:25
0,,0,0.000,0,0.00,106,3,6,50.0,1,1.000,1.0,100.0,1.0,1,0,,0,0.000,Logos via Sports Logos.net / About logos,L,https://www.basketball-reference.com/boxscores/202303230ORL.html,Away,111,30:38,6,50.0,ORL,Markelle Fultz,,,,,,,,,,,,,34:14,Paolo Banchero,34:09,Franz Wagner,31:37,Wendell Carter Jr.,30:44,Gary Harris,27:11,Cole Anthony,26:08,Caleb Houstan,24:50,Moritz Wagner,17:16,Goga Bitadze,13:51,111,0,2,2.0,100.0,0.0,0.0,0.0,0.0,Mitchell Robinson,5,1,2022-2023,4.0,2,12.0,NYK,106,Immanuel Quickley,,,,,,,,,,,,,41:47,Quentin Grimes,38:25,Julius Randle,35:38,RJ Barrett,29:45,Josh Hart,29:16,Isaiah Hartenstein,15:56,Obi Toppin,12:22,Miles McBride,6:13,,
0,,0,0.000,0,,115,3,5,83.3,1,1.000,1.0,100.0,1.0,1,1,.500,2,200.000,Logos via Sports Logos.net / About logos,W,https://www.basketball-reference.com/boxscores/202303270NYK.html,Home,137,19:42,1,16.7,HOU,Kevin Porter Jr.,Boban Marjanović,10:55,,,,,,,,,,,34:42,Jalen Green,34:42,KJ Martin,32:47,Jabari Smith Jr.,29:44,Alperen Sengun,28:23,Tari Eason,27:59,Usman Garuba,14:11,Josh Christopher,13:18,Daishen Nix,13:18,115,3,3,2.0,66.7,0.0,0.0,1.0,33.3,Mitchell Robinson,22,0,2022-2023,3.0,0,6.0,NYK,137,Quentin Grimes,Trevor Keels,4:09,,,,,,,,,,,37:42,Immanuel Quickley,30:19,RJ Barrett,29:26,Julius Randle,28:16,Josh Hart,24:41,Isaiah Hartenstein,24:06,Obi Toppin,19:44,Miles McBride,17:43,Jericho Sims,4:11
0,,0,0.000,1,1.00,92,1,3,50.0,1,.333,1.0,33.3,3.0,3,0,,0,0.000,Logos via Sports Logos.net / About logos,W,https://www.basketball-reference.com/boxscores/202303290NYK.html,Home,101,19:03,3,50.0,MIA,Tyler Herro,Max Strus,2:53,,,,,,,,,,,35:33,Bam Adebayo,35:24,Jimmy Butler,34:41,Gabe Vincent,31:03,Duncan Robinson,27:53,Caleb Martin,25:09,Victor Oladipo,18:33,Kevin Love,16:14,Cody Zeller,12:36,92,1,2,2.0,100.0,0.0,0.0,0.0,0.0,Mitchell Robinson,9,0,2022-2023,1.0,1,6.0,NYK,101,Quentin Grimes,,,,,,,,,,,,,36:00,RJ Barrett,33:44,Immanuel Quickley,31:46,Jalen Brunson,30:08,Isaiah Hartenstein,28:57,Josh Hart,28:36,Obi Toppin,17:04,Julius Randle,14:42,,
0,,0,0.000,1,1.00,130,2,5,35.7,4,.800,4.0,80.0,5.0,5,2,.667,3,60.000,Logos via Sports Logos.net / About logos,W,https://www.basketball-reference.com/boxscores/202303310CLE.html,Away,116,22:15,9,64.3,CLE,Evan Mobley,Robin Lopez,6:56,,,,,,,,,,,41:04,Donovan Mitchell,39:51,Darius Garland,37:56,Caris LeVert,37:00,Lamar Stevens,24:29,Cedi Osman,20:44,Dean Wade,12:57,Raul Neto,9:41,Ricky Rubio,9:22,116,1,10,8.0,80.0,0.0,0.0,2.0,20.0,Mitchell Robinson,14,2,2022-2023,4.0,1,14.0,NYK,130,Jalen Brunson,,,,,,,,,,,,,37:36,Quentin Grimes,35:59,Immanuel Quickley,30:04,RJ Barrett,29:57,Josh Hart,29:25,Isaiah Hartenstein,25:45,Obi Toppin,18:35,Miles McBride,10:23,,
0,,0,0.000,4,,109,1,7,63.6,3,.750,3.0,75.0,4.0,4,2,1.000,2,50.000,Logos via Sports Logos.net / About logos,W,https://www.basketball-reference.com/boxscores/202304020NYK.html,Home,118,25:55,4,36.4,WAS,Deni Avdija,Anthony Gill,3:31,Xavier Cooks,3:31,Jay Huff,2:44,,,,,,,34:25,Corey Kispert,34:04,Delon Wright,31:37,Johnny Davis,30:13,Daniel Gafford,27:56,Jordan Goodwin,24:32,Quenton Jackson,17:54,Taj Gibson,16:33,Kendrick Nunn,13:00,109,2,8,6.0,75.0,0.0,0.0,2.0,25.0,Mitchell Robinson,9,2,2022-2023,3.0,0,11.0,NYK,118,Quentin Grimes,,,,,,,,,,,,,41:18,Jalen Brunson,39:12,Immanuel Quickley,37:05,Obi Toppin,33:00,Josh Hart,25:46,Isaiah Hartenstein,22:05,Miles McBride,8:57,Evan Fournier,6:42,,
0,,0,0.000,1,0.50,138,7,9,56.2,6,.462,6.0,46.2,13.0,13,2,.286,7,53.846,Logos via Sports Logos.net / About logos,W,https://www.basketball-reference.com/boxscores/202304050IND.html,Away,129,30:27,7,43.8,IND,Bennedict Mathurin,Gabe York,14:00,,,,,,,,,,,32:27,Andrew Nembhard,31:41,Jalen Smith,26:24,Aaron Nesmith,26:22,Jordan Nwora,25:41,T.J. McConnell,22:08,Buddy Hield,21:38,Isaiah Jackson,21:36,Oshae Brissett,18:03,129,5,14,12.0,85.7,0.0,0.0,2.0,14.3,Mitchell Robinson,9,2,2022-2023,9.0,2,16.0,NYK,138,Quentin Grimes,,,,,,,,,,,,,43:28,Obi Toppin,42:47,Immanuel Quickley,39:51,Josh Hart,37:02,Isaiah Hartenstein,17:33,Miles McBride,12:41,Evan Fournier,10:58,Jericho Sims,5:13,,
0,,0,0.000,2,0.67,141,7,6,30.0,4,.400,4.0,40.0,10.0,10,1,.250,4,40.000,Logos via Sports Logos.net / About logos,L,https://www.basketball-reference.com/boxscores/202304090NYK.html,Home,136,27:11,14,70.0,IND,Andrew Nembhard,James Johnson,6:32,,,,,,,,,,,37:34,Bennedict Mathurin,36:49,Oshae Brissett,27:49,Isaiah Jackson,25:40,Aaron Nesmith,24:30,Buddy Hield,23:29,Jordan Nwora,23:20,George Hill,21:56,Gabe York,12:21,141,2,9,8.0,88.9,0.0,0.0,1.0,11.1,Mitchell Robinson,5,1,2022-2023,8.0,3,20.0,NYK,136,RJ Barrett,,,,,,,,,,,,,37:17,Immanuel Quickley,36:47,Obi Toppin,36:33,Quentin Grimes,31:54,Josh Hart,25:30,Isaiah Hartenstein,20:49,Miles McBride,12:16,Evan Fournier,11:43,,
0,,0,0.000,0,,101,0,3,37.5,3,.600,3.0,60.0,5.0,5,0,,0,0.000,Logos via Sports Logos.net / About logos,W,https://www.basketball-reference.com/boxscores/202304150CLE.html,Away,97,26:06,5,62.5,CLE,Donovan Mitchell,,,,,,,,,,,,,43:38,Darius Garland,43:13,Jarrett Allen,42:52,Evan Mobley,37:42,Isaac Okoro,22:41,Cedi Osman,18:45,Caris LeVert,18:11,Dean Wade,7:27,Ricky Rubio,5:31,97,2,6,6.0,100.0,0.0,0.0,0.0,0.0,Mitchell Robinson,4,2,2022-2023,2.0,0,8.0,NYK,101,Julius Randle,,,,,,,,,,,,,33:33,Josh Hart,32:53,RJ Barrett,31:04,Jalen Brunson,29:30,Quentin Grimes,26:57,Immanuel Quickley,23:36,Isaiah Hartenstein,21:54,Obi Toppin,14:27,,
0,,0,0.000,0,0.00,90,4,4,80.0,1,.500,1.0,50.0,2.0,2,0,,0,0.000,Logos via Sports Logos.net / About logos,L,https://www.basketball-reference.com/boxscores/202304180CLE.html,Away,107,21:15,1,20.0,CLE,Caris LeVert,Robin Lopez,2:22,,,,,,,,,,,39:51,Evan Mobley,39:10,Donovan Mitchell,38:55,Darius Garland,36:21,Jarrett Allen,34:49,Cedi Osman,22:45,Danny Green,19:49,Raul Neto,3:13,Isaac Okoro,2:45,107,3,2,2.0,100.0,0.0,0.0,0.0,0.0,Mitchell Robinson,17,0,2022-2023,4.0,2,5.0,NYK,90,Jalen Brunson,,,,,,,,,,,,,36:19,RJ Barrett,33:21,Julius Randle,33:00,Josh Hart,26:47,Isaiah Hartenstein,26:45,Immanuel Quickley,23:06,Quentin Grimes,21:55,Obi Toppin,15:00,Miles McBride,2:32
0,,0,0.000,3,,79,2,2,28.6,3,.600,3.0,60.0,5.0,5,1,.250,4,80.000,Logos via Sports Logos.net / About logos,W,https://www.basketball-reference.com/boxscores/202304210NYK.html,Home,99,30:25,5,71.4,CLE,Donovan Mitchell,Robin Lopez,3:41,Lamar Stevens,3:41,Raul Neto,3:41,Dean Wade,3:41,,,,,37:57,Jarrett Allen,36:54,Evan Mobley,36:30,Caris LeVert,35:21,Darius Garland,32:44,Cedi Osman,16:11,Isaac Okoro,12:17,Danny Green,11:58,Ricky Rubio,5:24,79,0,7,6.0,85.7,0.0,0.0,1.0,14.3,Mitchell Robinson,20,2,2022-2023,4.0,0,7.0,NYK,99,Jalen Brunson,DaQuan Jeffries,3:41,Derrick Rose,2:30,,,,,,,,,37:55,Julius Randle,32:56,RJ Barrett,30:45,Josh Hart,28:40,Immanuel Quickley,23:09,Isaiah Hartenstein,17:35,Obi Toppin,15:04,Quentin Grimes,13:26,Miles McBride,3:54
0,,0,0.000,1,,93,2,4,36.4,5,.714,5.0,71.4,7.0,7,2,.667,3,42.857,Logos via Sports Logos.net / About logos,W,https://www.basketball-reference.com/boxscores/202304230NYK.html,Home,102,27:22,7,63.6,CLE,Donovan Mitchell,,,,,,,,,,,,,41:59,Jarrett Allen,40:01,Caris LeVert,38:46,Darius Garland,36:09,Evan Mobley,35:19,Cedi Osman,21:02,Isaac Okoro,17:07,Ricky Rubio,6:06,Danny Green,3:31,93,2,12,10.0,83.3,0.0,0.0,2.0,16.7,Mitchell Robinson,9,0,2022-2023,2.0,0,11.0,NYK,102,Jalen Brunson,,,,,,,,,,,,,42:57,Josh Hart,39:57,RJ Barrett,37:30,Julius Randle,27:18,Isaiah Hartenstein,20:38,Obi Toppin,20:01,Immanuel Quickley,19:14,Miles McBride,5:03,,
0,,0,0.000,1,1.00,106,3,7,38.9,6,.667,6.0,66.7,9.0,9,1,.250,4,44.444,Logos via Sports Logos.net / About logos,W,https://www.basketball-reference.com/boxscores/202304260CLE.html,Away,95,36:13,11,61.1,CLE,Donovan Mitchell,,,,,,,,,,,,,44:05,Darius Garland,40:03,Evan Mobley,38:55,Caris LeVert,37:27,Jarrett Allen,35:56,Isaac Okoro,19:44,Cedi Osman,14:27,Lamar Stevens,5:08,Danny Green,4:15,95,4,13,12.0,92.3,0.0,0.0,1.0,7.7,Mitchell Robinson,11,2,2022-2023,5.0,1,18.0,NYK,106,Josh Hart,,,,,,,,,,,,,46:46,Jalen Brunson,41:33,RJ Barrett,35:56,Immanuel Quickley,29:24,Obi Toppin,21:54,Julius Randle,16:13,Isaiah Hartenstein,11:47,Miles McBride,0:14,,
0,,0,0.000,0,0.00,108,2,9,64.3,3,1.000,3.0,100.0,3.0,3,1,.250,4,133.333,Logos via Sports Logos.net / About logos,L,https://www.basketball-reference.com/boxscores/202304300NYK.html,Home,101,33:38,5,35.7,MIA,Jimmy Butler,Haywood Highsmith,4:48,,,,,,,,,,,43:27,Bam Adebayo,37:14,Gabe Vincent,33:14,Caleb Martin,30:57,Kyle Lowry,29:59,Max Strus,23:23,Kevin Love,16:13,Duncan Robinson,12:30,Cody Zeller,8:15,108,3,7,6.0,85.7,0.0,0.0,1.0,14.3,Mitchell Robinson,7,0,2022-2023,2.0,2,14.0,NYK,101,Josh Hart,,,,,,,,,,,,,43:12,Jalen Brunson,40:03,RJ Barrett,39:50,Obi Toppin,31:10,Immanuel Quickley,27:17,Isaiah Hartenstein,14:22,Quentin Grimes,10:28,,,,
0,,0,0.000,0,,105,0,2,40.0,2,.667,2.0,66.7,3.0,3,2,.333,6,200.000,Logos via Sports Logos.net / About logos,W,https://www.basketball-reference.com/boxscores/202305020NYK.html,Home,111,20:42,3,60.0,MIA,Gabe Vincent,,,,,,,,,,,,,40:48,Bam Adebayo,38:06,Caleb Martin,38:03,Kyle Lowry,31:07,Max Strus,25:00,Kevin Love,23:38,Duncan Robinson,20:36,Haywood Highsmith,15:21,Cody Zeller,7:21,105,4,6,4.0,66.7,0.0,0.0,2.0,33.3,Mitchell Robinson,6,0,2022-2023,0.0,0,5.0,NYK,111,Jalen Brunson,,,,,,,,,,,,,39:28,RJ Barrett,38:11,Julius Randle,37:41,Josh Hart,32:30,Isaiah Hartenstein,26:00,Quentin Grimes,25:51,Obi Toppin,10:19,Immanuel Quickley,9:18,,
0,,0,0.000,0,0.00,86,0,1,20.0,1,.500,1.0,50.0,2.0,2,0,,0,0.000,Logos via Sports Logos.net / About logos,L,https://www.basketball-reference.com/boxscores/202305060MIA.html,Away,105,14:13,4,80.0,MIA,Bam Adebayo,Haywood Highsmith,11:48,Nikola Jović,0:54,Omer Yurtseven,0:54,,,,,,,35:57,Jimmy Butler,35:36,Gabe Vincent,30:03,Max Strus,29:36,Kyle Lowry,24:48,Kevin Love,23:03,Caleb Martin,22:32,Duncan Robinson,12:40,Cody Zeller,12:09,105,4,2,2.0,100.0,0.0,0.0,0.0,0.0,Mitchell Robinson,19,0,2022-2023,0.0,1,5.0,NYK,86,Josh Hart,Miles McBride,0:54,,,,,,,,,,,38:17,Julius Randle,38:01,Jalen Brunson,37:33,Isaiah Hartenstein,25:58,RJ Barrett,25:29,Quentin Grimes,21:38,Immanuel Quickley,20:09,Obi Toppin,16:54,DaQuan Jeffries,0:54
0,,0,0.000,1,0.50,101,2,3,42.9,3,.600,3.0,60.0,5.0,5,0,.000,2,40.000,Logos via Sports Logos.net / About logos,L,https://www.basketball-reference.com/boxscores/202305080MIA.html,Away,109,33:07,4,57.1,MIA,Jimmy Butler,Haywood Highsmith,6:04,,,,,,,,,,,41:49,Bam Adebayo,38:21,Max Strus,36:31,Caleb Martin,25:58,Kyle Lowry,25:52,Kevin Love,23:29,Gabe Vincent,22:08,Duncan Robinson,11:29,Cody Zeller,8:19,109,2,6,6.0,100.0,0.0,0.0,0.0,0.0,Mitchell Robinson,8,1,2022-2023,3.0,2,7.0,NYK,101,Jalen Brunson,,,,,,,,,,,,,44:29,Quentin Grimes,41:49,Julius Randle,39:17,RJ Barrett,34:47,Josh Hart,21:46,Isaiah Hartenstein,14:53,Obi Toppin,5:35,Miles McBride,4:17,,
0,,0,0.000,2,1.00,103,0,6,54.5,2,.400,2.0,40.0,5.0,5,4,.500,8,160.000,Logos via Sports Logos.net / About logos,W,https://www.basketball-reference.com/boxscores/202305100NYK.html,Home,112,26:23,5,45.5,MIA,Jimmy Butler,Haywood Highsmith,2:35,,,,,,,,,,,42:43,Bam Adebayo,38:41,Kyle Lowry,30:57,Caleb Martin,27:48,Max Strus,26:21,Gabe Vincent,23:05,Duncan Robinson,22:11,Kevin Love,16:18,Cody Zeller,9:19,103,3,8,4.0,50.0,0.0,0.0,4.0,50.0,Mitchell Robinson,9,1,2022-2023,1.0,2,11.0,NYK,112,Jalen Brunson,,,,,,,,,,,,,48:00,Quentin Grimes,48:00,RJ Barrett,38:25,Julius Randle,35:53,Isaiah Hartenstein,21:37,Obi Toppin,12:07,Josh Hart,9:03,Miles McBride,0:31,,
0,,0,0.000,1,,92,1,6,54.5,0,.000,0.0,0.0,2.0,2,2,1.000,2,100.000,Logos via Sports Logos.net / About logos,L,https://www.basketball-reference.com/boxscores/202305120MIA.html,Away,96,28:37,5,45.5,MIA,Jimmy Butler,,,,,,,,,,,,,41:19,Bam Adebayo,38:58,Max Strus,34:06,Gabe Vincent,31:27,Kyle Lowry,31:14,Caleb Martin,24:23,Kevin Love,15:31,Duncan Robinson,14:00,Cody Zeller,9:02,96,2,2,0.0,0.0,0.0,0.0,2.0,100.0,Mitchell Robinson,4,0,2022-2023,1.0,0,11.0,NYK,92,Jalen Brunson,,,,,,,,,,,,,45:10,Julius Randle,35:46,Josh Hart,33:18,RJ Barrett,32:05,Quentin Grimes,31:42,Isaiah Hartenstein,18:18,Obi Toppin,12:14,Miles McBride,2:50,,
0,,0,0.000,1,1.00,108,0,3,50.0,1,.250,1.0,25.0,4.0,4,0,.000,2,50.000,Logos via Sports Logos.net / About logos,L,https://www.basketball-reference.com/boxscores/202310250NYK.html,Home,104,22:06,3,50.0,BOS,Jayson Tatum,,,,,,,,,,,,,38:39,Jaylen Brown,38:08,Kristaps Porziņģis,37:54,Jrue Holiday,34:47,Derrick White,31:56,Al Horford,25:47,Sam Hauser,13:47,Payton Pritchard,11:02,Luke Kornet,8:00,108,4,2,2.0,100.0,0.0,0.0,0.0,0.0,Mitchell Robinson,4,2,2023-2024,2.0,1,6.0,NYK,104,RJ Barrett,,,,,,,,,,,,,36:20,Julius Randle,34:01,Jalen Brunson,32:35,Immanuel Quickley,28:00,Isaiah Hartenstein,25:44,Quentin Grimes,23:20,Josh Hart,22:29,Donte DiVincenzo,15:25,,
0,,0,0.000,1,,126,4,7,53.8,2,.333,2.0,33.3,6.0,6,3,.750,4,66.667,Logos via Sports Logos.net / About logos,W,https://www.basketball-reference.com/boxscores/202310270ATL.html,Away,120,37:42,6,46.2,ATL,Trae Young,,,,,,,,,,,,,35:18,Dejounte Murray,34:45,De'Andre Hunter,32:15,Jalen Johnson,29:49,Clint Capela,28:07,Bogdan Bogdanović,25:50,Saddiq Bey,25:43,Onyeka Okongwu,20:00,AJ Griffin,8:13,120,1,7,4.0,57.1,0.0,0.0,3.0,42.9,Mitchell Robinson,6,4,2023-2024,8.0,0,13.0,NYK,126,Julius Randle,,,,,,,,,,,,,34:15,RJ Barrett,33:54,Jalen Brunson,32:42,Quentin Grimes,24:57,Immanuel Quickley,24:09,Josh Hart,21:41,Donte DiVincenzo,20:22,Isaiah Hartenstein,10:18,,
0,,0,0.000,0,,87,2,5,33.3,4,.500,4.0,50.0,8.0,8,0,,0,0.000,Logos via Sports Logos.net / About logos,L,https://www.basketball-reference.com/boxscores/202310280NOP.html,Away,96,28:57,10,66.7,NOP,Brandon Ingram,Kira Lewis Jr.,10:10,Cody Zeller,7:44,E.J. Liddell,2:28,,,,,,,31:54,CJ McCollum,29:38,Zion Williamson,28:05,Herbert Jones,27:32,Matt Ryan,25:43,Dyson Daniels,21:46,Jonas Valančiūnas,20:59,Jordan Hawkins,17:46,Larry Nance Jr.,16:15,96,1,8,8.0,100.0,0.0,0.0,0.0,0.0,Mitchell Robinson,9,1,2023-2024,3.0,0,15.0,NYK,87,Julius Randle,Jericho Sims,4:31,DaQuan Jeffries,3:16,Dylan Windler,3:16,,,,,,,33:42,Jalen Brunson,30:35,RJ Barrett,29:59,Quentin Grimes,26:30,Josh Hart,21:27,Donte DiVincenzo,19:40,Immanuel Quickley,19:04,Isaiah Hartenstein,14:32,Miles McBride,4:31
0,,0,0.000,0,0.00,109,0,4,57.1,4,1.000,4.0,100.0,4.0,4,0,,0,0.000,Logos via Sports Logos.net / About logos,W,https://www.basketball-reference.com/boxscores/202310310CLE.html,Away,91,22:19,3,42.9,CLE,Max Strus,Sam Merrill,13:57,Damian Jones,5:17,Isaiah Mobley,0:53,,,,,,,33:03,Evan Mobley,29:03,Donovan Mitchell,28:47,Isaac Okoro,24:39,Georges Niang,24:14,Emoni Bates,22:58,Craig Porter Jr.,22:11,Tristan Thompson,18:48,Dean Wade,16:10,91,0,8,8.0,100.0,0.0,0.0,0.0,0.0,Mitchell Robinson,18,1,2023-2024,1.0,1,7.0,NYK,109,Jalen Brunson,DaQuan Jeffries,4:09,Jericho Sims,2:50,Dylan Windler,2:50,Ryan Arcidiacono,2:11,,,,,33:40,Julius Randle,31:23,Josh Hart,27:59,RJ Barrett,24:50,Immanuel Quickley,23:56,Isaiah Hartenstein,22:51,Quentin Grimes,21:53,Donte DiVincenzo,15:00,Miles McBride,4:09
0,,0,0.000,0,0.00,95,2,8,50.0,1,.333,1.0,33.3,3.0,3,4,.500,8,266.667,Logos via Sports Logos.net / About logos,L,https://www.basketball-reference.com/boxscores/202311010NYK.html,Home,89,32:04,8,50.0,CLE,Donovan Mitchell,,,,,,,,,,,,,36:44,Evan Mobley,35:15,Max Strus,34:43,Isaac Okoro,30:44,Caris LeVert,30:30,Georges Niang,28:09,Dean Wade,19:51,Tristan Thompson,12:47,Craig Porter Jr.,11:16,95,3,6,2.0,33.3,0.0,0.0,4.0,66.7,Mitchell Robinson,6,0,2023-2024,2.0,1,16.0,NYK,89,Jalen Brunson,,,,,,,,,,,,,38:36,Julius Randle,35:15,Donte DiVincenzo,30:15,Josh Hart,29:17,Immanuel Quickley,27:43,Quentin Grimes,21:30,Isaiah Hartenstein,15:56,Miles McBride,9:23,,
0,,0,0.000,1,,105,0,9,60.0,0,.000,0.0,0.0,4.0,4,0,,0,0.000,Logos via Sports Logos.net / About logos,L,https://www.basketball-reference.com/boxscores/202311030MIL.html,Away,110,29:27,6,40.0,MIL,Damian Lillard,Cameron Payne,11:56,,,,,,,,,,,36:04,Giannis Antetokounmpo,35:47,Brook Lopez,35:32,Pat Connaughton,23:55,Jae Crowder,23:44,Malik Beasley,22:22,Khris Middleton,21:01,Bobby Portis,16:33,MarJon Beauchamp,13:06,110,4,0,0.0,,0.0,,0.0,,Mitchell Robinson,5,0,2023-2024,0.0,0,15.0,NYK,105,Jalen Brunson,,,,,,,,,,,,,41:37,Julius Randle,38:59,Josh Hart,35:58,Quentin Grimes,33:34,Immanuel Quickley,21:49,Isaiah Hartenstein,18:15,Donte DiVincenzo,18:13,Miles McBride,2:06,,
0,,0,0.000,0,,97,0,6,40.0,6,.600,6.0,60.0,10.0,10,1,1.000,1,10.000,Logos via Sports Logos.net / About logos,W,https://www.basketball-reference.com/boxscores/202311060NYK.html,Home,111,34:48,9,60.0,LAC,Paul George,Moussa Diabaté,6:08,Kobe Brown,4:25,Amir Coffey,4:25,,,,,,,34:22,Kawhi Leonard,31:34,James Harden,31:22,Russell Westbrook,31:14,Ivica Zubac,29:53,Norman Powell,22:21,Bones Hyland,22:09,P.J. Tucker,11:15,Mason Plumlee,10:50,97,2,13,12.0,92.3,0.0,0.0,1.0,7.7,Mitchell Robinson,14,4,2023-2024,4.0,0,15.0,NYK,111,Julius Randle,,,,,,,,,,,,,36:37,Jalen Brunson,35:12,Josh Hart,32:12,RJ Barrett,30:43,Quentin Grimes,20:47,Immanuel Quickley,20:18,Donte DiVincenzo,16:11,Isaiah Hartenstein,13:12,,
0,,0,0.000,1,,105,0,7,58.3,3,.750,3.0,75.0,4.0,4,2,.333,6,150.000,Logos via Sports Logos.net / About logos,W,https://www.basketball-reference.com/boxscores/202311080NYK.html,Home,126,31:13,5,41.7,SAS,Keldon Johnson,Devin Vassell,11:55,Blake Wesley,3:06,Dominick Barlow,3:06,Julian Champagnie,3:06,Sandro Mamukelashvili,3:06,,,33:04,Victor Wembanyama,30:11,Jeremy Sochan,29:14,Tre Jones,25:13,Zach Collins,24:30,Malaki Branham,23:34,Doug McDermott,21:38,Charles Bassey,14:52,Cedi Osman,13:25,105,3,8,6.0,75.0,0.0,0.0,2.0,25.0,Mitchell Robinson,21,0,2023-2024,0.0,0,12.0,NYK,126,Jalen Brunson,DaQuan Jeffries,1:32,Miles McBride,1:32,Jericho Sims,1:32,Dylan Windler,1:20,,,,,32:45,RJ Barrett,31:44,Julius Randle,31:11,Immanuel Quickley,27:45,Josh Hart,24:06,Donte DiVincenzo,19:49,Quentin Grimes,18:43,Isaiah Hartenstein,15:15,Ryan Arcidiacono,1:32
0,,0,0.000,0,,107,0,4,44.4,5,.714,5.0,71.4,7.0,7,0,.000,2,28.571,Logos via Sports Logos.net / About logos,W,https://www.basketball-reference.com/boxscores/202311120NYK.html,Home,129,23:55,5,55.6,CHO,LaMelo Ball,Brandon Miller,9:56,Nick Smith Jr.,7:44,Leaky Black,5:39,Amari Bailey,3:18,,,,,32:34,Gordon Hayward,29:06,Théo Maledon,25:00,Mark Williams,23:28,JT Thor,23:02,Nick Richards,22:11,P.J. Washington,21:40,Bryce McGowens,18:54,Ish Smith,17:28,107,2,10,10.0,100.0,0.0,0.0,0.0,0.0,Mitchell Robinson,22,1,2023-2024,1.0,0,9.0,NYK,129,RJ Barrett,Miles McBride,3:18,DaQuan Jeffries,3:18,Ryan Arcidiacono,2:43,,,,,,,30:41,Julius Randle,27:09,Josh Hart,26:35,Jalen Brunson,26:34,Immanuel Quickley,25:35,Quentin Grimes,23:23,Donte DiVincenzo,22:44,Isaiah Hartenstein,17:33,Jericho Sims,6:32
0,,0,0.000,1,1.00,98,2,3,50.0,2,1.000,2.0,100.0,2.0,2,0,.000,2,100.000,Logos via Sports Logos.net / About logos,L,https://www.basketball-reference.com/boxscores/202311130BOS.html,Away,114,33:10,3,50.0,BOS,Jayson Tatum,,,,,,,,,,,,,39:28,Jrue Holiday,36:55,Jaylen Brown,36:28,Kristaps Porziņģis,33:25,Derrick White,31:10,Al Horford,21:45,Sam Hauser,21:25,Payton Pritchard,19:21,,,114,2,4,4.0,100.0,0.0,0.0,0.0,0.0,Mitchell Robinson,16,1,2023-2024,3.0,1,6.0,NYK,98,Josh Hart,,,,,,,,,,,,,43:07,Jalen Brunson,38:46,Julius Randle,37:42,Quentin Grimes,28:25,Immanuel Quickley,25:34,Donte DiVincenzo,16:24,Isaiah Hartenstein,14:49,Miles McBride,1:06,Jericho Sims,0:55
0,,0,0.000,0,0.00,116,1,9,60.0,3,1.000,3.0,100.0,3.0,3,0,,0,0.000,Logos via Sports Logos.net / About logos,W,https://www.basketball-reference.com/boxscores/202311150ATL.html,Away,114,30:40,6,40.0,ATL,Trae Young,,,,,,,,,,,,,34:28,Dejounte Murray,32:27,Jalen Johnson,31:00,Bogdan Bogdanović,29:19,Saddiq Bey,28:26,De'Andre Hunter,26:27,Clint Capela,26:25,Onyeka Okongwu,21:34,Wesley Matthews,9:54,114,0,6,6.0,100.0,0.0,0.0,0.0,0.0,Mitchell Robinson,2,3,2023-2024,4.0,1,15.0,NYK,116,Jalen Brunson,,,,,,,,,,,,,40:58,Julius Randle,38:50,Josh Hart,33:03,Quentin Grimes,28:31,Immanuel Quickley,28:23,Donte DiVincenzo,21:36,Isaiah Hartenstein,17:16,Miles McBride,0:43,,
0,,0,0.000,1,,120,1,5,62.5,3,.750,3.0,75.0,4.0,4,0,.000,1,25.000,Logos via Sports Logos.net / About logos,W,https://www.basketball-reference.com/boxscores/202311170WAS.html,Away,99,27:13,3,37.5,WAS,Kyle Kuzma,Eugene Omoruyi,2:19,Anthony Gill,2:19,Jared Butler,2:19,Johnny Davis,2:19,,,,,31:49,Deni Avdija,31:39,Bilal Coulibaly,30:55,Tyus Jones,29:59,Jordan Poole,28:31,Daniel Gafford,27:37,Corey Kispert,26:16,Danilo Gallinari,17:24,Landry Shamet,6:33,99,1,6,6.0,100.0,0.0,0.0,0.0,0.0,Mitchell Robinson,21,0,2023-2024,1.0,0,8.0,NYK,120,Julius Randle,Ryan Arcidiacono,1:12,Jericho Sims,1:12,,,,,,,,,35:08,Jalen Brunson,33:54,Immanuel Quickley,33:22,Josh Hart,31:41,Donte DiVincenzo,24:40,Isaiah Hartenstein,19:35,Evan Fournier,15:38,Miles McBride,14:05,DaQuan Jeffries,2:19
0,,0,0.000,1,0.33,122,3,3,21.4,2,.400,2.0,40.0,5.0,5,0,,0,0.000,Logos via Sports Logos.net / About logos,W,https://www.basketball-reference.com/boxscores/202311180CHO.html,Away,108,33:18,11,78.6,CHO,LaMelo Ball,,,,,,,,,,,,,35:44,Brandon Miller,33:44,P.J. Washington,32:44,Gordon Hayward,32:20,Miles Bridges,31:32,Mark Williams,30:14,Ish Smith,17:26,Bryce McGowens,15:40,JT Thor,10:35,108,0,4,4.0,100.0,0.0,0.0,0.0,0.0,Mitchell Robinson,14,0,2023-2024,3.0,3,14.0,NYK,122,Jalen Brunson,,,,,,,,,,,,,38:52,Julius Randle,37:40,Josh Hart,28:39,Donte DiVincenzo,28:28,RJ Barrett,25:51,Immanuel Quickley,23:22,Isaiah Hartenstein,14:41,Miles McBride,9:08,,
0,,0,0.000,0,0.00,100,2,4,36.4,5,.714,5.0,71.4,7.0,7,0,,0,0.000,Logos via Sports Logos.net / About logos,L,https://www.basketball-reference.com/boxscores/202311200MIN.html,Away,117,30:27,7,63.6,MIN,Anthony Edwards,Jaden McDaniels,4:30,Josh Minott,1:20,,,,,,,,,39:08,Karl-Anthony Towns,35:45,Nickeil Alexander-Walker,33:05,Mike Conley,27:55,Rudy Gobert,26:23,Kyle Anderson,23:05,Naz Reid,18:13,Troy Brown Jr.,16:34,Shake Milton,14:01,117,3,10,10.0,100.0,0.0,0.0,0.0,0.0,Mitchell Robinson,17,2,2023-2024,4.0,2,11.0,NYK,100,Jalen Brunson,Ryan Arcidiacono,3:05,DaQuan Jeffries,3:05,Miles McBride,2:31,,,,,,,36:09,Julius Randle,33:33,Donte DiVincenzo,25:34,Quentin Grimes,24:47,Josh Hart,24:09,RJ Barrett,21:58,Immanuel Quickley,17:09,Isaiah Hartenstein,14:28,Jericho Sims,3:05
0,,0,0.000,0,,98,0,4,57.1,2,.500,2.0,50.0,4.0,4,1,.250,4,100.000,Logos via Sports Logos.net / About logos,W,https://www.basketball-reference.com/boxscores/202311240NYK.html,Home,100,20:05,3,42.9,MIA,Jimmy Butler,,,,,,,,,,,,,36:42,Jaime Jaquez Jr.,34:52,Bam Adebayo,34:47,Josh Richardson,34:14,Kyle Lowry,33:22,Haywood Highsmith,23:37,Kevin Love,18:17,Caleb Martin,17:46,Cole Swider,6:21,98,2,5,4.0,80.0,0.0,0.0,1.0,20.0,Mitchell Robinson,2,2,2023-2024,2.0,0,7.0,NYK,100,Julius Randle,,,,,,,,,,,,,35:03,RJ Barrett,34:18,Jalen Brunson,34:13,Isaiah Hartenstein,27:39,Josh Hart,25:56,Immanuel Quickley,25:48,Quentin Grimes,20:38,Donte DiVincenzo,16:19,,
0,,0,0.000,1,1.00,116,1,6,54.5,1,.500,1.0,50.0,2.0,2,1,.250,4,200.000,Logos via Sports Logos.net / About logos,L,https://www.basketball-reference.com/boxscores/202311260NYK.html,Home,113,34:27,5,45.5,PHO,Devin Booker,Chimezie Metu,12:43,,,,,,,,,,,37:50,Eric Gordon,33:14,Jusuf Nurkić,32:53,Jordan Goodwin,28:43,Keita Bates-Diop,27:38,Nassir Little,20:02,Josh Okogie,16:59,Drew Eubanks,15:06,Yuta Watanabe,14:52,116,2,3,2.0,66.7,0.0,0.0,1.0,33.3,Mitchell Robinson,3,1,2023-2024,2.0,1,11.0,NYK,113,Jalen Brunson,,,,,,,,,,,,,38:13,Julius Randle,35:59,RJ Barrett,30:57,Immanuel Quickley,28:38,Josh Hart,24:04,Quentin Grimes,20:11,Donte DiVincenzo,13:58,Isaiah Hartenstein,13:33,,
0,,0,0.000,0,0.00,91,6,5,50.0,3,.500,3.0,50.0,6.0,6,0,,0,0.000,Logos via Sports Logos.net / About logos,W,https://www.basketball-reference.com/boxscores/202311280NYK.html,Home,115,32:44,5,50.0,CHO,Brandon Miller,Nick Smith Jr.,4:51,James Bouknight,4:51,Leaky Black,4:51,Théo Maledon,4:51,,,,,36:12,Terry Rozier,32:30,Miles Bridges,31:41,Gordon Hayward,27:51,P.J. Washington,26:54,Mark Williams,25:10,Ish Smith,14:24,Bryce McGowens,13:04,JT Thor,12:49,91,1,6,6.0,100.0,0.0,0.0,0.0,0.0,Mitchell Robinson,24,2,2023-2024,8.0,4,10.0,NYK,115,Julius Randle,DaQuan Jeffries,1:12,Miles McBride,1:12,,,,,,,,,34:29,Jalen Brunson,33:32,Josh Hart,29:51,RJ Barrett,28:18,Immanuel Quickley,25:32,Quentin Grimes,19:01,Donte DiVincenzo,18:53,Isaiah Hartenstein,13:34,Jericho Sims,1:42
0,,0,0.000,1,1.00,112,1,3,33.3,2,.500,2.0,50.0,4.0,4,2,1.000,2,50.000,Logos via Sports Logos.net / About logos,W,https://www.basketball-reference.com/boxscores/202311300NYK.html,Home,118,30:56,6,66.7,DET,Cade Cunningham,Alec Burks,11:27,Kevin Knox,8:31,Stanley Umude,1:40,,,,,,,37:28,Jalen Duren,33:32,Isaiah Stewart,32:15,Killian Hayes,28:21,Isaiah Livers,26:57,Marcus Sasser,19:39,Marvin Bagley III,14:28,Ausar Thompson,13:10,Jaden Ivey,12:32,112,2,6,4.0,66.7,0.0,0.0,2.0,33.3,Mitchell Robinson,6,1,2023-2024,2.0,1,9.0,NYK,118,Jalen Brunson,,,,,,,,,,,,,39:56,Julius Randle,38:12,Josh Hart,32:06,RJ Barrett,23:56,Donte DiVincenzo,22:37,Immanuel Quickley,18:59,Isaiah Hartenstein,17:04,Quentin Grimes,16:12,,
0,,0,0.000,1,0.50,119,1,3,60.0,3,1.000,3.0,100.0,3.0,3,0,,0,0.000,Logos via Sports Logos.net / About logos,W,https://www.basketball-reference.com/boxscores/202312010TOR.html,Away,106,31:55,2,40.0,TOR,Dennis Schröder,Jalen McDaniels,7:27,,,,,,,,,,,36:55,Scottie Barnes,36:44,Pascal Siakam,33:49,Jakob Poeltl,27:51,OG Anunoby,27:08,Gary Trent Jr.,22:34,Chris Boucher,19:10,Precious Achiuwa,17:16,Malachi Flynn,11:05,106,3,6,6.0,100.0,0.0,0.0,0.0,0.0,Mitchell Robinson,13,4,2023-2024,5.0,2,5.0,NYK,119,Jalen Brunson,,,,,,,,,,,,,36:39,Julius Randle,35:15,Josh Hart,30:33,RJ Barrett,26:59,Donte DiVincenzo,22:07,Quentin Grimes,21:07,Immanuel Quickley,19:19,Isaiah Hartenstein,16:04,,
0,,0,0.000,3,1.50,122,1,3,75.0,1,.500,1.0,50.0,2.0,2,0,,0,0.000,Logos via Sports Logos.net / About logos,L,https://www.basketball-reference.com/boxscores/202312050MIL.html,Away,146,27:12,1,25.0,MIL,Damian Lillard,Thanasis Antetokounmpo,2:29,Chris Livingston,2:29,Robin Lopez,2:29,Andre Jackson Jr.,0:04,,,,,33:59,Giannis Antetokounmpo,33:49,Brook Lopez,33:31,Malik Beasley,32:45,Khris Middleton,26:21,Bobby Portis,23:42,MarJon Beauchamp,19:10,A.J. Green,15:11,Cameron Payne,14:01,146,2,2,2.0,100.0,0.0,0.0,0.0,0.0,Mitchell Robinson,24,2,2023-2024,3.0,2,4.0,NYK,122,Julius Randle,Miles McBride,2:29,Ryan Arcidiacono,2:29,Charlie Brown Jr.,2:29,Jacob Toppin,2:29,,,,,36:36,Jalen Brunson,34:14,RJ Barrett,31:28,Josh Hart,25:41,Immanuel Quickley,19:00,Quentin Grimes,18:03,Isaiah Hartenstein,17:58,Donte DiVincenzo,17:02,Jericho Sims,2:50
0,,0,0.000,2,2.00,123,0,3,37.5,5,.833,5.0,83.3,6.0,6,0,.000,2,33.333,Logos via Sports Logos.net / About logos,L,https://www.basketball-reference.com/boxscores/202312080BOS.html,Away,133,18:42,5,62.5,BOS,Jayson Tatum,Dalano Banton,0:21,Oshae Brissett,0:21,,,,,,,,,38:36,Jrue Holiday,34:50,Derrick White,31:38,Kristaps Porziņģis,29:18,Al Horford,27:21,Jaylen Brown,27:10,Sam Hauser,20:57,Payton Pritchard,18:32,Luke Kornet,10:51,133,2,10,10.0,100.0,0.0,0.0,0.0,0.0,Mitchell Robinson,10,1,2023-2024,1.0,1,8.0,NYK,123,Julius Randle,,,,,,,,,,,,,33:54,Jalen Brunson,33:32,RJ Barrett,30:41,Isaiah Hartenstein,29:18,Josh Hart,26:59,Immanuel Quickley,25:04,Donte DiVincenzo,22:26,Quentin Grimes,19:23,,
0,,0,0.000,0,0.00,145,2,1,50.0,3,1.000,3.0,100.0,3.0,3,2,.500,4,133.333,Logos via Sports Logos.net / About logos,W,https://www.basketball-reference.com/boxscores/202403270TOR.html,Away,101,12:26,1,50.0,TOR,Gary Trent Jr.,Mouhamadou Gueye,11:19,Ochai Agbaji,5:24,,,,,,,,,30:36,Gradey Dick,30:21,Javon Freeman-Liberty,28:27,Kelly Olynyk,27:25,Garrett Temple,26:54,Kobi Simmons,24:22,Bruce Brown,20:13,Jordan Nwora,18:32,Jalen McDaniels,16:27,101,2,8,6.0,75.0,0.0,0.0,2.0,25.0,Mitchell Robinson,44,0,2023-2024,2.0,3,2.0,NYK,145,Miles McBride,Jericho Sims,6:36,Mamadi Diakite,4:49,,,,,,,,,39:35,Josh Hart,34:23,Donte DiVincenzo,33:14,Jalen Brunson,28:31,Precious Achiuwa,27:28,Isaiah Hartenstein,18:38,Bojan Bogdanović,16:29,Shake Milton,10:27,DaQuan Jeffries,7:24
0,,0,0.000,0,0.00,126,0,5,41.7,3,.333,3.0,33.3,9.0,9,1,.500,2,22.222,Logos via Sports Logos.net / About logos,L,https://www.basketball-reference.com/boxscores/202403290SAS.html,Away,130,19:39,7,58.3,SAS,Devin Vassell,Blake Wesley,12:50,,,,,,,,,,,44:41,Victor Wembanyama,37:42,Tre Jones,35:29,Keldon Johnson,34:50,Julian Champagnie,28:23,Cedi Osman,20:27,Malaki Branham,18:43,Jeremy Sochan,16:45,Zach Collins,15:10,130,1,7,6.0,85.7,0.0,0.0,1.0,14.3,Mitchell Robinson,4,0,2023-2024,0.0,1,12.0,NYK,126,Donte DiVincenzo,,,,,,,,,,,,,49:00,Miles McBride,45:52,Jalen Brunson,43:19,Josh Hart,41:51,Isaiah Hartenstein,28:17,Precious Achiuwa,15:41,Bojan Bogdanović,15:20,Shake Milton,6:01,,
0,,0,0.000,0,,99,0,0,0.0,0,.000,0.0,0.0,1.0,1,0,.000,2,200.000,Logos via Sports Logos.net / About logos,L,https://www.basketball-reference.com/boxscores/202404020MIA.html,Away,109,10:08,1,100.0,MIA,Jimmy Butler,,,,,,,,,,,,,38:41,Terry Rozier,34:54,Bam Adebayo,32:32,Duncan Robinson,28:59,Haywood Highsmith,28:04,Nikola Jović,25:18,Caleb Martin,23:35,Kevin Love,15:30,Jaime Jaquez Jr.,12:25,109,2,0,0.0,,0.0,,0.0,,Mitchell Robinson,10,1,2023-2024,1.0,0,1.0,NYK,99,Josh Hart,,,,,,,,,,,,,45:35,Miles McBride,44:45,Jalen Brunson,36:19,Donte DiVincenzo,35:15,Precious Achiuwa,26:56,Bojan Bogdanović,19:26,Isaiah Hartenstein,18:20,Alec Burks,3:15,,
0,,0,0.000,2,,109,1,2,28.6,0,.000,0.0,0.0,1.0,1,2,.333,6,600.000,Logos via Sports Logos.net / About logos,W,https://www.basketball-reference.com/boxscores/202404040NYK.html,Home,120,15:24,5,71.4,SAC,De'Aaron Fox,Chris Duarte,5:00,Kessler Edwards,1:34,Colby Jones,1:23,JaVale McGee,1:23,,,,,39:23,Domantas Sabonis,35:33,Keegan Murray,31:37,Keon Ellis,30:57,Trey Lyles,28:34,Davion Mitchell,24:59,Harrison Barnes,14:47,Sasha Vezenkov,13:44,Alex Len,11:04,109,0,2,0.0,0.0,0.0,0.0,2.0,100.0,Mitchell Robinson,11,0,2023-2024,1.0,0,7.0,NYK,120,Josh Hart,Mamadi Diakite,0:35,Jericho Sims,0:35,Shake Milton,0:34,,,,,,,43:16,Miles McBride,42:50,Donte DiVincenzo,38:36,Jalen Brunson,38:13,Isaiah Hartenstein,29:03,Bojan Bogdanović,12:08,Precious Achiuwa,8:49,Alec Burks,8:31,DaQuan Jeffries,1:23
0,,0,0.000,1,,100,0,2,40.0,2,.500,2.0,50.0,4.0,4,1,.333,3,75.000,Logos via Sports Logos.net / About logos,L,https://www.basketball-reference.com/boxscores/202404050CHI.html,Away,108,11:06,3,60.0,CHI,DeMar DeRozan,Onuralp Bitim,2:20,,,,,,,,,,,42:14,Ayo Dosunmu,39:25,Javonte Green,33:00,Alex Caruso,32:21,Nikola Vučević,32:04,Andre Drummond,24:03,Coby White,13:54,Dalen Terry,13:00,Torrey Craig,7:39,108,1,5,4.0,80.0,0.0,0.0,1.0,20.0,Mitchell Robinson,8,1,2023-2024,1.0,0,5.0,NYK,100,Jalen Brunson,,,,,,,,,,,,,41:35,Miles McBride,37:38,Donte DiVincenzo,33:03,Isaiah Hartenstein,29:30,OG Anunoby,28:41,Bojan Bogdanović,20:17,Precious Achiuwa,18:34,Josh Hart,11:26,Alec Burks,8:10
0,,0,0.000,0,,122,3,3,50.0,0,.000,0.0,0.0,2.0,2,1,.500,2,100.000,Logos via Sports Logos.net / About logos,W,https://www.basketball-reference.com/boxscores/202404070MIL.html,Away,109,19:09,3,50.0,MIL,Damian Lillard,Andre Jackson Jr.,4:12,Thanasis Antetokounmpo,1:10,Chris Livingston,1:10,Ryan Rollins,1:10,TyTy Washington Jr.,1:10,,,38:42,Giannis Antetokounmpo,38:32,Pat Connaughton,31:03,Bobby Portis,29:15,Brook Lopez,28:46,Malik Beasley,23:03,Jae Crowder,15:18,A.J. Green,13:28,Khris Middleton,13:01,109,4,1,0.0,0.0,0.0,0.0,1.0,100.0,Mitchell Robinson,13,0,2023-2024,3.0,0,6.0,NYK,122,Jalen Brunson,,,,,,,,,,,,,39:26,OG Anunoby,37:47,Donte DiVincenzo,37:27,Josh Hart,37:24,Isaiah Hartenstein,28:51,Miles McBride,18:00,Bojan Bogdanović,16:59,Precious Achiuwa,4:57,,
0,,0,,0,,128,0,1,100.0,0,,0.0,,0.0,0,0,,0,,Logos via Sports Logos.net / About logos,W,https://www.basketball-reference.com/boxscores/202404090CHI.html,Away,117,19:39,0,0.0,CHI,DeMar DeRozan,Andre Drummond,4:34,,,,,,,,,,,42:20,Coby White,42:13,Nikola Vučević,38:44,Alex Caruso,37:00,Javonte Green,30:30,Dalen Terry,19:13,Torrey Craig,14:46,Jevon Carter,5:57,Adama Sanogo,4:42,117,1,0,0.0,,0.0,,0.0,,Mitchell Robinson,11,2,2023-2024,2.0,0,1.0,NYK,128,Josh Hart,,,,,,,,,,,,,46:06,Jalen Brunson,42:26,Donte DiVincenzo,37:35,OG Anunoby,35:08,Isaiah Hartenstein,28:21,Miles McBride,21:50,Bojan Bogdanović,8:55,,,,
0,,0,0.000,0,,118,0,0,0.0,2,.667,2.0,66.7,3.0,3,1,1.000,1,33.333,Logos via Sports Logos.net / About logos,W,https://www.basketball-reference.com/boxscores/202404110BOS.html,Away,109,14:47,4,100.0,BOS,Jayson Tatum,Jaden Springer,12:47,Luke Kornet,6:44,Xavier Tillman Sr.,6:03,,,,,,,31:48,Jrue Holiday,28:50,Jaylen Brown,28:38,Derrick White,28:38,Kristaps Porziņģis,25:19,Sam Hauser,22:04,Payton Pritchard,20:50,Al Horford,15:32,Svi Mykhailiuk,12:47,109,1,5,4.0,80.0,0.0,0.0,1.0,20.0,Mitchell Robinson,9,1,2023-2024,1.0,0,4.0,NYK,118,Donte DiVincenzo,,,,,,,,,,,,,41:18,Isaiah Hartenstein,33:05,Josh Hart,31:58,Jalen Brunson,30:02,OG Anunoby,25:58,Bojan Bogdanović,25:09,Miles McBride,21:41,Precious Achiuwa,16:02,,
0,,0,0.000,0,,107,2,2,25.0,5,.833,5.0,83.3,6.0,6,5,.625,8,133.333,Logos via Sports Logos.net / About logos,W,https://www.basketball-reference.com/boxscores/202404120NYK.html,Home,111,25:02,6,75.0,BRK,Trendon Watford,,,,,,,,,,,,,38:04,Cam Thomas,36:42,Nic Claxton,35:42,Lonnie Walker IV,33:10,Jalen Wilson,32:32,Noah Clowney,27:46,Mikal Bridges,24:08,Jacob Gilyard,11:56,,,107,3,15,10.0,66.7,0.0,0.0,5.0,33.3,Mitchell Robinson,4,0,2023-2024,2.0,0,8.0,NYK,111,Donte DiVincenzo,,,,,,,,,,,,,43:43,Josh Hart,40:26,Jalen Brunson,36:32,OG Anunoby,33:31,Jericho Sims,22:58,Bojan Bogdanović,18:46,Alec Burks,11:28,Precious Achiuwa,7:34,,
0,,0,,0,,119,0,1,100.0,0,,0.0,,0.0,0,0,,0,,Logos via Sports Logos.net / About logos,W,https://www.basketball-reference.com/boxscores/202404140NYK.html,Home,120,7:26,0,0.0,CHI,DeMar DeRozan,,,,,,,,,,,,,44:29,Coby White,43:15,Nikola Vučević,42:01,Alex Caruso,40:45,Javonte Green,37:47,Dalen Terry,24:27,Torrey Craig,16:44,Jevon Carter,15:31,,,119,0,0,0.0,,0.0,,0.0,,Mitchell Robinson,1,0,2023-2024,0.0,0,1.0,NYK,120,Donte DiVincenzo,,,,,,,,,,,,,52:30,OG Anunoby,42:44,Jalen Brunson,41:11,Josh Hart,40:08,Isaiah Hartenstein,30:54,Precious Achiuwa,18:30,Bojan Bogdanović,17:17,Miles McBride,14:16,,
0,,0,0.000,1,1.00,104,4,5,41.7,3,.600,3.0,60.0,5.0,5,2,1.000,2,40.000,Logos via Sports Logos.net / About logos,W,https://www.basketball-reference.com/boxscores/202404200NYK.html,Home,111,30:21,7,58.3,PHI,Tyrese Maxey,,,,,,,,,,,,,43:40,Kyle Lowry,38:45,Kelly Oubre Jr.,38:45,Joel Embiid,36:33,Tobias Harris,31:25,Nicolas Batum,25:53,Paul Reed,11:27,Buddy Hield,10:58,Cameron Payne,2:34,104,3,8,6.0,75.0,0.0,0.0,2.0,25.0,Mitchell Robinson,7,1,2023-2024,5.0,1,12.0,NYK,111,Josh Hart,,,,,,,,,,,,,41:52,Jalen Brunson,41:19,OG Anunoby,31:28,Miles McBride,28:05,Bojan Bogdanović,24:48,Donte DiVincenzo,24:28,Isaiah Hartenstein,17:39,,,,
0,,0,,1,1.00,101,0,1,25.0,0,,0.0,,0.0,0,1,.500,2,,Logos via Sports Logos.net / About logos,W,https://www.basketball-reference.com/boxscores/202404220NYK.html,Home,104,17:41,3,75.0,PHI,Tyrese Maxey,,,,,,,,,,,,,44:29,Tobias Harris,41:12,Joel Embiid,39:06,Kyle Lowry,33:36,Nicolas Batum,32:35,Kelly Oubre Jr.,25:33,Buddy Hield,14:33,Paul Reed,8:53,,,101,1,1,0.0,0.0,0.0,0.0,1.0,100.0,Mitchell Robinson,3,0,2023-2024,0.0,1,4.0,NYK,104,Josh Hart,,,,,,,,,,,,,48:00,Jalen Brunson,37:56,Donte DiVincenzo,37:14,OG Anunoby,36:30,Isaiah Hartenstein,30:18,Miles McBride,20:49,Bojan Bogdanović,11:30,,,,
0,,0,0.000,0,,114,0,4,57.1,1,.333,1.0,33.3,3.0,3,0,.000,2,66.667,Logos via Sports Logos.net / About logos,L,https://www.basketball-reference.com/boxscores/202404250PHI.html,Away,125,11:58,3,42.9,PHI,Tyrese Maxey,,,,,,,,,,,,,41:15,Joel Embiid,40:35,Kelly Oubre Jr.,38:00,Tobias Harris,33:25,Kyle Lowry,30:50,Nicolas Batum,29:04,Cameron Payne,15:40,Paul Reed,7:14,Buddy Hield,3:57,125,3,2,2.0,100.0,0.0,0.0,0.0,0.0,Mitchell Robinson,11,0,2023-2024,0.0,0,7.0,NYK,114,Jalen Brunson,,,,,,,,,,,,,45:25,Josh Hart,43:22,OG Anunoby,39:21,Donte DiVincenzo,28:18,Isaiah Hartenstein,25:51,Miles McBride,22:17,Bojan Bogdanović,13:17,Precious Achiuwa,10:11,,
0,,0,0.000,0,0.00,112,2,4,57.1,1,.500,1.0,50.0,2.0,2,0,.000,2,100.000,Logos via Sports Logos.net / About logos,L,https://www.basketball-reference.com/boxscores/202404300NYK.html,Home,106,25:06,3,42.9,PHI,Tyrese Maxey,,,,,,,,,,,,,51:54,Tobias Harris,49:12,Joel Embiid,47:46,Kelly Oubre Jr.,39:06,Nicolas Batum,33:00,Kyle Lowry,26:27,Cameron Payne,13:38,Paul Reed,3:57,,,112,3,2,2.0,100.0,0.0,0.0,0.0,0.0,Mitchell Robinson,6,3,2023-2024,5.0,1,7.0,NYK,106,Josh Hart,,,,,,,,,,,,,53:00,Jalen Brunson,50:51,OG Anunoby,50:20,Miles McBride,33:29,Isaiah Hartenstein,26:34,Donte DiVincenzo,25:40,,,,,,
0,,0,0.000,0,,118,1,3,33.3,1,.333,1.0,33.3,3.0,3,0,,0,0.000,Logos via Sports Logos.net / About logos,W,https://www.basketball-reference.com/boxscores/202405020PHI.html,Away,115,17:46,6,66.7,PHI,Tyrese Maxey,,,,,,,,,,,,,42:56,Kelly Oubre Jr.,42:38,Joel Embiid,40:18,Tobias Harris,29:20,Nicolas Batum,27:31,Buddy Hield,21:28,Cameron Payne,15:29,Kyle Lowry,12:47,Paul Reed,7:30,115,2,2,2.0,100.0,0.0,0.0,0.0,0.0,Mitchell Robinson,3,2,2023-2024,3.0,0,9.0,NYK,118,Donte DiVincenzo,,,,,,,,,,,,,48:00,Josh Hart,46:29,OG Anunoby,45:15,Jalen Brunson,43:36,Isaiah Hartenstein,29:52,Miles McBride,9:01,,,,,,
0,,0,0.000,1,,117,0,1,50.0,1,1.000,1.0,100.0,1.0,1,0,,0,0.000,Logos via Sports Logos.net / About logos,W,https://www.basketball-reference.com/boxscores/202405060NYK.html,Home,121,11:47,1,50.0,IND,Pascal Siakam,,,,,,,,,,,,,36:40,Tyrese Haliburton,36:08,Myles Turner,34:36,Aaron Nesmith,30:53,Andrew Nembhard,29:08,T.J. McConnell,22:17,Obi Toppin,19:17,Ben Sheppard,17:43,Isaiah Jackson,13:18,117,3,2,2.0,100.0,0.0,0.0,0.0,0.0,Mitchell Robinson,4,0,2023-2024,0.0,0,2.0,NYK,121,Josh Hart,,,,,,,,,,,,,48:00,Donte DiVincenzo,43:41,Jalen Brunson,43:32,OG Anunoby,42:05,Isaiah Hartenstein,36:01,Miles McBride,10:36,Precious Achiuwa,4:18,,,,
