3P,3P%,3PA,3PAr,AST,AST/TOV,Away_Score,BLK,DRB,DRB_Pct_of_TRB,FG,FG%,FG2,FG2%,FG2A,FGA,FT,FT%,FTA,FTr,Game_Date,Game_Result,Game_URL,Home/Away,Home_Score,MP,ORB,ORB_Pct_of_TRB,Opponent,Opponent_1,Opponent_10,Opponent_10_MP,Opponent_11,Opponent_11_MP,Opponent_12,Opponent_12_MP,Opponent_13,Opponent_13_MP,Opponent_14,Opponent_14_MP,Opponent_15,Opponent_15_MP,Opponent_1_MP,Opponent_2,Opponent_2_MP,Opponent_3,Opponent_3_MP,Opponent_4,Opponent_4_MP,Opponent_5,Opponent_5_MP,Opponent_6,Opponent_6_MP,Opponent_7,Opponent_7_MP,Opponent_8,Opponent_8_MP,Opponent_9,Opponent_9_MP,Opponent_Score,PF,PTS,PTS_2P,PTS_2P_Pct,PTS_3P,PTS_3P_Pct,PTS_FT,PTS_FT_Pct,Player,Point_Differential,STL,Season,Stocks,TOV,TRB,Team,Team_Score,Teammate_1,Teammate_10,Teammate_10_MP,Teammate_11,Teammate_11_MP,Teammate_12,Teammate_12_MP,Teammate_13,Teammate_13_MP,Teammate_14,Teammate_14_MP,Teammate_15,Teammate_15_MP,Teammate_1_MP,Teammate_2,Teammate_2_MP,Teammate_3,Teammate_3_MP,Teammate_4,Teammate_4_MP,Teammate_5,Teammate_5_MP,Teammate_6,Teammate_6_MP,Teammate_7,Teammate_7_MP,Teammate_8,Teammate_8_MP,Teammate_9,Teammate_9_MP
2,.286,7,70.000,0,0.00,95,0,0,,3,.300,1.0,33.3,3.0,10,1,1.000,1,10.000,Logos via Sports Logos.net / About logos,L,https://www.basketball-reference.com/boxscores/201410290SAC.html,Home,77,25:59,0,,GSW,Klay Thompson,Ognjen Kuzmić,6:27,Justin Holiday,4:27,Shaun Livingston,3:40,,,,,,,37:59,Stephen Curry,36:32,Draymond Green,34:22,Andre Iguodala,29:15,Harrison Barnes,28:50,Andrew Bogut,18:04,Marreese Speights,17:49,Leandro Barbosa,14:26,Festus Ezeli,8:09,95,3,9,2.0,22.2,6.0,66.7,1.0,11.1,Nik Stauskas,18,0,2014-2015,0.0,1,0.0,SAC,77,Darren Collison,Reggie Evans,6:54,Ryan Hollins,1:31,Ray McCallum,1:31,,,,,,,36:12,Rudy Gay,33:30,DeMarcus Cousins,30:47,Ben McLemore,26:27,Jason Thompson,21:26,Carl Landry,17:23,Omri Casspi,15:24,Derrick Williams,12:42,Ramon Sessions,10:14
0,.000,1,25.000,0,,94,0,1,50.0,0,.000,0.0,0.0,3.0,4,0,,0,0.000,Logos via Sports Logos.net / About logos,W,https://www.basketball-reference.com/boxscores/201410310SAC.html,Home,103,16:17,1,50.0,POR,LaMarcus Aldridge,Joel Freeland,6:08,,,,,,,,,,,37:34,Wesley Matthews,37:15,Damian Lillard,35:20,Nicolas Batum,35:02,Robin Lopez,29:27,Steve Blake,21:36,Chris Kaman,20:49,CJ McCollum,10:11,Dorell Wright,6:38,94,1,0,0.0,,0.0,,0.0,,Nik Stauskas,9,1,2014-2015,1.0,0,2.0,SAC,103,Darren Collison,Ryan Hollins,1:05,,,,,,,,,,,37:41,Rudy Gay,36:25,Ben McLemore,31:43,DeMarcus Cousins,31:28,Reggie Evans,23:30,Jason Thompson,22:42,Carl Landry,15:59,Omri Casspi,12:51,Ramon Sessions,10:19
1,.333,3,100.000,1,1.00,98,3,0,,1,.333,0.0,,0.0,3,0,,0,0.000,Logos via Sports Logos.net / About logos,W,https://www.basketball-reference.com/boxscores/201411020LAC.html,Away,92,20:40,0,,LAC,Blake Griffin,Hedo Türkoğlu,9:52,,,,,,,,,,,38:08,Chris Paul,37:26,JJ Redick,32:32,Matt Barnes,31:03,DeAndre Jordan,25:26,Spencer Hawes,22:34,Jordan Farmar,17:55,Chris Douglas-Roberts,14:30,Jared Cunningham,10:34,92,1,3,0.0,0.0,3.0,100.0,0.0,0.0,Nik Stauskas,6,0,2014-2015,3.0,1,0.0,SAC,98,Darren Collison,Derrick Williams,3:47,,,,,,,,,,,39:19,Rudy Gay,38:45,Jason Thompson,37:14,DeMarcus Cousins,34:24,Ben McLemore,20:12,Omri Casspi,16:07,Carl Landry,13:56,Ramon Sessions,9:15,Reggie Evans,6:21
0,,0,,0,,110,0,0,,0,,0.0,,0.0,0,0,,0,,Logos via Sports Logos.net / About logos,W,https://www.basketball-reference.com/boxscores/201411030DEN.html,Away,105,1:33,0,,DEN,Kenneth Faried,Nate Robinson,12:36,Jusuf Nurkić,7:45,Alonzo Gee,6:23,,,,,,,38:04,Ty Lawson,35:24,Arron Afflalo,30:48,Wilson Chandler,30:46,Randy Foye,18:29,Darrell Arthur,16:01,Timofey Mozgov,15:47,Danilo Gallinari,14:01,JaVale McGee,13:56,105,3,0,0.0,,0.0,,0.0,,Nik Stauskas,5,0,2014-2015,0.0,0,0.0,SAC,110,Darren Collison,Ray McCallum,13:34,Derrick Williams,10:24,,,,,,,,,29:43,Omri Casspi,27:13,DeMarcus Cousins,25:29,Jason Thompson,23:12,Carl Landry,23:07,Rudy Gay,23:02,Reggie Evans,22:31,Ramon Sessions,20:44,Ben McLemore,19:28
1,.333,3,60.000,2,,109,0,0,,2,.400,1.0,50.0,2.0,5,0,,0,0.000,Logos via Sports Logos.net / About logos,W,https://www.basketball-reference.com/boxscores/201411050SAC.html,Home,131,16:26,0,,DEN,Ty Lawson,JaVale McGee,13:06,Jusuf Nurkić,12:34,Timofey Mozgov,10:34,,,,,,,31:56,Wilson Chandler,30:25,Randy Foye,27:59,Arron Afflalo,21:49,Kenneth Faried,21:14,Nate Robinson,20:48,Darrell Arthur,17:01,Alonzo Gee,16:55,Danilo Gallinari,15:39,109,3,5,2.0,40.0,3.0,60.0,0.0,0.0,Nik Stauskas,22,0,2014-2015,0.0,0,0.0,SAC,131,Ben McLemore,Ray McCallum,6:29,Derrick Williams,5:48,Ryan Hollins,1:42,,,,,,,35:46,Rudy Gay,35:15,Darren Collison,31:34,DeMarcus Cousins,22:29,Omri Casspi,21:32,Reggie Evans,18:44,Jason Thompson,16:33,Carl Landry,16:18,Ramon Sessions,11:24
1,.250,4,57.143,2,,114,0,3,100.0,4,.571,3.0,100.0,3.0,7,0,,0,0.000,Logos via Sports Logos.net / About logos,W,https://www.basketball-reference.com/boxscores/201411070PHO.html,Away,112,28:39,0,0.0,PHO,Goran Dragić,Shavlik Randolph,8:11,,,,,,,,,,,46:19,Eric Bledsoe,42:33,Marcus Morris,41:19,Miles Plumlee,40:47,P.J. Tucker,37:28,Markieff Morris,31:53,Isaiah Thomas,17:19,Gerald Green,13:44,Alex Len,10:27,112,3,9,6.0,66.7,3.0,33.3,0.0,0.0,Nik Stauskas,2,0,2014-2015,0.0,0,3.0,SAC,114,Rudy Gay,Ray McCallum,0:10,Derrick Williams,0:06,,,,,,,,,47:31,Carl Landry,36:33,DeMarcus Cousins,34:43,Darren Collison,33:10,Jason Thompson,33:02,Ben McLemore,29:29,Ramon Sessions,24:50,Reggie Evans,11:12,Omri Casspi,10:35
0,.000,2,100.000,1,1.00,93,0,0,,0,.000,0.0,,0.0,2,0,,0,0.000,Logos via Sports Logos.net / About logos,L,https://www.basketball-reference.com/boxscores/201411090OKC.html,Away,101,15:32,0,,OKC,Reggie Jackson,,,,,,,,,,,,,41:48,Serge Ibaka,35:08,Jeremy Lamb,34:09,Lance Thomas,30:42,Nick Collison,25:22,Kendrick Perkins,24:56,Steven Adams,22:44,Sebastian Telfair,17:18,Ish Smith,7:53,101,2,0,0.0,,0.0,,0.0,,Nik Stauskas,8,0,2014-2015,0.0,1,0.0,SAC,93,Rudy Gay,Ray McCallum,4:50,,,,,,,,,,,37:38,Darren Collison,34:54,DeMarcus Cousins,34:09,Jason Thompson,28:16,Ben McLemore,27:43,Carl Landry,19:22,Reggie Evans,13:51,Ramon Sessions,13:06,Omri Casspi,10:39
0,.000,1,100.000,1,,98,0,0,,0,.000,0.0,,0.0,1,0,,0,0.000,Logos via Sports Logos.net / About logos,L,https://www.basketball-reference.com/boxscores/201411110DAL.html,Away,106,8:50,0,,DAL,Chandler Parsons,Greg Smith,5:45,Jae Crowder,5:39,,,,,,,,,36:28,Dirk Nowitzki,34:25,Tyson Chandler,33:19,Devin Harris,32:41,Monta Ellis,29:23,Jameer Nelson,25:37,Brandan Wright,15:43,Al-Farouq Aminu,12:42,J.J. Barea,8:19,106,0,0,0.0,,0.0,,0.0,,Nik Stauskas,8,0,2014-2015,0.0,0,0.0,SAC,98,Ben McLemore,Ryan Hollins,6:04,Derrick Williams,0:39,,,,,,,,,39:10,Rudy Gay,39:05,Ramon Sessions,35:59,DeMarcus Cousins,29:34,Carl Landry,28:12,Omri Casspi,13:43,Reggie Evans,13:31,Jason Thompson,13:12,Ray McCallum,12:01
1,1.000,1,50.000,1,,110,0,1,100.0,1,.500,0.0,0.0,1.0,2,0,,0,0.000,Logos via Sports Logos.net / About logos,L,https://www.basketball-reference.com/boxscores/201411130MEM.html,Away,111,10:44,0,0.0,MEM,Mike Conley,Beno Udrih,9:16,Quincy Pondexter,7:59,,,,,,,,,38:44,Marc Gasol,37:25,Courtney Lee,35:55,Zach Randolph,34:15,Tony Allen,24:20,Vince Carter,17:04,Jon Leuer,13:41,Tayshaun Prince,10:48,Kosta Koufos,10:33,111,0,3,0.0,0.0,3.0,100.0,0.0,0.0,Nik Stauskas,1,0,2014-2015,0.0,0,1.0,SAC,110,Rudy Gay,Ryan Hollins,0:00,,,,,,,,,,,40:16,Darren Collison,37:20,Ben McLemore,37:20,DeMarcus Cousins,30:51,Jason Thompson,27:25,Carl Landry,25:10,Reggie Evans,12:30,Ramon Sessions,10:40,Omri Casspi,7:44
0,.000,2,100.000,0,,91,0,0,,0,.000,0.0,,0.0,2,0,,0,0.000,Logos via Sports Logos.net / About logos,W,https://www.basketball-reference.com/boxscores/201411150SAC.html,Home,94,8:26,0,,SAS,Kawhi Leonard,Jeff Ayres,3:15,,,,,,,,,,,40:09,Tony Parker,35:32,Tim Duncan,34:09,Danny Green,33:36,Manu Ginóbili,26:26,Boris Diaw,23:15,Aron Baynes,17:42,Cory Joseph,15:36,Matt Bonner,10:20,91,0,0,0.0,,0.0,,0.0,,Nik Stauskas,3,0,2014-2015,0.0,0,0.0,SAC,94,Ben McLemore,,,,,,,,,,,,,39:42,Darren Collison,39:23,Rudy Gay,37:35,Jason Thompson,32:01,DeMarcus Cousins,26:52,Omri Casspi,22:25,Carl Landry,20:03,Ramon Sessions,8:37,Derrick Williams,4:56
1,1.000,1,25.000,1,,106,0,1,100.0,2,.500,1.0,33.3,3.0,4,0,,0,0.000,Logos via Sports Logos.net / About logos,L,https://www.basketball-reference.com/boxscores/201411180SAC.html,Home,100,19:00,0,0.0,NOP,Anthony Davis,,,,,,,,,,,,,41:08,Eric Gordon,37:17,Jrue Holiday,34:09,Ryan Anderson,31:39,Tyreke Evans,31:12,Luke Babbitt,20:28,Alexis Ajinça,19:33,Austin Rivers,19:18,John Salmons,5:16,106,1,5,2.0,40.0,3.0,60.0,0.0,0.0,Nik Stauskas,6,0,2014-2015,0.0,0,1.0,SAC,100,Rudy Gay,,,,,,,,,,,,,36:53,DeMarcus Cousins,34:12,Darren Collison,30:56,Ben McLemore,29:00,Omri Casspi,27:32,Jason Thompson,25:24,Ray McCallum,20:45,Carl Landry,16:11,Ryan Hollins,0:07
0,,0,,0,,88,0,0,,0,,0.0,,0.0,0,0,,0,,Logos via Sports Logos.net / About logos,W,https://www.basketball-reference.com/boxscores/201411200SAC.html,Home,103,0:25,0,,CHI,Joakim Noah,Cameron Bairstow,5:30,Nazr Mohammed,1:13,E'Twaun Moore,1:13,,,,,,,37:24,Jimmy Butler,36:38,Mike Dunleavy,34:40,Taj Gibson,33:42,Kirk Hinrich,28:58,Aaron Brooks,24:36,Nikola Mirotić,18:11,Doug McDermott,12:02,Tony Snell,5:53,88,0,0,0.0,,0.0,,0.0,,Nik Stauskas,15,0,2014-2015,0.0,0,0.0,SAC,103,Darren Collison,Ryan Hollins,0:37,Ray McCallum,0:25,,,,,,,,,40:29,Rudy Gay,35:06,DeMarcus Cousins,34:22,Ben McLemore,29:57,Jason Thompson,29:24,Derrick Williams,22:15,Carl Landry,16:58,Omri Casspi,16:40,Ramon Sessions,13:21
0,.000,3,100.000,1,,113,0,1,100.0,0,.000,0.0,,0.0,3,0,,0,0.000,Logos via Sports Logos.net / About logos,W,https://www.basketball-reference.com/boxscores/201411220MIN.html,Away,101,7:03,0,0.0,MIN,Andrew Wiggins,,,,,,,,,,,,,41:11,Gorgui Dieng,38:38,Mo Williams,34:59,Corey Brewer,30:07,Anthony Bennett,29:46,Chase Budinger,24:42,Shabazz Muhammad,18:14,Zach LaVine,13:01,Robbie Hummel,9:22,101,0,0,0.0,,0.0,,0.0,,Nik Stauskas,12,0,2014-2015,0.0,0,1.0,SAC,113,Ben McLemore,,,,,,,,,,,,,40:57,DeMarcus Cousins,39:22,Rudy Gay,35:43,Darren Collison,33:15,Derrick Williams,30:15,Jason Thompson,17:45,Ramon Sessions,14:45,Omri Casspi,12:17,Carl Landry,8:38
1,.333,3,50.000,1,,99,2,2,66.7,4,.667,3.0,100.0,3.0,6,0,,0,0.000,Logos via Sports Logos.net / About logos,W,https://www.basketball-reference.com/boxscores/201411250NOP.html,Away,89,23:50,1,33.3,NOP,Tyreke Evans,Jeff Withey,9:15,Luke Babbitt,8:55,,,,,,,,,37:57,Anthony Davis,37:49,Ryan Anderson,29:35,Jrue Holiday,29:28,Austin Rivers,27:22,Ömer Aşık,25:59,Darius Miller,14:22,John Salmons,9:57,Jimmer Fredette,9:21,89,2,9,6.0,66.7,3.0,33.3,0.0,0.0,Nik Stauskas,10,1,2014-2015,3.0,0,3.0,SAC,99,Omri Casspi,,,,,,,,,,,,,36:01,DeMarcus Cousins,34:55,Jason Thompson,32:32,Ramon Sessions,31:34,Ben McLemore,29:16,Ray McCallum,19:27,Derrick Williams,16:40,Carl Landry,15:45,,
1,.333,3,75.000,1,,89,1,1,100.0,1,.250,0.0,0.0,1.0,4,4,1.000,4,100.000,Logos via Sports Logos.net / About logos,L,https://www.basketball-reference.com/boxscores/201411260HOU.html,Away,102,14:12,0,0.0,HOU,Trevor Ariza,Nick Johnson,0:34,Troy Daniels,0:34,,,,,,,,,41:12,James Harden,37:27,Donatas Motiejūnas,37:00,Isaiah Canaan,31:59,Kostas Papanikolaou,28:35,Francisco García,16:13,Jason Terry,16:01,Joey Dorsey,15:22,Tarik Black,15:03,102,3,7,0.0,0.0,3.0,42.9,4.0,57.1,Nik Stauskas,13,0,2014-2015,1.0,0,1.0,SAC,89,Omri Casspi,,,,,,,,,,,,,41:08,Ben McLemore,37:59,DeMarcus Cousins,36:50,Jason Thompson,35:07,Ramon Sessions,34:33,Carl Landry,16:20,Ray McCallum,13:27,Derrick Williams,9:50,Eric Moreland,0:34
0,,0,,1,,104,0,1,100.0,0,,0.0,,0.0,0,0,,0,,Logos via Sports Logos.net / About logos,L,https://www.basketball-reference.com/boxscores/201411280SAS.html,Away,112,6:50,0,0.0,SAS,Kawhi Leonard,Cory Joseph,9:51,Jeff Ayres,1:14,,,,,,,,,38:13,Tony Parker,38:09,Boris Diaw,32:37,Tim Duncan,32:22,Manu Ginóbili,23:12,Danny Green,20:58,Matt Bonner,15:23,Aron Baynes,14:24,Marco Belinelli,13:37,112,1,0,0.0,,0.0,,0.0,,Nik Stauskas,8,0,2014-2015,0.0,0,1.0,SAC,104,Ben McLemore,,,,,,,,,,,,,41:10,Darren Collison,34:44,Rudy Gay,34:41,Jason Thompson,29:50,Ryan Hollins,25:41,Carl Landry,23:27,Derrick Williams,17:02,Omri Casspi,13:19,Ramon Sessions,13:16
0,.000,3,75.000,0,,97,0,0,,0,.000,0.0,0.0,1.0,4,0,,0,0.000,Logos via Sports Logos.net / About logos,L,https://www.basketball-reference.com/boxscores/201411300SAC.html,Home,85,6:49,0,,MEM,Zach Randolph,Vince Carter,14:29,Nick Calathes,1:14,Jarnell Stokes,0:38,,,,,,,34:24,Courtney Lee,32:26,Mike Conley,31:01,Marc Gasol,30:33,Tony Allen,28:55,Quincy Pondexter,18:56,Beno Udrih,16:59,Jon Leuer,15:14,Kosta Koufos,15:11,97,0,0,0.0,,0.0,,0.0,,Nik Stauskas,12,0,2014-2015,0.0,0,0.0,SAC,85,Ben McLemore,Ray McCallum,1:14,Eric Moreland,1:14,,,,,,,,,40:55,Darren Collison,37:35,Reggie Evans,34:58,Rudy Gay,32:37,Carl Landry,22:48,Jason Thompson,19:33,Ryan Hollins,17:27,Omri Casspi,15:03,Ramon Sessions,9:47
0,.000,1,50.000,0,,117,0,0,,1,.500,1.0,100.0,1.0,2,4,.667,6,300.000,Logos via Sports Logos.net / About logos,L,https://www.basketball-reference.com/boxscores/201412020SAC.html,Home,109,17:12,0,,TOR,Kyle Lowry,,,,,,,,,,,,,37:15,Jonas Valančiūnas,33:16,Amir Johnson,31:51,Terrence Ross,30:12,Greivis Vásquez,29:31,James Johnson,28:15,Patrick Patterson,22:23,Lou Williams,18:47,Tyler Hansbrough,8:30,117,1,6,2.0,33.3,0.0,0.0,4.0,66.7,Nik Stauskas,8,0,2014-2015,0.0,0,0.0,SAC,109,Ben McLemore,Carl Landry,1:56,,,,,,,,,,,38:57,Rudy Gay,38:48,Reggie Evans,32:16,Ramon Sessions,29:23,Omri Casspi,23:07,Jason Thompson,18:43,Darren Collison,18:37,Derrick Williams,14:23,Ryan Hollins,6:38
0,.000,2,66.667,0,,101,0,0,,0,.000,0.0,0.0,1.0,3,0,,0,0.000,Logos via Sports Logos.net / About logos,W,https://www.basketball-reference.com/boxscores/201412050SAC.html,Home,102,6:24,0,,IND,Solomon Hill,Lavoy Allen,12:54,Ian Mahinmi,12:21,,,,,,,,,37:29,C.J. Watson,36:03,Roy Hibbert,31:42,David West,31:17,Rodney Stuckey,27:28,Damjan Rudež,22:16,C.J. Miles,20:34,Luis Scola,17:38,Chris Copeland,15:17,101,1,0,0.0,,0.0,,0.0,,Nik Stauskas,1,0,2014-2015,0.0,0,0.0,SAC,102,Ben McLemore,Derrick Williams,0:03,,,,,,,,,,,46:36,Darren Collison,39:28,Jason Thompson,38:01,Rudy Gay,35:51,Reggie Evans,25:17,Carl Landry,21:31,Ryan Hollins,21:04,Omri Casspi,17:14,Ramon Sessions,13:32
0,.000,1,50.000,0,,105,0,1,100.0,0,.000,0.0,0.0,1.0,2,0,,0,0.000,Logos via Sports Logos.net / About logos,L,https://www.basketball-reference.com/boxscores/201412060SAC.html,Home,96,6:43,0,0.0,ORL,Tobias Harris,Andrew Nicholson,10:36,,,,,,,,,,,38:55,Victor Oladipo,35:54,Channing Frye,34:56,Evan Fournier,30:48,Elfrid Payton,25:12,Dewayne Dedmon,22:22,Kyle O'Quinn,18:07,Ben Gordon,12:06,Willie Green,11:04,105,1,0,0.0,,0.0,,0.0,,Nik Stauskas,9,0,2014-2015,0.0,0,1.0,SAC,96,Rudy Gay,Reggie Evans,10:30,Ray McCallum,8:01,,,,,,,,,36:11,Darren Collison,34:04,Jason Thompson,32:13,Ben McLemore,23:55,Ramon Sessions,23:28,Carl Landry,18:35,Ryan Hollins,17:38,Derrick Williams,16:53,Omri Casspi,11:49
2,.500,4,33.333,1,0.50,92,0,6,75.0,6,.500,4.0,50.0,8.0,12,1,1.000,1,8.333,Logos via Sports Logos.net / About logos,W,https://www.basketball-reference.com/boxscores/201412080SAC.html,Home,101,30:00,2,25.0,UTA,Gordon Hayward,Joe Ingles,7:06,Jeremy Evans,2:09,,,,,,,,,36:51,Trey Burke,32:11,Enes Freedom,31:56,Alec Burks,30:30,Derrick Favors,25:43,Rodney Hood,21:33,Rudy Gobert,20:56,Dante Exum,15:49,Trevor Booker,15:16,92,0,15,8.0,53.3,6.0,40.0,1.0,6.7,Nik Stauskas,9,1,2014-2015,1.0,2,8.0,SAC,101,Jason Thompson,,,,,,,,,,,,,36:15,Reggie Evans,34:15,Rudy Gay,33:23,Darren Collison,31:37,Ben McLemore,18:00,Ramon Sessions,16:23,Carl Landry,14:49,Derrick Williams,14:37,Ryan Hollins,10:41
0,.000,2,28.571,0,0.00,95,1,1,100.0,2,.286,2.0,40.0,5.0,7,0,,0,0.000,Logos via Sports Logos.net / About logos,L,https://www.basketball-reference.com/boxscores/201412090LAL.html,Away,98,16:13,0,0.0,LAL,Kobe Bryant,Robert Sacre,14:06,,,,,,,,,,,35:50,Jordan Hill,28:06,Carlos Boozer,27:59,Wesley Johnson,26:25,Ed Davis,25:33,Nick Young,22:10,Jeremy Lin,21:43,Ronnie Price,20:06,Wayne Ellington,18:02,98,1,4,4.0,100.0,0.0,0.0,0.0,0.0,Nik Stauskas,3,0,2014-2015,1.0,1,1.0,SAC,95,Darren Collison,,,,,,,,,,,,,38:23,Rudy Gay,34:07,Reggie Evans,30:29,Jason Thompson,28:24,Ben McLemore,24:45,Carl Landry,23:01,Derrick Williams,21:11,Ryan Hollins,13:50,Ramon Sessions,9:37
1,.500,2,100.000,2,0.67,113,0,0,,1,.500,0.0,,0.0,2,0,,0,0.000,Logos via Sports Logos.net / About logos,L,https://www.basketball-reference.com/boxscores/201412110SAC.html,Home,109,14:17,0,,HOU,James Harden,,,,,,,,,,,,,47:56,Trevor Ariza,42:42,Patrick Beverley,39:32,Jason Terry,35:02,Joey Dorsey,32:58,Donatas Motiejūnas,30:16,Tarik Black,16:07,Troy Daniels,12:19,Nick Johnson,8:08,113,3,3,0.0,0.0,3.0,100.0,0.0,0.0,Nik Stauskas,4,0,2014-2015,0.0,3,0.0,SAC,109,Ben McLemore,,,,,,,,,,,,,46:01,Darren Collison,41:53,Rudy Gay,40:02,Jason Thompson,34:52,Derrick Williams,33:53,Carl Landry,18:08,Reggie Evans,17:47,Ramon Sessions,11:07,Ryan Hollins,7:00
1,.200,5,55.556,1,,95,1,1,100.0,3,.333,2.0,50.0,4.0,9,0,,0,0.000,Logos via Sports Logos.net / About logos,L,https://www.basketball-reference.com/boxscores/201412130SAC.html,Home,90,15:55,0,0.0,DET,Josh Smith,,,,,,,,,,,,,37:40,Greg Monroe,32:06,Kentavious Caldwell-Pope,27:48,Kyle Singler,26:16,Andre Drummond,26:14,Brandon Jennings,24:00,D.J. Augustin,24:00,Caron Butler,21:44,Jodie Meeks,20:12,95,0,7,4.0,57.1,3.0,42.9,0.0,0.0,Nik Stauskas,5,0,2014-2015,1.0,0,1.0,SAC,90,Rudy Gay,Eric Moreland,0:17,,,,,,,,,,,35:52,Darren Collison,32:29,Ben McLemore,30:39,Ryan Hollins,26:09,Carl Landry,23:38,Derrick Williams,23:31,Jason Thompson,19:09,Ray McCallum,17:14,Reggie Evans,15:07
1,.333,3,60.000,0,,104,0,1,100.0,2,.400,1.0,50.0,2.0,5,0,,0,0.000,Logos via Sports Logos.net / About logos,L,https://www.basketball-reference.com/boxscores/201412160SAC.html,Home,92,15:33,0,0.0,OKC,Kevin Durant,Nick Collison,12:55,Perry Jones,1:13,Ish Smith,1:13,,,,,,,35:17,Serge Ibaka,34:11,Russell Westbrook,31:50,Steven Adams,26:15,Andre Roberson,23:20,Kendrick Perkins,20:32,Reggie Jackson,19:59,Anthony Morrow,17:53,Jeremy Lamb,15:22,104,1,5,2.0,40.0,3.0,60.0,0.0,0.0,Nik Stauskas,12,1,2014-2015,1.0,0,1.0,SAC,92,Rudy Gay,,,,,,,,,,,,,35:09,Jason Thompson,33:38,Ben McLemore,32:27,Darren Collison,25:34,Ramon Sessions,22:26,Carl Landry,21:48,Reggie Evans,18:50,Ryan Hollins,17:22,Derrick Williams,17:13
0,.000,1,100.000,0,0.00,108,0,0,,0,.000,0.0,,0.0,1,0,,0,0.000,Logos via Sports Logos.net / About logos,L,https://www.basketball-reference.com/boxscores/201412180SAC.html,Home,107,8:45,0,,MIL,Brandon Knight,,,,,,,,,,,,,37:37,Giannis Antetokounmpo,36:57,Jared Dudley,32:57,Jerryd Bayless,28:37,Zaza Pachulia,26:15,O.J. Mayo,23:24,Kendall Marshall,18:50,Khris Middleton,18:10,Johnny O'Bryant,17:13,108,1,0,0.0,,0.0,,0.0,,Nik Stauskas,1,0,2014-2015,0.0,1,0.0,SAC,107,Ben McLemore,,,,,,,,,,,,,41:21,Darren Collison,40:11,Rudy Gay,39:19,DeMarcus Cousins,32:49,Derrick Williams,23:48,Ramon Sessions,22:17,Jason Thompson,18:48,Carl Landry,9:47,Ryan Hollins,2:54
0,.000,1,100.000,0,,101,0,1,100.0,0,.000,0.0,,0.0,1,0,,0,0.000,Logos via Sports Logos.net / About logos,W,https://www.basketball-reference.com/boxscores/201412210SAC.html,Home,108,5:19,0,0.0,LAL,Kobe Bryant,Wayne Ellington,10:39,,,,,,,,,,,37:52,Jordan Hill,33:27,Nick Young,30:23,Ronnie Price,27:16,Ed Davis,22:39,Carlos Boozer,22:21,Wesley Johnson,21:22,Jeremy Lin,20:44,Robert Sacre,13:17,101,1,0,0.0,,0.0,,0.0,,Nik Stauskas,7,0,2014-2015,0.0,0,1.0,SAC,108,Darren Collison,Ryan Hollins,6:09,,,,,,,,,,,40:05,Rudy Gay,38:10,Ben McLemore,37:49,DeMarcus Cousins,37:03,Jason Thompson,24:43,Carl Landry,16:43,Derrick Williams,15:49,Ray McCallum,11:08,Reggie Evans,7:02
1,.500,2,66.667,2,,108,0,1,100.0,1,.333,0.0,0.0,1.0,3,0,,0,0.000,Logos via Sports Logos.net / About logos,L,https://www.basketball-reference.com/boxscores/201412220GSW.html,Away,128,9:39,0,0.0,GSW,Shaun Livingston,Marreese Speights,12:55,Brandon Rush,6:57,Leandro Barbosa,4:53,Ognjen Kuzmić,2:36,,,,,28:21,Klay Thompson,27:36,Harrison Barnes,26:35,Stephen Curry,26:18,Draymond Green,25:36,Andre Iguodala,23:46,Justin Holiday,20:22,Festus Ezeli,17:44,David Lee,16:21,128,1,3,0.0,0.0,3.0,100.0,0.0,0.0,Nik Stauskas,20,0,2014-2015,0.0,0,1.0,SAC,108,Rudy Gay,Ramon Sessions,6:01,,,,,,,,,,,36:30,Ben McLemore,32:41,Darren Collison,32:24,DeMarcus Cousins,29:37,Omri Casspi,28:33,Jason Thompson,20:09,Ray McCallum,19:58,Derrick Williams,17:01,Carl Landry,7:27
0,.000,2,100.000,1,,115,0,0,0.0,0,.000,0.0,,0.0,2,2,1.000,2,100.000,Logos via Sports Logos.net / About logos,L,https://www.basketball-reference.com/boxscores/201412260SAC.html,Home,106,8:43,1,100.0,PHO,Eric Bledsoe,Zoran Dragić,1:10,Shavlik Randolph,1:10,,,,,,,,,33:51,P.J. Tucker,32:42,Goran Dragić,32:09,Markieff Morris,30:26,Isaiah Thomas,29:03,Marcus Morris,28:16,Alex Len,23:27,Miles Plumlee,16:41,Gerald Green,11:05,115,0,2,0.0,0.0,0.0,0.0,2.0,100.0,Nik Stauskas,9,0,2014-2015,0.0,0,1.0,SAC,106,Darren Collison,,,,,,,,,,,,,36:15,Ben McLemore,35:02,Rudy Gay,34:28,Reggie Evans,31:35,Ray McCallum,26:28,Derrick Williams,22:28,Omri Casspi,17:43,Carl Landry,14:53,Jason Thompson,12:25
1,.500,2,50.000,0,,129,1,2,100.0,3,.750,2.0,100.0,2.0,4,4,1.000,4,100.000,Logos via Sports Logos.net / About logos,W,https://www.basketball-reference.com/boxscores/201412270SAC.html,Home,135,17:40,0,0.0,NYK,Carmelo Anthony,,,,,,,,,,,,,45:40,José Calderón,43:47,Shane Larkin,34:46,Jason Smith,30:14,Tim Hardaway Jr.,29:53,Cole Aldrich,24:10,Pablo Prigioni,22:49,Samuel Dalembert,18:48,Travis Wear,14:53,129,2,11,4.0,36.4,3.0,27.3,4.0,36.4,Nik Stauskas,6,1,2014-2015,2.0,0,2.0,SAC,135,Rudy Gay,Omri Casspi,4:04,,,,,,,,,,,43:25,Darren Collison,42:57,Ben McLemore,35:48,DeMarcus Cousins,32:14,Ray McCallum,29:43,Jason Thompson,17:11,Reggie Evans,16:09,Derrick Williams,15:06,Carl Landry,10:44
2,1.000,2,40.000,1,1.00,99,0,0,,3,.600,1.0,33.3,3.0,5,0,,0,0.000,Logos via Sports Logos.net / About logos,L,https://www.basketball-reference.com/boxscores/201412290BRK.html,Away,107,16:53,0,,BRK,Joe Johnson,Bojan Bogdanović,6:38,,,,,,,,,,,33:49,Mason Plumlee,33:19,Jarrett Jack,31:52,Sergey Karasev,30:14,Mirza Teletović,29:26,Alan Anderson,25:11,Kevin Garnett,20:52,Deron Williams,16:52,Brook Lopez,11:47,107,3,8,2.0,25.0,6.0,75.0,0.0,0.0,Nik Stauskas,8,0,2014-2015,0.0,1,0.0,SAC,99,Rudy Gay,Reggie Evans,7:57,Ryan Hollins,7:05,,,,,,,,,37:56,DeMarcus Cousins,36:39,Ben McLemore,31:57,Darren Collison,30:42,Omri Casspi,20:16,Ray McCallum,17:18,Jason Thompson,13:06,Carl Landry,11:44,Derrick Williams,8:27
0,.000,2,33.333,1,,84,0,3,100.0,1,.167,1.0,25.0,4.0,6,2,.500,4,66.667,Logos via Sports Logos.net / About logos,L,https://www.basketball-reference.com/boxscores/201412310BOS.html,Away,106,22:39,0,0.0,BOS,Marcus Smart,Brandon Bass,16:41,Brandan Wright,8:22,Phil Pressey,2:13,,,,,,,28:29,Jared Sullinger,27:17,Kelly Olynyk,26:02,Jeff Green,24:06,Jae Crowder,23:54,Evan Turner,22:40,Avery Bradley,22:33,Jameer Nelson,20:05,Tyler Zeller,17:38,106,0,4,2.0,50.0,0.0,0.0,2.0,50.0,Nik Stauskas,22,1,2014-2015,1.0,0,3.0,SAC,84,Rudy Gay,Reggie Evans,11:24,,,,,,,,,,,34:12,Darren Collison,32:15,Carl Landry,29:19,DeMarcus Cousins,29:05,Ray McCallum,22:17,Ben McLemore,18:49,Derrick Williams,16:19,Omri Casspi,12:13,Ryan Hollins,11:28
0,.000,2,50.000,1,1.00,110,0,0,,0,.000,0.0,0.0,2.0,4,0,,0,0.000,Logos via Sports Logos.net / About logos,W,https://www.basketball-reference.com/boxscores/201501010MIN.html,Away,107,11:37,0,,MIN,Andrew Wiggins,Chase Budinger,8:25,,,,,,,,,,,40:29,Shabazz Muhammad,35:41,Gorgui Dieng,29:54,Mo Williams,27:17,Thaddeus Young,25:28,Anthony Bennett,21:21,Zach LaVine,20:43,Jeff Adrien,18:06,Troy Daniels,12:36,107,0,0,0.0,,0.0,,0.0,,Nik Stauskas,3,0,2014-2015,0.0,1,0.0,SAC,110,Darren Collison,,,,,,,,,,,,,39:16,Ben McLemore,37:55,Rudy Gay,32:37,Derrick Williams,30:49,Carl Landry,27:03,DeMarcus Cousins,26:44,Jason Thompson,23:43,Ray McCallum,10:16,,
1,1.000,1,50.000,2,2.00,95,0,2,100.0,1,.500,0.0,0.0,1.0,2,0,,0,0.000,Logos via Sports Logos.net / About logos,L,https://www.basketball-reference.com/boxscores/201501040DET.html,Away,114,16:09,0,0.0,DET,Brandon Jennings,Joel Anthony,8:09,Anthony Tolliver,7:00,,,,,,,,,30:33,Andre Drummond,28:16,Greg Monroe,26:59,Kentavious Caldwell-Pope,26:34,Jodie Meeks,25:36,Jonas Jerebko,25:26,Caron Butler,24:17,Kyle Singler,19:42,D.J. Augustin,17:27,114,3,3,0.0,0.0,3.0,100.0,0.0,0.0,Nik Stauskas,19,1,2014-2015,1.0,1,2.0,SAC,95,DeMarcus Cousins,,,,,,,,,,,,,40:21,Ben McLemore,39:32,Rudy Gay,35:56,Darren Collison,28:15,Derrick Williams,23:28,Jason Thompson,22:36,Ray McCallum,19:45,Carl Landry,13:58,,
0,.000,1,25.000,0,,83,0,2,100.0,0,.000,0.0,0.0,3.0,4,0,,0,0.000,Logos via Sports Logos.net / About logos,W,https://www.basketball-reference.com/boxscores/201501070SAC.html,Home,104,10:03,0,0.0,OKC,Serge Ibaka,Kendrick Perkins,13:03,Andre Roberson,8:21,Jeremy Lamb,3:45,Ish Smith,3:45,,,,,32:39,Kevin Durant,32:34,Russell Westbrook,27:27,Anthony Morrow,26:02,Dion Waiters,22:19,Reggie Jackson,21:49,Nick Collison,17:26,Perry Jones,16:11,Steven Adams,14:39,83,1,0,0.0,,0.0,,0.0,,Nik Stauskas,21,0,2014-2015,0.0,0,2.0,SAC,104,Darren Collison,,,,,,,,,,,,,38:21,DeMarcus Cousins,37:32,Rudy Gay,35:03,Ben McLemore,34:16,Derrick Williams,26:50,Carl Landry,18:35,Jason Thompson,16:48,Ray McCallum,15:20,Ryan Hollins,7:12
2,.500,4,66.667,0,,118,0,1,100.0,4,.667,2.0,100.0,2.0,6,3,1.000,3,50.000,Logos via Sports Logos.net / About logos,L,https://www.basketball-reference.com/boxscores/201501090SAC.html,Home,108,19:48,0,0.0,DEN,Arron Afflalo,Erick Green,1:41,,,,,,,,,,,38:02,Kenneth Faried,36:12,Ty Lawson,36:08,Darrell Arthur,27:47,Alonzo Gee,24:21,J.J. Hickson,22:51,Jusuf Nurkić,22:08,Nate Robinson,17:56,Gary Harris,12:54,118,2,13,4.0,30.8,6.0,46.2,3.0,23.1,Nik Stauskas,10,0,2014-2015,0.0,0,1.0,SAC,108,DeMarcus Cousins,,,,,,,,,,,,,39:21,Rudy Gay,37:32,Darren Collison,36:20,Ben McLemore,29:32,Jason Thompson,27:39,Carl Landry,17:53,Ray McCallum,16:32,Derrick Williams,12:51,Ryan Hollins,2:32
0,.000,1,50.000,0,0.00,84,0,1,100.0,0,.000,0.0,0.0,1.0,2,0,,0,0.000,Logos via Sports Logos.net / About logos,W,https://www.basketball-reference.com/boxscores/201501110SAC.html,Home,103,16:59,0,0.0,CLE,Kyrie Irving,Brendan Haywood,5:46,,,,,,,,,,,36:02,Kevin Love,34:43,Timofey Mozgov,32:38,J.R. Smith,30:41,Mike Miller,24:41,Matthew Dellavedova,23:51,Joe Harris,22:48,Tristan Thompson,22:38,James Jones,6:12,84,1,0,0.0,,0.0,,0.0,,Nik Stauskas,19,0,2014-2015,0.0,1,1.0,SAC,103,DeMarcus Cousins,,,,,,,,,,,,,35:05,Rudy Gay,32:48,Darren Collison,32:42,Jason Thompson,31:40,Ben McLemore,26:30,Carl Landry,23:00,Ray McCallum,19:49,Derrick Williams,16:20,Ryan Hollins,5:07
1,.333,3,100.000,0,0.00,108,0,1,100.0,1,.333,0.0,,0.0,3,1,.500,2,66.667,Logos via Sports Logos.net / About logos,L,https://www.basketball-reference.com/boxscores/201501130SAC.html,Home,104,18:41,0,0.0,DAL,Tyson Chandler,Charlie Villanueva,5:35,Al-Farouq Aminu,5:05,,,,,,,,,43:53,Monta Ellis,40:06,Dirk Nowitzki,38:26,Rajon Rondo,38:14,Chandler Parsons,36:32,Devin Harris,22:18,J.J. Barea,15:02,Richard Jefferson,13:43,Greg Smith,6:06,108,3,4,0.0,0.0,3.0,75.0,1.0,25.0,Nik Stauskas,4,0,2014-2015,0.0,1,1.0,SAC,104,Darren Collison,,,,,,,,,,,,,45:26,DeMarcus Cousins,40:29,Ben McLemore,38:40,Derrick Williams,36:16,Carl Landry,30:51,Ray McCallum,24:40,Jason Thompson,19:41,Rudy Gay,10:16,,
0,,0,0.000,2,,95,0,0,0.0,2,.400,2.0,40.0,5.0,5,0,,0,0.000,Logos via Sports Logos.net / About logos,L,https://www.basketball-reference.com/boxscores/201501160SAC.html,Home,83,14:34,1,100.0,MIA,Chris Bosh,James Ennis III,5:00,,,,,,,,,,,38:59,Shabazz Napier,37:56,Luol Deng,37:18,Mario Chalmers,35:07,Udonis Haslem,24:09,Shawne Williams,18:05,Norris Cole,17:57,Hassan Whiteside,14:47,Danny Granger,10:42,95,3,4,4.0,100.0,0.0,0.0,0.0,0.0,Nik Stauskas,12,0,2014-2015,0.0,0,1.0,SAC,83,DeMarcus Cousins,,,,,,,,,,,,,38:30,Darren Collison,37:54,Ben McLemore,37:01,Derrick Williams,33:14,Reggie Evans,24:28,Jason Thompson,20:27,Omri Casspi,16:48,Ray McCallum,15:00,Ryan Hollins,2:04
0,,0,,0,,103,0,0,,0,,0.0,,0.0,0,0,,0,,Logos via Sports Logos.net / About logos,L,https://www.basketball-reference.com/boxscores/201501210SAC.html,Home,100,6:42,0,,BRK,Jarrett Jack,Markel Brown,5:10,Jerome Jordan,2:01,,,,,,,,,38:32,Brook Lopez,37:41,Joe Johnson,37:14,Bojan Bogdanović,30:44,Alan Anderson,29:25,Mirza Teletović,20:44,Kevin Garnett,14:12,Darius Morris,13:10,Mason Plumlee,11:07,103,1,0,0.0,,0.0,,0.0,,Nik Stauskas,3,0,2014-2015,0.0,0,0.0,SAC,100,Rudy Gay,Ray McCallum,0:02,,,,,,,,,,,41:51,DeMarcus Cousins,40:55,Ben McLemore,36:53,Darren Collison,36:51,Jason Thompson,22:20,Ramon Sessions,21:31,Omri Casspi,18:54,Derrick Williams,11:11,Reggie Evans,2:50
1,1.000,1,20.000,2,1.00,101,0,3,100.0,4,.800,3.0,75.0,4.0,5,2,1.000,2,40.000,Logos via Sports Logos.net / About logos,L,https://www.basketball-reference.com/boxscores/201501230GSW.html,Away,126,22:47,0,0.0,GSW,Klay Thompson,Brandon Rush,15:44,James Michael McAdoo,5:35,,,,,,,,,32:49,Stephen Curry,29:03,Draymond Green,27:10,Justin Holiday,24:47,Andrew Bogut,23:53,Harrison Barnes,22:40,Marreese Speights,20:55,Shaun Livingston,18:57,David Lee,18:27,126,1,11,6.0,54.5,3.0,27.3,2.0,18.2,Nik Stauskas,25,1,2014-2015,1.0,2,3.0,SAC,101,DeMarcus Cousins,Ryan Hollins,8:23,Omri Casspi,7:13,,,,,,,,,35:07,Darren Collison,34:25,Quincy Miller,33:48,Ben McLemore,25:13,Derrick Williams,22:15,Ramon Sessions,13:35,Ray McCallum,12:58,Rudy Gay,12:47,Jason Thompson,11:29
0,.000,1,20.000,0,,102,0,0,,3,.600,3.0,75.0,4.0,5,2,1.000,2,40.000,Logos via Sports Logos.net / About logos,L,https://www.basketball-reference.com/boxscores/201501280TOR.html,Away,119,17:21,0,,TOR,Kyle Lowry,Tyler Hansbrough,12:09,James Johnson,7:15,,,,,,,,,32:45,DeMar DeRozan,31:20,Greivis Vásquez,31:04,Lou Williams,26:06,Jonas Valančiūnas,25:31,Patrick Patterson,23:40,Amir Johnson,21:08,Terrence Ross,15:30,Chuck Hayes,13:32,119,2,8,6.0,75.0,0.0,0.0,2.0,25.0,Nik Stauskas,17,1,2014-2015,1.0,0,0.0,SAC,102,Ben McLemore,Ryan Hollins,5:15,,,,,,,,,,,35:54,Rudy Gay,32:23,DeMarcus Cousins,30:22,Jason Thompson,30:20,Darren Collison,30:19,Carl Landry,23:00,Ramon Sessions,17:28,Derrick Williams,12:23,Ray McCallum,5:15
0,.000,1,33.333,1,,90,0,2,100.0,0,.000,0.0,0.0,2.0,3,0,,0,0.000,Logos via Sports Logos.net / About logos,L,https://www.basketball-reference.com/boxscores/201501300CLE.html,Away,101,15:18,0,0.0,CLE,J.R. Smith,Mike Miller,4:57,James Jones,2:22,,,,,,,,,36:51,LeBron James,33:04,Kyrie Irving,31:42,Kevin Love,29:04,Tristan Thompson,28:13,Iman Shumpert,21:33,Timofey Mozgov,20:38,Matthew Dellavedova,16:18,Shawn Marion,15:18,101,1,0,0.0,,0.0,,0.0,,Nik Stauskas,11,0,2014-2015,0.0,0,2.0,SAC,90,DeMarcus Cousins,Ray McCallum,7:31,Quincy Miller,7:31,Derrick Williams,6:06,,,,,,,35:34,Rudy Gay,32:36,Ben McLemore,26:40,Darren Collison,25:33,Omri Casspi,22:41,Jason Thompson,20:33,Carl Landry,17:30,Ramon Sessions,14:56,Ryan Hollins,7:31
0,,0,,1,1.00,99,0,0,,0,,0.0,,0.0,0,2,1.000,2,,Logos via Sports Logos.net / About logos,W,https://www.basketball-reference.com/boxscores/201501310IND.html,Away,94,7:19,0,,IND,C.J. Miles,Rodney Stuckey,19:11,,,,,,,,,,,29:35,David West,27:02,C.J. Watson,26:07,Solomon Hill,25:38,Roy Hibbert,24:37,Ian Mahinmi,23:16,George Hill,22:06,Damjan Rudež,21:30,Luis Scola,20:58,94,1,2,0.0,0.0,0.0,0.0,2.0,100.0,Nik Stauskas,5,1,2014-2015,1.0,1,0.0,SAC,99,Rudy Gay,,,,,,,,,,,,,43:57,Darren Collison,39:43,DeMarcus Cousins,38:46,Ben McLemore,36:27,Jason Thompson,26:10,Carl Landry,25:32,Ramon Sessions,9:29,Omri Casspi,8:30,Ryan Hollins,4:07
0,,0,,0,,121,0,0,,0,,0.0,,0.0,0,0,,0,,Logos via Sports Logos.net / About logos,L,https://www.basketball-reference.com/boxscores/201502030SAC.html,Home,96,3:29,0,,GSW,Stephen Curry,Andrew Bogut,19:24,Festus Ezeli,7:55,Justin Holiday,2:24,,,,,,,28:34,Draymond Green,24:49,Andre Iguodala,24:05,Harrison Barnes,23:55,Klay Thompson,23:46,David Lee,23:11,Leandro Barbosa,21:50,Marreese Speights,20:41,Shaun Livingston,19:26,121,0,0,0.0,,0.0,,0.0,,Nik Stauskas,25,0,2014-2015,0.0,0,0.0,SAC,96,DeMarcus Cousins,Ramon Sessions,5:24,Ryan Hollins,3:29,Carl Landry,2:49,,,,,,,41:42,Ben McLemore,40:04,Rudy Gay,36:54,Darren Collison,36:47,Derrick Williams,21:23,Jason Thompson,19:28,Omri Casspi,15:07,Ray McCallum,7:27,Quincy Miller,5:57
1,.167,6,60.000,1,0.50,101,0,3,75.0,1,.100,0.0,0.0,4.0,10,0,,0,0.000,Logos via Sports Logos.net / About logos,L,https://www.basketball-reference.com/boxscores/201502050SAC.html,Home,78,23:29,1,25.0,DAL,J.J. Barea,Raymond Felton,6:17,Dwight Powell,4:22,Ricky Ledo,3:40,,,,,,,31:36,Monta Ellis,30:29,Tyson Chandler,29:30,Richard Jefferson,28:53,Chandler Parsons,25:26,Charlie Villanueva,25:14,Al-Farouq Aminu,22:06,Devin Harris,19:03,Greg Smith,13:24,101,0,3,0.0,0.0,3.0,100.0,0.0,0.0,Nik Stauskas,23,1,2014-2015,1.0,2,4.0,SAC,78,DeMarcus Cousins,Carl Landry,9:48,Quincy Miller,6:17,Ryan Hollins,5:55,,,,,,,37:41,Rudy Gay,33:25,Ben McLemore,24:06,Derrick Williams,19:09,Ramon Sessions,18:34,Jason Thompson,18:03,Ray McCallum,15:23,Darren Collison,14:28,Omri Casspi,13:42
0,.000,1,100.000,2,,90,0,1,100.0,0,.000,0.0,,0.0,1,0,,0,0.000,Logos via Sports Logos.net / About logos,L,https://www.basketball-reference.com/boxscores/201502070UTA.html,Away,102,10:46,0,0.0,UTA,Gordon Hayward,Ian Clark,2:21,,,,,,,,,,,37:10,Elijah Millsap,36:16,Dante Exum,33:57,Enes Freedom,32:58,Derrick Favors,32:39,Trey Burke,25:38,Rudy Gobert,17:08,Trevor Booker,12:00,Steve Novak,9:53,102,0,0,0.0,,0.0,,0.0,,Nik Stauskas,12,0,2014-2015,0.0,0,1.0,SAC,90,DeMarcus Cousins,Quincy Miller,2:12,,,,,,,,,,,37:23,Ben McLemore,32:03,Ramon Sessions,31:23,Rudy Gay,28:49,Jason Thompson,28:03,Omri Casspi,24:31,Reggie Evans,22:30,Ray McCallum,16:37,Carl Landry,5:43
0,,0,0.000,1,,83,1,1,100.0,0,.000,0.0,0.0,1.0,1,0,,0,0.000,Logos via Sports Logos.net / About logos,W,https://www.basketball-reference.com/boxscores/201502080SAC.html,Home,85,9:32,0,0.0,PHO,Isaiah Thomas,,,,,,,,,,,,,38:37,Markieff Morris,34:56,Goran Dragić,34:53,P.J. Tucker,33:24,Miles Plumlee,23:14,Gerald Green,22:30,Marcus Morris,22:06,Brandan Wright,16:53,T.J. Warren,13:27,83,1,0,0.0,,0.0,,0.0,,Nik Stauskas,2,0,2014-2015,1.0,0,1.0,SAC,85,Ben McLemore,,,,,,,,,,,,,38:15,DeMarcus Cousins,36:43,Ramon Sessions,31:52,Jason Thompson,29:22,Derrick Williams,28:44,Omri Casspi,19:32,Ray McCallum,16:48,Carl Landry,15:53,Reggie Evans,13:18
0,,0,0.000,0,,86,0,0,,0,.000,0.0,0.0,1.0,1,0,,0,0.000,Logos via Sports Logos.net / About logos,L,https://www.basketball-reference.com/boxscores/201502100CHI.html,Away,104,2:55,0,,CHI,Tony Snell,E'Twaun Moore,1:26,Doug McDermott,1:06,Cameron Bairstow,1:06,Nazr Mohammed,1:06,,,,,40:55,Pau Gasol,37:37,Taj Gibson,34:14,Derrick Rose,32:36,Mike Dunleavy,24:21,Jimmy Butler,22:05,Joakim Noah,17:29,Aaron Brooks,13:58,Nikola Mirotić,12:01,104,1,0,0.0,,0.0,,0.0,,Nik Stauskas,18,0,2014-2015,0.0,0,0.0,SAC,86,Rudy Gay,Ryan Hollins,2:55,,,,,,,,,,,39:49,Ben McLemore,35:56,DeMarcus Cousins,35:22,Ray McCallum,26:03,Carl Landry,23:38,Ramon Sessions,21:57,Jason Thompson,18:42,Omri Casspi,17:43,Reggie Evans,14:59
0,.000,1,100.000,1,,103,0,0,,0,.000,0.0,,0.0,1,2,1.000,2,200.000,Logos via Sports Logos.net / About logos,L,https://www.basketball-reference.com/boxscores/201502110MIL.html,Away,111,9:22,0,,MIL,Giannis Antetokounmpo,Jerryd Bayless,4:55,Ersan İlyasova,2:01,,,,,,,,,35:32,Brandon Knight,32:38,Jared Dudley,32:25,Khris Middleton,30:07,Zaza Pachulia,26:11,O.J. Mayo,25:25,John Henson,21:49,Jorge Gutiérrez,15:23,Johnny O'Bryant,13:34,111,1,2,0.0,0.0,0.0,0.0,2.0,100.0,Nik Stauskas,8,1,2014-2015,1.0,0,0.0,SAC,103,Rudy Gay,,,,,,,,,,,,,37:32,DeMarcus Cousins,36:59,Derrick Williams,30:48,Ben McLemore,29:58,Ramon Sessions,29:40,Ray McCallum,21:10,Jason Thompson,17:04,Omri Casspi,14:41,Carl Landry,12:46
0,,0,0.000,1,0.50,99,0,0,,1,.250,1.0,25.0,4.0,4,4,1.000,4,100.000,Logos via Sports Logos.net / About logos,L,https://www.basketball-reference.com/boxscores/201502210LAC.html,Away,126,14:24,0,,LAC,Matt Barnes,C.J. Wilcox,12:00,Dahntay Jones,9:26,Ekpe Udoh,7:56,,,,,,,28:16,Chris Paul,27:15,JJ Redick,26:24,Austin Rivers,26:24,Hedo Türkoğlu,22:02,Jamal Crawford,20:40,Spencer Hawes,20:36,DeAndre Jordan,20:04,Glen Davis,18:58,126,0,6,2.0,33.3,0.0,0.0,4.0,66.7,Nik Stauskas,27,0,2014-2015,0.0,2,0.0,SAC,99,Rudy Gay,Ryan Hollins,6:42,David Stockton,6:42,,,,,,,,,31:47,Ben McLemore,28:35,Omri Casspi,27:56,DeMarcus Cousins,25:29,Ray McCallum,23:15,Andre Miller,21:57,Jason Thompson,21:04,Derrick Williams,18:50,Carl Landry,13:19
1,.500,2,25.000,2,2.00,124,0,0,,4,.500,3.0,50.0,6.0,8,6,1.000,6,75.000,Logos via Sports Logos.net / About logos,W,https://www.basketball-reference.com/boxscores/201503030NYK.html,Away,86,25:32,0,,NYK,Alexey Shved,Tim Hardaway Jr.,15:40,Lou Amundson,12:53,Travis Wear,9:24,,,,,,,32:41,Shane Larkin,27:13,Langston Galloway,23:02,Jason Smith,21:30,Lance Thomas,21:06,Cole Aldrich,20:18,Quincy Acy,19:09,Cleanthony Early,18:51,Andrea Bargnani,18:13,86,3,15,6.0,40.0,3.0,20.0,6.0,40.0,Nik Stauskas,38,0,2014-2015,0.0,1,0.0,SAC,124,DeMarcus Cousins,Ryan Hollins,5:27,,,,,,,,,,,28:35,Derrick Williams,28:29,Jason Thompson,28:02,Ray McCallum,27:53,Rudy Gay,26:35,Ben McLemore,23:28,Omri Casspi,20:25,Andre Miller,20:07,Carl Landry,5:27
1,.333,3,50.000,1,,85,0,0,,3,.500,2.0,66.7,3.0,6,0,,0,0.000,Logos via Sports Logos.net / About logos,L,https://www.basketball-reference.com/boxscores/201503040SAS.html,Away,112,18:34,0,,SAS,Kawhi Leonard,Aron Baynes,13:17,Jeff Ayres,10:16,Cory Joseph,10:16,Matt Bonner,6:44,,,,,28:50,Marco Belinelli,25:17,Tony Parker,24:31,Boris Diaw,23:18,Danny Green,22:49,Manu Ginóbili,20:44,Tim Duncan,19:25,Tiago Splitter,17:48,Patty Mills,16:45,112,1,7,4.0,57.1,3.0,42.9,0.0,0.0,Nik Stauskas,27,0,2014-2015,0.0,0,0.0,SAC,85,Ben McLemore,Carl Landry,6:44,,,,,,,,,,,39:03,Ray McCallum,29:51,Rudy Gay,26:48,Jason Thompson,25:43,DeMarcus Cousins,22:03,Omri Casspi,20:52,Derrick Williams,18:52,Andre Miller,18:09,Ryan Hollins,13:21
2,.667,3,100.000,0,,114,0,0,,2,.667,0.0,,0.0,3,1,.500,2,66.667,Logos via Sports Logos.net / About logos,L,https://www.basketball-reference.com/boxscores/201503060ORL.html,Away,119,14:25,0,,ORL,Elfrid Payton,,,,,,,,,,,,,42:15,Victor Oladipo,40:09,Tobias Harris,36:49,Channing Frye,35:27,Andrew Nicholson,24:27,Dewayne Dedmon,22:43,Ben Gordon,13:44,Aaron Gordon,13:43,Kyle O'Quinn,10:43,119,0,7,0.0,0.0,6.0,85.7,1.0,14.3,Nik Stauskas,5,0,2014-2015,0.0,0,0.0,SAC,114,Rudy Gay,,,,,,,,,,,,,41:56,DeMarcus Cousins,38:35,Ray McCallum,32:05,Omri Casspi,26:04,Jason Thompson,24:25,Andre Miller,23:16,Ben McLemore,20:59,Derrick Williams,13:00,Reggie Evans,5:15
0,,0,,0,0.00,109,0,0,,0,,0.0,,0.0,0,0,,0,,Logos via Sports Logos.net / About logos,L,https://www.basketball-reference.com/boxscores/201503070MIA.html,Away,114,2:55,0,,MIA,Tyler Johnson,,,,,,,,,,,,,44:06,Michael Beasley,37:45,Henry Walker,36:13,Dwyane Wade,35:18,Mario Chalmers,34:21,Chris Andersen,29:05,Shabazz Napier,22:23,James Ennis III,16:04,Udonis Haslem,9:45,114,1,0,0.0,,0.0,,0.0,,Nik Stauskas,5,0,2014-2015,0.0,2,0.0,SAC,109,Rudy Gay,,,,,,,,,,,,,46:08,Ben McLemore,44:41,Ray McCallum,39:28,DeMarcus Cousins,34:52,Andre Miller,30:17,Jason Thompson,23:13,Derrick Williams,18:16,Omri Casspi,18:14,Reggie Evans,6:56
2,1.000,2,40.000,1,1.00,105,0,2,100.0,4,.800,2.0,66.7,3.0,5,0,,0,0.000,Logos via Sports Logos.net / About logos,L,https://www.basketball-reference.com/boxscores/201503090ATL.html,Away,130,20:45,0,0.0,ATL,Al Horford,Shelvin Mack,9:18,John Jenkins,5:10,Mike Muscala,4:08,,,,,,,31:25,Kyle Korver,30:56,Jeff Teague,28:56,DeMarre Carroll,28:51,Paul Millsap,27:56,Mike Scott,19:42,Dennis Schröder,18:31,Kent Bazemore,18:30,Elton Brand,16:38,130,1,10,4.0,40.0,6.0,60.0,0.0,0.0,Nik Stauskas,25,1,2014-2015,1.0,1,2.0,SAC,105,Rudy Gay,,,,,,,,,,,,,34:40,DeMarcus Cousins,32:23,Ray McCallum,29:19,Ben McLemore,27:45,Andre Miller,22:29,Omri Casspi,22:17,Derrick Williams,19:10,Jason Thompson,15:37,Carl Landry,15:35
0,.000,2,22.222,2,,97,1,1,50.0,3,.333,3.0,42.9,7.0,9,0,,0,0.000,Logos via Sports Logos.net / About logos,L,https://www.basketball-reference.com/boxscores/201503140WAS.html,Away,113,22:51,1,50.0,WAS,John Wall,Otto Porter Jr.,12:38,,,,,,,,,,,38:32,Bradley Beal,33:38,Marcin Gortat,31:40,Rasual Butler,27:29,Drew Gooden,25:31,Paul Pierce,23:17,Kevin Séraphin,17:05,DeJuan Blair,16:13,Ramon Sessions,13:57,113,2,6,6.0,100.0,0.0,0.0,0.0,0.0,Nik Stauskas,16,1,2014-2015,2.0,0,2.0,SAC,97,Derrick Williams,,,,,,,,,,,,,33:43,DeMarcus Cousins,29:41,Ray McCallum,28:47,Ben McLemore,27:59,Jason Thompson,22:59,Andre Miller,22:19,Carl Landry,18:35,Reggie Evans,17:38,Omri Casspi,15:27
1,.250,4,50.000,1,1.00,110,1,2,100.0,2,.250,1.0,25.0,4.0,8,2,.667,3,37.500,Logos via Sports Logos.net / About logos,L,https://www.basketball-reference.com/boxscores/201503160SAC.html,Home,103,27:07,0,0.0,ATL,Jeff Teague,,,,,,,,,,,,,36:09,DeMarre Carroll,34:57,Paul Millsap,34:38,Kent Bazemore,29:08,Elton Brand,26:01,Dennis Schröder,22:43,Shelvin Mack,21:24,Mike Muscala,18:23,Pero Antić,16:37,110,1,7,2.0,28.6,3.0,42.9,2.0,28.6,Nik Stauskas,7,0,2014-2015,1.0,1,2.0,SAC,103,Omri Casspi,,,,,,,,,,,,,36:20,DeMarcus Cousins,33:57,Ben McLemore,28:49,Andre Miller,28:12,Jason Thompson,23:40,Ray McCallum,22:22,Carl Landry,16:33,Derrick Williams,14:46,Reggie Evans,8:14
1,.333,3,50.000,1,0.50,116,0,2,66.7,4,.667,3.0,100.0,3.0,6,4,1.000,4,66.667,Logos via Sports Logos.net / About logos,L,https://www.basketball-reference.com/boxscores/201503180SAC.html,Home,105,23:21,1,33.3,LAC,Chris Paul,Nate Robinson,9:32,,,,,,,,,,,39:06,JJ Redick,38:19,Blake Griffin,36:06,DeAndre Jordan,35:53,Hedo Türkoğlu,32:51,Austin Rivers,14:57,Dahntay Jones,11:50,Spencer Hawes,10:59,Glen Davis,10:27,116,0,13,6.0,46.2,3.0,23.1,4.0,30.8,Nik Stauskas,11,0,2014-2015,0.0,2,3.0,SAC,105,Rudy Gay,,,,,,,,,,,,,37:06,Jason Thompson,33:51,Andre Miller,24:48,Derrick Williams,23:34,Ray McCallum,23:12,Reggie Evans,22:55,Ben McLemore,19:27,Omri Casspi,17:55,Ryan Hollins,13:51
2,.500,4,66.667,0,0.00,91,0,1,100.0,2,.333,0.0,0.0,2.0,6,2,1.000,2,33.333,Logos via Sports Logos.net / About logos,W,https://www.basketball-reference.com/boxscores/201503200SAC.html,Home,101,15:50,0,0.0,CHO,Michael Kidd-Gilchrist,,,,,,,,,,,,,34:52,Al Jefferson,34:33,Kemba Walker,31:29,Mo Williams,31:27,Gerald Henderson,31:17,Marvin Williams,24:45,Lance Stephenson,19:14,Cody Zeller,19:09,Bismack Biyombo,13:14,91,1,8,0.0,0.0,6.0,75.0,2.0,25.0,Nik Stauskas,10,1,2014-2015,1.0,1,1.0,SAC,101,Rudy Gay,,,,,,,,,,,,,37:05,Omri Casspi,33:00,Ben McLemore,26:59,Jason Thompson,26:57,Andre Miller,24:58,Derrick Williams,24:33,Ray McCallum,23:27,Reggie Evans,20:38,Carl Landry,6:33
0,.000,2,33.333,0,0.00,86,0,0,,1,.167,1.0,25.0,4.0,6,0,,0,0.000,Logos via Sports Logos.net / About logos,W,https://www.basketball-reference.com/boxscores/201503220SAC.html,Home,109,21:41,0,,WAS,John Wall,Martell Webster,12:00,Toure' Murry,9:10,Otto Porter Jr.,5:23,DeJuan Blair,3:23,,,,,33:02,Bradley Beal,26:37,Ramon Sessions,26:10,Drew Gooden,23:23,Marcin Gortat,22:40,Kevin Séraphin,21:27,Rasual Butler,20:26,Nenê,19:25,Paul Pierce,16:54,86,0,2,2.0,100.0,0.0,0.0,0.0,0.0,Nik Stauskas,23,0,2014-2015,0.0,1,0.0,SAC,109,Rudy Gay,Ryan Hollins,4:32,Carl Landry,2:28,,,,,,,,,32:07,Omri Casspi,31:56,Ben McLemore,31:00,Ray McCallum,30:22,DeMarcus Cousins,22:49,Derrick Williams,17:42,Andre Miller,17:38,Reggie Evans,14:46,Jason Thompson,12:59
2,.667,3,50.000,3,,106,2,2,100.0,2,.333,0.0,0.0,3.0,6,0,,0,0.000,Logos via Sports Logos.net / About logos,W,https://www.basketball-reference.com/boxscores/201503240SAC.html,Home,107,19:35,0,0.0,PHI,Ish Smith,Furkan Aldemir,10:21,Henry Sims,7:36,,,,,,,,,29:30,Nerlens Noel,29:10,Luc Mbah a Moute,28:24,Hollis Thompson,26:55,Robert Covington,26:52,Jerami Grant,22:10,Thomas Robinson,20:53,Isaiah Canaan,19:13,JaKarr Sampson,18:56,106,2,6,0.0,0.0,6.0,100.0,0.0,0.0,Nik Stauskas,1,0,2014-2015,2.0,0,2.0,SAC,107,Rudy Gay,,,,,,,,,,,,,40:39,DeMarcus Cousins,35:46,Ben McLemore,33:39,Ray McCallum,32:19,Omri Casspi,24:37,Jason Thompson,19:06,Andre Miller,15:41,Derrick Williams,14:27,Reggie Evans,4:12
2,.667,3,42.857,1,1.00,108,0,4,100.0,5,.714,3.0,75.0,4.0,7,1,1.000,1,14.286,Logos via Sports Logos.net / About logos,W,https://www.basketball-reference.com/boxscores/201503250PHO.html,Away,99,18:23,0,0.0,PHO,Markieff Morris,A.J. Price,4:27,,,,,,,,,,,38:09,Eric Bledsoe,35:12,P.J. Tucker,34:34,Brandan Wright,27:44,Marcus Morris,26:28,Archie Goodwin,26:16,Alex Len,25:00,T.J. Warren,11:58,Gerald Green,10:12,99,1,13,6.0,46.2,6.0,46.2,1.0,7.7,Nik Stauskas,9,1,2014-2015,1.0,1,4.0,SAC,108,DeMarcus Cousins,,,,,,,,,,,,,36:57,Ray McCallum,30:48,Rudy Gay,29:25,Ben McLemore,29:05,Derrick Williams,28:43,Omri Casspi,28:28,Andre Miller,17:44,Jason Thompson,13:47,Reggie Evans,6:40
1,1.000,1,25.000,1,1.00,88,0,1,100.0,2,.500,1.0,33.3,3.0,4,0,,0,0.000,Logos via Sports Logos.net / About logos,L,https://www.basketball-reference.com/boxscores/201503270NOP.html,Away,102,19:16,0,0.0,NOP,Anthony Davis,Luke Babbitt,2:29,,,,,,,,,,,40:36,Ömer Aşık,35:49,Quincy Pondexter,35:05,Tyreke Evans,32:52,Dante Cunningham,25:54,Norris Cole,22:48,Eric Gordon,19:38,Toney Douglas,12:39,Alexis Ajinça,12:11,102,1,5,2.0,40.0,3.0,60.0,0.0,0.0,Nik Stauskas,14,1,2014-2015,1.0,1,1.0,SAC,88,DeMarcus Cousins,,,,,,,,,,,,,41:00,Rudy Gay,36:46,Ray McCallum,34:07,Ben McLemore,30:31,Omri Casspi,23:47,Jason Thompson,19:36,Derrick Williams,16:26,Andre Miller,13:53,Reggie Evans,4:38
1,.500,2,66.667,3,,83,1,4,80.0,1,.333,0.0,0.0,1.0,3,1,.500,2,66.667,Logos via Sports Logos.net / About logos,L,https://www.basketball-reference.com/boxscores/201503300MEM.html,Away,97,23:56,1,20.0,MEM,Mike Conley,JaMychal Green,3:53,,,,,,,,,,,34:01,Jeff Green,33:18,Courtney Lee,31:26,Zach Randolph,29:30,Marc Gasol,27:06,Vince Carter,24:33,Kosta Koufos,24:05,Beno Udrih,16:44,Nick Calathes,15:24,97,1,4,0.0,0.0,3.0,75.0,1.0,25.0,Nik Stauskas,14,1,2014-2015,2.0,0,5.0,SAC,83,Ben McLemore,Ryan Hollins,4:42,David Wear,2:13,,,,,,,,,29:50,Rudy Gay,29:13,Ray McCallum,28:55,Jason Thompson,28:48,Derrick Williams,23:32,Andre Miller,19:05,Reggie Evans,18:10,Omri Casspi,17:30,Carl Landry,14:06
1,.333,3,50.000,1,0.50,111,0,2,100.0,2,.333,1.0,33.3,3.0,6,0,,0,0.000,Logos via Sports Logos.net / About logos,L,https://www.basketball-reference.com/boxscores/201504010HOU.html,Away,115,16:32,0,0.0,HOU,Trevor Ariza,,,,,,,,,,,,,38:06,James Harden,37:33,Joey Dorsey,32:04,Terrence Jones,31:58,Pablo Prigioni,26:44,Josh Smith,21:23,Corey Brewer,21:21,Jason Terry,21:08,Clint Capela,9:43,115,3,5,2.0,40.0,3.0,60.0,0.0,0.0,Nik Stauskas,4,0,2014-2015,0.0,2,2.0,SAC,111,DeMarcus Cousins,,,,,,,,,,,,,38:42,Omri Casspi,37:57,Ray McCallum,35:25,Ben McLemore,31:28,Jason Thompson,20:57,Carl Landry,20:55,Derrick Williams,20:44,Andre Miller,12:35,David Wear,4:45
1,.500,2,50.000,2,,101,0,1,100.0,2,.500,1.0,50.0,2.0,4,0,,0,0.000,Logos via Sports Logos.net / About logos,L,https://www.basketball-reference.com/boxscores/201504030SAC.html,Home,95,21:43,0,0.0,NOP,Tyreke Evans,Toney Douglas,9:59,,,,,,,,,,,37:34,Anthony Davis,34:32,Ömer Aşık,34:17,Eric Gordon,31:22,Quincy Pondexter,29:18,Ryan Anderson,19:58,Norris Cole,17:10,Dante Cunningham,15:39,Alexis Ajinça,10:11,101,2,5,2.0,40.0,3.0,60.0,0.0,0.0,Nik Stauskas,6,0,2014-2015,0.0,0,1.0,SAC,95,DeMarcus Cousins,,,,,,,,,,,,,41:54,Omri Casspi,37:24,Ray McCallum,34:48,Ben McLemore,33:48,Derrick Williams,26:23,Carl Landry,16:22,Jason Thompson,14:26,Andre Miller,13:12,,
0,.000,2,66.667,1,,101,0,0,0.0,1,.333,1.0,100.0,1.0,3,2,1.000,2,66.667,Logos via Sports Logos.net / About logos,L,https://www.basketball-reference.com/boxscores/201504050SAC.html,Home,95,16:20,1,100.0,UTA,Rudy Gobert,Elijah Millsap,10:24,Jeremy Evans,7:55,Jack Cooley,5:57,,,,,,,38:14,Dante Exum,36:01,Rodney Hood,33:35,Trevor Booker,27:09,Joe Ingles,21:07,Gordon Hayward,19:57,Derrick Favors,16:11,Bryce Cotton,12:33,Chris Johnson,10:57,101,0,4,2.0,50.0,0.0,0.0,2.0,50.0,Nik Stauskas,6,0,2014-2015,0.0,0,1.0,SAC,95,Ben McLemore,,,,,,,,,,,,,37:54,DeMarcus Cousins,35:13,Ray McCallum,33:19,Jason Thompson,31:30,Omri Casspi,30:29,Derrick Williams,26:28,Andre Miller,14:41,Carl Landry,14:06,,
0,.000,2,100.000,1,0.50,111,1,1,100.0,0,.000,0.0,,0.0,2,0,,0,0.000,Logos via Sports Logos.net / About logos,W,https://www.basketball-reference.com/boxscores/201504070SAC.html,Home,116,12:51,0,0.0,MIN,Kevin Martin,,,,,,,,,,,,,43:49,Zach LaVine,40:32,Andrew Wiggins,39:12,Chase Budinger,33:48,Justin Hamilton,25:26,Robbie Hummel,16:45,Arinze Onuaku,15:38,Adreian Payne,13:11,Lorenzo Brown,11:39,111,2,0,0.0,,0.0,,0.0,,Nik Stauskas,5,0,2014-2015,1.0,2,1.0,SAC,116,Rudy Gay,,,,,,,,,,,,,38:01,Ray McCallum,36:16,Omri Casspi,35:16,Derrick Williams,31:27,Jason Thompson,30:46,Andre Miller,21:12,Reggie Evans,16:58,Ben McLemore,16:57,Sim Bhullar,0:16
2,.667,3,60.000,1,,103,0,1,100.0,3,.600,1.0,50.0,2.0,5,1,1.000,1,20.000,Logos via Sports Logos.net / About logos,L,https://www.basketball-reference.com/boxscores/201504100OKC.html,Away,116,16:11,0,0.0,OKC,Dion Waiters,Mitch McGary,1:29,Jeremy Lamb,1:29,Perry Jones,1:05,Steve Novak,0:24,,,,,40:20,Russell Westbrook,38:01,Enes Freedom,32:25,Steven Adams,31:13,Anthony Morrow,25:44,D.J. Augustin,25:06,Nick Collison,20:18,Andre Roberson,16:00,Kyle Singler,6:26,116,2,9,2.0,22.2,6.0,66.7,1.0,11.1,Nik Stauskas,13,0,2014-2015,0.0,0,1.0,SAC,103,Ray McCallum,Sim Bhullar,1:03,,,,,,,,,,,38:19,Jason Thompson,36:10,Ben McLemore,35:00,Omri Casspi,28:13,Derrick Williams,26:14,Andre Miller,23:49,Carl Landry,14:58,Ryan Hollins,13:56,Reggie Evans,6:07
1,.200,5,62.500,2,1.00,111,0,2,100.0,2,.250,1.0,33.3,3.0,8,0,,0,0.000,Logos via Sports Logos.net / About logos,L,https://www.basketball-reference.com/boxscores/201504120DEN.html,Away,122,21:20,0,0.0,DEN,Ty Lawson,Erick Green,8:52,Joffrey Lauvergne,7:11,Ian Clark,3:38,Jamaal Franklin,3:13,,,,,36:34,Danilo Gallinari,34:08,Kenneth Faried,30:39,Wilson Chandler,30:01,Randy Foye,29:19,Will Barton,17:33,J.J. Hickson,14:38,Gary Harris,13:04,Jusuf Nurkić,11:10,122,2,5,2.0,40.0,3.0,60.0,0.0,0.0,Nik Stauskas,11,0,2014-2015,0.0,2,2.0,SAC,111,Ben McLemore,,,,,,,,,,,,,37:52,Omri Casspi,34:52,Ray McCallum,29:24,Derrick Williams,29:22,Jason Thompson,24:45,Andre Miller,19:56,Ryan Hollins,18:52,Carl Landry,16:37,David Stockton,7:00
0,.000,2,50.000,1,,92,1,1,100.0,0,.000,0.0,0.0,2.0,4,0,,0,0.000,Logos via Sports Logos.net / About logos,W,https://www.basketball-reference.com/boxscores/201504130SAC.html,Home,102,21:22,0,0.0,LAL,Jordan Clarkson,,,,,,,,,,,,,47:11,Jabari Brown,46:17,Jordan Hill,27:41,Ryan Kelly,26:39,Vander Blue,25:43,Tarik Black,24:02,Ed Davis,22:08,Carlos Boozer,20:19,,,92,2,0,0.0,,0.0,,0.0,,Nik Stauskas,10,0,2014-2015,1.0,0,1.0,SAC,102,Omri Casspi,,,,,,,,,,,,,36:41,Jason Thompson,31:38,Ben McLemore,30:40,Derrick Williams,28:52,Ray McCallum,28:26,Andre Miller,26:51,Carl Landry,19:08,Ryan Hollins,16:22,,
3,.750,4,44.444,5,5.00,122,0,5,100.0,5,.556,2.0,40.0,5.0,9,1,.500,2,22.222,Logos via Sports Logos.net / About logos,W,https://www.basketball-reference.com/boxscores/201504150LAL.html,Away,99,31:38,0,0.0,LAL,Jabari Brown,,,,,,,,,,,,,48:00,Vander Blue,48:00,Ryan Kelly,38:00,Ed Davis,28:31,Jordan Hill,26:25,Tarik Black,21:35,Robert Sacre,19:29,Carlos Boozer,10:00,,,99,3,14,4.0,28.6,9.0,64.3,1.0,7.1,Nik Stauskas,23,2,2014-2015,2.0,1,5.0,SAC,122,Ben McLemore,,,,,,,,,,,,,39:52,Derrick Williams,33:35,Carl Landry,33:14,Ray McCallum,31:50,Jason Thompson,24:44,Ryan Hollins,23:16,David Stockton,19:23,Andre Miller,2:28,,
2,.667,3,50.000,2,2.00,99,0,3,100.0,3,.500,1.0,33.3,3.0,6,4,.800,5,83.333,Logos via Sports Logos.net / About logos,L,https://www.basketball-reference.com/boxscores/201510300PHI.html,Home,71,21:17,0,0.0,UTA,Rudy Gobert,Trey Lyles,7:33,Elijah Millsap,5:24,Chris Johnson,3:49,Tibor Pleiß,2:11,,,,,31:32,Gordon Hayward,31:10,Derrick Favors,29:17,Trey Burke,27:28,Alec Burks,26:49,Rodney Hood,22:37,Raul Neto,20:32,Trevor Booker,17:55,Joe Ingles,13:43,99,0,12,2.0,16.7,6.0,50.0,4.0,33.3,Nik Stauskas,28,0,2015-2016,0.0,1,3.0,PHI,71,Jahlil Okafor,,,,,,,,,,,,,36:04,Nerlens Noel,35:49,Hollis Thompson,31:32,Isaiah Canaan,31:12,T.J. McConnell,26:29,Jerami Grant,25:29,JaKarr Sampson,20:29,Richaun Holmes,6:11,Christian Wood,5:28
3,.333,9,90.000,1,0.50,107,0,4,100.0,4,.400,1.0,100.0,1.0,10,4,1.000,4,40.000,Logos via Sports Logos.net / About logos,L,https://www.basketball-reference.com/boxscores/201511020PHI.html,Home,100,28:31,0,0.0,CLE,Matthew Dellavedova,J.R. Smith,4:57,Joe Harris,4:39,Anderson Varejão,3:59,,,,,,,34:22,LeBron James,33:20,Kevin Love,28:34,Mo Williams,27:56,Tristan Thompson,26:18,Timofey Mozgov,22:06,Richard Jefferson,21:43,Jared Cunningham,17:03,James Jones,15:03,107,3,15,2.0,13.3,9.0,60.0,4.0,26.7,Nik Stauskas,7,1,2015-2016,1.0,2,4.0,PHI,100,Nerlens Noel,JaKarr Sampson,4:20,,,,,,,,,,,33:27,Hollis Thompson,31:02,Isaiah Canaan,30:56,Jahlil Okafor,26:54,T.J. McConnell,23:06,Jerami Grant,22:59,Robert Covington,22:27,Richaun Holmes,11:13,Christian Wood,5:05
3,.214,14,73.684,4,1.00,87,0,6,85.7,5,.263,2.0,40.0,5.0,19,1,1.000,1,5.263,Logos via Sports Logos.net / About logos,L,https://www.basketball-reference.com/boxscores/201511040MIL.html,Away,91,34:44,1,14.3,MIL,Giannis Antetokounmpo,Chris Copeland,10:25,Tyler Ennis,8:26,,,,,,,,,40:32,Greg Monroe,36:16,Khris Middleton,35:38,Jerryd Bayless,30:24,Greivis Vásquez,22:00,Rashad Vaughn,16:33,Jabari Parker,16:21,Miles Plumlee,11:44,Johnny O'Bryant,11:41,91,1,14,4.0,28.6,9.0,64.3,1.0,7.1,Nik Stauskas,4,0,2015-2016,0.0,4,7.0,PHI,87,Jahlil Okafor,,,,,,,,,,,,,34:43,T.J. McConnell,34:33,Nerlens Noel,33:03,Hollis Thompson,27:46,Jerami Grant,22:51,Richaun Holmes,19:15,JaKarr Sampson,15:32,Isaiah Canaan,15:00,Phil Pressey,2:32
2,.333,6,60.000,2,0.67,102,0,3,100.0,6,.600,4.0,100.0,4.0,10,0,,0,0.000,Logos via Sports Logos.net / About logos,L,https://www.basketball-reference.com/boxscores/201511060CLE.html,Away,108,37:39,0,0.0,CLE,LeBron James,Anderson Varejão,6:55,Joe Harris,2:41,,,,,,,,,36:20,Kevin Love,33:47,Mo Williams,30:32,Richard Jefferson,29:04,Matthew Dellavedova,25:54,Tristan Thompson,23:07,Jared Cunningham,20:13,Timofey Mozgov,18:51,James Jones,12:35,108,2,14,8.0,57.1,6.0,42.9,0.0,0.0,Nik Stauskas,6,1,2015-2016,1.0,3,3.0,PHI,102,Jahlil Okafor,Christian Wood,0:45,,,,,,,,,,,37:04,Nerlens Noel,35:41,Jerami Grant,27:09,Hollis Thompson,25:57,T.J. McConnell,24:34,Isaiah Canaan,21:31,Richaun Holmes,12:06,JaKarr Sampson,10:02,Phil Pressey,7:31
3,.300,10,66.667,5,,105,1,3,100.0,6,.400,3.0,60.0,5.0,15,3,.750,4,26.667,Logos via Sports Logos.net / About logos,L,https://www.basketball-reference.com/boxscores/201511070PHI.html,Home,97,36:24,0,0.0,ORL,Evan Fournier,Shabazz Napier,9:39,,,,,,,,,,,39:47,Victor Oladipo,34:10,Elfrid Payton,32:43,Dewayne Dedmon,29:58,Tobias Harris,25:33,Aaron Gordon,22:22,Jason Smith,17:56,C.J. Watson,15:24,Mario Hezonja,12:29,105,2,18,6.0,33.3,9.0,50.0,3.0,16.7,Nik Stauskas,8,0,2015-2016,1.0,0,3.0,PHI,97,T.J. McConnell,Christian Wood,0:21,,,,,,,,,,,36:29,Jahlil Okafor,32:52,Hollis Thompson,28:25,Isaiah Canaan,26:42,Jerami Grant,23:12,Nerlens Noel,21:20,Richaun Holmes,18:12,Phil Pressey,10:40,JaKarr Sampson,5:23
1,.143,7,53.846,2,2.00,111,0,5,100.0,2,.154,1.0,16.7,6.0,13,0,,0,0.000,Logos via Sports Logos.net / About logos,L,https://www.basketball-reference.com/boxscores/201511090PHI.html,Home,88,33:10,0,0.0,CHI,Pau Gasol,Bobby Portis,10:27,Cameron Bairstow,4:10,Cristiano Felício,1:23,,,,,,,29:39,Nikola Mirotić,28:22,Doug McDermott,28:07,Derrick Rose,27:33,Jimmy Butler,25:39,Taj Gibson,22:57,E'Twaun Moore,22:46,Tony Snell,19:53,Aaron Brooks,19:04,111,0,5,2.0,40.0,3.0,60.0,0.0,0.0,Nik Stauskas,23,3,2015-2016,3.0,1,5.0,PHI,88,Jahlil Okafor,,,,,,,,,,,,,31:24,Jerami Grant,29:19,T.J. McConnell,28:58,Richaun Holmes,27:38,Christian Wood,21:31,Isaiah Canaan,20:51,Hollis Thompson,20:43,JaKarr Sampson,13:18,Phil Pressey,13:08
2,.286,7,63.636,3,3.00,119,0,1,100.0,3,.273,1.0,25.0,4.0,11,0,,0,0.000,Logos via Sports Logos.net / About logos,L,https://www.basketball-reference.com/boxscores/201511110PHI.html,Home,103,29:58,0,0.0,TOR,Cory Joseph,Anthony Bennett,5:28,Delon Wright,2:36,Bruno Caboclo,1:11,Lucas Nogueira,1:11,,,,,30:51,James Johnson,29:58,Kyle Lowry,28:57,DeMar DeRozan,27:24,Patrick Patterson,25:30,Norman Powell,24:37,Jonas Valančiūnas,22:40,Bismack Biyombo,21:04,Luis Scola,18:33,119,1,8,2.0,25.0,6.0,75.0,0.0,0.0,Nik Stauskas,16,0,2015-2016,0.0,1,1.0,PHI,103,Jahlil Okafor,,,,,,,,,,,,,32:39,Jerami Grant,32:21,T.J. McConnell,30:34,Isaiah Canaan,28:43,JaKarr Sampson,26:56,Hollis Thompson,26:39,Phil Pressey,16:34,Christian Wood,15:36,,
2,.400,5,50.000,3,3.00,85,0,3,75.0,4,.400,2.0,40.0,5.0,10,1,.250,4,40.000,Logos via Sports Logos.net / About logos,L,https://www.basketball-reference.com/boxscores/201511130OKC.html,Away,102,29:04,1,25.0,OKC,Russell Westbrook,Kyle Singler,15:14,Mitch McGary,1:38,Cameron Payne,1:38,Steve Novak,1:08,,,,,34:47,Dion Waiters,29:14,Serge Ibaka,28:51,Steven Adams,25:59,D.J. Augustin,23:14,Anthony Morrow,21:07,Nick Collison,19:23,Enes Freedom,19:01,Andre Roberson,18:46,102,1,11,4.0,36.4,6.0,54.5,1.0,9.1,Nik Stauskas,17,2,2015-2016,2.0,1,4.0,PHI,85,T.J. McConnell,,,,,,,,,,,,,33:34,Nerlens Noel,31:59,Jerami Grant,31:52,Jahlil Okafor,29:39,Hollis Thompson,21:34,JaKarr Sampson,19:06,Christian Wood,18:47,Isaiah Canaan,14:52,Phil Pressey,9:33
0,.000,3,50.000,0,0.00,83,0,0,,0,.000,0.0,0.0,3.0,6,0,,0,0.000,Logos via Sports Logos.net / About logos,L,https://www.basketball-reference.com/boxscores/201511140SAS.html,Away,92,18:12,0,,SAS,LaMarcus Aldridge,Ray McCallum,13:18,Jonathon Simmons,8:31,Matt Bonner,0:20,Boban Marjanović,0:20,,,,,34:22,Kyle Anderson,31:09,Danny Green,28:22,Tim Duncan,27:26,Tony Parker,25:04,Patty Mills,21:23,David West,17:14,Boris Diaw,16:17,Rasual Butler,16:13,92,0,0,0.0,,0.0,,0.0,,Nik Stauskas,9,0,2015-2016,0.0,2,0.0,PHI,83,Jahlil Okafor,,,,,,,,,,,,,39:01,Nerlens Noel,31:28,Hollis Thompson,29:40,Isaiah Canaan,26:32,T.J. McConnell,25:47,Jerami Grant,25:06,Phil Pressey,15:36,JaKarr Sampson,15:21,Christian Wood,13:16
0,.000,2,50.000,1,1.00,92,0,2,100.0,0,.000,0.0,0.0,2.0,4,0,,0,0.000,Logos via Sports Logos.net / About logos,L,https://www.basketball-reference.com/boxscores/201511160PHI.html,Home,86,16:01,0,0.0,DAL,Deron Williams,Charlie Villanueva,8:15,Justin Anderson,1:53,Jeremy Evans,1:24,,,,,,,32:57,Dirk Nowitzki,30:39,Zaza Pachulia,29:12,Wesley Matthews,29:03,Dwight Powell,25:58,Raymond Felton,24:37,Devin Harris,22:42,Chandler Parsons,20:43,J.J. Barea,12:37,92,2,0,0.0,,0.0,,0.0,,Nik Stauskas,6,0,2015-2016,0.0,1,2.0,PHI,86,Nerlens Noel,,,,,,,,,,,,,38:23,T.J. McConnell,34:22,Jahlil Okafor,32:33,Jerami Grant,29:27,Hollis Thompson,28:50,Isaiah Canaan,25:21,Robert Covington,20:14,JaKarr Sampson,14:49,,
1,.250,4,50.000,1,0.50,112,1,0,0.0,3,.375,2.0,50.0,4.0,8,0,,0,0.000,Logos via Sports Logos.net / About logos,L,https://www.basketball-reference.com/boxscores/201511180PHI.html,Home,85,21:06,1,100.0,IND,Paul George,Solomon Hill,10:34,,,,,,,,,,,31:58,Chase Budinger,30:36,C.J. Miles,30:01,Ian Mahinmi,28:00,Monta Ellis,26:37,Joe Young,21:23,Jordan Hill,21:14,Glenn Robinson III,20:30,Lavoy Allen,19:07,112,2,7,4.0,57.1,3.0,42.9,0.0,0.0,Nik Stauskas,27,1,2015-2016,2.0,2,1.0,PHI,85,Jahlil Okafor,Christian Wood,10:41,,,,,,,,,,,31:22,Jerami Grant,29:12,Hollis Thompson,26:54,Nerlens Noel,23:38,Robert Covington,22:55,T.J. McConnell,20:05,Phil Pressey,18:38,JaKarr Sampson,18:35,Isaiah Canaan,16:54
3,.375,8,66.667,3,,88,1,1,50.0,5,.417,2.0,50.0,4.0,12,2,1.000,2,16.667,Logos via Sports Logos.net / About logos,L,https://www.basketball-reference.com/boxscores/201511200CHO.html,Away,113,31:42,1,50.0,CHO,Kemba Walker,Tyler Hansbrough,2:28,Troy Daniels,2:22,Aaron Harrison,2:22,,,,,,,34:53,Nicolas Batum,31:50,Al Jefferson,30:40,Jeremy Lamb,30:09,Jeremy Lin,29:17,Marvin Williams,28:31,Frank Kaminsky,19:29,Spencer Hawes,14:52,Brian Roberts,13:07,113,0,15,4.0,26.7,9.0,60.0,2.0,13.3,Nik Stauskas,25,0,2015-2016,1.0,0,2.0,PHI,88,Jahlil Okafor,Christian Wood,4:04,,,,,,,,,,,29:53,Hollis Thompson,28:32,T.J. McConnell,27:08,Nerlens Noel,27:01,Jerami Grant,24:18,Robert Covington,23:13,Isaiah Canaan,20:40,JaKarr Sampson,13:56,Phil Pressey,9:33
2,.286,7,87.500,2,,91,1,1,100.0,3,.375,1.0,100.0,1.0,8,0,,0,0.000,Logos via Sports Logos.net / About logos,L,https://www.basketball-reference.com/boxscores/201511210MIA.html,Away,96,24:38,0,0.0,MIA,Dwyane Wade,Beno Udrih,6:05,Josh Richardson,4:24,,,,,,,,,36:01,Chris Bosh,35:19,Hassan Whiteside,29:22,Goran Dragić,26:15,Luol Deng,25:10,Justise Winslow,23:25,Gerald Green,22:56,Tyler Johnson,17:19,Josh McRoberts,13:43,96,1,8,2.0,25.0,6.0,75.0,0.0,0.0,Nik Stauskas,5,0,2015-2016,1.0,0,1.0,PHI,91,Jahlil Okafor,,,,,,,,,,,,,34:18,Robert Covington,32:00,Jerami Grant,30:16,Nerlens Noel,30:10,T.J. McConnell,29:35,Isaiah Canaan,27:57,Hollis Thompson,20:57,JaKarr Sampson,10:09,,
0,.000,1,100.000,0,,95,0,0,,0,.000,0.0,,0.0,1,2,1.000,2,200.000,Logos via Sports Logos.net / About logos,L,https://www.basketball-reference.com/boxscores/201511230MIN.html,Away,100,11:50,0,,MIN,Andrew Wiggins,Tayshaun Prince,9:43,Andre Miller,8:47,,,,,,,,,38:17,Ricky Rubio,32:41,Kevin Martin,31:58,Gorgui Dieng,28:54,Zach LaVine,24:52,Karl-Anthony Towns,19:06,Kevin Garnett,17:44,Shabazz Muhammad,16:02,Adreian Payne,11:56,100,2,2,0.0,0.0,0.0,0.0,2.0,100.0,Nik Stauskas,5,0,2015-2016,0.0,0,0.0,PHI,95,Robert Covington,,,,,,,,,,,,,35:28,Jahlil Okafor,32:57,Hollis Thompson,32:46,Nerlens Noel,32:01,Jerami Grant,31:39,Isaiah Canaan,29:32,T.J. McConnell,26:02,JaKarr Sampson,7:45,,
1,.333,3,75.000,3,,114,0,2,100.0,1,.250,0.0,0.0,1.0,4,1,.500,2,50.000,Logos via Sports Logos.net / About logos,L,https://www.basketball-reference.com/boxscores/201511270HOU.html,Away,116,14:33,0,0.0,HOU,James Harden,Jason Terry,0:03,,,,,,,,,,,40:09,Dwight Howard,36:03,Trevor Ariza,35:57,Patrick Beverley,32:05,Clint Capela,24:56,Terrence Jones,24:05,Corey Brewer,22:08,Ty Lawson,15:55,Marcus Thornton,8:38,116,0,4,0.0,0.0,3.0,75.0,1.0,25.0,Nik Stauskas,2,2,2015-2016,2.0,0,2.0,PHI,114,Robert Covington,,,,,,,,,,,,,37:48,Isaiah Canaan,32:23,Jerami Grant,31:39,Jahlil Okafor,26:43,Hollis Thompson,26:14,T.J. McConnell,25:41,JaKarr Sampson,18:39,Phil Pressey,16:25,Richaun Holmes,9:56
1,.333,3,50.000,1,1.00,84,1,1,100.0,2,.333,1.0,33.3,3.0,6,0,,0,0.000,Logos via Sports Logos.net / About logos,L,https://www.basketball-reference.com/boxscores/201511290MEM.html,Away,92,12:59,0,0.0,MEM,Marc Gasol,Vince Carter,8:54,,,,,,,,,,,39:01,Mike Conley,36:49,Zach Randolph,32:00,Jeff Green,28:25,Matt Barnes,27:07,Tony Allen,19:27,JaMychal Green,16:59,Courtney Lee,16:33,Mario Chalmers,14:45,92,2,5,2.0,40.0,3.0,60.0,0.0,0.0,Nik Stauskas,8,1,2015-2016,2.0,1,1.0,PHI,84,Robert Covington,,,,,,,,,,,,,37:25,Isaiah Canaan,35:21,Jahlil Okafor,31:59,Jerami Grant,30:29,Hollis Thompson,27:42,T.J. McConnell,21:52,Phil Pressey,15:40,Richaun Holmes,14:59,JaKarr Sampson,11:34
2,.500,4,80.000,0,,91,0,1,100.0,2,.400,0.0,0.0,1.0,5,0,,0,0.000,Logos via Sports Logos.net / About logos,W,https://www.basketball-reference.com/boxscores/201512010PHI.html,Home,103,14:30,0,0.0,LAL,Jordan Clarkson,Larry Nance Jr.,5:13,,,,,,,,,,,37:44,D'Angelo Russell,36:56,Roy Hibbert,32:58,Kobe Bryant,31:42,Julius Randle,28:22,Lou Williams,21:20,Metta World Peace,18:46,Brandon Bass,15:02,Nick Young,11:57,91,3,6,0.0,0.0,6.0,100.0,0.0,0.0,Nik Stauskas,12,1,2015-2016,1.0,0,1.0,PHI,103,Robert Covington,,,,,,,,,,,,,34:28,Jerami Grant,30:49,Isaiah Canaan,30:19,Jahlil Okafor,29:51,Hollis Thompson,28:38,Nerlens Noel,26:19,T.J. McConnell,20:33,JaKarr Sampson,18:42,Phil Pressey,5:51
2,.667,3,75.000,2,2.00,87,0,2,100.0,2,.500,0.0,0.0,1.0,4,1,.500,2,50.000,Logos via Sports Logos.net / About logos,L,https://www.basketball-reference.com/boxscores/201512020NYK.html,Away,99,23:46,0,0.0,NYK,Kristaps Porziņģis,Kevin Séraphin,16:37,Sasha Vujačić,6:17,Cleanthony Early,2:56,Kyle O'Quinn,2:56,,,,,29:45,José Calderón,26:49,Carmelo Anthony,26:26,Arron Afflalo,23:05,Robin Lopez,22:05,Langston Galloway,22:01,Lance Thomas,21:32,Jerian Grant,20:53,Derrick Williams,18:38,99,1,7,0.0,0.0,6.0,85.7,1.0,14.3,Nik Stauskas,12,1,2015-2016,1.0,1,2.0,PHI,87,Nerlens Noel,Christian Wood,2:11,,,,,,,,,,,32:20,Isaiah Canaan,30:08,Robert Covington,27:21,Hollis Thompson,26:40,T.J. McConnell,26:04,JaKarr Sampson,22:46,Jerami Grant,20:15,Richaun Holmes,18:07,Phil Pressey,10:22
2,.500,4,66.667,1,1.00,108,1,3,100.0,3,.500,1.0,50.0,2.0,6,1,.500,2,33.333,Logos via Sports Logos.net / About logos,L,https://www.basketball-reference.com/boxscores/201512050PHI.html,Home,105,27:55,0,0.0,DEN,Danilo Gallinari,J.J. Hickson,7:18,,,,,,,,,,,39:15,Randy Foye,35:30,Will Barton,33:24,Emmanuel Mudiay,31:27,Jameer Nelson,25:35,Kenneth Faried,21:39,Darrell Arthur,20:48,Mike Miller,16:01,Joffrey Lauvergne,9:03,108,2,9,2.0,22.2,6.0,66.7,1.0,11.1,Nik Stauskas,3,1,2015-2016,2.0,1,3.0,PHI,105,Nerlens Noel,,,,,,,,,,,,,31:13,Robert Covington,30:02,T.J. McConnell,29:52,Jerami Grant,28:44,Isaiah Canaan,24:19,Hollis Thompson,23:13,JaKarr Sampson,17:23,Richaun Holmes,14:17,Tony Wroten,13:02
1,.200,5,50.000,0,0.00,119,0,1,100.0,5,.500,4.0,80.0,5.0,10,2,1.000,2,20.000,Logos via Sports Logos.net / About logos,L,https://www.basketball-reference.com/boxscores/201512070PHI.html,Home,68,24:40,0,0.0,SAS,Kyle Anderson,Boris Diaw,15:36,Patty Mills,11:43,David West,8:59,,,,,,,29:52,Rasual Butler,26:53,Ray McCallum,24:31,Jonathon Simmons,24:16,Matt Bonner,24:09,LaMarcus Aldridge,21:38,Danny Green,18:38,Boban Marjanović,17:13,Tony Parker,16:32,119,4,13,8.0,61.5,3.0,23.1,2.0,15.4,Nik Stauskas,51,1,2015-2016,1.0,1,1.0,PHI,68,Robert Covington,JaKarr Sampson,12:05,,,,,,,,,,,30:51,Jahlil Okafor,28:54,Isaiah Canaan,27:32,Nerlens Noel,24:03,Richaun Holmes,20:35,Jerami Grant,20:34,Hollis Thompson,19:00,T.J. McConnell,18:00,Tony Wroten,13:46
0,.000,7,87.500,5,,91,0,2,100.0,1,.125,1.0,100.0,1.0,8,0,,0,0.000,Logos via Sports Logos.net / About logos,L,https://www.basketball-reference.com/boxscores/201512100BRK.html,Away,100,28:10,0,0.0,BRK,Joe Johnson,Wayne Ellington,9:27,Thomas Robinson,6:43,,,,,,,,,33:16,Thaddeus Young,32:54,Bojan Bogdanović,32:37,Jarrett Jack,27:05,Shane Larkin,26:43,Andrea Bargnani,23:15,Brook Lopez,19:03,Markel Brown,16:19,Willie Reed,12:39,100,2,2,2.0,100.0,0.0,0.0,0.0,0.0,Nik Stauskas,9,0,2015-2016,0.0,0,2.0,PHI,91,Jahlil Okafor,,,,,,,,,,,,,31:16,Robert Covington,26:52,Isaiah Canaan,25:17,Hollis Thompson,25:05,Jerami Grant,24:19,T.J. McConnell,24:10,Nerlens Noel,20:57,Richaun Holmes,16:59,Tony Wroten,16:54
0,.000,1,16.667,1,0.33,107,0,0,,3,.500,3.0,60.0,5.0,6,0,,0,0.000,Logos via Sports Logos.net / About logos,L,https://www.basketball-reference.com/boxscores/201512110PHI.html,Home,95,22:06,0,,DET,Kentavious Caldwell-Pope,Darrun Hilliard,8:54,Reggie Bullock,1:51,,,,,,,,,35:46,Marcus Morris,34:02,Andre Drummond,32:52,Reggie Jackson,30:32,Ersan İlyasova,25:39,Anthony Tolliver,22:21,Steve Blake,17:28,Stanley Johnson,15:27,Aron Baynes,15:08,107,1,6,6.0,100.0,0.0,0.0,0.0,0.0,Nik Stauskas,12,0,2015-2016,0.0,3,0.0,PHI,95,Robert Covington,Richaun Holmes,3:18,,,,,,,,,,,33:44,Jahlil Okafor,30:04,Nerlens Noel,29:08,Hollis Thompson,28:07,T.J. McConnell,24:56,Isaiah Canaan,22:49,Jerami Grant,17:45,Kendall Marshall,16:22,JaKarr Sampson,11:41
2,.400,5,62.500,1,0.33,76,3,5,100.0,3,.375,1.0,33.3,3.0,8,1,.500,2,25.000,Logos via Sports Logos.net / About logos,L,https://www.basketball-reference.com/boxscores/201512130TOR.html,Away,96,34:37,0,0.0,TOR,Kyle Lowry,Anthony Bennett,1:30,Norman Powell,1:30,,,,,,,,,34:59,DeMar DeRozan,33:44,Cory Joseph,29:58,Terrence Ross,28:43,Luis Scola,27:09,Bismack Biyombo,26:35,Patrick Patterson,25:51,James Johnson,15:06,Lucas Nogueira,14:55,96,2,9,2.0,22.2,6.0,66.7,1.0,11.1,Nik Stauskas,20,0,2015-2016,3.0,3,5.0,PHI,76,Isaiah Canaan,JaKarr Sampson,5:46,,,,,,,,,,,36:02,Jahlil Okafor,35:21,Robert Covington,31:52,Jerami Grant,24:34,Kendall Marshall,20:07,Nerlens Noel,18:10,Hollis Thompson,15:17,T.J. McConnell,12:25,Richaun Holmes,5:49
1,.250,4,80.000,1,0.50,96,0,1,100.0,2,.400,1.0,100.0,1.0,5,0,,0,0.000,Logos via Sports Logos.net / About logos,L,https://www.basketball-reference.com/boxscores/201512140CHI.html,Away,115,20:10,0,0.0,CHI,Tony Snell,E'Twaun Moore,8:09,Aaron Brooks,7:18,Bobby Portis,4:25,Cameron Bairstow,3:05,,,,,36:38,Jimmy Butler,28:30,Derrick Rose,26:26,Pau Gasol,25:29,Doug McDermott,23:34,Taj Gibson,22:23,Joakim Noah,21:59,Nikola Mirotić,18:39,Kirk Hinrich,13:25,115,4,5,2.0,40.0,3.0,60.0,0.0,0.0,Nik Stauskas,19,1,2015-2016,1.0,2,1.0,PHI,96,Jahlil Okafor,Christian Wood,8:01,,,,,,,,,,,33:57,Isaiah Canaan,29:49,Jerami Grant,27:39,Hollis Thompson,26:40,Robert Covington,26:20,T.J. McConnell,21:39,Tony Wroten,17:44,JaKarr Sampson,14:30,Richaun Holmes,13:31
0,,0,,0,0.00,106,0,1,100.0,0,,0.0,,0.0,0,0,,0,,Logos via Sports Logos.net / About logos,L,https://www.basketball-reference.com/boxscores/201512160ATL.html,Away,127,13:16,0,0.0,ATL,Al Horford,Lamar Patterson,12:35,Mike Muscala,8:50,Shelvin Mack,7:59,Justin Holiday,5:33,,,,,28:08,Kyle Korver,26:55,Paul Millsap,24:36,Kent Bazemore,24:30,Jeff Teague,23:10,Dennis Schröder,23:06,Thabo Sefolosha,22:08,Mike Scott,18:52,Tiago Splitter,13:38,127,0,0,0.0,,0.0,,0.0,,Nik Stauskas,21,0,2015-2016,0.0,1,1.0,PHI,106,Isaiah Canaan,Hollis Thompson,14:23,Christian Wood,2:29,,,,,,,,,30:31,Jahlil Okafor,30:11,Jerami Grant,29:29,Robert Covington,27:24,Richaun Holmes,27:14,JaKarr Sampson,17:02,T.J. McConnell,16:46,Tony Wroten,15:52,Kendall Marshall,15:22
0,,0,,0,,107,0,0,,0,,0.0,,0.0,0,0,.000,2,,Logos via Sports Logos.net / About logos,L,https://www.basketball-reference.com/boxscores/201512180PHI.html,Home,97,7:28,0,,NYK,Carmelo Anthony,Robin Lopez,16:18,Sasha Vujačić,7:03,Kevin Séraphin,5:02,Lou Amundson,5:02,,,,,28:20,Kristaps Porziņģis,26:17,Arron Afflalo,25:55,José Calderón,24:12,Derrick Williams,22:29,Jerian Grant,22:22,Kyle O'Quinn,21:00,Lance Thomas,19:32,Langston Galloway,16:28,107,0,0,0.0,,0.0,,0.0,,Nik Stauskas,10,1,2015-2016,1.0,0,0.0,PHI,97,Jahlil Okafor,T.J. McConnell,13:36,JaKarr Sampson,12:10,,,,,,,,,30:01,Isaiah Canaan,28:43,Nerlens Noel,27:12,Jerami Grant,26:33,Tony Wroten,23:15,Hollis Thompson,21:11,Richaun Holmes,18:25,Kendall Marshall,15:44,Robert Covington,15:42
0,,0,,0,0.00,86,0,0,0.0,0,,0.0,,0.0,0,0,,0,,Logos via Sports Logos.net / About logos,L,https://www.basketball-reference.com/boxscores/201512200CLE.html,Away,108,12:00,1,100.0,CLE,LeBron James,Iman Shumpert,15:40,Anderson Varejão,12:53,Jared Cunningham,12:41,Sasha Kaun,5:56,,,,,25:19,Timofey Mozgov,23:59,Matthew Dellavedova,22:48,Richard Jefferson,22:41,J.R. Smith,21:51,Tristan Thompson,21:43,Kevin Love,21:36,Kyrie Irving,17:04,James Jones,15:49,108,0,0,0.0,,0.0,,0.0,,Nik Stauskas,22,1,2015-2016,1.0,1,1.0,PHI,86,Nerlens Noel,Tony Wroten,14:59,Richaun Holmes,13:56,,,,,,,,,31:16,Jahlil Okafor,25:19,JaKarr Sampson,23:43,Jerami Grant,22:08,Hollis Thompson,21:56,Isaiah Canaan,21:12,Robert Covington,20:30,Kendall Marshall,17:59,T.J. McConnell,15:02
0,.000,2,100.000,0,0.00,104,0,1,100.0,0,.000,0.0,,0.0,2,0,,0,0.000,Logos via Sports Logos.net / About logos,L,https://www.basketball-reference.com/boxscores/201512220PHI.html,Home,90,3:41,0,0.0,MEM,Marc Gasol,JaMychal Green,9:33,,,,,,,,,,,34:43,Courtney Lee,34:08,Mike Conley,32:17,Matt Barnes,29:20,Zach Randolph,24:39,Mario Chalmers,22:57,Jeff Green,18:56,Vince Carter,16:53,Tony Allen,16:34,104,0,0,0.0,,0.0,,0.0,,Nik Stauskas,14,0,2015-2016,0.0,1,1.0,PHI,90,Jahlil Okafor,Richaun Holmes,8:50,,,,,,,,,,,32:37,Isaiah Canaan,30:06,Tony Wroten,28:46,Hollis Thompson,27:32,Jerami Grant,26:40,Nerlens Noel,26:33,Robert Covington,22:59,T.J. McConnell,17:38,JaKarr Sampson,14:38
3,.750,4,40.000,2,2.00,111,1,3,75.0,7,.700,4.0,66.7,6.0,10,0,,0,0.000,Logos via Sports Logos.net / About logos,W,https://www.basketball-reference.com/boxscores/201512260PHO.html,Away,104,23:20,1,25.0,PHO,Brandon Knight,T.J. Warren,10:29,Eric Bledsoe,8:09,,,,,,,,,38:09,P.J. Tucker,37:31,Jon Leuer,36:16,Ronnie Price,22:57,Devin Booker,19:46,Alex Len,18:48,Sonny Weems,17:14,Mirza Teletović,15:48,Tyson Chandler,14:54,104,0,17,8.0,47.1,9.0,52.9,0.0,0.0,Nik Stauskas,7,1,2015-2016,2.0,1,4.0,PHI,111,Hollis Thompson,Richaun Holmes,6:40,T.J. McConnell,2:01,,,,,,,,,35:14,Ish Smith,31:25,Nerlens Noel,30:50,Isaiah Canaan,27:38,Carl Landry,22:52,Jerami Grant,22:05,Kendall Marshall,14:34,Robert Covington,12:54,JaKarr Sampson,10:27
0,.000,3,50.000,2,1.00,91,1,2,100.0,0,.000,0.0,0.0,3.0,6,0,,0,0.000,Logos via Sports Logos.net / About logos,L,https://www.basketball-reference.com/boxscores/201512280UTA.html,Away,95,25:23,0,0.0,UTA,Gordon Hayward,Chris Johnson,15:53,,,,,,,,,,,37:25,Rodney Hood,27:16,Trevor Booker,27:09,Raul Neto,24:45,Trey Burke,23:59,Jeff Withey,23:38,Trey Lyles,23:19,Joe Ingles,19:47,Elijah Millsap,16:49,95,1,0,0.0,,0.0,,0.0,,Nik Stauskas,4,0,2015-2016,1.0,2,2.0,PHI,91,Hollis Thompson,Carl Landry,8:23,Kendall Marshall,4:07,,,,,,,,,33:19,Ish Smith,32:08,Nerlens Noel,30:14,Robert Covington,26:12,Richaun Holmes,21:40,JaKarr Sampson,18:56,Isaiah Canaan,17:22,T.J. McConnell,11:45,Jerami Grant,10:30
1,.167,6,85.714,2,2.00,110,1,3,100.0,1,.143,0.0,0.0,1.0,7,0,,0,0.000,Logos via Sports Logos.net / About logos,W,https://www.basketball-reference.com/boxscores/201512300SAC.html,Away,105,19:17,0,0.0,SAC,Rajon Rondo,,,,,,,,,,,,,39:18,Omri Casspi,36:04,DeMarcus Cousins,34:22,Rudy Gay,31:52,Marco Belinelli,30:01,Darren Collison,28:42,Ben McLemore,18:42,Kosta Koufos,11:51,Quincy Acy,9:08,105,2,3,0.0,0.0,3.0,100.0,0.0,0.0,Nik Stauskas,5,0,2015-2016,1.0,1,3.0,PHI,110,Jerami Grant,Richaun Holmes,5:03,,,,,,,,,,,34:16,Ish Smith,32:34,Isaiah Canaan,31:30,Nerlens Noel,26:49,Robert Covington,25:28,Jahlil Okafor,19:51,JaKarr Sampson,17:13,T.J. McConnell,15:26,Hollis Thompson,12:33
0,.000,5,55.556,2,0.67,84,0,2,50.0,2,.222,2.0,50.0,4.0,9,0,,0,0.000,Logos via Sports Logos.net / About logos,L,https://www.basketball-reference.com/boxscores/201601010LAL.html,Away,93,28:57,2,50.0,LAL,Lou Williams,,,,,,,,,,,,,36:53,Jordan Clarkson,33:21,Nick Young,26:24,D'Angelo Russell,25:46,Brandon Bass,24:56,Larry Nance Jr.,24:27,Julius Randle,23:33,Roy Hibbert,22:51,Anthony Brown,21:49,93,2,4,4.0,100.0,0.0,0.0,0.0,0.0,Nik Stauskas,9,1,2015-2016,1.0,3,4.0,PHI,84,Jerami Grant,,,,,,,,,,,,,30:58,Isaiah Canaan,30:58,Nerlens Noel,27:38,Ish Smith,25:27,Jahlil Okafor,23:15,T.J. McConnell,22:33,Robert Covington,22:29,JaKarr Sampson,19:40,Richaun Holmes,8:05
6,.750,8,80.000,3,3.00,99,0,4,100.0,6,.600,0.0,0.0,2.0,10,0,,0,0.000,Logos via Sports Logos.net / About logos,L,https://www.basketball-reference.com/boxscores/201601020LAC.html,Away,130,28:18,0,0.0,LAC,DeAndre Jordan,Cole Aldrich,11:31,Branden Dawson,9:24,Josh Smith,6:31,,,,,,,29:52,Chris Paul,26:02,Austin Rivers,24:30,Wesley Johnson,24:19,JJ Redick,24:07,Luc Mbah a Moute,22:36,Pablo Prigioni,21:58,Lance Stephenson,21:14,Jamal Crawford,17:56,130,3,18,0.0,0.0,18.0,100.0,0.0,0.0,Nik Stauskas,31,0,2015-2016,0.0,1,4.0,PHI,99,Jerami Grant,Richaun Holmes,15:46,Isaiah Canaan,15:03,,,,,,,,,25:36,Ish Smith,23:08,JaKarr Sampson,23:00,Nerlens Noel,22:20,T.J. McConnell,18:33,Jahlil Okafor,17:53,Kendall Marshall,17:12,Robert Covington,17:10,Carl Landry,16:01
1,.500,2,33.333,3,3.00,99,0,3,75.0,2,.333,1.0,25.0,4.0,6,0,.000,1,16.667,Logos via Sports Logos.net / About logos,W,https://www.basketball-reference.com/boxscores/201601040PHI.html,Home,109,28:58,1,25.0,MIN,Shabazz Muhammad,Andre Miller,11:19,Adreian Payne,6:31,Tyus Jones,1:47,,,,,,,34:21,Ricky Rubio,33:21,Gorgui Dieng,27:28,Andrew Wiggins,25:06,Karl-Anthony Towns,24:35,Nemanja Bjelica,20:37,Tayshaun Prince,20:09,Zach LaVine,17:57,Kevin Garnett,16:49,99,1,5,2.0,40.0,3.0,60.0,0.0,0.0,Nik Stauskas,10,1,2015-2016,1.0,1,4.0,PHI,109,Nerlens Noel,Isaiah Canaan,10:21,Robert Covington,6:30,,,,,,,,,30:34,Ish Smith,30:20,Carl Landry,22:22,Jerami Grant,22:10,Hollis Thompson,20:47,Jahlil Okafor,20:42,T.J. McConnell,17:40,Richaun Holmes,17:35,JaKarr Sampson,12:01
2,.500,4,57.143,2,,126,1,1,100.0,3,.429,1.0,33.3,3.0,7,1,.500,2,28.571,Logos via Sports Logos.net / About logos,L,https://www.basketball-reference.com/boxscores/201601070PHI.html,Home,98,23:51,0,0.0,ATL,Paul Millsap,Tiago Splitter,14:18,Mike Muscala,9:14,Justin Holiday,9:14,Shelvin Mack,7:21,,,,,24:54,Kent Bazemore,24:53,Al Horford,24:28,Mike Scott,23:06,Thabo Sefolosha,22:21,Jeff Teague,21:44,Kyle Korver,20:49,Dennis Schröder,18:55,Tim Hardaway Jr.,18:43,126,1,9,2.0,22.2,6.0,66.7,1.0,11.1,Nik Stauskas,28,0,2015-2016,1.0,0,1.0,PHI,98,Ish Smith,Kendall Marshall,11:24,T.J. McConnell,9:16,Carl Landry,6:23,,,,,,,27:20,Jahlil Okafor,26:31,JaKarr Sampson,24:13,Nerlens Noel,23:54,Hollis Thompson,21:52,Jerami Grant,21:12,Isaiah Canaan,16:03,Richaun Holmes,14:43,Robert Covington,13:18
1,.333,3,75.000,2,0.67,108,1,4,80.0,1,.250,0.0,0.0,1.0,4,0,,0,0.000,Logos via Sports Logos.net / About logos,L,https://www.basketball-reference.com/boxscores/201601090PHI.html,Home,95,24:04,1,20.0,TOR,Kyle Lowry,Norman Powell,1:52,Delon Wright,1:04,,,,,,,,,38:40,DeMar DeRozan,37:00,Cory Joseph,30:59,Patrick Patterson,29:36,Jonas Valančiūnas,28:52,Terrence Ross,23:47,Luis Scola,17:47,Bismack Biyombo,17:46,James Johnson,12:37,108,3,3,0.0,0.0,3.0,100.0,0.0,0.0,Nik Stauskas,13,0,2015-2016,1.0,3,5.0,PHI,95,Jahlil Okafor,Robert Covington,9:06,,,,,,,,,,,33:40,Ish Smith,33:09,Nerlens Noel,32:57,Hollis Thompson,30:41,Jerami Grant,22:05,JaKarr Sampson,17:04,T.J. McConnell,14:51,Carl Landry,12:39,Isaiah Canaan,9:44
2,.500,4,100.000,2,,95,1,4,100.0,2,.500,0.0,,0.0,4,0,,0,0.000,Logos via Sports Logos.net / About logos,L,https://www.basketball-reference.com/boxscores/201601100PHI.html,Home,85,22:17,0,0.0,CLE,Tristan Thompson,Jared Cunningham,0:45,,,,,,,,,,,37:24,Kevin Love,37:05,LeBron James,37:00,J.R. Smith,33:53,Kyrie Irving,30:49,Matthew Dellavedova,24:49,Iman Shumpert,16:44,Richard Jefferson,12:37,Timofey Mozgov,8:54,95,0,6,0.0,0.0,6.0,100.0,0.0,0.0,Nik Stauskas,10,0,2015-2016,1.0,0,4.0,PHI,85,Ish Smith,,,,,,,,,,,,,38:11,Nerlens Noel,34:35,Jahlil Okafor,32:29,Robert Covington,32:16,Jerami Grant,30:08,Hollis Thompson,25:43,T.J. McConnell,9:49,Carl Landry,9:00,JaKarr Sampson,5:32
3,.600,5,50.000,5,5.00,115,0,2,100.0,4,.400,1.0,20.0,5.0,10,1,.500,2,20.000,Logos via Sports Logos.net / About logos,L,https://www.basketball-reference.com/boxscores/201601140PHI.html,Home,111,39:16,0,0.0,CHI,Jimmy Butler,Aaron Brooks,6:58,,,,,,,,,,,49:03,Joakim Noah,38:12,Taj Gibson,35:26,Doug McDermott,33:00,Kirk Hinrich,32:18,E'Twaun Moore,26:24,Nikola Mirotić,23:45,Tony Snell,11:21,Bobby Portis,8:31,115,2,12,2.0,16.7,9.0,75.0,1.0,8.3,Nik Stauskas,4,2,2015-2016,2.0,1,2.0,PHI,111,Ish Smith,Richaun Holmes,2:50,,,,,,,,,,,35:50,Hollis Thompson,33:32,Jahlil Okafor,33:24,Robert Covington,29:38,JaKarr Sampson,24:34,Nerlens Noel,24:18,Carl Landry,19:09,T.J. McConnell,17:42,Isaiah Canaan,4:46
0,.000,4,66.667,1,1.00,112,0,0,0.0,1,.167,1.0,50.0,2.0,6,0,,0,0.000,Logos via Sports Logos.net / About logos,L,https://www.basketball-reference.com/boxscores/201601240PHI.html,Home,92,15:03,1,100.0,BOS,Jae Crowder,Tyler Zeller,7:07,Terry Rozier,5:47,R.J. Hunter,2:02,,,,,,,32:23,Avery Bradley,29:35,Marcus Smart,28:31,Evan Turner,26:13,Jared Sullinger,26:06,Isaiah Thomas,24:26,Jonas Jerebko,21:26,Amir Johnson,20:29,Kelly Olynyk,15:55,112,0,2,2.0,100.0,0.0,0.0,0.0,0.0,Nik Stauskas,20,0,2015-2016,0.0,1,1.0,PHI,92,Robert Covington,JaKarr Sampson,8:56,Kendall Marshall,7:44,,,,,,,,,34:28,Jahlil Okafor,29:32,Nerlens Noel,26:43,Ish Smith,25:31,Hollis Thompson,23:36,Jerami Grant,20:50,T.J. McConnell,16:25,Richaun Holmes,15:52,Isaiah Canaan,15:20
1,.500,2,28.571,4,,103,0,4,100.0,4,.571,3.0,60.0,5.0,7,6,.857,7,100.000,Logos via Sports Logos.net / About logos,W,https://www.basketball-reference.com/boxscores/201601260PHI.html,Home,113,37:48,0,0.0,PHO,Devin Booker,Lorenzo Brown,3:15,,,,,,,,,,,36:15,Alex Len,33:59,P.J. Tucker,32:35,Archie Goodwin,28:58,Markieff Morris,24:17,Sonny Weems,22:53,T.J. Warren,22:26,Tyson Chandler,19:10,Mirza Teletović,16:12,103,1,15,6.0,40.0,3.0,20.0,6.0,40.0,Nik Stauskas,10,1,2015-2016,1.0,0,4.0,PHI,113,Hollis Thompson,,,,,,,,,,,,,33:15,Ish Smith,31:43,Robert Covington,31:37,Nerlens Noel,30:15,Jerami Grant,28:30,Richaun Holmes,20:18,T.J. McConnell,16:41,Isaiah Canaan,9:53,,
0,.000,3,60.000,2,1.00,97,1,2,100.0,1,.200,1.0,50.0,2.0,5,2,1.000,2,40.000,Logos via Sports Logos.net / About logos,L,https://www.basketball-reference.com/boxscores/201601270DET.html,Away,110,26:07,0,0.0,DET,Kentavious Caldwell-Pope,,,,,,,,,,,,,37:44,Marcus Morris,36:17,Andre Drummond,35:22,Stanley Johnson,31:34,Reggie Jackson,31:01,Ersan İlyasova,19:39,Anthony Tolliver,19:39,Brandon Jennings,16:59,Aron Baynes,11:45,110,5,4,2.0,50.0,0.0,0.0,2.0,50.0,Nik Stauskas,13,0,2015-2016,1.0,2,2.0,PHI,97,Robert Covington,,,,,,,,,,,,,35:31,Hollis Thompson,33:30,Ish Smith,31:18,Jerami Grant,29:34,Nerlens Noel,28:05,Isaiah Canaan,22:46,T.J. McConnell,16:42,Richaun Holmes,16:27,,
2,.500,4,66.667,0,0.00,108,0,0,,4,.667,2.0,100.0,2.0,6,0,,0,0.000,Logos via Sports Logos.net / About logos,L,https://www.basketball-reference.com/boxscores/201601300PHI.html,Home,105,21:31,0,,GSW,Harrison Barnes,Brandon Rush,10:56,Jason Thompson,10:39,,,,,,,,,34:23,Stephen Curry,34:12,Klay Thompson,32:53,Draymond Green,32:50,Andrew Bogut,25:49,Shaun Livingston,16:18,Leandro Barbosa,15:07,Ian Clark,15:00,Marreese Speights,11:53,108,0,10,4.0,40.0,6.0,60.0,0.0,0.0,Nik Stauskas,3,1,2015-2016,1.0,2,0.0,PHI,105,Robert Covington,,,,,,,,,,,,,35:50,Ish Smith,35:19,Isaiah Canaan,30:03,Nerlens Noel,27:09,Hollis Thompson,24:45,Jahlil Okafor,20:51,T.J. McConnell,20:48,Jerami Grant,20:00,JaKarr Sampson,3:44
2,.667,3,42.857,2,2.00,124,0,4,100.0,5,.714,3.0,75.0,4.0,7,5,1.000,5,71.429,Logos via Sports Logos.net / About logos,L,https://www.basketball-reference.com/boxscores/201602030PHI.html,Home,86,29:30,0,0.0,ATL,Tim Hardaway Jr.,Dennis Schröder,17:12,Lamar Patterson,10:14,Shelvin Mack,8:45,Edy Tavares,8:06,,,,,25:47,Paul Millsap,25:28,Jeff Teague,23:03,Al Horford,22:18,Thabo Sefolosha,20:36,Mike Scott,20:25,Mike Muscala,19:43,Kyle Korver,19:28,Kent Bazemore,18:55,124,1,17,6.0,35.3,6.0,35.3,5.0,29.4,Nik Stauskas,38,0,2015-2016,0.0,1,4.0,PHI,86,Ish Smith,Richaun Holmes,7:45,JaKarr Sampson,7:45,Kendall Marshall,7:45,,,,,,,26:04,Jahlil Okafor,24:39,Nerlens Noel,21:56,Jerami Grant,21:48,Robert Covington,21:23,Hollis Thompson,20:00,Isaiah Canaan,19:58,T.J. McConnell,16:40,Carl Landry,14:47
3,.600,5,83.333,2,0.67,94,0,4,100.0,3,.500,0.0,0.0,1.0,6,0,,0,0.000,Logos via Sports Logos.net / About logos,L,https://www.basketball-reference.com/boxscores/201602050WAS.html,Away,106,27:46,0,0.0,WAS,Marcin Gortat,DeJuan Blair,5:39,Jarell Eddie,1:07,Kelly Oubre Jr.,1:07,,,,,,,34:25,Jared Dudley,34:07,John Wall,33:03,Bradley Beal,31:53,Garrett Temple,29:30,Otto Porter Jr.,25:19,Gary Neal,15:39,Ramon Sessions,14:57,Drew Gooden,13:14,106,3,9,0.0,0.0,9.0,100.0,0.0,0.0,Nik Stauskas,12,1,2015-2016,1.0,3,4.0,PHI,94,Nerlens Noel,,,,,,,,,,,,,33:24,Ish Smith,32:09,Isaiah Canaan,31:50,Hollis Thompson,29:23,Jerami Grant,26:46,Jahlil Okafor,21:06,Robert Covington,18:33,T.J. McConnell,17:31,Carl Landry,1:32
0,.000,4,66.667,1,1.00,98,0,0,,1,.167,1.0,50.0,2.0,6,2,.667,3,50.000,Logos via Sports Logos.net / About logos,W,https://www.basketball-reference.com/boxscores/201602060PHI.html,Home,103,20:28,0,,BRK,Thaddeus Young,Andrea Bargnani,8:58,,,,,,,,,,,39:02,Brook Lopez,33:50,Joe Johnson,28:47,Shane Larkin,26:16,Wayne Ellington,24:06,Bojan Bogdanović,22:59,Donald Sloan,21:44,Markel Brown,20:08,Thomas Robinson,14:09,98,0,4,2.0,50.0,0.0,0.0,2.0,50.0,Nik Stauskas,5,0,2015-2016,0.0,1,0.0,PHI,103,Jahlil Okafor,,,,,,,,,,,,,32:39,Nerlens Noel,32:01,Hollis Thompson,29:29,T.J. McConnell,28:08,Robert Covington,26:10,Isaiah Canaan,24:15,Jerami Grant,23:34,Kendall Marshall,19:52,JaKarr Sampson,3:24
1,.333,3,75.000,0,,98,0,1,100.0,2,.500,1.0,100.0,1.0,4,0,,0,0.000,Logos via Sports Logos.net / About logos,L,https://www.basketball-reference.com/boxscores/201602080PHI.html,Home,92,20:36,0,0.0,LAC,DeAndre Jordan,,,,,,,,,,,,,42:42,Wesley Johnson,41:48,Chris Paul,39:39,Jamal Crawford,39:06,JJ Redick,38:53,Luc Mbah a Moute,23:03,Lance Stephenson,16:11,Pablo Prigioni,13:21,Cole Aldrich,10:18,98,4,5,2.0,40.0,3.0,60.0,0.0,0.0,Nik Stauskas,6,0,2015-2016,0.0,0,1.0,PHI,92,Hollis Thompson,,,,,,,,,,,,,34:54,Nerlens Noel,34:17,Robert Covington,34:02,Ish Smith,33:25,Jerami Grant,33:22,Jahlil Okafor,29:50,Isaiah Canaan,24:50,T.J. McConnell,19:44,,
4,.800,5,50.000,3,,114,0,2,100.0,6,.600,2.0,40.0,5.0,10,0,,0,0.000,Logos via Sports Logos.net / About logos,L,https://www.basketball-reference.com/boxscores/201602100PHI.html,Home,110,31:28,0,0.0,SAC,Rudy Gay,James Anderson,4:52,,,,,,,,,,,40:41,DeMarcus Cousins,36:26,Rajon Rondo,36:23,Darren Collison,31:48,Marco Belinelli,23:24,Omri Casspi,19:34,Willie Cauley-Stein,17:15,Quincy Acy,14:49,Kosta Koufos,14:48,114,0,16,4.0,25.0,12.0,75.0,0.0,0.0,Nik Stauskas,4,1,2015-2016,1.0,0,2.0,PHI,110,Jahlil Okafor,,,,,,,,,,,,,38:41,Robert Covington,32:04,Ish Smith,30:55,Jerami Grant,28:45,Hollis Thompson,23:02,T.J. McConnell,17:28,Isaiah Canaan,16:19,Richaun Holmes,15:26,Carl Landry,5:52
3,.500,6,85.714,1,0.50,114,0,2,100.0,4,.571,1.0,100.0,1.0,7,0,,0,0.000,Logos via Sports Logos.net / About logos,L,https://www.basketball-reference.com/boxscores/201602190NOP.html,Away,121,25:28,0,0.0,NOP,Anthony Davis,Alexis Ajinça,9:38,,,,,,,,,,,38:22,Jrue Holiday,33:25,Dante Cunningham,31:54,Ryan Anderson,27:47,Norris Cole,27:24,Ömer Aşık,19:13,Toney Douglas,17:52,Bryce Dejean-Jones,17:18,Alonzo Gee,17:07,121,4,11,2.0,18.2,9.0,81.8,0.0,0.0,Nik Stauskas,7,1,2015-2016,1.0,2,2.0,PHI,114,Nerlens Noel,T.J. McConnell,6:44,Richaun Holmes,2:34,,,,,,,,,35:49,Ish Smith,31:17,Hollis Thompson,27:26,Jerami Grant,25:13,Robert Covington,24:50,Isaiah Canaan,22:22,Jahlil Okafor,19:21,Kendall Marshall,10:49,Carl Landry,8:07
2,.667,3,75.000,2,,103,0,2,100.0,2,.500,0.0,0.0,1.0,4,2,1.000,2,50.000,Logos via Sports Logos.net / About logos,L,https://www.basketball-reference.com/boxscores/201602210DAL.html,Away,129,20:13,0,0.0,DAL,Raymond Felton,Dwight Powell,9:47,Charlie Villanueva,7:45,Justin Anderson,6:17,Jeremy Evans,3:12,,,,,28:46,Deron Williams,27:27,Wesley Matthews,27:15,Chandler Parsons,27:15,Dirk Nowitzki,26:51,J.J. Barea,24:22,Zaza Pachulia,19:14,Devin Harris,17:21,Salah Mejri,14:28,129,0,8,0.0,0.0,6.0,75.0,2.0,25.0,Nik Stauskas,26,0,2015-2016,0.0,0,2.0,PHI,103,Jahlil Okafor,Kendall Marshall,6:17,Carl Landry,6:17,,,,,,,,,31:42,Jerami Grant,28:48,Isaiah Canaan,26:48,Ish Smith,25:39,Robert Covington,25:03,Hollis Thompson,22:09,Nerlens Noel,18:41,T.J. McConnell,16:04,Richaun Holmes,12:19
1,.333,3,60.000,2,0.50,124,0,1,50.0,2,.400,1.0,50.0,2.0,5,0,.000,1,20.000,Logos via Sports Logos.net / About logos,L,https://www.basketball-reference.com/boxscores/201602230PHI.html,Home,115,24:04,1,50.0,ORL,Evan Fournier,Jason Smith,10:25,,,,,,,,,,,42:43,Victor Oladipo,40:42,Nikola Vučević,36:39,Aaron Gordon,29:57,Elfrid Payton,20:28,Ersan İlyasova,18:59,C.J. Watson,18:39,Mario Hezonja,10:53,Brandon Jennings,10:35,124,5,5,2.0,40.0,3.0,60.0,0.0,0.0,Nik Stauskas,9,1,2015-2016,1.0,4,2.0,PHI,115,Nerlens Noel,Kendall Marshall,4:13,,,,,,,,,,,31:49,Hollis Thompson,28:57,Robert Covington,27:26,Jerami Grant,26:59,Ish Smith,26:52,Jahlil Okafor,25:53,Isaiah Canaan,19:59,T.J. McConnell,16:46,Richaun Holmes,7:02
0,.000,1,14.286,4,2.00,91,0,4,100.0,1,.143,1.0,16.7,6.0,7,1,.500,2,28.571,Logos via Sports Logos.net / About logos,L,https://www.basketball-reference.com/boxscores/201602240DET.html,Away,111,25:25,0,0.0,DET,Marcus Morris,Justin Harper,5:04,Joel Anthony,4:25,,,,,,,,,32:05,Tobias Harris,29:50,Kentavious Caldwell-Pope,29:40,Andre Drummond,26:41,Reggie Bullock,26:20,Reggie Jackson,26:07,Steve Blake,21:53,Aron Baynes,19:35,Darrun Hilliard,18:20,111,2,3,2.0,66.7,0.0,0.0,1.0,33.3,Nik Stauskas,20,0,2015-2016,0.0,2,4.0,PHI,91,Hollis Thompson,Carl Landry,9:45,,,,,,,,,,,32:20,Ish Smith,26:15,Jerami Grant,24:15,Jahlil Okafor,23:42,Kendall Marshall,21:45,Robert Covington,20:33,Nerlens Noel,20:16,Isaiah Canaan,18:13,Richaun Holmes,17:30
3,.600,5,83.333,1,1.00,103,0,2,100.0,4,.667,1.0,100.0,1.0,6,4,1.000,4,66.667,Logos via Sports Logos.net / About logos,L,https://www.basketball-reference.com/boxscores/201602260PHI.html,Home,94,27:43,0,0.0,WAS,John Wall,Garrett Temple,12:08,,,,,,,,,,,38:56,Jared Dudley,29:58,Otto Porter Jr.,29:20,Bradley Beal,27:51,Marcin Gortat,26:17,Nenê,21:43,Ramon Sessions,19:57,Markieff Morris,18:02,Alan Anderson,15:48,103,1,15,2.0,13.3,9.0,60.0,4.0,26.7,Nik Stauskas,9,0,2015-2016,0.0,1,2.0,PHI,94,Robert Covington,,,,,,,,,,,,,32:48,Jahlil Okafor,30:53,Nerlens Noel,30:45,Ish Smith,29:46,Jerami Grant,23:43,Hollis Thompson,23:07,T.J. McConnell,18:14,Isaiah Canaan,16:48,Richaun Holmes,6:13
0,.000,1,33.333,2,2.00,116,0,1,100.0,1,.333,1.0,50.0,2.0,3,2,.667,3,100.000,Logos via Sports Logos.net / About logos,L,https://www.basketball-reference.com/boxscores/201602280ORL.html,Away,130,20:03,0,0.0,ORL,Victor Oladipo,,,,,,,,,,,,,43:53,Aaron Gordon,35:54,Elfrid Payton,32:40,Nikola Vučević,27:33,Mario Hezonja,27:12,C.J. Watson,23:50,Jason Smith,20:27,Brandon Jennings,16:25,Ersan İlyasova,12:06,130,1,4,2.0,50.0,0.0,0.0,2.0,50.0,Nik Stauskas,14,0,2015-2016,0.0,1,1.0,PHI,116,Jerami Grant,,,,,,,,,,,,,38:24,Ish Smith,36:04,Isaiah Canaan,33:45,Robert Covington,30:10,Jahlil Okafor,28:02,T.J. McConnell,20:16,Nerlens Noel,17:08,Richaun Holmes,16:08,,
1,.167,6,54.545,3,,108,0,3,100.0,4,.364,3.0,60.0,5.0,11,1,1.000,1,9.091,Logos via Sports Logos.net / About logos,L,https://www.basketball-reference.com/boxscores/201602290WAS.html,Away,116,31:56,0,0.0,WAS,John Wall,,,,,,,,,,,,,41:55,Marcin Gortat,40:50,Markieff Morris,37:27,Bradley Beal,31:03,Garrett Temple,26:56,Otto Porter Jr.,25:57,Ramon Sessions,18:10,Jared Dudley,12:25,J.J. Hickson,5:17,116,3,10,6.0,60.0,3.0,30.0,1.0,10.0,Nik Stauskas,8,2,2015-2016,2.0,0,3.0,PHI,108,Jerami Grant,,,,,,,,,,,,,35:26,Ish Smith,33:35,Isaiah Canaan,31:56,Robert Covington,31:52,Nerlens Noel,25:05,Carl Landry,18:15,T.J. McConnell,17:20,Richaun Holmes,14:35,,
1,.250,4,66.667,0,,119,0,1,100.0,2,.333,1.0,50.0,2.0,6,1,1.000,1,16.667,Logos via Sports Logos.net / About logos,L,https://www.basketball-reference.com/boxscores/201603020PHI.html,Home,99,17:01,0,0.0,CHO,Kemba Walker,Troy Daniels,1:45,Aaron Harrison,1:45,Jorge Gutiérrez,1:45,Tyler Hansbrough,1:45,,,,,37:33,Nicolas Batum,36:36,Marvin Williams,29:50,Courtney Lee,28:30,Cody Zeller,27:43,Jeremy Lin,19:47,Al Jefferson,18:59,Frank Kaminsky,17:43,Jeremy Lamb,16:19,119,1,6,2.0,33.3,3.0,50.0,1.0,16.7,Nik Stauskas,20,1,2015-2016,1.0,0,1.0,PHI,99,Ish Smith,,,,,,,,,,,,,32:20,Robert Covington,31:58,Isaiah Canaan,31:56,Jerami Grant,30:13,Nerlens Noel,27:18,Hollis Thompson,21:24,Richaun Holmes,18:28,T.J. McConnell,15:42,Carl Landry,13:40
0,.000,1,33.333,0,0.00,118,0,0,,0,.000,0.0,0.0,2.0,3,0,,0,0.000,Logos via Sports Logos.net / About logos,L,https://www.basketball-reference.com/boxscores/201603090PHI.html,Home,104,12:36,0,,HOU,James Harden,Montrezl Harrell,7:21,Donatas Motiejūnas,6:45,,,,,,,,,41:15,Trevor Ariza,40:10,Dwight Howard,32:50,Patrick Beverley,31:49,Jason Terry,27:46,K.J. McDaniels,17:12,Corey Brewer,15:32,Clint Capela,10:23,Michael Beasley,8:57,118,4,0,0.0,,0.0,,0.0,,Nik Stauskas,14,0,2015-2016,0.0,1,0.0,PHI,104,Jerami Grant,,,,,,,,,,,,,35:36,Ish Smith,35:29,Robert Covington,35:10,Hollis Thompson,33:55,Nerlens Noel,32:13,Isaiah Canaan,23:48,T.J. McConnell,12:37,Carl Landry,9:18,Richaun Holmes,9:18
1,.250,4,50.000,1,0.25,89,0,2,66.7,3,.375,2.0,50.0,4.0,8,3,.750,4,50.000,Logos via Sports Logos.net / About logos,W,https://www.basketball-reference.com/boxscores/201603110PHI.html,Home,95,20:38,1,33.3,BRK,Thaddeus Young,Chris McCullough,8:06,,,,,,,,,,,39:54,Brook Lopez,34:15,Donald Sloan,33:30,Wayne Ellington,28:49,Markel Brown,27:50,Sean Kilpatrick,23:42,Sergey Karasev,15:39,Shane Larkin,14:30,Thomas Robinson,13:45,89,0,10,4.0,40.0,3.0,30.0,3.0,30.0,Nik Stauskas,6,0,2015-2016,0.0,4,3.0,PHI,95,Nerlens Noel,Elton Brand,6:52,,,,,,,,,,,33:35,Hollis Thompson,32:40,Ish Smith,31:57,Isaiah Canaan,27:03,Carl Landry,25:12,Robert Covington,17:15,Jerami Grant,16:50,T.J. McConnell,16:03,Richaun Holmes,11:54
1,.200,5,50.000,4,,125,0,2,100.0,5,.500,4.0,80.0,5.0,10,4,1.000,4,40.000,Logos via Sports Logos.net / About logos,L,https://www.basketball-reference.com/boxscores/201603120PHI.html,Home,111,26:11,0,0.0,DET,Kentavious Caldwell-Pope,Anthony Tolliver,0:42,,,,,,,,,,,40:14,Marcus Morris,39:31,Andre Drummond,34:46,Tobias Harris,32:59,Reggie Jackson,30:14,Steve Blake,17:46,Reggie Bullock,16:49,Stanley Johnson,13:45,Aron Baynes,13:14,125,2,15,8.0,53.3,3.0,20.0,4.0,26.7,Nik Stauskas,14,1,2015-2016,1.0,0,2.0,PHI,111,Nerlens Noel,,,,,,,,,,,,,37:17,Hollis Thompson,34:30,Isaiah Canaan,32:36,Ish Smith,30:37,Carl Landry,24:35,T.J. McConnell,17:23,Elton Brand,14:50,Kendall Marshall,14:13,Sonny Weems,7:48
2,.333,6,46.154,1,0.50,114,1,6,85.7,6,.462,4.0,57.1,7.0,13,4,1.000,4,30.769,Logos via Sports Logos.net / About logos,L,https://www.basketball-reference.com/boxscores/201603150BRK.html,Away,131,30:23,1,14.3,BRK,Brook Lopez,Chris McCullough,6:37,Sergey Karasev,5:28,,,,,,,,,37:08,Bojan Bogdanović,37:07,Thaddeus Young,32:40,Markel Brown,24:17,Donald Sloan,24:00,Shane Larkin,24:00,Sean Kilpatrick,23:14,Wayne Ellington,16:32,Thomas Robinson,8:56,131,1,18,8.0,44.4,6.0,33.3,4.0,22.2,Nik Stauskas,17,2,2015-2016,3.0,2,7.0,PHI,114,Hollis Thompson,,,,,,,,,,,,,32:01,Isaiah Canaan,31:48,Ish Smith,30:02,Nerlens Noel,29:16,Carl Landry,25:38,T.J. McConnell,20:22,Kendall Marshall,19:19,Elton Brand,12:33,Sonny Weems,8:38
0,.000,2,50.000,0,,99,0,2,66.7,2,.500,2.0,100.0,2.0,4,0,,0,0.000,Logos via Sports Logos.net / About logos,L,https://www.basketball-reference.com/boxscores/201603170PHI.html,Home,94,13:14,1,33.3,WAS,Garrett Temple,,,,,,,,,,,,,40:23,John Wall,36:38,Marcin Gortat,33:57,Otto Porter Jr.,33:15,Markieff Morris,25:40,Marcus Thornton,21:42,Ramon Sessions,18:05,Jared Dudley,16:22,Nenê,13:58,99,1,4,4.0,100.0,0.0,0.0,0.0,0.0,Nik Stauskas,5,0,2015-2016,0.0,0,3.0,PHI,94,Ish Smith,,,,,,,,,,,,,39:15,Hollis Thompson,35:04,Nerlens Noel,34:43,Isaiah Canaan,33:49,Jerami Grant,29:45,T.J. McConnell,18:20,Sonny Weems,15:43,Carl Landry,10:45,Kendall Marshall,9:22
5,.714,7,46.667,3,1.50,111,0,3,75.0,9,.600,4.0,50.0,8.0,15,0,,0,0.000,Logos via Sports Logos.net / About logos,L,https://www.basketball-reference.com/boxscores/201603180PHI.html,Home,97,33:58,1,25.0,OKC,Kevin Durant,Cameron Payne,7:42,Mitch McGary,6:16,,,,,,,,,34:15,Russell Westbrook,32:26,Randy Foye,26:36,Steven Adams,26:18,Dion Waiters,23:49,Enes Freedom,22:58,Kyle Singler,21:07,Andre Roberson,20:14,Nick Collison,18:19,111,0,23,8.0,34.8,15.0,65.2,0.0,0.0,Nik Stauskas,14,3,2015-2016,3.0,2,4.0,PHI,97,Nerlens Noel,,,,,,,,,,,,,34:33,Jerami Grant,34:08,Isaiah Canaan,30:41,Hollis Thompson,28:54,Ish Smith,28:32,T.J. McConnell,19:28,Carl Landry,11:46,Sonny Weems,9:55,Elton Brand,8:05
2,.500,4,50.000,3,3.00,120,0,6,100.0,4,.500,2.0,50.0,4.0,8,2,.400,5,62.500,Logos via Sports Logos.net / About logos,L,https://www.basketball-reference.com/boxscores/201603200PHI.html,Home,105,26:43,0,0.0,BOS,Avery Bradley,Jordan Mickey,0:08,,,,,,,,,,,38:52,Jared Sullinger,35:45,Evan Turner,34:56,Isaiah Thomas,33:24,Marcus Smart,29:06,Amir Johnson,23:40,Kelly Olynyk,20:17,Terry Rozier,13:25,Tyler Zeller,10:27,120,1,12,4.0,33.3,6.0,50.0,2.0,16.7,Nik Stauskas,15,0,2015-2016,0.0,1,6.0,PHI,105,Ish Smith,,,,,,,,,,,,,34:59,Hollis Thompson,32:20,Isaiah Canaan,27:15,Jerami Grant,25:50,Carl Landry,25:28,Nerlens Noel,24:17,T.J. McConnell,17:03,Elton Brand,15:28,Kendall Marshall,10:37
0,.000,3,60.000,0,0.00,75,1,0,,1,.200,1.0,50.0,2.0,5,2,1.000,2,40.000,Logos via Sports Logos.net / About logos,L,https://www.basketball-reference.com/boxscores/201603210IND.html,Away,91,15:17,0,,IND,Paul George,Ty Lawson,15:10,Solomon Hill,3:20,,,,,,,,,34:50,Monta Ellis,32:50,Ian Mahinmi,30:51,Myles Turner,26:09,George Hill,25:26,Lavoy Allen,18:31,Rodney Stuckey,18:13,C.J. Miles,17:31,Jordan Hill,17:09,91,0,4,2.0,50.0,0.0,0.0,2.0,50.0,Nik Stauskas,16,0,2015-2016,1.0,4,0.0,PHI,75,Jerami Grant,,,,,,,,,,,,,34:25,Hollis Thompson,32:43,Ish Smith,31:02,Isaiah Canaan,29:56,Nerlens Noel,24:32,Carl Landry,21:57,T.J. McConnell,21:15,Sonny Weems,16:20,Elton Brand,12:33
0,.000,3,50.000,3,,103,1,3,75.0,2,.333,2.0,66.7,3.0,6,1,1.000,1,16.667,Logos via Sports Logos.net / About logos,L,https://www.basketball-reference.com/boxscores/201603230DEN.html,Away,104,20:36,1,25.0,DEN,Emmanuel Mudiay,Joffrey Lauvergne,3:54,,,,,,,,,,,42:02,Gary Harris,35:30,Darrell Arthur,31:43,Nikola Jokić,27:00,D.J. Augustin,26:07,Will Barton,25:49,JaKarr Sampson,17:15,Jusuf Nurkić,16:06,Axel Toupane,14:35,104,3,5,4.0,80.0,0.0,0.0,1.0,20.0,Nik Stauskas,1,1,2015-2016,2.0,0,4.0,PHI,103,Hollis Thompson,Elton Brand,3:05,,,,,,,,,,,32:51,Jerami Grant,29:07,Ish Smith,28:12,Isaiah Canaan,27:25,Robert Covington,26:45,Carl Landry,23:53,T.J. McConnell,20:14,Richaun Holmes,14:34,Sonny Weems,13:18
3,.500,6,75.000,1,0.50,105,0,4,80.0,4,.500,1.0,50.0,2.0,8,2,1.000,2,25.000,Logos via Sports Logos.net / About logos,L,https://www.basketball-reference.com/boxscores/201603260POR.html,Away,108,25:30,1,20.0,POR,Damian Lillard,Brian Roberts,4:22,,,,,,,,,,,35:55,Al-Farouq Aminu,35:10,CJ McCollum,33:43,Maurice Harkless,29:34,Ed Davis,25:52,Allen Crabbe,22:46,Mason Plumlee,22:01,Gerald Henderson,21:09,Noah Vonleh,9:28,108,2,13,2.0,15.4,9.0,69.2,2.0,15.4,Nik Stauskas,3,0,2015-2016,0.0,2,5.0,PHI,105,Ish Smith,Richaun Holmes,6:22,Sonny Weems,6:00,,,,,,,,,35:30,Hollis Thompson,34:36,Jerami Grant,31:10,Robert Covington,29:36,Isaiah Canaan,23:54,Carl Landry,16:06,T.J. McConnell,14:08,Kendall Marshall,9:16,Elton Brand,7:51
1,.167,6,60.000,3,1.50,105,0,4,100.0,4,.400,3.0,75.0,4.0,10,0,,0,0.000,Logos via Sports Logos.net / About logos,L,https://www.basketball-reference.com/boxscores/201603270GSW.html,Away,117,31:10,0,0.0,GSW,Klay Thompson,James Michael McAdoo,6:32,,,,,,,,,,,38:28,Draymond Green,35:55,Stephen Curry,33:12,Harrison Barnes,32:21,Leandro Barbosa,23:27,Ian Clark,20:31,Marreese Speights,19:55,Brandon Rush,16:25,Andrew Bogut,13:14,117,1,9,6.0,66.7,3.0,33.3,0.0,0.0,Nik Stauskas,12,2,2015-2016,2.0,2,4.0,PHI,105,Ish Smith,Jerami Grant,3:13,,,,,,,,,,,35:57,Hollis Thompson,32:30,Robert Covington,31:35,Isaiah Canaan,28:13,Carl Landry,24:39,T.J. McConnell,22:20,Elton Brand,16:42,Kendall Marshall,9:04,Christian Wood,4:37
2,.400,5,45.455,1,0.50,100,0,2,66.7,4,.364,2.0,33.3,6.0,11,3,.750,4,36.364,Logos via Sports Logos.net / About logos,L,https://www.basketball-reference.com/boxscores/201603290PHI.html,Home,85,32:31,1,33.3,CHO,Nicolas Batum,Troy Daniels,1:16,Tyler Hansbrough,1:16,,,,,,,,,37:35,Courtney Lee,36:57,Kemba Walker,35:41,Marvin Williams,30:54,Cody Zeller,25:42,Al Jefferson,21:02,Jeremy Lamb,20:12,Frank Kaminsky,17:06,Jorge Gutiérrez,12:19,100,2,13,4.0,30.8,6.0,46.2,3.0,23.1,Nik Stauskas,15,0,2015-2016,0.0,2,3.0,PHI,85,Ish Smith,,,,,,,,,,,,,40:42,Robert Covington,30:09,Hollis Thompson,29:21,Isaiah Canaan,27:14,Carl Landry,22:08,T.J. McConnell,20:12,Elton Brand,19:00,Kendall Marshall,11:51,Christian Wood,6:52
1,.167,6,54.545,2,1.00,91,0,2,66.7,3,.273,2.0,40.0,5.0,11,4,.800,5,45.455,Logos via Sports Logos.net / About logos,L,https://www.basketball-reference.com/boxscores/201604010CHO.html,Away,100,29:14,1,33.3,CHO,Courtney Lee,,,,,,,,,,,,,36:15,Kemba Walker,35:45,Nicolas Batum,33:17,Marvin Williams,30:13,Cody Zeller,26:54,Jeremy Lin,24:00,Al Jefferson,21:06,Frank Kaminsky,17:47,Jeremy Lamb,14:43,100,1,11,4.0,36.4,3.0,27.3,4.0,36.4,Nik Stauskas,9,0,2015-2016,0.0,2,3.0,PHI,91,Ish Smith,,,,,,,,,,,,,31:35,Hollis Thompson,29:43,Robert Covington,28:43,Elton Brand,24:25,Isaiah Canaan,24:09,Carl Landry,23:35,T.J. McConnell,20:35,Jerami Grant,19:56,Kendall Marshall,8:05
1,.333,3,60.000,3,1.00,115,0,1,50.0,2,.400,1.0,50.0,2.0,5,4,.800,5,100.000,Logos via Sports Logos.net / About logos,L,https://www.basketball-reference.com/boxscores/201604020PHI.html,Home,102,27:09,1,50.0,IND,Paul George,Lavoy Allen,12:32,,,,,,,,,,,33:41,Solomon Hill,28:30,Myles Turner,26:35,Monta Ellis,26:01,George Hill,26:01,Rodney Stuckey,21:59,Ty Lawson,21:59,Ian Mahinmi,21:25,C.J. Miles,21:17,115,4,9,2.0,22.2,3.0,33.3,4.0,44.4,Nik Stauskas,13,0,2015-2016,0.0,3,2.0,PHI,102,Isaiah Canaan,,,,,,,,,,,,,39:14,Jerami Grant,37:11,Ish Smith,35:35,Robert Covington,32:14,Carl Landry,23:09,Elton Brand,22:53,T.J. McConnell,16:49,Kendall Marshall,5:46,,
2,.400,5,45.455,6,,93,1,2,100.0,5,.455,3.0,50.0,6.0,11,1,.500,2,18.182,Logos via Sports Logos.net / About logos,W,https://www.basketball-reference.com/boxscores/201604050PHI.html,Home,107,33:35,0,0.0,NOP,Toney Douglas,,,,,,,,,,,,,36:46,Tim Frazier,35:36,Dante Cunningham,32:10,Luke Babbitt,31:04,James Ennis III,29:44,Jordan Hamilton,26:40,Alexis Ajinça,25:18,Kendrick Perkins,22:42,,,93,2,13,6.0,46.2,6.0,46.2,1.0,7.7,Nik Stauskas,14,0,2015-2016,1.0,0,2.0,PHI,107,Robert Covington,,,,,,,,,,,,,35:31,Ish Smith,29:51,Carl Landry,26:07,Jerami Grant,23:33,Isaiah Canaan,22:46,Hollis Thompson,21:49,T.J. McConnell,18:09,Nerlens Noel,17:33,Elton Brand,11:06
3,.375,8,61.538,5,,109,0,6,85.7,4,.308,1.0,20.0,5.0,13,6,1.000,6,46.154,Logos via Sports Logos.net / About logos,L,https://www.basketball-reference.com/boxscores/201604080PHI.html,Home,102,37:02,1,14.3,NYK,Sasha Vujačić,,,,,,,,,,,,,31:31,Arron Afflalo,31:29,Langston Galloway,30:42,Jerian Grant,30:01,Robin Lopez,28:23,Derrick Williams,25:46,Carmelo Anthony,25:38,Kyle O'Quinn,19:37,Cleanthony Early,16:53,109,3,17,2.0,11.8,9.0,52.9,6.0,35.3,Nik Stauskas,7,0,2015-2016,0.0,0,7.0,PHI,102,Ish Smith,,,,,,,,,,,,,38:54,Robert Covington,34:10,Nerlens Noel,33:21,Jerami Grant,32:39,Hollis Thompson,27:08,T.J. McConnell,15:53,Elton Brand,13:01,Kendall Marshall,7:52,,
2,.167,12,80.000,0,0.00,109,0,1,100.0,3,.200,1.0,33.3,3.0,15,4,1.000,4,26.667,Logos via Sports Logos.net / About logos,L,https://www.basketball-reference.com/boxscores/201604100PHI.html,Home,108,36:28,0,0.0,MIL,Khris Middleton,,,,,,,,,,,,,42:44,Giannis Antetokounmpo,40:23,Tyler Ennis,39:16,Jabari Parker,31:27,Miles Plumlee,28:29,John Henson,24:31,Rashad Vaughn,22:53,Johnny O'Bryant,21:33,Greivis Vásquez,13:44,109,1,12,2.0,16.7,6.0,50.0,4.0,33.3,Nik Stauskas,1,1,2015-2016,1.0,1,1.0,PHI,108,Jerami Grant,,,,,,,,,,,,,43:08,Nerlens Noel,42:26,Robert Covington,39:50,Ish Smith,38:30,Hollis Thompson,24:19,T.J. McConnell,23:21,Elton Brand,16:58,,,,
1,.167,6,46.154,3,1.50,98,0,1,50.0,6,.462,5.0,71.4,7.0,13,0,,0,0.000,Logos via Sports Logos.net / About logos,L,https://www.basketball-reference.com/boxscores/201604120TOR.html,Away,122,36:49,1,50.0,TOR,Norman Powell,Jason Thompson,14:27,Lucas Nogueira,9:10,,,,,,,,,38:22,Terrence Ross,27:05,Kyle Lowry,26:16,DeMar DeRozan,22:20,Delon Wright,21:44,Bismack Biyombo,21:40,Luis Scola,21:04,DeMarre Carroll,20:42,Jonas Valančiūnas,17:10,122,3,13,10.0,76.9,3.0,23.1,0.0,0.0,Nik Stauskas,24,2,2015-2016,2.0,2,2.0,PHI,98,Robert Covington,,,,,,,,,,,,,34:25,Nerlens Noel,34:13,Ish Smith,33:36,Hollis Thompson,30:43,T.J. McConnell,21:37,Christian Wood,19:27,Jerami Grant,14:46,Kendall Marshall,14:24,,
0,.000,1,16.667,1,,103,0,4,100.0,5,.833,5.0,100.0,5.0,6,3,1.000,3,50.000,Logos via Sports Logos.net / About logos,L,https://www.basketball-reference.com/boxscores/201610260PHI.html,Home,97,22:32,0,0.0,OKC,Russell Westbrook,Álex Abrines,13:24,,,,,,,,,,,36:23,Steven Adams,35:33,Andre Roberson,31:51,Victor Oladipo,26:03,Enes Freedom,24:00,Kyle Singler,21:31,Ersan İlyasova,20:03,Domantas Sabonis,16:21,Semaj Christon,14:51,103,0,13,10.0,76.9,0.0,0.0,3.0,23.1,Nik Stauskas,6,0,2016-2017,0.0,0,4.0,PHI,97,Robert Covington,Richaun Holmes,11:52,,,,,,,,,,,31:56,Sergio Rodríguez,31:51,Dario Šarić,27:27,Gerald Henderson,24:47,Joel Embiid,22:25,Jerami Grant,21:51,T.J. McConnell,16:09,Jahlil Okafor,15:42,Hollis Thompson,13:28
2,.667,3,42.857,1,0.33,104,1,5,100.0,2,.286,0.0,0.0,4.0,7,0,,0,0.000,Logos via Sports Logos.net / About logos,L,https://www.basketball-reference.com/boxscores/201610290PHI.html,Home,72,28:51,0,0.0,ATL,Dennis Schröder,Tim Hardaway Jr.,19:00,DeAndre' Bembry,6:04,Taurean Prince,5:45,Edy Tavares,3:36,,,,,27:36,Paul Millsap,27:11,Kyle Korver,24:23,Kent Bazemore,23:32,Kris Humphries,22:25,Mike Muscala,21:29,Malcolm Delaney,20:24,Thabo Sefolosha,19:25,Dwight Howard,19:10,104,3,6,0.0,0.0,6.0,100.0,0.0,0.0,Nik Stauskas,32,0,2016-2017,1.0,3,5.0,PHI,72,Sergio Rodríguez,Jahlil Okafor,15:16,Timothé Luwawu-Cabarrot,6:23,,,,,,,,,28:58,Dario Šarić,26:24,Robert Covington,22:54,Hollis Thompson,20:11,Richaun Holmes,19:32,Jerami Grant,19:20,T.J. McConnell,19:02,Gerald Henderson,17:41,Joel Embiid,15:28
0,.000,2,33.333,1,,103,0,0,,1,.167,1.0,25.0,4.0,6,0,,0,0.000,Logos via Sports Logos.net / About logos,L,https://www.basketball-reference.com/boxscores/201611010PHI.html,Home,101,21:46,0,,ORL,Elfrid Payton,C.J. Watson,8:27,C.J. Wilcox,3:52,,,,,,,,,38:09,Evan Fournier,37:13,Serge Ibaka,32:13,Aaron Gordon,31:38,Nikola Vučević,31:25,Bismack Biyombo,20:36,D.J. Augustin,12:30,Mario Hezonja,12:11,Jeff Green,11:45,103,3,2,2.0,100.0,0.0,0.0,0.0,0.0,Nik Stauskas,2,0,2016-2017,0.0,0,0.0,PHI,101,Sergio Rodríguez,,,,,,,,,,,,,31:59,Dario Šarić,31:29,Gerald Henderson,31:29,Hollis Thompson,28:11,Robert Covington,27:49,Joel Embiid,24:52,Richaun Holmes,23:09,T.J. McConnell,15:59,Timothé Luwawu-Cabarrot,3:16
1,.333,3,50.000,2,1.00,93,0,4,100.0,2,.333,1.0,33.3,3.0,6,2,1.000,2,33.333,Logos via Sports Logos.net / About logos,L,https://www.basketball-reference.com/boxscores/201611020CHO.html,Away,109,30:30,0,0.0,CHO,Nicolas Batum,Treveon Graham,1:19,,,,,,,,,,,33:55,Kemba Walker,32:59,Michael Kidd-Gilchrist,32:11,Marvin Williams,30:13,Cody Zeller,26:24,Frank Kaminsky,24:34,Ramon Sessions,22:08,Marco Belinelli,21:28,Spencer Hawes,14:49,109,0,7,2.0,28.6,3.0,42.9,2.0,28.6,Nik Stauskas,16,0,2016-2017,0.0,2,4.0,PHI,93,Dario Šarić,Timothé Luwawu-Cabarrot,3:03,,,,,,,,,,,28:56,Sergio Rodríguez,26:03,Robert Covington,25:46,Gerald Henderson,24:39,Jahlil Okafor,24:10,Ersan İlyasova,23:10,T.J. McConnell,22:19,Hollis Thompson,19:53,Richaun Holmes,11:31
1,.250,4,80.000,1,,102,0,2,100.0,2,.400,1.0,100.0,1.0,5,0,,0,0.000,Logos via Sports Logos.net / About logos,L,https://www.basketball-reference.com/boxscores/201611050PHI.html,Home,101,19:20,0,0.0,CLE,Kevin Love,,,,,,,,,,,,,37:39,LeBron James,35:52,Kyrie Irving,33:52,J.R. Smith,32:06,Tristan Thompson,29:35,Iman Shumpert,25:32,Channing Frye,18:25,Richard Jefferson,13:34,Mike Dunleavy,13:25,102,0,5,2.0,40.0,3.0,60.0,0.0,0.0,Nik Stauskas,1,0,2016-2017,0.0,0,2.0,PHI,101,Sergio Rodríguez,Timothé Luwawu-Cabarrot,4:10,,,,,,,,,,,31:28,Robert Covington,30:12,Ersan İlyasova,28:19,Joel Embiid,25:15,Gerald Henderson,23:55,Jahlil Okafor,22:45,Hollis Thompson,20:15,Dario Šarić,17:49,T.J. McConnell,16:32
1,.333,3,50.000,1,0.50,109,0,2,66.7,3,.500,2.0,66.7,3.0,6,2,1.000,2,33.333,Logos via Sports Logos.net / About logos,L,https://www.basketball-reference.com/boxscores/201611070PHI.html,Home,84,21:55,1,33.3,UTA,Trey Lyles,Jeff Withey,5:49,Joel Bolomboy,2:18,Raul Neto,2:18,,,,,,,30:32,Gordon Hayward,30:11,Derrick Favors,29:12,Rodney Hood,29:07,Shelvin Mack,28:30,Joe Johnson,21:49,Joe Ingles,20:34,Rudy Gobert,20:10,Dante Exum,19:30,109,3,9,4.0,44.4,3.0,33.3,2.0,22.2,Nik Stauskas,25,0,2016-2017,0.0,2,3.0,PHI,84,Robert Covington,Richaun Holmes,5:14,Timothé Luwawu-Cabarrot,3:32,,,,,,,,,28:42,Sergio Rodríguez,27:43,Ersan İlyasova,26:00,Gerald Henderson,24:06,Dario Šarić,23:05,Jahlil Okafor,22:29,T.J. McConnell,20:17,Joel Embiid,19:12,Hollis Thompson,17:45
1,.500,2,100.000,1,0.33,115,0,1,100.0,1,.500,0.0,,0.0,2,0,,0,0.000,Logos via Sports Logos.net / About logos,L,https://www.basketball-reference.com/boxscores/201611090IND.html,Away,122,17:09,0,0.0,IND,Jeff Teague,Glenn Robinson III,6:41,,,,,,,,,,,40:44,Monta Ellis,39:30,Thaddeus Young,35:37,Myles Turner,32:25,C.J. Miles,32:20,Paul George,31:39,Al Jefferson,20:21,Lavoy Allen,13:28,Aaron Brooks,12:16,122,1,3,0.0,0.0,3.0,100.0,0.0,0.0,Nik Stauskas,7,0,2016-2017,0.0,3,1.0,PHI,115,Dario Šarić,,,,,,,,,,,,,33:36,Robert Covington,32:43,Sergio Rodríguez,31:21,Gerald Henderson,30:23,Richaun Holmes,27:42,Hollis Thompson,25:59,Jahlil Okafor,23:55,T.J. McConnell,21:18,Ersan İlyasova,20:54
2,.500,4,57.143,1,1.00,105,1,0,,5,.714,3.0,100.0,3.0,7,2,.500,4,57.143,Logos via Sports Logos.net / About logos,W,https://www.basketball-reference.com/boxscores/201611110PHI.html,Home,109,23:34,0,,IND,Paul George,Kevin Séraphin,7:35,,,,,,,,,,,40:29,Monta Ellis,36:18,Jeff Teague,34:39,Thaddeus Young,33:45,C.J. Miles,30:05,Al Jefferson,22:28,Myles Turner,20:54,Lavoy Allen,20:26,Aaron Brooks,18:21,105,1,14,6.0,42.9,6.0,42.9,2.0,14.3,Nik Stauskas,4,0,2016-2017,1.0,1,0.0,PHI,109,Robert Covington,Jahlil Okafor,2:49,,,,,,,,,,,40:14,Sergio Rodríguez,33:56,Gerald Henderson,29:26,Dario Šarić,28:48,Joel Embiid,25:45,Richaun Holmes,24:26,Ersan İlyasova,24:12,T.J. McConnell,19:01,Hollis Thompson,12:49
2,.500,4,66.667,1,0.25,96,0,2,50.0,4,.667,2.0,100.0,2.0,6,2,1.000,2,33.333,Logos via Sports Logos.net / About logos,L,https://www.basketball-reference.com/boxscores/201611120ATL.html,Away,117,24:07,2,50.0,ATL,Kent Bazemore,Malcolm Delaney,16:55,Taurean Prince,3:16,DeAndre' Bembry,3:16,Ryan Kelly,3:16,,,,,28:24,Kyle Korver,28:19,Dwight Howard,28:08,Dennis Schröder,27:49,Paul Millsap,26:59,Mike Muscala,19:08,Kris Humphries,18:29,Tim Hardaway Jr.,18:15,Thabo Sefolosha,17:46,117,2,12,4.0,33.3,6.0,50.0,2.0,16.7,Nik Stauskas,21,3,2016-2017,3.0,4,4.0,PHI,96,Dario Šarić,Timothé Luwawu-Cabarrot,3:16,,,,,,,,,,,27:39,Robert Covington,26:03,Sergio Rodríguez,25:13,Ersan İlyasova,24:19,Jahlil Okafor,23:38,T.J. McConnell,22:47,Hollis Thompson,22:00,Gerald Henderson,20:34,Richaun Holmes,20:24
1,.200,5,55.556,1,1.00,88,0,2,100.0,4,.444,3.0,75.0,4.0,9,3,.750,4,44.444,Logos via Sports Logos.net / About logos,L,https://www.basketball-reference.com/boxscores/201611140HOU.html,Away,115,29:09,0,0.0,HOU,Trevor Ariza,K.J. McDaniels,6:15,Montrezl Harrell,6:15,Bobby Brown,4:49,,,,,,,35:08,James Harden,33:01,Ryan Anderson,30:05,Eric Gordon,26:51,Sam Dekker,26:41,Clint Capela,25:32,Nenê,16:13,Tyler Ennis,14:59,Corey Brewer,14:11,115,2,12,6.0,50.0,3.0,25.0,3.0,25.0,Nik Stauskas,27,1,2016-2017,1.0,1,2.0,PHI,88,Gerald Henderson,Timothé Luwawu-Cabarrot,8:45,Richaun Holmes,8:23,,,,,,,,,27:33,Sergio Rodríguez,27:06,Dario Šarić,24:00,Joel Embiid,22:31,Ersan İlyasova,22:23,Jahlil Okafor,21:30,T.J. McConnell,20:54,Robert Covington,14:05,Hollis Thompson,13:42
2,.667,3,37.500,2,2.00,102,0,1,100.0,6,.750,4.0,80.0,5.0,8,1,.500,2,25.000,Logos via Sports Logos.net / About logos,W,https://www.basketball-reference.com/boxscores/201611160PHI.html,Home,109,24:30,0,0.0,WAS,Otto Porter Jr.,Kelly Oubre Jr.,3:49,Jason Smith,3:00,,,,,,,,,41:04,Marcin Gortat,38:59,Marcus Thornton,36:59,Markieff Morris,30:55,John Wall,23:56,Tomáš Satoranský,22:49,Sheldon Mac,20:28,Andrew Nicholson,12:32,Trey Burke,5:29,102,1,15,8.0,53.3,6.0,40.0,1.0,6.7,Nik Stauskas,7,1,2016-2017,1.0,1,1.0,PHI,109,Gerald Henderson,,,,,,,,,,,,,28:42,Sergio Rodríguez,28:06,Ersan İlyasova,26:20,Dario Šarić,26:13,Robert Covington,23:22,Hollis Thompson,23:03,Jahlil Okafor,20:22,T.J. McConnell,19:54,Richaun Holmes,19:28
3,.500,6,75.000,1,1.00,86,0,4,80.0,4,.500,1.0,50.0,2.0,8,2,1.000,2,25.000,Logos via Sports Logos.net / About logos,L,https://www.basketball-reference.com/boxscores/201611170MIN.html,Away,110,24:06,1,20.0,MIN,Zach LaVine,Tyus Jones,3:18,John Lucas III,1:22,,,,,,,,,38:59,Karl-Anthony Towns,38:24,Andrew Wiggins,38:18,Gorgui Dieng,29:23,Ricky Rubio,24:57,Kris Dunn,23:03,Nemanja Bjelica,15:25,Cole Aldrich,13:53,Adreian Payne,12:58,110,1,13,2.0,15.4,9.0,69.2,2.0,15.4,Nik Stauskas,24,2,2016-2017,2.0,1,5.0,PHI,86,Robert Covington,Timothé Luwawu-Cabarrot,9:19,Richaun Holmes,3:18,,,,,,,,,28:14,Dario Šarić,26:59,T.J. McConnell,24:04,Sergio Rodríguez,23:56,Joel Embiid,22:26,Jahlil Okafor,22:16,Ersan İlyasova,21:01,Hollis Thompson,19:46,Gerald Henderson,14:35
5,.833,6,66.667,0,0.00,105,1,2,100.0,8,.889,3.0,100.0,3.0,9,0,,0,0.000,Logos via Sports Logos.net / About logos,W,https://www.basketball-reference.com/boxscores/201611190PHI.html,Home,120,26:29,0,0.0,PHO,P.J. Tucker,Dragan Bender,11:33,Leandro Barbosa,9:30,John Jenkins,4:05,Derrick Jones Jr.,2:41,,,,,30:35,Eric Bledsoe,30:01,Alex Len,24:44,Jared Dudley,23:24,Alan Williams,23:16,Tyler Ulis,21:34,Brandon Knight,20:48,Marquese Chriss,20:11,Devin Booker,17:38,105,2,21,6.0,28.6,15.0,71.4,0.0,0.0,Nik Stauskas,15,0,2016-2017,1.0,2,2.0,PHI,120,Sergio Rodríguez,Richaun Holmes,7:28,Timothé Luwawu-Cabarrot,4:37,,,,,,,,,28:35,Hollis Thompson,25:39,Dario Šarić,25:23,Ersan İlyasova,23:36,Gerald Henderson,21:38,Joel Embiid,20:23,T.J. McConnell,19:25,Jahlil Okafor,19:10,Robert Covington,17:37
2,.500,4,66.667,0,0.00,94,1,3,100.0,2,.333,0.0,0.0,2.0,6,2,1.000,2,33.333,Logos via Sports Logos.net / About logos,W,https://www.basketball-reference.com/boxscores/201611210PHI.html,Home,101,21:28,0,0.0,MIA,Goran Dragić,Luke Babbitt,10:44,Udonis Haslem,3:30,,,,,,,,,35:04,Dion Waiters,32:57,Hassan Whiteside,32:49,Tyler Johnson,30:15,Josh Richardson,28:55,Derrick Williams,18:36,Rodney McGruder,18:18,James Johnson,17:11,Josh McRoberts,11:41,94,1,8,0.0,0.0,6.0,75.0,2.0,25.0,Nik Stauskas,7,0,2016-2017,1.0,4,3.0,PHI,101,Gerald Henderson,Hollis Thompson,10:54,,,,,,,,,,,32:07,Ersan İlyasova,31:26,Robert Covington,30:55,Jahlil Okafor,24:42,Joel Embiid,23:18,Sergio Rodríguez,19:37,Dario Šarić,16:34,Jerryd Bayless,15:27,T.J. McConnell,13:32
2,.286,7,58.333,4,2.00,104,0,5,100.0,3,.250,1.0,20.0,5.0,12,2,1.000,2,16.667,Logos via Sports Logos.net / About logos,L,https://www.basketball-reference.com/boxscores/201611230PHI.html,Home,99,42:33,0,0.0,MEM,Marc Gasol,Deyonta Davis,0:02,,,,,,,,,,,45:26,Mike Conley,45:06,Andrew Harrison,41:46,Vince Carter,38:30,JaMychal Green,33:51,Zach Randolph,27:08,Troy Daniels,23:27,Tony Allen,22:47,Jarell Martin,11:57,104,2,10,2.0,20.0,6.0,60.0,2.0,20.0,Nik Stauskas,5,1,2016-2017,1.0,2,5.0,PHI,99,Robert Covington,,,,,,,,,,,,,45:58,Ersan İlyasova,40:25,Jerryd Bayless,30:21,Joel Embiid,27:10,Hollis Thompson,27:00,Jahlil Okafor,26:10,Dario Šarić,22:15,Sergio Rodríguez,20:34,T.J. McConnell,7:35
2,.500,4,44.444,3,1.00,105,3,5,100.0,5,.556,3.0,60.0,5.0,9,1,.500,2,22.222,Logos via Sports Logos.net / About logos,L,https://www.basketball-reference.com/boxscores/201611250PHI.html,Home,89,23:57,0,0.0,CHI,Jimmy Butler,Cristiano Felício,7:13,Jerian Grant,7:13,R.J. Hunter,3:35,,,,,,,30:30,Dwyane Wade,28:55,Isaiah Canaan,25:47,Rajon Rondo,25:40,Nikola Mirotić,25:13,Robin Lopez,22:51,Denzel Valentine,22:20,Taj Gibson,22:07,Bobby Portis,18:36,105,1,13,6.0,46.2,6.0,46.2,1.0,7.7,Nik Stauskas,16,0,2016-2017,3.0,3,5.0,PHI,89,Jahlil Okafor,T.J. McConnell,11:30,Timothé Luwawu-Cabarrot,9:59,,,,,,,,,26:45,Jerryd Bayless,25:41,Ersan İlyasova,25:40,Dario Šarić,22:20,Richaun Holmes,21:15,Hollis Thompson,20:36,Robert Covington,19:48,Gerald Henderson,18:35,Sergio Rodríguez,13:54
2,.500,4,66.667,4,4.00,112,0,3,100.0,4,.667,2.0,100.0,2.0,6,1,.500,2,33.333,Logos via Sports Logos.net / About logos,L,https://www.basketball-reference.com/boxscores/201611270PHI.html,Home,108,24:48,0,0.0,CLE,LeBron James,,,,,,,,,,,,,41:30,Kyrie Irving,40:45,J.R. Smith,38:31,Tristan Thompson,36:29,Richard Jefferson,28:00,Kevin Love,27:54,James Jones,10:54,Mike Dunleavy,8:42,DeAndre Liggins,7:15,112,2,11,4.0,36.4,6.0,54.5,1.0,9.1,Nik Stauskas,4,0,2016-2017,0.0,1,3.0,PHI,108,Gerald Henderson,,,,,,,,,,,,,31:45,Ersan İlyasova,28:28,Sergio Rodríguez,28:11,Joel Embiid,25:11,Jahlil Okafor,22:49,Robert Covington,20:42,T.J. McConnell,19:49,Dario Šarić,19:32,Hollis Thompson,18:45
3,.500,6,66.667,2,,95,0,0,,4,.444,1.0,33.3,3.0,9,0,,0,0.000,Logos via Sports Logos.net / About logos,L,https://www.basketball-reference.com/boxscores/201611280TOR.html,Away,122,28:52,0,,TOR,Kyle Lowry,Norman Powell,11:15,Jakob Poeltl,3:34,Bruno Caboclo,3:34,Fred VanVleet,3:34,,,,,31:32,DeMar DeRozan,30:43,Cory Joseph,23:59,Pascal Siakam,23:14,Terrence Ross,23:02,Lucas Nogueira,22:21,Jonas Valančiūnas,22:05,DeMarre Carroll,21:24,Patrick Patterson,19:43,122,2,11,2.0,18.2,9.0,81.8,0.0,0.0,Nik Stauskas,27,0,2016-2017,0.0,0,0.0,PHI,95,Robert Covington,Timothé Luwawu-Cabarrot,9:03,,,,,,,,,,,31:40,Sergio Rodríguez,27:52,Jahlil Okafor,24:38,Dario Šarić,23:34,Richaun Holmes,23:22,Ersan İlyasova,22:54,T.J. McConnell,20:08,Gerald Henderson,16:47,Hollis Thompson,11:10
0,.000,3,50.000,5,1.67,105,0,1,100.0,0,.000,0.0,0.0,3.0,6,0,,0,0.000,Logos via Sports Logos.net / About logos,L,https://www.basketball-reference.com/boxscores/201612020PHI.html,Home,88,25:27,0,0.0,ORL,Bismack Biyombo,C.J. Watson,6:11,Mario Hezonja,3:16,Damjan Rudež,3:16,C.J. Wilcox,2:05,,,,,32:06,Evan Fournier,30:19,Nikola Vučević,27:15,Aaron Gordon,25:14,Serge Ibaka,25:04,Elfrid Payton,23:41,Jeff Green,22:49,D.J. Augustin,21:52,Jodie Meeks,16:52,105,0,0,0.0,,0.0,,0.0,,Nik Stauskas,17,0,2016-2017,0.0,3,1.0,PHI,88,Jahlil Okafor,Richaun Holmes,7:43,Timothé Luwawu-Cabarrot,6:11,,,,,,,,,27:54,Joel Embiid,26:56,Sergio Rodríguez,25:12,Hollis Thompson,24:52,Robert Covington,23:25,Gerald Henderson,21:51,Ersan İlyasova,17:20,T.J. McConnell,17:02,Dario Šarić,16:07
2,.250,8,72.727,0,0.00,107,2,2,100.0,3,.273,1.0,33.3,3.0,11,2,1.000,2,18.182,Logos via Sports Logos.net / About logos,L,https://www.basketball-reference.com/boxscores/201612030PHI.html,Home,106,33:20,0,0.0,BOS,Al Horford,Terry Rozier,10:10,Tyler Zeller,3:46,Gerald Green,2:54,,,,,,,33:46,Isaiah Thomas,33:11,Jae Crowder,32:59,Marcus Smart,32:25,Avery Bradley,32:19,Jonas Jerebko,16:24,Amir Johnson,15:24,Jaylen Brown,15:16,Kelly Olynyk,11:26,107,4,10,2.0,20.0,6.0,60.0,2.0,20.0,Nik Stauskas,1,1,2016-2017,3.0,1,2.0,PHI,106,Jahlil Okafor,,,,,,,,,,,,,32:52,Sergio Rodríguez,31:38,Gerald Henderson,31:34,Ersan İlyasova,29:52,Dario Šarić,27:21,Hollis Thompson,16:41,T.J. McConnell,16:01,Richaun Holmes,10:59,Timothé Luwawu-Cabarrot,9:42
1,.200,5,71.429,5,1.67,106,1,2,66.7,1,.143,0.0,0.0,2.0,7,1,.500,2,28.571,Logos via Sports Logos.net / About logos,L,https://www.basketball-reference.com/boxscores/201612050PHI.html,Home,98,34:57,1,33.3,DEN,Danilo Gallinari,Juancho Hernangómez,4:53,Alonzo Gee,0:44,,,,,,,,,37:47,Will Barton,35:48,Jameer Nelson,30:06,Wilson Chandler,26:01,Jusuf Nurkić,24:12,Jamal Murray,23:32,Darrell Arthur,22:47,Emmanuel Mudiay,21:12,Kenneth Faried,12:58,106,4,4,0.0,0.0,3.0,75.0,1.0,25.0,Nik Stauskas,8,0,2016-2017,1.0,3,3.0,PHI,98,Ersan İlyasova,,,,,,,,,,,,,36:22,Sergio Rodríguez,32:31,Gerald Henderson,26:23,Joel Embiid,25:32,Dario Šarić,24:39,Richaun Holmes,18:20,T.J. McConnell,15:29,Hollis Thompson,15:22,Timothé Luwawu-Cabarrot,10:25
1,.125,8,80.000,1,,91,1,4,100.0,3,.300,2.0,100.0,2.0,10,5,.500,10,100.000,Logos via Sports Logos.net / About logos,L,https://www.basketball-reference.com/boxscores/201612060MEM.html,Away,96,38:09,0,0.0,MEM,JaMychal Green,Toney Douglas,5:37,,,,,,,,,,,34:34,Marc Gasol,34:05,Troy Williams,31:22,Andrew Harrison,27:45,Tony Allen,26:34,Troy Daniels,24:41,Wade Baldwin,23:33,Zach Randolph,21:54,Jarell Martin,9:55,96,2,12,4.0,33.3,3.0,25.0,5.0,41.7,Nik Stauskas,5,0,2016-2017,1.0,0,4.0,PHI,91,Ersan İlyasova,,,,,,,,,,,,,39:46,Richaun Holmes,34:02,Dario Šarić,25:05,T.J. McConnell,24:40,Sergio Rodríguez,23:21,Hollis Thompson,22:32,Timothé Luwawu-Cabarrot,16:14,Gerald Henderson,16:12,,
3,.600,5,71.429,5,,99,0,1,50.0,5,.714,2.0,100.0,2.0,7,1,1.000,1,14.286,Logos via Sports Logos.net / About logos,W,https://www.basketball-reference.com/boxscores/201612080NOP.html,Away,88,21:53,1,50.0,NOP,Anthony Davis,,,,,,,,,,,,,40:33,Solomon Hill,37:37,Buddy Hield,34:08,Tim Frazier,29:18,Langston Galloway,28:25,Ömer Aşık,19:50,Terrence Jones,18:40,Anthony Brown,17:45,Alexis Ajinça,13:44,88,0,14,4.0,28.6,9.0,64.3,1.0,7.1,Nik Stauskas,11,0,2016-2017,0.0,0,2.0,PHI,99,Ersan İlyasova,Timothé Luwawu-Cabarrot,3:21,,,,,,,,,,,31:30,Robert Covington,31:11,Sergio Rodríguez,30:06,Joel Embiid,27:03,Dario Šarić,25:13,Gerald Henderson,24:17,Richaun Holmes,20:03,T.J. McConnell,18:48,Hollis Thompson,6:35
1,.500,2,66.667,4,2.00,97,0,2,100.0,2,.667,1.0,100.0,1.0,3,5,.833,6,200.000,Logos via Sports Logos.net / About logos,W,https://www.basketball-reference.com/boxscores/201612110DET.html,Away,79,25:06,0,0.0,DET,Marcus Morris,,,,,,,,,,,,,37:25,Andre Drummond,36:28,Tobias Harris,35:12,Reggie Jackson,28:28,Stanley Johnson,26:03,Ish Smith,23:13,Jon Leuer,21:54,Darrun Hilliard,19:45,Aron Baynes,11:32,79,2,10,2.0,20.0,3.0,30.0,5.0,50.0,Nik Stauskas,18,1,2016-2017,1.0,2,2.0,PHI,97,T.J. McConnell,Timothé Luwawu-Cabarrot,4:57,,,,,,,,,,,37:22,Robert Covington,34:06,Ersan İlyasova,33:34,Jahlil Okafor,26:32,Gerald Henderson,21:50,Dario Šarić,19:52,Hollis Thompson,15:13,Richaun Holmes,11:05,Nerlens Noel,10:23
0,.000,2,66.667,1,,123,0,0,,0,.000,0.0,0.0,1.0,3,2,1.000,2,66.667,Logos via Sports Logos.net / About logos,L,https://www.basketball-reference.com/boxscores/201612140PHI.html,Home,114,18:00,0,,TOR,Kyle Lowry,Jakob Poeltl,6:52,,,,,,,,,,,36:52,Jonas Valančiūnas,34:27,DeMar DeRozan,29:44,Cory Joseph,29:24,Patrick Patterson,27:53,Norman Powell,21:12,DeMarre Carroll,19:56,Terrence Ross,18:38,Pascal Siakam,15:02,123,2,2,0.0,0.0,0.0,0.0,2.0,100.0,Nik Stauskas,9,0,2016-2017,0.0,0,0.0,PHI,114,Robert Covington,Richaun Holmes,7:14,Timothé Luwawu-Cabarrot,5:15,,,,,,,,,31:20,Jahlil Okafor,30:04,Sergio Rodríguez,28:30,Joel Embiid,27:01,Gerald Henderson,24:45,Ersan İlyasova,23:28,T.J. McConnell,19:30,Dario Šarić,13:29,Hollis Thompson,11:24
2,.500,4,44.444,3,1.50,100,0,1,100.0,4,.444,2.0,40.0,5.0,9,2,1.000,2,22.222,Logos via Sports Logos.net / About logos,L,https://www.basketball-reference.com/boxscores/201612160PHI.html,Home,89,26:03,0,0.0,LAL,Larry Nance Jr.,Tarik Black,3:25,,,,,,,,,,,34:13,Julius Randle,33:10,Luol Deng,32:08,D'Angelo Russell,26:33,Jordan Clarkson,25:55,Lou Williams,23:23,Nick Young,21:27,Brandon Ingram,20:43,Timofey Mozgov,19:03,100,2,12,4.0,33.3,6.0,50.0,2.0,16.7,Nik Stauskas,11,1,2016-2017,1.0,2,1.0,PHI,89,Robert Covington,,,,,,,,,,,,,36:27,Joel Embiid,28:31,Ersan İlyasova,27:24,Sergio Rodríguez,24:46,Jahlil Okafor,23:56,T.J. McConnell,23:14,Gerald Henderson,21:57,Dario Šarić,19:40,Nerlens Noel,8:02
2,.400,5,62.500,0,0.00,108,1,5,100.0,2,.250,0.0,0.0,3.0,8,2,1.000,2,25.000,Logos via Sports Logos.net / About logos,L,https://www.basketball-reference.com/boxscores/201612200PHI.html,Home,93,22:48,0,0.0,NOP,Anthony Davis,Alexis Ajinça,11:38,,,,,,,,,,,35:13,Solomon Hill,32:55,Terrence Jones,29:55,Jrue Holiday,29:36,Tim Frazier,27:08,Buddy Hield,20:56,Dante Cunningham,18:43,E'Twaun Moore,18:24,Ömer Aşık,15:32,108,1,8,0.0,0.0,6.0,75.0,2.0,25.0,Nik Stauskas,15,0,2016-2017,1.0,2,5.0,PHI,93,Robert Covington,Nerlens Noel,6:49,,,,,,,,,,,34:09,Sergio Rodríguez,30:46,Gerald Henderson,26:41,Ersan İlyasova,26:12,Jahlil Okafor,25:25,Joel Embiid,24:43,T.J. McConnell,17:14,Dario Šarić,15:42,Hollis Thompson,9:31
0,.000,1,25.000,0,0.00,100,0,1,100.0,2,.500,2.0,66.7,3.0,4,0,,0,0.000,Logos via Sports Logos.net / About logos,L,https://www.basketball-reference.com/boxscores/201612260SAC.html,Away,102,18:59,0,0.0,SAC,Rudy Gay,Omri Casspi,13:14,Willie Cauley-Stein,12:27,,,,,,,,,35:30,DeMarcus Cousins,34:16,Garrett Temple,28:36,Darren Collison,27:47,Anthony Tolliver,22:34,Ty Lawson,20:28,Ben McLemore,16:52,Kosta Koufos,14:57,Matt Barnes,13:19,102,1,4,4.0,100.0,0.0,0.0,0.0,0.0,Nik Stauskas,2,1,2016-2017,1.0,2,1.0,PHI,100,Robert Covington,,,,,,,,,,,,,36:53,Ersan İlyasova,32:35,Joel Embiid,28:52,Dario Šarić,26:34,Gerald Henderson,25:13,Sergio Rodríguez,24:50,T.J. McConnell,23:10,Jahlil Okafor,19:33,Nerlens Noel,3:21
1,.250,4,44.444,3,0.75,83,0,5,100.0,3,.333,2.0,40.0,5.0,9,2,1.000,2,22.222,Logos via Sports Logos.net / About logos,L,https://www.basketball-reference.com/boxscores/201612290UTA.html,Away,100,34:09,0,0.0,UTA,Rudy Gobert,Joe Ingles,15:42,Raul Neto,0:34,Jeff Withey,0:34,,,,,,,33:25,Rodney Hood,32:19,Gordon Hayward,32:05,George Hill,29:17,Derrick Favors,24:39,Trey Lyles,18:48,Shelvin Mack,18:43,Boris Diaw,16:58,Joe Johnson,16:57,100,3,9,4.0,44.4,3.0,33.3,2.0,22.2,Nik Stauskas,17,3,2016-2017,3.0,4,5.0,PHI,83,Robert Covington,,,,,,,,,,,,,31:41,T.J. McConnell,26:32,Dario Šarić,25:22,Ersan İlyasova,24:19,Jahlil Okafor,24:01,Nerlens Noel,22:18,Hollis Thompson,21:10,Sergio Rodríguez,15:31,Timothé Luwawu-Cabarrot,14:57
2,.400,5,71.429,5,5.00,124,0,0,,2,.286,0.0,0.0,2.0,7,4,1.000,4,57.143,Logos via Sports Logos.net / About logos,W,https://www.basketball-reference.com/boxscores/201612300DEN.html,Away,122,29:21,0,,DEN,Wilson Chandler,Kenneth Faried,11:59,,,,,,,,,,,35:49,Gary Harris,33:55,Danilo Gallinari,29:23,Emmanuel Mudiay,29:14,Will Barton,28:06,Nikola Jokić,22:16,Jameer Nelson,18:43,Jusuf Nurkić,18:33,Jamal Murray,12:02,122,3,10,0.0,0.0,6.0,60.0,4.0,40.0,Nik Stauskas,2,1,2016-2017,1.0,1,0.0,PHI,124,Ersan İlyasova,,,,,,,,,,,,,37:08,T.J. McConnell,35:54,Joel Embiid,28:30,Dario Šarić,27:55,Robert Covington,27:53,Hollis Thompson,22:43,Nerlens Noel,19:27,Timothé Luwawu-Cabarrot,11:10,,
2,.400,5,55.556,2,2.00,91,0,3,100.0,3,.333,1.0,25.0,4.0,9,0,,0,0.000,Logos via Sports Logos.net / About logos,W,https://www.basketball-reference.com/boxscores/201701030PHI.html,Home,93,31:59,0,0.0,MIN,Zach LaVine,,,,,,,,,,,,,40:26,Karl-Anthony Towns,37:27,Andrew Wiggins,36:53,Ricky Rubio,30:16,Gorgui Dieng,27:28,Nemanja Bjelica,22:58,Shabazz Muhammad,18:41,Kris Dunn,17:44,Cole Aldrich,8:07,91,1,8,2.0,25.0,6.0,75.0,0.0,0.0,Nik Stauskas,2,0,2016-2017,0.0,1,3.0,PHI,93,Robert Covington,,,,,,,,,,,,,38:45,T.J. McConnell,35:06,Ersan İlyasova,32:16,Joel Embiid,29:49,Dario Šarić,24:16,Timothé Luwawu-Cabarrot,22:01,Nerlens Noel,11:16,Jahlil Okafor,10:10,Hollis Thompson,4:22
0,.000,2,33.333,1,1.00,106,1,2,66.7,1,.167,1.0,25.0,4.0,6,2,1.000,2,33.333,Logos via Sports Logos.net / About logos,L,https://www.basketball-reference.com/boxscores/201701060BOS.html,Away,110,24:42,1,33.3,BOS,Avery Bradley,Jaylen Brown,4:45,Gerald Green,3:31,,,,,,,,,35:45,Isaiah Thomas,34:38,Al Horford,32:25,Marcus Smart,29:39,Jae Crowder,29:37,Amir Johnson,25:58,Kelly Olynyk,18:17,Jonas Jerebko,14:10,Terry Rozier,11:15,110,0,4,2.0,50.0,0.0,0.0,2.0,50.0,Nik Stauskas,4,1,2016-2017,2.0,1,3.0,PHI,106,T.J. McConnell,,,,,,,,,,,,,36:33,Robert Covington,35:54,Ersan İlyasova,31:53,Gerald Henderson,29:07,Joel Embiid,25:53,Nerlens Noel,24:47,Dario Šarić,22:43,Timothé Luwawu-Cabarrot,8:29,,
3,.750,4,57.143,2,2.00,105,1,5,100.0,4,.571,1.0,33.3,3.0,7,4,1.000,4,57.143,Logos via Sports Logos.net / About logos,W,https://www.basketball-reference.com/boxscores/201701080BRK.html,Away,95,30:30,0,0.0,BRK,Bojan Bogdanović,Joe Harris,16:01,,,,,,,,,,,35:29,Brook Lopez,31:49,Spencer Dinwiddie,25:24,Sean Kilpatrick,25:21,Justin Hamilton,23:09,Rondae Hollis-Jefferson,22:45,Caris LeVert,21:06,Isaiah Whitehead,20:39,Trevor Booker,18:17,95,2,15,2.0,13.3,9.0,60.0,4.0,26.7,Nik Stauskas,10,0,2016-2017,1.0,1,5.0,PHI,105,Robert Covington,,,,,,,,,,,,,37:18,T.J. McConnell,36:03,Dario Šarić,29:30,Ersan İlyasova,25:45,Nerlens Noel,24:01,Joel Embiid,23:59,Gerald Henderson,20:57,Sergio Rodríguez,11:57,,
1,.250,4,66.667,3,3.00,97,0,1,50.0,2,.333,1.0,50.0,2.0,6,0,,0,0.000,Logos via Sports Logos.net / About logos,W,https://www.basketball-reference.com/boxscores/201701110PHI.html,Home,98,22:16,1,50.0,NYK,Carmelo Anthony,Mindaugas Kuzminskas,10:11,Willy Hernangómez,2:54,,,,,,,,,36:43,Derrick Rose,31:41,Kristaps Porziņģis,27:37,Courtney Lee,27:29,Brandon Jennings,24:18,Kyle O'Quinn,24:11,Joakim Noah,19:58,Lance Thomas,19:44,Justin Holiday,15:14,97,1,5,2.0,40.0,3.0,60.0,0.0,0.0,Nik Stauskas,1,0,2016-2017,0.0,1,2.0,PHI,98,T.J. McConnell,,,,,,,,,,,,,34:04,Robert Covington,32:01,Ersan İlyasova,29:49,Joel Embiid,26:54,Gerald Henderson,26:16,Dario Šarić,21:12,Nerlens Noel,21:06,Sergio Rodríguez,13:56,Timothé Luwawu-Cabarrot,12:26
2,.333,6,75.000,1,1.00,93,0,3,75.0,3,.375,1.0,50.0,2.0,8,0,,0,0.000,Logos via Sports Logos.net / About logos,W,https://www.basketball-reference.com/boxscores/201701130PHI.html,Home,102,30:46,1,25.0,CHO,Kemba Walker,Treveon Graham,4:11,,,,,,,,,,,42:04,Cody Zeller,35:55,Michael Kidd-Gilchrist,34:49,Nicolas Batum,32:07,Marvin Williams,28:00,Marco Belinelli,22:01,Frank Kaminsky,21:56,Roy Hibbert,10:09,Ramon Sessions,8:48,93,4,8,2.0,25.0,6.0,75.0,0.0,0.0,Nik Stauskas,9,0,2016-2017,0.0,1,4.0,PHI,102,T.J. McConnell,,,,,,,,,,,,,31:04,Ersan İlyasova,30:05,Robert Covington,28:17,Joel Embiid,28:03,Gerald Henderson,24:06,Dario Šarić,21:17,Nerlens Noel,19:57,Sergio Rodríguez,16:18,Timothé Luwawu-Cabarrot,10:08
0,.000,7,77.778,3,1.50,93,0,2,100.0,1,.111,1.0,50.0,2.0,9,0,,0,0.000,Logos via Sports Logos.net / About logos,L,https://www.basketball-reference.com/boxscores/201701140WAS.html,Away,109,29:14,0,0.0,WAS,Otto Porter Jr.,Andrew Nicholson,10:00,Sheldon Mac,6:52,Daniel Ochefu,3:04,,,,,,,30:19,Markieff Morris,30:15,John Wall,30:02,Kelly Oubre Jr.,27:27,Bradley Beal,26:56,Marcin Gortat,22:51,Tomáš Satoranský,21:04,Trey Burke,17:58,Jason Smith,13:12,109,2,2,2.0,100.0,0.0,0.0,0.0,0.0,Nik Stauskas,16,0,2016-2017,0.0,2,2.0,PHI,93,Jahlil Okafor,Chasson Randle,5:31,,,,,,,,,,,35:28,Dario Šarić,25:48,Timothé Luwawu-Cabarrot,25:39,Ersan İlyasova,25:32,T.J. McConnell,22:28,Robert Covington,22:21,Sergio Rodríguez,20:01,Gerald Henderson,15:26,Nerlens Noel,12:32
2,.667,3,60.000,2,2.00,113,1,2,66.7,2,.400,0.0,0.0,2.0,5,0,,0,0.000,Logos via Sports Logos.net / About logos,W,https://www.basketball-reference.com/boxscores/201701160MIL.html,Away,104,19:52,1,33.3,MIL,Jabari Parker,Mirza Teletović,3:31,Rashad Vaughn,1:52,Miles Plumlee,1:05,,,,,,,35:18,Tony Snell,29:10,Giannis Antetokounmpo,28:52,Malcolm Brogdon,28:06,Michael Beasley,25:56,John Henson,25:46,Matthew Dellavedova,21:14,Greg Monroe,21:09,Jason Terry,18:01,104,1,6,0.0,0.0,6.0,100.0,0.0,0.0,Nik Stauskas,9,1,2016-2017,2.0,1,3.0,PHI,113,Sergio Rodríguez,,,,,,,,,,,,,32:13,Gerald Henderson,28:05,Joel Embiid,27:51,Ersan İlyasova,27:43,Robert Covington,27:43,Dario Šarić,23:50,Jahlil Okafor,20:09,Timothé Luwawu-Cabarrot,16:47,Chasson Randle,15:47
0,.000,2,100.000,1,1.00,89,2,1,100.0,0,.000,0.0,,0.0,2,0,,0,0.000,Logos via Sports Logos.net / About logos,W,https://www.basketball-reference.com/boxscores/201701180PHI.html,Home,94,16:10,0,0.0,TOR,Kyle Lowry,Fred VanVleet,5:53,Jakob Poeltl,3:52,,,,,,,,,39:49,DeMar DeRozan,38:02,Terrence Ross,31:24,Jonas Valančiūnas,30:14,Cory Joseph,25:43,DeMarre Carroll,22:47,Norman Powell,17:39,Jared Sullinger,13:50,Pascal Siakam,10:46,89,3,0,0.0,,0.0,,0.0,,Nik Stauskas,5,0,2016-2017,2.0,1,1.0,PHI,94,Robert Covington,,,,,,,,,,,,,36:29,T.J. McConnell,28:34,Joel Embiid,26:52,Gerald Henderson,25:56,Dario Šarić,24:22,Ersan İlyasova,23:38,Nerlens Noel,21:08,Sergio Rodríguez,19:26,Timothé Luwawu-Cabarrot,17:25
0,,0,0.000,3,,92,1,2,100.0,1,.333,1.0,33.3,3.0,3,0,,0,0.000,Logos via Sports Logos.net / About logos,W,https://www.basketball-reference.com/boxscores/201701200PHI.html,Home,93,22:09,0,0.0,POR,Damian Lillard,,,,,,,,,,,,,36:04,CJ McCollum,35:20,Mason Plumlee,32:51,Evan Turner,28:28,Noah Vonleh,25:52,Allen Crabbe,25:04,Al-Farouq Aminu,22:08,Maurice Harkless,19:04,Ed Davis,15:09,92,2,2,2.0,100.0,0.0,0.0,0.0,0.0,Nik Stauskas,1,0,2016-2017,1.0,0,2.0,PHI,93,Robert Covington,,,,,,,,,,,,,34:24,T.J. McConnell,30:31,Ersan İlyasova,28:36,Gerald Henderson,25:51,Dario Šarić,24:06,Joel Embiid,22:04,Nerlens Noel,21:15,Sergio Rodríguez,17:29,Timothé Luwawu-Cabarrot,13:37
1,.250,4,36.364,3,3.00,93,1,6,100.0,3,.273,2.0,28.6,7.0,11,0,,0,0.000,Logos via Sports Logos.net / About logos,L,https://www.basketball-reference.com/boxscores/201701210ATL.html,Away,110,35:11,0,0.0,ATL,Paul Millsap,Mike Scott,5:38,,,,,,,,,,,35:50,Dwight Howard,32:07,Thabo Sefolosha,32:03,Dennis Schröder,30:41,Tim Hardaway Jr.,27:21,Kent Bazemore,24:12,Malcolm Delaney,18:34,Mike Dunleavy,17:42,Kris Humphries,15:53,110,1,7,4.0,57.1,3.0,42.9,0.0,0.0,Nik Stauskas,17,0,2016-2017,1.0,1,6.0,PHI,93,T.J. McConnell,Chasson Randle,2:51,,,,,,,,,,,37:00,Robert Covington,31:29,Ersan İlyasova,30:19,Jahlil Okafor,29:43,Timothé Luwawu-Cabarrot,20:41,Gerald Henderson,19:23,Dario Šarić,15:06,Nerlens Noel,12:51,Richaun Holmes,5:26
2,.667,3,60.000,2,2.00,110,0,1,100.0,3,.600,1.0,50.0,2.0,5,0,,0,0.000,Logos via Sports Logos.net / About logos,W,https://www.basketball-reference.com/boxscores/201701240PHI.html,Home,121,23:30,0,0.0,LAC,Austin Rivers,Brandon Bass,11:47,,,,,,,,,,,39:02,JJ Redick,35:12,Jamal Crawford,33:15,DeAndre Jordan,31:10,Blake Griffin,29:28,Luc Mbah a Moute,17:56,Raymond Felton,16:53,Marreese Speights,13:07,Wesley Johnson,12:11,110,2,8,2.0,25.0,6.0,75.0,0.0,0.0,Nik Stauskas,11,1,2016-2017,1.0,1,1.0,PHI,121,Robert Covington,,,,,,,,,,,,,37:17,Nerlens Noel,29:16,T.J. McConnell,27:33,Dario Šarić,25:42,Gerald Henderson,22:27,Ersan İlyasova,22:18,Sergio Rodríguez,20:27,Richaun Holmes,18:44,Timothé Luwawu-Cabarrot,12:47
3,.600,5,71.429,2,2.00,114,0,0,,4,.571,1.0,50.0,2.0,7,0,,0,0.000,Logos via Sports Logos.net / About logos,W,https://www.basketball-reference.com/boxscores/201701250MIL.html,Away,109,25:50,0,,MIL,Giannis Antetokounmpo,Thon Maker,1:15,,,,,,,,,,,39:26,Jabari Parker,37:34,Tony Snell,30:46,Greg Monroe,29:50,Matthew Dellavedova,29:09,Malcolm Brogdon,25:45,Mirza Teletović,19:00,Miles Plumlee,16:55,Jason Terry,10:20,109,5,11,2.0,18.2,9.0,81.8,0.0,0.0,Nik Stauskas,5,1,2016-2017,1.0,1,0.0,PHI,114,Robert Covington,,,,,,,,,,,,,35:10,T.J. McConnell,29:32,Nerlens Noel,27:54,Ersan İlyasova,26:44,Gerald Henderson,23:54,Dario Šarić,21:24,Richaun Holmes,19:58,Sergio Rodríguez,18:28,Timothé Luwawu-Cabarrot,11:06
1,.200,5,41.667,3,,123,0,2,100.0,4,.333,3.0,42.9,7.0,12,0,,0,0.000,Logos via Sports Logos.net / About logos,L,https://www.basketball-reference.com/boxscores/201701270PHI.html,Home,118,27:58,0,0.0,HOU,Ryan Anderson,,,,,,,,,,,,,42:01,Trevor Ariza,41:21,James Harden,39:09,Patrick Beverley,33:16,Nenê,26:37,Sam Dekker,24:54,Clint Capela,21:23,Corey Brewer,11:19,,,123,4,9,6.0,66.7,3.0,33.3,0.0,0.0,Nik Stauskas,5,0,2016-2017,0.0,0,2.0,PHI,118,Robert Covington,,,,,,,,,,,,,36:15,Joel Embiid,28:10,T.J. McConnell,27:45,Gerald Henderson,23:20,Ersan İlyasova,22:29,Dario Šarić,21:02,Sergio Rodríguez,20:15,Nerlens Noel,19:50,Timothé Luwawu-Cabarrot,12:56
3,.500,6,42.857,3,3.00,108,1,1,100.0,6,.429,3.0,37.5,8.0,14,0,,0,0.000,Logos via Sports Logos.net / About logos,L,https://www.basketball-reference.com/boxscores/201701290CHI.html,Away,121,33:19,0,0.0,CHI,Jimmy Butler,Bobby Portis,13:59,,,,,,,,,,,38:35,Robin Lopez,31:22,Paul Zipser,29:25,Dwyane Wade,26:17,Nikola Mirotić,25:55,Rajon Rondo,21:11,Doug McDermott,19:56,Jerian Grant,17:06,Cristiano Felício,16:14,121,1,15,6.0,40.0,9.0,60.0,0.0,0.0,Nik Stauskas,13,0,2016-2017,1.0,1,1.0,PHI,108,Robert Covington,Chasson Randle,5:07,,,,,,,,,,,37:15,T.J. McConnell,36:37,Ersan İlyasova,34:57,Nerlens Noel,24:59,Richaun Holmes,22:16,Dario Šarić,16:27,Timothé Luwawu-Cabarrot,14:10,Gerald Henderson,8:37,Sergio Rodríguez,6:16
4,.667,6,60.000,1,1.00,119,1,0,,6,.600,2.0,50.0,4.0,10,0,,0,0.000,Logos via Sports Logos.net / About logos,W,https://www.basketball-reference.com/boxscores/201701300PHI.html,Home,122,28:14,0,,SAC,Arron Afflalo,Malachi Richardson,5:38,,,,,,,,,,,35:56,Garrett Temple,34:50,DeMarcus Cousins,32:16,Ty Lawson,27:00,Darren Collison,24:00,Matt Barnes,22:28,Anthony Tolliver,21:00,Willie Cauley-Stein,20:06,Kosta Koufos,16:47,119,4,16,4.0,25.0,12.0,75.0,0.0,0.0,Nik Stauskas,3,1,2016-2017,2.0,1,0.0,PHI,122,Robert Covington,,,,,,,,,,,,,36:07,T.J. McConnell,33:36,Dario Šarić,27:10,Gerald Henderson,25:18,Nerlens Noel,24:30,Ersan İlyasova,22:42,Jahlil Okafor,21:38,Sergio Rodríguez,14:24,Timothé Luwawu-Cabarrot,6:21
1,.250,4,80.000,2,1.00,95,0,3,100.0,2,.400,1.0,100.0,1.0,5,3,.750,4,80.000,Logos via Sports Logos.net / About logos,L,https://www.basketball-reference.com/boxscores/201702010DAL.html,Away,113,35:12,0,0.0,DAL,Yogi Ferrell,Justin Anderson,4:31,Nicolás Brussino,4:31,,,,,,,,,37:43,Seth Curry,34:21,Harrison Barnes,31:46,Wesley Matthews,30:36,Dirk Nowitzki,28:14,Salah Mejri,21:03,Devin Harris,18:39,Dorian Finney-Smith,18:10,Dwight Powell,10:26,113,3,8,2.0,25.0,3.0,37.5,3.0,37.5,Nik Stauskas,18,0,2016-2017,0.0,2,3.0,PHI,95,Ersan İlyasova,Richaun Holmes,6:22,,,,,,,,,,,31:07,T.J. McConnell,28:54,Jahlil Okafor,24:29,Dario Šarić,24:24,Gerald Henderson,24:08,Timothé Luwawu-Cabarrot,22:55,Nerlens Noel,17:09,Sergio Rodríguez,13:18,Chasson Randle,12:02
2,.400,5,50.000,1,1.00,86,1,3,75.0,2,.200,0.0,0.0,5.0,10,2,1.000,2,20.000,Logos via Sports Logos.net / About logos,L,https://www.basketball-reference.com/boxscores/201702020SAS.html,Away,102,28:11,1,25.0,SAS,Dāvis Bertāns,Joel Anthony,12:34,Manu Ginóbili,9:05,Dejounte Murray,5:02,Bryn Forbes,3:18,,,,,30:02,Danny Green,28:36,Tony Parker,25:39,Kawhi Leonard,25:17,Kyle Anderson,24:15,Dewayne Dedmon,22:20,Jonathon Simmons,19:12,Patty Mills,17:37,David Lee,17:03,102,3,8,0.0,0.0,6.0,75.0,2.0,25.0,Nik Stauskas,16,1,2016-2017,2.0,1,4.0,PHI,86,Ersan İlyasova,,,,,,,,,,,,,38:54,Dario Šarić,35:39,T.J. McConnell,31:32,Timothé Luwawu-Cabarrot,29:44,Jahlil Okafor,25:08,Richaun Holmes,18:30,Sergio Rodríguez,17:24,Chasson Randle,14:58,,
0,.000,4,36.364,6,3.00,102,0,4,100.0,2,.182,2.0,28.6,7.0,11,4,1.000,4,36.364,Logos via Sports Logos.net / About logos,L,https://www.basketball-reference.com/boxscores/201702040MIA.html,Away,125,39:52,0,0.0,MIA,Tyler Johnson,Willie Reed,13:52,Derrick Williams,7:47,Udonis Haslem,7:21,,,,,,,33:46,Goran Dragić,27:58,Hassan Whiteside,26:47,Dion Waiters,26:15,Luke Babbitt,24:45,Okaro White,24:33,Wayne Ellington,15:58,James Johnson,15:33,Rodney McGruder,15:25,125,3,8,4.0,50.0,0.0,0.0,4.0,50.0,Nik Stauskas,23,2,2016-2017,2.0,2,4.0,PHI,102,T.J. McConnell,,,,,,,,,,,,,28:16,Dario Šarić,26:47,Ersan İlyasova,26:32,Timothé Luwawu-Cabarrot,25:38,Gerald Henderson,24:31,Richaun Holmes,24:01,Nerlens Noel,19:46,Chasson Randle,12:23,Sergio Rodríguez,12:14
0,.000,5,71.429,3,1.00,96,0,3,100.0,2,.286,2.0,100.0,2.0,7,0,,0,0.000,Logos via Sports Logos.net / About logos,L,https://www.basketball-reference.com/boxscores/201702060DET.html,Away,113,27:50,0,0.0,DET,Marcus Morris,Michael Gbinije,2:47,,,,,,,,,,,38:49,Kentavious Caldwell-Pope,28:44,Reggie Jackson,27:53,Tobias Harris,27:14,Andre Drummond,25:45,Stanley Johnson,23:49,Jon Leuer,22:37,Aron Baynes,22:15,Ish Smith,20:07,113,2,4,4.0,100.0,0.0,0.0,0.0,0.0,Nik Stauskas,17,2,2016-2017,2.0,3,3.0,PHI,96,Robert Covington,Richaun Holmes,6:13,Chasson Randle,5:13,,,,,,,,,29:08,Dario Šarić,27:46,Jahlil Okafor,25:46,T.J. McConnell,24:59,Timothé Luwawu-Cabarrot,21:04,Ersan İlyasova,20:14,Gerald Henderson,17:58,Sergio Rodríguez,17:48,Nerlens Noel,16:01
4,.571,7,70.000,7,,111,0,7,100.0,5,.500,1.0,33.3,3.0,10,2,1.000,2,20.000,Logos via Sports Logos.net / About logos,L,https://www.basketball-reference.com/boxscores/201702080PHI.html,Home,103,31:41,0,0.0,SAS,Kawhi Leonard,Jonathon Simmons,11:10,Kyle Anderson,5:58,Joel Anthony,3:08,,,,,,,36:49,LaMarcus Aldridge,36:24,Tony Parker,30:25,Dewayne Dedmon,26:22,Danny Green,24:53,Manu Ginóbili,17:59,Patty Mills,17:35,Dāvis Bertāns,14:50,David Lee,14:27,111,0,16,2.0,12.5,12.0,75.0,2.0,12.5,Nik Stauskas,8,0,2016-2017,0.0,0,7.0,PHI,103,Robert Covington,,,,,,,,,,,,,37:32,T.J. McConnell,31:20,Ersan İlyasova,27:36,Jahlil Okafor,24:39,Gerald Henderson,22:50,Nerlens Noel,22:23,Dario Šarić,21:14,Sergio Rodríguez,16:40,Timothé Luwawu-Cabarrot,4:06
2,.667,3,37.500,5,1.00,112,0,4,80.0,4,.500,2.0,40.0,5.0,8,3,1.000,3,37.500,Logos via Sports Logos.net / About logos,W,https://www.basketball-reference.com/boxscores/201702090ORL.html,Away,111,28:24,1,20.0,ORL,Evan Fournier,,,,,,,,,,,,,43:10,Serge Ibaka,34:55,Nikola Vučević,31:25,C.J. Watson,28:09,Elfrid Payton,25:38,D.J. Augustin,24:02,Mario Hezonja,18:11,Jeff Green,17:56,Bismack Biyombo,16:35,111,1,13,4.0,30.8,6.0,46.2,3.0,23.1,Nik Stauskas,1,0,2016-2017,0.0,5,5.0,PHI,112,Robert Covington,,,,,,,,,,,,,35:44,T.J. McConnell,29:49,Dario Šarić,27:35,Ersan İlyasova,26:50,Jahlil Okafor,22:28,Nerlens Noel,22:21,Gerald Henderson,20:50,Sergio Rodríguez,18:11,Timothé Luwawu-Cabarrot,7:48
2,.500,4,50.000,3,,109,2,1,100.0,4,.500,2.0,50.0,4.0,8,1,.500,2,25.000,Logos via Sports Logos.net / About logos,W,https://www.basketball-reference.com/boxscores/201702110PHI.html,Home,117,30:16,0,0.0,MIA,Goran Dragić,,,,,,,,,,,,,36:32,James Johnson,36:08,Wayne Ellington,35:45,Hassan Whiteside,33:31,Tyler Johnson,31:50,Rodney McGruder,26:25,Okaro White,18:18,Willie Reed,14:29,Luke Babbitt,7:02,109,1,11,4.0,36.4,6.0,54.5,1.0,9.1,Nik Stauskas,8,1,2016-2017,3.0,0,1.0,PHI,117,T.J. McConnell,,,,,,,,,,,,,32:04,Nerlens Noel,31:40,Robert Covington,31:07,Gerald Henderson,29:37,Dario Šarić,26:02,Ersan İlyasova,21:58,Richaun Holmes,16:20,Sergio Rodríguez,15:56,Timothé Luwawu-Cabarrot,5:00
2,.667,3,37.500,2,1.00,105,0,5,83.3,3,.375,1.0,20.0,5.0,8,3,.750,4,50.000,Logos via Sports Logos.net / About logos,W,https://www.basketball-reference.com/boxscores/201702130CHO.html,Away,99,24:31,1,16.7,CHO,Nicolas Batum,,,,,,,,,,,,,37:56,Kemba Walker,37:52,Frank Kaminsky,37:46,Marvin Williams,33:08,Michael Kidd-Gilchrist,31:55,Marco Belinelli,27:07,Jeremy Lamb,15:29,Brian Roberts,10:08,Miles Plumlee,8:39,99,3,11,2.0,18.2,6.0,54.5,3.0,27.3,Nik Stauskas,6,1,2016-2017,1.0,2,6.0,PHI,105,T.J. McConnell,,,,,,,,,,,,,35:49,Dario Šarić,31:05,Robert Covington,30:05,Nerlens Noel,28:02,Gerald Henderson,27:51,Ersan İlyasova,20:07,Richaun Holmes,19:26,Sergio Rodríguez,12:11,Timothé Luwawu-Cabarrot,10:53
1,.167,6,75.000,1,0.50,108,0,5,83.3,3,.375,2.0,100.0,2.0,8,4,.667,6,75.000,Logos via Sports Logos.net / About logos,L,https://www.basketball-reference.com/boxscores/201702150BOS.html,Away,116,27:52,1,16.7,BOS,Jae Crowder,Tyler Zeller,8:45,Gerald Green,6:28,,,,,,,,,35:05,Marcus Smart,34:18,Isaiah Thomas,33:57,Al Horford,29:25,Kelly Olynyk,25:50,James Young,22:06,Terry Rozier,18:58,Amir Johnson,15:18,Jonas Jerebko,9:50,116,1,11,4.0,36.4,3.0,27.3,4.0,36.4,Nik Stauskas,8,0,2016-2017,0.0,2,6.0,PHI,108,Dario Šarić,,,,,,,,,,,,,33:11,Nerlens Noel,30:53,Robert Covington,29:09,T.J. McConnell,28:08,Gerald Henderson,25:02,Sergio Rodríguez,19:52,Jahlil Okafor,17:07,Ersan İlyasova,14:49,Timothé Luwawu-Cabarrot,13:57
1,.333,3,42.857,1,,112,1,3,100.0,3,.429,2.0,50.0,4.0,7,4,1.000,4,57.143,Logos via Sports Logos.net / About logos,W,https://www.basketball-reference.com/boxscores/201702240PHI.html,Home,120,23:39,0,0.0,WAS,Bradley Beal,Jason Smith,3:59,,,,,,,,,,,41:30,John Wall,40:54,Otto Porter Jr.,36:27,Marcin Gortat,36:09,Markieff Morris,27:27,Kelly Oubre Jr.,19:15,Bojan Bogdanović,17:33,Trey Burke,9:39,Ian Mahinmi,7:07,112,2,11,4.0,36.4,3.0,27.3,4.0,36.4,Nik Stauskas,8,0,2016-2017,1.0,0,3.0,PHI,120,Robert Covington,,,,,,,,,,,,,39:02,Dario Šarić,32:52,Gerald Henderson,31:11,T.J. McConnell,30:05,Richaun Holmes,26:00,Jahlil Okafor,21:31,Sergio Rodríguez,17:55,Timothé Luwawu-Cabarrot,17:45,,
2,.500,4,44.444,0,0.00,109,1,3,100.0,5,.556,3.0,60.0,5.0,9,2,1.000,2,22.222,Logos via Sports Logos.net / About logos,L,https://www.basketball-reference.com/boxscores/201702250NYK.html,Away,110,23:47,0,0.0,NYK,Carmelo Anthony,,,,,,,,,,,,,36:56,Lance Thomas,36:52,Derrick Rose,36:01,Kyle O'Quinn,24:45,Justin Holiday,24:13,Courtney Lee,24:07,Willy Hernangómez,23:06,Mindaugas Kuzminskas,22:00,Brandon Jennings,11:59,110,0,14,6.0,42.9,6.0,42.9,2.0,14.3,Nik Stauskas,1,0,2016-2017,1.0,2,3.0,PHI,109,Dario Šarić,,,,,,,,,,,,,39:34,Robert Covington,38:53,T.J. McConnell,33:01,Gerald Henderson,29:50,Jahlil Okafor,28:45,Richaun Holmes,15:49,Sergio Rodríguez,14:59,Timothé Luwawu-Cabarrot,11:35,Justin Anderson,3:47
2,.500,4,57.143,3,1.50,119,0,3,100.0,3,.429,1.0,33.3,3.0,7,2,.667,3,42.857,Logos via Sports Logos.net / About logos,L,https://www.basketball-reference.com/boxscores/201702270PHI.html,Home,108,23:41,0,0.0,GSW,Draymond Green,Patrick McCaw,7:57,James Michael McAdoo,6:16,JaVale McGee,5:19,Kevon Looney,1:21,,,,,36:41,Klay Thompson,36:17,Stephen Curry,34:48,Kevin Durant,32:38,Andre Iguodala,28:24,Shaun Livingston,15:19,Zaza Pachulia,14:30,David West,12:35,Ian Clark,7:57,119,1,10,2.0,20.0,6.0,60.0,2.0,20.0,Nik Stauskas,11,1,2016-2017,1.0,2,3.0,PHI,108,Dario Šarić,,,,,,,,,,,,,35:16,Robert Covington,34:49,Sergio Rodríguez,28:08,Richaun Holmes,28:03,Gerald Henderson,25:23,T.J. McConnell,19:52,Timothé Luwawu-Cabarrot,17:29,Jahlil Okafor,17:23,Justin Anderson,9:56
1,.333,3,25.000,0,0.00,98,0,2,100.0,3,.250,2.0,22.2,9.0,12,2,.667,3,25.000,Logos via Sports Logos.net / About logos,L,https://www.basketball-reference.com/boxscores/201703010MIA.html,Away,125,26:06,0,0.0,MIA,Tyler Johnson,Rodney McGruder,19:24,,,,,,,,,,,27:57,James Johnson,25:37,Okaro White,25:28,Wayne Ellington,25:20,Dion Waiters,24:16,Josh Richardson,24:11,Goran Dragić,22:52,Luke Babbitt,22:48,Hassan Whiteside,22:07,125,2,9,4.0,44.4,3.0,33.3,2.0,22.2,Nik Stauskas,27,1,2016-2017,1.0,1,2.0,PHI,98,T.J. McConnell,,,,,,,,,,,,,31:59,Dario Šarić,28:13,Robert Covington,26:21,Justin Anderson,26:07,Richaun Holmes,25:32,Timothé Luwawu-Cabarrot,24:18,Jahlil Okafor,22:28,Sergio Rodríguez,17:41,Gerald Henderson,11:15
1,.250,4,80.000,1,1.00,102,0,5,100.0,1,.200,0.0,0.0,1.0,5,2,1.000,2,40.000,Logos via Sports Logos.net / About logos,W,https://www.basketball-reference.com/boxscores/201703030PHI.html,Home,105,29:58,0,0.0,NYK,Lance Thomas,Marshall Plumlee,3:10,,,,,,,,,,,41:38,Derrick Rose,38:00,Courtney Lee,37:18,Carmelo Anthony,35:34,Kristaps Porziņģis,31:03,Justin Holiday,18:13,Kyle O'Quinn,16:55,Ron Baker,13:39,Mindaugas Kuzminskas,4:30,102,0,5,0.0,0.0,3.0,60.0,2.0,40.0,Nik Stauskas,3,0,2016-2017,0.0,1,5.0,PHI,105,Robert Covington,,,,,,,,,,,,,35:46,T.J. McConnell,31:50,Dario Šarić,27:11,Richaun Holmes,25:13,Timothé Luwawu-Cabarrot,24:53,Justin Anderson,24:20,Jahlil Okafor,19:51,Sergio Rodríguez,16:12,Justin Harper,4:46
4,.571,7,46.667,2,0.67,136,0,5,100.0,10,.667,6.0,75.0,8.0,15,0,,0,0.000,Logos via Sports Logos.net / About logos,L,https://www.basketball-reference.com/boxscores/201703040PHI.html,Home,106,36:36,0,0.0,DET,Marcus Morris,Aron Baynes,9:07,Darrun Hilliard,3:09,Boban Marjanović,2:53,,,,,,,33:54,Tobias Harris,32:03,Andre Drummond,31:47,Kentavious Caldwell-Pope,31:15,Reggie Jackson,25:24,Ish Smith,22:36,Jon Leuer,19:14,Stanley Johnson,17:58,Reggie Bullock,10:40,136,4,24,12.0,50.0,12.0,50.0,0.0,0.0,Nik Stauskas,30,2,2016-2017,2.0,3,5.0,PHI,106,Sergio Rodríguez,,,,,,,,,,,,,29:55,Justin Anderson,29:53,Dario Šarić,28:59,Robert Covington,24:58,Richaun Holmes,23:34,T.J. McConnell,22:36,Justin Harper,22:36,Timothé Luwawu-Cabarrot,20:53,,
0,.000,2,33.333,2,,112,0,0,,3,.500,3.0,75.0,4.0,6,0,,0,0.000,Logos via Sports Logos.net / About logos,L,https://www.basketball-reference.com/boxscores/201703060PHI.html,Home,98,26:40,0,,MIL,Giannis Antetokounmpo,Spencer Hawes,5:40,Rashad Vaughn,3:30,,,,,,,,,34:53,Khris Middleton,31:36,Tony Snell,31:07,Matthew Dellavedova,27:11,Jason Terry,27:08,Greg Monroe,22:28,Mirza Teletović,20:53,Malcolm Brogdon,20:49,Thon Maker,14:45,112,1,6,6.0,100.0,0.0,0.0,0.0,0.0,Nik Stauskas,14,0,2016-2017,0.0,0,0.0,PHI,98,Dario Šarić,Justin Harper,3:57,,,,,,,,,,,33:18,Robert Covington,32:57,T.J. McConnell,24:20,Sergio Rodríguez,23:40,Justin Anderson,22:34,Richaun Holmes,21:59,Timothé Luwawu-Cabarrot,17:55,Gerald Henderson,17:17,Shawn Long,15:23
0,.000,4,66.667,1,0.33,108,0,0,,0,.000,0.0,0.0,2.0,6,3,.750,4,66.667,Logos via Sports Logos.net / About logos,L,https://www.basketball-reference.com/boxscores/201703090POR.html,Away,114,25:46,0,,POR,CJ McCollum,,,,,,,,,,,,,41:57,Damian Lillard,40:43,Maurice Harkless,39:17,Jusuf Nurkić,37:48,Al-Farouq Aminu,37:45,Allen Crabbe,24:05,Shabazz Napier,16:13,Meyers Leonard,15:12,Noah Vonleh,11:59,114,1,3,0.0,0.0,0.0,0.0,3.0,100.0,Nik Stauskas,6,1,2016-2017,1.0,3,0.0,PHI,108,Dario Šarić,Shawn Long,0:00,,,,,,,,,,,40:56,Robert Covington,39:39,T.J. McConnell,31:05,Jahlil Okafor,28:43,Gerald Henderson,28:38,Richaun Holmes,22:06,Sergio Rodríguez,21:42,Timothé Luwawu-Cabarrot,18:12,Justin Anderson,8:13
2,.333,6,60.000,3,3.00,100,0,3,100.0,3,.300,1.0,25.0,4.0,10,1,.333,3,30.000,Logos via Sports Logos.net / About logos,L,https://www.basketball-reference.com/boxscores/201703110LAC.html,Away,112,27:55,0,0.0,LAC,DeAndre Jordan,Wesley Johnson,8:55,,,,,,,,,,,36:02,Blake Griffin,35:14,Chris Paul,34:14,Jamal Crawford,31:07,JJ Redick,28:58,Raymond Felton,21:59,Austin Rivers,19:25,Luc Mbah a Moute,12:08,Marreese Speights,11:58,112,4,9,2.0,22.2,6.0,66.7,1.0,11.1,Nik Stauskas,12,1,2016-2017,1.0,1,3.0,PHI,100,Dario Šarić,,,,,,,,,,,,,34:52,Timothé Luwawu-Cabarrot,33:10,Robert Covington,31:05,T.J. McConnell,30:00,Richaun Holmes,27:01,Jahlil Okafor,20:59,Sergio Rodríguez,17:46,Justin Anderson,17:12,,
0,.000,2,33.333,3,1.50,118,0,0,,3,.500,3.0,75.0,4.0,6,0,,0,0.000,Logos via Sports Logos.net / About logos,W,https://www.basketball-reference.com/boxscores/201703120LAL.html,Away,116,22:54,0,,LAL,Brandon Ingram,Corey Brewer,10:01,,,,,,,,,,,37:59,Julius Randle,34:26,Jordan Clarkson,33:41,D'Angelo Russell,33:01,Larry Nance Jr.,21:39,Ivica Zubac,18:53,Tarik Black,17:39,David Nwaba,16:23,Tyler Ennis,16:18,116,0,6,6.0,100.0,0.0,0.0,0.0,0.0,Nik Stauskas,2,0,2016-2017,0.0,2,0.0,PHI,118,Dario Šarić,,,,,,,,,,,,,35:16,T.J. McConnell,29:55,Timothé Luwawu-Cabarrot,27:27,Jahlil Okafor,26:42,Gerald Henderson,25:06,Richaun Holmes,21:45,Justin Anderson,20:55,Sergio Rodríguez,18:05,Shawn Long,11:56
1,.250,4,66.667,2,1.00,104,0,2,66.7,2,.333,1.0,50.0,2.0,6,2,1.000,2,33.333,Logos via Sports Logos.net / About logos,L,https://www.basketball-reference.com/boxscores/201703140GSW.html,Away,106,25:33,1,33.3,GSW,Draymond Green,David West,11:11,James Michael McAdoo,7:48,JaVale McGee,3:09,,,,,,,37:51,Klay Thompson,37:30,Stephen Curry,37:25,Andre Iguodala,32:59,Matt Barnes,22:13,Patrick McCaw,13:44,Zaza Pachulia,12:28,Shaun Livingston,11:58,Ian Clark,11:46,106,1,7,2.0,28.6,3.0,42.9,2.0,28.6,Nik Stauskas,2,0,2016-2017,0.0,2,3.0,PHI,104,Dario Šarić,Shawn Long,3:42,,,,,,,,,,,37:14,Robert Covington,31:33,T.J. McConnell,30:54,Jahlil Okafor,23:27,Timothé Luwawu-Cabarrot,23:00,Richaun Holmes,20:51,Gerald Henderson,19:47,Sergio Rodríguez,17:06,Justin Anderson,6:53
3,.375,8,80.000,2,2.00,74,0,5,71.4,3,.300,0.0,0.0,2.0,10,0,,0,0.000,Logos via Sports Logos.net / About logos,W,https://www.basketball-reference.com/boxscores/201703170PHI.html,Home,116,26:23,2,28.6,DAL,Harrison Barnes,J.J. Barea,16:56,Manny Harris,15:57,Devin Harris,14:57,Salah Mejri,12:26,,,,,24:28,Wesley Matthews,24:19,Yogi Ferrell,22:59,Dirk Nowitzki,18:54,Nerlens Noel,18:35,Dorian Finney-Smith,17:58,Dwight Powell,17:43,Nicolás Brussino,17:43,Seth Curry,17:06,74,1,9,0.0,0.0,9.0,100.0,0.0,0.0,Nik Stauskas,42,2,2016-2017,2.0,1,7.0,PHI,116,Timothé Luwawu-Cabarrot,Gerald Henderson,7:09,,,,,,,,,,,29:44,Sergio Rodríguez,26:18,Robert Covington,26:05,Dario Šarić,26:04,Justin Anderson,25:57,T.J. McConnell,21:42,Jahlil Okafor,21:28,Richaun Holmes,19:57,Shawn Long,9:13
3,.429,7,87.500,4,1.33,99,2,6,100.0,3,.375,0.0,0.0,1.0,8,0,,0,0.000,Logos via Sports Logos.net / About logos,W,https://www.basketball-reference.com/boxscores/201703190PHI.html,Home,105,29:34,0,0.0,BOS,Jae Crowder,Kelly Olynyk,11:16,,,,,,,,,,,35:51,Marcus Smart,35:15,Avery Bradley,34:14,Al Horford,33:01,Terry Rozier,25:44,Amir Johnson,22:59,Jonas Jerebko,15:30,Gerald Green,13:42,Jaylen Brown,12:28,99,2,9,0.0,0.0,9.0,100.0,0.0,0.0,Nik Stauskas,6,1,2016-2017,3.0,3,6.0,PHI,105,Robert Covington,,,,,,,,,,,,,36:29,Dario Šarić,32:15,Richaun Holmes,29:29,Timothé Luwawu-Cabarrot,29:25,T.J. McConnell,27:36,Sergio Rodríguez,20:24,Gerald Henderson,16:45,Jahlil Okafor,11:32,Shawn Long,6:31
3,.333,9,52.941,2,0.40,109,1,4,80.0,6,.353,3.0,37.5,8.0,17,5,.833,6,35.294,Logos via Sports Logos.net / About logos,L,https://www.basketball-reference.com/boxscores/201703200ORL.html,Away,112,39:01,1,20.0,ORL,Evan Fournier,Jeff Green,16:04,C.J. Watson,4:00,,,,,,,,,36:56,Nikola Vučević,36:36,Terrence Ross,34:42,Aaron Gordon,31:35,Elfrid Payton,30:40,Jodie Meeks,20:25,Mario Hezonja,19:18,D.J. Augustin,18:20,Bismack Biyombo,16:24,112,2,20,6.0,30.0,9.0,45.0,5.0,25.0,Nik Stauskas,3,2,2016-2017,3.0,5,5.0,PHI,109,Robert Covington,,,,,,,,,,,,,44:53,Richaun Holmes,41:59,T.J. McConnell,34:25,Justin Anderson,26:47,Dario Šarić,25:30,Timothé Luwawu-Cabarrot,22:49,Sergio Rodríguez,18:35,Shawn Long,11:01,,
5,.625,8,66.667,1,1.00,97,0,0,,7,.583,2.0,50.0,4.0,12,1,1.000,1,8.333,Logos via Sports Logos.net / About logos,L,https://www.basketball-reference.com/boxscores/201703220OKC.html,Away,122,29:54,0,,OKC,Victor Oladipo,Taj Gibson,13:24,Jerami Grant,10:56,Nick Collison,8:29,Norris Cole,5:13,,,,,31:28,Russell Westbrook,27:51,Steven Adams,24:46,Álex Abrines,24:10,Andre Roberson,23:31,Enes Freedom,20:19,Domantas Sabonis,18:01,Semaj Christon,17:47,Doug McDermott,14:06,122,1,20,4.0,20.0,15.0,75.0,1.0,5.0,Nik Stauskas,25,0,2016-2017,0.0,1,0.0,PHI,97,Timothé Luwawu-Cabarrot,Shawn Long,14:36,,,,,,,,,,,28:49,Dario Šarić,25:49,Sergio Rodríguez,25:32,Robert Covington,25:00,T.J. McConnell,22:28,Justin Anderson,18:45,Jahlil Okafor,16:43,Richaun Holmes,16:19,Gerald Henderson,16:05
1,1.000,1,25.000,2,2.00,117,0,1,50.0,2,.500,1.0,33.3,3.0,4,1,.500,2,50.000,Logos via Sports Logos.net / About logos,W,https://www.basketball-reference.com/boxscores/201703240CHI.html,Away,107,23:48,1,50.0,CHI,Jimmy Butler,Joffrey Lauvergne,15:31,,,,,,,,,,,42:08,Denzel Valentine,30:23,Nikola Mirotić,26:30,Paul Zipser,23:29,Michael Carter-Williams,23:25,Bobby Portis,21:30,Rajon Rondo,21:02,Robin Lopez,18:04,Anthony Morrow,17:58,107,0,6,2.0,33.3,3.0,50.0,1.0,16.7,Nik Stauskas,10,0,2016-2017,0.0,1,2.0,PHI,117,Dario Šarić,,,,,,,,,,,,,34:01,Richaun Holmes,28:45,Robert Covington,28:35,Gerald Henderson,27:30,T.J. McConnell,25:49,Sergio Rodríguez,22:11,Shawn Long,19:15,Timothé Luwawu-Cabarrot,18:00,Justin Anderson,12:06
2,.333,6,75.000,1,0.50,94,1,2,100.0,2,.250,0.0,0.0,2.0,8,1,.500,2,25.000,Logos via Sports Logos.net / About logos,L,https://www.basketball-reference.com/boxscores/201703260IND.html,Away,107,27:00,0,0.0,IND,Paul George,Al Jefferson,10:38,Kevin Séraphin,4:56,Rakeem Christmas,3:17,Joe Young,3:17,,,,,34:41,Myles Turner,34:05,Monta Ellis,28:02,Jeff Teague,25:40,C.J. Miles,22:38,Aaron Brooks,22:20,Rodney Stuckey,20:02,Lavoy Allen,17:23,Thaddeus Young,13:01,107,2,7,0.0,0.0,6.0,85.7,1.0,14.3,Nik Stauskas,13,0,2016-2017,1.0,2,2.0,PHI,94,Richaun Holmes,,,,,,,,,,,,,30:30,Robert Covington,30:27,Dario Šarić,28:05,T.J. McConnell,24:11,Sergio Rodríguez,23:49,Shawn Long,23:23,Timothé Luwawu-Cabarrot,21:17,Gerald Henderson,17:49,Justin Anderson,13:29
3,.600,5,62.500,2,1.00,106,1,3,75.0,4,.500,1.0,33.3,3.0,8,0,,0,0.000,Logos via Sports Logos.net / About logos,W,https://www.basketball-reference.com/boxscores/201703280BRK.html,Away,101,33:23,1,25.0,BRK,Brook Lopez,Randy Foye,13:37,Sean Kilpatrick,11:30,Justin Hamilton,5:06,,,,,,,30:31,Jeremy Lin,29:59,Caris LeVert,26:20,Isaiah Whitehead,25:49,Rondae Hollis-Jefferson,23:50,Trevor Booker,22:48,K.J. McDaniels,18:44,Spencer Dinwiddie,18:01,Quincy Acy,13:45,101,1,11,2.0,18.2,9.0,81.8,0.0,0.0,Nik Stauskas,5,0,2016-2017,1.0,2,4.0,PHI,106,Robert Covington,,,,,,,,,,,,,38:23,Dario Šarić,36:42,T.J. McConnell,34:50,Timothé Luwawu-Cabarrot,32:32,Richaun Holmes,25:24,Justin Anderson,21:45,Shawn Long,9:38,Tiago Splitter,7:23,,
2,.333,6,60.000,7,3.50,99,0,4,80.0,3,.300,1.0,25.0,4.0,10,1,.500,2,20.000,Logos via Sports Logos.net / About logos,L,https://www.basketball-reference.com/boxscores/201703290PHI.html,Home,92,35:30,1,20.0,ATL,Dennis Schröder,DeAndre' Bembry,5:31,,,,,,,,,,,37:42,Tim Hardaway Jr.,36:36,Dwight Howard,36:17,Taurean Prince,34:53,Ersan İlyasova,32:26,Kent Bazemore,19:56,Mike Muscala,15:29,Kris Humphries,10:52,José Calderón,10:18,99,2,9,2.0,22.2,6.0,66.7,1.0,11.1,Nik Stauskas,7,3,2016-2017,3.0,2,5.0,PHI,92,Dario Šarić,,,,,,,,,,,,,39:14,T.J. McConnell,37:08,Timothé Luwawu-Cabarrot,32:28,Richaun Holmes,31:40,Justin Anderson,25:29,Gerald Henderson,22:11,Shawn Long,16:20,,,,
1,.200,5,50.000,6,3.00,105,0,4,100.0,4,.400,3.0,60.0,5.0,10,0,,0,0.000,Logos via Sports Logos.net / About logos,L,https://www.basketball-reference.com/boxscores/201703310CLE.html,Away,122,27:36,0,0.0,CLE,Kyrie Irving,Derrick Williams,10:32,Kay Felder,2:54,James Jones,2:54,,,,,,,30:50,LeBron James,29:56,Kevin Love,29:44,Tristan Thompson,29:24,J.R. Smith,26:13,Iman Shumpert,26:12,DeAndre Liggins,17:47,Deron Williams,17:23,Channing Frye,16:11,122,3,9,6.0,66.7,3.0,33.3,0.0,0.0,Nik Stauskas,17,1,2016-2017,1.0,2,4.0,PHI,105,Timothé Luwawu-Cabarrot,,,,,,,,,,,,,42:50,Richaun Holmes,35:44,Justin Anderson,31:15,T.J. McConnell,28:07,Dario Šarić,25:30,Shawn Long,21:41,Gerald Henderson,19:23,Tiago Splitter,7:54,,
2,.250,8,80.000,5,2.50,105,1,1,100.0,4,.400,2.0,100.0,2.0,10,4,1.000,4,40.000,Logos via Sports Logos.net / About logos,L,https://www.basketball-reference.com/boxscores/201704020TOR.html,Away,113,30:38,0,0.0,TOR,Cory Joseph,Fred VanVleet,12:00,Pascal Siakam,3:15,,,,,,,,,31:44,DeMar DeRozan,31:05,Serge Ibaka,28:03,Jonas Valančiūnas,27:35,Delon Wright,26:38,DeMarre Carroll,22:45,Jakob Poeltl,19:57,Norman Powell,19:48,Patrick Patterson,17:10,113,2,14,4.0,28.6,6.0,42.9,4.0,28.6,Nik Stauskas,8,0,2016-2017,1.0,2,1.0,PHI,105,Timothé Luwawu-Cabarrot,,,,,,,,,,,,,35:48,T.J. McConnell,35:20,Alex Poythress,24:13,Justin Anderson,23:48,Dario Šarić,23:47,Richaun Holmes,22:52,Gerald Henderson,18:26,Shawn Long,18:25,Tiago Splitter,6:43
0,.000,5,55.556,6,1.50,141,0,4,100.0,1,.111,1.0,25.0,4.0,9,2,1.000,2,22.222,Logos via Sports Logos.net / About logos,L,https://www.basketball-reference.com/boxscores/201704040PHI.html,Home,118,24:11,0,0.0,BRK,Spencer Dinwiddie,Quincy Acy,12:56,Justin Hamilton,12:00,Sean Kilpatrick,11:53,Andrew Nicholson,9:19,,,,,24:56,K.J. McDaniels,23:12,Jeremy Lin,23:04,Brook Lopez,23:04,Archie Goodwin,22:26,Rondae Hollis-Jefferson,21:03,Caris LeVert,19:26,Randy Foye,19:03,Trevor Booker,17:38,141,5,4,2.0,50.0,0.0,0.0,2.0,50.0,Nik Stauskas,23,0,2016-2017,0.0,4,4.0,PHI,118,Timothé Luwawu-Cabarrot,,,,,,,,,,,,,37:46,T.J. McConnell,33:59,Justin Anderson,30:27,Alex Poythress,27:54,Richaun Holmes,24:04,Dario Šarić,19:09,Gerald Henderson,17:37,Shawn Long,17:23,Tiago Splitter,7:30
2,.333,6,60.000,4,4.00,102,0,3,100.0,4,.400,2.0,50.0,4.0,10,3,.750,4,40.000,Logos via Sports Logos.net / About logos,L,https://www.basketball-reference.com/boxscores/201704060PHI.html,Home,90,24:39,0,0.0,CHI,Jimmy Butler,Michael Carter-Williams,10:09,Isaiah Canaan,1:51,Cristiano Felício,1:51,Cameron Payne,1:51,,,,,37:09,Robin Lopez,31:39,Jerian Grant,30:39,Nikola Mirotić,25:23,Paul Zipser,24:06,Anthony Morrow,21:10,Bobby Portis,20:46,Denzel Valentine,18:56,Joffrey Lauvergne,14:30,102,1,13,4.0,30.8,6.0,46.2,3.0,23.1,Nik Stauskas,12,1,2016-2017,1.0,1,3.0,PHI,90,Timothé Luwawu-Cabarrot,,,,,,,,,,,,,34:19,Justin Anderson,33:22,T.J. McConnell,33:16,Richaun Holmes,30:47,Alex Poythress,25:51,Dario Šarić,22:09,Gerald Henderson,18:24,Shawn Long,12:18,Tiago Splitter,4:55
2,.333,6,60.000,2,,90,0,3,100.0,3,.300,1.0,25.0,4.0,10,0,,0,0.000,Logos via Sports Logos.net / About logos,L,https://www.basketball-reference.com/boxscores/201704080PHI.html,Home,82,28:01,0,0.0,MIL,Giannis Antetokounmpo,Spencer Hawes,9:45,,,,,,,,,,,40:17,Khris Middleton,33:19,Matthew Dellavedova,32:53,Tony Snell,32:34,Mirza Teletović,22:24,Greg Monroe,22:02,Jason Terry,18:00,Thon Maker,16:13,Gary Payton II,12:33,90,1,8,2.0,25.0,6.0,75.0,0.0,0.0,Nik Stauskas,8,0,2016-2017,0.0,0,3.0,PHI,82,Richaun Holmes,,,,,,,,,,,,,36:17,T.J. McConnell,34:17,Timothé Luwawu-Cabarrot,34:05,Justin Anderson,28:40,Dario Šarić,24:06,Alex Poythress,23:54,Gerald Henderson,18:57,Tiago Splitter,11:43,,
2,.500,4,50.000,2,2.00,120,0,0,,4,.500,2.0,50.0,4.0,8,5,1.000,5,62.500,Logos via Sports Logos.net / About logos,L,https://www.basketball-reference.com/boxscores/201704100PHI.html,Home,111,26:28,0,,IND,Paul George,Lavoy Allen,8:13,Rakeem Christmas,0:00,,,,,,,,,36:29,Thaddeus Young,33:27,Jeff Teague,33:16,Myles Turner,28:21,Monta Ellis,26:26,C.J. Miles,21:14,Lance Stephenson,20:57,Kevin Séraphin,19:20,Aaron Brooks,12:17,120,1,15,4.0,26.7,6.0,40.0,5.0,33.3,Nik Stauskas,9,0,2016-2017,0.0,1,0.0,PHI,111,Timothé Luwawu-Cabarrot,,,,,,,,,,,,,36:43,T.J. McConnell,36:36,Richaun Holmes,33:55,Dario Šarić,24:36,Alex Poythress,23:24,Gerald Henderson,22:44,Justin Anderson,21:29,Tiago Splitter,8:13,Shawn Long,5:52
2,.333,6,54.545,3,1.00,113,0,4,100.0,3,.273,1.0,20.0,5.0,11,4,1.000,4,36.364,Logos via Sports Logos.net / About logos,L,https://www.basketball-reference.com/boxscores/201704120NYK.html,Away,114,29:44,0,0.0,NYK,Ron Baker,Mindaugas Kuzminskas,18:07,Kyle O'Quinn,13:05,,,,,,,,,29:21,Marshall Plumlee,26:27,Chasson Randle,25:51,Maurice Ndour,24:49,Carmelo Anthony,23:07,Sasha Vujačić,20:37,Justin Holiday,20:29,Courtney Lee,19:59,Willy Hernangómez,18:08,114,3,12,2.0,16.7,6.0,50.0,4.0,33.3,Nik Stauskas,1,1,2016-2017,1.0,3,4.0,PHI,113,Justin Anderson,,,,,,,,,,,,,34:35,Richaun Holmes,33:21,Alex Poythress,31:34,Gerald Henderson,29:51,Timothé Luwawu-Cabarrot,23:33,Tiago Splitter,21:37,T.J. McConnell,18:45,Shawn Long,17:00,,
0,,0,0.000,0,0.00,94,0,0,,0,.000,0.0,0.0,1.0,1,0,,0,0.000,Logos via Sports Logos.net / About logos,L,https://www.basketball-reference.com/boxscores/201710210TOR.html,Away,128,8:24,0,,TOR,Delon Wright,OG Anunoby,15:15,Jonas Valančiūnas,15:00,Pascal Siakam,8:24,Bruno Caboclo,6:07,,,,,31:14,Kyle Lowry,28:06,DeMar DeRozan,26:42,Serge Ibaka,24:33,Fred VanVleet,17:26,Norman Powell,17:20,C.J. Miles,16:53,Jakob Poeltl,16:37,Lucas Nogueira,16:23,128,0,0,0.0,,0.0,,0.0,,Nik Stauskas,34,1,2017-2018,1.0,1,0.0,PHI,94,Ben Simmons,Amir Johnson,14:05,Timothé Luwawu-Cabarrot,10:41,,,,,,,,,33:23,Jerryd Bayless,26:32,JJ Redick,26:23,Markelle Fultz,24:27,Dario Šarić,23:48,Jahlil Okafor,22:09,T.J. McConnell,18:15,Justin Anderson,17:22,Robert Covington,14:31
0,,0,0.000,0,,112,0,0,,1,1.000,1.0,100.0,1.0,1,2,1.000,2,200.000,Logos via Sports Logos.net / About logos,W,https://www.basketball-reference.com/boxscores/201710280DAL.html,Away,110,5:55,0,,DAL,Harrison Barnes,Salah Mejri,0:00,,,,,,,,,,,37:39,Wesley Matthews,33:25,Yogi Ferrell,32:14,Dennis Smith Jr.,30:46,Dirk Nowitzki,27:50,J.J. Barea,23:34,Nerlens Noel,19:56,Dwight Powell,18:03,Devin Harris,16:33,110,1,4,2.0,50.0,0.0,0.0,2.0,50.0,Nik Stauskas,2,1,2017-2018,1.0,0,0.0,PHI,112,Robert Covington,,,,,,,,,,,,,34:34,Ben Simmons,33:38,Jerryd Bayless,32:26,T.J. McConnell,31:22,Dario Šarić,29:45,Joel Embiid,29:21,Amir Johnson,18:32,Justin Anderson,14:12,Timothé Luwawu-Cabarrot,10:15
0,,0,,0,0.00,104,0,1,100.0,0,,0.0,,0.0,0,0,,0,,Logos via Sports Logos.net / About logos,W,https://www.basketball-reference.com/boxscores/201711070UTA.html,Away,97,4:23,0,0.0,UTA,Rudy Gobert,Jonas Jerebko,9:26,Alec Burks,8:32,,,,,,,,,35:43,Joe Ingles,33:01,Donovan Mitchell,30:54,Ricky Rubio,28:16,Rodney Hood,27:30,Thabo Sefolosha,23:59,Derrick Favors,19:54,Ekpe Udoh,12:17,Raul Neto,10:29,97,0,0,0.0,,0.0,,0.0,,Nik Stauskas,7,0,2017-2018,0.0,1,1.0,PHI,104,Ben Simmons,Jahlil Okafor,3:08,,,,,,,,,,,36:04,Dario Šarić,35:34,JJ Redick,34:37,T.J. McConnell,29:56,Robert Covington,28:17,Amir Johnson,21:34,Timothé Luwawu-Cabarrot,18:13,Richaun Holmes,15:04,Justin Anderson,13:11
0,,0,,0,,97,0,0,,0,,0.0,,0.0,0,0,,0,,Logos via Sports Logos.net / About logos,L,https://www.basketball-reference.com/boxscores/201711300BOS.html,Away,108,9:45,0,,BOS,Al Horford,Aron Baynes,13:47,,,,,,,,,,,34:00,Marcus Smart,32:47,Kyrie Irving,32:31,Jayson Tatum,27:52,Marcus Morris,27:49,Jaylen Brown,21:37,Terry Rozier,19:33,Semi Ojeleye,16:04,Daniel Theis,14:00,108,1,0,0.0,,0.0,,0.0,,Nik Stauskas,11,1,2017-2018,1.0,0,0.0,PHI,97,Ben Simmons,,,,,,,,,,,,,39:56,Dario Šarić,34:46,JJ Redick,33:14,Jerryd Bayless,31:54,Robert Covington,31:39,Amir Johnson,21:44,Richaun Holmes,19:57,Timothé Luwawu-Cabarrot,17:05,,
0,,0,0.000,1,,103,0,0,,0,.000,0.0,0.0,1.0,1,0,,0,0.000,Logos via Sports Logos.net / About logos,W,https://www.basketball-reference.com/boxscores/201712020PHI.html,Home,108,8:50,0,,DET,Stanley Johnson,Eric Moreland,7:44,Boban Marjanović,5:15,,,,,,,,,36:07,Tobias Harris,35:08,Andre Drummond,35:01,Avery Bradley,29:36,Reggie Jackson,29:14,Luke Kennard,20:41,Ish Smith,18:46,Anthony Tolliver,12:52,Langston Galloway,9:36,103,0,0,0.0,,0.0,,0.0,,Nik Stauskas,5,1,2017-2018,1.0,0,0.0,PHI,108,Ben Simmons,,,,,,,,,,,,,39:11,Robert Covington,38:30,JJ Redick,35:35,Joel Embiid,31:48,Dario Šarić,30:45,Jerryd Bayless,25:41,Amir Johnson,15:54,Timothé Luwawu-Cabarrot,13:46,,
0,.000,1,100.000,0,0.00,115,0,0,,0,.000,0.0,,0.0,1,0,,0,0.000,Logos via Sports Logos.net / About logos,L,https://www.basketball-reference.com/boxscores/201712040PHI.html,Home,101,7:39,0,,PHO,Devin Booker,Mike James,5:03,,,,,,,,,,,38:52,Tyler Ulis,37:02,Tyson Chandler,36:34,T.J. Warren,34:22,Dragan Bender,25:28,Josh Jackson,23:22,Marquese Chriss,22:32,Alex Len,11:26,Troy Daniels,5:19,115,1,0,0.0,,0.0,,0.0,,Nik Stauskas,14,0,2017-2018,0.0,2,0.0,PHI,101,Ben Simmons,,,,,,,,,,,,,36:13,Joel Embiid,34:02,Robert Covington,33:49,JJ Redick,33:28,Dario Šarić,33:23,Timothé Luwawu-Cabarrot,25:49,Jerryd Bayless,21:38,Amir Johnson,13:58,,
5,.714,7,77.778,2,1.00,87,0,7,100.0,6,.667,1.0,50.0,2.0,9,5,1.000,5,55.556,Logos via Sports Logos.net / About logos,L,https://www.basketball-reference.com/boxscores/201712150TOR.html,Away,120,28:04,0,0.0,TOR,Kyle Lowry,Fred VanVleet,13:18,Alfonzo McKinnie,7:08,Lorenzo Brown,4:01,,,,,,,30:59,DeMar DeRozan,29:03,Serge Ibaka,28:16,Jakob Poeltl,26:18,Norman Powell,22:17,Jonas Valančiūnas,21:42,OG Anunoby,21:42,Pascal Siakam,19:44,Delon Wright,15:32,120,0,22,2.0,9.1,15.0,68.2,5.0,22.7,Nik Stauskas,33,0,2017-2018,0.0,2,7.0,BRK,87,Isaiah Whitehead,,,,,,,,,,,,,33:02,Joe Harris,30:09,Caris LeVert,25:56,Quincy Acy,25:41,Jahlil Okafor,22:30,Spencer Dinwiddie,22:10,Rondae Hollis-Jefferson,21:28,Timofey Mozgov,16:24,Tyler Zeller,14:36
0,.000,2,40.000,3,,109,0,0,,0,.000,0.0,0.0,3.0,5,0,,0,0.000,Logos via Sports Logos.net / About logos,L,https://www.basketball-reference.com/boxscores/201712170BRK.html,Home,97,15:28,0,,IND,Victor Oladipo,,,,,,,,,,,,,40:55,Darren Collison,34:01,Myles Turner,32:51,Cory Joseph,30:13,Thaddeus Young,30:00,Bojan Bogdanović,28:48,Domantas Sabonis,21:29,Lance Stephenson,16:03,Alex Poythress,5:40,109,1,0,0.0,,0.0,,0.0,,Nik Stauskas,12,0,2017-2018,0.0,0,0.0,BRK,97,Caris LeVert,,,,,,,,,,,,,31:07,Rondae Hollis-Jefferson,30:10,Allen Crabbe,29:17,Joe Harris,25:19,Spencer Dinwiddie,24:36,DeMarre Carroll,22:48,Quincy Acy,22:46,Tyler Zeller,21:14,Jarrett Allen,17:15
1,.500,2,100.000,0,,104,0,0,,1,.500,0.0,,0.0,2,0,,0,0.000,Logos via Sports Logos.net / About logos,L,https://www.basketball-reference.com/boxscores/201712200BRK.html,Home,99,3:06,0,,SAC,George Hill,Skal Labissière,12:21,,,,,,,,,,,34:46,Bogdan Bogdanović,33:12,Willie Cauley-Stein,30:45,Garrett Temple,28:00,Zach Randolph,26:28,Kosta Koufos,21:25,Justin Jackson,20:29,Frank Mason III,16:19,Buddy Hield,16:15,104,0,3,0.0,0.0,3.0,100.0,0.0,0.0,Nik Stauskas,5,0,2017-2018,0.0,0,0.0,BRK,99,Rondae Hollis-Jefferson,,,,,,,,,,,,,36:27,Allen Crabbe,32:53,Spencer Dinwiddie,31:22,Caris LeVert,26:47,Joe Harris,25:07,DeMarre Carroll,24:45,Tyler Zeller,20:44,Jarrett Allen,19:51,Quincy Acy,18:58
4,.500,8,80.000,2,0.67,84,0,1,100.0,5,.500,1.0,50.0,2.0,10,1,.333,3,30.000,Logos via Sports Logos.net / About logos,W,https://www.basketball-reference.com/boxscores/201712220BRK.html,Home,119,15:14,0,0.0,WAS,Bradley Beal,Jason Smith,13:15,Tim Frazier,8:28,Ian Mahinmi,8:00,Chris McCullough,6:19,,,,,28:49,Kelly Oubre Jr.,28:45,Markieff Morris,26:45,Jodie Meeks,22:21,Otto Porter Jr.,21:16,Tomáš Satoranský,20:46,Mike Scott,20:16,Marcin Gortat,18:38,John Wall,16:22,84,1,15,2.0,13.3,12.0,80.0,1.0,6.7,Nik Stauskas,35,1,2017-2018,1.0,3,1.0,BRK,119,Allen Crabbe,Timofey Mozgov,8:28,,,,,,,,,,,32:31,Joe Harris,31:46,Caris LeVert,23:53,Rondae Hollis-Jefferson,23:46,Quincy Acy,23:35,DeMarre Carroll,22:34,Spencer Dinwiddie,22:24,Jarrett Allen,18:17,Tyler Zeller,17:32
2,.500,4,80.000,0,,119,0,1,50.0,3,.600,1.0,100.0,1.0,5,0,,0,0.000,Logos via Sports Logos.net / About logos,L,https://www.basketball-reference.com/boxscores/201712230IND.html,Away,123,13:08,1,50.0,IND,Victor Oladipo,,,,,,,,,,,,,42:18,Bojan Bogdanović,40:00,Myles Turner,38:06,Darren Collison,38:03,Domantas Sabonis,28:51,Thaddeus Young,26:23,Lance Stephenson,24:18,Cory Joseph,22:06,T.J. Leaf,4:55,123,0,8,2.0,25.0,6.0,75.0,0.0,0.0,Nik Stauskas,4,0,2017-2018,0.0,0,2.0,BRK,119,Spencer Dinwiddie,,,,,,,,,,,,,38:46,Rondae Hollis-Jefferson,36:49,DeMarre Carroll,36:20,Allen Crabbe,34:47,Caris LeVert,33:55,Tyler Zeller,21:15,Joe Harris,19:53,Jarrett Allen,18:08,Quincy Acy,11:59
0,,0,0.000,0,,97,0,0,0.0,0,.000,0.0,0.0,2.0,2,2,.667,3,150.000,Logos via Sports Logos.net / About logos,L,https://www.basketball-reference.com/boxscores/201712260SAS.html,Away,109,11:30,2,100.0,SAS,LaMarcus Aldridge,Bryn Forbes,13:24,Dāvis Bertāns,4:47,Joffrey Lauvergne,4:08,Dejounte Murray,4:05,,,,,34:25,Pau Gasol,28:39,Kawhi Leonard,26:06,Tony Parker,24:30,Danny Green,23:09,Patty Mills,21:50,Manu Ginóbili,21:00,Kyle Anderson,18:14,Rudy Gay,15:43,109,1,2,0.0,0.0,0.0,0.0,2.0,100.0,Nik Stauskas,12,0,2017-2018,0.0,0,2.0,BRK,97,Allen Crabbe,Milton Doyle,1:40,,,,,,,,,,,31:56,Caris LeVert,27:54,DeMarre Carroll,27:24,Rondae Hollis-Jefferson,27:00,Spencer Dinwiddie,26:29,Joe Harris,25:58,Jarrett Allen,21:17,Quincy Acy,19:59,Tyler Zeller,18:53
7,.700,10,83.333,2,,113,0,3,100.0,7,.583,0.0,0.0,2.0,12,0,,0,0.000,Logos via Sports Logos.net / About logos,L,https://www.basketball-reference.com/boxscores/201712270NOP.html,Away,128,23:38,0,0.0,NOP,E'Twaun Moore,Cheick Diallo,10:50,Ömer Aşık,3:15,,,,,,,,,38:00,Jrue Holiday,32:39,DeMarcus Cousins,32:28,Anthony Davis,32:22,Rajon Rondo,30:18,Darius Miller,18:30,Dante Cunningham,15:13,Ian Clark,14:14,Jameer Nelson,12:11,128,0,21,0.0,0.0,21.0,100.0,0.0,0.0,Nik Stauskas,15,0,2017-2018,0.0,0,3.0,BRK,113,Caris LeVert,Tyler Zeller,14:15,Timofey Mozgov,12:17,,,,,,,,,31:30,Quincy Acy,24:19,Rondae Hollis-Jefferson,24:15,Spencer Dinwiddie,21:45,Jarrett Allen,19:28,Allen Crabbe,19:07,Joe Harris,17:30,DeMarre Carroll,16:56,Milton Doyle,15:00
1,.500,2,100.000,1,0.50,111,0,3,100.0,1,.500,0.0,,0.0,2,1,.500,2,100.000,Logos via Sports Logos.net / About logos,W,https://www.basketball-reference.com/boxscores/201712290MIA.html,Away,87,15:48,0,0.0,MIA,Tyler Johnson,Matt Williams,6:24,Udonis Haslem,4:46,,,,,,,,,32:46,Josh Richardson,28:17,Wayne Ellington,28:07,Bam Adebayo,27:46,Derrick Walton,25:31,Kelly Olynyk,23:24,Goran Dragić,23:21,Hassan Whiteside,20:14,Jordan Mickey,19:24,87,1,4,0.0,0.0,3.0,75.0,1.0,25.0,Nik Stauskas,24,0,2017-2018,0.0,2,3.0,BRK,111,Joe Harris,Timofey Mozgov,6:49,,,,,,,,,,,29:13,Spencer Dinwiddie,29:08,Allen Crabbe,26:18,DeMarre Carroll,25:27,Caris LeVert,23:01,Rondae Hollis-Jefferson,22:51,Tyler Zeller,21:17,Quincy Acy,20:30,Jarrett Allen,19:38
1,.500,2,100.000,1,,105,0,2,100.0,1,.500,0.0,,0.0,2,0,,0,0.000,Logos via Sports Logos.net / About logos,L,https://www.basketball-reference.com/boxscores/201712310BOS.html,Away,108,8:05,0,0.0,BOS,Jaylen Brown,Shane Larkin,5:44,,,,,,,,,,,34:32,Kyrie Irving,33:43,Jayson Tatum,32:43,Al Horford,30:30,Marcus Smart,29:07,Terry Rozier,23:40,Aron Baynes,22:50,Marcus Morris,16:57,Daniel Theis,10:14,108,0,3,0.0,0.0,3.0,100.0,0.0,0.0,Nik Stauskas,3,0,2017-2018,0.0,0,2.0,BRK,105,Allen Crabbe,,,,,,,,,,,,,34:05,Rondae Hollis-Jefferson,32:31,DeMarre Carroll,29:51,Caris LeVert,29:37,Spencer Dinwiddie,29:26,Quincy Acy,24:07,Joe Harris,20:54,Jarrett Allen,15:55,Tyler Zeller,15:29
0,,0,0.000,0,0.00,95,0,2,100.0,1,.333,1.0,33.3,3.0,3,0,,0,0.000,Logos via Sports Logos.net / About logos,W,https://www.basketball-reference.com/boxscores/201801010BRK.html,Home,98,11:37,0,0.0,ORL,Aaron Gordon,Arron Afflalo,8:06,,,,,,,,,,,40:36,Evan Fournier,32:30,Elfrid Payton,32:02,Jonathon Simmons,30:15,Bismack Biyombo,28:34,Wes Iwundu,19:03,Mario Hezonja,16:51,Marreese Speights,16:05,D.J. Augustin,15:58,95,1,2,2.0,100.0,0.0,0.0,0.0,0.0,Nik Stauskas,3,0,2017-2018,0.0,1,2.0,BRK,98,Rondae Hollis-Jefferson,,,,,,,,,,,,,38:23,Spencer Dinwiddie,29:41,DeMarre Carroll,29:18,Allen Crabbe,28:00,Caris LeVert,27:06,Joe Harris,25:54,Jarrett Allen,20:00,Quincy Acy,17:26,Tyler Zeller,12:35
1,.333,3,60.000,2,0.67,97,0,5,100.0,2,.400,1.0,50.0,2.0,5,0,,0,0.000,Logos via Sports Logos.net / About logos,W,https://www.basketball-reference.com/boxscores/201801030BRK.html,Home,98,18:58,0,0.0,MIN,Karl-Anthony Towns,Marcus Georges-Hunt,0:50,,,,,,,,,,,40:18,Jimmy Butler,38:45,Tyus Jones,37:08,Andrew Wiggins,36:35,Taj Gibson,33:27,Jamal Crawford,18:50,Gorgui Dieng,17:04,Nemanja Bjelica,12:34,Aaron Brooks,4:29,97,1,5,2.0,40.0,3.0,60.0,0.0,0.0,Nik Stauskas,1,0,2017-2018,0.0,3,5.0,BRK,98,Spencer Dinwiddie,,,,,,,,,,,,,36:07,DeMarre Carroll,31:14,Allen Crabbe,30:35,Quincy Acy,27:55,Joe Harris,27:33,Rondae Hollis-Jefferson,27:02,Jarrett Allen,16:37,Tyler Zeller,12:49,Jahlil Okafor,11:10
0,.000,4,66.667,0,,87,1,3,100.0,1,.167,1.0,50.0,2.0,6,0,,0,0.000,Logos via Sports Logos.net / About logos,L,https://www.basketball-reference.com/boxscores/201801060BRK.html,Home,85,15:31,0,0.0,BOS,Kyrie Irving,Semi Ojeleye,7:03,,,,,,,,,,,37:57,Jaylen Brown,34:58,Jayson Tatum,32:20,Marcus Smart,29:15,Marcus Morris,26:14,Aron Baynes,20:11,Daniel Theis,18:39,Terry Rozier,18:29,Shane Larkin,14:54,87,0,2,2.0,100.0,0.0,0.0,0.0,0.0,Nik Stauskas,2,0,2017-2018,1.0,0,3.0,BRK,85,Spencer Dinwiddie,Milton Doyle,6:06,,,,,,,,,,,36:34,Joe Harris,32:11,Allen Crabbe,31:49,DeMarre Carroll,30:50,Rondae Hollis-Jefferson,28:18,Quincy Acy,19:42,Tyler Zeller,15:47,Jahlil Okafor,12:39,Jarrett Allen,10:33
1,.200,5,62.500,1,0.50,114,0,2,100.0,1,.125,0.0,0.0,3.0,8,0,,0,0.000,Logos via Sports Logos.net / About logos,L,https://www.basketball-reference.com/boxscores/201801100BRK.html,Home,80,20:26,0,0.0,DET,Andre Drummond,Eric Moreland,9:05,Boban Marjanović,8:20,Langston Galloway,4:55,Henry Ellenson,4:55,,,,,30:35,Reggie Bullock,27:45,Tobias Harris,26:13,Avery Bradley,25:18,Ish Smith,24:13,Dwight Buycks,23:47,Stanley Johnson,20:15,Luke Kennard,17:47,Anthony Tolliver,16:52,114,0,3,0.0,0.0,3.0,100.0,0.0,0.0,Nik Stauskas,34,0,2017-2018,0.0,2,2.0,BRK,80,Rondae Hollis-Jefferson,Tyler Zeller,12:38,Timofey Mozgov,8:20,,,,,,,,,27:54,Caris LeVert,26:51,Spencer Dinwiddie,26:04,Allen Crabbe,26:03,Joe Harris,25:28,Milton Doyle,19:08,Jahlil Okafor,16:56,Quincy Acy,15:33,Jarrett Allen,14:39
0,.000,1,100.000,1,,110,0,0,,0,.000,0.0,,0.0,1,0,,0,0.000,Logos via Sports Logos.net / About logos,W,https://www.basketball-reference.com/boxscores/201801120ATL.html,Away,105,9:11,0,,ATL,Kent Bazemore,Isaiah Taylor,12:31,Mike Muscala,11:56,,,,,,,,,31:46,Dennis Schröder,31:44,Taurean Prince,27:23,Ersan İlyasova,27:20,Malcolm Delaney,26:58,Dewayne Dedmon,22:36,Miles Plumlee,18:35,John Collins,14:47,Tyler Dorsey,14:24,105,0,0,0.0,,0.0,,0.0,,Nik Stauskas,5,0,2017-2018,0.0,0,0.0,BRK,110,Allen Crabbe,Jahlil Okafor,12:11,,,,,,,,,,,33:10,Spencer Dinwiddie,29:41,Rondae Hollis-Jefferson,29:07,DeMarre Carroll,27:43,Quincy Acy,26:53,Joe Harris,23:13,Caris LeVert,21:11,Jarrett Allen,15:08,Tyler Zeller,12:32
1,1.000,1,100.000,1,,113,0,0,,1,1.000,0.0,,0.0,1,0,,0,0.000,Logos via Sports Logos.net / About logos,L,https://www.basketball-reference.com/boxscores/201801130WAS.html,Away,119,7:19,0,,WAS,Bradley Beal,Jodie Meeks,5:01,,,,,,,,,,,42:43,John Wall,39:53,Markieff Morris,38:32,Otto Porter Jr.,37:21,Marcin Gortat,30:02,Kelly Oubre Jr.,28:53,Ian Mahinmi,15:00,Mike Scott,14:28,Tomáš Satoranský,13:07,119,1,3,0.0,0.0,3.0,100.0,0.0,0.0,Nik Stauskas,6,0,2017-2018,0.0,0,0.0,BRK,113,Rondae Hollis-Jefferson,,,,,,,,,,,,,38:24,Caris LeVert,35:28,Spencer Dinwiddie,35:10,DeMarre Carroll,32:44,Allen Crabbe,32:36,Jarrett Allen,28:51,Quincy Acy,25:26,Joe Harris,21:20,Jahlil Okafor,7:43
0,,0,,1,,119,0,0,,0,,0.0,,0.0,0,0,,0,,Logos via Sports Logos.net / About logos,L,https://www.basketball-reference.com/boxscores/201801150BRK.html,Home,104,7:19,0,,NYK,Michael Beasley,Enes Freedom,9:05,Trey Burke,8:15,Willy Hernangómez,6:14,,,,,,,29:15,Frank Ntilikina,28:57,Doug McDermott,28:34,Kristaps Porziņģis,26:58,Ron Baker,26:29,Courtney Lee,25:26,Kyle O'Quinn,22:30,Lance Thomas,15:31,Jarrett Jack,12:46,119,0,0,0.0,,0.0,,0.0,,Nik Stauskas,15,0,2017-2018,0.0,0,0.0,BRK,104,Allen Crabbe,Jahlil Okafor,6:58,Milton Doyle,4:20,,,,,,,,,34:38,DeMarre Carroll,30:15,Caris LeVert,29:55,Spencer Dinwiddie,27:51,Rondae Hollis-Jefferson,26:20,Joe Harris,23:07,Quincy Acy,22:18,Jarrett Allen,15:27,Tyler Zeller,11:33
0,.000,1,50.000,0,,91,0,0,,1,.500,1.0,100.0,1.0,2,1,1.000,1,50.000,Logos via Sports Logos.net / About logos,L,https://www.basketball-reference.com/boxscores/201801260MIL.html,Away,116,12:05,0,,MIL,Khris Middleton,Sean Kilpatrick,1:30,D.J. Wilson,0:49,Rashad Vaughn,0:49,,,,,,,33:46,Giannis Antetokounmpo,32:54,Tony Snell,31:50,Eric Bledsoe,29:55,John Henson,28:12,Sterling Brown,27:01,Matthew Dellavedova,20:24,Thon Maker,18:59,Jason Terry,13:51,116,1,3,2.0,66.7,0.0,0.0,1.0,33.3,Nik Stauskas,25,0,2017-2018,0.0,0,0.0,BRK,91,Caris LeVert,Tyler Zeller,10:59,Jahlil Okafor,9:11,,,,,,,,,29:02,DeMarre Carroll,28:29,Joe Harris,25:04,Allen Crabbe,24:45,Spencer Dinwiddie,24:27,Quincy Acy,21:41,D'Angelo Russell,21:18,Jarrett Allen,20:15,Rondae Hollis-Jefferson,12:44
3,.500,6,60.000,2,2.00,97,1,4,100.0,5,.500,2.0,50.0,4.0,10,2,1.000,2,20.000,Logos via Sports Logos.net / About logos,L,https://www.basketball-reference.com/boxscores/201801270MIN.html,Away,111,32:32,0,0.0,MIN,Andrew Wiggins,Marcus Georges-Hunt,3:11,Aaron Brooks,0:18,,,,,,,,,37:29,Jimmy Butler,35:13,Karl-Anthony Towns,33:34,Taj Gibson,33:33,Jeff Teague,24:26,Tyus Jones,23:30,Jamal Crawford,20:12,Nemanja Bjelica,14:27,Gorgui Dieng,14:08,111,1,15,4.0,26.7,9.0,60.0,2.0,13.3,Nik Stauskas,14,1,2017-2018,2.0,1,4.0,BRK,97,Spencer Dinwiddie,James Webb III,5:13,,,,,,,,,,,33:23,Joe Harris,31:04,DeMarre Carroll,29:21,Quincy Acy,24:17,Allen Crabbe,23:55,Jahlil Okafor,23:30,Jarrett Allen,18:07,Isaiah Whitehead,10:00,Tyler Zeller,8:38
2,.286,7,63.636,0,0.00,95,1,2,100.0,4,.364,2.0,50.0,4.0,11,2,1.000,2,18.182,Logos via Sports Logos.net / About logos,L,https://www.basketball-reference.com/boxscores/201801300NYK.html,Away,111,25:17,0,0.0,NYK,Courtney Lee,Kyle O'Quinn,11:28,Lance Thomas,5:45,Willy Hernangómez,1:22,Ron Baker,0:38,,,,,31:16,Enes Freedom,30:28,Kristaps Porziņģis,30:12,Frank Ntilikina,25:54,Tim Hardaway Jr.,25:14,Michael Beasley,22:30,Jarrett Jack,19:54,Doug McDermott,18:40,Trey Burke,16:39,111,1,12,4.0,33.3,6.0,50.0,2.0,16.7,Nik Stauskas,16,1,2017-2018,2.0,1,2.0,BRK,95,Spencer Dinwiddie,Isaiah Whitehead,9:49,,,,,,,,,,,25:13,Jahlil Okafor,24:48,Allen Crabbe,24:24,DeMarre Carroll,23:59,Joe Harris,23:16,Quincy Acy,21:50,James Webb III,21:31,D'Angelo Russell,20:02,Jarrett Allen,19:51
1,.500,2,100.000,3,3.00,108,0,4,100.0,1,.500,0.0,,0.0,2,0,,0,0.000,Logos via Sports Logos.net / About logos,W,https://www.basketball-reference.com/boxscores/201801310BRK.html,Home,116,18:05,0,0.0,PHI,Ben Simmons,Timothé Luwawu-Cabarrot,11:28,,,,,,,,,,,37:54,Joel Embiid,35:45,Dario Šarić,33:03,Robert Covington,31:55,JJ Redick,26:23,T.J. McConnell,20:07,Justin Anderson,17:31,Trevor Booker,14:18,Amir Johnson,11:36,108,1,3,0.0,0.0,3.0,100.0,0.0,0.0,Nik Stauskas,8,0,2017-2018,0.0,1,4.0,BRK,116,DeMarre Carroll,Tyler Zeller,7:29,,,,,,,,,,,35:49,Spencer Dinwiddie,33:55,Allen Crabbe,29:25,Quincy Acy,28:51,Jarrett Allen,26:23,Joe Harris,18:03,D'Angelo Russell,16:30,Jahlil Okafor,14:20,James Webb III,11:10
1,1.000,1,50.000,1,,109,0,2,100.0,1,.500,0.0,0.0,1.0,2,0,,0,0.000,Logos via Sports Logos.net / About logos,L,https://www.basketball-reference.com/boxscores/201802040BRK.html,Home,94,9:27,0,0.0,MIL,Eric Bledsoe,Sean Kilpatrick,8:27,Jason Terry,1:36,Rashad Vaughn,1:36,,,,,,,32:08,Khris Middleton,31:16,Tony Snell,31:14,John Henson,30:21,Giannis Antetokounmpo,27:48,Sterling Brown,26:12,Thon Maker,17:39,Jabari Parker,17:27,Matthew Dellavedova,14:16,109,1,3,0.0,0.0,3.0,100.0,0.0,0.0,Nik Stauskas,15,0,2017-2018,0.0,0,2.0,BRK,94,DeMarre Carroll,Jahlil Okafor,10:33,,,,,,,,,,,32:02,Spencer Dinwiddie,28:43,Allen Crabbe,28:31,Jarrett Allen,27:16,Joe Harris,25:58,Caris LeVert,23:11,Quincy Acy,21:04,D'Angelo Russell,18:20,James Webb III,14:55
0,.000,2,66.667,3,3.00,123,0,2,100.0,0,.000,0.0,0.0,1.0,3,0,,0,0.000,Logos via Sports Logos.net / About logos,L,https://www.basketball-reference.com/boxscores/201802060BRK.html,Home,113,18:22,0,0.0,HOU,Luc Mbah a Moute,,,,,,,,,,,,,37:25,James Harden,34:23,Chris Paul,33:47,P.J. Tucker,33:47,Clint Capela,31:38,Eric Gordon,28:07,Gerald Green,17:51,Nenê,14:30,Ryan Anderson,8:32,123,2,0,0.0,,0.0,,0.0,,Nik Stauskas,10,0,2017-2018,0.0,1,2.0,BRK,113,Allen Crabbe,Isaiah Whitehead,5:40,Rashad Vaughn,4:12,,,,,,,,,30:58,DeMarre Carroll,29:43,Joe Harris,28:03,Spencer Dinwiddie,25:09,Jahlil Okafor,24:41,Jarrett Allen,23:19,D'Angelo Russell,19:25,James Webb III,18:17,Caris LeVert,12:11
0,.000,5,83.333,0,,106,0,0,,0,.000,0.0,0.0,1.0,6,0,,0,0.000,Logos via Sports Logos.net / About logos,L,https://www.basketball-reference.com/boxscores/201802070DET.html,Away,115,11:38,0,,DET,Stanley Johnson,,,,,,,,,,,,,38:30,Andre Drummond,35:38,Reggie Bullock,34:24,Blake Griffin,33:36,Ish Smith,29:37,Anthony Tolliver,26:46,Luke Kennard,23:06,Langston Galloway,18:23,,,115,0,0,0.0,,0.0,,0.0,,Nik Stauskas,9,0,2017-2018,0.0,0,0.0,BRK,106,Allen Crabbe,Timofey Mozgov,7:03,,,,,,,,,,,36:11,Spencer Dinwiddie,35:51,Joe Harris,35:41,DeMarre Carroll,33:16,Jarrett Allen,32:10,D'Angelo Russell,17:00,James Webb III,14:45,Jahlil Okafor,8:47,Isaiah Whitehead,7:39
1,.500,2,66.667,1,,138,0,2,100.0,2,.667,1.0,100.0,1.0,3,0,,0,0.000,Logos via Sports Logos.net / About logos,L,https://www.basketball-reference.com/boxscores/201802100BRK.html,Home,128,11:52,0,0.0,NOP,Anthony Davis,,,,,,,,,,,,,49:46,Nikola Mirotić,49:00,Jrue Holiday,48:53,E'Twaun Moore,43:57,Rajon Rondo,41:37,Darius Miller,23:37,Ian Clark,18:01,Cheick Diallo,12:24,DeAndre Liggins,2:45,138,0,5,2.0,40.0,3.0,60.0,0.0,0.0,Nik Stauskas,10,0,2017-2018,0.0,0,2.0,BRK,128,Allen Crabbe,Jahlil Okafor,5:08,,,,,,,,,,,44:24,Spencer Dinwiddie,42:56,Quincy Acy,39:36,DeMarre Carroll,36:23,Joe Harris,34:17,D'Angelo Russell,31:35,Dante Cunningham,19:39,Jarrett Allen,17:12,James Webb III,6:58
0,,0,,0,,114,0,1,100.0,0,,0.0,,0.0,0,0,,0,,Logos via Sports Logos.net / About logos,L,https://www.basketball-reference.com/boxscores/201802120BRK.html,Home,101,5:20,0,0.0,LAC,DeAndre Jordan,Sam Dekker,4:34,Sindarius Thornwell,0:32,Tyrone Wallace,0:12,,,,,,,35:44,Austin Rivers,35:13,Danilo Gallinari,34:52,Tobias Harris,33:06,Lou Williams,29:57,Avery Bradley,27:47,Miloš Teodosić,15:37,Montrezl Harrell,12:10,Wesley Johnson,10:16,114,0,0,0.0,,0.0,,0.0,,Nik Stauskas,13,0,2017-2018,0.0,0,1.0,BRK,101,Spencer Dinwiddie,Isaiah Whitehead,2:46,James Webb III,2:46,,,,,,,,,36:09,DeMarre Carroll,35:15,Allen Crabbe,32:31,Quincy Acy,31:22,Joe Harris,26:23,D'Angelo Russell,24:55,Jarrett Allen,17:34,Jahlil Okafor,12:50,Dante Cunningham,12:09
0,,0,,0,,96,0,0,,0,,0.0,,0.0,0,0,,0,,Logos via Sports Logos.net / About logos,L,https://www.basketball-reference.com/boxscores/201802220CHO.html,Away,111,2:06,0,,CHO,Kemba Walker,Treveon Graham,11:47,Malik Monk,1:23,Dwayne Bacon,1:23,Willy Hernangómez,1:23,,,,,35:01,Nicolas Batum,31:48,Dwight Howard,29:54,Marvin Williams,25:51,Michael Kidd-Gilchrist,23:33,Jeremy Lamb,23:04,Frank Kaminsky,22:09,Cody Zeller,16:43,Michael Carter-Williams,16:01,111,0,0,0.0,,0.0,,0.0,,Nik Stauskas,15,0,2017-2018,0.0,0,0.0,BRK,96,Spencer Dinwiddie,,,,,,,,,,,,,33:41,D'Angelo Russell,32:24,DeMarre Carroll,32:23,Allen Crabbe,31:00,Joe Harris,29:05,Dante Cunningham,26:44,Jarrett Allen,26:17,Quincy Acy,24:14,Isaiah Whitehead,2:06
0,.000,1,100.000,1,,87,0,0,,0,.000,0.0,,0.0,1,0,,0,0.000,Logos via Sports Logos.net / About logos,W,https://www.basketball-reference.com/boxscores/201802260BRK.html,Home,104,3:19,0,,CHI,Justin Holiday,,,,,,,,,,,,,35:17,David Nwaba,31:05,Kris Dunn,30:27,Lauri Markkanen,30:27,Cristiano Felício,29:46,Denzel Valentine,29:38,Bobby Portis,20:56,Cameron Payne,17:33,Noah Vonleh,14:51,87,0,0,0.0,,0.0,,0.0,,Nik Stauskas,17,0,2017-2018,0.0,0,0.0,BRK,104,Joe Harris,Quincy Acy,9:18,,,,,,,,,,,29:33,D'Angelo Russell,29:06,Spencer Dinwiddie,28:48,DeMarre Carroll,26:46,Allen Crabbe,23:27,Dante Cunningham,23:24,Jarrett Allen,23:17,Rondae Hollis-Jefferson,21:48,Caris LeVert,21:14
0,,0,,0,,125,0,0,,0,,0.0,,0.0,0,0,,0,,Logos via Sports Logos.net / About logos,W,https://www.basketball-reference.com/boxscores/201803080CHO.html,Away,111,2:17,0,,CHO,Nicolas Batum,Treveon Graham,11:16,Willy Hernangómez,2:38,Dwayne Bacon,2:38,Julyan Stone,2:37,,,,,33:09,Kemba Walker,31:26,Dwight Howard,26:34,Marvin Williams,25:38,Frank Kaminsky,22:22,Jeremy Lamb,21:57,Malik Monk,21:15,Michael Kidd-Gilchrist,19:42,Cody Zeller,18:48,111,1,0,0.0,,0.0,,0.0,,Nik Stauskas,14,0,2017-2018,0.0,0,0.0,BRK,125,Allen Crabbe,Quincy Acy,2:17,,,,,,,,,,,33:23,DeMarre Carroll,31:10,Rondae Hollis-Jefferson,30:18,Caris LeVert,29:35,Dante Cunningham,24:43,Spencer Dinwiddie,22:38,D'Angelo Russell,22:33,Jarrett Allen,21:00,Joe Harris,20:06
1,.500,2,66.667,0,,120,0,2,100.0,1,.333,0.0,0.0,1.0,3,1,.500,2,66.667,Logos via Sports Logos.net / About logos,L,https://www.basketball-reference.com/boxscores/201803110BRK.html,Home,97,6:38,0,0.0,PHI,Robert Covington,Justin Anderson,6:00,Timothé Luwawu-Cabarrot,5:33,,,,,,,,,28:43,T.J. McConnell,28:41,Ben Simmons,28:39,Ersan İlyasova,26:37,Joel Embiid,26:28,Marco Belinelli,24:55,Dario Šarić,24:07,JJ Redick,24:03,Richaun Holmes,16:14,120,0,4,0.0,0.0,3.0,75.0,1.0,25.0,Nik Stauskas,23,1,2017-2018,1.0,0,2.0,BRK,97,Spencer Dinwiddie,Quincy Acy,6:38,Timofey Mozgov,6:38,Jahlil Okafor,5:48,,,,,,,28:56,D'Angelo Russell,28:10,Caris LeVert,26:39,Joe Harris,25:45,DeMarre Carroll,24:47,Allen Crabbe,24:23,Rondae Hollis-Jefferson,22:53,Dante Cunningham,17:02,Jarrett Allen,15:43
1,.500,2,100.000,0,,108,0,2,100.0,1,.500,0.0,,0.0,2,0,,0,0.000,Logos via Sports Logos.net / About logos,L,https://www.basketball-reference.com/boxscores/201804010BRK.html,Home,96,10:19,0,0.0,DET,Reggie Bullock,,,,,,,,,,,,,35:25,Stanley Johnson,34:50,Anthony Tolliver,32:59,Reggie Jackson,31:53,Andre Drummond,24:42,Luke Kennard,24:41,Eric Moreland,23:08,Ish Smith,17:11,Henry Ellenson,15:11,108,1,3,0.0,0.0,3.0,100.0,0.0,0.0,Nik Stauskas,12,0,2017-2018,0.0,0,2.0,BRK,96,Caris LeVert,Quincy Acy,4:28,,,,,,,,,,,31:12,Jarrett Allen,30:07,Rondae Hollis-Jefferson,29:54,Joe Harris,29:09,D'Angelo Russell,27:51,DeMarre Carroll,25:30,Allen Crabbe,21:10,Dante Cunningham,18:05,Spencer Dinwiddie,12:16
3,.500,6,54.545,2,2.00,95,0,3,100.0,5,.455,2.0,40.0,5.0,11,0,,0,0.000,Logos via Sports Logos.net / About logos,L,https://www.basketball-reference.com/boxscores/201804030PHI.html,Away,121,20:48,0,0.0,PHI,Ersan İlyasova,Justin Anderson,13:29,Furkan Korkmaz,5:29,Demetrius Jackson,2:37,,,,,,,28:13,Marco Belinelli,27:11,Richaun Holmes,26:39,Robert Covington,26:11,Ben Simmons,25:14,JJ Redick,23:20,Amir Johnson,21:21,Markelle Fultz,20:49,T.J. McConnell,19:27,121,0,13,4.0,30.8,9.0,69.2,0.0,0.0,Nik Stauskas,26,0,2017-2018,0.0,1,3.0,BRK,95,Spencer Dinwiddie,Dante Cunningham,15:58,Milton Doyle,12:00,,,,,,,,,32:44,Caris LeVert,24:19,Quincy Acy,21:46,Joe Harris,21:33,Jarrett Allen,19:46,D'Angelo Russell,19:11,DeMarre Carroll,18:07,Rondae Hollis-Jefferson,17:23,Jahlil Okafor,16:25
0,,0,,0,,119,0,0,,0,,0.0,,0.0,0,0,,0,,Logos via Sports Logos.net / About logos,W,https://www.basketball-reference.com/boxscores/201804050MIL.html,Away,111,1:19,0,,MIL,Giannis Antetokounmpo,Shabazz Muhammad,8:56,,,,,,,,,,,36:07,Khris Middleton,35:54,Eric Bledsoe,35:54,Jabari Parker,31:30,John Henson,26:55,Tyler Zeller,21:05,Tony Snell,16:04,Sterling Brown,13:49,Jason Terry,13:46,111,2,0,0.0,,0.0,,0.0,,Nik Stauskas,8,0,2017-2018,0.0,0,0.0,BRK,119,Rondae Hollis-Jefferson,,,,,,,,,,,,,37:11,Jarrett Allen,31:10,Allen Crabbe,30:24,Caris LeVert,29:43,Joe Harris,29:26,D'Angelo Russell,28:45,Spencer Dinwiddie,24:36,Quincy Acy,22:33,Timofey Mozgov,4:53
1,1.000,1,50.000,1,,124,0,2,100.0,1,.500,0.0,0.0,1.0,2,0,,0,0.000,Logos via Sports Logos.net / About logos,W,https://www.basketball-reference.com/boxscores/201804070CHI.html,Away,96,8:27,0,0.0,CHI,Cristiano Felício,,,,,,,,,,,,,35:02,Justin Holiday,32:25,Bobby Portis,30:46,David Nwaba,30:23,Jerian Grant,28:23,Cameron Payne,25:48,Ryan Arcidiacono,22:12,Sean Kilpatrick,22:03,Ömer Aşık,12:58,96,1,3,0.0,0.0,3.0,100.0,0.0,0.0,Nik Stauskas,28,0,2017-2018,0.0,0,2.0,BRK,124,Joe Harris,Milton Doyle,8:25,Timofey Mozgov,6:39,,,,,,,,,29:08,Spencer Dinwiddie,29:01,Caris LeVert,24:17,Quincy Acy,23:24,D'Angelo Russell,22:56,Rondae Hollis-Jefferson,22:42,Dante Cunningham,22:10,Allen Crabbe,21:46,Jarrett Allen,21:05
0,.000,3,42.857,4,,105,1,0,0.0,1,.143,1.0,25.0,4.0,7,0,,0,0.000,Logos via Sports Logos.net / About logos,W,https://www.basketball-reference.com/boxscores/201804090BRK.html,Home,114,19:21,1,100.0,CHI,David Nwaba,Ömer Aşık,14:06,,,,,,,,,,,30:29,Cristiano Felício,27:36,Sean Kilpatrick,26:06,Lauri Markkanen,25:57,Cameron Payne,24:02,Ryan Arcidiacono,23:58,Jerian Grant,23:51,Bobby Portis,22:01,Justin Holiday,21:54,105,1,2,2.0,100.0,0.0,0.0,0.0,0.0,Nik Stauskas,9,0,2017-2018,1.0,0,1.0,BRK,114,D'Angelo Russell,,,,,,,,,,,,,35:30,Spencer Dinwiddie,35:22,Allen Crabbe,33:42,Rondae Hollis-Jefferson,31:34,Jarrett Allen,28:14,Dante Cunningham,20:35,Quincy Acy,19:42,Milton Doyle,16:00,,
2,.286,7,58.333,3,0.75,97,0,4,100.0,6,.500,4.0,80.0,5.0,12,4,.571,7,58.333,Logos via Sports Logos.net / About logos,L,https://www.basketball-reference.com/boxscores/201804110BOS.html,Away,110,34:49,0,0.0,BOS,Abdel Nader,,,,,,,,,,,,,38:35,Jabari Bird,28:38,Guerschon Yabusele,28:28,Semi Ojeleye,28:28,Shane Larkin,25:37,Jonathan Gibson,24:31,Kadeem Allen,24:28,Greg Monroe,20:47,Aron Baynes,20:28,110,1,18,8.0,44.4,6.0,33.3,4.0,22.2,Nik Stauskas,13,1,2017-2018,1.0,4,4.0,BRK,97,Caris LeVert,Timofey Mozgov,9:21,,,,,,,,,,,29:01,Allen Crabbe,25:50,Milton Doyle,25:05,Quincy Acy,23:34,D'Angelo Russell,22:49,Dante Cunningham,20:12,Jarrett Allen,19:20,Rondae Hollis-Jefferson,17:59,James Webb III,12:00
5,.625,8,72.727,2,,119,0,2,100.0,7,.636,2.0,66.7,3.0,11,5,1.000,5,45.455,Logos via Sports Logos.net / About logos,W,https://www.basketball-reference.com/boxscores/201810180POR.html,Home,128,27:12,0,0.0,LAL,LeBron James,Michael Beasley,2:18,,,,,,,,,,,37:20,Rajon Rondo,31:45,Kyle Kuzma,28:54,Brandon Ingram,27:35,Josh Hart,27:28,Kentavious Caldwell-Pope,27:18,JaVale McGee,21:35,Lonzo Ball,19:28,Lance Stephenson,16:19,119,1,24,4.0,16.7,15.0,62.5,5.0,20.8,Nik Stauskas,9,1,2018-2019,1.0,0,2.0,POR,128,Damian Lillard,Meyers Leonard,8:02,,,,,,,,,,,35:24,CJ McCollum,31:01,Al-Farouq Aminu,26:58,Zach Collins,26:19,Evan Turner,21:13,Maurice Harkless,18:26,Jusuf Nurkić,17:11,Seth Curry,15:34,Jake Layman,12:40
1,.333,3,60.000,3,,108,0,1,100.0,1,.200,0.0,0.0,2.0,5,0,,0,0.000,Logos via Sports Logos.net / About logos,W,https://www.basketball-reference.com/boxscores/201810200POR.html,Home,121,20:39,0,0.0,SAS,LaMarcus Aldridge,Jakob Poeltl,13:06,Drew Eubanks,3:28,Chimezie Metu,3:28,Quincy Pondexter,3:28,,,,,36:44,DeMar DeRozan,34:22,Bryn Forbes,27:11,Rudy Gay,26:37,Patty Mills,22:09,Dāvis Bertāns,19:42,Pau Gasol,17:08,Marco Belinelli,16:31,Dante Cunningham,16:06,108,0,3,0.0,0.0,3.0,100.0,0.0,0.0,Nik Stauskas,13,1,2018-2019,1.0,0,1.0,POR,121,Damian Lillard,Meyers Leonard,9:30,Wade Baldwin,3:02,Caleb Swanigan,3:02,,,,,,,30:16,CJ McCollum,30:16,Al-Farouq Aminu,29:20,Evan Turner,24:32,Jusuf Nurkić,23:07,Maurice Harkless,20:21,Jake Layman,15:50,Zach Collins,15:23,Seth Curry,14:42
3,.500,6,60.000,3,1.50,125,1,6,75.0,5,.500,2.0,50.0,4.0,10,2,1.000,2,20.000,Logos via Sports Logos.net / About logos,L,https://www.basketball-reference.com/boxscores/201810220POR.html,Home,124,30:18,2,25.0,WAS,Otto Porter Jr.,Ian Mahinmi,4:00,,,,,,,,,,,43:31,Bradley Beal,43:05,John Wall,41:16,Kelly Oubre Jr.,39:23,Markieff Morris,25:06,Jeff Green,24:12,Austin Rivers,21:53,Jason Smith,11:42,Tomáš Satoranský,10:52,125,3,15,4.0,26.7,9.0,60.0,2.0,13.3,Nik Stauskas,1,0,2018-2019,1.0,2,8.0,POR,124,Damian Lillard,,,,,,,,,,,,,40:32,CJ McCollum,38:22,Al-Farouq Aminu,35:29,Jusuf Nurkić,31:43,Evan Turner,20:05,Zach Collins,19:16,Maurice Harkless,18:59,Seth Curry,17:52,Jake Layman,12:24
0,.000,2,33.333,1,1.00,128,0,2,100.0,2,.333,2.0,50.0,4.0,6,0,,0,0.000,Logos via Sports Logos.net / About logos,W,https://www.basketball-reference.com/boxscores/201810250ORL.html,Away,114,17:11,0,0.0,ORL,Nikola Vučević,,,,,,,,,,,,,31:27,Evan Fournier,31:23,Jonathan Isaac,30:25,Terrence Ross,29:17,Aaron Gordon,28:25,D.J. Augustin,26:55,Jerian Grant,21:05,Jonathon Simmons,20:57,Mo Bamba,20:05,114,2,4,4.0,100.0,0.0,0.0,0.0,0.0,Nik Stauskas,14,0,2018-2019,0.0,1,2.0,POR,128,Damian Lillard,Meyers Leonard,4:15,,,,,,,,,,,36:09,Al-Farouq Aminu,30:18,Jusuf Nurkić,29:43,CJ McCollum,29:01,Evan Turner,27:59,Seth Curry,21:57,Maurice Harkless,20:05,Zach Collins,17:40,Jake Layman,5:40
0,,0,0.000,0,0.00,111,0,1,50.0,2,.500,2.0,50.0,4.0,4,1,1.000,1,25.000,Logos via Sports Logos.net / About logos,L,https://www.basketball-reference.com/boxscores/201810270MIA.html,Away,120,13:22,1,50.0,MIA,Josh Richardson,,,,,,,,,,,,,36:15,Goran Dragić,35:11,Hassan Whiteside,34:25,Rodney McGruder,33:09,Kelly Olynyk,28:48,Dwyane Wade,20:49,Justise Winslow,19:12,Tyler Johnson,18:36,Bam Adebayo,13:35,120,1,5,4.0,80.0,0.0,0.0,1.0,20.0,Nik Stauskas,9,0,2018-2019,0.0,1,2.0,POR,111,Damian Lillard,Maurice Harkless,10:26,,,,,,,,,,,36:52,CJ McCollum,35:43,Evan Turner,25:12,Jusuf Nurkić,24:07,Zach Collins,23:48,Al-Farouq Aminu,20:54,Seth Curry,19:24,Meyers Leonard,17:24,Jake Layman,12:45
2,.667,3,50.000,5,2.50,103,0,3,100.0,3,.500,1.0,33.3,3.0,6,2,1.000,2,33.333,Logos via Sports Logos.net / About logos,W,https://www.basketball-reference.com/boxscores/201810290IND.html,Away,93,24:09,0,0.0,IND,Bojan Bogdanović,T.J. Leaf,4:03,,,,,,,,,,,37:18,Darren Collison,36:04,Victor Oladipo,36:00,Myles Turner,31:55,Thaddeus Young,31:15,Domantas Sabonis,23:50,Tyreke Evans,14:32,Cory Joseph,14:30,Doug McDermott,10:33,93,0,10,2.0,20.0,6.0,60.0,2.0,20.0,Nik Stauskas,10,0,2018-2019,0.0,2,3.0,POR,103,Damian Lillard,Meyers Leonard,3:16,,,,,,,,,,,32:49,CJ McCollum,32:30,Al-Farouq Aminu,28:43,Zach Collins,26:56,Evan Turner,25:44,Caleb Swanigan,18:36,Jusuf Nurkić,17:48,Seth Curry,17:21,Jake Layman,12:08
2,.333,6,60.000,0,0.00,104,0,2,66.7,3,.300,1.0,25.0,4.0,10,2,1.000,2,20.000,Logos via Sports Logos.net / About logos,W,https://www.basketball-reference.com/boxscores/201810300HOU.html,Away,85,23:42,1,33.3,HOU,Chris Paul,Isaiah Hartenstein,6:59,Zhou Qi,0:57,,,,,,,,,37:06,P.J. Tucker,34:00,Eric Gordon,31:26,Carmelo Anthony,31:10,Clint Capela,30:24,Gerald Green,25:48,Gary Clark,19:27,Michael Carter-Williams,14:35,Marquese Chriss,8:08,85,1,10,2.0,20.0,6.0,60.0,2.0,20.0,Nik Stauskas,19,0,2018-2019,0.0,1,3.0,POR,104,Damian Lillard,Anfernee Simons,0:57,,,,,,,,,,,27:36,CJ McCollum,27:36,Al-Farouq Aminu,27:36,Evan Turner,25:53,Jusuf Nurkić,24:07,Zach Collins,23:53,Seth Curry,23:19,Caleb Swanigan,20:24,Jake Layman,14:57
2,.667,3,50.000,3,,119,0,0,,4,.667,2.0,66.7,3.0,6,0,,0,0.000,Logos via Sports Logos.net / About logos,W,https://www.basketball-reference.com/boxscores/201811010POR.html,Home,132,20:52,0,,NOP,Nikola Mirotić,Solomon Hill,9:33,Kenrich Williams,3:22,,,,,,,,,35:47,Jrue Holiday,35:19,E'Twaun Moore,30:41,Tim Frazier,30:11,Julius Randle,25:57,Ian Clark,23:21,Cheick Diallo,19:54,Jahlil Okafor,14:04,Frank Jackson,11:51,119,1,10,4.0,40.0,6.0,60.0,0.0,0.0,Nik Stauskas,13,1,2018-2019,1.0,0,0.0,POR,132,Al-Farouq Aminu,Anfernee Simons,1:51,Wade Baldwin,1:51,,,,,,,,,33:11,Damian Lillard,30:59,CJ McCollum,29:47,Jusuf Nurkić,28:04,Evan Turner,26:57,Seth Curry,18:38,Zach Collins,17:17,Jake Layman,15:44,Caleb Swanigan,14:49
1,.250,4,80.000,4,4.00,114,0,0,,1,.200,0.0,0.0,1.0,5,0,,0,0.000,Logos via Sports Logos.net / About logos,L,https://www.basketball-reference.com/boxscores/201811030POR.html,Home,110,15:44,0,,LAL,Brandon Ingram,Kentavious Caldwell-Pope,15:05,,,,,,,,,,,33:03,LeBron James,31:21,Kyle Kuzma,28:35,JaVale McGee,27:04,Rajon Rondo,25:50,Josh Hart,25:18,Ivica Zubac,19:40,Lonzo Ball,18:50,Lance Stephenson,15:14,114,1,3,0.0,0.0,3.0,100.0,0.0,0.0,Nik Stauskas,4,0,2018-2019,0.0,1,0.0,POR,110,Damian Lillard,Meyers Leonard,3:12,,,,,,,,,,,35:48,CJ McCollum,35:48,Al-Farouq Aminu,32:06,Jusuf Nurkić,30:06,Evan Turner,23:43,Seth Curry,21:56,Jake Layman,18:46,Zach Collins,17:51,Caleb Swanigan,5:00
1,.333,3,75.000,0,0.00,81,0,3,75.0,1,.250,0.0,0.0,1.0,4,2,1.000,2,50.000,Logos via Sports Logos.net / About logos,W,https://www.basketball-reference.com/boxscores/201811040POR.html,Home,111,9:20,1,25.0,MIN,Andrew Wiggins,Keita Bates-Diop,12:00,Luol Deng,7:00,James Nunnally,6:12,,,,,,,30:56,Josh Okogie,29:32,Tyus Jones,26:44,Karl-Anthony Towns,25:23,C.J. Williams,23:32,Taj Gibson,22:45,Jared Terrell,21:16,Anthony Tolliver,19:03,Gorgui Dieng,15:37,81,0,5,0.0,0.0,3.0,60.0,2.0,40.0,Nik Stauskas,30,1,2018-2019,1.0,1,4.0,POR,111,Damian Lillard,Wade Baldwin,9:53,Caleb Swanigan,9:53,Gary Trent Jr.,7:00,,,,,,,28:01,CJ McCollum,28:01,Jake Layman,24:15,Al-Farouq Aminu,23:09,Jusuf Nurkić,22:42,Evan Turner,22:04,Meyers Leonard,21:49,Zach Collins,18:27,Seth Curry,15:26
0,.000,2,50.000,2,2.00,103,0,2,100.0,1,.250,1.0,50.0,2.0,4,0,,0,0.000,Logos via Sports Logos.net / About logos,W,https://www.basketball-reference.com/boxscores/201811060POR.html,Home,118,13:14,0,0.0,MIL,Giannis Antetokounmpo,Pat Connaughton,6:07,,,,,,,,,,,37:04,Khris Middleton,35:30,Eric Bledsoe,30:20,Brook Lopez,29:48,Malcolm Brogdon,26:33,Ersan İlyasova,24:08,Donte DiVincenzo,23:27,Tony Snell,16:44,John Henson,10:19,103,0,2,2.0,100.0,0.0,0.0,0.0,0.0,Nik Stauskas,15,0,2018-2019,0.0,1,2.0,POR,118,Damian Lillard,,,,,,,,,,,,,36:06,CJ McCollum,35:53,Evan Turner,31:32,Al-Farouq Aminu,31:30,Jusuf Nurkić,24:36,Zach Collins,24:10,Meyers Leonard,15:31,Jake Layman,15:21,Seth Curry,12:07
1,.200,5,62.500,2,2.00,105,1,3,100.0,3,.375,2.0,66.7,3.0,8,1,.500,2,25.000,Logos via Sports Logos.net / About logos,W,https://www.basketball-reference.com/boxscores/201811080POR.html,Home,116,17:54,0,0.0,LAC,Tobias Harris,Miloš Teodosić,4:02,,,,,,,,,,,36:46,Lou Williams,35:31,Shai Gilgeous-Alexander,35:21,Patrick Beverley,35:17,Danilo Gallinari,30:05,Montrezl Harrell,25:02,Mike Scott,19:06,Boban Marjanović,12:15,Jerome Robinson,6:35,105,3,8,4.0,50.0,3.0,37.5,1.0,12.5,Nik Stauskas,11,0,2018-2019,1.0,1,3.0,POR,116,Damian Lillard,Caleb Swanigan,7:57,,,,,,,,,,,34:57,CJ McCollum,34:57,Evan Turner,29:27,Zach Collins,26:34,Al-Farouq Aminu,26:18,Jusuf Nurkić,23:16,Jake Layman,13:42,Seth Curry,13:03,Meyers Leonard,11:55
1,.333,3,75.000,0,0.00,94,0,1,100.0,1,.250,0.0,0.0,1.0,4,0,,0,0.000,Logos via Sports Logos.net / About logos,W,https://www.basketball-reference.com/boxscores/201811110POR.html,Home,100,13:03,0,0.0,BOS,Jayson Tatum,Daniel Theis,4:44,,,,,,,,,,,34:45,Al Horford,34:26,Kyrie Irving,32:23,Gordon Hayward,31:04,Jaylen Brown,28:37,Marcus Morris,24:44,Marcus Smart,21:46,Terry Rozier,18:41,Aron Baynes,8:50,94,0,3,0.0,0.0,3.0,100.0,0.0,0.0,Nik Stauskas,6,1,2018-2019,1.0,1,1.0,POR,100,Damian Lillard,,,,,,,,,,,,,35:15,CJ McCollum,34:49,Al-Farouq Aminu,30:04,Jusuf Nurkić,27:33,Evan Turner,27:09,Zach Collins,20:09,Seth Curry,19:40,Meyers Leonard,17:56,Jake Layman,14:22
0,,0,0.000,2,2.00,117,0,1,100.0,0,.000,0.0,0.0,2.0,2,0,,0,0.000,Logos via Sports Logos.net / About logos,L,https://www.basketball-reference.com/boxscores/201811140LAL.html,Away,126,14:28,0,0.0,LAL,LeBron James,Lance Stephenson,12:45,,,,,,,,,,,36:00,Brandon Ingram,32:21,Lonzo Ball,32:06,Kyle Kuzma,25:04,JaVale McGee,23:55,Josh Hart,23:51,Tyson Chandler,20:42,Kentavious Caldwell-Pope,17:22,Rajon Rondo,15:54,126,1,0,0.0,,0.0,,0.0,,Nik Stauskas,9,1,2018-2019,1.0,1,1.0,POR,117,Damian Lillard,,,,,,,,,,,,,37:31,CJ McCollum,35:23,Jusuf Nurkić,35:02,Al-Farouq Aminu,34:26,Evan Turner,27:28,Jake Layman,23:38,Zach Collins,15:58,Meyers Leonard,8:18,Seth Curry,7:48
0,.000,1,20.000,1,0.50,96,0,2,100.0,4,.800,4.0,100.0,4.0,5,0,,0,0.000,Logos via Sports Logos.net / About logos,L,https://www.basketball-reference.com/boxscores/201811160MIN.html,Away,112,15:23,0,0.0,MIN,Andrew Wiggins,James Nunnally,0:38,Josh Okogie,0:38,,,,,,,,,37:12,Jeff Teague,37:12,Derrick Rose,33:57,Karl-Anthony Towns,33:33,Dario Šarić,27:01,Robert Covington,23:22,Taj Gibson,20:59,Gorgui Dieng,14:27,Tyus Jones,11:01,112,1,8,8.0,100.0,0.0,0.0,0.0,0.0,Nik Stauskas,16,0,2018-2019,0.0,2,2.0,POR,96,Damian Lillard,Gary Trent Jr.,5:44,Wade Baldwin,5:44,Caleb Swanigan,5:44,,,,,,,36:35,CJ McCollum,30:40,Al-Farouq Aminu,29:57,Zach Collins,23:31,Jusuf Nurkić,23:08,Evan Turner,21:07,Jake Layman,15:22,Meyers Leonard,13:40,Anfernee Simons,13:25
1,.500,2,50.000,1,0.50,119,0,1,100.0,2,.500,1.0,50.0,2.0,4,0,,0,0.000,Logos via Sports Logos.net / About logos,W,https://www.basketball-reference.com/boxscores/201811180WAS.html,Away,109,13:21,0,0.0,WAS,John Wall,Jason Smith,10:07,Dwight Howard,7:25,Thomas Bryant,4:57,,,,,,,31:16,Kelly Oubre Jr.,29:29,Austin Rivers,28:37,Otto Porter Jr.,28:15,Bradley Beal,26:26,Jeff Green,25:14,Markieff Morris,19:00,Tomáš Satoranský,18:44,Troy Brown Jr.,10:30,109,0,5,2.0,40.0,3.0,60.0,0.0,0.0,Nik Stauskas,10,0,2018-2019,0.0,2,1.0,POR,119,CJ McCollum,Wade Baldwin,2:02,,,,,,,,,,,39:10,Damian Lillard,38:03,Al-Farouq Aminu,36:20,Evan Turner,31:28,Jusuf Nurkić,31:08,Jake Layman,26:10,Zach Collins,12:57,Anfernee Simons,5:26,Meyers Leonard,3:55
2,.500,4,66.667,3,,118,0,0,0.0,3,.500,1.0,50.0,2.0,6,1,1.000,1,16.667,Logos via Sports Logos.net / About logos,W,https://www.basketball-reference.com/boxscores/201811200NYK.html,Away,114,17:41,1,100.0,NYK,Noah Vonleh,Kevin Knox,12:35,,,,,,,,,,,36:45,Tim Hardaway Jr.,36:44,Frank Ntilikina,27:32,Enes Freedom,26:37,Trey Burke,25:44,Emmanuel Mudiay,24:16,Mitchell Robinson,18:03,Mario Hezonja,17:06,Allonzo Trier,14:38,114,1,9,2.0,22.2,6.0,66.7,1.0,11.1,Nik Stauskas,4,1,2018-2019,1.0,0,1.0,POR,118,CJ McCollum,,,,,,,,,,,,,38:28,Damian Lillard,36:12,Evan Turner,33:47,Jusuf Nurkić,30:34,Al-Farouq Aminu,28:48,Meyers Leonard,17:26,Jake Layman,17:12,Zach Collins,13:10,Wade Baldwin,6:42
1,.167,6,75.000,1,1.00,100,0,2,100.0,2,.250,1.0,50.0,2.0,8,0,,0,0.000,Logos via Sports Logos.net / About logos,L,https://www.basketball-reference.com/boxscores/201811210MIL.html,Away,143,16:23,0,0.0,MIL,Giannis Antetokounmpo,Ersan İlyasova,12:24,Matthew Dellavedova,11:14,Christian Wood,10:42,Jaylen Morris,9:54,,,,,29:39,Malcolm Brogdon,24:22,Eric Bledsoe,23:50,Khris Middleton,23:32,Thon Maker,20:55,Brook Lopez,19:36,Sterling Brown,19:27,Pat Connaughton,18:58,Tony Snell,15:27,143,1,5,2.0,40.0,3.0,60.0,0.0,0.0,Nik Stauskas,43,0,2018-2019,0.0,1,2.0,POR,100,CJ McCollum,Anfernee Simons,12:00,Caleb Swanigan,10:42,Jake Layman,9:01,,,,,,,32:53,Damian Lillard,30:47,Al-Farouq Aminu,25:45,Jusuf Nurkić,21:45,Evan Turner,21:44,Zach Collins,18:16,Meyers Leonard,15:33,Maurice Harkless,13:11,Wade Baldwin,12:00
1,1.000,1,20.000,0,0.00,97,1,0,,2,.400,1.0,25.0,4.0,5,0,,0,0.000,Logos via Sports Logos.net / About logos,L,https://www.basketball-reference.com/boxscores/201811230GSW.html,Away,125,9:46,0,,GSW,Kevin Durant,Damian Jones,9:45,Jacob Evans,3:19,,,,,,,,,37:36,Klay Thompson,32:51,Quinn Cook,29:34,Andre Iguodala,25:21,Damion Lee,22:14,Jonas Jerebko,21:10,Kevon Looney,21:01,Jordan Bell,20:33,Shaun Livingston,16:36,125,0,5,2.0,40.0,3.0,60.0,0.0,0.0,Nik Stauskas,28,0,2018-2019,1.0,1,0.0,POR,97,CJ McCollum,Maurice Harkless,6:54,Wade Baldwin,3:19,Caleb Swanigan,3:19,,,,,,,36:15,Damian Lillard,34:45,Evan Turner,27:52,Jusuf Nurkić,27:38,Al-Farouq Aminu,27:18,Jake Layman,20:08,Zach Collins,18:06,Meyers Leonard,12:45,Seth Curry,11:55
0,.000,1,33.333,2,,104,0,0,,2,.667,2.0,100.0,2.0,3,0,,0,0.000,Logos via Sports Logos.net / About logos,L,https://www.basketball-reference.com/boxscores/201811250POR.html,Home,100,6:59,0,,LAC,Tobias Harris,Miloš Teodosić,6:59,,,,,,,,,,,36:21,Avery Bradley,33:33,Montrezl Harrell,31:35,Danilo Gallinari,30:43,Shai Gilgeous-Alexander,29:37,Patrick Beverley,20:36,Lou Williams,17:22,Mike Scott,17:17,Marcin Gortat,15:57,104,0,4,4.0,100.0,0.0,0.0,0.0,0.0,Nik Stauskas,4,0,2018-2019,0.0,0,0.0,POR,100,Damian Lillard,,,,,,,,,,,,,41:01,CJ McCollum,36:14,Al-Farouq Aminu,30:43,Evan Turner,26:42,Meyers Leonard,24:19,Seth Curry,22:39,Zach Collins,19:10,Maurice Harkless,16:49,Jusuf Nurkić,15:24
5,.625,8,88.889,2,0.67,112,0,1,100.0,5,.556,0.0,0.0,1.0,9,3,1.000,3,33.333,Logos via Sports Logos.net / About logos,W,https://www.basketball-reference.com/boxscores/201811280POR.html,Home,115,19:23,0,0.0,ORL,Evan Fournier,Wes Iwundu,11:31,,,,,,,,,,,35:40,Jonathan Isaac,30:11,Nikola Vučević,28:41,Terrence Ross,26:08,Jerian Grant,25:04,Jonathon Simmons,23:07,D.J. Augustin,22:56,Mo Bamba,19:06,Jarell Martin,17:36,112,1,18,0.0,0.0,15.0,83.3,3.0,16.7,Nik Stauskas,3,0,2018-2019,0.0,3,1.0,POR,115,Damian Lillard,,,,,,,,,,,,,37:22,CJ McCollum,34:47,Jusuf Nurkić,33:23,Al-Farouq Aminu,26:42,Evan Turner,26:03,Zach Collins,21:05,Meyers Leonard,14:37,Seth Curry,14:02,Maurice Harkless,12:36
0,.000,1,33.333,0,0.00,113,0,1,100.0,1,.333,1.0,50.0,2.0,3,1,1.000,1,33.333,Logos via Sports Logos.net / About logos,L,https://www.basketball-reference.com/boxscores/201811300POR.html,Home,112,9:31,0,0.0,DEN,Gary Harris,Torrey Craig,0:33,,,,,,,,,,,36:28,Paul Millsap,36:24,Jamal Murray,35:36,Nikola Jokić,32:03,Monte Morris,30:06,Juancho Hernangómez,28:35,Mason Plumlee,14:14,Malik Beasley,13:15,Trey Lyles,12:46,113,1,3,2.0,66.7,0.0,0.0,1.0,33.3,Nik Stauskas,1,0,2018-2019,0.0,1,1.0,POR,112,Damian Lillard,,,,,,,,,,,,,39:44,CJ McCollum,37:51,Al-Farouq Aminu,28:59,Jusuf Nurkić,28:51,Evan Turner,26:48,Meyers Leonard,26:14,Seth Curry,16:37,Maurice Harkless,14:02,Zach Collins,11:23
1,.333,3,100.000,0,0.00,118,0,0,,1,.333,0.0,,0.0,3,0,,0,0.000,Logos via Sports Logos.net / About logos,L,https://www.basketball-reference.com/boxscores/201812020SAS.html,Away,131,18:08,0,,SAS,DeMar DeRozan,Chimezie Metu,0:17,Quincy Pondexter,0:17,,,,,,,,,38:26,Rudy Gay,34:50,LaMarcus Aldridge,34:24,Derrick White,32:52,Dāvis Bertāns,26:42,Patty Mills,24:46,Bryn Forbes,22:57,Jakob Poeltl,13:19,Dante Cunningham,11:10,131,2,3,0.0,0.0,3.0,100.0,0.0,0.0,Nik Stauskas,13,0,2018-2019,0.0,1,0.0,POR,118,Damian Lillard,,,,,,,,,,,,,41:23,CJ McCollum,38:33,Al-Farouq Aminu,36:23,Maurice Harkless,33:37,Jusuf Nurkić,31:09,Seth Curry,16:18,Meyers Leonard,13:06,Zach Collins,11:23,,
0,.000,3,42.857,1,,102,0,2,66.7,3,.429,3.0,75.0,4.0,7,0,,0,0.000,Logos via Sports Logos.net / About logos,L,https://www.basketball-reference.com/boxscores/201812040DAL.html,Away,111,14:59,1,33.3,DAL,Harrison Barnes,Maxi Kleber,15:49,,,,,,,,,,,32:11,Luka Dončić,31:43,Wesley Matthews,31:23,DeAndre Jordan,31:04,Dennis Smith Jr.,30:38,Dorian Finney-Smith,17:15,J.J. Barea,17:11,Devin Harris,16:48,Dwight Powell,15:58,111,1,6,6.0,100.0,0.0,0.0,0.0,0.0,Nik Stauskas,9,0,2018-2019,0.0,0,3.0,POR,102,CJ McCollum,,,,,,,,,,,,,39:35,Damian Lillard,37:32,Al-Farouq Aminu,33:31,Evan Turner,29:52,Jusuf Nurkić,29:41,Maurice Harkless,22:57,Zach Collins,16:33,Seth Curry,9:17,Meyers Leonard,6:03
0,.000,4,57.143,3,1.00,86,0,1,50.0,3,.429,3.0,100.0,3.0,7,3,.750,4,57.143,Logos via Sports Logos.net / About logos,W,https://www.basketball-reference.com/boxscores/201812060POR.html,Home,108,27:38,1,50.0,PHO,Elie Okobo,Jamal Crawford,19:12,,,,,,,,,,,27:48,Deandre Ayton,27:27,Josh Jackson,25:57,De'Anthony Melton,25:44,Dragan Bender,24:43,Mikal Bridges,23:17,Trevor Ariza,23:17,Troy Daniels,22:02,Richaun Holmes,20:33,86,2,9,6.0,66.7,0.0,0.0,3.0,33.3,Nik Stauskas,22,1,2018-2019,1.0,3,2.0,POR,108,Damian Lillard,Wade Baldwin,6:53,Caleb Swanigan,6:53,Gary Trent Jr.,6:53,,,,,,,27:42,Zach Collins,26:28,Jake Layman,26:10,Al-Farouq Aminu,25:03,Jusuf Nurkić,23:17,Evan Turner,19:00,Seth Curry,17:28,Maurice Harkless,15:17,Meyers Leonard,11:18
1,.333,3,60.000,1,1.00,105,0,1,50.0,1,.200,0.0,0.0,2.0,5,1,.500,2,40.000,Logos via Sports Logos.net / About logos,W,https://www.basketball-reference.com/boxscores/201812080POR.html,Home,113,11:49,1,50.0,MIN,Derrick Rose,,,,,,,,,,,,,37:17,Andrew Wiggins,33:01,Jeff Teague,31:30,Karl-Anthony Towns,30:25,Josh Okogie,25:42,Taj Gibson,25:24,Dario Šarić,22:36,Gorgui Dieng,17:35,Tyus Jones,16:30,105,0,4,0.0,0.0,3.0,75.0,1.0,25.0,Nik Stauskas,8,0,2018-2019,0.0,1,2.0,POR,113,Damian Lillard,,,,,,,,,,,,,36:11,Al-Farouq Aminu,35:34,CJ McCollum,33:04,Jusuf Nurkić,29:03,Evan Turner,24:01,Maurice Harkless,23:38,Zach Collins,21:32,Jake Layman,15:17,Meyers Leonard,9:51
0,,0,,0,,104,0,0,,0,,0.0,,0.0,0,0,,0,,Logos via Sports Logos.net / About logos,L,https://www.basketball-reference.com/boxscores/201812110HOU.html,Away,111,5:23,0,,HOU,Eric Gordon,,,,,,,,,,,,,38:41,Chris Paul,33:37,James Harden,32:28,P.J. Tucker,29:10,Clint Capela,27:10,Gerald Green,21:11,Nenê,20:50,Danuel House Jr.,18:50,James Ennis III,18:03,111,0,0,0.0,,0.0,,0.0,,Nik Stauskas,7,0,2018-2019,0.0,0,0.0,POR,104,CJ McCollum,Jake Layman,4:10,,,,,,,,,,,39:16,Damian Lillard,38:36,Al-Farouq Aminu,37:02,Jusuf Nurkić,31:32,Maurice Harkless,31:19,Evan Turner,18:43,Seth Curry,17:31,Zach Collins,11:55,Meyers Leonard,4:33
1,.500,2,33.333,2,2.00,83,1,2,100.0,3,.500,2.0,50.0,4.0,6,0,,0,0.000,Logos via Sports Logos.net / About logos,L,https://www.basketball-reference.com/boxscores/201812120MEM.html,Away,92,20:46,0,0.0,MEM,Mike Conley,Joakim Noah,13:07,Omri Casspi,6:56,,,,,,,,,32:01,Jaren Jackson Jr.,30:38,Garrett Temple,30:22,Marc Gasol,27:51,Kyle Anderson,25:07,JaMychal Green,23:22,MarShon Brooks,17:38,Wayne Selden,16:59,Shelvin Mack,15:59,92,1,7,4.0,57.1,3.0,42.9,0.0,0.0,Nik Stauskas,9,1,2018-2019,2.0,1,2.0,POR,83,CJ McCollum,,,,,,,,,,,,,39:27,Damian Lillard,38:07,Al-Farouq Aminu,34:30,Evan Turner,31:38,Jusuf Nurkić,29:57,Zach Collins,14:58,Jake Layman,14:16,Meyers Leonard,9:32,Caleb Swanigan,6:49
1,.200,5,55.556,2,1.00,122,0,2,100.0,4,.444,3.0,75.0,4.0,9,4,1.000,4,44.444,Logos via Sports Logos.net / About logos,W,https://www.basketball-reference.com/boxscores/201812140POR.html,Home,128,19:54,0,0.0,TOR,Kawhi Leonard,,,,,,,,,,,,,37:54,Fred VanVleet,37:52,Danny Green,35:57,Serge Ibaka,35:20,Pascal Siakam,24:40,C.J. Miles,19:38,OG Anunoby,18:34,Delon Wright,17:25,Greg Monroe,12:40,122,0,13,6.0,46.2,3.0,23.1,4.0,30.8,Nik Stauskas,6,0,2018-2019,0.0,2,2.0,POR,128,Damian Lillard,,,,,,,,,,,,,29:29,CJ McCollum,28:06,Al-Farouq Aminu,26:55,Maurice Harkless,26:55,Jusuf Nurkić,26:35,Evan Turner,21:25,Zach Collins,21:05,Meyers Leonard,21:05,Seth Curry,18:31
0,.000,1,16.667,1,1.00,131,0,2,100.0,3,.500,3.0,60.0,5.0,6,0,,0,0.000,Logos via Sports Logos.net / About logos,W,https://www.basketball-reference.com/boxscores/201812170LAC.html,Away,127,14:37,0,0.0,LAC,Shai Gilgeous-Alexander,Boban Marjanović,5:08,Sindarius Thornwell,0:03,,,,,,,,,37:49,Tobias Harris,35:22,Danilo Gallinari,33:42,Patrick Beverley,30:54,Avery Bradley,30:02,Montrezl Harrell,27:05,Tyrone Wallace,17:58,Mike Scott,12:06,Marcin Gortat,9:51,127,2,6,6.0,100.0,0.0,0.0,0.0,0.0,Nik Stauskas,4,0,2018-2019,0.0,1,2.0,POR,131,Damian Lillard,,,,,,,,,,,,,35:30,CJ McCollum,34:18,Al-Farouq Aminu,33:11,Maurice Harkless,29:34,Jusuf Nurkić,28:47,Evan Turner,22:30,Zach Collins,16:37,Seth Curry,13:31,Meyers Leonard,11:25
0,.000,2,40.000,0,0.00,92,0,2,100.0,3,.600,3.0,100.0,3.0,5,2,1.000,2,40.000,Logos via Sports Logos.net / About logos,W,https://www.basketball-reference.com/boxscores/201812190POR.html,Home,99,14:38,0,0.0,MEM,Mike Conley,Wayne Selden,8:31,,,,,,,,,,,37:11,Marc Gasol,36:10,Kyle Anderson,35:25,Jaren Jackson Jr.,29:04,Garrett Temple,28:57,Shelvin Mack,22:19,JaMychal Green,20:49,Jevon Carter,11:37,Ivan Rabb,9:57,92,0,8,6.0,75.0,0.0,0.0,2.0,25.0,Nik Stauskas,7,1,2018-2019,1.0,1,2.0,POR,99,Damian Lillard,,,,,,,,,,,,,33:22,CJ McCollum,29:33,Meyers Leonard,26:34,Zach Collins,26:03,Evan Turner,26:03,Maurice Harkless,21:57,Al-Farouq Aminu,21:57,Jusuf Nurkić,21:26,Seth Curry,18:27
0,.000,1,16.667,1,,120,0,2,66.7,2,.333,2.0,40.0,5.0,6,0,,0,0.000,Logos via Sports Logos.net / About logos,L,https://www.basketball-reference.com/boxscores/201812210POR.html,Home,90,13:58,1,33.3,UTA,Rudy Gobert,Thabo Sefolosha,9:34,Raul Neto,4:19,Georges Niang,4:18,Ekpe Udoh,4:18,,,,,29:33,Donovan Mitchell,27:56,Joe Ingles,27:48,Ricky Rubio,26:59,Kyle Korver,25:50,Jae Crowder,24:20,Derrick Favors,23:57,Dante Exum,21:01,Royce O'Neale,10:07,120,0,4,4.0,100.0,0.0,0.0,0.0,0.0,Nik Stauskas,30,1,2018-2019,1.0,0,3.0,POR,90,Damian Lillard,Wade Baldwin,5:47,Jake Layman,5:47,Caleb Swanigan,5:47,,,,,,,34:02,CJ McCollum,30:12,Jusuf Nurkić,26:40,Evan Turner,23:34,Al-Farouq Aminu,22:47,Zach Collins,21:20,Maurice Harkless,18:39,Seth Curry,15:54,Meyers Leonard,15:33
0,.000,2,66.667,3,3.00,118,0,2,100.0,1,.333,1.0,100.0,1.0,3,0,,0,0.000,Logos via Sports Logos.net / About logos,W,https://www.basketball-reference.com/boxscores/201812230POR.html,Home,121,13:42,0,0.0,DAL,Harrison Barnes,Maxi Kleber,17:34,,,,,,,,,,,35:26,Luka Dončić,35:26,Wesley Matthews,34:46,DeAndre Jordan,34:21,Jalen Brunson,32:45,J.J. Barea,20:15,Dwight Powell,18:41,Devin Harris,18:12,Dorian Finney-Smith,17:34,118,0,2,2.0,100.0,0.0,0.0,0.0,0.0,Nik Stauskas,3,0,2018-2019,0.0,1,2.0,POR,121,Damian Lillard,,,,,,,,,,,,,39:25,Al-Farouq Aminu,35:42,CJ McCollum,34:02,Jusuf Nurkić,29:00,Maurice Harkless,26:17,Evan Turner,24:13,Meyers Leonard,23:08,Seth Curry,21:42,Zach Collins,17:49
0,.000,2,66.667,2,,96,0,2,100.0,0,.000,0.0,0.0,1.0,3,0,,0,0.000,Logos via Sports Logos.net / About logos,L,https://www.basketball-reference.com/boxscores/201812250UTA.html,Away,117,12:01,0,0.0,UTA,Rudy Gobert,Thabo Sefolosha,8:13,Ekpe Udoh,5:51,Raul Neto,2:04,Georges Niang,2:04,,,,,33:05,Joe Ingles,32:51,Donovan Mitchell,31:09,Ricky Rubio,30:52,Jae Crowder,27:54,Kyle Korver,21:01,Derrick Favors,18:53,Dante Exum,17:08,Royce O'Neale,8:55,117,0,0,0.0,,0.0,,0.0,,Nik Stauskas,21,0,2018-2019,0.0,0,2.0,POR,96,Damian Lillard,Wade Baldwin,2:40,Jake Layman,2:40,Caleb Swanigan,2:40,,,,,,,34:18,CJ McCollum,33:44,Al-Farouq Aminu,32:46,Jusuf Nurkić,25:52,Maurice Harkless,24:43,Meyers Leonard,19:28,Evan Turner,19:20,Zach Collins,15:14,Seth Curry,14:34
2,.500,4,80.000,1,,110,0,2,100.0,2,.400,0.0,0.0,1.0,5,0,,0,0.000,Logos via Sports Logos.net / About logos,W,https://www.basketball-reference.com/boxscores/201812270GSW.html,Away,109,11:41,0,0.0,GSW,Stephen Curry,Alfonzo McKinnie,2:39,Jordan Bell,0:55,,,,,,,,,41:38,Kevin Durant,41:35,Draymond Green,40:49,Klay Thompson,39:02,Andre Iguodala,27:54,Kevon Looney,27:34,Jonas Jerebko,24:46,Shaun Livingston,15:29,Quinn Cook,2:39,109,0,6,0.0,0.0,6.0,100.0,0.0,0.0,Nik Stauskas,1,1,2018-2019,1.0,0,2.0,POR,110,Damian Lillard,,,,,,,,,,,,,41:19,CJ McCollum,39:20,Al-Farouq Aminu,35:17,Jusuf Nurkić,35:15,Maurice Harkless,31:01,Evan Turner,18:29,Seth Curry,17:54,Meyers Leonard,17:40,Zach Collins,17:04
1,.333,3,100.000,0,0.00,115,0,4,100.0,1,.333,0.0,,0.0,3,0,,0,0.000,Logos via Sports Logos.net / About logos,L,https://www.basketball-reference.com/boxscores/201812290POR.html,Home,105,10:49,0,0.0,GSW,Stephen Curry,Quinn Cook,11:54,Jordan Bell,6:37,Jacob Evans,1:17,,,,,,,36:11,Kevin Durant,33:56,Draymond Green,33:53,Klay Thompson,33:35,Kevon Looney,25:13,Jonas Jerebko,17:08,Shaun Livingston,14:28,Alfonzo McKinnie,13:26,Andre Iguodala,12:22,115,0,3,0.0,0.0,3.0,100.0,0.0,0.0,Nik Stauskas,10,0,2018-2019,0.0,1,4.0,POR,105,Damian Lillard,Wade Baldwin,1:49,Jake Layman,1:49,Caleb Swanigan,1:49,,,,,,,38:43,Maurice Harkless,37:16,CJ McCollum,35:14,Jusuf Nurkić,32:18,Al-Farouq Aminu,26:49,Evan Turner,17:50,Seth Curry,15:49,Meyers Leonard,13:53,Zach Collins,5:52
2,1.000,2,40.000,0,0.00,95,0,1,100.0,2,.400,0.0,0.0,3.0,5,0,,0,0.000,Logos via Sports Logos.net / About logos,W,https://www.basketball-reference.com/boxscores/201812300POR.html,Home,129,13:50,0,0.0,PHI,T.J. McConnell,Amir Johnson,12:33,Demetrius Jackson,10:14,,,,,,,,,26:31,Jonah Bolden,26:21,Jimmy Butler,26:07,Ben Simmons,24:36,Mike Muscala,24:19,JJ Redick,23:34,Landry Shamet,22:57,Furkan Korkmaz,21:42,Wilson Chandler,21:06,95,0,6,0.0,0.0,6.0,100.0,0.0,0.0,Nik Stauskas,34,0,2018-2019,0.0,2,1.0,POR,129,CJ McCollum,Wade Baldwin,10:14,Caleb Swanigan,10:14,Anfernee Simons,10:14,,,,,,,27:50,Damian Lillard,27:11,Zach Collins,25:40,Evan Turner,23:03,Al-Farouq Aminu,22:20,Jusuf Nurkić,21:03,Seth Curry,19:34,Meyers Leonard,16:43,Jake Layman,12:04
0,.000,2,100.000,1,1.00,113,0,0,,0,.000,0.0,,0.0,2,0,,0,0.000,Logos via Sports Logos.net / About logos,W,https://www.basketball-reference.com/boxscores/201901010SAC.html,Away,108,9:18,0,,SAC,Buddy Hield,Kosta Koufos,7:42,,,,,,,,,,,39:02,De'Aaron Fox,37:49,Nemanja Bjelica,35:57,Bogdan Bogdanović,35:33,Willie Cauley-Stein,32:34,Iman Shumpert,24:36,Justin Jackson,23:58,Yogi Ferrell,14:33,Harry Giles,13:16,108,2,0,0.0,,0.0,,0.0,,Nik Stauskas,5,0,2018-2019,0.0,1,0.0,POR,113,Damian Lillard,,,,,,,,,,,,,41:54,CJ McCollum,38:40,Jusuf Nurkić,37:33,Al-Farouq Aminu,37:33,Maurice Harkless,33:17,Seth Curry,21:58,Meyers Leonard,15:27,Zach Collins,15:00,Evan Turner,14:20
2,.667,3,75.000,3,,112,0,3,100.0,3,.750,1.0,100.0,1.0,4,0,,0,0.000,Logos via Sports Logos.net / About logos,W,https://www.basketball-reference.com/boxscores/201901090POR.html,Home,124,15:31,0,0.0,CHI,Zach LaVine,Robin Lopez,6:38,Wayne Selden,4:34,Cristiano Felício,4:34,,,,,,,33:24,Lauri Markkanen,32:29,Chandler Hutchison,30:24,Kris Dunn,29:43,Wendell Carter Jr.,28:34,Antonio Blakeney,19:53,Bobby Portis,18:56,Ryan Arcidiacono,16:00,Shaquille Harrison,14:51,112,0,8,2.0,25.0,6.0,75.0,0.0,0.0,Nik Stauskas,12,0,2018-2019,0.0,0,3.0,POR,124,Damian Lillard,Anfernee Simons,3:01,Gary Trent Jr.,3:01,,,,,,,,,33:23,CJ McCollum,30:47,Al-Farouq Aminu,27:05,Zach Collins,26:24,Seth Curry,23:29,Evan Turner,20:49,Jusuf Nurkić,20:33,Meyers Leonard,18:57,Jake Layman,17:00
1,.333,3,42.857,3,3.00,96,0,5,100.0,5,.714,4.0,100.0,4.0,7,2,.667,3,42.857,Logos via Sports Logos.net / About logos,W,https://www.basketball-reference.com/boxscores/201901110POR.html,Home,127,19:16,0,0.0,CHO,Kemba Walker,Tony Parker,11:44,Dwayne Bacon,7:47,Frank Kaminsky,7:47,Devonte' Graham,6:55,,,,,31:50,Jeremy Lamb,27:08,Nicolas Batum,23:48,Miles Bridges,23:25,Marvin Williams,23:22,Malik Monk,23:11,Bismack Biyombo,22:21,Michael Kidd-Gilchrist,17:37,Willy Hernangómez,13:05,96,1,13,8.0,61.5,3.0,23.1,2.0,15.4,Nik Stauskas,31,1,2018-2019,1.0,1,5.0,POR,127,Jusuf Nurkić,Gary Trent Jr.,6:55,Anfernee Simons,6:55,,,,,,,,,30:27,CJ McCollum,28:44,Damian Lillard,28:44,Al-Farouq Aminu,28:44,Jake Layman,26:47,Evan Turner,21:13,Zach Collins,19:16,Seth Curry,12:21,Meyers Leonard,10:38
1,1.000,1,33.333,1,,113,0,1,100.0,1,.333,0.0,0.0,2.0,3,0,,0,0.000,Logos via Sports Logos.net / About logos,L,https://www.basketball-reference.com/boxscores/201901130DEN.html,Away,116,7:49,0,0.0,DEN,Malik Beasley,Tyler Lydon,6:03,,,,,,,,,,,37:19,Nikola Jokić,36:43,Jamal Murray,33:25,Paul Millsap,27:25,Monte Morris,27:20,Torrey Craig,24:41,Mason Plumlee,20:41,Will Barton,14:08,Juancho Hernangómez,12:15,116,0,3,0.0,0.0,3.0,100.0,0.0,0.0,Nik Stauskas,3,0,2018-2019,0.0,0,1.0,POR,113,Damian Lillard,,,,,,,,,,,,,38:00,CJ McCollum,37:13,Al-Farouq Aminu,34:17,Evan Turner,27:47,Jusuf Nurkić,25:22,Seth Curry,19:09,Jake Layman,18:21,Meyers Leonard,17:56,Zach Collins,14:06
0,.000,3,75.000,0,,107,0,1,100.0,1,.250,1.0,100.0,1.0,4,0,,0,0.000,Logos via Sports Logos.net / About logos,L,https://www.basketball-reference.com/boxscores/201901140SAC.html,Away,115,7:09,0,0.0,SAC,De'Aaron Fox,Justin Jackson,15:58,,,,,,,,,,,31:33,Bogdan Bogdanović,31:26,Willie Cauley-Stein,29:21,Buddy Hield,28:09,Iman Shumpert,23:52,Marvin Bagley III,23:36,Nemanja Bjelica,21:04,Harry Giles,18:39,Yogi Ferrell,16:22,115,1,2,2.0,100.0,0.0,0.0,0.0,0.0,Nik Stauskas,8,0,2018-2019,0.0,0,1.0,POR,107,Damian Lillard,,,,,,,,,,,,,36:54,CJ McCollum,30:13,Jusuf Nurkić,28:54,Evan Turner,26:43,Al-Farouq Aminu,26:11,Jake Layman,22:27,Zach Collins,21:38,Seth Curry,20:45,Meyers Leonard,19:06
1,.250,4,57.143,0,,112,0,1,100.0,2,.286,1.0,33.3,3.0,7,0,,0,0.000,Logos via Sports Logos.net / About logos,W,https://www.basketball-reference.com/boxscores/201901160POR.html,Home,129,15:34,0,0.0,CLE,Collin Sexton,Cedi Osman,16:06,,,,,,,,,,,30:15,Jordan Clarkson,29:10,Jaron Blossomgame,28:33,Ante Žižić,26:32,Rodney Hood,24:30,Alec Burks,23:46,Tristan Thompson,21:28,Cameron Payne,20:38,Matthew Dellavedova,19:02,112,0,5,2.0,40.0,3.0,60.0,0.0,0.0,Nik Stauskas,17,1,2018-2019,1.0,0,1.0,POR,129,Damian Lillard,Anfernee Simons,2:13,Gary Trent Jr.,2:13,,,,,,,,,32:00,CJ McCollum,29:22,Al-Farouq Aminu,28:20,Jusuf Nurkić,28:20,Jake Layman,25:56,Evan Turner,21:14,Meyers Leonard,19:40,Seth Curry,18:07,Zach Collins,17:01
0,,0,0.000,0,0.00,111,0,0,,0,.000,0.0,0.0,1.0,1,0,,0,0.000,Logos via Sports Logos.net / About logos,W,https://www.basketball-reference.com/boxscores/201901260POR.html,Home,120,4:39,0,,ATL,Taurean Prince,Alex Len,13:44,Tyler Dorsey,9:09,,,,,,,,,35:40,Trae Young,31:58,John Collins,28:46,DeAndre' Bembry,26:04,Dewayne Dedmon,23:18,Kevin Huerter,21:08,Jeremy Lin,20:35,Omari Spellman,15:03,Vince Carter,14:35,111,0,0,0.0,,0.0,,0.0,,Nik Stauskas,9,0,2018-2019,0.0,1,0.0,POR,120,CJ McCollum,Wade Baldwin,8:25,,,,,,,,,,,37:06,Jusuf Nurkić,33:58,Seth Curry,31:49,Maurice Harkless,31:10,Al-Farouq Aminu,30:52,Jake Layman,25:26,Zach Collins,15:07,Evan Turner,12:05,Meyers Leonard,9:23
1,.143,7,77.778,1,0.50,104,1,4,80.0,1,.111,0.0,0.0,2.0,9,0,,0,0.000,Logos via Sports Logos.net / About logos,W,https://www.basketball-reference.com/boxscores/201902110CLE.html,Home,107,20:02,1,20.0,NYK,Kevin Knox,Luke Kornet,12:00,John Jenkins,9:04,,,,,,,,,35:47,Kadeem Allen,32:13,Dennis Smith Jr.,31:20,DeAndre Jordan,24:19,Mitchell Robinson,23:41,Damyean Dotson,22:20,Noah Vonleh,16:59,Allonzo Trier,16:33,Mario Hezonja,15:44,104,2,3,0.0,0.0,3.0,100.0,0.0,0.0,Nik Stauskas,3,0,2018-2019,1.0,2,5.0,CLE,107,Collin Sexton,Channing Frye,0:55,,,,,,,,,,,38:40,Larry Nance Jr.,34:24,David Nwaba,32:44,Jordan Clarkson,27:59,Matthew Dellavedova,26:32,Marquese Chriss,22:26,Brandon Knight,16:14,Kevin Love,15:43,Deng Adel,4:21
1,.500,2,50.000,0,,148,0,0,,2,.500,1.0,50.0,2.0,4,2,1.000,2,50.000,Logos via Sports Logos.net / About logos,L,https://www.basketball-reference.com/boxscores/201902130CLE.html,Home,139,23:25,0,,BRK,Joe Harris,,,,,,,,,,,,,48:22,DeMarre Carroll,45:50,D'Angelo Russell,42:41,Jarrett Allen,41:47,Allen Crabbe,33:12,Caris LeVert,30:30,Rondae Hollis-Jefferson,29:09,Shabazz Napier,22:25,Ed Davis,21:04,148,3,7,2.0,28.6,3.0,42.9,2.0,28.6,Nik Stauskas,9,1,2018-2019,1.0,0,0.0,CLE,139,Jordan Clarkson,Deng Adel,0:10,,,,,,,,,,,47:32,Collin Sexton,45:09,Matthew Dellavedova,40:02,Larry Nance Jr.,32:46,Ante Žižić,30:07,Marquese Chriss,27:43,David Nwaba,27:39,Cedi Osman,24:59,Brandon Knight,15:28
0,.000,1,50.000,0,,107,0,1,100.0,0,.000,0.0,0.0,1.0,2,0,,0,0.000,Logos via Sports Logos.net / About logos,W,https://www.basketball-reference.com/boxscores/201902230CLE.html,Home,112,5:05,0,0.0,MEM,Delon Wright,Chandler Parsons,17:34,,,,,,,,,,,32:28,Mike Conley,30:03,Jonas Valančiūnas,29:38,Justin Holiday,26:07,Joakim Noah,23:34,Ivan Rabb,23:12,Bruno Caboclo,19:25,C.J. Miles,19:05,Avery Bradley,18:54,107,0,0,0.0,,0.0,,0.0,,Nik Stauskas,5,0,2018-2019,0.0,0,1.0,CLE,112,Cedi Osman,Marquese Chriss,11:20,,,,,,,,,,,32:24,Collin Sexton,32:21,Ante Žižić,29:40,Kevin Love,25:56,Matthew Dellavedova,23:15,Larry Nance Jr.,23:01,Jordan Clarkson,21:47,Brandon Knight,18:37,David Nwaba,16:34
1,1.000,1,50.000,0,,123,0,0,,1,.500,0.0,0.0,1.0,2,0,,0,0.000,Logos via Sports Logos.net / About logos,L,https://www.basketball-reference.com/boxscores/201902250CLE.html,Home,110,4:52,0,,POR,Damian Lillard,Zach Collins,13:02,,,,,,,,,,,37:20,CJ McCollum,35:54,Al-Farouq Aminu,29:28,Jusuf Nurkić,29:10,Maurice Harkless,26:04,Enes Freedom,18:50,Rodney Hood,18:00,Jake Layman,16:25,Seth Curry,15:47,123,0,3,0.0,0.0,3.0,100.0,0.0,0.0,Nik Stauskas,13,0,2018-2019,0.0,0,0.0,CLE,110,Cedi Osman,Marquese Chriss,14:32,,,,,,,,,,,32:10,Collin Sexton,31:30,Jordan Clarkson,28:29,Kevin Love,28:00,Larry Nance Jr.,27:41,Ante Žižić,21:47,Brandon Knight,19:31,Matthew Dellavedova,16:30,David Nwaba,14:58
0,.000,1,100.000,0,,125,0,1,50.0,0,.000,0.0,,0.0,1,0,,0,0.000,Logos via Sports Logos.net / About logos,W,https://www.basketball-reference.com/boxscores/201902280NYK.html,Away,118,6:43,1,50.0,NYK,Allonzo Trier,John Jenkins,9:13,,,,,,,,,,,32:00,Damyean Dotson,29:24,Dennis Smith Jr.,28:55,Mitchell Robinson,28:24,Henry Ellenson,26:50,Emmanuel Mudiay,22:22,Noah Vonleh,22:11,Kevin Knox,22:06,Lance Thomas,18:35,118,0,0,0.0,,0.0,,0.0,,Nik Stauskas,7,0,2018-2019,0.0,0,2.0,CLE,125,Collin Sexton,Marquese Chriss,12:58,,,,,,,,,,,31:32,Cedi Osman,31:32,Jordan Clarkson,28:57,Kevin Love,28:21,Ante Žižić,26:28,Larry Nance Jr.,19:28,Brandon Knight,19:03,David Nwaba,18:29,Matthew Dellavedova,16:29
0,.000,1,20.000,0,,129,0,2,66.7,2,.400,2.0,50.0,4.0,5,4,1.000,4,80.000,Logos via Sports Logos.net / About logos,L,https://www.basketball-reference.com/boxscores/201903020CLE.html,Home,93,16:58,1,33.3,DET,Bruce Brown,Glenn Robinson III,14:29,Zaza Pachulia,9:13,Svi Mykhailiuk,4:46,Khyri Thomas,4:46,,,,,27:00,Blake Griffin,26:24,Andre Drummond,25:33,Luke Kennard,22:02,Ish Smith,22:02,Reggie Jackson,21:12,Wayne Ellington,21:12,Langston Galloway,21:00,Thon Maker,20:21,129,0,8,4.0,50.0,0.0,0.0,4.0,50.0,Nik Stauskas,36,0,2018-2019,0.0,0,3.0,CLE,93,Collin Sexton,,,,,,,,,,,,,35:09,Cedi Osman,32:06,David Nwaba,27:48,Larry Nance Jr.,25:59,Jordan Clarkson,23:12,Marquese Chriss,20:41,Channing Frye,20:28,Brandon Knight,20:02,Matthew Dellavedova,17:37
1,.500,2,40.000,0,,93,0,3,100.0,2,.400,1.0,33.3,3.0,5,2,1.000,2,40.000,Logos via Sports Logos.net / About logos,W,https://www.basketball-reference.com/boxscores/201903030CLE.html,Home,107,13:55,0,0.0,ORL,Aaron Gordon,,,,,,,,,,,,,41:04,Nikola Vučević,35:45,Evan Fournier,35:02,D.J. Augustin,29:16,Terrence Ross,29:12,Jonathan Isaac,25:13,Isaiah Briscoe,18:44,Wes Iwundu,13:29,Khem Birch,12:15,93,1,7,2.0,28.6,3.0,42.9,2.0,28.6,Nik Stauskas,14,0,2018-2019,0.0,0,3.0,CLE,107,Cedi Osman,,,,,,,,,,,,,34:05,Larry Nance Jr.,32:00,Collin Sexton,29:26,Kevin Love,28:46,Jordan Clarkson,26:37,David Nwaba,21:36,Matthew Dellavedova,18:58,Brandon Knight,18:39,Marquese Chriss,15:58
2,.500,4,80.000,0,0.00,107,0,2,100.0,2,.400,0.0,0.0,1.0,5,0,,0,0.000,Logos via Sports Logos.net / About logos,L,https://www.basketball-reference.com/boxscores/201903060BRK.html,Away,113,15:48,0,0.0,BRK,D'Angelo Russell,,,,,,,,,,,,,32:16,Joe Harris,32:16,Spencer Dinwiddie,30:21,Allen Crabbe,29:03,Rodions Kurucs,28:21,Jarrett Allen,26:53,Ed Davis,21:02,Caris LeVert,20:09,DeMarre Carroll,19:39,113,2,6,0.0,0.0,6.0,100.0,0.0,0.0,Nik Stauskas,6,0,2018-2019,0.0,1,2.0,CLE,107,Cedi Osman,,,,,,,,,,,,,35:01,Larry Nance Jr.,32:54,Kevin Love,31:29,Collin Sexton,30:39,Jordan Clarkson,26:06,David Nwaba,20:26,Brandon Knight,19:05,Matthew Dellavedova,17:21,Marquese Chriss,11:11
2,.500,4,66.667,1,,110,0,1,100.0,2,.333,0.0,0.0,2.0,6,2,1.000,2,33.333,Logos via Sports Logos.net / About logos,L,https://www.basketball-reference.com/boxscores/201903080MIA.html,Away,126,11:31,0,0.0,MIA,Josh Richardson,Goran Dragić,15:39,,,,,,,,,,,35:10,Justise Winslow,34:59,Kelly Olynyk,25:05,Bam Adebayo,24:47,Hassan Whiteside,23:13,Derrick Jones Jr.,22:55,Rodney McGruder,21:01,Dwyane Wade,19:49,Dion Waiters,17:22,126,0,8,0.0,0.0,6.0,75.0,2.0,25.0,Nik Stauskas,16,0,2018-2019,0.0,0,1.0,CLE,110,Cedi Osman,,,,,,,,,,,,,35:52,Collin Sexton,34:42,Kevin Love,30:38,Jordan Clarkson,28:46,Brandon Knight,25:33,David Nwaba,22:59,Marquese Chriss,18:20,Larry Nance Jr.,16:49,Ante Žižić,14:50
2,.400,5,71.429,5,,101,0,4,66.7,2,.286,0.0,0.0,2.0,7,2,1.000,2,28.571,Logos via Sports Logos.net / About logos,W,https://www.basketball-reference.com/boxscores/201903110CLE.html,Home,126,23:48,2,33.3,TOR,Kawhi Leonard,Serge Ibaka,17:25,Malcolm Miller,3:48,Chris Boucher,3:48,,,,,,,30:35,Kyle Lowry,29:34,Pascal Siakam,29:03,OG Anunoby,25:38,Marc Gasol,21:40,Jeremy Lin,20:51,Danny Green,19:48,Norman Powell,18:57,Patrick McCaw,18:53,101,3,8,0.0,0.0,6.0,75.0,2.0,25.0,Nik Stauskas,25,2,2018-2019,2.0,0,6.0,CLE,126,Collin Sexton,Deng Adel,2:11,,,,,,,,,,,36:15,Cedi Osman,35:03,Jordan Clarkson,30:46,Kevin Love,28:41,Ante Žižić,26:54,Brandon Knight,23:35,David Nwaba,16:40,Marquese Chriss,13:56,Channing Frye,2:11
2,.500,4,100.000,4,2.00,99,0,2,100.0,2,.500,0.0,,0.0,4,3,1.000,3,75.000,Logos via Sports Logos.net / About logos,L,https://www.basketball-reference.com/boxscores/201903120PHI.html,Away,106,17:22,0,0.0,PHI,Tobias Harris,,,,,,,,,,,,,39:00,Ben Simmons,37:40,JJ Redick,34:50,Joel Embiid,34:22,Mike Scott,30:29,James Ennis III,22:10,Jonathon Simmons,17:31,Boban Marjanović,13:38,T.J. McConnell,10:20,106,2,9,0.0,0.0,6.0,66.7,3.0,33.3,Nik Stauskas,7,0,2018-2019,0.0,2,2.0,CLE,99,Cedi Osman,,,,,,,,,,,,,35:39,Collin Sexton,35:24,Ante Žižić,34:10,David Nwaba,30:20,Jordan Clarkson,30:14,Brandon Knight,26:09,Deng Adel,16:52,Channing Frye,13:50,,
2,1.000,2,33.333,1,0.50,91,0,2,100.0,3,.500,1.0,25.0,4.0,6,0,,0,0.000,Logos via Sports Logos.net / About logos,L,https://www.basketball-reference.com/boxscores/201903140ORL.html,Away,120,20:13,0,0.0,ORL,Evan Fournier,Jarell Martin,4:07,Troy Caupain,2:53,Melvin Frazier,2:53,Amile Jefferson,2:53,,,,,29:22,Jonathan Isaac,28:57,Aaron Gordon,28:44,Nikola Vučević,26:52,Terrence Ross,26:06,D.J. Augustin,25:49,Jerian Grant,22:11,Wes Iwundu,20:58,Khem Birch,18:15,120,0,8,2.0,25.0,6.0,75.0,0.0,0.0,Nik Stauskas,29,1,2018-2019,1.0,2,2.0,CLE,91,Collin Sexton,,,,,,,,,,,,,38:49,Cedi Osman,34:36,Ante Žižić,29:59,Jordan Clarkson,26:45,Brandon Knight,26:21,Kevin Love,24:13,Marquese Chriss,18:01,David Nwaba,16:56,Deng Adel,4:07
1,.167,6,85.714,0,0.00,116,0,3,75.0,1,.143,0.0,0.0,1.0,7,0,,0,0.000,Logos via Sports Logos.net / About logos,L,https://www.basketball-reference.com/boxscores/201903160DAL.html,Away,121,18:20,1,25.0,DAL,Tim Hardaway Jr.,,,,,,,,,,,,,36:15,Dorian Finney-Smith,34:32,Dwight Powell,29:22,Dirk Nowitzki,29:08,Jalen Brunson,26:25,Maxi Kleber,25:08,Devin Harris,21:52,Trey Burke,21:35,Justin Jackson,15:43,121,1,3,0.0,0.0,3.0,100.0,0.0,0.0,Nik Stauskas,5,1,2018-2019,1.0,1,4.0,CLE,116,Collin Sexton,,,,,,,,,,,,,38:22,Cedi Osman,36:39,Kevin Love,32:27,Ante Žižić,30:49,Jordan Clarkson,30:25,Brandon Knight,20:18,Marquese Chriss,17:06,David Nwaba,15:34,,
2,.667,3,42.857,2,,119,0,2,100.0,5,.714,3.0,75.0,4.0,7,5,1.000,5,71.429,Logos via Sports Logos.net / About logos,W,https://www.basketball-reference.com/boxscores/201903180CLE.html,Home,126,24:19,0,0.0,DET,Andre Drummond,Zaza Pachulia,5:15,,,,,,,,,,,38:22,Thon Maker,33:16,Wayne Ellington,32:26,Langston Galloway,25:40,Ish Smith,24:03,Reggie Jackson,23:57,Luke Kennard,21:02,Glenn Robinson III,19:07,Bruce Brown,16:52,119,2,17,6.0,35.3,6.0,35.3,5.0,29.4,Nik Stauskas,7,0,2018-2019,0.0,0,2.0,CLE,126,David Nwaba,,,,,,,,,,,,,40:00,Cedi Osman,38:15,Collin Sexton,32:53,Brandon Knight,29:11,Jordan Clarkson,27:22,Ante Žižić,25:02,Marquese Chriss,19:31,Channing Frye,3:27,,
1,.333,3,75.000,1,,102,0,2,66.7,1,.250,0.0,0.0,1.0,4,2,.500,4,100.000,Logos via Sports Logos.net / About logos,W,https://www.basketball-reference.com/boxscores/201903200CLE.html,Home,107,14:48,1,33.3,MIL,Khris Middleton,,,,,,,,,,,,,37:12,Brook Lopez,36:49,Eric Bledsoe,35:15,Pat Connaughton,34:20,D.J. Wilson,29:14,Tony Snell,27:39,Ersan İlyasova,24:54,Tim Frazier,14:37,,,102,0,5,0.0,0.0,3.0,60.0,2.0,40.0,Nik Stauskas,5,0,2018-2019,0.0,0,3.0,CLE,107,Collin Sexton,Marquese Chriss,6:24,,,,,,,,,,,34:41,Jordan Clarkson,32:03,Cedi Osman,29:45,Brandon Knight,26:20,Ante Žižić,25:02,Larry Nance Jr.,23:19,Kevin Love,18:29,David Nwaba,16:56,Tristan Thompson,12:13
0,,0,0.000,0,,110,0,0,,0,.000,0.0,0.0,1.0,1,0,,0,0.000,Logos via Sports Logos.net / About logos,L,https://www.basketball-reference.com/boxscores/201903220CLE.html,Home,108,6:51,0,,LAC,Shai Gilgeous-Alexander,Wilson Chandler,9:38,Sindarius Thornwell,0:29,,,,,,,,,34:32,Danilo Gallinari,32:39,Patrick Beverley,32:24,Lou Williams,28:52,Montrezl Harrell,28:35,Landry Shamet,24:37,Ivica Zubac,17:27,JaMychal Green,17:15,Garrett Temple,13:32,110,1,0,0.0,,0.0,,0.0,,Nik Stauskas,2,0,2018-2019,0.0,0,0.0,CLE,108,Cedi Osman,Marquese Chriss,5:45,,,,,,,,,,,34:38,Jordan Clarkson,33:22,Kevin Love,32:44,Collin Sexton,30:33,Larry Nance Jr.,24:15,Brandon Knight,19:51,Tristan Thompson,19:11,David Nwaba,18:55,Ante Žižić,13:55
2,.500,4,100.000,0,,105,0,0,,2,.500,0.0,,0.0,4,0,,0,0.000,Logos via Sports Logos.net / About logos,L,https://www.basketball-reference.com/boxscores/201903240MIL.html,Away,127,13:22,0,,MIL,Khris Middleton,D.J. Wilson,16:05,Bonzie Colson,1:31,Tim Frazier,1:31,,,,,,,32:45,Giannis Antetokounmpo,31:36,Eric Bledsoe,28:13,Brook Lopez,26:49,Pat Connaughton,25:12,George Hill,21:02,Ersan İlyasova,19:59,Tony Snell,18:10,Sterling Brown,17:06,127,0,6,0.0,0.0,6.0,100.0,0.0,0.0,Nik Stauskas,22,0,2018-2019,0.0,0,0.0,CLE,105,Collin Sexton,,,,,,,,,,,,,36:40,Jordan Clarkson,34:31,Cedi Osman,33:14,Kevin Love,31:32,Larry Nance Jr.,30:06,Brandon Knight,21:42,David Nwaba,19:49,Tristan Thompson,15:26,Marquese Chriss,3:37
1,1.000,1,50.000,1,,116,1,2,100.0,2,1.000,1.0,100.0,1.0,2,0,,0,0.000,Logos via Sports Logos.net / About logos,L,https://www.basketball-reference.com/boxscores/201903260CLE.html,Home,106,11:22,0,0.0,BOS,Jayson Tatum,Guerschon Yabusele,6:19,,,,,,,,,,,33:45,Marcus Smart,33:07,Gordon Hayward,30:14,Marcus Morris,29:18,Terry Rozier,29:02,Al Horford,26:31,Aron Baynes,24:50,Jaylen Brown,17:52,Daniel Theis,9:02,116,0,5,2.0,40.0,3.0,60.0,0.0,0.0,Nik Stauskas,10,1,2018-2019,2.0,0,2.0,CLE,106,Collin Sexton,,,,,,,,,,,,,38:39,Cedi Osman,35:40,Larry Nance Jr.,31:15,Jordan Clarkson,29:54,Kevin Love,29:11,Tristan Thompson,18:09,David Nwaba,17:45,Brandon Knight,16:05,Marquese Chriss,12:00
1,.333,3,60.000,0,,110,0,3,100.0,2,.400,1.0,50.0,2.0,5,0,,0,0.000,Logos via Sports Logos.net / About logos,L,https://www.basketball-reference.com/boxscores/201903280SAS.html,Away,116,8:29,0,0.0,SAS,LaMarcus Aldridge,Dante Cunningham,4:10,Lonnie Walker IV,2:42,,,,,,,,,35:54,DeMar DeRozan,34:55,Bryn Forbes,34:39,Rudy Gay,27:29,Patty Mills,23:22,Marco Belinelli,22:41,Derrick White,19:44,Jakob Poeltl,18:43,Dāvis Bertāns,15:41,116,1,5,2.0,40.0,3.0,60.0,0.0,0.0,Nik Stauskas,6,0,2018-2019,0.0,0,3.0,CLE,110,Collin Sexton,,,,,,,,,,,,,34:51,Kevin Love,34:34,Brandon Knight,31:53,Cedi Osman,30:06,Larry Nance Jr.,27:35,Tristan Thompson,21:31,Jordan Clarkson,21:00,David Nwaba,18:38,Marquese Chriss,11:23
0,.000,2,40.000,1,,108,0,0,0.0,2,.400,2.0,66.7,3.0,5,0,,0,0.000,Logos via Sports Logos.net / About logos,L,https://www.basketball-reference.com/boxscores/201903300LAC.html,Away,132,9:15,1,100.0,LAC,Montrezl Harrell,Jerome Robinson,12:00,Tyrone Wallace,9:09,Sindarius Thornwell,3:44,Johnathan Motley,3:34,,,,,27:51,Shai Gilgeous-Alexander,27:40,Landry Shamet,27:38,Wilson Chandler,25:25,Lou Williams,23:10,Patrick Beverley,22:58,JaMychal Green,22:45,Garrett Temple,17:41,Ivica Zubac,16:25,132,0,4,4.0,100.0,0.0,0.0,0.0,0.0,Nik Stauskas,24,0,2018-2019,0.0,0,1.0,CLE,108,Collin Sexton,Deng Adel,3:34,,,,,,,,,,,39:52,Cedi Osman,33:29,Larry Nance Jr.,32:09,Brandon Knight,28:48,Tristan Thompson,25:59,David Nwaba,24:13,Jordan Clarkson,24:07,Marquese Chriss,11:46,Ante Žižić,6:48
3,1.000,3,37.500,1,1.00,113,1,1,100.0,3,.375,0.0,0.0,5.0,8,0,,0,0.000,Logos via Sports Logos.net / About logos,L,https://www.basketball-reference.com/boxscores/201904010PHO.html,Away,122,17:10,0,0.0,PHO,Mikal Bridges,Ray Spalding,4:37,,,,,,,,,,,40:34,Devin Booker,35:05,Josh Jackson,34:16,Jamal Crawford,30:12,Dragan Bender,27:27,Troy Daniels,24:40,Richaun Holmes,24:10,Elie Okobo,13:07,Jimmer Fredette,5:52,122,0,9,0.0,0.0,9.0,100.0,0.0,0.0,Nik Stauskas,9,0,2018-2019,1.0,1,1.0,CLE,113,Collin Sexton,Channing Frye,3:18,,,,,,,,,,,38:31,Cedi Osman,32:37,Jordan Clarkson,32:34,Larry Nance Jr.,30:19,Brandon Knight,25:09,Tristan Thompson,21:19,David Nwaba,15:40,Ante Žižić,13:53,Marquese Chriss,9:30
1,.500,2,66.667,0,0.00,104,0,1,100.0,1,.333,0.0,0.0,1.0,3,1,.500,2,66.667,Logos via Sports Logos.net / About logos,L,https://www.basketball-reference.com/boxscores/201904040SAC.html,Away,117,14:43,0,0.0,SAC,De'Aaron Fox,Corey Brewer,10:30,,,,,,,,,,,34:14,Harrison Barnes,31:52,Willie Cauley-Stein,30:51,Buddy Hield,29:25,Bogdan Bogdanović,27:40,Nemanja Bjelica,25:38,Marvin Bagley III,20:38,Kosta Koufos,15:26,Yogi Ferrell,13:46,117,1,4,0.0,0.0,3.0,75.0,1.0,25.0,Nik Stauskas,13,0,2018-2019,0.0,1,1.0,CLE,104,Collin Sexton,,,,,,,,,,,,,37:48,Jordan Clarkson,31:28,Ante Žižić,30:49,Larry Nance Jr.,29:37,Cedi Osman,29:20,Brandon Knight,27:56,David Nwaba,20:10,Marquese Chriss,16:27,Deng Adel,1:42
0,.000,1,25.000,1,,114,0,2,100.0,1,.250,1.0,33.3,3.0,4,2,1.000,2,50.000,Logos via Sports Logos.net / About logos,L,https://www.basketball-reference.com/boxscores/201904050GSW.html,Away,120,12:08,0,0.0,GSW,Kevin Durant,Alfonzo McKinnie,9:12,Shaun Livingston,7:17,Damion Lee,2:37,,,,,,,36:42,Klay Thompson,36:12,Stephen Curry,36:06,Draymond Green,36:06,Andrew Bogut,20:57,Jonas Jerebko,16:58,Quinn Cook,15:58,Jordan Bell,12:01,Kevon Looney,9:54,120,0,4,2.0,50.0,0.0,0.0,2.0,50.0,Nik Stauskas,6,1,2018-2019,1.0,0,2.0,CLE,114,Cedi Osman,,,,,,,,,,,,,32:47,Jordan Clarkson,32:24,Larry Nance Jr.,32:22,Collin Sexton,31:54,Brandon Knight,31:38,David Nwaba,22:56,Tristan Thompson,21:19,Ante Žižić,16:46,Marquese Chriss,5:46
1,1.000,1,33.333,0,0.00,124,0,1,100.0,1,.333,0.0,0.0,2.0,3,0,,0,0.000,Logos via Sports Logos.net / About logos,L,https://www.basketball-reference.com/boxscores/201904090CLE.html,Home,97,11:23,0,0.0,CHO,Nicolas Batum,J.P. Macura,3:02,Willy Hernangómez,3:02,,,,,,,,,31:39,Dwayne Bacon,29:09,Jeremy Lamb,27:44,Miles Bridges,27:35,Kemba Walker,27:21,Malik Monk,23:29,Frank Kaminsky,22:36,Devonte' Graham,22:19,Bismack Biyombo,22:04,124,0,3,0.0,0.0,3.0,100.0,0.0,0.0,Nik Stauskas,27,0,2018-2019,0.0,1,1.0,CLE,97,Collin Sexton,Deng Adel,4:08,,,,,,,,,,,37:42,Larry Nance Jr.,36:50,Cedi Osman,36:37,Brandon Knight,31:09,Jordan Clarkson,23:01,Ante Žižić,21:22,Marquese Chriss,15:35,David Nwaba,14:59,Channing Frye,7:14
1,.500,2,66.667,1,,120,0,2,100.0,1,.333,0.0,0.0,1.0,3,3,.750,4,133.333,Logos via Sports Logos.net / About logos,W,https://www.basketball-reference.com/boxscores/202112310HOU.html,Away,110,10:46,0,0.0,HOU,Christian Wood,Alperen Sengun,6:37,Trevelin Queen,4:21,Daishen Nix,3:50,,,,,,,34:01,Kevin Porter Jr.,30:55,Jalen Green,27:43,Eric Gordon,26:37,Jae'Sean Tate,24:47,Josh Christopher,24:38,Armoni Brooks,22:29,David Nwaba,20:11,KJ Martin,13:51,110,1,6,0.0,0.0,3.0,50.0,3.0,50.0,Nik Stauskas,10,0,2021-2022,0.0,0,2.0,MIA,120,Tyler Herro,,,,,,,,,,,,,37:36,Caleb Martin,37:32,Kyle Lowry,36:47,Jimmy Butler,35:18,Omer Yurtseven,29:20,Kyle Guy,23:33,Chris Silva,14:37,Haywood Highsmith,14:31,,
1,.500,2,40.000,0,,113,0,0,0.0,2,.400,1.0,33.3,3.0,5,0,,0,0.000,Logos via Sports Logos.net / About logos,L,https://www.basketball-reference.com/boxscores/202201020SAC.html,Away,115,12:56,1,100.0,SAC,De'Aaron Fox,Maurice Harkless,4:38,Tristan Thompson,2:02,,,,,,,,,35:20,Tyrese Haliburton,35:09,Buddy Hield,33:18,Harrison Barnes,29:54,Damian Jones,29:10,Marvin Bagley III,20:05,Davion Mitchell,18:41,Alex Len,16:48,Chimezie Metu,14:55,115,0,5,2.0,40.0,3.0,60.0,0.0,0.0,Nik Stauskas,2,0,2021-2022,0.0,0,1.0,MIA,113,Kyle Lowry,,,,,,,,,,,,,36:19,Jimmy Butler,36:04,Tyler Herro,35:04,Omer Yurtseven,34:48,Caleb Martin,33:08,Kyle Guy,23:43,Haywood Highsmith,15:15,Chris Silva,12:43,,
0,.000,1,100.000,0,,115,0,0,,0,.000,0.0,,0.0,1,0,,0,0.000,Logos via Sports Logos.net / About logos,W,https://www.basketball-reference.com/boxscores/202203090CHO.html,Away,101,1:05,0,,CHO,P.J. Washington,Nick Richards,1:05,JT Thor,1:05,,,,,,,,,41:52,Miles Bridges,39:27,Terry Rozier,38:00,Mason Plumlee,30:04,LaMelo Ball,28:28,Montrezl Harrell,16:51,Kelly Oubre Jr.,16:27,Cody Martin,15:32,Isaiah Thomas,11:08,101,0,0,0.0,,0.0,,0.0,,Nik Stauskas,14,0,2021-2022,0.0,0,0.0,BOS,115,Jayson Tatum,Sam Hauser,1:05,Luke Kornet,1:05,Kelan Martin,1:05,,,,,,,37:32,Jaylen Brown,36:18,Al Horford,34:12,Marcus Smart,31:33,Derrick White,31:31,Grant Williams,31:00,Robert Williams,19:47,Payton Pritchard,9:08,Daniel Theis,4:39
0,,0,,0,,103,0,0,,0,,0.0,,0.0,0,1,.500,2,,Logos via Sports Logos.net / About logos,W,https://www.basketball-reference.com/boxscores/202203110BOS.html,Home,114,1:41,0,,DET,Cade Cunningham,Luka Garza,1:41,,,,,,,,,,,40:52,Saddiq Bey,40:06,Jerami Grant,37:48,Marvin Bagley III,33:32,Cory Joseph,31:26,Saben Lee,17:34,Isaiah Livers,13:54,Kelly Olynyk,12:47,Jamorko Pickett,10:18,103,0,1,0.0,0.0,0.0,0.0,1.0,100.0,Nik Stauskas,11,0,2021-2022,0.0,0,0.0,BOS,114,Jayson Tatum,Malik Fitts,1:41,Sam Hauser,1:41,Kelan Martin,1:41,,,,,,,37:42,Jaylen Brown,33:39,Robert Williams,33:39,Marcus Smart,32:38,Al Horford,29:33,Derrick White,23:33,Grant Williams,18:22,Payton Pritchard,13:06,Daniel Theis,11:04
1,1.000,1,100.000,0,,110,0,0,,1,1.000,0.0,,0.0,1,0,,0,0.000,Logos via Sports Logos.net / About logos,W,https://www.basketball-reference.com/boxscores/202203160GSW.html,Away,88,2:36,0,,GSW,Jordan Poole,Stephen Curry,13:40,Moses Moody,9:18,Chris Chiozza,6:35,,,,,,,34:26,Klay Thompson,32:57,Kevon Looney,27:02,Otto Porter Jr.,24:35,Jonathan Kuminga,22:23,Draymond Green,22:17,Damion Lee,17:17,Quinndary Weatherspoon,15:06,Juan Toscano-Anderson,14:24,88,0,3,0.0,0.0,3.0,100.0,0.0,0.0,Nik Stauskas,22,0,2021-2022,0.0,0,0.0,BOS,110,Jayson Tatum,Sam Hauser,2:36,Malik Fitts,2:05,,,,,,,,,36:49,Jaylen Brown,34:51,Marcus Smart,33:36,Al Horford,31:38,Robert Williams,23:34,Derrick White,21:51,Grant Williams,20:59,Payton Pritchard,18:11,Daniel Theis,11:14
0,,0,,0,,126,0,0,,0,,0.0,,0.0,0,0,,0,,Logos via Sports Logos.net / About logos,W,https://www.basketball-reference.com/boxscores/202203180SAC.html,Away,97,1:57,0,,SAC,Justin Holiday,Josh Jackson,3:25,,,,,,,,,,,40:32,Domantas Sabonis,36:50,Davion Mitchell,35:09,Trey Lyles,31:41,Donte DiVincenzo,29:53,Harrison Barnes,24:18,Chimezie Metu,22:40,Damian Jones,11:10,Maurice Harkless,4:22,97,0,0,0.0,,0.0,,0.0,,Nik Stauskas,29,0,2021-2022,0.0,0,0.0,BOS,126,Jayson Tatum,Sam Hauser,3:25,Malik Fitts,1:57,,,,,,,,,34:09,Derrick White,30:39,Grant Williams,28:50,Jaylen Brown,28:09,Marcus Smart,27:06,Daniel Theis,22:20,Al Horford,21:46,Payton Pritchard,20:54,Robert Williams,18:48
0,.000,2,100.000,0,0.00,124,0,0,,0,.000,0.0,,0.0,2,0,,0,0.000,Logos via Sports Logos.net / About logos,W,https://www.basketball-reference.com/boxscores/202203200DEN.html,Away,104,4:23,0,,DEN,Nikola Jokić,JaMychal Green,13:32,Bryn Forbes,6:38,Markus Howard,5:00,Facundo Campazzo,4:30,,,,,33:01,Monte Morris,25:59,Will Barton,24:06,Austin Rivers,23:25,Jeff Green,22:32,Davon Reed,21:55,Aaron Gordon,21:48,Bones Hyland,20:21,DeMarcus Cousins,17:13,104,0,0,0.0,,0.0,,0.0,,Nik Stauskas,20,0,2021-2022,0.0,1,0.0,BOS,124,Jaylen Brown,Sam Hauser,4:30,Malik Fitts,1:57,Luke Kornet,1:57,,,,,,,34:11,Jayson Tatum,32:45,Marcus Smart,28:54,Grant Williams,27:20,Robert Williams,26:22,Al Horford,23:40,Derrick White,23:10,Payton Pritchard,19:06,Daniel Theis,11:45
1,.500,2,100.000,1,,97,0,0,,1,.500,0.0,,0.0,2,0,,0,0.000,Logos via Sports Logos.net / About logos,W,https://www.basketball-reference.com/boxscores/202203230BOS.html,Home,125,3:23,0,,UTA,Donovan Mitchell,Nickeil Alexander-Walker,4:47,Jared Butler,4:47,Juancho Hernangómez,4:47,Xavier Sneed,2:42,,,,,34:42,Royce O'Neale,30:57,Rudy Gobert,30:25,Mike Conley,28:08,Jordan Clarkson,26:33,Eric Paschall,24:43,Trent Forrest,16:25,Rudy Gay,16:11,Hassan Whiteside,14:53,97,0,3,0.0,0.0,3.0,100.0,0.0,0.0,Nik Stauskas,28,0,2021-2022,0.0,0,0.0,BOS,125,Jaylen Brown,Aaron Nesmith,4:47,Sam Hauser,4:47,Luke Kornet,3:23,Brodric Thomas,3:23,,,,,32:00,Al Horford,31:13,Derrick White,30:40,Jayson Tatum,28:41,Marcus Smart,26:56,Robert Williams,24:33,Payton Pritchard,17:41,Daniel Theis,16:51,Grant Williams,11:42
0,.000,1,50.000,0,,101,0,0,,0,.000,0.0,0.0,1.0,2,0,,0,0.000,Logos via Sports Logos.net / About logos,L,https://www.basketball-reference.com/boxscores/202205010BOS.html,Home,89,1:59,0,,MIL,Giannis Antetokounmpo,Serge Ibaka,1:12,Jordan Nwora,1:12,Rayjon Tucker,1:12,Luca Vildoza,1:12,,,,,37:47,Jrue Holiday,35:36,Bobby Portis,32:28,Grayson Allen,28:51,Wesley Matthews,28:46,Brook Lopez,28:05,Jevon Carter,21:44,Pat Connaughton,20:43,Thanasis Antetokounmpo,1:12,101,0,0,0.0,,0.0,,0.0,,Nik Stauskas,12,0,2021-2022,0.0,0,0.0,BOS,89,Jayson Tatum,Malik Fitts,1:59,Sam Hauser,1:59,Luke Kornet,1:59,Aaron Nesmith,1:59,,,,,39:45,Jaylen Brown,38:00,Al Horford,36:24,Marcus Smart,32:47,Grant Williams,28:49,Robert Williams,22:24,Derrick White,16:27,Payton Pritchard,11:03,Daniel Theis,4:26
0,,0,,0,,86,0,0,,0,,0.0,,0.0,0,0,,0,,Logos via Sports Logos.net / About logos,W,https://www.basketball-reference.com/boxscores/202205030BOS.html,Home,109,1:52,0,,MIL,Jrue Holiday,Serge Ibaka,1:52,Jordan Nwora,1:52,Rayjon Tucker,1:52,Luca Vildoza,1:52,,,,,39:46,Giannis Antetokounmpo,37:44,Wesley Matthews,29:52,Grayson Allen,28:22,Bobby Portis,26:02,Brook Lopez,25:20,Pat Connaughton,25:00,Jevon Carter,18:34,Thanasis Antetokounmpo,1:52,86,0,0,0.0,,0.0,,0.0,,Nik Stauskas,23,0,2021-2022,0.0,0,0.0,BOS,109,Jayson Tatum,Luke Kornet,1:52,Aaron Nesmith,1:52,,,,,,,,,42:34,Jaylen Brown,38:13,Al Horford,37:05,Grant Williams,35:24,Derrick White,28:27,Robert Williams,25:15,Payton Pritchard,23:42,Sam Hauser,1:52,Malik Fitts,1:52
0,,0,,0,,108,0,0,,0,,0.0,,0.0,0,2,1.000,2,,Logos via Sports Logos.net / About logos,W,https://www.basketball-reference.com/boxscores/202205130MIL.html,Away,95,1:17,0,,MIL,Jrue Holiday,Thanasis Antetokounmpo,1:24,Jordan Nwora,1:24,Rayjon Tucker,1:24,Luca Vildoza,1:24,,,,,42:21,Giannis Antetokounmpo,40:49,Pat Connaughton,33:05,Bobby Portis,29:08,Wesley Matthews,27:43,Grayson Allen,22:08,Brook Lopez,19:11,George Hill,18:35,Jevon Carter,1:24,95,0,2,0.0,0.0,0.0,0.0,2.0,100.0,Nik Stauskas,13,0,2021-2022,0.0,0,0.0,BOS,108,Jayson Tatum,,,,,,,,,,,,,42:43,Jaylen Brown,40:40,Marcus Smart,40:12,Al Horford,38:13,Derrick White,29:46,Grant Williams,28:03,Daniel Theis,10:26,Payton Pritchard,7:23,Aaron Nesmith,1:17
0,,0,,1,,81,0,0,,0,,0.0,,0.0,0,0,,0,,Logos via Sports Logos.net / About logos,W,https://www.basketball-reference.com/boxscores/202205150BOS.html,Home,109,2:03,0,,MIL,Giannis Antetokounmpo,Luca Vildoza,2:03,Thanasis Antetokounmpo,2:03,Jevon Carter,2:03,Rayjon Tucker,2:03,,,,,43:09,Jrue Holiday,40:57,Brook Lopez,37:09,Pat Connaughton,32:02,Bobby Portis,21:54,Wesley Matthews,21:41,Grayson Allen,21:38,George Hill,11:15,Jordan Nwora,2:03,81,0,0,0.0,,0.0,,0.0,,Nik Stauskas,28,0,2021-2022,0.0,0,0.0,BOS,109,Al Horford,Aaron Nesmith,2:03,Luke Kornet,2:03,Juwan Morgan,0:56,,,,,,,39:39,Grant Williams,39:20,Marcus Smart,37:05,Jaylen Brown,36:46,Jayson Tatum,36:30,Derrick White,18:13,Payton Pritchard,17:01,Daniel Theis,6:18,Malik Fitts,2:03
1,.500,2,66.667,2,,127,0,1,100.0,1,.333,0.0,0.0,1.0,3,0,,0,0.000,Logos via Sports Logos.net / About logos,W,https://www.basketball-reference.com/boxscores/202205190MIA.html,Away,102,4:23,0,0.0,MIA,Jimmy Butler,Dewayne Dedmon,12:59,Omer Yurtseven,6:18,Haywood Highsmith,5:46,,,,,,,32:30,Bam Adebayo,28:43,Victor Oladipo,26:18,Max Strus,25:52,Gabe Vincent,24:14,Tyler Herro,23:40,P.J. Tucker,21:42,Caleb Martin,17:38,Duncan Robinson,14:20,102,0,3,0.0,0.0,3.0,100.0,0.0,0.0,Nik Stauskas,25,0,2021-2022,0.0,0,1.0,BOS,127,Marcus Smart,Luke Kornet,4:57,Juwan Morgan,4:57,,,,,,,,,40:18,Jaylen Brown,33:15,Al Horford,32:37,Grant Williams,32:12,Jayson Tatum,31:32,Payton Pritchard,23:07,Robert Williams,19:52,Aaron Nesmith,6:32,Daniel Theis,6:18
1,1.000,1,100.000,0,,109,0,0,,1,1.000,0.0,,0.0,1,0,,0,0.000,Logos via Sports Logos.net / About logos,L,https://www.basketball-reference.com/boxscores/202205210BOS.html,Home,103,0:24,0,,MIA,Bam Adebayo,Duncan Robinson,4:16,Dewayne Dedmon,3:27,,,,,,,,,41:30,P.J. Tucker,37:47,Max Strus,34:08,Kyle Lowry,29:00,Victor Oladipo,20:26,Tyler Herro,20:13,Jimmy Butler,19:30,Gabe Vincent,19:26,Caleb Martin,10:17,109,0,3,0.0,0.0,3.0,100.0,0.0,0.0,Nik Stauskas,6,0,2021-2022,0.0,0,0.0,BOS,103,Jaylen Brown,Luke Kornet,0:24,Juwan Morgan,0:24,Aaron Nesmith,0:24,,,,,,,41:45,Al Horford,41:45,Jayson Tatum,40:44,Grant Williams,39:01,Marcus Smart,36:39,Derrick White,14:02,Payton Pritchard,13:17,Daniel Theis,10:47,Malik Fitts,0:24
0,,0,,0,,82,0,0,,0,,0.0,,0.0,0,2,1.000,2,,Logos via Sports Logos.net / About logos,W,https://www.basketball-reference.com/boxscores/202205230BOS.html,Home,102,1:39,0,,MIA,Victor Oladipo,Dewayne Dedmon,11:25,Omer Yurtseven,5:27,Haywood Highsmith,5:27,,,,,,,30:00,Bam Adebayo,27:44,Jimmy Butler,27:28,Gabe Vincent,26:35,Caleb Martin,24:54,Duncan Robinson,23:20,Kyle Lowry,21:25,P.J. Tucker,21:18,Max Strus,14:57,82,0,2,0.0,0.0,0.0,0.0,2.0,100.0,Nik Stauskas,20,0,2021-2022,0.0,0,0.0,BOS,102,Derrick White,Malik Fitts,1:39,Juwan Morgan,1:39,,,,,,,,,40:52,Grant Williams,36:31,Jayson Tatum,33:51,Al Horford,33:04,Jaylen Brown,29:10,Payton Pritchard,24:45,Robert Williams,18:38,Aaron Nesmith,9:17,Daniel Theis,8:55
0,.000,2,100.000,0,,93,0,0,,0,.000,0.0,,0.0,2,0,,0,0.000,Logos via Sports Logos.net / About logos,W,https://www.basketball-reference.com/boxscores/202205250MIA.html,Away,80,1:32,0,,MIA,Jimmy Butler,Omer Yurtseven,1:32,Haywood Highsmith,1:32,,,,,,,,,40:21,Bam Adebayo,38:20,P.J. Tucker,31:46,Duncan Robinson,27:58,Kyle Lowry,24:40,Gabe Vincent,23:20,Max Strus,20:02,Victor Oladipo,15:16,Caleb Martin,15:13,80,0,0,0.0,,0.0,,0.0,,Nik Stauskas,13,0,2021-2022,0.0,0,0.0,BOS,93,Jayson Tatum,Luke Kornet,1:32,Juwan Morgan,1:32,Aaron Nesmith,1:32,,,,,,,44:25,Jaylen Brown,39:50,Al Horford,39:20,Derrick White,29:09,Robert Williams,26:47,Marcus Smart,23:42,Grant Williams,23:02,Payton Pritchard,6:05,Malik Fitts,1:32
0,,0,,0,,120,0,0,,0,,0.0,,0.0,0,0,,0,,Logos via Sports Logos.net / About logos,W,https://www.basketball-reference.com/boxscores/202206020GSW.html,Away,108,0:48,0,,GSW,Klay Thompson,Jonathan Kuminga,0:48,Damion Lee,0:48,Moses Moody,0:48,Juan Toscano-Anderson,0:48,,,,,38:57,Stephen Curry,38:17,Draymond Green,38:02,Andrew Wiggins,34:55,Kevon Looney,25:16,Jordan Poole,25:01,Otto Porter Jr.,23:31,Andre Iguodala,12:01,Nemanja Bjelica,0:48,108,0,0,0.0,,0.0,,0.0,,Nik Stauskas,12,0,2021-2022,0.0,0,0.0,BOS,120,Jayson Tatum,Malik Fitts,0:48,Sam Hauser,0:48,Juwan Morgan,0:48,Aaron Nesmith,0:48,,,,,41:35,Jaylen Brown,38:00,Al Horford,32:42,Derrick White,31:49,Marcus Smart,29:55,Robert Williams,24:11,Grant Williams,16:17,Payton Pritchard,15:32,Daniel Theis,5:59
1,.500,2,100.000,1,,88,0,3,100.0,1,.500,0.0,,0.0,2,0,,0,0.000,Logos via Sports Logos.net / About logos,L,https://www.basketball-reference.com/boxscores/202206050GSW.html,Away,107,3:35,0,0.0,GSW,Draymond Green,Moses Moody,6:27,Jonathan Kuminga,3:35,Damion Lee,3:35,Juan Toscano-Anderson,3:35,,,,,34:53,Stephen Curry,32:11,Andrew Wiggins,30:30,Klay Thompson,30:27,Gary Payton II,25:19,Jordan Poole,22:38,Kevon Looney,21:22,Otto Porter Jr.,14:52,Nemanja Bjelica,10:36,107,0,3,0.0,0.0,3.0,100.0,0.0,0.0,Nik Stauskas,19,0,2021-2022,0.0,0,3.0,BOS,88,Jayson Tatum,Aaron Nesmith,10:45,Sam Hauser,5:38,Malik Fitts,3:35,Luke Kornet,3:35,,,,,34:18,Derrick White,30:15,Al Horford,27:38,Jaylen Brown,27:37,Marcus Smart,25:08,Grant Williams,20:54,Payton Pritchard,18:35,Daniel Theis,14:25,Robert Williams,14:02
0,.000,1,100.000,0,,100,0,0,,0,.000,0.0,,0.0,1,0,,0,0.000,Logos via Sports Logos.net / About logos,W,https://www.basketball-reference.com/boxscores/202206080BOS.html,Home,116,2:00,0,,GSW,Andrew Wiggins,Jonathan Kuminga,2:19,Damion Lee,2:19,Moses Moody,2:19,Juan Toscano-Anderson,2:19,Andre Iguodala,2:09,,,40:22,Klay Thompson,39:02,Stephen Curry,37:08,Draymond Green,34:47,Jordan Poole,24:28,Otto Porter Jr.,21:07,Kevon Looney,16:49,Gary Payton II,11:25,Nemanja Bjelica,3:27,100,0,0,0.0,,0.0,,0.0,,Nik Stauskas,16,0,2021-2022,0.0,0,0.0,BOS,116,Jayson Tatum,Aaron Nesmith,2:02,Malik Fitts,2:00,Juwan Morgan,2:00,,,,,,,41:18,Jaylen Brown,39:40,Marcus Smart,39:23,Al Horford,30:07,Robert Williams,25:57,Derrick White,23:35,Grant Williams,20:09,Payton Pritchard,9:47,Sam Hauser,2:02
0,,0,,0,,94,0,0,,0,,0.0,,0.0,0,0,,0,,Logos via Sports Logos.net / About logos,L,https://www.basketball-reference.com/boxscores/202206130GSW.html,Away,104,1:19,0,,GSW,Andrew Wiggins,Andre Iguodala,3:56,Jonathan Kuminga,1:19,Damion Lee,1:19,Moses Moody,1:19,Juan Toscano-Anderson,1:19,,,42:32,Klay Thompson,39:37,Stephen Curry,37:08,Draymond Green,34:59,Gary Payton II,26:10,Kevon Looney,16:45,Otto Porter Jr.,14:37,Jordan Poole,14:17,Nemanja Bjelica,4:43,104,0,0,0.0,,0.0,,0.0,,Nik Stauskas,10,0,2021-2022,0.0,0,0.0,BOS,94,Jayson Tatum,Aaron Nesmith,1:19,Sam Hauser,1:19,Juwan Morgan,1:19,,,,,,,44:25,Jaylen Brown,44:03,Marcus Smart,39:43,Al Horford,32:50,Robert Williams,30:15,Derrick White,21:24,Grant Williams,16:04,Payton Pritchard,4:41,Luke Kornet,1:19
0,.000,1,100.000,0,,103,0,0,,0,.000,0.0,,0.0,1,0,,0,0.000,Logos via Sports Logos.net / About logos,L,https://www.basketball-reference.com/boxscores/202206160BOS.html,Home,90,1:03,0,,GSW,Andrew Wiggins,,,,,,,,,,,,,43:41,Draymond Green,41:49,Klay Thompson,41:19,Stephen Curry,39:56,Kevon Looney,21:40,Gary Payton II,19:46,Jordan Poole,17:46,Otto Porter Jr.,13:02,Andre Iguodala,1:01,103,0,0,0.0,,0.0,,0.0,,Nik Stauskas,13,0,2021-2022,0.0,0,0.0,BOS,90,Jaylen Brown,Luke Kornet,1:03,Aaron Nesmith,1:03,Juwan Morgan,1:01,,,,,,,44:00,Jayson Tatum,40:13,Al Horford,39:13,Marcus Smart,38:29,Robert Williams,32:37,Derrick White,16:27,Grant Williams,15:51,Payton Pritchard,7:57,Sam Hauser,1:03
